load_kg,tick,time_s,phase,direction,legal_depth,legal_depth_reached,depth_left_m,depth_right_m,worst_side_depth_m,descent_tick,reversal_tick,ascent_tick,lockout,physical_failure,physical_failure_reason,bar_y_m,bar_vx_mps,bar_vy_mps,bar_vz_mps,support_available,support_present,support_contact_count,left_foot_contact,right_foot_contact,left_foot_slip_mps,right_foot_slip_mps,ap_front_margin_m,ap_rear_margin_m,ml_left_margin_m,ml_right_margin_m,joint_limit_proximity,worst_limit_joint,saddle_attached,saddle_separation_m,saddle_initial_anchor_error_m,saddle_linear_limit_occupancy,saddle_relative_rotation_deg,saddle_is_broken,lockout_qualified,lockout_failed_predicates,lockout_reference_bar_y_m,lockout_bar_linear_speed_mps,lockout_bar_angular_speed_rad_s,lockout_max_knee_angle_rad,lockout_max_hip_angle_rad,lockout_max_local_trunk_angle_rad,lockout_height_tolerance_m,lockout_bar_speed_tolerance_mps,lockout_bar_angular_speed_tolerance_rad_s,lockout_knee_tolerance_rad,lockout_hip_tolerance_rad,lockout_trunk_tolerance_rad
170,1,0.01,SETUP,None,false,false,0.3288002,0.3288002,0.3288002,NA,NA,NA,false,false,NONE,1.413307,0.000206163444,-0.07195595,0.0201088339,true,true,8,true,true,0.000861067267,0.000692896836,0.236679345,0.0533206835,0.1793053,0.179304987,0.0620650277,right_forearm,true,0.000548171054,0,0.036770802,0.05610833,false,false,bar_linear_stillness,1.413307,0.07471323,0.0180389322,0,0,0,0.05,0.02,0.2,0.08726646,0.17453292,0.17453292
170,2,0.02,SETUP,None,false,false,0.328779638,0.328764677,0.328779638,NA,NA,NA,false,false,NONE,1.41187513,0.000124688027,-0.140362427,0.02545317,true,true,8,true,true,0.001736156,0.0011433172,0.236665383,0.05333464,0.179306343,0.179303944,0.122426011,right_forearm,true,0.000819526962,0,0.06384597,0.0123589151,false,false,bar_linear_stillness,1.41187513,0.142651632,0.020018084,0.000690533954,0.000690533954,0.000690533954,0.05,0.02,0.2,0.08726646,0.17453292,0.17453292
170,3,0.03,SETUP,None,false,false,0.328756869,0.328710735,0.328756869,NA,NA,NA,false,false,NONE,1.40982556,-0.000141179436,-0.2011938,0.0245877355,true,true,8,true,true,0.00279057957,0.00169186888,0.236628354,0.0533716753,0.179308921,0.179301366,0.178783372,right_forearm,true,0.00111498765,0,0.0915976539,0.08778866,false,false,bar_linear_stillness,1.40982556,0.2026907,0.09333699,0.002071602,0.0009765625,0.00316442479,0.05,0.02,0.2,0.08726646,0.17453292,0.17453292
170,4,0.04,SETUP,None,false,false,0.328731835,0.3286549,0.328731835,NA,NA,NA,false,false,NONE,1.4072684,-0.000411499524,-0.250770032,0.0202186033,true,true,8,true,true,0.00310367648,0.001993693,0.2365546,0.0534454361,0.179312885,0.1792974,0.231006622,right_forearm,true,0.00150775025,0,0.125426814,0.227538735,false,false,bar_linear_stillness|bar_angular_stillness,1.4072684,0.2515841,0.201568037,0.00378221087,0.001691456,0.00680097425,0.05,0.02,0.2,0.08726646,0.17453292,0.17453292
170,5,0.05,SETUP,None,false,false,0.328708768,0.32861495,0.328708768,NA,NA,NA,false,false,NONE,1.40434349,-0.000659543031,-0.2864049,0.0133158676,true,true,8,true,true,0.00265559461,0.00177709782,0.236430839,0.0535691828,0.179317638,0.179292649,0.2791637,right_forearm,true,0.00199552462,0,0.166285828,0.405102134,false,false,bar_linear_stillness|bar_angular_stillness,1.40434349,0.28671506,0.34479773,0.00625305343,0.0018269812,0.0116575714,0.05,0.02,0.2,0.08726646,0.17453292,0.17453292
170,6,0.06,SETUP,None,false,false,0.328701437,0.328610659,0.328701437,NA,NA,NA,false,false,NONE,1.401195,-0.000873902463,-0.307795644,0.00458349567,true,true,8,true,true,0.00144017756,0.00143058342,0.236247391,0.05375264,0.179322377,0.17928791,0.323446274,right_forearm,true,0.00253300485,0,0.211040542,0.6112273,false,false,bar_linear_stillness|bar_angular_stillness,1.401195,0.307831019,0.5195691,0.009186965,0.00154408091,0.01778047,0.05,0.02,0.2,0.08726646,0.17453292,0.17453292
170,7,0.07,SETUP,None,false,false,0.3287239,0.328662574,0.3287239,NA,NA,NA,false,false,NONE,1.39794862,-0.00106790708,-0.316871524,-0.00520733045,true,true,8,true,true,0.000414851937,0.000848254,0.235999882,0.0540001467,0.179326162,0.179284126,0.364123285,right_forearm,true,0.00305755,0,0.254708022,0.8323389,false,false,bar_linear_stillness|bar_angular_stillness,1.39794862,0.3169161,0.7188044,0.0126010841,0.00154408091,0.0250314251,0.05,0.02,0.2,0.08726646,0.17453292,0.17453292
170,8,0.08,SETUP,None,false,false,0.3287961,0.328784168,0.3287961,NA,NA,NA,false,false,NONE,1.39469635,-0.00124387117,-0.316976041,-0.0152737405,true,true,8,true,true,0.00131004013,0.00110553962,0.235689819,0.05431021,0.179328039,0.179282248,0.401501834,right_forearm,true,0.003510709,0,0.2924764,1.05208659,false,false,bar_linear_stillness|bar_angular_stillness,1.39469635,0.317346245,0.9328057,0.0163264647,0.003844731,0.03322504,0.05,0.02,0.2,0.08726646,0.17453292,0.17453292
170,9,0.09,SETUP,None,false,false,0.328933239,0.328983366,0.328983366,NA,NA,NA,false,false,NONE,1.39149249,-0.00139161351,-0.311893284,-0.02494773,true,true,8,true,true,0.0029528013,0.00221025385,0.235324055,0.054675974,0.179327,0.179283291,0.435938537,left_forearm,true,0.00385352829,0,0.321085632,1.25382543,false,false,bar_linear_stillness|bar_angular_stillness,1.39149249,0.312892556,1.15066385,0.0203562044,0.006974055,0.04212901,0.05,0.02,0.2,0.08726646,0.17453292,0.17453292
170,10,0.1,SETUP,None,false,false,0.329143047,0.329264879,0.329264879,NA,NA,NA,false,false,NONE,1.38835418,-0.00152747252,-0.305284739,-0.03374799,true,true,8,true,true,0.00464453269,0.003370429,0.2349138,0.0550862178,0.179322287,0.179288,0.467692554,left_forearm,true,0.00406754669,0,0.338954031,1.42189729,false,false,bar_linear_stillness|bar_angular_stillness,1.38835418,0.307148218,1.36119771,0.0245505571,0.0109619,0.051496,0.05,0.02,0.2,0.08726646,0.17453292,0.17453292
170,11,0.11,SETUP,None,false,false,0.3294313,0.32962513,0.32962513,NA,NA,NA,false,false,NONE,1.38526762,-0.00166238553,-0.300203174,-0.0414004,true,true,8,true,true,0.00609791372,0.004384448,0.234473616,0.0555263981,0.1793133,0.179296985,0.496974617,left_forearm,true,0.00415389333,0,0.346128464,1.54341578,false,false,bar_linear_stillness|bar_angular_stillness,1.38526762,0.303049,1.55419588,0.0287964251,0.0158823226,0.06108634,0.05,0.02,0.2,0.08726646,0.17453292,0.17453292
170,12,0.12,SETUP,None,false,false,0.32979697,0.330055058,0.330055058,NA,NA,NA,false,false,NONE,1.38219714,-0.00180158822,-0.298766255,-0.04782751,true,true,8,true,true,0.00718965568,0.00515390653,0.23401992,0.0559801,0.179299578,0.179310709,0.523981035,left_forearm,true,0.004130272,0,0.344046623,1.60978651,false,false,bar_linear_stillness|bar_angular_stillness,1.38219714,0.3025756,1.721483,0.0330090523,0.0215841252,0.0706746951,0.05,0.02,0.2,0.08726646,0.17453292,0.17453292
170,13,0.13,SETUP,None,false,false,0.330234826,0.3305421,0.3305421,NA,NA,NA,false,false,NONE,1.37909567,-0.00195199728,-0.302065849,-0.0531197153,true,true,8,true,true,0.007862812,0.00562315667,0.233569384,0.0564306453,0.1792808,0.179329485,0.548873246,left_forearm,true,0.004025713,0,0.335106045,1.61747718,false,false,bar_linear_stillness|bar_angular_stillness,1.37909567,0.306707174,1.85759079,0.03712918,0.0283289663,0.08009836,0.05,0.02,0.2,0.08726646,0.17453292,0.17453292
170,14,0.14,SETUP,None,false,false,0.330734432,0.331070781,0.331070781,NA,NA,NA,false,false,NONE,1.3759141,-0.0021234497,-0.310250282,-0.05748738,true,true,8,true,true,0.008113692,0.00578128546,0.233137459,0.0568625554,0.179256886,0.1793534,0.5717872,left_forearm,true,0.00387343229,0,0.322069615,1.568136,false,false,bar_linear_stillness|bar_angular_stillness,1.3759141,0.3155385,1.9600606,0.04110345,0.0364617445,0.0892333761,0.05,0.02,0.2,0.08726646,0.17453292,0.17453292
170,15,0.15,SETUP,None,false,false,0.331283331,0.33162576,0.33162576,NA,NA,NA,false,false,NONE,1.37260914,-0.002328339,-0.3227177,-0.0612067245,true,true,8,true,true,0.007989544,0.0056555667,0.2327373,0.0572627261,0.179227844,0.179382443,0.5928416,left_forearm,true,0.00370570482,0,0.307633847,1.46816182,false,false,bar_linear_stillness|bar_angular_stillness,1.37260914,0.3284789,2.02935171,0.0451663174,0.04508177,0.0980340242,0.05,0.02,0.2,0.08726646,0.17453292,0.17453292
170,16,0.16,SETUP,None,false,false,0.3318684,0.332193434,0.332193434,NA,NA,NA,false,false,NONE,1.369148,-0.002578937,-0.338377237,-0.0645679,true,true,8,true,true,0.007560148,0.005313087,0.232378751,0.057621263,0.179193825,0.179416463,0.612146556,left_forearm,true,0.003549442,0,0.294052929,1.32759881,false,false,bar_linear_stillness|bar_angular_stillness,1.369148,0.3444921,2.06840849,0.0509981439,0.05398267,0.106493726,0.05,0.02,0.2,0.08726646,0.17453292,0.17453292
170,17,0.17,SETUP,None,false,false,0.3324774,0.332763672,0.332763672,NA,NA,NA,false,false,NONE,1.3655113,-0.00288376841,-0.355911434,-0.0678244755,true,true,8,true,true,0.006960855,0.004827232,0.23206836,0.0579316542,0.179155037,0.179455251,0.6298073,left_forearm,true,0.0034237816,0,0.282928973,1.15880764,false,false,bar_linear_stillness|bar_angular_stillness,1.3655113,0.362327784,2.08197618,0.05688616,0.0630117,0.114640169,0.05,0.02,0.2,0.08726646,0.17453292,0.17453292
170,18,0.18,SETUP,None,false,false,0.333101034,0.333329737,0.333329737,NA,NA,NA,false,false,NONE,1.36169279,-0.00324599631,-0.373999149,-0.07116496,true,true,8,true,true,0.006324249,0.00431610039,0.2318094,0.05819063,0.179111689,0.1794986,0.64592886,left_forearm,true,0.00333924918,0,0.275137216,0.975110352,false,false,bar_linear_stillness|bar_angular_stillness,1.36169279,0.380723447,2.07579279,0.06278423,0.07205807,0.122533977,0.05,0.02,0.2,0.08726646,0.17453292,0.17453292
170,19,0.19,SETUP,None,false,false,0.333732128,0.333888829,0.333888829,NA,NA,NA,false,false,NONE,1.35769784,-0.003663048,-0.3914966,-0.07469199,true,true,8,true,true,0.005758915,0.00386691326,0.23160255,0.0583974719,0.179063946,0.179546341,0.660616457,left_forearm,true,0.00329845818,0,0.27088058,0.7895666,false,false,bar_linear_stillness|bar_angular_stillness,1.35769784,0.398574829,2.05579233,0.06870023,0.08106024,0.130230322,0.05,0.02,0.2,0.08726646,0.17453292,0.17453292
170,20,0.2,SETUP,None,false,false,0.3343677,0.334442139,0.334442139,NA,NA,NA,false,false,NONE,1.35354066,-0.00412742328,-0.407536864,-0.07842588,true,true,8,true,true,0.005350273,0.00354252057,0.231446758,0.0585532635,0.179011926,0.179598361,0.6739759,left_forearm,true,0.00329779671,0,0.2698348,0.6145346,false,false,bar_linear_stillness|bar_angular_stillness,1.35354066,0.4150349,2.02742124,0.07462035,0.089991875,0.137791812,0.05,0.02,0.2,0.08726646,0.17453292,0.17453292
170,21,0.21,SETUP,None,false,false,0.335006833,0.3349926,0.335006833,NA,NA,NA,false,false,NONE,1.34924138,-0.004628297,-0.421569765,-0.08232072,true,true,8,true,true,0.005125364,0.003374061,0.23134008,0.05865994,0.178955659,0.179654628,0.686112165,left_forearm,true,0.0033293427,0,0.271313637,0.4623733,false,false,bar_linear_stillness|bar_angular_stillness,1.34924138,0.429556966,1.99515581,0.0805733353,0.09885054,0.145262569,0.05,0.02,0.2,0.08726646,0.17453292,0.17453292
170,22,0.22,SETUP,None,false,false,0.335650682,0.335544169,0.335650682,NA,NA,NA,false,false,NONE,1.34482241,-0.00515394332,-0.433353722,-0.08628931,true,true,8,true,true,0.005091825,0.00336021837,0.231280446,0.0587195829,0.178895086,0.1797152,0.6971278,left_forearm,true,0.00338338618,0,0.274486,0.3477563,false,false,bar_linear_stillness|bar_angular_stillness,1.34482241,0.441891223,1.96224725,0.0865634754,0.107652158,0.152670071,0.05,0.02,0.2,0.08726646,0.17453292,0.17453292
170,23,0.23,SETUP,None,false,false,0.336301625,0.336102128,0.336301625,NA,NA,NA,false,false,NONE,1.34030652,-0.00569313,-0.442893237,-0.0902311,true,true,8,true,true,0.0052238903,0.003477821,0.23126626,0.0587337539,0.178830117,0.17978017,0.7071215,left_forearm,true,0.00344964024,0,0.278485417,0.2886806,false,false,bar_linear_stillness|bar_angular_stillness|knee_extension,1.34030652,0.452027082,1.93068945,0.09261195,0.116432361,0.160027653,0.05,0.02,0.2,0.08726646,0.17453292,0.17453292
170,24,0.24,SETUP,None,false,false,0.336962223,0.336669922,0.336962223,NA,NA,NA,false,false,NONE,1.33571458,-0.006237323,-0.4503776,-0.09405582,true,true,8,true,true,0.005479495,0.00368921855,0.231296852,0.05870317,0.1787606,0.179849684,0.7161858,left_forearm,true,0.00351915252,0,0.2825708,0.291765422,false,false,bar_linear_stillness|bar_angular_stillness|knee_extension,1.33571458,0.460136265,1.90133548,0.09872741,0.125205323,0.167330578,0.05,0.02,0.2,0.08726646,0.17453292,0.17453292
170,25,0.25,SETUP,None,false,false,0.337634981,0.337250352,0.337634981,NA,NA,NA,false,false,NONE,1.33106446,-0.00678058667,-0.456092,-0.0977018848,true,true,8,true,true,0.005803962,0.003949844,0.231372476,0.0586275458,0.1786864,0.179923892,0.724406958,left_forearm,true,0.00358561752,0,0.2862338,0.336384445,false,false,bar_linear_stillness|bar_angular_stillness|knee_extension|local_trunk_erectness,1.33106446,0.46648854,1.87417221,0.1049073,0.13399221,0.174565241,0.05,0.02,0.2,0.08726646,0.17453292,0.17453292
170,26,0.26,SETUP,None,false,false,0.338320851,0.337844551,0.338320851,NA,NA,NA,false,false,NONE,1.326371,-0.00732029276,-0.460357368,-0.1011455,true,true,8,true,true,0.006147264,0.00421867939,0.231494322,0.0585057,0.17860736,0.180002928,0.7318644,left_forearm,true,0.00364453648,0,0.289131254,0.397461027,false,false,bar_linear_stillness|bar_angular_stillness|knee_extension|local_trunk_erectness,1.326371,0.471394628,1.84860158,0.111151665,0.142793939,0.181713626,0.05,0.02,0.2,0.08726646,0.17453292,0.17453292
170,27,0.27,SETUP,None,false,false,0.339020729,0.338452637,0.339020729,NA,NA,NA,false,false,NONE,1.32164562,-0.00785625,-0.463474452,-0.10440024,true,true,8,true,true,0.006465139,0.0044616824,0.231664255,0.0583357662,0.178523347,0.180086941,0.738630235,left_forearm,true,0.003694039,0,0.2911433,0.462191015,false,false,bar_linear_stillness|bar_angular_stillness|knee_extension|local_trunk_erectness,1.32164562,0.475152284,1.82374692,0.1174503,0.151600242,0.188748881,0.05,0.02,0.2,0.08726646,0.17453292,0.17453292
170,28,0.28,SETUP,None,false,false,0.339733839,0.3390733,0.339733839,NA,NA,NA,false,false,NONE,1.31689775,-0.008389936,-0.4656847,-0.107511684,true,true,8,true,true,0.00672718929,0.00465525873,0.231884554,0.0581154674,0.178434283,0.180176,0.744769454,left_forearm,true,0.003733805,0,0.292283058,0.526030242,false,false,bar_linear_stillness|bar_angular_stillness|knee_extension|local_trunk_erectness,1.31689775,0.478007734,1.798717,0.123789184,0.1603986,0.195651561,0.05,0.02,0.2,0.08726646,0.17453292,0.17453292
170,29,0.29,SETUP,None,false,false,0.340459,0.3397045,0.340459,NA,NA,NA,false,false,NONE,1.31213462,-0.008923884,-0.467169642,-0.110543407,true,true,8,true,true,0.006919984,0.00478939665,0.232157618,0.0578423962,0.178340092,0.1802702,0.7503409,left_forearm,true,0.00376517419,0,0.292695343,0.5878224,false,false,bar_linear_stillness|bar_angular_stillness|knee_extension|local_trunk_erectness,1.31213462,0.480153054,1.77277148,0.130160689,0.169165,0.202405751,0.05,0.02,0.2,0.08726646,0.17453292,0.17453292
170,30,0.3,SETUP,None,false,false,0.34119463,0.3403443,0.34119463,NA,NA,NA,false,false,NONE,1.30736244,-0.009460947,-0.4680394,-0.113568872,true,true,8,true,true,0.007041303,0.0048662154,0.232485741,0.0575142726,0.1782407,0.180369586,0.7553973,left_forearm,true,0.00379007123,0,0.292564243,0.647415936,false,false,bar_linear_stillness|bar_angular_stillness|knee_extension|hip_extension|local_trunk_erectness,1.30736244,0.4817139,1.74542344,0.136542827,0.177878827,0.2089973,0.05,0.02,0.2,0.08726646,0.17453292,0.17453292
170,31,0.31,SETUP,None,false,false,0.3419388,0.3409906,0.3419388,NA,NA,NA,false,false,NONE,1.30258667,-0.0100033833,-0.468351841,-0.116656817,true,true,8,true,true,0.00710386364,0.00489687035,0.2328709,0.0571291223,0.178136081,0.1804742,0.759986639,left_forearm,true,0.00381029025,0,0.2920545,0.7048426,false,false,bar_linear_stillness|bar_angular_stillness|knee_extension|hip_extension|local_trunk_erectness,1.30258667,0.4827653,1.7164681,0.14293091,0.186516866,0.215416774,0.05,0.02,0.2,0.08726646,0.17453292,0.17453292
170,32,0.32,SETUP,None,false,false,0.342689753,0.341641665,0.342689753,NA,NA,NA,false,false,NONE,1.29781282,-0.0105527053,-0.468122125,-0.119864896,true,true,8,true,true,0.007121762,0.004895639,0.233314723,0.0566853061,0.178026184,0.1805841,0.7641517,left_forearm,true,0.003827618,0,0.29132,0.7599742,false,false,bar_linear_stillness|bar_angular_stillness|knee_extension|hip_extension|local_trunk_erectness,1.29781282,0.4833397,1.68595088,0.149313048,0.195052579,0.221661866,0.05,0.02,0.2,0.08726646,0.17453292,0.17453292
170,33,0.33,SETUP,None,false,false,0.343445957,0.342296064,0.343445957,NA,NA,NA,false,false,NONE,1.29304636,-0.011109747,-0.467347115,-0.123233721,true,true,8,true,true,0.007115951,0.0048791226,0.233818442,0.0561815724,0.177910984,0.1806993,0.7679318,left_forearm,true,0.00384359,0,0.2904808,0.812528551,false,false,bar_linear_stillness|bar_angular_stillness|knee_extension|hip_extension|local_trunk_erectness,1.29304636,0.48344937,1.65409911,0.155682355,0.203473151,0.227728069,0.05,0.02,0.2,0.08726646,0.17453292,0.17453292
170,34,0.34,SETUP,None,false,false,0.344205856,0.342953265,0.344205856,NA,NA,NA,false,false,NONE,1.28829277,-0.0116744274,-0.4660126,-0.12678656,true,true,8,true,true,0.007102568,0.00486094272,0.234383017,0.0556170046,0.177790433,0.180819854,0.7713624,left_forearm,true,0.003858911,0,0.289591849,0.862110734,false,false,bar_linear_stillness|bar_angular_stillness|knee_extension|hip_extension|local_trunk_erectness,1.28829277,0.483093023,1.62125361,0.1620301,0.211761922,0.233619064,0.05,0.02,0.2,0.08726646,0.17453292,0.17453292
170,35,0.35000000000000003,SETUP,None,false,false,0.344968617,0.343612731,0.344968617,NA,NA,NA,false,false,NONE,1.28355777,-0.0122461133,-0.4641082,-0.130532384,true,true,8,true,true,0.007094707,0.004851021,0.235009074,0.05499094,0.177664474,0.180945814,0.774475634,left_forearm,true,0.00387403672,0,0.288679272,0.90836525,false,false,bar_linear_stillness|bar_angular_stillness|knee_extension|hip_extension|local_trunk_erectness,1.28355777,0.482270777,1.58778524,0.1683616,0.219912186,0.239336818,0.05,0.02,0.2,0.08726646,0.17453292,0.17453292
170,36,0.36,SETUP,None,false,false,0.345733345,0.344274521,0.345733345,NA,NA,NA,false,false,NONE,1.2788471,-0.0128236571,-0.461626738,-0.13446857,true,true,8,true,true,0.007099724,0.00485422974,0.23569715,0.05430287,0.17753306,0.181077227,0.7773011,left_forearm,true,0.0038894238,0,0.287768066,0.9509652,false,false,bar_linear_stillness|bar_angular_stillness|knee_extension|hip_extension|local_trunk_erectness,1.2788471,0.480983883,1.55405307,0.174667776,0.227914751,0.244881719,0.05,0.02,0.2,0.08726646,0.17453292,0.17453292
170,37,0.37,SETUP,None,false,false,0.346499622,0.344938338,0.346499622,NA,NA,NA,false,false,NONE,1.27416646,-0.0134060252,-0.458576947,-0.138583317,true,true,8,true,true,0.007120497,0.004873711,0.236447632,0.05355239,0.177396148,0.181214139,0.7798653,left_forearm,true,0.00390470028,0,0.28682518,0.989791334,false,false,bar_linear_stillness|bar_angular_stillness|knee_extension|hip_extension|local_trunk_erectness,1.27416646,0.479247183,1.52034056,0.180952623,0.235763431,0.250259548,0.05,0.02,0.2,0.08726646,0.17453292,0.17453292
170,38,0.38,SETUP,None,false,false,0.3472665,0.345604181,0.3472665,NA,NA,NA,false,false,NONE,1.26952147,-0.0139920451,-0.45497337,-0.142863691,true,true,8,true,true,0.007156601,0.004905709,0.237260938,0.05273909,0.177253678,0.181356609,0.782193,left_forearm,true,0.003919373,0,0.2858084,1.02482033,false,false,bar_linear_stillness|bar_angular_stillness|knee_extension|hip_extension|local_trunk_erectness,1.26952147,0.4770813,1.486866,0.187206864,0.2434555,0.2554677,0.05,0.02,0.2,0.08726646,0.17453292,0.17453292
170,39,0.39,SETUP,None,false,false,0.3480339,0.346272349,0.3480339,NA,NA,NA,false,false,NONE,1.26491737,-0.0145808086,-0.450840235,-0.147295058,true,true,8,true,true,0.007204123,0.00494804839,0.238137439,0.0518625826,0.1771056,0.181504682,0.7843062,left_forearm,true,0.003933791,0,0.284741521,1.056187,false,false,bar_linear_stillness|bar_angular_stillness|knee_extension|hip_extension|local_trunk_erectness,1.26491737,0.474515915,1.45375884,0.19343476,0.25098443,0.260509938,0.05,0.02,0.2,0.08726646,0.17453292,0.17453292
170,40,0.4,SETUP,None,false,false,0.348800838,0.346942246,0.348800838,NA,NA,NA,false,false,NONE,1.26035917,-0.0151715782,-0.446206182,-0.151865587,true,true,8,true,true,0.007259719,0.00499602966,0.2390776,0.0509224236,0.176951885,0.1816584,0.78622514,left_forearm,true,0.00394723425,0,0.283574253,1.08412957,false,false,bar_linear_stillness|bar_angular_stillness|knee_extension|hip_extension|local_trunk_erectness,1.26035917,0.471585929,1.4210844,0.199634045,0.258350641,0.265387565,0.05,0.02,0.2,0.08726646,0.17453292,0.17453292
170,41,0.41000000000000003,SETUP,None,false,false,0.349567056,0.347613871,0.349567056,NA,NA,NA,false,false,NONE,1.25585163,-0.015763713,-0.4411034,-0.156564847,true,true,8,true,true,0.0073181754,0.005047188,0.240081862,0.04991816,0.176792473,0.181817815,0.793676555,left_upper_arm,true,0.00395982154,0,0.282319754,1.10897028,false,false,bar_linear_stillness|bar_angular_stillness|knee_extension|hip_extension|local_trunk_erectness,1.25585163,0.4683303,1.38885379,0.205800384,0.265547,0.2700998,0.05,0.02,0.2,0.08726646,0.17453292,0.17453292
170,42,0.42,SETUP,None,false,false,0.350331545,0.3482868,0.350331545,NA,NA,NA,false,false,NONE,1.25139916,-0.01635701,-0.435560524,-0.161387786,true,true,8,true,true,0.00737695536,0.005098153,0.2411507,0.048849307,0.176627353,0.181982934,0.8008845,left_upper_arm,true,0.003971314,0,0.2809653,1.13101375,false,false,bar_linear_stillness|bar_angular_stillness|knee_extension|hip_extension|local_trunk_erectness,1.25139916,0.464786559,1.35704958,0.211933315,0.2725703,0.274648935,0.05,0.02,0.2,0.08726646,0.17453292,0.17453292
170,43,0.43,SETUP,None,false,false,0.3510937,0.348959982,0.3510937,NA,NA,NA,false,false,NONE,1.24700582,-0.0169511568,-0.429609835,-0.166328341,true,true,8,true,true,0.00743446266,0.00514764758,0.242284641,0.04771538,0.1764565,0.182153791,0.807495236,left_upper_arm,true,0.003981715,0,0.279518455,1.1506232,false,false,bar_linear_stillness|bar_angular_stillness|knee_extension|hip_extension|local_trunk_erectness,1.24700582,0.460995734,1.32562816,0.218028039,0.279417336,0.2790344,0.05,0.02,0.2,0.08726646,0.17453292,0.17453292
170,44,0.44,SETUP,None,false,false,0.351852953,0.3496334,0.351852953,NA,NA,NA,false,false,NONE,1.24267554,-0.0175460652,-0.4232787,-0.1713842,true,true,8,true,true,0.0074890824,0.00519505143,0.24348411,0.04651592,0.176279888,0.1823304,0.8135466,left_upper_arm,true,0.00399102969,0,0.277987748,1.16809714,false,false,bar_linear_stillness|bar_angular_stillness|knee_extension|hip_extension|local_trunk_erectness,1.24267554,0.4569959,1.29454625,0.224082381,0.2860832,0.283257067,0.05,0.02,0.2,0.08726646,0.17453292,0.17453292
170,45,0.45,SETUP,None,false,false,0.352608144,0.3503065,0.352608144,NA,NA,NA,false,false,NONE,1.23841178,-0.0181414522,-0.416592479,-0.176554024,true,true,8,true,true,0.00754190329,0.00524056144,0.244749576,0.0452504456,0.176097542,0.182512745,0.819075167,left_upper_arm,true,0.00399937574,0,0.2763854,1.18371677,false,false,bar_linear_stillness|bar_angular_stillness|knee_extension|hip_extension|local_trunk_erectness,1.23841178,0.452824175,1.26375866,0.2300975,0.292565525,0.287317336,0.05,0.02,0.2,0.08726646,0.17453292,0.17453292
170,46,0.46,SETUP,None,false,false,0.353358626,0.350978076,0.353358626,NA,NA,NA,false,false,NONE,1.23421788,-0.0187372789,-0.40957287,-0.181837022,true,true,8,true,true,0.00759238563,0.00528625771,0.2460815,0.0439185277,0.17590943,0.182700858,0.824116647,left_upper_arm,true,0.00400699535,0,0.27473402,1.1977042,false,false,bar_linear_stillness|bar_angular_stillness|knee_extension|hip_extension|local_trunk_erectness,1.23421788,0.448515028,1.23322558,0.23607035,0.298860282,0.291216284,0.05,0.02,0.2,0.08726646,0.17453292,0.17453292
170,47,0.47000000000000003,SETUP,None,false,false,0.354103684,0.3516479,0.354103684,NA,NA,NA,false,false,NONE,1.230097,-0.0193331446,-0.402241349,-0.187230021,true,true,8,true,true,0.00764339231,0.005330979,0.247480273,0.0425197557,0.175715566,0.182894722,0.828705132,left_upper_arm,true,0.00401364826,0,0.273021162,1.21027219,false,false,bar_linear_stillness|bar_angular_stillness|knee_extension|hip_extension|local_trunk_erectness,1.230097,0.4441024,1.20292068,0.241998181,0.304964066,0.294955373,0.05,0.02,0.2,0.08726646,0.17453292,0.17453292
170,48,0.48,SETUP,None,false,false,0.3548426,0.352315426,0.3548426,NA,NA,NA,false,false,NONE,1.22605217,-0.01992901,-0.394616842,-0.192732,true,true,8,true,true,0.007694455,0.00537737273,0.248946249,0.0410537645,0.17551595,0.183094338,0.8328739,left_upper_arm,true,0.00401981268,0,0.271282852,1.22156584,false,false,bar_linear_stillness|bar_angular_stillness|knee_extension|hip_extension|local_trunk_erectness,1.22605217,0.439619422,1.17281914,0.247879446,0.3108751,0.29853335,0.05,0.02,0.2,0.08726646,0.17453292,0.17453292
170,49,0.49,SETUP,None,false,false,0.355574667,0.3529799,0.355574667,NA,NA,NA,false,false,NONE,1.22208607,-0.0205246285,-0.3867175,-0.198339134,true,true,8,true,true,0.007748153,0.00542524131,0.250479847,0.0395201668,0.1753106,0.18329969,0.8366535,left_upper_arm,true,0.00402513053,0,0.26949963,1.23174345,false,false,bar_linear_stillness|bar_angular_stillness|knee_extension|hip_extension|local_trunk_erectness,1.22208607,0.4350978,1.14290226,0.253714561,0.316590458,0.301952839,0.05,0.02,0.2,0.08726646,0.17453292,0.17453292
170,50,0.5,SETUP,None,false,false,0.356298566,0.3536405,0.356298566,NA,NA,NA,false,false,NONE,1.21820128,-0.02111955,-0.378561318,-0.204049483,true,true,8,true,true,0.007804012,0.005475771,0.2520814,0.0379186347,0.175099522,0.183510765,0.840074539,left_upper_arm,true,0.00402984,0,0.267690063,1.24091911,false,false,bar_linear_stillness|bar_angular_stillness|knee_extension|hip_extension|local_trunk_erectness,1.21820128,0.430570424,1.11314571,0.259502083,0.3221087,0.30521515,0.05,0.02,0.2,0.08726646,0.17453292,0.17453292
170,51,0.51,SETUP,None,false,false,0.357014358,0.3542968,0.357014358,NA,NA,NA,false,false,NONE,1.21440017,-0.0217134766,-0.370166957,-0.209858149,true,true,8,true,true,0.007862528,0.005528655,0.253751159,0.0362488553,0.17488274,0.183727548,0.8431642,left_upper_arm,true,0.00403405773,0,0.26586318,1.24922609,false,false,bar_linear_stillness|bar_angular_stillness|knee_extension|hip_extension|local_trunk_erectness,1.21440017,0.426069826,1.08353436,0.265240669,0.327425778,0.308319747,0.05,0.02,0.2,0.08726646,0.17453292,0.17453292
170,52,0.52,SETUP,None,false,false,0.3577208,0.354948282,0.3577208,NA,NA,NA,false,false,NONE,1.210685,-0.0223061666,-0.361549973,-0.215762466,true,true,8,true,true,0.007923498,0.00558352424,0.255489528,0.0345104858,0.1746603,0.183949992,0.845949531,left_upper_arm,true,0.004037785,0,0.2640235,1.25672388,false,false,bar_linear_stillness|bar_angular_stillness|knee_extension|hip_extension|local_trunk_erectness,1.210685,0.421627074,1.05405116,0.2709299,0.3325434,0.31126833,0.05,0.02,0.2,0.08726646,0.17453292,0.17453292
170,53,0.53,SETUP,None,false,false,0.358417332,0.355594277,0.358417332,NA,NA,NA,false,false,NONE,1.207058,-0.02289714,-0.352725565,-0.221759021,true,true,8,true,true,0.007988237,0.005640711,0.257296771,0.03270325,0.1744322,0.184178084,0.8484551,left_upper_arm,true,0.00404090341,0,0.262167424,1.26349509,false,false,bar_linear_stillness|bar_angular_stillness|knee_extension|hip_extension|local_trunk_erectness,1.207058,0.4172729,1.02468359,0.2765694,0.33745712,0.314062953,0.05,0.02,0.2,0.08726646,0.17453292,0.17453292
170,54,0.54,SETUP,None,false,false,0.359103024,0.356233776,0.359103024,NA,NA,NA,false,false,NONE,1.20352089,-0.0234860349,-0.343711674,-0.227844462,true,true,8,true,true,0.008055143,0.005700731,0.259173155,0.03082686,0.174198508,0.184411779,0.8507037,left_upper_arm,true,0.004043529,0,0.260302573,1.26962018,false,false,bar_linear_stillness|bar_angular_stillness|knee_extension|hip_extension|local_trunk_erectness,1.20352089,0.413040429,0.995412767,0.282158762,0.3421673,0.316703141,0.05,0.02,0.2,0.08726646,0.17453292,0.17453292
170,55,0.55,SETUP,None,false,false,0.359777331,0.356866419,0.359777331,NA,NA,NA,false,false,NONE,1.20007551,-0.0240725465,-0.334522724,-0.234015152,true,true,8,true,true,0.008125763,0.005762032,0.261119,0.0288810283,0.173959255,0.184651032,0.8527174,left_upper_arm,true,0.004045781,0,0.2584395,1.2751298,false,false,bar_linear_stillness|bar_angular_stillness|knee_extension|hip_extension|local_trunk_erectness,1.20007551,0.4089597,0.966229439,0.2876968,0.3466731,0.319189668,0.05,0.02,0.2,0.08726646,0.17453292,0.17453292
170,56,0.56,SETUP,None,false,false,0.3604393,0.357491374,0.3604393,NA,NA,NA,false,false,NONE,1.19672358,-0.0246701464,-0.325159967,-0.240261152,true,true,8,true,true,0.008188715,0.005745978,0.26313436,0.0268656611,0.173714384,0.1848959,0.8545188,left_upper_arm,true,0.00404789159,0,0.25658828,1.27996671,false,false,bar_linear_stillness|bar_angular_stillness|knee_extension|hip_extension|local_trunk_erectness,1.19672358,0.40504697,0.93732965,0.293180734,0.350973547,0.3215313,0.05,0.02,0.2,0.08726646,0.17453292,0.17453292
170,57,0.57000000000000006,SETUP,None,false,false,0.3610891,0.358108461,0.3610891,NA,NA,NA,false,false,NONE,1.19346368,-0.0253026169,-0.316113323,-0.246489614,true,true,8,true,true,0.008215656,0.00576150231,0.265219152,0.02478087,0.173463717,0.18514657,0.856127739,left_upper_arm,true,0.00404537935,0,0.254421115,1.2823652,false,false,bar_linear_stillness|bar_angular_stillness|knee_extension|hip_extension|local_trunk_erectness,1.19346368,0.4016528,0.9096539,0.298532575,0.3550274,0.323809564,0.05,0.02,0.2,0.08726646,0.17453292,0.17453292
170,58,0.58,SETUP,None,false,false,0.361720622,0.358711541,0.361720622,NA,NA,NA,false,false,NONE,1.1902914,-0.02598038,-0.308293343,-0.2526364,true,true,8,true,true,0.008213301,0.00582585158,0.2673729,0.02262713,0.17320691,0.185403377,0.857565939,left_upper_arm,true,0.00403870177,0,0.2519522,1.28151381,false,false,bar_linear_stillness|bar_angular_stillness|knee_extension|hip_extension|local_trunk_erectness,1.1902914,0.399430752,0.8826329,0.303684533,0.358818263,0.3260669,0.05,0.02,0.2,0.08726646,0.17453292,0.17453292
170,59,0.59,SETUP,None,false,false,0.362330019,0.359296024,0.362330019,NA,NA,NA,false,false,NONE,1.18719947,-0.0267072748,-0.301345617,-0.258594871,true,true,8,true,true,0.008340653,0.00640064245,0.2695949,0.0204051286,0.172943592,0.1856667,0.8588533,left_upper_arm,true,0.004036597,0,0.2497371,1.27737129,false,false,bar_linear_stillness|bar_angular_stillness|knee_extension|hip_extension|local_trunk_erectness,1.18719947,0.397987157,0.857077062,0.3086084,0.362399936,0.328280419,0.05,0.02,0.2,0.08726646,0.17453292,0.17453292
170,60,0.6,SETUP,None,false,false,0.362918317,0.359861732,0.362918317,NA,NA,NA,false,false,NONE,1.18418217,-0.0274691377,-0.294955045,-0.264436871,true,true,8,true,true,0.008464195,0.00701184571,0.271884382,0.0181156248,0.17267333,0.185936958,0.860014558,left_upper_arm,true,0.00404209225,0,0.248076215,1.270577,false,false,bar_linear_stillness|bar_angular_stillness|knee_extension|hip_extension|local_trunk_erectness,1.18418217,0.397089273,0.833205462,0.313318849,0.365793616,0.330429256,0.05,0.02,0.2,0.08726646,0.17453292,0.17453292
170,61,0.61,SETUP,None,false,false,0.3634861,0.3604101,0.3634861,NA,NA,NA,false,false,NONE,1.181235,-0.0282637142,-0.28899765,-0.270201653,true,true,8,true,true,0.008468043,0.00751662,0.274240643,0.0157593787,0.1723957,0.186214581,0.861066163,left_upper_arm,true,0.00405346928,0,0.24691534,1.26167738,false,false,bar_linear_stillness|bar_angular_stillness|knee_extension|hip_extension|local_trunk_erectness,1.181235,0.3966452,0.8114567,0.3178411,0.3690096,0.332505941,0.05,0.02,0.2,0.08726646,0.17453292,0.17453292
170,62,0.62,SETUP,None,false,false,0.364033878,0.360942185,0.364033878,NA,NA,NA,false,false,NONE,1.17835391,-0.0290890969,-0.28337732,-0.275935948,true,true,8,true,true,0.00846013147,0.008049664,0.276662648,0.0133373886,0.172109991,0.1865003,0.8619965,left_upper_arm,true,0.00406918861,0,0.246162832,1.25037062,false,false,bar_linear_stillness|bar_angular_stillness|knee_extension|hip_extension|local_trunk_erectness,1.17835391,0.396597445,0.7922074,0.3222863,0.372064084,0.334514767,0.05,0.02,0.2,0.08726646,0.17453292,0.17453292
170,63,0.63,SETUP,None,false,false,0.364562154,0.361461937,0.364562154,NA,NA,NA,false,false,NONE,1.1755358,-0.0299540982,-0.2780632,-0.2816549,true,true,8,true,true,0.008362667,0.008491104,0.279149383,0.0108506382,0.171815783,0.1867945,0.862826347,left_upper_arm,true,0.004087444,0,0.245689154,1.23748493,false,false,bar_linear_stillness|bar_angular_stillness|knee_extension|hip_extension|local_trunk_erectness,1.1755358,0.3969205,0.7754457,0.326612145,0.374973774,0.3364526,0.05,0.02,0.2,0.08726646,0.17453292,0.17453292
170,64,0.64,SETUP,None,false,false,0.3650754,0.361968815,0.3650754,NA,NA,NA,false,false,NONE,1.172777,-0.0308657065,-0.273058265,-0.287365317,true,true,8,true,true,0.008202139,0.008879686,0.2817002,0.008299828,0.171512634,0.187097654,0.8635706,left_upper_arm,true,0.00410643173,0,0.245368242,1.22392428,false,false,bar_linear_stillness|bar_angular_stillness|knee_extension|hip_extension|local_trunk_erectness,1.172777,0.39760828,0.7608946,0.33083564,0.3777445,0.338315725,0.05,0.02,0.2,0.08726646,0.17453292,0.17453292
170,65,0.65,SETUP,None,false,false,0.365572274,0.362463117,0.365572274,NA,NA,NA,false,false,NONE,1.17007375,-0.03181928,-0.2683314,-0.293085665,true,true,8,true,true,0.008035776,0.009223073,0.284314483,0.005685538,0.171200141,0.187410146,0.86423254,left_upper_arm,true,0.00412481558,0,0.245096475,1.20977771,false,false,bar_linear_stillness|bar_angular_stillness|knee_extension|hip_extension|local_trunk_erectness,1.17007375,0.39863947,0.748712659,0.334952,0.380393147,0.340103924,0.05,0.02,0.2,0.08726646,0.17453292,0.17453292
170,66,0.66,SETUP,None,false,false,0.366053,0.362944841,0.366053,NA,NA,NA,false,false,NONE,1.16742122,-0.0327890925,-0.26371932,-0.298953861,true,true,8,true,true,0.008084256,0.00968961,0.286992073,0.0030079484,0.170878127,0.18773216,0.8648002,left_upper_arm,true,0.00414013444,0,0.244756773,1.193024,false,false,bar_linear_stillness|bar_angular_stillness|knee_extension|hip_extension|local_trunk_erectness,1.16742122,0.3999955,0.739976943,0.338876069,0.382981151,0.3418142,0.05,0.02,0.2,0.08726646,0.17453292,0.17453292
170,67,0.67,SETUP,None,false,false,0.3665173,0.363413155,0.3665173,NA,NA,NA,false,false,NONE,1.16481817,-0.03376335,-0.259218752,-0.3050243,true,true,8,true,true,0.008230193,0.0100860475,0.2897338,0.000266224146,0.170546532,0.188063756,0.865224957,left_upper_arm,true,0.004134166,0,0.243980378,1.17128551,false,false,bar_linear_stillness|bar_angular_stillness|knee_extension|hip_extension|local_trunk_erectness,1.16481817,0.401714,0.7343856,0.3425242,0.385234445,0.343878537,0.05,0.02,0.2,0.08726646,0.17453292,0.17453292
170,68,0.68,SETUP,None,false,false,0.366943836,0.363852084,0.366943836,NA,NA,NA,false,false,NONE,1.16226244,-0.0347417668,-0.254952371,-0.311232984,true,true,8,true,true,0.008361893,0.0103896959,0.292541474,-0.00254145265,0.17020537,0.188404918,0.8653638,left_upper_arm,true,0.00405963464,0,0.240912691,1.13812232,false,false,bar_linear_stillness|bar_angular_stillness|knee_extension|hip_extension|local_trunk_erectness,1.16226244,0.403823823,0.73118186,0.345661134,0.38635686,0.347416043,0.05,0.02,0.2,0.08726646,0.17453292,0.17453292
170,69,0.69000000000000006,SETUP,None,false,false,0.367275417,0.3642096,0.367275417,NA,NA,NA,false,false,NONE,1.15975,-0.035736043,-0.2512408,-0.3174021,true,true,8,true,true,0.008393401,0.0105750831,0.2954176,-0.00541760027,0.16985482,0.188755482,0.8652932,left_upper_arm,true,0.00394947827,0,0.236046031,1.09772778,false,false,bar_linear_stillness|bar_angular_stillness|knee_extension|hip_extension|local_trunk_erectness,1.15975,0.406378,0.728788137,0.3483783,0.386574775,0.3520385,0.05,0.02,0.2,0.08726646,0.17453292,0.17453292
170,70,0.70000000000000007,SETUP,None,false,false,0.367530584,0.3644879,0.367530584,NA,NA,NA,false,false,NONE,1.15727532,-0.03674344,-0.248098135,-0.323568732,true,true,8,true,true,0.008348291,0.0105961338,0.298364818,-0.008364782,0.16949518,0.1891151,0.8649874,left_upper_arm,true,0.00381178153,0,0.2296788,1.051483,false,false,bar_linear_stillness|bar_angular_stillness|knee_extension|hip_extension|local_trunk_erectness,1.15727532,0.409389168,0.726483166,0.350674361,0.3858586,0.357767254,0.05,0.02,0.2,0.08726646,0.17453292,0.17453292
170,71,0.71,SETUP,None,false,false,0.36770612,0.3646856,0.36770612,NA,NA,NA,false,false,NONE,1.15483332,-0.03776069,-0.245511934,-0.329791874,true,true,8,true,true,0.008231822,0.0104770083,0.3013855,-0.0113854706,0.169126868,0.189483419,0.8644582,left_upper_arm,true,0.00365514262,0,0.22222808,1.00064075,false,false,bar_linear_stillness|bar_angular_stillness|knee_extension|hip_extension|local_trunk_erectness,1.15483332,0.412873656,0.7238123,0.352562964,0.3842237,0.364552766,0.05,0.02,0.2,0.08726646,0.17453292,0.17453292
170,72,0.72,SETUP,None,false,false,0.3678031,0.36480242,0.3678031,NA,NA,NA,false,false,NONE,1.15241778,-0.03878191,-0.24343586,-0.336130142,true,true,8,true,true,0.008061118,0.0102043739,0.304481924,-0.014481917,0.168750361,0.189859927,0.8637776,left_upper_arm,true,0.00350360712,0,0.215152487,0.9477162,false,false,bar_linear_stillness|bar_angular_stillness|knee_extension|hip_extension|local_trunk_erectness,1.15241778,0.416831523,0.720689833,0.3540614,0.3820191,0.371952564,0.05,0.02,0.2,0.08726646,0.17453292,0.17453292
170,73,0.73,SETUP,None,false,false,0.367844939,0.36485517,0.367844939,NA,NA,NA,false,false,NONE,1.15002215,-0.0397975519,-0.24172315,-0.342692,true,true,8,true,true,0.007865105,0.009800537,0.30765602,-0.0176559985,0.1683661,0.190244168,0.863043,left_upper_arm,true,0.00338647119,0,0.210207582,0.8952672,false,false,bar_linear_stillness|bar_angular_stillness|knee_extension|hip_extension|local_trunk_erectness,1.15002215,0.4212502,0.7175507,0.355161726,0.379824579,0.3793007,0.05,0.02,0.2,0.08726646,0.17453292,0.17453292
170,74,0.74,SETUP,None,false,false,0.3678667,0.364877582,0.3678667,NA,NA,NA,false,false,NONE,1.147644,-0.04079505,-0.24016875,-0.349613279,true,true,8,true,true,0.00767446449,0.009377578,0.310909271,-0.02090925,0.167974487,0.1906358,0.8622276,left_upper_arm,true,0.00328713655,0,0.206221521,0.8425348,false,false,bar_linear_stillness|bar_angular_stillness|knee_extension|hip_extension|local_trunk_erectness,1.147644,0.426115841,0.7151418,0.355825841,0.377589554,0.386764616,0.05,0.02,0.2,0.08726646,0.17453292,0.17453292
170,75,0.75,SETUP,None,false,false,0.367859066,0.364876747,0.367859066,NA,NA,NA,false,false,NONE,1.14528227,-0.04176236,-0.238743842,-0.356880218,true,true,8,true,true,0.007504943,0.008977161,0.3142432,-0.0242431611,0.167575777,0.191034511,0.861356437,left_upper_arm,true,0.00319826254,0,0.202800646,0.79001,false,false,bar_linear_stillness|bar_angular_stillness|knee_extension|hip_extension|local_trunk_erectness,1.14528227,0.4314003,0.7138808,0.356087118,0.3753145,0.3943458,0.05,0.02,0.2,0.08726646,0.17453292,0.17453292
170,76,0.76,SETUP,None,false,false,0.367823839,0.36485523,0.367823839,NA,NA,NA,false,false,NONE,1.14293456,-0.04268798,-0.237443447,-0.364453137,true,true,8,true,true,0.007375434,0.008585578,0.3176595,-0.02765946,0.167170212,0.191440076,0.860451937,left_upper_arm,true,0.0031318285,0,0.2005776,0.7403827,false,false,bar_linear_stillness|bar_angular_stillness|knee_extension|hip_extension|local_trunk_erectness,1.14293456,0.4370672,0.71406883,0.35609585,0.3731466,0.4018055,0.05,0.02,0.2,0.08726646,0.17453292,0.17453292
170,77,0.77,SETUP,None,false,false,0.367775857,0.364825726,0.367775857,NA,NA,NA,false,false,NONE,1.14059925,-0.0435606278,-0.236212686,-0.3723546,true,true,8,true,true,0.007312127,0.008252299,0.321159959,-0.0311599374,0.166758016,0.191852272,0.859523833,left_upper_arm,true,0.00308485026,0,0.199360311,0.6950475,false,false,bar_linear_stillness|bar_angular_stillness|knee_extension|hip_extension|local_trunk_erectness,1.14059925,0.443104863,0.715903759,0.355901927,0.3711245,0.409074068,0.05,0.02,0.2,0.08726646,0.17453292,0.17453292
170,78,0.78,SETUP,None,false,false,0.367720366,0.364794135,0.367720366,NA,NA,NA,false,false,NONE,1.1382755,-0.0443785079,-0.23505713,-0.380596727,true,true,8,true,true,0.00727474876,0.007968024,0.324746519,-0.0347464979,0.166339427,0.19227086,0.858582556,left_upper_arm,true,0.00304864161,0,0.198677525,0.6550152,false,false,bar_linear_stillness|bar_angular_stillness|knee_extension|hip_extension|local_trunk_erectness,1.1382755,0.4495277,0.719267249,0.355515182,0.369236976,0.4161713,0.05,0.02,0.2,0.08726646,0.17453292,0.17453292
170,79,0.79,SETUP,None,false,false,0.367658019,0.3647604,0.367658019,NA,NA,NA,false,false,NONE,1.135962,-0.0451449268,-0.234027326,-0.3891649,true,true,8,true,true,0.00723657664,0.007698367,0.328421384,-0.0384213626,0.165914655,0.192695633,0.857635558,left_upper_arm,true,0.00301825488,0,0.198264509,0.621495843,false,false,bar_linear_stillness|bar_angular_stillness|knee_extension|hip_extension|local_trunk_erectness,1.135962,0.456350923,0.7239002,0.354967982,0.3674782,0.423092782,0.05,0.02,0.2,0.08726646,0.17453292,0.17453292
170,80,0.8,SETUP,None,false,false,0.3675902,0.364725232,0.3675902,NA,NA,NA,false,false,NONE,1.13365674,-0.04586302,-0.233156621,-0.3980493,true,true,8,true,true,0.007210137,0.00743973628,0.332186937,-0.0421869,0.165483892,0.1931264,0.856703341,left_upper_arm,true,0.00299844518,0,0.198313564,0.5956557,false,false,bar_linear_stillness|bar_angular_stillness|knee_extension|hip_extension|local_trunk_erectness,1.13365674,0.463582426,0.729619443,0.354392946,0.365893245,0.429751843,0.05,0.02,0.2,0.08726646,0.17453292,0.17453292
170,81,0.81,SETUP,None,false,false,0.367522657,0.3646928,0.367522657,NA,NA,NA,false,false,NONE,1.13135791,-0.0465355776,-0.232457548,-0.40726763,true,true,8,true,true,0.007218064,0.007195378,0.3360454,-0.0460453928,0.1650473,0.193562984,0.855787,left_upper_arm,true,0.002983762,0,0.198555157,0.5775726,false,false,bar_linear_stillness|bar_angular_stillness|knee_extension|hip_extension|local_trunk_erectness,1.13135791,0.471241981,0.7361968,0.3537885,0.3644587,0.43616268,0.05,0.02,0.2,0.08726646,0.17453292,0.17453292
170,82,0.82000000000000006,SETUP,None,false,false,0.367455244,0.364662468,0.367455244,NA,NA,NA,false,false,NONE,1.12906325,-0.0471701063,-0.231965125,-0.4168212,true,true,8,true,true,0.007227454,0.006969646,0.339999437,-0.0499994,0.164605,0.194005281,0.854890347,left_upper_arm,true,0.0029717756,0,0.198882356,0.5669621,false,false,bar_linear_stillness|bar_angular_stillness|knee_extension|hip_extension|local_trunk_erectness,1.12906325,0.4793462,0.743321836,0.353163362,0.3631612,0.442331,0.05,0.02,0.2,0.08726646,0.17453292,0.17453292
170,83,0.83000000000000007,SETUP,None,false,false,0.367387533,0.3646341,0.367387533,NA,NA,NA,false,false,NONE,1.12677062,-0.04777351,-0.231706366,-0.426703542,true,true,8,true,true,0.007138598,0.00676135765,0.34405154,-0.05405152,0.164157078,0.19445321,0.8540136,left_upper_arm,true,0.002960667,0,0.19921127,0.563173652,false,false,bar_linear_stillness|bar_angular_stillness|knee_extension|hip_extension|local_trunk_erectness,1.12677062,0.487899631,0.7507733,0.352529645,0.3619876,0.4482646,0.05,0.02,0.2,0.08726646,0.17453292,0.17453292
170,84,0.84,SETUP,None,false,false,0.367319584,0.364607036,0.367319584,NA,NA,NA,false,false,NONE,1.12447751,-0.0483517423,-0.231690481,-0.436911017,true,true,8,true,true,0.0067928955,0.006579821,0.348204374,-0.0582043678,0.163703591,0.1949067,0.8531644,left_upper_arm,true,0.0029517787,0,0.1996003,0.565106153,false,false,bar_linear_stillness|bar_angular_stillness|knee_extension|hip_extension|local_trunk_erectness,1.12447751,0.4969,0.758437932,0.351935,0.360940427,0.4539504,0.05,0.02,0.2,0.08726646,0.17453292,0.17453292
170,85,0.85,SETUP,None,false,false,0.367252648,0.3645814,0.367252648,NA,NA,NA,false,false,NONE,1.12218142,-0.0489092022,-0.231920153,-0.44745186,true,true,8,true,true,0.006540918,0.00641941139,0.352460682,-0.0624606758,0.163244516,0.195365772,0.8523461,left_upper_arm,true,0.00294487644,0,0.200036317,0.571498036,false,false,bar_linear_stillness|bar_angular_stillness|knee_extension|hip_extension|local_trunk_erectness,1.12218142,0.5063519,0.7662002,0.351395279,0.360010743,0.459387541,0.05,0.02,0.2,0.08726646,0.17453292,0.17453292
170,86,0.86,SETUP,None,false,false,0.3671857,0.3645572,0.3671857,NA,NA,NA,false,false,NONE,1.11987984,-0.04945086,-0.232399344,-0.4583316,true,true,8,true,true,0.006422401,0.006275619,0.356823325,-0.06682329,0.162779838,0.195830464,0.8515589,left_upper_arm,true,0.00293874438,0,0.200470656,0.5811934,false,false,bar_linear_stillness|bar_angular_stillness|knee_extension|hip_extension|local_trunk_erectness,1.11987984,0.516258359,0.7739318,0.3509155,0.359186172,0.4645835,0.05,0.02,0.2,0.08726646,0.17453292,0.17453292
170,87,0.87,SETUP,None,false,false,0.3671186,0.3645336,0.3671186,NA,NA,NA,false,false,NONE,1.11757016,-0.0499819629,-0.233134925,-0.469551474,true,true,8,true,true,0.00635528471,0.006145174,0.361295164,-0.07129514,0.162309468,0.19630082,0.850803256,left_upper_arm,true,0.00293301046,0,0.200898573,0.5931374,false,false,bar_linear_stillness|bar_angular_stillness|knee_extension|hip_extension|local_trunk_erectness,1.11757016,0.52662003,0.781498432,0.350498,0.358457357,0.4695396,0.05,0.02,0.2,0.08726646,0.17453292,0.17453292
170,88,0.88,SETUP,None,false,false,0.3670504,0.364509761,0.3670504,NA,NA,NA,false,false,NONE,1.11525,-0.0505070947,-0.234128118,-0.4811127,true,true,8,true,true,0.00629843166,0.00602303632,0.3658793,-0.07587929,0.1618334,0.196776882,0.8500781,left_upper_arm,true,0.00292731333,0,0.201302156,0.606501,false,false,bar_linear_stillness|bar_angular_stillness|knee_extension|hip_extension|local_trunk_erectness,1.11525,0.537435,0.7888105,0.350142956,0.35781616,0.474263251,0.05,0.02,0.2,0.08726646,0.17453292,0.17453292
170,89,0.89,SETUP,None,false,false,0.366980016,0.364484966,0.366980016,NA,NA,NA,false,false,NONE,1.11291659,-0.0510305,-0.23537913,-0.493019044,true,true,8,true,true,0.00624692,0.005908552,0.370578855,-0.0805788338,0.161351562,0.197258741,0.8493831,left_upper_arm,true,0.00292188814,0,0.201703742,0.620599,false,false,bar_linear_stillness|bar_angular_stillness|knee_extension|hip_extension|local_trunk_erectness,1.11291659,0.5487032,0.7958067,0.349851966,0.3572564,0.4787562,0.05,0.02,0.2,0.08726646,0.17453292,0.17453292
170,90,0.9,SETUP,None,false,false,0.366906822,0.364458144,0.366906822,NA,NA,NA,false,false,NONE,1.11056769,-0.0515555665,-0.236878484,-0.5052785,true,true,8,true,true,0.006200954,0.005809685,0.375397027,-0.08539699,0.160863861,0.197746426,0.8487231,left_upper_arm,true,0.00291700265,0,0.202099428,0.634729743,false,false,bar_linear_stillness|bar_angular_stillness|knee_extension|hip_extension|local_trunk_erectness,1.11056769,0.5604246,0.802470863,0.349641621,0.356775045,0.483014315,0.05,0.02,0.2,0.08726646,0.17453292,0.17453292
170,91,0.91,SETUP,None,false,false,0.366830051,0.364428759,0.366830051,NA,NA,NA,false,false,NONE,1.10820067,-0.05208519,-0.238622308,-0.5179018,true,true,8,true,true,0.0061664856,0.005717304,0.380337,-0.09033699,0.160370231,0.198240057,0.848098338,left_upper_arm,true,0.002912658,0,0.202494308,0.648461342,false,false,bar_linear_stillness|bar_angular_stillness|knee_extension|hip_extension|local_trunk_erectness,1.10820067,0.572604358,0.8087796,0.349516183,0.3563663,0.487037718,0.05,0.02,0.2,0.08726646,0.17453292,0.17453292
170,92,0.92,SETUP,None,false,false,0.366748273,0.364395976,0.366748273,NA,NA,NA,false,false,NONE,1.10581326,-0.0526223555,-0.24060753,-0.530894339,true,true,8,true,true,0.00613647234,0.00562704774,0.385402262,-0.0954022557,0.15987058,0.198739707,0.84750694,left_upper_arm,true,0.002908729,0,0.202889636,0.661526442,false,false,bar_linear_stillness|bar_angular_stillness|knee_extension|hip_extension|local_trunk_erectness,1.10581326,0.585243464,0.814706743,0.3494764,0.356022447,0.4908267,0.05,0.02,0.2,0.08726646,0.17453292,0.17453292
170,93,0.93,SETUP,None,false,false,0.366660655,0.364358485,0.366660655,NA,NA,NA,false,false,NONE,1.10340309,-0.05316985,-0.242831737,-0.544264257,true,true,8,true,true,0.00610439666,0.00553905731,0.390596271,-0.100596234,0.15936482,0.199245468,0.8470535,right_upper_arm,true,0.0029047383,0,0.203256518,0.673771858,false,false,bar_linear_stillness|bar_angular_stillness|knee_extension|hip_extension|local_trunk_erectness,1.10340309,0.598345935,0.820234656,0.349521667,0.355740935,0.494381666,0.05,0.02,0.2,0.08726646,0.17453292,0.17453292
170,94,0.94000000000000006,SETUP,None,false,false,0.366565645,0.3643157,0.366565645,NA,NA,NA,false,false,NONE,1.10096776,-0.0537301376,-0.245292515,-0.5580181,true,true,8,true,true,0.0060715354,0.005453077,0.3959226,-0.105922565,0.1588528,0.199757487,0.846645951,right_upper_arm,true,0.002900918,0,0.203618392,0.6850828,false,false,bar_linear_stillness|bar_angular_stillness|knee_extension|hip_extension|local_trunk_erectness,1.10096776,0.611914635,0.8253448,0.349650532,0.355516523,0.4977032,0.05,0.02,0.2,0.08726646,0.17453292,0.17453292
170,95,0.95000000000000007,SETUP,None,false,false,0.366461873,0.364265978,0.366461873,NA,NA,NA,false,false,NONE,1.098505,-0.0543051176,-0.247986585,-0.5721627,true,true,8,true,true,0.00603770139,0.005367785,0.4013849,-0.111384854,0.158334449,0.200275838,0.846264,right_upper_arm,true,0.00289704022,0,0.203954428,0.695370436,false,false,bar_linear_stillness|bar_angular_stillness|knee_extension|hip_extension|local_trunk_erectness,1.098505,0.6259525,0.8300238,0.349862218,0.355344564,0.5007886,0.05,0.02,0.2,0.08726646,0.17453292,0.17453292
170,96,0.96,SETUP,None,false,false,0.366347849,0.3642084,0.366347849,NA,NA,NA,false,false,NONE,1.09601259,-0.0548964329,-0.2509105,-0.586710155,true,true,8,true,true,0.006002558,0.00528354431,0.4069869,-0.116986856,0.157809615,0.200800657,0.845907032,right_upper_arm,true,0.002893224,0,0.204275712,0.704691947,false,false,bar_linear_stillness|bar_angular_stillness|knee_extension|hip_extension|local_trunk_erectness,1.09601259,0.6404674,0.834275663,0.350158721,0.355223119,0.503636,0.05,0.02,0.2,0.08726646,0.17453292,0.17453292
170,97,0.97,SETUP,None,false,false,0.366222084,0.3641413,0.366222084,NA,NA,NA,false,false,NONE,1.09348822,-0.0555056967,-0.2540622,-0.6016694,true,true,8,true,true,0.005968411,0.00519927032,0.412732542,-0.122732505,0.1572782,0.201332092,0.8455751,right_upper_arm,true,0.00288947579,0,0.204581276,0.712973952,false,false,bar_linear_stillness|bar_angular_stillness|knee_extension|hip_extension|local_trunk_erectness,1.09348822,0.6554651,0.8380822,0.350539684,0.355147541,0.506240249,0.05,0.02,0.2,0.08726646,0.17453292,0.17453292
170,98,0.98,SETUP,None,false,false,0.366082847,0.364063621,0.366082847,NA,NA,NA,false,false,NONE,1.09092963,-0.0561341643,-0.2574397,-0.617052257,true,true,8,true,true,0.00593324332,0.005115004,0.4186257,-0.1286257,0.15674004,0.201870248,0.8452673,right_upper_arm,true,0.00288568879,0,0.204859063,0.7202244,false,false,bar_linear_stillness|bar_angular_stillness|knee_extension|hip_extension|local_trunk_erectness,1.09092963,0.670954347,0.8414345,0.3510036,0.355115831,0.5085979,0.05,0.02,0.2,0.08726646,0.17453292,0.17453292
170,99,0.99,SETUP,None,false,false,0.365928471,0.3639741,0.365928471,NA,NA,NA,false,false,NONE,1.08833456,-0.0567832328,-0.261041,-0.632870257,true,true,8,true,true,0.0059401975,0.00503029069,0.424670577,-0.13467057,0.156195,0.202415287,0.8449839,right_upper_arm,true,0.002881859,0,0.205113679,0.726486266,false,false,bar_linear_stillness|bar_angular_stillness|knee_extension|hip_extension|local_trunk_erectness,1.08833456,0.6869436,0.8443283,0.351552784,0.355125964,0.5107028,0.05,0.02,0.2,0.08726646,0.17453292,0.17453292
170,100,1,SETUP,None,false,false,0.3657567,0.3638711,0.3657567,NA,NA,NA,false,false,NONE,1.08570087,-0.057454288,-0.2648661,-0.649136364,true,true,8,true,true,0.00595107256,0.00494359666,0.430871248,-0.140871212,0.155642927,0.202967361,0.844724953,right_upper_arm,true,0.002878007,0,0.205338761,0.7317095,false,false,bar_linear_stillness|bar_angular_stillness|knee_extension|hip_extension|local_trunk_erectness,1.08570087,0.7034437,0.8467215,0.35218823,0.355177283,0.5125463,0.05,0.02,0.2,0.08726646,0.17453292,0.17453292
170,101,1.01,SETUP,None,false,false,0.365565956,0.363752782,0.365565956,NA,NA,NA,false,false,NONE,1.08302641,-0.05814848,-0.2689157,-0.665864468,true,true,8,true,true,0.00596165843,0.004852894,0.437231958,-0.147231951,0.155083671,0.203526616,0.8444901,right_upper_arm,true,0.00287401327,0,0.205528766,0.7359209,false,false,bar_linear_stillness|bar_angular_stillness|knee_extension|hip_extension|local_trunk_erectness,1.08302641,0.7204668,0.848583758,0.352910846,0.355264276,0.5141218,0.05,0.02,0.2,0.08726646,0.17453292,0.17453292
170,102,1.02,SETUP,None,false,false,0.365353882,0.363617659,0.365353882,NA,NA,NA,false,false,NONE,1.08030891,-0.05886644,-0.2731914,-0.6830669,true,true,8,true,true,0.005972201,0.00475982344,0.443757176,-0.15375717,0.154517055,0.204093248,0.8442802,right_upper_arm,true,0.00286989636,0,0.205679625,0.7390919,false,false,bar_linear_stillness|bar_angular_stillness|knee_extension|hip_extension|local_trunk_erectness,1.08030891,0.7380238,0.8498765,0.3537194,0.355389744,0.51541996,0.05,0.02,0.2,0.08726646,0.17453292,0.17453292
170,103,1.03,SETUP,None,false,false,0.365118444,0.363463879,0.365118444,NA,NA,NA,false,false,NONE,1.07754612,-0.05960881,-0.2776948,-0.7007583,true,true,8,true,true,0.00598323951,0.004664105,0.450451374,-0.160451367,0.153942883,0.2046674,0.8454055,abdomen,true,0.00286565558,0,0.205794677,0.741198838,false,false,bar_linear_stillness|bar_angular_stillness|knee_extension|hip_extension|local_trunk_erectness,1.07754612,0.756128132,0.8505606,0.3546154,0.355547518,0.5164288,0.05,0.02,0.2,0.08726646,0.17453292,0.17453292
170,104,1.04,SETUP,None,false,false,0.364857078,0.363289475,0.364857078,NA,NA,NA,false,false,NONE,1.07473576,-0.0603763275,-0.282427132,-0.7189519,true,true,8,true,true,0.005993563,0.004565665,0.4573192,-0.167319164,0.153361008,0.20524928,0.8465671,abdomen,true,0.00286106532,0,0.205854923,0.742266536,false,false,bar_linear_stillness|bar_angular_stillness|knee_extension|hip_extension|local_trunk_erectness,1.07473576,0.7747917,0.850594759,0.35560143,0.3557403,0.5171384,0.05,0.02,0.2,0.08726646,0.17453292,0.17453292
170,105,1.05,SETUP,None,false,false,0.364567459,0.3630923,0.364567459,NA,NA,NA,false,false,NONE,1.07187557,-0.0611697175,-0.287392139,-0.7376613,true,true,8,true,true,0.00600275164,0.004464623,0.464365363,-0.174365357,0.1527712,0.2058391,0.847218633,abdomen,true,0.00285649,0,0.205887571,0.742263854,false,false,bar_linear_stillness|bar_angular_stillness|knee_extension|hip_extension|local_trunk_erectness,1.07187557,0.7940278,0.849928,0.3566776,0.355964571,0.5175364,0.05,0.02,0.2,0.08726646,0.17453292,0.17453292
170,106,1.06,SETUP,None,false,false,0.3642469,0.362870038,0.3642469,NA,NA,NA,false,false,NONE,1.06896329,-0.0619894676,-0.292591631,-0.7569017,true,true,8,true,true,0.006009002,0.00436043134,0.4715947,-0.181594655,0.152173251,0.206437021,0.847334564,abdomen,true,0.00285159028,0,0.205863521,0.741137564,false,false,bar_linear_stillness|bar_angular_stillness|knee_extension|hip_extension|local_trunk_erectness,1.06896329,0.8138505,0.8485015,0.3578443,0.356219,0.5176072,0.05,0.02,0.2,0.08726646,0.17453292,0.17453292
170,107,1.07,SETUP,None,false,false,0.363892674,0.362620771,0.363892674,NA,NA,NA,false,false,NONE,1.06599653,-0.06283639,-0.298030049,-0.776688457,true,true,8,true,true,0.006012638,0.004253463,0.479012132,-0.1890121,0.151566967,0.20704332,0.8468922,abdomen,true,0.002846374,0,0.20578371,0.7388781,false,false,bar_linear_stillness|bar_angular_stillness|knee_extension|hip_extension|local_trunk_erectness,1.06599653,0.8342753,0.846251369,0.3591054,0.3565035,0.517336965,0.05,0.02,0.2,0.08726646,0.17453292,0.17453292
170,108,1.08,SETUP,None,false,false,0.363501847,0.362341464,0.363501847,NA,NA,NA,false,false,NONE,1.0629729,-0.06371126,-0.303712338,-0.797037363,true,true,8,true,true,0.00601376034,0.00414151559,0.4866228,-0.1966228,0.150952116,0.207658172,0.8458647,abdomen,true,0.00284097763,0,0.205655366,0.735429347,false,false,bar_linear_stillness|bar_angular_stillness|knee_extension|hip_extension|local_trunk_erectness,1.0629729,0.855318,0.8431053,0.360461235,0.356817335,0.5167093,0.05,0.02,0.2,0.08726646,0.17453292,0.17453292
170,109,1.09,SETUP,None,false,false,0.363071144,0.362029731,0.363071144,NA,NA,NA,false,false,NONE,1.05989,-0.06461498,-0.309642255,-0.8179656,true,true,8,true,true,0.00601104973,0.004026097,0.494431973,-0.204431936,0.150328442,0.208281845,0.844224,abdomen,true,0.00283505186,0,0.20545274,0.7307772,false,false,bar_linear_stillness|bar_angular_stillness|knee_extension|hip_extension|local_trunk_erectness,1.05989,0.876995564,0.8389849,0.361912757,0.3571591,0.5157071,0.05,0.02,0.2,0.08726646,0.17453292,0.17453292
170,110,1.1,SETUP,None,false,false,0.3625973,0.361682653,0.3625973,NA,NA,NA,false,false,NONE,1.05674541,-0.0655482858,-0.315826982,-0.839487731,true,true,8,true,true,0.006005252,0.00390572287,0.502444863,-0.212444827,0.149695724,0.208914563,0.8435639,right_upper_arm,true,0.00282885,0,0.205193043,0.724850237,false,false,bar_linear_stillness|bar_angular_stillness|knee_extension|hip_extension|local_trunk_erectness,1.05674541,0.8993236,0.833798647,0.363462776,0.3575287,0.5143107,0.05,0.02,0.2,0.08726646,0.17453292,0.17453292
170,111,1.11,SETUP,None,false,false,0.36207664,0.3612972,0.36207664,NA,NA,NA,false,false,NONE,1.05353653,-0.0665122941,-0.322271436,-0.8616217,true,true,8,true,true,0.00599537138,0.00378188887,0.510666966,-0.22066696,0.149053678,0.209556609,0.8436094,right_upper_arm,true,0.00282215374,0,0.2048566,0.717627,false,false,bar_linear_stillness|bar_angular_stillness|knee_extension|hip_extension|local_trunk_erectness,1.05353653,0.922320247,0.8274601,0.365113318,0.357926,0.5124988,0.05,0.02,0.2,0.08726646,0.17453292,0.17453292
170,112,1.12,SETUP,None,false,false,0.361505628,0.36087,0.361505628,NA,NA,NA,false,false,NONE,1.05026078,-0.0675080344,-0.3289815,-0.884386659,true,true,8,true,true,0.00598565442,0.00365641853,0.5191039,-0.229103878,0.14840205,0.210208237,0.843691,right_upper_arm,true,0.002815247,0,0.204455644,0.708990157,false,false,bar_linear_stillness|bar_angular_stillness|knee_extension|hip_extension|local_trunk_erectness,1.05026078,0.9460052,0.819868565,0.366871536,0.358351678,0.510247648,0.05,0.02,0.2,0.08726646,0.17453292,0.17453292
170,113,1.1300000000000001,SETUP,None,false,false,0.360880315,0.3603981,0.360880315,NA,NA,NA,false,false,NONE,1.04691565,-0.06853609,-0.335957617,-0.9078072,true,true,8,true,true,0.005992913,0.00354166259,0.5277612,-0.237761185,0.147740573,0.210869715,0.8438186,right_upper_arm,true,0.002808899,0,0.2040091,0.698487,false,false,bar_linear_stillness|bar_angular_stillness|knee_extension|hip_extension|local_trunk_erectness,1.04691565,0.9704012,0.810945868,0.368764549,0.3588116,0.507522047,0.05,0.02,0.2,0.08726646,0.17453292,0.17453292
170,114,1.1400000000000001,SETUP,None,false,false,0.360195875,0.3598777,0.360195875,NA,NA,NA,false,false,NONE,1.04349852,-0.069597505,-0.343209565,-0.931905568,true,true,8,true,true,0.00600886764,0.0034228533,0.5366447,-0.246644691,0.147068918,0.21154137,0.84399277,right_upper_arm,true,0.00280252867,0,0.203478172,0.686078548,false,false,bar_linear_stillness|bar_angular_stillness|knee_extension|hip_extension|local_trunk_erectness,1.04349852,0.995532334,0.8005629,0.37079677,0.3593036,0.5042939,0.05,0.02,0.2,0.08726646,0.17453292,0.17453292
170,115,1.1500000000000001,SETUP,None,false,false,0.359447777,0.359305143,0.359447777,NA,NA,NA,false,false,NONE,1.04000652,-0.07069416,-0.3507493,-0.9567008,true,true,8,true,true,0.006025524,0.00330207031,0.545760453,-0.255760431,0.146386772,0.2122235,0.8442171,right_upper_arm,true,0.00279598776,0,0.202866092,0.671726763,false,false,bar_linear_stillness|bar_angular_stillness|knee_extension|hip_extension|local_trunk_erectness,1.04000652,1.02142012,0.7885665,0.3729724,0.3598263,0.5005331,0.05,0.02,0.2,0.08726646,0.17453292,0.17453292
170,116,1.16,SETUP,None,false,false,0.3586306,0.358675957,0.358675957,NA,NA,NA,false,false,NONE,1.0364368,-0.0718278,-0.3585827,-0.9822124,true,true,8,true,true,0.00605248939,0.003187452,0.555114269,-0.265114248,0.145693824,0.212916464,0.844500363,right_upper_arm,true,0.00279087038,0,0.2022385,0.65502,false,false,bar_linear_stillness|bar_angular_stillness|knee_extension|hip_extension|local_trunk_erectness,1.0364368,1.048085,0.7748316,0.375330478,0.360390753,0.4961937,0.05,0.02,0.2,0.08726646,0.17453292,0.17453292
170,117,1.17,SETUP,None,false,false,0.357739627,0.3579861,0.3579861,NA,NA,NA,false,false,NONE,1.03278661,-0.07299919,-0.366706222,-1.00847459,true,true,8,true,true,0.00611530757,0.00308695226,0.5647124,-0.274712384,0.144989714,0.213620573,0.844855845,right_upper_arm,true,0.0027889898,0,0.2016435,0.6353542,false,false,bar_linear_stillness|bar_angular_stillness|knee_extension|hip_extension|local_trunk_erectness,1.03278661,1.07555723,0.7592661,0.377934933,0.361012131,0.491210729,0.05,0.02,0.2,0.08726646,0.17453292,0.17453292
170,118,1.18,SETUP,None,false,false,0.356769145,0.357231677,0.357231677,NA,NA,NA,false,false,NONE,1.029053,-0.0742098242,-0.375133,-1.03551912,true,true,8,true,true,0.00621392,0.002997089,0.574561,-0.284560978,0.144274056,0.214336231,0.84528625,right_upper_arm,true,0.0027891947,0,0.201034069,0.612944961,false,false,bar_linear_stillness|bar_angular_stillness|knee_extension|hip_extension|local_trunk_erectness,1.029053,1.10387123,0.7416658,0.3807883,0.361684173,0.485543877,0.05,0.02,0.2,0.08726646,0.17453292,0.17453292
170,119,1.19,SETUP,None,false,false,0.355710566,0.356407166,0.356407166,NA,NA,NA,false,false,NONE,1.02523267,-0.0754628,-0.383853674,-1.0633831,true,true,8,true,true,0.00636919867,0.00294100353,0.584666431,-0.2946664,0.143546432,0.215063855,0.8458235,right_upper_arm,true,0.00280375546,0,0.200973019,0.5860026,false,false,bar_linear_stillness|bar_angular_stillness|knee_extension|hip_extension|local_trunk_erectness,1.02523267,1.13305867,0.7219729,0.3840963,0.362504452,0.478994459,0.05,0.02,0.2,0.08726646,0.17453292,0.17453292
170,120,1.2,SETUP,None,false,false,0.354563773,0.355513215,0.355513215,NA,NA,NA,false,false,NONE,1.02132237,-0.07675986,-0.392849922,-1.09214473,true,true,8,true,true,0.00664145965,0.00667090248,0.5950348,-0.305034757,0.142806366,0.215803921,0.846473753,right_upper_arm,true,0.00283474731,0,0.201562762,0.554991961,false,false,bar_linear_stillness|bar_angular_stillness|knee_extension|hip_extension|local_trunk_erectness,1.02132237,1.16318667,0.7000731,0.3879136,0.36351487,0.471419722,0.05,0.02,0.2,0.08726646,0.17453292,0.17453292
170,121,1.21,SETUP,None,false,false,0.35331887,0.35454756,0.35454756,NA,NA,NA,false,false,NONE,1.01731765,-0.07811644,-0.402074456,-1.12189376,true,true,8,true,true,0.0070168497,0.0134249544,0.605673,-0.315673,0.1420533,0.216556981,0.8472681,right_upper_arm,true,0.0029199624,0,0.20480375,0.5184303,false,false,bar_linear_stillness|bar_angular_stillness|knee_extension|hip_extension|local_trunk_erectness,1.01731765,1.19432473,0.6763463,0.392537415,0.3650831,0.4621762,0.05,0.02,0.2,0.08726646,0.17453292,0.17453292
170,122,1.22,SETUP,None,false,false,0.351996541,0.353529871,0.353529871,NA,NA,NA,false,false,NONE,1.013209,-0.07961791,-0.411336541,-1.15279782,true,true,8,true,true,0.008225207,0.007585032,0.6165928,-0.3265928,0.141300172,0.2173101,0.84847796,right_upper_arm,true,0.003151206,0,0.216689155,0.478931,false,false,bar_linear_stillness|bar_angular_stillness|knee_extension|hip_extension|local_trunk_erectness,1.013209,1.22657228,0.6524611,0.3978755,0.369360328,0.448983818,0.05,0.02,0.2,0.08726646,0.17453292,0.17453292
170,123,1.23,SETUP,None,false,false,0.3507473,0.352575481,0.352575481,NA,NA,NA,false,false,NONE,1.0089922,-0.08145022,-0.420265138,-1.18561864,true,true,8,true,true,0.0162499864,0.0155020105,0.6277941,-0.337794065,0.140518054,0.218092233,0.8502496,left_upper_arm,true,0.003421972,0,0.230505615,0.458490372,false,false,bar_linear_stillness|bar_angular_stillness|knee_extension|hip_extension|local_trunk_erectness,1.0089922,1.260535,0.629892766,0.4034099,0.374780566,0.433498353,0.05,0.02,0.2,0.08726646,0.17453292,0.17453292
170,124,1.24,SETUP,None,false,false,0.3494429,0.351631284,0.351631284,NA,NA,NA,false,false,NONE,1.00466812,-0.08318545,-0.428993046,-1.220112,true,true,8,true,true,0.0106121348,0.005011005,0.639299631,-0.3492996,0.139736146,0.218874156,0.851781,left_upper_arm,true,0.00355206849,0,0.236275151,0.471830159,false,false,bar_linear_stillness|bar_angular_stillness|knee_extension|hip_extension|local_trunk_erectness,1.00466812,1.29600465,0.6086597,0.408677727,0.379296929,0.419676721,0.05,0.02,0.2,0.08726646,0.17453292,0.17453292
170,125,1.25,SETUP,None,false,false,0.3479615,0.3505742,0.3505742,NA,NA,NA,false,false,NONE,1.00023687,-0.08513272,-0.4379921,-1.25538123,true,true,8,true,true,0.0202384666,0.0204650983,0.651102543,-0.361102521,0.138920486,0.2196898,0.853283465,left_upper_arm,true,0.00359325833,0,0.23756808,0.5024627,false,false,bar_linear_stillness|bar_angular_stillness|knee_extension|hip_extension|local_trunk_erectness,1.00023687,1.33231628,0.5878096,0.4128821,0.382511675,0.406724483,0.05,0.02,0.2,0.08726646,0.17453292,0.17453292
170,126,1.26,SETUP,None,false,false,0.346235216,0.349280179,0.349280179,NA,NA,NA,false,false,NONE,0.995692,-0.08689304,-0.447488517,-1.29125857,true,true,8,true,true,0.011052127,0.00921917,0.6632332,-0.3732332,0.138112545,0.220497757,0.854601264,left_upper_arm,true,0.00357709848,0,0.235876024,0.545767963,false,false,bar_linear_stillness|bar_angular_stillness|knee_extension|hip_extension|local_trunk_erectness,0.995692,1.36935937,0.565467834,0.416951925,0.385027021,0.394867569,0.05,0.02,0.2,0.08726646,0.17453292,0.17453292
170,127,1.27,SETUP,None,false,false,0.344378471,0.347814023,0.347814023,NA,NA,NA,false,false,NONE,0.9910275,-0.08900955,-0.4579333,-1.32728207,true,true,8,true,true,0.02318473,0.02152547,0.6756835,-0.385683477,0.137263969,0.221346319,0.8559,left_upper_arm,true,0.00352410716,0,0.232220456,0.5953977,false,false,bar_linear_stillness|bar_angular_stillness|knee_extension|hip_extension|local_trunk_erectness,0.9910275,1.40687716,0.5421305,0.420039415,0.3864649,0.383437485,0.05,0.02,0.2,0.08726646,0.17453292,0.17453292
170,128,1.28,SETUP,None,false,false,0.342258215,0.346123517,0.346123517,NA,NA,NA,false,false,NONE,0.986234963,-0.09076393,-0.470876575,-1.363081,true,true,8,true,true,0.00588346273,0.0147807756,0.6884838,-0.398483753,0.136436135,0.222174168,0.8569909,left_upper_arm,true,0.00345734926,0,0.2273722,0.654709935,false,false,bar_linear_stillness|bar_angular_stillness|knee_extension|hip_extension|local_trunk_erectness,0.986234963,1.4449749,0.511407852,0.423325479,0.387191772,0.372742146,0.05,0.02,0.2,0.08726646,0.17453292,0.17453292
170,129,1.29,SETUP,None,false,false,0.339985728,0.344255745,0.344255745,NA,NA,NA,false,false,NONE,0.9812973,-0.09300752,-0.485676527,-1.39892113,true,true,8,true,true,0.0251107682,0.027575247,0.701621532,-0.4116215,0.135584861,0.223025411,0.858163238,left_upper_arm,true,0.00339558814,0,0.222751111,0.7158621,false,false,bar_linear_stillness|bar_angular_stillness|knee_extension|hip_extension|local_trunk_erectness,0.9812973,1.48374939,0.477062643,0.425658673,0.3870883,0.362164378,0.05,0.02,0.2,0.08726646,0.17453292,0.17453292
170,130,1.3,SETUP,None,false,false,0.3374499,0.342135131,0.342135131,NA,NA,NA,false,false,NONE,0.976193368,-0.09515077,-0.502481639,-1.43503666,true,true,8,true,true,0.007392468,0.03416386,0.715117335,-0.4251173,0.134736449,0.223873839,0.8591153,left_upper_arm,true,0.00333445356,0,0.2176862,0.7764678,false,false,bar_linear_stillness|bar_angular_stillness|knee_extension|hip_extension|local_trunk_erectness,0.976193368,1.52344072,0.443116724,0.427947879,0.385636538,0.352384835,0.05,0.02,0.2,0.08726646,0.17453292,0.17453292
170,131,1.31,SETUP,None,false,false,0.334771574,0.33976233,0.33976233,NA,NA,NA,false,false,NONE,0.9709053,-0.09739806,-0.5211886,-1.47146225,true,true,8,true,true,0.0289085768,0.0466101281,0.7289611,-0.4389611,0.133845344,0.224764943,0.8600284,left_upper_arm,true,0.003276914,0,0.2126909,0.834327161,false,false,bar_linear_stillness|bar_angular_stillness|knee_extension|hip_extension|local_trunk_erectness,0.9709053,1.5640732,0.4105261,0.4290418,0.383403659,0.342738867,0.05,0.02,0.2,0.08726646,0.17453292,0.17453292
170,132,1.32,SETUP,None,false,false,0.331868947,0.3371495,0.3371495,NA,NA,NA,false,false,NONE,0.9654127,-0.0990126058,-0.541564345,-1.50816762,true,true,8,true,true,0.0143926637,0.04959692,0.7432007,-0.4532007,0.132939085,0.2256712,0.8606455,left_upper_arm,true,0.00321516441,0,0.207299769,0.8865673,false,false,bar_linear_stillness|bar_angular_stillness|knee_extension|hip_extension|local_trunk_erectness,0.9654127,1.60551083,0.380221367,0.429892153,0.3820624,0.333765656,0.05,0.02,0.2,0.08726646,0.17453292,0.17453292
170,133,1.33,SETUP,None,false,false,0.3289249,0.334697783,0.334697783,NA,NA,NA,false,false,NONE,0.959704757,-0.100459345,-0.56341666,-1.544759,true,true,8,true,true,0.0327696428,0.0199287236,0.7578016,-0.467801571,0.132049873,0.226560414,0.8614133,left_upper_arm,true,0.00316254538,0,0.202945128,0.9308421,false,false,bar_linear_stillness|bar_angular_stillness|knee_extension|hip_extension|local_trunk_erectness,0.959704757,1.64736485,0.353894472,0.429590225,0.380289078,0.324931,0.05,0.02,0.2,0.08726646,0.17453292,0.17453292
170,134,1.34,SETUP,None,false,false,0.325631142,0.33215344,0.33215344,NA,NA,NA,false,false,NONE,0.95376426,-0.102419913,-0.5869087,-1.58251584,true,true,8,true,true,0.04735103,0.0111488448,0.7735542,-0.482765079,0.1288931,0.227449179,0.8624619,left_upper_arm,true,0.00312290224,0,0.198361069,0.9673849,false,false,bar_linear_stillness|bar_angular_stillness|knee_extension|hip_extension|local_trunk_erectness,0.95376426,1.69094884,0.330891877,0.427877724,0.377711475,0.316179574,0.05,0.02,0.2,0.08726646,0.17453292,0.17453292
170,135,1.35,SETUP,None,false,false,0.322113931,0.329303622,0.329303622,NA,NA,NA,false,false,NONE,0.947571754,-0.104471773,-0.6123594,-1.6213367,true,true,8,true,true,0.06464036,0.0363355428,0.788880169,-0.498226047,0.1279673,0.229922816,0.863458335,left_upper_arm,true,0.003083417,0,0.1930556,1.00486445,false,false,bar_linear_stillness|bar_angular_stillness|knee_extension|hip_extension|local_trunk_erectness,0.947571754,1.73626935,0.3096989,0.4250544,0.37410295,0.307396054,0.05,0.02,0.2,0.08726646,0.17453292,0.17453292
170,136,1.36,SETUP,None,false,false,0.318380475,0.326156139,0.326156139,NA,NA,NA,false,false,NONE,0.9411067,-0.105935216,-0.6397408,-1.66058707,true,true,8,true,true,0.07144446,0.036484614,0.804605663,-0.51395154,0.127031446,0.230858669,0.864394367,right_upper_arm,true,0.003038717,0,0.187391058,1.04496908,false,false,bar_linear_stillness|bar_angular_stillness|knee_extension|hip_extension|local_trunk_erectness,0.9411067,1.78270578,0.2906733,0.424276024,0.368900418,0.299596041,0.05,0.02,0.2,0.08726646,0.17453292,0.17453292
170,137,1.37,SETUP,None,false,false,0.314631522,0.322728217,0.322728217,NA,NA,NA,false,false,NONE,0.9343548,-0.107135825,-0.668782532,-1.69979143,true,true,8,true,true,0.09270522,0.060128,0.8216702,-0.5300452,0.130564779,0.231822461,0.8657428,right_upper_arm,true,0.002992012,0,0.18247965,1.08050144,false,false,bar_linear_stillness|bar_angular_stillness|knee_extension|hip_extension|local_trunk_erectness,0.9343548,1.82976472,0.274864227,0.422265351,0.362811178,0.291733444,0.05,0.02,0.2,0.08726646,0.17453292,0.17453292
170,138,1.3800000000000001,SETUP,None,false,false,0.3106609,0.3190124,0.3190124,NA,NA,NA,false,false,NONE,0.92729485,-0.107798286,-0.6995146,-1.73951542,true,true,8,true,true,0.0622642338,0.07756209,0.8392891,-0.54744947,0.12957561,0.233957887,0.867033243,right_upper_arm,true,0.00293997116,0,0.176833317,1.1126641,false,false,bar_linear_stillness|bar_angular_stillness|knee_extension|hip_extension|local_trunk_erectness,0.92729485,1.87799227,0.2631338,0.42058742,0.357272476,0.284294784,0.05,0.02,0.2,0.08726646,0.17453292,0.17453292
170,139,1.3900000000000001,SETUP,None,false,false,0.30667752,0.315312028,0.315312028,NA,NA,NA,false,false,NONE,0.919916749,-0.108116947,-0.731659055,-1.77937436,true,true,8,true,true,0.0270839129,0.100523733,0.855751157,-0.5643567,0.12858814,0.231957838,0.868126869,right_upper_arm,true,0.0028936197,0,0.1720137,1.1387887,false,false,bar_linear_stillness|bar_angular_stillness|knee_extension|hip_extension|local_trunk_erectness,0.919916749,1.92696321,0.256080329,0.418560445,0.351013839,0.2769643,0.05,0.02,0.2,0.08726646,0.17453292,0.17453292
170,140,1.4000000000000001,SETUP,None,false,false,0.302361429,0.31147337,0.31147337,NA,NA,NA,false,false,NONE,0.912202239,-0.108598575,-0.76551944,-1.81993866,true,true,8,true,true,0.0336926021,0.0589274056,0.8730501,-0.581102252,0.1253396,0.232958853,0.8690322,right_upper_arm,true,0.00285234931,0,0.168776125,1.15888155,false,false,bar_linear_stillness|bar_angular_stillness|knee_extension|hip_extension|local_trunk_erectness,0.912202239,1.97736955,0.250695229,0.415105343,0.345262319,0.2694491,0.05,0.02,0.2,0.08726646,0.17453292,0.17453292
170,141,1.41,SETUP,None,false,false,0.29790318,0.3074594,0.3074594,NA,NA,NA,false,false,NONE,0.904129744,-0.10897962,-0.801751435,-1.861019,true,true,8,true,true,0.06720174,0.07254125,0.892627954,-0.5987636,0.124371581,0.231505245,0.870232165,right_upper_arm,true,0.002811909,0,0.169331715,1.18472517,false,false,bar_linear_stillness|bar_angular_stillness|knee_extension|hip_extension|local_trunk_erectness,0.904129744,2.02930379,0.241202623,0.41017136,0.337677836,0.261598021,0.05,0.02,0.2,0.08726646,0.17453292,0.17453292
170,142,1.42,SETUP,None,false,false,0.292983174,0.303025663,0.303025663,NA,NA,NA,false,false,NONE,0.8956646,-0.109814577,-0.8409774,-1.901746,true,true,8,true,true,0.0612594336,0.05345735,0.908197,-0.618309438,0.126989856,0.235879153,0.871511638,right_upper_arm,true,0.00274567422,0,0.16844669,1.21482229,false,false,bar_linear_stillness|bar_angular_stillness|knee_extension|hip_extension|local_trunk_erectness,0.8956646,2.082292,0.223737955,0.405045331,0.331464142,0.253403425,0.05,0.02,0.2,0.08726646,0.17453292,0.17453292
170,143,1.43,SETUP,None,false,false,0.2880119,0.2985319,0.2985319,NA,NA,NA,false,false,NONE,0.8867883,-0.111546353,-0.882288039,-1.94174516,true,true,6,true,true,0.0478064343,0.07691752,0.897214055,-0.6370221,0.120142676,0.236891717,0.8724868,right_upper_arm,true,0.00266342331,0,0.165701672,1.24096179,false,false,bar_linear_stillness|bar_angular_stillness|knee_extension|hip_extension|local_trunk_erectness,0.8867883,2.135708,0.20615916,0.401078463,0.3244848,0.246012315,0.05,0.02,0.2,0.08726646,0.17453292,0.17453292
170,144,1.44,SETUP,None,false,false,0.283079624,0.29404825,0.29404825,NA,NA,NA,false,false,NONE,0.8774811,-0.111722715,-0.925894737,-1.98208845,true,true,8,true,true,0.0257312935,0.0559791,0.8815797,-0.654711,0.122608304,0.233507067,0.8741895,right_upper_arm,true,0.00260181283,0,0.164181188,1.29774177,false,false,bar_linear_stillness|knee_extension|hip_extension|local_trunk_erectness,0.8774811,2.19053364,0.187391728,0.395328,0.316017479,0.238205791,0.05,0.02,0.2,0.08726646,0.17453292,0.17453292
170,145,1.45,SETUP,None,false,false,0.277757347,0.2892096,0.2892096,NA,NA,NA,false,false,NONE,0.8677105,-0.112361267,-0.972313344,-2.022571,true,true,6,true,true,0.07514239,0.04318994,0.832813561,-0.6739624,0.1201794,0.236151889,0.875703454,right_upper_arm,true,0.00253014336,0,0.162641317,1.35018265,false,false,bar_linear_stillness|knee_extension|hip_extension|local_trunk_erectness,0.8677105,2.246956,0.166493952,0.387153357,0.3084587,0.229639083,0.05,0.02,0.2,0.08726646,0.17453292,0.17453292
170,146,1.46,SETUP,None,false,false,0.272296369,0.284173548,0.284173548,NA,NA,NA,false,false,NONE,0.857451,-0.112798445,-1.02135122,-2.06224418,true,true,6,true,true,0.08465649,0.0400786251,0.8504137,-0.6960666,0.120179981,0.2371306,0.877081156,right_upper_arm,true,0.002449666,0,0.16013661,1.40172124,false,false,bar_linear_stillness|knee_extension|hip_extension|local_trunk_erectness,0.857451,2.3040688,0.144542754,0.379260242,0.300872982,0.2210391,0.05,0.02,0.2,0.08726646,0.17453292,0.17453292
170,147,1.47,SETUP,None,false,false,0.2665791,0.279161572,0.279161572,NA,NA,NA,false,false,NONE,0.8466814,-0.113287278,-1.07263768,-2.101088,true,true,8,true,true,0.0227483921,0.020192625,0.8450911,-0.716249049,0.119034946,0.23607,0.8783217,right_upper_arm,true,0.00236953236,0,0.157051936,1.45104516,false,false,bar_linear_stillness|knee_extension|hip_extension|local_trunk_erectness,0.8466814,2.36177,0.124744527,0.3721936,0.29243955,0.2127152,0.05,0.02,0.2,0.08726646,0.17453292,0.17453292
170,148,1.48,SETUP,None,false,false,0.260720432,0.273923635,0.273923635,NA,NA,NA,false,false,NONE,0.835377634,-0.114970393,-1.12642,-2.1390965,true,true,6,true,true,0.0440226533,0.0368847027,0.8439641,-0.7366393,0.1165336,0.236986667,0.879405856,right_upper_arm,true,0.00228788634,0,0.153553411,1.490374,false,false,bar_linear_stillness|knee_extension|hip_extension|local_trunk_erectness,0.835377634,2.42028379,0.10829629,0.363526732,0.283310264,0.2040744,0.05,0.02,0.2,0.08726646,0.17453292,0.17453292
170,149,1.49,SETUP,None,false,false,0.254723847,0.268325984,0.268325984,NA,NA,NA,false,false,NONE,0.8235088,-0.117021769,-1.183117,-2.17635369,true,true,8,true,true,0.05227557,0.04747947,0.857132256,-0.757003665,0.116275869,0.2380217,0.8806189,right_upper_arm,true,0.00220000162,0,0.149893329,1.537829,false,false,bar_linear_stillness|knee_extension|hip_extension|local_trunk_erectness,0.8235088,2.47991443,0.09975649,0.354036361,0.273691982,0.195185989,0.05,0.02,0.2,0.08726646,0.17453292,0.17453292
170,150,1.5,SETUP,None,false,false,0.248671055,0.262500525,0.262500525,NA,NA,NA,false,false,NONE,0.811047852,-0.118986607,-1.242635,-2.21258378,true,true,8,true,true,0.0453229249,0.0388657339,0.865862548,-0.7778706,0.11593321,0.238993719,0.8819766,right_upper_arm,true,0.002109039,0,0.1458222,1.596993,false,false,bar_linear_stillness|knee_extension|hip_extension|local_trunk_erectness,0.811047852,2.54043818,0.106580541,0.343571842,0.26360482,0.186038777,0.05,0.02,0.2,0.08726646,0.17453292,0.17453292
170,151,1.51,SETUP,None,false,false,0.242434919,0.256499946,0.256499946,NA,NA,NA,false,false,NONE,0.797964752,-0.121612132,-1.30508482,-2.24720836,true,true,8,true,true,0.0493769757,0.0472892672,0.8803509,-0.798498154,0.115507968,0.24084428,0.8831857,right_upper_arm,true,0.00200521736,0,0.140498444,1.65585423,false,false,bar_linear_stillness|knee_extension|hip_extension|local_trunk_erectness,0.797964752,2.60153437,0.1304897,0.332626939,0.2532364,0.176670864,0.05,0.02,0.2,0.08726646,0.17453292,0.17453292
170,152,1.52,SETUP,None,false,false,0.236113191,0.250334322,0.250334322,NA,NA,NA,false,false,NONE,0.784231961,-0.123852558,-1.370351,-2.28047943,true,true,8,true,true,0.0461811125,0.0434428453,0.893078148,-0.819908,0.115109563,0.241619691,0.8845461,right_upper_arm,true,0.00190131273,0,0.135011509,1.72929847,false,false,bar_linear_stillness|knee_extension|hip_extension,0.784231961,2.66341662,0.16655919,0.320874542,0.242389962,0.1670536,0.05,0.02,0.2,0.08726646,0.17453292,0.17453292
170,153,1.53,SETUP,None,false,false,0.229629815,0.244019985,0.244019985,NA,NA,NA,false,false,NONE,0.7698201,-0.126055732,-1.43847919,-2.311985,true,true,8,true,true,0.04959006,0.0478308052,0.91026336,-0.8416209,0.114385724,0.24287577,0.8858009,right_upper_arm,true,0.00178926531,0,0.128695339,1.80653429,false,false,bar_linear_stillness|bar_angular_stillness|knee_extension|hip_extension,0.7698201,2.72587371,0.210084632,0.308779,0.231294855,0.157232165,0.05,0.02,0.2,0.08726646,0.17453292,0.17453292
170,154,1.54,SETUP,None,false,false,0.223057628,0.237562478,0.237562478,NA,NA,NA,false,false,NONE,0.754702449,-0.127546549,-1.50934267,-2.341949,true,true,8,true,true,0.0456315652,0.043216303,0.9261063,-0.8636388,0.113544919,0.2437357,0.887078,right_upper_arm,true,0.00167873956,0,0.122357219,1.892556,false,false,bar_linear_stillness|bar_angular_stillness|knee_extension|hip_extension,0.754702449,2.78910542,0.257321566,0.2958529,0.21974048,0.1471915,0.05,0.02,0.2,0.08726646,0.17453292,0.17453292
170,155,1.55,SETUP,None,false,false,0.216317832,0.230946481,0.230946481,NA,NA,NA,false,false,NONE,0.7388502,-0.128592253,-1.58301926,-2.36972523,true,true,8,true,true,0.04914571,0.0468343981,0.945086956,-0.8861918,0.1125351,0.244811535,0.8882094,right_upper_arm,true,0.00155776623,0,0.114932172,1.97832692,false,false,bar_linear_stillness|bar_angular_stillness|knee_extension|hip_extension,0.7388502,2.85273266,0.30697763,0.282595038,0.207979977,0.136961579,0.05,0.02,0.2,0.08726646,0.17453292,0.17453292
170,156,1.56,SETUP,None,false,false,0.209495723,0.224185884,0.224185884,NA,NA,NA,false,false,NONE,0.7222366,-0.1288531,-1.65942681,-2.39542913,true,true,8,true,true,0.0450109467,0.04255633,0.9629694,-0.9087394,0.111502238,0.2457219,0.8892679,right_upper_arm,true,0.00143555575,0,0.107200556,2.06393,false,false,bar_linear_stillness|bar_angular_stillness|knee_extension|hip_extension,0.7222366,2.916913,0.357638836,0.268488884,0.195840657,0.126537785,0.05,0.02,0.2,0.08726646,0.17453292,0.17453292
170,157,1.57,SETUP,None,false,false,0.202533841,0.217265427,0.217265427,NA,NA,NA,false,false,NONE,0.704832733,-0.128572613,-1.7386651,-2.41839075,true,true,8,true,true,0.0489478968,0.04585952,0.983078957,-0.9319875,0.11031203,0.246792823,0.890145361,right_upper_arm,true,0.00130154425,0,0.09824519,2.14165354,false,false,bar_linear_stillness|bar_angular_stillness|knee_extension|hip_extension,0.704832733,2.98129177,0.4086757,0.254035652,0.183551639,0.115931362,0.05,0.02,0.2,0.08726646,0.17453292,0.17453292
170,158,1.58,SETUP,None,false,false,0.19550699,0.210197926,0.210197926,NA,NA,NA,false,false,NONE,0.6866117,-0.127629966,-1.820644,-2.43871331,true,true,8,true,true,0.07873565,0.0438851751,1.00251162,-0.9550487,0.109231994,0.247717768,0.890886962,right_upper_arm,true,0.00116597151,0,0.08893505,2.20893717,false,false,bar_linear_stillness|bar_angular_stillness|knee_extension,0.6866117,3.04603958,0.459070027,0.238793984,0.170967221,0.105154835,0.05,0.02,0.2,0.08726646,0.17453292,0.17453292
170,159,1.59,SETUP,None,false,false,0.188369453,0.202967286,0.202967286,NA,NA,NA,false,false,NONE,0.6675447,-0.1261941,-1.905485,-2.45569,true,true,8,true,true,0.117185652,0.09604995,1.02349293,-0.9789262,0.107983343,0.2487995,0.8914539,right_upper_arm,true,0.0010183882,0,0.07835866,2.26086521,false,false,bar_linear_stillness|bar_angular_stillness|knee_extension,0.6675447,3.11082172,0.509101,0.222930074,0.158193111,0.09419258,0.05,0.02,0.2,0.08726646,0.17453292,0.17453292
170,160,1.6,SETUP,None,false,false,0.1811747,0.1955756,0.1955756,NA,NA,NA,false,false,NONE,0.647602856,-0.12415617,-1.99321663,-2.46897864,true,true,8,true,true,0.13062878,0.115846358,1.04468846,-1.00315583,0.10673923,0.249855161,0.8918497,right_upper_arm,true,0.0008605734,0,0.0666850656,2.29519963,false,false,bar_linear_stillness|bar_angular_stillness|knee_extension,0.647602856,3.17556024,0.558629334,0.206574187,0.145203412,0.08305685,0.05,0.02,0.2,0.08726646,0.17453292,0.17453292
170,161,1.61,SETUP,None,false,false,0.173927367,0.188013792,0.188013792,NA,NA,NA,false,false,NONE,0.626757443,-0.121488929,-2.08381748,-2.47832441,true,true,8,true,true,0.136088461,0.124330945,1.0660491,-1.02775478,0.10550762,0.250874162,0.892044663,right_upper_arm,true,0.0006936033,0,0.0539810434,2.30764723,false,false,bar_linear_stillness|bar_angular_stillness|knee_extension,0.626757443,3.24023867,0.6067534,0.189902872,0.13205871,0.07179614,0.05,0.02,0.2,0.08726646,0.17453292,0.17453292
170,162,1.62,SETUP,None,false,false,0.166636765,0.180297434,0.180297434,NA,NA,NA,false,false,NONE,0.604980469,-0.1183043,-2.1772213,-2.48337436,true,true,8,true,true,0.13562578,0.122829042,1.087693,-1.05259407,0.1042915,0.251856744,0.892023444,right_upper_arm,true,0.0005172184,0,0.0401384346,2.29328275,false,false,bar_linear_stillness|bar_angular_stillness|knee_extension,0.604980469,3.30475974,0.652240038,0.173080653,0.118839495,0.06045065,0.05,0.02,0.2,0.08726646,0.17453292,0.17453292
170,163,1.6300000000000001,SETUP,None,false,false,0.159316987,0.1724486,0.1724486,NA,NA,NA,false,false,NONE,0.5822448,-0.1147269,-2.273334,-2.48382568,true,true,8,true,true,0.127694234,0.03526101,1.10949576,-1.06043351,0.103087187,0.251469,0.8917957,right_upper_arm,true,0.000334739656,0,0.02523216,2.24883842,false,false,bar_linear_stillness|bar_angular_stillness|knee_extension,0.5822448,3.369065,0.693765163,0.156217977,0.105582684,0.04905345,0.05,0.02,0.2,0.08726646,0.17453292,0.17453292
170,164,1.6400000000000001,SETUP,None,false,false,0.151974291,0.164486915,0.164486915,NA,NA,NA,false,false,NONE,0.5585244,-0.111410223,-2.37203336,-2.48014259,true,true,8,true,true,0.104689,0.08096082,1.11359656,-1.08279228,0.103867084,0.252852678,0.891357541,right_upper_arm,true,0.000166390761,0,0.0103354212,2.1696825,false,false,bar_linear_stillness|bar_angular_stillness|knee_extension,0.5585244,3.433666,0.726402044,0.139446,0.09217828,0.0376710668,0.05,0.02,0.2,0.08726646,0.17453292,0.17453292
170,165,1.6500000000000001,SETUP,None,false,false,0.144701332,0.1562885,0.1562885,NA,NA,NA,false,false,NONE,0.5337992,-0.10883268,-2.47268653,-2.47343588,true,true,8,true,true,0.0267068073,0.218973,1.13740027,-1.10388,0.103079841,0.254599631,0.890724063,right_upper_arm,true,9.490674E-05,0,0.00743264053,2.05281949,false,false,bar_linear_stillness|bar_angular_stillness|knee_extension,0.5337992,3.49912953,0.744686365,0.122905284,0.07866231,0.0264936723,0.05,0.02,0.2,0.08726646,0.17453292,0.17453292
170,166,1.6600000000000001,SETUP,None,false,false,0.137509346,0.147899568,0.147899568,NA,NA,NA,false,false,NONE,0.508054435,-0.106826842,-2.57479763,-2.46410465,true,true,8,true,true,0.151103184,0.3737547,1.16111994,-1.12266469,0.102416947,0.255277216,0.889998734,right_upper_arm,true,0.000189699742,0,0.0142308818,1.90438867,false,false,bar_linear_stillness|bar_angular_stillness|knee_extension,0.508054435,3.56550217,0.7442916,0.107018806,0.0653377846,0.01564029,0.05,0.02,0.2,0.08726646,0.17453292,0.17453292
170,167,1.67,SETUP,None,false,false,0.130396843,0.139460176,0.139460176,NA,NA,NA,false,false,NONE,0.481280148,-0.105246291,-2.677932,-2.45395041,true,true,8,true,true,0.341227919,0.488982141,1.18049443,-1.13900208,0.102289349,0.255866468,0.8893515,right_upper_arm,true,0.0002782009,0,0.021904828,1.73665762,false,false,bar_linear_stillness|bar_angular_stillness|knee_extension,0.481280148,3.63376784,0.7231929,0.09143528,0.0522817969,0.0059402,0.05,0.02,0.2,0.08726646,0.17453292,0.17453292
170,168,1.68,SETUP,None,false,false,0.123099208,0.131028026,0.131028026,NA,NA,NA,false,false,NONE,0.453466773,-0.104199752,-2.78199768,-2.44211125,true,true,8,true,true,0.417899847,0.561412156,1.20394015,-1.15075827,0.101967447,0.25601095,0.8887813,right_upper_arm,true,0.0003624242,0,0.0290006362,1.56176722,false,false,bar_linear_stillness|bar_angular_stillness,0.453466773,3.703279,0.6812227,0.07781801,0.0385717265,0.0116371019,0.05,0.02,0.2,0.08726646,0.17453292,0.17453292
170,169,1.69,SETUP,None,false,false,0.115882784,0.122414172,0.122414172,NA,NA,NA,false,false,NONE,0.424604833,-0.103177443,-2.88700938,-2.42949414,true,true,8,true,true,0.568694055,0.636179745,1.21863747,-1.16101241,0.102893159,0.256593,0.8882997,right_upper_arm,true,0.000429857144,0,0.0343292132,1.39460087,false,false,bar_linear_stillness|bar_angular_stillness,0.424604833,3.77464056,0.619792044,0.06360682,0.0260214973,0.0171386544,0.05,0.02,0.2,0.08726646,0.17453292,0.17453292
170,170,1.7,SETUP,None,false,false,0.108524621,0.113780022,0.113780022,NA,NA,NA,false,false,NONE,0.394685417,-0.102850638,-2.9928298,-2.41525364,true,true,8,true,true,0.677276134,0.759851456,1.241675,-1.16403568,0.102950968,0.255799562,0.887702048,right_upper_arm,true,0.0004988206,0,0.0399597,1.2394526,false,false,bar_linear_stillness|bar_angular_stillness,0.394685417,3.84721446,0.537348568,0.0521767922,0.0124487979,0.0236099362,0.05,0.02,0.2,0.08726646,0.17453292,0.17453292
170,171,1.71,SETUP,None,false,false,0.101142585,0.10490945,0.10490945,NA,NA,NA,false,false,NONE,0.363704681,-0.102245495,-3.09915972,-2.40081215,true,true,8,true,true,0.8257087,0.850487947,1.25202692,-1.164484,0.104826115,0.256205678,0.8872637,right_upper_arm,true,0.000542891852,0,0.043373473,1.12595153,false,false,bar_linear_stillness|bar_angular_stillness,0.363704681,3.92162514,0.437726885,0.03926403,0.0212837886,0.0325288326,0.05,0.02,0.2,0.08726646,0.17453292,0.17453292
170,172,1.72,SETUP,None,false,false,0.09353775,0.09605706,0.09605706,NA,NA,NA,false,false,NONE,0.331655532,-0.102296546,-3.20599937,-2.38369131,true,true,8,true,true,0.894230068,0.9700653,1.274544,-1.15772557,0.104672328,0.2551,0.886615038,right_upper_arm,true,0.000615062134,0,0.0495260134,1.05980265,false,false,bar_linear_stillness|bar_angular_stillness,0.331655532,3.99635839,0.320574284,0.0297253355,0.0309205055,0.0405368619,0.05,0.02,0.2,0.08726646,0.17453292,0.17453292
170,173,1.73,SETUP,None,false,false,0.08597672,0.08705184,0.08705184,NA,NA,NA,false,false,NONE,0.298536032,-0.101805419,-3.31326175,-2.367355,true,true,8,true,true,1.06781757,1.12298954,1.28080428,-1.1700803,0.106126681,0.253952444,0.8862793,right_upper_arm,true,0.000637732446,0,0.0511626266,1.07111847,false,false,bar_linear_stillness|bar_angular_stillness,0.298536032,4.07338142,0.202057138,0.0181914065,0.0402179845,0.0485010631,0.05,0.02,0.2,0.08726646,0.17453292,0.17453292
170,174,1.74,SETUP,None,false,false,0.0779794157,0.0777519941,0.0779794157,NA,NA,NA,false,false,NONE,0.277742982,0.498767316,-2.08588147,-1.8587532,true,true,8,true,true,0.89183414,1.10166013,1.29918015,-1.16749907,0.108947568,0.249311209,0.8846628,right_upper_arm,true,0.005935676,0,0.3479462,2.712204,false,false,bar_linear_stillness|bar_angular_stillness,0.277742982,2.83806872,4.88386965,0.00258374168,0.0540533,0.0591023378,0.05,0.02,0.2,0.08726646,0.17453292,0.17453292
170,175,1.75,SETUP,None,false,false,0.0709651858,0.06876275,0.0709651858,NA,NA,NA,false,false,NONE,0.257001221,0.509753,-2.07084846,-1.85460937,true,true,8,true,true,0.0215553734,0.145690426,1.3080169,-1.18403733,0.118738413,0.244518712,0.8770794,right_upper_arm,true,0.00774058653,0,0.4988655,5.436313,false,false,bar_linear_stillness|bar_angular_stillness,0.257001221,2.8262763,4.79807854,0.0182176,0.0705024,0.0627386346,0.05,0.02,0.2,0.08726646,0.17453292,0.17453292
170,176,1.76,SETUP,None,false,false,0.06687221,0.06417936,0.06687221,NA,NA,NA,false,false,NONE,0.234993011,0.495788246,-2.20781374,-1.79180694,true,true,8,true,true,1.04660857,0.35699904,1.322789,-1.20076752,0.121443845,0.239043027,0.8769142,right_upper_arm,true,0.006912363,0,0.477758,7.654167,false,false,bar_linear_stillness|bar_angular_stillness,0.234993011,2.88631582,4.62722874,0.03161442,0.0804163143,0.065425314,0.05,0.02,0.2,0.08726646,0.17453292,0.17453292
170,177,1.77,SETUP,None,false,false,0.06186503,0.0589479059,0.06186503,NA,NA,NA,false,false,NONE,0.225877523,0.178699225,-0.9067817,-1.46496,true,true,8,true,true,1.14787447,0.9757809,1.333972,-1.21563745,0.122696772,0.235248849,0.8695517,right_upper_arm,true,0.009059824,0,0.7346766,11.5123081,false,false,bar_linear_stillness|bar_angular_stillness,0.225877523,1.73213577,6.610901,0.04347709,0.0948084,0.0700170547,0.05,0.02,0.2,0.08726646,0.17453292,0.17453292
170,178,1.78,SETUP,None,false,false,0.0583037734,0.05494304,0.0583037734,NA,NA,NA,false,false,NONE,0.225451559,-0.03172323,-0.0424489975,-1.23613334,true,true,8,true,true,1.04938328,1.14478016,1.32685268,-1.22869027,0.122383334,0.233263224,0.855907,right_upper_arm,true,0.0117124068,0,0.9399154,15.2610884,false,false,bar_linear_stillness|bar_angular_stillness,0.225451559,1.23726869,5.547082,0.05811777,0.1118555,0.07334714,0.05,0.02,0.2,0.08726646,0.17453292,0.17453292
170,179,1.79,SETUP,None,false,false,0.05741757,0.05345106,0.05741757,NA,NA,NA,false,false,NONE,0.2254161,-0.04339976,-0.00283941627,-1.09517372,true,true,8,true,true,0.4112203,0.799999058,1.31677,-1.23684371,0.124961935,0.232994765,0.8458891,right_upper_arm,true,0.0114015108,0,0.908169866,18.2857571,false,false,bar_linear_stillness|bar_angular_stillness,0.2254161,1.096037,4.91233873,0.06879042,0.123372205,0.07119577,0.05,0.02,0.2,0.08726646,0.17453292,0.17453292
170,180,1.8,SETUP,None,false,false,0.05888778,0.0541278273,0.05888778,NA,NA,NA,false,false,NONE,0.225118309,-0.03943934,-0.02938202,-0.9561311,true,true,8,true,true,1.033603,1.06613851,1.30064642,-1.2496345,0.126352623,0.23064445,0.8845091,left_foot,true,0.009893543,0,0.7919667,20.4604759,false,false,bar_linear_stillness|bar_angular_stillness,0.225118309,0.957395136,4.30033445,0.0736845,0.127124682,0.0645076856,0.05,0.02,0.2,0.08726646,0.17453292,0.17453292
170,181,1.81,SETUP,None,false,false,0.06103486,0.0559223145,0.06103486,NA,NA,NA,false,false,NONE,0.224580526,-0.0305788144,-0.0530097559,-0.7453858,true,true,8,true,true,0.8539982,0.7994374,1.29379249,-1.24407256,0.1237627,0.232205316,0.9521075,left_foot,true,0.009270877,0,0.752105236,20.9579277,false,false,bar_linear_stillness|bar_angular_stillness,0.224580526,0.7478938,3.36985636,0.0753011554,0.124438889,0.0461274534,0.05,0.02,0.2,0.08726646,0.17453292,0.17453292
170,182,1.82,SETUP,None,false,false,0.06434563,0.0592426658,0.06434563,NA,NA,NA,false,false,NONE,0.224289313,-0.0255645588,-0.0454996,-0.61857605,true,true,8,true,true,0.171533644,1.64014387,1.28759682,-1.24283576,0.12192741,0.23303847,0.9163873,left_foot,true,0.008086627,0,0.657130361,20.8332615,false,false,bar_linear_stillness|bar_angular_stillness,0.224289313,0.6207738,2.8029964,0.0723553,0.11550463,0.026403524,0.05,0.02,0.2,0.08726646,0.17453292,0.17453292
170,183,1.83,SETUP,None,false,false,0.0683652163,0.06343427,0.0683652163,NA,NA,NA,false,false,NONE,0.2233887,-0.02168097,-0.09168378,-0.5529571,true,true,8,true,true,0.34466958,2.08361,1.26848245,-1.21379089,0.133028567,0.248423874,0.8895233,left_foot,true,0.00606374955,0,0.486914515,20.6081047,false,false,bar_linear_stillness|bar_angular_stillness,0.2233887,0.5609256,2.534209,0.06692438,0.104510926,0.0229441486,0.05,0.02,0.2,0.08726646,0.17453292,0.17453292
170,184,1.84,SETUP,None,false,false,0.07142444,0.06648879,0.07142444,NA,NA,NA,false,false,NONE,0.222881779,-0.020873338,-0.0649404451,-0.512277365,true,true,8,true,true,1.18786252,1.18007135,1.26406991,-1.22087669,0.118100256,0.249036685,0.868426,left_foot,true,0.00430275826,0,0.338664144,20.44019,false,false,bar_linear_stillness|bar_angular_stillness,0.222881779,0.516798854,2.34488559,0.0576977581,0.09020365,0.02863868,0.05,0.02,0.2,0.08726646,0.17453292,0.17453292
170,185,1.85,SETUP,None,false,false,0.0739142746,0.06968813,0.0739142746,NA,NA,NA,false,false,NONE,0.223902628,-0.0177641138,0.05013275,-0.452272445,true,true,8,true,true,1.13537741,1.21030331,1.255039,-1.20452189,0.116511226,0.2468666,0.85719806,right_upper_arm,true,0.00357833342,0,0.25955233,20.2629833,false,false,bar_linear_stillness|bar_angular_stillness,0.223902628,0.455389082,2.014982,0.0479174368,0.07688384,0.0332967266,0.05,0.02,0.2,0.08726646,0.17453292,0.17453292
170,186,1.86,SETUP,None,false,false,0.07562894,0.0725014359,0.07562894,NA,NA,NA,false,false,NONE,0.224363029,-0.0175444279,0.0343084745,-0.4134779,true,true,8,true,true,1.04758108,1.11640024,1.245907,-1.19307721,0.114701413,0.249523789,0.8605897,right_upper_arm,true,0.00292859739,0,0.1829954,19.9868736,false,false,bar_linear_stillness|bar_angular_stillness,0.224363029,0.4152696,1.74973965,0.03932471,0.06404395,0.0380175859,0.05,0.02,0.2,0.08726646,0.17453292,0.17453292
170,187,1.87,SETUP,None,false,false,0.0769883543,0.0749520361,0.0769883543,NA,NA,NA,false,false,NONE,0.224643156,-0.0151560344,0.0264694765,-0.367586017,true,true,8,true,true,0.95193994,1.01842868,1.2402997,-1.186639,0.111477241,0.253265023,0.8643842,right_upper_arm,true,0.00251370436,0,0.16412212,19.6735687,false,false,bar_linear_stillness|bar_angular_stillness,0.224643156,0.3688493,1.62523282,0.0312121473,0.0516347252,0.04176522,0.05,0.02,0.2,0.08726646,0.17453292,0.17453292
170,188,1.8800000000000001,SETUP,None,false,false,0.07767968,0.07678951,0.07767968,NA,NA,NA,false,false,NONE,0.2248078,-0.0127120521,0.0164773986,-0.327325851,true,true,8,true,true,0.8530077,0.9149003,1.23177123,-1.18079615,0.108249575,0.256675363,0.8679739,right_upper_arm,true,0.002236443,0,0.160123438,19.3459835,false,false,bar_linear_stillness|bar_angular_stillness,0.2248078,0.327986747,1.45943868,0.02398067,0.041827973,0.04482718,0.05,0.02,0.2,0.08726646,0.17453292,0.17453292
170,189,1.8900000000000001,SETUP,None,false,false,0.0778263956,0.0780669,0.0780669,NA,NA,NA,false,false,NONE,0.224942446,-0.0116508827,0.0122019351,-0.288453847,true,true,8,true,true,0.7563774,0.8127776,1.219657,-1.17567062,0.105044894,0.259656936,0.871198833,right_upper_arm,true,0.00208927668,0,0.1558439,19.0165215,false,false,bar_linear_stillness|bar_angular_stillness,0.224942446,0.2889468,1.28751457,0.0175646134,0.0339491256,0.0511894859,0.05,0.02,0.2,0.08726646,0.17453292,0.17453292
170,190,1.9000000000000001,SETUP,None,false,false,0.07739201,0.07873644,0.07873644,NA,NA,NA,false,false,NONE,0.225034639,-0.0105458722,0.006542869,-0.249850318,true,true,8,true,true,0.6636741,0.7131199,1.20405447,-1.17125773,0.101873368,0.262130022,0.8738204,right_upper_arm,true,0.00200407673,0,0.152578846,18.7004929,false,false,bar_linear_stillness|bar_angular_stillness,0.225034639,0.25015837,1.12676835,0.0119803343,0.027195327,0.05623693,0.05,0.02,0.2,0.08726646,0.17453292,0.17453292
170,191,1.9100000000000001,SETUP,None,false,false,0.07647991,0.07888003,0.07888003,NA,NA,NA,false,false,NONE,0.225137651,-0.008722793,0.004174672,-0.213365942,true,true,4,false,true,0,0.618246,1.18664312,-1.16755271,-0.133681208,0.264018148,0.876082063,right_upper_arm,true,0.00197122945,0,0.150191814,18.3850422,false,false,bar_linear_stillness|bar_angular_stillness,0.225137651,0.213584974,0.962562,0.00720939,0.02145116,0.0599436164,0.05,0.02,0.2,0.08726646,0.17453292,0.17453292
170,192,1.92,SETUP,None,false,false,0.0750998855,0.0785115361,0.0785115361,NA,NA,NA,false,false,NONE,0.2252735,-0.00730036432,0.0017497465,-0.178176627,true,false,0,false,false,0,0,NA,NA,NA,NA,0.8779334,right_upper_arm,true,0.001980773,0,0.149350822,18.0750484,false,false,bar_linear_stillness|bar_angular_stillness,0.2252735,0.1783347,0.804457545,0.00316442479,0.0167161059,0.0624834634,0.05,0.02,0.2,0.08726646,0.17453292,0.17453292
170,193,1.93,SETUP,None,false,false,0.0733497143,0.07770309,0.07770309,NA,NA,NA,false,false,NONE,0.2251281,-0.00130831543,-0.01809521,-0.144443423,true,false,0,false,false,0,0,NA,NA,NA,NA,0.879722059,right_upper_arm,true,0.00193604233,0,0.145286337,17.7380657,false,false,bar_linear_stillness|bar_angular_stillness,0.2251281,0.145578325,0.652938366,0.00119604,0.01267654,0.06413324,0.05,0.02,0.2,0.08726646,0.17453292,0.17453292
170,194,1.94,SETUP,None,false,false,0.07125583,0.07647753,0.07647753,NA,NA,NA,false,false,NONE,0.225226864,-0.00459262962,-0.0005631149,-0.111904807,true,false,0,false,false,0,0,NA,NA,NA,NA,0.8809079,right_upper_arm,true,0.00198972016,0,0.1454955,17.4134235,false,false,bar_linear_stillness|bar_angular_stillness,0.225226864,0.112000428,0.5057835,0.00358812045,0.009618035,0.06479538,0.05,0.02,0.2,0.08726646,0.17453292,0.17453292
170,195,1.95,SETUP,None,false,false,0.06890577,0.07492182,0.07492182,NA,NA,NA,false,false,NONE,0.225189075,-0.0066295187,-0.0118371174,-0.0802915,true,false,0,false,false,0,0,NA,NA,NA,NA,0.8818897,right_upper_arm,true,0.00198398577,0,0.142542735,17.07189,false,false,bar_linear_stillness|bar_angular_stillness,0.225189075,0.08142968,0.3648146,0.00556726474,0.009082564,0.06482114,0.05,0.02,0.2,0.08726646,0.17453292,0.17453292
170,196,1.96,SETUP,None,false,false,0.066364646,0.0730888247,0.0730888247,NA,NA,NA,false,false,NONE,0.2250843,0.001800362,-0.0140213668,-0.0503837727,true,false,0,false,false,0,0,NA,NA,NA,NA,0.8827605,right_upper_arm,true,0.00196214649,0,0.138738587,16.7109222,false,false,bar_linear_stillness|bar_angular_stillness,0.2250843,0.0523293838,0.228422835,0.007340481,0.0122557813,0.064229846,0.05,0.02,0.2,0.08726646,0.17453292,0.17453292
170,197,1.97,SETUP,None,false,false,0.06364334,0.07099542,0.07099542,NA,NA,NA,false,false,NONE,0.2251721,-0.0008739637,-0.000336915255,-0.0214523971,true,false,0,false,false,0,0,NA,NA,NA,NA,0.8832078,right_upper_arm,true,0.0019963365,0,0.137243375,16.3514538,false,false,bar_linear_stillness,0.2251721,0.0214728359,0.0972692147,0.00878907,0.0145832207,0.0630344,0.05,0.02,0.2,0.08726646,0.17453292,0.17453292
170,198,1.98,SETUP,None,false,false,0.0608215332,0.06872347,0.06872347,NA,NA,NA,false,false,NONE,0.2250091,-0.00118244591,-0.0162966326,0.006785007,true,false,0,false,false,0,0,NA,NA,NA,NA,0.883742034,right_upper_arm,true,0.0019385718,0,0.131910369,15.9605026,false,true,NONE,0.2250091,0.0176922232,0.0307326484,0.00998294447,0.0163556449,0.0614754632,0.05,0.02,0.2,0.08726646,0.17453292,0.17453292
170,199,1.99,SETUP,None,false,false,0.0578999519,0.0662684739,0.0662684739,NA,NA,NA,false,false,NONE,0.224981815,0.00108055724,-0.00272448361,0.0332466736,true,false,0,false,false,0,0,NA,NA,NA,NA,0.8839903,right_upper_arm,true,0.0019369272,0,0.129000127,15.5650711,false,false,bar_linear_stillness,0.224981815,0.0333756171,0.150535688,0.010852606,0.01741466,0.059468355,0.05,0.02,0.2,0.08726646,0.17453292,0.17453292
170,200,2,SETUP,None,false,false,0.0549355149,0.0636901855,0.0636901855,NA,NA,NA,false,false,NONE,0.224984109,0.00235917186,0.000231407583,0.0588106737,true,false,0,false,false,0,0,NA,NA,NA,NA,0.8840783,right_upper_arm,true,0.00192489976,0,0.125802,15.1586332,false,false,bar_linear_stillness|bar_angular_stillness,0.224984109,0.05885843,0.266515553,0.0114303865,0.0178740881,0.05714128,0.05,0.02,0.2,0.08726646,0.17453292,0.17453292
170,201,2.0100000000000002,SETUP,None,false,false,0.0519729257,0.0610338449,0.0610338449,NA,NA,NA,false,false,NONE,0.224997446,0.00342996279,0.00110884011,0.08338869,true,false,0,false,false,0,0,NA,NA,NA,NA,0.8840694,right_upper_arm,true,0.00190061121,0,0.122054294,14.7390871,false,false,bar_linear_stillness|bar_angular_stillness,0.224997446,0.08346657,0.377959847,0.0118200546,0.0178340264,0.05456262,0.05,0.02,0.2,0.08726646,0.17453292,0.17453292
170,202,2.02,SETUP,None,false,false,0.04904124,0.0583325326,0.0583325326,NA,NA,NA,false,false,NONE,0.225013062,0.004400472,0.001011312,0.10700053,true,false,0,false,false,0,0,NA,NA,NA,NA,0.883989,right_upper_arm,true,0.00186872,0,0.118015029,14.3064919,false,false,bar_linear_stillness|bar_angular_stillness,0.225013062,0.107095756,0.484825134,0.011960417,0.01733232,0.05176847,0.05,0.02,0.2,0.08726646,0.17453292,0.17453292
170,203,2.0300000000000002,SETUP,None,false,false,0.0461630225,0.0556122959,0.0556122959,NA,NA,NA,false,false,NONE,0.225031167,0.005328445,0.0005888045,0.129640922,true,false,0,false,false,0,0,NA,NA,NA,NA,0.8838371,right_upper_arm,true,0.00183482934,0,0.113955729,13.86227,false,false,bar_linear_stillness|bar_angular_stillness,0.225031167,0.129751712,0.587172866,0.0119803343,0.01642837,0.04878537,0.05,0.02,0.2,0.08726646,0.17453292,0.17453292
170,204,2.04,SETUP,None,false,false,0.0433634222,0.0529015362,0.0529015362,NA,NA,NA,false,false,NONE,0.225054279,0.00621449575,-0.000210598111,0.151332021,true,false,0,false,false,0,0,NA,NA,NA,NA,0.88361305,right_upper_arm,true,0.00180252187,0,0.110047288,13.4081888,false,false,bar_linear_stillness|bar_angular_stillness,0.225054279,0.151459709,0.685098052,0.0118402084,0.0151446285,0.0456703,0.05,0.02,0.2,0.08726646,0.17453292,0.17453292
170,205,2.05,SETUP,None,false,false,0.0406672657,0.0502286255,0.0502286255,NA,NA,NA,false,false,NONE,0.225089714,0.00705975853,-0.00143019855,0.172108978,true,false,0,false,false,0,0,NA,NA,NA,NA,0.883315146,right_upper_arm,true,0.00177479594,0,0.106401943,12.9465227,false,false,bar_linear_stillness|bar_angular_stillness,0.225089714,0.172259644,0.7787639,0.0115754744,0.0135316737,0.04243915,0.05,0.02,0.2,0.08726646,0.17453292,0.17453292
170,206,2.06,SETUP,None,false,false,0.038100183,0.04762295,0.04762295,NA,NA,NA,false,false,NONE,0.225153685,0.007865946,-0.00310470164,0.192009419,true,false,0,false,false,0,0,NA,NA,NA,NA,0.882938862,right_upper_arm,true,0.00175595831,0,0.103409156,12.4801283,false,false,bar_linear_stillness|bar_angular_stillness,0.225153685,0.19219555,0.8683582,0.0111772828,0.0115754744,0.03911192,0.05,0.02,0.2,0.08726646,0.17453292,0.17453292
170,207,2.07,SETUP,None,false,false,0.0356889963,0.0451150835,0.0451150835,NA,NA,NA,false,false,NONE,0.225278884,0.008634446,-0.005262308,0.211067185,true,false,0,false,false,0,0,NA,NA,NA,NA,0.8824701,right_upper_arm,true,0.00175286352,0,0.10546764,12.0129061,false,false,bar_linear_stillness|bar_angular_stillness,0.225278884,0.211309254,0.9540609,0.0106530525,0.0111131072,0.0357218459,0.05,0.02,0.2,0.08726646,0.17453292,0.17453292
170,208,2.08,SETUP,None,false,false,0.0334634781,0.0427386761,0.0427386761,NA,NA,NA,false,false,NONE,0.224870965,0.008707054,-0.04082402,0.229225919,true,false,0,false,false,0,0,NA,NA,NA,NA,0.8824376,right_upper_arm,true,0.001602428,0,0.09585451,11.5104513,false,false,bar_linear_stillness|bar_angular_stillness,0.224870965,0.23299557,1.033067,0.0102189807,0.01278889,0.0324260555,0.05,0.02,0.2,0.08726646,0.17453292,0.17453292
170,209,2.09,SETUP,None,false,false,0.031345427,0.040425688,0.040425688,NA,NA,NA,false,false,NONE,0.22483398,0.0100843282,-0.0111790448,0.2475831,true,false,0,false,false,0,0,NA,NA,NA,NA,0.8819545,right_upper_arm,true,0.00164624141,0,0.100989796,11.0299063,false,false,bar_linear_stillness|bar_angular_stillness,0.22483398,0.248040438,1.11564887,0.009593214,0.0147781055,0.0289450772,0.05,0.02,0.2,0.08726646,0.17453292,0.17453292
170,210,2.1,SETUP,None,false,false,0.0294366181,0.038274765,0.038274765,NA,NA,NA,false,false,NONE,0.224830434,0.0108906608,-0.0149001256,0.264291465,true,false,0,false,false,0,0,NA,NA,NA,NA,0.8813493,right_upper_arm,true,0.00166747347,0,0.103983805,10.5562429,false,false,bar_linear_stillness|bar_angular_stillness,0.224830434,0.264935076,1.19061053,0.00884315651,0.0169568434,0.0254938789,0.05,0.02,0.2,0.08726646,0.17453292,0.17453292
170,211,2.11,SETUP,None,false,false,0.0277948678,0.0363422632,0.0363422632,NA,NA,NA,false,false,NONE,0.224364668,0.01096134,-0.04660257,0.279905975,true,false,0,false,false,0,0,NA,NA,NA,NA,0.8811144,right_upper_arm,true,0.00154272141,0,0.09618401,10.0567274,false,false,bar_linear_stillness|bar_angular_stillness,0.224364668,0.2839706,1.25827551,0.008228668,0.018948907,0.02218335,0.05,0.02,0.2,0.08726646,0.17453292,0.17453292
170,212,2.12,SETUP,None,false,false,0.02634272,0.0345678329,0.0345678329,NA,NA,NA,false,false,NONE,0.224191532,0.0121566495,-0.02407661,0.297148257,true,false,0,false,false,0,0,NA,NA,NA,NA,0.880574465,right_upper_arm,true,0.00157579151,0,0.10011667,9.577464,false,false,bar_linear_stillness|bar_angular_stillness,0.224191532,0.298369825,1.33601,0.00743728271,0.0211939812,0.0187719278,0.05,0.02,0.2,0.08726646,0.17453292,0.17453292
170,213,2.13,SETUP,None,false,false,0.025146991,0.03301686,0.03301686,NA,NA,NA,false,false,NONE,0.224033237,0.0127542727,-0.029511638,0.3124171,true,false,0,false,false,0,0,NA,NA,NA,NA,0.879935145,right_upper_arm,true,0.001587586,0,0.102393083,9.105,false,false,bar_linear_stillness|bar_angular_stillness,0.224033237,0.314066947,1.40478647,0.00658727763,0.023498591,0.0154253989,0.05,0.02,0.2,0.08726646,0.17453292,0.17453292
170,214,2.14,SETUP,None,false,false,0.0242655575,0.0317437351,0.0317437351,NA,NA,NA,false,false,NONE,0.223413959,0.0127501357,-0.06198,0.326237649,true,false,0,false,false,0,0,NA,NA,NA,NA,0.8796615,right_upper_arm,true,0.00146019331,0,0.09439098,8.615606,false,false,bar_linear_stillness|bar_angular_stillness,0.223413959,0.33231774,1.46389163,0.005899927,0.025596546,0.0122946268,0.05,0.02,0.2,0.08726646,0.17453292,0.17453292
170,215,2.15,SETUP,None,false,false,0.0236185789,0.03068605,0.03068605,NA,NA,NA,false,false,NONE,0.223376319,0.0127474517,-0.00384101272,0.317470461,true,false,0,false,false,0,0,NA,NA,NA,NA,0.87830013,right_upper_arm,true,0.00151006144,0,0.109379977,8.212245,false,false,bar_linear_stillness|bar_angular_stillness,0.223376319,0.3177495,1.42460191,0.00502716471,0.027913522,0.009108776,0.05,0.02,0.2,0.08726646,0.17453292,0.17453292
170,216,2.16,SETUP,None,false,false,0.02340734,0.0300473869,0.0300473869,NA,NA,NA,false,false,NONE,0.223888427,0.0128019713,0.0398201346,0.3158896,true,false,0,false,false,0,0,NA,NA,NA,NA,0.876630664,right_upper_arm,true,0.00162134063,0,0.125415236,7.90389156,false,false,bar_linear_stillness|bar_angular_stillness,0.223888427,0.3186468,1.41488636,0.004085255,0.0303209443,0.00577742374,0.05,0.02,0.2,0.08726646,0.17453292,0.17453292
170,217,2.17,SETUP,None,false,false,0.0235933065,0.0298058987,0.0298058987,NA,NA,NA,false,false,NONE,0.224026382,0.0130468756,0.0137824491,0.322771251,true,false,0,false,false,0,0,NA,NA,NA,NA,0.8757789,left_upper_arm,true,0.00149785564,0,0.1182537,7.59362745,false,false,bar_linear_stillness|bar_angular_stillness,0.224026382,0.3233287,1.44832087,0.003311685,0.03245545,0.00284714461,0.05,0.02,0.2,0.08726646,0.17453292,0.17453292
170,218,2.18,SETUP,None,false,false,0.0241396725,0.0299080014,0.0299080014,NA,NA,NA,false,false,NONE,0.224410117,0.0132455565,0.03194508,0.3272678,true,false,0,false,false,0,0,NA,NA,NA,NA,0.8748942,left_upper_arm,true,0.00148752239,0,0.119230755,7.314506,false,false,bar_linear_stillness|bar_angular_stillness,0.224410117,0.32908988,1.46774232,0.00239208,0.03454784,0,0.05,0.02,0.2,0.08726646,0.17453292,0.17453292
170,219,2.19,SETUP,None,false,false,0.0251240432,0.0304353237,0.0304353237,NA,NA,NA,false,false,NONE,0.224821761,0.0134955253,0.0276812464,0.3339334,true,false,0,false,false,0,0,NA,NA,NA,NA,0.874182463,left_upper_arm,true,0.00145723834,0,0.117586672,7.05172968,false,false,bar_linear_stillness|bar_angular_stillness,0.224821761,0.335350424,1.49744666,0.001691456,0.03647482,0.002071602,0.05,0.02,0.2,0.08726646,0.17453292,0.17453292
170,220,2.2,SETUP,None,false,false,0.0265027583,0.03135988,0.03135988,NA,NA,NA,false,false,NONE,0.224791288,0.0136820786,-0.00315558165,0.3420093,true,false,0,false,false,0,0,NA,NA,NA,NA,0.874008834,left_upper_arm,true,0.00130332273,0,0.105241261,6.76289749,false,false,bar_linear_stillness|bar_angular_stillness,0.224791288,0.3422974,1.537485,0.00119604,0.0380552,0.004085255,0.05,0.02,0.2,0.08726646,0.17453292,0.17453292
170,221,2.21,SETUP,None,false,false,0.0281898081,0.0326016545,0.0326016545,NA,NA,NA,false,false,NONE,0.225048676,0.0139603578,0.01826942,0.348040968,true,false,0,false,false,0,0,NA,NA,NA,NA,0.8735188,left_upper_arm,true,0.00132117537,0,0.106842071,6.510985,false,false,bar_linear_stillness|bar_angular_stillness,0.225048676,0.348799616,1.56478179,0,0.03965077,0.006019938,0.05,0.02,0.2,0.08726646,0.17453292,0.17453292
170,222,2.22,SETUP,None,false,false,0.0302568376,0.0342299342,0.0342299342,NA,NA,NA,false,false,NONE,0.2253363,0.0142234778,0.0130828843,0.3556441,true,false,0,false,false,0,0,NA,NA,NA,NA,0.873035967,left_upper_arm,true,0.00132795447,0,0.107379466,6.27878428,false,false,bar_linear_stillness|bar_angular_stillness,0.2253363,0.356168777,1.599907,0,0.0411556251,0.00762720173,0.05,0.02,0.2,0.08726646,0.17453292,0.17453292
170,223,2.23,SETUP,None,false,false,0.0326968133,0.0362413228,0.0362413228,NA,NA,NA,false,false,NONE,0.225104347,0.0144907543,-0.02292006,0.36448586,true,false,0,false,false,0,0,NA,NA,NA,NA,0.873042345,left_upper_arm,true,0.00119438767,0,0.09646167,6.02544069,false,false,bar_linear_stillness|bar_angular_stillness,0.225104347,0.365493178,1.64139771,0,0.0423153639,0.008870076,0.05,0.02,0.2,0.08726646,0.17453292,0.17453292
170,224,2.24,SETUP,None,false,false,0.0354341865,0.0385690928,0.0385690928,NA,NA,NA,false,false,NONE,0.2252061,0.0148638887,0.00167703629,0.3719694,true,false,0,false,false,0,0,NA,NA,NA,NA,0.8726418,left_upper_arm,true,0.001241143,0,0.100645877,5.8015,false,false,bar_linear_stillness|bar_angular_stillness,0.2252061,0.372270048,1.69009161,0.000690533954,0.0435264148,0.010148746,0.05,0.02,0.2,0.08726646,0.17453292,0.17453292
170,225,2.25,SETUP,None,false,false,0.03851089,0.0412537158,0.0412537158,NA,NA,NA,false,false,NONE,0.2253385,0.01529935,-0.004755862,0.3832646,true,false,0,false,false,0,0,NA,NA,NA,NA,0.872194648,left_upper_arm,true,0.001269753,0,0.103155054,5.60457468,false,false,bar_linear_stillness|bar_angular_stillness,0.2253385,0.3835993,1.72305644,0.00119604,0.0447046719,0.0113045434,0.05,0.02,0.2,0.08726646,0.17453292,0.17453292
170,226,2.2600000000000002,SETUP,None,false,false,0.04195124,0.0443160534,0.0443160534,NA,NA,NA,false,false,NONE,0.224869341,0.0154972421,-0.0469274335,0.393045455,true,false,0,false,false,0,0,NA,NA,NA,NA,0.8722966,left_upper_arm,true,0.00112608424,0,0.0916617,5.37397861,false,false,bar_linear_stillness|bar_angular_stillness,0.224869341,0.396140218,1.78116488,0.00154408091,0.04550817,0.0121581238,0.05,0.02,0.2,0.08726646,0.17453292,0.17453292
170,227,2.27,SETUP,None,false,false,0.04564792,0.0476608276,0.0476608276,NA,NA,NA,false,false,NONE,0.224777028,0.0165205542,-0.0194146484,0.406423867,true,false,0,false,false,0,0,NA,NA,NA,NA,0.8720095,left_upper_arm,true,0.00118686026,0,0.0967055559,5.186486,false,false,bar_linear_stillness|bar_angular_stillness,0.224777028,0.407222569,1.83294642,0.001953125,0.04646223,0.0131564634,0.05,0.02,0.2,0.08726646,0.17453292,0.17453292
170,228,2.2800000000000002,SETUP,None,false,false,0.0496479273,0.05132699,0.05132699,NA,NA,NA,false,false,NONE,0.224282667,0.0169952717,-0.0494481623,0.4177345,true,false,0,false,false,0,0,NA,NA,NA,NA,0.8719895,left_upper_arm,true,0.00111252,0,0.09079667,4.98622036,false,false,bar_linear_stillness|bar_angular_stillness,0.224282667,0.420994163,1.89122307,0.002071602,0.0472358428,0.01394813,0.05,0.02,0.2,0.08726646,0.17453292,0.17453292
170,229,2.29,SETUP,None,false,false,0.05394432,0.0553025,0.0553025,NA,NA,NA,false,false,NONE,0.223993957,0.017366305,-0.0367383733,0.430672377,true,false,0,false,false,0,0,NA,NA,NA,NA,0.871629834,left_upper_arm,true,0.00114988233,0,0.09444211,4.795407,false,false,bar_linear_stillness|bar_angular_stillness,0.223993957,0.432585239,1.99037766,0.00239208,0.04806649,0.01479423,0.05,0.02,0.2,0.08726646,0.17453292,0.17453292
170,230,2.3000000000000003,SETUP,None,false,false,0.0585649,0.0596227646,0.0596227646,NA,NA,NA,false,false,NONE,0.223707,0.0184110124,-0.0473665521,0.447828442,true,false,0,false,false,0,0,NA,NA,NA,NA,0.871401966,left_upper_arm,true,0.001167816,0,0.09586472,4.6350503,false,false,bar_linear_stillness|bar_angular_stillness,0.223707,0.450702637,2.03447223,0.00258374168,0.0488830246,0.01573149,0.05,0.02,0.2,0.08726646,0.17453292,0.17453292
170,231,2.31,SETUP,None,false,false,0.06345025,0.06422806,0.06422806,NA,NA,NA,false,false,NONE,0.223675162,0.0183175839,-0.00331528485,0.4388742,true,true,8,true,true,0.0384730771,0.038449008,1.23519218,-1.16089177,0.0854973346,0.2774939,0.871389031,left_upper_arm,true,0.001432932,0,0.118348166,4.61597252,false,false,bar_linear_stillness|bar_angular_stillness,0.223675162,0.439268827,1.96911538,0.0102422852,0.0545057729,0.021115087,0.05,0.02,0.2,0.08726646,0.17453292,0.17453292
170,232,2.32,SETUP,None,false,false,0.065561235,0.0658137649,0.0658137649,NA,NA,NA,false,false,NONE,0.224336609,0.01720259,0.0498624668,0.425409526,true,true,8,true,true,0.04522643,0.0442007668,1.28331709,-1.15644956,0.08576285,0.28099522,0.871069551,left_upper_arm,true,0.00191675348,0,0.158161283,4.6875515,false,false,bar_linear_stillness|bar_angular_stillness,0.224336609,0.428667068,1.90624845,0.0207276177,0.06540345,0.0300841145,0.05,0.02,0.2,0.08726646,0.17453292,0.17453292
170,233,2.33,SETUP,None,false,false,0.06496294,0.0646085441,0.06496294,NA,NA,NA,false,false,NONE,0.224423379,0.01702457,0.008499097,0.416362643,true,true,8,true,true,0.0329758227,0.0269172527,1.27985692,-1.15205443,0.08592029,0.281304657,0.8707396,left_upper_arm,true,0.00203980412,0,0.1667422,4.635409,false,false,bar_linear_stillness|bar_angular_stillness,0.224423379,0.416797221,1.86730254,0.02831213,0.0760009661,0.038553182,0.05,0.02,0.2,0.08726646,0.17453292,0.17453292
170,234,2.34,SETUP,None,false,false,0.06347357,0.06260018,0.06347357,NA,NA,NA,false,false,NONE,0.224839449,0.0162019115,0.0318536535,0.401780546,true,true,8,true,true,0.047392033,0.04487481,1.27617872,-1.147814,0.08600599,0.281375825,0.869459152,left_upper_arm,true,0.002173298,0,0.177094117,4.505059,false,false,bar_linear_stillness|bar_angular_stillness,0.224839449,0.403366774,1.79931211,0.03399825,0.08540687,0.0458734669,0.05,0.02,0.2,0.08726646,0.17453292,0.17453292
170,235,2.35,SETUP,None,false,false,0.0619633049,0.0607621968,0.0619633049,NA,NA,NA,false,false,NONE,0.224876538,0.015742898,0.003590092,0.388047576,true,true,8,true,true,0.028945066,0.0374366753,1.27351367,-1.14557981,0.08516621,0.2819271,0.8684198,left_upper_arm,true,0.00206232979,0,0.1666124,4.25575161,false,false,bar_linear_stillness|bar_angular_stillness,0.224876538,0.3883834,1.74096084,0.03828632,0.09329191,0.05163934,0.05,0.02,0.2,0.08726646,0.17453292,0.17453292
170,236,2.36,SETUP,None,false,false,0.06064096,0.05922535,0.06064096,NA,NA,NA,false,false,NONE,0.22510986,0.0148850158,0.01623696,0.370532721,true,true,8,true,true,0.0797665045,0.19111979,1.27017891,-1.1412158,0.085965395,0.281889677,0.867274046,left_upper_arm,true,0.002009482,0,0.161111251,3.956008,false,false,bar_linear_stillness|bar_angular_stillness,0.22510986,0.371186882,1.66057813,0.0419247672,0.10034252,0.05632167,0.05,0.02,0.2,0.08726646,0.17453292,0.17453292
170,237,2.37,SETUP,None,false,false,0.0594986379,0.05796902,0.0594986379,NA,NA,NA,false,false,NONE,0.225357831,0.0140905781,0.009563699,0.351531357,true,true,8,true,true,0.0132337948,0.03187765,1.26799846,-1.13801181,0.08651689,0.282147884,0.8671398,right_upper_arm,true,0.0019488032,0,0.154693022,3.633076,false,false,bar_linear_stillness|bar_angular_stillness,0.225357831,0.3519436,1.57666636,0.04610677,0.107348166,0.0603242926,0.05,0.02,0.2,0.08726646,0.17453292,0.17453292
170,238,2.38,SETUP,None,false,false,0.05849904,0.05674541,0.05849904,NA,NA,NA,false,false,NONE,0.225097388,0.0128782606,-0.0260566287,0.328570455,true,true,8,true,true,0.0325237662,0.032406453,1.26595747,-1.13677144,0.08682636,0.2828866,0.8676244,right_upper_arm,true,0.00181816157,0,0.140040338,3.25876665,false,false,bar_linear_stillness|bar_angular_stillness,0.225097388,0.3298535,1.48465621,0.0507544354,0.113832034,0.0639246851,0.05,0.02,0.2,0.08726646,0.17453292,0.17453292
170,239,2.39,SETUP,None,false,false,0.0571814924,0.0552676022,0.0571814924,NA,NA,NA,false,false,NONE,0.22516495,0.0119469035,-0.00118286908,0.303318232,true,true,8,true,true,0.0393395722,0.0395424254,1.26393712,-1.13189554,0.08864892,0.281769156,0.867690146,right_upper_arm,true,0.00188227068,0,0.142154232,2.90777087,false,false,bar_linear_stillness|bar_angular_stillness,0.22516495,0.303555727,1.371817,0.0547806881,0.1203297,0.067386,0.05,0.02,0.2,0.08726646,0.17453292,0.17453292
170,240,2.4,SETUP,None,false,false,0.0556637943,0.0536375344,0.0556637943,NA,NA,NA,false,false,NONE,0.225275323,0.0109059811,-0.004947938,0.278099328,true,true,8,true,true,0.152312174,0.176049471,1.2631129,-1.13253808,0.08758673,0.282264143,0.8674555,right_upper_arm,true,0.00190072658,0,0.142701089,2.56293917,false,false,bar_linear_stillness|bar_angular_stillness,0.225275323,0.278357059,1.25939512,0.05755707,0.1258098,0.07029916,0.05,0.02,0.2,0.08726646,0.17453292,0.17453292
170,241,2.41,SETUP,None,false,false,0.05432412,0.052153632,0.05432412,NA,NA,NA,false,false,NONE,0.2248937,0.00966369,-0.0380903557,0.251065075,true,true,8,true,true,0.220123366,0.248613164,1.25998151,-1.14399529,0.08735363,0.2825067,0.867606044,right_upper_arm,true,0.00181681232,0,0.132638887,2.1907413,false,false,bar_linear_stillness|bar_angular_stillness,0.2248937,0.2541219,1.1409688,0.0602333061,0.130714908,0.07253634,0.05,0.02,0.2,0.08726646,0.17453292,0.17453292
170,242,2.42,SETUP,None,false,false,0.052909106,0.05064702,0.052909106,NA,NA,NA,false,false,NONE,0.224869773,0.009186602,-0.0095846355,0.229203582,true,true,8,true,true,0.07042692,0.305659533,1.2590251,-1.15892661,0.08500677,0.283012331,0.867349446,right_upper_arm,true,0.00183990377,0,0.135535762,1.87615335,false,false,bar_linear_stillness|bar_angular_stillness,0.224869773,0.229587764,1.02023709,0.0625139847,0.135081127,0.07463952,0.05,0.02,0.2,0.08726646,0.17453292,0.17453292
170,243,2.43,SETUP,None,false,false,0.051621452,0.0492471159,0.051621452,NA,NA,NA,false,false,NONE,0.224900723,0.008280062,-0.0107492879,0.206622615,true,true,8,true,true,0.179910913,0.319212943,1.25836992,-1.16836691,0.08297826,0.283334672,0.86696887,right_upper_arm,true,0.0018218772,0,0.136109114,1.58875525,false,false,bar_linear_stillness|bar_angular_stillness,0.224900723,0.207067654,0.920222163,0.06431889,0.1388269,0.0763328448,0.05,0.02,0.2,0.08726646,0.17453292,0.17453292
170,244,2.44,SETUP,None,false,false,0.0505683124,0.0480525643,0.0505683124,NA,NA,NA,false,false,NONE,0.224528477,0.00731637049,-0.0371462479,0.18413493,true,true,8,true,true,0.0355997123,0.3164201,1.25784945,-1.17395663,0.0817498341,0.2832144,0.867018759,right_upper_arm,true,0.00170049164,0,0.126735345,1.31111312,false,false,bar_linear_stillness|bar_angular_stillness,0.224528477,0.187986821,0.820449,0.0657343939,0.1418315,0.07743091,0.05,0.02,0.2,0.08726646,0.17453292,0.17453292
170,245,2.45,SETUP,None,false,false,0.04964286,0.047004,0.04964286,NA,NA,NA,false,false,NONE,0.224470228,0.00662188372,-0.0114856064,0.165200025,true,true,8,true,true,0.140027076,0.0186599251,1.25749624,-1.1778729,0.0806104243,0.283446729,0.8668558,right_upper_arm,true,0.0016939356,0,0.128363758,1.10207665,false,false,bar_linear_stillness|bar_angular_stillness,0.224470228,0.165731162,0.7364811,0.0668958649,0.14435789,0.07841332,0.05,0.02,0.2,0.08726646,0.17453292,0.17453292
170,246,2.46,SETUP,None,false,false,0.04887104,0.0461703539,0.04887104,NA,NA,NA,false,false,NONE,0.22446534,0.005818774,-0.0111744255,0.145255953,true,true,8,true,true,0.105015717,0.199419275,1.25729167,-1.18000317,0.0798222,0.283851564,0.866693,right_upper_arm,true,0.0016882472,0,0.129118457,0.957157,false,false,bar_linear_stillness|bar_angular_stillness,0.22446534,0.145801291,0.6479232,0.0679709,0.146463379,0.0791248158,0.05,0.02,0.2,0.08726646,0.17453292,0.17453292
170,247,2.47,SETUP,None,false,false,0.0482810736,0.0455243,0.0482810736,NA,NA,NA,false,false,NONE,0.224368334,0.00233262614,-0.0199238583,0.125001281,true,true,6,true,true,0.165448949,0.256154537,1.25721443,-1.19352734,0.0791084245,0.28380093,0.866716862,right_upper_arm,true,0.00166854251,0,0.127688974,0.880513,false,false,bar_linear_stillness|bar_angular_stillness,0.224368334,0.126600638,0.5575483,0.0688423961,0.14851658,0.079596594,0.05,0.02,0.2,0.08726646,0.17453292,0.17453292
170,248,2.48,SETUP,None,false,false,0.0477766842,0.0449050665,0.0477766842,NA,NA,NA,false,false,NONE,0.224125773,0.009217373,-0.0271849036,0.105308309,true,true,6,true,true,0.107227817,0.248221666,1.25611329,-1.18244588,0.0723258555,0.2837994,0.8668723,right_upper_arm,true,0.00162732508,0,0.12428385,0.8713522,false,false,bar_linear_stillness|bar_angular_stillness,0.224125773,0.10915044,0.47186473,0.06952144,0.1500846,0.07980904,0.05,0.02,0.2,0.08726646,0.17453292,0.17453292
170,249,2.49,SETUP,None,false,false,0.0473556668,0.04438743,0.0473556668,NA,NA,NA,false,false,NONE,0.224132732,0.003578269,-0.008368164,0.0891876444,true,true,6,true,true,0.203196555,0.264738768,1.25753272,-1.19577968,0.07844528,0.2837312,0.8667426,right_upper_arm,true,0.00165465754,0,0.127877727,0.9053754,false,false,bar_linear_stillness|bar_angular_stillness,0.224132732,0.0896508,0.398405164,0.07003067,0.151472673,0.08003581,0.05,0.02,0.2,0.08726646,0.17453292,0.17453292
170,250,2.5,SETUP,None,false,false,0.0470335037,0.0439702272,0.0470335037,NA,NA,NA,false,false,NONE,0.224225968,0.00292158639,-0.007136345,0.0729703158,true,true,6,true,true,0.1625659,0.243263125,1.25676072,-1.18460786,0.07180689,0.284220219,0.86653924,right_upper_arm,true,0.001673231,0,0.13059862,0.9604274,false,false,bar_linear_stillness|bar_angular_stillness,0.224225968,0.07337663,0.326119721,0.07056326,0.1525387,0.08016979,0.05,0.02,0.2,0.08726646,0.17453292,0.17453292
170,251,2.5100000000000002,SETUP,None,false,false,0.04681827,0.0436942279,0.04681827,NA,NA,NA,false,false,NONE,0.223866969,0.000987809,-0.03578618,0.0555644259,true,true,8,true,true,0.202759326,0.238878235,1.25815272,-1.18402326,0.07789734,0.284188,0.866712153,right_upper_arm,true,0.0015727093,0,0.122417562,1.03730631,false,false,bar_linear_stillness|bar_angular_stillness,0.223866969,0.06609865,0.2482141,0.07073203,0.153171033,0.07987475,0.05,0.02,0.2,0.08726646,0.17453292,0.17453292
170,252,2.52,SETUP,None,false,false,0.04667236,0.04347229,0.04667236,NA,NA,NA,false,false,NONE,0.2238803,0.0017524655,-0.004541844,0.0438238531,true,true,8,true,true,0.184175715,0.226486191,1.25769866,-1.18356919,0.07793093,0.284154415,0.8666031,right_upper_arm,true,0.0016123415,0,0.126835778,1.09717119,false,false,bar_linear_stillness,0.2238803,0.04409342,0.195927218,0.07091049,0.1537837,0.07978514,0.05,0.02,0.2,0.08726646,0.17453292,0.17453292
170,253,2.5300000000000002,SETUP,None,false,false,0.0465603769,0.0432951152,0.0465603769,NA,NA,NA,false,false,NONE,0.22395435,0.00122950261,-0.00323901325,0.03075311,true,true,8,true,true,0.155587181,0.215982229,1.25737536,-1.18574131,0.07796058,0.284908563,0.8664147,right_upper_arm,true,0.00163573644,0,0.129504666,1.14351249,false,false,bar_linear_stillness,0.22395435,0.0309476443,0.1375337,0.0710817948,0.154208317,0.0796025842,0.05,0.02,0.2,0.08726646,0.17453292,0.17453292
170,254,2.54,SETUP,None,false,false,0.046535,0.043241635,0.046535,NA,NA,NA,false,false,NONE,0.22373952,-0.0001497165,-0.021360606,0.0170078576,true,true,8,true,true,0.121661462,0.179229185,1.2571975,-1.18556345,0.07797645,0.284892678,0.866504848,right_upper_arm,true,0.00157443853,0,0.124590091,1.19167173,false,false,bar_linear_stillness,0.22373952,0.0273050386,0.07640055,0.0710616559,0.154345989,0.0791459,0.05,0.02,0.2,0.08726646,0.17453292,0.17453292
170,255,2.5500000000000003,SETUP,None,false,false,0.046545,0.0432274938,0.046545,NA,NA,NA,false,false,NONE,0.223769054,0.000286206778,-0.000767149031,0.007235324,true,true,8,true,true,0.0692024752,0.16857253,1.257128,-1.185494,0.0779943243,0.284874827,0.866444051,right_upper_arm,true,0.00160372921,0,0.12759079,1.21524739,false,true,NONE,0.223769054,0.007281507,0.03231214,0.07097436,0.154477358,0.07879862,0.05,0.02,0.2,0.08726646,0.17453292,0.17453292
170,256,2.56,SETUP,None,false,false,0.0465874523,0.04324253,0.0465874523,NA,NA,NA,false,false,NONE,0.223703071,-0.000463374075,-0.00647673,-0.003867221,true,true,8,true,true,0.0137697626,0.149878025,1.257173,-1.18553889,0.07800554,0.2848636,0.8664255,right_upper_arm,true,0.00158824516,0,0.126563668,1.23135543,false,true,NONE,0.223703071,0.00755765475,0.0172994826,0.07081626,0.154443368,0.07829462,0.05,0.02,0.2,0.08726646,0.17453292,0.17453292
170,257,2.57,SETUP,None,false,false,0.0466907024,0.0433143377,0.0466907024,NA,NA,NA,false,false,NONE,0.223702937,-0.000597973354,0.000108890235,-0.013168294,true,true,8,true,true,0.0126358261,0.103108011,1.25731933,-1.18568528,0.0780133754,0.284855783,0.8663978,right_upper_arm,true,0.00159118348,0,0.127151743,1.23326373,false,true,NONE,0.223702937,0.0131823141,0.0589584075,0.07053959,0.154296488,0.07775976,0.05,0.02,0.2,0.08726646,0.17453292,0.17453292
170,258,2.58,SETUP,None,false,false,0.046824947,0.0434294045,0.046824947,NA,NA,NA,false,false,NONE,0.223723873,-0.0009090845,0.00221209228,-0.0222198777,true,true,8,true,true,0.0120733222,0.115336224,1.25756061,-1.184169,0.0780163854,0.285954535,0.8663789,right_upper_arm,true,0.0015930268,0,0.127487525,1.2246052,false,false,bar_linear_stillness,0.223723873,0.0223482158,0.09946132,0.070346646,0.153903127,0.0771625,0.05,0.02,0.2,0.08726646,0.17453292,0.17453292
170,259,2.59,SETUP,None,false,false,0.04696393,0.04364258,0.04696393,NA,NA,NA,false,false,NONE,0.223755687,-0.00123255071,0.003282182,-0.03063133,true,true,8,true,true,0.01166422,0.0126510086,1.25788748,-1.18449593,0.07801369,0.285957217,0.8663931,right_upper_arm,true,0.00159267033,0,0.127613559,1.20651007,false,false,bar_linear_stillness,0.223755687,0.03083132,0.137080058,0.07014295,0.15342012,0.0765325353,0.05,0.02,0.2,0.08726646,0.17453292,0.17453292
170,260,2.6,SETUP,None,false,false,0.0471092761,0.0438887626,0.0471092761,NA,NA,NA,false,false,NONE,0.2237958,-0.001542723,0.00407796353,-0.038458474,true,true,8,true,true,0.0112551609,0.0113001876,1.25829744,-1.184906,0.07800524,0.285965681,0.8664136,right_upper_arm,true,0.00159218244,0,0.127699777,1.18065488,false,false,bar_linear_stillness,0.2237958,0.03870483,0.172065645,0.0699045658,0.152830988,0.07585649,0.05,0.02,0.2,0.08726646,0.17453292,0.17453292
170,261,2.61,SETUP,None,false,false,0.0472778678,0.04415171,0.0472778678,NA,NA,NA,false,false,NONE,0.223842874,-0.00183607056,0.00477249175,-0.04578045,true,true,8,true,true,0.009600725,0.010305224,1.2633183,-1.18539214,0.07718252,0.2859794,0.866442442,right_upper_arm,true,0.00159219687,0,0.127762929,1.14942753,false,false,bar_linear_stillness|bar_angular_stillness,0.223842874,0.0460651442,0.204778925,0.06945968,0.15228191,0.07507596,0.05,0.02,0.2,0.08726646,0.17453292,0.17453292
170,262,2.62,SETUP,None,false,false,0.0475251675,0.04441294,0.0475251675,NA,NA,NA,false,false,NONE,0.223895669,-0.00210371427,0.0053575933,-0.0524708852,true,true,8,true,true,0.008697519,0.009257769,1.26387262,-1.17987275,0.07716421,0.286400765,0.866471767,right_upper_arm,true,0.001591826,0,0.127818108,1.11380136,false,false,bar_linear_stillness|bar_angular_stillness,0.223895669,0.052785635,0.234650061,0.06912585,0.151623845,0.07427761,0.05,0.02,0.2,0.08726646,0.17453292,0.17453292
170,263,2.63,SETUP,None,false,false,0.047777012,0.0446946323,0.047777012,NA,NA,NA,false,false,NONE,0.223953232,-0.00234692055,0.00583633035,-0.05854334,true,true,8,true,true,0.007961461,0.008380672,1.2644887,-1.18048882,0.0771419555,0.286423028,0.8665059,right_upper_arm,true,0.00159175019,0,0.127928928,1.076317,false,false,bar_linear_stillness|bar_angular_stillness,0.223953232,0.05888033,0.261738628,0.0687314644,0.15089494,0.0734576,0.05,0.02,0.2,0.08726646,0.17453292,0.17453292
170,264,2.64,SETUP,None,false,false,0.048030287,0.04498589,0.048030287,NA,NA,NA,false,false,NONE,0.2240144,-0.00256613968,0.00619652867,-0.0639594,true,true,8,true,true,0.00706354761,0.00753831957,1.26515985,-1.18116,0.0771160647,0.2864489,0.866539538,right_upper_arm,true,0.00159041118,0,0.12798734,1.0397476,false,false,bar_linear_stillness|bar_angular_stillness,0.2240144,0.06431008,0.28587532,0.06825797,0.1500846,0.07260206,0.05,0.02,0.2,0.08726646,0.17453292,0.17453292
170,265,2.65,SETUP,None,false,false,0.0482977927,0.04528874,0.0482977927,NA,NA,NA,false,false,NONE,0.224078134,-0.002754221,0.006448351,-0.06864505,true,true,8,true,true,0.00637025665,0.0107730394,1.26568747,-1.17637825,0.07793133,0.28646028,0.8665762,right_upper_arm,true,0.00158702629,0,0.127932876,1.0068264,false,false,bar_linear_stillness|bar_angular_stillness,0.224078134,0.06900225,0.30673337,0.06772487,0.149199516,0.07171306,0.05,0.02,0.2,0.08726646,0.17453292,0.17453292
170,266,2.66,SETUP,None,false,false,0.0485761762,0.0456104726,0.0485761762,NA,NA,NA,false,false,NONE,0.224143,-0.00291065546,0.00656630844,-0.07242112,true,true,8,true,true,0.0110209761,0.009327649,1.2664423,-1.1771332,0.077901274,0.286490351,0.8666046,right_upper_arm,true,0.00157823053,0,0.127575174,0.9805028,false,false,bar_linear_stillness|bar_angular_stillness,0.224143,0.0727764145,0.323506236,0.06714493,0.14808856,0.07078259,0.05,0.02,0.2,0.08726646,0.17453292,0.17453292
170,267,2.67,SETUP,None,false,false,0.04888551,0.0459903181,0.04888551,NA,NA,NA,false,false,NONE,0.224207938,-0.003029918,0.00657936931,-0.07541,true,true,8,true,true,0.009501418,0.0079820985,1.26723146,-1.17792225,0.07787038,0.286521256,0.866633236,right_upper_arm,true,0.0015672592,0,0.127070025,0.963061,false,false,bar_linear_stillness|bar_angular_stillness,0.224207938,0.0757570937,0.336759716,0.0663554147,0.14696759,0.06980215,0.05,0.02,0.2,0.08726646,0.17453292,0.17453292
170,268,2.68,SETUP,None,false,false,0.049253732,0.0463817269,0.049253732,NA,NA,NA,false,false,NONE,0.2242725,-0.00313155679,0.00653088838,-0.07790135,true,true,8,true,true,0.008253887,0.00671487255,1.26844072,-1.17080986,0.0785299838,0.286724031,0.8666816,right_upper_arm,true,0.00155983446,0,0.126730353,0.957023263,false,false,bar_linear_stillness|bar_angular_stillness,0.2242725,0.078237325,0.3477839,0.06557822,0.14581348,0.0688112155,0.05,0.02,0.2,0.08726646,0.17453292,0.17453292
170,269,2.69,SETUP,None,false,false,0.0496300161,0.046784386,0.0496300161,NA,NA,NA,false,false,NONE,0.224336073,-0.00321437,0.00641360134,-0.07992433,true,true,8,true,true,0.006914786,0.00545499846,1.26928067,-1.17164981,0.07849793,0.286756068,0.866737962,right_upper_arm,true,0.00155545585,0,0.126576364,0.9639125,false,false,bar_linear_stillness|bar_angular_stillness,0.224336073,0.08024565,0.356712073,0.06481378,0.144632027,0.06782339,0.05,0.02,0.2,0.08726646,0.17453292,0.17453292
170,270,2.7,SETUP,None,false,false,0.05000615,0.0471926332,0.05000615,NA,NA,NA,false,false,NONE,0.22439824,-0.00327656046,0.006233223,-0.08143241,true,true,8,true,true,0.006002451,0.009109091,1.27004337,-1.165738,0.0792619,0.286768079,0.8667968,right_upper_arm,true,0.00155269017,0,0.12653178,0.9847745,false,false,bar_linear_stillness|bar_angular_stillness,0.22439824,0.08173632,0.363342255,0.06404395,0.143425912,0.066845946,0.05,0.02,0.2,0.08726646,0.17453292,0.17453292
170,271,2.71,SETUP,None,false,false,0.0503765643,0.04760684,0.0503765643,NA,NA,NA,false,false,NONE,0.224458575,-0.00331053068,0.00599093,-0.08223091,true,true,8,true,true,0.009485494,0.007395157,1.270905,-1.16659963,0.07922966,0.2868003,0.8668436,right_upper_arm,true,0.00154703378,0,0.126339421,1.01966286,false,false,bar_linear_stillness|bar_angular_stillness,0.224458575,0.08251529,0.3667988,0.063283585,0.142056763,0.06586848,0.05,0.02,0.2,0.08726646,0.17453292,0.17453292
170,272,2.72,SETUP,None,false,false,0.0507604778,0.04806353,0.0507604778,NA,NA,NA,false,false,NONE,0.224517837,-0.003303846,0.005741045,-0.08239858,true,true,8,true,true,0.007793117,0.006004924,1.271771,-1.158253,0.07919811,0.286977053,0.866884232,right_upper_arm,true,0.001540588,0,0.126102924,1.06736588,false,false,bar_linear_stillness|bar_angular_stillness,0.224517837,0.0826643854,0.3674457,0.0623765178,0.14070487,0.06487997,0.05,0.02,0.2,0.08726646,0.17453292,0.17453292
170,273,2.73,SETUP,None,false,false,0.05118391,0.0485269278,0.05118391,NA,NA,NA,false,false,NONE,0.224576637,-0.00329577317,0.00542219728,-0.08219587,true,true,8,true,true,0.006537331,0.00463243155,1.27292514,-1.15911818,0.08048251,0.287008584,0.8669322,right_upper_arm,true,0.00153748773,0,0.126047671,1.126856,false,false,bar_linear_stillness|bar_angular_stillness,0.224576637,0.08244042,0.366449147,0.0615026057,0.139384389,0.06391723,0.05,0.02,0.2,0.08726646,0.17453292,0.17453292
170,274,2.74,SETUP,None,false,false,0.0516037941,0.048982054,0.0516037941,NA,NA,NA,false,false,NONE,0.224636763,-0.003271537,0.00508199632,-0.08160605,true,true,8,true,true,0.005237498,0.008023668,1.27378309,-1.14883518,0.08045155,0.28701818,0.866979241,right_upper_arm,true,0.0015373464,0,0.126192287,1.19646645,false,false,bar_linear_stillness|bar_angular_stillness,0.224636763,0.08182956,0.363734931,0.0606829375,0.138089329,0.06299657,0.05,0.02,0.2,0.08726646,0.17453292,0.17453292
170,275,2.75,SETUP,None,false,false,0.05200906,0.04943022,0.05200906,NA,NA,NA,false,false,NONE,0.224701792,-0.00322856358,0.00472086668,-0.08055548,true,true,8,true,true,0.005428316,0.006240008,1.27455282,-1.14968407,0.08146418,0.287052959,0.8670353,right_upper_arm,true,0.00153718062,0,0.126375228,1.27505028,false,false,bar_linear_stillness|bar_angular_stillness,0.224701792,0.08075826,0.358973563,0.0598878972,0.136731431,0.0621045,0.05,0.02,0.2,0.08726646,0.17453292,0.17453292
170,276,2.7600000000000002,SETUP,None,false,false,0.05242692,0.0499048829,0.05242692,NA,NA,NA,false,false,NONE,0.224778622,-0.00318168849,0.00436297059,-0.07933351,true,true,8,true,true,0.00403671758,0.004888838,1.275388,-1.14785314,0.08142541,0.287206084,0.86711663,right_upper_arm,true,0.00154236844,0,0.126908392,1.362553,false,false,bar_linear_stillness|bar_angular_stillness,0.224778622,0.07951707,0.353442639,0.0591628253,0.135416314,0.0612539649,0.05,0.02,0.2,0.08726646,0.17453292,0.17453292
170,277,2.77,SETUP,None,false,false,0.05282244,0.0503816,0.05282244,NA,NA,NA,false,false,NONE,0.22487928,-0.00311994157,0.004001476,-0.07777844,true,true,8,true,true,0.00547161233,0.003663154,1.27505124,-1.14866936,0.08109781,0.287252665,0.867125452,right_upper_arm,true,0.00155230588,0,0.12784563,1.45518887,false,false,bar_linear_stillness|bar_angular_stillness,0.22487928,0.07794377,0.346441329,0.0584246777,0.134122133,0.06045854,0.05,0.02,0.2,0.08726646,0.17453292,0.17453292
170,278,2.7800000000000002,SETUP,None,false,false,0.0532063842,0.0508455038,0.0532063842,NA,NA,NA,false,false,NONE,0.225025818,-0.00304335542,0.00363969058,-0.0758524239,true,true,8,true,true,0.005191259,0.006767289,1.27584326,-1.14909077,0.08104618,0.2872783,0.8670703,right_upper_arm,true,0.00156940822,0,0.129400223,1.55259788,false,false,bar_linear_stillness|bar_angular_stillness,0.225025818,0.07600065,0.337791741,0.0576564148,0.132892579,0.0597124472,0.05,0.02,0.2,0.08726646,0.17453292,0.17453292
170,279,2.79,SETUP,None,false,false,0.0535928,0.0512951,0.0535928,NA,NA,NA,false,false,NONE,0.2249644,0.0011471787,-0.0113892332,-0.0742400438,true,true,8,true,true,0.005017286,0.005108541,1.27661657,-1.14986849,0.0812330842,0.287280321,0.867191136,right_upper_arm,true,0.00152861117,0,0.126073837,1.63660431,false,false,bar_linear_stillness|bar_angular_stillness,0.2249644,0.07511734,0.331760079,0.0568526164,0.1314938,0.058867868,0.05,0.02,0.2,0.08726646,0.17453292,0.17453292
170,280,2.8000000000000003,SETUP,None,false,false,0.053964287,0.05175005,0.053964287,NA,NA,NA,false,false,NONE,0.225118384,-0.00284690363,0.002936989,-0.07115056,true,true,8,true,true,0.009248801,0.00375739951,1.27736187,-1.15094841,0.08121682,0.287375182,0.867117643,right_upper_arm,true,0.00156872428,0,0.129598975,1.73408461,false,false,bar_linear_stillness|bar_angular_stillness,0.225118384,0.07126804,0.31675595,0.0561732948,0.13024132,0.0582366325,0.05,0.02,0.2,0.08726646,0.17453292,0.17453292
170,281,2.81,SETUP,None,false,false,0.0543159842,0.0521918237,0.0543159842,NA,NA,NA,false,false,NONE,0.225047916,-0.007302867,-0.0134990066,-0.06862794,true,true,8,true,true,0.005587228,0.00244420348,1.2780776,-1.15166414,0.08115112,0.287440866,0.8671391,right_upper_arm,true,0.001532311,0,0.12668626,1.81910563,false,false,bar_linear_stillness|bar_angular_stillness,0.225047916,0.07032318,0.307015955,0.0553479679,0.128958181,0.05746171,0.05,0.02,0.2,0.08726646,0.17453292,0.17453292
170,282,2.82,SETUP,None,false,false,0.0547033846,0.0526209772,0.0547033846,NA,NA,NA,false,false,NONE,0.225001052,0.000438803341,-0.008653618,-0.06568412,true,true,8,true,true,0.00328164082,0.00462871371,1.27903485,-1.15206432,0.08109877,0.287421972,0.8672133,right_upper_arm,true,0.00152483571,0,0.126226917,1.90416622,false,false,bar_linear_stillness|bar_angular_stillness,0.225001052,0.0662531555,0.2922052,0.0545932,0.127770513,0.05677707,0.05,0.02,0.2,0.08726646,0.17453292,0.17453292
170,283,2.83,SETUP,None,false,false,0.0550474823,0.0530131459,0.0550474823,NA,NA,NA,false,false,NONE,0.225114971,-0.002475585,0.00199119,-0.0618270077,true,true,8,true,true,0.0022504935,0.003444343,1.27968407,-1.15271342,0.0810934,0.287427366,0.867110252,right_upper_arm,true,0.00155979022,0,0.12931481,1.99902284,false,false,bar_linear_stillness|bar_angular_stillness,0.225114971,0.06190858,0.275165617,0.0539694168,0.126643315,0.05624965,0.05,0.02,0.2,0.08726646,0.17453292,0.17453292
170,284,2.84,SETUP,None,false,false,0.0553845763,0.0534248352,0.0553845763,NA,NA,NA,false,false,NONE,0.225060135,-0.005764396,-0.0103766546,-0.0585235581,true,true,8,true,true,0.001917614,0.00261834916,1.28024578,-1.15367508,0.08112266,0.287535965,0.867144644,right_upper_arm,true,0.00153316837,0,0.127132982,2.08228254,false,false,bar_linear_stillness|bar_angular_stillness,0.225060135,0.05971524,0.26150015,0.0533740968,0.125502229,0.055661574,0.05,0.02,0.2,0.08726646,0.17453292,0.17453292
170,285,2.85,SETUP,None,false,false,0.0557042658,0.0538210124,0.0557042658,NA,NA,NA,false,false,NONE,0.225187674,-0.00220364425,0.00147066265,-0.0547697246,true,true,8,true,true,0.00434767874,0.00184647029,1.28081918,-1.15424848,0.08109408,0.287564546,0.8670621,right_upper_arm,true,0.00156811427,0,0.1301415,2.17615819,false,false,bar_linear_stillness|bar_angular_stillness,0.225187674,0.0548337623,0.243688941,0.0528668649,0.124519385,0.05523584,0.05,0.02,0.2,0.08726646,0.17453292,0.17453292
170,286,2.86,SETUP,None,false,false,0.056011796,0.0541979074,0.056011796,NA,NA,NA,false,false,NONE,0.225104213,0.00214365846,-0.0137383938,-0.05156953,true,true,8,true,true,0.003989732,0.00150229584,1.28136063,-1.15462971,0.08111726,0.2875303,0.867166638,right_upper_arm,true,0.00153028884,0,0.12698862,2.24925876,false,false,bar_linear_stillness|bar_angular_stillness,0.225104213,0.05341119,0.229631737,0.05225899,0.123524867,0.054711,0.05,0.02,0.2,0.08726646,0.17453292,0.17453292
170,287,2.87,SETUP,None,false,false,0.0563235879,0.0545486659,0.0563235879,NA,NA,NA,false,false,NONE,0.225242049,-0.00189111778,0.00104738027,-0.04732939,true,true,8,true,true,0.00362343551,0.003930517,1.28217316,-1.15512574,0.08101386,0.287526,0.8670569,right_upper_arm,true,0.00157119858,0,0.130495027,2.33420467,false,false,bar_linear_stillness|bar_angular_stillness,0.225242049,0.0473787338,0.210554019,0.05175465,0.122705191,0.0543743744,0.05,0.02,0.2,0.08726646,0.17453292,0.17453292
170,288,2.88,SETUP,None,false,false,0.0566176623,0.0548817664,0.0566176623,NA,NA,NA,false,false,NONE,0.225152835,-0.006375986,-0.015509285,-0.04360526,true,true,8,true,true,0.003337054,0.00323179644,1.282631,-1.15558362,0.0809610561,0.287578821,0.8670889,right_upper_arm,true,0.00153279863,0,0.127262443,2.400939,false,false,bar_linear_stillness,0.225152835,0.04671841,0.195917889,0.0512593053,0.121756628,0.05392964,0.05,0.02,0.2,0.08726646,0.17453292,0.17453292
170,289,2.89,SETUP,None,false,false,0.05689667,0.0552083552,0.05689667,NA,NA,NA,false,false,NONE,0.22508879,0.00151927024,-0.01042442,-0.040047776,true,true,8,true,true,0.002869667,0.00239625154,1.28305316,-1.15637732,0.08097298,0.287605882,0.8671362,right_upper_arm,true,0.00152537914,0,0.126722917,2.46362019,false,false,bar_linear_stillness,0.22508879,0.0414101556,0.178183287,0.0507967,0.120899335,0.0535703041,0.05,0.02,0.2,0.08726646,0.17453292,0.17453292
170,290,2.9,SETUP,None,false,false,0.0571411848,0.05549927,0.0571411848,NA,NA,NA,false,false,NONE,0.224999785,-0.00264587579,-0.008915111,-0.0362053141,true,true,8,true,true,0.00253806426,0.00340485014,1.28341246,-1.15675879,0.0809638649,0.28762114,0.867117643,right_upper_arm,true,0.00151898013,0,0.126168057,2.520013,false,false,bar_linear_stillness,0.224999785,0.03738054,0.1615227,0.05034879,0.120389156,0.05328915,0.05,0.02,0.2,0.08726646,0.17453292,0.17453292
170,291,2.91,SETUP,None,false,false,0.05735694,0.0556352735,0.05735694,NA,NA,NA,false,false,NONE,0.22502394,-0.00130511017,0.00047711283,-0.03248523,true,true,8,true,true,0.004792746,0.00367632438,1.28375149,-1.15709782,0.08095501,0.287629962,0.8669759,right_upper_arm,true,0.001543717,0,0.128254414,2.57921243,false,false,bar_linear_stillness,0.22502394,0.0325149372,0.144541979,0.04996371,0.120212667,0.05314577,0.05,0.02,0.2,0.08726646,0.17453292,0.17453292
170,292,2.92,SETUP,None,false,false,0.05757478,0.0556332022,0.05757478,NA,NA,NA,false,false,NONE,0.224992663,-0.00162411993,-0.003122747,-0.0287758447,true,true,8,true,true,0.00397384,0.003700735,1.28405058,-1.157397,0.080944255,0.28764075,0.8668771,right_upper_arm,true,0.0015332863,0,0.127410427,2.62608647,false,false,bar_linear_stillness,0.224992663,0.028990319,0.1282284,0.0494649,0.120061748,0.052966,0.05,0.02,0.2,0.08726646,0.17453292,0.17453292
170,293,2.93,SETUP,None,false,false,0.0578041375,0.0555960238,0.0578041375,NA,NA,NA,false,false,NONE,0.225002646,-0.00101114146,0.000300750136,-0.02519282,true,true,8,true,true,0.00551668275,0.00371419033,1.28431165,-1.1575321,0.0809371248,0.2876247,0.8667775,right_upper_arm,true,0.00153401028,0,0.127504691,2.66685963,false,false,bar_linear_stillness,0.225002646,0.0252148975,0.112099536,0.0490485877,0.119831041,0.05288941,0.05,0.02,0.2,0.08726646,0.17453292,0.17453292
170,294,2.94,SETUP,None,false,false,0.0579417348,0.05556433,0.0579417348,NA,NA,NA,false,false,NONE,0.224992216,-0.00105209171,-0.00103981048,-0.0218739677,true,true,8,true,true,0.005823613,0.00384314824,1.28476644,-1.157759,0.0807793438,0.287633061,0.8667264,right_upper_arm,true,0.00152391917,0,0.126657829,2.69823027,false,false,bar_linear_stillness,0.224992216,0.0219239276,0.0974146053,0.0486924164,0.119476147,0.0528758839,0.05,0.02,0.2,0.08726646,0.17453292,0.17453292
170,295,2.95,SETUP,None,false,false,0.0579850078,0.05554545,0.0579850078,NA,NA,NA,false,false,NONE,0.224996626,-0.000748360355,0.000183299184,-0.0186398663,true,true,8,true,true,0.004480112,0.00390015147,1.28495789,-1.15795052,0.0807741,0.2876383,0.8666644,right_upper_arm,true,0.00151662971,0,0.126080692,2.72092462,false,true,NONE,0.224996626,0.0186557826,0.08294928,0.048224967,0.119064115,0.0528668649,0.05,0.02,0.2,0.08726646,0.17453292,0.17453292
170,296,2.96,SETUP,None,false,false,0.0579991937,0.0555458367,0.0579991937,NA,NA,NA,false,false,NONE,0.224993259,-0.0006852389,-0.00033403933,-0.0153979817,true,true,8,true,true,0.00435017841,0.004068749,1.28511643,-1.15810907,0.08077002,0.2876424,0.866624832,right_upper_arm,true,0.001502789,0,0.12496525,2.73525929,false,true,NONE,0.224993259,0.015416841,0.06856034,0.04768799,0.118586294,0.05285333,0.05,0.02,0.2,0.08726646,0.17453292,0.17453292
170,297,2.97,SETUP,None,false,false,0.0579980761,0.05555752,0.0579980761,NA,NA,NA,false,false,NONE,0.224993348,-0.0005107658,1.47372484E-05,-0.0123210205,true,true,8,true,true,0.00410610624,0.004221719,1.285245,-1.15823758,0.08076838,0.287644029,0.866594136,right_upper_arm,true,0.001491191,0,0.12403015,2.742499,false,true,NONE,0.224993348,0.0123316115,0.0548481345,0.04716512,0.118128762,0.0528352819,0.05,0.02,0.2,0.08726646,0.17453292,0.17453292
170,298,2.98,SETUP,None,false,false,0.0579932332,0.05556959,0.0579932332,NA,NA,NA,false,false,NONE,0.224993885,-0.000383729523,5.711615E-05,-0.009454264,true,true,8,true,true,0.0040045823,0.00434670551,1.28534532,-1.15833783,0.08076831,0.2876441,0.8665615,right_upper_arm,true,0.00148095016,0,0.12320368,2.74308157,false,true,NONE,0.224993885,0.009462221,0.0420875922,0.0466619469,0.117687695,0.05279465,0.05,0.02,0.2,0.08726646,0.17453292,0.17453292
170,299,2.99,SETUP,None,false,false,0.0579907447,0.05558701,0.0579907447,NA,NA,NA,false,false,NONE,0.224994257,-0.000274376362,4.055351E-05,-0.00677800039,true,true,8,true,true,0.00407752628,0.00445663324,1.28541923,-1.15841186,0.08076957,0.287642837,0.8665456,right_upper_arm,true,0.00147183565,0,0.122449622,2.73946333,false,true,NONE,0.224994257,0.00678367261,0.0301873516,0.046179112,0.117275484,0.0527630262,0.05,0.02,0.2,0.08726646,0.17453292,0.17453292
170,300,3,SETUP,None,false,false,0.0579852,0.05560398,0.0579852,NA,NA,NA,false,false,NONE,0.224994555,-0.00017391883,2.668053E-05,-0.00433340436,true,true,8,true,true,0.004223345,0.00456835236,1.28546929,-1.158774,0.0807719,0.2876774,0.866528,right_upper_arm,true,0.001465048,0,0.121883176,2.731906,false,true,NONE,0.224994555,0.004336975,0.01931235,0.0457485467,0.1168904,0.0527359024,0.05,0.02,0.2,0.08726646,0.17453292,0.17453292
170,301,3.0100000000000002,SETUP,None,false,false,0.05798027,0.05562219,0.05798027,NA,NA,NA,false,false,NONE,0.224994764,-8.32921651E-05,1.24126673E-05,-0.002091375,true,true,8,true,true,0.00439472729,0.00464978069,1.28549623,-1.158801,0.08077501,0.2876743,0.8665109,right_upper_arm,true,0.00146017841,0,0.121471576,2.72145224,false,true,NONE,0.224994764,0.00209306972,0.009339039,0.0453507081,0.116540894,0.05271329,0.05,0.02,0.2,0.08726646,0.17453292,0.17453292
170,302,3.02,SETUP,None,false,false,0.0579738766,0.0556380153,0.0579738766,NA,NA,NA,false,false,NONE,0.224994764,-2.36886262E-06,-7.107854E-06,-3.178604E-05,true,true,8,true,true,0.004555188,0.004739739,1.28550243,-1.158807,0.08077847,0.287670851,0.8664928,right_upper_arm,true,0.00145673519,0,0.121177144,2.70876575,false,true,NONE,0.224994764,3.2657088E-05,0.000183835014,0.0449970663,0.1162355,0.0527087674,0.05,0.02,0.2,0.08726646,0.17453292,0.17453292
170,303,3.0300000000000002,SETUP,None,false,false,0.0579653829,0.0556506664,0.0579653829,NA,NA,NA,false,false,NONE,0.224994659,7.41714757E-05,-1.8261373E-05,0.00186235073,true,true,8,true,true,0.00468259444,0.00481158635,1.28548813,-1.15879285,0.08078248,0.287666827,0.866473,right_upper_arm,true,0.00145456567,0,0.120987065,2.69438934,false,true,NONE,0.224994659,0.00186391664,0.0082477415,0.0446886681,0.115966335,0.0527178161,0.05,0.02,0.2,0.08726646,0.17453292,0.17453292
170,304,3.04,SETUP,None,false,false,0.05795473,0.0556594431,0.05795473,NA,NA,NA,false,false,NONE,0.224994421,0.000143911835,-3.07858E-05,0.00360405515,true,true,8,true,true,0.00476835854,0.00486609666,1.285456,-1.15876055,0.08078689,0.287662417,0.8664527,right_upper_arm,true,0.0014532347,0,0.120866738,2.67866683,false,true,NONE,0.224994421,0.00360705866,0.0159949251,0.0444210954,0.115739837,0.0527449436,0.05,0.02,0.2,0.08726646,0.17453292,0.17453292
170,305,3.0500000000000003,SETUP,None,false,false,0.0579416454,0.0556640923,0.0579416454,NA,NA,NA,false,false,NONE,0.224994,0.000206411729,-4.7698617E-05,0.00520410854,true,true,8,true,true,0.00481660431,0.004904273,1.28540635,-1.15871108,0.08079127,0.287658036,0.8664322,right_upper_arm,true,0.00145255507,0,0.120799407,2.66192842,false,true,NONE,0.224994,0.0052084187,0.0231112838,0.0441896766,0.115554191,0.05279013,0.05,0.02,0.2,0.08726646,0.17453292,0.17453292
170,306,3.06,SETUP,None,false,false,0.0579259843,0.0556646138,0.0579259843,NA,NA,NA,false,false,NONE,0.224993557,0.000267314841,-5.29289246E-05,0.00666883448,true,true,8,true,true,0.00483607734,0.004928582,1.285341,-1.15864563,0.08079647,0.28765285,0.8664116,right_upper_arm,true,0.00145232258,0,0.120768771,2.64435244,false,true,NONE,0.224993557,0.0066743996,0.02962765,0.04398958,0.115405455,0.05285333,0.05,0.02,0.2,0.08726646,0.17453292,0.17453292
170,307,3.0700000000000003,SETUP,None,false,false,0.05790791,0.0556609333,0.05790791,NA,NA,NA,false,false,NONE,0.224992961,0.0003204838,-6.60941E-05,0.008004501,true,true,8,true,true,0.004837573,0.00494218757,1.28526139,-1.158566,0.08080175,0.287647575,0.8663914,right_upper_arm,true,0.00145227753,0,0.12075416,2.62609315,false,true,NONE,0.224992961,0.008011187,0.0355685577,0.04383211,0.115293778,0.05292096,0.05,0.02,0.2,0.08726646,0.17453292,0.17453292
170,308,3.08,SETUP,None,false,false,0.057887435,0.05565329,0.057887435,NA,NA,NA,false,false,NONE,0.224992141,0.000367199071,-8.455664E-05,0.009218096,true,true,8,true,true,0.00482941465,0.004948923,1.28516841,-1.15847313,0.08080714,0.287642181,0.866372466,right_upper_arm,true,0.00145246519,0,0.1207567,2.60735321,false,true,NONE,0.224992141,0.009225794,0.0409660973,0.04370136,0.115221336,0.0530109964,0.05,0.02,0.2,0.08726646,0.17453292,0.17453292
170,309,3.09,SETUP,None,false,false,0.05786483,0.0556419641,0.05786483,NA,NA,NA,false,false,NONE,0.2249913,0.000412995578,-9.135902E-05,0.0103113931,true,true,8,true,true,0.004816801,0.004950387,1.28506374,-1.15836835,0.08081311,0.28763622,0.866353869,right_upper_arm,true,0.00145270291,0,0.120763779,2.58812571,false,true,NONE,0.2249913,0.0103200646,0.04583023,0.04360304,0.115179926,0.0531053767,0.05,0.02,0.2,0.08726646,0.17453292,0.17453292
170,310,3.1,SETUP,None,false,false,0.057840094,0.055627197,0.057840094,NA,NA,NA,false,false,NONE,0.224990234,0.000450574327,-0.000110134482,0.0112930909,true,true,8,true,true,0.00480268942,0.00494784443,1.28494811,-1.15825284,0.08081906,0.28763026,0.8663361,right_upper_arm,true,0.00145299989,0,0.120775081,2.568564,false,true,NONE,0.224990234,0.0113026127,0.0501963049,0.04352094,0.1151675,0.0532130264,0.05,0.02,0.2,0.08726646,0.17453292,0.17453292
170,311,3.11,SETUP,None,false,false,0.05781354,0.05560918,0.05781354,NA,NA,NA,false,false,NONE,0.224989116,0.000486536272,-0.000118404627,0.0121647865,true,true,8,true,true,0.004786946,0.004942351,1.284823,-1.15812767,0.08082522,0.2876241,0.86631906,right_upper_arm,true,0.00145331956,0,0.120788492,2.54869843,false,true,NONE,0.224989116,0.0121750878,0.0540751629,0.0434716,0.115184069,0.0533338748,0.05,0.02,0.2,0.08726646,0.17453292,0.17453292
170,312,3.12,SETUP,None,false,false,0.0577852875,0.05558835,0.0577852875,NA,NA,NA,false,false,NONE,0.22498779,0.000516569533,-0.000133693218,0.0129280761,true,true,8,true,true,0.00477113435,0.004935796,1.28468943,-1.157994,0.08083135,0.287617981,0.8662955,right_upper_arm,true,0.001453701,0,0.120814033,2.52817059,false,true,NONE,0.22498779,0.0129390834,0.0574728362,0.0434441678,0.115223408,0.05345891,0.05,0.02,0.2,0.08726646,0.17453292,0.17453292
170,313,3.13,SETUP,None,false,false,0.0577568859,0.05556625,0.0577568859,NA,NA,NA,false,false,NONE,0.224986345,0.000545366958,-0.000144585967,0.0136126615,true,true,8,true,true,0.004741811,0.00491737435,1.28454828,-1.15785289,0.08083768,0.287611634,0.8662832,right_upper_arm,true,0.00145360373,0,0.120787852,2.50803351,false,true,NONE,0.224986345,0.0136243487,0.0605146773,0.0434277,0.115287572,0.0535881072,0.05,0.02,0.2,0.08726646,0.17453292,0.17453292
170,314,3.14,SETUP,None,false,false,0.0577247,0.0555397719,0.0577247,NA,NA,NA,false,false,NONE,0.2249848,0.0005685819,-0.000157624483,0.014179999,true,true,8,true,true,0.0047151274,0.00490153534,1.28440118,-1.1577059,0.0808443055,0.287605017,0.8662679,right_upper_arm,true,0.00145389675,0,0.12079557,2.487624,false,true,NONE,0.2249848,0.0141922692,0.0630403459,0.04343319,0.115372375,0.0537258722,0.05,0.02,0.2,0.08726646,0.17453292,0.17453292
170,315,3.15,SETUP,None,false,false,0.0576926619,0.0555121,0.0576926619,NA,NA,NA,false,false,NONE,0.224983022,0.000586491,-0.000174485147,0.0146495271,true,true,8,true,true,0.004674096,0.00488296337,1.28424883,-1.15755355,0.08085086,0.287598461,0.8662461,right_upper_arm,true,0.001454162,0,0.120808125,2.466717,false,true,NONE,0.224983022,0.0146623012,0.06513102,0.0434496552,0.115469515,0.0538632758,0.05,0.02,0.2,0.08726646,0.17453292,0.17453292
170,316,3.16,SETUP,None,false,false,0.05766149,0.0554843247,0.05766149,NA,NA,NA,false,false,NONE,0.2249811,0.0006017328,-0.000192210078,0.0150528317,true,true,8,true,true,0.00444102054,0.004853301,1.284092,-1.15739667,0.08085748,0.287591845,0.8662346,right_upper_arm,true,0.00145430106,0,0.120801412,2.446453,false,true,NONE,0.2249811,0.01506608,0.0669216663,0.0435099825,0.115597539,0.05400475,0.05,0.02,0.2,0.08726646,0.17453292,0.17453292
170,317,3.17,SETUP,None,false,false,0.0576334,0.0554525256,0.0576334,NA,NA,NA,false,false,NONE,0.224979073,0.000616531761,-0.000200219452,0.0153688071,true,true,8,true,true,0.00512368558,0.004824157,1.283932,-1.1572367,0.08086417,0.287585139,0.8662244,right_upper_arm,true,0.00145499466,0,0.120841861,2.42648268,false,true,NONE,0.224979073,0.0153824715,0.06832976,0.043635834,0.115750141,0.05415026,0.05,0.02,0.2,0.08726646,0.17453292,0.17453292
170,318,3.18,SETUP,None,false,false,0.0576088727,0.0554177165,0.0576088727,NA,NA,NA,false,false,NONE,0.224976838,0.000621768064,-0.000220283866,0.0155543815,true,true,8,true,true,0.005256412,0.00479609845,1.28377032,-1.157075,0.08087059,0.287578732,0.866214633,right_upper_arm,true,0.00145642017,0,0.12094108,2.40680814,false,true,NONE,0.224976838,0.0155683625,0.0691569448,0.0438157879,0.115935475,0.0542865954,0.05,0.02,0.2,0.08726646,0.17453292,0.17453292
170,319,3.19,SETUP,None,false,false,0.05758874,0.0553806573,0.05758874,NA,NA,NA,false,false,NONE,0.224974528,0.00062524114,-0.000227853656,0.0156046236,true,true,8,true,true,0.005728165,0.00477700634,1.28360844,-1.15691316,0.08087679,0.287572533,0.8662153,right_upper_arm,true,0.00145829946,0,0.121060349,2.38818336,false,true,NONE,0.224974528,0.0156188067,0.06937845,0.0440275073,0.116151325,0.05441821,0.05,0.02,0.2,0.08726646,0.17453292,0.17453292
170,320,3.2,SETUP,None,false,false,0.0575704277,0.0553398281,0.0575704277,NA,NA,NA,false,false,NONE,0.224972129,0.000621054,-0.000238254666,0.0155067695,true,true,8,true,true,0.006266248,0.00476670172,1.28344822,-1.15675282,0.0808821842,0.287567139,0.866216,right_upper_arm,true,0.00146101846,0,0.121242367,2.37037015,false,true,NONE,0.224972129,0.01552103,0.06894488,0.04428131,0.116389327,0.0545538738,0.05,0.02,0.2,0.08726646,0.17453292,0.17453292
170,321,3.21,SETUP,None,false,false,0.05755636,0.0552972555,0.05755636,NA,NA,NA,false,false,NONE,0.2249697,0.0006127462,-0.000243216753,0.0152816195,true,true,8,true,true,0.006817143,0.00475040777,1.28328967,-1.1565944,0.08088699,0.2875623,0.8662155,right_upper_arm,true,0.00146419834,0,0.121462971,2.3533237,false,true,NONE,0.2249697,0.0152958333,0.0679452345,0.0445604324,0.116647288,0.054676123,0.05,0.02,0.2,0.08726646,0.17453292,0.17453292
170,322,3.22,SETUP,None,false,false,0.0575455427,0.0552532226,0.0575455427,NA,NA,NA,false,false,NONE,0.224967167,0.0005997072,-0.000248737633,0.0149576962,true,true,8,true,true,0.007320343,0.004716237,1.2831347,-1.1564393,0.08089085,0.287558466,0.8662215,right_upper_arm,true,0.00146727625,0,0.121669553,2.33753943,false,true,NONE,0.224967167,0.01497178,0.0665031448,0.04485908,0.116925091,0.0548068,0.05,0.02,0.2,0.08726646,0.17453292,0.17453292
170,323,3.23,SETUP,None,false,false,0.05753641,0.0552068949,0.05753641,NA,NA,NA,false,false,NONE,0.224964619,0.0005830486,-0.000250577927,0.0145341279,true,true,8,true,true,0.00775470259,0.00466865348,1.28298354,-1.15628827,0.08089398,0.287555337,0.866226852,right_upper_arm,true,0.00147070689,0,0.121904284,2.322755,false,true,NONE,0.224964619,0.0145479757,0.06462013,0.04517687,0.117214449,0.0549284853,0.05,0.02,0.2,0.08726646,0.17453292,0.17453292
170,324,3.24,SETUP,None,false,false,0.0575305372,0.055159837,0.0575305372,NA,NA,NA,false,false,NONE,0.224962056,0.000561807654,-0.000253513455,0.0140281236,true,true,8,true,true,0.008147542,0.00460630748,1.28283763,-1.15614235,0.08089726,0.287552059,0.8662295,right_upper_arm,true,0.00147416256,0,0.122145757,2.30897141,false,true,NONE,0.224962056,0.0140416576,0.06237005,0.04552912,0.117523395,0.0550282374,0.05,0.02,0.2,0.08726646,0.17453292,0.17453292
170,325,3.25,SETUP,None,false,false,0.05752848,0.0551113635,0.05752848,NA,NA,NA,false,false,NONE,0.224959537,0.0005408585,-0.000250510871,0.013483176,true,true,8,true,true,0.00702249026,0.0045066,1.2826972,-1.15598845,0.08090043,0.287614167,0.866235256,right_upper_arm,true,0.0014771088,0,0.122347154,2.29624128,false,true,NONE,0.224959537,0.0134963449,0.059946578,0.0458682664,0.117843673,0.0551278144,0.05,0.02,0.2,0.08726646,0.17453292,0.17453292
170,326,3.2600000000000002,SETUP,None,false,false,0.0575318038,0.0550625175,0.0575318038,NA,NA,NA,false,false,NONE,0.224957064,0.0005178174,-0.000245429575,0.0128947515,true,true,8,true,true,0.007455725,0.004435187,1.28256226,-1.15585351,0.08090313,0.287611485,0.866244853,right_upper_arm,true,0.00148059207,0,0.122598246,2.28480721,false,true,NONE,0.224957064,0.012907478,0.0573298037,0.0462152436,0.118150972,0.05523584,0.05,0.02,0.2,0.08726646,0.17453292,0.17453292
170,327,3.27,SETUP,None,false,false,0.0575175434,0.0550132543,0.0575175434,NA,NA,NA,false,false,NONE,0.224954635,0.0004921498,-0.000242874026,0.0122722043,true,true,8,true,true,0.00777014066,0.00435393257,1.28243351,-1.15572476,0.08090555,0.287609071,0.866256952,right_upper_arm,true,0.00148381758,0,0.122831792,2.27431464,false,true,NONE,0.224954635,0.01228447,0.054560665,0.04654939,0.118459493,0.05533935,0.05,0.02,0.2,0.08726646,0.17453292,0.17453292
170,328,3.2800000000000002,SETUP,None,false,false,0.057499826,0.0549652576,0.057499826,NA,NA,NA,false,false,NONE,0.224952325,0.000467210775,-0.000231593847,0.0116161713,true,true,8,true,true,0.008144014,0.004280965,1.28231144,-1.15560246,0.080907464,0.287607133,0.86627,right_upper_arm,true,0.00148662017,0,0.12303254,2.26467681,false,true,NONE,0.224952325,0.01162787,0.0516429543,0.04688116,0.118757166,0.0554383658,0.05,0.02,0.2,0.08726646,0.17453292,0.17453292
170,329,3.29,SETUP,None,false,false,0.0574823022,0.0549186319,0.0574823022,NA,NA,NA,false,false,NONE,0.224949926,0.0004368355,-0.000231899321,0.0109234806,true,true,8,true,true,0.00590375252,0.00422069,1.28219652,-1.15548754,0.08090859,0.287606031,0.8662823,right_upper_arm,true,0.00148900645,0,0.123198636,2.2558043,false,true,NONE,0.224949926,0.0109346714,0.0485617146,0.0472105965,0.1190561,0.05552432,0.05,0.02,0.2,0.08726646,0.17453292,0.17453292
170,330,3.3000000000000003,SETUP,None,false,false,0.05746691,0.05487375,0.05746691,NA,NA,NA,false,false,NONE,0.224947765,0.000410850422,-0.000216692686,0.0102285864,true,true,8,true,true,0.00571679557,0.00416339934,1.28208852,-1.15537977,0.08090942,0.2876052,0.866292953,right_upper_arm,true,0.00149095664,0,0.123337463,2.24768758,false,true,NONE,0.224947765,0.010239128,0.04547088,0.0475176834,0.1193423,0.055601567,0.05,0.02,0.2,0.08726646,0.17453292,0.17453292
170,331,3.31,SETUP,None,false,false,0.0574516952,0.0548306257,0.0574516952,NA,NA,NA,false,false,NONE,0.22494565,0.000384546234,-0.000208377838,0.009582168,true,true,8,true,true,0.00580778671,0.004088696,1.28198671,-1.15527773,0.08090986,0.287604749,0.866300762,right_upper_arm,true,0.00149231975,0,0.1234376,2.2403338,false,true,NONE,0.22494565,0.009592145,0.042595122,0.0478128269,0.119613841,0.0556744263,0.05,0.02,0.2,0.08726646,0.17453292,0.17453292
170,332,3.3200000000000003,SETUP,None,false,false,0.0574342459,0.0547887981,0.0574342459,NA,NA,NA,false,false,NONE,0.224943653,0.000362269144,-0.000200621784,0.009017743,true,true,8,true,true,0.00590307359,0.00378097221,1.28189015,-1.15518141,0.08091062,0.287603974,0.8663062,right_upper_arm,true,0.00149299728,0,0.12350256,2.2335794,false,true,NONE,0.224943653,0.009027246,0.040086817,0.0480863266,0.119862884,0.055742912,0.05,0.02,0.2,0.08726646,0.17453292,0.17453292
170,333,3.33,SETUP,None,false,false,0.05741547,0.0547550768,0.05741547,NA,NA,NA,false,false,NONE,0.224941745,0.000343804422,-0.000193104148,0.008561066,true,true,8,true,true,0.005969549,0.004448772,1.28179812,-1.15508938,0.0809113756,0.287603229,0.866318047,right_upper_arm,true,0.00149337715,0,0.123555541,2.22764754,false,true,NONE,0.224941745,0.008570143,0.03805486,0.04834349,0.1200995,0.055811312,0.05,0.02,0.2,0.08726646,0.17453292,0.17453292
170,334,3.34,SETUP,None,false,false,0.0573936552,0.0547265857,0.0573936552,NA,NA,NA,false,false,NONE,0.224939868,0.0003263251,-0.000189676881,0.008151661,true,true,8,true,true,0.00597492466,0.00435504736,1.28171039,-1.15500164,0.0809125751,0.287602037,0.8663339,right_upper_arm,true,0.00149404153,0,0.123626173,2.22236776,false,true,NONE,0.224939868,0.008160395,0.0362330079,0.04859929,0.1203178,0.05588816,0.05,0.02,0.2,0.08726646,0.17453292,0.17453292
170,335,3.35,SETUP,None,false,false,0.0573661625,0.05470492,0.0573661625,NA,NA,NA,false,false,NONE,0.224938035,0.000309030322,-0.000184908509,0.007736082,true,true,8,true,true,0.00595590658,0.00461439835,1.28162789,-1.15491891,0.08091414,0.287600458,0.8663508,right_upper_arm,true,0.00149519031,0,0.1237257,2.21769547,false,true,NONE,0.224938035,0.00774446,0.034384232,0.04882934,0.120515913,0.0559649058,0.05,0.02,0.2,0.08726646,0.17453292,0.17453292
170,336,3.36,SETUP,None,false,false,0.0573340356,0.05468972,0.0573340356,NA,NA,NA,false,false,NONE,0.224936366,0.0002911918,-0.000174209476,0.00726962136,true,true,8,true,true,0.0059339623,0.004933522,1.28155088,-1.1548419,0.0809161142,0.2875985,0.8663716,right_upper_arm,true,0.00149680546,0,0.123841055,2.21375847,false,true,NONE,0.224936366,0.007277536,0.0323087275,0.0490388647,0.120701849,0.0560458,0.05,0.02,0.2,0.08726646,0.17453292,0.17453292
170,337,3.37,SETUP,None,false,false,0.0573000461,0.054679662,0.0573000461,NA,NA,NA,false,false,NONE,0.2249347,0.000269235345,-0.000165432692,0.006737914,true,true,8,true,true,0.00594984228,0.005289546,1.28147984,-1.15477109,0.0809177458,0.287596881,0.8663886,right_upper_arm,true,0.00149893644,0,0.123991884,2.210265,false,true,NONE,0.2249347,0.00674532,0.02994413,0.04923298,0.120875649,0.056118086,0.05,0.02,0.2,0.08726646,0.17453292,0.17453292
170,338,3.38,SETUP,None,false,false,0.0572666228,0.0546745956,0.0572666228,NA,NA,NA,false,false,NONE,0.2249332,0.000246417534,-0.000152848661,0.006163089,true,true,8,true,true,0.005987854,0.005620637,1.28141522,-1.15470648,0.08091947,0.287595153,0.8664054,right_upper_arm,true,0.001501153,0,0.124144085,2.207414,false,true,NONE,0.2249332,0.006169907,0.02738675,0.04941667,0.121039353,0.05618178,0.05,0.02,0.2,0.08726646,0.17453292,0.17453292
170,339,3.39,SETUP,None,false,false,0.0572334081,0.05467291,0.0572334081,NA,NA,NA,false,false,NONE,0.224931777,0.000220960428,-0.000142261386,0.005550772,true,true,8,true,true,0.00603658939,0.00589185255,1.281357,-1.1546483,0.08092073,0.287593871,0.866421342,right_upper_arm,true,0.00150322937,0,0.124284595,2.20517921,false,true,NONE,0.224931777,0.00555698946,0.0246621147,0.0495708361,0.121191017,0.05624541,0.05,0.02,0.2,0.08726646,0.17453292,0.17453292
170,340,3.4,SETUP,None,false,false,0.05720128,0.0546741635,0.05720128,NA,NA,NA,false,false,NONE,0.224930584,0.000196912457,-0.000123664737,0.00491677132,true,true,8,true,true,0.00608057575,0.006090667,1.28130555,-1.15459681,0.08092206,0.28759256,0.8664362,right_upper_arm,true,0.00150518713,0,0.1244178,2.20357442,false,true,NONE,0.224930584,0.00492226658,0.0218420271,0.0497197248,0.121332668,0.05629626,0.05,0.02,0.2,0.08726646,0.17453292,0.17453292
170,341,3.41,SETUP,None,false,false,0.0571706444,0.05467786,0.0571706444,NA,NA,NA,false,false,NONE,0.224929512,0.000170014537,-0.000111266971,0.00426832866,true,true,8,true,true,0.00610261271,0.006220979,1.28153718,-1.15462446,0.08102014,0.287612319,0.86645,right_upper_arm,true,0.00150698971,0,0.124538057,2.20257735,false,true,NONE,0.224929512,0.004273162,0.0189564116,0.0498490445,0.121458441,0.05633437,0.05,0.02,0.2,0.08726646,0.17453292,0.17453292
170,342,3.42,SETUP,None,false,false,0.05714272,0.05468458,0.05714272,NA,NA,NA,false,false,NONE,0.2249286,0.000143886718,-9.511411E-05,0.00361279864,true,true,8,true,true,0.006183859,0.006342763,1.28149927,-1.15458655,0.08102079,0.287611663,0.866464436,right_upper_arm,true,0.00150866224,0,0.124651626,2.20220947,false,true,NONE,0.2249286,0.00361691369,0.01603972,0.0499684773,0.121576235,0.0563724525,0.05,0.02,0.2,0.08726646,0.17453292,0.17453292
170,343,3.43,SETUP,None,false,false,0.0571158826,0.0546927452,0.0571158826,NA,NA,NA,false,false,NONE,0.224927828,0.000117694544,-7.883459E-05,0.00295758387,true,true,8,true,true,0.006187276,0.00641725352,1.28146815,-1.15455544,0.08102124,0.287611216,0.866480052,right_upper_arm,true,0.00151010591,0,0.124750055,2.20244884,false,true,NONE,0.224927828,0.00296097435,0.0131246727,0.0500781164,0.121682152,0.0564020537,0.05,0.02,0.2,0.08726646,0.17453292,0.17453292
170,344,3.44,SETUP,None,false,false,0.05709085,0.05470252,0.05709085,NA,NA,NA,false,false,NONE,0.224927247,9.23316256E-05,-6.186217E-05,0.002312966,true,true,8,true,true,0.006188218,0.00647681672,1.28144383,-1.15453112,0.0810216144,0.287610829,0.8665005,right_upper_arm,true,0.001511442,0,0.124833934,2.20355034,false,true,NONE,0.224927247,0.00231563463,0.0102553088,0.0501732528,0.121780142,0.0564231873,0.05,0.02,0.2,0.08726646,0.17453292,0.17453292
170,345,3.45,SETUP,None,false,false,0.0570672154,0.0547131,0.0570672154,NA,NA,NA,false,false,NONE,0.22492674,6.4453E-05,-5.16325235E-05,0.00166961015,true,true,8,true,true,0.006189966,0.00651595555,1.28142619,-1.15451348,0.08102175,0.2876107,0.8665155,right_upper_arm,true,0.001512803,0,0.12493246,2.204937,false,true,NONE,0.22492674,0.00167165138,0.007394102,0.0502634719,0.12186043,0.0564358644,0.05,0.02,0.2,0.08726646,0.17453292,0.17453292
170,346,3.46,SETUP,None,false,false,0.0570480525,0.0547275841,0.0570480525,NA,NA,NA,false,false,NONE,0.224926561,4.35928778E-05,-2.31415033E-05,0.00105392758,true,true,8,true,true,0.00618870556,0.006462571,1.28141487,-1.15450215,0.08102196,0.2876105,0.866532,right_upper_arm,true,0.00151391828,0,0.125011787,2.20695448,false,true,NONE,0.224926561,0.00105508254,0.004654683,0.05034405,0.121913277,0.05644009,0.05,0.02,0.2,0.08726646,0.17453292,0.17453292
170,347,3.47,SETUP,None,false,false,0.0570324957,0.0547474176,0.0570324957,NA,NA,NA,false,false,NONE,0.224926472,1.870482E-05,-1.34631991E-05,0.00046718755,true,true,8,true,true,0.00618783664,0.0062864013,1.2814095,-1.15449679,0.08102223,0.287610233,0.8665473,right_upper_arm,true,0.00151478883,0,0.125076562,2.20945072,false,true,NONE,0.224926472,0.000467755628,0.002043917,0.0504150428,0.1219661,0.05644009,0.05,0.02,0.2,0.08726646,0.17453292,0.17453292
170,348,3.48,SETUP,None,false,false,0.0570175648,0.054766506,0.0570175648,NA,NA,NA,false,false,NONE,0.2249265,-4.40215445E-06,-2.35438347E-06,-8.737552E-05,true,true,8,true,true,0.00618522149,0.00635373965,1.28141,-1.15449727,0.0810224041,0.287610054,0.866563261,right_upper_arm,true,0.001515287,0,0.125114128,2.21240687,false,true,NONE,0.2249265,8.751802E-05,0.000425147766,0.0504717678,0.121999353,0.05644009,0.05,0.02,0.2,0.08726646,0.17453292,0.17453292
170,349,3.49,SETUP,None,false,false,0.0570058227,0.0547895879,0.0570058227,NA,NA,NA,false,false,NONE,0.224926651,-2.4486555E-05,1.22636557E-05,-0.0006017574,true,true,8,true,true,0.0061825905,0.00655634142,1.2814157,-1.154503,0.08102229,0.287610173,0.8665782,right_upper_arm,true,0.00151574286,0,0.125152171,2.21583343,false,true,NONE,0.224926651,0.0006023802,0.0027123,0.05051899,0.122028679,0.05643164,0.05,0.02,0.2,0.08726646,0.17453292,0.17453292
170,350,3.5,SETUP,None,false,false,0.0569968224,0.05480881,0.0569968224,NA,NA,NA,false,false,NONE,0.224926963,-4.27597952E-05,2.63899565E-05,-0.00107386312,true,true,8,true,true,0.00618569227,0.006804578,1.28142619,-1.15451348,0.08102172,0.287610739,0.866590142,right_upper_arm,true,0.001516074,0,0.125183523,2.21961284,false,true,NONE,0.224926963,0.0010750381,0.004812452,0.0505567342,0.122056045,0.0564105064,0.05,0.02,0.2,0.08726646,0.17453292,0.17453292
170,351,3.5100000000000002,SETUP,None,false,false,0.0569907874,0.05482459,0.0569907874,NA,NA,NA,false,false,NONE,0.224927276,-6.24966E-05,2.93552876E-05,-0.00150201458,true,true,8,true,true,0.006187226,0.007102436,1.28144109,-1.15452838,0.08102025,0.2876122,0.866599441,right_upper_arm,true,0.001516121,0,0.125195712,2.22363734,false,true,NONE,0.224927276,0.00150360074,0.006718295,0.0505755953,0.122073635,0.0563978255,0.05,0.02,0.2,0.08726646,0.17453292,0.17453292
170,352,3.52,SETUP,None,false,false,0.0569877476,0.0548383147,0.0569877476,NA,NA,NA,false,false,NONE,0.224927843,-7.537298E-05,4.68865037E-05,-0.00188562216,true,true,8,true,true,0.00617946126,0.00716489041,1.28146029,-1.15454757,0.0810188,0.28761366,0.8666066,right_upper_arm,true,0.00151607348,0,0.12520051,2.227792,false,true,NONE,0.224927843,0.0018877103,0.00842419453,0.0505944528,0.122085363,0.0563724525,0.05,0.02,0.2,0.08726646,0.17453292,0.17453292
170,353,3.5300000000000002,SETUP,None,false,false,0.05698754,0.0548506826,0.05698754,NA,NA,NA,false,false,NONE,0.224928379,-9.046764E-05,5.237013E-05,-0.002235092,true,true,8,true,true,0.00615962176,0.00706203654,1.2814827,-1.15457,0.08101683,0.287615627,0.8666132,right_upper_arm,true,0.001515787,0,0.125185534,2.23204517,false,true,NONE,0.224928379,0.002237535,0.009980089,0.0506038778,0.122089267,0.0563470647,0.05,0.02,0.2,0.08726646,0.17453292,0.17453292
170,354,3.54,SETUP,None,false,false,0.0569900274,0.05486265,0.0569900274,NA,NA,NA,false,false,NONE,0.22492899,-0.000103766535,5.82337379E-05,-0.002551736,true,true,8,true,true,0.00612557027,0.00686983531,1.28150892,-1.15459621,0.0810150057,0.287617445,0.866620243,right_upper_arm,true,0.00151548046,0,0.125168324,2.23636627,false,true,NONE,0.22492899,0.00255450886,0.0113889305,0.0506133027,0.122087315,0.0563132,0.05,0.02,0.2,0.08726646,0.17453292,0.17453292
170,355,3.5500000000000003,SETUP,None,false,false,0.05699487,0.05487503,0.05699487,NA,NA,NA,false,false,NONE,0.224929765,-0.000114166214,6.853789E-05,-0.00283855223,true,true,8,true,true,0.00608398532,0.00668945257,1.28153849,-1.15462577,0.0810134038,0.287619054,0.8666283,right_upper_arm,true,0.0015151113,0,0.125145242,2.240782,false,true,NONE,0.224929765,0.00284167379,0.0126646906,0.0506085865,0.122077547,0.05627084,0.05,0.02,0.2,0.08726646,0.17453292,0.17453292
170,356,3.56,SETUP,None,false,false,0.05700174,0.0548879653,0.05700174,NA,NA,NA,false,false,NONE,0.22493051,-0.000125662744,7.080287E-05,-0.00309429783,true,true,8,true,true,0.006040519,0.00655946834,1.28157055,-1.15465784,0.0810114741,0.287620962,0.86663723,right_upper_arm,true,0.00151466788,0,0.125115663,2.24534154,false,true,NONE,0.22493051,0.00309765781,0.0138033479,0.0505944528,0.12206582,0.05623269,0.05,0.02,0.2,0.08726646,0.17453292,0.17453292
170,357,3.5700000000000003,SETUP,None,false,false,0.0570101142,0.0549002,0.0570101142,NA,NA,NA,false,false,NONE,0.22493127,-0.000134828471,7.562339E-05,-0.003321026,true,true,8,true,true,0.006001362,0.00646682,1.28160524,-1.15469253,0.08100977,0.2876227,0.8666468,right_upper_arm,true,0.00151428219,0,0.125090852,2.250009,false,true,NONE,0.22493127,0.003324622,0.0148119209,0.0505897366,0.122056045,0.056194514,0.05,0.02,0.2,0.08726646,0.17453292,0.17453292
170,358,3.58,SETUP,None,false,false,0.0570194721,0.05491039,0.0570194721,NA,NA,NA,false,false,NONE,0.224932238,-0.00014011297,8.781999E-05,-0.00351315853,true,true,8,true,true,0.00596721657,0.006408021,1.28164172,-1.154729,0.0810081959,0.28762424,0.866655648,right_upper_arm,true,0.0015139028,0,0.125067845,2.25480366,false,true,NONE,0.224932238,0.003517048,0.01566621,0.0505661666,0.122046269,0.05614357,0.05,0.02,0.2,0.08726646,0.17453292,0.17453292
170,359,3.59,SETUP,None,false,false,0.0570304543,0.0549183339,0.0570304543,NA,NA,NA,false,false,NONE,0.2249331,-0.000148456049,8.40351E-05,-0.00366840349,true,true,8,true,true,0.00593953626,0.00630613929,1.28168011,-1.15476739,0.08100642,0.287626028,0.8666635,right_upper_arm,true,0.00151338743,0,0.125034437,2.25968146,false,true,NONE,0.2249331,0.003672368,0.0163575839,0.050547298,0.122028679,0.0560968332,0.05,0.02,0.2,0.08726646,0.17453292,0.17453292
170,360,3.6,SETUP,None,false,false,0.05704403,0.0549263656,0.05704403,NA,NA,NA,false,false,NONE,0.224934012,-0.000153033237,8.621067E-05,-0.00378312264,true,true,8,true,true,0.005914387,0.00613609236,1.28171945,-1.15480673,0.08100488,0.287627578,0.866669238,right_upper_arm,true,0.00151279778,0,0.124998607,2.26456,false,true,NONE,0.224934012,0.00378719787,0.0168676861,0.0505284257,0.122005217,0.0560500547,0.05,0.02,0.2,0.08726646,0.17453292,0.17453292
170,361,3.61,SETUP,None,false,false,0.0570589,0.05493404,0.0570589,NA,NA,NA,false,false,NONE,0.2249349,-0.00015648242,8.587539E-05,-0.00385804055,true,true,8,true,true,0.005887964,0.00599876465,1.2817595,-1.15484679,0.08100342,0.287629038,0.8666734,right_upper_arm,true,0.0015121816,0,0.124960318,2.26940823,false,true,NONE,0.2249349,0.00386216748,0.0172009543,0.0504953824,0.121977836,0.05600324,0.05,0.02,0.2,0.08726646,0.17453292,0.17453292
170,362,3.62,SETUP,None,false,false,0.0570750833,0.05494094,0.0570750833,NA,NA,NA,false,false,NONE,0.224935889,-0.0001558296,9.2446804E-05,-0.00389324478,true,true,8,true,true,0.005859137,0.005879295,1.2818,-1.15488732,0.08100209,0.287630379,0.8666761,right_upper_arm,true,0.00151142268,0,0.124913655,2.27419066,false,true,NONE,0.224935889,0.00389745878,0.01735739,0.0504623167,0.121948496,0.055956386,0.05,0.02,0.2,0.08726646,0.17453292,0.17453292
170,363,3.63,SETUP,None,false,false,0.0570921451,0.05494678,0.0570921451,NA,NA,NA,false,false,NONE,0.224936843,-0.0001567421,8.850545E-05,-0.00389114418,true,true,8,true,true,0.0058283587,0.00577733,1.28184044,-1.15492773,0.0810006857,0.28763175,0.8666774,right_upper_arm,true,0.00151069742,0,0.12486849,2.278842,false,true,NONE,0.224936843,0.00389530533,0.017347917,0.0504292324,0.121913277,0.0559094921,0.05,0.02,0.2,0.08726646,0.17453292,0.17453292
170,364,3.64,SETUP,None,false,false,0.0571101755,0.0549516827,0.0571101755,NA,NA,NA,false,false,NONE,0.224937722,-0.0001554714,8.595735E-05,-0.003852638,true,true,8,true,true,0.00579657359,0.00568660162,1.2818805,-1.15496778,0.08099938,0.287633061,0.866677344,right_upper_arm,true,0.00150983792,0,0.124814242,2.28335881,false,true,NONE,0.224937722,0.00385673158,0.0171767529,0.050396122,0.12187805,0.05587109,0.05,0.02,0.2,0.08726646,0.17453292,0.17453292
170,365,3.65,SETUP,None,false,false,0.0571286827,0.054955408,0.0571286827,NA,NA,NA,false,false,NONE,0.224938646,-0.000152198525,8.426607E-05,-0.003780368,true,true,8,true,true,0.005764056,0.00560087338,1.28191984,-1.15500712,0.08099842,0.287634015,0.866677642,right_upper_arm,true,0.00150899054,0,0.124756768,2.28777623,false,true,NONE,0.224938646,0.00378436875,0.01685527,0.05035826,0.121840857,0.0558198579,0.05,0.02,0.2,0.08726646,0.17453292,0.17453292
170,366,3.66,SETUP,None,false,false,0.0571473837,0.0549575537,0.0571473837,NA,NA,NA,false,false,NONE,0.2249395,-0.00014885432,8.008629E-05,-0.00368306483,true,true,8,true,true,0.005737618,0.00551870745,1.2819581,-1.15504539,0.08099705,0.2876354,0.8666736,right_upper_arm,true,0.00150820753,0,0.124710485,2.29179454,false,true,NONE,0.2249395,0.00368694146,0.01642139,0.0503251031,0.12179973,0.05577712,0.05,0.02,0.2,0.08726646,0.17453292,0.17453292
170,367,3.67,SETUP,None,false,false,0.0571672022,0.0549594,0.0571672022,NA,NA,NA,false,false,NONE,0.22494036,-0.000142232151,8.06599855E-05,-0.00355282868,true,true,8,true,true,0.00571273128,0.005432552,1.28199482,-1.15508211,0.08099604,0.2876364,0.866669,right_upper_arm,true,0.001507262,0,0.124651141,2.29555368,false,true,NONE,0.22494036,0.00355658936,0.0158419,0.0502871834,0.121758595,0.0557386354,0.05,0.02,0.2,0.08726646,0.17453292,0.17453292
170,368,3.68,SETUP,None,false,false,0.0571866035,0.0549598038,0.0571866035,NA,NA,NA,false,false,NONE,0.224941134,-0.000136462171,7.455051E-05,-0.00339422049,true,true,8,true,true,0.00568859931,0.00534578273,1.28203011,-1.15511739,0.0809949338,0.287637532,0.866664,right_upper_arm,true,0.0015063571,0,0.124592632,2.29904,false,true,NONE,0.224941134,0.00339778047,0.0151366536,0.0502492338,0.121715486,0.0557044,0.05,0.02,0.2,0.08726646,0.17453292,0.17453292
170,369,3.69,SETUP,None,false,false,0.0572055,0.0549592376,0.0572055,NA,NA,NA,false,false,NONE,0.22494188,-0.00012934058,6.953627E-05,-0.003214396,true,true,8,true,true,0.005672931,0.005260199,1.2820636,-1.15515089,0.08099406,0.2876384,0.866657853,right_upper_arm,true,0.00150541612,0,0.124530904,2.302196,false,true,NONE,0.22494188,0.0032177486,0.0143361958,0.05021126,0.121674307,0.0556658581,0.05,0.02,0.2,0.08726646,0.17453292,0.17453292
170,370,3.7,SETUP,None,false,false,0.0572242,0.0549577177,0.0572242,NA,NA,NA,false,false,NONE,0.22494258,-0.000121922661,6.263703E-05,-0.00301421853,true,true,8,true,true,0.00566200074,0.00517753139,1.28209507,-1.15518236,0.08099306,0.28763938,0.866651356,right_upper_arm,true,0.0015045082,0,0.124470785,2.305055,false,true,NONE,0.22494258,0.00301733357,0.0134458635,0.0501732528,0.121633127,0.0556358658,0.05,0.02,0.2,0.08726646,0.17453292,0.17453292
170,371,3.71,SETUP,None,false,false,0.0572427362,0.05495526,0.0572427362,NA,NA,NA,false,false,NONE,0.22494258,0,0,0,true,true,8,true,true,0,0,1.28209507,-1.15518236,0.08099306,0.28763938,0.866651356,right_upper_arm,true,0.0015045082,0,0.124470785,2.305055,false,true,NONE,0.22494258,0,0,0.0501732528,0.121633127,0.0556358658,0.05,0.02,0.2,0.08726646,0.17453292,0.17453292
170,372,3.72,SETUP,None,false,false,0.0572427362,0.05495526,0.0572427362,NA,NA,NA,false,false,NONE,0.22494258,0,0,0,true,true,8,true,true,0,0,1.28209507,-1.15518236,0.08099306,0.28763938,0.866651356,right_upper_arm,true,0.0015045082,0,0.124470785,2.305055,false,true,NONE,0.22494258,0,0,0.0501732528,0.121633127,0.0556358658,0.05,0.02,0.2,0.08726646,0.17453292,0.17453292
170,373,3.73,SETUP,None,false,false,0.0572427362,0.05495526,0.0572427362,NA,NA,NA,false,false,NONE,0.22494258,0,0,0,true,true,8,true,true,0,0,1.28209507,-1.15518236,0.08099306,0.28763938,0.866651356,right_upper_arm,true,0.0015045082,0,0.124470785,2.305055,false,true,NONE,0.22494258,0,0,0.0501732528,0.121633127,0.0556358658,0.05,0.02,0.2,0.08726646,0.17453292,0.17453292
170,374,3.74,SETUP,None,false,false,0.0572427362,0.05495526,0.0572427362,NA,NA,NA,false,false,NONE,0.22494258,0,0,0,true,true,8,true,true,0,0,1.28209507,-1.15518236,0.08099306,0.28763938,0.866651356,right_upper_arm,true,0.0015045082,0,0.124470785,2.305055,false,true,NONE,0.22494258,0,0,0.0501732528,0.121633127,0.0556358658,0.05,0.02,0.2,0.08726646,0.17453292,0.17453292
170,375,3.75,SETUP,None,false,false,0.0572427362,0.05495526,0.0572427362,NA,NA,NA,false,false,NONE,0.22494258,0,0,0,true,true,8,true,true,0,0,1.28209507,-1.15518236,0.08099306,0.28763938,0.866651356,right_upper_arm,true,0.0015045082,0,0.124470785,2.305055,false,true,NONE,0.22494258,0,0,0.0501732528,0.121633127,0.0556358658,0.05,0.02,0.2,0.08726646,0.17453292,0.17453292
170,376,3.7600000000000002,SETUP,None,false,false,0.0572427362,0.05495526,0.0572427362,NA,NA,NA,false,false,NONE,0.22494258,0,0,0,true,true,8,true,true,0,0,1.28209507,-1.15518236,0.08099306,0.28763938,0.866651356,right_upper_arm,true,0.0015045082,0,0.124470785,2.305055,false,true,NONE,0.22494258,0,0,0.0501732528,0.121633127,0.0556358658,0.05,0.02,0.2,0.08726646,0.17453292,0.17453292
170,377,3.77,SETUP,None,false,false,0.0572427362,0.05495526,0.0572427362,NA,NA,NA,false,false,NONE,0.22494258,0,0,0,true,true,8,true,true,0,0,1.28209507,-1.15518236,0.08099306,0.28763938,0.866651356,right_upper_arm,true,0.0015045082,0,0.124470785,2.305055,false,true,NONE,0.22494258,0,0,0.0501732528,0.121633127,0.0556358658,0.05,0.02,0.2,0.08726646,0.17453292,0.17453292
170,378,3.7800000000000002,SETUP,None,false,false,0.0572427362,0.05495526,0.0572427362,NA,NA,NA,false,false,NONE,0.22494258,0,0,0,true,true,8,true,true,0,0,1.28209507,-1.15518236,0.08099306,0.28763938,0.866651356,right_upper_arm,true,0.0015045082,0,0.124470785,2.305055,false,true,NONE,0.22494258,0,0,0.0501732528,0.121633127,0.0556358658,0.05,0.02,0.2,0.08726646,0.17453292,0.17453292
170,379,3.79,SETUP,None,false,false,0.0572427362,0.05495526,0.0572427362,NA,NA,NA,false,false,NONE,0.22494258,0,0,0,true,true,8,true,true,0,0,1.28209507,-1.15518236,0.08099306,0.28763938,0.866651356,right_upper_arm,true,0.0015045082,0,0.124470785,2.305055,false,true,NONE,0.22494258,0,0,0.0501732528,0.121633127,0.0556358658,0.05,0.02,0.2,0.08726646,0.17453292,0.17453292
170,380,3.8000000000000003,SETUP,None,false,false,0.0572427362,0.05495526,0.0572427362,NA,NA,NA,false,false,NONE,0.22494258,0,0,0,true,true,8,true,true,0,0,1.28209507,-1.15518236,0.08099306,0.28763938,0.866651356,right_upper_arm,true,0.0015045082,0,0.124470785,2.305055,false,true,NONE,0.22494258,0,0,0.0501732528,0.121633127,0.0556358658,0.05,0.02,0.2,0.08726646,0.17453292,0.17453292
170,381,3.81,SETUP,None,false,false,0.0572427362,0.05495526,0.0572427362,NA,NA,NA,false,false,NONE,0.22494258,0,0,0,true,true,8,true,true,0,0,1.28209507,-1.15518236,0.08099306,0.28763938,0.866651356,right_upper_arm,true,0.0015045082,0,0.124470785,2.305055,false,true,NONE,0.22494258,0,0,0.0501732528,0.121633127,0.0556358658,0.05,0.02,0.2,0.08726646,0.17453292,0.17453292
170,382,3.8200000000000003,SETUP,None,false,false,0.0572427362,0.05495526,0.0572427362,NA,NA,NA,false,false,NONE,0.22494258,0,0,0,true,true,8,true,true,0,0,1.28209507,-1.15518236,0.08099306,0.28763938,0.866651356,right_upper_arm,true,0.0015045082,0,0.124470785,2.305055,false,true,NONE,0.22494258,0,0,0.0501732528,0.121633127,0.0556358658,0.05,0.02,0.2,0.08726646,0.17453292,0.17453292
170,383,3.83,SETUP,None,false,false,0.0572427362,0.05495526,0.0572427362,NA,NA,NA,false,false,NONE,0.22494258,0,0,0,true,true,8,true,true,0,0,1.28209507,-1.15518236,0.08099306,0.28763938,0.866651356,right_upper_arm,true,0.0015045082,0,0.124470785,2.305055,false,true,NONE,0.22494258,0,0,0.0501732528,0.121633127,0.0556358658,0.05,0.02,0.2,0.08726646,0.17453292,0.17453292
170,384,3.84,SETUP,None,false,false,0.0572427362,0.05495526,0.0572427362,NA,NA,NA,false,false,NONE,0.22494258,0,0,0,true,true,8,true,true,0,0,1.28209507,-1.15518236,0.08099306,0.28763938,0.866651356,right_upper_arm,true,0.0015045082,0,0.124470785,2.305055,false,true,NONE,0.22494258,0,0,0.0501732528,0.121633127,0.0556358658,0.05,0.02,0.2,0.08726646,0.17453292,0.17453292
170,385,3.85,SETUP,None,false,false,0.0572427362,0.05495526,0.0572427362,NA,NA,NA,false,false,NONE,0.22494258,0,0,0,true,true,8,true,true,0,0,1.28209507,-1.15518236,0.08099306,0.28763938,0.866651356,right_upper_arm,true,0.0015045082,0,0.124470785,2.305055,false,true,NONE,0.22494258,0,0,0.0501732528,0.121633127,0.0556358658,0.05,0.02,0.2,0.08726646,0.17453292,0.17453292
170,386,3.86,SETUP,None,false,false,0.0572427362,0.05495526,0.0572427362,NA,NA,NA,false,false,NONE,0.22494258,0,0,0,true,true,8,true,true,0,0,1.28209507,-1.15518236,0.08099306,0.28763938,0.866651356,right_upper_arm,true,0.0015045082,0,0.124470785,2.305055,false,true,NONE,0.22494258,0,0,0.0501732528,0.121633127,0.0556358658,0.05,0.02,0.2,0.08726646,0.17453292,0.17453292
170,387,3.87,SETUP,None,false,false,0.0572427362,0.05495526,0.0572427362,NA,NA,NA,false,false,NONE,0.22494258,0,0,0,true,true,8,true,true,0,0,1.28209507,-1.15518236,0.08099306,0.28763938,0.866651356,right_upper_arm,true,0.0015045082,0,0.124470785,2.305055,false,true,NONE,0.22494258,0,0,0.0501732528,0.121633127,0.0556358658,0.05,0.02,0.2,0.08726646,0.17453292,0.17453292
170,388,3.88,SETUP,None,false,false,0.0572427362,0.05495526,0.0572427362,NA,NA,NA,false,false,NONE,0.22494258,0,0,0,true,true,8,true,true,0,0,1.28209507,-1.15518236,0.08099306,0.28763938,0.866651356,right_upper_arm,true,0.0015045082,0,0.124470785,2.305055,false,true,NONE,0.22494258,0,0,0.0501732528,0.121633127,0.0556358658,0.05,0.02,0.2,0.08726646,0.17453292,0.17453292
170,389,3.89,SETUP,None,false,false,0.0572427362,0.05495526,0.0572427362,NA,NA,NA,false,false,NONE,0.22494258,0,0,0,true,true,8,true,true,0,0,1.28209507,-1.15518236,0.08099306,0.28763938,0.866651356,right_upper_arm,true,0.0015045082,0,0.124470785,2.305055,false,true,NONE,0.22494258,0,0,0.0501732528,0.121633127,0.0556358658,0.05,0.02,0.2,0.08726646,0.17453292,0.17453292
170,390,3.9,SETUP,None,false,false,0.0572427362,0.05495526,0.0572427362,NA,NA,NA,false,false,NONE,0.22494258,0,0,0,true,true,8,true,true,0,0,1.28209507,-1.15518236,0.08099306,0.28763938,0.866651356,right_upper_arm,true,0.0015045082,0,0.124470785,2.305055,false,true,NONE,0.22494258,0,0,0.0501732528,0.121633127,0.0556358658,0.05,0.02,0.2,0.08726646,0.17453292,0.17453292
170,391,3.91,SETUP,None,false,false,0.0572427362,0.05495526,0.0572427362,NA,NA,NA,false,false,NONE,0.22494258,0,0,0,true,true,8,true,true,0,0,1.28209507,-1.15518236,0.08099306,0.28763938,0.866651356,right_upper_arm,true,0.0015045082,0,0.124470785,2.305055,false,true,NONE,0.22494258,0,0,0.0501732528,0.121633127,0.0556358658,0.05,0.02,0.2,0.08726646,0.17453292,0.17453292
170,392,3.92,SETUP,None,false,false,0.0572427362,0.05495526,0.0572427362,NA,NA,NA,false,false,NONE,0.22494258,0,0,0,true,true,8,true,true,0,0,1.28209507,-1.15518236,0.08099306,0.28763938,0.866651356,right_upper_arm,true,0.0015045082,0,0.124470785,2.305055,false,true,NONE,0.22494258,0,0,0.0501732528,0.121633127,0.0556358658,0.05,0.02,0.2,0.08726646,0.17453292,0.17453292
170,393,3.93,SETUP,None,false,false,0.0572427362,0.05495526,0.0572427362,NA,NA,NA,false,false,NONE,0.22494258,0,0,0,true,true,8,true,true,0,0,1.28209507,-1.15518236,0.08099306,0.28763938,0.866651356,right_upper_arm,true,0.0015045082,0,0.124470785,2.305055,false,true,NONE,0.22494258,0,0,0.0501732528,0.121633127,0.0556358658,0.05,0.02,0.2,0.08726646,0.17453292,0.17453292
170,394,3.94,SETUP,None,false,false,0.0572427362,0.05495526,0.0572427362,NA,NA,NA,false,false,NONE,0.22494258,0,0,0,true,true,8,true,true,0,0,1.28209507,-1.15518236,0.08099306,0.28763938,0.866651356,right_upper_arm,true,0.0015045082,0,0.124470785,2.305055,false,true,NONE,0.22494258,0,0,0.0501732528,0.121633127,0.0556358658,0.05,0.02,0.2,0.08726646,0.17453292,0.17453292
170,395,3.95,SETUP,None,false,false,0.0572427362,0.05495526,0.0572427362,NA,NA,NA,false,false,NONE,0.22494258,0,0,0,true,true,8,true,true,0,0,1.28209507,-1.15518236,0.08099306,0.28763938,0.866651356,right_upper_arm,true,0.0015045082,0,0.124470785,2.305055,false,true,NONE,0.22494258,0,0,0.0501732528,0.121633127,0.0556358658,0.05,0.02,0.2,0.08726646,0.17453292,0.17453292
170,396,3.96,SETUP,None,false,false,0.0572427362,0.05495526,0.0572427362,NA,NA,NA,false,false,NONE,0.22494258,0,0,0,true,true,8,true,true,0,0,1.28209507,-1.15518236,0.08099306,0.28763938,0.866651356,right_upper_arm,true,0.0015045082,0,0.124470785,2.305055,false,true,NONE,0.22494258,0,0,0.0501732528,0.121633127,0.0556358658,0.05,0.02,0.2,0.08726646,0.17453292,0.17453292
170,397,3.97,SETUP,None,false,false,0.0572427362,0.05495526,0.0572427362,NA,NA,NA,false,false,NONE,0.22494258,0,0,0,true,true,8,true,true,0,0,1.28209507,-1.15518236,0.08099306,0.28763938,0.866651356,right_upper_arm,true,0.0015045082,0,0.124470785,2.305055,false,true,NONE,0.22494258,0,0,0.0501732528,0.121633127,0.0556358658,0.05,0.02,0.2,0.08726646,0.17453292,0.17453292
170,398,3.98,SETUP,None,false,false,0.0572427362,0.05495526,0.0572427362,NA,NA,NA,false,false,NONE,0.22494258,0,0,0,true,true,8,true,true,0,0,1.28209507,-1.15518236,0.08099306,0.28763938,0.866651356,right_upper_arm,true,0.0015045082,0,0.124470785,2.305055,false,true,NONE,0.22494258,0,0,0.0501732528,0.121633127,0.0556358658,0.05,0.02,0.2,0.08726646,0.17453292,0.17453292
170,399,3.99,SETUP,None,false,false,0.0572427362,0.05495526,0.0572427362,NA,NA,NA,false,false,NONE,0.22494258,0,0,0,true,true,8,true,true,0,0,1.28209507,-1.15518236,0.08099306,0.28763938,0.866651356,right_upper_arm,true,0.0015045082,0,0.124470785,2.305055,false,true,NONE,0.22494258,0,0,0.0501732528,0.121633127,0.0556358658,0.05,0.02,0.2,0.08726646,0.17453292,0.17453292
170,400,4,SETUP,None,false,false,0.0572427362,0.05495526,0.0572427362,NA,NA,NA,false,false,NONE,0.22494258,0,0,0,true,true,8,true,true,0,0,1.28209507,-1.15518236,0.08099306,0.28763938,0.866651356,right_upper_arm,true,0.0015045082,0,0.124470785,2.305055,false,true,NONE,0.22494258,0,0,0.0501732528,0.121633127,0.0556358658,0.05,0.02,0.2,0.08726646,0.17453292,0.17453292
170,401,4.01,SETUP,None,false,false,0.0572427362,0.05495526,0.0572427362,NA,NA,NA,false,false,NONE,0.22494258,0,0,0,true,true,8,true,true,0,0,1.28209507,-1.15518236,0.08099306,0.28763938,0.866651356,right_upper_arm,true,0.0015045082,0,0.124470785,2.305055,false,true,NONE,0.22494258,0,0,0.0501732528,0.121633127,0.0556358658,0.05,0.02,0.2,0.08726646,0.17453292,0.17453292
170,402,4.0200000000000005,SETUP,None,false,false,0.0572427362,0.05495526,0.0572427362,NA,NA,NA,false,false,NONE,0.22494258,0,0,0,true,true,8,true,true,0,0,1.28209507,-1.15518236,0.08099306,0.28763938,0.866651356,right_upper_arm,true,0.0015045082,0,0.124470785,2.305055,false,true,NONE,0.22494258,0,0,0.0501732528,0.121633127,0.0556358658,0.05,0.02,0.2,0.08726646,0.17453292,0.17453292
170,403,4.03,SETUP,None,false,false,0.0572427362,0.05495526,0.0572427362,NA,NA,NA,false,false,NONE,0.22494258,0,0,0,true,true,8,true,true,0,0,1.28209507,-1.15518236,0.08099306,0.28763938,0.866651356,right_upper_arm,true,0.0015045082,0,0.124470785,2.305055,false,true,NONE,0.22494258,0,0,0.0501732528,0.121633127,0.0556358658,0.05,0.02,0.2,0.08726646,0.17453292,0.17453292
170,404,4.04,SETUP,None,false,false,0.0572427362,0.05495526,0.0572427362,NA,NA,NA,false,false,NONE,0.22494258,0,0,0,true,true,8,true,true,0,0,1.28209507,-1.15518236,0.08099306,0.28763938,0.866651356,right_upper_arm,true,0.0015045082,0,0.124470785,2.305055,false,true,NONE,0.22494258,0,0,0.0501732528,0.121633127,0.0556358658,0.05,0.02,0.2,0.08726646,0.17453292,0.17453292
170,405,4.05,SETUP,None,false,false,0.0572427362,0.05495526,0.0572427362,NA,NA,NA,false,false,NONE,0.22494258,0,0,0,true,true,8,true,true,0,0,1.28209507,-1.15518236,0.08099306,0.28763938,0.866651356,right_upper_arm,true,0.0015045082,0,0.124470785,2.305055,false,true,NONE,0.22494258,0,0,0.0501732528,0.121633127,0.0556358658,0.05,0.02,0.2,0.08726646,0.17453292,0.17453292
170,406,4.0600000000000005,SETUP,None,false,false,0.0572427362,0.05495526,0.0572427362,NA,NA,NA,false,false,NONE,0.22494258,0,0,0,true,true,8,true,true,0,0,1.28209507,-1.15518236,0.08099306,0.28763938,0.866651356,right_upper_arm,true,0.0015045082,0,0.124470785,2.305055,false,true,NONE,0.22494258,0,0,0.0501732528,0.121633127,0.0556358658,0.05,0.02,0.2,0.08726646,0.17453292,0.17453292
170,407,4.07,SETUP,None,false,false,0.0572427362,0.05495526,0.0572427362,NA,NA,NA,false,false,NONE,0.22494258,0,0,0,true,true,8,true,true,0,0,1.28209507,-1.15518236,0.08099306,0.28763938,0.866651356,right_upper_arm,true,0.0015045082,0,0.124470785,2.305055,false,true,NONE,0.22494258,0,0,0.0501732528,0.121633127,0.0556358658,0.05,0.02,0.2,0.08726646,0.17453292,0.17453292
170,408,4.08,SETUP,None,false,false,0.0572427362,0.05495526,0.0572427362,NA,NA,NA,false,false,NONE,0.22494258,0,0,0,true,true,8,true,true,0,0,1.28209507,-1.15518236,0.08099306,0.28763938,0.866651356,right_upper_arm,true,0.0015045082,0,0.124470785,2.305055,false,true,NONE,0.22494258,0,0,0.0501732528,0.121633127,0.0556358658,0.05,0.02,0.2,0.08726646,0.17453292,0.17453292
170,409,4.09,SETUP,None,false,false,0.0572427362,0.05495526,0.0572427362,NA,NA,NA,false,false,NONE,0.22494258,0,0,0,true,true,8,true,true,0,0,1.28209507,-1.15518236,0.08099306,0.28763938,0.866651356,right_upper_arm,true,0.0015045082,0,0.124470785,2.305055,false,true,NONE,0.22494258,0,0,0.0501732528,0.121633127,0.0556358658,0.05,0.02,0.2,0.08726646,0.17453292,0.17453292
170,410,4.1,SETUP,None,false,false,0.0572427362,0.05495526,0.0572427362,NA,NA,NA,false,false,NONE,0.22494258,0,0,0,true,true,8,true,true,0,0,1.28209507,-1.15518236,0.08099306,0.28763938,0.866651356,right_upper_arm,true,0.0015045082,0,0.124470785,2.305055,false,true,NONE,0.22494258,0,0,0.0501732528,0.121633127,0.0556358658,0.05,0.02,0.2,0.08726646,0.17453292,0.17453292
170,411,4.11,SETUP,None,false,false,0.0572427362,0.05495526,0.0572427362,NA,NA,NA,false,false,NONE,0.22494258,0,0,0,true,true,8,true,true,0,0,1.28209507,-1.15518236,0.08099306,0.28763938,0.866651356,right_upper_arm,true,0.0015045082,0,0.124470785,2.305055,false,true,NONE,0.22494258,0,0,0.0501732528,0.121633127,0.0556358658,0.05,0.02,0.2,0.08726646,0.17453292,0.17453292
170,412,4.12,SETUP,None,false,false,0.0572427362,0.05495526,0.0572427362,NA,NA,NA,false,false,NONE,0.22494258,0,0,0,true,true,8,true,true,0,0,1.28209507,-1.15518236,0.08099306,0.28763938,0.866651356,right_upper_arm,true,0.0015045082,0,0.124470785,2.305055,false,true,NONE,0.22494258,0,0,0.0501732528,0.121633127,0.0556358658,0.05,0.02,0.2,0.08726646,0.17453292,0.17453292
170,413,4.13,SETUP,None,false,false,0.0572427362,0.05495526,0.0572427362,NA,NA,NA,false,false,NONE,0.22494258,0,0,0,true,true,8,true,true,0,0,1.28209507,-1.15518236,0.08099306,0.28763938,0.866651356,right_upper_arm,true,0.0015045082,0,0.124470785,2.305055,false,true,NONE,0.22494258,0,0,0.0501732528,0.121633127,0.0556358658,0.05,0.02,0.2,0.08726646,0.17453292,0.17453292
170,414,4.14,SETUP,None,false,false,0.0572427362,0.05495526,0.0572427362,NA,NA,NA,false,false,NONE,0.22494258,0,0,0,true,true,8,true,true,0,0,1.28209507,-1.15518236,0.08099306,0.28763938,0.866651356,right_upper_arm,true,0.0015045082,0,0.124470785,2.305055,false,true,NONE,0.22494258,0,0,0.0501732528,0.121633127,0.0556358658,0.05,0.02,0.2,0.08726646,0.17453292,0.17453292
170,415,4.15,SETUP,None,false,false,0.0572427362,0.05495526,0.0572427362,NA,NA,NA,false,false,NONE,0.22494258,0,0,0,true,true,8,true,true,0,0,1.28209507,-1.15518236,0.08099306,0.28763938,0.866651356,right_upper_arm,true,0.0015045082,0,0.124470785,2.305055,false,true,NONE,0.22494258,0,0,0.0501732528,0.121633127,0.0556358658,0.05,0.02,0.2,0.08726646,0.17453292,0.17453292
170,416,4.16,SETUP,None,false,false,0.0572427362,0.05495526,0.0572427362,NA,NA,NA,false,false,NONE,0.22494258,0,0,0,true,true,8,true,true,0,0,1.28209507,-1.15518236,0.08099306,0.28763938,0.866651356,right_upper_arm,true,0.0015045082,0,0.124470785,2.305055,false,true,NONE,0.22494258,0,0,0.0501732528,0.121633127,0.0556358658,0.05,0.02,0.2,0.08726646,0.17453292,0.17453292
170,417,4.17,SETUP,None,false,false,0.0572427362,0.05495526,0.0572427362,NA,NA,NA,false,false,NONE,0.22494258,0,0,0,true,true,8,true,true,0,0,1.28209507,-1.15518236,0.08099306,0.28763938,0.866651356,right_upper_arm,true,0.0015045082,0,0.124470785,2.305055,false,true,NONE,0.22494258,0,0,0.0501732528,0.121633127,0.0556358658,0.05,0.02,0.2,0.08726646,0.17453292,0.17453292
170,418,4.18,SETUP,None,false,false,0.0572427362,0.05495526,0.0572427362,NA,NA,NA,false,false,NONE,0.22494258,0,0,0,true,true,8,true,true,0,0,1.28209507,-1.15518236,0.08099306,0.28763938,0.866651356,right_upper_arm,true,0.0015045082,0,0.124470785,2.305055,false,true,NONE,0.22494258,0,0,0.0501732528,0.121633127,0.0556358658,0.05,0.02,0.2,0.08726646,0.17453292,0.17453292
170,419,4.19,SETUP,None,false,false,0.0572427362,0.05495526,0.0572427362,NA,NA,NA,false,false,NONE,0.22494258,0,0,0,true,true,8,true,true,0,0,1.28209507,-1.15518236,0.08099306,0.28763938,0.866651356,right_upper_arm,true,0.0015045082,0,0.124470785,2.305055,false,true,NONE,0.22494258,0,0,0.0501732528,0.121633127,0.0556358658,0.05,0.02,0.2,0.08726646,0.17453292,0.17453292
170,420,4.2,SETUP,None,false,false,0.0572427362,0.05495526,0.0572427362,NA,NA,NA,false,false,NONE,0.22494258,0,0,0,true,true,8,true,true,0,0,1.28209507,-1.15518236,0.08099306,0.28763938,0.866651356,right_upper_arm,true,0.0015045082,0,0.124470785,2.305055,false,true,NONE,0.22494258,0,0,0.0501732528,0.121633127,0.0556358658,0.05,0.02,0.2,0.08726646,0.17453292,0.17453292
170,421,4.21,SETUP,None,false,false,0.0572427362,0.05495526,0.0572427362,NA,NA,NA,false,false,NONE,0.22494258,0,0,0,true,true,8,true,true,0,0,1.28209507,-1.15518236,0.08099306,0.28763938,0.866651356,right_upper_arm,true,0.0015045082,0,0.124470785,2.305055,false,true,NONE,0.22494258,0,0,0.0501732528,0.121633127,0.0556358658,0.05,0.02,0.2,0.08726646,0.17453292,0.17453292
170,422,4.22,SETUP,None,false,false,0.0572427362,0.05495526,0.0572427362,NA,NA,NA,false,false,NONE,0.22494258,0,0,0,true,true,8,true,true,0,0,1.28209507,-1.15518236,0.08099306,0.28763938,0.866651356,right_upper_arm,true,0.0015045082,0,0.124470785,2.305055,false,true,NONE,0.22494258,0,0,0.0501732528,0.121633127,0.0556358658,0.05,0.02,0.2,0.08726646,0.17453292,0.17453292
170,423,4.23,SETUP,None,false,false,0.0572427362,0.05495526,0.0572427362,NA,NA,NA,false,false,NONE,0.22494258,0,0,0,true,true,8,true,true,0,0,1.28209507,-1.15518236,0.08099306,0.28763938,0.866651356,right_upper_arm,true,0.0015045082,0,0.124470785,2.305055,false,true,NONE,0.22494258,0,0,0.0501732528,0.121633127,0.0556358658,0.05,0.02,0.2,0.08726646,0.17453292,0.17453292
170,424,4.24,SETUP,None,false,false,0.0572427362,0.05495526,0.0572427362,NA,NA,NA,false,false,NONE,0.22494258,0,0,0,true,true,8,true,true,0,0,1.28209507,-1.15518236,0.08099306,0.28763938,0.866651356,right_upper_arm,true,0.0015045082,0,0.124470785,2.305055,false,true,NONE,0.22494258,0,0,0.0501732528,0.121633127,0.0556358658,0.05,0.02,0.2,0.08726646,0.17453292,0.17453292
170,425,4.25,SETUP,None,false,false,0.0572427362,0.05495526,0.0572427362,NA,NA,NA,false,false,NONE,0.22494258,0,0,0,true,true,8,true,true,0,0,1.28209507,-1.15518236,0.08099306,0.28763938,0.866651356,right_upper_arm,true,0.0015045082,0,0.124470785,2.305055,false,true,NONE,0.22494258,0,0,0.0501732528,0.121633127,0.0556358658,0.05,0.02,0.2,0.08726646,0.17453292,0.17453292
170,426,4.26,SETUP,None,false,false,0.0572427362,0.05495526,0.0572427362,NA,NA,NA,false,false,NONE,0.22494258,0,0,0,true,true,8,true,true,0,0,1.28209507,-1.15518236,0.08099306,0.28763938,0.866651356,right_upper_arm,true,0.0015045082,0,0.124470785,2.305055,false,true,NONE,0.22494258,0,0,0.0501732528,0.121633127,0.0556358658,0.05,0.02,0.2,0.08726646,0.17453292,0.17453292
170,427,4.2700000000000005,SETUP,None,false,false,0.0572427362,0.05495526,0.0572427362,NA,NA,NA,false,false,NONE,0.22494258,0,0,0,true,true,8,true,true,0,0,1.28209507,-1.15518236,0.08099306,0.28763938,0.866651356,right_upper_arm,true,0.0015045082,0,0.124470785,2.305055,false,true,NONE,0.22494258,0,0,0.0501732528,0.121633127,0.0556358658,0.05,0.02,0.2,0.08726646,0.17453292,0.17453292
170,428,4.28,SETUP,None,false,false,0.0572427362,0.05495526,0.0572427362,NA,NA,NA,false,false,NONE,0.22494258,0,0,0,true,true,8,true,true,0,0,1.28209507,-1.15518236,0.08099306,0.28763938,0.866651356,right_upper_arm,true,0.0015045082,0,0.124470785,2.305055,false,true,NONE,0.22494258,0,0,0.0501732528,0.121633127,0.0556358658,0.05,0.02,0.2,0.08726646,0.17453292,0.17453292
170,429,4.29,SETUP,None,false,false,0.0572427362,0.05495526,0.0572427362,NA,NA,NA,false,false,NONE,0.22494258,0,0,0,true,true,8,true,true,0,0,1.28209507,-1.15518236,0.08099306,0.28763938,0.866651356,right_upper_arm,true,0.0015045082,0,0.124470785,2.305055,false,true,NONE,0.22494258,0,0,0.0501732528,0.121633127,0.0556358658,0.05,0.02,0.2,0.08726646,0.17453292,0.17453292
170,430,4.3,SETUP,None,false,false,0.0572427362,0.05495526,0.0572427362,NA,NA,NA,false,false,NONE,0.22494258,0,0,0,true,true,8,true,true,0,0,1.28209507,-1.15518236,0.08099306,0.28763938,0.866651356,right_upper_arm,true,0.0015045082,0,0.124470785,2.305055,false,true,NONE,0.22494258,0,0,0.0501732528,0.121633127,0.0556358658,0.05,0.02,0.2,0.08726646,0.17453292,0.17453292
170,431,4.3100000000000005,SETUP,None,false,false,0.0572427362,0.05495526,0.0572427362,NA,NA,NA,false,false,NONE,0.22494258,0,0,0,true,true,8,true,true,0,0,1.28209507,-1.15518236,0.08099306,0.28763938,0.866651356,right_upper_arm,true,0.0015045082,0,0.124470785,2.305055,false,true,NONE,0.22494258,0,0,0.0501732528,0.121633127,0.0556358658,0.05,0.02,0.2,0.08726646,0.17453292,0.17453292
170,432,4.32,SETUP,None,false,false,0.0572427362,0.05495526,0.0572427362,NA,NA,NA,false,false,NONE,0.22494258,0,0,0,true,true,8,true,true,0,0,1.28209507,-1.15518236,0.08099306,0.28763938,0.866651356,right_upper_arm,true,0.0015045082,0,0.124470785,2.305055,false,true,NONE,0.22494258,0,0,0.0501732528,0.121633127,0.0556358658,0.05,0.02,0.2,0.08726646,0.17453292,0.17453292
170,433,4.33,SETUP,None,false,false,0.0572427362,0.05495526,0.0572427362,NA,NA,NA,false,false,NONE,0.22494258,0,0,0,true,true,8,true,true,0,0,1.28209507,-1.15518236,0.08099306,0.28763938,0.866651356,right_upper_arm,true,0.0015045082,0,0.124470785,2.305055,false,true,NONE,0.22494258,0,0,0.0501732528,0.121633127,0.0556358658,0.05,0.02,0.2,0.08726646,0.17453292,0.17453292
170,434,4.34,SETUP,None,false,false,0.0572427362,0.05495526,0.0572427362,NA,NA,NA,false,false,NONE,0.22494258,0,0,0,true,true,8,true,true,0,0,1.28209507,-1.15518236,0.08099306,0.28763938,0.866651356,right_upper_arm,true,0.0015045082,0,0.124470785,2.305055,false,true,NONE,0.22494258,0,0,0.0501732528,0.121633127,0.0556358658,0.05,0.02,0.2,0.08726646,0.17453292,0.17453292
170,435,4.3500000000000005,SETUP,None,false,false,0.0572427362,0.05495526,0.0572427362,NA,NA,NA,false,false,NONE,0.22494258,0,0,0,true,true,8,true,true,0,0,1.28209507,-1.15518236,0.08099306,0.28763938,0.866651356,right_upper_arm,true,0.0015045082,0,0.124470785,2.305055,false,true,NONE,0.22494258,0,0,0.0501732528,0.121633127,0.0556358658,0.05,0.02,0.2,0.08726646,0.17453292,0.17453292
170,436,4.36,SETUP,None,false,false,0.0572427362,0.05495526,0.0572427362,NA,NA,NA,false,false,NONE,0.22494258,0,0,0,true,true,8,true,true,0,0,1.28209507,-1.15518236,0.08099306,0.28763938,0.866651356,right_upper_arm,true,0.0015045082,0,0.124470785,2.305055,false,true,NONE,0.22494258,0,0,0.0501732528,0.121633127,0.0556358658,0.05,0.02,0.2,0.08726646,0.17453292,0.17453292
170,437,4.37,SETUP,None,false,false,0.0572427362,0.05495526,0.0572427362,NA,NA,NA,false,false,NONE,0.22494258,0,0,0,true,true,8,true,true,0,0,1.28209507,-1.15518236,0.08099306,0.28763938,0.866651356,right_upper_arm,true,0.0015045082,0,0.124470785,2.305055,false,true,NONE,0.22494258,0,0,0.0501732528,0.121633127,0.0556358658,0.05,0.02,0.2,0.08726646,0.17453292,0.17453292
170,438,4.38,SETUP,None,false,false,0.0572427362,0.05495526,0.0572427362,NA,NA,NA,false,false,NONE,0.22494258,0,0,0,true,true,8,true,true,0,0,1.28209507,-1.15518236,0.08099306,0.28763938,0.866651356,right_upper_arm,true,0.0015045082,0,0.124470785,2.305055,false,true,NONE,0.22494258,0,0,0.0501732528,0.121633127,0.0556358658,0.05,0.02,0.2,0.08726646,0.17453292,0.17453292
170,439,4.39,SETUP,None,false,false,0.0572427362,0.05495526,0.0572427362,NA,NA,NA,false,false,NONE,0.22494258,0,0,0,true,true,8,true,true,0,0,1.28209507,-1.15518236,0.08099306,0.28763938,0.866651356,right_upper_arm,true,0.0015045082,0,0.124470785,2.305055,false,true,NONE,0.22494258,0,0,0.0501732528,0.121633127,0.0556358658,0.05,0.02,0.2,0.08726646,0.17453292,0.17453292
170,440,4.4,SETUP,None,false,false,0.0572427362,0.05495526,0.0572427362,NA,NA,NA,false,false,NONE,0.22494258,0,0,0,true,true,8,true,true,0,0,1.28209507,-1.15518236,0.08099306,0.28763938,0.866651356,right_upper_arm,true,0.0015045082,0,0.124470785,2.305055,false,true,NONE,0.22494258,0,0,0.0501732528,0.121633127,0.0556358658,0.05,0.02,0.2,0.08726646,0.17453292,0.17453292
170,441,4.41,SETUP,None,false,false,0.0572427362,0.05495526,0.0572427362,NA,NA,NA,false,false,NONE,0.22494258,0,0,0,true,true,8,true,true,0,0,1.28209507,-1.15518236,0.08099306,0.28763938,0.866651356,right_upper_arm,true,0.0015045082,0,0.124470785,2.305055,false,true,NONE,0.22494258,0,0,0.0501732528,0.121633127,0.0556358658,0.05,0.02,0.2,0.08726646,0.17453292,0.17453292
170,442,4.42,SETUP,None,false,false,0.0572427362,0.05495526,0.0572427362,NA,NA,NA,false,false,NONE,0.22494258,0,0,0,true,true,8,true,true,0,0,1.28209507,-1.15518236,0.08099306,0.28763938,0.866651356,right_upper_arm,true,0.0015045082,0,0.124470785,2.305055,false,true,NONE,0.22494258,0,0,0.0501732528,0.121633127,0.0556358658,0.05,0.02,0.2,0.08726646,0.17453292,0.17453292
170,443,4.43,SETUP,None,false,false,0.0572427362,0.05495526,0.0572427362,NA,NA,NA,false,false,NONE,0.22494258,0,0,0,true,true,8,true,true,0,0,1.28209507,-1.15518236,0.08099306,0.28763938,0.866651356,right_upper_arm,true,0.0015045082,0,0.124470785,2.305055,false,true,NONE,0.22494258,0,0,0.0501732528,0.121633127,0.0556358658,0.05,0.02,0.2,0.08726646,0.17453292,0.17453292
170,444,4.44,SETUP,None,false,false,0.0572427362,0.05495526,0.0572427362,NA,NA,NA,false,false,NONE,0.22494258,0,0,0,true,true,8,true,true,0,0,1.28209507,-1.15518236,0.08099306,0.28763938,0.866651356,right_upper_arm,true,0.0015045082,0,0.124470785,2.305055,false,true,NONE,0.22494258,0,0,0.0501732528,0.121633127,0.0556358658,0.05,0.02,0.2,0.08726646,0.17453292,0.17453292
170,445,4.45,SETUP,None,false,false,0.0572427362,0.05495526,0.0572427362,NA,NA,NA,false,false,NONE,0.22494258,0,0,0,true,true,8,true,true,0,0,1.28209507,-1.15518236,0.08099306,0.28763938,0.866651356,right_upper_arm,true,0.0015045082,0,0.124470785,2.305055,false,true,NONE,0.22494258,0,0,0.0501732528,0.121633127,0.0556358658,0.05,0.02,0.2,0.08726646,0.17453292,0.17453292
170,446,4.46,SETUP,None,false,false,0.0572427362,0.05495526,0.0572427362,NA,NA,NA,false,false,NONE,0.22494258,0,0,0,true,true,8,true,true,0,0,1.28209507,-1.15518236,0.08099306,0.28763938,0.866651356,right_upper_arm,true,0.0015045082,0,0.124470785,2.305055,false,true,NONE,0.22494258,0,0,0.0501732528,0.121633127,0.0556358658,0.05,0.02,0.2,0.08726646,0.17453292,0.17453292
170,447,4.47,SETUP,None,false,false,0.0572427362,0.05495526,0.0572427362,NA,NA,NA,false,false,NONE,0.22494258,0,0,0,true,true,8,true,true,0,0,1.28209507,-1.15518236,0.08099306,0.28763938,0.866651356,right_upper_arm,true,0.0015045082,0,0.124470785,2.305055,false,true,NONE,0.22494258,0,0,0.0501732528,0.121633127,0.0556358658,0.05,0.02,0.2,0.08726646,0.17453292,0.17453292
170,448,4.48,SETUP,None,false,false,0.0572427362,0.05495526,0.0572427362,NA,NA,NA,false,false,NONE,0.22494258,0,0,0,true,true,8,true,true,0,0,1.28209507,-1.15518236,0.08099306,0.28763938,0.866651356,right_upper_arm,true,0.0015045082,0,0.124470785,2.305055,false,true,NONE,0.22494258,0,0,0.0501732528,0.121633127,0.0556358658,0.05,0.02,0.2,0.08726646,0.17453292,0.17453292
170,449,4.49,SETUP,None,false,false,0.0572427362,0.05495526,0.0572427362,NA,NA,NA,false,false,NONE,0.22494258,0,0,0,true,true,8,true,true,0,0,1.28209507,-1.15518236,0.08099306,0.28763938,0.866651356,right_upper_arm,true,0.0015045082,0,0.124470785,2.305055,false,true,NONE,0.22494258,0,0,0.0501732528,0.121633127,0.0556358658,0.05,0.02,0.2,0.08726646,0.17453292,0.17453292
170,450,4.5,SETUP,None,false,false,0.0572427362,0.05495526,0.0572427362,NA,NA,NA,false,false,NONE,0.22494258,0,0,0,true,true,8,true,true,0,0,1.28209507,-1.15518236,0.08099306,0.28763938,0.866651356,right_upper_arm,true,0.0015045082,0,0.124470785,2.305055,false,true,NONE,0.22494258,0,0,0.0501732528,0.121633127,0.0556358658,0.05,0.02,0.2,0.08726646,0.17453292,0.17453292
170,451,4.51,SETUP,None,false,false,0.0572427362,0.05495526,0.0572427362,NA,NA,NA,false,false,NONE,0.22494258,0,0,0,true,true,8,true,true,0,0,1.28209507,-1.15518236,0.08099306,0.28763938,0.866651356,right_upper_arm,true,0.0015045082,0,0.124470785,2.305055,false,true,NONE,0.22494258,0,0,0.0501732528,0.121633127,0.0556358658,0.05,0.02,0.2,0.08726646,0.17453292,0.17453292
170,452,4.5200000000000005,SETUP,None,false,false,0.0572427362,0.05495526,0.0572427362,NA,NA,NA,false,false,NONE,0.22494258,0,0,0,true,true,8,true,true,0,0,1.28209507,-1.15518236,0.08099306,0.28763938,0.866651356,right_upper_arm,true,0.0015045082,0,0.124470785,2.305055,false,true,NONE,0.22494258,0,0,0.0501732528,0.121633127,0.0556358658,0.05,0.02,0.2,0.08726646,0.17453292,0.17453292
170,453,4.53,SETUP,None,false,false,0.0572427362,0.05495526,0.0572427362,NA,NA,NA,false,false,NONE,0.22494258,0,0,0,true,true,8,true,true,0,0,1.28209507,-1.15518236,0.08099306,0.28763938,0.866651356,right_upper_arm,true,0.0015045082,0,0.124470785,2.305055,false,true,NONE,0.22494258,0,0,0.0501732528,0.121633127,0.0556358658,0.05,0.02,0.2,0.08726646,0.17453292,0.17453292
170,454,4.54,SETUP,None,false,false,0.0572427362,0.05495526,0.0572427362,NA,NA,NA,false,false,NONE,0.22494258,0,0,0,true,true,8,true,true,0,0,1.28209507,-1.15518236,0.08099306,0.28763938,0.866651356,right_upper_arm,true,0.0015045082,0,0.124470785,2.305055,false,true,NONE,0.22494258,0,0,0.0501732528,0.121633127,0.0556358658,0.05,0.02,0.2,0.08726646,0.17453292,0.17453292
170,455,4.55,SETUP,None,false,false,0.0572427362,0.05495526,0.0572427362,NA,NA,NA,false,false,NONE,0.22494258,0,0,0,true,true,8,true,true,0,0,1.28209507,-1.15518236,0.08099306,0.28763938,0.866651356,right_upper_arm,true,0.0015045082,0,0.124470785,2.305055,false,true,NONE,0.22494258,0,0,0.0501732528,0.121633127,0.0556358658,0.05,0.02,0.2,0.08726646,0.17453292,0.17453292
170,456,4.5600000000000005,SETUP,None,false,false,0.0572427362,0.05495526,0.0572427362,NA,NA,NA,false,false,NONE,0.22494258,0,0,0,true,true,8,true,true,0,0,1.28209507,-1.15518236,0.08099306,0.28763938,0.866651356,right_upper_arm,true,0.0015045082,0,0.124470785,2.305055,false,true,NONE,0.22494258,0,0,0.0501732528,0.121633127,0.0556358658,0.05,0.02,0.2,0.08726646,0.17453292,0.17453292
170,457,4.57,SETUP,None,false,false,0.0572427362,0.05495526,0.0572427362,NA,NA,NA,false,false,NONE,0.22494258,0,0,0,true,true,8,true,true,0,0,1.28209507,-1.15518236,0.08099306,0.28763938,0.866651356,right_upper_arm,true,0.0015045082,0,0.124470785,2.305055,false,true,NONE,0.22494258,0,0,0.0501732528,0.121633127,0.0556358658,0.05,0.02,0.2,0.08726646,0.17453292,0.17453292
170,458,4.58,SETUP,None,false,false,0.0572427362,0.05495526,0.0572427362,NA,NA,NA,false,false,NONE,0.22494258,0,0,0,true,true,8,true,true,0,0,1.28209507,-1.15518236,0.08099306,0.28763938,0.866651356,right_upper_arm,true,0.0015045082,0,0.124470785,2.305055,false,true,NONE,0.22494258,0,0,0.0501732528,0.121633127,0.0556358658,0.05,0.02,0.2,0.08726646,0.17453292,0.17453292
170,459,4.59,SETUP,None,false,false,0.0572427362,0.05495526,0.0572427362,NA,NA,NA,false,false,NONE,0.22494258,0,0,0,true,true,8,true,true,0,0,1.28209507,-1.15518236,0.08099306,0.28763938,0.866651356,right_upper_arm,true,0.0015045082,0,0.124470785,2.305055,false,true,NONE,0.22494258,0,0,0.0501732528,0.121633127,0.0556358658,0.05,0.02,0.2,0.08726646,0.17453292,0.17453292
170,460,4.6000000000000005,SETUP,None,false,false,0.0572427362,0.05495526,0.0572427362,NA,NA,NA,false,false,NONE,0.22494258,0,0,0,true,true,8,true,true,0,0,1.28209507,-1.15518236,0.08099306,0.28763938,0.866651356,right_upper_arm,true,0.0015045082,0,0.124470785,2.305055,false,true,NONE,0.22494258,0,0,0.0501732528,0.121633127,0.0556358658,0.05,0.02,0.2,0.08726646,0.17453292,0.17453292
170,461,4.61,SETUP,None,false,false,0.0572427362,0.05495526,0.0572427362,NA,NA,NA,false,false,NONE,0.22494258,0,0,0,true,true,8,true,true,0,0,1.28209507,-1.15518236,0.08099306,0.28763938,0.866651356,right_upper_arm,true,0.0015045082,0,0.124470785,2.305055,false,true,NONE,0.22494258,0,0,0.0501732528,0.121633127,0.0556358658,0.05,0.02,0.2,0.08726646,0.17453292,0.17453292
170,462,4.62,SETUP,None,false,false,0.0572427362,0.05495526,0.0572427362,NA,NA,NA,false,false,NONE,0.22494258,0,0,0,true,true,8,true,true,0,0,1.28209507,-1.15518236,0.08099306,0.28763938,0.866651356,right_upper_arm,true,0.0015045082,0,0.124470785,2.305055,false,true,NONE,0.22494258,0,0,0.0501732528,0.121633127,0.0556358658,0.05,0.02,0.2,0.08726646,0.17453292,0.17453292
170,463,4.63,SETUP,None,false,false,0.0572427362,0.05495526,0.0572427362,NA,NA,NA,false,false,NONE,0.22494258,0,0,0,true,true,8,true,true,0,0,1.28209507,-1.15518236,0.08099306,0.28763938,0.866651356,right_upper_arm,true,0.0015045082,0,0.124470785,2.305055,false,true,NONE,0.22494258,0,0,0.0501732528,0.121633127,0.0556358658,0.05,0.02,0.2,0.08726646,0.17453292,0.17453292
170,464,4.64,SETUP,None,false,false,0.0572427362,0.05495526,0.0572427362,NA,NA,NA,false,false,NONE,0.22494258,0,0,0,true,true,8,true,true,0,0,1.28209507,-1.15518236,0.08099306,0.28763938,0.866651356,right_upper_arm,true,0.0015045082,0,0.124470785,2.305055,false,true,NONE,0.22494258,0,0,0.0501732528,0.121633127,0.0556358658,0.05,0.02,0.2,0.08726646,0.17453292,0.17453292
170,465,4.65,SETUP,None,false,false,0.0572427362,0.05495526,0.0572427362,NA,NA,NA,false,false,NONE,0.22494258,0,0,0,true,true,8,true,true,0,0,1.28209507,-1.15518236,0.08099306,0.28763938,0.866651356,right_upper_arm,true,0.0015045082,0,0.124470785,2.305055,false,true,NONE,0.22494258,0,0,0.0501732528,0.121633127,0.0556358658,0.05,0.02,0.2,0.08726646,0.17453292,0.17453292
170,466,4.66,SETUP,None,false,false,0.0572427362,0.05495526,0.0572427362,NA,NA,NA,false,false,NONE,0.22494258,0,0,0,true,true,8,true,true,0,0,1.28209507,-1.15518236,0.08099306,0.28763938,0.866651356,right_upper_arm,true,0.0015045082,0,0.124470785,2.305055,false,true,NONE,0.22494258,0,0,0.0501732528,0.121633127,0.0556358658,0.05,0.02,0.2,0.08726646,0.17453292,0.17453292
170,467,4.67,SETUP,None,false,false,0.0572427362,0.05495526,0.0572427362,NA,NA,NA,false,false,NONE,0.22494258,0,0,0,true,true,8,true,true,0,0,1.28209507,-1.15518236,0.08099306,0.28763938,0.866651356,right_upper_arm,true,0.0015045082,0,0.124470785,2.305055,false,true,NONE,0.22494258,0,0,0.0501732528,0.121633127,0.0556358658,0.05,0.02,0.2,0.08726646,0.17453292,0.17453292
170,468,4.68,SETUP,None,false,false,0.0572427362,0.05495526,0.0572427362,NA,NA,NA,false,false,NONE,0.22494258,0,0,0,true,true,8,true,true,0,0,1.28209507,-1.15518236,0.08099306,0.28763938,0.866651356,right_upper_arm,true,0.0015045082,0,0.124470785,2.305055,false,true,NONE,0.22494258,0,0,0.0501732528,0.121633127,0.0556358658,0.05,0.02,0.2,0.08726646,0.17453292,0.17453292
170,469,4.69,SETUP,None,false,false,0.0572427362,0.05495526,0.0572427362,NA,NA,NA,false,false,NONE,0.22494258,0,0,0,true,true,8,true,true,0,0,1.28209507,-1.15518236,0.08099306,0.28763938,0.866651356,right_upper_arm,true,0.0015045082,0,0.124470785,2.305055,false,true,NONE,0.22494258,0,0,0.0501732528,0.121633127,0.0556358658,0.05,0.02,0.2,0.08726646,0.17453292,0.17453292
170,470,4.7,SETUP,None,false,false,0.0572427362,0.05495526,0.0572427362,NA,NA,NA,false,false,NONE,0.22494258,0,0,0,true,true,8,true,true,0,0,1.28209507,-1.15518236,0.08099306,0.28763938,0.866651356,right_upper_arm,true,0.0015045082,0,0.124470785,2.305055,false,true,NONE,0.22494258,0,0,0.0501732528,0.121633127,0.0556358658,0.05,0.02,0.2,0.08726646,0.17453292,0.17453292
170,471,4.71,SETUP,None,false,false,0.0572427362,0.05495526,0.0572427362,NA,NA,NA,false,false,NONE,0.22494258,0,0,0,true,true,8,true,true,0,0,1.28209507,-1.15518236,0.08099306,0.28763938,0.866651356,right_upper_arm,true,0.0015045082,0,0.124470785,2.305055,false,true,NONE,0.22494258,0,0,0.0501732528,0.121633127,0.0556358658,0.05,0.02,0.2,0.08726646,0.17453292,0.17453292
170,472,4.72,SETUP,None,false,false,0.0572427362,0.05495526,0.0572427362,NA,NA,NA,false,false,NONE,0.22494258,0,0,0,true,true,8,true,true,0,0,1.28209507,-1.15518236,0.08099306,0.28763938,0.866651356,right_upper_arm,true,0.0015045082,0,0.124470785,2.305055,false,true,NONE,0.22494258,0,0,0.0501732528,0.121633127,0.0556358658,0.05,0.02,0.2,0.08726646,0.17453292,0.17453292
170,473,4.73,SETUP,None,false,false,0.0572427362,0.05495526,0.0572427362,NA,NA,NA,false,false,NONE,0.22494258,0,0,0,true,true,8,true,true,0,0,1.28209507,-1.15518236,0.08099306,0.28763938,0.866651356,right_upper_arm,true,0.0015045082,0,0.124470785,2.305055,false,true,NONE,0.22494258,0,0,0.0501732528,0.121633127,0.0556358658,0.05,0.02,0.2,0.08726646,0.17453292,0.17453292
170,474,4.74,SETUP,None,false,false,0.0572427362,0.05495526,0.0572427362,NA,NA,NA,false,false,NONE,0.22494258,0,0,0,true,true,8,true,true,0,0,1.28209507,-1.15518236,0.08099306,0.28763938,0.866651356,right_upper_arm,true,0.0015045082,0,0.124470785,2.305055,false,true,NONE,0.22494258,0,0,0.0501732528,0.121633127,0.0556358658,0.05,0.02,0.2,0.08726646,0.17453292,0.17453292
170,475,4.75,SETUP,None,false,false,0.0572427362,0.05495526,0.0572427362,NA,NA,NA,false,false,NONE,0.22494258,0,0,0,true,true,8,true,true,0,0,1.28209507,-1.15518236,0.08099306,0.28763938,0.866651356,right_upper_arm,true,0.0015045082,0,0.124470785,2.305055,false,true,NONE,0.22494258,0,0,0.0501732528,0.121633127,0.0556358658,0.05,0.02,0.2,0.08726646,0.17453292,0.17453292
170,476,4.76,SETUP,None,false,false,0.0572427362,0.05495526,0.0572427362,NA,NA,NA,false,false,NONE,0.22494258,0,0,0,true,true,8,true,true,0,0,1.28209507,-1.15518236,0.08099306,0.28763938,0.866651356,right_upper_arm,true,0.0015045082,0,0.124470785,2.305055,false,true,NONE,0.22494258,0,0,0.0501732528,0.121633127,0.0556358658,0.05,0.02,0.2,0.08726646,0.17453292,0.17453292
170,477,4.7700000000000005,SETUP,None,false,false,0.0572427362,0.05495526,0.0572427362,NA,NA,NA,false,false,NONE,0.22494258,0,0,0,true,true,8,true,true,0,0,1.28209507,-1.15518236,0.08099306,0.28763938,0.866651356,right_upper_arm,true,0.0015045082,0,0.124470785,2.305055,false,true,NONE,0.22494258,0,0,0.0501732528,0.121633127,0.0556358658,0.05,0.02,0.2,0.08726646,0.17453292,0.17453292
170,478,4.78,SETUP,None,false,false,0.0572427362,0.05495526,0.0572427362,NA,NA,NA,false,false,NONE,0.22494258,0,0,0,true,true,8,true,true,0,0,1.28209507,-1.15518236,0.08099306,0.28763938,0.866651356,right_upper_arm,true,0.0015045082,0,0.124470785,2.305055,false,true,NONE,0.22494258,0,0,0.0501732528,0.121633127,0.0556358658,0.05,0.02,0.2,0.08726646,0.17453292,0.17453292
170,479,4.79,SETUP,None,false,false,0.0572427362,0.05495526,0.0572427362,NA,NA,NA,false,false,NONE,0.22494258,0,0,0,true,true,8,true,true,0,0,1.28209507,-1.15518236,0.08099306,0.28763938,0.866651356,right_upper_arm,true,0.0015045082,0,0.124470785,2.305055,false,true,NONE,0.22494258,0,0,0.0501732528,0.121633127,0.0556358658,0.05,0.02,0.2,0.08726646,0.17453292,0.17453292
170,480,4.8,SETUP,None,false,false,0.0572427362,0.05495526,0.0572427362,NA,NA,NA,false,false,NONE,0.22494258,0,0,0,true,true,8,true,true,0,0,1.28209507,-1.15518236,0.08099306,0.28763938,0.866651356,right_upper_arm,true,0.0015045082,0,0.124470785,2.305055,false,true,NONE,0.22494258,0,0,0.0501732528,0.121633127,0.0556358658,0.05,0.02,0.2,0.08726646,0.17453292,0.17453292
170,481,4.8100000000000005,SETUP,None,false,false,0.0572427362,0.05495526,0.0572427362,NA,NA,NA,false,false,NONE,0.22494258,0,0,0,true,true,8,true,true,0,0,1.28209507,-1.15518236,0.08099306,0.28763938,0.866651356,right_upper_arm,true,0.0015045082,0,0.124470785,2.305055,false,true,NONE,0.22494258,0,0,0.0501732528,0.121633127,0.0556358658,0.05,0.02,0.2,0.08726646,0.17453292,0.17453292
170,482,4.82,SETUP,None,false,false,0.0572427362,0.05495526,0.0572427362,NA,NA,NA,false,false,NONE,0.22494258,0,0,0,true,true,8,true,true,0,0,1.28209507,-1.15518236,0.08099306,0.28763938,0.866651356,right_upper_arm,true,0.0015045082,0,0.124470785,2.305055,false,true,NONE,0.22494258,0,0,0.0501732528,0.121633127,0.0556358658,0.05,0.02,0.2,0.08726646,0.17453292,0.17453292
170,483,4.83,SETUP,None,false,false,0.0572427362,0.05495526,0.0572427362,NA,NA,NA,false,false,NONE,0.22494258,0,0,0,true,true,8,true,true,0,0,1.28209507,-1.15518236,0.08099306,0.28763938,0.866651356,right_upper_arm,true,0.0015045082,0,0.124470785,2.305055,false,true,NONE,0.22494258,0,0,0.0501732528,0.121633127,0.0556358658,0.05,0.02,0.2,0.08726646,0.17453292,0.17453292
170,484,4.84,SETUP,None,false,false,0.0572427362,0.05495526,0.0572427362,NA,NA,NA,false,false,NONE,0.22494258,0,0,0,true,true,8,true,true,0,0,1.28209507,-1.15518236,0.08099306,0.28763938,0.866651356,right_upper_arm,true,0.0015045082,0,0.124470785,2.305055,false,true,NONE,0.22494258,0,0,0.0501732528,0.121633127,0.0556358658,0.05,0.02,0.2,0.08726646,0.17453292,0.17453292
170,485,4.8500000000000005,SETUP,None,false,false,0.0572427362,0.05495526,0.0572427362,NA,NA,NA,false,false,NONE,0.22494258,0,0,0,true,true,8,true,true,0,0,1.28209507,-1.15518236,0.08099306,0.28763938,0.866651356,right_upper_arm,true,0.0015045082,0,0.124470785,2.305055,false,true,NONE,0.22494258,0,0,0.0501732528,0.121633127,0.0556358658,0.05,0.02,0.2,0.08726646,0.17453292,0.17453292
170,486,4.86,SETUP,None,false,false,0.0572427362,0.05495526,0.0572427362,NA,NA,NA,false,false,NONE,0.22494258,0,0,0,true,true,8,true,true,0,0,1.28209507,-1.15518236,0.08099306,0.28763938,0.866651356,right_upper_arm,true,0.0015045082,0,0.124470785,2.305055,false,true,NONE,0.22494258,0,0,0.0501732528,0.121633127,0.0556358658,0.05,0.02,0.2,0.08726646,0.17453292,0.17453292
170,487,4.87,SETUP,None,false,false,0.0572427362,0.05495526,0.0572427362,NA,NA,NA,false,false,NONE,0.22494258,0,0,0,true,true,8,true,true,0,0,1.28209507,-1.15518236,0.08099306,0.28763938,0.866651356,right_upper_arm,true,0.0015045082,0,0.124470785,2.305055,false,true,NONE,0.22494258,0,0,0.0501732528,0.121633127,0.0556358658,0.05,0.02,0.2,0.08726646,0.17453292,0.17453292
170,488,4.88,SETUP,None,false,false,0.0572427362,0.05495526,0.0572427362,NA,NA,NA,false,false,NONE,0.22494258,0,0,0,true,true,8,true,true,0,0,1.28209507,-1.15518236,0.08099306,0.28763938,0.866651356,right_upper_arm,true,0.0015045082,0,0.124470785,2.305055,false,true,NONE,0.22494258,0,0,0.0501732528,0.121633127,0.0556358658,0.05,0.02,0.2,0.08726646,0.17453292,0.17453292
170,489,4.89,SETUP,None,false,false,0.0572427362,0.05495526,0.0572427362,NA,NA,NA,false,false,NONE,0.22494258,0,0,0,true,true,8,true,true,0,0,1.28209507,-1.15518236,0.08099306,0.28763938,0.866651356,right_upper_arm,true,0.0015045082,0,0.124470785,2.305055,false,true,NONE,0.22494258,0,0,0.0501732528,0.121633127,0.0556358658,0.05,0.02,0.2,0.08726646,0.17453292,0.17453292
170,490,4.9,SETUP,None,false,false,0.0572427362,0.05495526,0.0572427362,NA,NA,NA,false,false,NONE,0.22494258,0,0,0,true,true,8,true,true,0,0,1.28209507,-1.15518236,0.08099306,0.28763938,0.866651356,right_upper_arm,true,0.0015045082,0,0.124470785,2.305055,false,true,NONE,0.22494258,0,0,0.0501732528,0.121633127,0.0556358658,0.05,0.02,0.2,0.08726646,0.17453292,0.17453292
170,491,4.91,SETUP,None,false,false,0.0572427362,0.05495526,0.0572427362,NA,NA,NA,false,false,NONE,0.22494258,0,0,0,true,true,8,true,true,0,0,1.28209507,-1.15518236,0.08099306,0.28763938,0.866651356,right_upper_arm,true,0.0015045082,0,0.124470785,2.305055,false,true,NONE,0.22494258,0,0,0.0501732528,0.121633127,0.0556358658,0.05,0.02,0.2,0.08726646,0.17453292,0.17453292
170,492,4.92,SETUP,None,false,false,0.0572427362,0.05495526,0.0572427362,NA,NA,NA,false,false,NONE,0.22494258,0,0,0,true,true,8,true,true,0,0,1.28209507,-1.15518236,0.08099306,0.28763938,0.866651356,right_upper_arm,true,0.0015045082,0,0.124470785,2.305055,false,true,NONE,0.22494258,0,0,0.0501732528,0.121633127,0.0556358658,0.05,0.02,0.2,0.08726646,0.17453292,0.17453292
170,493,4.93,SETUP,None,false,false,0.0572427362,0.05495526,0.0572427362,NA,NA,NA,false,false,NONE,0.22494258,0,0,0,true,true,8,true,true,0,0,1.28209507,-1.15518236,0.08099306,0.28763938,0.866651356,right_upper_arm,true,0.0015045082,0,0.124470785,2.305055,false,true,NONE,0.22494258,0,0,0.0501732528,0.121633127,0.0556358658,0.05,0.02,0.2,0.08726646,0.17453292,0.17453292
170,494,4.94,SETUP,None,false,false,0.0572427362,0.05495526,0.0572427362,NA,NA,NA,false,false,NONE,0.22494258,0,0,0,true,true,8,true,true,0,0,1.28209507,-1.15518236,0.08099306,0.28763938,0.866651356,right_upper_arm,true,0.0015045082,0,0.124470785,2.305055,false,true,NONE,0.22494258,0,0,0.0501732528,0.121633127,0.0556358658,0.05,0.02,0.2,0.08726646,0.17453292,0.17453292
170,495,4.95,SETUP,None,false,false,0.0572427362,0.05495526,0.0572427362,NA,NA,NA,false,false,NONE,0.22494258,0,0,0,true,true,8,true,true,0,0,1.28209507,-1.15518236,0.08099306,0.28763938,0.866651356,right_upper_arm,true,0.0015045082,0,0.124470785,2.305055,false,true,NONE,0.22494258,0,0,0.0501732528,0.121633127,0.0556358658,0.05,0.02,0.2,0.08726646,0.17453292,0.17453292
170,496,4.96,SETUP,None,false,false,0.0572427362,0.05495526,0.0572427362,NA,NA,NA,false,false,NONE,0.22494258,0,0,0,true,true,8,true,true,0,0,1.28209507,-1.15518236,0.08099306,0.28763938,0.866651356,right_upper_arm,true,0.0015045082,0,0.124470785,2.305055,false,true,NONE,0.22494258,0,0,0.0501732528,0.121633127,0.0556358658,0.05,0.02,0.2,0.08726646,0.17453292,0.17453292
170,497,4.97,SETUP,None,false,false,0.0572427362,0.05495526,0.0572427362,NA,NA,NA,false,false,NONE,0.22494258,0,0,0,true,true,8,true,true,0,0,1.28209507,-1.15518236,0.08099306,0.28763938,0.866651356,right_upper_arm,true,0.0015045082,0,0.124470785,2.305055,false,true,NONE,0.22494258,0,0,0.0501732528,0.121633127,0.0556358658,0.05,0.02,0.2,0.08726646,0.17453292,0.17453292
170,498,4.98,SETUP,None,false,false,0.0572427362,0.05495526,0.0572427362,NA,NA,NA,false,false,NONE,0.22494258,0,0,0,true,true,8,true,true,0,0,1.28209507,-1.15518236,0.08099306,0.28763938,0.866651356,right_upper_arm,true,0.0015045082,0,0.124470785,2.305055,false,true,NONE,0.22494258,0,0,0.0501732528,0.121633127,0.0556358658,0.05,0.02,0.2,0.08726646,0.17453292,0.17453292
170,499,4.99,SETUP,None,false,false,0.0572427362,0.05495526,0.0572427362,NA,NA,NA,false,false,NONE,0.22494258,0,0,0,true,true,8,true,true,0,0,1.28209507,-1.15518236,0.08099306,0.28763938,0.866651356,right_upper_arm,true,0.0015045082,0,0.124470785,2.305055,false,true,NONE,0.22494258,0,0,0.0501732528,0.121633127,0.0556358658,0.05,0.02,0.2,0.08726646,0.17453292,0.17453292
170,500,5,SETUP,None,false,false,0.0572427362,0.05495526,0.0572427362,NA,NA,NA,false,true,SETUP_NOT_PHYSICALLY_QUALIFIED,0.22494258,0,0,0,true,true,8,true,true,0,0,1.28209507,-1.15518236,0.08099306,0.28763938,0.866651356,right_upper_arm,true,0.0015045082,0,0.124470785,2.305055,false,true,NONE,0.22494258,0,0,0.0501732528,0.121633127,0.0556358658,0.05,0.02,0.2,0.08726646,0.17453292,0.17453292
