case,window,local_tick,tick,time_s,adapter_state,direction,s_q,bar_y_m,bar_vy_mps,bar_speed_mps,pelvis_y_m,pelvis_vy_mps,com_x_m,com_y_m,com_z_m,com_vx_mps,com_vy_mps,com_vz_mps,capture_ap_m,capture_ml_m,support_ap_min_m,support_ap_max_m,support_ml_min_m,support_ml_max_m,support_has_contact,support_contact_count,left_foot_contact,right_foot_contact,left_slip_accumulated_m,right_slip_accumulated_m,left_slip_speed_mps,right_slip_speed_mps,left_hip_crease_y_m,right_hip_crease_y_m,left_knee_top_y_m,right_knee_top_y_m,left_depth_m,right_depth_m,worst_side_depth_m,legal_depth,raw_ankle_authority,applied_ankle_authority,hip_strategy_blend,hip_balance_offset_rad,trunk_balance_offset_rad,balance_saturated,drive_saturated,maximum_modeled_demand,canonical_posture_error_rad,target_actual_deflection_rad,canonical_posture_worst_joint,saddle_attached,saddle_broken,saddle_separation_m,left_foot_nominal_qx,left_foot_nominal_qy,left_foot_nominal_qz,left_foot_nominal_qw,left_foot_preload_qx,left_foot_preload_qy,left_foot_preload_qz,left_foot_preload_qw,left_foot_balance_qx,left_foot_balance_qy,left_foot_balance_qz,left_foot_balance_qw,left_foot_final_qx,left_foot_final_qy,left_foot_final_qz,left_foot_final_qw,left_foot_applied_qx,left_foot_applied_qy,left_foot_applied_qz,left_foot_applied_qw,left_foot_actual_qx,left_foot_actual_qy,left_foot_actual_qz,left_foot_actual_qw,left_foot_target_actual_deflection_rad,left_foot_actual_canonical_error_rad,left_foot_solver_error_x_rad,left_foot_modeled_demand,left_foot_maximum_force_nm,left_foot_limit_proximity,left_foot_activation,left_foot_capacity_scale,right_foot_nominal_qx,right_foot_nominal_qy,right_foot_nominal_qz,right_foot_nominal_qw,right_foot_preload_qx,right_foot_preload_qy,right_foot_preload_qz,right_foot_preload_qw,right_foot_balance_qx,right_foot_balance_qy,right_foot_balance_qz,right_foot_balance_qw,right_foot_final_qx,right_foot_final_qy,right_foot_final_qz,right_foot_final_qw,right_foot_applied_qx,right_foot_applied_qy,right_foot_applied_qz,right_foot_applied_qw,right_foot_actual_qx,right_foot_actual_qy,right_foot_actual_qz,right_foot_actual_qw,right_foot_target_actual_deflection_rad,right_foot_actual_canonical_error_rad,right_foot_solver_error_x_rad,right_foot_modeled_demand,right_foot_maximum_force_nm,right_foot_limit_proximity,right_foot_activation,right_foot_capacity_scale,left_shank_nominal_qx,left_shank_nominal_qy,left_shank_nominal_qz,left_shank_nominal_qw,left_shank_preload_qx,left_shank_preload_qy,left_shank_preload_qz,left_shank_preload_qw,left_shank_balance_qx,left_shank_balance_qy,left_shank_balance_qz,left_shank_balance_qw,left_shank_final_qx,left_shank_final_qy,left_shank_final_qz,left_shank_final_qw,left_shank_applied_qx,left_shank_applied_qy,left_shank_applied_qz,left_shank_applied_qw,left_shank_actual_qx,left_shank_actual_qy,left_shank_actual_qz,left_shank_actual_qw,left_shank_target_actual_deflection_rad,left_shank_actual_canonical_error_rad,left_shank_solver_error_x_rad,left_shank_modeled_demand,left_shank_maximum_force_nm,left_shank_limit_proximity,left_shank_activation,left_shank_capacity_scale,right_shank_nominal_qx,right_shank_nominal_qy,right_shank_nominal_qz,right_shank_nominal_qw,right_shank_preload_qx,right_shank_preload_qy,right_shank_preload_qz,right_shank_preload_qw,right_shank_balance_qx,right_shank_balance_qy,right_shank_balance_qz,right_shank_balance_qw,right_shank_final_qx,right_shank_final_qy,right_shank_final_qz,right_shank_final_qw,right_shank_applied_qx,right_shank_applied_qy,right_shank_applied_qz,right_shank_applied_qw,right_shank_actual_qx,right_shank_actual_qy,right_shank_actual_qz,right_shank_actual_qw,right_shank_target_actual_deflection_rad,right_shank_actual_canonical_error_rad,right_shank_solver_error_x_rad,right_shank_modeled_demand,right_shank_maximum_force_nm,right_shank_limit_proximity,right_shank_activation,right_shank_capacity_scale,left_thigh_nominal_qx,left_thigh_nominal_qy,left_thigh_nominal_qz,left_thigh_nominal_qw,left_thigh_preload_qx,left_thigh_preload_qy,left_thigh_preload_qz,left_thigh_preload_qw,left_thigh_balance_qx,left_thigh_balance_qy,left_thigh_balance_qz,left_thigh_balance_qw,left_thigh_final_qx,left_thigh_final_qy,left_thigh_final_qz,left_thigh_final_qw,left_thigh_applied_qx,left_thigh_applied_qy,left_thigh_applied_qz,left_thigh_applied_qw,left_thigh_actual_qx,left_thigh_actual_qy,left_thigh_actual_qz,left_thigh_actual_qw,left_thigh_target_actual_deflection_rad,left_thigh_actual_canonical_error_rad,left_thigh_solver_error_x_rad,left_thigh_modeled_demand,left_thigh_maximum_force_nm,left_thigh_limit_proximity,left_thigh_activation,left_thigh_capacity_scale,right_thigh_nominal_qx,right_thigh_nominal_qy,right_thigh_nominal_qz,right_thigh_nominal_qw,right_thigh_preload_qx,right_thigh_preload_qy,right_thigh_preload_qz,right_thigh_preload_qw,right_thigh_balance_qx,right_thigh_balance_qy,right_thigh_balance_qz,right_thigh_balance_qw,right_thigh_final_qx,right_thigh_final_qy,right_thigh_final_qz,right_thigh_final_qw,right_thigh_applied_qx,right_thigh_applied_qy,right_thigh_applied_qz,right_thigh_applied_qw,right_thigh_actual_qx,right_thigh_actual_qy,right_thigh_actual_qz,right_thigh_actual_qw,right_thigh_target_actual_deflection_rad,right_thigh_actual_canonical_error_rad,right_thigh_solver_error_x_rad,right_thigh_modeled_demand,right_thigh_maximum_force_nm,right_thigh_limit_proximity,right_thigh_activation,right_thigh_capacity_scale,abdomen_nominal_qx,abdomen_nominal_qy,abdomen_nominal_qz,abdomen_nominal_qw,abdomen_preload_qx,abdomen_preload_qy,abdomen_preload_qz,abdomen_preload_qw,abdomen_balance_qx,abdomen_balance_qy,abdomen_balance_qz,abdomen_balance_qw,abdomen_final_qx,abdomen_final_qy,abdomen_final_qz,abdomen_final_qw,abdomen_applied_qx,abdomen_applied_qy,abdomen_applied_qz,abdomen_applied_qw,abdomen_actual_qx,abdomen_actual_qy,abdomen_actual_qz,abdomen_actual_qw,abdomen_target_actual_deflection_rad,abdomen_actual_canonical_error_rad,abdomen_solver_error_x_rad,abdomen_modeled_demand,abdomen_maximum_force_nm,abdomen_limit_proximity,abdomen_activation,abdomen_capacity_scale,thorax_nominal_qx,thorax_nominal_qy,thorax_nominal_qz,thorax_nominal_qw,thorax_preload_qx,thorax_preload_qy,thorax_preload_qz,thorax_preload_qw,thorax_balance_qx,thorax_balance_qy,thorax_balance_qz,thorax_balance_qw,thorax_final_qx,thorax_final_qy,thorax_final_qz,thorax_final_qw,thorax_applied_qx,thorax_applied_qy,thorax_applied_qz,thorax_applied_qw,thorax_actual_qx,thorax_actual_qy,thorax_actual_qz,thorax_actual_qw,thorax_target_actual_deflection_rad,thorax_actual_canonical_error_rad,thorax_solver_error_x_rad,thorax_modeled_demand,thorax_maximum_force_nm,thorax_limit_proximity,thorax_activation,thorax_capacity_scale
HOLD_0.00_FULL,STANDING,0,1,0.01,SETUP,None,0,1.47565329,-0.432086855,0.432391673,0.9822873,0.0744133145,-5.15446663E-06,1.14613068,-0.0484936535,-0.0006657663,-0.0749936253,-0.00748754572,-0.0510529578,-0.0002327189,-0.15471904,0.135280982,-0.179305151,0.179305136,true,8,true,true,0,0,0.004366356,0.004038513,0.9794235,0.979421258,0.5506258,0.5506209,0.428797722,0.428800344,0.428800344,false,0.729546,0.729546,0,0,0,false,true,1.87953329,0,0.06031243,NONE,true,false,0.06343078,1.46779222E-09,-9.636216E-15,-7.331967E-15,1,0,0,0,1,0.0399893373,-5.89928661E-11,1.47403489E-09,0.9992001,0.0399893373,-5.900279E-11,1.4740279E-09,0.9992001,0.0299959965,-4.4260394E-11,1.474544E-09,0.999550045,0.00130431028,-0.000171442269,0.0021633748,0.9999968,0.07751402,0.005074369,0.0573922731,0.105248526,1710,0.00269159069,1,9.5,1.46778956E-09,-2.36301758E-16,-2.05572435E-16,1,0,0,0,1,0.0399893373,-5.89928661E-11,1.47403489E-09,0.9992001,0.0399893373,-5.89931159E-11,1.47403467E-09,0.9992001,0.0299959965,-4.425079E-11,1.47455093E-09,0.999550045,0.00125340687,-0.000124311773,0.002091608,0.9999971,0.07760319,0.004833739,0.05749409,0.104718626,1710,0.002593682,1,9.5,-2.96887914E-09,-6.20109729E-15,1.816118E-15,1,0,0,0,1,0,0,0,1,-2.96887914E-09,-6.20109729E-15,1.816118E-15,1,-2.96887914E-09,-6.20109729E-15,1.816118E-15,1,0.000273802143,-2.757154E-05,-1.69248233E-05,1,0,0,-0.0005476102,0.007252189,2052,0,1,6.83999968,-2.96887825E-09,-2.36928837E-15,1.75362544E-15,1,0,0,0,1,0,0,0,1,-2.96887825E-09,-2.36928837E-15,1.75362544E-15,1,-2.96887825E-09,-2.36928837E-15,1.75362544E-15,1,8.624904E-05,-4.34895536E-10,-4.66595829E-09,1,0,0,-0.00017250402,0.0032879957,2052,0,1,6.83999968,-6.988029E-10,-1.10073509E-15,3.8636455E-16,1,0,0,0,1,0,0,7.376075E-10,1,-6.988029E-10,-1.10021967E-15,7.37607864E-10,1,-6.988029E-10,-1.10021967E-15,7.37607864E-10,1,0.0004945062,-5.43463029E-05,2.6050051E-05,0.9999999,0,0,-0.0009890138,0.0132941138,2052,0.00124339806,1,5.7,-6.988029E-10,-1.100604E-15,-7.35134336E-16,1,0,0,0,1,0,0,7.376075E-10,1,-6.988029E-10,-1.10008859E-15,7.37606753E-10,1,-6.988029E-10,-1.10008859E-15,7.37606753E-10,1,0.00072439987,-6.43306339E-05,4.5958077E-05,0.9999998,0,0,-0.00144880114,0.0177230034,2052,0.00152284536,1,5.7,4.2001122E-10,2.060041E-15,3.64644878E-16,1,0.0301521979,0,0,0.999545336,0,0,3.68803738E-10,1,0.0301521979,-1.11181732E-11,3.68636371E-10,0.999545336,0.0301521979,-1.11181732E-11,3.68636371E-10,0.999545336,0.00457690936,-3.1760952E-05,1.20922523E-05,0.999989569,0.0511568673,0.009134914,0.05115969,0.024892658,1482,0.0116309337,1,5.7,-5.074521E-09,-3.65132663E-16,-5.4125903E-16,1,0.0292097349,0,0,0.9995733,0,0,3.68803738E-10,1,0.02920973,-1.07730378E-11,3.68645836E-10,0.9995733,0.02920973,-1.07730378E-11,3.68645836E-10,0.9995733,0.005207546,2.74384838E-05,-2.43621853E-05,0.9999865,0.048006922,0.0103810132,0.0480126329,0.00354241882,1482,0.0118957646,1,5.7
HOLD_0.00_FULL,STANDING,1,2,0.02,SETUP,None,0,1.469768,-0.5868607,0.58695364,0.982669055,0.0399855673,-1.46602815E-05,1.14447129,-0.04862865,-0.0006481724,-0.1648464,-0.01408139,-0.0534383021,-0.000236050517,-0.15471904,0.135280982,-0.179305151,0.179305136,true,8,true,true,0,0,0.00273104152,0.002591815,0.979828537,0.9798045,0.5510367,0.55100733,0.428791821,0.4287972,0.4287972,false,14.1124067,14.1124067,1,-0.00371037074,0.00185518537,true,true,1.75966871,0,0.06031243,NONE,true,false,0.054736,1.46779222E-09,-9.636216E-15,-7.331967E-15,1,0,0,0,1,0.0199986678,2.00630848E-06,-0.000100302044,0.9998,0.01999867,2.0063087E-06,-0.000100302044,0.9998,0.01999867,2.0063087E-06,-0.000100302044,0.9998,0.00382390851,-0.000200484632,0.00101639912,0.9999922,0.0324260555,0.00790352747,0.03235219,0.03109172,1710,0.00797807,1,9.5,1.46778956E-09,-2.36301758E-16,-2.05572435E-16,1,0,0,0,1,0.0199986678,2.00630848E-06,-0.000100302044,0.9998,0.01999867,2.0063087E-06,-0.000100302044,0.9998,0.01999867,2.0063087E-06,-0.000100302044,0.9998,0.00377710164,-0.0001672042,0.000916659,0.9999925,0.0324995,0.007751229,0.0324458033,0.0320635848,1710,0.00788017549,1,9.5,-2.96887914E-09,-6.20109729E-15,1.816118E-15,1,0,0,0,1,0,0,0,1,-2.96887914E-09,-6.20109729E-15,1.816118E-15,1,-2.96887914E-09,-6.20109729E-15,1.816118E-15,1,0.0007089565,-2.69261473E-05,-1.06655807E-05,0.999999762,0,0,-0.00141791906,0.00753319776,2052,0.000545719755,1,6.83999968,-2.96887825E-09,-2.36928837E-15,1.75362544E-15,1,0,0,0,1,0,0,0,1,-2.96887825E-09,-2.36928837E-15,1.75362544E-15,1,-2.96887825E-09,-2.36928837E-15,1.75362544E-15,1,0.000211285937,4.22086277E-09,-9.965016E-09,1,0,0,-0.0004225778,0.00463881576,2052,0,1,6.83999968,-6.988029E-10,-1.10073509E-15,3.8636455E-16,1,0,0,0,1,-0.00185518444,-9.30580057E-08,-5.01609647E-05,0.9999983,-0.00185518514,-9.305804E-08,-5.01609647E-05,0.9999983,-0.00185518514,-9.305804E-08,-5.01609647E-05,0.9999983,0.000254527753,-0.000130179018,3.16958722E-05,1,0.00420035468,0,-0.00421941467,0.00715032127,2052,0,1,5.7,-6.988029E-10,-1.100604E-15,-7.35134336E-16,1,0,0,0,1,-0.00185518444,-9.30580057E-08,-5.01609647E-05,0.9999983,-0.00185518514,-9.305804E-08,-5.01609647E-05,0.9999983,-0.00185518514,-9.305804E-08,-5.01609647E-05,0.9999983,0.0007372429,-0.000129995562,5.55883162E-05,0.9999997,0.00521341851,0,-0.00518484553,0.0106519042,2052,0.001965985,1,5.7,4.2001122E-10,2.060041E-15,3.64644878E-16,1,0.0301521979,0,0,0.999545336,0.0009275926,2.326451E-08,-2.50805151E-05,0.9999996,0.0310793556,7.794866E-07,-2.506841E-05,0.999516964,0.0310793556,7.794866E-07,-2.506841E-05,0.999516964,0.008544065,-6.502293E-05,4.24774844E-05,0.9999635,0.045076482,0.0170829184,0.0450803861,0.0181447845,1482,0.0217506476,1,5.7,-5.074521E-09,-3.65132663E-16,-5.4125903E-16,1,0.0292097349,0,0,0.9995733,0.0009275926,2.326451E-08,-2.50805151E-05,0.9999996,0.0301369131,7.558496E-07,-2.50691337E-05,0.999545753,0.0301369131,7.558496E-07,-2.50691337E-05,0.999545753,0.009388183,4.598884E-05,-1.23645077E-05,0.999955952,0.0415075235,0.0187719278,0.0415063128,0.005998489,1482,0.0215110444,1,5.7
HOLD_0.00_FULL,STANDING,2,3,0.03,SETUP,None,0,1.463262,-0.648323357,0.6484046,0.9822306,-0.04394416,-2.16585358E-05,1.14192879,-0.0488239,-0.000587187533,-0.253239781,-0.0193501543,-0.0554258078,-0.000221995841,-0.15471904,0.135280982,-0.179305151,0.179305136,true,8,true,true,0,0,0.000592666969,0.000800894049,0.979406,0.9793837,0.55062896,0.550589,0.428777039,0.428794682,0.428794682,false,14.5252609,14.4881315,1,-0.00371037074,0.00185518537,true,true,1.651941,0.0103810132,0.0530065,thorax,true,false,0.04669566,1.46779222E-09,-9.636216E-15,-7.331967E-15,1,0,0,0,1,0,0,-0.000100322104,1,1.46779222E-09,1.3761579E-13,-0.000100322104,1,0.009999341,1.00315515E-06,-0.000100317091,0.99995,0.003204584,-0.00010274638,0.000946563436,0.999994457,0.006730496,0.00665927166,0.0135898506,0.03310344,1710,0.006632155,1,9.5,1.46778956E-09,-2.36301758E-16,-2.05572435E-16,1,0,0,0,1,0,0,-0.000100322104,1,1.46778956E-09,1.47015429E-13,-0.000100322104,1,0.009999341,1.00315515E-06,-0.000100317091,0.99995,0.003221816,-9.165348E-05,0.000872022647,0.999994457,0.00669497857,0.00665927166,0.0135553861,0.0341015942,1710,0.006709726,1,9.5,-2.96887914E-09,-6.20109729E-15,1.816118E-15,1,0,0,0,1,0,0,0,1,-2.96887914E-09,-6.20109729E-15,1.816118E-15,1,-2.96887914E-09,-6.20109729E-15,1.816118E-15,1,0.000958447868,-1.6422453E-05,-1.40191037E-06,0.9999996,0,0,-0.00191690191,0.0036711602,2052,0.0007219194,1,6.83999968,-2.96887825E-09,-2.36928837E-15,1.75362544E-15,1,0,0,0,1,0,0,0,1,-2.96887825E-09,-2.36928837E-15,1.75362544E-15,1,-2.96887825E-09,-2.36928837E-15,1.75362544E-15,1,0.000255806546,1.32448352E-09,-3.41028761E-09,1,0,0,-0.00051161903,0.00236341869,2052,0,1,6.83999968,-6.988029E-10,-1.10073509E-15,3.8636455E-16,1,0,0,0,1,-0.00185518444,-9.30580057E-08,-5.01609647E-05,0.9999983,-0.00185518514,-9.305804E-08,-5.01609647E-05,0.9999983,-0.00185518514,-9.305804E-08,-5.01609647E-05,0.9999983,-5.74644437E-05,-0.000173031862,6.48575E-05,1,0.00358812045,0,-0.00359542575,0.00385380327,2052,0,1,5.7,-6.988029E-10,-1.100604E-15,-7.35134336E-16,1,0,0,0,1,-0.00185518444,-9.30580057E-08,-5.01609647E-05,0.9999983,-0.00185518514,-9.305804E-08,-5.01609647E-05,0.9999983,-0.00185518514,-9.305804E-08,-5.01609647E-05,0.9999983,0.0005202179,-0.000166123747,7.464378E-05,0.9999998,0.00478416076,0,-0.00475079147,0.005699397,2052,0.000879215135,1,5.7,4.2001122E-10,2.060041E-15,3.64644878E-16,1,0.0301521979,0,0,0.999545336,0.0009275926,2.326451E-08,-2.50805151E-05,0.9999996,0.0310793556,7.794866E-07,-2.506841E-05,0.999516964,0.0310793556,7.794866E-07,-2.506841E-05,0.999516964,0.0118097905,-7.33446941E-05,9.77748059E-05,0.999930263,0.0385469943,0.0236200336,0.0385485925,0.01592219,1482,0.0300739612,1,5.7,-5.074521E-09,-3.65132663E-16,-5.4125903E-16,1,0.0292097349,0,0,0.9995733,0.0009275926,2.326451E-08,-2.50805151E-05,0.9999996,0.0301369131,7.558496E-07,-2.50691337E-05,0.999545753,0.0301369131,7.558496E-07,-2.50691337E-05,0.999545753,0.0126774264,6.089546E-05,-3.71179863E-06,0.999919653,0.03493218,0.0253532063,0.03492742,0.0109017044,1482,0.0290526338,1,5.7
HOLD_0.00_FULL,STANDING,3,4,0.04,SETUP,None,0,1.45649827,-0.6718705,0.671946943,0.9809812,-0.1207932,-2.38064149E-05,1.13870668,-0.0490486,-4.97358851E-05,-0.317545265,-0.0208900683,-0.056165833,-4.07514053E-05,-0.15471904,0.135280982,-0.179305151,0.179305136,true,8,true,true,0,0,0.00185164972,0.00172584213,0.978174567,0.978186131,0.5494287,0.5493924,0.428745866,0.428793728,0.428793728,false,15.2475634,15.2085876,1,-0.007046146,0.003523073,true,true,1.54101551,0.0187719278,0.045076482,thorax,true,false,0.0395575464,1.46779222E-09,-9.636216E-15,-7.331967E-15,1,0,0,0,1,-0.0199986678,-2.06619052E-06,-0.000103295744,0.9998,-0.0199986659,-2.06619029E-06,-0.000103295744,0.9998,-1.14564138E-07,-1.99742747E-08,-0.000101320125,1,0.00243748818,4.518096E-05,-0.0005454959,0.99999696,0.0448750257,0.00493140053,-0.00487521943,0.0259678736,1710,0.005035506,1,9.5,1.46778956E-09,-2.36301758E-16,-2.05572435E-16,1,0,0,0,1,-0.0199986678,-2.06619052E-06,-0.000103295744,0.9998,-0.0199986659,-2.06619029E-06,-0.000103295744,0.9998,-1.14564138E-07,-1.99742747E-08,-0.000101320125,1,0.0025868474,5.49118977E-06,-0.0005029662,0.999996543,0.04517687,0.00525895134,-0.005173931,0.0102235768,1710,0.005383183,1,9.5,-2.96887914E-09,-6.20109729E-15,1.816118E-15,1,0,0,0,1,0,0,0,1,-2.96887914E-09,-6.20109729E-15,1.816118E-15,1,-2.96887914E-09,-6.20109729E-15,1.816118E-15,1,0.00131293712,1.49234779E-06,-3.79583548E-06,0.9999992,0,0,-0.00262588053,0.00665667,2052,0.0009838104,1,6.83999968,-2.96887825E-09,-2.36928837E-15,1.75362544E-15,1,0,0,0,1,0,0,0,1,-2.96887825E-09,-2.36928837E-15,1.75362544E-15,1,-2.96887825E-09,-2.36928837E-15,1.75362544E-15,1,0.0005057446,9.599468E-09,-5.97798877E-09,0.9999999,0,0,-0.00101149513,0.006450514,2052,0.000385882129,1,6.83999968,-6.988029E-10,-1.10073509E-15,3.8636455E-16,1,0,0,0,1,-0.00352306571,-1.81995247E-07,-5.16578839E-05,0.9999938,-0.00352306641,-1.8199529E-07,-5.16578839E-05,0.9999938,-0.00352306641,-1.8199529E-07,-5.16578839E-05,0.9999938,-0.0005761516,-0.000190930572,0.000173339853,0.9999999,0.00585937733,0,-0.005893824,0.0049318797,2052,0.000466274243,1,5.7,-6.988029E-10,-1.100604E-15,-7.35134336E-16,1,0,0,0,1,-0.00352306571,-1.81995247E-07,-5.16578839E-05,0.9999938,-0.00352306641,-1.8199529E-07,-5.16578839E-05,0.9999938,-0.00352306641,-1.8199529E-07,-5.16578839E-05,0.9999938,5.2870495E-05,-0.000159227013,0.000131963243,1,0.007142943,0,-0.007151871,0.00564609561,2052,0,1,5.7,4.2001122E-10,2.060041E-15,3.64644878E-16,1,0.0301521979,0,0,0.999545336,0.00176153553,4.549888E-08,-2.5829062E-05,0.99999845,0.0319128856,8.242812E-07,-2.58159471E-05,0.9994907,0.0319128856,8.242812E-07,-2.58159471E-05,0.9994907,0.0142923677,-8.156616E-05,0.000233433922,0.9998979,0.03524476,0.0285803415,0.0352509,0.0248879455,1482,0.0363896228,1,5.7,-5.074521E-09,-3.65132663E-16,-5.4125903E-16,1,0.0292097349,0,0,0.9995733,0.00176153553,4.549888E-08,-2.5829062E-05,0.99999845,0.0309704673,7.99939357E-07,-2.58167111E-05,0.9995203,0.0309704673,7.99939357E-07,-2.58167111E-05,0.9995203,0.015308232,6.68926441E-05,-1.66673835E-05,0.9998829,0.03132652,0.03061051,0.031333182,0.01827289,1482,0.0350770578,1,5.7
HOLD_0.00_FULL,STANDING,4,5,0.05,SETUP,None,0,1.44979441,-0.6621183,0.662300467,0.9794068,-0.149138987,-1.58594758E-05,1.13528657,-0.0492435656,0.0007168514,-0.3335462,-0.0167215075,-0.0549320132,0.000228004341,-0.15471904,0.135280982,-0.179305151,0.179305136,true,8,true,true,0,0,0.00555228256,0.00366857881,0.97664094,0.9767213,0.54795444,0.547926664,0.4286865,0.428794622,0.428794622,false,0.211704984,0.210676476,0,0,0,false,true,1.42745137,0.0253532063,0.0402120538,thorax,true,false,0.033233244,1.46779222E-09,-9.636216E-15,-7.331967E-15,1,0,0,0,1,0,0,-9.841482E-05,1,1.46779222E-09,1.348163E-13,-9.841482E-05,1,1.46779222E-09,1.348163E-13,-9.841482E-05,1,0.001683474,0.000271145545,-0.0009952786,0.999998033,0.003844731,0.00396681624,-0.00336700073,0.005294484,1710,0.00344991963,1,9.5,1.46778956E-09,-2.36301758E-16,-2.05572435E-16,1,0,0,0,1,0,0,-9.841482E-05,1,1.46778956E-09,1.44215938E-13,-9.841482E-05,1,1.46778956E-09,1.44215938E-13,-9.841482E-05,1,0.00189908093,0.000118304437,-0.0006933618,0.999998033,0.00390625047,0.00396681624,-0.00379818445,0.00677137729,1710,0.00387386116,1,9.5,-2.96887914E-09,-6.20109729E-15,1.816118E-15,1,0,0,0,1,0,0,0,1,-2.96887914E-09,-6.20109729E-15,1.816118E-15,1,-2.96887914E-09,-6.20109729E-15,1.816118E-15,1,0.00150709879,2.84340949E-05,-1.506463E-05,0.999998868,0.0030099682,0.0030099682,-0.00301420479,0.004888914,2052,0.00118936878,1,6.83999968,-2.96887825E-09,-2.36928837E-15,1.75362544E-15,1,0,0,0,1,0,0,0,1,-2.96887825E-09,-2.36928837E-15,1.75362544E-15,1,-2.96887825E-09,-2.36928837E-15,1.75362544E-15,1,0.000866450951,2.08235473E-08,1.91199785E-08,0.9999997,0,0,-0.00173290807,0.0074570463,2052,0.0006101332,1,6.83999968,-6.988029E-10,-1.10073509E-15,3.8636455E-16,1,0,0,0,1,0,0,-4.920741E-05,1,-6.988029E-10,-3.54870179E-14,-4.920741E-05,1,-6.988029E-10,-3.54870179E-14,-4.920741E-05,1,-0.000523636758,-0.000158494382,0.000431781838,0.999999762,0,0,0.00104728783,0.005048445,2052,0.000466274243,1,5.7,-6.988029E-10,-1.100604E-15,-7.35134336E-16,1,0,0,0,1,0,0,-4.920741E-05,1,-6.988029E-10,-3.54868858E-14,-4.920741E-05,1,-6.988029E-10,-3.54868858E-14,-4.920741E-05,1,-0.000109828405,-9.88184547E-05,0.000274792954,1,0,0,0.000219665118,0.00512025552,2052,0,1,5.7,4.2001122E-10,2.060041E-15,3.64644878E-16,1,0.0301521979,0,0,0.999545336,0,0,-2.46037052E-05,1,0.0301521979,7.418558E-07,-2.45925185E-05,0.999545336,0.0301521979,7.418558E-07,-2.45925185E-05,0.999545336,0.0162808634,-7.836527E-05,0.0005406104,0.9998673,0.027767932,0.0325801,0.0277503654,0.01833129,1482,0.0414636321,1,5.7,-5.074521E-09,-3.65132663E-16,-5.4125903E-16,1,0.0292097349,0,0,0.9995733,0,0,-2.46037052E-05,1,0.02920973,7.186676E-07,-2.4593206E-05,0.9995733,0.02920973,7.186676E-07,-2.4593206E-05,0.9995733,0.0171768814,5.398205E-05,-6.708033E-05,0.9998525,0.0240699835,0.0343540534,0.0240723174,0.0175414588,1482,0.039366845,1,5.7
HOLD_0.00_FULL,STANDING,5,6,0.06,SETUP,None,0,1.44356227,-0.613046169,0.6134498,0.977991045,-0.1342451,4.3885675E-06,1.13213754,-0.04935436,0.00202748459,-0.306803256,-0.008713707,-0.05231454,0.000693156035,-0.15471904,0.135280982,-0.179305151,0.179305136,true,8,true,true,0,0,0.004645376,0.00240001921,0.975281835,0.9753911,0.5466517,0.5465957,0.4286301,0.4287954,0.4287954,false,0.7121501,0.711449444,0,0,0,false,true,1.31342077,0.03061051,0.03171983,thorax,true,false,0.02754849,1.46779222E-09,-9.636216E-15,-7.331967E-15,1,0,0,0,1,0.0199986678,4.29085532E-07,-2.14514148E-05,0.9998,0.01999867,4.2908556E-07,-2.14514148E-05,0.9998,0.0100003295,2.14564153E-07,-5.99342166E-05,0.99995,0.00110497884,0.000424056256,-0.00252591027,0.9999962,0.0381178,0.0055242735,0.0177909359,0.04583198,1710,0.00227480941,1,9.5,1.46778956E-09,-2.36301758E-16,-2.05572435E-16,1,0,0,0,1,0.0199986678,4.29085532E-07,-2.14514148E-05,0.9998,0.01999867,4.2908556E-07,-2.14514148E-05,0.9998,0.0100003295,2.14564167E-07,-5.99342166E-05,0.99995,0.00129640754,0.00011684854,-0.002580772,0.9999959,0.0377469435,0.005736008,0.0174081177,0.045116812,1710,0.002593682,1,9.5,-2.96887914E-09,-6.20109729E-15,1.816118E-15,1,0,0,0,1,0,0,0,1,-2.96887914E-09,-6.20109729E-15,1.816118E-15,1,-2.96887914E-09,-6.20109729E-15,1.816118E-15,1,0.00153430365,5.089029E-05,-4.26239167E-05,0.9999988,0.003088162,0.003088162,-0.00306861452,0.00330312154,2052,0.00122026657,1,6.83999968,-2.96887825E-09,-2.36928837E-15,1.75362544E-15,1,0,0,0,1,0,0,0,1,-2.96887825E-09,-2.36928837E-15,1.75362544E-15,1,-2.96887825E-09,-2.36928837E-15,1.75362544E-15,1,0.00127476023,3.308592E-08,4.790276E-08,0.9999992,0,0,-0.00254952721,0.00686502131,2052,0.0009838104,1,6.83999968,-6.988029E-10,-1.10073509E-15,3.8636455E-16,1,0,0,0,1,0,0,-1.07278529E-05,1,-6.988029E-10,-8.5973895E-15,-1.07278529E-05,1,-6.988029E-10,-8.5973895E-15,-1.07278529E-05,1,-0.000476802728,-7.772974E-05,0.0008043462,0.999999642,0,0,0.000953605864,0.00557743851,2052,0.000466274243,1,5.7,-6.988029E-10,-1.100604E-15,-7.35134336E-16,1,0,0,0,1,0,0,-1.07278529E-05,1,-6.988029E-10,-8.597259E-15,-1.07278529E-05,1,-6.988029E-10,-8.597259E-15,-1.07278529E-05,1,-0.000404722436,-5.11408643E-06,0.000471306383,0.9999998,0,0,0.0008094437,0.006973498,2052,0.000329705683,1,5.7,4.2001122E-10,2.060041E-15,3.64644878E-16,1,0.0301521979,0,0,0.999545336,0,0,-5.36392645E-06,1,0.0301521979,1.61734178E-07,-5.36148764E-06,0.999545336,0.0301521979,1.61734178E-07,-5.36148764E-06,0.999545336,0.0176884681,-6.007145E-05,0.00100159913,0.9998431,0.0250028335,0.03542694,0.0249347314,0.0265534,1482,0.045038376,1,5.7,-5.074521E-09,-3.65132663E-16,-5.4125903E-16,1,0.0292097349,0,0,0.9995733,0,0,-5.36392645E-06,1,0.02920973,1.56678837E-07,-5.3616377E-06,0.9995733,0.02920973,1.56678837E-07,-5.3616377E-06,0.9995733,0.0184411742,2.17001088E-05,-0.000146995633,0.99983,0.0215398949,0.03687788,0.0215433333,0.0250282269,1482,0.04225894,1,5.7
HOLD_0.00_FULL,STANDING,6,7,0.07,SETUP,None,0,1.438136,-0.531833768,0.532651663,0.9770217,-0.09043555,3.970964E-05,1.12957644,-0.04936173,0.00352224,-0.2490945,0.0004949675,-0.0491937734,0.00123491429,-0.15471904,0.135280982,-0.179305151,0.179305136,true,8,true,true,0,0,0.00279569346,0.0011960339,0.974379063,0.9744638,0.5457904,0.5456681,0.4285887,0.4287957,0.4287957,false,0.267519027,0.267200857,0,0,0,false,true,1.20230794,0.0343540534,0.027767932,thorax,true,false,0.0224713553,1.46779222E-09,-9.636216E-15,-7.331967E-15,1,0,0,0,1,0.0349694639,-3.29519526E-06,9.417302E-05,0.9993884,0.0349694639,-3.29519548E-06,9.417302E-05,0.9993884,0.0199996009,-1.19085132E-06,1.77126083E-06,0.9998,0.0007616803,0.000466006779,-0.00403287634,0.999991536,0.06892548,0.008228668,0.0384782776,0.0802931339,1710,0.00143871561,1,9.5,1.46778956E-09,-2.36301758E-16,-2.05572435E-16,1,0,0,0,1,0.0349694639,-3.29519526E-06,9.417302E-05,0.9993884,0.0349694639,-3.29519548E-06,9.417302E-05,0.9993884,0.0199996009,-1.19085132E-06,1.77126083E-06,0.9998,0.000820522837,1.00108045E-05,-0.003662238,0.999992967,0.06872105,0.00750112347,0.03836063,0.07956704,1710,0.00176205975,1,9.5,-2.96887914E-09,-6.20109729E-15,1.816118E-15,1,0,0,0,1,0,0,0,1,-2.96887914E-09,-6.20109729E-15,1.816118E-15,1,-2.96887914E-09,-6.20109729E-15,1.816118E-15,1,0.00146245991,6.04761E-05,-8.019791E-05,0.999999,0.00284714461,0.00284714461,-0.00292492681,0.00305150053,2052,0.00112503022,1,6.83999968,-2.96887825E-09,-2.36928837E-15,1.75362544E-15,1,0,0,0,1,0,0,0,1,-2.96887825E-09,-2.36928837E-15,1.75362544E-15,1,-2.96887825E-09,-2.36928837E-15,1.75362544E-15,1,0.00168300048,3.940342E-08,5.582168E-08,0.999998569,0.00338291214,0.00338291214,-0.00336600863,0.00646622572,2052,0.00133673509,1,6.83999968,-6.988029E-10,-1.10073509E-15,3.8636455E-16,1,0,0,0,1,0,0,4.71153253E-05,1,-6.988029E-10,3.182359E-14,4.71153253E-05,1,-6.988029E-10,3.182359E-14,4.71153253E-05,1,-0.000467774342,1.75398091E-05,0.00121451728,0.9999992,0,0,0.000935549149,0.005524522,2052,0.000329705683,1,5.7,-6.988029E-10,-1.100604E-15,-7.35134336E-16,1,0,0,0,1,0,0,4.71153253E-05,1,-6.988029E-10,3.18237224E-14,4.71153253E-05,1,-6.988029E-10,3.18237224E-14,4.71153253E-05,1,-0.000744505669,8.319041E-05,0.000691658061,0.9999996,0,0,0.00148901774,0.007519126,2052,0.0007372443,1,5.7,4.2001122E-10,2.060041E-15,3.64644878E-16,1,0.0301521979,0,0,0.999545336,0,0,2.35576626E-05,1,0.0301521979,-7.103153E-07,2.35469524E-05,0.999545336,0.0301521979,-7.103153E-07,2.35469524E-05,0.999545336,0.0186660476,-3.31114679E-05,0.0015580327,0.9998246,0.0231716353,0.0374616161,0.02297921,0.0342776179,1482,0.04753526,1,5.7,-5.074521E-09,-3.65132663E-16,-5.4125903E-16,1,0.0292097349,0,0,0.9995733,0,0,2.35576626E-05,1,0.02920973,-6.88112948E-07,2.354761E-05,0.9995733,0.02920973,-6.88112948E-07,2.354761E-05,0.9995733,0.0192710534,-1.849052E-05,-0.0002357563,0.9998143,0.0198941734,0.0385469943,0.019883275,0.0305274036,1482,0.0441716,1,5.7
HOLD_0.00_FULL,STANDING,7,8,0.08,SETUP,None,0,1.4337182,-0.431390852,0.432921648,0.9766278,-0.0341918021,8.97944337E-05,1.12775373,-0.0492726862,0.004988392,-0.176973864,0.008936251,-0.04624279,0.00178114336,-0.15471904,0.135280982,-0.179305151,0.179305136,true,8,true,true,0,0,0.0007759047,0.00150268723,0.9740521,0.9740629,0.5454823,0.5452675,0.4285698,0.4287954,0.4287954,false,0.469703317,0.469130158,0,0,0,false,true,1.09613025,0.03687788,0.0249932948,thorax,true,false,0.018016547,1.46779222E-09,-9.636216E-15,-7.331967E-15,1,0,0,0,1,0.0549488962,-1.621542E-05,0.000294654135,0.9984891,0.0549488962,-1.621542E-05,0.000294654135,0.9984891,0.029996641,-5.487616E-06,8.552798E-05,0.99955,0.000662429957,0.000413331349,-0.00476916973,0.9999883,0.109104782,0.009667485,0.0586769842,0.114071675,1710,0.00143871561,1,9.5,1.46778956E-09,-2.36301758E-16,-2.05572435E-16,1,0,0,0,1,0.0549488962,-1.621542E-05,0.000294654135,0.9984891,0.0549488962,-1.621542E-05,0.000294654135,0.9984891,0.029996641,-5.487616E-06,8.552798E-05,0.99955,0.0005225624,-0.000146084974,-0.0042512347,0.9999908,0.109288275,0.008569308,0.0589567274,0.114056081,1710,0.00101732567,1,9.5,-2.96887914E-09,-6.20109729E-15,1.816118E-15,1,0,0,0,1,0,0,0,1,-2.96887914E-09,-6.20109729E-15,1.816118E-15,1,-2.96887914E-09,-6.20109729E-15,1.816118E-15,1,0.00133762183,5.847283E-05,-0.000118987686,0.9999991,0,0,-0.00267525041,0.002896431,2052,0.00105678185,1,6.83999968,-2.96887825E-09,-2.36928837E-15,1.75362544E-15,1,0,0,0,1,0,0,0,1,-2.96887825E-09,-2.36928837E-15,1.75362544E-15,1,-2.96887825E-09,-2.36928837E-15,1.75362544E-15,1,0.00203657383,3.46287266E-08,4.04431226E-08,0.999998,0.004026471,0.004026471,-0.00407315651,0.005677835,2052,0.00159103319,1,6.83999968,-6.988029E-10,-1.10073509E-15,3.8636455E-16,1,0,0,0,1,0,0,0.000147549988,1,-6.988029E-10,1.02007622E-13,0.000147549988,1,-6.988029E-10,1.02007622E-13,0.000147549988,1,-0.0004751796,0.000103816979,0.00158474431,0.9999987,0.00292968773,0.00323889172,0.0009503888,0.00472083641,2052,0.000466274243,1,5.7,-6.988029E-10,-1.100604E-15,-7.35134336E-16,1,0,0,0,1,0,0,0.000147549988,1,-6.988029E-10,1.02007758E-13,0.000147549988,1,-6.988029E-10,1.02007758E-13,0.000147549988,1,-0.00103226269,0.000143396566,0.000901097548,0.9999991,0,0,0.00206456683,0.00670695771,2052,0.0009891171,1,5.7,4.2001122E-10,2.060041E-15,3.64644878E-16,1,0.0301521979,0,0,0.999545336,0,0,7.37749942E-05,1,0.0301521979,-2.22447829E-06,7.374145E-05,0.999545336,0.0301521979,-2.22447829E-06,7.374145E-05,0.999545336,0.0193115212,5.348051E-07,0.00212589884,0.999811232,0.0220756084,0.0388611741,0.02168798,0.0406398661,1482,0.0491818339,1,5.7,-5.074521E-09,-3.65132663E-16,-5.4125903E-16,1,0.0292097349,0,0,0.9995733,0,0,7.37749942E-05,1,0.02920973,-2.15494765E-06,7.374351E-05,0.9995733,0.02920973,-2.15494765E-06,7.374351E-05,0.9995733,0.0198124219,-5.479512E-05,-0.0003120144,0.9998037,0.0188099928,0.03962671,0.0188003257,0.034153387,1482,0.0454088636,1,5.7
HOLD_0.00_FULL,STANDING,8,9,0.09,SETUP,None,0,1.43036067,-0.326367676,0.32905367,0.9767862,0.0198753923,0.000152536712,1.12666237,-0.0491122268,0.00625753729,-0.10546907,0.0149922809,-0.04403145,0.00227317121,-0.15471904,0.135280982,-0.179305151,0.179305136,true,8,true,true,0,0,0.002302488,0.00254951371,0.9742706,0.9741733,0.5456994,0.545378566,0.428571165,0.428794742,0.428794742,false,0.8111602,0.8100759,0,0,0,false,true,0.997382,0.0385469943,0.0231613424,thorax,true,false,0.0142095145,1.46779222E-09,-9.636216E-15,-7.331967E-15,1,0,0,0,1,0.07490636,-3.97460026E-05,0.000529118464,0.9971905,0.07490636,-3.97460026E-05,0.000529118464,0.9971905,0.03998859,-1.31067118E-05,0.00018418541,0.999200165,0.000803186267,0.0002901319,-0.00498173,0.999987245,0.148754209,0.0101016518,0.07839146,0.147543922,1710,0.00143871561,1,9.5,1.46778956E-09,-2.36301758E-16,-2.05572435E-16,1,0,0,0,1,0.07490636,-3.97460026E-05,0.000529118464,0.9971905,0.07490636,-3.97460026E-05,0.000529118464,0.9971905,0.03998859,-1.31067118E-05,0.00018418541,0.999200165,0.000443394849,-0.0003096787,-0.004429625,0.999990046,0.149394527,0.008923673,0.07911097,0.148170009,1710,0.0007193578,1,9.5,-2.96887914E-09,-6.20109729E-15,1.816118E-15,1,0,0,0,1,0,0,0,1,-2.96887914E-09,-6.20109729E-15,1.816118E-15,1,-2.96887914E-09,-6.20109729E-15,1.816118E-15,1,0.00118948938,4.637465E-05,-0.000150833657,0.9999993,0,0,-0.00237898529,0.00246758712,2052,0.000945214357,1,6.83999968,-2.96887825E-09,-2.36928837E-15,1.75362544E-15,1,0,0,0,1,0,0,0,1,-2.96887825E-09,-2.36928837E-15,1.75362544E-15,1,-2.96887825E-09,-2.36928837E-15,1.75362544E-15,1,0.00227779057,2.13547064E-08,1.645687E-08,0.9999975,0.00447517261,0.00447517261,-0.004555591,0.004372989,2052,0.0017892624,1,6.83999968,-6.988029E-10,-1.10073509E-15,3.8636455E-16,1,0,0,0,1,0,0,0.000265304581,0.99999994,-6.98802849E-10,1.84294881E-13,0.000265304581,0.99999994,-6.9880296E-10,1.84294908E-13,0.0002653046,1,-0.000482538715,0.000164112891,0.00186612841,0.9999982,0.003311685,0.00378221087,0.000965163461,0.003701193,2052,0.000466274243,1,5.7,-6.988029E-10,-1.100604E-15,-7.35134336E-16,1,0,0,0,1,0,0,0.000265304581,0.99999994,-6.98802849E-10,1.84295E-13,0.000265304581,0.99999994,-6.9880296E-10,1.8429503E-13,0.0002653046,1,-0.00121087465,0.000162902783,0.00107774325,0.999998748,0.00284714461,0.00316442479,0.002421835,0.00516561326,2052,0.00109351007,1,5.7,4.2001122E-10,2.060041E-15,3.64644878E-16,1,0.0301521979,0,0,0.999545336,0,0,0.000132652291,1,0.0301521979,-3.999758E-06,0.000132591973,0.999545336,0.0301521979,-3.999758E-06,0.000132591973,0.999545336,0.0197267681,3.59173355E-05,0.002637043,0.999801934,0.0214400422,0.03980681,0.020857282,0.0449072234,1482,0.0502393246,1,5.7,-5.074521E-09,-3.65132663E-16,-5.4125903E-16,1,0.0292097349,0,0,0.9995733,0,0,0.000132652291,1,0.02920973,-3.87473756E-06,0.000132595684,0.9995733,0.02920973,-3.87473756E-06,0.000132595684,0.9995733,0.02019403,-8.040194E-05,-0.000359389378,0.9997961,0.0180466622,0.0403895453,0.01803694,0.0357738547,1482,0.04628301,1,5.7
HOLD_0.00_FULL,STANDING,9,10,0.1,SETUP,None,0,1.42797756,-0.2301231,0.234870225,0.9773687,0.0618652776,0.000224889154,1.12618148,-0.0489161,0.007234089,-0.04550152,0.01784155,-0.042871017,0.0026759468,-0.15471904,0.135280982,-0.179305151,0.179305136,true,8,true,true,0,0,0.00414782437,0.00327308918,0.9749024,0.9746845,0.5463146,0.54589057,0.4285878,0.4287939,0.4287939,false,0.9320156,0.9305327,0.5467706,0.00199687551,-0.0009984378,false,true,0.907532752,0.03962671,0.022053998,thorax,true,false,0.0110669807,1.46779222E-09,-9.636216E-15,-7.331967E-15,1,0,0,0,1,0.094833836,-7.304566E-05,0.0007667772,0.9954928,0.094833836,-7.304566E-05,0.0007667772,0.9954928,0.0499754623,-2.401422E-05,0.000290216471,0.9987505,0.00111820572,0.000130684537,-0.00479792757,0.9999879,0.188045487,0.009838604,0.09775527,0.1812431,1710,0.00215807371,1,9.5,1.46778956E-09,-2.36301758E-16,-2.05572435E-16,1,0,0,0,1,0.094833836,-7.304566E-05,0.0007667772,0.9954928,0.094833836,-7.304566E-05,0.0007667772,0.9954928,0.0499754623,-2.401422E-05,0.000290216471,0.9987505,0.0005640286,-0.000447543367,-0.00428920938,0.9999905,0.189097717,0.008707309,0.09886346,0.182325408,1710,0.00124596443,1,9.5,-2.96887914E-09,-6.20109729E-15,1.816118E-15,1,0,0,0,1,0,0,0,1,-2.96887914E-09,-6.20109729E-15,1.816118E-15,1,-2.96887914E-09,-6.20109729E-15,1.816118E-15,1,0.0009949042,2.86570048E-05,-0.000172388754,0.9999995,0,0,-0.00198981469,0.00104598433,2052,0.000771764258,1,6.83999968,-2.96887825E-09,-2.36928837E-15,1.75362544E-15,1,0,0,0,1,0,0,0,1,-2.96887825E-09,-2.36928837E-15,1.75362544E-15,1,-2.96887825E-09,-2.36928837E-15,1.75362544E-15,1,0.00235003978,5.2832565E-09,1.00604369E-09,0.9999973,0.004632244,0.004632244,-0.00470008934,0.00213796,2052,0.00183040032,1,6.83999968,-6.988029E-10,-1.10073509E-15,3.8636455E-16,1,0,0,0,1,0.0009984375,-3.8452265E-07,0.000385124178,0.999999464,0.0009984368,-3.845224E-07,0.000385124178,0.999999464,0.0009984368,-3.845224E-07,0.000385124178,0.999999464,-0.0003409095,0.0001918986,0.00203545275,0.9999979,0.00420035468,0.004085255,0.002678839,0.00388786849,2052,0.000329705683,1,5.7,-6.988029E-10,-1.100604E-15,-7.35134336E-16,1,0,0,0,1,0.0009984375,-3.8452265E-07,0.000385124178,0.999999464,0.0009984368,-3.845224E-07,0.000385124178,0.999999464,0.0009984368,-3.845224E-07,0.000385124178,0.999999464,-0.00114257284,0.00014068911,0.00120551849,0.9999986,0.00452813553,0.003311685,0.00428212853,0.00493373768,2052,0.00109351007,1,5.7,4.2001122E-10,2.060041E-15,3.64644878E-16,1,0.0301521979,0,0,0.999545336,-0.0004992189,9.613068E-08,0.000192562147,0.9999999,0.0296532027,-5.710085E-06,0.0001924775,0.9995603,0.0296532027,-5.710085E-06,0.0001924775,0.9995603,0.0200428125,6.91028763E-05,0.00304395822,0.9997945,0.02003747,0.0405486263,0.0192265976,0.04306667,1482,0.05104079,1,5.7,-5.074521E-09,-3.65132663E-16,-5.4125903E-16,1,0.0292097349,0,0,0.9995733,-0.0004992189,9.613068E-08,0.000192562147,0.9999999,0.02871072,-5.52859865E-06,0.000192482781,0.9995878,0.02871072,-5.52859865E-06,0.000192482781,0.9995878,0.0204857569,-9.36175638E-05,-0.000370699156,0.999790132,0.0164718516,0.04097563,0.016454909,0.0337223262,1482,0.0469546132,1,5.7
HOLD_0.00_FULL,STANDING,10,11,0.11,SETUP,None,0,1.4264071,-0.149928182,0.157816082,0.978203654,0.08779837,0.000303192064,1.12613046,-0.0487273932,0.007863196,-0.0026650927,0.0164404772,-0.04315715,0.00296734367,-0.15471904,0.135280982,-0.179305151,0.179305136,true,8,true,true,0,0,0.00586750265,0.004086273,0.97577244,0.9754404,0.5471606,0.5466478,0.428611815,0.4287926,0.4287926,false,0.5480342,0.546759367,0,0,0,false,true,0.827149749,0.0403895453,0.0204380285,thorax,true,false,0.008547045,1.46779222E-09,-9.636216E-15,-7.331967E-15,1,0,0,0,1,0.07490633,-7.408441E-05,0.0009862484,0.9971901,0.07490633,-7.408441E-05,0.0009862484,0.9971901,0.05995668,-4.40544E-05,0.0005687942,0.998200834,0.001631351,-4.63367251E-05,-0.004378255,0.999989152,0.1470796,0.009315821,0.116721496,0.214163229,1710,0.00337408786,1,9.5,1.46778956E-09,-2.36301758E-16,-2.05572435E-16,1,0,0,0,1,0.07490633,-7.408441E-05,0.0009862484,0.9971901,0.07490633,-7.408441E-05,0.0009862484,0.9971901,0.05995668,-4.40544E-05,0.0005687942,0.998200834,0.0009227089,-0.0005538499,-0.00396390446,0.9999916,0.148439437,0.008199642,0.118138373,0.215605766,1710,0.001903242,1,9.5,-2.96887914E-09,-6.20109729E-15,1.816118E-15,1,0,0,0,1,0,0,0,1,-2.96887914E-09,-6.20109729E-15,1.816118E-15,1,-2.96887914E-09,-6.20109729E-15,1.816118E-15,1,0.000847726653,6.45396767E-06,-0.00018549907,0.9999997,0,0,-0.00169545948,0.0009622006,2052,0.0006101332,1,6.83999968,-2.96887825E-09,-2.36928837E-15,1.75362544E-15,1,0,0,0,1,0,0,0,1,-2.96887825E-09,-2.36928837E-15,1.75362544E-15,1,-2.96887825E-09,-2.36928837E-15,1.75362544E-15,1,0.002284728,-3.9506296E-09,2.94218827E-09,0.999997437,0.00452813553,0.00452813553,-0.00456946576,0.0006980387,2052,0.0017892624,1,6.83999968,-6.988029E-10,-1.10073509E-15,3.8636455E-16,1,0,0,0,1,0,0,0.000494513544,0.9999999,-6.98802849E-10,3.44466778E-13,0.000494513544,0.9999999,-6.98802849E-10,3.44466778E-13,0.000494513544,0.9999999,-0.000355964032,0.000180237155,0.00209729,0.9999978,0.00323889172,0.00420035468,0.0007121052,0.00266261026,2052,0.000329705683,1,5.7,-6.988029E-10,-1.100604E-15,-7.35134336E-16,1,0,0,0,1,0,0,0.000494513544,0.9999999,-6.98802849E-10,3.444669E-13,0.000494513544,0.9999999,-6.98802849E-10,3.444669E-13,0.000494513544,0.9999999,-0.001085694,7.711215E-05,0.00127886969,0.9999986,0,0.003311685,0.00217146287,0.00315911183,2052,0.0009891171,1,5.7,4.2001122E-10,2.060041E-15,3.64644878E-16,1,0.0301521979,0,0,0.999545336,0,0,0.000247256772,0.99999994,0.0301521961,-7.455335E-06,0.000247144344,0.9995453,0.0301521961,-7.455335E-06,0.000247144344,0.9995453,0.0202417728,9.499374E-05,0.00332931546,0.9997896,0.0207620971,0.0410279669,0.0198270213,0.0469574556,1482,0.051553186,1,5.7,-5.074521E-09,-3.65132663E-16,-5.4125903E-16,1,0.0292097349,0,0,0.9995733,0,0,0.000247256772,0.99999994,0.0292097274,-7.22230334E-06,0.000247151271,0.999573231,0.0292097311,-7.22230425E-06,0.0002471513,0.99957335,0.02080995,-9.17634461E-05,-0.0003472109,0.9997834,0.0168581326,0.041627977,0.01680481,0.03435541,1482,0.0476890281,1,5.7
HOLD_0.00_FULL,STANDING,11,12,0.12,SETUP,None,0,1.42540085,-0.0950918943,0.107107878,0.979024947,0.0864883,0.000384030485,1.12624872,-0.0485861376,0.008114519,0.0136543019,0.0120743085,-0.04449499,0.00313347788,-0.15471904,0.135280982,-0.179305151,0.179305136,true,8,true,true,0,0,0.00566353928,0.00317384512,0.9766091,0.976169944,0.5479617,0.5473782,0.4286474,0.428791761,0.428791761,false,0.5459278,0.5449286,0,0,0,false,false,0.756225169,0.04097563,0.0209905114,thorax,true,false,0.006621079,1.46779222E-09,-9.636216E-15,-7.331967E-15,1,0,0,0,1,0.0549488664,-6.43870153E-05,0.00116999121,0.9984884,0.0549488664,-6.43870153E-05,0.00116999121,0.9984884,0.0549488738,-6.438702E-05,0.00116999133,0.998488545,0.00200108043,-0.000163454242,-0.00365117169,0.9999914,0.1063884,0.008286414,0.105949782,0.195240289,1710,0.004194542,1,9.5,1.46778956E-09,-2.36301758E-16,-2.05572435E-16,1,0,0,0,1,0.0549488664,-6.43870153E-05,0.00116999121,0.9984884,0.0549488664,-6.43870153E-05,0.00116999121,0.9984884,0.0549488738,-6.438702E-05,0.00116999133,0.998488545,0.001205328,-0.0005716301,-0.00336368685,0.9999935,0.107928775,0.00720939,0.107540429,0.196669415,1710,0.00238584,1,9.5,-2.96887914E-09,-6.20109729E-15,1.816118E-15,1,0,0,0,1,0,0,0,1,-2.96887914E-09,-6.20109729E-15,1.816118E-15,1,-2.96887914E-09,-6.20109729E-15,1.816118E-15,1,0.000859550142,-1.16152851E-05,-0.000185678553,0.999999642,0,0,-0.00171910645,0.00159011444,2052,0.0006683675,1,6.83999968,-2.96887825E-09,-2.36928837E-15,1.75362544E-15,1,0,0,0,1,0,0,0,1,-2.96887825E-09,-2.36928837E-15,1.75362544E-15,1,-2.96887825E-09,-2.36928837E-15,1.75362544E-15,1,0.00218234025,-3.86556032E-09,9.589972E-09,0.9999976,0.00436732126,0.00436732126,-0.00436469,0.0012074284,2052,0.00172571791,1,6.83999968,-6.988029E-10,-1.10073509E-15,3.8636455E-16,1,0,0,0,1,0,0,0.0005858808,0.9999998,-6.988028E-10,4.083145E-13,0.0005858808,0.9999998,-6.988028E-10,4.083145E-13,0.0005858808,0.9999998,-0.000342398853,0.000128815169,0.002040737,0.9999979,0.00292968773,0.004085255,0.000684947358,0.00338372588,2052,0.000329705683,1,5.7,-6.988029E-10,-1.100604E-15,-7.35134336E-16,1,0,0,0,1,0,0,0.0005858808,0.9999998,-6.988028E-10,4.08314631E-13,0.0005858808,0.9999998,-6.988028E-10,4.08314631E-13,0.0005858808,0.9999998,-0.000870758144,-9.188539E-06,0.00128548709,0.9999988,0,0.003088162,0.0017415043,0.0044726436,2052,0.0008076107,1,5.7,4.2001122E-10,2.060041E-15,3.64644878E-16,1,0.0301521979,0,0,0.999545336,0,0,0.000292940444,0.99999994,0.0301521961,-8.832798E-06,0.000292807264,0.9995453,0.0301521961,-8.832798E-06,0.000292807264,0.9995453,0.0203949027,0.000107318272,0.003460455,0.999786,0.0205195248,0.04137519,0.0195206981,0.0450331755,1482,0.05194161,1,5.7,-5.074521E-09,-3.65132663E-16,-5.4125903E-16,1,0.0292097349,0,0,0.9995733,0,0,0.000292940444,0.99999994,0.0292097274,-8.556711E-06,0.000292815443,0.999573231,0.0292097311,-8.556712E-06,0.000292815472,0.99957335,0.02119091,-7.37004448E-05,-0.000292144279,0.999775469,0.016076291,0.04238293,0.01604273,0.0314328521,1482,0.04856726,1,5.7
HOLD_0.00_FULL,STANDING,12,13,0.13,SETUP,None,0,1.42464924,-0.07049037,0.0871922448,0.9796314,0.06449126,0.0004651739,1.12630117,-0.0485023856,0.00810759049,0.006741013,0.00758850062,-0.04593111,0.00321233785,-0.15471904,0.135280982,-0.179305151,0.179305136,true,8,true,true,0,0,0.00368208322,0.00151583471,0.977219,0.976708233,0.5485382,0.5479157,0.428680778,0.428792536,0.428792536,false,1.4630636,1.46044576,1,0.007703098,-0.003851549,true,false,0.6947894,0.041627977,0.0207276177,thorax,true,false,0.00523563661,1.46779222E-09,-9.636216E-15,-7.331967E-15,1,0,0,0,1,0.0349694341,-4.57584138E-05,0.00130772451,0.999387562,0.0349694341,-4.57584174E-05,0.00130772451,0.999387562,0.04495942,-5.50736222E-05,0.00123893353,0.998988032,0.00198382279,-0.00017022618,-0.002853431,0.999994,0.0665061846,0.006939784,0.0859806538,0.16138643,1710,0.004132397,1,9.5,1.46778956E-09,-2.36301758E-16,-2.05572435E-16,1,0,0,0,1,0.0349694341,-4.57584138E-05,0.00130772451,0.999387562,0.0349694341,-4.57584174E-05,0.00130772451,0.999387562,0.04495942,-5.50736222E-05,0.00123893353,0.998988032,0.001194775,-0.00047441278,-0.0026992294,0.9999956,0.0680375248,0.0059402,0.08755803,0.162549272,1710,0.00249192887,1,9.5,-2.96887914E-09,-6.20109729E-15,1.816118E-15,1,0,0,0,1,0,0,0,1,-2.96887914E-09,-6.20109729E-15,1.816118E-15,1,-2.96887914E-09,-6.20109729E-15,1.816118E-15,1,0.000872731267,-1.63282948E-05,-0.00017298157,0.9999996,0,0,-0.0017454687,0.0009768617,2052,0.0006101332,1,6.83999968,-2.96887825E-09,-2.36928837E-15,1.75362544E-15,1,0,0,0,1,0,0,0,1,-2.96887825E-09,-2.36928837E-15,1.75362544E-15,1,-2.96887825E-09,-2.36928837E-15,1.75362544E-15,1,0.002029937,-2.14758966E-09,1.516837E-08,0.999998,0.004026471,0.004026471,-0.004059883,0.000641071238,2052,0.00159103319,1,6.83999968,-6.988029E-10,-1.10073509E-15,3.8636455E-16,1,0,0,0,1,0.00385153876,-2.519918E-06,0.0006542577,0.9999924,0.003851538,-2.51991764E-06,0.0006542577,0.9999924,0.003851538,-2.51991764E-06,0.0006542577,0.9999924,0.000289765216,6.800111E-05,0.00190543535,0.999998152,0.00753284059,0.003844731,0.00712365145,0.003755174,2052,0,1,5.7,-6.988029E-10,-1.100604E-15,-7.35134336E-16,1,0,0,0,1,0.00385153876,-2.519918E-06,0.0006542577,0.9999924,0.003851538,-2.51991764E-06,0.0006542577,0.9999924,0.003851538,-2.51991764E-06,0.0006542577,0.9999924,-7.808546E-05,-8.28843E-05,0.00124686433,0.9999992,0.007933636,0,0.007859158,0.00356947025,2052,0,1,5.7,4.2001122E-10,2.060041E-15,3.64644878E-16,1,0.0301521979,0,0,0.999545336,-0.00192577334,6.299808E-07,0.0003271307,0.9999981,0.0282272436,-9.234015E-06,0.000327000947,0.9996015,0.0282272436,-9.234015E-06,0.000327000947,0.9996015,0.0206395816,0.000111137459,0.00345914345,0.9997811,0.0163993184,0.041850768,0.01517972,0.0290119313,1482,0.0525556467,1,5.7,-5.074521E-09,-3.65132663E-16,-5.4125903E-16,1,0.0292097349,0,0,0.9995733,-0.00192577334,6.299808E-07,0.0003271307,0.9999981,0.0272847228,-8.925687E-06,0.0003270095,0.99962765,0.0272847228,-8.925687E-06,0.0003270095,0.99962765,0.0214995574,-4.96098437E-05,-0.00021507316,0.9997689,0.0115960538,0.0429973155,0.011573758,0.0216018017,1482,0.049271293,1,5.7
HOLD_0.00_FULL,STANDING,13,14,0.14,SETUP,None,0,1.42392755,-0.06761931,0.08435096,0.9799263,0.0335540734,0.000544669339,1.12614048,-0.0484681,0.00790735,-0.0140877217,0.00314108585,-0.0474038571,0.00322379288,-0.15471904,0.135280982,-0.179305151,0.179305136,true,8,true,true,0,0,0.00253834366,0.001369336,0.9775071,0.9769676,0.548805058,0.548174,0.428702056,0.42879355,0.42879355,false,2.2030108,2.181442,1,0.00571212033,-0.00285606016,true,false,0.6431998,0.04238293,0.01687227,thorax,true,false,0.004219206,1.46779222E-09,-9.636216E-15,-7.331967E-15,1,0,0,0,1,0.0149760209,-2.08582169E-05,0.00139261677,0.9998869,0.0149760228,-2.08582187E-05,0.00139261677,0.9998869,0.03496833,-4.367272E-05,0.001290291,0.9993877,0.001796426,-0.000125389168,-0.00223585172,0.999995947,0.0273352414,0.005694291,0.06635751,0.126717612,1710,0.00366802025,1,9.5,1.46778956E-09,-2.36301758E-16,-2.05572435E-16,1,0,0,0,1,0.0149760209,-2.08582169E-05,0.00139261677,0.9998869,0.0149760228,-2.08582187E-05,0.00139261677,0.9998869,0.03496833,-4.367272E-05,0.001290291,0.9993877,0.00104090618,-0.000343821885,-0.002188141,0.999997,0.0287798624,0.004882814,0.06786799,0.127856076,1710,0.00203465135,1,9.5,-2.96887914E-09,-6.20109729E-15,1.816118E-15,1,0,0,0,1,0,0,0,1,-2.96887914E-09,-6.20109729E-15,1.816118E-15,1,-2.96887914E-09,-6.20109729E-15,1.816118E-15,1,0.0010375795,-1.66041355E-05,-0.000159592819,0.9999995,0,0,-0.00207516528,0.00247545051,2052,0.000771764258,1,6.83999968,-2.96887825E-09,-2.36928837E-15,1.75362544E-15,1,0,0,0,1,0,0,0,1,-2.96887825E-09,-2.36928837E-15,1.75362544E-15,1,-2.96887825E-09,-2.36928837E-15,1.75362544E-15,1,0.001960365,-1.72302089E-10,5.841474E-09,0.999998152,0.003844731,0.003844731,-0.00392073859,0.00283793756,2052,0.00151921972,1,6.83999968,-6.988029E-10,-1.10073509E-15,3.8636455E-16,1,0,0,0,1,0.00285605574,-1.98891962E-06,0.0006963839,0.9999957,0.002856055,-1.98891917E-06,0.0006963839,0.9999957,0.002856055,-1.98891917E-06,0.0006963839,0.9999957,0.0007768374,7.79116453E-06,0.00175057689,0.999998152,0.004632244,0.003844731,0.00415845355,0.00432101544,2052,0.001965985,1,5.7,-6.988029E-10,-1.100604E-15,-7.35134336E-16,1,0,0,0,1,0.00285605574,-1.98891962E-06,0.0006963839,0.9999957,0.002856055,-1.98891917E-06,0.0006963839,0.9999957,0.002856055,-1.98891917E-06,0.0006963839,0.9999957,0.000609374954,-0.000134402857,0.001186579,0.999999166,0.00452813553,0,0.004493182,0.005345518,2052,0.00124339806,1,5.7,4.2001122E-10,2.060041E-15,3.64644878E-16,1,0.0301521979,0,0,0.999545336,-0.00142802962,4.972305E-07,0.000348193018,0.9999989,0.0287247859,-1.00017805E-05,0.0003480497,0.9995873,0.0287247859,-1.00017805E-05,0.0003480497,0.9995873,0.0207124352,0.0001039297,0.003379931,0.9997798,0.0171247385,0.04197024,0.0160294846,0.0345336944,1482,0.0527391955,1,5.7,-5.074521E-09,-3.65132663E-16,-5.4125903E-16,1,0.0292097349,0,0,0.9995733,-0.00142802962,4.972305E-07,0.000348193018,0.9999989,0.0277822781,-9.673606E-06,0.000348058966,0.999613941,0.0277822781,-9.673606E-06,0.000348058966,0.999613941,0.0218187831,-2.32745788E-05,-0.000132277943,0.999762,0.0119404672,0.043635834,0.0119306641,0.0231986362,1482,0.0500029847,1,5.7
HOLD_0.00_FULL,STANDING,14,15,0.15,SETUP,None,0,1.42310631,-0.07723905,0.09064856,0.979895055,0.00117965043,0.000621365,1.12571788,-0.04847629,0.00762235327,-0.03967974,-0.000691714347,-0.048710607,0.00320344279,-0.15471904,0.135280982,-0.179305151,0.179305136,true,8,true,true,0,0,0.00143466878,0.00133151631,0.977466762,0.9769299,0.5487567,0.5481355,0.428710043,0.428794384,0.428794384,false,2.327534,2.310659,1,0.00361660216,-0.00180830108,true,false,0.600162,0.0429973155,0.0173185579,thorax,true,false,0.003476064,1.46779222E-09,-9.636216E-15,-7.331967E-15,1,0,0,0,1,-0.005023379,7.23404264E-06,0.00144005544,0.999986351,-0.00502337748,7.23404037E-06,0.00144005544,0.999986351,0.02497416,-3.09506831E-05,0.0013279313,0.9996873,0.00147383055,-3.92228467E-05,-0.00188221491,0.9999972,0.0145832207,0.00473406352,0.0470056236,0.0922810659,1710,0.00296598859,1,9.5,1.46778956E-09,-2.36301758E-16,-2.05572435E-16,1,0,0,0,1,-0.005023379,7.23404264E-06,0.00144005544,0.999986351,-0.00502337748,7.23404037E-06,0.00144005544,0.999986351,0.02497416,-3.09506831E-05,0.0013279313,0.9996873,0.000779150054,-0.000209505364,-0.00189444725,0.9999979,0.0133721586,0.004085255,0.0483945273,0.09352292,1710,0.00160853309,1,9.5,-2.96887914E-09,-6.20109729E-15,1.816118E-15,1,0,0,0,1,0,0,0,1,-2.96887914E-09,-6.20109729E-15,1.816118E-15,1,-2.96887914E-09,-6.20109729E-15,1.816118E-15,1,0.00133324158,-1.166467E-05,-0.000149285232,0.9999991,0,0,-0.00266649,0.005717538,2052,0.00105678185,1,6.83999968,-2.96887825E-09,-2.36928837E-15,1.75362544E-15,1,0,0,0,1,0,0,0,1,-2.96887825E-09,-2.36928837E-15,1.75362544E-15,1,-2.96887825E-09,-2.36928837E-15,1.75362544E-15,1,0.00199730345,1.955016E-10,-2.47401966E-09,0.999998033,0.00396681624,0.00396681624,-0.00399461528,0.00545624876,2052,0.00156746083,1,6.83999968,-6.988029E-10,-1.10073509E-15,3.8636455E-16,1,0,0,0,1,0.0018082998,-1.30204307E-06,0.0007200358,0.999998152,0.0018082991,-1.30204262E-06,0.0007200358,0.999998152,0.0018082991,-1.30204262E-06,0.0007200358,0.999998152,0.00108307076,-4.65885751E-05,0.00161818427,0.999998152,0,0.003844731,0.00145039149,0.00583061436,2052,0.0026376457,1,5.7,-6.988029E-10,-1.100604E-15,-7.35134336E-16,1,0,0,0,1,0.0018082998,-1.30204307E-06,0.0007200358,0.999998152,0.0018082991,-1.30204262E-06,0.0007200358,0.999998152,0.0018082991,-1.30204262E-06,0.0007200358,0.999998152,0.00111104874,-0.000161143646,0.00112354115,0.9999988,0,0.003088162,0.00139427138,0.007871512,2052,0.00278032245,1,5.7,4.2001122E-10,2.060041E-15,3.64644878E-16,1,0.0301521979,0,0,0.999545336,-0.0009041504,3.255109E-07,0.00036001837,0.9999995,0.0292484444,-1.05299823E-05,0.0003598645,0.9995721,0.0292484444,-1.05299823E-05,0.0003598645,0.9995721,0.0206728633,8.965487E-05,0.00328131975,0.999780953,0.018112598,0.04186216,0.01715641,0.0397004,1482,0.0526438281,1,5.7,-5.074521E-09,-3.65132663E-16,-5.4125903E-16,1,0.0292097349,0,0,0.9995733,-0.0009041504,3.255109E-07,0.00036001837,0.9999995,0.0283059515,-1.01906671E-05,0.000359874248,0.9995992,0.0283059515,-1.01906671E-05,0.000359874248,0.9995992,0.0221257657,3.69184818E-06,-5.58282081E-05,0.9997552,0.0123912087,0.04425438,0.0123643288,0.0253093783,1482,0.0507117845,1,5.7
HOLD_0.00_FULL,STANDING,15,16,0.16,SETUP,None,0,1.4221406,-0.0911125839,0.100988872,0.9795927,-0.02616565,0.0006953692,1.12505972,-0.0485134162,0.00735424925,-0.0628770441,-0.00316341664,-0.0495847128,0.0031858983,-0.15471904,0.135280982,-0.179305151,0.179305136,true,8,true,true,0,0,0.000362631719,0.00144456,0.977157652,0.9766402,0.548450232,0.547845,0.428707421,0.428795218,0.428795218,false,1.53107679,1.52408206,1,0.00149936054,-0.0007496803,true,false,0.563977242,0.043635834,0.01809943,thorax,true,false,0.00295937969,1.46779222E-09,-9.636216E-15,-7.331967E-15,1,0,0,0,1,-0.025020767,3.64903826E-05,0.00145794579,0.9996859,-0.0250207651,3.649038E-05,0.00145794579,0.9996859,0.0149783688,-1.74662346E-05,0.00135420437,0.99988693,0.00102435471,8.20177738E-05,-0.00176345475,0.999998,0.052486632,0.004026471,0.0279093068,0.0587217025,1710,0.00203465135,1,9.5,1.46778956E-09,-2.36301758E-16,-2.05572435E-16,1,0,0,0,1,-0.025020767,3.64903826E-05,0.00145794579,0.9996859,-0.0250207651,3.649038E-05,0.00145794579,0.9996859,0.0149783688,-1.74662346E-05,0.00135420437,0.99988693,0.000401878322,-8.162972E-05,-0.00179260771,0.999998331,0.05126396,0.00365396286,0.0291538183,0.0599558726,1710,0,1,9.5,-2.96887914E-09,-6.20109729E-15,1.816118E-15,1,0,0,0,1,0,0,0,1,-2.96887914E-09,-6.20109729E-15,1.816118E-15,1,-2.96887914E-09,-6.20109729E-15,1.816118E-15,1,0.0017299566,-1.926776E-06,-0.000142794044,0.999998569,0.00338291214,0.00338291214,-0.00345992041,0.009000516,2052,0.00133673509,1,6.83999968,-2.96887825E-09,-2.36928837E-15,1.75362544E-15,1,0,0,0,1,0,0,0,1,-2.96887825E-09,-2.36928837E-15,1.75362544E-15,1,-2.96887825E-09,-2.36928837E-15,1.75362544E-15,1,0.00215426926,2.44421372E-09,-7.082576E-09,0.9999977,0.004312384,0.004312384,-0.004308548,0.008234243,2052,0.0017040096,1,6.83999968,-6.988029E-10,-1.10073509E-15,3.8636455E-16,1,0,0,0,1,0.0007496801,-5.466679E-07,0.0007292011,0.999999464,0.0007496794,-5.46667366E-07,0.0007292011,0.999999464,0.0007496794,-5.46667366E-07,0.0007292011,0.999999464,0.001221125,-8.876258E-05,0.00153056451,0.9999981,0,0.00390625047,-0.0009430207,0.007246028,2052,0.00304569071,1,5.7,-6.988029E-10,-1.100604E-15,-7.35134336E-16,1,0,0,0,1,0.0007496801,-5.466679E-07,0.0007292011,0.999999464,0.0007496794,-5.46667366E-07,0.0007292011,0.999999464,0.0007496794,-5.46667366E-07,0.0007292011,0.999999464,0.00141337,-0.000161300966,0.00107222237,0.9999984,0,0.00358812045,-0.00132761628,0.00996243,2052,0.00362509722,1,5.7,4.2001122E-10,2.060041E-15,3.64644878E-16,1,0.0301521979,0,0,0.999545336,-0.000374840136,1.36666984E-07,0.000364600681,0.9999999,0.029777525,-1.08569075E-05,0.000364439038,0.999556541,0.029777525,-1.08569075E-05,0.000364439038,0.999556541,0.0205339361,7.107651E-05,0.003203199,0.999784052,0.0193226915,0.04156493,0.0184929371,0.0452216454,1482,0.0522902,1,5.7,-5.074521E-09,-3.65132663E-16,-5.4125903E-16,1,0.0292097349,0,0,0.9995733,-0.000374840136,1.36666984E-07,0.000364600681,0.9999999,0.0288350452,-1.05132785E-05,0.0003644491,0.999584138,0.0288350452,-1.05132785E-05,0.0003644491,0.999584138,0.022390442,2.831535E-05,7.15685337E-06,0.9997493,0.0129002621,0.0447846055,0.0128934812,0.0281704627,1482,0.05131938,1,5.7
HOLD_0.00_FULL,STANDING,16,17,0.17,SETUP,None,0,1.42104816,-0.103207372,0.110562958,0.9791081,-0.0452029631,0.0007676014,1.124238,-0.04855888,0.00716680149,-0.07938451,-0.00362300361,-0.04978537,0.00319376448,-0.15471904,0.135280982,-0.179305151,0.179305136,true,8,true,true,0,0,0.0007121481,0.00175633968,0.976670742,0.976176739,0.547972,0.5473807,0.428698719,0.428796053,0.428796053,false,0.132738978,0.132369921,0,0,0,false,false,0.5328472,0.04425438,0.0190992989,thorax,true,false,0.002660391,1.46779222E-09,-9.636216E-15,-7.331967E-15,1,0,0,0,1,-0.0173263382,2.53415838E-05,0.00146238355,0.999848843,-0.0173263364,2.53415819E-05,0.00146238355,0.999848843,0.00497918669,-4.215789E-06,0.00138784538,0.999986649,0.000462687138,0.000226537348,-0.00180566916,0.9999983,0.036172878,0.00371863972,0.009033654,0.02754907,1710,0.0007193578,1,9.5,1.46778956E-09,-2.36301758E-16,-2.05572435E-16,1,0,0,0,1,-0.0173263382,2.53415838E-05,0.00146238355,0.999848843,-0.0173263364,2.53415819E-05,0.00146238355,0.999848843,0.00497918669,-4.215789E-06,0.00138784538,0.999986649,-9.124412E-05,3.422153E-05,-0.00182064949,0.999998331,0.03508882,0.00365396286,0.0101409825,0.0284379832,1710,0,1,9.5,-2.96887914E-09,-6.20109729E-15,1.816118E-15,1,0,0,0,1,0,0,0,1,-2.96887914E-09,-6.20109729E-15,1.816118E-15,1,-2.96887914E-09,-6.20109729E-15,1.816118E-15,1,0.00218301336,1.13963424E-05,-0.000139869459,0.9999977,0.004312384,0.004312384,-0.004366036,0.0119769145,2052,0.0017040096,1,6.83999968,-2.96887825E-09,-2.36928837E-15,1.75362544E-15,1,0,0,0,1,0,0,0,1,-2.96887825E-09,-2.36928837E-15,1.75362544E-15,1,-2.96887825E-09,-2.36928837E-15,1.75362544E-15,1,0.00242398051,6.637129E-09,-4.28062741E-09,0.999997139,0.00478416076,0.00478416076,-0.00484797126,0.0108625051,2052,0.00189042918,1,6.83999968,-6.988029E-10,-1.10073509E-15,3.8636455E-16,1,0,0,0,1,0,0,0.0007313017,0.999999762,-6.98802738E-10,5.0993503E-13,0.0007313017,0.999999762,-6.98802738E-10,5.0993503E-13,0.0007313017,0.999999762,0.00125822565,-0.000113050592,0.00149334723,0.999998152,0.00284714461,0.003844731,-0.00251661846,0.008206601,2052,0.0031700558,1,5.7,-6.988029E-10,-1.100604E-15,-7.35134336E-16,1,0,0,0,1,0,0,0.0007313017,0.999999762,-6.98802738E-10,5.099352E-13,0.0007313017,0.999999762,-6.98802738E-10,5.099352E-13,0.0007313017,0.999999762,0.00156218593,-0.000134482543,0.0010410191,0.9999982,0.00316442479,0.00378221087,-0.00312457047,0.0113441665,2052,0.00393197,1,5.7,4.2001122E-10,2.060041E-15,3.64644878E-16,1,0.0301521979,0,0,0.999545336,0,0,0.0003656509,0.99999994,0.0301521961,-1.10251776E-05,0.000365484651,0.9995453,0.0301521961,-1.10251776E-05,0.000365484651,0.9995453,0.0203147922,5.10884238E-05,0.00316486019,0.9997887,0.0204380285,0.04111505,0.01968099,0.0501087457,1482,0.05172535,1,5.7,-5.074521E-09,-3.65132663E-16,-5.4125903E-16,1,0.0292097349,0,0,0.9995733,0,0,0.0003656509,0.99999994,0.0292097274,-1.06805637E-05,0.000365494867,0.999573231,0.0292097274,-1.06805637E-05,0.000365494867,0.999573231,0.02258243,4.789867E-05,5.397806E-05,0.9997451,0.0132467626,0.0451610349,0.0132591091,0.0310810935,1482,0.0517507344,1,5.7
HOLD_0.00_FULL,STANDING,17,18,0.18,SETUP,None,0,1.41990769,-0.10708797,0.1131027,0.978586733,-0.04939141,0.000839071465,1.12338006,-0.0485910438,0.0070785326,-0.08299625,-0.00235113548,-0.0493866652,0.0032344386,-0.15471904,0.135280982,-0.179305151,0.179305136,true,8,true,true,0,0,0.0009070449,0.00145152013,0.976154566,0.975691438,0.5474725,0.5468949,0.4286821,0.42879653,0.42879653,false,1.39809215,1.39302385,1,-0.00157518988,0.000787594938,true,false,0.505608857,0.0447846055,0.0200493671,thorax,true,false,0.002590909,1.46779222E-09,-9.636216E-15,-7.331967E-15,1,0,0,0,1,0.00267277239,-3.92194124E-06,0.00146736146,0.999995351,0.00267277379,-3.92194352E-06,0.00146736146,0.999995351,0.00267277379,-3.92194352E-06,0.00146736146,0.999995351,-4.46977538E-05,0.000357562967,-0.0020413748,0.999997854,0.008896914,0.00414320454,0.00543598225,0.023047531,1710,0,1,9.5,1.46778956E-09,-2.36301758E-16,-2.05572435E-16,1,0,0,0,1,0.00267277239,-3.92194124E-06,0.00146736146,0.999995351,0.00267277379,-3.92194352E-06,0.00146736146,0.999995351,0.00267277379,-3.92194352E-06,0.00146736146,0.999995351,-0.0005601885,0.000116571558,-0.001538319,0.9999986,0.00884315651,0.003311685,0.006466263,0.0221455377,1710,0.00152284536,1,9.5,-2.96887914E-09,-6.20109729E-15,1.816118E-15,1,0,0,0,1,0,0,0,1,-2.96887914E-09,-6.20109729E-15,1.816118E-15,1,-2.96887914E-09,-6.20109729E-15,1.816118E-15,1,0.00259100646,2.480867E-05,-0.000143964789,0.9999967,0.00512113841,0.00512113841,-0.00518202456,0.0133389821,2052,0.00202358374,1,6.83999968,-2.96887825E-09,-2.36928837E-15,1.75362544E-15,1,0,0,0,1,0,0,0,1,-2.96887825E-09,-2.36928837E-15,1.75362544E-15,1,-2.96887825E-09,-2.36928837E-15,1.75362544E-15,1,0.002743205,1.15407275E-08,3.32314087E-09,0.9999963,0.005437272,0.005437272,-0.00548642268,0.01220024,2052,0.00214850157,1,6.83999968,-6.988029E-10,-1.10073509E-15,3.8636455E-16,1,0,0,0,1,-0.0007875947,5.77845469E-07,0.000733683351,0.9999994,-0.0007875954,5.77846E-07,0.000733683351,0.9999994,-0.0007875954,5.77846E-07,0.000733683351,0.9999994,0.001185491,-0.00011518228,0.00151429384,0.999998152,0.004256738,0.003844731,-0.003946342,0.008590806,2052,0.00291602686,1,5.7,-6.988029E-10,-1.100604E-15,-7.35134336E-16,1,0,0,0,1,-0.0007875947,5.77845469E-07,0.000733683351,0.9999994,-0.0007875954,5.77846E-07,0.000733683351,0.9999994,-0.0007875954,5.77846E-07,0.000733683351,0.9999994,0.00153033587,-8.834174E-05,0.0010375157,0.999998331,0.004632244,0.00365396286,-0.004635993,0.0118887881,2052,0.00393197,1,5.7,4.2001122E-10,2.060041E-15,3.64644878E-16,1,0.0301521979,0,0,0.999545336,0.000393797469,-1.444614E-07,0.0003668418,0.9999999,0.0305458121,-1.12054822E-05,0.000366670633,0.999533355,0.0305458121,-1.12054822E-05,0.000366670633,0.999533355,0.0200476348,3.43003776E-05,0.00318695651,0.999794,0.0217272528,0.04059564,0.02100299,0.05535943,1482,0.0510559343,1,5.7,-5.074521E-09,-3.65132663E-16,-5.4125903E-16,1,0.0292097349,0,0,0.9995733,0.000393797469,-1.444614E-07,0.0003668418,0.9999999,0.0296033546,-1.085975E-05,0.000366681052,0.999561667,0.0296033546,-1.085975E-05,0.000366681052,0.999561667,0.0226893146,5.965973E-05,8.2481296E-05,0.999742568,0.01384519,0.0453822426,0.0138328858,0.0347155742,1482,0.0520042181,1,5.7
HOLD_0.00_FULL,STANDING,18,19,0.19,SETUP,None,0,1.41885281,-0.09757971,0.1038301,0.978201747,-0.03551154,0.0009107743,1.12264776,-0.0485987663,0.00714068534,-0.06981419,-0.000451119442,-0.0487513766,0.00332638621,-0.15471904,0.135280982,-0.179305151,0.179305136,true,8,true,true,0,0,0.000246322539,0.00011961384,0.975786567,0.975342155,0.5471271,0.546546,0.428659439,0.428796172,0.428796172,false,1.87923729,1.87184823,1,-0.00183172128,0.000915860641,true,false,0.48118487,0.0451610349,0.0211939812,thorax,true,false,0.00276261452,1.46779222E-09,-9.636216E-15,-7.331967E-15,1,0,0,0,1,0.0226708129,-3.360864E-05,0.00148208044,0.9997419,0.0226708148,-3.3608645E-05,0.00148208044,0.9997419,0.0126729207,-1.87669648E-05,0.00147479516,0.99991864,-0.000293812423,0.00043509886,-0.00246366044,0.9999969,0.0466057025,0.00497951265,0.025935322,0.05386497,1710,0,1,9.5,1.46778956E-09,-2.36301758E-16,-2.05572435E-16,1,0,0,0,1,0.0226708129,-3.360864E-05,0.00148208044,0.9997419,0.0226708148,-3.3608645E-05,0.00148208044,0.9997419,0.0126729207,-1.87669648E-05,0.00147479516,0.99991864,-0.000775498338,0.000124952625,-0.00228910916,0.9999971,0.0474976078,0.004833739,0.0268977918,0.05470141,1710,0.001965985,1,9.5,-2.96887914E-09,-6.20109729E-15,1.816118E-15,1,0,0,0,1,0,0,0,1,-2.96887914E-09,-6.20109729E-15,1.816118E-15,1,-2.96887914E-09,-6.20109729E-15,1.816118E-15,1,0.00281151664,3.42144231E-05,-0.0001538219,0.999996,0.005652266,0.005652266,-0.005623047,0.0115595981,2052,0.00219986751,1,6.83999968,-2.96887825E-09,-2.36928837E-15,1.75362544E-15,1,0,0,0,1,0,0,0,1,-2.96887825E-09,-2.36928837E-15,1.75362544E-15,1,-2.96887825E-09,-2.36928837E-15,1.75362544E-15,1,0.00298450212,1.31867806E-08,6.06805273E-09,0.9999956,0.0059402,0.0059402,-0.00596901868,0.0108504677,2052,0.00234723021,1,6.83999968,-6.988029E-10,-1.10073509E-15,3.8636455E-16,1,0,0,0,1,-0.0009158603,6.78864239E-07,0.0007412307,0.9999993,-0.000915861,6.78864751E-07,0.0007412307,0.9999993,-0.000915861,6.78864751E-07,0.0007412307,0.9999993,0.0010691249,-9.698825E-05,0.00159577047,0.999998152,0.00436732126,0.003844731,-0.003970116,0.007287677,2052,0.0026376457,1,5.7,-6.988029E-10,-1.100604E-15,-7.35134336E-16,1,0,0,0,1,-0.0009158603,6.78864239E-07,0.0007412307,0.9999993,-0.000915861,6.78864751E-07,0.0007412307,0.9999993,-0.000915861,6.78864751E-07,0.0007412307,0.9999993,0.0013641949,-3.77365141E-05,0.00106645341,0.9999985,0.004632244,0.00345267029,-0.004560169,0.0101298206,2052,0.00340518588,1,5.7,4.2001122E-10,2.060041E-15,3.64644878E-16,1,0.0301521979,0,0,0.999545336,0.0004579303,-1.69716074E-07,0.000370615453,0.9999998,0.030609915,-1.13445094E-05,0.00037044182,0.9995313,0.030609915,-1.13445094E-05,0.00037044182,0.9995313,0.01981994,2.55843E-05,0.00328875682,0.999798238,0.0223439857,0.0401764661,0.021586718,0.0571326166,1482,0.0504696146,1,5.7,-5.074521E-09,-3.65132663E-16,-5.4125903E-16,1,0.0292097349,0,0,0.9995733,0.0004579303,-1.69716074E-07,0.000370615453,0.9999998,0.02966746,-1.09952207E-05,0.000370452355,0.99955976,0.02966746,-1.09952207E-05,0.000370452355,0.99955976,0.02269651,6.140639E-05,9.46068E-05,0.999742448,0.01394813,0.04539275,0.0139467614,0.0372265577,1482,0.052016262,1,5.7
HOLD_0.00_FULL,STANDING,19,20,0.2,SETUP,None,0,1.41800916,-0.07630104,0.08480543,0.978037536,-0.0128655285,0.0009835672,1.12214875,-0.0485852,0.00728431623,-0.0464933254,0.001141975,-0.04819897,0.00344722,-0.15471904,0.135280982,-0.179305151,0.179305136,true,8,true,true,0,0,0.000969894754,0.00102646928,0.9756452,0.9751926,0.546999931,0.546396852,0.428645253,0.428795755,0.428795755,false,1.09441984,1.09011662,1,-0.0012443912,0.0006221956,true,false,0.4577673,0.0453822426,0.0218585357,thorax,true,false,0.00311183557,1.46779222E-09,-9.636216E-15,-7.331967E-15,1,0,0,0,1,0.04265978,-6.447019E-05,0.00150988647,0.9990885,0.04265978,-6.447019E-05,0.00150988647,0.9990885,0.02267159,-3.40059669E-05,0.00148664182,0.9997419,-0.0003063811,0.0004549036,-0.00280152424,0.999995947,0.08639525,0.005694291,0.0459609479,0.0869132057,1710,0,1,9.5,1.46778956E-09,-2.36301758E-16,-2.05572435E-16,1,0,0,0,1,0.04265978,-6.447019E-05,0.00150988647,0.9990885,0.04265978,-6.447019E-05,0.00150988647,0.9990885,0.02267159,-3.40059669E-05,0.00148664182,0.9997419,-0.000792118954,7.633648E-05,-0.00266583939,0.9999961,0.08732878,0.00556726474,0.0469313152,0.0881971642,1710,0.001965985,1,9.5,-2.96887914E-09,-6.20109729E-15,1.816118E-15,1,0,0,0,1,0,0,0,1,-2.96887914E-09,-6.20109729E-15,1.816118E-15,1,-2.96887914E-09,-6.20109729E-15,1.816118E-15,1,0.00287240325,3.81833052E-05,-0.000166330166,0.9999959,0.005736008,0.005736008,-0.005744821,0.00946759153,2052,0.002266545,1,6.83999968,-2.96887825E-09,-2.36928837E-15,1.75362544E-15,1,0,0,0,1,0,0,0,1,-2.96887825E-09,-2.36928837E-15,1.75362544E-15,1,-2.96887825E-09,-2.36928837E-15,1.75362544E-15,1,0.00312922685,9.630651E-09,3.63642916E-09,0.9999952,0.006214808,0.006214808,-0.00625846954,0.009104307,2052,0.00245574,1,6.83999968,-6.988029E-10,-1.10073509E-15,3.8636455E-16,1,0,0,0,1,-0.0006221954,4.701505E-07,0.000755631248,0.9999995,-0.0006221961,4.70151036E-07,0.000755631248,0.9999995,-0.0006221961,4.70151036E-07,0.000755631248,0.9999995,0.0009644544,-7.240514E-05,0.00169632444,0.999998152,0.00365396286,0.003844731,-0.00317341019,0.0058121304,2052,0.00232618465,1,5.7,-6.988029E-10,-1.100604E-15,-7.35134336E-16,1,0,0,0,1,-0.0006221954,4.701505E-07,0.000755631248,0.9999995,-0.0006221961,4.70151036E-07,0.000755631248,0.9999995,-0.0006221961,4.70151036E-07,0.000755631248,0.9999995,0.00118206046,9.291096E-07,0.00110435486,0.9999987,0.00365396286,0.00323889172,-0.00360851223,0.008433251,2052,0.00304569071,1,5.7,4.2001122E-10,2.060041E-15,3.64644878E-16,1,0.0301521979,0,0,0.999545336,0.0003110978,-1.17537645E-07,0.000377815682,0.9999999,0.03046315,-1.15094572E-05,0.000377640361,0.999535859,0.03046315,-1.15094572E-05,0.000377640361,0.999535859,0.0196481664,2.14715565E-05,0.003433756,0.9998011,0.0224716682,0.03989058,0.0216366369,0.05675189,1482,0.05003889,1,5.7,-5.074521E-09,-3.65132663E-16,-5.4125903E-16,1,0.0292097349,0,0,0.9995733,0.0003110978,-1.17537645E-07,0.000377815682,0.9999999,0.02952069,-1.11533809E-05,0.000377651042,0.9995641,0.02952069,-1.11533809E-05,0.000377651042,0.9995641,0.022630021,5.634396E-05,9.923442E-05,0.9997439,0.0137934322,0.04526651,0.013786098,0.0382086635,1482,0.05185952,1,5.7
HOLD_0.00_FULL,STANDING,20,21,0.21,SETUP,None,0,1.41744637,-0.0483987629,0.0629722252,0.9781163,0.0118609816,0.001057605,1.12192,-0.0485612154,0.0074327793,-0.0195905175,0.00174492318,-0.04797112,0.00357121369,-0.15471904,0.135280982,-0.179305151,0.179305136,true,8,true,true,0,0,0.00196181028,0.00178516773,0.9757484,0.975267053,0.547108233,0.546472132,0.4286402,0.42879492,0.42879492,false,0.464709431,0.463127,0,0,0,false,false,0.4347126,0.04539275,0.022053998,thorax,true,false,0.00353473634,1.46779222E-09,-9.636216E-15,-7.331967E-15,1,0,0,0,1,0.0605861247,-9.46263754E-05,0.001558978,0.9981618,0.0605861247,-9.46263754E-05,0.001558978,0.9981618,0.03266757,-4.99879279E-05,0.00150591449,0.999465168,-0.000117566706,0.0004342971,-0.002971654,0.99999547,0.121823229,0.006019938,0.0655828342,0.120214105,1710,0,1,9.5,1.46778956E-09,-2.36301758E-16,-2.05572435E-16,1,0,0,0,1,0.0605861247,-9.46263754E-05,0.001558978,0.9981618,0.0605861247,-9.46263754E-05,0.001558978,0.9981618,0.03266757,-4.99879279E-05,0.00150591449,0.999465168,-0.000634454249,8.85795453E-06,-0.00283595081,0.9999958,0.122827619,0.00577742374,0.0666153654,0.121775307,1710,0.00124339806,1,9.5,-2.96887914E-09,-6.20109729E-15,1.816118E-15,1,0,0,0,1,0,0,0,1,-2.96887914E-09,-6.20109729E-15,1.816118E-15,1,-2.96887914E-09,-6.20109729E-15,1.816118E-15,1,0.00279944018,3.76645949E-05,-0.000178379691,0.9999961,0.00556726474,0.00556726474,-0.005598893,0.00696768658,2052,0.00219986751,1,6.83999968,-2.96887825E-09,-2.36928837E-15,1.75362544E-15,1,0,0,0,1,0,0,0,1,-2.96887825E-09,-2.36928837E-15,1.75362544E-15,1,-2.96887825E-09,-2.36928837E-15,1.75362544E-15,1,0.003165132,2.4860114E-09,2.81636381E-10,0.999995,0.006328851,0.006328851,-0.00633028056,0.00701808231,2052,0.00250080321,1,6.83999968,-6.988029E-10,-1.10073509E-15,3.8636455E-16,1,0,0,0,1,0,0,0.0007809238,0.9999997,-6.988027E-10,5.446111E-13,0.0007809238,0.9999997,-6.988027E-10,5.446111E-13,0.0007809238,0.9999997,0.0009266874,-5.04727E-05,0.00178357947,0.999998033,0,0.00396681624,-0.00185345486,0.00462493161,2052,0.00232618465,1,5.7,-6.988029E-10,-1.100604E-15,-7.35134336E-16,1,0,0,0,1,0,0,0.0007809238,0.9999997,-6.988027E-10,5.44611231E-13,0.0007809238,0.9999997,-6.988027E-10,5.44611231E-13,0.0007809238,0.9999997,0.00106898614,2.07695648E-05,0.00113890611,0.999998868,0,0.0030099682,-0.00213794084,0.00701130927,2052,0.0026376457,1,5.7,4.2001122E-10,2.060041E-15,3.64644878E-16,1,0.0301521979,0,0,0.999545336,0,0,0.000390461937,0.99999994,0.0301521961,-1.17732852E-05,0.0003902844,0.9995453,0.0301521961,-1.17732852E-05,0.0003902844,0.9995453,0.01954452,2.18488967E-05,0.0035838515,0.9998026,0.0221510828,0.0397408679,0.0212217569,0.0544546731,1482,0.0497677922,1,5.7,-5.074521E-09,-3.65132663E-16,-5.4125903E-16,1,0.0292097349,0,0,0.9995733,0,0,0.000390461937,0.99999994,0.0292097274,-1.14052873E-05,0.000390295318,0.999573231,0.0292097274,-1.14052873E-05,0.000390295318,0.999573231,0.0225262549,4.959653E-05,0.000104711893,0.9997463,0.0133543164,0.045050025,0.0133714918,0.03768301,1482,0.051623527,1,5.7
HOLD_0.00_FULL,STANDING,21,22,0.22,SETUP,None,0,1.417177,-0.0195492357,0.0476893149,0.978393555,0.03213834,0.001132202,1.12193215,-0.04854364,0.007501198,0.00435379148,0.0007307015,-0.04829653,0.003668962,-0.15471904,0.135280982,-0.179305151,0.179305136,true,8,true,true,0,0,0.00290193944,0.00226721913,0.9760467,0.9755232,0.547403,0.5467292,0.4286437,0.428793967,0.428793967,false,0.2545692,0.253793865,0,0,0,false,false,0.41165337,0.04526651,0.0218694415,thorax,true,false,0.00394262,1.46779222E-09,-9.636216E-15,-7.331967E-15,1,0,0,0,1,0.0406120978,-6.59935E-05,0.00162362889,0.9991737,0.0406120978,-6.59935E-05,0.00162362889,0.9991737,0.0406120978,-6.59935E-05,0.00162362889,0.9991737,0.000237561864,0.0003874898,-0.00295171328,0.9999956,0.0812893957,0.0059402,0.0807722,0.146105558,1710,0,1,9.5,1.46778956E-09,-2.36301758E-16,-2.05572435E-16,1,0,0,0,1,0.0406120978,-6.59935E-05,0.00162362889,0.9991737,0.0406120978,-6.59935E-05,0.00162362889,0.9991737,0.0406120978,-6.59935E-05,0.00162362889,0.9991737,-0.000327544432,-5.53150749E-05,-0.00283045461,0.999995947,0.08238222,0.005694291,0.08190101,0.147888079,1710,0,1,9.5,-2.96887914E-09,-6.20109729E-15,1.816118E-15,1,0,0,0,1,0,0,0,1,-2.96887914E-09,-6.20109729E-15,1.816118E-15,1,-2.96887914E-09,-6.20109729E-15,1.816118E-15,1,0.002668008,3.30388575E-05,-0.000187849539,0.9999965,0.00530409347,0.00530409347,-0.00533602759,0.005362614,2052,0.00209587719,1,6.83999968,-2.96887825E-09,-2.36928837E-15,1.75362544E-15,1,0,0,0,1,0,0,0,1,-2.96887825E-09,-2.36928837E-15,1.75362544E-15,1,-2.96887825E-09,-2.36928837E-15,1.75362544E-15,1,0.00311368168,-3.14254778E-09,7.22085669E-10,0.999995232,0.006176326,0.006176326,-0.006227379,0.005431465,2052,0.002440534,1,6.83999968,-6.988029E-10,-1.10073509E-15,3.8636455E-16,1,0,0,0,1,0,0,0.000812484941,0.999999642,-6.988027E-10,5.666661E-13,0.000812484941,0.999999642,-6.988027E-10,5.666661E-13,0.000812484941,0.999999642,0.000867367,-4.00476347E-05,0.00183509663,0.9999979,0,0.004085255,-0.00173480064,0.0045999093,2052,0.001965985,1,5.7,-6.988029E-10,-1.100604E-15,-7.35134336E-16,1,0,0,0,1,0,0,0.000812484941,0.999999642,-6.988027E-10,5.66666234E-13,0.000812484941,0.999999642,-6.988027E-10,5.66666234E-13,0.000812484941,0.999999642,0.0009800505,1.89876646E-05,0.0011599065,0.9999989,0,0.00292968773,-0.001960071,0.007047579,2052,0.00248679612,1,5.7,4.2001122E-10,2.060041E-15,3.64644878E-16,1,0.0301521979,0,0,0.999545336,0,0,0.000406242529,0.99999994,0.0301521961,-1.22491056E-05,0.000406057836,0.9995453,0.0301521961,-1.22491056E-05,0.000406057836,0.9995453,0.019486025,2.31669546E-05,0.003706057,0.9998033,0.0223226342,0.03966881,0.0213387515,0.0537570231,1482,0.0496277921,1,5.7,-5.074521E-09,-3.65132663E-16,-5.4125903E-16,1,0.0292097349,0,0,0.9995733,0,0,0.000406242529,0.99999994,0.0292097274,-1.18662347E-05,0.0004060692,0.999573231,0.0292097274,-1.18662347E-05,0.0004060692,0.999573231,0.0224463623,4.52826971E-05,0.000116625888,0.9997481,0.0135140419,0.0448909625,0.0135313151,0.0373955332,1482,0.051441256,1,5.7
HOLD_0.00_FULL,STANDING,22,23,0.23,SETUP,None,0,1.41711259,-0.000501334667,0.0448012725,0.978689253,0.0329532325,0.00120597845,1.12203634,-0.0485456176,0.0073697865,0.0122045921,-0.0008094655,-0.0488193743,0.00369841349,-0.15471904,0.135280982,-0.179305151,0.179305136,true,8,true,true,0,0,0.00238306052,0.00120445888,0.9763496,0.975767851,0.5476855,0.5469746,0.4286641,0.428793252,0.428793252,false,1.06614673,1.06333458,1,0.0007485763,-0.000374288153,true,false,0.388059378,0.045050025,0.0221403167,thorax,true,false,0.00423854357,1.46779222E-09,-9.636216E-15,-7.331967E-15,1,0,0,0,1,0.02062183,-3.48473041E-05,0.00168946409,0.9997859,0.0206218325,-3.48473077E-05,0.00168946409,0.9997859,0.030618,-5.04221534E-05,0.00165663089,0.9995298,0.000424784783,0.0003753679,-0.0025553517,0.9999966,0.04128866,0.00521341851,0.0603969656,0.109746613,1710,0.0007193578,1,9.5,1.46778956E-09,-2.36301758E-16,-2.05572435E-16,1,0,0,0,1,0.02062183,-3.48473041E-05,0.00168946409,0.9997859,0.0206218325,-3.48473077E-05,0.00168946409,0.9997859,0.030618,-5.04221534E-05,0.00165663089,0.9995298,-0.000188574326,-5.5272536E-05,-0.00247909687,0.9999969,0.042450387,0.00497951265,0.06162228,0.1116054,1710,0,1,9.5,-2.96887914E-09,-6.20109729E-15,1.816118E-15,1,0,0,0,1,0,0,0,1,-2.96887914E-09,-6.20109729E-15,1.816118E-15,1,-2.96887914E-09,-6.20109729E-15,1.816118E-15,1,0.002658396,2.95410809E-05,-0.000188376958,0.9999965,0.00530409347,0.00530409347,-0.00531680463,0.00712467451,2052,0.00209587719,1,6.83999968,-2.96887825E-09,-2.36928837E-15,1.75362544E-15,1,0,0,0,1,0,0,0,1,-2.96887825E-09,-2.36928837E-15,1.75362544E-15,1,-2.96887825E-09,-2.36928837E-15,1.75362544E-15,1,0.00309848227,-5.344162E-10,3.78332921E-10,0.999995232,0.006176326,0.006176326,-0.00619698036,0.006616772,2052,0.002440534,1,6.83999968,-6.988029E-10,-1.10073509E-15,3.8636455E-16,1,0,0,0,1,0.000374288,-3.16240573E-07,0.000844911963,0.9999996,0.0003742873,-3.16239976E-07,0.000844911963,0.9999996,0.0003742873,-3.16239976E-07,0.000844911963,0.9999996,0.0008933205,-4.859585E-05,0.0018101224,0.999998033,0,0.00396681624,-0.00103814818,0.005715337,2052,0.00232618465,1,5.7,-6.988029E-10,-1.100604E-15,-7.35134336E-16,1,0,0,0,1,0.000374288,-3.16240573E-07,0.000844911963,0.9999996,0.0003742873,-3.16239976E-07,0.000844911963,0.9999996,0.0003742873,-3.16239976E-07,0.000844911963,0.9999996,0.00106137211,8.033913E-06,0.00114615564,0.9999988,0,0.003088162,-0.0013741554,0.008601583,2052,0.00248679612,1,5.7,4.2001122E-10,2.060041E-15,3.64644878E-16,1,0.0301521979,0,0,0.999545336,-0.000187144062,7.906015E-08,0.000422456069,0.99999994,0.0299651381,-1.26589548E-05,0.00042226637,0.999550939,0.0299651381,-1.26589548E-05,0.00042226637,0.999550939,0.0194430463,1.68457354E-05,0.003739886,0.999804,0.0220431853,0.0395966135,0.0210504346,0.05142922,1482,0.0495186262,1,5.7,-5.074521E-09,-3.65132663E-16,-5.4125903E-16,1,0.0292097349,0,0,0.9995733,-0.000187144062,7.906015E-08,0.000422456069,0.99999994,0.0290226638,-1.22608008E-05,0.0004222781,0.9995787,0.0290226638,-1.22608008E-05,0.0004222781,0.9995787,0.02242594,4.77525718E-05,0.000141155731,0.9997485,0.0131926564,0.0448537655,0.013197884,0.0349725261,1482,0.05139863,1,5.7
HOLD_0.00_FULL,STANDING,23,24,0.24,SETUP,None,0,1.41711664,0.005820796,0.04317936,0.978890657,0.022218138,0.00127724709,1.12210119,-0.0485651977,0.007073669,0.007574947,-0.00219687237,-0.049308192,0.00366960559,-0.15471904,0.135280982,-0.179305151,0.179305136,true,8,true,true,0,0,0.00177604123,0.00103509624,0.976549864,0.9759323,0.5478693,0.547139347,0.428680539,0.428792953,0.428792953,false,0.686030865,0.6843248,0,0,0,false,false,0.3649351,0.0448909625,0.0219456218,thorax,true,false,0.004402274,1.46779222E-09,-9.636216E-15,-7.331967E-15,1,0,0,0,1,0.000623322034,-1.08699E-06,0.00174386264,0.9999983,0.0006233235,-1.0869926E-06,0.00174386264,0.9999983,0.020621717,-3.39803E-05,0.0016858771,0.99978596,0.00046665495,0.000405178842,-0.00211708,0.999997556,0.00778192747,0.00442157546,0.0403142758,0.07394735,1710,0.0007193578,1,9.5,1.46778956E-09,-2.36301758E-16,-2.05572435E-16,1,0,0,0,1,0.000623322034,-1.08699E-06,0.00174386264,0.9999983,0.0006233235,-1.0869926E-06,0.00174386264,0.9999983,0.020621717,-3.39803E-05,0.0016858771,0.99978596,-0.0001707558,6.603535E-06,-0.00209452515,0.999997854,0.007812505,0.00414320454,0.04158776,0.0758363456,1710,0,1,9.5,-2.96887914E-09,-6.20109729E-15,1.816118E-15,1,0,0,0,1,0,0,0,1,-2.96887914E-09,-6.20109729E-15,1.816118E-15,1,-2.96887914E-09,-6.20109729E-15,1.816118E-15,1,0.00276436051,2.9624729E-05,-0.000183677737,0.999996245,0.005480945,0.005480945,-0.0055287336,0.009330066,2052,0.00216575875,1,6.83999968,-2.96887825E-09,-2.36928837E-15,1.75362544E-15,1,0,0,0,1,0,0,0,1,-2.96887825E-09,-2.36928837E-15,1.75362544E-15,1,-2.96887825E-09,-2.36928837E-15,1.75362544E-15,1,0.003138648,4.57681448E-10,-1.44744106E-09,0.9999951,0.00625305343,0.00625305343,-0.00627731252,0.008301962,2052,0.002470852,1,6.83999968,-6.988029E-10,-1.10073509E-15,3.8636455E-16,1,0,0,0,1,0,0,0.000871931843,0.999999642,-6.988027E-10,6.08207766E-13,0.000871931843,0.999999642,-6.988027E-10,6.08207766E-13,0.000871931843,0.999999642,0.000915576762,-6.447428E-05,0.00174350734,0.999998033,0,0.00396681624,-0.00183126715,0.007362429,2052,0.00232618465,1,5.7,-6.988029E-10,-1.100604E-15,-7.35134336E-16,1,0,0,0,1,0,0,0.000871931843,0.999999642,-6.988027E-10,6.082079E-13,0.000871931843,0.999999642,-6.988027E-10,6.082079E-13,0.000871931843,0.999999642,0.00117305538,2.6635214E-06,0.00111931411,0.9999987,0,0.00323889172,-0.002346107,0.0108016767,2052,0.00304569071,1,5.7,4.2001122E-10,2.060041E-15,3.64644878E-16,1,0.0301521979,0,0,0.999545336,0,0,0.00043596598,0.9999999,0.0301521942,-1.31453326E-05,0.000435767754,0.9995452,0.0301521942,-1.31453326E-05,0.000435767754,0.9995452,0.0193937849,6.688713E-06,0.0037080266,0.9998051,0.0224928781,0.0394880772,0.02152326,0.05220714,1482,0.0493935756,1,5.7,-5.074521E-09,-3.65132663E-16,-5.4125903E-16,1,0.0292097349,0,0,0.9995733,0,0,0.00043596598,0.9999999,0.0292097256,-1.27344483E-05,0.000435779948,0.9995732,0.02920973,-1.273445E-05,0.00043578,0.9995733,0.0224838741,5.660574E-05,0.000175864145,0.9997473,0.0134610115,0.04496526,0.0134562878,0.0340455621,1482,0.0515263937,1,5.7
HOLD_0.00_FULL,STANDING,24,25,0.25,SETUP,None,0,1.417078,0.00132204592,0.03850138,0.97893,0.00511091948,0.00134482339,1.12204611,-0.0485939272,0.00667291973,-0.00474492274,-0.00271916878,-0.0495135449,0.0036015904,-0.15471904,0.135280982,-0.179305151,0.179305136,true,8,true,true,0,0,0.000936195138,0.00148296147,0.9765835,0.975952268,0.5478925,0.5471593,0.42869097,0.428792953,0.428792953,false,0.05412705,0.0539924465,0,0,0,false,false,0.342484474,0.0448537655,0.0224185549,thorax,true,false,0.004465563,1.46779222E-09,-9.636216E-15,-7.331967E-15,1,0,0,0,1,-0.00706754159,1.25022862E-05,0.00176892546,0.9999735,-0.00706754,1.25022834E-05,0.00176892546,0.9999735,0.0106225852,-1.71944739E-05,0.00171602215,0.9999421,0.000364488427,0.0004664721,-0.0017663755,0.999998331,0.0164718516,0.00365396286,0.02051814,0.03927228,1710,0,1,9.5,1.46778956E-09,-2.36301758E-16,-2.05572435E-16,1,0,0,0,1,-0.00706754159,1.25022862E-05,0.00176892546,0.9999735,-0.00706754,1.25022834E-05,0.00176892546,0.9999735,0.0106225852,-1.71944739E-05,0.00171602215,0.9999421,-0.000270962337,9.524914E-05,-0.00178844482,0.9999984,0.0153323794,0.00358812045,0.02178777,0.0411545746,1710,0,1,9.5,-2.96887914E-09,-6.20109729E-15,1.816118E-15,1,0,0,0,1,0,0,0,1,-2.96887914E-09,-6.20109729E-15,1.816118E-15,1,-2.96887914E-09,-6.20109729E-15,1.816118E-15,1,0.00293698558,3.350859E-05,-0.00017664225,0.9999957,0.00585937733,0.00585937733,-0.00587398559,0.01119029,2052,0.00231529376,1,6.83999968,-2.96887825E-09,-2.36928837E-15,1.75362544E-15,1,0,0,0,1,0,0,0,1,-2.96887825E-09,-2.36928837E-15,1.75362544E-15,1,-2.96887825E-09,-2.36928837E-15,1.75362544E-15,1,0.00322969537,-1.31015147E-11,-1.80221649E-09,0.9999948,0.00644087465,0.00644087465,-0.00645940844,0.009903667,2052,0.00254506851,1,6.83999968,-6.988029E-10,-1.10073509E-15,3.8636455E-16,1,0,0,0,1,0,0,0.00088448514,0.9999996,-6.988026E-10,6.16980046E-13,0.00088448514,0.9999996,-6.988026E-10,6.16980046E-13,0.00088448514,0.9999996,0.000975685252,-7.868008E-05,0.0016637753,0.999998152,0,0.003844731,-0.00195151079,0.0081131,2052,0.00232618465,1,5.7,-6.988029E-10,-1.100604E-15,-7.35134336E-16,1,0,0,0,1,0,0,0.00088448514,0.9999996,-6.988026E-10,6.169802E-13,0.00088448514,0.9999996,-6.988026E-10,6.169802E-13,0.00088448514,0.9999996,0.0013115746,1.11016661E-05,0.00108551688,0.9999986,0,0.003311685,-0.00262313057,0.011811614,2052,0.0031700558,1,5.7,4.2001122E-10,2.060041E-15,3.64644878E-16,1,0.0301521979,0,0,0.999545336,0,0,0.000442242628,0.9999999,0.0301521942,-1.33345875E-05,0.00044204155,0.9995452,0.0301521942,-1.33345875E-05,0.00044204155,0.9995452,0.019365292,-7.805689E-06,0.00363861863,0.999805868,0.0225034747,0.0394095033,0.0215802565,0.0515662022,1482,0.04930742,1,5.7,-5.074521E-09,-3.65132663E-16,-5.4125903E-16,1,0.0292097349,0,0,0.9995733,0,0,0.000442242628,0.9999999,0.0292097256,-1.29177879E-05,0.000442053919,0.9995732,0.02920973,-1.291779E-05,0.000442053977,0.9995733,0.022581581,6.590414E-05,0.00021243027,0.999745,0.0132647483,0.0451663174,0.01326083,0.03276797,1482,0.051756788,1,5.7
HOLD_0.00_FULL,STANDING,25,26,0.26,SETUP,None,0,1.416964,-0.005510576,0.0338041149,0.978870749,-0.00438587368,0.00140829163,1.121901,-0.0486225449,0.006287357,-0.0128614092,-0.00283494638,-0.0495812558,0.0035345247,-0.15471904,0.135280982,-0.179305151,0.179305136,true,8,true,true,0,0,0.0009450795,0.000949310255,0.976523161,0.9759058,0.547837257,0.547113359,0.4286859,0.428792417,0.428792417,false,0.976024032,0.9730514,0.8401602,-0.0009646471,0.00048232355,false,false,0.321066856,0.04496526,0.022482276,thorax,true,false,0.00450568926,1.46779222E-09,-9.636216E-15,-7.331967E-15,1,0,0,0,1,0.0129320081,-2.28766148E-05,0.001768841,0.9999148,0.01293201,-2.28766166E-05,0.001768841,0.9999148,0.01293201,-2.28766166E-05,0.001768841,0.9999148,0.000343618449,0.000517828739,-0.00172378588,0.9999984,0.0261403415,0.00358812045,0.0251792688,0.0472775027,1710,0.0007193578,1,9.5,1.46778956E-09,-2.36301758E-16,-2.05572435E-16,1,0,0,0,1,0.0129320081,-2.28766148E-05,0.001768841,0.9999148,0.01293201,-2.28766166E-05,0.001768841,0.9999148,0.01293201,-2.28766166E-05,0.001768841,0.9999148,-0.000272910926,0.0001545727,-0.00176403567,0.99999845,0.0273352414,0.0035210466,0.0264110435,0.0491149276,1710,0,1,9.5,-2.96887914E-09,-6.20109729E-15,1.816118E-15,1,0,0,0,1,0,0,0,1,-2.96887914E-09,-6.20109729E-15,1.816118E-15,1,-2.96887914E-09,-6.20109729E-15,1.816118E-15,1,0.00305204769,3.80696E-05,-0.000173942113,0.999995351,0.006098633,0.006098633,-0.00610411074,0.0108838184,2052,0.00240983418,1,6.83999968,-2.96887825E-09,-2.36928837E-15,1.75362544E-15,1,0,0,0,1,0,0,0,1,-2.96887825E-09,-2.36928837E-15,1.75362544E-15,1,-2.96887825E-09,-2.36928837E-15,1.75362544E-15,1,0.003300398,7.86337E-10,-6.81851742E-10,0.999994636,0.00655098353,0.00655098353,-0.00660081347,0.009802991,2052,0.00258857734,1,6.83999968,-6.988029E-10,-1.10073509E-15,3.8636455E-16,1,0,0,0,1,-0.000482323376,4.266127E-07,0.0008844947,0.999999464,-0.000482324074,4.26613326E-07,0.0008844947,0.999999464,-0.000482324074,4.26613326E-07,0.0008844947,0.999999464,0.000959308236,-8.22446164E-05,0.00161916716,0.9999982,0.003311685,0.00378221087,-0.00288340985,0.008010216,2052,0.00248679612,1,5.7,-6.988029E-10,-1.100604E-15,-7.35134336E-16,1,0,0,0,1,-0.000482323376,4.266127E-07,0.0008844947,0.999999464,-0.000482324074,4.26613326E-07,0.0008844947,0.999999464,-0.000482324074,4.26613326E-07,0.0008844947,0.999999464,0.00131957838,2.89531527E-05,0.00106502348,0.9999986,0.00358812045,0.003311685,-0.0036037534,0.011586654,2052,0.00340518588,1,5.7,4.2001122E-10,2.060041E-15,3.64644878E-16,1,0.0301521979,0,0,0.999545336,0.000241161775,-1.066532E-07,0.000442247459,0.9999999,0.0303932466,-1.34413376E-05,0.00044204318,0.999537945,0.0303932466,-1.34413376E-05,0.00044204318,0.999537945,0.0193718448,-2.019289E-05,0.00359290629,0.9998059,0.0229233578,0.0394034535,0.022049468,0.0526347235,1482,0.0493309349,1,5.7,-5.074521E-09,-3.65132663E-16,-5.4125903E-16,1,0.0292097349,0,0,0.9995733,0.000241161775,-1.066532E-07,0.000442247459,0.9999999,0.0294507854,-1.30245362E-05,0.000442055636,0.999566138,0.0294507854,-1.30245362E-05,0.000442055636,0.999566138,0.02268984,7.1100214E-05,0.000241868038,0.999742568,0.0135140419,0.0453822426,0.0135265887,0.0334360376,1482,0.0520042181,1,5.7
HOLD_0.00_FULL,STANDING,26,27,0.27,SETUP,None,0,1.41682,-0.007839978,0.03123666,0.978814065,-0.0027776435,0.0014681645,1.12175715,-0.0486507975,0.005984359,-0.0116380146,-0.003062961,-0.04968655,0.00349180121,-0.15471904,0.135280982,-0.179305151,0.179305136,true,8,true,true,0,0,0.00131397881,0.0006634198,0.976473331,0.975874662,0.5477995,0.5470829,0.4286738,0.428791761,0.428791761,false,0.7349296,0.732599854,0,0,0,false,false,0.300629467,0.0451663174,0.0229649227,thorax,true,false,0.00457991753,1.46779222E-09,-9.636216E-15,-7.331967E-15,1,0,0,0,1,0.03292638,-5.767734E-05,0.00175075338,0.9994562,0.03292638,-5.76773418E-05,0.00175075338,0.9994562,0.0229308363,-4.02798541E-05,0.00175988476,0.999735534,0.000485861325,0.000538859051,-0.00190272159,0.9999979,0.06531588,0.004085255,0.0448957272,0.0816106051,1710,0.0007193578,1,9.5,1.46778956E-09,-2.36301758E-16,-2.05572435E-16,1,0,0,0,1,0.03292638,-5.767734E-05,0.00175075338,0.9994562,0.03292638,-5.76773418E-05,0.00175075338,0.9994562,0.0229308363,-4.02798541E-05,0.00175988476,0.999735534,-0.000109691267,0.000159243718,-0.00193787715,0.999998152,0.066495426,0.003844731,0.0460854955,0.0834377259,1710,0,1,9.5,-2.96887914E-09,-6.20109729E-15,1.816118E-15,1,0,0,0,1,0,0,0,1,-2.96887914E-09,-6.20109729E-15,1.816118E-15,1,-2.96887914E-09,-6.20109729E-15,1.816118E-15,1,0.00301166973,4.14269452E-05,-0.000176258472,0.9999955,0.005980202,0.005980202,-0.00602335436,0.00812783651,2052,0.00236303685,1,6.83999968,-2.96887825E-09,-2.36928837E-15,1.75362544E-15,1,0,0,0,1,0,0,0,1,-2.96887825E-09,-2.36928837E-15,1.75362544E-15,1,-2.96887825E-09,-2.36928837E-15,1.75362544E-15,1,0.00328398263,-5.12020037E-10,1.50203558E-10,0.9999947,0.00651448732,0.00651448732,-0.00656798249,0.00790476,2052,0.002574156,1,6.83999968,-6.988029E-10,-1.10073509E-15,3.8636455E-16,1,0,0,0,1,0,0,0.000875851954,0.999999642,-6.988027E-10,6.10947165E-13,0.000875851954,0.999999642,-6.988027E-10,6.10947165E-13,0.000875851954,0.999999642,0.0009661181,-7.572328E-05,0.0016179122,0.9999983,0,0.00371863972,-0.00193237,0.00605334947,2052,0.00232618465,1,5.7,-6.988029E-10,-1.100604E-15,-7.35134336E-16,1,0,0,0,1,0,0,0.000875851954,0.999999642,-6.988027E-10,6.109473E-13,0.000875851954,0.999999642,-6.988027E-10,6.109473E-13,0.000875851954,0.999999642,0.001282426,4.58016475E-05,0.00105653226,0.9999986,0,0.003311685,-0.00256477273,0.00882929,2052,0.0031700558,1,5.7,4.2001122E-10,2.060041E-15,3.64644878E-16,1,0.0301521979,0,0,0.999545336,0,0,0.000437926035,0.9999999,0.0301521942,-1.32044324E-05,0.000437726936,0.9995452,0.0301521942,-1.32044324E-05,0.000437726936,0.9995452,0.0194683522,-2.82699948E-05,0.003595157,0.999804,0.0222905688,0.0395966135,0.0213740859,0.0494006,1482,0.049581036,1,5.7,-5.074521E-09,-3.65132663E-16,-5.4125903E-16,1,0.0292097349,0,0,0.9995733,0,0,0.000437926035,0.9999999,0.0292097256,-1.2791701E-05,0.00043773916,0.9995732,0.02920973,-1.27917028E-05,0.000437739218,0.9995733,0.02275618,6.8938316E-05,0.000259580556,0.9997411,0.0129002621,0.0455134064,0.0129115479,0.0327078924,1482,0.0521545224,1,5.7
HOLD_0.00_FULL,STANDING,27,28,0.28,SETUP,None,0,1.41666281,-0.010040842,0.0288947225,0.9787061,-0.008430041,0.001524891,1.12159026,-0.04867779,0.005648859,-0.0148259271,-0.00254718727,-0.04953907,0.003434935,-0.15471904,0.135280982,-0.179305151,0.179305136,true,8,true,true,0,0,0.0005586987,0.000557095744,0.9763657,0.9757561,0.547687232,0.5469646,0.428678453,0.428791523,0.428791523,false,0.2740098,0.273076743,0,0,0,false,false,0.280362278,0.0453822426,0.0224610548,thorax,true,false,0.004649914,1.46779222E-09,-9.636216E-15,-7.331967E-15,1,0,0,0,1,0.0129320063,-2.24247142E-05,0.00173389993,0.9999149,0.0129320081,-2.2424716E-05,0.00173389993,0.9999149,0.0129320081,-2.2424716E-05,0.00173389993,0.9999149,0.000460640033,0.0005776317,-0.0018150867,0.999998152,0.0259480923,0.003844731,0.0249453876,0.04702748,1710,0.0007193578,1,9.5,1.46778956E-09,-2.36301758E-16,-2.05572435E-16,1,0,0,0,1,0.0129320063,-2.24247142E-05,0.00173389993,0.9999149,0.0129320081,-2.2424716E-05,0.00173389993,0.9999149,0.0129320081,-2.2424716E-05,0.00173389993,0.9999149,-0.000140995326,0.000174885281,-0.00185106031,0.999998331,0.0271075163,0.00365396286,0.0261472613,0.0488787144,1710,0,1,9.5,-2.96887914E-09,-6.20109729E-15,1.816118E-15,1,0,0,0,1,0,0,0,1,-2.96887914E-09,-6.20109729E-15,1.816118E-15,1,-2.96887914E-09,-6.20109729E-15,1.816118E-15,1,0.0030707384,4.504868E-05,-0.00017578034,0.999995351,0.006098633,0.006098633,-0.006141492,0.0102559812,2052,0.00240983418,1,6.83999968,-2.96887825E-09,-2.36928837E-15,1.75362544E-15,1,0,0,0,1,0,0,0,1,-2.96887825E-09,-2.36928837E-15,1.75362544E-15,1,-2.96887825E-09,-2.36928837E-15,1.75362544E-15,1,0.00334707764,1.53549318E-09,2.77154077E-10,0.999994457,0.00665927166,0.00665927166,-0.00669417344,0.009592964,2052,0.00263136672,1,6.83999968,-6.988029E-10,-1.10073509E-15,3.8636455E-16,1,0,0,0,1,0,0,0.0008670228,0.999999642,-6.988027E-10,6.047773E-13,0.0008670228,0.999999642,-6.988027E-10,6.047773E-13,0.0008670228,0.999999642,0.0009762489,-7.359602E-05,0.00159727922,0.9999983,0,0.00371863972,-0.00195262651,0.00656759832,2052,0.00232618465,1,5.7,-6.988029E-10,-1.100604E-15,-7.35134336E-16,1,0,0,0,1,0,0,0.0008670228,0.999999642,-6.988027E-10,6.04777459E-13,0.0008670228,0.999999642,-6.988027E-10,6.04777459E-13,0.0008670228,0.999999642,0.0012961363,6.407244E-05,0.001030321,0.9999986,0,0.003311685,-0.00259216269,0.009752124,2052,0.0031700558,1,5.7,4.2001122E-10,2.060041E-15,3.64644878E-16,1,0.0301521979,0,0,0.999545336,0,0,0.00043351145,0.9999999,0.0301521942,-1.30713233E-05,0.000433314359,0.9995452,0.0301521942,-1.30713233E-05,0.000433314359,0.9995452,0.0195273273,-4.18979071E-05,0.003577502,0.999802947,0.0221618451,0.0397048555,0.0212561041,0.04938445,1482,0.0497211665,1,5.7,-5.074521E-09,-3.65132663E-16,-5.4125903E-16,1,0.0292097349,0,0,0.9995733,0,0,0.00043351145,0.9999999,0.0292097256,-1.26627519E-05,0.000433326466,0.9995732,0.02920973,-1.26627538E-05,0.000433326524,0.9995733,0.0228162818,6.638429E-05,0.000273066136,0.999739647,0.0128075192,0.0456389673,0.0127913086,0.0323159657,1482,0.0522864237,1,5.7
HOLD_0.00_FULL,STANDING,28,29,0.29,SETUP,None,0,1.41651833,-0.00777026266,0.025925139,0.97866106,-0.00179897994,0.00157878548,1.12147248,-0.0486971475,0.005400578,-0.009104071,-0.00213098642,-0.04941766,0.00340478239,-0.15471904,0.135280982,-0.179305151,0.179305136,true,8,true,true,0,0,0.00122295867,0.0006501412,0.9763298,0.9757322,0.5476626,0.5469415,0.4286672,0.4287907,0.4287907,false,0.852750361,0.850047052,0.0183355846,-2.99289186E-05,1.49644593E-05,false,false,0.261469483,0.0455134064,0.0222905688,thorax,true,false,0.00474439561,1.46779222E-09,-9.636216E-15,-7.331967E-15,1,0,0,0,1,0.0329263844,-5.68332E-05,0.00172513025,0.9994563,0.0329263844,-5.68332034E-05,0.00172513025,0.9994563,0.0229308382,-3.96317919E-05,0.00172960141,0.9997356,0.000605682551,0.00059761724,-0.00197218359,0.9999978,0.065081805,0.00420035468,0.0446562544,0.08109058,1710,0.00124596443,1,9.5,1.46778956E-09,-2.36301758E-16,-2.05572435E-16,1,0,0,0,1,0.0329263844,-5.68332E-05,0.00172513025,0.9994563,0.0329263844,-5.68332034E-05,0.00172513025,0.9994563,0.0229308382,-3.96317919E-05,0.00172960141,0.9997356,4.41020848E-06,0.000176068934,-0.00199513813,0.999998,0.0662763044,0.004026471,0.0458573364,0.0830479,1710,0,1,9.5,-2.96887914E-09,-6.20109729E-15,1.816118E-15,1,0,0,0,1,0,0,0,1,-2.96887914E-09,-6.20109729E-15,1.816118E-15,1,-2.96887914E-09,-6.20109729E-15,1.816118E-15,1,0.00300640846,4.824245E-05,-0.000179290844,0.99999547,0.006019938,0.006019938,-0.00601283135,0.00789508,2052,0.002378738,1,6.83999968,-2.96887825E-09,-2.36928837E-15,1.75362544E-15,1,0,0,0,1,0,0,0,1,-2.96887825E-09,-2.36928837E-15,1.75362544E-15,1,-2.96887825E-09,-2.36928837E-15,1.75362544E-15,1,0.00334160845,-1.7699818E-10,1.70063671E-10,0.999994457,0.00665927166,0.00665927166,-0.006683235,0.007965125,2052,0.00263136672,1,6.83999968,-6.988029E-10,-1.10073509E-15,3.8636455E-16,1,0,0,0,1,-1.49644538E-05,1.29148274E-08,0.000863033347,0.999999642,-1.49651523E-05,1.291543E-08,0.000863033347,0.999999642,-1.49651523E-05,1.291543E-08,0.000863033347,0.999999642,0.000966148858,-6.11502255E-05,0.00161402486,0.999998331,0,0.00365396286,-0.00196233322,0.005656875,2052,0.00248679612,1,5.7,-6.988029E-10,-1.100604E-15,-7.35134336E-16,1,0,0,0,1,-1.49644538E-05,1.29148274E-08,0.000863033347,0.999999642,-1.49651523E-05,1.291543E-08,0.000863033347,0.999999642,-1.49651523E-05,1.291543E-08,0.000863033347,0.999999642,0.0012276175,8.183339E-05,0.00103002053,0.9999988,0,0.003088162,-0.00248502358,0.008249566,2052,0.00304569071,1,5.7,4.2001122E-10,2.060041E-15,3.64644878E-16,1,0.0301521979,0,0,0.999545336,7.48222874E-06,-3.2287073E-09,0.000431516732,0.9999999,0.0301596727,-1.30144053E-05,0.000431320426,0.999545,0.0301596727,-1.30144053E-05,0.000431320426,0.999545,0.0196262673,-4.54664732E-05,0.00360309542,0.999801,0.0219998769,0.03990253,0.0210731458,0.0488073528,1482,0.04997705,1,5.7,-5.074521E-09,-3.65132663E-16,-5.4125903E-16,1,0.0292097349,0,0,0.9995733,7.48222874E-06,-3.2287073E-09,0.000431516732,0.9999999,0.0292172041,-1.26077139E-05,0.0004313325,0.999572933,0.0292172078,-1.26077157E-05,0.000431332563,0.999573052,0.02285681,6.278545E-05,0.0002816196,0.999738753,0.0127328383,0.0457172655,0.0127251931,0.0326821767,1482,0.0523881279,1,5.7
HOLD_0.00_FULL,STANDING,29,30,0.3,SETUP,None,0,1.41640115,-0.006042853,0.0227672532,0.978596032,-0.004466079,0.00162998424,1.12136352,-0.0487094037,0.005094241,-0.009259354,-0.001116422,-0.04908686,0.00335232145,-0.15471904,0.135280982,-0.179305151,0.179305136,true,8,true,true,0,0,0.000634094758,0.0005627268,0.9762659,0.9756508,0.547592163,0.546860337,0.428673744,0.42879045,0.42879045,false,0.08284138,0.08257877,0,0,0,false,false,0.2430975,0.0456389673,0.02218335,thorax,true,false,0.00482527772,1.46779222E-09,-9.636216E-15,-7.331967E-15,1,0,0,0,1,0.0129320063,-2.213387E-05,0.00171141163,0.9999149,0.0129320081,-2.21338723E-05,0.00171141163,0.9999149,0.0129328817,-2.21354E-05,0.00171141338,0.999914944,0.0005989883,0.0006268376,-0.00185287057,0.999998,0.0256988052,0.004026471,0.0246705767,0.0462384224,1710,0.00101732567,1,9.5,1.46778956E-09,-2.36301758E-16,-2.05572435E-16,1,0,0,0,1,0.0129320063,-2.213387E-05,0.00171141163,0.9999149,0.0129320081,-2.21338723E-05,0.00171141163,0.9999149,0.0129328817,-2.21354E-05,0.00171141338,0.999914944,-2.70500623E-05,0.000187084253,-0.00187651231,0.9999982,0.0269044563,0.00378221087,0.0259211529,0.04824708,1710,0,1,9.5,-2.96887914E-09,-6.20109729E-15,1.816118E-15,1,0,0,0,1,0,0,0,1,-2.96887914E-09,-6.20109729E-15,1.816118E-15,1,-2.96887914E-09,-6.20109729E-15,1.816118E-15,1,0.00304225041,5.06503675E-05,-0.000179141993,0.9999954,0.00605941331,0.00605941331,-0.006084516,0.0100606214,2052,0.00239433674,1,6.83999968,-2.96887825E-09,-2.36928837E-15,1.75362544E-15,1,0,0,0,1,0,0,0,1,-2.96887825E-09,-2.36928837E-15,1.75362544E-15,1,-2.96887825E-09,-2.36928837E-15,1.75362544E-15,1,0.00340673,1.4273327E-09,4.37720943E-10,0.9999943,0.00676582661,0.00676582661,-0.006813478,0.009557955,2052,0.002673471,1,6.83999968,-6.988029E-10,-1.10073509E-15,3.8636455E-16,1,0,0,0,1,0,0,0.000855777645,0.999999642,-6.988027E-10,5.96919161E-13,0.000855777645,0.999999642,-6.988027E-10,5.96919161E-13,0.000855777645,0.999999642,0.000963483762,-5.49923971E-05,0.00160101254,0.9999983,0,0.00371863972,-0.00192706287,0.00623186631,2052,0.00232618465,1,5.7,-6.988029E-10,-1.100604E-15,-7.35134336E-16,1,0,0,0,1,0,0,0.000855777645,0.999999642,-6.988027E-10,5.969193E-13,0.000855777645,0.999999642,-6.988027E-10,5.969193E-13,0.000855777645,0.999999642,0.00122139847,9.979991E-05,0.00101077941,0.9999988,0,0.003088162,-0.00244262721,0.00931065,2052,0.00304569071,1,5.7,4.2001122E-10,2.060041E-15,3.64644878E-16,1,0.0301521979,0,0,0.999545336,0,0,0.000427888881,0.9999999,0.0301521942,-1.290179E-05,0.000427694322,0.9995452,0.0301521942,-1.290179E-05,0.000427694322,0.9995452,0.019692,-5.63191134E-05,0.003598014,0.999799669,0.0218585357,0.0400337763,0.0209266767,0.04873022,1482,0.050146915,1,5.7,-5.074521E-09,-3.65132663E-16,-5.4125903E-16,1,0.0292097349,0,0,0.9995733,0,0,0.000427888881,0.9999999,0.0292097256,-1.24985181E-05,0.000427706284,0.9995732,0.02920973,-1.249852E-05,0.000427706342,0.9995733,0.0228991844,5.85571725E-05,0.0002880988,0.9997378,0.01261999,0.0458006375,0.012625454,0.0321281329,1482,0.052483663,1,5.7
HOLD_0.00_FULL,STANDING,30,31,0.31,SETUP,None,0,1.41631663,-0.00192703307,0.02441321,0.978606939,0.00348899513,0.00167834747,1.12131846,-0.04871191,0.004843704,-0.00209927186,-0.000651062059,-0.0489320271,0.00331594632,-0.15471904,0.135280982,-0.179305151,0.179305136,true,8,true,true,0,0,0.00156447582,0.0008660052,0.9762857,0.975677431,0.5476216,0.546888,0.4286641,0.428789437,0.428789437,false,1.04337919,1.04020143,1,-0.00122148346,0.0006107417,true,false,0.28315556,0.0457172655,0.021978192,thorax,true,false,0.004913593,1.46779222E-09,-9.636216E-15,-7.331967E-15,1,0,0,0,1,0.0329263844,-5.623482E-05,0.00170696678,0.999456346,0.0329263844,-5.6234825E-05,0.00170696678,0.999456346,0.0229327641,-3.91904541E-05,0.00170927506,0.9997356,0.000801259535,0.000645719469,-0.00197511585,0.999997556,0.06469594,0.00442157546,0.04426909,0.0797189549,1710,0.00160853309,1,9.5,1.46778956E-09,-2.36301758E-16,-2.05572435E-16,1,0,0,0,1,0.0329263844,-5.623482E-05,0.00170696678,0.999456346,0.0329263844,-5.6234825E-05,0.00170696678,0.999456346,0.0229327641,-3.91904541E-05,0.00170927506,0.9997356,0.0001537003,0.000195674511,-0.00198987382,0.999998033,0.06596977,0.00396681624,0.0455626734,0.0819191039,1710,0,1,9.5,-2.96887914E-09,-6.20109729E-15,1.816118E-15,1,0,0,0,1,0,0,0,1,-2.96887914E-09,-6.20109729E-15,1.816118E-15,1,-2.96887914E-09,-6.20109729E-15,1.816118E-15,1,0.003001519,5.2778978E-05,-0.000183184238,0.99999547,0.006019938,0.006019938,-0.00600305339,0.008709764,2052,0.002378738,1,6.83999968,-2.96887825E-09,-2.36928837E-15,1.75362544E-15,1,0,0,0,1,0,0,0,1,-2.96887825E-09,-2.36928837E-15,1.75362544E-15,1,-2.96887825E-09,-2.36928837E-15,1.75362544E-15,1,0.0034121098,1.65491468E-10,-1.4612106E-10,0.9999943,0.00676582661,0.00676582661,-0.00682423776,0.008328278,2052,0.00268735946,1,6.83999968,-6.988029E-10,-1.10073509E-15,3.8636455E-16,1,0,0,0,1,-0.000610741437,5.21540869E-07,0.000853946549,0.999999464,-0.000610742136,5.21541438E-07,0.000853946549,0.999999464,-0.000610742136,5.21541438E-07,0.000853946549,0.999999464,0.0008671787,-4.32235029E-05,0.00161780952,0.999998331,0.003311685,0.00365396286,-0.00295591564,0.00617527962,2052,0.00215362851,1,5.7,-6.988029E-10,-1.100604E-15,-7.35134336E-16,1,0,0,0,1,-0.000610741437,5.21540869E-07,0.000853946549,0.999999464,-0.000610742136,5.21541438E-07,0.000853946549,0.999999464,-0.000610742136,5.21541438E-07,0.000853946549,0.999999464,0.00110019417,0.000116006857,0.00101479655,0.9999989,0.00338291214,0.00292968773,-0.00342167472,0.009366869,2052,0.00278032245,1,5.7,4.2001122E-10,2.060041E-15,3.64644878E-16,1,0.0301521979,0,0,0.999545336,0.000305370835,-1.30385246E-07,0.0004269734,0.9999998,0.030457424,-1.30045119E-05,0.000426775339,0.999536,0.030457424,-1.30045119E-05,0.000426775339,0.999536,0.0197337549,-6.421625E-05,0.00362780946,0.9997988,0.0223759748,0.0401230156,0.02145388,0.0517042428,1482,0.0502470173,1,5.7,-5.074521E-09,-3.65132663E-16,-5.4125903E-16,1,0.0292097349,0,0,0.9995733,0.000305370835,-1.30385246E-07,0.0004269734,0.9999998,0.0295149647,-1.26021068E-05,0.0004267874,0.9995642,0.0295149684,-1.26021087E-05,0.000426787446,0.9995643,0.0229375213,5.023552E-05,0.0002925891,0.9997369,0.013174573,0.04587866,0.0131594958,0.0338308066,1482,0.05257307,1,5.7
HOLD_0.00_FULL,STANDING,31,32,0.32,SETUP,None,0,1.41627121,0.00121089071,0.0289706346,0.9786209,0.00347268581,0.00172379776,1.12130225,-0.048710946,0.00453145662,3.57751123E-05,-9.400845E-05,-0.04874273,0.0032558185,-0.15471904,0.135280982,-0.179305151,0.179305136,true,8,true,true,0,0,0.00120727392,0.000587267336,0.9763031,0.975677848,0.5476338,0.5468892,0.428669274,0.428788662,0.428788662,false,0.13016282,0.129766375,0,0,0,false,false,0.362283617,0.0458006375,0.0224398151,thorax,true,false,0.004984396,1.46779222E-09,-9.636216E-15,-7.331967E-15,1,0,0,0,1,0.0169855766,-2.87795719E-05,0.00169410673,0.9998543,0.0169855785,-2.87795738E-05,0.00169410673,0.9998543,0.0169855785,-2.87795738E-05,0.00169410673,0.9998543,0.0009120544,0.000659823942,-0.00187947636,0.9999976,0.03295845,0.00436732126,0.0321508124,0.05826594,1710,0.00176205975,1,9.5,1.46778956E-09,-2.36301758E-16,-2.05572435E-16,1,0,0,0,1,0.0169855766,-2.87795719E-05,0.00169410673,0.9998543,0.0169855785,-2.87795738E-05,0.00169410673,0.9998543,0.0169855785,-2.87795738E-05,0.00169410673,0.9998543,0.000240639652,0.000197849571,-0.00189746765,0.9999982,0.0342428274,0.00378221087,0.0334920846,0.0604550466,1710,0,1,9.5,-2.96887914E-09,-6.20109729E-15,1.816118E-15,1,0,0,0,1,0,0,0,1,-2.96887914E-09,-6.20109729E-15,1.816118E-15,1,-2.96887914E-09,-6.20109729E-15,1.816118E-15,1,0.00301628723,5.327235E-05,-0.000183920056,0.9999954,0.00605941331,0.00605941331,-0.00603259,0.009766258,2052,0.00236303685,1,6.83999968,-2.96887825E-09,-2.36928837E-15,1.75362544E-15,1,0,0,0,1,0,0,0,1,-2.96887825E-09,-2.36928837E-15,1.75362544E-15,1,-2.96887825E-09,-2.36928837E-15,1.75362544E-15,1,0.0034473415,7.54215634E-10,-2.4157143E-10,0.9999941,0.00687072938,0.00687072938,-0.006894702,0.009130354,2052,0.00271492265,1,6.83999968,-6.988029E-10,-1.10073509E-15,3.8636455E-16,1,0,0,0,1,0,0,0.000847175834,0.999999642,-6.988027E-10,5.909082E-13,0.000847175834,0.999999642,-6.988027E-10,5.909082E-13,0.000847175834,0.999999642,0.0008728718,-4.002723E-05,0.00160762109,0.999998331,0,0.00365396286,-0.00174581259,0.006067556,2052,0.00215362851,1,5.7,-6.988029E-10,-1.100604E-15,-7.35134336E-16,1,0,0,0,1,0,0,0.000847175834,0.999999642,-6.988027E-10,5.90908344E-13,0.000847175834,0.999999642,-6.988027E-10,5.90908344E-13,0.000847175834,0.999999642,0.00110989192,0.000126874715,0.00100071181,0.999998868,0,0.0030099682,-0.00221956987,0.009381371,2052,0.0026376457,1,5.7,4.2001122E-10,2.060041E-15,3.64644878E-16,1,0.0301521979,0,0,0.999545336,0,0,0.000423587975,0.9999999,0.0301521942,-1.27721087E-05,0.0004233954,0.9995452,0.0301521942,-1.27721087E-05,0.0004233954,0.9995452,0.0197823532,-6.910705E-05,0.00363026676,0.9997977,0.0217162743,0.04022984,0.0207459182,0.0490933359,1482,0.0503699519,1,5.7,-5.074521E-09,-3.65132663E-16,-5.4125903E-16,1,0.0292097349,0,0,0.9995733,0,0,0.000423587975,0.9999999,0.0292097256,-1.23728905E-05,0.00042340724,0.9995732,0.02920973,-1.23728923E-05,0.0004234073,0.9995733,0.0229761787,4.98084155E-05,0.000295164937,0.999735951,0.0124870446,0.04596174,0.0124714132,0.03172241,1482,0.0526563823,1,5.7
HOLD_0.00_FULL,STANDING,32,33,0.33,SETUP,None,0,1.4162817,0.00754863769,0.0303270724,0.978708148,0.0112746954,0.001766144,1.12135112,-0.04870731,0.00425464474,0.00733641535,-0.000135727416,-0.0487532,0.00320461,-0.15471904,0.135280982,-0.179305151,0.179305136,true,8,true,true,0,0,0.00187003647,0.00106676051,0.9763992,0.97577703,0.547737,0.5469897,0.428662181,0.428787351,0.428787351,false,0.782240748,0.780065835,0,0,0,false,false,0.353326678,0.04587866,0.0217929929,thorax,true,false,0.005066214,1.46779222E-09,-9.636216E-15,-7.331967E-15,1,0,0,0,1,0.0369779356,-6.238845E-05,0.00168602413,0.999314666,0.0369779356,-6.238845E-05,0.00168602413,0.999314666,0.0269836,-4.55871232E-05,0.00169014977,0.9996345,0.00119245157,0.0006456952,-0.00196408387,0.9999972,0.07196865,0.00473406352,0.0515908562,0.09199909,1710,0.00238584,1,9.5,1.46778956E-09,-2.36301758E-16,-2.05572435E-16,1,0,0,0,1,0.0369779356,-6.238845E-05,0.00168602413,0.999314666,0.0369779356,-6.238845E-05,0.00168602413,0.999314666,0.0269836,-4.55871232E-05,0.00169014977,0.9996345,0.0005137069,0.00017899352,-0.00198093429,0.9999979,0.07331462,0.004085255,0.0529467724,0.09417472,1710,0.0007193578,1,9.5,-2.96887914E-09,-6.20109729E-15,1.816118E-15,1,0,0,0,1,0,0,0,1,-2.96887914E-09,-6.20109729E-15,1.816118E-15,1,-2.96887914E-09,-6.20109729E-15,1.816118E-15,1,0.002914729,5.282987E-05,-0.000186998455,0.9999958,0.00577742374,0.00577742374,-0.00582947163,0.00720580434,2052,0.00228291028,1,6.83999968,-2.96887825E-09,-2.36928837E-15,1.75362544E-15,1,0,0,0,1,0,0,0,1,-2.96887825E-09,-2.36928837E-15,1.75362544E-15,1,-2.96887825E-09,-2.36928837E-15,1.75362544E-15,1,0.00340189249,-1.24450983E-09,3.4986597E-10,0.9999943,0.00676582661,0.00676582661,-0.006803804,0.00735418964,2052,0.002673471,1,6.83999968,-6.988029E-10,-1.10073509E-15,3.8636455E-16,1,0,0,0,1,0,0,0.0008435893,0.999999642,-6.988027E-10,5.8840194E-13,0.0008435893,0.999999642,-6.988027E-10,5.8840194E-13,0.0008435893,0.999999642,0.0008551598,-3.27319322E-05,0.00161692151,0.999998331,0,0.00365396286,-0.001710376,0.00522959139,2052,0.00215362851,1,5.7,-6.988029E-10,-1.100604E-15,-7.35134336E-16,1,0,0,0,1,0,0,0.0008435893,0.999999642,-6.988027E-10,5.88402048E-13,0.0008435893,0.999999642,-6.988027E-10,5.88402048E-13,0.0008435893,0.999999642,0.00104397512,0.000131566412,0.00100185326,0.999999,0,0.00284714461,-0.002087729,0.007828196,2052,0.0026376457,1,5.7,4.2001122E-10,2.060041E-15,3.64644878E-16,1,0.0301521979,0,0,0.999545336,0,0,0.0004217947,0.99999994,0.0301521961,-1.27180374E-05,0.000421602948,0.9995453,0.0301521961,-1.27180374E-05,0.000421602948,0.9995453,0.0199126825,-6.850904E-05,0.003655653,0.9997951,0.021462271,0.0404897779,0.0204852056,0.0469953269,1482,0.0507064834,1,5.7,-5.074521E-09,-3.65132663E-16,-5.4125903E-16,1,0.0292097349,0,0,0.9995733,0,0,0.0004217947,0.99999994,0.0292097274,-1.23205091E-05,0.000421614735,0.999573231,0.0292097274,-1.23205091E-05,0.000421614735,0.999573231,0.0230269562,4.827905E-05,0.0002963126,0.9997348,0.0123526668,0.0460602045,0.0123698311,0.03120481,1482,0.05276924,1,5.7
HOLD_0.00_FULL,STANDING,33,34,0.34,SETUP,None,0,1.41633379,0.0105978772,0.0280134678,0.9787582,0.00698255748,0.0018052255,1.12139523,-0.0487044938,0.003892676,0.005806561,0.000203127391,-0.0486358181,0.00312133832,-0.15471904,0.135280982,-0.179305151,0.179305136,true,8,true,true,0,0,0.001131986,0.0006094495,0.9764478,0.9758041,0.5477755,0.5470175,0.4286723,0.428786576,0.428786576,false,0.178182974,0.177699208,0,0,0,false,false,0.3402866,0.04596174,0.021705294,thorax,true,false,0.00511297956,1.46779222E-09,-9.636216E-15,-7.331967E-15,1,0,0,0,1,0.0169855766,-2.83573645E-05,0.00166925346,0.9998544,0.0169855785,-2.83573663E-05,0.00166925346,0.9998544,0.0169855785,-2.83573663E-05,0.00166925346,0.9998544,0.00129602477,0.000654458359,-0.00176489877,0.9999974,0.0321454257,0.004580485,0.0313828327,0.056615375,1710,0.00269159069,1,9.5,1.46778956E-09,-2.36301758E-16,-2.05572435E-16,1,0,0,0,1,0.0169855766,-2.83573645E-05,0.00166925346,0.9998544,0.0169855785,-2.83573663E-05,0.00166925346,0.9998544,0.0169855785,-2.83573663E-05,0.00166925346,0.9998544,0.0005944987,0.0001861322,-0.00179640274,0.9999982,0.0335037448,0.00378221087,0.0327843241,0.0587912723,1710,0.00101732567,1,9.5,-2.96887914E-09,-6.20109729E-15,1.816118E-15,1,0,0,0,1,0,0,0,1,-2.96887914E-09,-6.20109729E-15,1.816118E-15,1,-2.96887914E-09,-6.20109729E-15,1.816118E-15,1,0.00291422033,5.306114E-05,-0.0001848099,0.999995768,0.005818545,0.005818545,-0.005828454,0.008996661,2052,0.002299159,1,6.83999968,-2.96887825E-09,-2.36928837E-15,1.75362544E-15,1,0,0,0,1,0,0,0,1,-2.96887825E-09,-2.36928837E-15,1.75362544E-15,1,-2.96887825E-09,-2.36928837E-15,1.75362544E-15,1,0.00341519574,1.3924549E-10,1.43220158E-10,0.9999942,0.00680097425,0.00680097425,-0.00683041057,0.008695074,2052,0.00268735946,1,6.83999968,-6.988029E-10,-1.10073509E-15,3.8636455E-16,1,0,0,0,1,0,0,0.00083474745,0.999999642,-6.988027E-10,5.82223234E-13,0.00083474745,0.999999642,-6.988027E-10,5.82223234E-13,0.00083474745,0.999999642,0.0008384752,-3.38695536E-05,0.00158630183,0.99999845,0,0.0035210466,-0.00167700811,0.00582346739,2052,0.00215362851,1,5.7,-6.988029E-10,-1.100604E-15,-7.35134336E-16,1,0,0,0,1,0,0,0.00083474745,0.999999642,-6.988027E-10,5.82223343E-13,0.00083474745,0.999999642,-6.988027E-10,5.82223343E-13,0.00083474745,0.999999642,0.00103728892,0.000135766255,0.0009783019,0.999999,0,0.00284714461,-0.002074352,0.008698825,2052,0.0026376457,1,5.7,4.2001122E-10,2.060041E-15,3.64644878E-16,1,0.0301521979,0,0,0.999545336,0,0,0.000417373783,0.99999994,0.0301521961,-1.25847373E-05,0.000417184026,0.9995453,0.0301521961,-1.25847373E-05,0.000417184026,0.9995453,0.0200350042,-7.88546E-05,0.003635341,0.9997927,0.0212277025,0.0407246463,0.0202405062,0.045822762,1482,0.05102564,1,5.7,-5.074521E-09,-3.65132663E-16,-5.4125903E-16,1,0.0292097349,0,0,0.9995733,0,0,0.000417373783,0.99999994,0.0292097274,-1.21913754E-05,0.0004171957,0.999573231,0.0292097274,-1.21913754E-05,0.0004171957,0.999573231,0.0230940469,4.454467E-05,0.000299104169,0.999733269,0.012236312,0.0461946,0.0122356107,0.0302758552,1482,0.0529232845,1,5.7
HOLD_0.00_FULL,STANDING,34,35,0.35000000000000003,SETUP,None,0,1.41641223,0.0140924156,0.0262888353,0.978849232,0.0115748122,0.00184086,1.12146831,-0.0486990772,0.00357860886,0.009645405,0.0001610837,-0.0486446135,0.003050826,-0.15471904,0.135280982,-0.179305151,0.179305136,true,8,true,true,0,0,0.001717253,0.00085267477,0.976543844,0.9759084,0.5478784,0.547123,0.428665459,0.428785384,0.428785384,false,0.8016721,0.799528837,0,0,0,false,false,0.327213079,0.0460602045,0.0214733779,thorax,true,false,0.00515483646,1.46779222E-09,-9.636216E-15,-7.331967E-15,1,0,0,0,1,0.0369779356,-6.120244E-05,0.00165397278,0.9993147,0.0369779356,-6.120244E-05,0.00165397278,0.9993147,0.0269850884,-4.47854E-05,0.00166169473,0.9996345,0.0015540648,0.000653961,-0.00182077917,0.9999969,0.07121921,0.00497951265,0.050870616,0.090751946,1710,0.00321706641,1,9.5,1.46778956E-09,-2.36301758E-16,-2.05572435E-16,1,0,0,0,1,0.0369779356,-6.120244E-05,0.00165397278,0.9993147,0.0369779356,-6.120244E-05,0.00165397278,0.9993147,0.0269850884,-4.47854E-05,0.00166169473,0.9996345,0.000847678864,0.000189720085,-0.00185641844,0.999998,0.0726152062,0.004026471,0.05228185,0.09294811,1710,0.00176205975,1,9.5,-2.96887914E-09,-6.20109729E-15,1.816118E-15,1,0,0,0,1,0,0,0,1,-2.96887914E-09,-6.20109729E-15,1.816118E-15,1,-2.96887914E-09,-6.20109729E-15,1.816118E-15,1,0.00279440964,5.36919433E-05,-0.000185668119,0.9999961,0.00556726474,0.00556726474,-0.005588832,0.00635645166,2052,0.00219986751,1,6.83999968,-2.96887825E-09,-2.36928837E-15,1.75362544E-15,1,0,0,0,1,0,0,0,1,-2.96887825E-09,-2.36928837E-15,1.75362544E-15,1,-2.96887825E-09,-2.36928837E-15,1.75362544E-15,1,0.00334620033,-1.32647482E-09,7.897093E-10,0.999994457,0.00665927166,0.00665927166,-0.006692419,0.006809844,2052,0.00263136672,1,6.83999968,-6.988029E-10,-1.10073509E-15,3.8636455E-16,1,0,0,0,1,0,0,0.0008275526,0.999999642,-6.988027E-10,5.771954E-13,0.0008275526,0.999999642,-6.988027E-10,5.771954E-13,0.0008275526,0.999999642,0.000807118253,-2.74078866E-05,0.00158117991,0.99999845,0,0.0035210466,-0.00161428307,0.00489734532,2052,0.00175843027,1,5.7,-6.988029E-10,-1.100604E-15,-7.35134336E-16,1,0,0,0,1,0,0,0.0008275526,0.999999642,-6.988027E-10,5.771955E-13,0.0008275526,0.999999642,-6.988027E-10,5.771955E-13,0.0008275526,0.999999642,0.00096049346,0.000139263953,0.000974138,0.999999046,0,0,-0.00192075735,0.007184784,2052,0.00248679612,1,5.7,4.2001122E-10,2.060041E-15,3.64644878E-16,1,0.0301521979,0,0,0.999545336,0,0,0.000413776346,0.99999994,0.0301521961,-1.24762664E-05,0.000413588219,0.9995453,0.0301521961,-1.24762664E-05,0.000413588219,0.9995453,0.0202146675,-8.14152445E-05,0.003639226,0.999789059,0.0208880343,0.04108024,0.0198811032,0.04422671,1482,0.0514706448,1,5.7,-5.074521E-09,-3.65132663E-16,-5.4125903E-16,1,0.0292097349,0,0,0.9995733,0,0,0.000413776346,0.99999994,0.0292097274,-1.20862951E-05,0.000413599773,0.999573231,0.0292097274,-1.20862951E-05,0.000413599773,0.999573231,0.0231617782,3.98985867E-05,0.000300840271,0.9997317,0.01207943,0.0463286079,0.012100107,0.0300356839,1482,0.05308278,1,5.7
HOLD_0.00_FULL,STANDING,35,36,0.36,SETUP,None,0,1.41649771,0.0137605146,0.0227731634,0.978878856,0.00501904637,0.00187290157,1.12150764,-0.0486935824,0.00318554114,0.00540270749,0.0005334273,-0.0485132225,0.00294998614,-0.15471904,0.135280982,-0.179305151,0.179305136,true,8,true,true,0,0,0.00100296712,0.000659700541,0.976569057,0.975918651,0.5478941,0.5471338,0.428674936,0.428784847,0.428784847,false,0.2151856,0.214607328,0,0,0,false,false,0.3158522,0.0461946,0.0212277025,thorax,true,false,0.00516436948,1.46779222E-09,-9.636216E-15,-7.331967E-15,1,0,0,0,1,0.0169855785,-2.762884E-05,0.001626369,0.999854445,0.01698558,-2.76288411E-05,0.001626369,0.999854445,0.01698558,-2.76288411E-05,0.001626369,0.999854445,0.00163987349,0.0006717669,-0.00163244153,0.999997139,0.03140254,0.00478416076,0.0306951478,0.0555623919,1710,0.00337408786,1,9.5,1.46778956E-09,-2.36301758E-16,-2.05572435E-16,1,0,0,0,1,0.0169855785,-2.762884E-05,0.001626369,0.999854445,0.01698558,-2.76288411E-05,0.001626369,0.999854445,0.01698558,-2.76288411E-05,0.001626369,0.999854445,0.0009135878,0.000208509009,-0.00168224494,0.999998152,0.0328207165,0.003844731,0.0321462154,0.05775907,1710,0.001903242,1,9.5,-2.96887914E-09,-6.20109729E-15,1.816118E-15,1,0,0,0,1,0,0,0,1,-2.96887914E-09,-6.20109729E-15,1.816118E-15,1,-2.96887914E-09,-6.20109729E-15,1.816118E-15,1,0.00278401026,5.45900475E-05,-0.000182592747,0.9999961,0.00556726474,0.00556726474,-0.005568033,0.00836550351,2052,0.00219986751,1,6.83999968,-2.96887825E-09,-2.36928837E-15,1.75362544E-15,1,0,0,0,1,0,0,0,1,-2.96887825E-09,-2.36928837E-15,1.75362544E-15,1,-2.96887825E-09,-2.36928837E-15,1.75362544E-15,1,0.00334473513,-8.270796E-11,2.19111132E-10,0.999994457,0.00665927166,0.00665927166,-0.00668948842,0.008283675,2052,0.00263136672,1,6.83999968,-6.988029E-10,-1.10073509E-15,3.8636455E-16,1,0,0,0,1,0,0,0.000813302,0.999999642,-6.988027E-10,5.67237067E-13,0.000813302,0.999999642,-6.988027E-10,5.67237067E-13,0.000813302,0.999999642,0.0007846442,-2.86090872E-05,0.00154274714,0.999998569,0,0.00338291214,-0.001569336,0.005498512,2052,0.00175843027,1,5.7,-6.988029E-10,-1.100604E-15,-7.35134336E-16,1,0,0,0,1,0,0,0.000813302,0.999999642,-6.988027E-10,5.672372E-13,0.000813302,0.999999642,-6.988027E-10,5.672372E-13,0.000813302,0.999999642,0.00094996806,0.000144198275,0.0009465834,0.999999166,0,0,-0.00189970247,0.008148479,2052,0.00248679612,1,5.7,4.2001122E-10,2.060041E-15,3.64644878E-16,1,0.0301521979,0,0,0.999545336,0,0,0.000406651059,0.99999994,0.0301521961,-1.22614229E-05,0.000406466163,0.9995453,0.0301521961,-1.22614229E-05,0.000406466163,0.9995453,0.0203666631,-9.196936E-05,0.00360206142,0.9997861,0.0205891225,0.041369427,0.0195770469,0.04345386,1482,0.0518596843,1,5.7,-5.074521E-09,-3.65132663E-16,-5.4125903E-16,1,0.0292097349,0,0,0.9995733,0,0,0.000406651059,0.99999994,0.0292097274,-1.18781672E-05,0.000406477542,0.999573231,0.0292097274,-1.18781672E-05,0.000406477542,0.999573231,0.0232466161,3.55397642E-05,0.0003021631,0.999729753,0.0119204819,0.0464981422,0.0119303837,0.0290068239,1482,0.0532770678,1,5.7
HOLD_0.00_FULL,STANDING,36,37,0.37,SETUP,None,0,1.4165808,0.0144665912,0.0208808351,0.978937,0.008418269,0.00190124591,1.12155867,-0.0486847758,0.002852661,0.00755122257,0.000539519358,-0.0485023521,0.00286580017,-0.15471904,0.135280982,-0.179305151,0.179305136,true,8,true,true,0,0,0.00160933367,0.0007929074,0.97663033,0.975994349,0.547963738,0.5472105,0.4286666,0.428783834,0.428783834,false,0.8095523,0.807422042,0,0,0,false,false,0.3061979,0.0463286079,0.0208994448,thorax,true,false,0.00517869,1.46779222E-09,-9.636216E-15,-7.331967E-15,1,0,0,0,1,0.03697794,-5.9273134E-05,0.001601834,0.9993148,0.03697794,-5.92731376E-05,0.001601834,0.9993148,0.026983602,-4.34539434E-05,0.00161418156,0.9996346,0.001880135,0.0006760643,-0.00171865139,0.999996543,0.07053959,0.00525895134,0.0502155237,0.0898741,1710,0.003940086,1,9.5,1.46778956E-09,-2.36301758E-16,-2.05572435E-16,1,0,0,0,1,0.03697794,-5.9273134E-05,0.001601834,0.9993148,0.03697794,-5.92731376E-05,0.001601834,0.9993148,0.026983602,-4.34539434E-05,0.00161418156,0.9996346,0.0011523487,0.000215242544,-0.00176805048,0.9999978,0.07198522,0.00420035468,0.05166961,0.09208657,1710,0.00238584,1,9.5,-2.96887914E-09,-6.20109729E-15,1.816118E-15,1,0,0,0,1,0,0,0,1,-2.96887914E-09,-6.20109729E-15,1.816118E-15,1,-2.96887914E-09,-6.20109729E-15,1.816118E-15,1,0.0026621474,5.569387E-05,-0.000183382028,0.9999965,0.00530409347,0.00530409347,-0.00532430736,0.00588712236,2052,0.00209587719,1,6.83999968,-2.96887825E-09,-2.36928837E-15,1.75362544E-15,1,0,0,0,1,0,0,0,1,-2.96887825E-09,-2.36928837E-15,1.75362544E-15,1,-2.96887825E-09,-2.36928837E-15,1.75362544E-15,1,0.003270278,-1.20824639E-09,8.12959E-10,0.9999947,0.00651448732,0.00651448732,-0.00654057274,0.006531301,2052,0.002574156,1,6.83999968,-6.988029E-10,-1.10073509E-15,3.8636455E-16,1,0,0,0,1,0,0,0.0008014654,0.9999997,-6.988027E-10,5.58965634E-13,0.0008014654,0.9999997,-6.988027E-10,5.58965634E-13,0.0008014654,0.9999997,0.0007496534,-2.2097589E-05,0.00153602764,0.9999985,0,0.00345267029,-0.00149934343,0.00452912832,2052,0.001965985,1,5.7,-6.988029E-10,-1.100604E-15,-7.35134336E-16,1,0,0,0,1,0,0,0.0008014654,0.9999997,-6.988027E-10,5.58965743E-13,0.0008014654,0.9999997,-6.988027E-10,5.58965743E-13,0.0008014654,0.9999997,0.0008695494,0.000148894018,0.000940270664,0.999999166,0,0,-0.0017388612,0.00665439526,2052,0.00215362851,1,5.7,4.2001122E-10,2.060041E-15,3.64644878E-16,1,0.0301521979,0,0,0.999545336,0,0,0.000400732737,0.99999994,0.0301521961,-1.20829727E-05,0.000400550547,0.9995453,0.0301521961,-1.20829727E-05,0.000400550547,0.9995453,0.020564368,-9.389664E-05,0.00359630119,0.9997821,0.0202033687,0.0417538024,0.0191815533,0.0420985445,1482,0.0523714535,1,5.7,-5.074521E-09,-3.65132663E-16,-5.4125903E-16,1,0.0292097349,0,0,0.9995733,0,0,0.000400732737,0.99999994,0.0292097274,-1.1705295E-05,0.000400561752,0.999573231,0.0292097274,-1.1705295E-05,0.000400561752,0.999573231,0.0233284961,3.1035328E-05,0.0003009449,0.9997278,0.0117796445,0.0466670543,0.0117665725,0.0287794247,1482,0.0534647927,1,5.7
HOLD_0.00_FULL,STANDING,37,38,0.38,SETUP,None,0,1.4166522,0.01232399,0.0171430986,0.9789314,0.00164890289,0.0019259426,1.12156868,-0.04867495,0.00245836028,0.00262973853,0.0010091305,-0.0483337343,0.002757178,-0.15471904,0.135280982,-0.179305151,0.179305136,true,8,true,true,0,0,0.000899380655,0.000607811438,0.9766195,0.975973,0.5479449,0.547189653,0.428674579,0.428783357,0.428783357,false,0.199579746,0.199054569,0,0,0,false,false,0.2987215,0.0464981422,0.0205891225,thorax,true,false,0.005171733,1.46779222E-09,-9.636216E-15,-7.331967E-15,1,0,0,0,1,0.01698558,-2.65960389E-05,0.00156557327,0.9998545,0.0169855822,-2.659604E-05,0.00156557327,0.9998545,0.0169855822,-2.659604E-05,0.00156557327,0.9998545,0.00194307754,0.000697187963,-0.00156542833,0.9999967,0.0307581462,0.00512113841,0.0300887451,0.0548846833,1710,0.0040052156,1,9.5,1.46778956E-09,-2.36301758E-16,-2.05572435E-16,1,0,0,0,1,0.01698558,-2.65960389E-05,0.00156557327,0.9998545,0.0169855822,-2.659604E-05,0.00156557327,0.9998545,0.0169855822,-2.659604E-05,0.00156557327,0.9998545,0.00119778223,0.0002336772,-0.00162291713,0.9999979,0.03221951,0.004085255,0.03157789,0.05708969,1710,0.00238584,1,9.5,-2.96887914E-09,-6.20109729E-15,1.816118E-15,1,0,0,0,1,0,0,0,1,-2.96887914E-09,-6.20109729E-15,1.816118E-15,1,-2.96887914E-09,-6.20109729E-15,1.816118E-15,1,0.00265466282,5.70584962E-05,-0.000180476927,0.9999965,0.00530409347,0.00530409347,-0.005309338,0.007985235,2052,0.00209587719,1,6.83999968,-2.96887825E-09,-2.36928837E-15,1.75362544E-15,1,0,0,0,1,0,0,0,1,-2.96887825E-09,-2.36928837E-15,1.75362544E-15,1,-2.96887825E-09,-2.36928837E-15,1.75362544E-15,1,0.00327057159,2.28549783E-11,-1.18269172E-10,0.999994636,0.00655098353,0.00655098353,-0.006541161,0.00809076149,2052,0.00258857734,1,6.83999968,-6.988029E-10,-1.10073509E-15,3.8636455E-16,1,0,0,0,1,0,0,0.0007828998,0.9999997,-6.988027E-10,5.459919E-13,0.0007828998,0.9999997,-6.988027E-10,5.459919E-13,0.0007828998,0.9999997,0.0007241292,-2.29194538E-05,0.00150035019,0.9999986,0,0.003311685,-0.00144829543,0.005109704,2052,0.00152284536,1,5.7,-6.988029E-10,-1.100604E-15,-7.35134336E-16,1,0,0,0,1,0,0,0.0007828998,0.9999997,-6.988027E-10,5.45992071E-13,0.0007828998,0.9999997,-6.988027E-10,5.45992071E-13,0.0007828998,0.9999997,0.000854640559,0.000155265589,0.000912628253,0.9999993,0,0,-0.00170903909,0.00759442151,2052,0.00215362851,1,5.7,4.2001122E-10,2.060041E-15,3.64644878E-16,1,0.0301521979,0,0,0.999545336,0,0,0.000391449925,0.99999994,0.0301521961,-1.18030757E-05,0.000391271955,0.9995453,0.0301521961,-1.18030757E-05,0.000391271955,0.9995453,0.0207228847,-0.0001038571,0.0035561074,0.999779,0.0198821854,0.0420497023,0.018864451,0.0415734835,1482,0.0527685061,1,5.7,-5.074521E-09,-3.65132663E-16,-5.4125903E-16,1,0.0292097349,0,0,0.9995733,0,0,0.000391449925,0.99999994,0.0292097274,-1.14341465E-05,0.0003912829,0.999573231,0.0292097274,-1.14341465E-05,0.0003912829,0.999573231,0.023419654,2.66991119E-05,0.000298446481,0.999725759,0.01155486,0.04684045,0.0115842065,0.0279021841,1482,0.0536752045,1,5.7
HOLD_0.00_FULL,STANDING,38,39,0.39,SETUP,None,0,1.41671252,0.0121926218,0.0155576114,0.9789594,0.005521983,0.00194707979,1.12159157,-0.0486603156,0.002140358,0.004890196,0.00116378383,-0.0482668057,0.00267079775,-0.15471904,0.135280982,-0.179305151,0.179305136,true,8,true,true,0,0,0.00151656941,0.000750128936,0.9766504,0.976020932,0.5479852,0.5472387,0.428665221,0.428782225,0.428782225,false,0.868475854,0.866240263,0.123172224,8.70111E-06,-4.350555E-06,false,false,0.292302459,0.0466670543,0.0202151649,thorax,true,false,0.005179124,1.46779222E-09,-9.636216E-15,-7.331967E-15,1,0,0,0,1,0.036977943,-5.676435E-05,0.00153403508,0.9993149,0.036977943,-5.67643547E-05,0.00153403508,0.9993149,0.0269836038,-4.16830262E-05,0.001549881,0.9996347,0.00215713,0.0007036575,-0.00168263679,0.999996,0.06997275,0.005652266,0.0496615469,0.08932747,1710,0.004492389,1,9.5,1.46778956E-09,-2.36301758E-16,-2.05572435E-16,1,0,0,0,1,0.036977943,-5.676435E-05,0.00153403508,0.9993149,0.036977943,-5.67643547E-05,0.00153403508,0.9993149,0.0269836038,-4.16830262E-05,0.001549881,0.9996347,0.00141120516,0.000238672932,-0.00173371076,0.9999975,0.0714498758,0.00447517261,0.0511519574,0.0915522,1710,0.00287743146,1,9.5,-2.96887914E-09,-6.20109729E-15,1.816118E-15,1,0,0,0,1,0,0,0,1,-2.96887914E-09,-6.20109729E-15,1.816118E-15,1,-2.96887914E-09,-6.20109729E-15,1.816118E-15,1,0.00253760046,5.85006455E-05,-0.000181478536,0.9999968,0.005074369,0.005074369,-0.00507521257,0.00555594126,2052,0.00200510281,1,6.83999968,-2.96887825E-09,-2.36928837E-15,1.75362544E-15,1,0,0,0,1,0,0,0,1,-2.96887825E-09,-2.36928837E-15,1.75362544E-15,1,-2.96887825E-09,-2.36928837E-15,1.75362544E-15,1,0.00320209656,-9.619816E-10,9.470386E-10,0.999994934,0.006366411,0.006366411,-0.00640421,0.00638174033,2052,0.00251564477,1,6.83999968,-6.988029E-10,-1.10073509E-15,3.8636455E-16,1,0,0,0,1,4.350554E-06,-3.33923689E-09,0.0007675427,0.9999997,4.349855E-06,-3.33870154E-09,0.0007675427,0.9999997,4.349855E-06,-3.33870154E-09,0.0007675427,0.9999997,0.000687544059,-1.563969E-05,0.00149883574,0.9999987,0,0.00323889172,-0.00136641215,0.004137792,2052,0.00175843027,1,5.7,-6.988029E-10,-1.100604E-15,-7.35134336E-16,1,0,0,0,1,4.350554E-06,-3.33923689E-09,0.0007675427,0.9999997,4.349855E-06,-3.33870154E-09,0.0007675427,0.9999997,4.349855E-06,-3.33870154E-09,0.0007675427,0.9999997,0.0007704279,0.000161498334,0.0009079973,0.9999993,0,0,-0.001531908,0.006123608,2052,0.00175843027,1,5.7,4.2001122E-10,2.060041E-15,3.64644878E-16,1,0.0301521979,0,0,0.999545336,-2.17527736E-06,8.348093E-10,0.000383771374,0.99999994,0.0301500224,-1.15707162E-05,0.000383596926,0.999545336,0.0301500224,-1.15707162E-05,0.000383596926,0.999545336,0.0209174529,-0.000105287734,0.0035517998,0.999774933,0.0195191167,0.0424335338,0.0184708815,0.0404604524,1482,0.05326429,1,5.7,-5.074521E-09,-3.65132663E-16,-5.4125903E-16,1,0.0292097349,0,0,0.9995733,-2.17527736E-06,8.348093E-10,0.000383771374,0.99999994,0.0292075537,-1.12090238E-05,0.000383607636,0.9995733,0.0292075537,-1.12090238E-05,0.000383607636,0.9995733,0.02349978,2.19497342E-05,0.0002929427,0.9997238,0.0114303865,0.04700814,0.0114195552,0.0278571323,1482,0.0538557321,1,5.7
HOLD_0.00_FULL,STANDING,39,40,0.4,SETUP,None,0,1.41676033,0.009984285,0.0123632522,0.978932858,-0.000383377075,0.00196483848,1.12158048,-0.04864277,0.00177176751,0.0005782932,0.00181464222,-0.0480291881,0.0025639222,-0.15471904,0.135280982,-0.179305151,0.179305136,true,8,true,true,0,0,0.0008319336,0.00055432244,0.9766189,0.9759801,0.5479462,0.547198057,0.428672671,0.428782046,0.428782046,false,0.115173578,0.114875443,0,0,0,false,false,0.287723929,0.04684045,0.0198821854,thorax,true,false,0.005172119,1.46779222E-09,-9.636216E-15,-7.331967E-15,1,0,0,0,1,0.0169855822,-2.5366111E-05,0.00149317377,0.9998546,0.0169855841,-2.53661128E-05,0.00149317377,0.9998546,0.0169864558,-2.53675371E-05,0.00149317877,0.9998546,0.00219349959,0.000725454942,-0.00155252509,0.9999962,0.030234322,0.0055242735,0.0295896325,0.0544525534,1710,0.00454961974,1,9.5,1.46778956E-09,-2.36301758E-16,-2.05572435E-16,1,0,0,0,1,0.0169855822,-2.5366111E-05,0.00149317377,0.9998546,0.0169855841,-2.53661128E-05,0.00149317377,0.9998546,0.0169864558,-2.53675371E-05,0.00149317877,0.9998546,0.00142947829,0.000254627317,-0.0016070893,0.999997735,0.03171983,0.004256738,0.0311162788,0.0566657521,1710,0.00287743146,1,9.5,-2.96887914E-09,-6.20109729E-15,1.816118E-15,1,0,0,0,1,0,0,0,1,-2.96887914E-09,-6.20109729E-15,1.816118E-15,1,-2.96887914E-09,-6.20109729E-15,1.816118E-15,1,0.0025360838,6.003945E-05,-0.0001787974,0.9999968,0.005074369,0.005074369,-0.00507217925,0.00770804938,2052,0.00200510281,1,6.83999968,-2.96887825E-09,-2.36928837E-15,1.75362544E-15,1,0,0,0,1,0,0,0,1,-2.96887825E-09,-2.36928837E-15,1.75362544E-15,1,-2.96887825E-09,-2.36928837E-15,1.75362544E-15,1,0.003210767,-3.498598E-11,1.90270452E-10,0.9999949,0.006403751,0.006403751,-0.00642155064,0.007973891,2052,0.00253039948,1,6.83999968,-6.988029E-10,-1.10073509E-15,3.8636455E-16,1,0,0,0,1,0,0,0.0007466948,0.9999997,-6.988027E-10,5.206918E-13,0.0007466948,0.9999997,-6.988027E-10,5.206918E-13,0.0007466948,0.9999997,0.000661046535,-1.5437312E-05,0.00146908616,0.999998748,0,0.00316442479,-0.00132211728,0.00475300476,2052,0.00152284536,1,5.7,-6.988029E-10,-1.100604E-15,-7.35134336E-16,1,0,0,0,1,0,0,0.0007466948,0.9999997,-6.988027E-10,5.206919E-13,0.0007466948,0.9999997,-6.988027E-10,5.206919E-13,0.0007466948,0.9999997,0.000752560038,0.000169306266,0.0008831503,0.999999344,0,0,-0.00150486839,0.00709669059,2052,0.001965985,1,5.7,4.2001122E-10,2.060041E-15,3.64644878E-16,1,0.0301521979,0,0,0.999545336,0,0,0.00037334743,0.99999994,0.0301521961,-1.12572452E-05,0.0003731777,0.9995453,0.0301521961,-1.12572452E-05,0.0003731777,0.9995453,0.0210646521,-0.000114794828,0.00351528777,0.999772,0.01921132,0.04270798,0.0181807671,0.04021326,1482,0.05364753,1,5.7,-5.074521E-09,-3.65132663E-16,-5.4125903E-16,1,0.0292097349,0,0,0.9995733,0,0,0.00037334743,0.99999994,0.0292097274,-1.09053772E-05,0.000373188115,0.999573231,0.0292097274,-1.09053772E-05,0.000373188115,0.999573231,0.0235834662,1.72177042E-05,0.0002860579,0.9997219,0.0112410933,0.0471701734,0.0112564825,0.0271608066,1482,0.05405304,1,5.7
HOLD_0.00_FULL,STANDING,40,41,0.41000000000000003,SETUP,None,0,1.41680014,0.01015269,0.0117021659,0.978949666,0.00441242754,0.0019793862,1.12159061,-0.0486181229,0.001485817,0.00363903982,0.00220002444,-0.04787423,0.00248178421,-0.15471904,0.135280982,-0.179305151,0.179305136,true,8,true,true,0,0,0.00144790777,0.000712272944,0.9766386,0.976017356,0.5479754,0.547236264,0.4286632,0.4287811,0.4287811,false,0.9792476,0.9767842,0.8616508,0.000336032419,-0.000168016209,false,false,0.283706,0.04700814,0.0195313282,thorax,true,false,0.00518218474,1.46779222E-09,-9.636216E-15,-7.331967E-15,1,0,0,0,1,0.0369779468,-5.40062465E-05,0.00145949831,0.999315,0.0369779468,-5.400625E-05,0.00145949831,0.999315,0.0269840434,-3.96895848E-05,0.00147641147,0.9996348,0.00237730029,0.000731777342,-0.001683232,0.99999547,0.06952144,0.006019938,0.0492220633,0.08902893,1710,0.00487892376,1,9.5,1.46778956E-09,-2.36301758E-16,-2.05572435E-16,1,0,0,0,1,0.0369779468,-5.40062465E-05,0.00145949831,0.999315,0.0369779468,-5.400625E-05,0.00145949831,0.999315,0.0269840434,-3.96895848E-05,0.00147641147,0.9996348,0.00161205989,0.00025746756,-0.00172834587,0.999997258,0.07103145,0.00468343031,0.05075115,0.09126567,1710,0.00337408786,1,9.5,-2.96887914E-09,-6.20109729E-15,1.816118E-15,1,0,0,0,1,0,0,0,1,-2.96887914E-09,-6.20109729E-15,1.816118E-15,1,-2.96887914E-09,-6.20109729E-15,1.816118E-15,1,0.00241879746,6.159673E-05,-0.000179873692,0.999997139,0.00478416076,0.00478416076,-0.004837605,0.005174868,2052,0.00189042918,1,6.83999968,-2.96887825E-09,-2.36928837E-15,1.75362544E-15,1,0,0,0,1,0,0,0,1,-2.96887825E-09,-2.36928837E-15,1.75362544E-15,1,-2.96887825E-09,-2.36928837E-15,1.75362544E-15,1,0.00314781675,-7.943023E-10,7.251376E-10,0.999995053,0.0062910663,0.0062910663,-0.00629565027,0.00619686441,2052,0.00248587271,1,6.83999968,-6.988029E-10,-1.10073509E-15,3.8636455E-16,1,0,0,0,1,0.000168016166,-1.22693621E-07,0.00073024875,0.999999762,0.000168015467,-1.22693109E-07,0.00073024875,0.999999762,0.000168015467,-1.22693109E-07,0.00073024875,0.999999762,0.0006485347,-6.74102648E-06,0.00147291867,0.999998748,0,0.00316442479,-0.0009610481,0.003711147,2052,0.00152284536,1,5.7,-6.988029E-10,-1.100604E-15,-7.35134336E-16,1,0,0,0,1,0.000168016166,-1.22693621E-07,0.00073024875,0.999999762,0.000168015467,-1.22693109E-07,0.00073024875,0.999999762,0.000168015467,-1.22693109E-07,0.00073024875,0.999999762,0.000687190739,0.000176930786,0.0008818177,0.9999994,0,0,-0.00103809184,0.005534408,2052,0.00175843027,1,5.7,4.2001122E-10,2.060041E-15,3.64644878E-16,1,0.0301521979,0,0,0.999545336,-8.40081E-05,3.067341E-08,0.0003651244,0.99999994,0.0300682262,-1.09786442E-05,0.000364959327,0.9995478,0.0300682262,-1.09786442E-05,0.000364959327,0.9995478,0.02124812,-0.000115637413,0.00351505354,0.999768,0.0187465083,0.04308041,0.01764573,0.0387337655,1482,0.05411383,1,5.7,-5.074521E-09,-3.65132663E-16,-5.4125903E-16,1,0.0292097349,0,0,0.9995733,-8.40081E-05,3.067341E-08,0.0003651244,0.99999994,0.0291257557,-1.06345251E-05,0.000364969485,0.9995757,0.0291257557,-1.06345251E-05,0.000364969485,0.9995757,0.02364738,1.182205E-05,0.000276472856,0.9997204,0.0109401289,0.04729638,0.0109606022,0.02695349,1482,0.0541976579,1,5.7
HOLD_0.00_FULL,STANDING,41,42,0.42,SETUP,None,0,1.41683364,0.00856477,0.009469938,0.9789209,-0.000633522868,0.00199088012,1.12157476,-0.04858843,0.00114762934,9.257317E-05,0.00301959016,-0.0475674234,0.00237892428,-0.15471904,0.135280982,-0.179305151,0.179305136,true,8,true,true,0,0,0.000839166867,0.000528011064,0.9766046,0.975973964,0.5479338,0.54719305,0.428670764,0.4287809,0.4287809,false,0.0233997311,0.02334052,0,0,0,false,false,0.281326771,0.0471701734,0.0190618113,thorax,true,false,0.00517999846,1.46779222E-09,-9.636216E-15,-7.331967E-15,1,0,0,0,1,0.0169855841,-2.409139E-05,0.00141813746,0.999854743,0.0169855859,-2.40913923E-05,0.00141813746,0.999854743,0.0169855859,-2.40913923E-05,0.00141813746,0.999854743,0.0023924103,0.0007505408,-0.001560155,0.999995649,0.0298294257,0.005899927,0.0291900337,0.0541587919,1710,0.00493167061,1,9.5,1.46778956E-09,-2.36301758E-16,-2.05572435E-16,1,0,0,0,1,0.0169855841,-2.409139E-05,0.00141813746,0.999854743,0.0169855859,-2.40913923E-05,0.00141813746,0.999854743,0.0169855859,-2.40913923E-05,0.00141813746,0.999854743,0.00160642853,0.000269890821,-0.00160699361,0.999997437,0.031349346,0.00452813553,0.03076064,0.0563838743,1710,0.00329651241,1,9.5,-2.96887914E-09,-6.20109729E-15,1.816118E-15,1,0,0,0,1,0,0,0,1,-2.96887914E-09,-6.20109729E-15,1.816118E-15,1,-2.96887914E-09,-6.20109729E-15,1.816118E-15,1,0.00242514,6.277353E-05,-0.000177425842,0.999997139,0.00478416076,0.00478416076,-0.00485029025,0.007547482,2052,0.00189042918,1,6.83999968,-2.96887825E-09,-2.36928837E-15,1.75362544E-15,1,0,0,0,1,0,0,0,1,-2.96887825E-09,-2.36928837E-15,1.75362544E-15,1,-2.96887825E-09,-2.36928837E-15,1.75362544E-15,1,0.00316512818,-6.29484E-11,-7.341914E-11,0.999995053,0.0062910663,0.0062910663,-0.006330273,0.007892789,2052,0.00248587271,1,6.83999968,-6.988029E-10,-1.10073509E-15,3.8636455E-16,1,0,0,0,1,0,0,0.0007091712,0.999999762,-6.98802738E-10,4.94470133E-13,0.0007091712,0.999999762,-6.98802738E-10,4.94470133E-13,0.0007091712,0.999999762,0.0006218524,-5.697039E-06,0.0014474747,0.999998748,0,0.00316442479,-0.00124371436,0.004524728,2052,0.00152284536,1,5.7,-6.988029E-10,-1.100604E-15,-7.35134336E-16,1,0,0,0,1,0,0,0.0007091712,0.999999762,-6.98802738E-10,4.944703E-13,0.0007091712,0.999999762,-6.98802738E-10,4.944703E-13,0.0007091712,0.999999762,0.0006708305,0.0001853248,0.000860172033,0.9999994,0,0,-0.00134139927,0.006788388,2052,0.00175843027,1,5.7,4.2001122E-10,2.060041E-15,3.64644878E-16,1,0.0301521979,0,0,0.999545336,0,0,0.000354585616,0.99999994,0.0301521961,-1.06915359E-05,0.0003544244,0.9995453,0.0301521961,-1.06915359E-05,0.0003544244,0.9995453,0.0213703252,-0.000124757222,0.00348199229,0.9997656,0.0186444856,0.0433067456,0.01756928,0.0394242331,1482,0.05442012,1,5.7,-5.074521E-09,-3.65132663E-16,-5.4125903E-16,1,0.0292097349,0,0,0.9995733,0,0,0.000354585616,0.99999994,0.0292097274,-1.035735E-05,0.0003544343,0.999573231,0.0292097274,-1.035735E-05,0.0003544343,0.999573231,0.0237176642,6.737716E-06,0.000266034534,0.9997187,0.0109619,0.04743733,0.0109880026,0.0267172363,1482,0.0543591753,1,5.7
HOLD_0.00_FULL,STANDING,42,43,0.43,SETUP,None,0,1.41686356,0.009142503,0.009683746,0.978940964,0.00468713045,0.001999475,1.1215862,-0.0485498831,0.000892084034,0.00371761527,0.003600262,-0.0473325327,0.00230111415,-0.15471904,0.135280982,-0.179305151,0.179305136,true,8,true,true,0,0,0.00142981368,0.000695941155,0.9766277,0.9760144,0.547966063,0.547234058,0.428661644,0.428780317,0.428780317,false,1.132452,1.12963676,1,0.0009213481,-0.000460674055,true,false,0.279095232,0.04729638,0.0189111214,thorax,true,false,0.00519243348,1.46779222E-09,-9.636216E-15,-7.331967E-15,1,0,0,0,1,0.0369779542,-5.1255578E-05,0.00138516258,0.999315143,0.0369779542,-5.125558E-05,0.00138516258,0.999315143,0.0269836113,-3.76760436E-05,0.00140171929,0.9996349,0.00254714675,0.0007549171,-0.00169117621,0.9999951,0.06916724,0.00625305343,0.0488814563,0.08891065,1710,0.00528618041,1,9.5,1.46778956E-09,-2.36301758E-16,-2.05572435E-16,1,0,0,0,1,0.0369779542,-5.1255578E-05,0.00138516258,0.999315143,0.0369779542,-5.125558E-05,0.00138516258,0.999315143,0.0269836113,-3.76760436E-05,0.00140171929,0.9996349,0.00175984763,0.00027096612,-0.00172828068,0.9999969,0.07073203,0.00497951265,0.05045471,0.09116089,1710,0.00366802025,1,9.5,-2.96887914E-09,-6.20109729E-15,1.816118E-15,1,0,0,0,1,0,0,0,1,-2.96887914E-09,-6.20109729E-15,1.816118E-15,1,-2.96887914E-09,-6.20109729E-15,1.816118E-15,1,0.00230535166,6.423867E-05,-0.000178419723,0.9999973,0.004632244,0.004632244,-0.00461071357,0.004794915,2052,0.00183040032,1,6.83999968,-2.96887825E-09,-2.36928837E-15,1.75362544E-15,1,0,0,0,1,0,0,0,1,-2.96887825E-09,-2.36928837E-15,1.75362544E-15,1,-2.96887825E-09,-2.36928837E-15,1.75362544E-15,1,0.00310378033,-6.00277772E-10,5.60358648E-10,0.9999952,0.006214808,0.006214808,-0.006207577,0.00598111562,2052,0.00245574,1,6.83999968,-6.988029E-10,-1.10073509E-15,3.8636455E-16,1,0,0,0,1,0.000460673968,-3.192727E-07,0.0006930554,0.999999642,0.000460673269,-3.192722E-07,0.0006930554,0.999999642,0.000460673269,-3.192722E-07,0.0006930554,0.999999642,0.000651796057,3.87988075E-06,0.001453906,0.9999988,0,0.003088162,-0.0003822399,0.0033370466,2052,0.00175843027,1,5.7,-6.988029E-10,-1.100604E-15,-7.35134336E-16,1,0,0,0,1,0.000460673968,-3.192727E-07,0.0006930554,0.999999642,0.000460673269,-3.192722E-07,0.0006930554,0.999999642,0.000460673269,-3.192722E-07,0.0006930554,0.999999642,0.000643883133,0.000193284082,0.000861403241,0.9999994,0,0,-0.000366151362,0.0050115413,2052,0.00124339806,1,5.7,4.2001122E-10,2.060041E-15,3.64644878E-16,1,0.0301521979,0,0,0.999545336,-0.000230337042,7.98181858E-08,0.000346527755,0.99999994,0.0299219638,-1.03687917E-05,0.0003463726,0.99955225,0.0299219638,-1.03687917E-05,0.0003463726,0.99955225,0.0215384532,-0.000124965227,0.00348378369,0.999762,0.0178740881,0.043635834,0.0167722739,0.0370092653,1482,0.0548446327,1,5.7,-5.074521E-09,-3.65132663E-16,-5.4125903E-16,1,0.0292097349,0,0,0.9995733,-0.000230337042,7.98181858E-08,0.000346527755,0.99999994,0.02897949,-1.00421976E-05,0.0003463822,0.999579966,0.02897949,-1.00421976E-05,0.0003463822,0.999579966,0.0237595178,9.3323996E-07,0.000253563427,0.999717653,0.010449687,0.0475277156,0.0104435915,0.0260313321,1482,0.054451257,1,5.7
HOLD_0.00_FULL,STANDING,43,44,0.44,SETUP,None,0,1.416915,0.01078584,0.01102844,0.9789692,0.00581508875,0.00200537476,1.12161446,-0.0485082157,0.0006193847,0.005168489,0.00389249949,-0.0471920334,0.002214809,-0.15471904,0.135280982,-0.179305151,0.179305136,true,8,true,true,0,0,0.00144918915,0.000697631564,0.9766546,0.976038456,0.5479912,0.547258854,0.428663373,0.4287796,0.4287796,false,0.19301492,0.192535117,0,0,0,false,false,0.27782616,0.04743733,0.0182045083,thorax,true,false,0.005212987,1.46779222E-09,-9.636216E-15,-7.331967E-15,1,0,0,0,1,0.0252001565,-3.38837235E-05,0.00134415564,0.999681532,0.0252001584,-3.38837272E-05,0.00134415564,0.999681532,0.0252001584,-3.38837272E-05,0.00134415564,0.999681532,0.0026794204,0.0007497009,-0.00168501143,0.999994755,0.045476716,0.00647778576,0.0450487025,0.08225714,1710,0.005572124,1,9.5,1.46778956E-09,-2.36301758E-16,-2.05572435E-16,1,0,0,0,1,0.0252001565,-3.38837235E-05,0.00134415564,0.999681532,0.0252001584,-3.38837272E-05,0.00134415564,0.999681532,0.0252001584,-3.38837272E-05,0.00134415564,0.999681532,0.00187203265,0.000259214721,-0.00171864172,0.999996841,0.04705377,0.00502716471,0.0466621667,0.08450418,1710,0.00387386116,1,9.5,-2.96887914E-09,-6.20109729E-15,1.816118E-15,1,0,0,0,1,0,0,0,1,-2.96887914E-09,-6.20109729E-15,1.816118E-15,1,-2.96887914E-09,-6.20109729E-15,1.816118E-15,1,0.00224097446,6.348265E-05,-0.0001785819,0.999997556,0.00442157546,0.00442157546,-0.004481958,0.005689256,2052,0.001747156,1,6.83999968,-2.96887825E-09,-2.36928837E-15,1.75362544E-15,1,0,0,0,1,0,0,0,1,-2.96887825E-09,-2.36928837E-15,1.75362544E-15,1,-2.96887825E-09,-2.36928837E-15,1.75362544E-15,1,0.003067199,-1.49775484E-10,2.87172147E-10,0.999995351,0.006098633,0.006098633,-0.006134413,0.00643477077,2052,0.00240983418,1,6.83999968,-6.988029E-10,-1.10073509E-15,3.8636455E-16,1,0,0,0,1,0,0,0.00067229144,0.999999762,-6.98802738E-10,4.686985E-13,0.00067229144,0.999999762,-6.98802738E-10,4.686985E-13,0.00067229144,0.999999762,0.000598333951,7.10730956E-06,0.00144713593,0.999998748,0,0.00316442479,-0.00119665964,0.003760741,2052,0.00152284536,1,5.7,-6.988029E-10,-1.100604E-15,-7.35134336E-16,1,0,0,0,1,0,0,0.00067229144,0.999999762,-6.98802738E-10,4.686986E-13,0.00067229144,0.999999762,-6.98802738E-10,4.686986E-13,0.00067229144,0.999999762,0.0005833742,0.000196167661,0.0008505237,0.9999995,0,0,-0.00116648572,0.00573133957,2052,0.00124339806,1,5.7,4.2001122E-10,2.060041E-15,3.64644878E-16,1,0.0301521979,0,0,0.999545336,0,0,0.000336145749,0.99999994,0.0301521961,-1.01355336E-05,0.000335992925,0.9995453,0.0301521961,-1.01355336E-05,0.000335992925,0.9995453,0.0216613077,-0.000130286688,0.003473637,0.9997593,0.018112598,0.0438810438,0.0169871785,0.0385496,1482,0.0551608838,1,5.7,-5.074521E-09,-3.65132663E-16,-5.4125903E-16,1,0.0292097349,0,0,0.9995733,0,0,0.000336145749,0.99999994,0.0292097274,-9.81872654E-06,0.000336002326,0.999573231,0.0292097274,-9.81872654E-06,0.000336002326,0.999573231,0.0238095261,-5.444511E-06,0.00023897033,0.9997165,0.01080858,0.04762294,0.0108042182,0.0267028958,1482,0.05457187,1,5.7
HOLD_0.00_FULL,STANDING,44,45,0.45,SETUP,None,0,1.41700554,0.015252009,0.0153817162,0.9790661,0.0134394616,0.00200873148,1.12169886,-0.04846915,0.0004033426,0.0115398858,0.00332126557,-0.0473460779,0.00214512,-0.15471904,0.135280982,-0.179305151,0.179305136,true,8,true,true,0,0,0.00212643947,0.0013734583,0.9767554,0.9761484,0.5480989,0.547369957,0.428656459,0.42877847,0.42877847,false,0.4058685,0.404871821,0,0,0,false,false,0.276800662,0.0475277156,0.018335009,thorax,true,false,0.005249976,1.46779222E-09,-9.636216E-15,-7.331967E-15,1,0,0,0,1,0.0451874137,-5.93386831E-05,0.00131182594,0.9989777,0.0451874137,-5.93386867E-05,0.00131182594,0.9989777,0.03519753,-4.66160673E-05,0.001328054,0.9993796,0.00295343157,0.000729738036,-0.00181270228,0.999993742,0.08473967,0.00707587134,0.06450448,0.116626412,1710,0.0061461986,1,9.5,1.46778956E-09,-2.36301758E-16,-2.05572435E-16,1,0,0,0,1,0.0451874137,-5.93386831E-05,0.00131182594,0.9989777,0.0451874137,-5.93386867E-05,0.00131182594,0.9989777,0.03519753,-4.66160673E-05,0.001328054,0.9993796,0.00213761022,0.000236698252,-0.00183801609,0.999996,0.08635936,0.005652266,0.06613482,0.118893065,1710,0.00437568361,1,9.5,-2.96887914E-09,-6.20109729E-15,1.816118E-15,1,0,0,0,1,0,0,0,1,-2.96887914E-09,-6.20109729E-15,1.816118E-15,1,-2.96887914E-09,-6.20109729E-15,1.816118E-15,1,0.002092709,6.2134E-05,-0.000181006049,0.999997854,0.00414320454,0.00414320454,-0.004185427,0.00342478,2052,0.0016371595,1,6.83999968,-2.96887825E-09,-2.36928837E-15,1.75362544E-15,1,0,0,0,1,0,0,0,1,-2.96887825E-09,-2.36928837E-15,1.75362544E-15,1,-2.96887825E-09,-2.36928837E-15,1.75362544E-15,1,0.00296111172,-1.42631773E-09,1.98465244E-09,0.9999956,0.0059402,0.0059402,-0.005922239,0.004699332,2052,0.00234723021,1,6.83999968,-6.988029E-10,-1.10073509E-15,3.8636455E-16,1,0,0,0,1,0,0,0.000656583754,0.999999762,-6.98802738E-10,4.577219E-13,0.000656583754,0.999999762,-6.98802738E-10,4.577219E-13,0.000656583754,0.999999762,0.000522606657,1.08861941E-05,0.00145827467,0.9999988,0,0.003088162,-0.00104520039,0.00294950814,2052,0.00124339806,1,5.7,-6.988029E-10,-1.100604E-15,-7.35134336E-16,1,0,0,0,1,0,0,0.000656583754,0.999999762,-6.98802738E-10,4.57722E-13,0.000656583754,0.999999762,-6.98802738E-10,4.57722E-13,0.000656583754,0.999999762,0.0004744108,0.000191589235,0.0008520474,0.9999995,0,0,-0.0009485713,0.00459218258,2052,0.00124339806,1,5.7,4.2001122E-10,2.060041E-15,3.64644878E-16,1,0.0301521979,0,0,0.999545336,0,0,0.0003282919,0.99999994,0.0301521961,-9.898723E-06,0.000328142632,0.9995453,0.0301521961,-9.898723E-06,0.000328142632,0.9995453,0.0218191836,-0.000129786975,0.00348704914,0.9997559,0.0178072676,0.0441896766,0.01667135,0.03729547,1482,0.05555887,1,5.7,-5.074521E-09,-3.65132663E-16,-5.4125903E-16,1,0.0292097349,0,0,0.9995733,0,0,0.0003282919,0.99999994,0.0292097274,-9.589317E-06,0.000328151829,0.999573231,0.0292097274,-9.589317E-06,0.000328151829,0.999573231,0.0238560978,-1.09240809E-05,0.000223324285,0.999715447,0.0106977187,0.04771298,0.0107110459,0.0265755747,1482,0.05467505,1,5.7
HOLD_0.00_FULL,STANDING,45,46,0.46,SETUP,None,0,1.41711628,0.01621604,0.01629151,0.979122639,0.008841194,0.002009624,1.12176764,-0.0484384932,0.000120127152,0.008994558,0.002922359,-0.04745028,0.00205024565,-0.15471904,0.135280982,-0.179305151,0.179305136,true,8,true,true,0,0,0.0014021321,0.0005363854,0.9768064,0.976183534,0.548139632,0.547405243,0.42866677,0.4287783,0.4287783,false,0.5759909,0.5746029,0,0,0,false,false,0.2771228,0.04762294,0.018112598,thorax,true,false,0.005257086,1.46779222E-09,-9.636216E-15,-7.331967E-15,1,0,0,0,1,0.0252001546,-3.219859E-05,0.001277307,0.9996816,0.0252001565,-3.21985935E-05,0.001277307,0.9996816,0.0252001565,-3.21985935E-05,0.001277307,0.9996816,0.003028267,0.0007375551,-0.00164511288,0.9999938,0.0447579771,0.007042096,0.0443508737,0.08145568,1710,0.006271219,1,9.5,1.46778956E-09,-2.36301758E-16,-2.05572435E-16,1,0,0,0,1,0.0252001546,-3.219859E-05,0.001277307,0.9996816,0.0252001565,-3.21985935E-05,0.001277307,0.9996816,0.0252001565,-3.21985935E-05,0.001277307,0.9996816,0.00219366327,0.000245929841,-0.00167838729,0.9999962,0.0464006066,0.0055242735,0.0460188352,0.08368708,1710,0.00454961974,1,9.5,-2.96887914E-09,-6.20109729E-15,1.816118E-15,1,0,0,0,1,0,0,0,1,-2.96887914E-09,-6.20109729E-15,1.816118E-15,1,-2.96887914E-09,-6.20109729E-15,1.816118E-15,1,0.00207881443,6.192529E-05,-0.000178030372,0.999997854,0.00414320454,0.00414320454,-0.00415763771,0.00554050365,2052,0.0016371595,1,6.83999968,-2.96887825E-09,-2.36928837E-15,1.75362544E-15,1,0,0,0,1,0,0,0,1,-2.96887825E-09,-2.36928837E-15,1.75362544E-15,1,-2.96887825E-09,-2.36928837E-15,1.75362544E-15,1,0.00293242,5.66208469E-11,4.972444E-10,0.999995768,0.005818545,0.005818545,-0.005864854,0.00624875631,2052,0.002299159,1,6.83999968,-6.988029E-10,-1.10073509E-15,3.8636455E-16,1,0,0,0,1,0,0,0.000638856553,0.9999998,-6.988028E-10,4.453341E-13,0.000638856553,0.9999998,-6.988028E-10,4.453341E-13,0.000638856553,0.9999998,0.0004682139,3.74613114E-06,0.001429498,0.999998868,0,0.0030099682,-0.00093642436,0.00375935179,2052,0.000879215135,1,5.7,-6.988029E-10,-1.100604E-15,-7.35134336E-16,1,0,0,0,1,0,0,0.000638856553,0.9999998,-6.988028E-10,4.453342E-13,0.000638856553,0.9999998,-6.988028E-10,4.453342E-13,0.000638856553,0.9999998,0.0004541601,0.000186243764,0.000830491,0.9999996,0,0,-0.000908083457,0.005660804,2052,0.000879215135,1,5.7,4.2001122E-10,2.060041E-15,3.64644878E-16,1,0.0301521979,0,0,0.999545336,0,0,0.0003194283,0.99999994,0.0301521961,-9.631465E-06,0.000319283077,0.9995453,0.0301521961,-9.631465E-06,0.000319283077,0.9995453,0.0219290163,-0.000137230643,0.00345559255,0.999753535,0.017605288,0.0444049835,0.01645163,0.03683697,1482,0.0558364764,1,5.7,-5.074521E-09,-3.65132663E-16,-5.4125903E-16,1,0.0292097349,0,0,0.9995733,0,0,0.0003194283,0.99999994,0.0292097274,-9.330414E-06,0.000319292,0.999573231,0.0292097274,-9.330414E-06,0.000319292,0.999573231,0.0239207372,-1.35857181E-05,0.000210472121,0.999713838,0.0105856974,0.04784772,0.0105817253,0.0256681666,1482,0.05481803,1,5.7
HOLD_0.00_FULL,STANDING,46,47,0.47000000000000003,SETUP,None,0,1.41722834,0.0171685442,0.0172130167,0.9792045,0.0116861984,0.00200802763,1.12184668,-0.0484137051,-0.000106752384,0.0108039053,0.00212010415,-0.0476967543,0.00197192747,-0.15471904,0.135280982,-0.179305151,0.179305136,true,8,true,true,0,0,0.00186087214,0.00089875533,0.976888537,0.9762778,0.548227549,0.5475005,0.428661,0.428777337,0.428777337,false,0.2563893,0.2557875,0,0,0,false,false,0.2770437,0.04771298,0.0178206526,thorax,true,false,0.00526036741,1.46779222E-09,-9.636216E-15,-7.331967E-15,1,0,0,0,1,0.0334763,-4.18080272E-05,0.00124818331,0.999438763,0.0334763,-4.180803E-05,0.00124818331,0.999438763,0.0334763,-4.180803E-05,0.00124818331,0.999438763,0.003215805,0.000741349533,-0.00170448329,0.999993145,0.060836,0.007405156,0.060535185,0.110072069,1710,0.006709726,1,9.5,1.46778956E-09,-2.36301758E-16,-2.05572435E-16,1,0,0,0,1,0.0334763,-4.18080272E-05,0.00124818331,0.999438763,0.0334763,-4.180803E-05,0.00124818331,0.999438763,0.0334763,-4.180803E-05,0.00124818331,0.999438763,0.002384182,0.000257003325,-0.001737193,0.9999956,0.0624834634,0.0059402,0.06219723,0.112290114,1710,0.00498385867,1,9.5,-2.96887914E-09,-6.20109729E-15,1.816118E-15,1,0,0,0,1,0,0,0,1,-2.96887914E-09,-6.20109729E-15,1.816118E-15,1,-2.96887914E-09,-6.20109729E-15,1.816118E-15,1,0.00198074384,6.257835E-05,-0.000177418435,0.999998033,0.00396681624,0.00396681624,-0.00396149652,0.00344383181,2052,0.00156746083,1,6.83999968,-2.96887825E-09,-2.36928837E-15,1.75362544E-15,1,0,0,0,1,0,0,0,1,-2.96887825E-09,-2.36928837E-15,1.75362544E-15,1,-2.96887825E-09,-2.36928837E-15,1.75362544E-15,1,0.00284572225,-1.9222883E-10,2.18912444E-09,0.999996,0.005652266,0.005652266,-0.005691458,0.004769138,2052,0.00223345519,1,6.83999968,-6.988029E-10,-1.10073509E-15,3.8636455E-16,1,0,0,0,1,0,0,0.0006244418,0.9999998,-6.988028E-10,4.35260985E-13,0.0006244418,0.9999998,-6.988028E-10,4.35260985E-13,0.0006244418,0.9999998,0.000416558178,2.542534E-06,0.00142303144,0.9999989,0,0.00292968773,-0.000833114551,0.003069171,2052,0,1,5.7,-6.988029E-10,-1.100604E-15,-7.35134336E-16,1,0,0,0,1,0,0,0.0006244418,0.9999998,-6.988028E-10,4.35261121E-13,0.0006244418,0.9999998,-6.988028E-10,4.35261121E-13,0.0006244418,0.9999998,0.000387933629,0.0001818089,0.0008279259,0.999999642,0,0,-0.000775641471,0.00460958946,2052,0,1,5.7,4.2001122E-10,2.060041E-15,3.64644878E-16,1,0.0301521979,0,0,0.999545336,0,0,0.000312220916,0.99999994,0.0301521961,-9.414147E-06,0.000312078948,0.9995453,0.0301521961,-9.414147E-06,0.000312078948,0.9995453,0.0220694114,-0.000137753159,0.00344446837,0.999750555,0.01733232,0.0446726643,0.01617078,0.0357969,1482,0.0561953,1,5.7,-5.074521E-09,-3.65132663E-16,-5.4125903E-16,1,0.0292097349,0,0,0.9995733,0,0,0.000312220916,0.99999994,0.0292097274,-9.119888E-06,0.000312087679,0.999573231,0.0292097274,-9.119888E-06,0.000312087679,0.999573231,0.023984829,-1.53911224E-05,0.000197937188,0.999712348,0.010449687,0.0479721427,0.0104535064,0.0255143177,1482,0.05497203,1,5.7
HOLD_0.00_FULL,STANDING,47,48,0.48,SETUP,None,0,1.41732192,0.0144055188,0.0144404387,0.9792155,0.00415790826,0.00200397661,1.12187636,-0.0483964421,-0.000390416477,0.005067955,0.00176899275,-0.0477982163,0.0018719486,-0.15471904,0.135280982,-0.179305151,0.179305136,true,8,true,true,0,0,0.00110391446,0.000523290539,0.9768914,0.9762727,0.548221469,0.547495365,0.42866993,0.428777337,0.428777337,false,0.641372144,0.6398975,0,0,0,false,false,0.277831674,0.04784772,0.0176188257,thorax,true,false,0.00523688551,1.46779222E-09,-9.636216E-15,-7.331967E-15,1,0,0,0,1,0.0134821646,-1.62996312E-05,0.0012088666,0.9999084,0.0134821665,-1.6299633E-05,0.0012088666,0.9999084,0.0234799124,-2.90546541E-05,0.00122858537,0.999723554,0.00322170835,0.0007649674,-0.00154505717,0.9999933,0.02130618,0.007307929,0.0405224971,0.07512276,1710,0.00667105336,1,9.5,1.46778956E-09,-2.36301758E-16,-2.05572435E-16,1,0,0,0,1,0.0134821646,-1.62996312E-05,0.0012088666,0.9999084,0.0134821665,-1.6299633E-05,0.0012088666,0.9999084,0.0234799124,-2.90546541E-05,0.00122858537,0.999723554,0.002382783,0.000284118316,-0.00158668915,0.9999959,0.0228921324,0.005736008,0.0421991758,0.07728156,1710,0.00493167061,1,9.5,-2.96887914E-09,-6.20109729E-15,1.816118E-15,1,0,0,0,1,0,0,0,1,-2.96887914E-09,-6.20109729E-15,1.816118E-15,1,-2.96887914E-09,-6.20109729E-15,1.816118E-15,1,0.00199789461,6.396761E-05,-0.000173024833,0.999998033,0.00396681624,0.00396681624,-0.0039957976,0.00554160774,2052,0.00156746083,1,6.83999968,-2.96887825E-09,-2.36928837E-15,1.75362544E-15,1,0,0,0,1,0,0,0,1,-2.96887825E-09,-2.36928837E-15,1.75362544E-15,1,-2.96887825E-09,-2.36928837E-15,1.75362544E-15,1,0.00283494056,1.57578256E-10,1.62141828E-10,0.999996066,0.0056099263,0.0056099263,-0.005669894,0.00632960023,2052,0.002216725,1,6.83999968,-6.988029E-10,-1.10073509E-15,3.8636455E-16,1,0,0,0,1,0,0,0.000604488363,0.9999998,-6.988028E-10,4.213175E-13,0.000604488363,0.9999998,-6.988028E-10,4.213175E-13,0.000604488363,0.9999998,0.000384669576,-4.8856823E-06,0.00138684723,0.999999046,0,0,-0.0007693464,0.00372021226,2052,0,1,5.7,-6.988029E-10,-1.100604E-15,-7.35134336E-16,1,0,0,0,1,0,0,0.000604488363,0.9999998,-6.988028E-10,4.2131763E-13,0.000604488363,0.9999998,-6.988028E-10,4.2131763E-13,0.000604488363,0.9999998,0.000391443144,0.000181381387,0.0008054263,0.999999642,0,0,-0.000782668241,0.00553516764,2052,0,1,5.7,4.2001122E-10,2.060041E-15,3.64644878E-16,1,0.0301521979,0,0,0.999545336,0,0,0.0003022442,0.99999994,0.0301521961,-9.113327E-06,0.000302106782,0.9995453,0.0301521961,-9.113327E-06,0.000302106782,0.9995453,0.0221679229,-0.000146734455,0.003395735,0.999748468,0.0171386544,0.04485908,0.0159737077,0.0355254561,1482,0.0564492345,1,5.7,-5.074521E-09,-3.65132663E-16,-5.4125903E-16,1,0.0292097349,0,0,0.9995733,0,0,0.0003022442,0.99999994,0.0292097274,-8.828471E-06,0.000302115252,0.999573231,0.0292097274,-8.828471E-06,0.000302115252,0.999573231,0.0240589771,-1.70793355E-05,0.000185869823,0.9997105,0.0103349779,0.04812598,0.0103051607,0.0247740112,1482,0.0551369525,1,5.7
HOLD_0.00_FULL,STANDING,48,49,0.49,SETUP,None,0,1.4173938,0.0132319629,0.0132522406,0.9792495,0.007042356,0.00199754722,1.12190807,-0.0483829379,-0.000594624842,0.00629608566,0.00107247254,-0.04802025,0.00179645873,-0.15471904,0.135280982,-0.179305151,0.179305136,true,8,true,true,0,0,0.00167990953,0.0007930004,0.9769254,0.976327538,0.5482644,0.5475508,0.428661,0.428776741,0.428776741,false,0.269984663,0.269381672,0,0,0,false,false,0.277916729,0.0479721427,0.01733232,thorax,true,false,0.00522646355,1.46779222E-09,-9.636216E-15,-7.331967E-15,1,0,0,0,1,0.0334763043,-3.93563751E-05,0.001174989,0.9994388,0.0334763043,-3.93563751E-05,0.001174989,0.9994388,0.0334754363,-3.935548E-05,0.00117499381,0.9994389,0.00338251423,0.0007733433,-0.00166796171,0.999992669,0.06048614,0.007658397,0.0602000058,0.109811231,1710,0.007011437,1,9.5,1.46778956E-09,-2.36301758E-16,-2.05572435E-16,1,0,0,0,1,0.0334763043,-3.93563751E-05,0.001174989,0.9994388,0.0334763043,-3.93563751E-05,0.001174989,0.9994388,0.0334754363,-3.935548E-05,0.00117499381,0.9994389,0.00255502854,0.000295145554,-0.00170364545,0.999995232,0.062127538,0.006176326,0.06185387,0.111960821,1710,0.00528618041,1,9.5,-2.96887914E-09,-6.20109729E-15,1.816118E-15,1,0,0,0,1,0,0,0,1,-2.96887914E-09,-6.20109729E-15,1.816118E-15,1,-2.96887914E-09,-6.20109729E-15,1.816118E-15,1,0.00190336688,6.542375E-05,-0.00017288189,0.9999983,0.00371863972,0.00371863972,-0.00380674168,0.00313507859,2052,0.00146939559,1,6.83999968,-2.96887825E-09,-2.36928837E-15,1.75362544E-15,1,0,0,0,1,0,0,0,1,-2.96887825E-09,-2.36928837E-15,1.75362544E-15,1,-2.96887825E-09,-2.36928837E-15,1.75362544E-15,1,0.00275558233,1.43412587E-10,1.49821533E-09,0.9999963,0.005437272,0.005437272,-0.00551117724,0.004615822,2052,0.00216575875,1,6.83999968,-6.988029E-10,-1.10073509E-15,3.8636455E-16,1,0,0,0,1,0,0,0.000587824034,0.9999998,-6.988028E-10,4.096724E-13,0.000587824034,0.9999998,-6.988028E-10,4.096724E-13,0.000587824034,0.9999998,0.000344902917,-3.33141952E-06,0.0013852726,0.999999,0,0.00284714461,-0.0006898111,0.00277723232,2052,0.000879215135,1,5.7,-6.988029E-10,-1.100604E-15,-7.35134336E-16,1,0,0,0,1,0,0,0.000587824034,0.9999998,-6.988028E-10,4.0967254E-13,0.000587824034,0.9999998,-6.988028E-10,4.0967254E-13,0.000587824034,0.9999998,0.000324864552,0.000182463162,0.0008055119,0.9999996,0,0,-0.000649515947,0.00420600176,2052,0.000879215135,1,5.7,4.2001122E-10,2.060041E-15,3.64644878E-16,1,0.0301521979,0,0,0.999545336,0,0,0.000293912046,0.99999994,0.0301521961,-8.862095E-06,0.0002937784,0.9995453,0.0301521961,-8.862095E-06,0.0002937784,0.9995453,0.0223049875,-0.000147895887,0.00338177872,0.9997455,0.01687227,0.04512406,0.0156995114,0.0346227549,1482,0.056804195,1,5.7,-5.074521E-09,-3.65132663E-16,-5.4125903E-16,1,0.0292097349,0,0,0.9995733,0,0,0.000293912046,0.99999994,0.0292097274,-8.585092E-06,0.000293786637,0.999573231,0.0292097311,-8.58509247E-06,0.000293786667,0.99957335,0.02412145,-1.9761892E-05,0.000171671432,0.999709,0.0101956232,0.0482496843,0.010180179,0.0248806737,1482,0.0552787334,1,5.7
HOLD_0.00_FULL,STANDING,49,50,0.5,SETUP,None,0,1.41744113,0.009840846,0.00987901352,0.9792196,0.0002792105,0.00198895787,1.12189555,-0.0483751632,-0.000842795,0.0010269694,0.0008745517,-0.0480794124,0.00170394557,-0.15471904,0.135280982,-0.179305151,0.179305136,true,8,true,true,0,0,0.000957149547,0.000464413926,0.9768876,0.976285,0.5482191,0.5475082,0.4286685,0.4287768,0.4287768,false,0.758480251,0.7567989,0,0,0,false,false,0.278928071,0.04812598,0.0171386544,thorax,true,false,0.00520295138,1.46779222E-09,-9.636216E-15,-7.331967E-15,1,0,0,0,1,0.0134821655,-1.52714383E-05,0.00113261037,0.999908447,0.0134821674,-1.527144E-05,0.00113261037,0.999908447,0.0234794822,-2.73142323E-05,0.00115385884,0.9997237,0.003367346,0.0007971188,-0.00155267527,0.999992847,0.0209905114,0.007564425,0.04023031,0.0749440938,1710,0.00697443634,1,9.5,1.46778956E-09,-2.36301758E-16,-2.05572435E-16,1,0,0,0,1,0.0134821655,-1.52714383E-05,0.00113261037,0.999908447,0.0134821674,-1.527144E-05,0.00113261037,0.999908447,0.0234794822,-2.73142323E-05,0.00115385884,0.9997237,0.00253475551,0.000315117621,-0.00159096171,0.9999955,0.0225669555,0.005980202,0.0418943949,0.0770460144,1710,0.005237006,1,9.5,-2.96887914E-09,-6.20109729E-15,1.816118E-15,1,0,0,0,1,0,0,0,1,-2.96887914E-09,-6.20109729E-15,1.816118E-15,1,-2.96887914E-09,-6.20109729E-15,1.816118E-15,1,0.00192405435,6.711792E-05,-0.000169347288,0.9999982,0.00378221087,0.00378221087,-0.003848117,0.005327623,2052,0.00149451534,1,6.83999968,-2.96887825E-09,-2.36928837E-15,1.75362544E-15,1,0,0,0,1,0,0,0,1,-2.96887825E-09,-2.36928837E-15,1.75362544E-15,1,-2.96887825E-09,-2.36928837E-15,1.75362544E-15,1,0.00275603216,-3.97663048E-11,1.02322512E-10,0.999996245,0.005480945,0.005480945,-0.005512077,0.006236912,2052,0.00216575875,1,6.83999968,-6.988029E-10,-1.10073509E-15,3.8636455E-16,1,0,0,0,1,0,0,0.0005663567,0.9999998,-6.988028E-10,3.94670977E-13,0.0005663567,0.9999998,-6.988028E-10,3.94670977E-13,0.0005663567,0.9999998,0.0003186845,-7.897176E-06,0.00135703513,0.999999046,0,0,-0.0006373793,0.00339166238,2052,0,1,5.7,-6.988029E-10,-1.100604E-15,-7.35134336E-16,1,0,0,0,1,0,0,0.0005663567,0.9999998,-6.988028E-10,3.946711E-13,0.0005663567,0.9999998,-6.988028E-10,3.946711E-13,0.0005663567,0.9999998,0.0003243978,0.000186418911,0.0007853157,0.9999997,0,0,-0.00064858573,0.00510938931,2052,0.000879215135,1,5.7,4.2001122E-10,2.060041E-15,3.64644878E-16,1,0.0301521979,0,0,0.999545336,0,0,0.000283178379,0.99999994,0.0301521961,-8.538451E-06,0.000283049623,0.9995453,0.0301521961,-8.538451E-06,0.000283049623,0.9995453,0.02239531,-0.000157326649,0.0033367963,0.9997437,0.0166589562,0.04528231,0.0155188274,0.0345818,1482,0.0570350848,1,5.7,-5.074521E-09,-3.65132663E-16,-5.4125903E-16,1,0.0292097349,0,0,0.9995733,0,0,0.000283178379,0.99999994,0.0292097274,-8.271564E-06,0.000283057539,0.999573231,0.0292097311,-8.271565E-06,0.000283057569,0.99957335,0.0241862424,-2.26986031E-05,0.000156893439,0.99970746,0.0100543369,0.048378,0.0100505566,0.0243297368,1482,0.0554314554,1,5.7
HOLD_0.00_FULL,STANDING,50,51,0.51,SETUP,None,0,1.41745114,0.00673487037,0.0068227984,0.979184,-0.000453576446,0.00197832915,1.12186313,-0.04836636,-0.00103612279,-0.0005883408,0.000880786451,-0.0480685048,0.00162794325,-0.15471904,0.135280982,-0.179305151,0.179305136,true,8,true,true,0,0,0.00112141948,0.000382201426,0.976848841,0.9762622,0.548185,0.5474856,0.42866385,0.428776622,0.428776622,false,0.2029685,0.202528909,0,0,0,false,false,0.2795578,0.0482496843,0.0168863945,thorax,true,false,0.005183746,1.46779222E-09,-9.636216E-15,-7.331967E-15,1,0,0,0,1,0.0265079141,-2.91514425E-05,0.001099339,0.999648035,0.0265079159,-2.91514443E-05,0.001099339,0.999648035,0.0265079159,-2.91514443E-05,0.001099339,0.999648035,0.0033952517,0.0008210044,-0.00160463434,0.9999926,0.0465749949,0.007689466,0.0462332144,0.08559202,1710,0.00704824226,1,9.5,1.46778956E-09,-2.36301758E-16,-2.05572435E-16,1,0,0,0,1,0.0265079141,-2.91514425E-05,0.001099339,0.999648035,0.0265079159,-2.91514443E-05,0.001099339,0.999648035,0.0265079159,-2.91514443E-05,0.001099339,0.999648035,0.00257042842,0.000337140169,-0.00163606845,0.999995351,0.0481903441,0.006098633,0.0478818156,0.0876985937,1710,0.00528618041,1,9.5,-2.96887914E-09,-6.20109729E-15,1.816118E-15,1,0,0,0,1,0,0,0,1,-2.96887914E-09,-6.20109729E-15,1.816118E-15,1,-2.96887914E-09,-6.20109729E-15,1.816118E-15,1,0.0019040287,6.980054E-05,-0.000167927908,0.9999982,0.00378221087,0.00378221087,-0.00380806578,0.004523442,2052,0.00149451534,1,6.83999968,-2.96887825E-09,-2.36928837E-15,1.75362544E-15,1,0,0,0,1,0,0,0,1,-2.96887825E-09,-2.36928837E-15,1.75362544E-15,1,-2.96887825E-09,-2.36928837E-15,1.75362544E-15,1,0.00274214172,6.487534E-11,8.048768E-12,0.9999963,0.005437272,0.005437272,-0.005484296,0.005766752,2052,0.00214850157,1,6.83999968,-6.988029E-10,-1.10073509E-15,3.8636455E-16,1,0,0,0,1,0,0,0.0005498628,0.9999998,-6.988028E-10,3.83144986E-13,0.0005498628,0.9999998,-6.988028E-10,3.83144986E-13,0.0005498628,0.9999998,0.000304634945,-5.561207E-06,0.00134967745,0.999999046,0,0,-0.0006092774,0.00302428566,2052,0,1,5.7,-6.988029E-10,-1.100604E-15,-7.35134336E-16,1,0,0,0,1,0,0,0.0005498628,0.9999998,-6.988028E-10,3.83145122E-13,0.0005498628,0.9999998,-6.988028E-10,3.83145122E-13,0.0005498628,0.9999998,0.000296090118,0.000194891662,0.000781348965,0.9999997,0,0,-0.0005919672,0.004573699,2052,0,1,5.7,4.2001122E-10,2.060041E-15,3.64644878E-16,1,0.0301521979,0,0,0.999545336,0,0,0.0002749314,0.99999994,0.0301521961,-8.289786E-06,0.0002748064,0.9995453,0.0301521961,-8.289786E-06,0.0002748064,0.9995453,0.02248843,-0.000161153584,0.00331153721,0.9997416,0.0165007748,0.04546623,0.0153325433,0.0344290435,1482,0.0572717972,1,5.7,-5.074521E-09,-3.65132663E-16,-5.4125903E-16,1,0.0292097349,0,0,0.9995733,0,0,0.0002749314,0.99999994,0.0292097274,-8.030672E-06,0.000274814083,0.999573231,0.0292097311,-8.030673E-06,0.0002748141,0.99957335,0.0242401659,-2.494834E-05,0.000141709344,0.9997062,0.009935064,0.0484813936,0.009942681,0.0244273525,1482,0.0555555858,1,5.7
HOLD_0.00_FULL,STANDING,51,52,0.52,SETUP,None,0,1.41741621,0.00162389129,0.002623208,0.9790832,-0.00769118965,0.00196587,1.12177694,-0.0483521037,-0.00125241978,-0.00674646255,0.00173815375,-0.0477643348,0.001542355,-0.15471904,0.135280982,-0.179305151,0.179305136,true,8,true,true,0,0,0.0004937751,0.000776984438,0.976739764,0.976154,0.5480703,0.5473769,0.428669453,0.428777158,0.428777158,false,0.07082583,0.070672445,0,0,0,false,false,0.280715942,0.048378,0.0166732613,thorax,true,false,0.005153885,1.46779222E-09,-9.636216E-15,-7.331967E-15,1,0,0,0,1,0.00651098462,-6.89609942E-06,0.00105912541,0.999978244,0.006510986,-6.896101E-06,0.00105912541,0.999978244,0.0165097825,-1.80241259E-05,0.00107928517,0.999863148,0.003262824,0.0008583213,-0.00150874339,0.9999932,0.008429048,0.007372889,0.026497189,0.0512334928,1710,0.00674817758,1,9.5,1.46778956E-09,-2.36301758E-16,-2.05572435E-16,1,0,0,0,1,0.00651098462,-6.89609942E-06,0.00105912541,0.999978244,0.006510986,-6.896101E-06,0.00105912541,0.999978244,0.0165097825,-1.80241259E-05,0.00107928517,0.999863148,0.00243426813,0.0003682005,-0.0015378216,0.9999958,0.009667485,0.00577742374,0.0281532556,0.0532976724,1710,0.00508662965,1,9.5,-2.96887914E-09,-6.20109729E-15,1.816118E-15,1,0,0,0,1,0,0,0,1,-2.96887914E-09,-6.20109729E-15,1.816118E-15,1,-2.96887914E-09,-6.20109729E-15,1.816118E-15,1,0.0019811932,7.298266E-05,-0.000164103985,0.9999981,0.00390625047,0.00390625047,-0.003962395,0.00676279841,2052,0.00154352875,1,6.83999968,-2.96887825E-09,-2.36928837E-15,1.75362544E-15,1,0,0,0,1,0,0,0,1,-2.96887825E-09,-2.36928837E-15,1.75362544E-15,1,-2.96887825E-09,-2.36928837E-15,1.75362544E-15,1,0.002806378,-1.15944954E-09,4.32597985E-10,0.999996066,0.0056099263,0.0056099263,-0.00561276963,0.00747721363,2052,0.002216725,1,6.83999968,-6.988029E-10,-1.10073509E-15,3.8636455E-16,1,0,0,0,1,0,0,0.000529574056,0.9999999,-6.98802849E-10,3.68967145E-13,0.000529574056,0.9999999,-6.98802849E-10,3.68967145E-13,0.000529574056,0.9999999,0.000314173667,-4.833351E-06,0.0013259449,0.9999991,0,0,-0.000628353853,0.00365337241,2052,0.000879215135,1,5.7,-6.988029E-10,-1.100604E-15,-7.35134336E-16,1,0,0,0,1,0,0,0.000529574056,0.9999999,-6.98802849E-10,3.68967281E-13,0.000529574056,0.9999999,-6.98802849E-10,3.68967281E-13,0.000529574056,0.9999999,0.0003219843,0.000209692866,0.000766106532,0.999999642,0,0,-0.0006437478,0.005535675,2052,0,1,5.7,4.2001122E-10,2.060041E-15,3.64644878E-16,1,0.0301521979,0,0,0.999545336,0,0,0.000264787028,0.99999994,0.0301521961,-7.983911E-06,0.000264666625,0.9995453,0.0301521961,-7.983911E-06,0.000264666625,0.9995453,0.0225296337,-0.000170612679,0.00326540275,0.9997409,0.0163702164,0.04552912,0.01525012,0.0350973,1482,0.05736621,1,5.7,-5.074521E-09,-3.65132663E-16,-5.4125903E-16,1,0.0292097349,0,0,0.9995733,0,0,0.000264787028,0.99999994,0.0292097274,-7.7343575E-06,0.000264674047,0.999573231,0.0292097311,-7.734358E-06,0.000264674076,0.99957335,0.0242873151,-2.75144685E-05,0.000126054074,0.9997051,0.009838604,0.0485747531,0.00984835252,0.0242534224,1482,0.0556625649,1,5.7
HOLD_0.00_FULL,STANDING,52,53,0.53,SETUP,None,0,1.41735685,0.0002220869,0.002193161,0.979028165,-0.00261186063,0.00195189682,1.12171054,-0.04832606,-0.00136690948,-0.0038253488,0.00251167268,-0.0474767461,0.00148968014,-0.15471904,0.135280982,-0.179305151,0.179305136,true,8,true,true,0,0,0.00115063216,0.000468558341,0.97668606,0.9761258,0.548028,0.5473489,0.428658068,0.42877686,0.42877686,false,1.10258031,1.10021138,1,0.000489470433,-0.000244735216,true,false,0.281001836,0.0484813936,0.0165007748,thorax,true,false,0.0051550325,1.46779222E-09,-9.636216E-15,-7.331967E-15,1,0,0,0,1,0.0265079141,-2.71757162E-05,0.00102483178,0.9996481,0.0265079159,-2.71757181E-05,0.00102483178,0.9996481,0.0265079159,-2.71757181E-05,0.00102483178,0.9996481,0.00330166984,0.000869221753,-0.00169880746,0.9999927,0.04676913,0.00762720173,0.0464203469,0.0861334652,1710,0.006824431,1,9.5,1.46778956E-09,-2.36301758E-16,-2.05572435E-16,1,0,0,0,1,0.0265079141,-2.71757162E-05,0.00102483178,0.9996481,0.0265079159,-2.71757181E-05,0.00102483178,0.9996481,0.0265079159,-2.71757181E-05,0.00102483178,0.9996481,0.00248181052,0.000370099,-0.00171046657,0.9999954,0.04837307,0.00605941331,0.0480590649,0.08824063,1710,0.00513724424,1,9.5,-2.96887914E-09,-6.20109729E-15,1.816118E-15,1,0,0,0,1,0,0,0,1,-2.96887914E-09,-6.20109729E-15,1.816118E-15,1,-2.96887914E-09,-6.20109729E-15,1.816118E-15,1,0.00192406552,7.52394262E-05,-0.000165190446,0.9999982,0.00378221087,0.00378221087,-0.00384813943,0.00434732344,2052,0.00149451534,1,6.83999968,-2.96887825E-09,-2.36928837E-15,1.75362544E-15,1,0,0,0,1,0,0,0,1,-2.96887825E-09,-2.36928837E-15,1.75362544E-15,1,-2.96887825E-09,-2.36928837E-15,1.75362544E-15,1,0.0027947966,1.515289E-10,2.25901159E-10,0.9999961,0.00556726474,0.00556726474,-0.005589606,0.00575109432,2052,0.00219986751,1,6.83999968,-6.988029E-10,-1.10073509E-15,3.8636455E-16,1,0,0,0,1,0.0002447352,-1.25450313E-07,0.000512596045,0.9999998,0.0002447345,-1.25449958E-07,0.000512596045,0.9999998,0.0002447345,-1.25449958E-07,0.000512596045,0.9999998,0.000345351582,7.016605E-06,0.00134263455,0.999999046,0,0,-0.000201227027,0.00257543754,2052,0,1,5.7,-6.988029E-10,-1.100604E-15,-7.35134336E-16,1,0,0,0,1,0.0002447352,-1.25450313E-07,0.000512596045,0.9999998,0.0002447345,-1.25449958E-07,0.000512596045,0.9999998,0.0002447345,-1.25449958E-07,0.000512596045,0.9999998,0.00029858583,0.000225242431,0.0007758428,0.9999997,0,0,-0.000107471613,0.00403744774,2052,0,1,5.7,4.2001122E-10,2.060041E-15,3.64644878E-16,1,0.0301521979,0,0,0.999545336,-0.0001223676,3.136258E-08,0.000256298052,0.99999994,0.0300298836,-7.696602E-06,0.00025618248,0.999549,0.0300298836,-7.696602E-06,0.00025618248,0.999549,0.022608107,-0.000171550128,0.003264795,0.9997391,0.01601686,0.04568596,0.0148484,0.0341859125,1482,0.0575680062,1,5.7,-5.074521E-09,-3.65132663E-16,-5.4125903E-16,1,0.0292097349,0,0,0.9995733,-0.0001223676,3.136258E-08,0.000256298052,0.99999994,0.0290874112,-7.45504758E-06,0.0002561896,0.9995768,0.029087415,-7.45504849E-06,0.00025618964,0.9995769,0.02429907,-3.27152156E-05,0.000107016262,0.9997048,0.009568328,0.04859929,0.009580096,0.0244735628,1482,0.0556906834,1,5.7
HOLD_0.00_FULL,STANDING,53,54,0.54,SETUP,None,0,1.41731608,0.00166270882,0.00276199612,0.9789991,0.000318072736,0.00193681545,1.1216743,-0.0482933819,-0.001473445,-0.00103984238,0.00309316814,-0.04724745,0.00143858208,-0.15471904,0.135280982,-0.179305151,0.179305136,true,8,true,true,0,0,0.00126247655,0.000595651334,0.9766557,0.9760989,0.5479983,0.5473223,0.4286574,0.428776622,0.428776622,false,0.196551785,0.19611609,0,0,0,false,false,0.281793982,0.0485747531,0.0161502734,thorax,true,false,0.005179514,1.46779222E-09,-9.636216E-15,-7.331967E-15,1,0,0,0,1,0.0256687645,-2.533111E-05,0.0009865201,0.99967,0.0256687663,-2.53311118E-05,0.0009865201,0.99967,0.0256687663,-2.53311118E-05,0.0009865201,0.99967,0.00334364781,0.0008631809,-0.00176489726,0.9999925,0.04502885,0.007751229,0.0446574464,0.08303845,1710,0.00697443634,1,9.5,1.46778956E-09,-2.36301758E-16,-2.05572435E-16,1,0,0,0,1,0.0256687645,-2.533111E-05,0.0009865201,0.99967,0.0256687663,-2.53311118E-05,0.0009865201,0.99967,0.0256687663,-2.53311118E-05,0.0009865201,0.99967,0.002511626,0.000349571521,-0.0017639657,0.999995232,0.0466517247,0.006176326,0.0463204943,0.08515331,1710,0.00518736476,1,9.5,-2.96887914E-09,-6.20109729E-15,1.816118E-15,1,0,0,0,1,0,0,0,1,-2.96887914E-09,-6.20109729E-15,1.816118E-15,1,-2.96887914E-09,-6.20109729E-15,1.816118E-15,1,0.00189537334,7.488283E-05,-0.000166257261,0.9999982,0.00378221087,0.00378221087,-0.003790755,0.00499560358,2052,0.00149451534,1,6.83999968,-2.96887825E-09,-2.36928837E-15,1.75362544E-15,1,0,0,0,1,0,0,0,1,-2.96887825E-09,-2.36928837E-15,1.75362544E-15,1,-2.96887825E-09,-2.36928837E-15,1.75362544E-15,1,0.002796284,1.51055973E-11,1.29317182E-10,0.9999962,0.0055242735,0.0055242735,-0.00559258042,0.00603369763,2052,0.00219986751,1,6.83999968,-6.988029E-10,-1.10073509E-15,3.8636455E-16,1,0,0,0,1,0,0,0.0004934227,0.9999999,-6.98802849E-10,3.43704476E-13,0.0004934227,0.9999999,-6.98802849E-10,3.43704476E-13,0.0004934227,0.9999999,0.000320789317,1.43511588E-05,0.00135287223,0.9999991,0,0,-0.0006415658,0.00276909559,2052,0.000879215135,1,5.7,-6.988029E-10,-1.100604E-15,-7.35134336E-16,1,0,0,0,1,0,0,0.0004934227,0.9999999,-6.98802849E-10,3.43704584E-13,0.0004934227,0.9999999,-6.98802849E-10,3.43704584E-13,0.0004934227,0.9999999,0.00025653062,0.000234775333,0.00077592,0.9999997,0,0,-0.0005128309,0.00444550067,2052,0,1,5.7,4.2001122E-10,2.060041E-15,3.64644878E-16,1,0.0301521979,0,0,0.999545336,0,0,0.000246711337,0.99999994,0.0301521961,-7.438889E-06,0.000246599171,0.9995453,0.0301521961,-7.438889E-06,0.000246599171,0.9995453,0.0226545129,-0.000176263609,0.00326354173,0.999738038,0.01616503,0.04577981,0.0150002968,0.03542339,1482,0.0576887354,1,5.7,-5.074521E-09,-3.65132663E-16,-5.4125903E-16,1,0.0292097349,0,0,0.9995733,0,0,0.000246711337,0.99999994,0.0292097274,-7.20637127E-06,0.000246606069,0.999573231,0.0292097311,-7.206372E-06,0.0002466061,0.99957335,0.0243032146,-3.949515E-05,8.557739E-05,0.999704659,0.009838604,0.0486090966,0.009816538,0.02514497,1482,0.0557019226,1,5.7
HOLD_0.00_FULL,STANDING,54,55,0.55,SETUP,None,0,1.41732609,0.007275842,0.0074138,0.979060948,0.0101362765,0.00192092592,1.12171471,-0.04825981,-0.00151468383,0.007324921,0.00281987013,-0.0473062769,0.00140873878,-0.15471904,0.135280982,-0.179305151,0.179305136,true,8,true,true,0,0,0.00203142921,0.00138681661,0.976721942,0.976175666,0.548072338,0.5473999,0.4286496,0.4287758,0.4287758,false,0.377218485,0.376388669,0,0,0,false,false,0.282386,0.04859929,0.0162532832,thorax,true,false,0.005230722,1.46779222E-09,-9.636216E-15,-7.331967E-15,1,0,0,0,1,0.0456556976,-4.39283576E-05,0.00096116215,0.99895674,0.0456556976,-4.39283576E-05,0.00096116215,0.99895674,0.035666,-3.463331E-05,0.0009738874,0.9993633,0.00354110869,0.0008370629,-0.00193725829,0.999991536,0.08447752,0.008228668,0.06426634,0.117553458,1710,0.00733604329,1,9.5,1.46778956E-09,-2.36301758E-16,-2.05572435E-16,1,0,0,0,1,0.0456556976,-4.39283576E-05,0.00096116215,0.99895674,0.0456556976,-4.39283576E-05,0.00096116215,0.99895674,0.035666,-3.463331E-05,0.0009738874,0.9993633,0.002702315,0.000314046629,-0.00192113931,0.9999945,0.0861326,0.006623372,0.0659429356,0.119713344,1710,0.005572124,1,9.5,-2.96887914E-09,-6.20109729E-15,1.816118E-15,1,0,0,0,1,0,0,0,1,-2.96887914E-09,-6.20109729E-15,1.816118E-15,1,-2.96887914E-09,-6.20109729E-15,1.816118E-15,1,0.00177954789,7.320346E-05,-0.000169697465,0.9999984,0.00358812045,0.00358812045,-0.00355910347,0.00289333751,2052,0.00141782174,1,6.83999968,-2.96887825E-09,-2.36928837E-15,1.75362544E-15,1,0,0,0,1,0,0,0,1,-2.96887825E-09,-2.36928837E-15,1.75362544E-15,1,-2.96887825E-09,-2.36928837E-15,1.75362544E-15,1,0.00272682332,-3.028061E-10,6.62413846E-10,0.9999963,0.005437272,0.005437272,-0.005453659,0.004365371,2052,0.00214850157,1,6.83999968,-6.988029E-10,-1.10073509E-15,3.8636455E-16,1,0,0,0,1,0,0,0.0004810828,0.9999999,-6.98802849E-10,3.35081328E-13,0.0004810828,0.9999999,-6.98802849E-10,3.35081328E-13,0.0004810828,0.9999999,0.0002715733,2.19348149E-05,0.00138072553,0.999999,0,0.00284714461,-0.000543126953,0.0021303047,2052,0,1,5.7,-6.988029E-10,-1.100604E-15,-7.35134336E-16,1,0,0,0,1,0,0,0.0004810828,0.9999999,-6.98802849E-10,3.35081463E-13,0.0004810828,0.9999999,-6.98802849E-10,3.35081463E-13,0.0004810828,0.9999999,0.000168159255,0.000234737308,0.00078791636,0.999999642,0,0,-0.000336094,0.00355725875,2052,0,1,5.7,4.2001122E-10,2.060041E-15,3.64644878E-16,1,0.0301521979,0,0,0.999545336,0,0,0.000240541412,1,0.0301521979,-7.25285236E-06,0.00024043204,0.999545336,0.0301521979,-7.25285236E-06,0.00024043204,0.999545336,0.0227295272,-0.00017477879,0.003289378,0.999736249,0.0160466023,0.0459357947,0.0148502281,0.03483221,1482,0.0578760467,1,5.7,-5.074521E-09,-3.65132663E-16,-5.4125903E-16,1,0.0292097349,0,0,0.9995733,0,0,0.000240541412,1,0.02920973,-7.02614943E-06,0.000240438778,0.9995733,0.02920973,-7.02614943E-06,0.000240438778,0.9995733,0.0242978577,-4.54462E-05,6.392997E-05,0.9997048,0.009814342,0.04859929,0.009827251,0.0254089385,1482,0.0556906834,1,5.7
HOLD_0.00_FULL,STANDING,55,56,0.56,SETUP,None,0,1.41737449,0.0100239813,0.010089295,0.979104936,0.007656567,0.00190434058,1.12176144,-0.0482316762,-0.00162104808,0.0068460945,0.00267537776,-0.0473269857,0.00135617517,-0.15471904,0.135280982,-0.179305151,0.179305136,true,8,true,true,0,0,0.00140257541,0.00051651604,0.9767611,0.976197958,0.548100948,0.5474222,0.428660154,0.4287758,0.4287758,false,0.5450487,0.543849647,0,0,0,false,false,0.2840748,0.0486090966,0.01616503,thorax,true,false,0.0052548144,1.46779222E-09,-9.636216E-15,-7.331967E-15,1,0,0,0,1,0.0256687663,-2.40768022E-05,0.000937671,0.9996701,0.0256687682,-2.4076804E-05,0.000937671,0.9996701,0.0256696418,-2.40777263E-05,0.000937674136,0.9996701,0.00355020165,0.0008361612,-0.00179279922,0.9999918,0.0446085632,0.008111943,0.04424595,0.0824951157,1710,0.007406246,1,9.5,1.46778956E-09,-2.36301758E-16,-2.05572435E-16,1,0,0,0,1,0.0256687663,-2.40768022E-05,0.000937671,0.9996701,0.0256687682,-2.4076804E-05,0.000937671,0.9996701,0.0256696418,-2.40777263E-05,0.000937674136,0.9996701,0.00269184238,0.00031128517,-0.00178053556,0.999994755,0.0462822653,0.00647778576,0.0459617078,0.08462926,1710,0.005572124,1,9.5,-2.96887914E-09,-6.20109729E-15,1.816118E-15,1,0,0,0,1,0,0,0,1,-2.96887914E-09,-6.20109729E-15,1.816118E-15,1,-2.96887914E-09,-6.20109729E-15,1.816118E-15,1,0.0017976067,7.226286E-05,-0.000167552,0.99999845,0.0035210466,0.0035210466,-0.003595221,0.005155942,2052,0.001391318,1,6.83999968,-2.96887825E-09,-2.36928837E-15,1.75362544E-15,1,0,0,0,1,0,0,0,1,-2.96887825E-09,-2.36928837E-15,1.75362544E-15,1,-2.96887825E-09,-2.36928837E-15,1.75362544E-15,1,0.00273197284,-1.0549033E-11,-1.338877E-11,0.999996245,0.005480945,0.005480945,-0.00546395872,0.00597774237,2052,0.00216575875,1,6.83999968,-6.988029E-10,-1.10073509E-15,3.8636455E-16,1,0,0,0,1,0,0,0.000468990067,0.9999999,-6.98802849E-10,3.266309E-13,0.000468990067,0.9999999,-6.98802849E-10,3.266309E-13,0.000468990067,0.9999999,0.00024321994,1.7676779E-05,0.00136632018,0.9999991,0,0,-0.0004864247,0.00301764579,2052,0,1,5.7,-6.988029E-10,-1.100604E-15,-7.35134336E-16,1,0,0,0,1,0,0,0.000468990067,0.9999999,-6.98802849E-10,3.26631029E-13,0.000468990067,0.9999999,-6.98802849E-10,3.26631029E-13,0.000468990067,0.9999999,0.000172692526,0.000231677986,0.000776505447,0.999999642,0,0,-0.0003451691,0.004730251,2052,0,1,5.7,4.2001122E-10,2.060041E-15,3.64644878E-16,1,0.0301521979,0,0,0.999545336,0,0,0.000234495048,1,0.0301521979,-7.070541E-06,0.000234388426,0.999545336,0.0301521979,-7.070541E-06,0.000234388426,0.999545336,0.02275174,-0.000180608855,0.003270809,0.9997358,0.0160019659,0.0459773019,0.0148057928,0.0349871479,1482,0.0579428,1,5.7,-5.074521E-09,-3.65132663E-16,-5.4125903E-16,1,0.0292097349,0,0,0.9995733,0,0,0.000234495048,1,0.02920973,-6.849537E-06,0.000234394989,0.9995733,0.02920973,-6.849537E-06,0.000234394989,0.9995733,0.0243096463,-4.790696E-05,4.68652761E-05,0.9997045,0.009814342,0.04862381,0.009803665,0.0247990247,1482,0.0557187833,1,5.7
HOLD_0.00_FULL,STANDING,56,57,0.57000000000000006,SETUP,None,0,1.41744816,0.0134299025,0.0134604927,0.979201436,0.0133267045,0.0018870146,1.12184441,-0.0482080951,-0.00166844076,0.0113333184,0.00190962723,-0.04756232,0.00132280227,-0.15471904,0.135280982,-0.179305151,0.179305136,true,8,true,true,0,0,0.00205499423,0.00110149139,0.976859331,0.976308,0.5482056,0.547532856,0.428653717,0.428775132,0.428775132,false,0.299981773,0.299337268,0,0,0,false,false,0.284887165,0.04859929,0.0160466023,thorax,true,false,0.00527772447,1.46779222E-09,-9.636216E-15,-7.331967E-15,1,0,0,0,1,0.03917321,-3.61443126E-05,0.0009219709,0.999232,0.03917321,-3.61443126E-05,0.0009219709,0.999232,0.03566572,-3.30100956E-05,0.0009260668,0.999363363,0.00371018937,0.0008255562,-0.001883843,0.999991,0.07118907,0.00848543,0.06392753,0.117147543,1710,0.007714258,1,9.5,1.46778956E-09,-2.36301758E-16,-2.05572435E-16,1,0,0,0,1,0.03917321,-3.61443126E-05,0.0009219709,0.999232,0.03917321,-3.61443126E-05,0.0009219709,0.999232,0.03566572,-3.30100956E-05,0.0009260668,0.999363363,0.002854216,0.000307603041,-0.00186871039,0.999994159,0.07287418,0.00683594076,0.0656385347,0.119285278,1710,0.005931979,1,9.5,-2.96887914E-09,-6.20109729E-15,1.816118E-15,1,0,0,0,1,0,0,0,1,-2.96887914E-09,-6.20109729E-15,1.816118E-15,1,-2.96887914E-09,-6.20109729E-15,1.816118E-15,1,0.00171364867,7.163419E-05,-0.000167997117,0.999998569,0.00338291214,0.00338291214,-0.003427305,0.00280756177,2052,0.00133673509,1,6.83999968,-2.96887825E-09,-2.36928837E-15,1.75362544E-15,1,0,0,0,1,0,0,0,1,-2.96887825E-09,-2.36928837E-15,1.75362544E-15,1,-2.96887825E-09,-2.36928837E-15,1.75362544E-15,1,0.002661263,2.54137961E-10,1.32361344E-09,0.9999965,0.00530409347,0.00530409347,-0.005322539,0.004237957,2052,0.00209587719,1,6.83999968,-6.988029E-10,-1.10073509E-15,3.8636455E-16,1,0,0,0,1,0,0,0.000461339572,0.9999999,-6.98802849E-10,3.212847E-13,0.000461339572,0.9999999,-6.98802849E-10,3.212847E-13,0.000461339572,0.9999999,0.000211984559,1.851914E-05,0.00137429463,0.999999046,0,0,-0.000423953432,0.00233798753,2052,0,1,5.7,-6.988029E-10,-1.100604E-15,-7.35134336E-16,1,0,0,0,1,0,0,0.000461339572,0.9999999,-6.98802849E-10,3.21284828E-13,0.000461339572,0.9999999,-6.98802849E-10,3.21284828E-13,0.000461339572,0.9999999,0.000125401537,0.000226432065,0.000784953,0.999999642,0,0,-0.0002505955,0.003709966,2052,0,1,5.7,4.2001122E-10,2.060041E-15,3.64644878E-16,1,0.0301521979,0,0,0.999545336,0,0,0.0002306698,1,0.0301521979,-6.95520157E-06,0.000230564925,0.999545336,0.0301521979,-6.95520157E-06,0.000230564925,0.999545336,0.0228112452,-0.000178606788,0.00327513251,0.9997344,0.015897328,0.0460964255,0.0146867484,0.03428627,1482,0.05809603,1,5.7,-5.074521E-09,-3.65132663E-16,-5.4125903E-16,1,0.0292097349,0,0,0.9995733,0,0,0.0002306698,1,0.02920973,-6.73780232E-06,0.000230571372,0.9995733,0.02920973,-6.73780232E-06,0.000230571372,0.9995733,0.0243217219,-4.92199E-05,3.165089E-05,0.9997042,0.009790018,0.0486483239,0.009779507,0.0249096788,1482,0.055741258,1,5.7
HOLD_0.00_FULL,STANDING,57,58,0.58,SETUP,None,0,1.41752684,0.0128982216,0.0129315555,0.979241252,0.00723060966,0.00186891085,1.12189555,-0.0481934771,-0.00178508228,0.007266936,0.00140536518,-0.0477182157,0.00126524037,-0.15471904,0.135280982,-0.179305151,0.179305136,true,8,true,true,0,0,0.001341059,0.0004816883,0.9768919,0.976328433,0.548227668,0.5475531,0.4286642,0.4287753,0.4287753,false,0.74375236,0.7421416,0,0,0,false,false,0.28644684,0.04862381,0.0160019659,thorax,true,false,0.005269223,1.46779222E-09,-9.636216E-15,-7.331967E-15,1,0,0,0,1,0.0191820655,-1.72189484E-05,0.0008974932,0.9998156,0.0191820674,-1.721895E-05,0.0008974932,0.9998156,0.02567045,-2.34347062E-05,0.000908768561,0.9996701,0.0036922507,0.0008346319,-0.00171989913,0.9999914,0.03146322,0.008286414,0.04396342,0.08215401,1710,0.00768064428,1,9.5,1.46778956E-09,-2.36301758E-16,-2.05572435E-16,1,0,0,0,1,0.0191820655,-1.72189484E-05,0.0008974932,0.9998156,0.0191820674,-1.721895E-05,0.0008974932,0.9998156,0.02567045,-2.34347062E-05,0.000908768561,0.9996701,0.00282777473,0.000322411885,-0.00171500817,0.999994457,0.0331388153,0.00665927166,0.04569146,0.08422437,1710,0.0058882,1,9.5,-2.96887914E-09,-6.20109729E-15,1.816118E-15,1,0,0,0,1,0,0,0,1,-2.96887914E-09,-6.20109729E-15,1.816118E-15,1,-2.96887914E-09,-6.20109729E-15,1.816118E-15,1,0.00174965081,7.148942E-05,-0.000164093624,0.99999845,0.0035210466,0.0035210466,-0.0034993093,0.005006772,2052,0.001391318,1,6.83999968,-2.96887825E-09,-2.36928837E-15,1.75362544E-15,1,0,0,0,1,0,0,0,1,-2.96887825E-09,-2.36928837E-15,1.75362544E-15,1,-2.96887825E-09,-2.36928837E-15,1.75362544E-15,1,0.00266167219,1.90170145E-12,-1.65540665E-10,0.999996543,0.00525895134,0.00525895134,-0.005323357,0.00581459235,2052,0.00207803957,1,6.83999968,-6.988029E-10,-1.10073509E-15,3.8636455E-16,1,0,0,0,1,0,0,0.000448829232,0.9999999,-6.98802849E-10,3.12542445E-13,0.000448829232,0.9999999,-6.98802849E-10,3.12542445E-13,0.000448829232,0.9999999,0.000197620466,1.05378813E-05,0.001346205,0.9999991,0,0,-0.00039523287,0.00308709568,2052,0,1,5.7,-6.988029E-10,-1.100604E-15,-7.35134336E-16,1,0,0,0,1,0,0,0.000448829232,0.9999999,-6.98802849E-10,3.12542581E-13,0.000448829232,0.9999999,-6.98802849E-10,3.12542581E-13,0.000448829232,0.9999999,0.000155202055,0.00022228033,0.000769920647,0.999999642,0,0,-0.000310205942,0.00477913348,2052,0,1,5.7,4.2001122E-10,2.060041E-15,3.64644878E-16,1,0.0301521979,0,0,0.999545336,0,0,0.000224414631,1,0.0301521979,-6.766594E-06,0.0002243126,0.999545336,0.0301521979,-6.766594E-06,0.0002243126,0.999545336,0.02283032,-0.000185608966,0.0032366626,0.9997341,0.0158372242,0.0461222827,0.0146485949,0.0342994034,1482,0.0581425838,1,5.7,-5.074521E-09,-3.65132663E-16,-5.4125903E-16,1,0.0292097349,0,0,0.9995733,0,0,0.000224414631,1,0.02920973,-6.55509075E-06,0.000224318865,0.9995733,0.02920973,-6.55509075E-06,0.000224318865,0.9995733,0.0243500918,-4.97427573E-05,1.89403436E-05,0.999703467,0.00974119,0.0487071052,0.009722749,0.0242604651,1482,0.0558030121,1,5.7
HOLD_0.00_FULL,STANDING,58,59,0.59,SETUP,None,0,1.41754282,0.006471142,0.00669286726,0.979185462,-0.00363709033,0.00184971385,1.121859,-0.048177857,-0.00193368131,-0.00220061885,0.00188910274,-0.0475390181,0.00119580154,-0.15471904,0.135280982,-0.179305151,0.179305136,true,8,true,true,0,0,0.000641746039,0.00101398642,0.9768255,0.976262748,0.5481541,0.547486663,0.42867136,0.4287761,0.4287761,false,0.08840264,0.0882173553,0,0,0,false,false,0.288014442,0.0486483239,0.015897328,thorax,true,false,0.00521676335,1.46779222E-09,-9.636216E-15,-7.331967E-15,1,0,0,0,1,0.01154739,-1.016909E-05,0.0008805806,0.9999329,0.0115473922,-1.01690912E-05,0.0008805806,0.9999329,0.0156672727,-1.4038832E-05,0.0008888212,0.9998769,0.003500253,0.00087940495,-0.00153819961,0.9999924,0.0169005077,0.007812505,0.0243368037,0.04793821,1710,0.00726516172,1,9.5,1.46778956E-09,-2.36301758E-16,-2.05572435E-16,1,0,0,0,1,0.01154739,-1.016909E-05,0.0008805806,0.9999329,0.0115473922,-1.01690912E-05,0.0008805806,0.9999329,0.0156672727,-1.4038832E-05,0.0008888212,0.9998769,0.002641255,0.000378312456,-0.00154382025,0.9999953,0.0184774958,0.0061376025,0.02605393,0.0499497354,1710,0.005525494,1,9.5,-2.96887914E-09,-6.20109729E-15,1.816118E-15,1,0,0,0,1,0,0,0,1,-2.96887914E-09,-6.20109729E-15,1.816118E-15,1,-2.96887914E-09,-6.20109729E-15,1.816118E-15,1,0.00187789055,7.490042E-05,-0.000157934061,0.9999982,0.00378221087,0.00378221087,-0.00375578948,0.007068422,2052,0.00149451534,1,6.83999968,-2.96887825E-09,-2.36928837E-15,1.75362544E-15,1,0,0,0,1,0,0,0,1,-2.96887825E-09,-2.36928837E-15,1.75362544E-15,1,-2.96887825E-09,-2.36928837E-15,1.75362544E-15,1,0.00273762061,-2.26598362E-09,-7.644563E-10,0.9999963,0.005437272,0.005437272,-0.005475254,0.0075520305,2052,0.00214850157,1,6.83999968,-6.988029E-10,-1.10073509E-15,3.8636455E-16,1,0,0,0,1,0,0,0.000440319738,0.9999999,-6.98802849E-10,3.06595976E-13,0.000440319738,0.9999999,-6.98802849E-10,3.06595976E-13,0.000440319738,0.9999999,0.0002356561,4.07717971E-06,0.00130621181,0.999999166,0,0,-0.000471310021,0.00385664334,2052,0,1,5.7,-6.988029E-10,-1.100604E-15,-7.35134336E-16,1,0,0,0,1,0,0,0.000440319738,0.9999999,-6.98802849E-10,3.065961E-13,0.000440319738,0.9999999,-6.98802849E-10,3.065961E-13,0.000440319738,0.9999999,0.000238898137,0.000229852609,0.0007542303,0.999999642,0,0,-0.000477595255,0.005869306,2052,0,1,5.7,4.2001122E-10,2.060041E-15,3.64644878E-16,1,0.0301521979,0,0,0.999545336,0,0,0.000220159869,1,0.0301521979,-6.638304E-06,0.000220059766,0.999545336,0.0301521979,-6.638304E-06,0.000220059766,0.999545336,0.0228059646,-0.000193330328,0.00317408,0.999734938,0.0158070866,0.04604985,0.01469733,0.03504263,1482,0.058076065,1,5.7,-5.074521E-09,-3.65132663E-16,-5.4125903E-16,1,0.0292097349,0,0,0.9995733,0,0,0.000220159869,1,0.02920973,-6.43081E-06,0.000220065922,0.9995733,0.02920973,-6.43081E-06,0.000220065922,0.9995733,0.024390284,-4.66702E-05,1.08657014E-05,0.9997025,0.009642791,0.04878537,0.009642343,0.0239081588,1482,0.0559039153,1,5.7
HOLD_0.00_FULL,STANDING,59,60,0.6,SETUP,None,0,1.41750538,0.0022116825,0.00306235836,0.97913754,-0.00211899728,0.00182964432,1.12180543,-0.0481533,-0.00198638323,-0.002686168,0.002409625,-0.0473384559,0.00115792581,-0.15471904,0.135280982,-0.179305151,0.179305136,true,8,true,true,0,0,0.00115679845,0.000396996271,0.9767767,0.976242661,0.5481161,0.547466457,0.428660631,0.4287762,0.4287762,false,1.21540892,1.21288323,1,0.0008798508,-0.0004399254,true,false,0.2882224,0.0487071052,0.0158372242,thorax,true,false,0.00518675148,1.46779222E-09,-9.636216E-15,-7.331967E-15,1,0,0,0,1,0.0315424055,-2.691346E-05,0.000852822035,0.999502063,0.0315424055,-2.69134616E-05,0.000852822035,0.999502063,0.025668148,-2.21495156E-05,0.0008661699,0.999670148,0.00348049984,0.0008959958,-0.00170094322,0.999992132,0.0563935973,0.007933636,0.0443823561,0.08313632,1710,0.00726516172,1,9.5,1.46778956E-09,-2.36301758E-16,-2.05572435E-16,1,0,0,0,1,0.0315424055,-2.691346E-05,0.000852822035,0.999502063,0.0315424055,-2.69134616E-05,0.000852822035,0.999502063,0.025668148,-2.21495156E-05,0.0008661699,0.999670148,0.00264319358,0.000395281939,-0.001696872,0.999995053,0.0580356531,0.0062910663,0.0460561328,0.08514306,1710,0.005525494,1,9.5,-2.96887914E-09,-6.20109729E-15,1.816118E-15,1,0,0,0,1,0,0,0,1,-2.96887914E-09,-6.20109729E-15,1.816118E-15,1,-2.96887914E-09,-6.20109729E-15,1.816118E-15,1,0.0018505404,7.755314E-05,-0.000157145172,0.999998331,0.00365396286,0.00365396286,-0.00370108872,0.004425161,2052,0.00144383893,1,6.83999968,-2.96887825E-09,-2.36928837E-15,1.75362544E-15,1,0,0,0,1,0,0,0,1,-2.96887825E-09,-2.36928837E-15,1.75362544E-15,1,-2.96887825E-09,-2.36928837E-15,1.75362544E-15,1,0.00272761169,1.40166836E-10,-2.00785829E-11,0.999996364,0.00539324433,0.00539324433,-0.005455236,0.005695183,2052,0.00213110447,1,6.83999968,-6.988029E-10,-1.10073509E-15,3.8636455E-16,1,0,0,0,1,0.000439925352,-1.8768246E-07,0.0004266233,0.999999762,0.000439924654,-1.87682161E-07,0.0004266233,0.999999762,0.0004399247,-1.8768219E-07,0.000426623359,0.9999999,0.000319423,1.13571959E-05,0.001310821,0.9999991,0,0,0.00024101288,0.002528384,2052,0.000879215135,1,5.7,-6.988029E-10,-1.100604E-15,-7.35134336E-16,1,0,0,0,1,0.000439925352,-1.8768246E-07,0.0004266233,0.999999762,0.000439924654,-1.87682161E-07,0.0004266233,0.999999762,0.0004399247,-1.8768219E-07,0.000426623359,0.9999999,0.0002829002,0.000241978312,0.0007625907,0.9999997,0,0,0.000314255536,0.00396186253,2052,0,1,5.7,4.2001122E-10,2.060041E-15,3.64644878E-16,1,0.0301521979,0,0,0.999545336,-0.0002199627,4.69206149E-08,0.00021331168,1,0.029932335,-6.38491656E-06,0.0002132161,0.999551952,0.029932335,-6.38491656E-06,0.0002132161,0.999551952,0.0228394419,-0.000194088439,0.00315674185,0.999734163,0.0153479222,0.046117112,0.0141904345,0.0333635472,1482,0.05816253,1,5.7,-5.074521E-09,-3.65132663E-16,-5.4125903E-16,1,0.0292097349,0,0,0.9995733,-0.0002199627,4.69206149E-08,0.00021331168,1,0.02898986,-6.183876E-06,0.000213222025,0.9995797,0.02898986,-6.183876E-06,0.000213222025,0.9995797,0.0243909359,-4.86497738E-05,-1.83172074E-06,0.9997025,0.009186965,0.04878537,0.009201114,0.0237940978,1482,0.0559039153,1,5.7
HOLD_0.00_FULL,HOLD,0,61,0.61,DESCENT,None,0,1.41747367,0.00278429687,0.003498482,0.979124248,0.00243973732,0.00180913892,1.12178206,-0.04812645,-0.00200049439,0.0007459229,0.00233243383,-0.047337722,0.00113265566,-0.15471904,0.135280982,-0.179305151,0.179305136,true,8,true,true,0,0,0.00163166411,0.0009677485,0.976763844,0.976242661,0.5481088,0.5474669,0.428655028,0.4287758,0.4287758,false,0.235535085,0.235029042,0,0,0,false,false,0.2885205,0.04878537,0.0154099343,thorax,true,false,0.005199119,1.46779222E-09,-9.636216E-15,-7.331967E-15,1,0,0,0,1,0.03076044,-2.52422342E-05,0.000820218469,0.999526441,0.030760441,-2.5242236E-05,0.000820218469,0.999526441,0.030760441,-2.5242236E-05,0.000820218469,0.999526441,0.00357260834,0.0008789982,-0.00186009088,0.999991536,0.054676123,0.008228668,0.05438665,0.100637443,1710,0.007406246,1,9.5,1.46778956E-09,-2.36301758E-16,-2.05572435E-16,1,0,0,0,1,0.03076044,-2.52422342E-05,0.000820218469,0.999526441,0.030760441,-2.5242236E-05,0.000820218469,0.999526441,0.030760441,-2.5242236E-05,0.000820218469,0.999526441,0.002736923,0.000365783024,-0.00184193207,0.9999945,0.0563132,0.006623372,0.0560572,0.102640457,1710,0.00566423172,1,9.5,-2.96887914E-09,-6.20109729E-15,1.816118E-15,1,0,0,0,1,0,0,0,1,-2.96887914E-09,-6.20109729E-15,1.816118E-15,1,-2.96887914E-09,-6.20109729E-15,1.816118E-15,1,0.00179340108,7.6455246E-05,-0.0001594059,0.9999984,0.00358812045,0.00358812045,-0.00358680985,0.003965411,2052,0.00141782174,1,6.83999968,-2.96887825E-09,-2.36928837E-15,1.75362544E-15,1,0,0,0,1,0,0,0,1,-2.96887825E-09,-2.36928837E-15,1.75362544E-15,1,-2.96887825E-09,-2.36928837E-15,1.75362544E-15,1,0.002691427,1.71309564E-10,-9.80084156E-12,0.999996364,0.00539324433,0.00539324433,-0.0053828666,0.005097659,2052,0.00213110447,1,6.83999968,-6.988029E-10,-1.10073509E-15,3.8636455E-16,1,0,0,0,1,0,0,0.000410303444,0.99999994,-6.98802849E-10,2.856205E-13,0.000410303444,0.99999994,-6.98802849E-10,2.856205E-13,0.000410303444,0.99999994,0.0002939733,1.7120683E-05,0.0013280405,0.9999991,0,0,-0.000587934,0.00230914517,2052,0,1,5.7,-6.988029E-10,-1.100604E-15,-7.35134336E-16,1,0,0,0,1,0,0,0.000410303444,0.99999994,-6.98802849E-10,2.85620648E-13,0.000410303444,0.99999994,-6.98802849E-10,2.85620648E-13,0.000410303444,0.99999994,0.000235408384,0.000246349926,0.000768077,0.9999997,0,0,-0.000470615982,0.003878859,2052,0,1,5.7,4.2001122E-10,2.060041E-15,3.64644878E-16,1,0.0301521979,0,0,0.999545336,0,0,0.000205151722,1,0.0301521979,-6.18577542E-06,0.000205058444,0.999545336,0.0301521979,-6.18577542E-06,0.000205058444,0.999545336,0.0228640437,-0.000196616646,0.00316000776,0.9997336,0.0157163274,0.0461636223,0.014581142,0.035055697,1482,0.05822231,1,5.7,-5.074521E-09,-3.65132663E-16,-5.4125903E-16,1,0.0292097349,0,0,0.9995733,0,0,0.000205151722,1,0.02920973,-5.9924264E-06,0.000205064178,0.9995733,0.02920973,-5.9924264E-06,0.000205064178,0.9995733,0.024383802,-5.42275848E-05,-1.95548546E-05,0.9997027,0.009642791,0.0487707034,0.009655311,0.02510522,1482,0.0558871068,1,5.7
HOLD_0.00_FULL,HOLD,1,62,0.62,DESCENT,None,0,1.4174397,0.00178214908,0.00301096984,0.979077935,-0.00172869861,0.00178839616,1.12174082,-0.0481000543,-0.00204978744,-0.00202347734,0.00266974815,-0.0471972749,0.00109525677,-0.15471904,0.135280982,-0.179305151,0.179305136,true,8,true,true,0,0,0.00100723142,0.00034769543,0.9767118,0.976182938,0.548049331,0.547406733,0.428662479,0.4287762,0.4287762,false,0.196655616,0.196236536,0,0,0,false,false,0.289836228,0.04878537,0.0157617722,thorax,true,false,0.00519900024,1.46779222E-09,-9.636216E-15,-7.331967E-15,1,0,0,0,1,0.0107650906,-8.624498E-06,0.0008011077,0.999941766,0.0107650924,-8.624499E-06,0.0008011077,0.999941766,0.02076331,-1.69338055E-05,0.000810703146,0.9997841,0.00348208752,0.0008901541,-0.00176814466,0.999991953,0.015548558,0.008023285,0.03456676,0.06600685,1710,0.007229461,1,9.5,1.46778956E-09,-2.36301758E-16,-2.05572435E-16,1,0,0,0,1,0.0107650906,-8.624498E-06,0.0008011077,0.999941766,0.0107650924,-8.624499E-06,0.0008011077,0.999941766,0.02076331,-1.69338055E-05,0.000810703146,0.9997841,0.00263925269,0.000369008019,-0.00174678746,0.999995,0.017027,0.006328851,0.03625161,0.0680014044,1710,0.005478468,1,9.5,-2.96887914E-09,-6.20109729E-15,1.816118E-15,1,0,0,0,1,0,0,0,1,-2.96887914E-09,-6.20109729E-15,1.816118E-15,1,-2.96887914E-09,-6.20109729E-15,1.816118E-15,1,0.0018615236,7.702173E-05,-0.000157622737,0.9999983,0.00371863972,0.00371863972,-0.00372305559,0.00630962756,2052,0.00146939559,1,6.83999968,-2.96887825E-09,-2.36928837E-15,1.75362544E-15,1,0,0,0,1,0,0,0,1,-2.96887825E-09,-2.36928837E-15,1.75362544E-15,1,-2.96887825E-09,-2.36928837E-15,1.75362544E-15,1,0.002737379,-6.72805034E-10,5.1199666E-11,0.9999963,0.005437272,0.005437272,-0.00547477044,0.00687379,2052,0.00214850157,1,6.83999968,-6.988029E-10,-1.10073509E-15,3.8636455E-16,1,0,0,0,1,0,0,0.000400577061,0.99999994,-6.98802849E-10,2.78823676E-13,0.000400577061,0.99999994,-6.98802849E-10,2.78823676E-13,0.000400577061,0.99999994,0.000289619842,1.45028171E-05,0.00131761527,0.999999166,0,0,-0.0005792295,0.003106072,2052,0,1,5.7,-6.988029E-10,-1.100604E-15,-7.35134336E-16,1,0,0,0,1,0,0,0.000400577061,0.99999994,-6.98802849E-10,2.788238E-13,0.000400577061,0.99999994,-6.98802849E-10,2.788238E-13,0.000400577061,0.99999994,0.000260589848,0.0002501486,0.0007582671,0.999999642,0,0,-0.0005209807,0.005071221,2052,0,1,5.7,4.2001122E-10,2.060041E-15,3.64644878E-16,1,0.0301521979,0,0,0.999545336,0,0,0.00020028853,1,0.0301521979,-6.03913941E-06,0.000200197464,0.999545336,0.0301521979,-6.03913941E-06,0.000200197464,0.999545336,0.0228383765,-0.000202961019,0.00313611259,0.9997343,0.0157466382,0.04610677,0.0146324933,0.0355947129,1482,0.05816253,1,5.7,-5.074521E-09,-3.65132663E-16,-5.4125903E-16,1,0.0292097349,0,0,0.9995733,0,0,0.00020028853,1,0.02920973,-5.850374E-06,0.000200203067,0.9995733,0.02920973,-5.850374E-06,0.000200203067,0.9995733,0.0243858639,-5.5419423E-05,-3.372949E-05,0.999702632,0.009642791,0.0487755947,0.009651185,0.02476883,1482,0.0558927171,1,5.7
HOLD_0.00_FULL,HOLD,2,63,0.63,DESCENT,None,0,1.41741383,0.00355938077,0.004280619,0.979089,0.00441996753,0.00176769577,1.12173569,-0.04807087,-0.0020142307,0.00241447962,0.00260707177,-0.0471892878,0.0010865815,-0.15471904,0.135280982,-0.179305151,0.179305136,true,8,true,true,0,0,0.00168384158,0.00088187377,0.976725459,0.9762138,0.5480722,0.5474379,0.42865324,0.4287759,0.4287759,false,0.8278844,0.8261201,0,0,0,false,false,0.290234476,0.0487707034,0.0157163274,thorax,true,false,0.005217684,1.46779222E-09,-9.636216E-15,-7.331967E-15,1,0,0,0,1,0.030760441,-2.42075239E-05,0.0007865967,0.9995265,0.0307604428,-2.42075257E-05,0.0007865967,0.9995265,0.0307604428,-2.42075257E-05,0.0007865967,0.9995265,0.00355261657,0.00088609173,-0.00192375085,0.9999915,0.0547197163,0.008257591,0.05442658,0.100834638,1710,0.007371228,1,9.5,1.46778956E-09,-2.36301758E-16,-2.05572435E-16,1,0,0,0,1,0.030760441,-2.42075239E-05,0.0007865967,0.9995265,0.0307604428,-2.42075257E-05,0.0007865967,0.9995265,0.0307604428,-2.42075257E-05,0.0007865967,0.9995265,0.00271815318,0.000361996383,-0.00188947946,0.9999945,0.0563470647,0.006623372,0.0560947061,0.102864683,1710,0.00566423172,1,9.5,-2.96887914E-09,-6.20109729E-15,1.816118E-15,1,0,0,0,1,0,0,0,1,-2.96887914E-09,-6.20109729E-15,1.816118E-15,1,-2.96887914E-09,-6.20109729E-15,1.816118E-15,1,0.00181723014,7.742945E-05,-0.000159060291,0.9999984,0.00358812045,0.00358812045,-0.003634468,0.00404849742,2052,0.00141782174,1,6.83999968,-2.96887825E-09,-2.36928837E-15,1.75362544E-15,1,0,0,0,1,0,0,0,1,-2.96887825E-09,-2.36928837E-15,1.75362544E-15,1,-2.96887825E-09,-2.36928837E-15,1.75362544E-15,1,0.00271059782,2.76754019E-11,2.49498977E-10,0.9999963,0.005437272,0.005437272,-0.00542120868,0.00522696832,2052,0.00214850157,1,6.83999968,-6.988029E-10,-1.10073509E-15,3.8636455E-16,1,0,0,0,1,0,0,0.000393484574,0.99999994,-6.98802849E-10,2.73867436E-13,0.000393484574,0.99999994,-6.98802849E-10,2.73867436E-13,0.000393484574,0.99999994,0.000276497536,1.91896142E-05,0.00133789552,0.9999991,0,0,-0.0005529814,0.00236470927,2052,0,1,5.7,-6.988029E-10,-1.100604E-15,-7.35134336E-16,1,0,0,0,1,0,0,0.000393484574,0.99999994,-6.98802849E-10,2.73867571E-13,0.000393484574,0.99999994,-6.98802849E-10,2.73867571E-13,0.000393484574,0.99999994,0.000221085254,0.0002524536,0.000771526,0.9999997,0,0,-0.0004419732,0.003917286,2052,0,1,5.7,4.2001122E-10,2.060041E-15,3.64644878E-16,1,0.0301521979,0,0,0.999545336,0,0,0.000196742287,1,0.0301521979,-5.93221239E-06,0.000196652836,0.999545336,0.0301521979,-5.93221239E-06,0.000196652836,0.999545336,0.0228478629,-0.000200872179,0.00314788683,0.999734044,0.0157466382,0.0461274534,0.0146135166,0.03533518,1482,0.0581891052,1,5.7,-5.074521E-09,-3.65132663E-16,-5.4125903E-16,1,0.0292097349,0,0,0.9995733,0,0,0.000196742287,1,0.02920973,-5.746789E-06,0.000196658337,0.9995733,0.02920973,-5.746789E-06,0.000196658337,0.9995733,0.0243753083,-5.65864138E-05,-4.801778E-05,0.9997029,0.009692116,0.0487560369,0.009672302,0.0252675191,1482,0.0558646955,1,5.7
HOLD_0.00_FULL,HOLD,3,64,0.64,DESCENT,None,0,1.41739571,0.00335417688,0.004296828,0.9790637,0.000228956342,0.00174720993,1.12171459,-0.0480417423,-0.00202997238,-0.000127766136,0.00294845458,-0.047044728,0.00106077909,-0.15471904,0.135280982,-0.179305151,0.179305136,true,8,true,true,0,0,0.00104196253,0.000392376329,0.9766945,0.976172447,0.5480328,0.547396064,0.4286617,0.428776383,0.428776383,false,0.134280369,0.133991867,0,0,0,false,false,0.291461259,0.0487755947,0.0157466382,thorax,true,false,0.005221144,1.46779222E-09,-9.636216E-15,-7.331967E-15,1,0,0,0,1,0.0107650906,-8.26339146E-06,0.000767565332,0.999941766,0.0107650924,-8.263392E-06,0.000767565332,0.999941766,0.0207633115,-1.62358774E-05,0.0007771194,0.9997842,0.003456551,0.000896336162,-0.001812803,0.999992,0.0155944927,0.007993514,0.0346177854,0.0660991,1710,0.007193582,1,9.5,1.46778956E-09,-2.36301758E-16,-2.05572435E-16,1,0,0,0,1,0.0107650906,-8.26339146E-06,0.000767565332,0.999941766,0.0107650924,-8.263392E-06,0.000767565332,0.999941766,0.0207633115,-1.62358774E-05,0.0007771194,0.9997842,0.002613638,0.000368441659,-0.00177983241,0.999994934,0.01709687,0.006366411,0.0363028124,0.06807878,1710,0.005431034,1,9.5,-2.96887914E-09,-6.20109729E-15,1.816118E-15,1,0,0,0,1,0,0,0,1,-2.96887914E-09,-6.20109729E-15,1.816118E-15,1,-2.96887914E-09,-6.20109729E-15,1.816118E-15,1,0.0018851147,7.775231E-05,-0.000156551527,0.9999982,0.00378221087,0.00378221087,-0.00377023779,0.00634872541,2052,0.00149451534,1,6.83999968,-2.96887825E-09,-2.36928837E-15,1.75362544E-15,1,0,0,0,1,0,0,0,1,-2.96887825E-09,-2.36928837E-15,1.75362544E-15,1,-2.96887825E-09,-2.36928837E-15,1.75362544E-15,1,0.00275556766,-6.93489044E-10,-5.967808E-14,0.999996245,0.005480945,0.005480945,-0.005511148,0.006872855,2052,0.00216575875,1,6.83999968,-6.988029E-10,-1.10073509E-15,3.8636455E-16,1,0,0,0,1,0,0,0.000383804931,0.99999994,-6.98802849E-10,2.67103261E-13,0.000383804931,0.99999994,-6.98802849E-10,2.67103261E-13,0.000383804931,0.99999994,0.000276780222,1.61573444E-05,0.00132578553,0.999999166,0,0,-0.0005535494,0.00314845215,2052,0,1,5.7,-6.988029E-10,-1.100604E-15,-7.35134336E-16,1,0,0,0,1,0,0,0.000383804931,0.99999994,-6.98802849E-10,2.671034E-13,0.000383804931,0.99999994,-6.98802849E-10,2.671034E-13,0.000383804931,0.99999994,0.000252734055,0.0002552277,0.000763597258,0.999999642,0,0,-0.0005052736,0.00512244133,2052,0,1,5.7,4.2001122E-10,2.060041E-15,3.64644878E-16,1,0.0301521979,0,0,0.999545336,0,0,0.000191902465,1,0.0301521979,-5.78628124E-06,0.000191815212,0.999545336,0.0301521979,-5.78628124E-06,0.000191815212,0.999545336,0.0228140913,-0.000207034755,0.00312507781,0.9997349,0.0157919955,0.0460550264,0.0146810794,0.03583822,1482,0.05809603,1,5.7,-5.074521E-09,-3.65132663E-16,-5.4125903E-16,1,0.0292097349,0,0,0.9995733,0,0,0.000191902465,1,0.02920973,-5.605419E-06,0.000191820582,0.9995733,0.02920973,-5.605419E-06,0.000191820582,0.9995733,0.0243720543,-5.75276354E-05,-6.05704045E-05,0.99970293,0.009692116,0.0487511456,0.009678811,0.0249552932,1482,0.0558534861,1,5.7
HOLD_0.00_FULL,HOLD,4,65,0.65,DESCENT,None,0,1.41738737,0.00527799875,0.005870973,0.9790914,0.005981706,0.001726991,1.12172663,-0.0480097756,-0.00197390351,0.00406876,0.00288218842,-0.0470351651,0.00105951622,-0.15471904,0.135280982,-0.179305151,0.179305136,true,8,true,true,0,0,0.00170198991,0.0008501594,0.9767244,0.9762185,0.548071146,0.547442436,0.42865324,0.4287761,0.4287761,false,0.868911266,0.8670444,0.12607497,0.00019604493,-9.8022465E-05,false,false,0.291822731,0.0487560369,0.0157466382,thorax,true,false,0.0052380343,1.46779222E-09,-9.636216E-15,-7.331967E-15,1,0,0,0,1,0.030760441,-2.3390694E-05,0.0007600547,0.9995265,0.0307604428,-2.33906958E-05,0.0007600547,0.9995265,0.0307604428,-2.33906958E-05,0.0007600547,0.9995265,0.00352448155,0.0008902796,-0.00195140322,0.999991536,0.054776337,0.008228668,0.0544828139,0.100935087,1710,0.00733604329,1,9.5,1.46778956E-09,-2.36301758E-16,-2.05572435E-16,1,0,0,0,1,0.030760441,-2.3390694E-05,0.0007600547,0.9995265,0.0307604428,-2.33906958E-05,0.0007600547,0.9995265,0.0307604428,-2.33906958E-05,0.0007600547,0.9995265,0.00269090757,0.000362817547,-0.00190970185,0.9999945,0.05640628,0.006623372,0.05614919,0.102938369,1710,0.005572124,1,9.5,-2.96887914E-09,-6.20109729E-15,1.816118E-15,1,0,0,0,1,0,0,0,1,-2.96887914E-09,-6.20109729E-15,1.816118E-15,1,-2.96887914E-09,-6.20109729E-15,1.816118E-15,1,0.00183478743,7.794605E-05,-0.00015773467,0.9999984,0.00358812045,0.00358812045,-0.00366958277,0.00399574824,2052,0.00141782174,1,6.83999968,-2.96887825E-09,-2.36928837E-15,1.75362544E-15,1,0,0,0,1,0,0,0,1,-2.96887825E-09,-2.36928837E-15,1.75362544E-15,1,-2.96887825E-09,-2.36928837E-15,1.75362544E-15,1,0.00272304588,1.45659068E-10,2.640897E-10,0.9999963,0.005437272,0.005437272,-0.00544610433,0.005156692,2052,0.00214850157,1,6.83999968,-6.988029E-10,-1.10073509E-15,3.8636455E-16,1,0,0,0,1,9.8022465E-05,-3.72688582E-08,0.0003802073,0.99999994,9.802177E-05,-3.72685953E-08,0.0003802073,0.99999994,9.802177E-05,-3.72685953E-08,0.0003802073,0.99999994,0.000282052351,2.07107059E-05,0.00134346681,0.9999991,0,0,-0.000368045527,0.00234083133,2052,0,1,5.7,-6.988029E-10,-1.100604E-15,-7.35134336E-16,1,0,0,0,1,9.8022465E-05,-3.72688582E-08,0.0003802073,0.99999994,9.802177E-05,-3.72685953E-08,0.0003802073,0.99999994,9.802177E-05,-3.72685953E-08,0.0003802073,0.99999994,0.000230415884,0.000256809057,0.000777460169,0.999999642,0,0,-0.000264592934,0.00386521476,2052,0,1,5.7,4.2001122E-10,2.060041E-15,3.64644878E-16,1,0.0301521979,0,0,0.999545336,-4.90112361E-05,9.31721456E-09,0.000190103645,1,0.0301032085,-5.72273E-06,0.0001900175,0.9995468,0.0301032085,-5.72273E-06,0.0001900175,0.9995468,0.0228250381,-0.0002048458,0.00313524064,0.9997345,0.0157011487,0.04608608,0.0145611521,0.0351318866,1482,0.05812264,1,5.7,-5.074521E-09,-3.65132663E-16,-5.4125903E-16,1,0.0292097349,0,0,0.9995733,-4.90112361E-05,9.31721456E-09,0.000190103645,1,0.02916074,-5.54356257E-06,0.0001900228,0.9995747,0.02916074,-5.54356257E-06,0.0001900228,0.9995747,0.0243577827,-5.88294024E-05,-7.286084E-05,0.9997033,0.009618035,0.04872179,0.009609341,0.0251714271,1482,0.05581984,1,5.7
HOLD_0.00_FULL,HOLD,5,66,0.66,DESCENT,None,0,1.41738474,0.00485941768,0.005684518,0.979076564,0.00123701245,0.00170707377,1.12171757,-0.04797824,-0.00197873521,0.00102891773,0.00316746533,-0.0469071679,0.00103796774,-0.15471904,0.135280982,-0.179305151,0.179305136,true,8,true,true,0,0,0.00107888272,0.0004301992,0.9767035,0.97618705,0.548041344,0.5474105,0.428662181,0.428776562,0.428776562,false,0.103913829,0.103688784,0,0,0,false,false,0.292991042,0.0487511456,0.0157011487,thorax,true,false,0.005236857,1.46779222E-09,-9.636216E-15,-7.331967E-15,1,0,0,0,1,0.0107650906,-8.030865E-06,0.0007459665,0.999941766,0.0107650924,-8.0308655E-06,0.0007459665,0.999941766,0.0207633115,-1.57111863E-05,0.000753047934,0.9997842,0.003431545,0.00089793693,-0.0018300626,0.9999921,0.01564029,0.007963631,0.0346677564,0.06615464,1710,0.00715752365,1,9.5,1.46778956E-09,-2.36301758E-16,-2.05572435E-16,1,0,0,0,1,0.0107650906,-8.030865E-06,0.0007459665,0.999941766,0.0107650924,-8.0308655E-06,0.0007459665,0.999941766,0.0207633115,-1.57111863E-05,0.000753047934,0.9997842,0.002590229,0.0003690496,-0.0017924764,0.999995053,0.0171247385,0.0062910663,0.0363496132,0.0681077242,1710,0.00533490255,1,9.5,-2.96887914E-09,-6.20109729E-15,1.816118E-15,1,0,0,0,1,0,0,0,1,-2.96887914E-09,-6.20109729E-15,1.816118E-15,1,-2.96887914E-09,-6.20109729E-15,1.816118E-15,1,0.001901054,7.79186739E-05,-0.000155222107,0.9999983,0.00371863972,0.00371863972,-0.003802116,0.006394448,2052,0.00146939559,1,6.83999968,-2.96887825E-09,-2.36928837E-15,1.75362544E-15,1,0,0,0,1,0,0,0,1,-2.96887825E-09,-2.36928837E-15,1.75362544E-15,1,-2.96887825E-09,-2.36928837E-15,1.75362544E-15,1,0.00276368414,-7.5436285E-10,1.30045641E-10,0.9999962,0.0055242735,0.0055242735,-0.005527382,0.006853362,2052,0.00218287972,1,6.83999968,-6.988029E-10,-1.10073509E-15,3.8636455E-16,1,0,0,0,1,0,0,0.0003730049,0.99999994,-6.98802849E-10,2.59556184E-13,0.0003730049,0.99999994,-6.98802849E-10,2.59556184E-13,0.0003730049,0.99999994,0.000284456852,1.71682259E-05,0.00132875016,0.9999991,0,0,-0.0005689023,0.003199305,2052,0,1,5.7,-6.988029E-10,-1.100604E-15,-7.35134336E-16,1,0,0,0,1,0,0,0.0003730049,0.99999994,-6.98802849E-10,2.5955632E-13,0.0003730049,0.99999994,-6.98802849E-10,2.5955632E-13,0.0003730049,0.99999994,0.000266272255,0.000258576125,0.000769089442,0.9999997,0,0,-0.000532352948,0.00520886853,2052,0,1,5.7,4.2001122E-10,2.060041E-15,3.64644878E-16,1,0.0301521979,0,0,0.999545336,0,0,0.000186502453,1,0.0301521979,-5.623459E-06,0.000186417659,0.999545336,0.0301521979,-5.623459E-06,0.000186417659,0.999545336,0.02279007,-0.000210852158,0.003110051,0.9997355,0.0158221629,0.0460032225,0.0147291357,0.03600548,1482,0.05802946,1,5.7,-5.074521E-09,-3.65132663E-16,-5.4125903E-16,1,0.0292097349,0,0,0.9995733,0,0,0.000186502453,1,0.02920973,-5.44768636E-06,0.000186422869,0.9995733,0.02920973,-5.44768636E-06,0.000186422869,0.9995733,0.0243562832,-5.95797756E-05,-8.321692E-05,0.9997034,0.009692116,0.048712,0.009710366,0.0250006858,1482,0.05581984,1,5.7
HOLD_0.00_FULL,HOLD,6,67,0.67,DESCENT,None,0,1.41738617,0.006216854,0.00679912465,0.979108453,0.006373897,0.00168748468,1.12173569,-0.0479444228,-0.00191384915,0.00464665238,0.0030685938,-0.046906773,0.00104031456,-0.15471904,0.135280982,-0.179305151,0.179305136,true,8,true,true,0,0,0.00170003809,0.0008375436,0.9767375,0.9762374,0.5480834,0.547461152,0.428654075,0.428776264,0.428776264,false,0.89341253,0.891493,0.28941676,0.0005024276,-0.0002512138,false,false,0.293278128,0.04872179,0.0158070866,thorax,true,false,0.00524706533,1.46779222E-09,-9.636216E-15,-7.331967E-15,1,0,0,0,1,0.030760441,-2.28253812E-05,0.0007416855,0.9995265,0.0307604428,-2.2825383E-05,0.0007416855,0.9995265,0.0307604428,-2.2825383E-05,0.0007416855,0.9995265,0.00349632069,0.0008909478,-0.00196318864,0.999991655,0.0548285469,0.008170513,0.0545391,0.101073727,1710,0.00726516172,1,9.5,1.46778956E-09,-2.36301758E-16,-2.05572435E-16,1,0,0,0,1,0.030760441,-2.28253812E-05,0.0007416855,0.9995265,0.0307604428,-2.2825383E-05,0.0007416855,0.9995265,0.0307604428,-2.2825383E-05,0.0007416855,0.9995265,0.0026666387,0.000363716536,-0.00191854138,0.9999945,0.0564569868,0.006623372,0.05619771,0.103046909,1710,0.005572124,1,9.5,-2.96887914E-09,-6.20109729E-15,1.816118E-15,1,0,0,0,1,0,0,0,1,-2.96887914E-09,-6.20109729E-15,1.816118E-15,1,-2.96887914E-09,-6.20109729E-15,1.816118E-15,1,0.0018440783,7.807416E-05,-0.000156293972,0.999998331,0.00365396286,0.00365396286,-0.00368816452,0.00390029326,2052,0.00144383893,1,6.83999968,-2.96887825E-09,-2.36928837E-15,1.75362544E-15,1,0,0,0,1,0,0,0,1,-2.96887825E-09,-2.36928837E-15,1.75362544E-15,1,-2.96887825E-09,-2.36928837E-15,1.75362544E-15,1,0.00272421725,2.04472383E-10,3.55611263E-10,0.9999963,0.005437272,0.005437272,-0.005448447,0.00506615732,2052,0.00214850157,1,6.83999968,-6.988029E-10,-1.10073509E-15,3.8636455E-16,1,0,0,0,1,0.000251213758,-9.32049247E-08,0.0003710183,0.9999999,0.00025121306,-9.320467E-08,0.0003710183,0.9999999,0.00025121306,-9.320467E-08,0.0003710183,0.9999999,0.000312679069,2.13827279E-05,0.00134422409,0.999999046,0,0,-0.000122916332,0.00226434413,2052,0,1,5.7,-6.988029E-10,-1.100604E-15,-7.35134336E-16,1,0,0,0,1,0.000251213758,-9.32049247E-08,0.0003710183,0.9999999,0.00025121306,-9.320467E-08,0.0003710183,0.9999999,0.00025121306,-9.320467E-08,0.0003710183,0.9999999,0.000265060982,0.00025934208,0.0007820308,0.9999997,0,0,-2.75033453E-05,0.003750734,2052,0,1,5.7,4.2001122E-10,2.060041E-15,3.64644878E-16,1,0.0301521979,0,0,0.999545336,-0.0001256069,2.33012312E-08,0.000185509169,1,0.0300266482,-5.57021849E-06,0.000185425524,0.99954915,0.0300266482,-5.57021849E-06,0.000185425524,0.99954915,0.0228072368,-0.000208248137,0.00311815343,0.999735,0.0155791957,0.04604467,0.0144435773,0.03466678,1482,0.05808272,1,5.7,-5.074521E-09,-3.65132663E-16,-5.4125903E-16,1,0.0292097349,0,0,0.9995733,-0.0001256069,2.33012312E-08,0.000185509169,1,0.0290841758,-5.39538132E-06,0.00018543069,0.999577,0.0290841758,-5.39538132E-06,0.00018543069,0.999577,0.02434052,-6.06441681E-05,-9.319928E-05,0.999703765,0.009468134,0.0486826226,0.009490684,0.02488784,1482,0.0557861775,1,5.7
HOLD_0.00_FULL,HOLD,7,68,0.68,DESCENT,None,0,1.4173882,0.00528991967,0.006194376,0.9790926,0.00117333978,0.00166825729,1.12172735,-0.0479115546,-0.00191092247,0.00109937007,0.00328797428,-0.0467997268,0.00102207926,-0.15471904,0.135280982,-0.179305151,0.179305136,true,8,true,true,0,0,0.00109900406,0.0004328415,0.9767155,0.9762052,0.548052549,0.5474284,0.428662956,0.4287768,0.4287768,false,0.09114748,0.09094852,0,0,0,false,false,0.294362873,0.048712,0.0155791957,thorax,true,false,0.00524077658,1.46779222E-09,-9.636216E-15,-7.331967E-15,1,0,0,0,1,0.0107650906,-7.85347947E-06,0.000729489664,0.9999418,0.0107650924,-7.85348E-06,0.000729489664,0.9999418,0.0207633115,-1.533983E-05,0.000735624053,0.9997842,0.00340411137,0.0008970788,-0.00184156408,0.999992132,0.0156859569,0.007933636,0.03472259,0.0662771761,1710,0.00704824226,1,9.5,1.46778956E-09,-2.36301758E-16,-2.05572435E-16,1,0,0,0,1,0.0107650906,-7.85347947E-06,0.000729489664,0.9999418,0.0107650924,-7.85348E-06,0.000729489664,0.9999418,0.0207633115,-1.533983E-05,0.000735624053,0.9997842,0.0025672433,0.000369102665,-0.001801637,0.999995,0.0171664543,0.006328851,0.0363955721,0.0682026446,1710,0.00528618041,1,9.5,-2.96887914E-09,-6.20109729E-15,1.816118E-15,1,0,0,0,1,0,0,0,1,-2.96887914E-09,-6.20109729E-15,1.816118E-15,1,-2.96887914E-09,-6.20109729E-15,1.816118E-15,1,0.001911037,7.783235E-05,-0.000153862842,0.9999982,0.00378221087,0.00378221087,-0.00382208242,0.00644594245,2052,0.00149451534,1,6.83999968,-2.96887825E-09,-2.36928837E-15,1.75362544E-15,1,0,0,0,1,0,0,0,1,-2.96887825E-09,-2.36928837E-15,1.75362544E-15,1,-2.96887825E-09,-2.36928837E-15,1.75362544E-15,1,0.0027623903,-7.483204E-10,-7.900061E-11,0.9999962,0.0055242735,0.0055242735,-0.005524794,0.006851115,2052,0.00218287972,1,6.83999968,-6.988029E-10,-1.10073509E-15,3.8636455E-16,1,0,0,0,1,0,0,0.000364766,0.99999994,-6.98802849E-10,2.537988E-13,0.000364766,0.99999994,-6.98802849E-10,2.537988E-13,0.000364766,0.99999994,0.0003132694,1.72376676E-05,0.00132824853,0.999999046,0,0,-0.000626527763,0.0032423432,2052,0,1,5.7,-6.988029E-10,-1.100604E-15,-7.35134336E-16,1,0,0,0,1,0,0,0.000364766,0.99999994,-6.98802849E-10,2.53798935E-13,0.000364766,0.99999994,-6.98802849E-10,2.53798935E-13,0.000364766,0.99999994,0.000301716558,0.00026013868,0.0007727326,0.9999997,0,0,-0.0006032447,0.00529261772,2052,0.000879215135,1,5.7,4.2001122E-10,2.060041E-15,3.64644878E-16,1,0.0301521979,0,0,0.999545336,0,0,0.000182383,1,0.0301521979,-5.49924835E-06,0.000182300078,0.999545336,0.0301521979,-5.49924835E-06,0.000182300078,0.999545336,0.022769656,-0.000213934269,0.003091814,0.999735951,0.0158673041,0.04596174,0.014769976,0.03618352,1482,0.0579894744,1,5.7,-5.074521E-09,-3.65132663E-16,-5.4125903E-16,1,0.0292097349,0,0,0.9995733,0,0,0.000182383,1,0.02920973,-5.327358E-06,0.000182305172,0.9995733,0.02920973,-5.327358E-06,0.000182305172,0.9995733,0.0243414845,-6.094735E-05,-0.0001013965,0.9997037,0.00974119,0.04868752,0.009739969,0.0250388645,1482,0.0557917878,1,5.7
HOLD_0.00_FULL,HOLD,8,69,0.69000000000000006,DESCENT,None,0,1.417389,0.0061423704,0.00682809064,0.979120135,0.00597064942,0.001649444,1.12174213,-0.04787697,-0.001835552,0.00435327645,0.003154875,-0.0468101427,0.00102874835,-0.15471904,0.135280982,-0.179305151,0.179305136,true,8,true,true,0,0,0.00168893521,0.0008297884,0.976745248,0.9762517,0.5480906,0.5474752,0.428654671,0.4287765,0.4287765,false,0.907100856,0.905151963,0.380672276,0.0007148439,-0.000357421959,false,false,0.2945598,0.0486826226,0.0158221629,thorax,true,false,0.00524657173,1.46779222E-09,-9.636216E-15,-7.331967E-15,1,0,0,0,1,0.0307604428,-2.23688166E-05,0.000726849947,0.99952656,0.0307604447,-2.23688185E-05,0.000726849947,0.99952656,0.0307604447,-2.23688185E-05,0.000726849947,0.99952656,0.00346410577,0.0008898988,-0.00197694032,0.9999917,0.0548937432,0.008141281,0.05460351,0.101260051,1710,0.007229461,1,9.5,1.46778956E-09,-2.36301758E-16,-2.05572435E-16,1,0,0,0,1,0.0307604428,-2.23688166E-05,0.000726849947,0.99952656,0.0307604447,-2.23688185E-05,0.000726849947,0.99952656,0.0307604447,-2.23688185E-05,0.000726849947,0.99952656,0.002640641,0.000363621948,-0.00192966242,0.999994636,0.05649921,0.00655098353,0.0562497042,0.103204727,1710,0.005478468,1,9.5,-2.96887914E-09,-6.20109729E-15,1.816118E-15,1,0,0,0,1,0,0,0,1,-2.96887914E-09,-6.20109729E-15,1.816118E-15,1,-2.96887914E-09,-6.20109729E-15,1.816118E-15,1,0.00185139943,7.803083E-05,-0.000154925656,0.9999983,0.00371863972,0.00371863972,-0.003702807,0.00385288452,2052,0.00146939559,1,6.83999968,-2.96887825E-09,-2.36928837E-15,1.75362544E-15,1,0,0,0,1,0,0,0,1,-2.96887825E-09,-2.36928837E-15,1.75362544E-15,1,-2.96887825E-09,-2.36928837E-15,1.75362544E-15,1,0.00271952827,1.27092E-10,2.779491E-10,0.9999963,0.005437272,0.005437272,-0.005439069,0.00501982262,2052,0.00214850157,1,6.83999968,-6.988029E-10,-1.10073509E-15,3.8636455E-16,1,0,0,0,1,0.000357421959,-1.29957584E-07,0.000363597035,0.9999999,0.000357421261,-1.29957328E-07,0.000363597035,0.9999999,0.000357421261,-1.29957328E-07,0.000363597035,0.9999999,0.000353798765,2.10828584E-05,0.00134334387,0.999999046,0,0,7.260075E-06,0.00220122584,2052,0,1,5.7,-6.988029E-10,-1.100604E-15,-7.35134336E-16,1,0,0,0,1,0.000357421959,-1.29957584E-07,0.000363597035,0.9999999,0.000357421261,-1.29957328E-07,0.000363597035,0.9999999,0.000357421261,-1.29957328E-07,0.000363597035,0.9999999,0.0003118248,0.000260217726,0.000785098644,0.9999996,0,0,9.13821059E-05,0.00366561743,2052,0.000879215135,1,5.7,4.2001122E-10,2.060041E-15,3.64644878E-16,1,0.0301521979,0,0,0.999545336,-0.000178711,3.24893961E-08,0.000181798532,1,0.0299735684,-5.44915065E-06,0.000181716852,0.9995507,0.0299735684,-5.44915065E-06,0.000181716852,0.9995507,0.0227894019,-0.000210878061,0.00309997518,0.999735534,0.0154871009,0.04599804,0.0143730575,0.0343988352,1482,0.058036115,1,5.7,-5.074521E-09,-3.65132663E-16,-5.4125903E-16,1,0.0292097349,0,0,0.9995733,-0.000178711,3.24893961E-08,0.000181798532,1,0.0290310942,-5.27781049E-06,0.0001817219,0.999578536,0.0290310942,-5.27781049E-06,0.0001817219,0.999578536,0.02432483,-6.16396137E-05,-0.000109382723,0.9997041,0.009417636,0.0486532263,0.009415863,0.0247190222,1482,0.0557524934,1,5.7
HOLD_0.00_FULL,HOLD,9,70,0.70000000000000007,DESCENT,None,0,1.41738737,0.0049302876,0.006061261,0.9790986,0.000649355352,0.0016311073,1.12172878,-0.0478436537,-0.00182067452,0.0006173955,0.00333331455,-0.0467164926,0.00101544615,-0.15471904,0.135280982,-0.179305151,0.179305136,true,8,true,true,0,0,0.00110046309,0.000421070959,0.9767177,0.9762142,0.548054457,0.5474371,0.428663254,0.4287771,0.4287771,false,0.08219582,0.0820163861,0,0,0,false,false,0.29555735,0.04868752,0.0155332163,thorax,true,false,0.00523814745,1.46779222E-09,-9.636216E-15,-7.331967E-15,1,0,0,0,1,0.0107650906,-7.710041E-06,0.000716166047,0.9999418,0.0107650924,-7.710042E-06,0.000716166047,0.9999418,0.0207618233,-1.50387286E-05,0.000721543038,0.999784231,0.00336967828,0.000895296747,-0.001859114,0.999992251,0.0157466382,0.007873303,0.0347884558,0.0664514452,1710,0.00697443634,1,9.5,1.46778956E-09,-2.36301758E-16,-2.05572435E-16,1,0,0,0,1,0.0107650906,-7.710041E-06,0.000716166047,0.9999418,0.0107650924,-7.710042E-06,0.000716166047,0.9999418,0.0207618233,-1.50387286E-05,0.000721543038,0.999784231,0.00253946125,0.000368113251,-0.00181598344,0.999995053,0.01722192,0.0062910663,0.0364481471,0.0683467463,1710,0.005237006,1,9.5,-2.96887914E-09,-6.20109729E-15,1.816118E-15,1,0,0,0,1,0,0,0,1,-2.96887914E-09,-6.20109729E-15,1.816118E-15,1,-2.96887914E-09,-6.20109729E-15,1.816118E-15,1,0.00192027318,7.769732E-05,-0.000152612978,0.9999982,0.00378221087,0.00378221087,-0.00384055474,0.00649511,2052,0.00149451534,1,6.83999968,-2.96887825E-09,-2.36928837E-15,1.75362544E-15,1,0,0,0,1,0,0,0,1,-2.96887825E-09,-2.36928837E-15,1.75362544E-15,1,-2.96887825E-09,-2.36928837E-15,1.75362544E-15,1,0.00275773485,-6.50654752E-10,1.56754637E-10,0.9999962,0.0055242735,0.0055242735,-0.005515483,0.006865095,2052,0.00218287972,1,6.83999968,-6.988029E-10,-1.10073509E-15,3.8636455E-16,1,0,0,0,1,0,0,0.0003581038,0.99999994,-6.98802849E-10,2.49143235E-13,0.0003581038,0.99999994,-6.98802849E-10,2.49143235E-13,0.0003581038,0.99999994,0.000349888316,1.65529855E-05,0.00132784108,0.999999046,0,0,-0.000699766329,0.00326419156,2052,0,1,5.7,-6.988029E-10,-1.100604E-15,-7.35134336E-16,1,0,0,0,1,0,0,0.0003581038,0.99999994,-6.98802849E-10,2.49143371E-13,0.0003581038,0.99999994,-6.98802849E-10,2.49143371E-13,0.0003581038,0.99999994,0.0003454089,0.0002603638,0.000775678258,0.9999996,0,0,-0.000690632733,0.00534250541,2052,0.000879215135,1,5.7,4.2001122E-10,2.060041E-15,3.64644878E-16,1,0.0301521979,0,0,0.999545336,0,0,0.0001790519,1,0.0301521979,-5.3988083E-06,0.0001789705,0.999545336,0.0301521979,-5.3988083E-06,0.0001789705,0.999545336,0.0227484424,-0.000216207336,0.00307479035,0.9997365,0.015897328,0.0459150262,0.0148124173,0.036363747,1482,0.0579294525,1,5.7,-5.074521E-09,-3.65132663E-16,-5.4125903E-16,1,0.0292097349,0,0,0.9995733,0,0,0.0001790519,1,0.02920973,-5.23005747E-06,0.0001789755,0.9995733,0.02920973,-5.23005747E-06,0.0001789755,0.9995733,0.0243269261,-6.155619E-05,-0.000115800525,0.999704063,0.009790018,0.0486581251,0.009769096,0.0251089968,1482,0.0557581037,1,5.7
HOLD_0.00_FULL,HOLD,10,71,0.71,DESCENT,None,0,1.4173826,0.00559481233,0.00645357557,0.9791205,0.00543251634,0.001613335,1.12173808,-0.0478088036,-0.001731271,0.00383233279,0.00319822947,-0.04672732,0.00102790329,-0.15471904,0.135280982,-0.179305151,0.179305136,true,8,true,true,0,0,0.001664752,0.00081567053,0.976742148,0.9762553,0.5480873,0.5474784,0.42865485,0.42877692,0.42877692,false,0.9191087,0.9171339,0.4607245,0.000909141148,-0.000454570574,false,false,0.2956677,0.0486532263,0.0158221629,thorax,true,false,0.005242865,1.46779222E-09,-9.636216E-15,-7.331967E-15,1,0,0,0,1,0.0307604428,-2.201917E-05,0.0007154886,0.99952656,0.0307604447,-2.20191723E-05,0.0007154886,0.99952656,0.0307604447,-2.20191723E-05,0.0007154886,0.99952656,0.003423782,0.00088809483,-0.001997651,0.9999918,0.0549762137,0.008111943,0.05468413,0.101484142,1710,0.00712128263,1,9.5,1.46778956E-09,-2.36301758E-16,-2.05572435E-16,1,0,0,0,1,0.0307604428,-2.201917E-05,0.0007154886,0.99952656,0.0307604447,-2.20191723E-05,0.0007154886,0.99952656,0.0307604447,-2.20191723E-05,0.0007154886,0.99952656,0.00260800682,0.0003622602,-0.00194684986,0.999994636,0.0565709062,0.00655098353,0.0563149564,0.103399158,1710,0.005383183,1,9.5,-2.96887914E-09,-6.20109729E-15,1.816118E-15,1,0,0,0,1,0,0,0,1,-2.96887914E-09,-6.20109729E-15,1.816118E-15,1,-2.96887914E-09,-6.20109729E-15,1.816118E-15,1,0.00185849,7.796913E-05,-0.000153747431,0.999998331,0.00365396286,0.00365396286,-0.003716988,0.00380770047,2052,0.00144383893,1,6.83999968,-2.96887825E-09,-2.36928837E-15,1.75362544E-15,1,0,0,0,1,0,0,0,1,-2.96887825E-09,-2.36928837E-15,1.75362544E-15,1,-2.96887825E-09,-2.36928837E-15,1.75362544E-15,1,0.002713721,1.96317448E-10,3.34643258E-10,0.9999963,0.005437272,0.005437272,-0.0054274546,0.00498774927,2052,0.00214850157,1,6.83999968,-6.988029E-10,-1.10073509E-15,3.8636455E-16,1,0,0,0,1,0.000454570516,-1.6269702E-07,0.000357913668,0.9999998,0.000454569818,-1.62696765E-07,0.000357913668,0.9999998,0.000454569818,-1.62696765E-07,0.000357913668,0.9999998,0.0003995404,2.037465E-05,0.00134381012,0.9999991,0,0,0.000110073182,0.002133225,2052,0.000879215135,1,5.7,-6.988029E-10,-1.100604E-15,-7.35134336E-16,1,0,0,0,1,0.000454570516,-1.6269702E-07,0.000357913668,0.9999998,0.000454569818,-1.62696765E-07,0.000357913668,0.9999998,0.000454569818,-1.62696765E-07,0.000357913668,0.9999998,0.000362639024,0.000260123081,0.0007882374,0.999999642,0,0,0.000184047851,0.00356998947,2052,0,1,5.7,4.2001122E-10,2.060041E-15,3.64644878E-16,1,0.0301521979,0,0,0.999545336,-0.000227285287,4.067426E-08,0.000178956849,1,0.0299250167,-5.3552867E-06,0.000178876711,0.9995522,0.0299250167,-5.3552867E-06,0.000178876711,0.9995522,0.0227695629,-0.000212682047,0.00308481022,0.999736,0.0154253989,0.045956552,0.0143155977,0.0341862366,1482,0.05798281,1,5.7,-5.074521E-09,-3.65132663E-16,-5.4125903E-16,1,0.0292097349,0,0,0.9995733,-0.000227285287,4.067426E-08,0.000178956849,1,0.02898254,-5.186624E-06,0.000178881673,0.9995799,0.02898254,-5.186624E-06,0.000178881673,0.9995799,0.0243080016,-6.20410137E-05,-0.000122226324,0.9997045,0.009392286,0.04862381,0.009352382,0.0246103834,1482,0.0557075441,1,5.7
HOLD_0.00_FULL,HOLD,11,72,0.72,DESCENT,None,0,1.41737556,0.0044106096,0.00582552236,0.979094446,0.000236012042,0.00159617863,1.12171984,-0.04777518,-0.00170288,0.000176956135,0.00336693577,-0.0466366559,0.001020352,-0.15471904,0.135280982,-0.179305151,0.179305136,true,8,true,true,0,0,0.00109522371,0.000412205671,0.9767104,0.9762132,0.5480471,0.5474357,0.428663254,0.428777516,0.428777516,false,0.0690851063,0.0689343,0,0,0,false,false,0.296595573,0.0486581251,0.0154716987,thorax,true,false,0.005235162,1.46779222E-09,-9.636216E-15,-7.331967E-15,1,0,0,0,1,0.0107650906,-7.61173851E-06,0.000707034953,0.9999418,0.0107650924,-7.61173942E-06,0.000707034953,0.9999418,0.0207618233,-1.48147683E-05,0.0007112965,0.999784231,0.00332734571,0.0008925181,-0.001882669,0.9999924,0.0158221629,0.007812505,0.0348730944,0.0666528344,1710,0.006899841,1,9.5,1.46778956E-09,-2.36301758E-16,-2.05572435E-16,1,0,0,0,1,0.0107650906,-7.61173851E-06,0.000707034953,0.9999418,0.0107650924,-7.61173942E-06,0.000707034953,0.9999418,0.0207618233,-1.48147683E-05,0.0007112965,0.999784231,0.00250450755,0.000365519139,-0.00183554634,0.9999952,0.0172772072,0.006214808,0.0365180448,0.06851966,1710,0.005237006,1,9.5,-2.96887914E-09,-6.20109729E-15,1.816118E-15,1,0,0,0,1,0,0,0,1,-2.96887914E-09,-6.20109729E-15,1.816118E-15,1,-2.96887914E-09,-6.20109729E-15,1.816118E-15,1,0.00192892156,7.752118E-05,-0.000151625325,0.9999982,0.00378221087,0.00378221087,-0.00385785149,0.00654012244,2052,0.00149451534,1,6.83999968,-2.96887825E-09,-2.36928837E-15,1.75362544E-15,1,0,0,0,1,0,0,0,1,-2.96887825E-09,-2.36928837E-15,1.75362544E-15,1,-2.96887825E-09,-2.36928837E-15,1.75362544E-15,1,0.00275337766,-5.890357E-10,-3.73180861E-11,0.999996245,0.005480945,0.005480945,-0.005506769,0.006883684,2052,0.00216575875,1,6.83999968,-6.988029E-10,-1.10073509E-15,3.8636455E-16,1,0,0,0,1,0,0,0.000353538,0.99999994,-6.98802849E-10,2.45952645E-13,0.000353538,0.99999994,-6.98802849E-10,2.45952645E-13,0.000353538,0.99999994,0.000389808061,1.5802425E-05,0.00132954586,0.999999046,0,0,-0.00077960646,0.0032817726,2052,0,1,5.7,-6.988029E-10,-1.100604E-15,-7.35134336E-16,1,0,0,0,1,0,0,0.000353538,0.99999994,-6.98802849E-10,2.45952781E-13,0.000353538,0.99999994,-6.98802849E-10,2.45952781E-13,0.000353538,0.99999994,0.000390761357,0.00025991298,0.000779292837,0.999999642,0,0,-0.0007813403,0.00537783839,2052,0,1,5.7,4.2001122E-10,2.060041E-15,3.64644878E-16,1,0.0301521979,0,0,0.999545336,0,0,0.000176769,1,0.0301521979,-5.32997365E-06,0.000176688627,0.999545336,0.0301521979,-5.32997365E-06,0.000176688627,0.999545336,0.022724919,-0.000217621317,0.0030620615,0.999737,0.0159422569,0.0458682664,0.0148594771,0.0365648,1482,0.0578693673,1,5.7,-5.074521E-09,-3.65132663E-16,-5.4125903E-16,1,0.0292097349,0,0,0.9995733,0,0,0.000176769,1,0.02920973,-5.16337468E-06,0.000176693575,0.9995733,0.02920973,-5.16337468E-06,0.000176693575,0.9995733,0.0243099257,-6.17513651E-05,-0.0001272068,0.9997045,0.009814342,0.04862381,0.009803104,0.02521595,1482,0.0557187833,1,5.7
HOLD_0.00_FULL,HOLD,12,73,0.73,DESCENT,None,0,1.41736591,0.005117655,0.00613286672,0.9791133,0.005155608,0.0015797267,1.121726,-0.0477398634,-0.00159980264,0.00353426742,0.00326110632,-0.04663712,0.001038754,-0.15471904,0.135280982,-0.179305151,0.179305136,true,8,true,true,0,0,0.00163690466,0.0007970682,0.976732135,0.9762513,0.548077345,0.5474739,0.4286548,0.4287774,0.4287774,false,0.934880435,0.9328719,0.5658695,0.001159275,-0.0005796375,false,false,0.296641022,0.04862381,0.01585227,thorax,true,false,0.00524058333,1.46779222E-09,-9.636216E-15,-7.331967E-15,1,0,0,0,1,0.0307604428,-2.18189234E-05,0.0007089818,0.99952656,0.0307604447,-2.18189252E-05,0.0007089818,0.99952656,0.0307604447,-2.18189252E-05,0.0007089818,0.99952656,0.00337575725,0.0008848709,-0.002022225,0.9999919,0.0550758839,0.008052946,0.05478016,0.101729617,1710,0.00704824226,1,9.5,1.46778956E-09,-2.36301758E-16,-2.05572435E-16,1,0,0,0,1,0.0307604428,-2.18189234E-05,0.0007089818,0.99952656,0.0307604447,-2.18189252E-05,0.0007089818,0.99952656,0.0307604447,-2.18189252E-05,0.0007089818,0.99952656,0.00256787334,0.000358976074,-0.00196723756,0.9999947,0.0566509366,0.00651448732,0.0563952141,0.103616685,1710,0.00533490255,1,9.5,-2.96887914E-09,-6.20109729E-15,1.816118E-15,1,0,0,0,1,0,0,0,1,-2.96887914E-09,-6.20109729E-15,1.816118E-15,1,-2.96887914E-09,-6.20109729E-15,1.816118E-15,1,0.0018634724,7.783115E-05,-0.000152852968,0.9999983,0.00371863972,0.00371863972,-0.00372695317,0.0037364224,2052,0.00146939559,1,6.83999968,-2.96887825E-09,-2.36928837E-15,1.75362544E-15,1,0,0,0,1,0,0,0,1,-2.96887825E-09,-2.36928837E-15,1.75362544E-15,1,-2.96887825E-09,-2.36928837E-15,1.75362544E-15,1,0.00270851934,9.129255E-11,1.4891377E-10,0.999996364,0.00539324433,0.00539324433,-0.00541705126,0.004943056,2052,0.00213110447,1,6.83999968,-6.988029E-10,-1.10073509E-15,3.8636455E-16,1,0,0,0,1,0.000579637359,-2.05573485E-07,0.0003546587,0.999999762,0.00057963666,-2.05573244E-07,0.0003546587,0.999999762,0.00057963666,-2.05573244E-07,0.0003546587,0.999999762,0.000451734842,1.992016E-05,0.001346708,0.999999,0,0.00284714461,0.000255817431,0.00205283868,2052,0.000879215135,1,5.7,-6.988029E-10,-1.100604E-15,-7.35134336E-16,1,0,0,0,1,0.000579637359,-2.05573485E-07,0.0003546587,0.999999762,0.00057963666,-2.05573244E-07,0.0003546587,0.999999762,0.00057963666,-2.05573244E-07,0.0003546587,0.999999762,0.000416987343,0.0002595564,0.000792395032,0.999999642,0,0,0.000325482863,0.00344858877,2052,0,1,5.7,4.2001122E-10,2.060041E-15,3.64644878E-16,1,0.0301521979,0,0,0.999545336,-0.000289818738,5.13933749E-08,0.000177329362,0.99999994,0.02986251,-5.2955E-06,0.000177250287,0.999554038,0.02986251,-5.2955E-06,0.000177250287,0.999554038,0.02274823,-0.00021356059,0.003074705,0.999736547,0.0153479222,0.0459098332,0.0142332111,0.0338975,1482,0.05792278,1,5.7,-5.074521E-09,-3.65132663E-16,-5.4125903E-16,1,0.0292097349,0,0,0.9995733,-0.000289818738,5.13933749E-08,0.000177329362,0.99999994,0.0289200321,-5.12837141E-06,0.000177255191,0.9995817,0.0289200321,-5.12837141E-06,0.000177255191,0.9995817,0.0242870543,-6.219771E-05,-0.000132226836,0.9997051,0.009264493,0.0485747531,0.00926922448,0.0244782772,1482,0.0556625649,1,5.7
HOLD_0.00_FULL,HOLD,13,74,0.74,DESCENT,None,0,1.41735578,0.004113592,0.00574430451,0.979086339,0.000146448612,0.00156400469,1.12170625,-0.04770554,-0.00156071573,3.623748E-05,0.00343296072,-0.0465446934,0.001036254,-0.15471904,0.135280982,-0.179305151,0.179305136,true,8,true,true,0,0,0.00110012875,0.0004117373,0.9766997,0.976208031,0.548036456,0.5474301,0.428663254,0.428777933,0.428777933,false,0.04959526,0.0494878478,0,0,0,false,false,0.297511816,0.04862381,0.0154099343,thorax,true,false,0.005234556,1.46779222E-09,-9.636216E-15,-7.331967E-15,1,0,0,0,1,0.0107650906,-7.56997224E-06,0.0007031554,0.9999418,0.0107650924,-7.569973E-06,0.0007031554,0.9999418,0.0207633134,-1.46948323E-05,0.000706103747,0.9997842,0.00327935559,0.000887518865,-0.00190722034,0.99999243,0.0159422569,0.00778192747,0.0349720381,0.06685973,1710,0.00678641163,1,9.5,1.46778956E-09,-2.36301758E-16,-2.05572435E-16,1,0,0,0,1,0.0107650906,-7.56997224E-06,0.0007031554,0.9999418,0.0107650924,-7.569973E-06,0.0007031554,0.9999418,0.0207633134,-1.46948323E-05,0.000706103747,0.9997842,0.00246339128,0.0003606118,-0.00185599481,0.999995232,0.0173735376,0.006176326,0.03660325,0.0687011,1710,0.00508662965,1,9.5,-2.96887914E-09,-6.20109729E-15,1.816118E-15,1,0,0,0,1,0,0,0,1,-2.96887914E-09,-6.20109729E-15,1.816118E-15,1,-2.96887914E-09,-6.20109729E-15,1.816118E-15,1,0.00193517492,7.71637351E-05,-0.000150968423,0.9999982,0.00378221087,0.00378221087,-0.00387035822,0.00658787461,2052,0.00149451534,1,6.83999968,-2.96887825E-09,-2.36928837E-15,1.75362544E-15,1,0,0,0,1,0,0,0,1,-2.96887825E-09,-2.36928837E-15,1.75362544E-15,1,-2.96887825E-09,-2.36928837E-15,1.75362544E-15,1,0.00274996855,-4.89129459E-10,1.927234E-10,0.999996245,0.005480945,0.005480945,-0.00549995,0.006902171,2052,0.00216575875,1,6.83999968,-6.988029E-10,-1.10073509E-15,3.8636455E-16,1,0,0,0,1,0,0,0.0003515981,0.99999994,-6.98802849E-10,2.4459704E-13,0.0003515981,0.99999994,-6.98802849E-10,2.4459704E-13,0.0003515981,0.99999994,0.000435277645,1.543929E-05,0.001333502,0.999999,0,0.00284714461,-0.000870546035,0.00331438822,2052,0.000879215135,1,5.7,-6.988029E-10,-1.100604E-15,-7.35134336E-16,1,0,0,0,1,0,0,0.0003515981,0.99999994,-6.98802849E-10,2.44597176E-13,0.0003515981,0.99999994,-6.98802849E-10,2.44597176E-13,0.0003515981,0.99999994,0.000438868447,0.000258996821,0.0007839751,0.9999996,0,0,-0.0008775561,0.00542716449,2052,0.000879215135,1,5.7,4.2001122E-10,2.060041E-15,3.64644878E-16,1,0.0301521979,0,0,0.999545336,0,0,0.000175799054,1,0.0301521979,-5.300728E-06,0.00017571912,0.999545336,0.0301521979,-5.300728E-06,0.00017571912,0.999545336,0.0226993747,-0.000218067158,0.00305453828,0.9997376,0.01598706,0.0458162539,0.0149105787,0.0368128121,1482,0.0578025356,1,5.7,-5.074521E-09,-3.65132663E-16,-5.4125903E-16,1,0.0292097349,0,0,0.9995733,0,0,0.000175799054,1,0.02920973,-5.13504256E-06,0.000175724039,0.9995733,0.02920973,-5.13504256E-06,0.000175724039,0.9995733,0.02428856,-6.17680562E-05,-0.000135802766,0.999705,0.009838604,0.048579663,0.009845852,0.0253474861,1482,0.05566819,1,5.7
HOLD_0.00_FULL,HOLD,14,75,0.75,DESCENT,None,0,1.41734385,0.00489126146,0.00597413676,0.9791053,0.005163692,0.00154908956,1.12171245,-0.047669284,-0.00144768576,0.0035253088,0.00336918584,-0.04653,0.00105955813,-0.15471904,0.135280982,-0.179305151,0.179305136,true,8,true,true,0,0,0.00161267957,0.000778754,0.976722062,0.9762459,0.5480671,0.547468,0.428654969,0.428777874,0.428777874,false,0.955456555,0.9534204,0.70304364,0.00150030677,-0.0007501534,false,false,0.297507346,0.0485747531,0.0158823226,thorax,true,false,0.005240558,1.46779222E-09,-9.636216E-15,-7.331967E-15,1,0,0,0,1,0.0307604428,-2.17837587E-05,0.00070783915,0.99952656,0.0307604447,-2.178376E-05,0.00070783915,0.99952656,0.0307604447,-2.178376E-05,0.00070783915,0.99952656,0.0033224842,0.0008790025,-0.00204500719,0.9999921,0.0551840141,0.007963631,0.0548867,0.101990208,1710,0.00693723932,1,9.5,1.46778956E-09,-2.36301758E-16,-2.05572435E-16,1,0,0,0,1,0.0307604428,-2.17837587E-05,0.00070783915,0.99952656,0.0307604447,-2.178376E-05,0.00070783915,0.99952656,0.0307604447,-2.178376E-05,0.00070783915,0.99952656,0.00252187648,0.000353339157,-0.00198611687,0.9999949,0.05673926,0.006403751,0.0564871952,0.1038521,1710,0.00518736476,1,9.5,-2.96887914E-09,-6.20109729E-15,1.816118E-15,1,0,0,0,1,0,0,0,1,-2.96887914E-09,-6.20109729E-15,1.816118E-15,1,-2.96887914E-09,-6.20109729E-15,1.816118E-15,1,0.00186435739,7.747409E-05,-0.000152246808,0.999998331,0.00365396286,0.00365396286,-0.00372872269,0.003630436,2052,0.00144383893,1,6.83999968,-2.96887825E-09,-2.36928837E-15,1.75362544E-15,1,0,0,0,1,0,0,0,1,-2.96887825E-09,-2.36928837E-15,1.75362544E-15,1,-2.96887825E-09,-2.36928837E-15,1.75362544E-15,1,0.00270334375,1.14039243E-10,1.01771765E-10,0.999996364,0.00539324433,0.00539324433,-0.0054067,0.004874962,2052,0.00213110447,1,6.83999968,-6.988029E-10,-1.10073509E-15,3.8636455E-16,1,0,0,0,1,0.0007501533,-2.656197E-07,0.000354087038,0.999999642,0.0007501526,-2.65619434E-07,0.000354087038,0.999999642,0.0007501526,-2.65619434E-07,0.000354087038,0.999999642,0.000515194959,1.99369661E-05,0.00135133334,0.9999989,0,0.00292968773,0.000469929044,0.00196203357,2052,0.00124339806,1,5.7,-6.988029E-10,-1.100604E-15,-7.35134336E-16,1,0,0,0,1,0.0007501533,-2.656197E-07,0.000354087038,0.999999642,0.0007501526,-2.65619434E-07,0.000354087038,0.999999642,0.0007501526,-2.65619434E-07,0.000354087038,0.999999642,0.000479147246,0.000258475717,0.0007974886,0.9999996,0,0,0.000542193942,0.003304356,2052,0.000879215135,1,5.7,4.2001122E-10,2.060041E-15,3.64644878E-16,1,0.0301521979,0,0,0.999545336,-0.000375076721,6.640492E-08,0.000177043563,0.99999994,0.02977729,-5.271878E-06,0.00017696507,0.9995566,0.02977729,-5.271878E-06,0.00017696507,0.9995566,0.022726154,-0.0002134064,0.00306955585,0.999736965,0.0152387936,0.0458734669,0.0141068539,0.0334797874,1482,0.0578760467,1,5.7,-5.074521E-09,-3.65132663E-16,-5.4125903E-16,1,0.0292097349,0,0,0.9995733,-0.000375076721,6.640492E-08,0.000177043563,0.99999994,0.02883481,-5.105018E-06,0.000176969959,0.9995842,0.02883481,-5.105018E-06,0.000176969959,0.9995842,0.0242605843,-6.222869E-05,-0.000139356256,0.999705732,0.009134914,0.04852072,0.00915166549,0.0242746584,1482,0.0556006543,1,5.7
HOLD_0.00_FULL,HOLD,15,76,0.76,DESCENT,None,0,1.41733313,0.004057333,0.005784685,0.979079545,0.000272147357,0.00153496361,1.12169337,-0.04763378,-0.00140265562,0.000122393074,0.00353824161,-0.04643734,0.001060663,-0.15471904,0.135280982,-0.179305151,0.179305136,true,8,true,true,0,0,0.0011188041,0.000417117262,0.976691,0.9762032,0.5480274,0.5474249,0.4286636,0.4287783,0.4287783,false,0.0263806526,0.0263235178,0,0,0,false,false,0.29833284,0.048579663,0.0152856587,thorax,true,false,0.005235851,1.46779222E-09,-9.636216E-15,-7.331967E-15,1,0,0,0,1,0.0107650906,-7.58327269E-06,0.00070439087,0.9999418,0.0107650924,-7.5832736E-06,0.00070439087,0.9999418,0.0207633134,-1.46838993E-05,0.0007061502,0.9997842,0.0032277694,0.000879237661,-0.00192819478,0.9999926,0.0160466023,0.007689466,0.0350752,0.0670652539,1710,0.00667105336,1,9.5,1.46778956E-09,-2.36301758E-16,-2.05572435E-16,1,0,0,0,1,0.0107650906,-7.58327269E-06,0.00070439087,0.9999418,0.0107650924,-7.5832736E-06,0.00070439087,0.9999418,0.0207633134,-1.46838993E-05,0.0007061502,0.9997842,0.002417614,0.000353101059,-0.00187349867,0.999995232,0.0174966119,0.006176326,0.03669479,0.0688848,1710,0.00498385867,1,9.5,-2.96887914E-09,-6.20109729E-15,1.816118E-15,1,0,0,0,1,0,0,0,1,-2.96887914E-09,-6.20109729E-15,1.816118E-15,1,-2.96887914E-09,-6.20109729E-15,1.816118E-15,1,0.00193795224,7.64923461E-05,-0.000150594045,0.999998152,0.003844731,0.003844731,-0.00387591287,0.00664881337,2052,0.00151921972,1,6.83999968,-2.96887825E-09,-2.36928837E-15,1.75362544E-15,1,0,0,0,1,0,0,0,1,-2.96887825E-09,-2.36928837E-15,1.75362544E-15,1,-2.96887825E-09,-2.36928837E-15,1.75362544E-15,1,0.002746581,-4.92492769E-10,2.080014E-10,0.9999963,0.005437272,0.005437272,-0.005493175,0.00692261942,2052,0.00214850157,1,6.83999968,-6.988029E-10,-1.10073509E-15,3.8636455E-16,1,0,0,0,1,0,0,0.000352215866,0.99999994,-6.98802849E-10,2.45028742E-13,0.000352215866,0.99999994,-6.98802849E-10,2.45028742E-13,0.000352215866,0.99999994,0.000490756647,1.544329E-05,0.00133857888,0.999999046,0,0,-0.0009815039,0.00337492558,2052,0.00124339806,1,5.7,-6.988029E-10,-1.100604E-15,-7.35134336E-16,1,0,0,0,1,0,0,0.000352215866,0.99999994,-6.98802849E-10,2.45028878E-13,0.000352215866,0.99999994,-6.98802849E-10,2.45028878E-13,0.000352215866,0.99999994,0.000494567037,0.000257369073,0.000789276848,0.9999995,0,0,-0.0009889542,0.005512699,2052,0.00124339806,1,5.7,4.2001122E-10,2.060041E-15,3.64644878E-16,1,0.0301521979,0,0,0.999545336,0,0,0.000176107933,1,0.0301521979,-5.310041E-06,0.000176027868,0.999545336,0.0301521979,-5.310041E-06,0.000176027868,0.999545336,0.0226716436,-0.000217465786,0.00305146165,0.999738336,0.01601686,0.0457537621,0.0149660613,0.0371255055,1482,0.0577356219,1,5.7,-5.074521E-09,-3.65132663E-16,-5.4125903E-16,1,0.0292097349,0,0,0.9995733,0,0,0.000176107933,1,0.02920973,-5.144065E-06,0.000176032787,0.9995733,0.02920973,-5.144065E-06,0.000176032787,0.9995733,0.0242619216,-6.16095858E-05,-0.0001414354,0.9997056,0.009935064,0.04853055,0.00989914,0.025499614,1482,0.0556006543,1,5.7
HOLD_0.00_FULL,HOLD,16,77,0.77,DESCENT,None,0,1.41732037,0.004812777,0.00587765267,0.9790998,0.00528753549,0.00152169738,1.121701,-0.0475961976,-0.00128413946,0.00365210674,0.00351463282,-0.04640774,0.001087471,-0.15471904,0.135280982,-0.179305151,0.179305136,true,8,true,true,0,0,0.00159213354,0.0007606001,0.9767151,0.9762423,0.5480596,0.5474639,0.4286555,0.4287784,0.4287784,false,0.9790912,0.977004766,0.86060816,0.00192981691,-0.000964908453,false,false,0.298284262,0.04852072,0.0159422569,thorax,true,false,0.005241599,1.46779222E-09,-9.636216E-15,-7.331967E-15,1,0,0,0,1,0.0307604428,-2.18935529E-05,0.0007114068,0.99952656,0.0307604447,-2.18935547E-05,0.0007114068,0.99952656,0.0307604447,-2.18935547E-05,0.0007114068,0.99952656,0.00326518016,0.0008697947,-0.00206289673,0.9999922,0.0553048663,0.00790352747,0.0550012961,0.102274865,1710,0.00678641163,1,9.5,1.46778956E-09,-2.36301758E-16,-2.05572435E-16,1,0,0,0,1,0.0307604428,-2.18935529E-05,0.0007114068,0.99952656,0.0307604447,-2.18935547E-05,0.0007114068,0.99952656,0.0307604447,-2.18935547E-05,0.0007114068,0.99952656,0.00247101276,0.000345335837,-0.00200113235,0.9999949,0.0568526164,0.006403751,0.0565889142,0.10411378,1710,0.00508662965,1,9.5,-2.96887914E-09,-6.20109729E-15,1.816118E-15,1,0,0,0,1,0,0,0,1,-2.96887914E-09,-6.20109729E-15,1.816118E-15,1,-2.96887914E-09,-6.20109729E-15,1.816118E-15,1,0.00186098076,7.68057653E-05,-0.000151870132,0.999998331,0.00365396286,0.00365396286,-0.00372196943,0.0034974257,2052,0.00144383893,1,6.83999968,-2.96887825E-09,-2.36928837E-15,1.75362544E-15,1,0,0,0,1,0,0,0,1,-2.96887825E-09,-2.36928837E-15,1.75362544E-15,1,-2.96887825E-09,-2.36928837E-15,1.75362544E-15,1,0.00269725337,5.471796E-11,-2.85531432E-10,0.9999964,0.005348855,0.005348855,-0.00539451838,0.00478831,2052,0.00211356417,1,6.83999968,-6.988029E-10,-1.10073509E-15,3.8636455E-16,1,0,0,0,1,0.0009649083,-3.433837E-07,0.000355871656,0.999999464,0.0009649076,-3.43383448E-07,0.000355871656,0.999999464,0.0009649076,-3.43383448E-07,0.000355871656,0.999999464,0.000593757431,2.02215324E-05,0.00135643582,0.999999,0,0.00284714461,0.000742314442,0.0018708061,2052,0.00152284536,1,5.7,-6.988029E-10,-1.100604E-15,-7.35134336E-16,1,0,0,0,1,0.0009649083,-3.433837E-07,0.000355871656,0.999999464,0.0009649076,-3.43383448E-07,0.000355871656,0.999999464,0.0009649076,-3.43383448E-07,0.000355871656,0.999999464,0.000553934253,0.0002565232,0.000802842143,0.9999996,0,0,0.0008221296,0.00315204053,2052,0.00152284536,1,5.7,4.2001122E-10,2.060041E-15,3.64644878E-16,1,0.0301521979,0,0,0.999545336,-0.000482454227,8.584593E-08,0.0001779359,0.9999999,0.02966996,-5.27935163E-06,0.000177857582,0.99955976,0.02966996,-5.27935163E-06,0.000177857582,0.99955976,0.022702463,-0.000212163082,0.003068219,0.999737561,0.0150815248,0.0458214544,0.0139394961,0.0329518244,1482,0.05780922,1,5.7,-5.074521E-09,-3.65132663E-16,-5.4125903E-16,1,0.0292097349,0,0,0.9995733,-0.000482454227,8.584593E-08,0.0001779359,0.9999999,0.0287274774,-5.11165035E-06,0.000177862486,0.999587238,0.0287274774,-5.11165035E-06,0.000177862486,0.999587238,0.02422806,-6.203453E-05,-0.000143456215,0.9997065,0.00900347,0.0484567955,0.009001978,0.02400157,1482,0.0555273965,1,5.7
HOLD_0.00_FULL,HOLD,17,78,0.78,DESCENT,None,0,1.41731,0.004076533,0.00582767138,0.9790754,0.0004336983,0.0015092328,1.12168324,-0.0475592278,-0.00123761769,0.000257220643,0.00366717321,-0.0463191979,0.0010907409,-0.15471904,0.135280982,-0.179305151,0.179305136,true,8,true,true,0,0,0.001146744,0.000425159,0.976685464,0.9762006,0.548021436,0.547421753,0.428664029,0.428778827,0.428778827,false,0.00246285112,0.002457122,0,0,0,false,false,0.299072981,0.04853055,0.01511311,thorax,true,false,0.005237501,1.46779222E-09,-9.636216E-15,-7.331967E-15,1,0,0,0,1,0.0107650906,-7.64103152E-06,0.000709756,0.9999418,0.0107650924,-7.641032E-06,0.000709756,0.9999418,0.0207618233,-1.47666178E-05,0.0007106168,0.999784231,0.00317257922,0.0008675317,-0.00194406963,0.9999928,0.0161502734,0.007595878,0.0351825878,0.06728429,1710,0.00655366434,1,9.5,1.46778956E-09,-2.36301758E-16,-2.05572435E-16,1,0,0,0,1,0.0107650906,-7.64103152E-06,0.000709756,0.9999418,0.0107650924,-7.641032E-06,0.000709756,0.9999418,0.0207618233,-1.47666178E-05,0.0007106168,0.999784231,0.00236734049,0.000343255932,-0.00188699039,0.999995351,0.01759174,0.006098633,0.0367923453,0.06908431,1710,0.00487892376,1,9.5,-2.96887914E-09,-6.20109729E-15,1.816118E-15,1,0,0,0,1,0,0,0,1,-2.96887914E-09,-6.20109729E-15,1.816118E-15,1,-2.96887914E-09,-6.20109729E-15,1.816118E-15,1,0.00193775911,7.547543E-05,-0.000150425665,0.9999982,0.00378221087,0.00378221087,-0.0038755266,0.006727363,2052,0.00149451534,1,6.83999968,-2.96887825E-09,-2.36928837E-15,1.75362544E-15,1,0,0,0,1,0,0,0,1,-2.96887825E-09,-2.36928837E-15,1.75362544E-15,1,-2.96887825E-09,-2.36928837E-15,1.75362544E-15,1,0.00274240575,-5.46100165E-10,2.346326E-10,0.999996245,0.005480945,0.005480945,-0.00548482453,0.00694938,2052,0.00216575875,1,6.83999968,-6.988029E-10,-1.10073509E-15,3.8636455E-16,1,0,0,0,1,0,0,0.00035489857,0.99999994,-6.98802849E-10,2.469034E-13,0.00035489857,0.99999994,-6.98802849E-10,2.469034E-13,0.00035489857,0.99999994,0.000559613633,1.55196358E-05,0.00134364038,0.999999,0,0.00284714461,-0.00111921784,0.00346638216,2052,0.00152284536,1,5.7,-6.988029E-10,-1.100604E-15,-7.35134336E-16,1,0,0,0,1,0,0,0.00035489857,0.99999994,-6.98802849E-10,2.46903545E-13,0.00035489857,0.99999994,-6.98802849E-10,2.46903545E-13,0.00035489857,0.99999994,0.0005623863,0.0002546697,0.0007945297,0.9999995,0,0,-0.00112459331,0.0056399107,2052,0.00124339806,1,5.7,4.2001122E-10,2.060041E-15,3.64644878E-16,1,0.0301521979,0,0,0.999545336,0,0,0.000177449285,1,0.0301521979,-5.350486E-06,0.000177368609,0.999545336,0.0301521979,-5.350486E-06,0.000177368609,0.999545336,0.0226401538,-0.000215816734,0.00305165956,0.999739051,0.016076291,0.04569118,0.0150290569,0.03751503,1482,0.05765523,1,5.7,-5.074521E-09,-3.65132663E-16,-5.4125903E-16,1,0.0292097349,0,0,0.9995733,0,0,0.000177449285,1,0.02920973,-5.183246E-06,0.000177373571,0.9995733,0.02920973,-5.183246E-06,0.000177373571,0.9995733,0.0242294986,-6.11434E-05,-0.000144004414,0.9997064,0.00998294447,0.0484666377,0.009964003,0.0256790165,1482,0.0555273965,1,5.7
HOLD_0.00_FULL,HOLD,18,79,0.79,DESCENT,None,0,1.41729653,0.00473819673,0.0057570464,0.979096532,0.00538031757,0.00149764272,1.121692,-0.04752021,-0.0011172581,0.00375841744,0.00366898137,-0.0462795645,0.00111984811,-0.15471904,0.135280982,-0.179305151,0.179305136,true,8,true,true,0,0,0.00157751,0.0007456842,0.9767108,0.976240456,0.548054755,0.547461569,0.428656042,0.4287789,0.4287789,false,1.0034945,1.00137353,1,0.00237071235,-0.00118535617,true,false,0.298977375,0.0484567955,0.01597214,thorax,true,false,0.005242284,1.46779222E-09,-9.636216E-15,-7.331967E-15,1,0,0,0,1,0.0307604428,-2.211281E-05,0.0007185313,0.99952656,0.0307604447,-2.21128121E-05,0.0007185313,0.99952656,0.0307604447,-2.21128121E-05,0.0007185313,0.99952656,0.00320405024,0.0008573474,-0.00207614317,0.99999243,0.05542546,0.00778192747,0.0551235452,0.10258203,1710,0.006632155,1,9.5,1.46778956E-09,-2.36301758E-16,-2.05572435E-16,1,0,0,0,1,0.0307604428,-2.211281E-05,0.0007185313,0.99952656,0.0307604447,-2.21128121E-05,0.0007185313,0.99952656,0.0307604447,-2.21128121E-05,0.0007185313,0.99952656,0.002415727,0.000335163437,-0.00201233942,0.999995053,0.05696156,0.0062910663,0.0566994734,0.104398727,1710,0.005035506,1,9.5,-2.96887914E-09,-6.20109729E-15,1.816118E-15,1,0,0,0,1,0,0,0,1,-2.96887914E-09,-6.20109729E-15,1.816118E-15,1,-2.96887914E-09,-6.20109729E-15,1.816118E-15,1,0.0018558352,7.58041861E-05,-0.000151661021,0.9999983,0.00371863972,0.00371863972,-0.00371167879,0.00337656168,2052,0.00146939559,1,6.83999968,-2.96887825E-09,-2.36928837E-15,1.75362544E-15,1,0,0,0,1,0,0,0,1,-2.96887825E-09,-2.36928837E-15,1.75362544E-15,1,-2.96887825E-09,-2.36928837E-15,1.75362544E-15,1,0.00269044982,7.356057E-11,-1.20625537E-10,0.999996364,0.00539324433,0.00539324433,-0.005380912,0.0047068703,2052,0.00213110447,1,6.83999968,-6.988029E-10,-1.10073509E-15,3.8636455E-16,1,0,0,0,1,0.00118535594,-4.26059358E-07,0.0003594355,0.9999992,0.00118535524,-4.260591E-07,0.0003594355,0.9999992,0.00118535524,-4.260591E-07,0.0003594355,0.9999992,0.000684745,2.03606269E-05,0.00136124343,0.9999989,0,0.00292968773,0.00100123486,0.001800856,2052,0.00175843027,1,5.7,-6.988029E-10,-1.100604E-15,-7.35134336E-16,1,0,0,0,1,0.00118535594,-4.26059358E-07,0.0003594355,0.9999992,0.00118535524,-4.260591E-07,0.0003594355,0.9999992,0.00118535524,-4.260591E-07,0.0003594355,0.9999992,0.0006406748,0.0002533169,0.000807912264,0.999999464,0,0,0.00108954357,0.003028185,2052,0.00152284536,1,5.7,4.2001122E-10,2.060041E-15,3.64644878E-16,1,0.0301521979,0,0,0.999545336,-0.0005926781,1.06514854E-07,0.000179717856,0.9999998,0.0295597836,-5.31242176E-06,0.000179639363,0.999563038,0.0295597836,-5.31242176E-06,0.000179639363,0.999563038,0.0226737354,-0.0002099017,0.003069806,0.9997382,0.0149226,0.04576418,0.0137765193,0.0324652754,1482,0.0577356219,1,5.7,-5.074521E-09,-3.65132663E-16,-5.4125903E-16,1,0.0292097349,0,0,0.9995733,-0.0005926781,1.06514854E-07,0.000179717856,0.9999998,0.0286172982,-5.14304065E-06,0.000179644281,0.9995904,0.0286172982,-5.14304065E-06,0.000179644281,0.9995904,0.0241899714,-6.14244345E-05,-0.000144477119,0.9997074,0.008870076,0.04838293,0.008857729,0.0237408355,1482,0.0554427542,1,5.7
HOLD_0.00_FULL,HOLD,19,80,0.8,DESCENT,None,0,1.4172858,0.00404057652,0.00581665942,0.979072869,0.000527024269,0.001486837,1.12167478,-0.0474818237,-0.00107218453,0.0003230357,0.0037910277,-0.0461999178,0.00112428656,-0.15471904,0.135280982,-0.179305151,0.179305136,true,8,true,true,0,0,0.00117804832,0.000433560053,0.976682067,0.976199269,0.5480176,0.5474199,0.428664446,0.428779364,0.428779364,false,0.0206359476,0.020575773,0,0,0,false,false,0.299725652,0.0484666377,0.0149704544,thorax,true,false,0.005238439,1.46779222E-09,-9.636216E-15,-7.331967E-15,1,0,0,0,1,0.0107650906,-7.730667E-06,0.0007180819,0.9999418,0.0107650924,-7.730668E-06,0.0007180819,0.9999418,0.0207618233,-1.49210591E-05,0.0007183425,0.999784231,0.00311317435,0.000852817961,-0.001955834,0.9999929,0.0162825957,0.00753284059,0.03530139,0.06753155,1710,0.00647422345,1,9.5,1.46778956E-09,-2.36301758E-16,-2.05572435E-16,1,0,0,0,1,0.0107650906,-7.730667E-06,0.0007180819,0.9999418,0.0107650924,-7.730668E-06,0.0007180819,0.9999418,0.0207618233,-1.49210591E-05,0.0007183425,0.999784231,0.00231256918,0.0003315598,-0.00189708348,0.9999955,0.0176863559,0.005980202,0.0369018726,0.06931116,1710,0.004825601,1,9.5,-2.96887914E-09,-6.20109729E-15,1.816118E-15,1,0,0,0,1,0,0,0,1,-2.96887914E-09,-6.20109729E-15,1.816118E-15,1,-2.96887914E-09,-6.20109729E-15,1.816118E-15,1,0.0019370605,7.4145355E-05,-0.000150397158,0.999998152,0.003844731,0.003844731,-0.00387412938,0.006818481,2052,0.00151921972,1,6.83999968,-2.96887825E-09,-2.36928837E-15,1.75362544E-15,1,0,0,0,1,0,0,0,1,-2.96887825E-09,-2.36928837E-15,1.75362544E-15,1,-2.96887825E-09,-2.36928837E-15,1.75362544E-15,1,0.00273775775,-4.714141E-10,4.06723127E-10,0.9999963,0.005437272,0.005437272,-0.005475528,0.0069842,2052,0.00214850157,1,6.83999968,-6.988029E-10,-1.10073509E-15,3.8636455E-16,1,0,0,0,1,0,0,0.000359061785,0.99999994,-6.98802849E-10,2.49812676E-13,0.000359061785,0.99999994,-6.98802849E-10,2.49812676E-13,0.000359061785,0.99999994,0.0006392725,1.52613247E-05,0.00134824193,0.9999989,0,0.00292968773,-0.0012785357,0.00357735041,2052,0.00124339806,1,5.7,-6.988029E-10,-1.100604E-15,-7.35134336E-16,1,0,0,0,1,0,0,0.000359061785,0.99999994,-6.98802849E-10,2.498128E-13,0.000359061785,0.99999994,-6.98802849E-10,2.498128E-13,0.000359061785,0.99999994,0.000641227234,0.0002506038,0.0007993429,0.9999995,0,0,-0.00128227577,0.005791935,2052,0.00124339806,1,5.7,4.2001122E-10,2.060041E-15,3.64644878E-16,1,0.0301521979,0,0,0.999545336,0,0,0.000179530893,1,0.0301521979,-5.413251E-06,0.000179449271,0.999545336,0.0301521979,-5.413251E-06,0.000179449271,0.999545336,0.0226024762,-0.000213201434,0.00305445725,0.9997398,0.01616503,0.0456232876,0.015104427,0.03796363,1482,0.05755457,1,5.7,-5.074521E-09,-3.65132663E-16,-5.4125903E-16,1,0.0292097349,0,0,0.9995733,0,0,0.000179530893,1,0.02920973,-5.24404868E-06,0.000179454291,0.9995733,0.02920973,-5.24404868E-06,0.000179454291,0.9995733,0.0241919085,-6.017368E-05,-0.000143601254,0.9997074,0.0100305956,0.04838293,0.0100392131,0.0258823559,1482,0.0554427542,1,5.7
HOLD_0.00_FULL,HOLD,20,81,0.81,DESCENT,None,0,1.417272,0.00470166653,0.0057565216,0.9790942,0.0054057017,0.00147688517,1.1216836,-0.04744181,-0.000953441544,0.0037840032,0.00376331643,-0.04616927,0.00115448539,-0.15471904,0.135280982,-0.179305151,0.179305136,true,8,true,true,0,0,0.00159275334,0.000755674962,0.9767077,0.9762391,0.5480511,0.547459662,0.428656578,0.428779423,0.428779423,false,1.02631319,1.024126,1,0.00250563724,-0.00125281862,true,false,0.299587,0.04838293,0.0160317365,thorax,true,false,0.005242871,1.46779222E-09,-9.636216E-15,-7.331967E-15,1,0,0,0,1,0.0307604428,-2.24076211E-05,0.000728110841,0.99952656,0.0307604447,-2.2407623E-05,0.000728110841,0.99952656,0.0307604447,-2.2407623E-05,0.000728110841,0.99952656,0.0031434095,0.0008415742,-0.00208693347,0.999992549,0.0555543751,0.00772040943,0.05524482,0.102842778,1710,0.00655366434,1,9.5,1.46778956E-09,-2.36301758E-16,-2.05572435E-16,1,0,0,0,1,0.0307604428,-2.24076211E-05,0.000728110841,0.99952656,0.0307604447,-2.2407623E-05,0.000728110841,0.99952656,0.0307604447,-2.2407623E-05,0.000728110841,0.99952656,0.00236029644,0.0003228392,-0.00202158582,0.9999951,0.0570786521,0.00625305343,0.0568103231,0.104639038,1710,0.00487892376,1,9.5,-2.96887914E-09,-6.20109729E-15,1.816118E-15,1,0,0,0,1,0,0,0,1,-2.96887914E-09,-6.20109729E-15,1.816118E-15,1,-2.96887914E-09,-6.20109729E-15,1.816118E-15,1,0.00185730762,7.43800556E-05,-0.0001516921,0.999998331,0.00365396286,0.00365396286,-0.00371462316,0.003407081,2052,0.00144383893,1,6.83999968,-2.96887825E-09,-2.36928837E-15,1.75362544E-15,1,0,0,0,1,0,0,0,1,-2.96887825E-09,-2.36928837E-15,1.75362544E-15,1,-2.96887825E-09,-2.36928837E-15,1.75362544E-15,1,0.00268638576,-1.22560753E-10,9.404404E-11,0.9999965,0.00530409347,0.00530409347,-0.005372783,0.004712093,2052,0.00211356417,1,6.83999968,-6.988029E-10,-1.10073509E-15,3.8636455E-16,1,0,0,0,1,0.00125281815,-4.56311255E-07,0.0003642275,0.999999166,0.00125281746,-4.56311E-07,0.0003642275,0.999999166,0.00125281746,-4.56311E-07,0.0003642275,0.999999166,0.000762879441,1.96016663E-05,0.00136563054,0.9999988,0,0.003088162,0.0009798901,0.00181428855,2052,0.00175843027,1,5.7,-6.988029E-10,-1.100604E-15,-7.35134336E-16,1,0,0,0,1,0.00125281815,-4.56311255E-07,0.0003642275,0.999999166,0.00125281746,-4.56311E-07,0.0003642275,0.999999166,0.00125281746,-4.56311E-07,0.0003642275,0.999999166,0.000718967465,0.000248381053,0.000812441,0.999999464,0,0,0.00106788147,0.0030476863,2052,0.00152284536,1,5.7,4.2001122E-10,2.060041E-15,3.64644878E-16,1,0.0301521979,0,0,0.999545336,-0.000626409252,1.14077835E-07,0.000182113872,0.9999998,0.0295260679,-5.37710775E-06,0.0001820345,0.999564052,0.0295260679,-5.37710775E-06,0.0001820345,0.999564052,0.022633031,-0.000206845638,0.00307395542,0.9997391,0.01493857,0.04568596,0.0137904873,0.03257742,1482,0.05763511,1,5.7,-5.074521E-09,-3.65132663E-16,-5.4125903E-16,1,0.0292097349,0,0,0.9995733,-0.000626409252,1.14077835E-07,0.000182113872,0.9999998,0.0285835825,-5.205468E-06,0.0001820395,0.9995914,0.0285835825,-5.205468E-06,0.0001820395,0.9995914,0.0241518877,-6.00235726E-05,-0.000142681864,0.999708354,0.00884315651,0.0483040176,0.008866459,0.0237818062,1482,0.0553523265,1,5.7
HOLD_0.00_FULL,HOLD,21,82,0.82000000000000006,DESCENT,None,0,1.41726124,0.00404658169,0.005938825,0.9790703,0.00052600354,0.0014676915,1.12166631,-0.04740283,-0.00091068045,0.000320666441,0.00384218,-0.04610363,0.00115975353,-0.15471904,0.135280982,-0.179305151,0.179305136,true,8,true,true,0,0,0.0011970835,0.000436474773,0.976678848,0.9761974,0.5480139,0.547417641,0.428664923,0.428779781,0.428779781,false,0.04150156,0.04137516,0,0,0,false,false,0.3002961,0.04838293,0.0149863726,thorax,true,false,0.005239276,1.46779222E-09,-9.636216E-15,-7.331967E-15,1,0,0,0,1,0.0107650906,-7.842201E-06,0.000728442043,0.9999418,0.0107650924,-7.842202E-06,0.000728442043,0.9999418,0.0207618233,-1.51242239E-05,0.000728312938,0.999784231,0.00305272918,0.00083616114,-0.00196585362,0.9999931,0.01641385,0.00743728271,0.0354222767,0.06776945,1710,0.006353199,1,9.5,1.46778956E-09,-2.36301758E-16,-2.05572435E-16,1,0,0,0,1,0.0107650906,-7.842201E-06,0.000728442043,0.9999418,0.0107650924,-7.842202E-06,0.000728442043,0.9999418,0.0207618233,-1.51242239E-05,0.000728312938,0.999784231,0.00225764839,0.000318731152,-0.0019056584,0.9999956,0.0178206526,0.0059402,0.0370117,0.06952723,1710,0.004661973,1,9.5,-2.96887914E-09,-6.20109729E-15,1.816118E-15,1,0,0,0,1,0,0,0,1,-2.96887914E-09,-6.20109729E-15,1.816118E-15,1,-2.96887914E-09,-6.20109729E-15,1.816118E-15,1,0.00194300141,7.25948048E-05,-0.000150496111,0.9999981,0.00390625047,0.00390625047,-0.00388601166,0.006902259,2052,0.00154352875,1,6.83999968,-2.96887825E-09,-2.36928837E-15,1.75362544E-15,1,0,0,0,1,0,0,0,1,-2.96887825E-09,-2.36928837E-15,1.75362544E-15,1,-2.96887825E-09,-2.36928837E-15,1.75362544E-15,1,0.00273544528,-4.29750319E-10,3.33536948E-10,0.999996245,0.005480945,0.005480945,-0.00547090359,0.007020646,2052,0.00216575875,1,6.83999968,-6.988029E-10,-1.10073509E-15,3.8636455E-16,1,0,0,0,1,0,0,0.000364242151,0.99999994,-6.98802849E-10,2.53432746E-13,0.000364242151,0.99999994,-6.98802849E-10,2.53432746E-13,0.000364242151,0.99999994,0.000706660154,1.38974656E-05,0.00135246618,0.999998868,0,0.0030099682,-0.00141331181,0.00366400741,2052,0.00152284536,1,5.7,-6.988029E-10,-1.100604E-15,-7.35134336E-16,1,0,0,0,1,0,0,0.000364242151,0.99999994,-6.98802849E-10,2.53432881E-13,0.000364242151,0.99999994,-6.98802849E-10,2.53432881E-13,0.000364242151,0.99999994,0.000711098139,0.000244789728,0.000803671952,0.999999464,0,0,-0.00142201933,0.005910922,2052,0.00152284536,1,5.7,4.2001122E-10,2.060041E-15,3.64644878E-16,1,0.0301521979,0,0,0.999545336,0,0,0.000182121075,1,0.0301521979,-5.49135075E-06,0.000182038275,0.999545336,0.0301521979,-5.49135075E-06,0.000182038275,0.999545336,0.0225567911,-0.00020981353,0.003059983,0.999740839,0.0162532832,0.0455343537,0.0151958205,0.0383139253,1482,0.0574402846,1,5.7,-5.074521E-09,-3.65132663E-16,-5.4125903E-16,1,0.0292097349,0,0,0.9995733,0,0,0.000182121075,1,0.02920973,-5.31970727E-06,0.000182043368,0.9995733,0.02920973,-5.31970727E-06,0.000182043368,0.9995733,0.0241554976,-5.83147776E-05,-0.000140499455,0.999708235,0.0101252263,0.0483138859,0.0101120528,0.026048189,1482,0.0553636365,1,5.7
HOLD_0.00_FULL,HOLD,22,83,0.83000000000000007,DESCENT,None,0,1.41724741,0.00470737368,0.005860371,0.9790912,0.00536870956,0.00145933463,1.1216749,-0.04736259,-0.0007941976,0.00376037415,0.00378956413,-0.0460811779,0.00119078311,-0.15471904,0.135280982,-0.179305151,0.179305136,true,8,true,true,0,0,0.00159104611,0.000753601431,0.9767043,0.9762367,0.5480474,0.547456861,0.428656876,0.42877984,0.42877984,false,1.04367566,1.04146969,1,0.00261367043,-0.00130683521,true,false,0.300119162,0.0483040176,0.0161059257,thorax,true,false,0.00524359,1.46779222E-09,-9.636216E-15,-7.331967E-15,1,0,0,0,1,0.030760441,-2.27491037E-05,0.000739206967,0.9995265,0.0307604428,-2.27491055E-05,0.000739206967,0.9995265,0.0307595711,-2.27484416E-05,0.0007392061,0.99952656,0.00308090285,0.000824829855,-0.00209558476,0.9999928,0.0556787141,0.007595878,0.05536808,0.103090324,1710,0.006393795,1,9.5,1.46778956E-09,-2.36301758E-16,-2.05572435E-16,1,0,0,0,1,0.030760441,-2.27491037E-05,0.000739206967,0.9995265,0.0307604428,-2.27491055E-05,0.000739206967,0.9995265,0.0307595711,-2.27484416E-05,0.0007392061,0.99952656,0.00230436074,0.000310125441,-0.00202923082,0.9999953,0.0571913347,0.0061376025,0.0569204353,0.104862384,1710,0.004825601,1,9.5,-2.96887914E-09,-6.20109729E-15,1.816118E-15,1,0,0,0,1,0,0,0,1,-2.96887914E-09,-6.20109729E-15,1.816118E-15,1,-2.96887914E-09,-6.20109729E-15,1.816118E-15,1,0.00186467636,7.28489758E-05,-0.000151806016,0.999998331,0.00365396286,0.00365396286,-0.00372936064,0.00342612667,2052,0.00144383893,1,6.83999968,-2.96887825E-09,-2.36928837E-15,1.75362544E-15,1,0,0,0,1,0,0,0,1,-2.96887825E-09,-2.36928837E-15,1.75362544E-15,1,-2.96887825E-09,-2.36928837E-15,1.75362544E-15,1,0.002684415,-6.934017E-11,-7.2343E-11,0.9999965,0.00530409347,0.00530409347,-0.005368842,0.00471641263,2052,0.00209587719,1,6.83999968,-6.988029E-10,-1.10073509E-15,3.8636455E-16,1,0,0,0,1,0.00130683486,-4.83239432E-07,0.000369778165,0.9999991,0.00130683417,-4.83239148E-07,0.000369778165,0.9999991,0.00130683417,-4.83239148E-07,0.000369778165,0.9999991,0.0008283836,1.7836117E-05,0.00136958063,0.9999988,0,0.003088162,0.0009569141,0.00183136156,2052,0.00215362851,1,5.7,-6.988029E-10,-1.100604E-15,-7.35134336E-16,1,0,0,0,1,0.00130683486,-4.83239432E-07,0.000369778165,0.9999991,0.00130683417,-4.83239148E-07,0.000369778165,0.9999991,0.00130683417,-4.83239148E-07,0.000369778165,0.9999991,0.000787021243,0.000241933216,0.000816563959,0.9999994,0,0,0.00103980536,0.00306437747,2052,0.00175843027,1,5.7,4.2001122E-10,2.060041E-15,3.64644878E-16,1,0.0301521979,0,0,0.999545336,-0.0006534176,1.20809887E-07,0.0001848892,0.999999762,0.02949907,-5.45406056E-06,0.000184808785,0.9995648,0.02949907,-5.45406056E-06,0.000184808785,0.9995648,0.0225867834,-0.000203097152,0.00308069331,0.9997402,0.0149704544,0.04559192,0.013828991,0.03266574,1482,0.0575142652,1,5.7,-5.074521E-09,-3.65132663E-16,-5.4125903E-16,1,0.0292097349,0,0,0.9995733,-0.0006534176,1.20809887E-07,0.0001848892,0.999999762,0.0285565834,-5.279805E-06,0.000184813834,0.9995921,0.0285565872,-5.27980546E-06,0.000184813864,0.999592245,0.0241160076,-5.78203035E-05,-0.000138404721,0.9997091,0.008923673,0.0482397974,0.008884219,0.02382178,1482,0.0552674048,1,5.7
HOLD_0.00_FULL,HOLD,23,84,0.84,DESCENT,None,0,1.41723716,0.00409656,0.00615205942,0.979066849,0.000489622355,0.00145170721,1.12165725,-0.04732363,-0.0007548561,0.000294191035,0.00383891119,-0.0460255444,0.0011964608,-0.15471904,0.135280982,-0.179305151,0.179305136,true,8,true,true,0,0,0.001201928,0.0004386115,0.976675034,0.976194263,0.548009753,0.547414,0.42866528,0.428780258,0.428780258,false,0.0562021136,0.0560239479,0,0,0,false,false,0.300794721,0.0483138859,0.0150340237,thorax,true,false,0.00524000172,1.46779222E-09,-9.636216E-15,-7.331967E-15,1,0,0,0,1,0.0107650906,-7.968437E-06,0.0007401678,0.999941766,0.0107650924,-7.968438E-06,0.0007401678,0.999941766,0.0207628757,-1.53588426E-05,0.000739723968,0.9997842,0.00299042347,0.0008190148,-0.00197364716,0.999993265,0.01655847,0.007340481,0.03554898,0.067997776,1710,0.00622982439,1,9.5,1.46778956E-09,-2.36301758E-16,-2.05572435E-16,1,0,0,0,1,0.0107650906,-7.968437E-06,0.0007401678,0.999941766,0.0107650924,-7.968438E-06,0.0007401678,0.999941766,0.0207628757,-1.53588426E-05,0.000739723968,0.9997842,0.00220231735,0.000305797759,-0.0019126744,0.9999957,0.01794066,0.00585937733,0.03712446,0.0697312653,1710,0.00454961974,1,9.5,-2.96887914E-09,-6.20109729E-15,1.816118E-15,1,0,0,0,1,0,0,0,1,-2.96887914E-09,-6.20109729E-15,1.816118E-15,1,-2.96887914E-09,-6.20109729E-15,1.816118E-15,1,0.00195296982,7.10049E-05,-0.000150667038,0.999998152,0.003844731,0.003844731,-0.003905948,0.00695950724,2052,0.00151921972,1,6.83999968,-2.96887825E-09,-2.36928837E-15,1.75362544E-15,1,0,0,0,1,0,0,0,1,-2.96887825E-09,-2.36928837E-15,1.75362544E-15,1,-2.96887825E-09,-2.36928837E-15,1.75362544E-15,1,0.00273466832,-5.38055156E-10,1.95887917E-10,0.9999963,0.005437272,0.005437272,-0.005469349,0.00704648858,2052,0.00214850157,1,6.83999968,-6.988029E-10,-1.10073509E-15,3.8636455E-16,1,0,0,0,1,0,0,0.000370105379,0.99999994,-6.98802849E-10,2.57529973E-13,0.000370105379,0.99999994,-6.98802849E-10,2.57529973E-13,0.000370105379,0.99999994,0.0007630089,1.17818818E-05,0.00135627657,0.999998868,0,0.0030099682,-0.00152601069,0.003737612,2052,0.001965985,1,5.7,-6.988029E-10,-1.100604E-15,-7.35134336E-16,1,0,0,0,1,0,0,0.000370105379,0.99999994,-6.98802849E-10,2.575301E-13,0.000370105379,0.99999994,-6.98802849E-10,2.575301E-13,0.000370105379,0.99999994,0.000770998769,0.0002378051,0.000807469361,0.999999344,0,0,-0.001541823,0.005999664,2052,0.001965985,1,5.7,4.2001122E-10,2.060041E-15,3.64644878E-16,1,0.0301521979,0,0,0.999545336,0,0,0.00018505269,1,0.0301521979,-5.57974545E-06,0.00018496855,0.999545336,0.0301521979,-5.57974545E-06,0.00018496855,0.999545336,0.0225086715,-0.000205765376,0.00306781684,0.9997419,0.0163410623,0.04544,0.0152920848,0.0385876819,1482,0.0573190264,1,5.7,-5.074521E-09,-3.65132663E-16,-5.4125903E-16,1,0.0292097349,0,0,0.9995733,0,0,0.00018505269,1,0.02920973,-5.405339E-06,0.000184973731,0.9995733,0.02920973,-5.405339E-06,0.000184973731,0.9995733,0.024121793,-5.580313E-05,-0.00013518284,0.99970907,0.0101722125,0.04824474,0.0101794843,0.0261852462,1482,0.0552844,1,5.7
HOLD_0.00_FULL,HOLD,24,85,0.85,DESCENT,None,0,1.417224,0.004782252,0.00606228225,0.9790872,0.00532973558,0.0014448791,1.1216656,-0.0472836234,-0.0006421246,0.00374485645,0.00377227576,-0.0460080653,0.00122775079,-0.15471904,0.135280982,-0.179305151,0.179305136,true,8,true,true,0,0,0.00158435223,0.000747822633,0.976700068,0.9762329,0.548042655,0.5474525,0.4286574,0.428780377,0.428780377,false,1.055862,1.05358791,1,0.00268966262,-0.00134483131,true,false,0.300584,0.0482397974,0.0161797721,thorax,true,false,0.005244314,1.46779222E-09,-9.636216E-15,-7.331967E-15,1,0,0,0,1,0.030760441,-2.312897E-05,0.0007515503,0.9995265,0.0307604428,-2.31289723E-05,0.0007515503,0.9995265,0.0307595711,-2.31282957E-05,0.0007515493,0.99952656,0.00301783183,0.0008075143,-0.0021024684,0.999992967,0.05580704,0.00750112347,0.05549422,0.103316888,1710,0.006271219,1,9.5,1.46778956E-09,-2.36301758E-16,-2.05572435E-16,1,0,0,0,1,0.030760441,-2.312897E-05,0.0007515503,0.9995265,0.0307604428,-2.31289723E-05,0.0007515503,0.9995265,0.0307595711,-2.31282957E-05,0.0007515493,0.99952656,0.002249001,0.0002971613,-0.002035489,0.9999954,0.0573037975,0.00605941331,0.057031136,0.1050639,1710,0.00460613845,1,9.5,-2.96887914E-09,-6.20109729E-15,1.816118E-15,1,0,0,0,1,0,0,0,1,-2.96887914E-09,-6.20109729E-15,1.816118E-15,1,-2.96887914E-09,-6.20109729E-15,1.816118E-15,1,0.00187490461,7.12705E-05,-0.000152006891,0.999998331,0.00365396286,0.00365396286,-0.00374981714,0.00343810627,2052,0.00144383893,1,6.83999968,-2.96887825E-09,-2.36928837E-15,1.75362544E-15,1,0,0,0,1,0,0,0,1,-2.96887825E-09,-2.36928837E-15,1.75362544E-15,1,-2.96887825E-09,-2.36928837E-15,1.75362544E-15,1,0.00268379087,-2.28579572E-10,-4.12088419E-10,0.9999965,0.00530409347,0.00530409347,-0.00536759337,0.00471831067,2052,0.00209587719,1,6.83999968,-6.988029E-10,-1.10073509E-15,3.8636455E-16,1,0,0,0,1,0.00134483085,-5.055934E-07,0.000375952746,0.999999046,0.00134483015,-5.055931E-07,0.000375952746,0.999999046,0.00134483015,-5.055931E-07,0.000375952746,0.999999046,0.0008819015,1.55477155E-05,0.00137324876,0.999998748,0,0.00316442479,0.000925868866,0.001851608,2052,0.00232618465,1,5.7,-6.988029E-10,-1.100604E-15,-7.35134336E-16,1,0,0,0,1,0.00134483085,-5.055934E-07,0.000375952746,0.999999046,0.00134483015,-5.055931E-07,0.000375952746,0.999999046,0.00134483015,-5.055931E-07,0.000375952746,0.999999046,0.0008434623,0.000234589417,0.0008201086,0.9999993,0,0,0.00100291276,0.0030809145,2052,0.00215362851,1,5.7,4.2001122E-10,2.060041E-15,3.64644878E-16,1,0.0301521979,0,0,0.999545336,-0.0006724156,1.26398362E-07,0.0001879765,0.999999762,0.0294800811,-5.541564E-06,0.000187894853,0.999565363,0.0294800811,-5.541564E-06,0.000187894853,0.999565363,0.0225401968,-0.000198700189,0.0030895907,0.9997412,0.0150340237,0.0455029272,0.0138841923,0.0327434875,1482,0.05739989,1,5.7,-5.074521E-09,-3.65132663E-16,-5.4125903E-16,1,0.0292097349,0,0,0.9995733,-0.0006724156,1.26398362E-07,0.0001879765,0.999999762,0.0285375938,-5.36439848E-06,0.00018789999,0.9995927,0.0285375938,-5.36439848E-06,0.00018789999,0.9995927,0.0240836367,-5.508427E-05,-0.000132161076,0.99971,0.008896914,0.048165597,0.00891098753,0.0238626115,1482,0.05519371,1,5.7
HOLD_0.00_FULL,HOLD,25,86,0.86,DESCENT,None,0,1.41721487,0.00422016531,0.00644181855,0.9790627,0.0004727617,0.00143873319,1.121648,-0.047245007,-0.000607816444,0.000294627738,0.00380516,-0.04595834,0.00123320741,-0.15471904,0.135280982,-0.179305151,0.179305136,true,8,true,true,0,0,0.00120137387,0.000440700271,0.976670742,0.9761902,0.548005,0.5474094,0.428665757,0.4287808,0.4287808,false,0.06770043,0.06747772,0,0,0,false,false,0.301229239,0.04824474,0.0150973257,thorax,true,false,0.005240969,1.46779222E-09,-9.636216E-15,-7.331967E-15,1,0,0,0,1,0.0107650906,-8.106112E-06,0.000752956,0.999941766,0.0107650924,-8.106113E-06,0.000752956,0.999941766,0.0207628757,-1.56176138E-05,0.0007522903,0.9997842,0.00292861182,0.000801213144,-0.00197947933,0.999993443,0.0166732613,0.0072423853,0.035672605,0.06819754,1710,0.006103956,1,9.5,1.46778956E-09,-2.36301758E-16,-2.05572435E-16,1,0,0,0,1,0.0107650906,-8.106112E-06,0.000752956,0.999941766,0.0107650924,-8.106113E-06,0.000752956,0.999941766,0.0207628757,-1.56176138E-05,0.0007522903,0.9997842,0.00214843825,0.00029243622,-0.00191810681,0.9999959,0.0180334449,0.005736008,0.0372321978,0.0699070543,1710,0.004492389,1,9.5,-2.96887914E-09,-6.20109729E-15,1.816118E-15,1,0,0,0,1,0,0,0,1,-2.96887914E-09,-6.20109729E-15,1.816118E-15,1,-2.96887914E-09,-6.20109729E-15,1.816118E-15,1,0.001964168,6.937153E-05,-0.000150942287,0.9999981,0.00390625047,0.00390625047,-0.003928344,0.006996219,2052,0.00154352875,1,6.83999968,-2.96887825E-09,-2.36928837E-15,1.75362544E-15,1,0,0,0,1,0,0,0,1,-2.96887825E-09,-2.36928837E-15,1.75362544E-15,1,-2.96887825E-09,-2.36928837E-15,1.75362544E-15,1,0.0027347242,-3.59532376E-10,4.03108852E-10,0.999996245,0.005480945,0.005480945,-0.00546946144,0.0070621497,2052,0.00216575875,1,6.83999968,-6.988029E-10,-1.10073509E-15,3.8636455E-16,1,0,0,0,1,0,0,0.00037649984,0.99999994,-6.98802849E-10,2.61998458E-13,0.00037649984,0.99999994,-6.98802849E-10,2.61998458E-13,0.00037649984,0.99999994,0.0008087712,9.360551E-06,0.00135977217,0.999998748,0,0.00316442479,-0.001617537,0.00379473437,2052,0.001965985,1,5.7,-6.988029E-10,-1.100604E-15,-7.35134336E-16,1,0,0,0,1,0,0,0.00037649984,0.99999994,-6.98802849E-10,2.61998566E-13,0.00037649984,0.99999994,-6.98802849E-10,2.61998566E-13,0.00037649984,0.99999994,0.00081976247,0.000230138263,0.0008107426,0.999999344,0,0,-0.00163935323,0.006059253,2052,0.001965985,1,5.7,4.2001122E-10,2.060041E-15,3.64644878E-16,1,0.0301521979,0,0,0.999545336,0,0,0.00018824992,1,0.0301521979,-5.6761487E-06,0.000188164326,0.999545336,0.0301521979,-5.6761487E-06,0.000188164326,0.999545336,0.0224630218,-0.000201057817,0.00307766441,0.9997429,0.01642837,0.0453507081,0.0153834075,0.0387856066,1482,0.05720427,1,5.7,-5.074521E-09,-3.65132663E-16,-5.4125903E-16,1,0.0292097349,0,0,0.9995733,0,0,0.00018824992,1,0.02920973,-5.498729E-06,0.0001881696,0.9995733,0.02920973,-5.498729E-06,0.0001881696,0.9995733,0.0240920726,-5.287064E-05,-0.000128108353,0.9997097,0.0102655357,0.0481903441,0.01023894,0.0262857266,1482,0.0552107245,1,5.7
HOLD_0.00_FULL,HOLD,26,87,0.87,DESCENT,None,0,1.41720319,0.004934706,0.006343675,0.9790829,0.00532052666,0.00143333012,1.12165618,-0.0472054332,-0.000500697759,0.003764126,0.0037331637,-0.0459431037,0.00126402464,-0.15471904,0.135280982,-0.179305151,0.179305136,true,8,true,true,0,0,0.00157783774,0.0007435397,0.976695657,0.9762285,0.5480379,0.5474477,0.42865777,0.4287808,0.4287808,false,1.06588972,1.06341028,1,0.00274453964,-0.00137226982,true,false,0.300988376,0.048165597,0.0162825957,thorax,true,false,0.005245398,1.46779222E-09,-9.636216E-15,-7.331967E-15,1,0,0,0,1,0.030760441,-2.35337538E-05,0.000764703262,0.9995265,0.0307604428,-2.35337557E-05,0.000764703262,0.9995265,0.0307604428,-2.35337557E-05,0.000764703262,0.9995265,0.00295675336,0.000789396232,-0.00210721558,0.9999931,0.0559350736,0.00743728271,0.0556181073,0.103517376,1710,0.006103956,1,9.5,1.46778956E-09,-2.36301758E-16,-2.05572435E-16,1,0,0,0,1,0.030760441,-2.35337538E-05,0.000764703262,0.9995265,0.0307604428,-2.35337557E-05,0.000764703262,0.9995265,0.0307604428,-2.35337557E-05,0.000764703262,0.9995265,0.00219627027,0.000283549045,-0.00203997246,0.9999955,0.0574118868,0.005980202,0.05713833,0.105240136,1710,0.004492389,1,9.5,-2.96887914E-09,-6.20109729E-15,1.816118E-15,1,0,0,0,1,0,0,0,1,-2.96887914E-09,-6.20109729E-15,1.816118E-15,1,-2.96887914E-09,-6.20109729E-15,1.816118E-15,1,0.00188535277,6.96296338E-05,-0.000152321954,0.9999982,0.00378221087,0.00378221087,-0.003770714,0.003440689,2052,0.00149451534,1,6.83999968,-2.96887825E-09,-2.36928837E-15,1.75362544E-15,1,0,0,0,1,0,0,0,1,-2.96887825E-09,-2.36928837E-15,1.75362544E-15,1,-2.96887825E-09,-2.36928837E-15,1.75362544E-15,1,0.00268373522,-2.70106382E-10,-2.19824436E-10,0.9999964,0.005348855,0.005348855,-0.005367483,0.00471546547,2052,0.00211356417,1,6.83999968,-6.988029E-10,-1.10073509E-15,3.8636455E-16,1,0,0,0,1,0.00137226924,-5.249379E-07,0.0003825323,0.999999,0.00137226854,-5.249376E-07,0.0003825323,0.999999,0.00137226854,-5.249376E-07,0.0003825323,0.999999,0.000924596563,1.31075249E-05,0.00137654319,0.9999986,0,0.003311685,0.0008953538,0.00187055115,2052,0.00232618465,1,5.7,-6.988029E-10,-1.100604E-15,-7.35134336E-16,1,0,0,0,1,0.00137226924,-5.249379E-07,0.0003825323,0.999999,0.00137226854,-5.249376E-07,0.0003825323,0.999999,0.00137226854,-5.249376E-07,0.0003825323,0.999999,0.000888156763,0.000226697055,0.000823016453,0.9999993,0,0,0.0009683977,0.00309261028,2052,0.00215362851,1,5.7,4.2001122E-10,2.060041E-15,3.64644878E-16,1,0.0301521979,0,0,0.999545336,-0.000686134852,1.312345E-07,0.0001912663,0.999999762,0.0294663683,-5.63592448E-06,0.0001911833,0.9995658,0.0294663683,-5.63592448E-06,0.0001911833,0.9995658,0.0224979129,-0.000193652726,0.0031003328,0.9997421,0.0150973257,0.0454242565,0.0139413439,0.0327939168,1482,0.0572852977,1,5.7,-5.074521E-09,-3.65132663E-16,-5.4125903E-16,1,0.0292097349,0,0,0.9995733,-0.000686134852,1.312345E-07,0.0001912663,0.999999762,0.028523881,-5.45565854E-06,0.000191188519,0.9995931,0.028523881,-5.45565854E-06,0.000191188519,0.9995931,0.0240559652,-5.202204E-05,-0.000124303566,0.9997107,0.008923673,0.0481111147,0.008938911,0.0238875616,1482,0.05513128,1,5.7
HOLD_0.00_FULL,HOLD,27,88,0.88,DESCENT,None,0,1.41719592,0.0044183284,0.006784364,0.9790583,0.000484853983,0.00142854243,1.121639,-0.0471672863,-0.00047294813,0.000335642253,0.00375871873,-0.0458963253,0.00126862142,-0.15471904,0.135280982,-0.179305151,0.179305136,true,8,true,true,0,0,0.00120047317,0.000442774442,0.976666331,0.97618556,0.5480001,0.5474044,0.428666234,0.428781152,0.428781152,false,0.07761197,0.07734768,0,0,0,false,false,0.301609546,0.0481903441,0.0151446285,thorax,true,false,0.00524229323,1.46779222E-09,-9.636216E-15,-7.331967E-15,1,0,0,0,1,0.0107650906,-8.249483E-06,0.0007662734,0.999941766,0.0107650924,-8.24948347E-06,0.0007662734,0.999941766,0.0207633115,-1.58920357E-05,0.000765526667,0.9997842,0.0028696158,0.000782435469,-0.001983287,0.9999937,0.0167730618,0.007109486,0.03579146,0.06837518,1710,0.005931979,1,9.5,1.46778956E-09,-2.36301758E-16,-2.05572435E-16,1,0,0,0,1,0.0107650906,-8.249483E-06,0.0007662734,0.999941766,0.0107650924,-8.24948347E-06,0.0007662734,0.999941766,0.0207633115,-1.58920357E-05,0.000765526667,0.9997842,0.00209779269,0.000278292282,-0.0019217279,0.999995947,0.0181520451,0.005694291,0.0373343527,0.0700618,1710,0.004316148,1,9.5,-2.96887914E-09,-6.20109729E-15,1.816118E-15,1,0,0,0,1,0,0,0,1,-2.96887914E-09,-6.20109729E-15,1.816118E-15,1,-2.96887914E-09,-6.20109729E-15,1.816118E-15,1,0.00197451538,6.766404E-05,-0.000151319167,0.9999981,0.00390625047,0.00390625047,-0.003949039,0.00701767066,2052,0.00154352875,1,6.83999968,-2.96887825E-09,-2.36928837E-15,1.75362544E-15,1,0,0,0,1,0,0,0,1,-2.96887825E-09,-2.36928837E-15,1.75362544E-15,1,-2.96887825E-09,-2.36928837E-15,1.75362544E-15,1,0.00273494725,-2.595522E-10,4.856457E-10,0.999996245,0.005480945,0.005480945,-0.00546990754,0.00706866,2052,0.00216575875,1,6.83999968,-6.988029E-10,-1.10073509E-15,3.8636455E-16,1,0,0,0,1,0,0,0.000383158942,0.99999994,-6.98802849E-10,2.66651854E-13,0.000383158942,0.99999994,-6.98802849E-10,2.66651854E-13,0.000383158942,0.99999994,0.0008449365,6.906693E-06,0.001362851,0.999998748,0,0.00316442479,-0.00168986944,0.00383806368,2052,0.001965985,1,5.7,-6.988029E-10,-1.100604E-15,-7.35134336E-16,1,0,0,0,1,0,0,0.000383158942,0.99999994,-6.98802849E-10,2.66652E-13,0.000383158942,0.99999994,-6.98802849E-10,2.66652E-13,0.000383158942,0.99999994,0.000857537962,0.000222011789,0.0008133343,0.9999993,0,0,-0.00171490735,0.006096132,2052,0.00215362851,1,5.7,4.2001122E-10,2.060041E-15,3.64644878E-16,1,0.0301521979,0,0,0.999545336,0,0,0.000191579471,1,0.0301521979,-5.776542E-06,0.000191492363,0.999545336,0.0301521979,-5.776542E-06,0.000191492363,0.999545336,0.022423422,-0.000195691,0.00308924238,0.9997438,0.0165007748,0.0452717766,0.0154626295,0.038914,1482,0.057102818,1,5.7,-5.074521E-09,-3.65132663E-16,-5.4125903E-16,1,0.0292097349,0,0,0.9995733,0,0,0.000191579471,1,0.02920973,-5.59598448E-06,0.000191497718,0.9995733,0.02920973,-5.59598448E-06,0.000191497718,0.9995733,0.02406725,-4.968564E-05,-0.000119550255,0.9997104,0.0102887359,0.0481358878,0.0102886036,0.0263498686,1482,0.0551596656,1,5.7
HOLD_0.00_FULL,HOLD,28,89,0.89,DESCENT,None,0,1.4171865,0.005157858,0.006680342,0.9790787,0.005346842,0.00142442726,1.1216476,-0.0471282043,-0.0003727945,0.003826155,0.00368807232,-0.0458811261,0.00129837135,-0.15471904,0.135280982,-0.179305151,0.179305136,true,8,true,true,0,0,0.00157284283,0.000740164134,0.9766915,0.976224065,0.548033237,0.5474427,0.428658247,0.4287814,0.4287814,false,1.07511961,1.0726186,1,0.00278831483,-0.00139415741,true,false,0.30134654,0.0481111147,0.0163702164,thorax,true,false,0.00524659967,1.46779222E-09,-9.636216E-15,-7.331967E-15,1,0,0,0,1,0.030760441,-2.39447454E-05,0.000778058,0.9995265,0.0307604428,-2.39447472E-05,0.000778058,0.9995265,0.0307604428,-2.39447472E-05,0.000778058,0.9995265,0.00289928517,0.0007700518,-0.00210996834,0.999993265,0.05605431,0.007340481,0.0557330362,0.103690289,1710,0.00606141938,1,9.5,1.46778956E-09,-2.36301758E-16,-2.05572435E-16,1,0,0,0,1,0.030760441,-2.39447454E-05,0.000778058,0.9995265,0.0307604428,-2.39447472E-05,0.000778058,0.9995265,0.0307604428,-2.39447472E-05,0.000778058,0.9995265,0.00214729481,0.0002689288,-0.00204262487,0.9999956,0.05751563,0.0059402,0.0572362654,0.105389707,1710,0.00443442026,1,9.5,-2.96887914E-09,-6.20109729E-15,1.816118E-15,1,0,0,0,1,0,0,0,1,-2.96887914E-09,-6.20109729E-15,1.816118E-15,1,-2.96887914E-09,-6.20109729E-15,1.816118E-15,1,0.001894406,6.788995E-05,-0.000152722845,0.9999983,0.00371863972,0.00371863972,-0.00378882047,0.00343450881,2052,0.00146939559,1,6.83999968,-2.96887825E-09,-2.36928837E-15,1.75362544E-15,1,0,0,0,1,0,0,0,1,-2.96887825E-09,-2.36928837E-15,1.75362544E-15,1,-2.96887825E-09,-2.36928837E-15,1.75362544E-15,1,0.002683668,-2.51209858E-10,-3.35012185E-10,0.9999965,0.00530409347,0.00530409347,-0.0053673475,0.00470745,2052,0.00209587719,1,6.83999968,-6.988029E-10,-1.10073509E-15,3.8636455E-16,1,0,0,0,1,0.001394157,-5.426243E-07,0.00038921283,0.999999,0.00139415625,-5.42624036E-07,0.00038921283,0.999999,0.00139415625,-5.42624036E-07,0.00038921283,0.999999,0.000958075863,1.07045071E-05,0.00137936359,0.9999986,0,0.003311685,0.000872168865,0.00188802707,2052,0.00232618465,1,5.7,-6.988029E-10,-1.100604E-15,-7.35134336E-16,1,0,0,0,1,0.001394157,-5.426243E-07,0.00038921283,0.999999,0.00139415625,-5.42624036E-07,0.00038921283,0.999999,0.00139415625,-5.42624036E-07,0.00038921283,0.999999,0.0009221177,0.000218374043,0.000825212,0.9999992,0,0,0.00094424776,0.00309916865,2052,0.00232618465,1,5.7,4.2001122E-10,2.060041E-15,3.64644878E-16,1,0.0301521979,0,0,0.999545336,-0.0006970787,1.35656123E-07,0.00019460656,0.999999762,0.0294554289,-5.732221E-06,0.000194522174,0.999566138,0.0294554289,-5.732221E-06,0.000194522174,0.999566138,0.0224626642,-0.000187941521,0.00311263325,0.999742866,0.015128877,0.0453559645,0.0139899664,0.0328062437,1482,0.0571975075,1,5.7,-5.074521E-09,-3.65132663E-16,-5.4125903E-16,1,0.0292097349,0,0,0.9995733,-0.0006970787,1.35656123E-07,0.00019460656,0.999999762,0.0285129417,-5.54880671E-06,0.000194527485,0.999593437,0.0285129417,-5.54880671E-06,0.000194527485,0.999593437,0.0240334626,-4.87570978E-05,-0.000115115108,0.999711156,0.008976949,0.0480714478,0.008962038,0.0238897968,1482,0.0550858229,1,5.7
HOLD_0.00_FULL,HOLD,29,90,0.9,DESCENT,None,0,1.41718185,0.00467420369,0.007154146,0.979054332,0.0005270466,0.00142084842,1.12163126,-0.04709052,-0.000352841,0.000414783019,0.003712772,-0.0458351,0.00130154041,-0.15471904,0.135280982,-0.179305151,0.179305136,true,8,true,true,0,0,0.0012003039,0.000444865262,0.9766624,0.976181149,0.547995746,0.54739964,0.428666651,0.4287815,0.4287815,false,0.0874024,0.08710478,0,0,0,false,false,0.301945835,0.0481358878,0.0151917841,thorax,true,false,0.005243497,1.46779222E-09,-9.636216E-15,-7.331967E-15,1,0,0,0,1,0.011401765,-8.888212E-06,0.00077949604,0.9999347,0.0114017669,-8.88821251E-06,0.00077949604,0.9999347,0.0207636375,-1.61695643E-05,0.000778837129,0.9997841,0.002814668,0.0007623611,-0.001984965,0.9999938,0.018112598,0.007042096,0.0359019972,0.06853143,1710,0.005844093,1,9.5,1.46778956E-09,-2.36301758E-16,-2.05572435E-16,1,0,0,0,1,0.011401765,-8.888212E-06,0.00077949604,0.9999347,0.0114017669,-8.88821251E-06,0.00077949604,0.9999347,0.0207636375,-1.61695643E-05,0.000778837129,0.9997841,0.00205115182,0.0002630738,-0.00192352908,0.999996066,0.0194701962,0.0056099263,0.03742827,0.0701962262,1710,0.004194542,1,9.5,-2.96887914E-09,-6.20109729E-15,1.816118E-15,1,0,0,0,1,0,0,0,1,-2.96887914E-09,-6.20109729E-15,1.816118E-15,1,-2.96887914E-09,-6.20109729E-15,1.816118E-15,1,0.00198282581,6.585393E-05,-0.000151768792,0.9999981,0.00390625047,0.00390625047,-0.00396566,0.00702653127,2052,0.00154352875,1,6.83999968,-2.96887825E-09,-2.36928837E-15,1.75362544E-15,1,0,0,0,1,0,0,0,1,-2.96887825E-09,-2.36928837E-15,1.75362544E-15,1,-2.96887825E-09,-2.36928837E-15,1.75362544E-15,1,0.00273490674,-3.1259953E-10,5.841535E-10,0.9999963,0.005437272,0.005437272,-0.005469826,0.007067826,2052,0.00214850157,1,6.83999968,-6.988029E-10,-1.10073509E-15,3.8636455E-16,1,0,0,0,1,0,0,0.0003897734,0.99999994,-6.98802849E-10,2.71274051E-13,0.0003897734,0.99999994,-6.98802849E-10,2.71274051E-13,0.0003897734,0.99999994,0.0008729988,4.544936E-06,0.00136532867,0.999998748,0,0.00316442479,-0.0017459956,0.00387093984,2052,0.001965985,1,5.7,-6.988029E-10,-1.100604E-15,-7.35134336E-16,1,0,0,0,1,0,0,0.0003897734,0.99999994,-6.98802849E-10,2.712742E-13,0.0003897734,0.99999994,-6.98802849E-10,2.712742E-13,0.0003897734,0.99999994,0.000885542657,0.000213468054,0.0008151146,0.9999993,0,0,-0.00177092047,0.006115682,2052,0.00215362851,1,5.7,4.2001122E-10,2.060041E-15,3.64644878E-16,1,0.0301521979,0,0,0.999545336,0,0,0.0001948867,1,0.0301521979,-5.87626255E-06,0.000194798093,0.999545336,0.0301521979,-5.87626255E-06,0.000194798093,0.999545336,0.0223917235,-0.000189659433,0.00310210465,0.9997444,0.0165872425,0.04521908,0.0155260377,0.03898565,1482,0.0570215322,1,5.7,-5.074521E-09,-3.65132663E-16,-5.4125903E-16,1,0.0292097349,0,0,0.9995733,0,0,0.0001948867,1,0.02920973,-5.692588E-06,0.000194803535,0.9995733,0.02920973,-5.692588E-06,0.000194803535,0.9995733,0.024047615,-4.63476536E-05,-0.000109836743,0.999710858,0.0103349779,0.0480962433,0.0103278859,0.026382586,1482,0.0551142357,1,5.7
HOLD_0.00_FULL,HOLD,30,91,0.91,DESCENT,None,0,1.41717482,0.00540976971,0.00702927029,0.9790753,0.00539263338,0.00141785864,1.12164092,-0.04705187,-0.0002608533,0.00390867656,0.003647787,-0.04581842,0.00132965459,-0.15471904,0.135280982,-0.179305151,0.179305136,true,8,true,true,0,0,0.00156865153,0.000739111332,0.976688147,0.976219952,0.548029542,0.5474384,0.4286586,0.428781569,0.428781569,false,1.08459234,1.0820694,1,0.00282845087,-0.00141422544,true,false,0.301660836,0.0480714478,0.0164428763,thorax,true,false,0.005247681,1.46779222E-09,-9.636216E-15,-7.331967E-15,1,0,0,0,1,0.0313968435,-2.48482156E-05,0.000791033555,0.9995067,0.0313968435,-2.48482174E-05,0.000791033555,0.9995067,0.0307608359,-2.43291161E-05,0.0007903065,0.9995265,0.00284627872,0.0007493036,-0.002110286,0.999993443,0.0574243441,0.0072423853,0.05583982,0.103843629,1710,0.005931979,1,9.5,1.46778956E-09,-2.36301758E-16,-2.05572435E-16,1,0,0,0,1,0.0313968435,-2.48482156E-05,0.000791033555,0.9995067,0.0313968435,-2.48482174E-05,0.000791033555,0.9995067,0.0307608359,-2.43291161E-05,0.0007903065,0.9995265,0.00210261741,0.0002532579,-0.002043301,0.9999957,0.0588719174,0.00585937733,0.0573263839,0.105519868,1710,0.004316148,1,9.5,-2.96887914E-09,-6.20109729E-15,1.816118E-15,1,0,0,0,1,0,0,0,1,-2.96887914E-09,-6.20109729E-15,1.816118E-15,1,-2.96887914E-09,-6.20109729E-15,1.816118E-15,1,0.00190103939,6.60318547E-05,-0.0001531936,0.9999982,0.00378221087,0.00378221087,-0.00380208716,0.003417649,2052,0.00149451534,1,6.83999968,-2.96887825E-09,-2.36928837E-15,1.75362544E-15,1,0,0,0,1,0,0,0,1,-2.96887825E-09,-2.36928837E-15,1.75362544E-15,1,-2.96887825E-09,-2.36928837E-15,1.75362544E-15,1,0.00268309517,-2.89350349E-10,-3.047173E-10,0.9999964,0.005348855,0.005348855,-0.005366203,0.00469296752,2052,0.00211356417,1,6.83999968,-6.988029E-10,-1.10073509E-15,3.8636455E-16,1,0,0,0,1,0.00141422485,-5.596256E-07,0.000395711482,0.9999989,0.00141422416,-5.59625335E-07,0.000395711482,0.9999989,0.00141422416,-5.59625335E-07,0.000395711482,0.9999989,0.0009842353,8.419985E-06,0.00138139236,0.999998569,0,0.00338291214,0.0008599841,0.00190196384,2052,0.00248679612,1,5.7,-6.988029E-10,-1.100604E-15,-7.35134336E-16,1,0,0,0,1,0.00141422485,-5.596256E-07,0.000395711482,0.9999989,0.00141422416,-5.59625335E-07,0.000395711482,0.9999989,0.00141422416,-5.59625335E-07,0.000395711482,0.9999989,0.0009470738,0.000209629623,0.0008266081,0.999999166,0,0,0.0009344673,0.00309917517,2052,0.00248679612,1,5.7,4.2001122E-10,2.060041E-15,3.64644878E-16,1,0.0301521979,0,0,0.999545336,-0.00070711266,1.39906447E-07,0.0001978559,0.999999762,0.0294454,-5.82594748E-06,0.000197770161,0.999566436,0.0294454,-5.82594748E-06,0.000197770161,0.999566436,0.0224358551,-0.000181575131,0.00312593929,0.999743462,0.0151603632,0.0453033634,0.0140235359,0.03277748,1482,0.0571298935,1,5.7,-5.074521E-09,-3.65132663E-16,-5.4125903E-16,1,0.0292097349,0,0,0.9995733,-0.00070711266,1.39906447E-07,0.0001978559,0.999999762,0.0285029113,-5.6394706E-06,0.00019777556,0.999593735,0.0285029113,-5.6394706E-06,0.00019777556,0.999593735,0.0240162518,-4.53745342E-05,-0.000104916304,0.999711633,0.008950351,0.04803175,0.00897640549,0.0238659177,1482,0.05504033,1,5.7
HOLD_0.00_FULL,HOLD,31,92,0.92,DESCENT,None,0,1.41717267,0.004927352,0.00750625227,0.979051352,0.000570915639,0.0014153173,1.12162507,-0.04701456,-0.00024967402,0.0004939099,0.00367497,-0.0457719266,0.001330894,-0.15471904,0.135280982,-0.179305151,0.179305136,true,8,true,true,0,0,0.0012015925,0.00044685576,0.9766594,0.976177454,0.547992468,0.5473956,0.428666949,0.428781867,0.428781867,false,0.09730364,0.09696143,0,0,0,false,false,0.302239954,0.0480962433,0.0152544305,thorax,true,false,0.00524446042,1.46779222E-09,-9.636216E-15,-7.331967E-15,1,0,0,0,1,0.0126919067,-1.00538573E-05,0.0007920831,0.9999192,0.0126919085,-1.00538582E-05,0.0007920831,0.9999192,0.02076224,-1.642978E-05,0.0007913216,0.9997842,0.00276431022,0.0007407885,-0.00198426377,0.99999404,0.02064694,0.006905343,0.0359999053,0.06866395,1710,0.005754865,1,9.5,1.46778956E-09,-2.36301758E-16,-2.05572435E-16,1,0,0,0,1,0.0126919067,-1.00538573E-05,0.0007920831,0.9999192,0.0126919085,-1.00538582E-05,0.0007920831,0.9999192,0.02076224,-1.642978E-05,0.0007913216,0.9997842,0.00200889865,0.000246770971,-0.00192324689,0.9999961,0.0220431853,0.00556726474,0.0375099629,0.07030693,1710,0.004132397,1,9.5,-2.96887914E-09,-6.20109729E-15,1.816118E-15,1,0,0,0,1,0,0,0,1,-2.96887914E-09,-6.20109729E-15,1.816118E-15,1,-2.96887914E-09,-6.20109729E-15,1.816118E-15,1,0.00198852154,6.391422E-05,-0.0001522563,0.9999981,0.00390625047,0.00390625047,-0.00397705147,0.00702484231,2052,0.00154352875,1,6.83999968,-2.96887825E-09,-2.36928837E-15,1.75362544E-15,1,0,0,0,1,0,0,0,1,-2.96887825E-09,-2.36928837E-15,1.75362544E-15,1,-2.96887825E-09,-2.36928837E-15,1.75362544E-15,1,0.00273416657,-2.692941E-10,5.176197E-10,0.9999963,0.005437272,0.005437272,-0.00546834571,0.007060945,2052,0.00214850157,1,6.83999968,-6.988029E-10,-1.10073509E-15,3.8636455E-16,1,0,0,0,1,0,0,0.000396073476,0.99999994,-6.98802849E-10,2.75676563E-13,0.000396073476,0.99999994,-6.98802849E-10,2.75676563E-13,0.000396073476,0.99999994,0.000894696335,2.30245541E-06,0.00136694591,0.999998748,0,0.00316442479,-0.00178939232,0.00389511837,2052,0.00232618465,1,5.7,-6.988029E-10,-1.100604E-15,-7.35134336E-16,1,0,0,0,1,0,0,0.000396073476,0.99999994,-6.98802849E-10,2.756767E-13,0.000396073476,0.99999994,-6.98802849E-10,2.756767E-13,0.000396073476,0.99999994,0.000905495137,0.000204491,0.000816001964,0.9999992,0,0,-0.00181083009,0.006120078,2052,0.00232618465,1,5.7,4.2001122E-10,2.060041E-15,3.64644878E-16,1,0.0301521979,0,0,0.999545336,0,0,0.000198036738,1,0.0301521979,-5.971243E-06,0.000197946691,0.999545336,0.0301521979,-5.971243E-06,0.000197946691,0.999545336,0.02236875,-0.000182987133,0.00311573572,0.9997449,0.0166303087,0.04517687,0.0155719975,0.0390155353,1482,0.0569672734,1,5.7,-5.074521E-09,-3.65132663E-16,-5.4125903E-16,1,0.0292097349,0,0,0.9995733,0,0,0.000198036738,1,0.02920973,-5.78459958E-06,0.000197952235,0.9995733,0.02920973,-5.78459958E-06,0.000197952235,0.9995733,0.024033213,-4.29151733E-05,-9.920979E-05,0.999711156,0.0103810132,0.0480714478,0.0103566973,0.0263890177,1482,0.0550801419,1,5.7
HOLD_0.00_FULL,HOLD,32,93,0.93,DESCENT,None,0,1.417168,0.00564299524,0.00734860124,0.9790725,0.00542677939,0.00141327677,1.12163556,-0.0469762273,-0.000166463768,0.003982274,0.003618807,-0.0457525775,0.00135698938,-0.15471904,0.135280982,-0.179305151,0.179305136,true,8,true,true,0,0,0.00156605779,0.000737353635,0.9766854,0.9762165,0.5480265,0.5474347,0.4286589,0.4287818,0.4287818,false,1.09486938,1.09214664,1,0.00287018367,-0.00143509184,true,false,0.301937282,0.04803175,0.0164863188,thorax,true,false,0.00524816476,1.46779222E-09,-9.636216E-15,-7.331967E-15,1,0,0,0,1,0.0326864161,-2.626435E-05,0.0008030953,0.999465346,0.0326864161,-2.62643516E-05,0.0008030953,0.999465346,0.0307613946,-2.46766685E-05,0.000801201968,0.999526441,0.00279764459,0.000727127539,-0.00210871082,0.9999937,0.06008268,0.007109486,0.0559382,0.103986554,1710,0.005844093,1,9.5,1.46778956E-09,-2.36301758E-16,-2.05572435E-16,1,0,0,0,1,0.0326864161,-2.626435E-05,0.0008030953,0.999465346,0.0326864161,-2.62643516E-05,0.0008030953,0.999465346,0.0307613946,-2.46766685E-05,0.000801201968,0.999526441,0.00206208858,0.000236530526,-0.00204215781,0.999995768,0.0615258627,0.005818545,0.05740854,0.105639748,1710,0.004255779,1,9.5,-2.96887914E-09,-6.20109729E-15,1.816118E-15,1,0,0,0,1,0,0,0,1,-2.96887914E-09,-6.20109729E-15,1.816118E-15,1,-2.96887914E-09,-6.20109729E-15,1.816118E-15,1,0.00190496934,6.40528E-05,-0.0001536746,0.9999982,0.00378221087,0.00378221087,-0.003809947,0.00339306938,2052,0.00149451534,1,6.83999968,-2.96887825E-09,-2.36928837E-15,1.75362544E-15,1,0,0,0,1,0,0,0,1,-2.96887825E-09,-2.36928837E-15,1.75362544E-15,1,-2.96887825E-09,-2.36928837E-15,1.75362544E-15,1,0.00268170866,-2.845022E-10,-2.82139173E-10,0.9999965,0.00530409347,0.00530409347,-0.005363429,0.004673155,2052,0.00209587719,1,6.83999968,-6.988029E-10,-1.10073509E-15,3.8636455E-16,1,0,0,0,1,0.00143509125,-5.765657E-07,0.000401761936,0.9999989,0.00143509055,-5.765654E-07,0.000401761936,0.9999989,0.00143509055,-5.765654E-07,0.000401761936,0.9999989,0.00100496307,6.25225539E-06,0.00138258608,0.999998569,0,0.00338291214,0.000860259752,0.0019132843,2052,0.00248679612,1,5.7,-6.988029E-10,-1.100604E-15,-7.35134336E-16,1,0,0,0,1,0.00143509125,-5.765657E-07,0.000401761936,0.9999989,0.00143509055,-5.765654E-07,0.000401761936,0.9999989,0.00143509055,-5.765654E-07,0.000401761936,0.9999989,0.00096495694,0.000200443843,0.0008270326,0.9999992,0,0,0.0009404291,0.00309374486,2052,0.00232618465,1,5.7,4.2001122E-10,2.060041E-15,3.64644878E-16,1,0.0301521979,0,0,0.999545336,-0.00071754586,1.44141453E-07,0.000200881128,0.999999762,0.0294349715,-5.91293156E-06,0.000200794137,0.999566734,0.0294349715,-5.91293156E-06,0.000200794137,0.999566734,0.0224175584,-0.00017458637,0.00313981087,0.9997438,0.0151917841,0.0452717766,0.0140392715,0.03270995,1482,0.0570892766,1,5.7,-5.074521E-09,-3.65132663E-16,-5.4125903E-16,1,0.0292097349,0,0,0.9995733,-0.00071754586,1.44141453E-07,0.000200881128,0.999999762,0.0284924824,-5.72360341E-06,0.000200799623,0.999594033,0.0284924824,-5.72360341E-06,0.000200799623,0.999594033,0.0240038875,-4.19217758E-05,-9.395957E-05,0.9997119,0.008976949,0.0480118878,0.008980272,0.0238208286,1482,0.0550175719,1,5.7
HOLD_0.00_FULL,HOLD,33,94,0.94000000000000006,DESCENT,None,0,1.41716814,0.00514834374,0.007816509,0.9790489,0.000605948269,0.00141159119,1.12162042,-0.04693915,-0.00016443964,0.0005609935,0.00365084386,-0.0457046777,0.00135598856,-0.15471904,0.135280982,-0.179305151,0.179305136,true,8,true,true,0,0,0.0012030215,0.000448071078,0.976657,0.976174235,0.547989666,0.54739213,0.4286673,0.4287821,0.4287821,false,0.108102657,0.107722469,0,0,0,false,false,0.302497864,0.0480714478,0.0152856587,thorax,true,false,0.00524470676,1.46779222E-09,-9.636216E-15,-7.331967E-15,1,0,0,0,1,0.0141004,-1.13312108E-05,0.000803529,0.9999003,0.0141004017,-1.13312117E-05,0.000803529,0.9999003,0.0207630973,-1.66680329E-05,0.000802625262,0.9997841,0.0027180484,0.000717855757,-0.00198196573,0.9999941,0.02347829,0.00687072938,0.03609412,0.06879573,1710,0.00561836641,1,9.5,1.46778956E-09,-2.36301758E-16,-2.05572435E-16,1,0,0,0,1,0.0141004,-1.13312108E-05,0.000803529,0.9999003,0.0141004017,-1.13312117E-05,0.000803529,0.9999003,0.0207630973,-1.66680329E-05,0.000802625262,0.9997841,0.00197049067,0.0002295041,-0.00192144082,0.9999962,0.0248689726,0.0055242735,0.037588466,0.0704167858,1710,0.004069303,1,9.5,-2.96887914E-09,-6.20109729E-15,1.816118E-15,1,0,0,0,1,0,0,0,1,-2.96887914E-09,-6.20109729E-15,1.816118E-15,1,-2.96887914E-09,-6.20109729E-15,1.816118E-15,1,0.00199157046,6.185966E-05,-0.000152756154,0.9999981,0.00390625047,0.00390625047,-0.0039831493,0.00701696146,2052,0.00154352875,1,6.83999968,-2.96887825E-09,-2.36928837E-15,1.75362544E-15,1,0,0,0,1,0,0,0,1,-2.96887825E-09,-2.36928837E-15,1.75362544E-15,1,-2.96887825E-09,-2.36928837E-15,1.75362544E-15,1,0.00273255655,-2.66135E-10,4.893829E-10,0.999996245,0.005480945,0.005480945,-0.005465126,0.007049846,2052,0.00216575875,1,6.83999968,-6.988029E-10,-1.10073509E-15,3.8636455E-16,1,0,0,0,1,0,0,0.0004018045,0.99999994,-6.98802849E-10,2.79681416E-13,0.0004018045,0.99999994,-6.98802849E-10,2.79681416E-13,0.0004018045,0.99999994,0.0009116986,1.68560319E-07,0.001367688,0.9999987,0,0.00323889172,-0.00182339887,0.00391408568,2052,0.00215362851,1,5.7,-6.988029E-10,-1.100604E-15,-7.35134336E-16,1,0,0,0,1,0,0,0.0004018045,0.99999994,-6.98802849E-10,2.79681524E-13,0.0004018045,0.99999994,-6.98802849E-10,2.79681524E-13,0.0004018045,0.99999994,0.000919232261,0.000195064058,0.00081603945,0.9999993,0,0,-0.00183830934,0.0061157383,2052,0.00215362851,1,5.7,4.2001122E-10,2.060041E-15,3.64644878E-16,1,0.0301521979,0,0,0.999545336,0,0,0.000200902243,1,0.0301521979,-6.057644E-06,0.0002008109,0.999545336,0.0301521979,-6.057644E-06,0.0002008109,0.999545336,0.0223538354,-0.000175717141,0.003129772,0.9997452,0.0166589562,0.0451504737,0.0156018343,0.03901811,1482,0.0569197536,1,5.7,-5.074521E-09,-3.65132663E-16,-5.4125903E-16,1,0.0292097349,0,0,0.9995733,0,0,0.000200902243,1,0.02920973,-5.8683E-06,0.000200816517,0.9995733,0.02920973,-5.8683E-06,0.000200816517,0.9995733,0.024023287,-3.942775E-05,-8.800517E-05,0.999711454,0.0103580207,0.04804664,0.0103765586,0.026379874,1482,0.0550573952,1,5.7
HOLD_0.00_FULL,HOLD,34,95,0.95000000000000007,DESCENT,None,0,1.41716552,0.005836591,0.00761765,0.979070246,0.005457945,0.00141031446,1.12163138,-0.04690098,-9.00519954E-05,0.00404738542,0.003605779,-0.0456817374,0.00137986476,-0.15471904,0.135280982,-0.179305151,0.179305136,true,8,true,true,0,0,0.00156333763,0.000736529764,0.9766831,0.976213455,0.54802376,0.547431231,0.42865932,0.428782225,0.428782225,false,1.106219,1.10346818,1,0.00291679357,-0.00145839679,true,false,0.302179337,0.0480118878,0.0165296476,thorax,true,false,0.00524828862,1.46779222E-09,-9.636216E-15,-7.331967E-15,1,0,0,0,1,0.03409425,-2.77628042E-05,0.0008138221,0.999418259,0.03409425,-2.7762806E-05,0.0008138221,0.999418259,0.0307662915,-2.499312E-05,0.0008110401,0.9995263,0.00275268056,0.000703596859,-0.00210587331,0.9999938,0.06298142,0.007042096,0.0560379,0.1041402,1710,0.005754865,1,9.5,1.46778956E-09,-2.36301758E-16,-2.05572435E-16,1,0,0,0,1,0.03409425,-2.77628042E-05,0.0008138221,0.999418259,0.03409425,-2.7762806E-05,0.0008138221,0.999418259,0.0307662915,-2.499312E-05,0.0008110401,0.9995263,0.00202501542,0.00021885497,-0.002039777,0.9999959,0.0644078,0.005736008,0.05749246,0.105769947,1710,0.004132397,1,9.5,-2.96887914E-09,-6.20109729E-15,1.816118E-15,1,0,0,0,1,0,0,0,1,-2.96887914E-09,-6.20109729E-15,1.816118E-15,1,-2.96887914E-09,-6.20109729E-15,1.816118E-15,1,0.00190631894,6.195911E-05,-0.00015415193,0.9999983,0.00371863972,0.00371863972,-0.00381264579,0.00336112967,2052,0.00146939559,1,6.83999968,-2.96887825E-09,-2.36928837E-15,1.75362544E-15,1,0,0,0,1,0,0,0,1,-2.96887825E-09,-2.36928837E-15,1.75362544E-15,1,-2.96887825E-09,-2.36928837E-15,1.75362544E-15,1,0.00267941039,-3.811078E-10,-2.19630633E-10,0.9999964,0.005348855,0.005348855,-0.00535883335,0.00464856764,2052,0.00211356417,1,6.83999968,-6.988029E-10,-1.10073509E-15,3.8636455E-16,1,0,0,0,1,0.00145839632,-5.937829E-07,0.000407147367,0.999998868,0.00145839562,-5.937826E-07,0.000407147367,0.999998868,0.00145839562,-5.937826E-07,0.000407147367,0.999998868,0.00102198252,4.180945E-06,0.00138294068,0.999998569,0,0.00338291214,0.0008728295,0.00192103593,2052,0.00248679612,1,5.7,-6.988029E-10,-1.100604E-15,-7.35134336E-16,1,0,0,0,1,0.00145839632,-5.937829E-07,0.000407147367,0.999998868,0.00145839562,-5.937826E-07,0.000407147367,0.999998868,0.00145839562,-5.937826E-07,0.000407147367,0.999998868,0.0009776762,0.000190802239,0.000826683361,0.9999992,0,0,0.00096159504,0.00308274175,2052,0.00232618465,1,5.7,4.2001122E-10,2.060041E-15,3.64644878E-16,1,0.0301521979,0,0,0.999545336,-0.0007291984,1.48445764E-07,0.000203573858,0.999999762,0.0294233244,-5.989821E-06,0.000203485775,0.9995671,0.0294233244,-5.989821E-06,0.000203485775,0.9995671,0.0224067848,-0.00016701089,0.00315396441,0.999743938,0.0152074695,0.04526124,0.0140375169,0.03261385,1482,0.05706219,1,5.7,-5.074521E-09,-3.65132663E-16,-5.4125903E-16,1,0.0292097349,0,0,0.9995733,-0.0007291984,1.48445764E-07,0.000203573858,0.999999762,0.0284808353,-5.797955E-06,0.000203491334,0.999594331,0.0284808353,-5.797955E-06,0.000203491334,0.999594331,0.0239954777,-3.8418726E-05,-8.25951E-05,0.9997121,0.008976949,0.04799202,0.008973798,0.0237602685,1482,0.0549948066,1,5.7
HOLD_0.00_FULL,HOLD,35,96,0.96,DESCENT,None,0,1.41716731,0.005321108,0.008071518,0.979047,0.000637792051,0.0014093034,1.121617,-0.0468639731,-9.713915E-05,0.000615429,0.00364361168,-0.04563195,0.0013764574,-0.15471904,0.135280982,-0.179305151,0.179305136,true,8,true,true,0,0,0.00120643491,0.0004493424,0.976655,0.9761715,0.547987342,0.54738903,0.428667665,0.428782463,0.428782463,false,0.120088421,0.119653083,0,0,0,false,false,0.30272314,0.04804664,0.0153012481,thorax,true,false,0.00524471235,1.46779222E-09,-9.636216E-15,-7.331967E-15,1,0,0,0,1,0.0156619418,-1.27422309E-05,0.0008134791,0.999877,0.0156619437,-1.27422318E-05,0.0008134791,0.999877,0.0207648575,-1.688112E-05,0.0008126759,0.999784052,0.002675081,0.0006935827,-0.001978427,0.9999942,0.0266104061,0.00680097425,0.03618355,0.06892632,1710,0.005525494,1,9.5,1.46778956E-09,-2.36301758E-16,-2.05572435E-16,1,0,0,0,1,0.0156619418,-1.27422309E-05,0.0008134791,0.999877,0.0156619437,-1.27422318E-05,0.0008134791,0.999877,0.0207648575,-1.688112E-05,0.0008126759,0.999784052,0.00193517236,0.000211308419,-0.00191839237,0.9999963,0.027998805,0.005437272,0.037662603,0.0705248341,1710,0.003940086,1,9.5,-2.96887914E-09,-6.20109729E-15,1.816118E-15,1,0,0,0,1,0,0,0,1,-2.96887914E-09,-6.20109729E-15,1.816118E-15,1,-2.96887914E-09,-6.20109729E-15,1.816118E-15,1,0.00199226569,5.969063E-05,-0.000153231682,0.9999981,0.00390625047,0.00390625047,-0.00398454,0.007005146,2052,0.00154352875,1,6.83999968,-2.96887825E-09,-2.36928837E-15,1.75362544E-15,1,0,0,0,1,0,0,0,1,-2.96887825E-09,-2.36928837E-15,1.75362544E-15,1,-2.96887825E-09,-2.36928837E-15,1.75362544E-15,1,0.00273008761,-2.72916661E-10,7.47969E-10,0.999996364,0.00539324433,0.00539324433,-0.005460188,0.00703638932,2052,0.00214850157,1,6.83999968,-6.988029E-10,-1.10073509E-15,3.8636455E-16,1,0,0,0,1,0,0,0.000406789535,0.99999994,-6.98802849E-10,2.83164985E-13,0.000406789535,0.99999994,-6.98802849E-10,2.83164985E-13,0.000406789535,0.99999994,0.0009255713,-1.89004311E-06,0.00136764254,0.9999986,0,0.003311685,-0.00185114588,0.00392974354,2052,0.00232618465,1,5.7,-6.988029E-10,-1.100604E-15,-7.35134336E-16,1,0,0,0,1,0,0,0.000406789535,0.99999994,-6.98802849E-10,2.831651E-13,0.000406789535,0.99999994,-6.98802849E-10,2.831651E-13,0.000406789535,0.99999994,0.0009285717,0.0001851769,0.0008152747,0.9999993,0,0,-0.00185699423,0.006105352,2052,0.00215362851,1,5.7,4.2001122E-10,2.060041E-15,3.64644878E-16,1,0.0301521979,0,0,0.999545336,0,0,0.000203394768,1,0.0301521979,-6.132799E-06,0.00020330229,0.999545336,0.0301521979,-6.132799E-06,0.00020330229,0.999545336,0.0223457459,-0.000167886683,0.00314389355,0.9997454,0.0166589562,0.0451293476,0.0156180207,0.0390088744,1482,0.05690617,1,5.7,-5.074521E-09,-3.65132663E-16,-5.4125903E-16,1,0.0292097349,0,0,0.9995733,0,0,0.000203394768,1,0.02920973,-5.941106E-06,0.00020330798,0.9995733,0.02920973,-5.941106E-06,0.00020330798,0.9995733,0.0240168944,-3.589395E-05,-7.655069E-05,0.999711633,0.0103810132,0.04803175,0.0103893522,0.0263633523,1482,0.05504033,1,5.7
HOLD_0.00_FULL,HOLD,36,97,0.97,DESCENT,None,0,1.41716588,0.005966142,0.007816559,0.979068458,0.00547011942,0.00140861375,1.12162828,-0.04682577,-3.16071455E-05,0.004084495,0.00361095881,-0.04560478,0.00139792624,-0.15471904,0.135280982,-0.179305151,0.179305136,true,8,true,true,0,0,0.00156067975,0.0007355602,0.9766815,0.9762108,0.5480217,0.5474283,0.4286598,0.428782463,0.428782463,false,1.11907732,1.11629438,1,0.00297075044,-0.00148537522,true,false,0.302388579,0.04799202,0.0165728629,thorax,true,false,0.00524793332,1.46779222E-09,-9.636216E-15,-7.331967E-15,1,0,0,0,1,0.03565502,-2.93604171E-05,0.000822934264,0.9993638,0.03565502,-2.93604189E-05,0.000822934264,0.9993638,0.0307652429,-2.526233E-05,0.0008195851,0.9995263,0.00271047186,0.000678849348,-0.00210155244,0.9999939,0.06617909,0.006974055,0.05612019,0.104271665,1710,0.00566423172,1,9.5,1.46778956E-09,-2.36301758E-16,-2.05572435E-16,1,0,0,0,1,0.03565502,-2.93604171E-05,0.000822934264,0.9993638,0.03565502,-2.93604189E-05,0.000822934264,0.9993638,0.0307652429,-2.526233E-05,0.0008195851,0.9995263,0.00199044775,0.000200444963,-0.002036125,0.999996,0.06758388,0.005652266,0.0575594753,0.105877437,1710,0.004132397,1,9.5,-2.96887914E-09,-6.20109729E-15,1.816118E-15,1,0,0,0,1,0,0,0,1,-2.96887914E-09,-6.20109729E-15,1.816118E-15,1,-2.96887914E-09,-6.20109729E-15,1.816118E-15,1,0.00190542685,5.976086E-05,-0.000154609574,0.9999982,0.00378221087,0.00378221087,-0.003810862,0.00332418061,2052,0.00149451534,1,6.83999968,-2.96887825E-09,-2.36928837E-15,1.75362544E-15,1,0,0,0,1,0,0,0,1,-2.96887825E-09,-2.36928837E-15,1.75362544E-15,1,-2.96887825E-09,-2.36928837E-15,1.75362544E-15,1,0.00267628348,-3.10700243E-10,-5.00151032E-10,0.9999964,0.005348855,0.005348855,-0.00535257952,0.004621523,2052,0.00211356417,1,6.83999968,-6.988029E-10,-1.10073509E-15,3.8636455E-16,1,0,0,0,1,0.00148537464,-6.115718E-07,0.0004117285,0.9999988,0.00148537394,-6.115715E-07,0.0004117285,0.9999988,0.00148537394,-6.115715E-07,0.0004117285,0.9999988,0.00103691919,2.170112E-06,0.00138240575,0.9999985,0,0.00345267029,0.000896911253,0.00192560547,2052,0.0026376457,1,5.7,-6.988029E-10,-1.100604E-15,-7.35134336E-16,1,0,0,0,1,0.00148537464,-6.115718E-07,0.0004117285,0.9999988,0.00148537394,-6.115715E-07,0.0004117285,0.9999988,0.00148537394,-6.115715E-07,0.0004117285,0.9999988,0.0009871926,0.000180721836,0.0008254615,0.9999992,0,0,0.0009965125,0.003067757,2052,0.00232618465,1,5.7,4.2001122E-10,2.060041E-15,3.64644878E-16,1,0.0301521979,0,0,0.999545336,-0.0007426876,1.52893008E-07,0.000205864431,0.9999997,0.0294098388,-6.05444166E-06,0.000205775446,0.999567449,0.0294098388,-6.05444166E-06,0.000205775446,0.999567449,0.0224021859,-0.000158927054,0.003167941,0.999744058,0.0152074695,0.0452507026,0.01401974,0.0324972868,1482,0.0570486374,1,5.7,-5.074521E-09,-3.65132663E-16,-5.4125903E-16,1,0.0292097349,0,0,0.9995733,-0.0007426876,1.52893008E-07,0.000205864431,0.9999997,0.02846735,-5.86041642E-06,0.000205781049,0.9995947,0.02846735,-5.86041642E-06,0.000205781049,0.9995947,0.02399008,-3.48923641E-05,-7.1110735E-05,0.999712169,0.00900347,0.04798705,0.008957615,0.0236877743,1482,0.0549777225,1,5.7
HOLD_0.00_FULL,HOLD,37,98,0.98,DESCENT,None,0,1.41716874,0.00543124974,0.008261939,0.979045153,0.000644348562,0.00140809757,1.121614,-0.0467886329,-4.76070854E-05,0.0006409952,0.00365509628,-0.0455527268,0.001392,-0.15471904,0.135280982,-0.179305151,0.179305136,true,8,true,true,0,0,0.00120975729,0.000450414052,0.9766532,0.9761688,0.5479851,0.547386169,0.428668141,0.428782642,0.428782642,false,0.134024531,0.1335246,0,0,0,false,false,0.302922219,0.04803175,0.0152856587,thorax,true,false,0.005244358,1.46779222E-09,-9.636216E-15,-7.331967E-15,1,0,0,0,1,0.0174774751,-1.43636807E-05,0.000821713766,0.9998469,0.017477477,-1.43636817E-05,0.000821713766,0.9998469,0.0207618345,-1.70575186E-05,0.0008212012,0.9997841,0.002634247,0.000668238,-0.00197393773,0.999994338,0.03025009,0.006730496,0.0362591445,0.06904371,1710,0.005431034,1,9.5,1.46778956E-09,-2.36301758E-16,-2.05572435E-16,1,0,0,0,1,0.0174774751,-1.43636807E-05,0.000821713766,0.9998469,0.017477477,-1.43636817E-05,0.000821713766,0.9998469,0.0207618345,-1.70575186E-05,0.0008212012,0.9997841,0.00190179062,0.000192502353,-0.00191443821,0.999996364,0.0316370353,0.00539324433,0.0377232879,0.0706187561,1710,0.00387386116,1,9.5,-2.96887914E-09,-6.20109729E-15,1.816118E-15,1,0,0,0,1,0,0,0,1,-2.96887914E-09,-6.20109729E-15,1.816118E-15,1,-2.96887914E-09,-6.20109729E-15,1.816118E-15,1,0.00199112087,5.7425972E-05,-0.000153678615,0.9999981,0.00390625047,0.00390625047,-0.00398225,0.00699567748,2052,0.00154352875,1,6.83999968,-2.96887825E-09,-2.36928837E-15,1.75362544E-15,1,0,0,0,1,0,0,0,1,-2.96887825E-09,-2.36928837E-15,1.75362544E-15,1,-2.96887825E-09,-2.36928837E-15,1.75362544E-15,1,0.00272692717,-2.072159E-10,7.238673E-10,0.999996364,0.00539324433,0.00539324433,-0.005453867,0.00702333264,2052,0.00213110447,1,6.83999968,-6.988029E-10,-1.10073509E-15,3.8636455E-16,1,0,0,0,1,0,0,0.000410919718,0.99999994,-6.98802849E-10,2.86051158E-13,0.000410919718,0.99999994,-6.98802849E-10,2.86051158E-13,0.000410919718,0.99999994,0.0009377378,-3.911246E-06,0.00136674137,0.9999986,0,0.003311685,-0.00187548064,0.003945878,2052,0.00232618465,1,5.7,-6.988029E-10,-1.100604E-15,-7.35134336E-16,1,0,0,0,1,0,0,0.000410919718,0.99999994,-6.98802849E-10,2.860513E-13,0.000410919718,0.99999994,-6.98802849E-10,2.860513E-13,0.000410919718,0.99999994,0.0009352807,0.000174874178,0.000813701656,0.9999993,0,0,-0.00187041925,0.00609651674,2052,0.00215362851,1,5.7,4.2001122E-10,2.060041E-15,3.64644878E-16,1,0.0301521979,0,0,0.999545336,0,0,0.000205459859,1,0.0301521979,-6.19506636E-06,0.00020536645,0.999545336,0.0301521979,-6.19506636E-06,0.00020536645,0.999545336,0.02234269,-0.000159580974,0.00315773487,0.999745369,0.0167018361,0.04513463,0.0156241329,0.03899898,1482,0.0568993762,1,5.7,-5.074521E-09,-3.65132663E-16,-5.4125903E-16,1,0.0292097349,0,0,0.9995733,0,0,0.000205459859,1,0.02920973,-6.00142675E-06,0.000205372184,0.9995733,0.02920973,-6.00142675E-06,0.000205372184,0.9995733,0.0240129288,-3.23339664E-05,-6.510942E-05,0.999711633,0.0104039554,0.04803175,0.0103972815,0.0263474379,1482,0.05504033,1,5.7
HOLD_0.00_FULL,HOLD,38,99,0.99,DESCENT,None,0,1.417168,0.00603768229,0.007950068,0.9790665,0.00546900928,0.00140782,1.12162542,-0.0467502177,9.591211E-06,0.00410282658,0.00363636273,-0.0455206372,0.00141106313,-0.15471904,0.135280982,-0.179305151,0.179305136,true,8,true,true,0,0,0.0015575526,0.0007340023,0.976679444,0.9762081,0.5480193,0.5474253,0.428660154,0.428782761,0.428782761,false,1.134312,1.13132024,1,0.0030334238,-0.0015167119,true,false,0.302572548,0.04798705,0.0165872425,thorax,true,false,0.00524733728,1.46779222E-09,-9.636216E-15,-7.331967E-15,1,0,0,0,1,0.03746958,-3.11297736E-05,0.000830217439,0.99929744,0.03746958,-3.11297736E-05,0.000830217439,0.99929744,0.030759912,-2.54784791E-05,0.0008266238,0.9995265,0.00266958354,0.0006532102,-0.00209678,0.9999941,0.06987044,0.00687072938,0.05619127,0.104395263,1710,0.005525494,1,9.5,1.46778956E-09,-2.36301758E-16,-2.05572435E-16,1,0,0,0,1,0.03746958,-3.11297736E-05,0.000830217439,0.99929744,0.03746958,-3.11297736E-05,0.000830217439,0.99929744,0.030759912,-2.54784791E-05,0.0008266238,0.9995265,0.00195709942,0.000181397321,-0.002031897,0.999996066,0.07126942,0.0056099263,0.0576154776,0.105976582,1710,0.004069303,1,9.5,-2.96887914E-09,-6.20109729E-15,1.816118E-15,1,0,0,0,1,0,0,0,1,-2.96887914E-09,-6.20109729E-15,1.816118E-15,1,-2.96887914E-09,-6.20109729E-15,1.816118E-15,1,0.00190301,5.74865E-05,-0.000155026777,0.9999982,0.00378221087,0.00378221087,-0.00380602828,0.00328661362,2052,0.00149451534,1,6.83999968,-2.96887825E-09,-2.36928837E-15,1.75362544E-15,1,0,0,0,1,0,0,0,1,-2.96887825E-09,-2.36928837E-15,1.75362544E-15,1,-2.96887825E-09,-2.36928837E-15,1.75362544E-15,1,0.00267256913,-4.20865981E-10,-4.03437533E-10,0.9999965,0.00530409347,0.00530409347,-0.005345151,0.004593725,2052,0.00209587719,1,6.83999968,-6.988029E-10,-1.10073509E-15,3.8636455E-16,1,0,0,0,1,0.0015167112,-6.300426E-07,0.00041540002,0.9999988,0.0015167105,-6.30042337E-07,0.00041540002,0.9999988,0.0015167105,-6.30042337E-07,0.00041540002,0.9999988,0.0010511257,1.81738116E-07,0.00138114509,0.999998569,0,0.00338291214,0.0009311698,0.00192900689,2052,0.00248679612,1,5.7,-6.988029E-10,-1.100604E-15,-7.35134336E-16,1,0,0,0,1,0.0015167112,-6.300426E-07,0.00041540002,0.9999988,0.0015167105,-6.30042337E-07,0.00041540002,0.9999988,0.0015167105,-6.30042337E-07,0.00041540002,0.9999988,0.0009951296,0.000170241779,0.0008235643,0.999999166,0,0,0.0010433041,0.003051568,2052,0.00248679612,1,5.7,4.2001122E-10,2.060041E-15,3.64644878E-16,1,0.0301521979,0,0,0.999545336,-0.0007583559,1.575107E-07,0.000207700185,0.9999997,0.0293941777,-6.105178E-06,0.0002076105,0.9995679,0.0293941777,-6.105178E-06,0.0002076105,0.9995679,0.0224016868,-0.000150393651,0.003181586,0.999744,0.0151917841,0.04525597,0.0139894,0.0323696174,1482,0.05704187,1,5.7,-5.074521E-09,-3.65132663E-16,-5.4125903E-16,1,0.0292097349,0,0,0.9995733,-0.0007583559,1.575107E-07,0.000207700185,0.9999997,0.0284516886,-5.90942273E-06,0.000207616162,0.999595165,0.0284516886,-5.90942273E-06,0.000207616162,0.999595165,0.023986429,-3.133343E-05,-5.98008955E-05,0.999712348,0.008923673,0.0479721427,0.008933588,0.02361051,1482,0.05497203,1,5.7
HOLD_0.00_FULL,HOLD,39,100,1,DESCENT,None,0,1.4171716,0.00549343973,0.008397985,0.9790432,0.0006545335,0.00140762958,1.12161112,-0.04671275,-1.48436429E-05,0.0006594255,0.00368649,-0.0454662256,0.00140261045,-0.15471904,0.135280982,-0.179305151,0.179305136,true,8,true,true,0,0,0.00121391332,0.000451492524,0.9766512,0.9761661,0.5479826,0.54738307,0.428668618,0.428783059,0.428783059,false,0.150632292,0.150070414,0,0,0,false,false,0.303093582,0.04803175,0.0152856587,thorax,true,false,0.005243644,1.46779222E-09,-9.636216E-15,-7.331967E-15,1,0,0,0,1,0.0196429472,-1.62683336E-05,0.0008280422,0.9998067,0.01964295,-1.62683355E-05,0.0008280422,0.9998067,0.020761421,-1.71949632E-05,0.0008279042,0.9997841,0.00259434362,0.000642110768,-0.00196914771,0.9999946,0.0345754325,0.00658727763,0.03633809,0.06917501,1710,0.00533490255,1,9.5,1.46778956E-09,-2.36301758E-16,-2.05572435E-16,1,0,0,0,1,0.0196429472,-1.62683336E-05,0.0008280422,0.9998067,0.01964295,-1.62683355E-05,0.0008280422,0.9998067,0.020761421,-1.71949632E-05,0.0008279042,0.9997841,0.00186918222,0.000173144144,-0.00191024039,0.9999965,0.0359679572,0.00530409347,0.03778765,0.07072662,1710,0.00387386116,1,9.5,-2.96887914E-09,-6.20109729E-15,1.816118E-15,1,0,0,0,1,0,0,0,1,-2.96887914E-09,-6.20109729E-15,1.816118E-15,1,-2.96887914E-09,-6.20109729E-15,1.816118E-15,1,0.001988789,5.50943769E-05,-0.000154100155,0.999998033,0.00396681624,0.00396681624,-0.00397758652,0.006987959,2052,0.00156746083,1,6.83999968,-2.96887825E-09,-2.36928837E-15,1.75362544E-15,1,0,0,0,1,0,0,0,1,-2.96887825E-09,-2.36928837E-15,1.75362544E-15,1,-2.96887825E-09,-2.36928837E-15,1.75362544E-15,1,0.002723351,-1.94803382E-10,4.928143E-10,0.999996364,0.00539324433,0.00539324433,-0.00544671435,0.00701118261,2052,0.00213110447,1,6.83999968,-6.988029E-10,-1.10073509E-15,3.8636455E-16,1,0,0,0,1,0,0,0.000414101058,0.99999994,-6.98802849E-10,2.882743E-13,0.000414101058,0.99999994,-6.98802849E-10,2.882743E-13,0.000414101058,0.99999994,0.000949420151,-5.92248944E-06,0.00136514346,0.9999987,0,0.00323889172,-0.00189884694,0.003963418,2052,0.00248679612,1,5.7,-6.988029E-10,-1.100604E-15,-7.35134336E-16,1,0,0,0,1,0,0,0.000414101058,0.99999994,-6.98802849E-10,2.88274423E-13,0.000414101058,0.99999994,-6.98802849E-10,2.88274423E-13,0.000414101058,0.99999994,0.0009408687,0.000164189085,0.0008115064,0.9999992,0,0,-0.00188160292,0.006089903,2052,0.00232618465,1,5.7,4.2001122E-10,2.060041E-15,3.64644878E-16,1,0.0301521979,0,0,0.999545336,0,0,0.000207050529,1,0.0301521979,-6.24302857E-06,0.000206956393,0.999545336,0.0301521979,-6.24302857E-06,0.000206956393,0.999545336,0.0223426819,-0.000150874155,0.00317112845,0.999745369,0.0167018361,0.04513463,0.0156241516,0.0390011966,1482,0.0568993762,1,5.7,-5.074521E-09,-3.65132663E-16,-5.4125903E-16,1,0.0292097349,0,0,0.9995733,0,0,0.000207050529,1,0.02920973,-6.04789E-06,0.000206962184,0.9995733,0.02920973,-6.04789E-06,0.000206962184,0.9995733,0.0240101852,-2.875157E-05,-5.40074579E-05,0.999711752,0.0104039554,0.04802182,0.0104027744,0.0263384823,1482,0.0550289527,1,5.7
HOLD_0.00_FULL,HOLD,40,101,1.01,DESCENT,None,0,1.41717112,0.00606253,0.008027942,0.979064643,0.00547429174,0.00140759954,1.1216228,-0.04667391,3.45646731E-05,0.004116385,0.0036811484,-0.04542919,0.00141928706,-0.15471904,0.135280982,-0.179305151,0.179305136,true,8,true,true,0,0,0.00155543094,0.000733429857,0.9766774,0.976205468,0.5480169,0.547422469,0.4286605,0.428783,0.428783,false,1.15143251,1.14856911,1,0.00310608326,-0.00155304163,true,false,0.302729636,0.0479721427,0.01660161,thorax,true,false,0.005246501,1.46779222E-09,-9.636216E-15,-7.331967E-15,1,0,0,0,1,0.03963382,-3.31424853E-05,0.0008355599,0.999213934,0.03963382,-3.31424853E-05,0.0008355599,0.999213934,0.0307588745,-2.56429776E-05,0.000831996149,0.9995265,0.00262917,0.0006268211,-0.00209174561,0.999994159,0.07427119,0.00683594076,0.0562699847,0.104541138,1710,0.005478468,1,9.5,1.46778956E-09,-2.36301758E-16,-2.05572435E-16,1,0,0,0,1,0.03963382,-3.31424853E-05,0.0008355599,0.999213934,0.03963382,-3.31424853E-05,0.0008355599,0.999213934,0.0307588745,-2.56429776E-05,0.000831996149,0.9995265,0.001924116,0.000161950156,-0.002027336,0.999996066,0.07565817,0.0056099263,0.0576793365,0.106097236,1710,0.003940086,1,9.5,-2.96887914E-09,-6.20109729E-15,1.816118E-15,1,0,0,0,1,0,0,0,1,-2.96887914E-09,-6.20109729E-15,1.816118E-15,1,-2.96887914E-09,-6.20109729E-15,1.816118E-15,1,0.00189949642,5.514726E-05,-0.00015540194,0.9999983,0.00371863972,0.00371863972,-0.00379900075,0.00324607873,2052,0.00146939559,1,6.83999968,-2.96887825E-09,-2.36928837E-15,1.75362544E-15,1,0,0,0,1,0,0,0,1,-2.96887825E-09,-2.36928837E-15,1.75362544E-15,1,-2.96887825E-09,-2.36928837E-15,1.75362544E-15,1,0.00266841264,-3.825864E-10,-1.888677E-10,0.999996543,0.00525895134,0.00525895134,-0.005336837,0.00456375768,2052,0.00209587719,1,6.83999968,-6.988029E-10,-1.10073509E-15,3.8636455E-16,1,0,0,0,1,0.001553041,-6.49339768E-07,0.000418108044,0.999998748,0.00155304035,-6.493395E-07,0.000418108044,0.999998748,0.00155304035,-6.493395E-07,0.000418108044,0.999998748,0.00106575433,-1.80805887E-06,0.00137922121,0.999998569,0,0.00338291214,0.000974570634,0.00192967674,2052,0.00278032245,1,5.7,-6.988029E-10,-1.100604E-15,-7.35134336E-16,1,0,0,0,1,0.001553041,-6.49339768E-07,0.000418108044,0.999998748,0.00155304035,-6.493395E-07,0.000418108044,0.999998748,0.00155304035,-6.493395E-07,0.000418108044,0.999998748,0.0010029336,0.000159409115,0.0008210565,0.9999992,0,0,0.001100348,0.00303289643,2052,0.00232618465,1,5.7,4.2001122E-10,2.060041E-15,3.64644878E-16,1,0.0301521979,0,0,0.999545336,-0.0007765208,1.62334985E-07,0.000209054211,0.9999997,0.02937602,-6.141183E-06,0.000208964062,0.999568462,0.02937602,-6.141183E-06,0.000208964062,0.999568462,0.0224035271,-0.00014149808,0.0031946816,0.999743938,0.0151446285,0.04526124,0.0139493905,0.0322365873,1482,0.0570486374,1,5.7,-5.074521E-09,-3.65132663E-16,-5.4125903E-16,1,0.0292097349,0,0,0.9995733,-0.0007765208,1.62334985E-07,0.000209054211,0.9999997,0.0284335315,-5.94415133E-06,0.000208969752,0.9995957,0.0284335315,-5.94415133E-06,0.000208969752,0.9995957,0.02398344,-2.7757882E-05,-4.89289669E-05,0.9997124,0.008870076,0.0479671732,0.008903239,0.0235312618,1482,0.05496633,1,5.7
HOLD_0.00_FULL,HOLD,41,102,1.02,DESCENT,None,0,1.41717827,0.00592874736,0.008682473,0.9790489,0.00154308975,0.00140759512,1.12161458,-0.04663642,8.253083E-06,0.00137423258,0.00364377233,-0.04540434,0.00141038571,-0.15471904,0.135280982,-0.179305151,0.179305136,true,8,true,true,0,0,0.00130115275,0.000481919182,0.9766574,0.976172864,0.5479895,0.5473896,0.4286679,0.428783238,0.428783238,false,0.168726891,0.168080255,0,0,0,false,false,0.303183883,0.04802182,0.0152387936,thorax,true,false,0.00524601759,1.46779222E-09,-9.636216E-15,-7.331967E-15,1,0,0,0,1,0.0219999235,-1.83172688E-05,0.000832404243,0.9997576,0.0219999254,-1.831727E-05,0.000832404243,0.9997576,0.0219999272,-1.83172724E-05,0.000832404359,0.9997577,0.0025748536,0.0006123073,-0.00198199251,0.9999946,0.03927617,0.00658727763,0.0388545953,0.0735826343,1710,0.00533490255,1,9.5,1.46778956E-09,-2.36301758E-16,-2.05572435E-16,1,0,0,0,1,0.0219999235,-1.83172688E-05,0.000832404243,0.9997576,0.0219999254,-1.831727E-05,0.000832404243,0.9997576,0.0219999272,-1.83172724E-05,0.000832404359,0.9997577,0.00185740727,0.000150197491,-0.00192267878,0.9999964,0.04066606,0.005348855,0.0402887352,0.0751119852,1710,0.00380648463,1,9.5,-2.96887914E-09,-6.20109729E-15,1.816118E-15,1,0,0,0,1,0,0,0,1,-2.96887914E-09,-6.20109729E-15,1.816118E-15,1,-2.96887914E-09,-6.20109729E-15,1.816118E-15,1,0.00197333726,5.25020332E-05,-0.0001548418,0.9999981,0.00390625047,0.00390625047,-0.003946683,0.00671044644,2052,0.00154352875,1,6.83999968,-2.96887825E-09,-2.36928837E-15,1.75362544E-15,1,0,0,0,1,0,0,0,1,-2.96887825E-09,-2.36928837E-15,1.75362544E-15,1,-2.96887825E-09,-2.36928837E-15,1.75362544E-15,1,0.00271025184,-1.29184718E-10,5.5207855E-10,0.9999963,0.005437272,0.005437272,-0.00542051671,0.006787413,2052,0.00214850157,1,6.83999968,-6.988029E-10,-1.10073509E-15,3.8636455E-16,1,0,0,0,1,0,0,0.000416302937,0.99999994,-6.98802849E-10,2.8981296E-13,0.000416302937,0.99999994,-6.98802849E-10,2.8981296E-13,0.000416302937,0.99999994,0.0009579386,-7.60461444E-06,0.00136552367,0.9999987,0,0.00323889172,-0.001915885,0.00387755362,2052,0.00248679612,1,5.7,-6.988029E-10,-1.100604E-15,-7.35134336E-16,1,0,0,0,1,0,0,0.000416302937,0.99999994,-6.98802849E-10,2.898131E-13,0.000416302937,0.99999994,-6.98802849E-10,2.898131E-13,0.000416302937,0.99999994,0.000939322,0.000152451365,0.0008100559,0.9999993,0,0,-0.00187851861,0.005931919,2052,0.00215362851,1,5.7,4.2001122E-10,2.060041E-15,3.64644878E-16,1,0.0301521979,0,0,0.999545336,0,0,0.000208151469,1,0.0301521979,-6.276224E-06,0.000208056823,0.999545336,0.0301521979,-6.276224E-06,0.000208056823,0.999545336,0.0223493464,-0.000141337019,0.00318717724,0.9997452,0.0166875552,0.0451504737,0.0156108215,0.0389274657,1482,0.0569197536,1,5.7,-5.074521E-09,-3.65132663E-16,-5.4125903E-16,1,0.0292097349,0,0,0.9995733,0,0,0.000208151469,1,0.02920973,-6.080048E-06,0.000208062644,0.9995733,0.02920973,-6.080048E-06,0.000208062644,0.9995733,0.0240067691,-2.53784656E-05,-4.37498456E-05,0.9997119,0.0103810132,0.0480118878,0.0104096113,0.026369622,1482,0.0550175719,1,5.7
HOLD_0.00_FULL,HOLD,42,103,1.03,DESCENT,None,0,1.41718662,0.00695489347,0.008597015,0.9790808,0.00669115037,0.00140770851,1.12163639,-0.0465990938,5.36449E-05,0.00522463536,0.00349710952,-0.0454165936,0.00142584776,-0.15471904,0.135280982,-0.179305151,0.179305136,true,8,true,true,0,0,0.00163154339,0.000815260457,0.976694345,0.976221859,0.5480341,0.5474386,0.428660274,0.428783238,0.428783238,false,1.03264427,1.02977324,1,0.00318865548,-0.00159432774,true,false,0.302821428,0.0479671732,0.01660161,thorax,true,false,0.005251957,1.46779222E-09,-9.636216E-15,-7.331967E-15,1,0,0,0,1,0.04198934,-3.525654E-05,0.000838913664,0.9991177,0.04198934,-3.525654E-05,0.000838913664,0.9991177,0.03199971,-2.6791191E-05,0.00083570194,0.9994876,0.002626887,0.00059408776,-0.0021038244,0.9999942,0.07897698,0.00680097425,0.05875738,0.108936727,1710,0.005431034,1,9.5,1.46778956E-09,-2.36301758E-16,-2.05572435E-16,1,0,0,0,1,0.04198934,-3.525654E-05,0.000838913664,0.9991177,0.04198934,-3.525654E-05,0.000838913664,0.9991177,0.03199971,-2.6791191E-05,0.00083570194,0.9994876,0.00192899443,0.000136035538,-0.00203920365,0.999996066,0.08035401,0.0056099263,0.0601524264,0.110466532,1710,0.003940086,1,9.5,-2.96887914E-09,-6.20109729E-15,1.816118E-15,1,0,0,0,1,0,0,0,1,-2.96887914E-09,-6.20109729E-15,1.816118E-15,1,-2.96887914E-09,-6.20109729E-15,1.816118E-15,1,0.00187390088,5.22748669E-05,-0.000156261609,0.9999983,0.00371863972,0.00371863972,-0.00374781014,0.00293516321,2052,0.00146939559,1,6.83999968,-2.96887825E-09,-2.36928837E-15,1.75362544E-15,1,0,0,0,1,0,0,0,1,-2.96887825E-09,-2.36928837E-15,1.75362544E-15,1,-2.96887825E-09,-2.36928837E-15,1.75362544E-15,1,0.00264585158,-5.98026E-10,-4.34104447E-10,0.999996543,0.00525895134,0.00525895134,-0.00529171573,0.004307675,2052,0.00207803957,1,6.83999968,-6.988029E-10,-1.10073509E-15,3.8636455E-16,1,0,0,0,1,0.001594327,-6.693419E-07,0.000419826654,0.9999987,0.00159432634,-6.693416E-07,0.000419826654,0.9999987,0.00159432634,-6.693416E-07,0.000419826654,0.9999987,0.00107250619,-3.98540033E-06,0.00137989421,0.99999845,0,0.0035210466,0.00104363693,0.00186756544,2052,0.00278032245,1,5.7,-6.988029E-10,-1.100604E-15,-7.35134336E-16,1,0,0,0,1,0.001594327,-6.693419E-07,0.000419826654,0.9999987,0.00159432634,-6.693416E-07,0.000419826654,0.9999987,0.00159432634,-6.693416E-07,0.000419826654,0.9999987,0.0009996276,0.000146037783,0.0008191931,0.9999992,0,0,0.00118952128,0.00293457159,2052,0.00232618465,1,5.7,4.2001122E-10,2.060041E-15,3.64644878E-16,1,0.0301521979,0,0,0.999545336,-0.00079716387,1.67335529E-07,0.000209913531,0.9999997,0.0293553881,-6.162095E-06,0.000209823134,0.999569058,0.0293553881,-6.162095E-06,0.000209823134,0.999569058,0.02241677,-0.000131707086,0.00321200327,0.9997436,0.01511311,0.0452928357,0.0138816182,0.0319336765,1482,0.0570892766,1,5.7,-5.074521E-09,-3.65132663E-16,-5.4125903E-16,1,0.0292097349,0,0,0.9995733,-0.00079716387,1.67335529E-07,0.000209913531,0.9999997,0.0284128971,-5.96425343E-06,0.000209828853,0.9995963,0.0284128971,-5.96425343E-06,0.000209828853,0.9995963,0.0239794981,-2.4569259E-05,-3.926239E-05,0.9997125,0.008816155,0.04795723,0.008869841,0.0234388486,1482,0.05495494,1,5.7
HOLD_0.00_FULL,HOLD,43,104,1.04,DESCENT,None,0,1.41720212,0.00669597834,0.009052492,0.9790687,0.00193800032,0.00140777568,1.12163365,-0.04656456,1.50416536E-05,0.00188256823,0.00336552,-0.04542656,0.00141286175,-0.15471904,0.135280982,-0.179305151,0.179305136,true,8,true,true,0,0,0.00129586866,0.000473584543,0.976677239,0.9761902,0.5480083,0.5474069,0.428668916,0.4287833,0.4287833,false,0.04437837,0.0442038737,0,0,0,false,false,0.303355575,0.0480118878,0.0152074695,thorax,true,false,0.00524968049,1.46779222E-09,-9.636216E-15,-7.331967E-15,1,0,0,0,1,0.0219999216,-1.83894681E-05,0.0008356853,0.9997576,0.0219999235,-1.838947E-05,0.0008356853,0.9997576,0.0219999254,-1.83894717E-05,0.0008356854,0.9997577,0.002567704,0.0005810178,-0.00196996634,0.999994636,0.0392883122,0.00655098353,0.03886884,0.07362498,1710,0.00528618041,1,9.5,1.46778956E-09,-2.36301758E-16,-2.05572435E-16,1,0,0,0,1,0.0219999216,-1.83894681E-05,0.0008356853,0.9997576,0.0219999235,-1.838947E-05,0.0008356853,0.9997576,0.0219999254,-1.83894717E-05,0.0008356854,0.9997577,0.00185657851,0.000126937783,-0.00191200175,0.999996543,0.0406601951,0.00525895134,0.0402903557,0.075126484,1710,0.00380648463,1,9.5,-2.96887914E-09,-6.20109729E-15,1.816118E-15,1,0,0,0,1,0,0,0,1,-2.96887914E-09,-6.20109729E-15,1.816118E-15,1,-2.96887914E-09,-6.20109729E-15,1.816118E-15,1,0.00195438229,4.961987E-05,-0.0001552813,0.999998152,0.003844731,0.003844731,-0.003908773,0.00669370871,2052,0.00151921972,1,6.83999968,-2.96887825E-09,-2.36928837E-15,1.75362544E-15,1,0,0,0,1,0,0,0,1,-2.96887825E-09,-2.36928837E-15,1.75362544E-15,1,-2.96887825E-09,-2.36928837E-15,1.75362544E-15,1,0.002688903,-7.985833E-11,4.77329842E-10,0.9999965,0.00530409347,0.00530409347,-0.00537781743,0.006755823,2052,0.00211356417,1,6.83999968,-6.988029E-10,-1.10073509E-15,3.8636455E-16,1,0,0,0,1,0,0,0.000417943869,0.99999994,-6.98802849E-10,2.90959666E-13,0.000417943869,0.99999994,-6.98802849E-10,2.90959666E-13,0.000417943869,0.99999994,0.0009614682,-1.11083136E-05,0.00136263738,0.9999986,0,0.003311685,-0.00192294747,0.003914116,2052,0.00232618465,1,5.7,-6.988029E-10,-1.100604E-15,-7.35134336E-16,1,0,0,0,1,0,0,0.000417943869,0.99999994,-6.98802849E-10,2.90959775E-13,0.000417943869,0.99999994,-6.98802849E-10,2.90959775E-13,0.000417943869,0.99999994,0.000939036,0.000137954368,0.0008061813,0.9999993,0,0,-0.0018779583,0.0059494297,2052,0.00215362851,1,5.7,4.2001122E-10,2.060041E-15,3.64644878E-16,1,0.0301521979,0,0,0.999545336,0,0,0.000208971935,1,0.0301521979,-6.300963E-06,0.000208876925,0.999545336,0.0301521979,-6.300963E-06,0.000208876925,0.999545336,0.0223616417,-0.000131816632,0.00320087513,0.999744833,0.0166875552,0.04518215,0.0155862244,0.03880549,1482,0.05694692,1,5.7,-5.074521E-09,-3.65132663E-16,-5.4125903E-16,1,0.0292097349,0,0,0.9995733,0,0,0.000208971935,1,0.02920973,-6.10401366E-06,0.00020888276,0.9995733,0.02920973,-6.10401366E-06,0.00020888276,0.9995733,0.0240062922,-2.17654851E-05,-3.40303268E-05,0.9997118,0.0104268463,0.0480168536,0.010410564,0.0262811165,1482,0.05502326,1,5.7
HOLD_0.00_FULL,HOLD,44,105,1.05,DESCENT,None,0,1.41721427,0.007315576,0.008771873,0.979099333,0.006576553,0.00140785822,1.12165534,-0.0465307869,4.978985E-05,0.00522226468,0.00316108484,-0.0454619,0.00142469408,-0.15471904,0.135280982,-0.179305151,0.179305136,true,8,true,true,0,0,0.00161871419,0.0007760961,0.976712465,0.976238251,0.548051238,0.547454953,0.428661227,0.4287833,0.4287833,false,1.0067116,1.00391257,1,0.003160195,-0.00158009748,true,false,0.3029954,0.04795723,0.0165872425,thorax,true,false,0.00525181741,1.46779222E-09,-9.636216E-15,-7.331967E-15,1,0,0,0,1,0.04198934,-3.5374007E-05,0.000841708737,0.9991177,0.04198934,-3.5374007E-05,0.000841708737,0.9991177,0.0320012,-2.68873027E-05,0.000838740554,0.9994875,0.00261518569,0.0005653262,-0.00208613067,0.9999943,0.07899812,0.00676582661,0.0587837249,0.108998038,1710,0.005383183,1,9.5,1.46778956E-09,-2.36301758E-16,-2.05572435E-16,1,0,0,0,1,0.04198934,-3.5374007E-05,0.000841708737,0.9991177,0.04198934,-3.5374007E-05,0.000841708737,0.9991177,0.0320012,-2.68873027E-05,0.000838740554,0.9994875,0.001924841,0.00011666301,-0.002023478,0.9999961,0.08035994,0.00556726474,0.06016368,0.110497072,1710,0.0040052156,1,9.5,-2.96887914E-09,-6.20109729E-15,1.816118E-15,1,0,0,0,1,0,0,0,1,-2.96887914E-09,-6.20109729E-15,1.816118E-15,1,-2.96887914E-09,-6.20109729E-15,1.816118E-15,1,0.00186023733,4.95998574E-05,-0.000156372029,0.999998331,0.00365396286,0.00365396286,-0.00372048258,0.00290874788,2052,0.00144383893,1,6.83999968,-2.96887825E-09,-2.36928837E-15,1.75362544E-15,1,0,0,0,1,0,0,0,1,-2.96887825E-09,-2.36928837E-15,1.75362544E-15,1,-2.96887825E-09,-2.36928837E-15,1.75362544E-15,1,0.002625986,-5.221925E-10,-2.52645238E-10,0.999996543,0.00525895134,0.00525895134,-0.005251984,0.00428255741,2052,0.00207803957,1,6.83999968,-6.988029E-10,-1.10073509E-15,3.8636455E-16,1,0,0,0,1,0.0015800969,-6.65577829E-07,0.0004212254,0.9999987,0.0015800962,-6.65577545E-07,0.0004212254,0.9999987,0.0015800962,-6.65577545E-07,0.0004212254,0.9999987,0.00107331353,-8.154408E-06,0.00137478276,0.9999985,0,0.00345267029,0.00101355847,0.00189915008,2052,0.0026376457,1,5.7,-6.988029E-10,-1.100604E-15,-7.35134336E-16,1,0,0,0,1,0.0015800969,-6.65577829E-07,0.0004212254,0.9999987,0.0015800962,-6.65577545E-07,0.0004212254,0.9999987,0.0015800962,-6.65577545E-07,0.0004212254,0.9999987,0.0009990898,0.000131346009,0.000814648753,0.9999992,0,0,0.00116212468,0.0029473505,2052,0.00232618465,1,5.7,4.2001122E-10,2.060041E-15,3.64644878E-16,1,0.0301521979,0,0,0.999545336,-0.0007900488,1.66394528E-07,0.00021061291,0.9999997,0.0293625,-6.18412332E-06,0.000210522165,0.9995689,0.0293625,-6.18412332E-06,0.000210522165,0.9995689,0.0224287063,-0.000122175086,0.003222578,0.9997432,0.01511311,0.045324415,0.0138719669,0.03184962,1482,0.0571163557,1,5.7,-5.074521E-09,-3.65132663E-16,-5.4125903E-16,1,0.0292097349,0,0,0.9995733,-0.0007900488,1.66394528E-07,0.00021061291,0.9999997,0.0284200087,-5.98562247E-06,0.0002105279,0.999596059,0.0284200087,-5.98562247E-06,0.0002105279,0.999596059,0.0239832811,-2.04658227E-05,-2.93805679E-05,0.999712348,0.008896914,0.0479721427,0.008876502,0.0233653784,1482,0.05496633,1,5.7
HOLD_0.00_FULL,HOLD,45,106,1.06,DESCENT,None,0,1.41722929,0.006636165,0.008877142,0.979082346,0.00148426,0.00140780676,1.12164867,-0.0465000868,2.08937581E-06,0.00151945546,0.0030027,-0.04548476,0.00140851329,-0.15471904,0.135280982,-0.179305151,0.179305136,true,8,true,true,0,0,0.00127015868,0.000462225,0.976690233,0.9762024,0.5480206,0.5474189,0.428669631,0.428783536,0.428783536,false,0.00829942152,0.008266787,0,0,0,false,false,0.3034989,0.0480168536,0.0152074695,thorax,true,false,0.00524620665,1.46779222E-09,-9.636216E-15,-7.331967E-15,1,0,0,0,1,0.0219999216,-1.84133532E-05,0.0008367707,0.9997576,0.0219999235,-1.84133551E-05,0.0008367707,0.9997576,0.0219999254,-1.84133569E-05,0.0008367708,0.9997577,0.00255241361,0.000554093858,-0.00195353129,0.999994755,0.039306514,0.00647778576,0.0388993844,0.07368927,1710,0.00528618041,1,9.5,1.46778956E-09,-2.36301758E-16,-2.05572435E-16,1,0,0,0,1,0.0219999216,-1.84133532E-05,0.0008367707,0.9997576,0.0219999235,-1.84133551E-05,0.0008367707,0.9997576,0.0219999254,-1.84133569E-05,0.0008367708,0.9997577,0.00185011537,0.000109669338,-0.00189775159,0.999996543,0.0406719223,0.00525895134,0.04030325,0.07515689,1710,0.00380648463,1,9.5,-2.96887914E-09,-6.20109729E-15,1.816118E-15,1,0,0,0,1,0,0,0,1,-2.96887914E-09,-6.20109729E-15,1.816118E-15,1,-2.96887914E-09,-6.20109729E-15,1.816118E-15,1,0.00194341759,4.71330568E-05,-0.000155217451,0.9999981,0.00390625047,0.00390625047,-0.003886844,0.006648616,2052,0.00154352875,1,6.83999968,-2.96887825E-09,-2.36928837E-15,1.75362544E-15,1,0,0,0,1,0,0,0,1,-2.96887825E-09,-2.36928837E-15,1.75362544E-15,1,-2.96887825E-09,-2.36928837E-15,1.75362544E-15,1,0.00267009716,-1.79712009E-10,5.683081E-10,0.9999964,0.005348855,0.005348855,-0.005340207,0.00672246,2052,0.00211356417,1,6.83999968,-6.988029E-10,-1.10073509E-15,3.8636455E-16,1,0,0,0,1,0,0,0.0004184867,0.99999994,-6.98802849E-10,2.91339E-13,0.0004184867,0.99999994,-6.98802849E-10,2.91339E-13,0.0004184867,0.99999994,0.0009615769,-1.545679E-05,0.00135631091,0.9999986,0,0.003311685,-0.00192316843,0.00392039865,2052,0.00232618465,1,5.7,-6.988029E-10,-1.100604E-15,-7.35134336E-16,1,0,0,0,1,0,0,0.0004184867,0.99999994,-6.98802849E-10,2.91339137E-13,0.0004184867,0.99999994,-6.98802849E-10,2.91339137E-13,0.0004184867,0.99999994,0.000938105863,0.000123619175,0.000801218557,0.9999993,0,0,-0.00187610975,0.00591573026,2052,0.00215362851,1,5.7,4.2001122E-10,2.060041E-15,3.64644878E-16,1,0.0301521979,0,0,0.999545336,0,0,0.000209243357,1,0.0301521979,-6.309147E-06,0.000209148217,0.999545336,0.0301521979,-6.309147E-06,0.000209148217,0.999545336,0.0223751571,-0.0001224408,0.00320903258,0.9997445,0.0166732613,0.0452138036,0.0155591881,0.0386449955,1482,0.05697406,1,5.7,-5.074521E-09,-3.65132663E-16,-5.4125903E-16,1,0.0292097349,0,0,0.9995733,0,0,0.000209243357,1,0.02920973,-6.11194173E-06,0.000209154066,0.9995733,0.02920973,-6.11194173E-06,0.000209154066,0.9995733,0.02401305,-1.755274E-05,-2.44124039E-05,0.999711633,0.0104039554,0.04803175,0.0103970459,0.0261833,1482,0.05503464,1,5.7
HOLD_0.00_FULL,HOLD,46,107,1.07,DESCENT,None,0,1.41724026,0.00720279664,0.008763669,0.979107,0.00603047758,0.00140766369,1.12166476,-0.0464707054,2.74650065E-05,0.00470056664,0.00270214886,-0.045557,0.00141695072,-0.15471904,0.135280982,-0.179305151,0.179305136,true,8,true,true,0,0,0.0016534829,0.0008081544,0.976719141,0.9762449,0.5480577,0.5474615,0.428661466,0.428783417,0.428783417,false,0.9740221,0.9714531,0.826813936,0.00252472027,-0.00126236014,false,false,0.303106755,0.0479721427,0.0165872425,thorax,true,false,0.005248265,1.46779222E-09,-9.636216E-15,-7.331967E-15,1,0,0,0,1,0.04198934,-3.53549476E-05,0.000841255242,0.9991177,0.04198934,-3.53549476E-05,0.000841255242,0.9991177,0.0320012,-2.68897056E-05,0.0008390561,0.9994875,0.002608285,0.0005381927,-0.00207597949,0.9999944,0.07900718,0.00669497857,0.0587974861,0.108926229,1710,0.005383183,1,9.5,1.46778956E-09,-2.36301758E-16,-2.05572435E-16,1,0,0,0,1,0.04198934,-3.53549476E-05,0.000841255242,0.9991177,0.04198934,-3.53549476E-05,0.000841255242,0.9991177,0.0320012,-2.68897056E-05,0.0008390561,0.9994875,0.00192637229,9.895012E-05,-0.00201458554,0.9999962,0.08035104,0.0055242735,0.06016059,0.110394329,1710,0.003940086,1,9.5,-2.96887914E-09,-6.20109729E-15,1.816118E-15,1,0,0,0,1,0,0,0,1,-2.96887914E-09,-6.20109729E-15,1.816118E-15,1,-2.96887914E-09,-6.20109729E-15,1.816118E-15,1,0.00186359836,4.69470833E-05,-0.000156495385,0.9999983,0.00371863972,0.00371863972,-0.003727205,0.00315751624,2052,0.00146939559,1,6.83999968,-2.96887825E-09,-2.36928837E-15,1.75362544E-15,1,0,0,0,1,0,0,0,1,-2.96887825E-09,-2.36928837E-15,1.75362544E-15,1,-2.96887825E-09,-2.36928837E-15,1.75362544E-15,1,0.00261463155,-4.379478E-10,-6.179747E-11,0.9999966,0.00521341851,0.00521341851,-0.005229275,0.00441646064,2052,0.00206004758,1,6.83999968,-6.988029E-10,-1.10073509E-15,3.8636455E-16,1,0,0,0,1,0.00126235979,-5.31452258E-07,0.000420998666,0.999999166,0.00126235909,-5.31452E-07,0.000420998666,0.999999166,0.00126235909,-5.31452E-07,0.000420998666,0.999999166,0.00102661911,-1.3265555E-05,0.001368559,0.9999985,0,0.00345267029,0.000471468316,0.0020224438,2052,0.0026376457,1,5.7,-6.988029E-10,-1.100604E-15,-7.35134336E-16,1,0,0,0,1,0.00126235979,-5.31452258E-07,0.000420998666,0.999999166,0.00126235909,-5.31452E-07,0.000420998666,0.999999166,0.00126235909,-5.31452E-07,0.000420998666,0.999999166,0.000958396937,0.000116940319,0.000809609541,0.9999992,0,0,0.000608023256,0.003119786,2052,0.00232618465,1,5.7,4.2001122E-10,2.060041E-15,3.64644878E-16,1,0.0301521979,0,0,0.999545336,-0.000631180068,1.32863079E-07,0.000210499449,0.9999998,0.0295213,-6.2142185E-06,0.000210407743,0.9995642,0.0295213,-6.2142185E-06,0.000210407743,0.9995642,0.0224337224,-0.000113194779,0.00322974077,0.9997431,0.0154099343,0.04533493,0.014179674,0.0328369141,1482,0.0571298935,1,5.7,-5.074521E-09,-3.65132663E-16,-5.4125903E-16,1,0.0292097349,0,0,0.9995733,-0.000631180068,1.32863079E-07,0.000210499449,0.9999998,0.0285788141,-6.01582542E-06,0.0002104135,0.9995915,0.0285788141,-6.01582542E-06,0.0002104135,0.9995915,0.0240021553,-1.58386447E-05,-2.033236E-05,0.999712,0.009134914,0.0480019562,0.009156489,0.0238570832,1482,0.05500619,1,5.7
HOLD_0.00_FULL,HOLD,47,108,1.08,DESCENT,None,0,1.41725254,0.006381668,0.00873262249,0.979084134,0.0008990094,0.00140735041,1.12165248,-0.0464449041,-2.29820325E-05,0.0009993706,0.00254409574,-0.04558465,0.00139957934,-0.15471904,0.135280982,-0.179305151,0.179305136,true,8,true,true,0,0,0.00122551736,0.000438126939,0.976691,0.9762037,0.5480212,0.5474202,0.4286698,0.428783476,0.428783476,false,0.0227394067,0.02267015,0,0,0,false,false,0.303580731,0.04803175,0.0155024882,thorax,true,false,0.00524193048,1.46779222E-09,-9.636216E-15,-7.331967E-15,1,0,0,0,1,0.0219999216,-1.83731736E-05,0.0008349448,0.9997576,0.0219999235,-1.83731754E-05,0.0008349448,0.9997576,0.0219999254,-1.83731772E-05,0.0008349449,0.9997577,0.00254177977,0.000529747049,-0.00194812624,0.999994755,0.0393307731,0.00647778576,0.0389206074,0.07369771,1710,0.00528618041,1,9.5,1.46778956E-09,-2.36301758E-16,-2.05572435E-16,1,0,0,0,1,0.0219999216,-1.83731736E-05,0.0008349448,0.9997576,0.0219999235,-1.83731754E-05,0.0008349448,0.9997576,0.0219999254,-1.83731772E-05,0.0008349449,0.9997577,0.001850911,9.364887E-05,-0.00189264014,0.999996543,0.04066606,0.00525895134,0.0403016321,0.07512951,1710,0.00380648463,1,9.5,-2.96887914E-09,-6.20109729E-15,1.816118E-15,1,0,0,0,1,0,0,0,1,-2.96887914E-09,-6.20109729E-15,1.816118E-15,1,-2.96887914E-09,-6.20109729E-15,1.816118E-15,1,0.00194624683,4.49255858E-05,-0.000155162226,0.9999981,0.00390625047,0.00390625047,-0.00389250251,0.00657433458,2052,0.00154352875,1,6.83999968,-2.96887825E-09,-2.36928837E-15,1.75362544E-15,1,0,0,0,1,0,0,0,1,-2.96887825E-09,-2.36928837E-15,1.75362544E-15,1,-2.96887825E-09,-2.36928837E-15,1.75362544E-15,1,0.00265917717,-1.791867E-10,4.7734916E-10,0.9999965,0.00530409347,0.00530409347,-0.005318367,0.006688,2052,0.00209587719,1,6.83999968,-6.988029E-10,-1.10073509E-15,3.8636455E-16,1,0,0,0,1,0,0,0.000417573523,0.99999994,-6.98802849E-10,2.90700867E-13,0.000417573523,0.99999994,-6.98802849E-10,2.90700867E-13,0.000417573523,0.99999994,0.000918012054,-2.053784E-05,0.00135064311,0.9999987,0,0.00323889172,-0.001836043,0.00382062164,2052,0.00215362851,1,5.7,-6.988029E-10,-1.100604E-15,-7.35134336E-16,1,0,0,0,1,0,0,0.000417573523,0.99999994,-6.98802849E-10,2.90700976E-13,0.000417573523,0.99999994,-6.98802849E-10,2.90700976E-13,0.000417573523,0.99999994,0.000896658,0.000109805827,0.0007963647,0.9999993,0,0,-0.00179322576,0.005749666,2052,0.00215362851,1,5.7,4.2001122E-10,2.060041E-15,3.64644878E-16,1,0.0301521979,0,0,0.999545336,0,0,0.000208786762,1,0.0301521979,-6.29537954E-06,0.000208691839,0.999545336,0.0301521979,-6.29537954E-06,0.000208691839,0.999545336,0.0223909244,-0.000113492992,0.00321613438,0.9997441,0.016644638,0.04524543,0.01552765,0.0382247865,1482,0.0570147522,1,5.7,-5.074521E-09,-3.65132663E-16,-5.4125903E-16,1,0.0292097349,0,0,0.9995733,0,0,0.000208786762,1,0.02920973,-6.098605E-06,0.000208697675,0.9995733,0.02920973,-6.098605E-06,0.000208697675,0.9995733,0.0240348745,-1.29317687E-05,-1.60508625E-05,0.9997111,0.0103810132,0.0480764061,0.0103533845,0.02598973,1482,0.0550801419,1,5.7
HOLD_0.00_FULL,HOLD,48,109,1.09,DESCENT,None,0,1.41726327,0.00719902664,0.008965741,0.9791047,0.005651526,0.00140691665,1.12166464,-0.04642056,-9.890628E-07,0.00431471644,0.00218364643,-0.04568218,0.00140658219,-0.15471904,0.135280982,-0.179305151,0.179305136,true,8,true,true,0,0,0.00167637621,0.000836924766,0.976715446,0.976242,0.5480543,0.547458768,0.428661168,0.428783238,0.428783238,false,0.942392051,0.939906359,0.615946949,0.00177471235,-0.0008873562,false,false,0.303179026,0.0480019562,0.0165728629,thorax,true,false,0.00524640363,1.46779222E-09,-9.636216E-15,-7.331967E-15,1,0,0,0,1,0.04198934,-3.52163E-05,0.000837956148,0.9991177,0.04198934,-3.52163E-05,0.000837956148,0.9991177,0.0319997072,-2.67990072E-05,0.000836492865,0.9994876,0.002607644,0.0005139444,-0.00207549566,0.999994338,0.07901019,0.006730496,0.0587957352,0.1087759,1710,0.005431034,1,9.5,1.46778956E-09,-2.36301758E-16,-2.05572435E-16,1,0,0,0,1,0.04198934,-3.52163E-05,0.000837956148,0.9991177,0.04198934,-3.52163E-05,0.000837956148,0.9991177,0.0319997072,-2.67990072E-05,0.000836492865,0.9994876,0.0019361875,8.22403963E-05,-0.00201375363,0.9999961,0.08033323,0.00556726474,0.0601379424,0.110211022,1710,0.0040052156,1,9.5,-2.96887914E-09,-6.20109729E-15,1.816118E-15,1,0,0,0,1,0,0,0,1,-2.96887914E-09,-6.20109729E-15,1.816118E-15,1,-2.96887914E-09,-6.20109729E-15,1.816118E-15,1,0.00187857135,4.46266531E-05,-0.000156646478,0.9999982,0.00378221087,0.00378221087,-0.003757151,0.00340882828,2052,0.00149451534,1,6.83999968,-2.96887825E-09,-2.36928837E-15,1.75362544E-15,1,0,0,0,1,0,0,0,1,-2.96887825E-09,-2.36928837E-15,1.75362544E-15,1,-2.96887825E-09,-2.36928837E-15,1.75362544E-15,1,0.00261141872,-4.27044677E-10,-6.430162E-11,0.999996662,0.00516748428,0.00516748428,-0.005222849,0.004561993,2052,0.00204189681,1,6.83999968,-6.988029E-10,-1.10073509E-15,3.8636455E-16,1,0,0,0,1,0.000887356058,-3.72111E-07,0.0004193478,0.9999995,0.00088735536,-3.72110719E-07,0.0004193478,0.9999995,0.00088735536,-3.72110719E-07,0.0004193478,0.9999995,0.000933581148,-1.86793059E-05,0.00136389036,0.9999987,0,0.00323889172,-9.246768E-05,0.002181116,2052,0.00215362851,1,5.7,-6.988029E-10,-1.100604E-15,-7.35134336E-16,1,0,0,0,1,0.000887356058,-3.72111E-07,0.0004193478,0.9999995,0.00088735536,-3.72110719E-07,0.0004193478,0.9999995,0.00088735536,-3.72110719E-07,0.0004193478,0.9999995,0.0008727782,0.000103368715,0.0008051593,0.999999344,0,0,2.92413151E-05,0.00332707167,2052,0.001965985,1,5.7,4.2001122E-10,2.060041E-15,3.64644878E-16,1,0.0301521979,0,0,0.999545336,-0.0004436781,9.302776E-08,0.000209673963,0.9999999,0.0297087189,-6.22914558E-06,0.000209581442,0.999558568,0.0297087189,-6.22914558E-06,0.000209581442,0.999558568,0.0224444456,-0.000104588828,0.00323724281,0.9997429,0.01573149,0.0453507081,0.0145332329,0.0338471271,1482,0.0571501851,1,5.7,-5.074521E-09,-3.65132663E-16,-5.4125903E-16,1,0.0292097349,0,0,0.9995733,-0.0004436781,9.302776E-08,0.000209673963,0.9999999,0.0287662372,-6.03153148E-06,0.0002095872,0.9995861,0.02876624,-6.03153239E-06,0.000209587233,0.9995862,0.02403673,-1.103014E-05,-1.28327774E-05,0.999711156,0.009442919,0.0480714478,0.009462326,0.0243912619,1482,0.0550858229,1,5.7
HOLD_0.00_FULL,HOLD,49,110,1.1,DESCENT,None,0,1.41727591,0.0064383,0.008884267,0.9790792,0.000635199249,0.00140633667,1.12165046,-0.0463998467,-5.01325449E-05,0.0007971561,0.00207154755,-0.0456993766,0.001389385,-0.15471904,0.135280982,-0.179305151,0.179305136,true,8,true,true,0,0,0.00116795488,0.000416862953,0.976685,0.976198435,0.548015535,0.547414958,0.428669453,0.428783476,0.428783476,false,0.0507274419,0.050618194,0,0,0,false,false,0.303636551,0.0480764061,0.0158221629,thorax,true,false,0.00524076354,1.46779222E-09,-9.636216E-15,-7.331967E-15,1,0,0,0,1,0.0219999216,-1.82884251E-05,0.000831093465,0.9997576,0.0219999235,-1.82884269E-05,0.000831093465,0.9997576,0.0219999254,-1.82884287E-05,0.0008310936,0.9997577,0.00253885,0.0005081755,-0.00194919086,0.999994755,0.0393368341,0.00647778576,0.03892643,0.07362941,1710,0.00528618041,1,9.5,1.46778956E-09,-2.36301758E-16,-2.05572435E-16,1,0,0,0,1,0.0219999216,-1.82884251E-05,0.000831093465,0.9997576,0.0219999235,-1.82884269E-05,0.000831093465,0.9997576,0.0219999254,-1.82884287E-05,0.0008310936,0.9997577,0.00186082732,7.85453E-05,-0.00189306622,0.999996543,0.0406484641,0.00525895134,0.0402817763,0.0750280246,1710,0.00380648463,1,9.5,-2.96887914E-09,-6.20109729E-15,1.816118E-15,1,0,0,0,1,0,0,0,1,-2.96887914E-09,-6.20109729E-15,1.816118E-15,1,-2.96887914E-09,-6.20109729E-15,1.816118E-15,1,0.00195581024,4.3071992E-05,-0.00015513059,0.999998152,0.003844731,0.003844731,-0.003911629,0.00644696224,2052,0.00151921972,1,6.83999968,-2.96887825E-09,-2.36928837E-15,1.75362544E-15,1,0,0,0,1,0,0,0,1,-2.96887825E-09,-2.36928837E-15,1.75362544E-15,1,-2.96887825E-09,-2.36928837E-15,1.75362544E-15,1,0.00265492732,-2.08912568E-10,5.032529E-10,0.999996543,0.00525895134,0.00525895134,-0.005309867,0.00662812125,2052,0.00207803957,1,6.83999968,-6.988029E-10,-1.10073509E-15,3.8636455E-16,1,0,0,0,1,0,0,0.0004156474,0.99999994,-6.98802849E-10,2.89354884E-13,0.0004156474,0.99999994,-6.98802849E-10,2.89354884E-13,0.0004156474,0.99999994,0.0008340532,-2.53775834E-05,0.00134671759,0.9999988,0,0.003088162,-0.00166812912,0.00367036927,2052,0.00215362851,1,5.7,-6.988029E-10,-1.100604E-15,-7.35134336E-16,1,0,0,0,1,0,0,0.0004156474,0.99999994,-6.98802849E-10,2.8935502E-13,0.0004156474,0.99999994,-6.98802849E-10,2.8935502E-13,0.0004156474,0.99999994,0.000813506,9.716289E-05,0.000792275,0.9999994,0,0,-0.00162693253,0.005503985,2052,0.00215362851,1,5.7,4.2001122E-10,2.060041E-15,3.64644878E-16,1,0.0301521979,0,0,0.999545336,0,0,0.0002078237,1,0.0301521979,-6.266341E-06,0.000207729216,0.999545336,0.0301521979,-6.266341E-06,0.000207729216,0.999545336,0.02241827,-0.000104785679,0.00322405342,0.999743462,0.01660161,0.0453033634,0.0154729448,0.0376009345,1482,0.0570892766,1,5.7,-5.074521E-09,-3.65132663E-16,-5.4125903E-16,1,0.0292097349,0,0,0.9995733,0,0,0.0002078237,1,0.02920973,-6.07047423E-06,0.000207735022,0.9995733,0.02920973,-6.07047423E-06,0.000207735022,0.9995733,0.0240717176,-8.408032E-06,-9.407664E-06,0.9997103,0.0102422852,0.04814084,0.0102796853,0.0257148519,1482,0.05516534,1,5.7
HOLD_0.00_FULL,HOLD,50,111,1.11,DESCENT,None,0,1.41729,0.00756058842,0.009446806,0.979099631,0.0056354627,0.00140562432,1.12166214,-0.0463802256,-2.98223586E-05,0.00430462463,0.00170222379,-0.0458046347,0.0013955402,-0.15471904,0.135280982,-0.179305151,0.179305136,true,8,true,true,0,0,0.00168852857,0.0008547822,0.976709,0.9762364,0.548048258,0.5474533,0.42866075,0.428783119,0.428783119,false,0.912941933,0.9109758,0.4196128,0.00112137862,-0.0005606893,false,false,0.303236783,0.0480714478,0.0165440645,thorax,true,false,0.005247758,1.46779222E-09,-9.636216E-15,-7.331967E-15,1,0,0,0,1,0.04198934,-3.50269329E-05,0.000833450234,0.9991177,0.04198934,-3.50269329E-05,0.000833450234,0.9991177,0.0319997072,-2.66619245E-05,0.000832313963,0.9994876,0.002615735,0.0004919836,-0.00207767682,0.9999943,0.07899812,0.00676582661,0.05877951,0.108568847,1710,0.005383183,1,9.5,1.46778956E-09,-2.36301758E-16,-2.05572435E-16,1,0,0,0,1,0.04198934,-3.50269329E-05,0.000833450234,0.9991177,0.04198934,-3.50269329E-05,0.000833450234,0.9991177,0.0319997072,-2.66619245E-05,0.000832313963,0.9994876,0.00195537717,6.636341E-05,-0.00201513967,0.999996066,0.0802976,0.0056099263,0.0600995347,0.109973811,1710,0.004069303,1,9.5,-2.96887914E-09,-6.20109729E-15,1.816118E-15,1,0,0,0,1,0,0,0,1,-2.96887914E-09,-6.20109729E-15,1.816118E-15,1,-2.96887914E-09,-6.20109729E-15,1.816118E-15,1,0.00189384492,4.26291335E-05,-0.0001567818,0.9999982,0.00378221087,0.00378221087,-0.00378769822,0.00356673147,2052,0.00149451534,1,6.83999968,-2.96887825E-09,-2.36928837E-15,1.75362544E-15,1,0,0,0,1,0,0,0,1,-2.96887825E-09,-2.36928837E-15,1.75362544E-15,1,-2.96887825E-09,-2.36928837E-15,1.75362544E-15,1,0.00261216215,-3.84722532E-10,-3.77251064E-10,0.999996662,0.00516748428,0.00516748428,-0.005224336,0.00465335976,2052,0.00204189681,1,6.83999968,-6.988029E-10,-1.10073509E-15,3.8636455E-16,1,0,0,0,1,0.0005606892,-2.338596E-07,0.000417092961,0.999999762,0.0005606885,-2.33859311E-07,0.000417092961,0.999999762,0.0005606885,-2.33859311E-07,0.000417092961,0.999999762,0.000812770159,-2.32599432E-05,0.00136071618,0.9999988,0,0.003088162,-0.0005041831,0.00230679731,2052,0.00215362851,1,5.7,-6.988029E-10,-1.100604E-15,-7.35134336E-16,1,0,0,0,1,0.0005606892,-2.338596E-07,0.000417092961,0.999999762,0.0005606885,-2.33859311E-07,0.000417092961,0.999999762,0.0005606885,-2.33859311E-07,0.000417092961,0.999999762,0.0007551827,9.12870455E-05,0.0008014399,0.999999464,0,0,-0.0003889121,0.00347575871,2052,0.001965985,1,5.7,4.2001122E-10,2.060041E-15,3.64644878E-16,1,0.0301521979,0,0,0.999545336,-0.000280344655,5.84649023E-08,0.000208546509,0.99999994,0.02987198,-6.229697E-06,0.00020845345,0.99955374,0.02987198,-6.229697E-06,0.00020845345,0.99955374,0.0224729422,-9.608792E-05,0.00324531551,0.9997422,0.01598706,0.04541376,0.014802889,0.0345136747,1482,0.05723129,1,5.7,-5.074521E-09,-3.65132663E-16,-5.4125903E-16,1,0.0292097349,0,0,0.9995733,-0.000280344655,5.84649023E-08,0.000208546509,0.99999994,0.0289295018,-6.033147E-06,0.000208459227,0.9995814,0.0289295055,-6.033148E-06,0.000208459256,0.9995815,0.0240844283,-6.648734E-06,-7.089308E-06,0.9997099,0.009716684,0.0481755,0.009693562,0.0247539748,1482,0.05519371,1,5.7
HOLD_0.00_FULL,HOLD,51,112,1.12,DESCENT,None,0,1.4173069,0.006860994,0.009258644,0.9790751,0.000697433949,0.001404774,1.12164974,-0.0463639,-7.82866045E-05,0.0009387955,0.00166128972,-0.0458021574,0.00137830235,-0.15471904,0.135280982,-0.179305151,0.179305136,true,8,true,true,0,0,0.00111978711,0.000408519263,0.9766794,0.976193666,0.5480103,0.547410369,0.4286691,0.4287833,0.4287833,false,0.0756627247,0.07549977,0,0,0,false,false,0.303691238,0.04814084,0.016076291,thorax,true,false,0.00524233049,1.46779222E-09,-9.636216E-15,-7.331967E-15,1,0,0,0,1,0.0219999216,-1.81898122E-05,0.0008266122,0.9997576,0.0219999235,-1.8189814E-05,0.0008266122,0.9997576,0.0219999254,-1.81898158E-05,0.0008266123,0.9997577,0.00254774722,0.000487646437,-0.00195034209,0.999994755,0.0393186435,0.00647778576,0.0389085971,0.07348801,1710,0.00528618041,1,9.5,1.46778956E-09,-2.36301758E-16,-2.05572435E-16,1,0,0,0,1,0.0219999216,-1.81898122E-05,0.0008266122,0.9997576,0.0219999235,-1.8189814E-05,0.0008266122,0.9997576,0.0219999254,-1.81898158E-05,0.0008266123,0.9997577,0.00188205438,6.354686E-05,-0.00189338112,0.9999965,0.04060738,0.00530409347,0.0402393,0.07485685,1710,0.00387386116,1,9.5,-2.96887914E-09,-6.20109729E-15,1.816118E-15,1,0,0,0,1,0,0,0,1,-2.96887914E-09,-6.20109729E-15,1.816118E-15,1,-2.96887914E-09,-6.20109729E-15,1.816118E-15,1,0.00196248782,4.13859379E-05,-0.000155103058,0.999998033,0.00396681624,0.00396681624,-0.00392498448,0.00628729956,2052,0.00151921972,1,6.83999968,-2.96887825E-09,-2.36928837E-15,1.75362544E-15,1,0,0,0,1,0,0,0,1,-2.96887825E-09,-2.36928837E-15,1.75362544E-15,1,-2.96887825E-09,-2.36928837E-15,1.75362544E-15,1,0.00265301275,-1.58589392E-10,7.183822E-10,0.9999965,0.00530409347,0.00530409347,-0.005306038,0.00654252851,2052,0.00209587719,1,6.83999968,-6.988029E-10,-1.10073509E-15,3.8636455E-16,1,0,0,0,1,0,0,0.0004134062,0.99999994,-6.98802849E-10,2.87788727E-13,0.0004134062,0.99999994,-6.98802849E-10,2.87788727E-13,0.0004134062,0.99999994,0.0007266073,-2.90778917E-05,0.00134385307,0.999998868,0,0.0030099682,-0.00145324029,0.003508182,2052,0.00152284536,1,5.7,-6.988029E-10,-1.100604E-15,-7.35134336E-16,1,0,0,0,1,0,0,0.0004134062,0.99999994,-6.98802849E-10,2.87788863E-13,0.0004134062,0.99999994,-6.98802849E-10,2.87788863E-13,0.0004134062,0.99999994,0.000702257967,8.6044E-05,0.000788841862,0.9999995,0,0,-0.00140444608,0.00523477374,2052,0.00175843027,1,5.7,4.2001122E-10,2.060041E-15,3.64644878E-16,1,0.0301521979,0,0,0.999545336,0,0,0.0002067031,1,0.0301521979,-6.232553E-06,0.000206609126,0.999545336,0.0301521979,-6.232553E-06,0.000206609126,0.999545336,0.022465378,-9.61174E-05,0.00323205581,0.9997424,0.0165152177,0.0453980044,0.015378708,0.03686808,1482,0.0572110265,1,5.7,-5.074521E-09,-3.65132663E-16,-5.4125903E-16,1,0.0292097349,0,0,0.9995733,0,0,0.0002067031,1,0.02920973,-6.03774151E-06,0.0002066149,0.9995733,0.02920973,-6.03774151E-06,0.0002066149,0.9995733,0.0241212379,-4.502566E-06,-4.41214024E-06,0.9997091,0.010148746,0.0482397974,0.0101806168,0.0253730286,1482,0.0552787334,1,5.7
HOLD_0.00_FULL,HOLD,52,113,1.1300000000000001,DESCENT,None,0,1.417327,0.00815925747,0.0100231012,0.9790977,0.005843848,0.00140377216,1.1216644,-0.046348054,-6.052534E-05,0.004550618,0.00131433574,-0.0459036231,0.00138330611,-0.15471904,0.135280982,-0.179305151,0.179305136,true,8,true,true,0,0,0.00169815542,0.0008687122,0.9767054,0.9762336,0.548045,0.5474507,0.4286604,0.42878288,0.42878288,false,0.8881586,0.886245847,0.2543907,0.0006292351,-0.000314617559,false,false,0.303302318,0.0481755,0.0165007748,thorax,true,false,0.00525052473,1.46779222E-09,-9.636216E-15,-7.331967E-15,1,0,0,0,1,0.04198934,-3.48216745E-05,0.0008285662,0.9991177,0.04198934,-3.48216745E-05,0.0008285662,0.9991177,0.0319997072,-2.65099625E-05,0.000827631,0.9994876,0.00263531087,0.000470428815,-0.00207792176,0.9999943,0.078955844,0.00676582661,0.05874032,0.108330555,1710,0.005478468,1,9.5,1.46778956E-09,-2.36301758E-16,-2.05572435E-16,1,0,0,0,1,0.04198934,-3.48216745E-05,0.0008285662,0.9991177,0.04198934,-3.48216745E-05,0.0008285662,0.9991177,0.0319997072,-2.65099625E-05,0.000827631,0.9994876,0.001985216,5.029048E-05,-0.00201485935,0.999996066,0.08023223,0.0056099263,0.06003983,0.109708846,1710,0.004069303,1,9.5,-2.96887914E-09,-6.20109729E-15,1.816118E-15,1,0,0,0,1,0,0,0,1,-2.96887914E-09,-6.20109729E-15,1.816118E-15,1,-2.96887914E-09,-6.20109729E-15,1.816118E-15,1,0.001901229,4.076161E-05,-0.000156869355,0.9999982,0.00378221087,0.00378221087,-0.00380246644,0.00363088353,2052,0.00149451534,1,6.83999968,-2.96887825E-09,-2.36928837E-15,1.75362544E-15,1,0,0,0,1,0,0,0,1,-2.96887825E-09,-2.36928837E-15,1.75362544E-15,1,-2.96887825E-09,-2.36928837E-15,1.75362544E-15,1,0.00261235586,-2.89263363E-10,-1.28191083E-10,0.9999966,0.00521341851,0.00521341851,-0.005224724,0.004684769,2052,0.00206004758,1,6.83999968,-6.988029E-10,-1.10073509E-15,3.8636455E-16,1,0,0,0,1,0.00031461753,-1.30455817E-07,0.00041464885,0.9999999,0.000314616831,-1.30455533E-07,0.00041464885,0.9999999,0.000314616831,-1.30455533E-07,0.00041464885,0.9999999,0.0006835422,-2.64415157E-05,0.00135798391,0.9999989,0,0.00292968773,-0.000737872964,0.00237309537,2052,0.00175843027,1,5.7,-6.988029E-10,-1.100604E-15,-7.35134336E-16,1,0,0,0,1,0.00031461753,-1.30455817E-07,0.00041464885,0.9999999,0.000314616831,-1.30455533E-07,0.00041464885,0.9999999,0.000314616831,-1.30455533E-07,0.00041464885,0.9999999,0.0006228377,8.069879E-05,0.000798132271,0.999999464,0,0,-0.0006163748,0.00354084349,2052,0.00152284536,1,5.7,4.2001122E-10,2.060041E-15,3.64644878E-16,1,0.0301521979,0,0,0.999545336,-0.000157308779,3.26139542E-08,0.00020732444,1,0.02999496,-6.218688E-06,0.000207231162,0.9995501,0.02999496,-6.218688E-06,0.000207231162,0.9995501,0.0225250181,-8.749821E-05,0.0032528087,0.999741,0.0161059257,0.0455186442,0.0149447815,0.0347893275,1482,0.05736621,1,5.7,-5.074521E-09,-3.65132663E-16,-5.4125903E-16,1,0.0292097349,0,0,0.9995733,-0.000157308779,3.26139542E-08,0.00020732444,1,0.0290524885,-6.02329055E-06,0.000207236924,0.9995779,0.0290524885,-6.02329055E-06,0.000207236924,0.9995779,0.0241420567,-3.053144E-06,-2.80547374E-06,0.999708533,0.009838604,0.0482892022,0.009824349,0.02490065,1482,0.05532969,1,5.7
HOLD_0.00_FULL,HOLD,53,114,1.1400000000000001,DESCENT,None,0,1.41734934,0.0074005425,0.009635494,0.979075432,0.000889986753,0.00140261126,1.12165463,-0.0463350527,-0.000110264627,0.00121822266,0.0013464794,-0.0458797552,0.00136532646,-0.15471904,0.135280982,-0.179305151,0.179305136,true,8,true,true,0,0,0.0010888892,0.0004070442,0.976678,0.976193368,0.548009157,0.547410131,0.428668857,0.428783238,0.428783238,false,0.09635018,0.09614824,0,0,0,false,false,0.3037553,0.0482397974,0.0162239186,thorax,true,false,0.005244359,1.46779222E-09,-9.636216E-15,-7.331967E-15,1,0,0,0,1,0.0219999216,-1.80808947E-05,0.000821662543,0.9997576,0.0219999235,-1.80808966E-05,0.000821662543,0.9997576,0.0219999254,-1.80808984E-05,0.000821662659,0.9997577,0.00256985915,0.000466517347,-0.001948571,0.9999947,0.039270103,0.00651448732,0.0388643332,0.07330636,1710,0.00533490255,1,9.5,1.46778956E-09,-2.36301758E-16,-2.05572435E-16,1,0,0,0,1,0.0219999216,-1.80808947E-05,0.000821662543,0.9997576,0.0219999235,-1.80808966E-05,0.000821662543,0.9997576,0.0219999254,-1.80808984E-05,0.000821662659,0.9997577,0.00191466277,4.78156326E-05,-0.00189131231,0.999996364,0.0405427441,0.00539324433,0.0401740521,0.07464994,1710,0.0040052156,1,9.5,-2.96887914E-09,-6.20109729E-15,1.816118E-15,1,0,0,0,1,0,0,0,1,-2.96887914E-09,-6.20109729E-15,1.816118E-15,1,-2.96887914E-09,-6.20109729E-15,1.816118E-15,1,0.001960852,3.96794348E-05,-0.000155052723,0.9999981,0.00390625047,0.00390625047,-0.00392171228,0.00612117769,2052,0.00154352875,1,6.83999968,-2.96887825E-09,-2.36928837E-15,1.75362544E-15,1,0,0,0,1,0,0,0,1,-2.96887825E-09,-2.36928837E-15,1.75362544E-15,1,-2.96887825E-09,-2.36928837E-15,1.75362544E-15,1,0.002649815,-2.2227345E-10,6.147844E-10,0.999996543,0.00525895134,0.00525895134,-0.00529964268,0.006445403,2052,0.00207803957,1,6.83999968,-6.988029E-10,-1.10073509E-15,3.8636455E-16,1,0,0,0,1,0,0,0.0004109308,0.99999994,-6.98802849E-10,2.860589E-13,0.0004109308,0.99999994,-6.98802849E-10,2.860589E-13,0.0004109308,0.99999994,0.0006126956,-3.14290155E-05,0.0013408818,0.9999989,0,0.00292968773,-0.00122541864,0.003357879,2052,0.00124339806,1,5.7,-6.988029E-10,-1.100604E-15,-7.35134336E-16,1,0,0,0,1,0,0,0.0004109308,0.99999994,-6.98802849E-10,2.86059045E-13,0.0004109308,0.99999994,-6.98802849E-10,2.86059045E-13,0.0004109308,0.99999994,0.0005795103,7.615416E-05,0.0007854918,0.9999995,0,0,-0.00115895947,0.00498100137,2052,0.00124339806,1,5.7,4.2001122E-10,2.060041E-15,3.64644878E-16,1,0.0301521979,0,0,0.999545336,0,0,0.0002054654,1,0.0301521979,-6.19523371E-06,0.00020537198,0.999545336,0.0301521979,-6.19523371E-06,0.00020537198,0.999545336,0.0225340109,-8.734071E-05,0.00323875947,0.999740839,0.0163993184,0.0455343537,0.0152414106,0.0361193977,1482,0.0573864244,1,5.7,-5.074521E-09,-3.65132663E-16,-5.4125903E-16,1,0.0292097349,0,0,0.9995733,0,0,0.0002054654,1,0.02920973,-6.00158864E-06,0.000205377728,0.9995733,0.02920973,-6.00158864E-06,0.000205377728,0.9995733,0.02418003,-1.38332348E-06,-6.984841E-07,0.9997077,0.0100305956,0.04835828,0.0100629991,0.0249978062,1482,0.05541451,1,5.7
HOLD_0.00_FULL,HOLD,54,115,1.1500000000000001,DESCENT,None,0,1.417375,0.008701235,0.0104480516,0.9791002,0.00605913252,0.00140126387,1.1216718,-0.0463219173,-9.576658E-05,0.00481955567,0.00103392045,-0.0459723063,0.0013688812,-0.15471904,0.135280982,-0.179305151,0.179305136,true,8,true,true,0,0,0.00170810963,0.000880632,0.976706,0.9762353,0.548045754,0.547452569,0.428660274,0.4287827,0.4287827,false,0.869202733,0.86741215,0.128018081,0.0002961033,-0.000148051651,false,false,0.303372055,0.0482892022,0.01641385,thorax,true,false,0.005252557,1.46779222E-09,-9.636216E-15,-7.331967E-15,1,0,0,0,1,0.04198934,-3.45913359E-05,0.000823085429,0.9991177,0.04198934,-3.45913359E-05,0.000823085429,0.9991177,0.0319997072,-2.63403035E-05,0.000822415459,0.9994876,0.0026657444,0.000448060135,-0.00207512034,0.9999943,0.07888936,0.00676582661,0.0586794168,0.108099796,1710,0.005572124,1,9.5,1.46778956E-09,-2.36301758E-16,-2.05572435E-16,1,0,0,0,1,0.04198934,-3.45913359E-05,0.000823085429,0.9991177,0.04198934,-3.45913359E-05,0.000823085429,0.9991177,0.0319997072,-2.63403035E-05,0.000822415459,0.9994876,0.00202423334,3.355907E-05,-0.0020118414,0.999995947,0.08015789,0.005694291,0.0599617772,0.109454542,1710,0.004194542,1,9.5,-2.96887914E-09,-6.20109729E-15,1.816118E-15,1,0,0,0,1,0,0,0,1,-2.96887914E-09,-6.20109729E-15,1.816118E-15,1,-2.96887914E-09,-6.20109729E-15,1.816118E-15,1,0.00189794635,3.8872E-05,-0.000156857539,0.9999983,0.00371863972,0.00371863972,-0.00379590061,0.00362645136,2052,0.00146939559,1,6.83999968,-2.96887825E-09,-2.36928837E-15,1.75362544E-15,1,0,0,0,1,0,0,0,1,-2.96887825E-09,-2.36928837E-15,1.75362544E-15,1,-2.96887825E-09,-2.36928837E-15,1.75362544E-15,1,0.00260934047,-2.53017551E-10,-8.003666E-11,0.999996662,0.00516748428,0.00516748428,-0.00521869259,0.004671609,2052,0.00204189681,1,6.83999968,-6.988029E-10,-1.10073509E-15,3.8636455E-16,1,0,0,0,1,0.000148051637,-6.09833748E-08,0.000411906076,0.99999994,0.000148050938,-6.098309E-08,0.000411906076,0.99999994,0.000148050938,-6.098309E-08,0.000411906076,0.99999994,0.000560480054,-2.83159225E-05,0.00135474443,0.999999,0,0.00284714461,-0.000824881659,0.00238535833,2052,0.00152284536,1,5.7,-6.988029E-10,-1.100604E-15,-7.35134336E-16,1,0,0,0,1,0.000148051637,-6.09833748E-08,0.000411906076,0.99999994,0.000148050938,-6.098309E-08,0.000411906076,0.99999994,0.000148050938,-6.098309E-08,0.000411906076,0.99999994,0.000491019455,7.11310349E-05,0.0007946243,0.9999996,0,0,-0.0006858784,0.00353487744,2052,0.000879215135,1,5.7,4.2001122E-10,2.060041E-15,3.64644878E-16,1,0.0301521979,0,0,0.999545336,-7.40258256E-05,1.52458437E-08,0.000205953038,1,0.0300782062,-6.194698E-06,0.000205859862,0.999547541,0.0300782062,-6.194698E-06,0.000205859862,0.999547541,0.0225989241,-7.872842E-05,0.0032585226,0.9997393,0.01616503,0.0456703,0.014963503,0.0347606353,1482,0.0575478561,1,5.7,-5.074521E-09,-3.65132663E-16,-5.4125903E-16,1,0.0292097349,0,0,0.9995733,-7.40258256E-05,1.52458437E-08,0.000205953038,1,0.0291357357,-6.000593E-06,0.0002058656,0.999575436,0.0291357357,-6.000593E-06,0.0002058656,0.999575436,0.0242057461,-2.53749334E-07,4.22590944E-07,0.999707043,0.009862808,0.04841249,0.009863501,0.0248735789,1482,0.05547663,1,5.7
HOLD_0.00_FULL,HOLD,55,116,1.16,DESCENT,None,0,1.41740119,0.00778084248,0.00981017947,0.9790798,0.00103481859,0.00139973289,1.1216644,-0.0463111848,-0.000147367857,0.00143374514,0.0011296398,-0.04592921,0.0013499019,-0.15471904,0.135280982,-0.179305151,0.179305136,true,8,true,true,0,0,0.001071414,0.000405347469,0.976680458,0.976196766,0.548011661,0.5474139,0.4286688,0.42878288,0.42878288,false,0.112217434,0.111984238,0,0,0,false,false,0.3038213,0.04835828,0.016267946,thorax,true,false,0.005244944,1.46779222E-09,-9.636216E-15,-7.331967E-15,1,0,0,0,1,0.0219999216,-1.79521758E-05,0.0008158131,0.9997576,0.0219999235,-1.79521776E-05,0.0008158131,0.9997576,0.0219999254,-1.795218E-05,0.0008158132,0.9997577,0.00260226219,0.000444069941,-0.00194450258,0.999994636,0.0392032564,0.00655098353,0.03879949,0.07312692,1710,0.005383183,1,9.5,1.46778956E-09,-2.36301758E-16,-2.05572435E-16,1,0,0,0,1,0.0219999216,-1.79521758E-05,0.0008158131,0.9997576,0.0219999235,-1.79521776E-05,0.0008158131,0.9997576,0.0219999254,-1.795218E-05,0.0008158132,0.9997577,0.00195542839,3.11368858E-05,-0.00188724312,0.999996364,0.04045443,0.00539324433,0.0400924943,0.0744482949,1710,0.0040052156,1,9.5,-2.96887914E-09,-6.20109729E-15,1.816118E-15,1,0,0,0,1,0,0,0,1,-2.96887914E-09,-6.20109729E-15,1.816118E-15,1,-2.96887914E-09,-6.20109729E-15,1.816118E-15,1,0.0019503074,3.78576769E-05,-0.000154922236,0.9999981,0.00390625047,0.00390625047,-0.00390062318,0.00596904429,2052,0.00154352875,1,6.83999968,-2.96887825E-09,-2.36928837E-15,1.75362544E-15,1,0,0,0,1,0,0,0,1,-2.96887825E-09,-2.36928837E-15,1.75362544E-15,1,-2.96887825E-09,-2.36928837E-15,1.75362544E-15,1,0.00264368765,-1.66878261E-10,3.14111653E-10,0.9999966,0.00521341851,0.00521341851,-0.005287387,0.00635137036,2052,0.00207803957,1,6.83999968,-6.988029E-10,-1.10073509E-15,3.8636455E-16,1,0,0,0,1,0,0,0.000408005348,0.99999994,-6.98802849E-10,2.840146E-13,0.000408005348,0.99999994,-6.98802849E-10,2.840146E-13,0.000408005348,0.99999994,0.0005049274,-3.270995E-05,0.00133719167,0.999999046,0,0,-0.001009883,0.0032306246,2052,0.00124339806,1,5.7,-6.988029E-10,-1.100604E-15,-7.35134336E-16,1,0,0,0,1,0,0,0.000408005348,0.99999994,-6.98802849E-10,2.84014728E-13,0.000408005348,0.99999994,-6.98802849E-10,2.84014728E-13,0.000408005348,0.99999994,0.0004591219,6.696076E-05,0.00078186387,0.999999642,0,0,-0.000918190461,0.00476183649,2052,0.00124339806,1,5.7,4.2001122E-10,2.060041E-15,3.64644878E-16,1,0.0301521979,0,0,0.999545336,0,0,0.000204002674,1,0.0301521979,-6.151129E-06,0.00020390992,0.999545336,0.0301521979,-6.151129E-06,0.00020390992,0.999545336,0.02261949,-7.8424855E-05,0.00324334973,0.9997389,0.0162386075,0.04570683,0.01507041,0.035433203,1482,0.05760827,1,5.7,-5.074521E-09,-3.65132663E-16,-5.4125903E-16,1,0.0292097349,0,0,0.9995733,0,0,0.000204002674,1,0.02920973,-5.958863E-06,0.000203915624,0.9995733,0.02920973,-5.958863E-06,0.000203915624,0.9995733,0.024243582,1.03396349E-06,2.06911113E-06,0.9997061,0.009935064,0.04849123,0.009935857,0.0246351175,1482,0.0555668548,1,5.7
HOLD_0.00_FULL,HOLD,56,117,1.17,DESCENT,None,0,1.41742969,0.008963145,0.01055176,0.9791057,0.00616704673,0.00139798911,1.12168324,-0.0462997854,-0.0001353812,0.004963899,0.00085439,-0.0460108779,0.00135221088,-0.15471904,0.135280982,-0.179305151,0.179305136,true,8,true,true,0,0,0.00171512761,0.0008905422,0.9767096,0.9762399,0.54804945,0.5474576,0.428660154,0.428782344,0.428782344,false,0.85666436,0.854915142,0.04442891,9.771037E-05,-4.8855185E-05,false,false,0.3034381,0.04841249,0.0162972324,thorax,true,false,0.00525218854,1.46779222E-09,-9.636216E-15,-7.331967E-15,1,0,0,0,1,0.04198934,-3.43175161E-05,0.000816569955,0.9991177,0.04198934,-3.43175161E-05,0.000816569955,0.9991177,0.0319997072,-2.6139E-05,0.0008162325,0.9994876,0.00270281848,0.000424669619,-0.00207067141,0.999994159,0.078813754,0.00683594076,0.0586052239,0.107908756,1710,0.005572124,1,9.5,1.46778956E-09,-2.36301758E-16,-2.05572435E-16,1,0,0,0,1,0.04198934,-3.43175161E-05,0.000816569955,0.9991177,0.04198934,-3.43175161E-05,0.000816569955,0.9991177,0.0319997072,-2.6139E-05,0.0008162325,0.9994876,0.002068167,1.62481319E-05,-0.002007563,0.9999959,0.08006858,0.005736008,0.05987387,0.109240949,1710,0.004255779,1,9.5,-2.96887914E-09,-6.20109729E-15,1.816118E-15,1,0,0,0,1,0,0,0,1,-2.96887914E-09,-6.20109729E-15,1.816118E-15,1,-2.96887914E-09,-6.20109729E-15,1.816118E-15,1,0.001885297,3.69166228E-05,-0.000156722192,0.9999982,0.00378221087,0.00378221087,-0.0037706024,0.00357909,2052,0.00149451534,1,6.83999968,-2.96887825E-09,-2.36928837E-15,1.75362544E-15,1,0,0,0,1,0,0,0,1,-2.96887825E-09,-2.36928837E-15,1.75362544E-15,1,-2.96887825E-09,-2.36928837E-15,1.75362544E-15,1,0.00260262168,-2.51308668E-10,-1.79132875E-10,0.9999966,0.00521341851,0.00521341851,-0.00520525547,0.004632976,2052,0.00206004758,1,6.83999968,-6.988029E-10,-1.10073509E-15,3.8636455E-16,1,0,0,0,1,4.885518E-05,-1.996445E-08,0.000408645457,0.99999994,4.88544829E-05,-1.99641654E-08,0.000408645457,0.99999994,4.88544829E-05,-1.99641654E-08,0.000408645457,0.99999994,0.0004527754,-2.926974E-05,0.00135069969,0.999999046,0,0,-0.000807865756,0.00235912437,2052,0.00124339806,1,5.7,-6.988029E-10,-1.100604E-15,-7.35134336E-16,1,0,0,0,1,4.885518E-05,-1.996445E-08,0.000408645457,0.99999994,4.88544829E-05,-1.99641654E-08,0.000408645457,0.99999994,4.88544829E-05,-1.99641654E-08,0.000408645457,0.99999994,0.000370710652,6.207365E-05,0.000790798746,0.9999997,0,0,-0.0006436615,0.00348035828,2052,0.000879215135,1,5.7,4.2001122E-10,2.060041E-15,3.64644878E-16,1,0.0301521979,0,0,0.999545336,-2.44275925E-05,4.99111241E-09,0.000204322729,1,0.03012778,-6.15579029E-06,0.000204229975,0.999546051,0.03012778,-6.15579029E-06,0.000204229975,0.999546051,0.02268744,-6.981856E-05,0.003261932,0.9997373,0.016076291,0.0458422676,0.01488562,0.0345464349,1482,0.0577690862,1,5.7,-5.074521E-09,-3.65132663E-16,-5.4125903E-16,1,0.0292097349,0,0,0.9995733,-2.44275925E-05,4.99111241E-09,0.000204322729,1,0.0291853119,-5.96322252E-06,0.0002042357,0.999574,0.0291853119,-5.96322252E-06,0.0002042357,0.999574,0.0242708251,1.892413E-06,2.73992828E-06,0.999705434,0.009838604,0.0485452861,0.009832499,0.0247416571,1482,0.0556288,1,5.7
HOLD_0.00_FULL,HOLD,57,118,1.18,DESCENT,None,0,1.41745687,0.007856235,0.009676553,0.979085445,0.00106541812,0.0013960459,1.12167668,-0.04629037,-0.000187911966,0.00150344451,0.001001506,-0.04595172,0.00133250491,-0.15471904,0.135280982,-0.179305151,0.179305136,true,8,true,true,0,0,0.0010636677,0.000402386533,0.9766843,0.976202,0.548015535,0.5474194,0.428668737,0.428782582,0.428782582,false,0.122283757,0.12202964,0,0,0,false,false,0.3038812,0.04849123,0.0162092168,thorax,true,false,0.005243253,1.46779222E-09,-9.636216E-15,-7.331967E-15,1,0,0,0,1,0.0219999216,-1.779805E-05,0.000808809,0.999757648,0.0219999235,-1.7798051E-05,0.000808809,0.999757648,0.0220007971,-1.77987786E-05,0.000808809651,0.999757648,0.00263948459,0.0004205134,-0.00194018672,0.9999946,0.0391180143,0.00658727763,0.0387267433,0.07298632,1710,0.005431034,1,9.5,1.46778956E-09,-2.36301758E-16,-2.05572435E-16,1,0,0,0,1,0.0219999216,-1.779805E-05,0.000808809,0.999757648,0.0219999235,-1.7798051E-05,0.000808809,0.999757648,0.0220007971,-1.77987786E-05,0.000808809651,0.999757648,0.00199916866,1.3808025E-05,-0.00188284332,0.9999963,0.04036002,0.005437272,0.04000673,0.07428543,1710,0.004194542,1,9.5,-2.96887914E-09,-6.20109729E-15,1.816118E-15,1,0,0,0,1,0,0,0,1,-2.96887914E-09,-6.20109729E-15,1.816118E-15,1,-2.96887914E-09,-6.20109729E-15,1.816118E-15,1,0.00193303335,3.59249825E-05,-0.0001546767,0.999998152,0.003844731,0.003844731,-0.003866075,0.005845106,2052,0.00151921972,1,6.83999968,-2.96887825E-09,-2.36928837E-15,1.75362544E-15,1,0,0,0,1,0,0,0,1,-2.96887825E-09,-2.36928837E-15,1.75362544E-15,1,-2.96887825E-09,-2.36928837E-15,1.75362544E-15,1,0.00263477559,-1.98689565E-10,3.10867776E-10,0.9999966,0.00521341851,0.00521341851,-0.005269563,0.006270474,2052,0.00206004758,1,6.83999968,-6.988029E-10,-1.10073509E-15,3.8636455E-16,1,0,0,0,1,0,0,0.000404502469,0.99999994,-6.98802849E-10,2.81566762E-13,0.000404502469,0.99999994,-6.98802849E-10,2.81566762E-13,0.000404502469,0.99999994,0.000411147746,-3.33228163E-05,0.00133293052,0.999999046,0,0,-0.0008223239,0.00313050556,2052,0,1,5.7,-6.988029E-10,-1.100604E-15,-7.35134336E-16,1,0,0,0,1,0,0,0.000404502469,0.99999994,-6.98802849E-10,2.815669E-13,0.000404502469,0.99999994,-6.98802849E-10,2.815669E-13,0.000404502469,0.99999994,0.000350675982,5.8050613E-05,0.000777931069,0.9999997,0,0,-0.00070130633,0.004586622,2052,0.000879215135,1,5.7,4.2001122E-10,2.060041E-15,3.64644878E-16,1,0.0301521979,0,0,0.999545336,0,0,0.000202251234,1,0.0301521979,-6.09831932E-06,0.000202159281,0.999545336,0.0301521979,-6.09831932E-06,0.000202159281,0.999545336,0.0227132887,-6.943471E-05,0.00324574439,0.9997368,0.0160614531,0.0458890535,0.0148827694,0.0348642878,1482,0.0578426421,1,5.7,-5.074521E-09,-3.65132663E-16,-5.4125903E-16,1,0.0292097349,0,0,0.9995733,0,0,0.000202251234,1,0.02920973,-5.907704E-06,0.000202164927,0.9995733,0.02920973,-5.907704E-06,0.000202164927,0.9995733,0.0243066512,2.91883953E-06,3.98445172E-06,0.9997046,0.009790018,0.0486140028,0.009809682,0.0243265741,1482,0.0557075441,1,5.7
HOLD_0.00_FULL,HOLD,58,119,1.19,DESCENT,None,0,1.41748464,0.00888381153,0.0102967406,0.9791115,0.00616151839,0.00139388139,1.12169576,-0.0462798551,-0.000176592919,0.004960959,0.0007633517,-0.04602173,0.00133416732,-0.15471904,0.135280982,-0.179305151,0.179305136,true,8,true,true,0,0,0.001718706,0.000897107937,0.976713538,0.9762454,0.5480534,0.5474633,0.428660154,0.4287821,0.4287821,false,0.8507438,0.848991156,0.00495831249,1.05650352E-05,-5.28251758E-06,false,false,0.303495467,0.0485452861,0.01612072,thorax,true,false,0.005249663,1.46779222E-09,-9.636216E-15,-7.331967E-15,1,0,0,0,1,0.0419893451,-3.399843E-05,0.000808977464,0.999117732,0.0419893451,-3.399843E-05,0.000808977464,0.999117732,0.0319971666,-2.59002991E-05,0.000808934041,0.9994877,0.002740755,0.000400692341,-0.00206674659,0.99999404,0.07873504,0.006905343,0.0585242175,0.107769251,1710,0.00566423172,1,9.5,1.46778956E-09,-2.36301758E-16,-2.05572435E-16,1,0,0,0,1,0.0419893451,-3.399843E-05,0.000808977464,0.999117732,0.0419893451,-3.399843E-05,0.000808977464,0.999117732,0.0319971666,-2.59002991E-05,0.000808934041,0.9994877,0.002111666,-1.2984251E-06,-0.00200347719,0.999995768,0.07997918,0.005818545,0.0597817674,0.109078869,1710,0.00437568361,1,9.5,-2.96887914E-09,-6.20109729E-15,1.816118E-15,1,0,0,0,1,0,0,0,1,-2.96887914E-09,-6.20109729E-15,1.816118E-15,1,-2.96887914E-09,-6.20109729E-15,1.816118E-15,1,0.0018664652,3.491891E-05,-0.000156448936,0.9999983,0.00371863972,0.00371863972,-0.00373293879,0.00351107051,2052,0.00146939559,1,6.83999968,-2.96887825E-09,-2.36928837E-15,1.75362544E-15,1,0,0,0,1,0,0,0,1,-2.96887825E-09,-2.36928837E-15,1.75362544E-15,1,-2.96887825E-09,-2.36928837E-15,1.75362544E-15,1,0.00259304047,-2.03430328E-10,-2.1652799E-10,0.9999967,0.00512113841,0.00512113841,-0.00518609257,0.004582934,2052,0.00202358374,1,6.83999968,-6.988029E-10,-1.10073509E-15,3.8636455E-16,1,0,0,0,1,5.282517E-06,-2.13860529E-09,0.000404845865,0.99999994,5.281818E-06,-2.13832352E-09,0.000404845865,0.99999994,5.281818E-06,-2.13832352E-09,0.000404845865,0.99999994,0.00036556978,-2.9701152E-05,0.001346302,0.999999046,0,0,-0.0007206,0.00231033028,2052,0,1,5.7,-6.988029E-10,-1.100604E-15,-7.35134336E-16,1,0,0,0,1,5.282517E-06,-2.13860529E-09,0.000404845865,0.99999994,5.281818E-06,-2.13832352E-09,0.000404845865,0.99999994,5.281818E-06,-2.13832352E-09,0.000404845865,0.99999994,0.000268885284,5.31997866E-05,0.000786860357,0.9999997,0,0,-0.000527163851,0.003398936,2052,0,1,5.7,4.2001122E-10,2.060041E-15,3.64644878E-16,1,0.0301521979,0,0,0.999545336,-2.64125879E-06,5.346513E-10,0.000202422932,1,0.0301495586,-6.102962E-06,0.000202330921,0.9995454,0.0301495586,-6.102962E-06,0.000202330921,0.9995454,0.0227809958,-6.08562259E-05,0.00326333614,0.9997352,0.0159572046,0.04602913,0.014742041,0.0342414267,1482,0.05800947,1,5.7,-5.074521E-09,-3.65132663E-16,-5.4125903E-16,1,0.0292097349,0,0,0.9995733,-2.64125879E-06,5.346513E-10,0.000202422932,1,0.02920709,-5.912185E-06,0.000202336567,0.99957335,0.02920709,-5.912185E-06,0.000202336567,0.99957335,0.024332175,3.583095E-06,4.21435743E-06,0.999703944,0.009765635,0.0486679263,0.009753339,0.0245625377,1482,0.0557693355,1,5.7
HOLD_0.00_FULL,HOLD,59,120,1.2,DESCENT,None,0,1.41750968,0.007625103,0.009241417,0.97909075,0.0010157451,0.00139152468,1.12168884,-0.046270974,-0.000228595629,0.00144533836,0.000949524867,-0.0459499,0.00131422642,-0.15471904,0.135280982,-0.179305151,0.179305136,true,8,true,true,0,0,0.00106139435,0.000397968979,0.9766878,0.976207137,0.548019052,0.5474248,0.428668737,0.428782344,0.428782344,false,0.125586748,0.125328034,0,0,0,false,false,0.303932,0.0486140028,0.0160614531,thorax,true,false,0.005240007,1.46779222E-09,-9.636216E-15,-7.331967E-15,1,0,0,0,1,0.0219999216,-1.76225749E-05,0.000800834852,0.999757648,0.0219999235,-1.76225767E-05,0.000800834852,0.999757648,0.0219999235,-1.76225767E-05,0.000800834852,0.999757648,0.0026756858,0.000396489631,-0.00193703966,0.999994457,0.0390509143,0.00665927166,0.03865255,0.0728891641,1710,0.005525494,1,9.5,1.46778956E-09,-2.36301758E-16,-2.05572435E-16,1,0,0,0,1,0.0219999216,-1.76225749E-05,0.000800834852,0.999757648,0.0219999235,-1.76225767E-05,0.000800834852,0.999757648,0.0219999235,-1.76225767E-05,0.000800834852,0.999757648,0.002040473,-3.61121079E-06,-0.00187953643,0.9999961,0.0402831435,0.00556726474,0.0399223454,0.07416722,1710,0.004255779,1,9.5,-2.96887914E-09,-6.20109729E-15,1.816118E-15,1,0,0,0,1,0,0,0,1,-2.96887914E-09,-6.20109729E-15,1.816118E-15,1,-2.96887914E-09,-6.20109729E-15,1.816118E-15,1,0.00191224192,3.39339422E-05,-0.0001543511,0.999998152,0.003844731,0.003844731,-0.00382449222,0.00575501146,2052,0.00151921972,1,6.83999968,-2.96887825E-09,-2.36928837E-15,1.75362544E-15,1,0,0,0,1,0,0,0,1,-2.96887825E-09,-2.36928837E-15,1.75362544E-15,1,-2.96887825E-09,-2.36928837E-15,1.75362544E-15,1,0.00262422371,-2.061869E-10,4.040487E-10,0.9999966,0.00521341851,0.00521341851,-0.005248459,0.00620903075,2052,0.00206004758,1,6.83999968,-6.988029E-10,-1.10073509E-15,3.8636455E-16,1,0,0,0,1,0,0,0.0004005144,0.99999994,-6.98802849E-10,2.787799E-13,0.0004005144,0.99999994,-6.98802849E-10,2.787799E-13,0.0004005144,0.99999994,0.000335801626,-3.361442E-05,0.00132850371,0.999999046,0,0,-0.0006716316,0.00305750966,2052,0,1,5.7,-6.988029E-10,-1.100604E-15,-7.35134336E-16,1,0,0,0,1,0,0,0.0004005144,0.99999994,-6.98802849E-10,2.7878E-13,0.0004005144,0.99999994,-6.98802849E-10,2.7878E-13,0.0004005144,0.99999994,0.000260175439,4.921622E-05,0.000774040353,0.999999642,0,0,-0.000520312868,0.00445676269,2052,0,1,5.7,4.2001122E-10,2.060041E-15,3.64644878E-16,1,0.0301521979,0,0,0.999545336,0,0,0.0002002572,1,0.0301521979,-6.038195E-06,0.000200166149,0.999545336,0.0301521979,-6.038195E-06,0.000200166149,0.999545336,0.02280608,-6.048965E-05,0.00324632367,0.9997347,0.0158823226,0.0460705534,0.0146971429,0.0344509557,1482,0.058076065,1,5.7,-5.074521E-09,-3.65132663E-16,-5.4125903E-16,1,0.0292097349,0,0,0.9995733,0,0,0.0002002572,1,0.02920973,-5.84945838E-06,0.000200171751,0.9995733,0.02920973,-5.84945838E-06,0.000200171751,0.9995733,0.024364261,4.44665056E-06,5.00784927E-06,0.9997032,0.009667485,0.04872668,0.009694432,0.0240980685,1482,0.0558366627,1,5.7
HOLD_0.00_FULL,HOLD,60,121,1.21,DESCENT,None,0,1.41753411,0.008531839,0.009753303,0.9791161,0.00609843433,0.00138895935,1.12170672,-0.04626062,-0.000215843582,0.004869409,0.000746717735,-0.04600812,0.00131597253,-0.15471904,0.135280982,-0.179305151,0.179305136,true,8,true,true,0,0,0.00171766,0.000899785548,0.9767163,0.976249933,0.5480562,0.547468066,0.4286601,0.428781867,0.428781867,false,0.8514441,0.849721134,0.009627344,2.02465762E-05,-1.01232881E-05,false,false,0.303541064,0.0486679263,0.0159572046,thorax,true,false,0.005245937,1.46779222E-09,-9.636216E-15,-7.331967E-15,1,0,0,0,1,0.0419893451,-3.36490339E-05,0.000800663838,0.999117732,0.0419893451,-3.36490339E-05,0.000800663838,0.999117732,0.03199673,-2.56374824E-05,0.0008007894,0.9994877,0.002774199,0.000376796845,-0.00206468138,0.999994,0.07866838,0.006939784,0.05845642,0.107707545,1710,0.00579965068,1,9.5,1.46778956E-09,-2.36301758E-16,-2.05572435E-16,1,0,0,0,1,0.0419893451,-3.36490339E-05,0.000800663838,0.999117732,0.0419893451,-3.36490339E-05,0.000800663838,0.999117732,0.03199673,-2.56374824E-05,0.0008007894,0.9994877,0.00214971439,-1.85759E-05,-0.0020010036,0.999995768,0.0798956454,0.005818545,0.05970477,0.108994462,1710,0.004492389,1,9.5,-2.96887914E-09,-6.20109729E-15,1.816118E-15,1,0,0,0,1,0,0,0,1,-2.96887914E-09,-6.20109729E-15,1.816118E-15,1,-2.96887914E-09,-6.20109729E-15,1.816118E-15,1,0.00184476667,3.293004E-05,-0.000156082344,0.9999983,0.00371863972,0.00371863972,-0.00368954148,0.00343514048,2052,0.00146939559,1,6.83999968,-2.96887825E-09,-2.36928837E-15,1.75362544E-15,1,0,0,0,1,0,0,0,1,-2.96887825E-09,-2.36928837E-15,1.75362544E-15,1,-2.96887825E-09,-2.36928837E-15,1.75362544E-15,1,0.002582013,-2.34972014E-10,-1.87146271E-10,0.9999967,0.00512113841,0.00512113841,-0.00516403746,0.00452887,2052,0.00202358374,1,6.83999968,-6.988029E-10,-1.10073509E-15,3.8636455E-16,1,0,0,0,1,1.01232881E-05,-4.05625356E-09,0.000400685327,0.99999994,1.012259E-05,-4.05597467E-09,0.000400685327,0.99999994,1.012259E-05,-4.05597467E-09,0.000400685327,0.99999994,0.000301609834,-2.99070944E-05,0.00134203816,0.999999046,0,0,-0.0005829985,0.002250971,2052,0,1,5.7,-6.988029E-10,-1.100604E-15,-7.35134336E-16,1,0,0,0,1,1.01232881E-05,-4.05625356E-09,0.000400685327,0.99999994,1.012259E-05,-4.05597467E-09,0.000400685327,0.99999994,1.012259E-05,-4.05597467E-09,0.000400685327,0.99999994,0.000189810613,4.439895E-05,0.000783160154,0.9999997,0,0,-0.000359340454,0.00330820447,2052,0,1,5.7,4.2001122E-10,2.060041E-15,3.64644878E-16,1,0.0301521979,0,0,0.999545336,-5.06164452E-06,1.01406339E-09,0.000200342663,1,0.030147139,-6.039758E-06,0.000200251612,0.9995455,0.030147139,-6.039758E-06,0.000200251612,0.9995455,0.0228702072,-5.1981362E-05,0.00326325814,0.9997331,0.0157919955,0.0462100841,0.0145587279,0.03390166,1482,0.0582422242,1,5.7,-5.074521E-09,-3.65132663E-16,-5.4125903E-16,1,0.0292097349,0,0,0.9995733,-5.06164452E-06,1.01406339E-09,0.000200342663,1,0.02920467,-5.85094131E-06,0.0002002572,0.9995734,0.02920467,-5.85094131E-06,0.0002002572,0.9995734,0.02438504,4.971775E-06,4.764131E-06,0.999702632,0.009667485,0.0487755947,0.009642734,0.0243734475,1482,0.0558871068,1,5.7
HOLD_0.00_FULL,HOLD,61,122,1.22,DESCENT,None,0,1.41755486,0.007188067,0.008596533,0.9790946,0.000951364636,0.00138621929,1.1216985,-0.0462516174,-0.000265875657,0.00133249629,0.000958844,-0.04592739,0.00129631464,-0.15471904,0.135280982,-0.179305151,0.179305136,true,8,true,true,0,0,0.00106509868,0.000394143135,0.976689935,0.9762112,0.548021436,0.547429,0.4286685,0.428782165,0.428782165,false,0.122588292,0.122335747,0,0,0,false,false,0.30397284,0.04872668,0.0158673041,thorax,true,false,0.00523628062,1.46779222E-09,-9.636216E-15,-7.331967E-15,1,0,0,0,1,0.0219999216,-1.743577E-05,0.000792345731,0.999757648,0.0219999235,-1.7435772E-05,0.000792345731,0.999757648,0.0219999235,-1.7435772E-05,0.000792345731,0.999757648,0.00270598545,0.000372690527,-0.00193598052,0.999994457,0.0389775746,0.00665927166,0.03859191,0.0728512555,1710,0.00561836641,1,9.5,1.46778956E-09,-2.36301758E-16,-2.05572435E-16,1,0,0,0,1,0.0219999216,-1.743577E-05,0.000792345731,0.999757648,0.0219999235,-1.7435772E-05,0.000792345731,0.999757648,0.0219999235,-1.7435772E-05,0.000792345731,0.999757648,0.00207494013,-2.07348112E-05,-0.00187789847,0.999996066,0.0402120538,0.0056099263,0.0398533866,0.07410756,1710,0.004316148,1,9.5,-2.96887914E-09,-6.20109729E-15,1.816118E-15,1,0,0,0,1,0,0,0,1,-2.96887914E-09,-6.20109729E-15,1.816118E-15,1,-2.96887914E-09,-6.20109729E-15,1.816118E-15,1,0.00189097074,3.19363826E-05,-0.000153969988,0.9999983,0.00371863972,0.00371863972,-0.00378194987,0.00570285041,2052,0.00146939559,1,6.83999968,-2.96887825E-09,-2.36928837E-15,1.75362544E-15,1,0,0,0,1,0,0,0,1,-2.96887825E-09,-2.36928837E-15,1.75362544E-15,1,-2.96887825E-09,-2.36928837E-15,1.75362544E-15,1,0.002613315,-1.9176559E-10,3.84071275E-10,0.999996662,0.00516748428,0.00516748428,-0.00522664143,0.006168359,2052,0.00204189681,1,6.83999968,-6.988029E-10,-1.10073509E-15,3.8636455E-16,1,0,0,0,1,0,0,0.000396268821,0.99999994,-6.98802849E-10,2.75813064E-13,0.000396268821,0.99999994,-6.98802849E-10,2.75813064E-13,0.000396268821,0.99999994,0.0002812384,-3.383579E-05,0.00132447225,0.999999166,0,0,-0.00056250504,0.003012362,2052,0,1,5.7,-6.988029E-10,-1.100604E-15,-7.35134336E-16,1,0,0,0,1,0,0,0.000396268821,0.99999994,-6.98802849E-10,2.758132E-13,0.000396268821,0.99999994,-6.98802849E-10,2.758132E-13,0.000396268821,0.99999994,0.000191223327,4.04012353E-05,0.00077060645,0.9999997,0,0,-0.000382416,0.004374072,2052,0,1,5.7,4.2001122E-10,2.060041E-15,3.64644878E-16,1,0.0301521979,0,0,0.999545336,0,0,0.00019813441,1,0.0301521979,-5.974188E-06,0.000198044319,0.999545336,0.0301521979,-5.974188E-06,0.000198044319,0.999545336,0.022889344,-5.17269473E-05,0.003245679,0.9997328,0.01573149,0.0462358743,0.0145305749,0.0342102349,1482,0.0582886636,1,5.7,-5.074521E-09,-3.65132663E-16,-5.4125903E-16,1,0.0292097349,0,0,0.9995733,0,0,0.00019813441,1,0.02920973,-5.78745266E-06,0.000198049864,0.9995733,0.02920973,-5.78745266E-06,0.000198049864,0.9995733,0.0244120564,5.7653574E-06,5.071255E-06,0.999702036,0.009593214,0.0488244556,0.009598811,0.0239617582,1482,0.0559487045,1,5.7
HOLD_0.00_FULL,HOLD,62,123,1.23,DESCENT,None,0,1.417574,0.008008689,0.00902631,0.9791193,0.00602978468,0.001383301,1.12171519,-0.046240896,-0.0002503178,0.004742875,0.0007850239,-0.045975443,0.00129865657,-0.15471904,0.135280982,-0.179305151,0.179305136,true,8,true,true,0,0,0.00171509071,0.0009010026,0.976717949,0.9762535,0.5480579,0.5474717,0.428660035,0.4287818,0.4287818,false,0.8574611,0.855725944,0.0497404821,0.000104975057,-5.248753E-05,false,false,0.303577125,0.0487755947,0.0158070866,thorax,true,false,0.00524208834,1.46779222E-09,-9.636216E-15,-7.331967E-15,1,0,0,0,1,0.0419893451,-3.32910931E-05,0.0007921467,0.999117732,0.0419893451,-3.32910931E-05,0.0007921467,0.999117732,0.03199524,-2.536391E-05,0.0007922859,0.999487758,0.00279943179,0.0003534373,-0.0020643177,0.999994,0.0786107555,0.006939784,0.05840293,0.10770677,1710,0.00579965068,1,9.5,1.46778956E-09,-2.36301758E-16,-2.05572435E-16,1,0,0,0,1,0.0419893451,-3.32910931E-05,0.0007921467,0.999117732,0.0419893451,-3.32910931E-05,0.0007921467,0.999117732,0.03199524,-2.536391E-05,0.0007922859,0.999487758,0.002178969,-3.521087E-05,-0.0020000427,0.999995649,0.07983891,0.005899927,0.0596432537,0.108971506,1710,0.004492389,1,9.5,-2.96887914E-09,-6.20109729E-15,1.816118E-15,1,0,0,0,1,0,0,0,1,-2.96887914E-09,-6.20109729E-15,1.816118E-15,1,-2.96887914E-09,-6.20109729E-15,1.816118E-15,1,0.001823198,3.097613E-05,-0.000155668808,0.9999984,0.00358812045,0.00358812045,-0.00364640378,0.00336142443,2052,0.00141782174,1,6.83999968,-2.96887825E-09,-2.36928837E-15,1.75362544E-15,1,0,0,0,1,0,0,0,1,-2.96887825E-09,-2.36928837E-15,1.75362544E-15,1,-2.96887825E-09,-2.36928837E-15,1.75362544E-15,1,0.00257081771,-2.3045417E-10,-2.38080833E-10,0.9999968,0.005074369,0.005074369,-0.0051416466,0.004477062,2052,0.00200510281,1,6.83999968,-6.988029E-10,-1.10073509E-15,3.8636455E-16,1,0,0,0,1,5.248753E-05,-2.08072652E-08,0.000396423,0.99999994,5.248683E-05,-2.080699E-08,0.000396423,0.99999994,5.248683E-05,-2.080699E-08,0.000396423,0.99999994,0.000261422771,-3.012723E-05,0.00133824127,0.999999046,0,0,-0.000417895877,0.00219027116,2052,0,1,5.7,-6.988029E-10,-1.100604E-15,-7.35134336E-16,1,0,0,0,1,5.248753E-05,-2.08072652E-08,0.000396423,0.99999994,5.248683E-05,-2.080699E-08,0.000396423,0.99999994,5.248683E-05,-2.080699E-08,0.000396423,0.99999994,0.000135345224,3.56347737E-05,0.0007799944,0.999999762,0,0,-0.0001656885,0.00321944384,2052,0,1,5.7,4.2001122E-10,2.060041E-15,3.64644878E-16,1,0.0301521979,0,0,0.999545336,-2.62437661E-05,5.20181631E-09,0.0001982115,1,0.0301259663,-5.971313E-06,0.000198121546,0.9995461,0.0301259663,-5.971313E-06,0.000198121546,0.9995461,0.02294745,-4.3337E-05,0.00326208561,0.9997314,0.0155944927,0.0463543348,0.01436185,0.0335793421,1482,0.058440987,1,5.7,-5.074521E-09,-3.65132663E-16,-5.4125903E-16,1,0.0292097349,0,0,0.9995733,-2.62437661E-05,5.20181631E-09,0.0001982115,1,0.0291834958,-5.784505E-06,0.000198127076,0.999574065,0.0291834958,-5.784505E-06,0.000198127076,0.999574065,0.02442616,6.21230038E-06,4.343777E-06,0.9997016,0.009518363,0.0488586277,0.009518101,0.0241983719,1482,0.05597668,1,5.7
HOLD_0.00_FULL,HOLD,63,124,1.24,DESCENT,None,0,1.41758931,0.00664131343,0.007838164,0.979097247,0.0008987263,0.00138023915,1.12170553,-0.0462313369,-0.0002975847,0.00120475877,0.00100799825,-0.045890484,0.001279612,-0.15471904,0.135280982,-0.179305151,0.179305136,true,8,true,true,0,0,0.0010743544,0.000392225251,0.976691246,0.9762143,0.5480226,0.547432065,0.428668618,0.428782225,0.428782225,false,0.114974253,0.114739485,0,0,0,false,false,0.304004729,0.0488244556,0.0156859569,thorax,true,false,0.00523303077,1.46779222E-09,-9.636216E-15,-7.331967E-15,1,0,0,0,1,0.0219999216,-1.72494147E-05,0.000783877,0.999757648,0.0219999235,-1.72494165E-05,0.000783877,0.999757648,0.0219999235,-1.72494165E-05,0.000783877,0.999757648,0.00272731832,0.000349645677,-0.00193666189,0.9999944,0.03893473,0.00669497857,0.0385492034,0.07286614,1710,0.00566423172,1,9.5,1.46778956E-09,-2.36301758E-16,-2.05572435E-16,1,0,0,0,1,0.0219999216,-1.72494147E-05,0.000783877,0.999757648,0.0219999235,-1.72494165E-05,0.000783877,0.999757648,0.0219999235,-1.72494165E-05,0.000783877,0.999757648,0.00209982228,-3.70913331E-05,-0.0018778654,0.999996,0.04016459,0.005652266,0.0398035981,0.0741016939,1710,0.00437568361,1,9.5,-2.96887914E-09,-6.20109729E-15,1.816118E-15,1,0,0,0,1,0,0,0,1,-2.96887914E-09,-6.20109729E-15,1.816118E-15,1,-2.96887914E-09,-6.20109729E-15,1.816118E-15,1,0.0018717522,2.9972527E-05,-0.00015357745,0.999998331,0.00365396286,0.00365396286,-0.00374351232,0.005688168,2052,0.00144383893,1,6.83999968,-2.96887825E-09,-2.36928837E-15,1.75362544E-15,1,0,0,0,1,0,0,0,1,-2.96887825E-09,-2.36928837E-15,1.75362544E-15,1,-2.96887825E-09,-2.36928837E-15,1.75362544E-15,1,0.002603124,-2.409881E-10,3.37701533E-10,0.999996662,0.00516748428,0.00516748428,-0.00520625943,0.00614888454,2052,0.00204189681,1,6.83999968,-6.988029E-10,-1.10073509E-15,3.8636455E-16,1,0,0,0,1,0,0,0.000392033427,0.99999994,-6.98802849E-10,2.72853354E-13,0.000392033427,0.99999994,-6.98802849E-10,2.72853354E-13,0.000392033427,0.99999994,0.00024778946,-3.42033236E-05,0.00132100668,0.999999166,0,0,-0.00049560715,0.002994586,2052,0,1,5.7,-6.988029E-10,-1.100604E-15,-7.35134336E-16,1,0,0,0,1,0,0,0.000392033427,0.99999994,-6.98802849E-10,2.728535E-13,0.000392033427,0.99999994,-6.98802849E-10,2.728535E-13,0.000392033427,0.99999994,0.0001452827,3.1609834E-05,0.0007677238,0.999999762,0,0,-0.000290541968,0.004337272,2052,0,1,5.7,4.2001122E-10,2.060041E-15,3.64644878E-16,1,0.0301521979,0,0,0.999545336,0,0,0.000196016714,1,0.0301521979,-5.910335E-06,0.0001959276,0.999545336,0.0301521979,-5.910335E-06,0.0001959276,0.999545336,0.0229567755,-4.32926936E-05,0.00324408268,0.9997312,0.01562504,0.0463749059,0.0143956766,0.0341378227,1482,0.0584542155,1,5.7,-5.074521E-09,-3.65132663E-16,-5.4125903E-16,1,0.0292097349,0,0,0.9995733,0,0,0.000196016714,1,0.02920973,-5.725595E-06,0.000195933069,0.9995733,0.02920973,-5.725595E-06,0.000195933069,0.9995733,0.0244473927,7.01036242E-06,4.1864414E-06,0.999701142,0.009518363,0.0488976538,0.009528116,0.0239161253,1482,0.0560325868,1,5.7
HOLD_0.00_FULL,HOLD,64,125,1.25,DESCENT,None,0,1.41760254,0.00741441548,0.008224692,0.9791214,0.00597303361,0.00137703493,1.121721,-0.0462199524,-0.000278308959,0.00461513549,0.0008526577,-0.0459316261,0.00128292514,-0.15471904,0.135280982,-0.179305151,0.179305136,true,8,true,true,0,0,0.0017128305,0.0009014575,0.9767188,0.976256132,0.5480588,0.5474744,0.428659976,0.428781748,0.428781748,false,0.8667897,0.8650517,0.111931182,0.000240053865,-0.000120026933,false,false,0.303605646,0.0488586277,0.01564029,thorax,true,false,0.005239073,1.46779222E-09,-9.636216E-15,-7.331967E-15,1,0,0,0,1,0.0419893451,-3.2943437E-05,0.0007838744,0.999117732,0.0419893451,-3.2943437E-05,0.0007838744,0.999117732,0.0319982171,-2.50992362E-05,0.000783914933,0.999487638,0.00281430781,0.000331220741,-0.00206555147,0.999993861,0.07858649,0.007008158,0.058379095,0.107779115,1710,0.00579965068,1,9.5,1.46778956E-09,-2.36301758E-16,-2.05572435E-16,1,0,0,0,1,0.0419893451,-3.2943437E-05,0.0007838744,0.999117732,0.0419893451,-3.2943437E-05,0.0007838744,0.999117732,0.0319982171,-2.50992362E-05,0.000783914933,0.999487638,0.00219760742,-5.0814353E-05,-0.00200047414,0.9999956,0.0798030645,0.0059402,0.0596119054,0.109022684,1710,0.00454961974,1,9.5,-2.96887914E-09,-6.20109729E-15,1.816118E-15,1,0,0,0,1,0,0,0,1,-2.96887914E-09,-6.20109729E-15,1.816118E-15,1,-2.96887914E-09,-6.20109729E-15,1.816118E-15,1,0.00180432131,2.909965E-05,-0.000155234666,0.9999984,0.00358812045,0.00358812045,-0.0036086503,0.00329963933,2052,0.00141782174,1,6.83999968,-2.96887825E-09,-2.36928837E-15,1.75362544E-15,1,0,0,0,1,0,0,0,1,-2.96887825E-09,-2.36928837E-15,1.75362544E-15,1,-2.96887825E-09,-2.36928837E-15,1.75362544E-15,1,0.002560478,-2.03514677E-10,-2.859654E-10,0.9999968,0.005074369,0.005074369,-0.00512096658,0.00443186332,2052,0.00200510281,1,6.83999968,-6.988029E-10,-1.10073509E-15,3.8636455E-16,1,0,0,0,1,0.000120026925,-4.708455E-08,0.000392283226,0.99999994,0.000120026227,-4.70842778E-08,0.000392283226,0.99999994,0.000120026227,-4.70842778E-08,0.000392283226,0.99999994,0.00024343314,-3.057313E-05,0.00133507769,0.999999166,0,0,-0.000246837881,0.00213706051,2052,0,1,5.7,-6.988029E-10,-1.100604E-15,-7.35134336E-16,1,0,0,0,1,0.000120026925,-4.708455E-08,0.000392283226,0.99999994,0.000120026227,-4.70842778E-08,0.000392283226,0.99999994,0.000120026227,-4.70842778E-08,0.000392283226,0.99999994,0.000105115221,2.69170141E-05,0.0007774646,0.9999997,0,0,2.98431441E-05,0.00314367353,2052,0,1,5.7,4.2001122E-10,2.060041E-15,3.64644878E-16,1,0.0301521979,0,0,0.999545336,-6.00134663E-05,1.17711378E-08,0.000196141613,1,0.0300922114,-5.902335E-06,0.000196052788,0.9995471,0.0300922114,-5.902335E-06,0.000196052788,0.9995471,0.02300712,-3.50853552E-05,0.003260112,0.99973,0.0154408468,0.0464776233,0.0141749382,0.0333099067,1482,0.05858632,1,5.7,-5.074521E-09,-3.65132663E-16,-5.4125903E-16,1,0.0292097349,0,0,0.9995733,-6.00134663E-05,1.17711378E-08,0.000196141613,1,0.0291497409,-5.71747751E-06,0.000196058259,0.999575,0.0291497409,-5.71747751E-06,0.000196058259,0.999575,0.02445377,7.43351666E-06,3.01700652E-06,0.999701,0.009392286,0.0489074066,0.009395333,0.024056755,1482,0.05604376,1,5.7
HOLD_0.00_FULL,HOLD,65,126,1.26,DESCENT,None,0,1.4176122,0.006069362,0.007056434,0.979098856,0.0008619651,0.00137371931,1.12171018,-0.04620968,-0.00032214995,0.00108277961,0.00107108906,-0.0458474942,0.00126478518,-0.15471904,0.135280982,-0.179305151,0.179305136,true,8,true,true,0,0,0.0010873616,0.0003917059,0.9766916,0.976216435,0.548023045,0.5474344,0.428668559,0.428782046,0.428782046,false,0.105626166,0.105410486,0,0,0,false,false,0.304033369,0.0488976538,0.01551786,thorax,true,false,0.00523061724,1.46779222E-09,-9.636216E-15,-7.331967E-15,1,0,0,0,1,0.0219999216,-1.70717485E-05,0.00077580323,0.999757648,0.0219999235,-1.707175E-05,0.00077580323,0.999757648,0.0220007971,-1.707245E-05,0.0007758039,0.999757648,0.00273798662,0.0003278467,-0.00193873944,0.9999944,0.03891023,0.00669497857,0.03852957,0.07293055,1710,0.00566423172,1,9.5,1.46778956E-09,-2.36301758E-16,-2.05572435E-16,1,0,0,0,1,0.0219999216,-1.70717485E-05,0.00077580323,0.999757648,0.0219999235,-1.707175E-05,0.00077580323,0.999757648,0.0220007971,-1.707245E-05,0.0007758039,0.999757648,0.00211385451,-5.22936061E-05,-0.00187902944,0.999996,0.0401289575,0.005652266,0.03977726,0.0741457939,1710,0.00437568361,1,9.5,-2.96887914E-09,-6.20109729E-15,1.816118E-15,1,0,0,0,1,0,0,0,1,-2.96887914E-09,-6.20109729E-15,1.816118E-15,1,-2.96887914E-09,-6.20109729E-15,1.816118E-15,1,0.0018566231,2.80833647E-05,-0.000153174231,0.999998331,0.00365396286,0.00365396286,-0.00371325412,0.00570713868,2052,0.00144383893,1,6.83999968,-2.96887825E-09,-2.36928837E-15,1.75362544E-15,1,0,0,0,1,0,0,0,1,-2.96887825E-09,-2.36928837E-15,1.75362544E-15,1,-2.96887825E-09,-2.36928837E-15,1.75362544E-15,1,0.00259434944,-2.347752E-10,5.67107639E-10,0.999996662,0.00516748428,0.00516748428,-0.00518871052,0.006148055,2052,0.00204189681,1,6.83999968,-6.988029E-10,-1.10073509E-15,3.8636455E-16,1,0,0,0,1,0,0,0.000387995562,0.99999994,-6.98802849E-10,2.700317E-13,0.000387995562,0.99999994,-6.98802849E-10,2.700317E-13,0.000387995562,0.99999994,0.000233952931,-3.489785E-05,0.00131821225,0.999999166,0,0,-0.000467934384,0.00300158677,2052,0,1,5.7,-6.988029E-10,-1.100604E-15,-7.35134336E-16,1,0,0,0,1,0,0,0.000387995562,0.99999994,-6.98802849E-10,2.70031827E-13,0.000387995562,0.99999994,-6.98802849E-10,2.70031827E-13,0.000387995562,0.99999994,0.000121720113,2.28721256E-05,0.000765573466,0.9999997,0,0,-0.000243423856,0.004341847,2052,0,1,5.7,4.2001122E-10,2.060041E-15,3.64644878E-16,1,0.0301521979,0,0,0.999545336,0,0,0.000193997781,1,0.0301521979,-5.84945928E-06,0.000193909582,0.999545336,0.0301521979,-5.84945928E-06,0.000193909582,0.999545336,0.0230043828,-3.53301366E-05,0.00324182073,0.9997301,0.0155332163,0.0464673638,0.01430044,0.03421155,1482,0.05858632,1,5.7,-5.074521E-09,-3.65132663E-16,-5.4125903E-16,1,0.0292097349,0,0,0.9995733,0,0,0.000193997781,1,0.02920973,-5.66662266E-06,0.000193915,0.9995733,0.02920973,-5.66662266E-06,0.000193915,0.9995733,0.0244691726,8.306464E-06,2.46795867E-06,0.999700665,0.009468134,0.04893665,0.009484547,0.0239495039,1482,0.0560884364,1,5.7
HOLD_0.00_FULL,HOLD,66,127,1.27,DESCENT,None,0,1.41761959,0.00682545453,0.007440653,0.97912246,0.00592687726,0.0013703088,1.12172449,-0.04619762,-0.000298533821,0.004496783,0.0009214994,-0.0458860137,0.00126935972,-0.15471904,0.135280982,-0.179305151,0.179305136,true,8,true,true,0,0,0.00171120057,0.0009010509,0.9767189,0.976257861,0.5480588,0.5474762,0.4286601,0.4287817,0.4287817,false,0.8767157,0.8749578,0.178104669,0.000390745874,-0.000195372937,false,false,0.303631157,0.0489074066,0.015548558,thorax,true,false,0.00523677748,1.46779222E-09,-9.636216E-15,-7.331967E-15,1,0,0,0,1,0.0419893451,-3.261951E-05,0.000776166737,0.999117732,0.0419893451,-3.261951E-05,0.000776166737,0.999117732,0.0319956765,-2.484645E-05,0.0007760241,0.999487758,0.0028179842,0.0003105833,-0.002068019,0.999993861,0.0785773844,0.007008158,0.0583666228,0.107875995,1710,0.0058882,1,9.5,1.46778956E-09,-2.36301758E-16,-2.05572435E-16,1,0,0,0,1,0.0419893451,-3.261951E-05,0.000776166737,0.999117732,0.0419893451,-3.261951E-05,0.000776166737,0.999117732,0.0319956765,-2.484645E-05,0.0007760241,0.999487758,0.00220513367,-6.4998676E-05,-0.00200199,0.999995649,0.07978514,0.005899927,0.05959175,0.109098546,1710,0.00460613845,1,9.5,-2.96887914E-09,-6.20109729E-15,1.816118E-15,1,0,0,0,1,0,0,0,1,-2.96887914E-09,-6.20109729E-15,1.816118E-15,1,-2.96887914E-09,-6.20109729E-15,1.816118E-15,1,0.00179038243,2.73309415E-05,-0.000154792157,0.99999845,0.0035210466,0.0035210466,-0.00358077255,0.00326230587,2052,0.001391318,1,6.83999968,-2.96887825E-09,-2.36928837E-15,1.75362544E-15,1,0,0,0,1,0,0,0,1,-2.96887825E-09,-2.36928837E-15,1.75362544E-15,1,-2.96887825E-09,-2.36928837E-15,1.75362544E-15,1,0.002551885,-2.12812989E-10,1.11016307E-10,0.9999968,0.005074369,0.005074369,-0.005103781,0.00440135226,2052,0.00200510281,1,6.83999968,-6.988029E-10,-1.10073509E-15,3.8636455E-16,1,0,0,0,1,0.000195372922,-7.58879253E-08,0.000388425979,0.99999994,0.000195372224,-7.58876553E-08,0.000388425979,0.99999994,0.000195372224,-7.58876553E-08,0.000388425979,0.99999994,0.000243760718,-3.14222E-05,0.00133260561,0.999999166,0,0,-9.680151E-05,0.00209887023,2052,0,1,5.7,-6.988029E-10,-1.100604E-15,-7.35134336E-16,1,0,0,0,1,0.000195372922,-7.58879253E-08,0.000388425979,0.99999994,0.000195372224,-7.58876553E-08,0.000388425979,0.99999994,0.000195372224,-7.58876553E-08,0.000388425979,0.99999994,9.62605263E-05,1.82948E-05,0.0007756747,0.9999997,0,0,0.000198237627,0.00308942655,2052,0,1,5.7,4.2001122E-10,2.060041E-15,3.64644878E-16,1,0.0301521979,0,0,0.999545336,-9.768647E-05,1.89719813E-08,0.000194212989,1,0.0300545562,-5.836985E-06,0.000194125256,0.999548256,0.0300545562,-5.836985E-06,0.000194125256,0.999548256,0.0230459869,-2.73701116E-05,0.00325757917,0.999729156,0.0152856587,0.04654939,0.0140218427,0.0331347138,1482,0.0586917922,1,5.7,-5.074521E-09,-3.65132663E-16,-5.4125903E-16,1,0.0292097349,0,0,0.9995733,-9.768647E-05,1.89719813E-08,0.000194212989,1,0.0291120838,-5.65394475E-06,0.000194130669,0.999576151,0.0291120838,-5.65394475E-06,0.000194130669,0.999576151,0.02446787,8.763427E-06,9.469E-07,0.999700665,0.009264493,0.04893665,0.009291775,0.023968298,1482,0.05607727,1,5.7
HOLD_0.00_FULL,HOLD,67,128,1.28,DESCENT,None,0,1.41762376,0.00552617759,0.00631902,0.979099631,0.0008354932,0.00136682438,1.12171245,-0.04618674,-0.00033866,0.000970244,0.00112267572,-0.045807112,0.00125230732,-0.15471904,0.135280982,-0.179305151,0.179305136,true,8,true,true,0,0,0.00110129779,0.0003928835,0.9766914,0.976217747,0.5480229,0.54743576,0.4286685,0.428782,0.428782,false,0.09603143,0.09583534,0,0,0,false,false,0.304057568,0.04893665,0.0153634483,thorax,true,false,0.00522892457,1.46779222E-09,-9.636216E-15,-7.331967E-15,1,0,0,0,1,0.0219999216,-1.690948E-05,0.0007684292,0.999757648,0.0219999235,-1.69094819E-05,0.0007684292,0.999757648,0.0219999235,-1.69094819E-05,0.0007684292,0.999757648,0.00273760362,0.00030793107,-0.00194175658,0.9999944,0.03891023,0.00669497857,0.0385285579,0.0730230659,1710,0.00566423172,1,9.5,1.46778956E-09,-2.36301758E-16,-2.05572435E-16,1,0,0,0,1,0.0219999216,-1.690948E-05,0.0007684292,0.999757648,0.0219999235,-1.69094819E-05,0.0007684292,0.999757648,0.0219999235,-1.69094819E-05,0.0007684292,0.999757648,0.00211700378,-6.58736753E-05,-0.00188123086,0.999996,0.0401230156,0.005652266,0.03976919,0.07421992,1710,0.00437568361,1,9.5,-2.96887914E-09,-6.20109729E-15,1.816118E-15,1,0,0,0,1,0,0,0,1,-2.96887914E-09,-6.20109729E-15,1.816118E-15,1,-2.96887914E-09,-6.20109729E-15,1.816118E-15,1,0.00184712769,2.63264556E-05,-0.000152777764,0.999998331,0.00365396286,0.00365396286,-0.00369426329,0.00575136952,2052,0.00144383893,1,6.83999968,-2.96887825E-09,-2.36928837E-15,1.75362544E-15,1,0,0,0,1,0,0,0,1,-2.96887825E-09,-2.36928837E-15,1.75362544E-15,1,-2.96887825E-09,-2.36928837E-15,1.75362544E-15,1,0.00258764182,-2.67813938E-10,3.14436727E-10,0.999996662,0.00516748428,0.00516748428,-0.00517529529,0.0061629205,2052,0.00204189681,1,6.83999968,-6.988029E-10,-1.10073509E-15,3.8636455E-16,1,0,0,0,1,0,0,0.000384307641,0.99999994,-6.98802849E-10,2.6745457E-13,0.000384307641,0.99999994,-6.98802849E-10,2.6745457E-13,0.000384307641,0.99999994,0.00023618665,-3.60449667E-05,0.00131607009,0.9999991,0,0,-0.0004724025,0.00302772829,2052,0,1,5.7,-6.988029E-10,-1.100604E-15,-7.35134336E-16,1,0,0,0,1,0,0,0.000384307641,0.99999994,-6.98802849E-10,2.674547E-13,0.000384307641,0.99999994,-6.98802849E-10,2.674547E-13,0.000384307641,0.99999994,0.000117596741,1.42875533E-05,0.0007641306,0.999999762,0,0,-0.000235183863,0.00437810458,2052,0,1,5.7,4.2001122E-10,2.060041E-15,3.64644878E-16,1,0.0301521979,0,0,0.999545336,0,0,0.000192153821,1,0.0301521979,-5.79386E-06,0.000192066451,0.999545336,0.0301521979,-5.79386E-06,0.000192066451,0.999545336,0.0230306424,-2.797251E-05,0.003238964,0.9997296,0.0154716987,0.04651352,0.0142479129,0.0343952961,1482,0.0586456731,1,5.7,-5.074521E-09,-3.65132663E-16,-5.4125903E-16,1,0.0292097349,0,0,0.9995733,0,0,0.000192153821,1,0.02920973,-5.612761E-06,0.00019207182,0.9995733,0.02920973,-5.612761E-06,0.00019207182,0.9995733,0.024478009,9.749581E-06,1.29495543E-08,0.9997004,0.009442919,0.0489561372,0.009466869,0.0240425,1482,0.0560996,1,5.7
HOLD_0.00_FULL,HOLD,68,129,1.29,DESCENT,None,0,1.4176259,0.00629477948,0.006743127,0.979122758,0.00588929653,0.00136328884,1.12172568,-0.0461742543,-0.000310489326,0.00439147,0.0009651714,-0.04584788,0.001258297,-0.15471904,0.135280982,-0.179305151,0.179305136,true,8,true,true,0,0,0.00171131233,0.00090169796,0.9767183,0.9762589,0.5480583,0.5474771,0.428660035,0.428781748,0.428781748,false,0.8851276,0.8833528,0.234183908,0.000525708951,-0.000262854475,false,false,0.3036537,0.04893665,0.0154562807,thorax,true,false,0.00523544243,1.46779222E-09,-9.636216E-15,-7.331967E-15,1,0,0,0,1,0.0419893451,-3.23307031E-05,0.0007692946,0.999117732,0.0419893451,-3.23307031E-05,0.0007692946,0.999117732,0.03199822,-2.46228537E-05,0.0007689005,0.9994877,0.00281135575,0.000292003417,-0.00207142765,0.999993861,0.07858953,0.007008158,0.05838493,0.108014368,1710,0.00579965068,1,9.5,1.46778956E-09,-2.36301758E-16,-2.05572435E-16,1,0,0,0,1,0.0419893451,-3.23307031E-05,0.0007692946,0.999117732,0.0419893451,-3.23307031E-05,0.0007692946,0.999117732,0.03199822,-2.46228537E-05,0.0007689005,0.9994877,0.00220256369,-7.746363E-05,-0.00200462155,0.9999956,0.0797911137,0.0059402,0.0596019626,0.109218352,1710,0.00454961974,1,9.5,-2.96887914E-09,-6.20109729E-15,1.816118E-15,1,0,0,0,1,0,0,0,1,-2.96887914E-09,-6.20109729E-15,1.816118E-15,1,-2.96887914E-09,-6.20109729E-15,1.816118E-15,1,0.0017827152,2.57086122E-05,-0.00015436596,0.9999984,0.00358812045,0.00358812045,-0.003565438,0.00325223524,2052,0.00141782174,1,6.83999968,-2.96887825E-09,-2.36928837E-15,1.75362544E-15,1,0,0,0,1,0,0,0,1,-2.96887825E-09,-2.36928837E-15,1.75362544E-15,1,-2.96887825E-09,-2.36928837E-15,1.75362544E-15,1,0.00254563242,-1.96862984E-10,-1.3026749E-11,0.999996841,0.00502716471,0.00502716471,-0.00509127555,0.00438709464,2052,0.00198645052,1,6.83999968,-6.988029E-10,-1.10073509E-15,3.8636455E-16,1,0,0,0,1,0.000262854446,-1.01195525E-07,0.000384986866,0.9999999,0.000262853748,-1.01195255E-07,0.000384986866,0.9999999,0.000262853748,-1.01195255E-07,0.000384986866,0.9999999,0.0002569127,-3.27664675E-05,0.0013307858,0.9999991,0,0,1.18567377E-05,0.00207840442,2052,0,1,5.7,-6.988029E-10,-1.100604E-15,-7.35134336E-16,1,0,0,0,1,0.000262854446,-1.01195525E-07,0.000384986866,0.9999999,0.000262853748,-1.01195255E-07,0.000384986866,0.9999999,0.000262853748,-1.01195255E-07,0.000384986866,0.9999999,0.0001038766,9.878311E-06,0.0007745818,0.999999762,0,0,0.000317961967,0.00305932434,2052,0,1,5.7,4.2001122E-10,2.060041E-15,3.64644878E-16,1,0.0301521979,0,0,0.999545336,-0.000131427238,2.52988812E-08,0.000192493448,1,0.0300208312,-5.77881337E-06,0.000192406689,0.99954927,0.0300208312,-5.77881337E-06,0.000192406689,0.99954927,0.0230635256,-2.03270829E-05,0.00325447018,0.999728739,0.0151917841,0.0465852357,0.013919278,0.0330746919,1482,0.0587378778,1,5.7,-5.074521E-09,-3.65132663E-16,-5.4125903E-16,1,0.0292097349,0,0,0.9995733,-0.000131427238,2.52988812E-08,0.000192493448,1,0.0290783588,-5.59739328E-06,0.000192412044,0.9995771,0.0290783588,-5.59739328E-06,0.000192412044,0.9995771,0.0244700368,1.0268981E-05,-1.83710438E-06,0.9997006,0.00921288,0.0489415228,0.009219965,0.0239439774,1482,0.0560828559,1,5.7
HOLD_0.00_FULL,HOLD,69,130,1.3,DESCENT,None,0,1.41762531,0.00505743176,0.00568254571,0.979099631,0.0008127764,0.00135972316,1.12171257,-0.0461631268,-0.000346516754,0.0008707088,0.001139742,-0.0457777269,0.00124254939,-0.15471904,0.135280982,-0.179305151,0.179305136,true,8,true,true,0,0,0.00111363386,0.000394625938,0.97669065,0.9762186,0.548022032,0.5474364,0.428668618,0.428782165,0.428782165,false,0.08949724,0.08931449,0,0,0,false,false,0.304079354,0.0489561372,0.0152387936,thorax,true,false,0.00522831129,1.46779222E-09,-9.636216E-15,-7.331967E-15,1,0,0,0,1,0.0219999216,-1.6767628E-05,0.0007619829,0.999757648,0.0219999235,-1.676763E-05,0.0007619829,0.999757648,0.0219999254,-1.67676317E-05,0.000761983043,0.999757767,0.00272734952,0.000290353753,-0.00194567279,0.999994338,0.03893473,0.006730496,0.0385490321,0.07313875,1710,0.00561836641,1,9.5,1.46778956E-09,-2.36301758E-16,-2.05572435E-16,1,0,0,0,1,0.0219999216,-1.6767628E-05,0.0007619829,0.999757648,0.0219999235,-1.676763E-05,0.0007619829,0.999757648,0.0219999254,-1.67676317E-05,0.000761983043,0.999757767,0.00211078,-7.751284E-05,-0.00188427046,0.999996066,0.0401289575,0.0056099263,0.0397816263,0.07431745,1710,0.004316148,1,9.5,-2.96887914E-09,-6.20109729E-15,1.816118E-15,1,0,0,0,1,0,0,0,1,-2.96887914E-09,-6.20109729E-15,1.816118E-15,1,-2.96887914E-09,-6.20109729E-15,1.816118E-15,1,0.001843982,2.47468452E-05,-0.0001523847,0.9999984,0.00358812045,0.00358812045,-0.003687972,0.00581065,2052,0.00144383893,1,6.83999968,-2.96887825E-09,-2.36928837E-15,1.75362544E-15,1,0,0,0,1,0,0,0,1,-2.96887825E-09,-2.36928837E-15,1.75362544E-15,1,-2.96887825E-09,-2.36928837E-15,1.75362544E-15,1,0.002583225,-2.873036E-10,2.455424E-10,0.9999967,0.00512113841,0.00512113841,-0.00516646169,0.00618752372,2052,0.00202358374,1,6.83999968,-6.988029E-10,-1.10073509E-15,3.8636455E-16,1,0,0,0,1,0,0,0.000381083722,0.99999994,-6.98802849E-10,2.65201679E-13,0.000381083722,0.99999994,-6.98802849E-10,2.65201679E-13,0.000381083722,0.99999994,0.000249483128,-3.7693826E-05,0.00131460594,0.9999991,0,0,-0.000498996465,0.003065227,2052,0,1,5.7,-6.988029E-10,-1.100604E-15,-7.35134336E-16,1,0,0,0,1,0,0,0.000381083722,0.99999994,-6.98802849E-10,2.65201815E-13,0.000381083722,0.99999994,-6.98802849E-10,2.65201815E-13,0.000381083722,0.99999994,0.00012801768,5.995667E-06,0.0007634174,0.999999762,0,0,-0.00025603213,0.00443325937,2052,0,1,5.7,4.2001122E-10,2.060041E-15,3.64644878E-16,1,0.0301521979,0,0,0.999545336,0,0,0.000190541861,1,0.0301521979,-5.74525575E-06,0.000190455234,0.999545336,0.0301521979,-5.74525575E-06,0.000190455234,0.999545336,0.02303669,-2.13494732E-05,0.00323567376,0.999729455,0.0154562807,0.0465237722,0.0142358178,0.0346420147,1482,0.05865885,1,5.7,-5.074521E-09,-3.65132663E-16,-5.4125903E-16,1,0.0292097349,0,0,0.9995733,0,0,0.000190541861,1,0.02920973,-5.565676E-06,0.00019046056,0.9995733,0.02920973,-5.565676E-06,0.00019046056,0.9995733,0.0244759154,1.13693341E-05,-3.02039416E-06,0.9997004,0.009468134,0.0489561372,0.009471055,0.0241720229,1482,0.0560996,1,5.7
HOLD_0.00_FULL,HOLD,70,131,1.31,DESCENT,None,0,1.41762316,0.00587102026,0.00619261339,0.979122341,0.00585646927,0.0013561527,1.12172484,-0.0461506769,-0.000313863333,0.00429948932,0.0009603587,-0.0458259322,0.00125002,-0.15471904,0.135280982,-0.179305151,0.179305136,true,8,true,true,0,0,0.00171390874,0.000904697052,0.976717353,0.9762592,0.5480572,0.547477245,0.428660154,0.428781927,0.428781927,false,0.8896839,0.887916565,0.264559239,0.000604394241,-0.000302197121,false,false,0.303669065,0.0489415228,0.0154253989,thorax,true,false,0.005235309,1.46779222E-09,-9.636216E-15,-7.331967E-15,1,0,0,0,1,0.0419893451,-3.20841573E-05,0.0007634282,0.999117732,0.0419893451,-3.20841573E-05,0.0007634282,0.999117732,0.0320012,-2.44309213E-05,0.000762744166,0.9994876,0.00279650488,0.000275876344,-0.00207561045,0.999994,0.07861683,0.006939784,0.0584205724,0.108155392,1710,0.00579965068,1,9.5,1.46778956E-09,-2.36301758E-16,-2.05572435E-16,1,0,0,0,1,0.0419893451,-3.20841573E-05,0.0007634282,0.999117732,0.0419893451,-3.20841573E-05,0.0007634282,0.999117732,0.0320012,-2.44309213E-05,0.000762744166,0.9994876,0.00219220575,-8.794043E-05,-0.00200813147,0.999995649,0.07980904,0.005899927,0.0596286319,0.109343082,1710,0.004492389,1,9.5,-2.96887914E-09,-6.20109729E-15,1.816118E-15,1,0,0,0,1,0,0,0,1,-2.96887914E-09,-6.20109729E-15,1.816118E-15,1,-2.96887914E-09,-6.20109729E-15,1.816118E-15,1,0.00178219867,2.42670867E-05,-0.000153975838,0.9999984,0.00358812045,0.00358812045,-0.003564405,0.00327769155,2052,0.00141782174,1,6.83999968,-2.96887825E-09,-2.36928837E-15,1.75362544E-15,1,0,0,0,1,0,0,0,1,-2.96887825E-09,-2.36928837E-15,1.75362544E-15,1,-2.96887825E-09,-2.36928837E-15,1.75362544E-15,1,0.002542111,-1.72668976E-10,1.236537E-10,0.999996841,0.00502716471,0.00502716471,-0.005084233,0.00439473428,2052,0.00198645052,1,6.83999968,-6.988029E-10,-1.10073509E-15,3.8636455E-16,1,0,0,0,1,0.000302197121,-1.15454753E-07,0.000382051076,0.9999999,0.000302196422,-1.1545449E-07,0.000382051076,0.9999999,0.000302196422,-1.1545449E-07,0.000382051076,0.9999999,0.0002755289,-3.464449E-05,0.00132958917,0.999999166,0,0,5.33084421E-05,0.00208083913,2052,0,1,5.7,-6.988029E-10,-1.100604E-15,-7.35134336E-16,1,0,0,0,1,0.000302197121,-1.15454753E-07,0.000382051076,0.9999999,0.000302196422,-1.1545449E-07,0.000382051076,0.9999999,0.000302196422,-1.1545449E-07,0.000382051076,0.9999999,0.000120881421,1.81273492E-06,0.0007741682,0.9999997,0,0,0.000362631428,0.00305862073,2052,0,1,5.7,4.2001122E-10,2.060041E-15,3.64644878E-16,1,0.0301521979,0,0,0.999545336,-0.000151098575,2.88636883E-08,0.000191025552,1,0.0300011672,-5.73099E-06,0.000190939565,0.999549866,0.0300011672,-5.73099E-06,0.000190939565,0.999549866,0.02306141,-1.40794091E-05,0.00325096957,0.9997288,0.0151603632,0.0465801135,0.0138841681,0.0331626162,1482,0.0587312952,1,5.7,-5.074521E-09,-3.65132663E-16,-5.4125903E-16,1,0.0292097349,0,0,0.9995733,-0.000151098575,2.88636883E-08,0.000191025552,1,0.0290586948,-5.550953E-06,0.000190944877,0.9995777,0.0290586948,-5.550953E-06,0.000190944877,0.9995777,0.0244632643,1.19760689E-05,-5.12507768E-06,0.9997007,0.009186965,0.0489317775,0.009194166,0.0239987541,1482,0.0560716875,1,5.7
HOLD_0.00_FULL,HOLD,71,132,1.32,DESCENT,None,0,1.417619,0.00470507145,0.00519874226,0.979099,0.000784888864,0.00135259691,1.12171078,-0.04613987,-0.0003455081,0.000786291668,0.00110399188,-0.04576656,0.00123576424,-0.15471904,0.135280982,-0.179305151,0.179305136,true,8,true,true,0,0,0.00112149422,0.000395904062,0.976689458,0.9762185,0.5480207,0.5474363,0.428668737,0.428782225,0.428782225,false,0.0874355361,0.0872586,0,0,0,false,false,0.304092944,0.0489561372,0.015176082,thorax,true,false,0.005228541,1.46779222E-09,-9.636216E-15,-7.331967E-15,1,0,0,0,1,0.0219999216,-1.665028E-05,0.0007566501,0.999757648,0.0219999235,-1.66502814E-05,0.0007566501,0.999757648,0.0219999254,-1.66502832E-05,0.000756650232,0.999757767,0.00270962459,0.0002754906,-0.00195020519,0.999994457,0.038965337,0.00665927166,0.0385844633,0.07325761,1710,0.00561836641,1,9.5,1.46778956E-09,-2.36301758E-16,-2.05572435E-16,1,0,0,0,1,0.0219999216,-1.665028E-05,0.0007566501,0.999757648,0.0219999235,-1.66502814E-05,0.0007566501,0.999757648,0.0219999254,-1.66502832E-05,0.000756650232,0.999757767,0.00209766952,-8.70155E-05,-0.00188803731,0.999996,0.04016459,0.005652266,0.03980783,0.07441978,1710,0.00437568361,1,9.5,-2.96887914E-09,-6.20109729E-15,1.816118E-15,1,0,0,0,1,0,0,0,1,-2.96887914E-09,-6.20109729E-15,1.816118E-15,1,-2.96887914E-09,-6.20109729E-15,1.816118E-15,1,0.00184731686,2.33905248E-05,-0.000152001769,0.999998331,0.00365396286,0.00365396286,-0.00369464164,0.005873558,2052,0.00144383893,1,6.83999968,-2.96887825E-09,-2.36928837E-15,1.75362544E-15,1,0,0,0,1,0,0,0,1,-2.96887825E-09,-2.36928837E-15,1.75362544E-15,1,-2.96887825E-09,-2.36928837E-15,1.75362544E-15,1,0.00258127647,-3.042189E-10,1.27236485E-10,0.999996662,0.00516748428,0.00516748428,-0.00516256457,0.00621648552,2052,0.00204189681,1,6.83999968,-6.988029E-10,-1.10073509E-15,3.8636455E-16,1,0,0,0,1,0,0,0.000378416677,0.99999994,-6.98802849E-10,2.63337935E-13,0.000378416677,0.99999994,-6.98802849E-10,2.63337935E-13,0.000378416677,0.99999994,0.0002671953,-3.9826693E-05,0.00131376553,0.9999991,0,0,-0.00053442223,0.003104905,2052,0,1,5.7,-6.988029E-10,-1.100604E-15,-7.35134336E-16,1,0,0,0,1,0,0,0.000378416677,0.99999994,-6.98802849E-10,2.63338071E-13,0.000378416677,0.99999994,-6.98802849E-10,2.63338071E-13,0.000378416677,0.99999994,0.000146229708,-1.83373072E-06,0.00076337863,0.9999997,0,0,-0.00029246218,0.004493282,2052,0,1,5.7,4.2001122E-10,2.060041E-15,3.64644878E-16,1,0.0301521979,0,0,0.999545336,0,0,0.000189208338,1,0.0301521979,-5.70504744E-06,0.000189122307,0.999545336,0.0301521979,-5.70504744E-06,0.000189122307,0.999545336,0.0230257213,-1.55356174E-05,0.00323201856,0.999729633,0.0155024882,0.0465083979,0.0142577607,0.03489621,1482,0.0586390831,1,5.7,-5.074521E-09,-3.65132663E-16,-5.4125903E-16,1,0.0292097349,0,0,0.9995733,0,0,0.000189208338,1,0.02920973,-5.526724E-06,0.0001891276,0.9995733,0.02920973,-5.526724E-06,0.0001891276,0.9995733,0.024466183,1.31743454E-05,-6.52887456E-06,0.9997007,0.009468134,0.0489317775,0.009490529,0.0243103318,1482,0.0560716875,1,5.7
HOLD_0.00_FULL,HOLD,72,133,1.33,DESCENT,None,0,1.4176141,0.005596265,0.005835399,0.9791213,0.005826533,0.00134908094,1.12172222,-0.046128083,-0.00030827825,0.00422709947,0.00089165644,-0.04582657,0.001244837,-0.15471904,0.135280982,-0.179305151,0.179305136,true,8,true,true,0,0,0.00171950157,0.000910169445,0.9767157,0.9762589,0.5480554,0.547476649,0.428660274,0.428782225,0.428782225,false,0.8889492,0.8871834,0.259661317,0.000597504433,-0.000298752217,false,false,0.3036847,0.0489317775,0.0154408468,thorax,true,false,0.005236021,1.46779222E-09,-9.636216E-15,-7.331967E-15,1,0,0,0,1,0.0419893451,-3.18862E-05,0.000758717943,0.999117732,0.0419893451,-3.18862E-05,0.000758717943,0.999117732,0.03199971,-2.42721053E-05,0.000757722359,0.999487638,0.00277643814,0.000262493035,-0.00208053878,0.999994,0.07865928,0.006939784,0.0584577,0.1082608,1710,0.00579965068,1,9.5,1.46778956E-09,-2.36301758E-16,-2.05572435E-16,1,0,0,0,1,0.0419893451,-3.18862E-05,0.000758717943,0.999117732,0.0419893451,-3.18862E-05,0.000758717943,0.999117732,0.03199971,-2.42721053E-05,0.000757722359,0.999487638,0.00217708061,-9.635693E-05,-0.00201228214,0.9999956,0.0798448846,0.0059402,0.0596558861,0.109433234,1710,0.00454961974,1,9.5,-2.96887914E-09,-6.20109729E-15,1.816118E-15,1,0,0,0,1,0,0,0,1,-2.96887914E-09,-6.20109729E-15,1.816118E-15,1,-2.96887914E-09,-6.20109729E-15,1.816118E-15,1,0.00178899535,2.30362275E-05,-0.0001536076,0.99999845,0.0035210466,0.0035210466,-0.00357799837,0.00334220566,2052,0.001391318,1,6.83999968,-2.96887825E-09,-2.36928837E-15,1.75362544E-15,1,0,0,0,1,0,0,0,1,-2.96887825E-09,-2.36928837E-15,1.75362544E-15,1,-2.96887825E-09,-2.36928837E-15,1.75362544E-15,1,0.00254157186,-1.666262E-10,-5.417924E-11,0.9999968,0.005074369,0.005074369,-0.00508315535,0.00442605745,2052,0.00200510281,1,6.83999968,-6.988029E-10,-1.10073509E-15,3.8636455E-16,1,0,0,0,1,0.0002987522,-1.13434382E-07,0.00037969384,0.9999999,0.0002987515,-1.13434119E-07,0.00037969384,0.9999999,0.0002987515,-1.13434119E-07,0.00037969384,0.9999999,0.0002916193,-3.70145463E-05,0.0013291064,0.999999046,0,0,1.42360659E-05,0.00211001746,2052,0,1,5.7,-6.988029E-10,-1.100604E-15,-7.35134336E-16,1,0,0,0,1,0.0002987522,-1.13434382E-07,0.00037969384,0.9999999,0.0002987515,-1.13434119E-07,0.00037969384,0.9999999,0.0002987515,-1.13434119E-07,0.00037969384,0.9999999,0.000139185577,-5.732854E-06,0.0007744955,0.9999997,0,0,0.0003191275,0.003092048,2052,0,1,5.7,4.2001122E-10,2.060041E-15,3.64644878E-16,1,0.0301521979,0,0,0.999545336,-0.000149376108,2.83585955E-08,0.000189846935,1,0.03000289,-5.69595659E-06,0.000189761471,0.999549866,0.03000289,-5.69595659E-06,0.000189761471,0.999549866,0.0230434667,-8.70468648E-06,0.00324723427,0.9997293,0.0151603632,0.0465391465,0.0139235118,0.033403758,1482,0.0586786233,1,5.7,-5.074521E-09,-3.65132663E-16,-5.4125903E-16,1,0.0292097349,0,0,0.9995733,-0.000149376108,2.83585955E-08,0.000189846935,1,0.0290604178,-5.51703124E-06,0.000189766753,0.999577641,0.0290604178,-5.51703124E-06,0.000189766753,0.999577641,0.0244514234,1.38698751E-05,-8.807998E-06,0.999701,0.009238723,0.0489074066,0.009221304,0.02413474,1482,0.05604376,1,5.7
HOLD_0.00_FULL,HOLD,73,134,1.34,DESCENT,None,0,1.4176079,0.00450044125,0.004902718,0.9790976,0.0007582605,0.00134562538,1.1217078,-0.046118252,-0.0003353972,0.000728216954,0.00100602943,-0.0457780659,0.00123221183,-0.15471904,0.135280982,-0.179305151,0.179305136,true,8,true,true,0,0,0.00112261774,0.000396446878,0.976687551,0.976217747,0.5480188,0.5474353,0.428668737,0.428782463,0.428782463,false,0.0903777555,0.09019321,0,0,0,false,false,0.304106951,0.0489317775,0.0152074695,thorax,true,false,0.005229614,1.46779222E-09,-9.636216E-15,-7.331967E-15,1,0,0,0,1,0.0219999216,-1.65604633E-05,0.000752568536,0.999757648,0.0219999235,-1.65604652E-05,0.000752568536,0.999757648,0.0219999254,-1.6560467E-05,0.000752568652,0.999757767,0.00268766144,0.000263706,-0.00195518,0.999994457,0.03901426,0.00665927166,0.0386283621,0.07336042,1710,0.00561836641,1,9.5,1.46778956E-09,-2.36301758E-16,-2.05572435E-16,1,0,0,0,1,0.0219999216,-1.65604633E-05,0.000752568536,0.999757648,0.0219999235,-1.65604652E-05,0.000752568536,0.999757648,0.0219999254,-1.6560467E-05,0.000752568652,0.999757767,0.00208093831,-9.42335E-05,-0.00189252291,0.9999961,0.0401883274,0.00556726474,0.0398412868,0.07450896,1710,0.004255779,1,9.5,-2.96887914E-09,-6.20109729E-15,1.816118E-15,1,0,0,0,1,0,0,0,1,-2.96887914E-09,-6.20109729E-15,1.816118E-15,1,-2.96887914E-09,-6.20109729E-15,1.816118E-15,1,0.00185660459,2.23024872E-05,-0.0001516476,0.999998331,0.00365396286,0.00365396286,-0.003713217,0.005927295,2052,0.00144383893,1,6.83999968,-2.96887825E-09,-2.36928837E-15,1.75362544E-15,1,0,0,0,1,0,0,0,1,-2.96887825E-09,-2.36928837E-15,1.75362544E-15,1,-2.96887825E-09,-2.36928837E-15,1.75362544E-15,1,0.002581808,-2.768702E-10,1.8529886E-11,0.999996662,0.00516748428,0.00516748428,-0.00516362768,0.00624380261,2052,0.00204189681,1,6.83999968,-6.988029E-10,-1.10073509E-15,3.8636455E-16,1,0,0,0,1,0,0,0.0003763754,0.99999994,-6.98802849E-10,2.61911478E-13,0.0003763754,0.99999994,-6.98802849E-10,2.61911478E-13,0.0003763754,0.99999994,0.000282232417,-4.23466627E-05,0.00131357019,0.9999991,0,0,-0.0005644981,0.003136269,2052,0,1,5.7,-6.988029E-10,-1.100604E-15,-7.35134336E-16,1,0,0,0,1,0,0,0.0003763754,0.99999994,-6.98802849E-10,2.619116E-13,0.0003763754,0.99999994,-6.98802849E-10,2.619116E-13,0.0003763754,0.99999994,0.000164625744,-9.002924E-06,0.0007639506,0.999999762,0,0,-0.0003292596,0.00454163272,2052,0,1,5.7,4.2001122E-10,2.060041E-15,3.64644878E-16,1,0.0301521979,0,0,0.999545336,0,0,0.0001881877,1,0.0301521979,-5.674273E-06,0.000188102131,0.999545336,0.0301521979,-5.674273E-06,0.000188102131,0.999545336,0.0230027772,-1.05927711E-05,0.00322811329,0.99973017,0.0155332163,0.04646223,0.0143036628,0.0351034,1482,0.0585797243,1,5.7,-5.074521E-09,-3.65132663E-16,-5.4125903E-16,1,0.0292097349,0,0,0.9995733,0,0,0.0001881877,1,0.02920973,-5.496912E-06,0.0001881074,0.9995733,0.02920973,-5.496912E-06,0.0001881074,0.9995733,0.0244528428,1.51082368E-05,-1.03922048E-05,0.999701,0.009518363,0.0489074066,0.009517216,0.0244293641,1482,0.05604376,1,5.7
HOLD_0.00_FULL,HOLD,74,135,1.35,DESCENT,None,0,1.41760182,0.00549535453,0.005692295,0.9791199,0.0058119297,0.00134225353,1.12171865,-0.04610779,-0.000294143276,0.00418473827,0.000753365457,-0.04585304,0.00124278944,-0.15471904,0.135280982,-0.179305151,0.179305136,true,8,true,true,0,0,0.00172804028,0.0009185041,0.9767138,0.976257861,0.5480535,0.5474756,0.428660274,0.428782284,0.428782284,false,0.882259965,0.880490959,0.215066314,0.00049167953,-0.000245839765,false,false,0.303694725,0.0489074066,0.0154562807,thorax,true,false,0.005237817,1.46779222E-09,-9.636216E-15,-7.331967E-15,1,0,0,0,1,0.0419893451,-3.174358E-05,0.0007553243,0.999117732,0.0419893451,-3.174358E-05,0.0007553243,0.999117732,0.03199971,-2.415587E-05,0.00075398467,0.999487638,0.0027550396,0.0002520263,-0.002085793,0.999994,0.07870475,0.006939784,0.0585004762,0.108329982,1710,0.00570972776,1,9.5,1.46778956E-09,-2.36301758E-16,-2.05572435E-16,1,0,0,0,1,0.0419893451,-3.174358E-05,0.0007553243,0.999117732,0.0419893451,-3.174358E-05,0.0007553243,0.999117732,0.03199971,-2.415587E-05,0.00075398467,0.999487638,0.00216089888,-0.000102615493,-0.00201709126,0.999995649,0.07987475,0.005899927,0.0596882366,0.10949,1710,0.004492389,1,9.5,-2.96887914E-09,-6.20109729E-15,1.816118E-15,1,0,0,0,1,0,0,0,1,-2.96887914E-09,-6.20109729E-15,1.816118E-15,1,-2.96887914E-09,-6.20109729E-15,1.816118E-15,1,0.00180212012,2.20391939E-05,-0.0001532981,0.9999984,0.00358812045,0.00358812045,-0.003604248,0.003437008,2052,0.00141782174,1,6.83999968,-2.96887825E-09,-2.36928837E-15,1.75362544E-15,1,0,0,0,1,0,0,0,1,-2.96887825E-09,-2.36928837E-15,1.75362544E-15,1,-2.96887825E-09,-2.36928837E-15,1.75362544E-15,1,0.002543903,-1.805324E-10,-1.74605733E-10,0.999996841,0.00502716471,0.00502716471,-0.00508781662,0.00447725644,2052,0.00198645052,1,6.83999968,-6.988029E-10,-1.10073509E-15,3.8636455E-16,1,0,0,0,1,0.000245839736,-9.292634E-08,0.000377995544,0.9999999,0.000245839037,-9.292608E-08,0.000377995544,0.9999999,0.000245839037,-9.292608E-08,0.000377995544,0.9999999,0.000297990453,-3.9737828E-05,0.00132922339,0.999999046,0,0,-0.000104333049,0.00216499623,2052,0,1,5.7,-6.988029E-10,-1.100604E-15,-7.35134336E-16,1,0,0,0,1,0.000245839736,-9.292634E-08,0.000377995544,0.9999999,0.000245839037,-9.292608E-08,0.000377995544,0.9999999,0.000245839037,-9.292608E-08,0.000377995544,0.9999999,0.0001509448,-1.25490569E-05,0.0007753451,0.9999997,0,0,0.000189779,0.003158411,2052,0,1,5.7,4.2001122E-10,2.060041E-15,3.64644878E-16,1,0.0301521979,0,0,0.999545336,-0.000122919882,2.32315855E-08,0.000188997787,1,0.0300293341,-5.6754775E-06,0.000188912556,0.999549031,0.0300293341,-5.6754775E-06,0.000188912556,0.999549031,0.0230154227,-4.24115933E-06,0.0032432375,0.9997299,0.0152856587,0.0464878827,0.0140325278,0.03377726,1482,0.058612708,1,5.7,-5.074521E-09,-3.65132663E-16,-5.4125903E-16,1,0.0292097349,0,0,0.9995733,-0.000122919882,2.32315855E-08,0.000188997787,1,0.0290868618,-5.4973525E-06,0.000188917824,0.999576867,0.0290868618,-5.4973525E-06,0.000188917824,0.999576867,0.02443891,1.58677831E-05,-1.280335E-05,0.9997014,0.009290192,0.0488781445,0.009299252,0.0243389234,1482,0.0560102277,1,5.7
HOLD_0.00_FULL,HOLD,75,136,1.36,DESCENT,None,0,1.41759515,0.00446428359,0.00481297169,0.9790958,0.000735119,0.0013389918,1.121704,-0.04609961,-0.0003165715,0.000705234357,0.000844993861,-0.04581388,0.0012319443,-0.15471904,0.135280982,-0.179305151,0.179305136,true,8,true,true,0,0,0.00111537229,0.000395246461,0.9766853,0.976216435,0.5480166,0.547433853,0.428668678,0.428782582,0.428782582,false,0.09941851,0.099215515,0,0,0,false,false,0.3041176,0.0489074066,0.0153168216,thorax,true,false,0.005231649,1.46779222E-09,-9.636216E-15,-7.331967E-15,1,0,0,0,1,0.0219999216,-1.65012771E-05,0.0007498789,0.999757648,0.0219999235,-1.65012789E-05,0.0007498789,0.999757648,0.0219999254,-1.650128E-05,0.000749879,0.999757767,0.00266536744,0.000255035673,-0.0019604587,0.9999945,0.0390570164,0.006623372,0.0386729352,0.07343221,1710,0.005572124,1,9.5,1.46778956E-09,-2.36301758E-16,-2.05572435E-16,1,0,0,0,1,0.0219999216,-1.65012771E-05,0.0007498789,0.999757648,0.0219999235,-1.65012789E-05,0.0007498789,0.999757648,0.0219999254,-1.650128E-05,0.000749879,0.999757767,0.00206438173,-9.917791E-05,-0.001897393,0.999996066,0.04022984,0.0056099263,0.03987439,0.07456934,1710,0.004316148,1,9.5,-2.96887914E-09,-6.20109729E-15,1.816118E-15,1,0,0,0,1,0,0,0,1,-2.96887914E-09,-6.20109729E-15,1.816118E-15,1,-2.96887914E-09,-6.20109729E-15,1.816118E-15,1,0.00187048432,2.14969932E-05,-0.000151313681,0.999998331,0.00365396286,0.00365396286,-0.00374097656,0.005962209,2052,0.00144383893,1,6.83999968,-2.96887825E-09,-2.36928837E-15,1.75362544E-15,1,0,0,0,1,0,0,0,1,-2.96887825E-09,-2.36928837E-15,1.75362544E-15,1,-2.96887825E-09,-2.36928837E-15,1.75362544E-15,1,0.00258444739,-2.91338E-10,1.26342381E-10,0.999996662,0.00516748428,0.00516748428,-0.00516890641,0.00626278948,2052,0.00204189681,1,6.83999968,-6.988029E-10,-1.10073509E-15,3.8636455E-16,1,0,0,0,1,0,0,0.000375030242,0.99999994,-6.98802849E-10,2.60971474E-13,0.000375030242,0.99999994,-6.98802849E-10,2.60971474E-13,0.000375030242,0.99999994,0.0002882242,-4.5085726E-05,0.001313989,0.9999991,0,0,-0.0005764836,0.00315028057,2052,0,1,5.7,-6.988029E-10,-1.100604E-15,-7.35134336E-16,1,0,0,0,1,0,0,0.000375030242,0.99999994,-6.98802849E-10,2.609716E-13,0.000375030242,0.99999994,-6.98802849E-10,2.609716E-13,0.000375030242,0.99999994,0.000175949652,-1.53057426E-05,0.000765094941,0.9999997,0,0,-0.000351912167,0.004564906,2052,0,1,5.7,4.2001122E-10,2.060041E-15,3.64644878E-16,1,0.0301521979,0,0,0.999545336,0,0,0.000187515121,1,0.0301521979,-5.653993E-06,0.000187429861,0.999545336,0.0301521979,-5.653993E-06,0.000187429861,0.999545336,0.0229742434,-6.532249E-06,0.00322408834,0.9997309,0.0155791957,0.0464006066,0.014360751,0.0352172442,1482,0.0585004874,1,5.7,-5.074521E-09,-3.65132663E-16,-5.4125903E-16,1,0.0292097349,0,0,0.9995733,0,0,0.000187515121,1,0.02920973,-5.477266E-06,0.0001874351,0.9995733,0.02920973,-5.477266E-06,0.0001874351,0.9995733,0.0244402,1.70721432E-05,-1.44743453E-05,0.9997013,0.009543379,0.0488830246,0.009542512,0.0245052781,1482,0.05601582,1,5.7
HOLD_0.00_FULL,HOLD,76,137,1.37,DESCENT,None,0,1.4175899,0.00558576,0.00577259669,0.979118049,0.00581946224,0.001335848,1.12171507,-0.04609111,-0.000271608,0.00418770267,0.000550928,-0.0459048152,0.00124400435,-0.15471904,0.135280982,-0.179305151,0.179305136,true,8,true,true,0,0,0.00173785526,0.000928286056,0.976711452,0.9762564,0.548051238,0.547474,0.4286602,0.428782344,0.428782344,false,0.8696194,0.867891967,0.13079606,0.0002924596,-0.0001462298,false,false,0.3037052,0.0488781445,0.01551786,thorax,true,false,0.00524033839,1.46779222E-09,-9.636216E-15,-7.331967E-15,1,0,0,0,1,0.0419893451,-3.16583464E-05,0.000753296248,0.999117732,0.0419893451,-3.16583464E-05,0.000753296248,0.999117732,0.03199971,-2.40836525E-05,0.0007516258,0.999487638,0.00273601781,0.000244519935,-0.00209137052,0.9999941,0.07873807,0.00687072938,0.0585385077,0.108346671,1710,0.00570972776,1,9.5,1.46778956E-09,-2.36301758E-16,-2.05572435E-16,1,0,0,0,1,0.0419893451,-3.16583464E-05,0.000753296248,0.999117732,0.0419893451,-3.16583464E-05,0.000753296248,0.999117732,0.03199971,-2.40836525E-05,0.0007516258,0.999487638,0.00214723451,-0.00010681407,-0.00202236138,0.9999957,0.07990161,0.00585937733,0.05971556,0.109497912,1710,0.00443442026,1,9.5,-2.96887914E-09,-6.20109729E-15,1.816118E-15,1,0,0,0,1,0,0,0,1,-2.96887914E-09,-6.20109729E-15,1.816118E-15,1,-2.96887914E-09,-6.20109729E-15,1.816118E-15,1,0.00181982573,2.12968916E-05,-0.000153036483,0.999998331,0.00365396286,0.00365396286,-0.00363965961,0.00355282542,2052,0.00144383893,1,6.83999968,-2.96887825E-09,-2.36928837E-15,1.75362544E-15,1,0,0,0,1,0,0,0,1,-2.96887825E-09,-2.36928837E-15,1.75362544E-15,1,-2.96887825E-09,-2.36928837E-15,1.75362544E-15,1,0.00254855421,-1.34112221E-10,1.27258523E-10,0.9999968,0.005074369,0.005074369,-0.00509712,0.004541755,2052,0.00200510281,1,6.83999968,-6.988029E-10,-1.10073509E-15,3.8636455E-16,1,0,0,0,1,0.000146229781,-5.51258026E-08,0.000376980635,0.99999994,0.000146229082,-5.512554E-08,0.000376980635,0.99999994,0.000146229082,-5.512554E-08,0.000376980635,0.99999994,0.0002894545,-4.26075167E-05,0.001329991,0.9999991,0,0,-0.0002864831,0.00224264921,2052,0,1,5.7,-6.988029E-10,-1.100604E-15,-7.35134336E-16,1,0,0,0,1,0.000146229781,-5.51258026E-08,0.000376980635,0.99999994,0.000146229082,-5.512554E-08,0.000376980635,0.99999994,0.000146229082,-5.512554E-08,0.000376980635,0.99999994,0.000149893574,-1.843106E-05,0.000776768429,0.999999762,0,0,-7.342847E-06,0.00325466925,2052,0,1,5.7,4.2001122E-10,2.060041E-15,3.64644878E-16,1,0.0301521979,0,0,0.999545336,-7.31149E-05,1.37814506E-08,0.000188490318,1,0.030079117,-5.669622E-06,0.000188405029,0.999547541,0.030079117,-5.669622E-06,0.000188405029,0.999547541,0.0229839534,-6.69120141E-07,0.00323921931,0.9997306,0.0154408468,0.0464262925,0.0141950957,0.0342338234,1482,0.0585335158,1,5.7,-5.074521E-09,-3.65132663E-16,-5.4125903E-16,1,0.0292097349,0,0,0.9995733,-7.31149E-05,1.37814506E-08,0.000188490318,1,0.0291366447,-5.49197557E-06,0.0001884103,0.999575436,0.0291366447,-5.49197557E-06,0.0001884103,0.999575436,0.0244296528,1.785241E-05,-1.6952119E-05,0.99970156,0.009417636,0.0488635078,0.009417377,0.02458666,1482,0.0559934564,1,5.7
HOLD_0.00_FULL,HOLD,77,138,1.3800000000000001,DESCENT,None,0,1.41758442,0.004593037,0.00491833175,0.9790942,0.0007324219,0.00133286137,1.12170053,-0.046085164,-0.000289478921,0.000726715371,0.000630398456,-0.045872,0.00123497529,-0.15471904,0.135280982,-0.179305151,0.179305136,true,8,true,true,0,0,0.00110125658,0.0003934184,0.9766832,0.976215,0.548014462,0.5474324,0.428668737,0.428782582,0.428782582,false,0.113792241,0.113559894,0,0,0,false,false,0.304124326,0.0488830246,0.0154408468,thorax,true,false,0.00523404824,1.46779222E-09,-9.636216E-15,-7.331967E-15,1,0,0,0,1,0.0219999216,-1.6473894E-05,0.0007486345,0.999757648,0.0219999235,-1.64738958E-05,0.0007486345,0.999757648,0.0219999254,-1.64738976E-05,0.000748634629,0.999757767,0.00264660874,0.0002494516,-0.00196566363,0.9999945,0.0390997268,0.006623372,0.0387104452,0.07345912,1710,0.005478468,1,9.5,1.46778956E-09,-2.36301758E-16,-2.05572435E-16,1,0,0,0,1,0.0219999216,-1.6473894E-05,0.0007486345,0.999757648,0.0219999235,-1.64738958E-05,0.0007486345,0.999757648,0.0219999254,-1.64738976E-05,0.000748634629,0.999757767,0.00205156882,-0.000101952879,-0.001902261,0.9999961,0.04025354,0.00556726474,0.03990001,0.07458693,1710,0.004255779,1,9.5,-2.96887914E-09,-6.20109729E-15,1.816118E-15,1,0,0,0,1,0,0,0,1,-2.96887914E-09,-6.20109729E-15,1.816118E-15,1,-2.96887914E-09,-6.20109729E-15,1.816118E-15,1,0.00188695546,2.09812642E-05,-0.000151001877,0.9999983,0.00371863972,0.00371863972,-0.00377391931,0.005968822,2052,0.00146939559,1,6.83999968,-2.96887825E-09,-2.36928837E-15,1.75362544E-15,1,0,0,0,1,0,0,0,1,-2.96887825E-09,-2.36928837E-15,1.75362544E-15,1,-2.96887825E-09,-2.36928837E-15,1.75362544E-15,1,0.00258860085,-2.85967944E-10,1.436745E-10,0.9999967,0.00512113841,0.00512113841,-0.00517721334,0.00626909,2052,0.00202358374,1,6.83999968,-6.988029E-10,-1.10073509E-15,3.8636455E-16,1,0,0,0,1,0,0,0.000374407915,0.99999994,-6.98802849E-10,2.605366E-13,0.000374407915,0.99999994,-6.98802849E-10,2.605366E-13,0.000374407915,0.99999994,0.000280728156,-4.78181064E-05,0.00131501944,0.999999166,0,0,-0.000561493565,0.00313959853,2052,0,1,5.7,-6.988029E-10,-1.100604E-15,-7.35134336E-16,1,0,0,0,1,0,0,0.000374407915,0.99999994,-6.98802849E-10,2.60536736E-13,0.000374407915,0.99999994,-6.98802849E-10,2.60536736E-13,0.000374407915,0.99999994,0.000174659581,-2.05475571E-05,0.000766750367,0.999999762,0,0,-0.0003493359,0.00455064652,2052,0,1,5.7,4.2001122E-10,2.060041E-15,3.64644878E-16,1,0.0301521979,0,0,0.999545336,0,0,0.000187203957,1,0.0301521979,-5.64461061E-06,0.000187118843,0.999545336,0.0301521979,-5.64461061E-06,0.000187118843,0.999545336,0.0229469556,-3.331513E-06,0.00322005176,0.999731541,0.01562504,0.0463440455,0.0144153433,0.0352105424,1482,0.058440987,1,5.7,-5.074521E-09,-3.65132663E-16,-5.4125903E-16,1,0.0292097349,0,0,0.9995733,0,0,0.000187203957,1,0.02920973,-5.468177E-06,0.000187124082,0.9995733,0.02920973,-5.468177E-06,0.000187124082,0.9995733,0.0244321767,1.89295988E-05,-1.8636938E-05,0.9997015,0.009568328,0.0488683879,0.009558561,0.0245196484,1482,0.05599905,1,5.7
HOLD_0.00_FULL,HOLD,78,139,1.3900000000000001,DESCENT,None,0,1.41758156,0.005834818,0.006034686,0.9791166,0.00584407151,0.001330028,1.12171173,-0.0460790955,-0.00024119344,0.00422825525,0.000299692678,-0.0459777564,0.00124846911,-0.15471904,0.135280982,-0.179305151,0.179305136,true,8,true,true,0,0,0.0017479948,0.0009389398,0.9767095,0.976255059,0.54804945,0.5474727,0.428660035,0.428782344,0.428782344,false,0.8518133,0.8501053,0.0120886182,2.60161869E-05,-1.30080934E-05,false,false,0.303714454,0.0488635078,0.0155791957,thorax,true,false,0.005243225,1.46779222E-09,-9.636216E-15,-7.331967E-15,1,0,0,0,1,0.0419893451,-3.16340338E-05,0.0007527177,0.999117732,0.0419893451,-3.16340338E-05,0.0007527177,0.999117732,0.03199971,-2.40578047E-05,0.000750714447,0.999487638,0.00272280723,0.000239798363,-0.0020966595,0.9999941,0.0787653252,0.00687072938,0.0585649237,0.108306482,1710,0.00561836641,1,9.5,1.46778956E-09,-2.36301758E-16,-2.05572435E-16,1,0,0,0,1,0.0419893451,-3.16340338E-05,0.0007527177,0.999117732,0.0419893451,-3.16340338E-05,0.0007527177,0.999117732,0.03199971,-2.40578047E-05,0.000750714447,0.999487638,0.00213928125,-0.000109071676,-0.00202729856,0.999995649,0.0799195245,0.005899927,0.05973147,0.109450571,1710,0.00437568361,1,9.5,-2.96887914E-09,-6.20109729E-15,1.816118E-15,1,0,0,0,1,0,0,0,1,-2.96887914E-09,-6.20109729E-15,1.816118E-15,1,-2.96887914E-09,-6.20109729E-15,1.816118E-15,1,0.00183946081,2.08074052E-05,-0.0001527972,0.999998331,0.00365396286,0.00365396286,-0.00367892953,0.00367108034,2052,0.00144383893,1,6.83999968,-2.96887825E-09,-2.36928837E-15,1.75362544E-15,1,0,0,0,1,0,0,0,1,-2.96887825E-09,-2.36928837E-15,1.75362544E-15,1,-2.96887825E-09,-2.36928837E-15,1.75362544E-15,1,0.00255457358,-1.29718083E-10,1.888955E-10,0.9999968,0.005074369,0.005074369,-0.005109158,0.00460857432,2052,0.00200510281,1,6.83999968,-6.988029E-10,-1.10073509E-15,3.8636455E-16,1,0,0,0,1,1.30080925E-05,-4.90003327E-09,0.0003766911,0.99999994,1.3007394E-05,-4.89977126E-09,0.0003766911,0.99999994,1.3007394E-05,-4.89977126E-09,0.0003766911,0.99999994,0.000264062663,-4.536195E-05,0.00133135228,0.9999991,0,0,-0.000502144743,0.00233031623,2052,0,1,5.7,-6.988029E-10,-1.100604E-15,-7.35134336E-16,1,0,0,0,1,1.30080925E-05,-4.90003327E-09,0.0003766911,0.99999994,1.3007394E-05,-4.89977126E-09,0.0003766911,0.99999994,1.3007394E-05,-4.89977126E-09,0.0003766911,0.99999994,0.000132687783,-2.31848735E-05,0.0007786935,0.9999997,0,0,-0.000239378234,0.00336489175,2052,0,1,5.7,4.2001122E-10,2.060041E-15,3.64644878E-16,1,0.0301521979,0,0,0.999545336,-6.50404672E-06,1.22500832E-09,0.000188345555,1,0.0301456973,-5.677808E-06,0.000188259961,0.9995455,0.0301456973,-5.677808E-06,0.000188259961,0.9995455,0.0229562446,2.062982E-06,0.00323519041,0.999731243,0.0156097738,0.046369765,0.014383751,0.03470205,1482,0.0584608279,1,5.7,-5.074521E-09,-3.65132663E-16,-5.4125903E-16,1,0.0292097349,0,0,0.9995733,-6.50404672E-06,1.22500832E-09,0.000188345555,1,0.0292032287,-5.50029836E-06,0.000188265229,0.999573469,0.0292032287,-5.50029836E-06,0.000188265229,0.999573469,0.0244269837,1.96682E-05,-2.11128881E-05,0.9997016,0.009568328,0.0488586277,0.009555944,0.0248390324,1482,0.0559878647,1,5.7
HOLD_0.00_FULL,HOLD,79,140,1.4000000000000001,DESCENT,None,0,1.4175787,0.00485714525,0.00517888274,0.9790928,0.000737175345,0.00132739649,1.12169778,-0.0460757762,-0.00025461035,0.000784519943,0.00037999326,-0.0459472835,0.00124130119,-0.15471904,0.135280982,-0.179305151,0.179305136,true,8,true,true,0,0,0.00107997737,0.000391215261,0.976681232,0.9762137,0.548012733,0.547431,0.4286685,0.4287827,0.4287827,false,0.132835284,0.1325665,0,0,0,false,false,0.304136217,0.0488683879,0.0156097738,thorax,true,false,0.00523669,1.46779222E-09,-9.636216E-15,-7.331967E-15,1,0,0,0,1,0.0219999216,-1.64790763E-05,0.00074887,0.999757648,0.0219999235,-1.64790781E-05,0.00074887,0.999757648,0.0219999254,-1.647908E-05,0.000748870138,0.999757767,0.002634592,0.0002466044,-0.00197031721,0.999994636,0.03911192,0.00655098353,0.0387344733,0.0734391659,1710,0.005478468,1,9.5,1.46778956E-09,-2.36301758E-16,-2.05572435E-16,1,0,0,0,1,0.0219999216,-1.64790763E-05,0.00074887,0.999757648,0.0219999235,-1.64790781E-05,0.00074887,0.999757648,0.0219999254,-1.647908E-05,0.000748870138,0.999757767,0.00204531127,-0.000102850317,-0.00190696411,0.9999961,0.0402653851,0.00556726474,0.0399125256,0.0745613,1710,0.004255779,1,9.5,-2.96887914E-09,-6.20109729E-15,1.816118E-15,1,0,0,0,1,0,0,0,1,-2.96887914E-09,-6.20109729E-15,1.816118E-15,1,-2.96887914E-09,-6.20109729E-15,1.816118E-15,1,0.001903478,2.07366065E-05,-0.0001507153,0.9999982,0.00378221087,0.00378221087,-0.00380696449,0.00594713539,2052,0.00149451534,1,6.83999968,-2.96887825E-09,-2.36928837E-15,1.75362544E-15,1,0,0,0,1,0,0,0,1,-2.96887825E-09,-2.36928837E-15,1.75362544E-15,1,-2.96887825E-09,-2.36928837E-15,1.75362544E-15,1,0.00259336736,-3.10309445E-10,-1.74171528E-11,0.9999967,0.00512113841,0.00512113841,-0.00518674636,0.006260786,2052,0.00202358374,1,6.83999968,-6.988029E-10,-1.10073509E-15,3.8636455E-16,1,0,0,0,1,0,0,0.0003745257,0.99999994,-6.98802849E-10,2.60618919E-13,0.0003745257,0.99999994,-6.98802849E-10,2.60618919E-13,0.0003745257,0.99999994,0.000258073938,-5.02812E-05,0.00131656148,0.9999991,0,0,-0.000516187,0.00310533913,2052,0,1,5.7,-6.988029E-10,-1.100604E-15,-7.35134336E-16,1,0,0,0,1,0,0,0.0003745257,0.99999994,-6.98802849E-10,2.60619055E-13,0.0003745257,0.99999994,-6.98802849E-10,2.60619055E-13,0.0003745257,0.99999994,0.0001579117,-2.457028E-05,0.000768895145,0.999999762,0,0,-0.00031584315,0.00450171623,2052,0,1,5.7,4.2001122E-10,2.060041E-15,3.64644878E-16,1,0.0301521979,0,0,0.999545336,0,0,0.000187262849,1,0.0301521979,-5.6463864E-06,0.0001871777,0.999545336,0.0301521979,-5.6463864E-06,0.0001871777,0.999545336,0.0229271613,-9.20702348E-07,0.00321599981,0.999732,0.0156555269,0.04630287,0.014454945,0.0350728631,1482,0.0583880544,1,5.7,-5.074521E-09,-3.65132663E-16,-5.4125903E-16,1,0.0292097349,0,0,0.9995733,0,0,0.000187262849,1,0.02920973,-5.469897E-06,0.000187182945,0.9995733,0.02920973,-5.469897E-06,0.000187182945,0.9995733,0.0244315267,2.05219185E-05,-2.2763259E-05,0.99970156,0.009543379,0.0488635078,0.009559864,0.0244676713,1482,0.0559934564,1,5.7
HOLD_0.00_FULL,HOLD,80,141,1.41,DESCENT,None,0,1.41757846,0.006090164,0.006281125,0.979115546,0.005867712,0.00132496119,1.12170982,-0.0460721627,-0.000202554511,0.00429462828,6.293084E-05,-0.0460508838,0.001256468,-0.15471904,0.135280982,-0.179305151,0.179305136,true,8,true,true,0,0,0.00172844972,0.0009247833,0.976707935,0.976253867,0.548048,0.547471642,0.428659916,0.428782225,0.428782225,false,0.8304371,0.828772068,0,0,0,false,false,0.30372566,0.0488586277,0.01562504,thorax,true,false,0.00524538429,1.46779222E-09,-9.636216E-15,-7.331967E-15,1,0,0,0,1,0.0419893451,-3.16715923E-05,0.000753611443,0.999117732,0.0419893451,-3.16715923E-05,0.000753611443,0.999117732,0.03199971,-2.40791815E-05,0.000751279236,0.999487638,0.00271308376,0.000238245964,-0.00210039946,0.9999941,0.0787865147,0.00687072938,0.05858437,0.108276412,1710,0.00561836641,1,9.5,1.46778956E-09,-2.36301758E-16,-2.05572435E-16,1,0,0,0,1,0.0419893451,-3.16715923E-05,0.000753611443,0.999117732,0.0419893451,-3.16715923E-05,0.000753611443,0.999117732,0.03199971,-2.40791815E-05,0.000751279236,0.999487638,0.00213480438,-0.000109112611,-0.002031388,0.999995649,0.07993146,0.005899927,0.05974042,0.109415963,1710,0.00437568361,1,9.5,-2.96887914E-09,-6.20109729E-15,1.816118E-15,1,0,0,0,1,0,0,0,1,-2.96887914E-09,-6.20109729E-15,1.816118E-15,1,-2.96887914E-09,-6.20109729E-15,1.816118E-15,1,0.00185264484,2.06994482E-05,-0.000152504392,0.999998331,0.00365396286,0.00365396286,-0.0037052976,0.00364886015,2052,0.00144383893,1,6.83999968,-2.96887825E-09,-2.36928837E-15,1.75362544E-15,1,0,0,0,1,0,0,0,1,-2.96887825E-09,-2.36928837E-15,1.75362544E-15,1,-2.96887825E-09,-2.36928837E-15,1.75362544E-15,1,0.00255831447,-1.42961962E-10,1.71455253E-10,0.9999968,0.005074369,0.005074369,-0.00511663966,0.004599022,2052,0.00200510281,1,6.83999968,-6.988029E-10,-1.10073509E-15,3.8636455E-16,1,0,0,0,1,0,0,0.000377138378,0.99999994,-6.98802849E-10,2.62444661E-13,0.000377138378,0.99999994,-6.98802849E-10,2.62444661E-13,0.000377138378,0.99999994,0.000242686612,-4.733915E-05,0.001333036,0.9999991,0,0,-0.000485410361,0.002316972,2052,0,1,5.7,-6.988029E-10,-1.100604E-15,-7.35134336E-16,1,0,0,0,1,0,0,0.000377138378,0.99999994,-6.98802849E-10,2.624448E-13,0.000377138378,0.99999994,-6.98802849E-10,2.624448E-13,0.000377138378,0.99999994,0.000115468836,-2.63718248E-05,0.0007809464,0.9999997,0,0,-0.000230958947,0.00333988387,2052,0,1,5.7,4.2001122E-10,2.060041E-15,3.64644878E-16,1,0.0301521979,0,0,0.999545336,0,0,0.000188569189,1,0.0301521979,-5.6857757E-06,0.000188483449,0.999545336,0.0301521979,-5.6857757E-06,0.000188483449,0.999545336,0.0229426362,4.12755662E-06,0.00323095312,0.9997316,0.01564029,0.0463389,0.014423985,0.034628734,1482,0.05842114,1,5.7,-5.074521E-09,-3.65132663E-16,-5.4125903E-16,1,0.0292097349,0,0,0.9995733,0,0,0.000188569189,1,0.02920973,-5.508055E-06,0.000188488732,0.9995733,0.02920973,-5.508055E-06,0.000188488732,0.9995733,0.0244283322,2.09192276E-05,-2.515784E-05,0.99970156,0.009593214,0.0488635078,0.009566251,0.0248135664,1482,0.05598227,1,5.7
HOLD_0.00_FULL,HOLD,81,142,1.42,DESCENT,None,0,1.41757786,0.005084634,0.00537668075,0.979092,0.000763088465,0.001322759,1.12169659,-0.0460710637,-0.000212847721,0.000850606244,0.000162934768,-0.0460159667,0.00125078554,-0.15471904,0.135280982,-0.179305151,0.179305136,true,8,true,true,0,0,0.00106368028,0.000393094931,0.9766801,0.976212859,0.548011541,0.5474303,0.428668559,0.428782582,0.428782582,false,0.154388785,0.154076368,0,0,0,false,false,0.3041449,0.0488635078,0.0156555269,thorax,true,false,0.005238367,1.46779222E-09,-9.636216E-15,-7.331967E-15,1,0,0,0,1,0.0219999216,-1.65173969E-05,0.0007506115,0.999757648,0.0219999235,-1.65173988E-05,0.0007506115,0.999757648,0.0219999254,-1.65174E-05,0.0007506116,0.999757767,0.002627683,0.000245924719,-0.00197346555,0.9999946,0.039136298,0.00658727763,0.03874829,0.07340246,1710,0.005431034,1,9.5,1.46778956E-09,-2.36301758E-16,-2.05572435E-16,1,0,0,0,1,0.0219999216,-1.65173969E-05,0.0007506115,0.999757648,0.0219999235,-1.65173988E-05,0.0007506115,0.999757648,0.0219999254,-1.65174E-05,0.0007506116,0.999757767,0.00204294943,-0.000102409438,-0.00191043061,0.999996066,0.040277224,0.0056099263,0.03991725,0.0745225549,1710,0.004194542,1,9.5,-2.96887914E-09,-6.20109729E-15,1.816118E-15,1,0,0,0,1,0,0,0,1,-2.96887914E-09,-6.20109729E-15,1.816118E-15,1,-2.96887914E-09,-6.20109729E-15,1.816118E-15,1,0.00191276963,2.07247213E-05,-0.000150435808,0.999998152,0.003844731,0.003844731,-0.00382554764,0.00591250742,2052,0.00151921972,1,6.83999968,-2.96887825E-09,-2.36928837E-15,1.75362544E-15,1,0,0,0,1,0,0,0,1,-2.96887825E-09,-2.36928837E-15,1.75362544E-15,1,-2.96887825E-09,-2.36928837E-15,1.75362544E-15,1,0.0025958512,-2.80852369E-10,1.319445E-10,0.999996662,0.00516748428,0.00516748428,-0.005191714,0.00624257466,2052,0.00204189681,1,6.83999968,-6.988029E-10,-1.10073509E-15,3.8636455E-16,1,0,0,0,1,0,0,0.00037539663,0.99999994,-6.98802849E-10,2.612275E-13,0.00037539663,0.99999994,-6.98802849E-10,2.612275E-13,0.00037539663,0.99999994,0.000239527144,-5.17179942E-05,0.00131841481,0.9999991,0,0,-0.0004790946,0.003078474,2052,0,1,5.7,-6.988029E-10,-1.100604E-15,-7.35134336E-16,1,0,0,0,1,0,0,0.00037539663,0.99999994,-6.98802849E-10,2.61227644E-13,0.00037539663,0.99999994,-6.98802849E-10,2.61227644E-13,0.00037539663,0.99999994,0.0001416363,-2.69482E-05,0.000771269,0.9999997,0,0,-0.0002832942,0.00445793942,2052,0,1,5.7,4.2001122E-10,2.060041E-15,3.64644878E-16,1,0.0301521979,0,0,0.999545336,0,0,0.000187698315,1,0.0301521979,-5.659517E-06,0.000187612968,0.999545336,0.0301521979,-5.659517E-06,0.000187612968,0.999545336,0.02291992,8.532828E-07,0.003211619,0.999732137,0.01567075,0.04629257,0.0144694308,0.0349455737,1482,0.0583615638,1,5.7,-5.074521E-09,-3.65132663E-16,-5.4125903E-16,1,0.0292097349,0,0,0.9995733,0,0,0.000187698315,1,0.02920973,-5.482617E-06,0.000187618221,0.9995733,0.02920973,-5.482617E-06,0.000187618221,0.9995733,0.0244343728,2.14195461E-05,-2.66862735E-05,0.9997015,0.009543379,0.0488683879,0.009554172,0.0244096015,1482,0.05599905,1,5.7
HOLD_0.00_FULL,HOLD,82,143,1.43,DESCENT,None,0,1.41757953,0.00628390163,0.006449728,0.9791152,0.00589542836,0.00132077443,1.12170935,-0.046069447,-0.000158254785,0.00435627671,-0.000134305155,-0.046114862,0.001267261,-0.15471904,0.135280982,-0.179305151,0.179305136,true,8,true,true,0,0,0.001717849,0.000919401529,0.9767071,0.9762535,0.5480471,0.5474713,0.428659976,0.428782225,0.428782225,false,0.810394943,0.808770061,0,0,0,false,false,0.303735763,0.0488635078,0.01564029,thorax,true,false,0.0052467,1.46779222E-09,-9.636216E-15,-7.331967E-15,1,0,0,0,1,0.0419893451,-3.17772829E-05,0.0007561263,0.999117732,0.0419893451,-3.17772829E-05,0.0007561263,0.999117732,0.03199971,-2.41512E-05,0.0007534076,0.999487638,0.00270938477,0.000238092951,-0.00210315338,0.999994159,0.07879257,0.00683594076,0.05859176,0.108233042,1710,0.00566423172,1,9.5,1.46778956E-09,-2.36301758E-16,-2.05572435E-16,1,0,0,0,1,0.0419893451,-3.17772829E-05,0.0007561263,0.999117732,0.0419893451,-3.17772829E-05,0.0007561263,0.999117732,0.03199971,-2.41512E-05,0.0007534076,0.999487638,0.00213470776,-0.000108482025,-0.00203452166,0.999995649,0.07993146,0.005899927,0.0597406179,0.109373085,1710,0.00437568361,1,9.5,-2.96887914E-09,-6.20109729E-15,1.816118E-15,1,0,0,0,1,0,0,0,1,-2.96887914E-09,-6.20109729E-15,1.816118E-15,1,-2.96887914E-09,-6.20109729E-15,1.816118E-15,1,0.00185844919,2.07407938E-05,-0.000152259978,0.999998331,0.00365396286,0.00365396286,-0.0037169063,0.00361707271,2052,0.00144383893,1,6.83999968,-2.96887825E-09,-2.36928837E-15,1.75362544E-15,1,0,0,0,1,0,0,0,1,-2.96887825E-09,-2.36928837E-15,1.75362544E-15,1,-2.96887825E-09,-2.36928837E-15,1.75362544E-15,1,0.00255974941,-1.76109946E-10,2.11812332E-10,0.9999967,0.00512113841,0.00512113841,-0.00511951046,0.004581742,2052,0.00202358374,1,6.83999968,-6.988029E-10,-1.10073509E-15,3.8636455E-16,1,0,0,0,1,0,0,0.000378396915,0.99999994,-6.98802849E-10,2.63324139E-13,0.000378396915,0.99999994,-6.98802849E-10,2.63324139E-13,0.000378396915,0.99999994,0.000226528136,-4.82776049E-05,0.00133507489,0.9999991,0,0,-0.000453094224,0.00229084888,2052,0,1,5.7,-6.988029E-10,-1.100604E-15,-7.35134336E-16,1,0,0,0,1,0,0,0.000378396915,0.99999994,-6.98802849E-10,2.63324247E-13,0.000378396915,0.99999994,-6.98802849E-10,2.63324247E-13,0.000378396915,0.99999994,0.000100141966,-2.804503E-05,0.0007834284,0.999999762,0,0,-0.000200306531,0.00330414739,2052,0,1,5.7,4.2001122E-10,2.060041E-15,3.64644878E-16,1,0.0301521979,0,0,0.999545336,0,0,0.000189198458,1,0.0301521979,-5.704749E-06,0.000189112441,0.999545336,0.0301521979,-5.704749E-06,0.000189112441,0.999545336,0.0229408816,5.63877256E-06,0.00322647812,0.9997316,0.0156555269,0.0463389,0.0144274952,0.03450839,1482,0.05842114,1,5.7,-5.074521E-09,-3.65132663E-16,-5.4125903E-16,1,0.0292097349,0,0,0.9995733,0,0,0.000189198458,1,0.02920973,-5.526436E-06,0.000189117723,0.9995733,0.02920973,-5.526436E-06,0.000189117723,0.9995733,0.0244324952,2.14928568E-05,-2.89396939E-05,0.9997015,0.009568328,0.0488683879,0.009557925,0.024753131,1482,0.05599905,1,5.7
HOLD_0.00_FULL,HOLD,83,144,1.44,DESCENT,None,0,1.4175806,0.00524115562,0.005491536,0.979091942,0.0007882938,0.00131904124,1.12169659,-0.04607015,-0.000166492173,0.0009035272,-1.66868285E-05,-0.0460757948,0.00126274268,-0.15471904,0.135280982,-0.179305151,0.179305136,true,8,true,true,0,0,0.00105687219,0.000394375529,0.9766797,0.976212859,0.5480112,0.547430158,0.4286685,0.4287827,0.4287827,false,0.172941029,0.172587916,0,0,0,false,false,0.304156035,0.0488683879,0.01567075,thorax,true,false,0.00523908343,1.46779222E-09,-9.636216E-15,-7.331967E-15,1,0,0,0,1,0.0219999216,-1.65882029E-05,0.0007538291,0.999757648,0.0219999235,-1.65882047E-05,0.0007538291,0.999757648,0.0219999254,-1.65882066E-05,0.0007538292,0.999757767,0.002627207,0.000246184645,-0.00197583786,0.9999946,0.039136298,0.00658727763,0.0387492441,0.07335568,1710,0.005431034,1,9.5,1.46778956E-09,-2.36301758E-16,-2.05572435E-16,1,0,0,0,1,0.0219999216,-1.65882029E-05,0.0007538291,0.999757648,0.0219999235,-1.65882047E-05,0.0007538291,0.999757648,0.0219999254,-1.65882066E-05,0.0007538292,0.999757767,0.002044999,-0.000101586869,-0.00191341492,0.999996066,0.0402713045,0.0056099263,0.0399131477,0.07448008,1710,0.004194542,1,9.5,-2.96887914E-09,-6.20109729E-15,1.816118E-15,1,0,0,0,1,0,0,0,1,-2.96887914E-09,-6.20109729E-15,1.816118E-15,1,-2.96887914E-09,-6.20109729E-15,1.816118E-15,1,0.00191564776,2.08021684E-05,-0.000150242529,0.9999982,0.00378221087,0.00378221087,-0.003831304,0.00588412536,2052,0.00149451534,1,6.83999968,-2.96887825E-09,-2.36928837E-15,1.75362544E-15,1,0,0,0,1,0,0,0,1,-2.96887825E-09,-2.36928837E-15,1.75362544E-15,1,-2.96887825E-09,-2.36928837E-15,1.75362544E-15,1,0.00259645749,-2.97943864E-10,2.17098544E-11,0.999996662,0.00516748428,0.00516748428,-0.00519292662,0.006227346,2052,0.00204189681,1,6.83999968,-6.988029E-10,-1.10073509E-15,3.8636455E-16,1,0,0,0,1,0,0,0.000377005839,0.99999994,-6.98802849E-10,2.62352043E-13,0.000377005839,0.99999994,-6.98802849E-10,2.62352043E-13,0.000377005839,0.99999994,0.000225339478,-5.22424853E-05,0.001320565,0.9999991,0,0,-0.000450719846,0.003053007,2052,0,1,5.7,-6.988029E-10,-1.100604E-15,-7.35134336E-16,1,0,0,0,1,0,0,0.000377005839,0.99999994,-6.98802849E-10,2.62352179E-13,0.000377005839,0.99999994,-6.98802849E-10,2.62352179E-13,0.000377005839,0.99999994,0.000127273757,-2.80322329E-05,0.00077378843,0.9999997,0,0,-0.000254570041,0.004421268,2052,0,1,5.7,4.2001122E-10,2.060041E-15,3.64644878E-16,1,0.0301521979,0,0,0.999545336,0,0,0.00018850292,1,0.0301521979,-5.68377754E-06,0.000188417209,0.999545336,0.0301521979,-5.68377754E-06,0.000188417209,0.999545336,0.0229226965,2.109146E-06,0.003207074,0.999732137,0.0156555269,0.04629257,0.0144638792,0.03483191,1482,0.0583748072,1,5.7,-5.074521E-09,-3.65132663E-16,-5.4125903E-16,1,0.0292097349,0,0,0.9995733,0,0,0.00018850292,1,0.02920973,-5.506119E-06,0.000188422477,0.9995733,0.02920973,-5.506119E-06,0.000188422477,0.9995733,0.0244396683,2.17039433E-05,-3.03047036E-05,0.9997013,0.009543379,0.0488830246,0.009543574,0.02434834,1482,0.05601582,1,5.7
HOLD_0.00_FULL,HOLD,84,145,1.45,DESCENT,None,0,1.41758358,0.00640489161,0.00654153526,0.9791153,0.00591570139,0.00131754309,1.12170982,-0.04607017,-0.000110082437,0.00440053735,-0.000298833038,-0.04617122,0.00128031906,-0.15471904,0.135280982,-0.179305151,0.179305136,true,8,true,true,0,0,0.00171318464,0.0009184796,0.976707,0.9762535,0.548047066,0.5474713,0.428659916,0.428782225,0.428782225,false,0.7935929,0.791987,0,0,0,false,false,0.3037496,0.0488683879,0.0156555269,thorax,true,false,0.00524693774,1.46779222E-09,-9.636216E-15,-7.331967E-15,1,0,0,0,1,0.0419893451,-3.193889E-05,0.0007599716,0.999117732,0.0419893451,-3.193889E-05,0.0007599716,0.999117732,0.03199971,-2.42674287E-05,0.000756939349,0.999487638,0.00271173473,0.000238745182,-0.00210537412,0.999994159,0.07878954,0.00683594076,0.0585870743,0.10818518,1710,0.00566423172,1,9.5,1.46778956E-09,-2.36301758E-16,-2.05572435E-16,1,0,0,0,1,0.0419893451,-3.193889E-05,0.0007599716,0.999117732,0.0419893451,-3.193889E-05,0.0007599716,0.999117732,0.03199971,-2.42674287E-05,0.000756939349,0.999487638,0.00213858625,-0.000107380161,-0.002037349,0.9999957,0.0799195245,0.00585937733,0.0597328544,0.109331451,1710,0.00443442026,1,9.5,-2.96887914E-09,-6.20109729E-15,1.816118E-15,1,0,0,0,1,0,0,0,1,-2.96887914E-09,-6.20109729E-15,1.816118E-15,1,-2.96887914E-09,-6.20109729E-15,1.816118E-15,1,0.00185905874,2.0847996E-05,-0.000152100518,0.9999983,0.00371863972,0.00371863972,-0.00371812587,0.00359287066,2052,0.00146939559,1,6.83999968,-2.96887825E-09,-2.36928837E-15,1.75362544E-15,1,0,0,0,1,0,0,0,1,-2.96887825E-09,-2.36928837E-15,1.75362544E-15,1,-2.96887825E-09,-2.36928837E-15,1.75362544E-15,1,0.00255974545,-1.95547384E-10,2.071208E-10,0.9999968,0.005074369,0.005074369,-0.00511950161,0.004568761,2052,0.00200510281,1,6.83999968,-6.988029E-10,-1.10073509E-15,3.8636455E-16,1,0,0,0,1,0,0,0.00038032126,0.99999994,-6.98802849E-10,2.64668875E-13,0.00038032126,0.99999994,-6.98802849E-10,2.64668875E-13,0.00038032126,0.99999994,0.000213979714,-4.847954E-05,0.00133734534,0.9999991,0,0,-0.000427997729,0.0022674,2052,0,1,5.7,-6.988029E-10,-1.100604E-15,-7.35134336E-16,1,0,0,0,1,0,0,0.00038032126,0.99999994,-6.98802849E-10,2.64669E-13,0.00038032126,0.99999994,-6.98802849E-10,2.64669E-13,0.00038032126,0.99999994,8.676707E-05,-2.8631177E-05,0.0007859976,0.9999997,0,0,-0.0001735573,0.00327631435,2052,0,1,5.7,4.2001122E-10,2.060041E-15,3.64644878E-16,1,0.0301521979,0,0,0.999545336,0,0,0.00019016063,1,0.0301521979,-5.733761E-06,0.000190074177,0.999545336,0.0301521979,-5.733761E-06,0.000190074177,0.999545336,0.0229471643,6.63330638E-06,0.00322197331,0.999731541,0.0156097738,0.0463440455,0.0144149307,0.0344017036,1482,0.058440987,1,5.7,-5.074521E-09,-3.65132663E-16,-5.4125903E-16,1,0.0292097349,0,0,0.9995733,0,0,0.00019016063,1,0.02920973,-5.55454062E-06,0.000190079489,0.9995733,0.02920973,-5.55454062E-06,0.000190079489,0.9995733,0.0244386084,2.15237033E-05,-3.23534878E-05,0.9997013,0.009568328,0.0488830246,0.009545693,0.0246944018,1482,0.0560102277,1,5.7
HOLD_0.00_FULL,HOLD,85,146,1.46,DESCENT,None,0,1.41758561,0.00532862544,0.005537435,0.9790922,0.000805363059,0.00131631026,1.12169743,-0.0460723825,-0.000116461415,0.00093974825,-0.000168308208,-0.0461292937,0.0012769294,-0.15471904,0.135280982,-0.179305151,0.179305136,true,8,true,true,0,0,0.001053885,0.0003948126,0.976679862,0.976213,0.5480113,0.547430456,0.428668559,0.428782523,0.428782523,false,0.188750952,0.188365534,0,0,0,false,false,0.30416885,0.0488830246,0.0156555269,thorax,true,false,0.005239082,1.46779222E-09,-9.636216E-15,-7.331967E-15,1,0,0,0,1,0.0219999216,-1.6685457E-05,0.000758248731,0.999757648,0.0219999235,-1.66854588E-05,0.000758248731,0.999757648,0.0219999254,-1.668546E-05,0.000758248847,0.999757767,0.0026318517,0.000247326825,-0.00197797758,0.999994636,0.0391241126,0.00655098353,0.03873996,0.07331028,1710,0.005478468,1,9.5,1.46778956E-09,-2.36301758E-16,-2.05572435E-16,1,0,0,0,1,0.0219999216,-1.6685457E-05,0.000758248731,0.999757648,0.0219999235,-1.66854588E-05,0.000758248731,0.999757648,0.0219999254,-1.668546E-05,0.000758248847,0.999757767,0.00205033,-0.000100208737,-0.00191600376,0.999996066,0.0402653851,0.0056099263,0.03990249,0.07444162,1710,0.004194542,1,9.5,-2.96887914E-09,-6.20109729E-15,1.816118E-15,1,0,0,0,1,0,0,0,1,-2.96887914E-09,-6.20109729E-15,1.816118E-15,1,-2.96887914E-09,-6.20109729E-15,1.816118E-15,1,0.00191456964,2.0946487E-05,-0.000150100866,0.999998152,0.003844731,0.003844731,-0.00382914767,0.00586303463,2052,0.00151921972,1,6.83999968,-2.96887825E-09,-2.36928837E-15,1.75362544E-15,1,0,0,0,1,0,0,0,1,-2.96887825E-09,-2.36928837E-15,1.75362544E-15,1,-2.96887825E-09,-2.36928837E-15,1.75362544E-15,1,0.00259601488,-2.82329077E-10,1.15800564E-10,0.999996662,0.00516748428,0.00516748428,-0.0051920414,0.00621627038,2052,0.00204189681,1,6.83999968,-6.988029E-10,-1.10073509E-15,3.8636455E-16,1,0,0,0,1,0,0,0.0003792162,0.99999994,-6.98802849E-10,2.63896652E-13,0.0003792162,0.99999994,-6.98802849E-10,2.63896652E-13,0.0003792162,0.99999994,0.000214201282,-5.22011433E-05,0.00132301555,0.9999991,0,0,-0.000428443629,0.00303168362,2052,0,1,5.7,-6.988029E-10,-1.100604E-15,-7.35134336E-16,1,0,0,0,1,0,0,0.0003792162,0.99999994,-6.98802849E-10,2.6389676E-13,0.0003792162,0.99999994,-6.98802849E-10,2.6389676E-13,0.0003792162,0.99999994,0.000114910588,-2.82035726E-05,0.0007764685,0.999999762,0,0,-0.000229843936,0.00439334847,2052,0,1,5.7,4.2001122E-10,2.060041E-15,3.64644878E-16,1,0.0301521979,0,0,0.999545336,0,0,0.0001896081,1,0.0301521979,-5.717101E-06,0.000189521888,0.999545336,0.0301521979,-5.717101E-06,0.000189521888,0.999545336,0.02293154,2.84960629E-06,0.003202735,0.9997319,0.01564029,0.0463131666,0.014446184,0.0347339474,1482,0.05839467,1,5.7,-5.074521E-09,-3.65132663E-16,-5.4125903E-16,1,0.0292097349,0,0,0.9995733,0,0,0.0001896081,1,0.02920973,-5.538401E-06,0.000189527185,0.9995733,0.02920973,-5.538401E-06,0.000189527185,0.9995733,0.024446331,2.15306445E-05,-3.34597426E-05,0.999701142,0.009543379,0.0488976538,0.009530244,0.02429355,1482,0.056027,1,5.7
HOLD_0.00_FULL,HOLD,86,147,1.47,DESCENT,None,0,1.41758919,0.00646200776,0.006572168,0.9791157,0.00593297929,0.00131532992,1.12171078,-0.0460738055,-5.832393E-05,0.004430211,-0.00043945713,-0.0462224074,0.00129560789,-0.15471904,0.135280982,-0.179305151,0.179305136,true,8,true,true,0,0,0.00171032571,0.0009176149,0.976707458,0.976253867,0.5480474,0.5474715,0.428660035,0.428782344,0.428782344,false,0.7790215,0.7774595,0,0,0,false,false,0.303759545,0.0488830246,0.0156097738,thorax,true,false,0.005246816,1.46779222E-09,-9.636216E-15,-7.331967E-15,1,0,0,0,1,0.0419893451,-3.21475345E-05,0.000764936267,0.999117732,0.0419893451,-3.21475345E-05,0.000764936267,0.999117732,0.03199971,-2.44204075E-05,0.0007616318,0.999487638,0.00271824538,0.0002404462,-0.00210728217,0.9999941,0.07877744,0.00687072938,0.05857405,0.108139165,1710,0.00561836641,1,9.5,1.46778956E-09,-2.36301758E-16,-2.05572435E-16,1,0,0,0,1,0.0419893451,-3.21475345E-05,0.000764936267,0.999117732,0.0419893451,-3.21475345E-05,0.000764936267,0.999117732,0.03199971,-2.44204075E-05,0.0007616318,0.999487638,0.002144989,-0.00010567173,-0.002039889,0.999995649,0.07991057,0.005899927,0.05972005,0.1092941,1710,0.004492389,1,9.5,-2.96887914E-09,-6.20109729E-15,1.816118E-15,1,0,0,0,1,0,0,0,1,-2.96887914E-09,-6.20109729E-15,1.816118E-15,1,-2.96887914E-09,-6.20109729E-15,1.816118E-15,1,0.00185673486,2.10381786E-05,-0.000151982807,0.9999983,0.00371863972,0.00371863972,-0.003713478,0.00357352872,2052,0.00146939559,1,6.83999968,-2.96887825E-09,-2.36928837E-15,1.75362544E-15,1,0,0,0,1,0,0,0,1,-2.96887825E-09,-2.36928837E-15,1.75362544E-15,1,-2.96887825E-09,-2.36928837E-15,1.75362544E-15,1,0.00255905767,-1.8186902E-10,1.31862E-10,0.9999968,0.005074369,0.005074369,-0.005118126,0.004559879,2052,0.00200510281,1,6.83999968,-6.988029E-10,-1.10073509E-15,3.8636455E-16,1,0,0,0,1,0,0,0.0003828058,0.99999994,-6.98802849E-10,2.66405062E-13,0.0003828058,0.99999994,-6.98802849E-10,2.66405062E-13,0.0003828058,0.99999994,0.000204079988,-4.82530122E-05,0.00133992592,0.9999991,0,0,-0.000408198364,0.00224828837,2052,0,1,5.7,-6.988029E-10,-1.100604E-15,-7.35134336E-16,1,0,0,0,1,0,0,0.0003828058,0.99999994,-6.98802849E-10,2.664052E-13,0.0003828058,0.99999994,-6.98802849E-10,2.664052E-13,0.0003828058,0.99999994,7.545402E-05,-2.84444613E-05,0.000788772129,0.999999762,0,0,-0.0001509312,0.003255049,2052,0,1,5.7,4.2001122E-10,2.060041E-15,3.64644878E-16,1,0.0301521979,0,0,0.999545336,0,0,0.0001914029,1,0.0301521979,-5.771218E-06,0.000191315878,0.999545336,0.0301521979,-5.771218E-06,0.000191315878,0.999545336,0.0229577664,7.119445E-06,0.0032177812,0.999731243,0.0156097738,0.046369765,0.014393718,0.034313947,1482,0.0584608279,1,5.7,-5.074521E-09,-3.65132663E-16,-5.4125903E-16,1,0.0292097349,0,0,0.9995733,0,0,0.0001914029,1,0.02920973,-5.59082673E-06,0.000191321218,0.9995733,0.02920973,-5.59082673E-06,0.000191321218,0.9995733,0.02444562,2.11763581E-05,-3.526656E-05,0.9997012,0.009518363,0.0488927774,0.009531669,0.0246447176,1482,0.056027,1,5.7
HOLD_0.00_FULL,HOLD,87,148,1.48,DESCENT,None,0,1.41759145,0.0053582564,0.00553104,0.979092836,0.0008190349,0.00131463178,1.12169886,-0.04607732,-6.3026695E-05,0.000961112,-0.000299618434,-0.04617863,0.00129331963,-0.15471904,0.135280982,-0.179305151,0.179305136,true,8,true,true,0,0,0.00105086342,0.0003953652,0.9766805,0.976213455,0.5480119,0.5474308,0.428668618,0.428782642,0.428782642,false,0.202740222,0.202326253,0,0,0,false,false,0.3041771,0.0488976538,0.01564029,thorax,true,false,0.00523872161,1.46779222E-09,-9.636216E-15,-7.331967E-15,1,0,0,0,1,0.0219999216,-1.68071529E-05,0.00076377904,0.999757648,0.0219999235,-1.68071547E-05,0.00076377904,0.999757648,0.0219999254,-1.68071565E-05,0.000763779157,0.999757767,0.00263982359,0.000249599834,-0.00197963649,0.9999946,0.03911192,0.00658727763,0.0387240238,0.07326691,1710,0.005431034,1,9.5,1.46778956E-09,-2.36301758E-16,-2.05572435E-16,1,0,0,0,1,0.0219999216,-1.68071529E-05,0.00076377904,0.999757648,0.0219999235,-1.68071547E-05,0.00076377904,0.999757648,0.0219999254,-1.68071565E-05,0.000763779157,0.999757767,0.00205752952,-9.801023E-05,-0.0019183046,0.999996066,0.0402476154,0.0056099263,0.0398880877,0.07440742,1710,0.004316148,1,9.5,-2.96887914E-09,-6.20109729E-15,1.816118E-15,1,0,0,0,1,0,0,0,1,-2.96887914E-09,-6.20109729E-15,1.816118E-15,1,-2.96887914E-09,-6.20109729E-15,1.816118E-15,1,0.00191139418,2.11802344E-05,-0.00014999327,0.9999982,0.00378221087,0.00378221087,-0.00382279675,0.00584573951,2052,0.00149451534,1,6.83999968,-2.96887825E-09,-2.36928837E-15,1.75362544E-15,1,0,0,0,1,0,0,0,1,-2.96887825E-09,-2.36928837E-15,1.75362544E-15,1,-2.96887825E-09,-2.36928837E-15,1.75362544E-15,1,0.00259517785,-2.566804E-10,-1.51042425E-11,0.999996662,0.00516748428,0.00516748428,-0.00519036734,0.006208823,2052,0.00204189681,1,6.83999968,-6.988029E-10,-1.10073509E-15,3.8636455E-16,1,0,0,0,1,0,0,0.000381982,0.99999994,-6.98802849E-10,2.658294E-13,0.000381982,0.99999994,-6.98802849E-10,2.658294E-13,0.000381982,0.99999994,0.0002054027,-5.18354464E-05,0.00132574409,0.9999991,0,0,-0.000410846464,0.0030144942,2052,0,1,5.7,-6.988029E-10,-1.100604E-15,-7.35134336E-16,1,0,0,0,1,0,0,0.000381982,0.99999994,-6.98802849E-10,2.6582954E-13,0.000381982,0.99999994,-6.98802849E-10,2.6582954E-13,0.000381982,0.99999994,0.000104653205,-2.76840838E-05,0.000779380149,0.9999997,0,0,-0.000209328951,0.004372422,2052,0,1,5.7,4.2001122E-10,2.060041E-15,3.64644878E-16,1,0.0301521979,0,0,0.999545336,0,0,0.000190991,1,0.0301521979,-5.75879858E-06,0.000190904175,0.999545336,0.0301521979,-5.75879858E-06,0.000190904175,0.999545336,0.02294324,3.06876564E-06,0.003198734,0.99973166,0.0156097738,0.0463337563,0.0144227818,0.0346568264,1482,0.05842776,1,5.7,-5.074521E-09,-3.65132663E-16,-5.4125903E-16,1,0.0292097349,0,0,0.9995733,0,0,0.000190991,1,0.02920973,-5.57879548E-06,0.000190909515,0.9995733,0.02920973,-5.57879548E-06,0.000190909515,0.9995733,0.0244534425,2.10276012E-05,-3.61182247E-05,0.999700963,0.009518363,0.048912283,0.009516016,0.02424962,1482,0.0560493469,1,5.7
HOLD_0.00_FULL,HOLD,88,149,1.49,DESCENT,None,0,1.417595,0.00646694,0.006556027,0.97911644,0.00593928248,0.00131420151,1.12171233,-0.0460799672,-3.41711961E-06,0.004441616,-0.0005629679,-0.0462703332,0.001313046,-0.15471904,0.135280982,-0.179305151,0.179305136,true,8,true,true,0,0,0.0017072605,0.000916211167,0.9767082,0.9762542,0.548048258,0.547472,0.428659916,0.428782225,0.428782225,false,0.765801966,0.764266431,0,0,0,false,false,0.3037691,0.0488927774,0.0156097738,thorax,true,false,0.00524633657,1.46779222E-09,-9.636216E-15,-7.331967E-15,1,0,0,0,1,0.0419893451,-3.24030734E-05,0.0007710167,0.999117732,0.0419893451,-3.24030734E-05,0.0007710167,0.999117732,0.03199822,-2.46078944E-05,0.000767437,0.9994877,0.00272731413,0.000243416129,-0.00210869638,0.99999404,0.0787623,0.006905343,0.0585529432,0.108091176,1710,0.00566423172,1,9.5,1.46778956E-09,-2.36301758E-16,-2.05572435E-16,1,0,0,0,1,0.0419893451,-3.24030734E-05,0.0007710167,0.999117732,0.0419893451,-3.24030734E-05,0.0007710167,0.999117732,0.03199822,-2.46078944E-05,0.000767437,0.9994877,0.00215271558,-0.000102872378,-0.00204190332,0.999995649,0.0798956454,0.005899927,0.0597016178,0.109256536,1710,0.004492389,1,9.5,-2.96887914E-09,-6.20109729E-15,1.816118E-15,1,0,0,0,1,0,0,0,1,-2.96887914E-09,-6.20109729E-15,1.816118E-15,1,-2.96887914E-09,-6.20109729E-15,1.816118E-15,1,0.00185300538,2.13270941E-05,-0.00015188953,0.9999983,0.00371863972,0.00371863972,-0.003706019,0.00355893723,2052,0.00146939559,1,6.83999968,-2.96887825E-09,-2.36928837E-15,1.75362544E-15,1,0,0,0,1,0,0,0,1,-2.96887825E-09,-2.36928837E-15,1.75362544E-15,1,-2.96887825E-09,-2.36928837E-15,1.75362544E-15,1,0.002558139,-1.65749733E-10,1.489836E-10,0.9999968,0.005074369,0.005074369,-0.00511628855,0.004554136,2052,0.00200510281,1,6.83999968,-6.988029E-10,-1.10073509E-15,3.8636455E-16,1,0,0,0,1,0,0,0.0003858487,0.99999994,-6.98802849E-10,2.68531454E-13,0.0003858487,0.99999994,-6.98802849E-10,2.68531454E-13,0.0003858487,0.99999994,0.000196269466,-4.77806971E-05,0.00134280848,0.999999166,0,0,-0.000392577174,0.00223346613,2052,0,1,5.7,-6.988029E-10,-1.100604E-15,-7.35134336E-16,1,0,0,0,1,0,0,0.0003858487,0.99999994,-6.98802849E-10,2.685316E-13,0.0003858487,0.99999994,-6.98802849E-10,2.685316E-13,0.0003858487,0.99999994,6.625316E-05,-2.75957918E-05,0.0007918013,0.999999762,0,0,-0.000132528992,0.00324053038,2052,0,1,5.7,4.2001122E-10,2.060041E-15,3.64644878E-16,1,0.0301521979,0,0,0.999545336,0,0,0.000192924344,1,0.0301521979,-5.817093E-06,0.000192836626,0.999545336,0.0301521979,-5.817093E-06,0.000192836626,0.999545336,0.02296999,7.060739E-06,0.00321397046,0.999731,0.0155791957,0.04639033,0.0143692689,0.0342458338,1482,0.0585004874,1,5.7,-5.074521E-09,-3.65132663E-16,-5.4125903E-16,1,0.0292097349,0,0,0.9995733,0,0,0.000192924344,1,0.02920973,-5.635268E-06,0.000192842024,0.9995733,0.02920973,-5.635268E-06,0.000192842024,0.9995733,0.024452623,2.0532043E-05,-3.76715179E-05,0.999700963,0.009543379,0.048912283,0.009517655,0.0246068034,1482,0.0560381748,1,5.7
HOLD_0.00_FULL,HOLD,89,150,1.5,DESCENT,None,0,1.41759729,0.005346045,0.00548993424,0.9790934,0.0008225441,0.00131406623,1.12170029,-0.04608465,-6.896243E-06,0.0009682013,-0.000416659575,-0.04622554,0.00131173432,-0.15471904,0.135280982,-0.179305151,0.179305136,true,8,true,true,0,0,0.00104685372,0.0003964028,0.976681352,0.976213634,0.548012853,0.5474311,0.4286685,0.428782523,0.428782523,false,0.215610132,0.215169892,0,0,0,false,false,0.304184735,0.048912283,0.0156097738,thorax,true,false,0.005238361,1.46779222E-09,-9.636216E-15,-7.331967E-15,1,0,0,0,1,0.0219999216,-1.69532868E-05,0.000770419836,0.999757648,0.0219999235,-1.69532887E-05,0.000770419836,0.999757648,0.0220007971,-1.69539562E-05,0.0007704196,0.999757648,0.00264973147,0.000253327918,-0.00198084279,0.9999946,0.03909363,0.00658727763,0.0387059636,0.07323058,1710,0.005525494,1,9.5,1.46778956E-09,-2.36301758E-16,-2.05572435E-16,1,0,0,0,1,0.0219999216,-1.69532868E-05,0.000770419836,0.999757648,0.0219999235,-1.69532887E-05,0.000770419836,0.999757648,0.0220007971,-1.69539562E-05,0.0007704196,0.999757648,0.00206554867,-9.462151E-05,-0.00192036678,0.999996,0.0402357653,0.005652266,0.0398738,0.07438337,1710,0.004255779,1,9.5,-2.96887914E-09,-6.20109729E-15,1.816118E-15,1,0,0,0,1,0,0,0,1,-2.96887914E-09,-6.20109729E-15,1.816118E-15,1,-2.96887914E-09,-6.20109729E-15,1.816118E-15,1,0.00190730044,2.15320288E-05,-0.000149934669,0.9999983,0.00371863972,0.00371863972,-0.00381460879,0.00583317457,2052,0.00149451534,1,6.83999968,-2.96887825E-09,-2.36928837E-15,1.75362544E-15,1,0,0,0,1,0,0,0,1,-2.96887825E-09,-2.36928837E-15,1.75362544E-15,1,-2.96887825E-09,-2.36928837E-15,1.75362544E-15,1,0.00259429682,-2.41050624E-10,7.494495E-11,0.999996662,0.00516748428,0.00516748428,-0.00518860528,0.006204958,2052,0.00204189681,1,6.83999968,-6.988029E-10,-1.10073509E-15,3.8636455E-16,1,0,0,0,1,0,0,0.000385303225,0.99999994,-6.98802849E-10,2.68150275E-13,0.000385303225,0.99999994,-6.98802849E-10,2.68150275E-13,0.000385303225,0.99999994,0.000198474212,-5.12772458E-05,0.00132872455,0.999999166,0,0,-0.000396989344,0.00300232,2052,0,1,5.7,-6.988029E-10,-1.100604E-15,-7.35134336E-16,1,0,0,0,1,0,0,0.000385303225,0.99999994,-6.98802849E-10,2.681504E-13,0.000385303225,0.99999994,-6.98802849E-10,2.681504E-13,0.000385303225,0.99999994,9.649199E-05,-2.6513575E-05,0.0007824845,0.999999762,0,0,-0.000193005777,0.00436076056,2052,0,1,5.7,4.2001122E-10,2.060041E-15,3.64644878E-16,1,0.0301521979,0,0,0.999545336,0,0,0.000192651612,1,0.0301521979,-5.80886945E-06,0.000192564024,0.999545336,0.0301521979,-5.80886945E-06,0.000192564024,0.999545336,0.0229554512,2.7398587E-06,0.00319509418,0.9997314,0.0155791957,0.0463543348,0.0143983541,0.0345987529,1482,0.0584542155,1,5.7,-5.074521E-09,-3.65132663E-16,-5.4125903E-16,1,0.0292097349,0,0,0.9995733,0,0,0.000192651612,1,0.02920973,-5.62730156E-06,0.000192569409,0.9995733,0.02920973,-5.62730156E-06,0.000192569409,0.9995733,0.0244601332,2.02633018E-05,-3.829592E-05,0.9997008,0.009518363,0.0489269048,0.009502631,0.02421822,1482,0.0560661033,1,5.7
HOLD_0.00_FULL,HOLD,90,151,1.51,DESCENT,None,0,1.41760063,0.006435968,0.006510008,0.979117036,0.005939916,0.001314206,1.12171388,-0.0460884124,5.361418E-05,0.00444149226,-0.000674828654,-0.0463166051,0.00133233552,-0.15471904,0.135280982,-0.179305151,0.179305136,true,8,true,true,0,0,0.00170349923,0.000914226,0.976709247,0.9762546,0.5480494,0.5474724,0.428659856,0.428782165,0.428782165,false,0.75334543,0.751834869,0,0,0,false,false,0.303777069,0.048912283,0.0155791957,thorax,true,false,0.005245857,1.46779222E-09,-9.636216E-15,-7.331967E-15,1,0,0,0,1,0.0419893451,-3.27045273E-05,0.0007781896,0.999117732,0.0419893451,-3.27045273E-05,0.0007781896,0.999117732,0.0319956765,-2.48297E-05,0.0007743429,0.999487758,0.00273782527,0.0002479839,-0.00210959953,0.99999404,0.078741096,0.006905343,0.0585268326,0.10804233,1710,0.00566423172,1,9.5,1.46778956E-09,-2.36301758E-16,-2.05572435E-16,1,0,0,0,1,0.0419893451,-3.27045273E-05,0.0007781896,0.999117732,0.0419893451,-3.27045273E-05,0.0007781896,0.999117732,0.0319956765,-2.48297E-05,0.0007743429,0.999487758,0.00216086186,-9.89024848E-05,-0.00204372266,0.999995649,0.07987774,0.005899927,0.0596802346,0.109219983,1710,0.004492389,1,9.5,-2.96887914E-09,-6.20109729E-15,1.816118E-15,1,0,0,0,1,0,0,0,1,-2.96887914E-09,-6.20109729E-15,1.816118E-15,1,-2.96887914E-09,-6.20109729E-15,1.816118E-15,1,0.001848778,2.17458419E-05,-0.000151855551,0.9999983,0.00371863972,0.00371863972,-0.00369756413,0.00354818185,2052,0.00146939559,1,6.83999968,-2.96887825E-09,-2.36928837E-15,1.75362544E-15,1,0,0,0,1,0,0,0,1,-2.96887825E-09,-2.36928837E-15,1.75362544E-15,1,-2.96887825E-09,-2.36928837E-15,1.75362544E-15,1,0.00255738432,-1.92700689E-10,2.123455E-10,0.9999968,0.005074369,0.005074369,-0.00511477934,0.004552391,2052,0.00200510281,1,6.83999968,-6.988029E-10,-1.10073509E-15,3.8636455E-16,1,0,0,0,1,0,0,0.000389438326,0.99999994,-6.98802849E-10,2.710399E-13,0.000389438326,0.99999994,-6.98802849E-10,2.710399E-13,0.000389438326,0.99999994,0.000190176172,-4.71603234E-05,0.00134591,0.9999991,0,0,-0.0003803905,0.002223201,2052,0,1,5.7,-6.988029E-10,-1.100604E-15,-7.35134336E-16,1,0,0,0,1,0,0,0.000389438326,0.99999994,-6.98802849E-10,2.71040026E-13,0.000389438326,0.99999994,-6.98802849E-10,2.71040026E-13,0.000389438326,0.99999994,5.9162212E-05,-2.61108926E-05,0.000794992,0.999999762,0,0,-0.000118346143,0.00323312264,2052,0,1,5.7,4.2001122E-10,2.060041E-15,3.64644878E-16,1,0.0301521979,0,0,0.999545336,0,0,0.000194719163,1,0.0301521979,-5.87121076E-06,0.000194630629,0.999545336,0.0301521979,-5.87121076E-06,0.000194630629,0.999545336,0.02298188,6.44806323E-06,0.00321052643,0.9997307,0.0155638848,0.0464160219,0.0143454792,0.03419872,1482,0.0585203059,1,5.7,-5.074521E-09,-3.65132663E-16,-5.4125903E-16,1,0.0292097349,0,0,0.9995733,0,0,0.000194719163,1,0.02920973,-5.687694E-06,0.000194636072,0.9995733,0.02920973,-5.687694E-06,0.000194636072,0.9995733,0.0244589336,1.96641413E-05,-3.96045434E-05,0.999700844,0.009518363,0.04892203,0.009505032,0.0245807432,1482,0.0560605153,1,5.7
HOLD_0.00_FULL,HOLD,91,152,1.52,DESCENT,None,0,1.4176023,0.00529544055,0.00541813,0.9790942,0.000820525,0.00131465,1.12170172,-0.0460941643,5.06977776E-05,0.000959939847,-0.000524639734,-0.04627157,0.00133179326,-0.15471904,0.135280982,-0.179305151,0.179305136,true,8,true,true,0,0,0.001043007,0.000397856,0.976682663,0.976214051,0.548014164,0.5474316,0.4286685,0.428782463,0.428782463,false,0.227693334,0.227228418,0,0,0,false,false,0.304192156,0.0489269048,0.0155791957,thorax,true,false,0.005237763,1.46779222E-09,-9.636216E-15,-7.331967E-15,1,0,0,0,1,0.0219999216,-1.71224183E-05,0.0007781058,0.999757648,0.0219999235,-1.712242E-05,0.0007781058,0.999757648,0.0219999235,-1.712242E-05,0.0007781058,0.999757648,0.00266074156,0.000258727232,-0.00198145839,0.999994457,0.03908143,0.00665927166,0.0386822075,0.07318912,1710,0.005525494,1,9.5,1.46778956E-09,-2.36301758E-16,-2.05572435E-16,1,0,0,0,1,0.0219999216,-1.71224183E-05,0.0007781058,0.999757648,0.0219999235,-1.712242E-05,0.0007781058,0.999757648,0.0219999235,-1.712242E-05,0.0007781058,0.999757648,0.002073755,-9.005767E-05,-0.00192197016,0.999996066,0.0402179845,0.0056099263,0.0398556478,0.07435576,1710,0.004316148,1,9.5,-2.96887914E-09,-6.20109729E-15,1.816118E-15,1,0,0,0,1,0,0,0,1,-2.96887914E-09,-6.20109729E-15,1.816118E-15,1,-2.96887914E-09,-6.20109729E-15,1.816118E-15,1,0.00190305454,2.20184611E-05,-0.0001499301,0.9999982,0.00378221087,0.00378221087,-0.00380611746,0.00582300453,2052,0.00149451534,1,6.83999968,-2.96887825E-09,-2.36928837E-15,1.75362544E-15,1,0,0,0,1,0,0,0,1,-2.96887825E-09,-2.36928837E-15,1.75362544E-15,1,-2.96887825E-09,-2.36928837E-15,1.75362544E-15,1,0.00259368774,-2.42679821E-10,9.225109E-11,0.999996662,0.00516748428,0.00516748428,-0.005187387,0.00620433548,2052,0.00204189681,1,6.83999968,-6.988029E-10,-1.10073509E-15,3.8636455E-16,1,0,0,0,1,0,0,0.000389147142,0.99999994,-6.98802849E-10,2.708364E-13,0.000389147142,0.99999994,-6.98802849E-10,2.708364E-13,0.000389147142,0.99999994,0.0001931627,-5.06056E-05,0.00133191945,0.9999991,0,0,-0.000386366242,0.002993453,2052,0,1,5.7,-6.988029E-10,-1.100604E-15,-7.35134336E-16,1,0,0,0,1,0,0,0.000389147142,0.99999994,-6.98802849E-10,2.70836549E-13,0.000389147142,0.99999994,-6.98802849E-10,2.70836549E-13,0.000389147142,0.99999994,9.043667E-05,-2.47194857E-05,0.0007857348,0.9999997,0,0,-0.000180893956,0.0043542725,2052,0,1,5.7,4.2001122E-10,2.060041E-15,3.64644878E-16,1,0.0301521979,0,0,0.999545336,0,0,0.000194573571,1,0.0301521979,-5.86682063E-06,0.00019448511,0.999545336,0.0301521979,-5.86682063E-06,0.00019448511,0.999545336,0.0229667816,1.84055853E-06,0.003191848,0.9997312,0.015548558,0.0463749059,0.0143756876,0.03456209,1482,0.05848066,1,5.7,-5.074521E-09,-3.65132663E-16,-5.4125903E-16,1,0.0292097349,0,0,0.9995733,0,0,0.000194573571,1,0.02920973,-5.68344149E-06,0.000194490538,0.9995733,0.02920973,-5.68344149E-06,0.000194490538,0.9995733,0.02446602,1.93021788E-05,-3.99861237E-05,0.9997007,0.009468134,0.0489317775,0.009490859,0.0241975188,1482,0.0560716875,1,5.7
HOLD_0.00_FULL,HOLD,92,153,1.53,DESCENT,None,0,1.417605,0.00637932867,0.00644482067,0.9791177,0.00593397766,0.00131537323,1.12171519,-0.0460989773,0.000111731519,0.00443238951,-0.0007801296,-0.0463627763,0.001353155,-0.15471904,0.135280982,-0.179305151,0.179305136,true,8,true,true,0,0,0.00169940293,0.0009125098,0.976710439,0.9762548,0.5480506,0.5474727,0.428659856,0.4287821,0.4287821,false,0.7413533,0.7398668,0,0,0,false,false,0.303782672,0.04892203,0.0155638848,thorax,true,false,0.005245378,1.46779222E-09,-9.636216E-15,-7.331967E-15,1,0,0,0,1,0.0419893451,-3.30469375E-05,0.0007863372,0.999117732,0.0419893451,-3.30469375E-05,0.0007863372,0.999117732,0.0319982171,-2.50875128E-05,0.0007822614,0.999487638,0.0027491285,0.000254200568,-0.0021101688,0.99999404,0.07871687,0.006905343,0.0585093275,0.108014219,1710,0.00566423172,1,9.5,1.46778956E-09,-2.36301758E-16,-2.05572435E-16,1,0,0,0,1,0.0419893451,-3.30469375E-05,0.0007863372,0.999117732,0.0419893451,-3.30469375E-05,0.0007863372,0.999117732,0.0319982171,-2.50875128E-05,0.0007822614,0.999487638,0.00216904539,-9.371328E-05,-0.002045247,0.9999955,0.079868786,0.005980202,0.0596689656,0.109206572,1710,0.004492389,1,9.5,-2.96887914E-09,-6.20109729E-15,1.816118E-15,1,0,0,0,1,0,0,0,1,-2.96887914E-09,-6.20109729E-15,1.816118E-15,1,-2.96887914E-09,-6.20109729E-15,1.816118E-15,1,0.00184464431,2.22995022E-05,-0.000151867818,0.999998331,0.00365396286,0.00365396286,-0.00368929654,0.00354096084,2052,0.00144383893,1,6.83999968,-2.96887825E-09,-2.36928837E-15,1.75362544E-15,1,0,0,0,1,0,0,0,1,-2.96887825E-09,-2.36928837E-15,1.75362544E-15,1,-2.96887825E-09,-2.36928837E-15,1.75362544E-15,1,0.00255692354,-2.15210308E-10,2.12127524E-10,0.9999968,0.005074369,0.005074369,-0.005113858,0.004552579,2052,0.00200510281,1,6.83999968,-6.988029E-10,-1.10073509E-15,3.8636455E-16,1,0,0,0,1,0,0,0.0003935157,0.99999994,-6.98802849E-10,2.73889174E-13,0.0003935157,0.99999994,-6.98802849E-10,2.73889174E-13,0.0003935157,0.99999994,0.0001855356,-4.644713E-05,0.00134925451,0.999999046,0,0,-0.0003711092,0.00221717684,2052,0,1,5.7,-6.988029E-10,-1.100604E-15,-7.35134336E-16,1,0,0,0,1,0,0,0.0003935157,0.99999994,-6.98802849E-10,2.738893E-13,0.0003935157,0.99999994,-6.98802849E-10,2.738893E-13,0.0003935157,0.99999994,5.40305118E-05,-2.400703E-05,0.0007983756,0.9999997,0,0,-0.000108081309,0.003232435,2052,0,1,5.7,4.2001122E-10,2.060041E-15,3.64644878E-16,1,0.0301521979,0,0,0.999545336,0,0,0.000196757843,1,0.0301521979,-5.93268123E-06,0.000196668378,0.999545336,0.0301521979,-5.93268123E-06,0.000196668378,0.999545336,0.0229922775,5.269415E-06,0.00320759835,0.999730468,0.0155332163,0.0464365631,0.0143246781,0.03416871,1482,0.0585467219,1,5.7,-5.074521E-09,-3.65132663E-16,-5.4125903E-16,1,0.0292097349,0,0,0.9995733,0,0,0.000196757843,1,0.02920973,-5.74724345E-06,0.000196673878,0.9995733,0.02920973,-5.74724345E-06,0.000196673878,0.9995733,0.0244641919,1.86235538E-05,-4.10273E-05,0.9997007,0.009493281,0.0489317775,0.009494511,0.0245666653,1482,0.0560716875,1,5.7
HOLD_0.00_FULL,HOLD,93,154,1.54,DESCENT,None,0,1.41760612,0.00523268431,0.005341812,0.979094863,0.000815629959,0.00131640129,1.12170315,-0.04610576,0.000109140325,0.000948863162,-0.000628202863,-0.0463181846,0.0013533067,-0.15471904,0.135280982,-0.179305151,0.179305136,true,8,true,true,0,0,0.00103930023,0.0003993899,0.976684,0.97621423,0.5480155,0.5474319,0.4286685,0.428782344,0.428782344,false,0.240021512,0.239531428,0,0,0,false,false,0.304196984,0.0489317775,0.015548558,thorax,true,false,0.005237283,1.46779222E-09,-9.636216E-15,-7.331967E-15,1,0,0,0,1,0.0219999216,-1.73111475E-05,0.0007866824,0.999757648,0.0219999235,-1.731115E-05,0.0007866824,0.999757648,0.0220007971,-1.73118278E-05,0.000786682,0.999757648,0.00267220451,0.000265775452,-0.00198177458,0.999994457,0.0390570164,0.00665927166,0.03866104,0.0731575042,1710,0.005525494,1,9.5,1.46778956E-09,-2.36301758E-16,-2.05572435E-16,1,0,0,0,1,0.0219999216,-1.73111475E-05,0.0007866824,0.999757648,0.0219999235,-1.731115E-05,0.0007866824,0.999757648,0.0220007971,-1.73118278E-05,0.000786682,0.999757648,0.00208184519,-8.422619E-05,-0.00192318007,0.999996,0.0402061231,0.005652266,0.03984122,0.0743389,1710,0.004255779,1,9.5,-2.96887914E-09,-6.20109729E-15,1.816118E-15,1,0,0,0,1,0,0,0,1,-2.96887914E-09,-6.20109729E-15,1.816118E-15,1,-2.96887914E-09,-6.20109729E-15,1.816118E-15,1,0.00189913239,2.26418852E-05,-0.000149959,0.9999983,0.00371863972,0.00371863972,-0.00379827269,0.00581733976,2052,0.00146939559,1,6.83999968,-2.96887825E-09,-2.36928837E-15,1.75362544E-15,1,0,0,0,1,0,0,0,1,-2.96887825E-09,-2.36928837E-15,1.75362544E-15,1,-2.96887825E-09,-2.36928837E-15,1.75362544E-15,1,0.00259342,-2.43361276E-10,1.67948072E-10,0.999996662,0.00516748428,0.00516748428,-0.0051868516,0.0062062447,2052,0.00204189681,1,6.83999968,-6.988029E-10,-1.10073509E-15,3.8636455E-16,1,0,0,0,1,0,0,0.000393436465,0.99999994,-6.98802849E-10,2.738338E-13,0.000393436465,0.99999994,-6.98802849E-10,2.738338E-13,0.000393436465,0.99999994,0.0001891738,-4.98589834E-05,0.00133542565,0.999999166,0,0,-0.000378388242,0.00298845,2052,0,1,5.7,-6.988029E-10,-1.100604E-15,-7.35134336E-16,1,0,0,0,1,0,0,0.000393436465,0.99999994,-6.98802849E-10,2.73833934E-13,0.000393436465,0.99999994,-6.98802849E-10,2.73833934E-13,0.000393436465,0.99999994,8.626707E-05,-2.22995022E-05,0.000789227139,0.999999762,0,0,-0.00017255306,0.004355027,2052,0,1,5.7,4.2001122E-10,2.060041E-15,3.64644878E-16,1,0.0301521979,0,0,0.999545336,0,0,0.000196718232,1,0.0301521979,-5.931487E-06,0.0001966288,0.999545336,0.0301521979,-5.931487E-06,0.0001966288,0.999545336,0.0229761563,3.7080332E-07,0.00318922964,0.999730945,0.0155332163,0.04639547,0.0143569326,0.03454167,1482,0.0585070923,1,5.7,-5.074521E-09,-3.65132663E-16,-5.4125903E-16,1,0.0292097349,0,0,0.9995733,0,0,0.000196718232,1,0.02920973,-5.746086E-06,0.0001966343,0.9995733,0.02920973,-5.746086E-06,0.0001966343,0.9995733,0.0244706515,1.818552E-05,-4.114342E-05,0.999700546,0.009493281,0.0489463955,0.009481587,0.0241875723,1482,0.0560884364,1,5.7
HOLD_0.00_FULL,HOLD,94,155,1.55,DESCENT,None,0,1.41760826,0.00631154329,0.006375181,0.979118347,0.00592838973,0.001317711,1.12171638,-0.04611159,0.000170140745,0.0044189184,-0.000882729364,-0.0464100838,0.00137524377,-0.15471904,0.135280982,-0.179305151,0.179305136,true,8,true,true,0,0,0.0016953653,0.000909947441,0.9767118,0.97625494,0.548052,0.547472835,0.4286598,0.4287821,0.4287821,false,0.729187667,0.727725565,0,0,0,false,false,0.303787947,0.0489317775,0.0155332163,thorax,true,false,0.005244898,1.46779222E-09,-9.636216E-15,-7.331967E-15,1,0,0,0,1,0.0419893451,-3.3424818E-05,0.00079532864,0.999117732,0.0419893451,-3.3424818E-05,0.00079532864,0.999117732,0.0319971666,-2.53699891E-05,0.000791045139,0.9994877,0.00276072882,0.000262144924,-0.00211016112,0.9999939,0.07869869,0.006974055,0.0584840365,0.107973553,1710,0.005754865,1,9.5,1.46778956E-09,-2.36301758E-16,-2.05572435E-16,1,0,0,0,1,0.0419893451,-3.3424818E-05,0.00079532864,0.999117732,0.0419893451,-3.3424818E-05,0.00079532864,0.999117732,0.0319971666,-2.53699891E-05,0.000791045139,0.9994877,0.002176917,-8.723431E-05,-0.00204626261,0.9999956,0.07985086,0.0059402,0.05965112,0.109183043,1710,0.00454961974,1,9.5,-2.96887914E-09,-6.20109729E-15,1.816118E-15,1,0,0,0,1,0,0,0,1,-2.96887914E-09,-6.20109729E-15,1.816118E-15,1,-2.96887914E-09,-6.20109729E-15,1.816118E-15,1,0.00184098165,2.29982088E-05,-0.000151930479,0.999998331,0.00365396286,0.00365396286,-0.00368197123,0.0035364998,2052,0.00144383893,1,6.83999968,-2.96887825E-09,-2.36928837E-15,1.75362544E-15,1,0,0,0,1,0,0,0,1,-2.96887825E-09,-2.36928837E-15,1.75362544E-15,1,-2.96887825E-09,-2.36928837E-15,1.75362544E-15,1,0.00255691982,-1.94226329E-10,2.18386226E-10,0.9999968,0.005074369,0.005074369,-0.00511385035,0.004556356,2052,0.00200510281,1,6.83999968,-6.988029E-10,-1.10073509E-15,3.8636455E-16,1,0,0,0,1,0,0,0.0003980154,0.99999994,-6.98802849E-10,2.77033577E-13,0.0003980154,0.99999994,-6.98802849E-10,2.77033577E-13,0.0003980154,0.99999994,0.000182143573,-4.56672642E-05,0.00135284255,0.9999991,0,0,-0.0003643249,0.00221424247,2052,0,1,5.7,-6.988029E-10,-1.100604E-15,-7.35134336E-16,1,0,0,0,1,0,0,0.0003980154,0.99999994,-6.98802849E-10,2.770337E-13,0.0003980154,0.99999994,-6.98802849E-10,2.770337E-13,0.0003980154,0.99999994,5.08040976E-05,-2.12629275E-05,0.000801902032,0.999999762,0,0,-0.000101626509,0.00323624373,2052,0,1,5.7,4.2001122E-10,2.060041E-15,3.64644878E-16,1,0.0301521979,0,0,0.999545336,0,0,0.0001990077,1,0.0301521979,-6.00051953E-06,0.000198917216,0.999545336,0.0301521979,-6.00051953E-06,0.000198917216,0.999545336,0.0230005439,3.50349342E-06,0.00320521556,0.999730349,0.0155024882,0.0464468375,0.0143081453,0.03415585,1482,0.0585731231,1,5.7,-5.074521E-09,-3.65132663E-16,-5.4125903E-16,1,0.0292097349,0,0,0.9995733,0,0,0.0001990077,1,0.02920973,-5.81296126E-06,0.000198922775,0.9995733,0.02920973,-5.81296126E-06,0.000198922775,0.9995733,0.0244681984,1.74314646E-05,-4.19540047E-05,0.999700665,0.009468134,0.04893665,0.009486498,0.0245608669,1482,0.05607727,1,5.7
HOLD_0.00_FULL,HOLD,95,156,1.56,DESCENT,None,0,1.41760862,0.005164504,0.00526780635,0.97909534,0.000808686,0.00131932332,1.12170434,-0.0461194,0.000167304577,0.0009356272,-0.0007303056,-0.04636635,0.00137589674,-0.15471904,0.135280982,-0.179305151,0.179305136,true,8,true,true,0,0,0.0010347768,0.0004013499,0.9766853,0.9762142,0.5480168,0.5474319,0.4286685,0.428782284,0.428782284,false,0.252235264,0.25172025,0,0,0,false,false,0.3042011,0.0489463955,0.0155332163,thorax,true,false,0.00523692276,1.46779222E-09,-9.636216E-15,-7.331967E-15,1,0,0,0,1,0.0219999216,-1.7517772E-05,0.000796072243,0.999757648,0.0219999235,-1.75177738E-05,0.000796072243,0.999757648,0.0219999235,-1.75177738E-05,0.000796072243,0.999757648,0.00268389517,0.0002745716,-0.001981514,0.999994457,0.03903259,0.00665927166,0.0386359319,0.0731194,1710,0.005525494,1,9.5,1.46778956E-09,-2.36301758E-16,-2.05572435E-16,1,0,0,0,1,0.0219999216,-1.7517772E-05,0.000796072243,0.999757648,0.0219999235,-1.75177738E-05,0.000796072243,0.999757648,0.0219999235,-1.75177738E-05,0.000796072243,0.999757648,0.00208947482,-7.71630657E-05,-0.00192406378,0.999996,0.0401883274,0.005652266,0.03982422,0.07431896,1710,0.00437568361,1,9.5,-2.96887914E-09,-6.20109729E-15,1.816118E-15,1,0,0,0,1,0,0,0,1,-2.96887914E-09,-6.20109729E-15,1.816118E-15,1,-2.96887914E-09,-6.20109729E-15,1.816118E-15,1,0.001895767,2.34117852E-05,-0.000150050982,0.9999982,0.00378221087,0.00378221087,-0.00379154249,0.00581483543,2052,0.00149451534,1,6.83999968,-2.96887825E-09,-2.36928837E-15,1.75362544E-15,1,0,0,0,1,0,0,0,1,-2.96887825E-09,-2.36928837E-15,1.75362544E-15,1,-2.96887825E-09,-2.36928837E-15,1.75362544E-15,1,0.00259369519,-2.25640048E-10,-7.90950361E-11,0.9999967,0.00512113841,0.00512113841,-0.005187402,0.00621130969,2052,0.00202358374,1,6.83999968,-6.988029E-10,-1.10073509E-15,3.8636455E-16,1,0,0,0,1,0,0,0.0003981325,0.99999994,-6.98802849E-10,2.77115435E-13,0.0003981325,0.99999994,-6.98802849E-10,2.77115435E-13,0.0003981325,0.99999994,0.000186326128,-4.90463972E-05,0.00133908831,0.9999991,0,0,-0.000372692739,0.002987506,2052,0,1,5.7,-6.988029E-10,-1.100604E-15,-7.35134336E-16,1,0,0,0,1,0,0,0.0003981325,0.99999994,-6.98802849E-10,2.77115543E-13,0.0003981325,0.99999994,-6.98802849E-10,2.77115543E-13,0.0003981325,0.99999994,8.3903964E-05,-1.9234878E-05,0.000792776234,0.9999997,0,0,-0.000167824634,0.00436273264,2052,0,1,5.7,4.2001122E-10,2.060041E-15,3.64644878E-16,1,0.0301521979,0,0,0.999545336,0,0,0.000199066257,1,0.0301521979,-6.00228532E-06,0.000198975744,0.999545336,0.0301521979,-6.00228532E-06,0.000198975744,0.999545336,0.02298319,-1.67807752E-06,0.0031871174,0.999730766,0.0155332163,0.0464108847,0.0143428613,0.0345353149,1482,0.0585269071,1,5.7,-5.074521E-09,-3.65132663E-16,-5.4125903E-16,1,0.0292097349,0,0,0.9995733,0,0,0.000199066257,1,0.02920973,-5.81467157E-06,0.000198981317,0.9995733,0.02920973,-5.81467157E-06,0.000198981317,0.9995733,0.0244739838,1.69313953E-05,-4.18182826E-05,0.999700546,0.009442919,0.0489463955,0.009474925,0.02418612,1482,0.0560996,1,5.7
HOLD_0.00_FULL,HOLD,96,157,1.57,DESCENT,None,0,1.41761,0.00624578446,0.006313981,0.9791188,0.005923599,0.00132121227,1.12171733,-0.0461262465,0.000227638491,0.00440755766,-0.0009849843,-0.0464593172,0.00139818783,-0.15471904,0.135280982,-0.179305151,0.179305136,true,8,true,true,0,0,0.00169148168,0.0009065397,0.9767133,0.9762547,0.548053265,0.5474728,0.428660035,0.428781927,0.428781927,false,0.7169366,0.7154991,0,0,0,false,false,0.303792447,0.04893665,0.0155024882,thorax,true,false,0.005244658,1.46779222E-09,-9.636216E-15,-7.331967E-15,1,0,0,0,1,0.0419893451,-3.38336E-05,0.000805055432,0.999117732,0.0419893451,-3.38336E-05,0.000805055432,0.999117732,0.03199673,-2.56773747E-05,0.0008006041,0.9994877,0.00277250772,0.000271760538,-0.002109671,0.9999939,0.07867445,0.006974055,0.05845963,0.107935,1710,0.005754865,1,9.5,1.46778956E-09,-2.36301758E-16,-2.05572435E-16,1,0,0,0,1,0.0419893451,-3.38336E-05,0.000805055432,0.999117732,0.0419893451,-3.38336E-05,0.000805055432,0.999117732,0.03199673,-2.56773747E-05,0.0008006041,0.9994877,0.0021843526,-7.95608648E-05,-0.002046963,0.9999955,0.07983891,0.005980202,0.05963539,0.109163642,1710,0.004492389,1,9.5,-2.96887914E-09,-6.20109729E-15,1.816118E-15,1,0,0,0,1,0,0,0,1,-2.96887914E-09,-6.20109729E-15,1.816118E-15,1,-2.96887914E-09,-6.20109729E-15,1.816118E-15,1,0.00183790631,2.38356261E-05,-0.0001520516,0.999998331,0.00365396286,0.00365396286,-0.00367582054,0.0035348197,2052,0.00144383893,1,6.83999968,-2.96887825E-09,-2.36928837E-15,1.75362544E-15,1,0,0,0,1,0,0,0,1,-2.96887825E-09,-2.36928837E-15,1.75362544E-15,1,-2.96887825E-09,-2.36928837E-15,1.75362544E-15,1,0.00255747745,-2.18714574E-10,2.3008366E-10,0.9999967,0.00512113841,0.00512113841,-0.00511496654,0.004562456,2052,0.00202358374,1,6.83999968,-6.988029E-10,-1.10073509E-15,3.8636455E-16,1,0,0,0,1,0,0,0.000402883074,0.99999994,-6.98802849E-10,2.80435126E-13,0.000402883074,0.99999994,-6.98802849E-10,2.80435126E-13,0.000402883074,0.99999994,0.000179800569,-4.48225364E-05,0.00135657541,0.999999046,0,0,-0.0003596387,0.00221490674,2052,0,1,5.7,-6.988029E-10,-1.100604E-15,-7.35134336E-16,1,0,0,0,1,0,0,0.000402883074,0.99999994,-6.98802849E-10,2.80435262E-13,0.000402883074,0.99999994,-6.98802849E-10,2.80435262E-13,0.000402883074,0.99999994,4.92462859E-05,-1.78742775E-05,0.0008054126,0.9999997,0,0,-9.850837E-05,0.00324569014,2052,0,1,5.7,4.2001122E-10,2.060041E-15,3.64644878E-16,1,0.0301521979,0,0,0.999545336,0,0,0.000201441537,1,0.0301521979,-6.0739053E-06,0.000201349947,0.999545336,0.0301521979,-6.0739053E-06,0.000201349947,0.999545336,0.02300637,1.171356E-06,0.003203356,0.99973017,0.0155024882,0.04646223,0.014296486,0.0341545977,1482,0.05859292,1,5.7,-5.074521E-09,-3.65132663E-16,-5.4125903E-16,1,0.0292097349,0,0,0.9995733,0,0,0.000201441537,1,0.02920973,-5.884053E-06,0.000201355579,0.9995733,0.02920973,-5.884053E-06,0.000201355579,0.9995733,0.0244708713,1.61151E-05,-4.23941055E-05,0.9997006,0.009468134,0.0489415228,0.009481151,0.0245627146,1482,0.0560828559,1,5.7
HOLD_0.00_FULL,HOLD,97,158,1.58,DESCENT,None,0,1.41760981,0.00510092825,0.005205924,0.9790959,0.000804998,0.00132339424,1.121705,-0.0461350828,0.000223802548,0.0009240561,-0.0008333175,-0.0464168675,0.00139907224,-0.15471904,0.135280982,-0.179305151,0.179305136,true,8,true,true,0,0,0.00103071879,0.0004037547,0.9766868,0.976214051,0.548018336,0.5474318,0.428668439,0.428782225,0.428782225,false,0.264821231,0.264285326,0,0,0,false,false,0.30420506,0.0489463955,0.0155332163,thorax,true,false,0.00523668248,1.46779222E-09,-9.636216E-15,-7.331967E-15,1,0,0,0,1,0.0219999216,-1.77387974E-05,0.000806116441,0.999757648,0.0219999235,-1.77388E-05,0.000806116441,0.999757648,0.0219999235,-1.77388E-05,0.000806116441,0.999757648,0.0026958005,0.000285036251,-0.0019807166,0.999994338,0.03902037,0.006730496,0.03861214,0.07308311,1710,0.00561836641,1,9.5,1.46778956E-09,-2.36301758E-16,-2.05572435E-16,1,0,0,0,1,0.0219999216,-1.77387974E-05,0.000806116441,0.999757648,0.0219999235,-1.77388E-05,0.000806116441,0.999757648,0.0219999235,-1.77388E-05,0.000806116441,0.999757648,0.00209676242,-6.887498E-05,-0.00192451186,0.999996,0.0401764661,0.005652266,0.03980966,0.0743024051,1710,0.00437568361,1,9.5,-2.96887914E-09,-6.20109729E-15,1.816118E-15,1,0,0,0,1,0,0,0,1,-2.96887914E-09,-6.20109729E-15,1.816118E-15,1,-2.96887914E-09,-6.20109729E-15,1.816118E-15,1,0.00189296738,2.43204413E-05,-0.0001502039,0.9999983,0.00371863972,0.00371863972,-0.00378594315,0.00581356138,2052,0.00146939559,1,6.83999968,-2.96887825E-09,-2.36928837E-15,1.75362544E-15,1,0,0,0,1,0,0,0,1,-2.96887825E-09,-2.36928837E-15,1.75362544E-15,1,-2.96887825E-09,-2.36928837E-15,1.75362544E-15,1,0.00259451685,-2.19483848E-10,3.23679139E-11,0.9999967,0.00512113841,0.00512113841,-0.00518904533,0.00621815724,2052,0.00202358374,1,6.83999968,-6.988029E-10,-1.10073509E-15,3.8636455E-16,1,0,0,0,1,0,0,0.000403155864,0.99999994,-6.98802849E-10,2.80625756E-13,0.000403155864,0.99999994,-6.98802849E-10,2.80625756E-13,0.000403155864,0.99999994,0.000184441044,-4.8166683E-05,0.001342842,0.999999166,0,0,-0.000368922367,0.00298923021,2052,0,1,5.7,-6.988029E-10,-1.100604E-15,-7.35134336E-16,1,0,0,0,1,0,0,0.000403155864,0.99999994,-6.98802849E-10,2.806259E-13,0.000403155864,0.99999994,-6.98802849E-10,2.806259E-13,0.000403155864,0.99999994,8.3096E-05,-1.552178E-05,0.0007962734,0.999999762,0,0,-0.000166205878,0.004374815,2052,0,1,5.7,4.2001122E-10,2.060041E-15,3.64644878E-16,1,0.0301521979,0,0,0.999545336,0,0,0.000201577932,1,0.0301521979,-6.07801758E-06,0.000201486284,0.999545336,0.0301521979,-6.07801758E-06,0.000201486284,0.999545336,0.0229878817,-4.29324336E-06,0.00318550668,0.999730647,0.01551786,0.0464211628,0.0143334735,0.0345398858,1482,0.05854012,1,5.7,-5.074521E-09,-3.65132663E-16,-5.4125903E-16,1,0.0292097349,0,0,0.9995733,0,0,0.000201577932,1,0.02920973,-5.888037E-06,0.000201491916,0.9995733,0.02920973,-5.888037E-06,0.000201491916,0.9995733,0.024476083,1.55555917E-05,-4.203066E-05,0.9997004,0.009468134,0.0489561372,0.009470721,0.0241898932,1482,0.0560996,1,5.7
HOLD_0.00_FULL,HOLD,98,159,1.59,DESCENT,None,0,1.41761065,0.00618581474,0.006264661,0.9791193,0.00591932237,0.00132583722,1.12171817,-0.04614297,0.0002829512,0.004396726,-0.0010893963,-0.04651135,0.00142151676,-0.15471904,0.135280982,-0.179305151,0.179305136,true,8,true,true,0,0,0.00168704242,0.000904213462,0.97671473,0.9762545,0.548054934,0.5474727,0.4286598,0.4287818,0.4287818,false,0.704022169,0.7025975,0,0,0,false,false,0.303795457,0.0489415228,0.0155024882,thorax,true,false,0.005244537,1.46779222E-09,-9.636216E-15,-7.331967E-15,1,0,0,0,1,0.04198934,-3.4265875E-05,0.000815341249,0.9991177,0.04198934,-3.4265875E-05,0.000815341249,0.9991177,0.0319982171,-2.60052784E-05,0.0008107704,0.999487638,0.00278456556,0.000283028348,-0.00210860348,0.999993861,0.07865625,0.007008158,0.058438506,0.107901111,1710,0.00579965068,1,9.5,1.46778956E-09,-2.36301758E-16,-2.05572435E-16,1,0,0,0,1,0.04198934,-3.4265875E-05,0.000815341249,0.9991177,0.04198934,-3.4265875E-05,0.000815341249,0.9991177,0.0319982171,-2.60052784E-05,0.0008107704,0.999487638,0.002191559,-7.071679E-05,-0.00204719137,0.9999956,0.07982398,0.0059402,0.05962396,0.109150365,1710,0.00454961974,1,9.5,-2.96887914E-09,-6.20109729E-15,1.816118E-15,1,0,0,0,1,0,0,0,1,-2.96887914E-09,-6.20109729E-15,1.816118E-15,1,-2.96887914E-09,-6.20109729E-15,1.816118E-15,1,0.00183535961,2.48118777E-05,-0.000152229666,0.9999984,0.00358812045,0.00358812045,-0.00367072714,0.003534238,2052,0.00141782174,1,6.83999968,-2.96887825E-09,-2.36928837E-15,1.75362544E-15,1,0,0,0,1,0,0,0,1,-2.96887825E-09,-2.36928837E-15,1.75362544E-15,1,-2.96887825E-09,-2.36928837E-15,1.75362544E-15,1,0.00255852961,-2.31834191E-10,2.7081945E-10,0.9999968,0.005074369,0.005074369,-0.00511707,0.004569718,2052,0.00200510281,1,6.83999968,-6.988029E-10,-1.10073509E-15,3.8636455E-16,1,0,0,0,1,0,0,0.000408030552,0.99999994,-6.98802849E-10,2.840322E-13,0.000408030552,0.99999994,-6.98802849E-10,2.840322E-13,0.000408030552,0.99999994,0.000178310191,-4.39073119E-05,0.00136033574,0.999999046,0,0,-0.000356657663,0.00221783342,2052,0,1,5.7,-6.988029E-10,-1.100604E-15,-7.35134336E-16,1,0,0,0,1,0,0,0.000408030552,0.99999994,-6.98802849E-10,2.84032319E-13,0.000408030552,0.99999994,-6.98802849E-10,2.84032319E-13,0.000408030552,0.99999994,4.909645E-05,-1.38440937E-05,0.0008089358,0.999999642,0,0,-9.82055863E-05,0.003259372,2052,0,1,5.7,4.2001122E-10,2.060041E-15,3.64644878E-16,1,0.0301521979,0,0,0.999545336,0,0,0.000204015276,1,0.0301521979,-6.151509E-06,0.000203922522,0.999545336,0.0301521979,-6.151509E-06,0.000203922522,0.999545336,0.0230099615,-1.71654688E-06,0.00320203346,0.9997301,0.0154871009,0.0464673638,0.0142893028,0.03416192,1482,0.058599513,1,5.7,-5.074521E-09,-3.65132663E-16,-5.4125903E-16,1,0.0292097349,0,0,0.9995733,0,0,0.000204015276,1,0.02920973,-5.959231E-06,0.000203928226,0.9995733,0.02920973,-5.959231E-06,0.000203928226,0.9995733,0.0244724173,1.46864732E-05,-4.23668753E-05,0.9997005,0.009493281,0.0489512645,0.009478053,0.024568826,1482,0.0560940169,1,5.7
HOLD_0.00_FULL,HOLD,99,160,1.6,DESCENT,None,0,1.41760993,0.00505033135,0.005163922,0.979096234,0.0008027628,0.00132856017,1.12170577,-0.04615285,0.000277674262,0.0009183512,-0.0009391171,-0.0464704074,0.00142245472,-0.15471904,0.135280982,-0.179305151,0.179305136,true,8,true,true,0,0,0.001025722,0.000406050647,0.976688147,0.9762137,0.5480199,0.547431469,0.428668261,0.428782225,0.428782225,false,0.278302729,0.277739555,0,0,0,false,false,0.304208934,0.0489561372,0.01551786,thorax,true,false,0.005236562,1.46779222E-09,-9.636216E-15,-7.331967E-15,1,0,0,0,1,0.0219999216,-1.79695726E-05,0.000816603657,0.9997576,0.0219999235,-1.79695744E-05,0.000816603657,0.9997576,0.0219999254,-1.79695762E-05,0.0008166038,0.9997577,0.00270794425,0.00029707214,-0.001979433,0.9999944,0.03899592,0.00669497857,0.0385878831,0.0730451,1710,0.00566423172,1,9.5,1.46778956E-09,-2.36301758E-16,-2.05572435E-16,1,0,0,0,1,0.0219999216,-1.79695726E-05,0.000816603657,0.9997576,0.0219999235,-1.79695744E-05,0.000816603657,0.9997576,0.0219999254,-1.79695762E-05,0.0008166038,0.9997577,0.00210382324,-5.95114725E-05,-0.00192460814,0.999995947,0.0401764661,0.005694291,0.03979555,0.07428621,1710,0.004316148,1,9.5,-2.96887914E-09,-6.20109729E-15,1.816118E-15,1,0,0,0,1,0,0,0,1,-2.96887914E-09,-6.20109729E-15,1.816118E-15,1,-2.96887914E-09,-6.20109729E-15,1.816118E-15,1,0.00189071416,2.53623566E-05,-0.000150410007,0.9999983,0.00371863972,0.00371863972,-0.00378143671,0.00581479724,2052,0.00146939559,1,6.83999968,-2.96887825E-09,-2.36928837E-15,1.75362544E-15,1,0,0,0,1,0,0,0,1,-2.96887825E-09,-2.36928837E-15,1.75362544E-15,1,-2.96887825E-09,-2.36928837E-15,1.75362544E-15,1,0.00259584,-2.02239919E-10,9.291288E-13,0.999996662,0.00516748428,0.00516748428,-0.00519169169,0.006226798,2052,0.00204189681,1,6.83999968,-6.988029E-10,-1.10073509E-15,3.8636455E-16,1,0,0,0,1,0,0,0.000408400752,0.99999994,-6.98802849E-10,2.842909E-13,0.000408400752,0.99999994,-6.98802849E-10,2.842909E-13,0.000408400752,0.99999994,0.000183295619,-4.72153624E-05,0.00134661037,0.999999046,0,0,-0.000366631255,0.00299371243,2052,0,1,5.7,-6.988029E-10,-1.100604E-15,-7.35134336E-16,1,0,0,0,1,0,0,0.000408400752,0.99999994,-6.98802849E-10,2.84291037E-13,0.000408400752,0.99999994,-6.98802849E-10,2.84291037E-13,0.000408400752,0.99999994,8.354917E-05,-1.11760128E-05,0.00079973595,0.999999762,0,0,-0.000167108839,0.00439196359,2052,0,1,5.7,4.2001122E-10,2.060041E-15,3.64644878E-16,1,0.0301521979,0,0,0.999545336,0,0,0.000204200376,1,0.0301521979,-6.15709E-06,0.000204107535,0.999545336,0.0301521979,-6.15709E-06,0.000204107535,0.999545336,0.02299036,-7.45594E-06,0.003184468,0.9997306,0.01551786,0.0464262925,0.0143285124,0.03455035,1482,0.0585467219,1,5.7,-5.074521E-09,-3.65132663E-16,-5.4125903E-16,1,0.0292097349,0,0,0.9995733,0,0,0.000204200376,1,0.02920973,-5.96463769E-06,0.000204113239,0.9995733,0.02920973,-5.96463769E-06,0.000204113239,0.9995733,0.0244770572,1.40672237E-05,-4.177359E-05,0.9997004,0.009468134,0.0489561372,0.009468773,0.0241983552,1482,0.0560996,1,5.7
HOLD_0.00_FULL,HOLD,100,161,1.61,DESCENT,None,0,1.41761029,0.006139122,0.00623406237,0.979119837,0.005922407,0.00133152853,1.12171865,-0.0461618155,0.000335028046,0.004392278,-0.00119709177,-0.04656661,0.00144481775,-0.15471904,0.135280982,-0.179305151,0.179305136,true,8,true,true,0,0,0.00168311619,0.000901215244,0.9767164,0.9762542,0.5480566,0.5474724,0.4286598,0.4287818,0.4287818,false,0.6905064,0.689121842,0,0,0,false,false,0.303798139,0.0489512645,0.0154871009,thorax,true,false,0.00524441665,1.46779222E-09,-9.636216E-15,-7.331967E-15,1,0,0,0,1,0.04198934,-3.47130153E-05,0.0008259808,0.9991177,0.04198934,-3.47130153E-05,0.0008259808,0.9991177,0.0319997072,-2.6345524E-05,0.000821335,0.9994876,0.00279696216,0.000295801467,-0.00210695853,0.999993861,0.07863199,0.007008158,0.0584167279,0.107863374,1710,0.00579965068,1,9.5,1.46778956E-09,-2.36301758E-16,-2.05572435E-16,1,0,0,0,1,0.04198934,-3.47130153E-05,0.0008259808,0.9991177,0.04198934,-3.47130153E-05,0.0008259808,0.9991177,0.0319997072,-2.6345524E-05,0.000821335,0.9994876,0.00219862326,-6.08308146E-05,-0.00204697181,0.99999547,0.0798150152,0.006019938,0.059612833,0.109135412,1710,0.00454961974,1,9.5,-2.96887914E-09,-6.20109729E-15,1.816118E-15,1,0,0,0,1,0,0,0,1,-2.96887914E-09,-6.20109729E-15,1.816118E-15,1,-2.96887914E-09,-6.20109729E-15,1.816118E-15,1,0.001833318,2.59153985E-05,-0.000152458728,0.999998331,0.00365396286,0.00365396286,-0.00366664422,0.003533874,2052,0.00144383893,1,6.83999968,-2.96887825E-09,-2.36928837E-15,1.75362544E-15,1,0,0,0,1,0,0,0,1,-2.96887825E-09,-2.36928837E-15,1.75362544E-15,1,-2.96887825E-09,-2.36928837E-15,1.75362544E-15,1,0.00256007235,-2.42593085E-10,1.55362334E-10,0.9999968,0.005074369,0.005074369,-0.0051201554,0.00457836362,2052,0.00200510281,1,6.83999968,-6.988029E-10,-1.10073509E-15,3.8636455E-16,1,0,0,0,1,0,0,0.000413355,0.99999994,-6.98802849E-10,2.87752949E-13,0.000413355,0.99999994,-6.98802849E-10,2.87752949E-13,0.000413355,0.99999994,0.000177498529,-4.29173E-05,0.00136408932,0.9999991,0,0,-0.000355033932,0.00222212868,2052,0,1,5.7,-6.988029E-10,-1.100604E-15,-7.35134336E-16,1,0,0,0,1,0,0,0.000413355,0.99999994,-6.98802849E-10,2.87753084E-13,0.000413355,0.99999994,-6.98802849E-10,2.87753084E-13,0.000413355,0.99999994,5.011137E-05,-9.189083E-06,0.000812329468,0.999999642,0,0,-0.000100231722,0.00327501865,2052,0,1,5.7,4.2001122E-10,2.060041E-15,3.64644878E-16,1,0.0301521979,0,0,0.999545336,0,0,0.0002066775,1,0.0301521979,-6.231781E-06,0.000206583543,0.999545336,0.0301521979,-6.231781E-06,0.000206583543,0.999545336,0.0230115671,-5.14901058E-06,0.00320123858,0.9997301,0.0154716987,0.0464673638,0.0142860906,0.0341754146,1482,0.058599513,1,5.7,-5.074521E-09,-3.65132663E-16,-5.4125903E-16,1,0.0292097349,0,0,0.9995733,0,0,0.0002066775,1,0.02920973,-6.036994E-06,0.00020658932,0.9995733,0.02920973,-6.036994E-06,0.00020658932,0.9995733,0.02447298,1.3141108E-05,-4.1890893E-05,0.999700546,0.009468134,0.0489463955,0.009476931,0.02457738,1482,0.0560884364,1,5.7
HOLD_0.00_FULL,HOLD,101,162,1.62,DESCENT,None,0,1.4176091,0.00500398874,0.00513250474,0.97909683,0.00080037117,0.001334755,1.12170637,-0.046172794,0.000327817746,0.0009100509,-0.00104897306,-0.0465275,0.00144560542,-0.15471904,0.135280982,-0.179305151,0.179305136,true,8,true,true,0,0,0.00102187786,0.000408202934,0.976689935,0.976213455,0.548021734,0.54743135,0.4286682,0.4287821,0.4287821,false,0.292535871,0.291938543,0,0,0,false,false,0.3042125,0.0489561372,0.01551786,thorax,true,false,0.00523656141,1.46779222E-09,-9.636216E-15,-7.331967E-15,1,0,0,0,1,0.0219999216,-1.82063741E-05,0.0008273648,0.9997576,0.0219999235,-1.82063759E-05,0.0008273648,0.9997576,0.0219999254,-1.82063777E-05,0.0008273649,0.9997577,0.0027206298,0.000310586882,-0.00197742251,0.999994338,0.0389714576,0.006730496,0.03856254,0.0730017647,1710,0.00561836641,1,9.5,1.46778956E-09,-2.36301758E-16,-2.05572435E-16,1,0,0,0,1,0.0219999216,-1.82063741E-05,0.0008273648,0.9997576,0.0219999235,-1.82063759E-05,0.0008273648,0.9997576,0.0219999254,-1.82063777E-05,0.0008273649,0.9997577,0.00211098115,-4.91159262E-05,-0.00192397821,0.999996,0.04015865,0.005652266,0.03978125,0.07426577,1710,0.00437568361,1,9.5,-2.96887914E-09,-6.20109729E-15,1.816118E-15,1,0,0,0,1,0,0,0,1,-2.96887914E-09,-6.20109729E-15,1.816118E-15,1,-2.96887914E-09,-6.20109729E-15,1.816118E-15,1,0.00188886281,2.65286581E-05,-0.000150654552,0.9999982,0.00378221087,0.00378221087,-0.003777734,0.005815011,2052,0.00149451534,1,6.83999968,-2.96887825E-09,-2.36928837E-15,1.75362544E-15,1,0,0,0,1,0,0,0,1,-2.96887825E-09,-2.36928837E-15,1.75362544E-15,1,-2.96887825E-09,-2.36928837E-15,1.75362544E-15,1,0.00259756553,-2.11478682E-10,1.47926574E-10,0.999996662,0.00516748428,0.00516748428,-0.0051951427,0.00623584632,2052,0.00204189681,1,6.83999968,-6.988029E-10,-1.10073509E-15,3.8636455E-16,1,0,0,0,1,0,0,0.0004137826,0.99999994,-6.98802849E-10,2.88051755E-13,0.0004137826,0.99999994,-6.98802849E-10,2.88051755E-13,0.0004137826,0.99999994,0.000182766467,-4.618528E-05,0.00135034218,0.999999046,0,0,-0.000365572632,0.00299857417,2052,0,1,5.7,-6.988029E-10,-1.100604E-15,-7.35134336E-16,1,0,0,0,1,0,0,0.0004137826,0.99999994,-6.98802849E-10,2.880519E-13,0.0004137826,0.99999994,-6.98802849E-10,2.880519E-13,0.0004137826,0.99999994,8.505393E-05,-6.21818253E-06,0.00080308714,0.9999997,0,0,-0.000170114377,0.00440975139,2052,0,1,5.7,4.2001122E-10,2.060041E-15,3.64644878E-16,1,0.0301521979,0,0,0.999545336,0,0,0.0002068913,1,0.0301521979,-6.23822734E-06,0.000206797238,0.999545336,0.0301521979,-6.23822734E-06,0.000206797238,0.999545336,0.0229912065,-1.1141603E-05,0.0031839076,0.9997306,0.0155024882,0.0464262925,0.0143268211,0.034565635,1482,0.0585467219,1,5.7,-5.074521E-09,-3.65132663E-16,-5.4125903E-16,1,0.0292097349,0,0,0.9995733,0,0,0.0002068913,1,0.02920973,-6.043239E-06,0.000206803015,0.9995733,0.02920973,-6.043239E-06,0.000206803015,0.9995733,0.02447726,1.24767139E-05,-4.108739E-05,0.999700367,0.009493281,0.0489610061,0.009468364,0.024207402,1482,0.05610518,1,5.7
HOLD_0.00_FULL,HOLD,102,163,1.6300000000000001,DESCENT,None,0,1.4176091,0.006098807,0.006214496,0.9791203,0.00591751933,0.001338205,1.12171936,-0.04618287,0.0003830981,0.00438516727,-0.0013089783,-0.0466255,0.001467749,-0.15471904,0.135280982,-0.179305151,0.179305136,true,8,true,true,0,0,0.00167898333,0.0008975335,0.976718068,0.976254,0.5480584,0.5474721,0.428659678,0.428781867,0.428781867,false,0.6759857,0.6746303,0,0,0,false,false,0.303801447,0.0489463955,0.0154716987,thorax,true,false,0.00524441572,1.46779222E-09,-9.636216E-15,-7.331967E-15,1,0,0,0,1,0.04198934,-3.516729E-05,0.00083679,0.9991177,0.04198934,-3.516729E-05,0.00083679,0.9991177,0.0319997072,-2.66911175E-05,0.0008321207,0.9994876,0.002809925,0.000310011063,-0.00210473873,0.999993861,0.07860469,0.007008158,0.058390826,0.107817017,1710,0.00579965068,1,9.5,1.46778956E-09,-2.36301758E-16,-2.05572435E-16,1,0,0,0,1,0.04198934,-3.516729E-05,0.00083679,0.9991177,0.04198934,-3.516729E-05,0.00083679,0.9991177,0.0319997072,-2.66911175E-05,0.0008321207,0.9994876,0.00220583682,-4.998654E-05,-0.002046184,0.9999955,0.07980008,0.005980202,0.0595984161,0.109113514,1710,0.00460613845,1,9.5,-2.96887914E-09,-6.20109729E-15,1.816118E-15,1,0,0,0,1,0,0,0,1,-2.96887914E-09,-6.20109729E-15,1.816118E-15,1,-2.96887914E-09,-6.20109729E-15,1.816118E-15,1,0.00183164154,2.7143331E-05,-0.000152722889,0.999998331,0.00365396286,0.00365396286,-0.00366329122,0.00353516149,2052,0.00144383893,1,6.83999968,-2.96887825E-09,-2.36928837E-15,1.75362544E-15,1,0,0,0,1,0,0,0,1,-2.96887825E-09,-2.36928837E-15,1.75362544E-15,1,-2.96887825E-09,-2.36928837E-15,1.75362544E-15,1,0.00256200181,-2.725829E-10,3.92767263E-10,0.9999968,0.005074369,0.005074369,-0.00512401434,0.00458816066,2052,0.00200510281,1,6.83999968,-6.988029E-10,-1.10073509E-15,3.8636455E-16,1,0,0,0,1,0,0,0.0004187644,0.99999994,-6.98802849E-10,2.91533047E-13,0.0004187644,0.99999994,-6.98802849E-10,2.91533047E-13,0.0004187644,0.99999994,0.00017718981,-4.18415948E-05,0.001367785,0.9999991,0,0,-0.0003544161,0.00222852267,2052,0,1,5.7,-6.988029E-10,-1.100604E-15,-7.35134336E-16,1,0,0,0,1,0,0,0.0004187644,0.99999994,-6.98802849E-10,2.91533182E-13,0.0004187644,0.99999994,-6.98802849E-10,2.91533182E-13,0.0004187644,0.99999994,5.203049E-05,-3.933822E-06,0.00081559777,0.9999997,0,0,-0.000104065657,0.00329432962,2052,0,1,5.7,4.2001122E-10,2.060041E-15,3.64644878E-16,1,0.0301521979,0,0,0.999545336,0,0,0.0002093822,1,0.0301521979,-6.31333342E-06,0.000209287,0.999545336,0.0301521979,-6.31333342E-06,0.000209287,0.999545336,0.0230116639,-9.083683E-06,0.00320091937,0.9997301,0.0154716987,0.0464673638,0.014285896,0.034190096,1482,0.058599513,1,5.7,-5.074521E-09,-3.65132663E-16,-5.4125903E-16,1,0.0292097349,0,0,0.9995733,0,0,0.0002093822,1,0.02920973,-6.115997E-06,0.000209292848,0.9995733,0.02920973,-6.115997E-06,0.000209292848,0.9995733,0.02447281,1.14967661E-05,-4.100077E-05,0.9997005,0.009493281,0.0489512645,0.009477266,0.0245875921,1482,0.0560940169,1,5.7
HOLD_0.00_FULL,HOLD,103,164,1.6400000000000001,DESCENT,None,0,1.41760755,0.0049719885,0.005120471,0.9790973,0.0007998571,0.00134189194,1.12170672,-0.04619499,0.000373593153,0.000907293346,-0.001162576,-0.04658811,0.00146822119,-0.15471904,0.135280982,-0.179305151,0.179305136,true,8,true,true,0,0,0.00101741648,0.0004107932,0.9766917,0.9762131,0.5480234,0.547430933,0.42866832,0.428782165,0.428782165,false,0.307456642,0.306828856,0,0,0,false,false,0.304214627,0.0489610061,0.0155024882,thorax,true,false,0.00523668,1.46779222E-09,-9.636216E-15,-7.331967E-15,1,0,0,0,1,0.0219999216,-1.844487E-05,0.000838203,0.9997576,0.0219999235,-1.84448727E-05,0.000838203,0.9997576,0.0219999254,-1.84448745E-05,0.0008382031,0.9997577,0.00273385551,0.0003254296,-0.00197500759,0.9999943,0.0389530957,0.00676582661,0.03853612,0.0729557052,1710,0.00566423172,1,9.5,1.46778956E-09,-2.36301758E-16,-2.05572435E-16,1,0,0,0,1,0.0219999216,-1.844487E-05,0.000838203,0.9997576,0.0219999235,-1.84448727E-05,0.000838203,0.9997576,0.0219999254,-1.84448745E-05,0.0008382031,0.9997577,0.0021182585,-3.784269E-05,-0.00192303071,0.999996,0.0401408374,0.005652266,0.039766714,0.0742440447,1710,0.00437568361,1,9.5,-2.96887914E-09,-6.20109729E-15,1.816118E-15,1,0,0,0,1,0,0,0,1,-2.96887914E-09,-6.20109729E-15,1.816118E-15,1,-2.96887914E-09,-6.20109729E-15,1.816118E-15,1,0.00188734231,2.78108564E-05,-0.00015094105,0.9999983,0.00371863972,0.00371863972,-0.003774693,0.00581654254,2052,0.00146939559,1,6.83999968,-2.96887825E-09,-2.36928837E-15,1.75362544E-15,1,0,0,0,1,0,0,0,1,-2.96887825E-09,-2.36928837E-15,1.75362544E-15,1,-2.96887825E-09,-2.36928837E-15,1.75362544E-15,1,0.002599696,-1.67241762E-10,-1.44788515E-10,0.9999967,0.00512113841,0.00512113841,-0.005199403,0.006246051,2052,0.00204189681,1,6.83999968,-6.988029E-10,-1.10073509E-15,3.8636455E-16,1,0,0,0,1,0,0,0.000419203017,0.99999994,-6.98802849E-10,2.91839551E-13,0.000419203017,0.99999994,-6.98802849E-10,2.91839551E-13,0.000419203017,0.99999994,0.000182655829,-4.50621519E-05,0.00135399261,0.999999046,0,0,-0.000365350832,0.00300517934,2052,0,1,5.7,-6.988029E-10,-1.100604E-15,-7.35134336E-16,1,0,0,0,1,0,0,0.000419203017,0.99999994,-6.98802849E-10,2.91839686E-13,0.000419203017,0.99999994,-6.98802849E-10,2.91839686E-13,0.000419203017,0.99999994,8.732946E-05,-6.74298633E-07,0.000806269061,0.9999997,0,0,-0.000174660861,0.00443061534,2052,0,1,5.7,4.2001122E-10,2.060041E-15,3.64644878E-16,1,0.0301521979,0,0,0.999545336,0,0,0.000209601509,1,0.0301521979,-6.31994635E-06,0.000209506208,0.999545336,0.0301521979,-6.31994635E-06,0.000209506208,0.999545336,0.0229906384,-1.53183246E-05,0.00318384846,0.999730647,0.0154871009,0.0464211628,0.0143279573,0.0345814265,1482,0.0585533231,1,5.7,-5.074521E-09,-3.65132663E-16,-5.4125903E-16,1,0.0292097349,0,0,0.9995733,0,0,0.000209601509,1,0.02920973,-6.122403E-06,0.000209512073,0.9995733,0.02920973,-6.122403E-06,0.000209512073,0.9995733,0.0244767647,1.07783744E-05,-3.999207E-05,0.9997005,0.009442919,0.0489512645,0.009469358,0.02421797,1482,0.05610518,1,5.7
HOLD_0.00_FULL,HOLD,104,165,1.6500000000000001,DESCENT,None,0,1.41760731,0.006072901,0.006212931,0.979120731,0.005916819,0.00134577951,1.12172,-0.0462062173,0.00042636873,0.00438305968,-0.00142416253,-0.0466877967,0.00148995558,-0.15471904,0.135280982,-0.179305151,0.179305136,true,8,true,true,0,0,0.00167504523,0.000893976248,0.976719856,0.9762535,0.5480602,0.547471762,0.428659678,0.428781748,0.428781748,false,0.6608052,0.6594802,0,0,0,false,false,0.303802848,0.0489512645,0.0154716987,thorax,true,false,0.005244535,1.46779222E-09,-9.636216E-15,-7.331967E-15,1,0,0,0,1,0.04198934,-3.562205E-05,0.0008476109,0.9991177,0.04198934,-3.562205E-05,0.0008476109,0.9991177,0.0319982171,-2.70365181E-05,0.0008429501,0.999487638,0.00282352138,0.0003254722,-0.00210203161,0.999993742,0.07858345,0.00707587134,0.0583606847,0.107760876,1710,0.0058882,1,9.5,1.46778956E-09,-2.36301758E-16,-2.05572435E-16,1,0,0,0,1,0.04198934,-3.562205E-05,0.0008476109,0.9991177,0.04198934,-3.562205E-05,0.0008476109,0.9991177,0.0319982171,-2.70365181E-05,0.0008429501,0.999487638,0.00221331068,-3.82805665E-05,-0.00204493129,0.99999547,0.0797881261,0.006019938,0.05958051,0.109082311,1710,0.00454961974,1,9.5,-2.96887914E-09,-6.20109729E-15,1.816118E-15,1,0,0,0,1,0,0,0,1,-2.96887914E-09,-6.20109729E-15,1.816118E-15,1,-2.96887914E-09,-6.20109729E-15,1.816118E-15,1,0.00183022127,2.84776488E-05,-0.000153022731,0.9999984,0.00358812045,0.00358812045,-0.00366045022,0.00353658129,2052,0.00141782174,1,6.83999968,-2.96887825E-09,-2.36928837E-15,1.75362544E-15,1,0,0,0,1,0,0,0,1,-2.96887825E-09,-2.36928837E-15,1.75362544E-15,1,-2.96887825E-09,-2.36928837E-15,1.75362544E-15,1,0.00256428542,-2.565342E-10,3.061367E-10,0.9999968,0.005074369,0.005074369,-0.005128582,0.004598505,2052,0.00200510281,1,6.83999968,-6.988029E-10,-1.10073509E-15,3.8636455E-16,1,0,0,0,1,0,0,0.0004241796,0.9999999,-6.98802849E-10,2.953172E-13,0.0004241796,0.9999999,-6.98802849E-10,2.953172E-13,0.0004241796,0.9999999,0.000177252019,-4.066734E-05,0.00137137389,0.9999991,0,0,-0.000354539923,0.00223542587,2052,0,1,5.7,-6.988029E-10,-1.100604E-15,-7.35134336E-16,1,0,0,0,1,0,0,0.0004241796,0.9999999,-6.98802849E-10,2.95317319E-13,0.0004241796,0.9999999,-6.98802849E-10,2.95317319E-13,0.0004241796,0.9999999,5.460571E-05,1.89129025E-06,0.0008186959,0.9999997,0,0,-0.0001092112,0.00331492024,2052,0,1,5.7,4.2001122E-10,2.060041E-15,3.64644878E-16,1,0.0301521979,0,0,0.999545336,0,0,0.0002120898,1,0.0301521979,-6.39497375E-06,0.000211993363,0.999545336,0.0301521979,-6.39497375E-06,0.000211993363,0.999545336,0.0230105817,-1.34817856E-05,0.00320108118,0.9997301,0.0154716987,0.0464673638,0.0142880576,0.0342057534,1482,0.058599513,1,5.7,-5.074521E-09,-3.65132663E-16,-5.4125903E-16,1,0.0292097349,0,0,0.9995733,0,0,0.0002120898,1,0.02920973,-6.19508546E-06,0.0002119993,0.9995733,0.02920973,-6.19508546E-06,0.0002119993,0.9995733,0.0244720653,9.754362E-06,-3.97212534E-05,0.999700546,0.009468134,0.0489463955,0.009478758,0.0245978031,1482,0.0560884364,1,5.7
HOLD_0.00_FULL,HOLD,105,166,1.6600000000000001,DESCENT,None,0,1.41760552,0.0049450025,0.005117718,0.979097843,0.0007974431,0.00134987338,1.12170732,-0.04621951,0.000414090173,0.0009016387,-0.00127952534,-0.0466521755,0.00148989668,-0.15471904,0.135280982,-0.179305151,0.179305136,true,8,true,true,0,0,0.00101367733,0.000413333473,0.97669363,0.97621274,0.5480255,0.5474307,0.428668141,0.428782046,0.428782046,false,0.323004872,0.322345346,0,0,0,false,false,0.304215878,0.0489512645,0.0154871009,thorax,true,false,0.005236561,1.46779222E-09,-9.636216E-15,-7.331967E-15,1,0,0,0,1,0.0219999216,-1.8681927E-05,0.000848975731,0.9997576,0.0219999235,-1.86819289E-05,0.000848975731,0.9997576,0.0219999235,-1.86819289E-05,0.000848975731,0.9997576,0.00274799974,0.00034142693,-0.00197189953,0.9999942,0.0389286056,0.00680097425,0.0385078639,0.0729020238,1710,0.00570972776,1,9.5,1.46778956E-09,-2.36301758E-16,-2.05572435E-16,1,0,0,0,1,0.0219999216,-1.8681927E-05,0.000848975731,0.9997576,0.0219999235,-1.86819289E-05,0.000848975731,0.9997576,0.0219999235,-1.86819289E-05,0.000848975731,0.9997576,0.0021260588,-2.5703037E-05,-0.00192142383,0.9999959,0.0401408374,0.005736008,0.03975113,0.0742163956,1710,0.00437568361,1,9.5,-2.96887914E-09,-6.20109729E-15,1.816118E-15,1,0,0,0,1,0,0,0,1,-2.96887914E-09,-6.20109729E-15,1.816118E-15,1,-2.96887914E-09,-6.20109729E-15,1.816118E-15,1,0.00188594789,2.9191473E-05,-0.000151259548,0.9999983,0.00371863972,0.00371863972,-0.00377190416,0.00581661472,2052,0.00146939559,1,6.83999968,-2.96887825E-09,-2.36928837E-15,1.75362544E-15,1,0,0,0,1,0,0,0,1,-2.96887825E-09,-2.36928837E-15,1.75362544E-15,1,-2.96887825E-09,-2.36928837E-15,1.75362544E-15,1,0.00260210154,-1.77376613E-10,-3.300317E-11,0.9999966,0.00521341851,0.00521341851,-0.005204215,0.00625621248,2052,0.00206004758,1,6.83999968,-6.988029E-10,-1.10073509E-15,3.8636455E-16,1,0,0,0,1,0,0,0.0004245907,0.9999999,-6.98802849E-10,2.9560447E-13,0.0004245907,0.9999999,-6.98802849E-10,2.9560447E-13,0.0004245907,0.9999999,0.00018286804,-4.38341376E-05,0.00135746936,0.999999046,0,0,-0.000365774758,0.00301129417,2052,0,1,5.7,-6.988029E-10,-1.100604E-15,-7.35134336E-16,1,0,0,0,1,0,0,0.0004245907,0.9999999,-6.98802849E-10,2.956046E-13,0.0004245907,0.9999999,-6.98802849E-10,2.956046E-13,0.0004245907,0.9999999,9.016224E-05,5.430645E-06,0.000809230551,0.9999997,0,0,-0.000180321251,0.004451063,2052,0,1,5.7,4.2001122E-10,2.060041E-15,3.64644878E-16,1,0.0301521979,0,0,0.999545336,0,0,0.000212295345,1,0.0301521979,-6.401171E-06,0.000212198822,0.999545336,0.0301521979,-6.401171E-06,0.000212198822,0.999545336,0.0229892414,-1.99415281E-05,0.003184163,0.999730647,0.0155024882,0.0464211628,0.01433075,0.0345980749,1482,0.05854012,1,5.7,-5.074521E-09,-3.65132663E-16,-5.4125903E-16,1,0.0292097349,0,0,0.9995733,0,0,0.000212295345,1,0.02920973,-6.20108949E-06,0.000212204759,0.9995733,0.02920973,-6.20108949E-06,0.000212204759,0.9995733,0.0244759079,8.980586E-06,-3.85565654E-05,0.9997004,0.009468134,0.0489561372,0.009471069,0.0242268573,1482,0.0560996,1,5.7
HOLD_0.00_FULL,HOLD,106,167,1.67,DESCENT,None,0,1.417605,0.006047614,0.00621511135,0.979121268,0.00591082126,0.00135413813,1.12172031,-0.04623192,0.000464129174,0.00437638676,-0.00154286867,-0.04675364,0.00151108287,-0.15471904,0.135280982,-0.179305151,0.179305136,true,8,true,true,0,0,0.001671518,0.000890725059,0.976721764,0.976253152,0.5480621,0.547471642,0.428659678,0.4287815,0.4287815,false,0.6447336,0.643440843,0,0,0,false,false,0.303805321,0.0489463955,0.0154716987,thorax,true,false,0.005244416,1.46779222E-09,-9.636216E-15,-7.331967E-15,1,0,0,0,1,0.04198934,-3.60703671E-05,0.000858278363,0.9991177,0.04198934,-3.60703671E-05,0.000858278363,0.9991177,0.0319982171,-2.7379243E-05,0.0008536707,0.999487638,0.002838167,0.000341985753,-0.00209876336,0.999993742,0.0785530955,0.00707587134,0.0583314262,0.10770411,1710,0.0058882,1,9.5,1.46778956E-09,-2.36301758E-16,-2.05572435E-16,1,0,0,0,1,0.04198934,-3.60703671E-05,0.000858278363,0.9991177,0.04198934,-3.60703671E-05,0.000858278363,0.9991177,0.0319982171,-2.7379243E-05,0.0008536707,0.999487638,0.002221454,-2.58788132E-05,-0.00204307958,0.9999955,0.07976719,0.005980202,0.05956424,0.109051257,1710,0.00460613845,1,9.5,-2.96887914E-09,-6.20109729E-15,1.816118E-15,1,0,0,0,1,0,0,0,1,-2.96887914E-09,-6.20109729E-15,1.816118E-15,1,-2.96887914E-09,-6.20109729E-15,1.816118E-15,1,0.00182886084,2.99020649E-05,-0.000153347486,0.9999984,0.00358812045,0.00358812045,-0.00365772936,0.00353715965,2052,0.00141782174,1,6.83999968,-2.96887825E-09,-2.36928837E-15,1.75362544E-15,1,0,0,0,1,0,0,0,1,-2.96887825E-09,-2.36928837E-15,1.75362544E-15,1,-2.96887825E-09,-2.36928837E-15,1.75362544E-15,1,0.00256679812,-2.55948818E-10,2.90957369E-10,0.9999967,0.00512113841,0.00512113841,-0.005133608,0.00460872566,2052,0.00202358374,1,6.83999968,-6.988029E-10,-1.10073509E-15,3.8636455E-16,1,0,0,0,1,0,0,0.000429518055,0.9999999,-6.98802849E-10,2.99047733E-13,0.000429518055,0.9999999,-6.98802849E-10,2.99047733E-13,0.000429518055,0.9999999,0.000177557449,-3.939019E-05,0.00137479592,0.999999046,0,0,-0.000355150172,0.00224217027,2052,0,1,5.7,-6.988029E-10,-1.100604E-15,-7.35134336E-16,1,0,0,0,1,0,0,0.000429518055,0.9999999,-6.98802849E-10,2.99047869E-13,0.000429518055,0.9999999,-6.98802849E-10,2.99047869E-13,0.000429518055,0.9999999,5.76145867E-05,8.248647E-06,0.0008215762,0.999999762,0,0,-0.000115223462,0.00333555229,2052,0,1,5.7,4.2001122E-10,2.060041E-15,3.64644878E-16,1,0.0301521979,0,0,0.999545336,0,0,0.000214759028,1,0.0301521979,-6.47545676E-06,0.000214661384,0.999545336,0.0301521979,-6.47545676E-06,0.000214661384,0.999545336,0.0230089016,-1.83189059E-05,0.00320163183,0.99973017,0.0154716987,0.04646223,0.0142914187,0.034220878,1482,0.05859292,1,5.7,-5.074521E-09,-3.65132663E-16,-5.4125903E-16,1,0.0292097349,0,0,0.9995733,0,0,0.000214759028,1,0.02920973,-6.27305326E-06,0.0002146674,0.9995733,0.02920973,-6.27305326E-06,0.0002146674,0.9995733,0.02447108,7.90519E-06,-3.80955025E-05,0.999700546,0.009493281,0.0489463955,0.009480727,0.0246068072,1482,0.0560884364,1,5.7
HOLD_0.00_FULL,HOLD,107,168,1.68,DESCENT,None,0,1.417603,0.00492525846,0.005125477,0.9790983,0.000794149935,0.00135858217,1.12170768,-0.04624641,0.000448983628,0.000898099039,-0.00139950193,-0.0467196479,0.00151040463,-0.15471904,0.135280982,-0.179305151,0.179305136,true,8,true,true,0,0,0.00100898568,0.000415307324,0.976695538,0.9762123,0.5480274,0.547430456,0.428668141,0.428781867,0.428781867,false,0.339531064,0.338831574,0,0,0,false,false,0.304218173,0.0489561372,0.0155024882,thorax,true,false,0.005236681,1.46779222E-09,-9.636216E-15,-7.331967E-15,1,0,0,0,1,0.0219999216,-1.89134043E-05,0.000859494845,0.9997576,0.0219999235,-1.89134062E-05,0.000859494845,0.9997576,0.0219999235,-1.89134062E-05,0.000859494845,0.9997576,0.002763096,0.0003584602,-0.00196850044,0.9999942,0.03889797,0.00680097425,0.0384777077,0.07284521,1710,0.00570972776,1,9.5,1.46778956E-09,-2.36301758E-16,-2.05572435E-16,1,0,0,0,1,0.0219999216,-1.89134043E-05,0.000859494845,0.9997576,0.0219999235,-1.89134062E-05,0.000859494845,0.9997576,0.0219999235,-1.89134062E-05,0.000859494845,0.9997576,0.00213454687,-1.30223189E-05,-0.00191951275,0.999995947,0.04011707,0.005694291,0.0397341773,0.0741856545,1710,0.00443442026,1,9.5,-2.96887914E-09,-6.20109729E-15,1.816118E-15,1,0,0,0,1,0,0,0,1,-2.96887914E-09,-6.20109729E-15,1.816118E-15,1,-2.96887914E-09,-6.20109729E-15,1.816118E-15,1,0.00188462029,3.066447E-05,-0.000151601766,0.9999983,0.00371863972,0.00371863972,-0.003769249,0.005817542,2052,0.00146939559,1,6.83999968,-2.96887825E-09,-2.36928837E-15,1.75362544E-15,1,0,0,0,1,0,0,0,1,-2.96887825E-09,-2.36928837E-15,1.75362544E-15,1,-2.96887825E-09,-2.36928837E-15,1.75362544E-15,1,0.00260473,-1.61368655E-10,-1.766336E-10,0.9999966,0.00521341851,0.00521341851,-0.005209472,0.00626681326,2052,0.00206004758,1,6.83999968,-6.988029E-10,-1.10073509E-15,3.8636455E-16,1,0,0,0,1,0,0,0.000429851527,0.9999999,-6.98802849E-10,2.99280755E-13,0.000429851527,0.9999999,-6.98802849E-10,2.99280755E-13,0.000429851527,0.9999999,0.000183252545,-4.250377E-05,0.00136078824,0.999999046,0,0,-0.00036654307,0.00301830377,2052,0,1,5.7,-6.988029E-10,-1.100604E-15,-7.35134336E-16,1,0,0,0,1,0,0,0.000429851527,0.9999999,-6.98802849E-10,2.992809E-13,0.000429851527,0.9999999,-6.98802849E-10,2.992809E-13,0.000429851527,0.9999999,9.330518E-05,1.20233453E-05,0.0008120234,0.9999997,0,0,-0.000186601392,0.00447325734,2052,0,1,5.7,4.2001122E-10,2.060041E-15,3.64644878E-16,1,0.0301521979,0,0,0.999545336,0,0,0.000214925763,1,0.0301521979,-6.480484E-06,0.000214828047,0.999545336,0.0301521979,-6.480484E-06,0.000214828047,0.999545336,0.0229873117,-2.49671284E-05,0.00318491715,0.999730766,0.0154871009,0.0464108847,0.0143346116,0.0346123651,1482,0.05854012,1,5.7,-5.074521E-09,-3.65132663E-16,-5.4125903E-16,1,0.0292097349,0,0,0.9995733,0,0,0.000214925763,1,0.02920973,-6.277923E-06,0.000214834057,0.9995733,0.02920973,-6.277923E-06,0.000214834057,0.9995733,0.0244748071,7.08873449E-06,-3.67903122E-05,0.9997004,0.009493281,0.0489561372,0.009473269,0.02423592,1482,0.0560996,1,5.7
HOLD_0.00_FULL,HOLD,108,169,1.69,DESCENT,None,0,1.4176023,0.0060300976,0.006227267,0.979121745,0.005908452,0.001363165,1.12172067,-0.0462600365,0.000495882763,0.004373263,-0.00166372547,-0.0468226224,0.00153084716,-0.15471904,0.135280982,-0.179305151,0.179305136,true,8,true,true,0,0,0.00166751642,0.000886838359,0.9767238,0.9762528,0.5480641,0.5474713,0.428659678,0.4287815,0.4287815,false,0.6280538,0.6267829,0,0,0,false,false,0.303806424,0.0489463955,0.0154716987,thorax,true,false,0.00524453633,1.46779222E-09,-9.636216E-15,-7.331967E-15,1,0,0,0,1,0.04198934,-3.65051346E-05,0.000868623436,0.9991177,0.04198934,-3.65051346E-05,0.000868623436,0.9991177,0.03199524,-2.770978E-05,0.000864101865,0.9994877,0.00285379868,0.0003594443,-0.00209505926,0.999993742,0.0785196945,0.00707587134,0.0582942478,0.107631393,1710,0.0058882,1,9.5,1.46778956E-09,-2.36301758E-16,-2.05572435E-16,1,0,0,0,1,0.04198934,-3.65051346E-05,0.000868623436,0.9991177,0.04198934,-3.65051346E-05,0.000868623436,0.9991177,0.03199524,-2.770978E-05,0.000864101865,0.9994877,0.00223026145,-1.28856445E-05,-0.00204096455,0.99999547,0.07975523,0.006019938,0.05954069,0.109005764,1710,0.004661973,1,9.5,-2.96887914E-09,-6.20109729E-15,1.816118E-15,1,0,0,0,1,0,0,0,1,-2.96887914E-09,-6.20109729E-15,1.816118E-15,1,-2.96887914E-09,-6.20109729E-15,1.816118E-15,1,0.001827526,3.14107747E-05,-0.000153707413,0.9999984,0.00358812045,0.00358812045,-0.00365505973,0.00353780086,2052,0.00141782174,1,6.83999968,-2.96887825E-09,-2.36928837E-15,1.75362544E-15,1,0,0,0,1,0,0,0,1,-2.96887825E-09,-2.36928837E-15,1.75362544E-15,1,-2.96887825E-09,-2.36928837E-15,1.75362544E-15,1,0.00256956788,-2.68617073E-10,4.949983E-10,0.9999967,0.00512113841,0.00512113841,-0.0051391474,0.004620014,2052,0.00202358374,1,6.83999968,-6.988029E-10,-1.10073509E-15,3.8636455E-16,1,0,0,0,1,0,0,0.000434695161,0.9999999,-6.98802849E-10,3.026655E-13,0.000434695161,0.9999999,-6.98802849E-10,3.026655E-13,0.000434695161,0.9999999,0.00017801112,-3.80064339E-05,0.00137797487,0.999999046,0,0,-0.000356056727,0.00224926951,2052,0,1,5.7,-6.988029E-10,-1.100604E-15,-7.35134336E-16,1,0,0,0,1,0,0,0.000434695161,0.9999999,-6.98802849E-10,3.02665635E-13,0.000434695161,0.9999999,-6.98802849E-10,3.02665635E-13,0.000434695161,0.9999999,6.08978844E-05,1.50711585E-05,0.0008241854,0.9999997,0,0,-0.000121784047,0.00335708773,2052,0,1,5.7,4.2001122E-10,2.060041E-15,3.64644878E-16,1,0.0301521979,0,0,0.999545336,0,0,0.00021734758,1,0.0301521979,-6.55350732E-06,0.000217248758,0.999545336,0.0301521979,-6.55350732E-06,0.000217248758,0.999545336,0.02300682,-2.35213E-05,0.00320250657,0.99973017,0.0154871009,0.04646223,0.0142955817,0.0342350081,1482,0.05859292,1,5.7,-5.074521E-09,-3.65132663E-16,-5.4125903E-16,1,0.0292097349,0,0,0.9995733,0,0,0.00021734758,1,0.02920973,-6.348664E-06,0.000217254841,0.9995733,0.02920973,-6.348664E-06,0.000217254841,0.9995733,0.02446992,5.972216E-06,-3.62154242E-05,0.9997006,0.009468134,0.0489415228,0.00948305,0.0246148817,1482,0.0560828559,1,5.7
HOLD_0.00_FULL,HOLD,109,170,1.7,DESCENT,None,0,1.41760015,0.004914671,0.005144763,0.979098737,0.000792533159,0.00136789936,1.121708,-0.0462757275,0.000477585272,0.000898311962,-0.00152106315,-0.04679007,0.00152939337,-0.15471904,0.135280982,-0.179305151,0.179305136,true,8,true,true,0,0,0.0010057101,0.0004180851,0.976697445,0.976211846,0.5480293,0.547430158,0.428668141,0.4287817,0.4287817,false,0.356366247,0.3556321,0,0,0,false,false,0.304221421,0.0489561372,0.0154871009,thorax,true,false,0.00523692043,1.46779222E-09,-9.636216E-15,-7.331967E-15,1,0,0,0,1,0.0219999216,-1.91367471E-05,0.0008696444,0.9997576,0.0219999235,-1.9136749E-05,0.0008696444,0.9997576,0.0219999235,-1.9136749E-05,0.0008696444,0.9997576,0.00277931453,0.000376312964,-0.00196471787,0.9999942,0.0388611741,0.00680097425,0.0384453051,0.0727826,1710,0.00579965068,1,9.5,1.46778956E-09,-2.36301758E-16,-2.05572435E-16,1,0,0,0,1,0.0219999216,-1.91367471E-05,0.0008696444,0.9997576,0.0219999235,-1.9136749E-05,0.0008696444,0.9997576,0.0219999235,-1.9136749E-05,0.0008696444,0.9997576,0.00214377558,2.09323787E-07,-0.00191717537,0.9999959,0.0401051827,0.005736008,0.03971574,0.07415015,1710,0.004492389,1,9.5,-2.96887914E-09,-6.20109729E-15,1.816118E-15,1,0,0,0,1,0,0,0,1,-2.96887914E-09,-6.20109729E-15,1.816118E-15,1,-2.96887914E-09,-6.20109729E-15,1.816118E-15,1,0.001883252,3.22073174E-05,-0.000151968008,0.9999982,0.00378221087,0.00378221087,-0.0037665125,0.00581814768,2052,0.00149451534,1,6.83999968,-2.96887825E-09,-2.36928837E-15,1.75362544E-15,1,0,0,0,1,0,0,0,1,-2.96887825E-09,-2.36928837E-15,1.75362544E-15,1,-2.96887825E-09,-2.36928837E-15,1.75362544E-15,1,0.002607582,-1.88368057E-10,-3.95851971E-12,0.999996662,0.00516748428,0.00516748428,-0.00521517545,0.0062773996,2052,0.00204189681,1,6.83999968,-6.988029E-10,-1.10073509E-15,3.8636455E-16,1,0,0,0,1,0,0,0.000434927526,0.9999999,-6.98802849E-10,3.02827885E-13,0.000434927526,0.9999999,-6.98802849E-10,3.02827885E-13,0.000434927526,0.9999999,0.0001837363,-4.106637E-05,0.00136388827,0.9999991,0,0,-0.000367509725,0.00302562327,2052,0,1,5.7,-6.988029E-10,-1.100604E-15,-7.35134336E-16,1,0,0,0,1,0,0,0.000434927526,0.9999999,-6.98802849E-10,3.02828021E-13,0.000434927526,0.9999999,-6.98802849E-10,3.02828021E-13,0.000434927526,0.9999999,9.664895E-05,1.90635419E-05,0.00081448385,0.999999762,0,0,-0.000193282685,0.00449579163,2052,0,1,5.7,4.2001122E-10,2.060041E-15,3.64644878E-16,1,0.0301521979,0,0,0.999545336,0,0,0.000217463763,1,0.0301521979,-6.55701024E-06,0.000217364883,0.999545336,0.0301521979,-6.55701024E-06,0.000217364883,0.999545336,0.02298512,-3.03499637E-05,0.003185979,0.999730766,0.0155024882,0.0464108847,0.0143389944,0.03462537,1482,0.0585269071,1,5.7,-5.074521E-09,-3.65132663E-16,-5.4125903E-16,1,0.0292097349,0,0,0.9995733,0,0,0.000217463763,1,0.02920973,-6.35205743E-06,0.000217370965,0.9995733,0.02920973,-6.35205743E-06,0.000217370965,0.9995733,0.0244735666,5.10385144E-06,-3.47783462E-05,0.999700546,0.009468134,0.0489463955,0.009475755,0.0242438857,1482,0.0560884364,1,5.7
HOLD_0.00_FULL,HOLD,110,171,1.71,DESCENT,None,0,1.41759944,0.006024584,0.006253119,0.9791222,0.005910486,0.00137273769,1.121721,-0.04629058,0.0005212019,0.00437627872,-0.00178610068,-0.0468945466,0.00154898153,-0.15471904,0.135280982,-0.179305151,0.179305136,true,8,true,true,0,0,0.00166450045,0.0008833897,0.9767257,0.9762523,0.5480662,0.547471046,0.4286595,0.428781271,0.428781271,false,0.61079514,0.6095592,0,0,0,false,false,0.303809166,0.0489415228,0.0154871009,thorax,true,false,0.00524477568,1.46779222E-09,-9.636216E-15,-7.331967E-15,1,0,0,0,1,0.04198934,-3.692049E-05,0.000878506631,0.9991177,0.04198934,-3.692049E-05,0.000878506631,0.9991177,0.031996727,-2.80304612E-05,0.000874119462,0.999487638,0.00287066749,0.000377672637,-0.002091111,0.9999936,0.07849236,0.007142943,0.05826352,0.107568383,1710,0.00597543735,1,9.5,1.46778956E-09,-2.36301758E-16,-2.05572435E-16,1,0,0,0,1,0.04198934,-3.692049E-05,0.000878506631,0.9991177,0.04198934,-3.692049E-05,0.000878506631,0.9991177,0.031996727,-2.80304612E-05,0.000874119462,0.999487638,0.00224002474,5.875151E-07,-0.00203843159,0.9999954,0.07973729,0.00605941331,0.0595241636,0.108970717,1710,0.00460613845,1,9.5,-2.96887914E-09,-6.20109729E-15,1.816118E-15,1,0,0,0,1,0,0,0,1,-2.96887914E-09,-6.20109729E-15,1.816118E-15,1,-2.96887914E-09,-6.20109729E-15,1.816118E-15,1,0.0018260869,3.29872018E-05,-0.000154080713,0.999998331,0.00365396286,0.00365396286,-0.003652182,0.00353748817,2052,0.00144383893,1,6.83999968,-2.96887825E-09,-2.36928837E-15,1.75362544E-15,1,0,0,0,1,0,0,0,1,-2.96887825E-09,-2.36928837E-15,1.75362544E-15,1,-2.96887825E-09,-2.36928837E-15,1.75362544E-15,1,0.00257246476,-2.998511E-10,2.98024549E-10,0.9999967,0.00512113841,0.00512113841,-0.005144941,0.00463022152,2052,0.00202358374,1,6.83999968,-6.988029E-10,-1.10073509E-15,3.8636455E-16,1,0,0,0,1,0,0,0.000439641124,0.9999999,-6.98802849E-10,3.06121773E-13,0.000439641124,0.9999999,-6.98802849E-10,3.06121773E-13,0.000439641124,0.9999999,0.00017851936,-3.651549E-05,0.0013809537,0.9999991,0,0,-0.000357072218,0.00225623976,2052,0,1,5.7,-6.988029E-10,-1.100604E-15,-7.35134336E-16,1,0,0,0,1,0,0,0.000439641124,0.9999999,-6.98802849E-10,3.06121881E-13,0.000439641124,0.9999999,-6.98802849E-10,3.06121881E-13,0.000439641124,0.9999999,6.42767E-05,2.23117022E-05,0.0008265145,0.9999997,0,0,-0.000128535161,0.00337860128,2052,0,1,5.7,4.2001122E-10,2.060041E-15,3.64644878E-16,1,0.0301521979,0,0,0.999545336,0,0,0.000219820562,1,0.0301521979,-6.628073E-06,0.000219720619,0.999545336,0.0301521979,-6.628073E-06,0.000219720619,0.999545336,0.0230046343,-2.90635344E-05,0.0032037124,0.9997303,0.0154716987,0.0464519672,0.0142999524,0.0342467651,1482,0.0585797243,1,5.7,-5.074521E-09,-3.65132663E-16,-5.4125903E-16,1,0.0292097349,0,0,0.9995733,0,0,0.000219820562,1,0.02920973,-6.420899E-06,0.00021972676,0.9995733,0.02920973,-6.420899E-06,0.00021972676,0.9995733,0.0244686659,3.94366361E-06,-3.411299E-05,0.999700665,0.009468134,0.04893665,0.009485559,0.0246219616,1482,0.05607727,1,5.7
HOLD_0.00_FULL,HOLD,111,172,1.72,DESCENT,None,0,1.41759729,0.004912749,0.00517467875,0.9790993,0.0007965714,0.001377692,1.12170851,-0.0463075042,0.0004995931,0.00090394757,-0.00164401531,-0.04686342,0.00154662784,-0.15471904,0.135280982,-0.179305151,0.179305136,true,8,true,true,0,0,0.001002733,0.00042054744,0.9766995,0.9762115,0.548031449,0.54743,0.428668022,0.4287815,0.4287815,false,0.374200284,0.3734362,0,0,0,false,false,0.3042214,0.0489463955,0.0155024882,thorax,true,false,0.00523704058,1.46779222E-09,-9.636216E-15,-7.331967E-15,1,0,0,0,1,0.0219999216,-1.93482429E-05,0.000879255531,0.9997576,0.0219999235,-1.93482447E-05,0.000879255531,0.9997576,0.0219999235,-1.93482447E-05,0.000879255531,0.9997576,0.00279682782,0.0003948566,-0.00196064264,0.9999941,0.0388366245,0.00687072938,0.03841032,0.0727136657,1710,0.00579965068,1,9.5,1.46778956E-09,-2.36301758E-16,-2.05572435E-16,1,0,0,0,1,0.0219999216,-1.93482429E-05,0.000879255531,0.9997576,0.0219999235,-1.93482447E-05,0.000879255531,0.9997576,0.0219999235,-1.93482447E-05,0.000879255531,0.9997576,0.00215404062,1.38438818E-05,-0.0019145218,0.9999959,0.040081393,0.005736008,0.0396952368,0.07410868,1710,0.004492389,1,9.5,-2.96887914E-09,-6.20109729E-15,1.816118E-15,1,0,0,0,1,0,0,0,1,-2.96887914E-09,-6.20109729E-15,1.816118E-15,1,-2.96887914E-09,-6.20109729E-15,1.816118E-15,1,0.00188176869,3.381113E-05,-0.000152347944,0.9999983,0.00371863972,0.00371863972,-0.00376354577,0.005818345,2052,0.00146939559,1,6.83999968,-2.96887825E-09,-2.36928837E-15,1.75362544E-15,1,0,0,0,1,0,0,0,1,-2.96887825E-09,-2.36928837E-15,1.75362544E-15,1,-2.96887825E-09,-2.36928837E-15,1.75362544E-15,1,0.002610549,-1.792111E-10,-5.698429E-11,0.9999966,0.00521341851,0.00521341851,-0.0052211103,0.006288045,2052,0.00206004758,1,6.83999968,-6.988029E-10,-1.10073509E-15,3.8636455E-16,1,0,0,0,1,0,0,0.000439734256,0.9999999,-6.98802849E-10,3.06186852E-13,0.000439734256,0.9999999,-6.98802849E-10,3.06186852E-13,0.000439734256,0.9999999,0.0001842535,-3.95276E-05,0.00136674265,0.9999991,0,0,-0.000368543173,0.0030325742,2052,0,1,5.7,-6.988029E-10,-1.100604E-15,-7.35134336E-16,1,0,0,0,1,0,0,0.000439734256,0.9999999,-6.98802849E-10,3.06186961E-13,0.000439734256,0.9999999,-6.98802849E-10,3.06186961E-13,0.000439734256,0.9999999,0.000100050391,2.64835053E-05,0.0008166538,0.999999762,0,0,-0.000200078852,0.00451793754,2052,0,1,5.7,4.2001122E-10,2.060041E-15,3.64644878E-16,1,0.0301521979,0,0,0.999545336,0,0,0.000219867128,1,0.0301521979,-6.629477E-06,0.000219767157,0.999545336,0.0301521979,-6.629477E-06,0.000219767157,0.999545336,0.0229829252,-3.60308259E-05,0.00318729947,0.999730766,0.01551786,0.0464108847,0.0143433781,0.0346369334,1482,0.0585269071,1,5.7,-5.074521E-09,-3.65132663E-16,-5.4125903E-16,1,0.0292097349,0,0,0.9995733,0,0,0.000219867128,1,0.02920973,-6.4222595E-06,0.000219773312,0.9995733,0.02920973,-6.4222595E-06,0.000219773312,0.9995733,0.0244723056,3.04461082E-06,-3.26041263E-05,0.9997005,0.009493281,0.0489512645,0.009478272,0.0242502932,1482,0.0560940169,1,5.7
HOLD_0.00_FULL,HOLD,112,173,1.73,DESCENT,None,0,1.41759658,0.00602768362,0.006289056,0.9791228,0.005916685,0.00138271588,1.12172174,-0.0463235974,0.0005398763,0.00438524643,-0.00190969417,-0.0469693579,0.00156527443,-0.15471904,0.135280982,-0.179305151,0.179305136,true,8,true,true,0,0,0.00166168856,0.0008799993,0.9767277,0.9762521,0.5480683,0.5474709,0.428659439,0.428781152,0.428781152,false,0.5929675,0.591767669,0,0,0,false,false,0.3038111,0.04893665,0.0154716987,thorax,true,false,0.00524501549,1.46779222E-09,-9.636216E-15,-7.331967E-15,1,0,0,0,1,0.0419893377,-3.73108269E-05,0.0008877945,0.9991176,0.0419893377,-3.73108269E-05,0.0008877945,0.9991176,0.0319982171,-2.83327372E-05,0.0008835701,0.9994876,0.002888843,0.00039650657,-0.00208692858,0.999993563,0.07845893,0.00717624323,0.0582301952,0.107500665,1710,0.006018582,1,9.5,1.46778956E-09,-2.36301758E-16,-2.05572435E-16,1,0,0,0,1,0.0419893377,-3.73108269E-05,0.0008877945,0.9991176,0.0419893377,-3.73108269E-05,0.0008877945,0.9991176,0.0319982171,-2.83327372E-05,0.0008835701,0.9994876,0.00225082971,1.43938241E-05,-0.002035687,0.9999954,0.07971935,0.00605941331,0.0595055558,0.108930774,1710,0.00460613845,1,9.5,-2.96887914E-09,-6.20109729E-15,1.816118E-15,1,0,0,0,1,0,0,0,1,-2.96887914E-09,-6.20109729E-15,1.816118E-15,1,-2.96887914E-09,-6.20109729E-15,1.816118E-15,1,0.00182452891,3.46168526E-05,-0.000154471461,0.999998331,0.00365396286,0.00365396286,-0.003649066,0.00353738479,2052,0.00144383893,1,6.83999968,-2.96887825E-09,-2.36928837E-15,1.75362544E-15,1,0,0,0,1,0,0,0,1,-2.96887825E-09,-2.36928837E-15,1.75362544E-15,1,-2.96887825E-09,-2.36928837E-15,1.75362544E-15,1,0.00257548015,-2.95070773E-10,2.97174785E-10,0.9999967,0.00512113841,0.00512113841,-0.005150972,0.00464053825,2052,0.00202358374,1,6.83999968,-6.988029E-10,-1.10073509E-15,3.8636455E-16,1,0,0,0,1,0,0,0.000444289122,0.9999999,-6.98802849E-10,3.093698E-13,0.000444289122,0.9999999,-6.98802849E-10,3.093698E-13,0.000444289122,0.9999999,0.0001790288,-3.49304646E-05,0.0013836642,0.999999046,0,0,-0.000358090067,0.002263524,2052,0,1,5.7,-6.988029E-10,-1.100604E-15,-7.35134336E-16,1,0,0,0,1,0,0,0.000444289122,0.9999999,-6.98802849E-10,3.09369934E-13,0.000444289122,0.9999999,-6.98802849E-10,3.09369934E-13,0.000444289122,0.9999999,6.767554E-05,2.98961859E-05,0.0008285309,0.9999997,0,0,-0.000135325885,0.00340101449,2052,0,1,5.7,4.2001122E-10,2.060041E-15,3.64644878E-16,1,0.0301521979,0,0,0.999545336,0,0,0.000222144576,1,0.0301521979,-6.698147E-06,0.000222043571,0.999545336,0.0301521979,-6.698147E-06,0.000222043571,0.999545336,0.0230024736,-3.488108E-05,0.00320515339,0.9997303,0.0154871009,0.0464519672,0.0143042719,0.0342566147,1482,0.0585797243,1,5.7,-5.074521E-09,-3.65132663E-16,-5.4125903E-16,1,0.0292097349,0,0,0.9995733,0,0,0.000222144576,1,0.02920973,-6.488783E-06,0.000222049784,0.9995733,0.02920973,-6.488783E-06,0.000222049784,0.9995733,0.0244674124,1.84607381E-06,-3.186318E-05,0.9997006,0.009518363,0.0489415228,0.009488061,0.0246279668,1482,0.0560828559,1,5.7
HOLD_0.00_FULL,HOLD,113,174,1.74,DESCENT,None,0,1.41759455,0.0049171,0.00521245738,0.9791,0.000803872943,0.00138782349,1.12170923,-0.0463417619,0.0005147422,0.000912404736,-0.00176811754,-0.046939645,0.00156188209,-0.15471904,0.135280982,-0.179305151,0.179305136,true,8,true,true,0,0,0.0009997668,0.000423069258,0.9767017,0.9762114,0.5480336,0.5474299,0.428668082,0.4287815,0.4287815,false,0.392594665,0.3917859,0,0,0,false,false,0.304222822,0.0489512645,0.01551786,thorax,true,false,0.00523716072,1.46779222E-09,-9.636216E-15,-7.331967E-15,1,0,0,0,1,0.02199992,-1.95452139E-05,0.000888206647,0.9997575,0.0219999216,-1.95452158E-05,0.000888206647,0.9997575,0.0219999235,-1.95452176E-05,0.000888206763,0.999757648,0.00281566731,0.000413895235,-0.00195623445,0.9999941,0.03879977,0.00687072938,0.03837268,0.07263871,1710,0.0058882,1,9.5,1.46778956E-09,-2.36301758E-16,-2.05572435E-16,1,0,0,0,1,0.02199992,-1.95452139E-05,0.000888206647,0.9997575,0.0219999216,-1.95452158E-05,0.000888206647,0.9997575,0.0219999235,-1.95452176E-05,0.000888206763,0.999757648,0.00216541137,2.781824E-05,-0.00191154226,0.9999959,0.0400635451,0.005736008,0.0396725163,0.07406173,1710,0.004492389,1,9.5,-2.96887914E-09,-6.20109729E-15,1.816118E-15,1,0,0,0,1,0,0,0,1,-2.96887914E-09,-6.20109729E-15,1.816118E-15,1,-2.96887914E-09,-6.20109729E-15,1.816118E-15,1,0.00188014726,3.545904E-05,-0.0001527464,0.9999983,0.00371863972,0.00371863972,-0.003760303,0.0058177975,2052,0.00146939559,1,6.83999968,-2.96887825E-09,-2.36928837E-15,1.75362544E-15,1,0,0,0,1,0,0,0,1,-2.96887825E-09,-2.36928837E-15,1.75362544E-15,1,-2.96887825E-09,-2.36928837E-15,1.75362544E-15,1,0.002613609,-1.39270692E-10,-1.65438663E-10,0.9999966,0.00521341851,0.00521341851,-0.00522723,0.006298535,2052,0.00206004758,1,6.83999968,-6.988029E-10,-1.10073509E-15,3.8636455E-16,1,0,0,0,1,0,0,0.000444210862,0.9999999,-6.98802849E-10,3.093151E-13,0.000444210862,0.9999999,-6.98802849E-10,3.093151E-13,0.000444210862,0.9999999,0.000184769931,-3.790037E-05,0.00136926991,0.999999046,0,0,-0.000369575,0.003039274,2052,0,1,5.7,-6.988029E-10,-1.100604E-15,-7.35134336E-16,1,0,0,0,1,0,0,0.000444210862,0.9999999,-6.98802849E-10,3.09315236E-13,0.000444210862,0.9999999,-6.98802849E-10,3.09315236E-13,0.000444210862,0.9999999,0.000103467915,3.42235E-05,0.000818472,0.9999997,0,0,-0.0002069068,0.004539813,2052,0,1,5.7,4.2001122E-10,2.060041E-15,3.64644878E-16,1,0.0301521979,0,0,0.999545336,0,0,0.000222105446,1,0.0301521979,-6.69696738E-06,0.000222004455,0.999545336,0.0301521979,-6.69696738E-06,0.000222004455,0.999545336,0.0229808837,-4.197761E-05,0.00318881776,0.9997308,0.01551786,0.0464057438,0.0143474611,0.03464685,1482,0.0585203059,1,5.7,-5.074521E-09,-3.65132663E-16,-5.4125903E-16,1,0.0292097349,0,0,0.9995733,0,0,0.000222105446,1,0.02920973,-6.48764E-06,0.000222010669,0.9995733,0.02920973,-6.48764E-06,0.000222010669,0.9995733,0.024471119,9.09541029E-07,-3.02882163E-05,0.9997006,0.009468134,0.0489415228,0.00948065,0.0242551547,1482,0.0560828559,1,5.7
HOLD_0.00_FULL,HOLD,114,175,1.75,DESCENT,None,0,1.41759384,0.00603012,0.006325868,0.979123652,0.00592160225,0.00139296614,1.12172258,-0.0463590957,0.000551477,0.00439137965,-0.002034546,-0.0470470749,0.00157944753,-0.15471904,0.135280982,-0.179305151,0.179305136,true,8,true,true,0,0,0.00165928854,0.000877095968,0.976730168,0.9762521,0.5480708,0.547471046,0.428659379,0.428781033,0.428781033,false,0.574506342,0.573343754,0,0,0,false,false,0.303812057,0.0489415228,0.0154871009,thorax,true,false,0.00524501642,1.46779222E-09,-9.636216E-15,-7.331967E-15,1,0,0,0,1,0.0419893377,-3.76713833E-05,0.000896373764,0.9991176,0.0419893377,-3.76713833E-05,0.000896373764,0.9991176,0.0319997035,-2.86128816E-05,0.0008923363,0.9994875,0.00290840724,0.000415744144,-0.00208237325,0.9999935,0.07842244,0.00720939,0.05819408,0.107426152,1710,0.00606141938,1,9.5,1.46778956E-09,-2.36301758E-16,-2.05572435E-16,1,0,0,0,1,0.0419893377,-3.76713833E-05,0.000896373764,0.9991176,0.0419893377,-3.76713833E-05,0.000896373764,0.9991176,0.0319997035,-2.86128816E-05,0.0008923363,0.9994875,0.00226288522,2.84924E-05,-0.00203244668,0.99999547,0.07968942,0.006019938,0.05948445,0.108883925,1710,0.004661973,1,9.5,-2.96887914E-09,-6.20109729E-15,1.816118E-15,1,0,0,0,1,0,0,0,1,-2.96887914E-09,-6.20109729E-15,1.816118E-15,1,-2.96887914E-09,-6.20109729E-15,1.816118E-15,1,0.00182283763,3.628011E-05,-0.00015486333,0.9999984,0.00358812045,0.00358812045,-0.003645683,0.00353633938,2052,0.00141782174,1,6.83999968,-2.96887825E-09,-2.36928837E-15,1.75362544E-15,1,0,0,0,1,0,0,0,1,-2.96887825E-09,-2.36928837E-15,1.75362544E-15,1,-2.96887825E-09,-2.36928837E-15,1.75362544E-15,1,0.002578514,-3.06668857E-10,2.84257756E-10,0.9999967,0.00512113841,0.00512113841,-0.0051570395,0.004650287,2052,0.00202358374,1,6.83999968,-6.988029E-10,-1.10073509E-15,3.8636455E-16,1,0,0,0,1,0,0,0.000448582548,0.9999999,-6.98802849E-10,3.12370057E-13,0.000448582548,0.9999999,-6.98802849E-10,3.12370057E-13,0.000448582548,0.9999999,0.0001795403,-3.32679228E-05,0.001386034,0.9999991,0,0,-0.000359111815,0.00226994185,2052,0,1,5.7,-6.988029E-10,-1.100604E-15,-7.35134336E-16,1,0,0,0,1,0,0,0.000448582548,0.9999999,-6.98802849E-10,3.123702E-13,0.000448582548,0.9999999,-6.98802849E-10,3.123702E-13,0.000448582548,0.9999999,7.107081E-05,3.777014E-05,0.000830194331,0.999999642,0,0,-0.000142109115,0.00342188962,2052,0,1,5.7,4.2001122E-10,2.060041E-15,3.64644878E-16,1,0.0301521979,0,0,0.999545336,0,0,0.000224291289,1,0.0301521979,-6.76287527E-06,0.000224189309,0.999545336,0.0301521979,-6.76287527E-06,0.000224189309,0.999545336,0.0230005626,-4.093376E-05,0.00320675015,0.9997303,0.0155024882,0.0464519672,0.0143080894,0.03426556,1482,0.05856652,1,5.7,-5.074521E-09,-3.65132663E-16,-5.4125903E-16,1,0.0292097349,0,0,0.9995733,0,0,0.000224291289,1,0.02920973,-6.551488E-06,0.000224195581,0.9995733,0.02920973,-6.551488E-06,0.000224195581,0.9995733,0.0244663134,-3.130889E-07,-2.95012032E-05,0.999700665,0.009493281,0.04893665,0.00949026,0.0246320534,1482,0.05607727,1,5.7
HOLD_0.00_FULL,HOLD,115,176,1.76,DESCENT,None,0,1.41759181,0.00491783,0.00524875754,0.9791009,0.0008031577,0.00139815419,1.1217103,-0.04637852,0.000522968068,0.000915140845,-0.00189346517,-0.04701879,0.00157499441,-0.15471904,0.135280982,-0.179305151,0.179305136,true,8,true,true,0,0,0.0009969749,0.000424580125,0.976704,0.976211548,0.548036039,0.547430158,0.428667963,0.4287814,0.4287814,false,0.4117168,0.410868615,0,0,0,false,false,0.304224819,0.0489415228,0.01551786,thorax,true,false,0.00523728132,1.46779222E-09,-9.636216E-15,-7.331967E-15,1,0,0,0,1,0.02199992,-1.97250374E-05,0.000896378537,0.9997575,0.0219999216,-1.972504E-05,0.000896378537,0.9997575,0.0219999235,-1.97250411E-05,0.000896378653,0.999757648,0.00283589074,0.000433322944,-0.001951543,0.999994,0.0387690328,0.006939784,0.0383322723,0.07255903,1710,0.0058882,1,9.5,1.46778956E-09,-2.36301758E-16,-2.05572435E-16,1,0,0,0,1,0.02199992,-1.97250374E-05,0.000896378537,0.9997575,0.0219999216,-1.972504E-05,0.000896378537,0.9997575,0.0219999235,-1.97250411E-05,0.000896378653,0.999757648,0.00217806781,4.19519965E-05,-0.00190821325,0.9999959,0.04003973,0.005736008,0.03964723,0.0740091056,1710,0.004492389,1,9.5,-2.96887914E-09,-6.20109729E-15,1.816118E-15,1,0,0,0,1,0,0,0,1,-2.96887914E-09,-6.20109729E-15,1.816118E-15,1,-2.96887914E-09,-6.20109729E-15,1.816118E-15,1,0.00187839638,3.71422175E-05,-0.000153137822,0.9999983,0.00371863972,0.00371863972,-0.00375680113,0.00581779843,2052,0.00146939559,1,6.83999968,-2.96887825E-09,-2.36928837E-15,1.75362544E-15,1,0,0,0,1,0,0,0,1,-2.96887825E-09,-2.36928837E-15,1.75362544E-15,1,-2.96887825E-09,-2.36928837E-15,1.75362544E-15,1,0.00261662784,-1.61886476E-10,6.825668E-11,0.999996662,0.00516748428,0.00516748428,-0.00523326732,0.00630852859,2052,0.00204189681,1,6.83999968,-6.988029E-10,-1.10073509E-15,3.8636455E-16,1,0,0,0,1,0,0,0.0004482978,0.9999999,-6.98802849E-10,3.12171079E-13,0.0004482978,0.9999999,-6.98802849E-10,3.12171079E-13,0.0004482978,0.9999999,0.0001852643,-3.62033352E-05,0.00137146888,0.9999991,0,0,-0.000370562484,0.00304587418,2052,0,1,5.7,-6.988029E-10,-1.100604E-15,-7.35134336E-16,1,0,0,0,1,0,0,0.0004482978,0.9999999,-6.98802849E-10,3.121712E-13,0.0004482978,0.9999999,-6.98802849E-10,3.121712E-13,0.0004482978,0.9999999,0.000106851818,4.2210042E-05,0.000820032437,0.999999642,0,0,-0.000213667183,0.0045618657,2052,0,1,5.7,4.2001122E-10,2.060041E-15,3.64644878E-16,1,0.0301521979,0,0,0.999545336,0,0,0.000224148913,1,0.0301521979,-6.75858246E-06,0.000224047,0.999545336,0.0301521979,-6.75858246E-06,0.000224047,0.999545336,0.0229790919,-4.81243078E-05,0.00319049461,0.9997309,0.01551786,0.0464006066,0.0143510439,0.0346544124,1482,0.0585137,1,5.7,-5.074521E-09,-3.65132663E-16,-5.4125903E-16,1,0.0292097349,0,0,0.9995733,0,0,0.000224148913,1,0.02920973,-6.547329E-06,0.000224053263,0.9995733,0.02920973,-6.547329E-06,0.000224053263,0.9995733,0.02447009,-1.26882844E-06,-2.78864281E-05,0.9997006,0.009468134,0.0489415228,0.009482704,0.0242587514,1482,0.0560828559,1,5.7
HOLD_0.00_FULL,HOLD,116,177,1.77,DESCENT,None,0,1.41759109,0.006028697,0.00636078464,0.9791246,0.005919032,0.00140334421,1.12172341,-0.0463971049,0.000556326529,0.004391392,-0.00216037547,-0.0471276343,0.00159146555,-0.15471904,0.135280982,-0.179305151,0.179305136,true,8,true,true,0,0,0.00165728922,0.0008741034,0.9767324,0.9762524,0.548073053,0.5474713,0.42865932,0.4287811,0.4287811,false,0.555414259,0.554290354,0,0,0,false,false,0.303813517,0.04893665,0.0155024882,thorax,true,false,0.005245137,1.46779222E-09,-9.636216E-15,-7.331967E-15,1,0,0,0,1,0.0419893377,-3.79962657E-05,0.000904104265,0.9991176,0.0419893377,-3.79962657E-05,0.000904104265,0.9991176,0.0319997035,-2.88652736E-05,0.0009002879,0.9994875,0.00292929681,0.000435279217,-0.00207764935,0.999993443,0.07837986,0.0072423853,0.0581523366,0.107342072,1710,0.006103956,1,9.5,1.46778956E-09,-2.36301758E-16,-2.05572435E-16,1,0,0,0,1,0.0419893377,-3.79962657E-05,0.000904104265,0.9991176,0.0419893377,-3.79962657E-05,0.000904104265,0.9991176,0.0319997035,-2.88652736E-05,0.0009002879,0.9994875,0.0022761547,4.26846163E-05,-0.00202901172,0.9999954,0.0796654746,0.00605941331,0.05945793,0.108827427,1710,0.004717146,1,9.5,-2.96887914E-09,-6.20109729E-15,1.816118E-15,1,0,0,0,1,0,0,0,1,-2.96887914E-09,-6.20109729E-15,1.816118E-15,1,-2.96887914E-09,-6.20109729E-15,1.816118E-15,1,0.00182103377,3.797247E-05,-0.00015524897,0.999998331,0.00365396286,0.00365396286,-0.0036420757,0.00353585021,2052,0.00144383893,1,6.83999968,-2.96887825E-09,-2.36928837E-15,1.75362544E-15,1,0,0,0,1,0,0,0,1,-2.96887825E-09,-2.36928837E-15,1.75362544E-15,1,-2.96887825E-09,-2.36928837E-15,1.75362544E-15,1,0.002581548,-2.81078744E-10,2.39661069E-10,0.999996662,0.00516748428,0.00516748428,-0.00516310753,0.00466040848,2052,0.00204189681,1,6.83999968,-6.988029E-10,-1.10073509E-15,3.8636455E-16,1,0,0,0,1,0,0,0.0004524512,0.9999999,-6.98802849E-10,3.150735E-13,0.0004524512,0.9999999,-6.98802849E-10,3.150735E-13,0.0004524512,0.9999999,0.000180030227,-3.154017E-05,0.00138808321,0.9999991,0,0,-0.000360090373,0.00227610045,2052,0,1,5.7,-6.988029E-10,-1.100604E-15,-7.35134336E-16,1,0,0,0,1,0,0,0.0004524512,0.9999999,-6.98802849E-10,3.15073624E-13,0.0004524512,0.9999999,-6.98802849E-10,3.15073624E-13,0.0004524512,0.9999999,7.444529E-05,4.58559261E-05,0.000831588462,0.9999997,0,0,-0.000148850464,0.00344265625,2052,0,1,5.7,4.2001122E-10,2.060041E-15,3.64644878E-16,1,0.0301521979,0,0,0.999545336,0,0,0.000226225617,1,0.0301521979,-6.82119935E-06,0.000226122764,0.999545336,0.0301521979,-6.82119935E-06,0.000226122764,0.999545336,0.0229989327,-4.716697E-05,0.00320846983,0.999730349,0.0154871009,0.0464468375,0.014311349,0.0342729762,1482,0.05856652,1,5.7,-5.074521E-09,-3.65132663E-16,-5.4125903E-16,1,0.0292097349,0,0,0.9995733,0,0,0.000226225617,1,0.02920973,-6.60798923E-06,0.000226129079,0.9995733,0.02920973,-6.60798923E-06,0.000226129079,0.9995733,0.0244653579,-2.51273241E-06,-2.707619E-05,0.999700665,0.009518363,0.04893665,0.00949217,0.0246352125,1482,0.05607727,1,5.7
HOLD_0.00_FULL,HOLD,117,178,1.78,DESCENT,None,0,1.417589,0.00491330028,0.00528213056,0.979101837,0.0007999167,0.001408547,1.121711,-0.0464177877,0.000524331059,0.0009134705,-0.00201954157,-0.04710069,0.00158584816,-0.15471904,0.135280982,-0.179305151,0.179305136,true,8,true,true,0,0,0.0009953587,0.0004272524,0.9767064,0.976211846,0.5480386,0.5474304,0.428667784,0.42878145,0.42878145,false,0.431273431,0.430392832,0,0,0,false,false,0.304226279,0.0489415228,0.0155024882,thorax,true,false,0.00523728225,1.46779222E-09,-9.636216E-15,-7.331967E-15,1,0,0,0,1,0.02199992,-1.9885696E-05,0.000903679349,0.9997575,0.0219999216,-1.98856978E-05,0.000903679349,0.9997575,0.0219999235,-1.98857E-05,0.000903679465,0.999757648,0.002857429,0.000452920649,-0.00194679992,0.999994,0.0387198,0.006939784,0.0382892378,0.07247391,1710,0.0058882,1,9.5,1.46778956E-09,-2.36301758E-16,-2.05572435E-16,1,0,0,0,1,0.02199992,-1.9885696E-05,0.000903679349,0.9997575,0.0219999216,-1.98856978E-05,0.000903679349,0.9997575,0.0219999235,-1.98857E-05,0.000903679465,0.999757648,0.00219193986,5.62047644E-05,-0.00190473243,0.999995768,0.0400218628,0.005818545,0.03961951,0.07395133,1710,0.004492389,1,9.5,-2.96887914E-09,-6.20109729E-15,1.816118E-15,1,0,0,0,1,0,0,0,1,-2.96887914E-09,-6.20109729E-15,1.816118E-15,1,-2.96887914E-09,-6.20109729E-15,1.816118E-15,1,0.00187655608,3.884046E-05,-0.00015352742,0.9999982,0.00378221087,0.00378221087,-0.00375312055,0.00581723452,2052,0.00149451534,1,6.83999968,-2.96887825E-09,-2.36928837E-15,1.75362544E-15,1,0,0,0,1,0,0,0,1,-2.96887825E-09,-2.36928837E-15,1.75362544E-15,1,-2.96887825E-09,-2.36928837E-15,1.75362544E-15,1,0.00261969166,-1.48901558E-10,-8.048885E-11,0.9999966,0.00521341851,0.00521341851,-0.005239395,0.00631892867,2052,0.00206004758,1,6.83999968,-6.988029E-10,-1.10073509E-15,3.8636455E-16,1,0,0,0,1,0,0,0.0004519491,0.9999999,-6.98802849E-10,3.147226E-13,0.0004519491,0.9999999,-6.98802849E-10,3.147226E-13,0.0004519491,0.9999999,0.000185748358,-3.44491673E-05,0.00137335167,0.999999046,0,0,-0.0003715293,0.00305166724,2052,0,1,5.7,-6.988029E-10,-1.100604E-15,-7.35134336E-16,1,0,0,0,1,0,0,0.0004519491,0.9999999,-6.98802849E-10,3.14722749E-13,0.0004519491,0.9999999,-6.98802849E-10,3.14722749E-13,0.0004519491,0.9999999,0.000110210778,5.038752E-05,0.000821163,0.999999642,0,0,-0.000220377391,0.004582224,2052,0,1,5.7,4.2001122E-10,2.060041E-15,3.64644878E-16,1,0.0301521979,0,0,0.999545336,0,0,0.000225974567,1,0.0301521979,-6.81363E-06,0.00022587183,0.999545336,0.0301521979,-6.81363E-06,0.00022587183,0.999545336,0.022977598,-5.44352733E-05,0.0031921987,0.9997309,0.01551786,0.0464006066,0.0143540278,0.0346617252,1482,0.0585137,1,5.7,-5.074521E-09,-3.65132663E-16,-5.4125903E-16,1,0.0292097349,0,0,0.9995733,0,0,0.000225974567,1,0.02920973,-6.600656E-06,0.000225878146,0.9995733,0.02920973,-6.600656E-06,0.000225878146,0.9995733,0.0244691949,-3.49041761E-06,-2.54728857E-05,0.9997006,0.009493281,0.0489415228,0.009484494,0.0242619943,1482,0.0560828559,1,5.7
HOLD_0.00_FULL,HOLD,118,179,1.79,DESCENT,None,0,1.41758811,0.00602270663,0.00639318256,0.9791255,0.005914092,0.00141371659,1.12172437,-0.04643764,0.000554349332,0.00438869372,-0.00228675432,-0.0472109057,0.00160116947,-0.15471904,0.135280982,-0.179305151,0.179305136,true,8,true,true,0,0,0.00165517221,0.0008715442,0.976734757,0.976252556,0.548075557,0.5474717,0.4286592,0.428780854,0.428780854,false,0.5358354,0.5347412,0,0,0,false,false,0.303813845,0.04893665,0.0154871009,thorax,true,false,0.005245257,1.46779222E-09,-9.636216E-15,-7.331967E-15,1,0,0,0,1,0.0419893377,-3.828381E-05,0.0009109463,0.9991176,0.0419893377,-3.828381E-05,0.0009109463,0.9991176,0.0320011973,-2.90907828E-05,0.0009073601,0.99948746,0.00295150536,0.000454943249,-0.00207289914,0.9999934,0.07833725,0.00727523072,0.0581109524,0.107258737,1710,0.0061461986,1,9.5,1.46778956E-09,-2.36301758E-16,-2.05572435E-16,1,0,0,0,1,0.0419893377,-3.828381E-05,0.0009109463,0.9991176,0.0419893377,-3.828381E-05,0.0009109463,0.9991176,0.0320011973,-2.90907828E-05,0.0009073601,0.99948746,0.0022906852,5.68896E-05,-0.002025524,0.999995351,0.0796385258,0.006098633,0.0594318844,0.108770937,1710,0.004771681,1,9.5,-2.96887914E-09,-6.20109729E-15,1.816118E-15,1,0,0,0,1,0,0,0,1,-2.96887914E-09,-6.20109729E-15,1.816118E-15,1,-2.96887914E-09,-6.20109729E-15,1.816118E-15,1,0.001819145,3.96769974E-05,-0.000155637725,0.999998331,0.00365396286,0.00365396286,-0.00363829825,0.00353556452,2052,0.00144383893,1,6.83999968,-2.96887825E-09,-2.36928837E-15,1.75362544E-15,1,0,0,0,1,0,0,0,1,-2.96887825E-09,-2.36928837E-15,1.75362544E-15,1,-2.96887825E-09,-2.36928837E-15,1.75362544E-15,1,0.00258457824,-2.543209E-10,2.68256167E-10,0.999996662,0.00516748428,0.00516748428,-0.005169168,0.0046701394,2052,0.00204189681,1,6.83999968,-6.988029E-10,-1.10073509E-15,3.8636455E-16,1,0,0,0,1,0,0,0.000455875241,0.9999999,-6.98802849E-10,3.17466214E-13,0.000455875241,0.9999999,-6.98802849E-10,3.17466214E-13,0.000455875241,0.9999999,0.000180490635,-2.97619845E-05,0.00138977426,0.999999046,0,0,-0.0003610098,0.00228221668,2052,0,1,5.7,-6.988029E-10,-1.100604E-15,-7.35134336E-16,1,0,0,0,1,0,0,0.000455875241,0.9999999,-6.98802849E-10,3.17466349E-13,0.000455875241,0.9999999,-6.98802849E-10,3.17466349E-13,0.000455875241,0.9999999,7.775246E-05,5.409486E-05,0.0008326045,0.9999997,0,0,-0.000155456975,0.00346355373,2052,0,1,5.7,4.2001122E-10,2.060041E-15,3.64644878E-16,1,0.0301521979,0,0,0.999545336,0,0,0.000227937635,1,0.0301521979,-6.872821E-06,0.000227834,0.999545336,0.0301521979,-6.872821E-06,0.000227834,0.999545336,0.0229975563,-5.35339168E-05,0.00321020768,0.9997304,0.0154871009,0.0464417,0.0143141011,0.03427919,1482,0.05856652,1,5.7,-5.074521E-09,-3.65132663E-16,-5.4125903E-16,1,0.0292097349,0,0,0.9995733,0,0,0.000227937635,1,0.02920973,-6.65799644E-06,0.00022784037,0.9995733,0.02920973,-6.65799644E-06,0.00022784037,0.9995733,0.0244645216,-4.74376657E-06,-2.46776835E-05,0.9997008,0.009468134,0.0489269048,0.009493845,0.024638148,1482,0.05607727,1,5.7
HOLD_0.00_FULL,HOLD,119,180,1.8,DESCENT,None,0,1.417586,0.00490906835,0.005318254,0.9791027,0.000794418156,0.00141886657,1.121712,-0.0464595854,0.000519225956,0.000912146061,-0.002145957,-0.0471852347,0.00159444148,-0.15471904,0.135280982,-0.179305151,0.179305136,true,8,true,true,0,0,0.0009938809,0.0004288294,0.976708531,0.976212,0.548040867,0.5474308,0.428667665,0.4287812,0.4287812,false,0.451461464,0.450531423,0,0,0,false,false,0.3042279,0.0489415228,0.01551786,thorax,true,false,0.00523740239,1.46779222E-09,-9.636216E-15,-7.331967E-15,1,0,0,0,1,0.02199992,-2.00255781E-05,0.0009100362,0.9997575,0.0219999216,-2.002558E-05,0.0009100362,0.9997575,0.0220007934,-2.00263712E-05,0.000910036,0.9997575,0.00288020773,0.0004725834,-0.00194218929,0.999993861,0.0386828333,0.007008158,0.03824547,0.0723883957,1710,0.00597543735,1,9.5,1.46778956E-09,-2.36301758E-16,-2.05572435E-16,1,0,0,0,1,0.02199992,-2.00255781E-05,0.0009100362,0.9997575,0.0219999216,-2.002558E-05,0.0009100362,0.9997575,0.0220007934,-2.00263712E-05,0.000910036,0.9997575,0.00220709969,7.03746045E-05,-0.00190111587,0.999995768,0.0399861,0.005818545,0.0395909622,0.07389165,1710,0.00460613845,1,9.5,-2.96887914E-09,-6.20109729E-15,1.816118E-15,1,0,0,0,1,0,0,0,1,-2.96887914E-09,-6.20109729E-15,1.816118E-15,1,-2.96887914E-09,-6.20109729E-15,1.816118E-15,1,0.00187468575,4.05466053E-05,-0.000153894551,0.999998331,0.00365396286,0.00365396286,-0.00374937942,0.00581802335,2052,0.00144383893,1,6.83999968,-2.96887825E-09,-2.36928837E-15,1.75362544E-15,1,0,0,0,1,0,0,0,1,-2.96887825E-09,-2.36928837E-15,1.75362544E-15,1,-2.96887825E-09,-2.36928837E-15,1.75362544E-15,1,0.00262270262,-1.90495536E-10,-2.4486832E-10,0.9999966,0.00521341851,0.00521341851,-0.005245417,0.00632869,2052,0.00206004758,1,6.83999968,-6.988029E-10,-1.10073509E-15,3.8636455E-16,1,0,0,0,1,0,0,0.0004551283,0.9999999,-6.98802849E-10,3.16944225E-13,0.0004551283,0.9999999,-6.98802849E-10,3.16944225E-13,0.0004551283,0.9999999,0.000186191741,-3.26512854E-05,0.00137495447,0.9999991,0,0,-0.000372414623,0.00305741769,2052,0,1,5.7,-6.988029E-10,-1.100604E-15,-7.35134336E-16,1,0,0,0,1,0,0,0.0004551283,0.9999999,-6.98802849E-10,3.1694436E-13,0.0004551283,0.9999999,-6.98802849E-10,3.1694436E-13,0.0004551283,0.9999999,0.000113471651,5.86767164E-05,0.0008220762,0.9999997,0,0,-0.000226891265,0.004602945,2052,0,1,5.7,4.2001122E-10,2.060041E-15,3.64644878E-16,1,0.0301521979,0,0,0.999545336,0,0,0.00022756416,1,0.0301521979,-6.86155954E-06,0.0002274607,0.999545336,0.0301521979,-6.86155954E-06,0.0002274607,0.999545336,0.0229762755,-6.08517548E-05,0.00319402246,0.999730945,0.01551786,0.04639547,0.0143566718,0.0346680656,1482,0.0585070923,1,5.7,-5.074521E-09,-3.65132663E-16,-5.4125903E-16,1,0.0292097349,0,0,0.9995733,0,0,0.00022756416,1,0.02920973,-6.6470875E-06,0.000227467055,0.9995733,0.02920973,-6.6470875E-06,0.000227467055,0.9995733,0.02446838,-5.73027773E-06,-2.30808218E-05,0.9997006,0.009493281,0.0489415228,0.009486124,0.0242650472,1482,0.0560828559,1,5.7
HOLD_0.00_FULL,HOLD,120,181,1.81,DESCENT,None,0,1.41758513,0.006016694,0.00642779376,0.979126334,0.00590790063,0.001423954,1.1217252,-0.0464807,0.0005460886,0.004385227,-0.00241274666,-0.04729657,0.00160861365,-0.15471904,0.135280982,-0.179305151,0.179305136,true,8,true,true,0,0,0.00165333087,0.00086822384,0.9767369,0.976252735,0.548077941,0.5474721,0.428658962,0.428780615,0.428780615,false,0.5157119,0.514658868,0,0,0,false,false,0.303814262,0.0489269048,0.0154871009,thorax,true,false,0.005245258,1.46779222E-09,-9.636216E-15,-7.331967E-15,1,0,0,0,1,0.0419893377,-3.85302519E-05,0.0009168102,0.9991176,0.0419893377,-3.85302519E-05,0.0009168102,0.9991176,0.0319956727,-2.92788554E-05,0.0009134684,0.999487638,0.0029747996,0.0004745682,-0.00206815824,0.9999933,0.07828852,0.007307929,0.0580533445,0.107146107,1710,0.006188153,1,9.5,1.46778956E-09,-2.36301758E-16,-2.05572435E-16,1,0,0,0,1,0.0419893377,-3.85302519E-05,0.0009168102,0.9991176,0.0419893377,-3.85302519E-05,0.0009168102,0.9991176,0.0319956727,-2.92788554E-05,0.0009134684,0.999487638,0.00230635633,7.10515E-05,-0.002021863,0.9999953,0.0796085745,0.0061376025,0.05938952,0.108685054,1710,0.004825601,1,9.5,-2.96887914E-09,-6.20109729E-15,1.816118E-15,1,0,0,0,1,0,0,0,1,-2.96887914E-09,-6.20109729E-15,1.816118E-15,1,-2.96887914E-09,-6.20109729E-15,1.816118E-15,1,0.00181732327,4.138089E-05,-0.000156006878,0.999998331,0.00365396286,0.00365396286,-0.00363465468,0.00353723438,2052,0.00144383893,1,6.83999968,-2.96887825E-09,-2.36928837E-15,1.75362544E-15,1,0,0,0,1,0,0,0,1,-2.96887825E-09,-2.36928837E-15,1.75362544E-15,1,-2.96887825E-09,-2.36928837E-15,1.75362544E-15,1,0.00258764182,-2.61734218E-10,5.782597E-10,0.999996662,0.00516748428,0.00516748428,-0.00517529529,0.00468126033,2052,0.00204189681,1,6.83999968,-6.988029E-10,-1.10073509E-15,3.8636455E-16,1,0,0,0,1,0,0,0.00045880978,0.9999999,-6.98802849E-10,3.19516874E-13,0.00045880978,0.9999999,-6.98802849E-10,3.19516874E-13,0.00045880978,0.9999999,0.000180946809,-2.794848E-05,0.00139119325,0.999999046,0,0,-0.000361920655,0.00228834059,2052,0,1,5.7,-6.988029E-10,-1.100604E-15,-7.35134336E-16,1,0,0,0,1,0,0,0.00045880978,0.9999999,-6.98802849E-10,3.19517E-13,0.00045880978,0.9999999,-6.98802849E-10,3.19517E-13,0.00045880978,0.9999999,8.102723E-05,6.242638E-05,0.0008333439,0.999999642,0,0,-0.000161998556,0.0034840994,2052,0,1,5.7,4.2001122E-10,2.060041E-15,3.64644878E-16,1,0.0301521979,0,0,0.999545336,0,0,0.0002294049,1,0.0301521979,-6.917062E-06,0.0002293006,0.999545336,0.0301521979,-6.917062E-06,0.0002293006,0.999545336,0.0229963176,-5.99867162E-05,0.00321200932,0.9997304,0.0154871009,0.0464417,0.0143165728,0.0342861451,1482,0.05855992,1,5.7,-5.074521E-09,-3.65132663E-16,-5.4125903E-16,1,0.0292097349,0,0,0.9995733,0,0,0.0002294049,1,0.02920973,-6.700855E-06,0.000229307014,0.9995733,0.02920973,-6.700855E-06,0.000229307014,0.9995733,0.0244637448,-6.988846E-06,-2.23235056E-05,0.9997008,0.009468134,0.0489269048,0.009495397,0.0246407855,1482,0.0560661033,1,5.7
HOLD_0.00_FULL,HOLD,121,182,1.82,DESCENT,None,0,1.417583,0.004902743,0.00535489433,0.9791035,0.0007923916,0.00142899051,1.12171292,-0.0465039,0.0005079511,0.0009115634,-0.002271377,-0.0472719632,0.00160075293,-0.15471904,0.135280982,-0.179305151,0.179305136,true,8,true,true,0,0,0.0009922892,0.000430435437,0.9767107,0.9762122,0.548043132,0.54743135,0.428667545,0.428780854,0.428780854,false,0.471363038,0.470392019,0,0,0,false,false,0.304227054,0.0489415228,0.01551786,thorax,true,false,0.00523752254,1.46779222E-09,-9.636216E-15,-7.331967E-15,1,0,0,0,1,0.02199992,-2.01441726E-05,0.000915425539,0.9997575,0.0219999216,-2.01441744E-05,0.000915425539,0.9997575,0.0219999216,-2.01441744E-05,0.000915425539,0.9997575,0.002904071,0.0004921396,-0.00193760032,0.9999938,0.03863349,0.007042096,0.0381960347,0.0722919554,1710,0.006018582,1,9.5,1.46778956E-09,-2.36301758E-16,-2.05572435E-16,1,0,0,0,1,0.02199992,-2.01441726E-05,0.000915425539,0.9997575,0.0219999216,-2.01441744E-05,0.000915425539,0.9997575,0.0219999216,-2.01441744E-05,0.000915425539,0.9997575,0.002223396,8.441448E-05,-0.00189752586,0.999995768,0.0399562754,0.005818545,0.0395566523,0.07382052,1710,0.00460613845,1,9.5,-2.96887914E-09,-6.20109729E-15,1.816118E-15,1,0,0,0,1,0,0,0,1,-2.96887914E-09,-6.20109729E-15,1.816118E-15,1,-2.96887914E-09,-6.20109729E-15,1.816118E-15,1,0.00187289319,4.22465055E-05,-0.000154257315,0.999998331,0.00365396286,0.00365396286,-0.0037457943,0.005819245,2052,0.00144383893,1,6.83999968,-2.96887825E-09,-2.36928837E-15,1.75362544E-15,1,0,0,0,1,0,0,0,1,-2.96887825E-09,-2.36928837E-15,1.75362544E-15,1,-2.96887825E-09,-2.36928837E-15,1.75362544E-15,1,0.00262578879,-9.27789442E-11,-2.5873198E-10,0.999996543,0.00525895134,0.00525895134,-0.0052515897,0.00633903639,2052,0.00207803957,1,6.83999968,-6.988029E-10,-1.10073509E-15,3.8636455E-16,1,0,0,0,1,0,0,0.000457823626,0.9999999,-6.98802849E-10,3.18827755E-13,0.000457823626,0.9999999,-6.98802849E-10,3.18827755E-13,0.000457823626,0.9999999,0.0001866581,-3.08216222E-05,0.001376229,0.999999046,0,0,-0.000373345829,0.00306275487,2052,0,1,5.7,-6.988029E-10,-1.100604E-15,-7.35134336E-16,1,0,0,0,1,0,0,0.000457823626,0.9999999,-6.98802849E-10,3.18827863E-13,0.000457823626,0.9999999,-6.98802849E-10,3.18827863E-13,0.000457823626,0.9999999,0.000116709867,6.70306545E-05,0.0008226811,0.9999997,0,0,-0.000233359722,0.004622954,2052,0,1,5.7,4.2001122E-10,2.060041E-15,3.64644878E-16,1,0.0301521979,0,0,0.999545336,0,0,0.000228911827,1,0.0301521979,-6.902195E-06,0.000228807752,0.999545336,0.0301521979,-6.902195E-06,0.000228807752,0.999545336,0.0229750946,-6.732497E-05,0.00319585344,0.999731,0.0155024882,0.04639033,0.0143590318,0.0346755572,1482,0.0585137,1,5.7,-5.074521E-09,-3.65132663E-16,-5.4125903E-16,1,0.0292097349,0,0,0.9995733,0,0,0.000228911827,1,0.02920973,-6.68645271E-06,0.000228814155,0.9995733,0.02920973,-6.68645271E-06,0.000228814155,0.9995733,0.0244676247,-7.975293E-06,-2.07594367E-05,0.999700665,0.009468134,0.04893665,0.00948763452,0.0242682565,1482,0.05607727,1,5.7
HOLD_0.00_FULL,HOLD,122,183,1.83,DESCENT,None,0,1.417582,0.006011978,0.006466114,0.9791273,0.00591132045,0.00143393478,1.12172616,-0.0465262644,0.0005318975,0.004389275,-0.00253808848,-0.04738452,0.00161379576,-0.15471904,0.135280982,-0.179305151,0.179305136,true,8,true,true,0,0,0.00165263109,0.000865994953,0.976739168,0.976253152,0.548080266,0.5474727,0.4286589,0.428780437,0.428780437,false,0.4954643,0.494452655,0,0,0,false,false,0.303815335,0.0489269048,0.0154871009,thorax,true,false,0.005245378,1.46779222E-09,-9.636216E-15,-7.331967E-15,1,0,0,0,1,0.0419893377,-3.873562E-05,0.0009216968,0.9991176,0.0419893377,-3.873562E-05,0.0009216968,0.9991176,0.0319982171,-2.9443212E-05,0.000918607751,0.9994876,0.00299931737,0.000494038162,-0.00206371886,0.999993265,0.0782397762,0.007340481,0.05800945,0.107057594,1710,0.00622982439,1,9.5,1.46778956E-09,-2.36301758E-16,-2.05572435E-16,1,0,0,0,1,0.0419893377,-3.873562E-05,0.0009216968,0.9991176,0.0419893377,-3.873562E-05,0.0009216968,0.9991176,0.0319982171,-2.9443212E-05,0.000918607751,0.9994876,0.00232335972,8.50203942E-05,-0.002018299,0.999995232,0.07957562,0.006176326,0.0593606234,0.1086216,1710,0.004771681,1,9.5,-2.96887914E-09,-6.20109729E-15,1.816118E-15,1,0,0,0,1,0,0,0,1,-2.96887914E-09,-6.20109729E-15,1.816118E-15,1,-2.96887914E-09,-6.20109729E-15,1.816118E-15,1,0.00181551254,4.30726832E-05,-0.00015635982,0.9999984,0.00358812045,0.00358812045,-0.00363103277,0.0035377,2052,0.00141782174,1,6.83999968,-2.96887825E-09,-2.36928837E-15,1.75362544E-15,1,0,0,0,1,0,0,0,1,-2.96887825E-09,-2.36928837E-15,1.75362544E-15,1,-2.96887825E-09,-2.36928837E-15,1.75362544E-15,1,0.00259071286,-2.56674015E-10,5.26222954E-10,0.999996662,0.00516748428,0.00516748428,-0.00518143736,0.00469091861,2052,0.00204189681,1,6.83999968,-6.988029E-10,-1.10073509E-15,3.8636455E-16,1,0,0,0,1,0,0,0.000461255229,0.9999999,-6.98802849E-10,3.21225766E-13,0.000461255229,0.9999999,-6.98802849E-10,3.21225766E-13,0.000461255229,0.9999999,0.000181402138,-2.61077112E-05,0.00139234681,0.999999,0,0.00284714461,-0.0003628298,0.00229337974,2052,0,1,5.7,-6.988029E-10,-1.100604E-15,-7.35134336E-16,1,0,0,0,1,0,0,0.000461255229,0.9999999,-6.98802849E-10,3.212259E-13,0.000461255229,0.9999999,-6.98802849E-10,3.212259E-13,0.000461255229,0.9999999,8.421793E-05,7.078781E-05,0.0008338185,0.999999642,0,0,-0.000168371931,0.003503005,2052,0,1,5.7,4.2001122E-10,2.060041E-15,3.64644878E-16,1,0.0301521979,0,0,0.999545336,0,0,0.000230627629,1,0.0301521979,-6.95393E-06,0.000230522768,0.999545336,0.0301521979,-6.95393E-06,0.000230522768,0.999545336,0.022995213,-6.6478744E-05,0.00321384519,0.9997304,0.0155024882,0.0464417,0.01431878,0.0342939422,1482,0.0585533231,1,5.7,-5.074521E-09,-3.65132663E-16,-5.4125903E-16,1,0.0292097349,0,0,0.9995733,0,0,0.000230627629,1,0.02920973,-6.73657041E-06,0.000230529215,0.9995733,0.02920973,-6.73657041E-06,0.000230529215,0.9995733,0.024463011,-9.238394E-06,-2.0073674E-05,0.9997008,0.009493281,0.0489269048,0.009496865,0.0246441923,1482,0.0560661033,1,5.7
HOLD_0.00_FULL,HOLD,123,184,1.84,DESCENT,None,0,1.41757977,0.00490171462,0.00539959362,0.9791045,0.0007969439,0.00143880059,1.12171388,-0.0465507172,0.000490930339,0.000917709549,-0.00239654677,-0.0473611057,0.00160480756,-0.15471904,0.135280982,-0.179305151,0.179305136,true,8,true,true,0,0,0.0009915087,0.00043187433,0.976712942,0.9762128,0.5480455,0.547431946,0.428667426,0.428780854,0.428780854,false,0.492331922,0.491308838,0,0,0,false,false,0.3042281,0.04893665,0.0155024882,thorax,true,false,0.00523776142,1.46779222E-09,-9.636216E-15,-7.331967E-15,1,0,0,0,1,0.02199992,-2.02408137E-05,0.000919817248,0.9997575,0.0219999216,-2.02408155E-05,0.000919817248,0.9997575,0.0219999216,-2.02408155E-05,0.000919817248,0.9997575,0.00292913872,0.000511469261,-0.00193322322,0.999993742,0.038584087,0.00707587134,0.03814594,0.07219421,1710,0.00606141938,1,9.5,1.46778956E-09,-2.36301758E-16,-2.05572435E-16,1,0,0,0,1,0.02199992,-2.02408137E-05,0.000919817248,0.9997575,0.0219999216,-2.02408155E-05,0.000919817248,0.9997575,0.0219999216,-2.02408155E-05,0.000919817248,0.9997575,0.00224101986,9.822886E-05,-0.001893957,0.999995768,0.03991448,0.005818545,0.03952143,0.0737467557,1710,0.00460613845,1,9.5,-2.96887914E-09,-6.20109729E-15,1.816118E-15,1,0,0,0,1,0,0,0,1,-2.96887914E-09,-6.20109729E-15,1.816118E-15,1,-2.96887914E-09,-6.20109729E-15,1.816118E-15,1,0.00187112391,4.39269861E-05,-0.000154602312,0.9999982,0.00378221087,0.00378221087,-0.0037422562,0.00582092069,2052,0.00144383893,1,6.83999968,-2.96887825E-09,-2.36928837E-15,1.75362544E-15,1,0,0,0,1,0,0,0,1,-2.96887825E-09,-2.36928837E-15,1.75362544E-15,1,-2.96887825E-09,-2.36928837E-15,1.75362544E-15,1,0.00262884167,-1.26214525E-10,-8.836457E-11,0.9999966,0.00521341851,0.00521341851,-0.005257695,0.006349037,2052,0.00206004758,1,6.83999968,-6.988029E-10,-1.10073509E-15,3.8636455E-16,1,0,0,0,1,0,0,0.00046002,0.9999999,-6.98802849E-10,3.20362579E-13,0.00046002,0.9999999,-6.98802849E-10,3.20362579E-13,0.00046002,0.9999999,0.000187106518,-2.897729E-05,0.00137723715,0.9999991,0,0,-0.000374241121,0.00306790438,2052,0,1,5.7,-6.988029E-10,-1.100604E-15,-7.35134336E-16,1,0,0,0,1,0,0,0.00046002,0.9999999,-6.98802849E-10,3.20362714E-13,0.00046002,0.9999999,-6.98802849E-10,3.20362714E-13,0.00046002,0.9999999,0.000119874261,7.537898E-05,0.0008230211,0.9999997,0,0,-0.000239680536,0.004642354,2052,0,1,5.7,4.2001122E-10,2.060041E-15,3.64644878E-16,1,0.0301521979,0,0,0.999545336,0,0,0.000230010017,1,0.0301521979,-6.93530774E-06,0.000229905447,0.999545336,0.0301521979,-6.93530774E-06,0.000229905447,0.999545336,0.0229740124,-7.38167146E-05,0.00319766812,0.999731,0.01551786,0.04639033,0.0143611934,0.0346838124,1482,0.0585004874,1,5.7,-5.074521E-09,-3.65132663E-16,-5.4125903E-16,1,0.0292097349,0,0,0.9995733,0,0,0.000230010017,1,0.02920973,-6.71853E-06,0.000229911864,0.9995733,0.02920973,-6.71853E-06,0.000229911864,0.9995733,0.02446689,-1.02165259E-05,-1.85911176E-05,0.999700665,0.009493281,0.04893665,0.0094891,0.02427158,1482,0.05607727,1,5.7
HOLD_0.00_FULL,HOLD,124,185,1.85,DESCENT,None,0,1.41757894,0.00601279736,0.00651250128,0.979128361,0.005914241,0.001443547,1.12172723,-0.0465743244,0.0005121647,0.004394932,-0.00266337232,-0.0474749431,0.00161673536,-0.15471904,0.135280982,-0.179305151,0.179305136,true,8,true,true,0,0,0.00165235787,0.000863983645,0.976741433,0.976253867,0.5480827,0.547473431,0.428658724,0.428780437,0.428780437,false,0.4746719,0.473702669,0,0,0,false,false,0.303816,0.0489269048,0.0155024882,thorax,true,false,0.005245498,1.46779222E-09,-9.636216E-15,-7.331967E-15,1,0,0,0,1,0.0419893377,-3.8899E-05,0.0009255844,0.9991176,0.0419893377,-3.8899E-05,0.0009255844,0.9991176,0.0319982134,-2.9573237E-05,0.000922747538,0.9994875,0.00302496064,0.000513179635,-0.00205936283,0.999993145,0.07819099,0.007405156,0.0579581931,0.106956,1710,0.006312342,1,9.5,1.46778956E-09,-2.36301758E-16,-2.05572435E-16,1,0,0,0,1,0.0419893377,-3.8899E-05,0.0009255844,0.9991176,0.0419893377,-3.8899E-05,0.0009255844,0.9991176,0.0319982134,-2.9573237E-05,0.000922747538,0.9994875,0.002341654,9.861926E-05,-0.00201469148,0.999995232,0.07953965,0.006176326,0.0593240559,0.108543955,1710,0.00487892376,1,9.5,-2.96887914E-09,-6.20109729E-15,1.816118E-15,1,0,0,0,1,0,0,0,1,-2.96887914E-09,-6.20109729E-15,1.816118E-15,1,-2.96887914E-09,-6.20109729E-15,1.816118E-15,1,0.00181379879,4.47379571E-05,-0.000156694878,0.9999984,0.00358812045,0.00358812045,-0.00362760527,0.00353980367,2052,0.00141782174,1,6.83999968,-2.96887825E-09,-2.36928837E-15,1.75362544E-15,1,0,0,0,1,0,0,0,1,-2.96887825E-09,-2.36928837E-15,1.75362544E-15,1,-2.96887825E-09,-2.36928837E-15,1.75362544E-15,1,0.00259373174,-3.53854446E-10,3.05289238E-10,0.9999967,0.00512113841,0.00512113841,-0.005187475,0.004700647,2052,0.00202358374,1,6.83999968,-6.988029E-10,-1.10073509E-15,3.8636455E-16,1,0,0,0,1,0,0,0.000463200762,0.9999999,-6.98802849E-10,3.225853E-13,0.000463200762,0.9999999,-6.98802849E-10,3.225853E-13,0.000463200762,0.9999999,0.000181864336,-2.42646129E-05,0.00139319827,0.999999046,0,0,-0.000363752537,0.00229874812,2052,0,1,5.7,-6.988029E-10,-1.100604E-15,-7.35134336E-16,1,0,0,0,1,0,0,0.000463200762,0.9999999,-6.98802849E-10,3.22585437E-13,0.000463200762,0.9999999,-6.98802849E-10,3.22585437E-13,0.000463200762,0.9999999,8.73688841E-05,7.909705E-05,0.0008340304,0.999999642,0,0,-0.000174665867,0.0035220522,2052,0,1,5.7,4.2001122E-10,2.060041E-15,3.64644878E-16,1,0.0301521979,0,0,0.999545336,0,0,0.0002316004,1,0.0301521979,-6.983261E-06,0.0002314951,0.999545336,0.0301521979,-6.983261E-06,0.0002314951,0.999545336,0.0229941458,-7.295199E-05,0.00321562076,0.999730468,0.0154871009,0.0464365631,0.0143209118,0.0343018733,1482,0.05855992,1,5.7,-5.074521E-09,-3.65132663E-16,-5.4125903E-16,1,0.0292097349,0,0,0.9995733,0,0,0.0002316004,1,0.02920973,-6.764985E-06,0.000231501574,0.9995733,0.02920973,-6.764985E-06,0.000231501574,0.9995733,0.02446228,-1.14640034E-05,-1.79850431E-05,0.9997008,0.009493281,0.0489269048,0.009498323,0.0246474016,1482,0.0560661033,1,5.7
HOLD_0.00_FULL,HOLD,125,186,1.86,DESCENT,None,0,1.41757667,0.00489866734,0.005445808,0.9791057,0.000796996057,0.00144818577,1.12171519,-0.0466000326,0.0004685315,0.000919556769,-0.00252218428,-0.0474529043,0.00160661875,-0.15471904,0.135280982,-0.179305151,0.179305136,true,8,true,true,0,0,0.0009910404,0.000432668,0.976715267,0.9762136,0.548048139,0.5474329,0.428667128,0.428780675,0.428780675,false,0.513647735,0.5125896,0,0,0,false,false,0.3042288,0.04893665,0.01551786,thorax,true,false,0.005237762,1.46779222E-09,-9.636216E-15,-7.331967E-15,1,0,0,0,1,0.02199992,-2.03152922E-05,0.000923201849,0.9997575,0.0219999216,-2.0315294E-05,0.000923201849,0.9997575,0.0220007934,-2.03161017E-05,0.0009232018,0.9997575,0.00295540737,0.0005303923,-0.00192878535,0.9999937,0.03852843,0.007109486,0.03809518,0.07209416,1710,0.006103956,1,9.5,1.46778956E-09,-2.36301758E-16,-2.05572435E-16,1,0,0,0,1,0.02199992,-2.03152922E-05,0.000923201849,0.9997575,0.0219999216,-2.0315294E-05,0.000923201849,0.9997575,0.0220007934,-2.03161017E-05,0.0009232018,0.9997575,0.00226000859,0.000111697431,-0.00189036934,0.9999957,0.03987862,0.00585937733,0.03948522,0.07366998,1710,0.004661973,1,9.5,-2.96887914E-09,-6.20109729E-15,1.816118E-15,1,0,0,0,1,0,0,0,1,-2.96887914E-09,-6.20109729E-15,1.816118E-15,1,-2.96887914E-09,-6.20109729E-15,1.816118E-15,1,0.00186943577,4.55749832E-05,-0.000154932961,0.999998331,0.00365396286,0.00365396286,-0.00373887946,0.005822898,2052,0.00144383893,1,6.83999968,-2.96887825E-09,-2.36928837E-15,1.75362544E-15,1,0,0,0,1,0,0,0,1,-2.96887825E-09,-2.36928837E-15,1.75362544E-15,1,-2.96887825E-09,-2.36928837E-15,1.75362544E-15,1,0.00263181957,-1.08672411E-10,3.546073E-11,0.999996543,0.00525895134,0.00525895134,-0.00526365126,0.00635869941,2052,0.00207803957,1,6.83999968,-6.988029E-10,-1.10073509E-15,3.8636455E-16,1,0,0,0,1,0,0,0.0004617127,0.9999999,-6.98802849E-10,3.21545443E-13,0.0004617127,0.9999999,-6.98802849E-10,3.21545443E-13,0.0004617127,0.9999999,0.000187590558,-2.71389781E-05,0.001377881,0.999999046,0,0,-0.0003752076,0.00307259872,2052,0,1,5.7,-6.988029E-10,-1.100604E-15,-7.35134336E-16,1,0,0,0,1,0,0,0.0004617127,0.9999999,-6.98802849E-10,3.21545579E-13,0.0004617127,0.9999999,-6.98802849E-10,3.21545579E-13,0.0004617127,0.9999999,0.000123037476,8.364302E-05,0.0008230942,0.9999997,0,0,-0.000245999079,0.004661319,2052,0,1,5.7,4.2001122E-10,2.060041E-15,3.64644878E-16,1,0.0301521979,0,0,0.999545336,0,0,0.000230856371,1,0.0301521979,-6.960827E-06,0.000230751408,0.999545336,0.0301521979,-6.960827E-06,0.000230751408,0.999545336,0.022973,-8.02737E-05,0.003199362,0.999731,0.01551786,0.04639033,0.0143632162,0.0346918963,1482,0.0585004874,1,5.7,-5.074521E-09,-3.65132663E-16,-5.4125903E-16,1,0.0292097349,0,0,0.9995733,0,0,0.000230856371,1,0.02920973,-6.743252E-06,0.000230757869,0.9995733,0.02920973,-6.743252E-06,0.000230757869,0.9995733,0.02446621,-1.24325934E-05,-1.65895453E-05,0.999700665,0.009493281,0.04893665,0.009490463,0.0242742952,1482,0.05607727,1,5.7
HOLD_0.00_FULL,HOLD,126,187,1.87,DESCENT,None,0,1.4175756,0.006003611,0.00655248668,0.9791297,0.005910836,0.00145268091,1.12172854,-0.0466249,0.000487233978,0.004392481,-0.00278958026,-0.0475681946,0.00161743909,-0.15471904,0.135280982,-0.179305151,0.179305136,true,8,true,true,0,0,0.00165270711,0.0008618049,0.976743937,0.9762547,0.5480852,0.5474746,0.428658724,0.428780079,0.428780079,false,0.4531426,0.452225655,0,0,0,false,false,0.30381608,0.0489269048,0.0154871009,thorax,true,false,0.00524561759,1.46779222E-09,-9.636216E-15,-7.331967E-15,1,0,0,0,1,0.0419893377,-3.901995E-05,0.00092846225,0.9991176,0.0419893377,-3.901995E-05,0.00092846225,0.9991176,0.03199716,-2.966997E-05,0.0009258784,0.9994876,0.00305177248,0.0005318476,-0.00205509551,0.9999931,0.07813607,0.00743728271,0.0579024963,0.106846191,1710,0.006353199,1,9.5,1.46778956E-09,-2.36301758E-16,-2.05572435E-16,1,0,0,0,1,0.0419893377,-3.901995E-05,0.00092846225,0.9991176,0.0419893377,-3.901995E-05,0.00092846225,0.9991176,0.03199716,-2.966997E-05,0.0009258784,0.9994876,0.00236132555,0.000111904075,-0.00201103278,0.999995232,0.07949766,0.006176326,0.05928263,0.108456858,1710,0.00487892376,1,9.5,-2.96887914E-09,-6.20109729E-15,1.816118E-15,1,0,0,0,1,0,0,0,1,-2.96887914E-09,-6.20109729E-15,1.816118E-15,1,-2.96887914E-09,-6.20109729E-15,1.816118E-15,1,0.00181220763,4.63612123E-05,-0.00015700252,0.9999984,0.00358812045,0.00358812045,-0.003624423,0.003542366,2052,0.00141782174,1,6.83999968,-2.96887825E-09,-2.36928837E-15,1.75362544E-15,1,0,0,0,1,0,0,0,1,-2.96887825E-09,-2.36928837E-15,1.75362544E-15,1,-2.96887825E-09,-2.36928837E-15,1.75362544E-15,1,0.002596684,-3.01957542E-10,3.38417322E-10,0.999996662,0.00516748428,0.00516748428,-0.00519337971,0.004710581,2052,0.00204189681,1,6.83999968,-6.988029E-10,-1.10073509E-15,3.8636455E-16,1,0,0,0,1,0,0,0.000464640965,0.9999999,-6.98802849E-10,3.235917E-13,0.000464640965,0.9999999,-6.98802849E-10,3.235917E-13,0.000464640965,0.9999999,0.000182365649,-2.24436317E-05,0.00139371294,0.999999,0,0.00284714461,-0.0003647536,0.00230307225,2052,0,1,5.7,-6.988029E-10,-1.100604E-15,-7.35134336E-16,1,0,0,0,1,0,0,0.000464640965,0.9999999,-6.98802849E-10,3.23591848E-13,0.000464640965,0.9999999,-6.98802849E-10,3.23591848E-13,0.000464640965,0.9999999,9.054882E-05,8.729985E-05,0.0008339336,0.999999642,0,0,-0.0001810179,0.003539167,2052,0,1,5.7,4.2001122E-10,2.060041E-15,3.64644878E-16,1,0.0301521979,0,0,0.999545336,0,0,0.0002323205,1,0.0301521979,-7.00497367E-06,0.000232214865,0.999545336,0.0301521979,-7.00497367E-06,0.000232214865,0.999545336,0.02299318,-7.93846339E-05,0.00321727083,0.9997305,0.0154871009,0.04643143,0.0143228415,0.03431088,1482,0.0585533231,1,5.7,-5.074521E-09,-3.65132663E-16,-5.4125903E-16,1,0.0292097349,0,0,0.9995733,0,0,0.0002323205,1,0.02920973,-6.78601873E-06,0.00023222137,0.9995733,0.02920973,-6.78601873E-06,0.00023222137,0.9995733,0.0244616549,-1.36632607E-05,-1.6044005E-05,0.999700844,0.009468134,0.04892203,0.009499577,0.0246500019,1482,0.0560716875,1,5.7
HOLD_0.00_FULL,HOLD,127,188,1.8800000000000001,DESCENT,None,0,1.41757321,0.004888311,0.00548893632,0.9791069,0.000789538,0.00145704753,1.12171638,-0.0466518737,0.0004412931,0.000914370641,-0.00264865323,-0.04754751,0.00160627,-0.15471904,0.135280982,-0.179305151,0.179305136,true,8,true,true,0,0,0.0009911014,0.0004337056,0.9767177,0.976214468,0.5480506,0.5474341,0.428667128,0.428780377,0.428780377,false,0.5355105,0.534397662,0,0,0,false,false,0.304228723,0.04893665,0.01551786,thorax,true,false,0.00523776235,1.46779222E-09,-9.636216E-15,-7.331967E-15,1,0,0,0,1,0.02199992,-2.03673189E-05,0.0009255661,0.9997575,0.0219999216,-2.036732E-05,0.0009255661,0.9997575,0.0219999216,-2.036732E-05,0.0009255661,0.9997575,0.00298267673,0.000548803131,-0.00192469463,0.9999936,0.0384726934,0.007142943,0.0380389355,0.07198542,1710,0.00622982439,1,9.5,1.46778956E-09,-2.36301758E-16,-2.05572435E-16,1,0,0,0,1,0.02199992,-2.03673189E-05,0.0009255661,0.9997575,0.0219999216,-2.036732E-05,0.0009255661,0.9997575,0.0219999216,-2.036732E-05,0.0009255661,0.9997575,0.00228031725,0.000124759317,-0.00188679679,0.999995649,0.0398427323,0.005899927,0.0394428857,0.07358256,1710,0.004717146,1,9.5,-2.96887914E-09,-6.20109729E-15,1.816118E-15,1,0,0,0,1,0,0,0,1,-2.96887914E-09,-6.20109729E-15,1.816118E-15,1,-2.96887914E-09,-6.20109729E-15,1.816118E-15,1,0.00186796382,4.71783133E-05,-0.000155226924,0.999998331,0.00365396286,0.00365396286,-0.00373593555,0.00582635263,2052,0.00144383893,1,6.83999968,-2.96887825E-09,-2.36928837E-15,1.75362544E-15,1,0,0,0,1,0,0,0,1,-2.96887825E-09,-2.36928837E-15,1.75362544E-15,1,-2.96887825E-09,-2.36928837E-15,1.75362544E-15,1,0.00263474532,-2.02938277E-10,-8.92524943E-11,0.999996543,0.00525895134,0.00525895134,-0.00526950276,0.00636861939,2052,0.00207803957,1,6.83999968,-6.988029E-10,-1.10073509E-15,3.8636455E-16,1,0,0,0,1,0,0,0.000462895143,0.9999999,-6.98802849E-10,3.22371741E-13,0.000462895143,0.9999999,-6.98802849E-10,3.22371741E-13,0.000462895143,0.9999999,0.000188111546,-2.5334095E-05,0.00137825962,0.9999991,0,0,-0.000376247946,0.00307700387,2052,0,1,5.7,-6.988029E-10,-1.100604E-15,-7.35134336E-16,1,0,0,0,1,0,0,0.000462895143,0.9999999,-6.98802849E-10,3.22371876E-13,0.000462895143,0.9999999,-6.98802849E-10,3.22371876E-13,0.000462895143,0.9999999,0.000126207713,9.177036E-05,0.0008228928,0.999999642,0,0,-0.00025233184,0.0046793134,2052,0,1,5.7,4.2001122E-10,2.060041E-15,3.64644878E-16,1,0.0301521979,0,0,0.999545336,0,0,0.000231447586,1,0.0301521979,-6.97865335E-06,0.000231342361,0.999545336,0.0301521979,-6.97865335E-06,0.000231342361,0.999545336,0.0229719989,-8.665406E-05,0.00320094172,0.999731,0.0155332163,0.04639033,0.0143652139,0.0347011946,1482,0.0585004874,1,5.7,-5.074521E-09,-3.65132663E-16,-5.4125903E-16,1,0.0292097349,0,0,0.9995733,0,0,0.000231447586,1,0.02920973,-6.7605215E-06,0.000231348822,0.9995733,0.02920973,-6.7605215E-06,0.000231348822,0.9995733,0.0244655684,-1.46005923E-05,-1.47632345E-05,0.999700665,0.009493281,0.04893665,0.009491743,0.024277756,1482,0.05607727,1,5.7
HOLD_0.00_FULL,HOLD,128,189,1.8900000000000001,DESCENT,None,0,1.41757226,0.005998008,0.006599178,0.9791306,0.005904533,0.00146124768,1.12172973,-0.04667801,0.000457920338,0.00439159432,-0.00291626365,-0.0476641469,0.00161609356,-0.15471904,0.135280982,-0.179305151,0.179305136,true,8,true,true,0,0,0.00165257417,0.0008597788,0.976745963,0.976255536,0.5480876,0.5474756,0.428658366,0.42877996,0.42877996,false,0.431283742,0.430403084,0,0,0,false,false,0.3038164,0.04892203,0.0154871009,thorax,true,false,0.00524561759,1.46779222E-09,-9.636216E-15,-7.331967E-15,1,0,0,0,1,0.0419893377,-3.90978E-05,0.000930314651,0.9991176,0.0419893377,-3.90978E-05,0.000930314651,0.9991176,0.0319982134,-2.97359056E-05,0.0009279873,0.9994875,0.00307950238,0.0005499578,-0.002051255,0.999993,0.0780811161,0.00746927131,0.05784918,0.106741674,1710,0.006393795,1,9.5,1.46778956E-09,-2.36301758E-16,-2.05572435E-16,1,0,0,0,1,0.0419893377,-3.90978E-05,0.000930314651,0.9991176,0.0419893377,-3.90978E-05,0.000930314651,0.9991176,0.0319982134,-2.97359056E-05,0.0009279873,0.9994875,0.00238220766,0.000124673243,-0.00200778549,0.9999952,0.07945565,0.006214808,0.059243,0.108373851,1710,0.00493167061,1,9.5,-2.96887914E-09,-6.20109729E-15,1.816118E-15,1,0,0,0,1,0,0,0,1,-2.96887914E-09,-6.20109729E-15,1.816118E-15,1,-2.96887914E-09,-6.20109729E-15,1.816118E-15,1,0.001810832,4.79407136E-05,-0.000157286166,0.999998331,0.00365396286,0.00365396286,-0.003621672,0.0035469702,2052,0.00144383893,1,6.83999968,-2.96887825E-09,-2.36928837E-15,1.75362544E-15,1,0,0,0,1,0,0,0,1,-2.96887825E-09,-2.36928837E-15,1.75362544E-15,1,-2.96887825E-09,-2.36928837E-15,1.75362544E-15,1,0.00259959884,-2.33493419E-10,3.09712062E-10,0.999996662,0.00516748428,0.00516748428,-0.00519920932,0.00472043641,2052,0.00204189681,1,6.83999968,-6.988029E-10,-1.10073509E-15,3.8636455E-16,1,0,0,0,1,0,0,0.00046556798,0.9999999,-6.98802849E-10,3.24239523E-13,0.00046556798,0.9999999,-6.98802849E-10,3.24239523E-13,0.00046556798,0.9999999,0.000182882548,-2.06540662E-05,0.0013939623,0.999999046,0,0,-0.0003657857,0.0023084702,2052,0,1,5.7,-6.988029E-10,-1.100604E-15,-7.35134336E-16,1,0,0,0,1,0,0,0.00046556798,0.9999999,-6.98802849E-10,3.24239659E-13,0.00046556798,0.9999999,-6.98802849E-10,3.24239659E-13,0.00046556798,0.9999999,9.368584E-05,9.533368E-05,0.0008336351,0.999999642,0,0,-0.000187284284,0.00355798425,2052,0,1,5.7,4.2001122E-10,2.060041E-15,3.64644878E-16,1,0.0301521979,0,0,0.999545336,0,0,0.000232784,1,0.0301521979,-7.01894942E-06,0.000232678169,0.999545336,0.0301521979,-7.01894942E-06,0.000232678169,0.999545336,0.0229920465,-8.570548E-05,0.00321878656,0.999730468,0.0155024882,0.0464365631,0.0143251047,0.0343189053,1482,0.0585467219,1,5.7,-5.074521E-09,-3.65132663E-16,-5.4125903E-16,1,0.0292097349,0,0,0.9995733,0,0,0.000232784,1,0.02920973,-6.799558E-06,0.000232684673,0.9995733,0.02920973,-6.799558E-06,0.000232684673,0.9995733,0.0244609118,-1.58052353E-05,-1.43527741E-05,0.999700844,0.009493281,0.04892203,0.009501061,0.02465447,1482,0.0560605153,1,5.7
HOLD_0.00_FULL,HOLD,129,190,1.9000000000000001,DESCENT,None,0,1.41756988,0.004881792,0.005539589,0.979108036,0.000792607665,0.00146529754,1.12171757,-0.0467062481,0.000409927743,0.0009180087,-0.00277541648,-0.04764475,0.001603914,-0.15471904,0.135280982,-0.179305151,0.179305136,true,8,true,true,0,0,0.0009917602,0.000435077964,0.976719856,0.976215363,0.5480529,0.547435164,0.428666949,0.4287802,0.4287802,false,0.5579142,0.5567548,0,0,0,false,false,0.3042283,0.04893665,0.0155332163,thorax,true,false,0.00523788156,1.46779222E-09,-9.636216E-15,-7.331967E-15,1,0,0,0,1,0.02199992,-2.03973E-05,0.0009269285,0.9997575,0.0219999216,-2.03973013E-05,0.0009269285,0.9997575,0.0220007934,-2.03981162E-05,0.0009269286,0.9997575,0.00301089766,0.0005665738,-0.00192104664,0.9999935,0.0384230837,0.00720939,0.0379842743,0.07187834,1710,0.00622982439,1,9.5,1.46778956E-09,-2.36301758E-16,-2.05572435E-16,1,0,0,0,1,0.02199992,-2.03973E-05,0.0009269285,0.9997575,0.0219999216,-2.03973013E-05,0.0009269285,0.9997575,0.0220007934,-2.03981162E-05,0.0009269286,0.9997575,0.00230182288,0.000137268187,-0.0018836658,0.999995649,0.03979483,0.005899927,0.03940164,0.0734960139,1710,0.004717146,1,9.5,-2.96887914E-09,-6.20109729E-15,1.816118E-15,1,0,0,0,1,0,0,0,1,-2.96887914E-09,-6.20109729E-15,1.816118E-15,1,-2.96887914E-09,-6.20109729E-15,1.816118E-15,1,0.00186671072,4.872927E-05,-0.00015550341,0.999998331,0.00365396286,0.00365396286,-0.00373342936,0.005830295,2052,0.00144383893,1,6.83999968,-2.96887825E-09,-2.36928837E-15,1.75362544E-15,1,0,0,0,1,0,0,0,1,-2.96887825E-09,-2.36928837E-15,1.75362544E-15,1,-2.96887825E-09,-2.36928837E-15,1.75362544E-15,1,0.00263767922,-1.53389468E-10,-2.41403841E-10,0.9999966,0.00521341851,0.00521341851,-0.00527537,0.00637877965,2052,0.00206004758,1,6.83999968,-6.988029E-10,-1.10073509E-15,3.8636455E-16,1,0,0,0,1,0,0,0.0004635765,0.9999999,-6.98802849E-10,3.22847868E-13,0.0004635765,0.9999999,-6.98802849E-10,3.22847868E-13,0.0004635765,0.9999999,0.000188662612,-2.35660245E-05,0.00137838977,0.9999991,0,0,-0.000377348479,0.00308107142,2052,0,1,5.7,-6.988029E-10,-1.100604E-15,-7.35134336E-16,1,0,0,0,1,0,0,0.0004635765,0.9999999,-6.98802849E-10,3.22848E-13,0.0004635765,0.9999999,-6.98802849E-10,3.22848E-13,0.0004635765,0.9999999,0.000129352891,9.970102E-05,0.0008224291,0.999999642,0,0,-0.000258614717,0.004696319,2052,0,1,5.7,4.2001122E-10,2.060041E-15,3.64644878E-16,1,0.0301521979,0,0,0.999545336,0,0,0.000231788261,1,0.0301521979,-6.98892563E-06,0.000231682876,0.999545336,0.0301521979,-6.98892563E-06,0.000231682876,0.999545336,0.0229708273,-9.291166E-05,0.00320237223,0.999731,0.0155332163,0.04639033,0.0143675525,0.0347116441,1482,0.0585004874,1,5.7,-5.074521E-09,-3.65132663E-16,-5.4125903E-16,1,0.0292097349,0,0,0.9995733,0,0,0.000231788261,1,0.02920973,-6.77047228E-06,0.000231689351,0.9995733,0.02920973,-6.77047228E-06,0.000231689351,0.9995733,0.024464814,-1.67143116E-05,-1.31960533E-05,0.999700665,0.009518363,0.04893665,0.00949325,0.0242817067,1482,0.05607727,1,5.7
HOLD_0.00_FULL,HOLD,130,191,1.9100000000000001,DESCENT,None,0,1.41756868,0.00598780066,0.006645236,0.979131937,0.005905427,0.00146916474,1.121731,-0.0467336476,0.000424600265,0.004391661,-0.00304343761,-0.04776279,0.00161274348,-0.15471904,0.135280982,-0.179305151,0.179305136,true,8,true,true,0,0,0.00165352155,0.0008584086,0.9767482,0.9762567,0.548090041,0.5474769,0.4286582,0.42877984,0.42877984,false,0.4088689,0.4080341,0,0,0,false,false,0.30381754,0.04892203,0.0155024882,thorax,true,false,0.00524561759,1.46779222E-09,-9.636216E-15,-7.331967E-15,1,0,0,0,1,0.0419893377,-3.913522E-05,0.0009312051,0.9991176,0.0419893377,-3.913522E-05,0.0009312051,0.9991176,0.03199716,-2.97686165E-05,0.0009291134,0.9994876,0.00310826069,0.00056738127,-0.002047603,0.999992967,0.07802306,0.00750112347,0.0577895939,0.106624089,1710,0.006434135,1,9.5,1.46778956E-09,-2.36301758E-16,-2.05572435E-16,1,0,0,0,1,0.0419893377,-3.913522E-05,0.0009312051,0.9991176,0.0419893377,-3.913522E-05,0.0009312051,0.9991176,0.03199716,-2.97686165E-05,0.0009291134,0.9994876,0.002404416,0.0001369214,-0.00200456684,0.9999952,0.07941062,0.006214808,0.0591965,0.108275652,1710,0.00493167061,1,9.5,-2.96887914E-09,-6.20109729E-15,1.816118E-15,1,0,0,0,1,0,0,0,1,-2.96887914E-09,-6.20109729E-15,1.816118E-15,1,-2.96887914E-09,-6.20109729E-15,1.816118E-15,1,0.00180968642,4.9461145E-05,-0.000157547212,0.99999845,0.0035210466,0.0035210466,-0.00361938053,0.0035507984,2052,0.001391318,1,6.83999968,-2.96887825E-09,-2.36928837E-15,1.75362544E-15,1,0,0,0,1,0,0,0,1,-2.96887825E-09,-2.36928837E-15,1.75362544E-15,1,-2.96887825E-09,-2.36928837E-15,1.75362544E-15,1,0.00260249875,-2.93526925E-10,3.31942585E-10,0.999996662,0.00516748428,0.00516748428,-0.005205009,0.0047301515,2052,0.00204189681,1,6.83999968,-6.988029E-10,-1.10073509E-15,3.8636455E-16,1,0,0,0,1,0,0,0.0004660136,0.9999999,-6.98802849E-10,3.245509E-13,0.0004660136,0.9999999,-6.98802849E-10,3.245509E-13,0.0004660136,0.9999999,0.000183470678,-1.89110615E-05,0.00139393751,0.999999,0,0.00284714461,-0.000366960419,0.00231225975,2052,0,1,5.7,-6.988029E-10,-1.100604E-15,-7.35134336E-16,1,0,0,0,1,0,0,0.0004660136,0.9999999,-6.98802849E-10,3.24551041E-13,0.0004660136,0.9999999,-6.98802849E-10,3.24551041E-13,0.0004660136,0.9999999,9.683296E-05,0.000103146471,0.0008330606,0.999999642,0,0,-0.000193571163,0.0035735548,2052,0,1,5.7,4.2001122E-10,2.060041E-15,3.64644878E-16,1,0.0301521979,0,0,0.999545336,0,0,0.000233006809,1,0.0301521979,-7.0256674E-06,0.000232900871,0.999545336,0.0301521979,-7.0256674E-06,0.000232900871,0.999545336,0.0229909047,-9.188655E-05,0.00322012068,0.9997305,0.0155024882,0.04643143,0.0143273883,0.03433033,1482,0.0585533231,1,5.7,-5.074521E-09,-3.65132663E-16,-5.4125903E-16,1,0.0292097349,0,0,0.9995733,0,0,0.000233006809,1,0.02920973,-6.806066E-06,0.000232907376,0.9995733,0.02920973,-6.806066E-06,0.000232907376,0.9995733,0.0244602077,-1.78820883E-05,-1.29006594E-05,0.9997008,0.009518363,0.0489269048,0.009502466,0.02465804,1482,0.0560661033,1,5.7
HOLD_0.00_FULL,HOLD,131,192,1.92,DESCENT,None,0,1.41756618,0.004870869,0.005590766,0.979109347,0.000788554549,0.001472863,1.12171876,-0.0467631668,0.000374934083,0.0009155817,-0.00290292571,-0.04774479,0.00159964641,-0.15471904,0.135280982,-0.179305151,0.179305136,true,8,true,true,0,0,0.0009919464,0.000435226219,0.976722,0.976216733,0.5480554,0.5474366,0.4286666,0.428780138,0.428780138,false,0.5808256,0.579629064,0,0,0,false,false,0.304228157,0.04893665,0.0155332163,thorax,true,false,0.00523776235,1.46779222E-09,-9.636216E-15,-7.331967E-15,1,0,0,0,1,0.02199992,-2.040632E-05,0.0009273385,0.9997575,0.0219999216,-2.04063217E-05,0.0009273385,0.9997575,0.0219999216,-2.04063217E-05,0.0009273385,0.9997575,0.00304009649,0.000583594665,-0.001917599,0.999993443,0.0383609757,0.0072423853,0.037924163,0.0717618,1710,0.006353199,1,9.5,1.46778956E-09,-2.36301758E-16,-2.05572435E-16,1,0,0,0,1,0.02199992,-2.040632E-05,0.0009273385,0.9997575,0.0219999216,-2.04063217E-05,0.0009273385,0.9997575,0.0219999216,-2.04063217E-05,0.0009273385,0.9997575,0.00232468988,0.0001491843,-0.00188051781,0.9999955,0.0397528671,0.005980202,0.0393541865,0.07339744,1710,0.004825601,1,9.5,-2.96887914E-09,-6.20109729E-15,1.816118E-15,1,0,0,0,1,0,0,0,1,-2.96887914E-09,-6.20109729E-15,1.816118E-15,1,-2.96887914E-09,-6.20109729E-15,1.816118E-15,1,0.001865707,5.02159746E-05,-0.000155742,0.9999983,0.00371863972,0.00371863972,-0.00373142236,0.00583558856,2052,0.00146939559,1,6.83999968,-2.96887825E-09,-2.36928837E-15,1.75362544E-15,1,0,0,0,1,0,0,0,1,-2.96887825E-09,-2.36928837E-15,1.75362544E-15,1,-2.96887825E-09,-2.36928837E-15,1.75362544E-15,1,0.002640535,-2.01297853E-10,-2.00683345E-10,0.999996543,0.00525895134,0.00525895134,-0.00528108235,0.00638840767,2052,0.00207803957,1,6.83999968,-6.988029E-10,-1.10073509E-15,3.8636455E-16,1,0,0,0,1,0,0,0.000463781529,0.9999999,-6.98802849E-10,3.22991146E-13,0.000463781529,0.9999999,-6.98802849E-10,3.22991146E-13,0.000463781529,0.9999999,0.000189277431,-2.1850452E-05,0.001378228,0.999999046,0,0,-0.000378576544,0.00308497157,2052,0,1,5.7,-6.988029E-10,-1.100604E-15,-7.35134336E-16,1,0,0,0,1,0,0,0.000463781529,0.9999999,-6.98802849E-10,3.22991281E-13,0.000463781529,0.9999999,-6.98802849E-10,3.22991281E-13,0.000463781529,0.9999999,0.000132481247,0.000107380481,0.0008218013,0.9999997,0,0,-0.000264864269,0.00471319631,2052,0,1,5.7,4.2001122E-10,2.060041E-15,3.64644878E-16,1,0.0301521979,0,0,0.999545336,0,0,0.000231890779,1,0.0301521979,-6.99201655E-06,0.00023178535,0.999545336,0.0301521979,-6.99201655E-06,0.00023178535,0.999545336,0.0229695924,-9.900888E-05,0.00320364116,0.999731064,0.0155332163,0.0463851877,0.0143700233,0.0347227342,1482,0.05849388,1,5.7,-5.074521E-09,-3.65132663E-16,-5.4125903E-16,1,0.0292097349,0,0,0.9995733,0,0,0.000231890779,1,0.02920973,-6.773467E-06,0.000231791826,0.9995733,0.02920973,-6.773467E-06,0.000231791826,0.9995733,0.024464095,-1.875449E-05,-1.18564358E-05,0.9997007,0.009493281,0.0489317775,0.009494689,0.02428592,1482,0.0560716875,1,5.7
HOLD_0.00_FULL,HOLD,132,193,1.93,DESCENT,None,0,1.417565,0.00597883761,0.006696591,0.9791332,0.00589930266,0.001476362,1.12173235,-0.04679185,0.000388102315,0.004389964,-0.0031711862,-0.04786419,0.001607599,-0.15471904,0.135280982,-0.179305151,0.179305136,true,8,true,true,0,0,0.00165402587,0.0008567164,0.9767504,0.9762579,0.548092365,0.5474784,0.428658,0.428779542,0.428779542,false,0.385960549,0.385172457,0,0,0,false,false,0.303818315,0.0489269048,0.0155024882,thorax,true,false,0.00524561759,1.46779222E-09,-9.636216E-15,-7.331967E-15,1,0,0,0,1,0.0419893377,-3.91324138E-05,0.000931138347,0.9991176,0.0419893377,-3.91324138E-05,0.000931138347,0.9991176,0.0319952369,-2.97699225E-05,0.000929284666,0.999487638,0.00313787535,0.0005839746,-0.00204441044,0.999992847,0.07796497,0.007564425,0.0577265434,0.106501281,1710,0.006514065,1,9.5,1.46778956E-09,-2.36301758E-16,-2.05572435E-16,1,0,0,0,1,0.0419893377,-3.91324138E-05,0.000931138347,0.9991176,0.0419893377,-3.91324138E-05,0.000931138347,0.9991176,0.0319952369,-2.97699225E-05,0.000929284666,0.999487638,0.00242790766,0.000148532446,-0.00200158684,0.999995053,0.07936556,0.0062910663,0.0591456853,0.108170874,1710,0.005035506,1,9.5,-2.96887914E-09,-6.20109729E-15,1.816118E-15,1,0,0,0,1,0,0,0,1,-2.96887914E-09,-6.20109729E-15,1.816118E-15,1,-2.96887914E-09,-6.20109729E-15,1.816118E-15,1,0.00180883519,5.09116035E-05,-0.000157770875,0.9999984,0.00358812045,0.00358812045,-0.003617678,0.00355753885,2052,0.00141782174,1,6.83999968,-2.96887825E-09,-2.36928837E-15,1.75362544E-15,1,0,0,0,1,0,0,0,1,-2.96887825E-09,-2.36928837E-15,1.75362544E-15,1,-2.96887825E-09,-2.36928837E-15,1.75362544E-15,1,0.0026053437,-2.71039552E-10,4.373369E-10,0.999996662,0.00516748428,0.00516748428,-0.005210699,0.00474022236,2052,0.00204189681,1,6.83999968,-6.988029E-10,-1.10073509E-15,3.8636455E-16,1,0,0,0,1,0,0,0.000465980178,0.9999999,-6.98802849E-10,3.24527568E-13,0.000465980178,0.9999999,-6.98802849E-10,3.24527568E-13,0.000465980178,0.9999999,0.000184103934,-1.722605E-05,0.00139366975,0.999999046,0,0,-0.00036822533,0.00231668772,2052,0,1,5.7,-6.988029E-10,-1.100604E-15,-7.35134336E-16,1,0,0,0,1,0,0,0.000465980178,0.9999999,-6.98802849E-10,3.245277E-13,0.000465980178,0.9999999,-6.98802849E-10,3.245277E-13,0.000465980178,0.9999999,9.99519543E-05,0.000110685221,0.00083232834,0.9999997,0,0,-0.000199802118,0.00359008345,2052,0,1,5.7,4.2001122E-10,2.060041E-15,3.64644878E-16,1,0.0301521979,0,0,0.999545336,0,0,0.0002329901,1,0.0301521979,-7.02516354E-06,0.000232884166,0.999545336,0.0301521979,-7.02516354E-06,0.000232884166,0.999545336,0.0229895543,-9.78863754E-05,0.003221292,0.9997305,0.01551786,0.04643143,0.0143300854,0.03434093,1482,0.05854012,1,5.7,-5.074521E-09,-3.65132663E-16,-5.4125903E-16,1,0.0292097349,0,0,0.9995733,0,0,0.0002329901,1,0.02920973,-6.805578E-06,0.000232890685,0.9995733,0.02920973,-6.805578E-06,0.000232890685,0.9995733,0.024459416,-1.988314E-05,-1.17025884E-05,0.999700844,0.009493281,0.04892203,0.00950405,0.02466282,1482,0.0560605153,1,5.7
HOLD_0.00_FULL,HOLD,133,194,1.94,DESCENT,None,0,1.41756237,0.00486017764,0.005647005,0.9791106,0.000783897936,0.00147967984,1.12172019,-0.04682263,0.000337046862,0.0009127136,-0.003030957,-0.0478475429,0.00159365183,-0.15471904,0.135280982,-0.179305151,0.179305136,true,8,true,true,0,0,0.0009932821,0.00043547136,0.9767242,0.976218045,0.5480578,0.547438264,0.4286664,0.428779781,0.428779781,false,0.6040716,0.602816343,0,0,0,false,false,0.304229558,0.0489317775,0.0155332163,thorax,true,false,0.005237762,1.46779222E-09,-9.636216E-15,-7.331967E-15,1,0,0,0,1,0.02199992,-2.0395004E-05,0.0009268242,0.9997575,0.0219999216,-2.03950058E-05,0.0009268242,0.9997575,0.0219999216,-2.03950058E-05,0.0009268242,0.9997575,0.00307019521,0.0005997599,-0.0019145509,0.9999933,0.0383049957,0.007307929,0.037864,0.07164418,1710,0.006353199,1,9.5,1.46778956E-09,-2.36301758E-16,-2.05572435E-16,1,0,0,0,1,0.02199992,-2.0395004E-05,0.0009268242,0.9997575,0.0219999216,-2.03950058E-05,0.0009268242,0.9997575,0.0219999216,-2.03950058E-05,0.0009268242,0.9997575,0.00234889425,0.000160475276,-0.00187761185,0.99999547,0.0397048555,0.006019938,0.0393058,0.07329602,1710,0.00487892376,1,9.5,-2.96887914E-09,-6.20109729E-15,1.816118E-15,1,0,0,0,1,0,0,0,1,-2.96887914E-09,-6.20109729E-15,1.816118E-15,1,-2.96887914E-09,-6.20109729E-15,1.816118E-15,1,0.00186499313,5.16304572E-05,-0.0001559516,0.999998331,0.00365396286,0.00365396286,-0.00372999418,0.00584182329,2052,0.00144383893,1,6.83999968,-2.96887825E-09,-2.36928837E-15,1.75362544E-15,1,0,0,0,1,0,0,0,1,-2.96887825E-09,-2.36928837E-15,1.75362544E-15,1,-2.96887825E-09,-2.36928837E-15,1.75362544E-15,1,0.002643327,-1.63950173E-10,-1.07630058E-10,0.999996543,0.00525895134,0.00525895134,-0.00528666656,0.00639789365,2052,0.00207803957,1,6.83999968,-6.988029E-10,-1.10073509E-15,3.8636455E-16,1,0,0,0,1,0,0,0.000463524339,0.9999999,-6.98802849E-10,3.228114E-13,0.000463524339,0.9999999,-6.98802849E-10,3.228114E-13,0.000463524339,0.9999999,0.000189955477,-2.01981838E-05,0.00137786358,0.9999991,0,0,-0.0003799311,0.00308797951,2052,0,1,5.7,-6.988029E-10,-1.100604E-15,-7.35134336E-16,1,0,0,0,1,0,0,0.000463524339,0.9999999,-6.98802849E-10,3.22811547E-13,0.000463524339,0.9999999,-6.98802849E-10,3.22811547E-13,0.000463524339,0.9999999,0.000135593524,0.000114767929,0.0008210026,0.9999997,0,0,-0.000271082,0.00472853845,2052,0,1,5.7,4.2001122E-10,2.060041E-15,3.64644878E-16,1,0.0301521979,0,0,0.999545336,0,0,0.000231762184,1,0.0301521979,-6.98813938E-06,0.000231656813,0.999545336,0.0301521979,-6.98813938E-06,0.000231656813,0.999545336,0.0229682084,-0.000104903134,0.00320473965,0.9997311,0.0155332163,0.0463800468,0.0143727912,0.03473478,1482,0.0584872738,1,5.7,-5.074521E-09,-3.65132663E-16,-5.4125903E-16,1,0.0292097349,0,0,0.9995733,0,0,0.000231762184,1,0.02920973,-6.76971058E-06,0.000231663289,0.9995733,0.02920973,-6.76971058E-06,0.000231663289,0.9995733,0.0244632978,-2.07110934E-05,-1.07775759E-05,0.9997008,0.009468134,0.0489269048,0.009496285,0.0242902059,1482,0.0560661033,1,5.7
HOLD_0.00_FULL,HOLD,134,195,1.95,DESCENT,None,0,1.417561,0.00596694648,0.00674949447,0.97913444,0.00589726865,0.00148278521,1.12173355,-0.0468526036,0.000349051552,0.0043884865,-0.00329983071,-0.0479684435,0.0016008172,-0.15471904,0.135280982,-0.179305151,0.179305136,true,8,true,true,0,0,0.00165550655,0.0008557623,0.97675246,0.976259351,0.5480947,0.54748,0.42865777,0.428779364,0.428779364,false,0.362447232,0.361707151,0,0,0,false,false,0.303817123,0.04892203,0.01551786,thorax,true,false,0.00524573633,1.46779222E-09,-9.636216E-15,-7.331967E-15,1,0,0,0,1,0.0419893377,-3.9092618E-05,0.0009301914,0.9991176,0.0419893377,-3.9092618E-05,0.0009301914,0.9991176,0.0319952369,-2.974437E-05,0.0009285541,0.999487638,0.00316845,0.000599668361,-0.0020416195,0.9999927,0.07790377,0.00762720173,0.0576654226,0.10638053,1710,0.006593026,1,9.5,1.46778956E-09,-2.36301758E-16,-2.05572435E-16,1,0,0,0,1,0.0419893377,-3.9092618E-05,0.0009301914,0.9991176,0.0419893377,-3.9092618E-05,0.0009301914,0.9991176,0.0319952369,-2.974437E-05,0.0009285541,0.999487638,0.002452793,0.000159401316,-0.00199888228,0.999995053,0.07931145,0.0062910663,0.0590959378,0.108066544,1710,0.005035506,1,9.5,-2.96887914E-09,-6.20109729E-15,1.816118E-15,1,0,0,0,1,0,0,0,1,-2.96887914E-09,-6.20109729E-15,1.816118E-15,1,-2.96887914E-09,-6.20109729E-15,1.816118E-15,1,0.00180827,5.22858827E-05,-0.000157966017,0.999998331,0.00365396286,0.00365396286,-0.00361654814,0.0035641368,2052,0.001391318,1,6.83999968,-2.96887825E-09,-2.36928837E-15,1.75362544E-15,1,0,0,0,1,0,0,0,1,-2.96887825E-09,-2.36928837E-15,1.75362544E-15,1,-2.96887825E-09,-2.36928837E-15,1.75362544E-15,1,0.0026081095,-2.59641E-10,2.44756271E-10,0.999996662,0.00516748428,0.00516748428,-0.00521623064,0.00474988855,2052,0.00204189681,1,6.83999968,-6.988029E-10,-1.10073509E-15,3.8636455E-16,1,0,0,0,1,0,0,0.0004655063,0.9999999,-6.98802849E-10,3.24196426E-13,0.0004655063,0.9999999,-6.98802849E-10,3.24196426E-13,0.0004655063,0.9999999,0.000184801916,-1.56131664E-05,0.00139321038,0.999999,0,0.00284714461,-0.0003696198,0.0023198165,2052,0,1,5.7,-6.988029E-10,-1.100604E-15,-7.35134336E-16,1,0,0,0,1,0,0,0.0004655063,0.9999999,-6.98802849E-10,3.24196562E-13,0.0004655063,0.9999999,-6.98802849E-10,3.24196562E-13,0.0004655063,0.9999999,0.00010305021,0.000117897325,0.000831451849,0.999999642,0,0,-0.000205992037,0.00360393012,2052,0,1,5.7,4.2001122E-10,2.060041E-15,3.64644878E-16,1,0.0301521979,0,0,0.999545336,0,0,0.000232753169,1,0.0301521979,-7.01801946E-06,0.000232647348,0.999545336,0.0301521979,-7.01801946E-06,0.000232647348,0.999545336,0.0229880959,-0.000103665996,0.00322229485,0.9997306,0.0155024882,0.0464262925,0.0143330013,0.0343536735,1482,0.0585467219,1,5.7,-5.074521E-09,-3.65132663E-16,-5.4125903E-16,1,0.0292097349,0,0,0.9995733,0,0,0.000232753169,1,0.02920973,-6.798657E-06,0.000232653852,0.9995733,0.02920973,-6.798657E-06,0.000232653852,0.9995733,0.0244586,-2.17923225E-05,-1.07676378E-05,0.999700844,0.009518363,0.04892203,0.009505681,0.0246674586,1482,0.0560605153,1,5.7
HOLD_0.00_FULL,HOLD,135,196,1.96,DESCENT,None,0,1.41755831,0.00484926254,0.005707989,0.9791119,0.000783577561,0.00148570049,1.12172151,-0.04688468,0.0002969905,0.000912887859,-0.00316003617,-0.04795324,0.00158612756,-0.15471904,0.135280982,-0.179305151,0.179305136,true,8,true,true,0,0,0.0009947466,0.000435951661,0.9767263,0.976219535,0.5480602,0.547439933,0.4286661,0.4287796,0.4287796,false,0.628064334,0.6267592,0,0,0,false,false,0.304228067,0.0489269048,0.0155332163,thorax,true,false,0.00523788063,1.46779222E-09,-9.636216E-15,-7.331967E-15,1,0,0,0,1,0.02199992,-2.03648215E-05,0.0009254526,0.9997575,0.0219999216,-2.03648233E-05,0.0009254526,0.9997575,0.0219999216,-2.03648233E-05,0.0009254526,0.9997575,0.00310120033,0.0006149567,-0.00191199069,0.999993145,0.0382489339,0.007405156,0.03780201,0.07152304,1710,0.00647422345,1,9.5,1.46778956E-09,-2.36301758E-16,-2.05572435E-16,1,0,0,0,1,0.02199992,-2.03648215E-05,0.0009254526,0.9997575,0.0219999216,-2.03648233E-05,0.0009254526,0.9997575,0.0219999216,-2.03648233E-05,0.0009254526,0.9997575,0.00237442413,0.0001709448,-0.00187510916,0.9999954,0.0396567844,0.00605941331,0.03925476,0.07318985,1710,0.00493167061,1,9.5,-2.96887914E-09,-6.20109729E-15,1.816118E-15,1,0,0,0,1,0,0,0,1,-2.96887914E-09,-6.20109729E-15,1.816118E-15,1,-2.96887914E-09,-6.20109729E-15,1.816118E-15,1,0.0018645766,5.296358E-05,-0.000156134935,0.9999983,0.00371863972,0.00371863972,-0.00372916157,0.005848661,2052,0.00146939559,1,6.83999968,-2.96887825E-09,-2.36928837E-15,1.75362544E-15,1,0,0,0,1,0,0,0,1,-2.96887825E-09,-2.36928837E-15,1.75362544E-15,1,-2.96887825E-09,-2.36928837E-15,1.75362544E-15,1,0.002646082,-1.96075017E-10,5.13708277E-11,0.9999966,0.00521341851,0.00521341851,-0.005292176,0.0064076744,2052,0.00207803957,1,6.83999968,-6.988029E-10,-1.10073509E-15,3.8636455E-16,1,0,0,0,1,0,0,0.000462838361,0.9999999,-6.98802849E-10,3.22332059E-13,0.000462838361,0.9999999,-6.98802849E-10,3.22332059E-13,0.000462838361,0.9999999,0.000190682331,-1.8625522E-05,0.00137729489,0.9999991,0,0,-0.000381383317,0.003091019,2052,0,1,5.7,-6.988029E-10,-1.100604E-15,-7.35134336E-16,1,0,0,0,1,0,0,0.000462838361,0.9999999,-6.98802849E-10,3.223322E-13,0.000462838361,0.9999999,-6.98802849E-10,3.223322E-13,0.000462838361,0.9999999,0.00013868419,0.000121795463,0.000820023939,0.9999997,0,0,-0.000277257,0.004742928,2052,0,1,5.7,4.2001122E-10,2.060041E-15,3.64644878E-16,1,0.0301521979,0,0,0.999545336,0,0,0.0002314192,1,0.0301521979,-6.97779751E-06,0.00023131397,0.999545336,0.0301521979,-6.97779751E-06,0.00023131397,0.999545336,0.02296666,-0.000110558532,0.00320563861,0.999731064,0.015548558,0.0463851877,0.0143758785,0.03474845,1482,0.05848066,1,5.7,-5.074521E-09,-3.65132663E-16,-5.4125903E-16,1,0.0292097349,0,0,0.9995733,0,0,0.0002314192,1,0.02920973,-6.759692E-06,0.000231320446,0.9995733,0.02920973,-6.759692E-06,0.000231320446,0.9995733,0.0244624466,-2.257063E-05,-9.975101E-06,0.9997007,0.009518363,0.0489317775,0.009497984,0.0242955517,1482,0.0560716875,1,5.7
HOLD_0.00_FULL,HOLD,136,197,1.97,DESCENT,None,0,1.41755688,0.005955912,0.00680777663,0.979135931,0.00589607656,0.00148839527,1.121735,-0.0469159372,0.000308118062,0.004387814,-0.003429855,-0.0480757467,0.0015925857,-0.15471904,0.135280982,-0.179305151,0.179305136,true,8,true,true,0,0,0.00165764184,0.000855399,0.976754546,0.976261,0.5480971,0.547482,0.428657472,0.428779,0.428779,false,0.338410556,0.3377196,0,0,0,false,false,0.303817749,0.04892203,0.0155024882,thorax,true,false,0.005245736,1.46779222E-09,-9.636216E-15,-7.331967E-15,1,0,0,0,1,0.0419893377,-3.901822E-05,0.000928421156,0.9991176,0.0419893377,-3.901822E-05,0.000928421156,0.9991176,0.0319982134,-2.96948547E-05,0.000926983543,0.9994875,0.00320000225,0.0006143186,-0.002039245,0.999992669,0.07783946,0.007658397,0.0576083,0.106266186,1710,0.006632155,1,9.5,1.46778956E-09,-2.36301758E-16,-2.05572435E-16,1,0,0,0,1,0.0419893377,-3.901822E-05,0.000928421156,0.9991176,0.0419893377,-3.901822E-05,0.000928421156,0.9991176,0.0319982134,-2.96948547E-05,0.000926983543,0.9994875,0.00247911434,0.000169497871,-0.00199648784,0.999994934,0.07926333,0.006366411,0.0590492673,0.107965782,1710,0.00513724424,1,9.5,-2.96887914E-09,-6.20109729E-15,1.816118E-15,1,0,0,0,1,0,0,0,1,-2.96887914E-09,-6.20109729E-15,1.816118E-15,1,-2.96887914E-09,-6.20109729E-15,1.816118E-15,1,0.00180797256,5.35707E-05,-0.0001581292,0.99999845,0.0035210466,0.0035210466,-0.0036159528,0.0035705138,2052,0.001391318,1,6.83999968,-2.96887825E-09,-2.36928837E-15,1.75362544E-15,1,0,0,0,1,0,0,0,1,-2.96887825E-09,-2.36928837E-15,1.75362544E-15,1,-2.96887825E-09,-2.36928837E-15,1.75362544E-15,1,0.0026107796,-2.53060184E-10,4.24479868E-10,0.999996662,0.00516748428,0.00516748428,-0.005221571,0.00475850934,2052,0.00204189681,1,6.83999968,-6.988029E-10,-1.10073509E-15,3.8636455E-16,1,0,0,0,1,0,0,0.0004646204,0.9999999,-6.98802849E-10,3.23577347E-13,0.0004646204,0.9999999,-6.98802849E-10,3.23577347E-13,0.0004646204,0.9999999,0.000185553887,-1.40826169E-05,0.00139255088,0.999999,0,0.00284714461,-0.0003711223,0.00232241373,2052,0,1,5.7,-6.988029E-10,-1.100604E-15,-7.35134336E-16,1,0,0,0,1,0,0,0.0004646204,0.9999999,-6.98802849E-10,3.23577482E-13,0.0004646204,0.9999999,-6.98802849E-10,3.23577482E-13,0.0004646204,0.9999999,0.000106104533,0.0001247289,0.000830425066,0.999999642,0,0,-0.000212094543,0.00361626246,2052,0,1,5.7,4.2001122E-10,2.060041E-15,3.64644878E-16,1,0.0301521979,0,0,0.999545336,0,0,0.000232310209,1,0.0301521979,-7.00466353E-06,0.000232204591,0.999545336,0.0301521979,-7.00466353E-06,0.000232204591,0.999545336,0.02298651,-0.000109183566,0.00322310813,0.999730647,0.0155024882,0.0464211628,0.01433617,0.03436718,1482,0.05854012,1,5.7,-5.074521E-09,-3.65132663E-16,-5.4125903E-16,1,0.0292097349,0,0,0.9995733,0,0,0.000232310209,1,0.02920973,-6.785718E-06,0.000232211081,0.9995733,0.02920973,-6.785718E-06,0.000232211081,0.9995733,0.024457749,-2.35957523E-05,-1.00912484E-05,0.9997009,0.009493281,0.0489171557,0.009507384,0.0246726442,1482,0.05605493,1,5.7
HOLD_0.00_FULL,HOLD,137,198,1.98,DESCENT,None,0,1.417554,0.00483694673,0.00577321276,0.9791134,0.0007799417,0.0014908911,1.12172294,-0.04694932,0.000255375257,0.000910344,-0.00329092,-0.048062142,0.001577246,-0.15471904,0.135280982,-0.179305151,0.179305136,true,8,true,true,0,0,0.0009965277,0.000435623515,0.976728439,0.9762213,0.5480625,0.547441959,0.428665936,0.428779364,0.428779364,false,0.653080046,0.6517229,0,0,0,false,false,0.3042291,0.0489317775,0.015548558,thorax,true,false,0.00523788,1.46779222E-09,-9.636216E-15,-7.331967E-15,1,0,0,0,1,0.02199992,-2.03174277E-05,0.00092329894,0.9997575,0.0219999216,-2.031743E-05,0.00092329894,0.9997575,0.0220007934,-2.03182481E-05,0.0009232993,0.9997575,0.00313319964,0.0006290508,-0.00190978823,0.999993145,0.0381740555,0.007405156,0.03773978,0.0714007,1710,0.00647422345,1,9.5,1.46778956E-09,-2.36301758E-16,-2.05572435E-16,1,0,0,0,1,0.02199992,-2.03174277E-05,0.00092329894,0.9997575,0.0219999216,-2.031743E-05,0.00092329894,0.9997575,0.0220007934,-2.03182481E-05,0.0009232993,0.9997575,0.00240147766,0.000180637726,-0.00187279249,0.999995351,0.0396026336,0.006098633,0.039202407,0.0730801746,1710,0.00498385867,1,9.5,-2.96887914E-09,-6.20109729E-15,1.816118E-15,1,0,0,0,1,0,0,0,1,-2.96887914E-09,-6.20109729E-15,1.816118E-15,1,-2.96887914E-09,-6.20109729E-15,1.816118E-15,1,0.00186446111,5.4201304E-05,-0.00015627846,0.999998331,0.00365396286,0.00365396286,-0.00372893014,0.00585651072,2052,0.00144383893,1,6.83999968,-2.96887825E-09,-2.36928837E-15,1.75362544E-15,1,0,0,0,1,0,0,0,1,-2.96887825E-09,-2.36928837E-15,1.75362544E-15,1,-2.96887825E-09,-2.36928837E-15,1.75362544E-15,1,0.00264869235,-1.87597438E-10,-1.15853695E-10,0.9999965,0.00530409347,0.00530409347,-0.00529739726,0.00641671149,2052,0.00209587719,1,6.83999968,-6.988029E-10,-1.10073509E-15,3.8636455E-16,1,0,0,0,1,0,0,0.000461761258,0.9999999,-6.98802849E-10,3.21579379E-13,0.000461761258,0.9999999,-6.98802849E-10,3.21579379E-13,0.000461761258,0.9999999,0.0001914613,-1.7143544E-05,0.00137655216,0.9999991,0,0,-0.000382939819,0.00309323054,2052,0,1,5.7,-6.988029E-10,-1.100604E-15,-7.35134336E-16,1,0,0,0,1,0,0,0.000461761258,0.9999999,-6.98802849E-10,3.21579514E-13,0.000461761258,0.9999999,-6.98802849E-10,3.21579514E-13,0.000461761258,0.9999999,0.000141714612,0.000128421321,0.0008189537,0.999999642,0,0,-0.000283312,0.004756024,2052,0,1,5.7,4.2001122E-10,2.060041E-15,3.64644878E-16,1,0.0301521979,0,0,0.999545336,0,0,0.000230880643,1,0.0301521979,-6.961559E-06,0.000230775666,0.999545336,0.0301521979,-6.961559E-06,0.000230775666,0.999545336,0.022965,-0.000115933261,0.00320635247,0.9997312,0.0155332163,0.0463749059,0.0143792043,0.0347622558,1482,0.05848066,1,5.7,-5.074521E-09,-3.65132663E-16,-5.4125903E-16,1,0.0292097349,0,0,0.9995733,0,0,0.000230880643,1,0.02920973,-6.743961E-06,0.000230782127,0.9995733,0.02920973,-6.743961E-06,0.000230782127,0.9995733,0.02446158,-2.43172562E-05,-9.442843E-06,0.999700844,0.009468134,0.04892203,0.009499719,0.0243007485,1482,0.0560605153,1,5.7
HOLD_0.00_FULL,HOLD,138,199,1.99,DESCENT,None,0,1.41755247,0.00594512373,0.006871199,0.9791373,0.005889952,0.00149316178,1.12173641,-0.0469818972,0.00026601454,0.00438526366,-0.00356148253,-0.0481862165,0.00158311485,-0.15471904,0.135280982,-0.179305151,0.179305136,true,8,true,true,0,0,0.00165929587,0.000854472048,0.9767566,0.976262748,0.5480994,0.5474839,0.428657174,0.428778827,0.428778827,false,0.313551843,0.3129116,0,0,0,false,false,0.303817958,0.0489171557,0.0155024882,thorax,true,false,0.005245735,1.46779222E-09,-9.636216E-15,-7.331967E-15,1,0,0,0,1,0.0409486555,-3.794786E-05,0.000925940345,0.9991608,0.0409486555,-3.794786E-05,0.000925940345,0.9991608,0.0319965854,-2.96186E-05,0.000924733758,0.9994876,0.00323239155,0.0006278767,-0.002037251,0.999992549,0.0756959841,0.00772040943,0.05754029,0.106132872,1710,0.006709726,1,9.5,1.46778956E-09,-2.36301758E-16,-2.05572435E-16,1,0,0,0,1,0.0409486555,-3.794786E-05,0.000925940345,0.9991608,0.0409486555,-3.794786E-05,0.000925940345,0.9991608,0.0319965854,-2.96186E-05,0.000924733758,0.9994876,0.00250679185,0.000178754854,-0.00199436536,0.999994934,0.0771254,0.006366411,0.0589906722,0.1078452,1710,0.005237006,1,9.5,-2.96887914E-09,-6.20109729E-15,1.816118E-15,1,0,0,0,1,0,0,0,1,-2.96887914E-09,-6.20109729E-15,1.816118E-15,1,-2.96887914E-09,-6.20109729E-15,1.816118E-15,1,0.00180803949,5.47637173E-05,-0.000158258583,0.99999845,0.0035210466,0.0035210466,-0.00361608667,0.00357989687,2052,0.001391318,1,6.83999968,-2.96887825E-09,-2.36928837E-15,1.75362544E-15,1,0,0,0,1,0,0,0,1,-2.96887825E-09,-2.36928837E-15,1.75362544E-15,1,-2.96887825E-09,-2.36928837E-15,1.75362544E-15,1,0.00261337776,-2.25264238E-10,5.22895061E-10,0.9999966,0.00521341851,0.00521341851,-0.00522676762,0.00476821745,2052,0.00206004758,1,6.83999968,-6.988029E-10,-1.10073509E-15,3.8636455E-16,1,0,0,0,1,0,0,0.000463358854,0.9999999,-6.98802849E-10,3.22695782E-13,0.000463358854,0.9999999,-6.98802849E-10,3.22695782E-13,0.000463358854,0.9999999,0.000186356076,-1.26507812E-05,0.00139172107,0.999999046,0,0,-0.000372725277,0.00232550735,2052,0,1,5.7,-6.988029E-10,-1.100604E-15,-7.35134336E-16,1,0,0,0,1,0,0,0.000463358854,0.9999999,-6.98802849E-10,3.22695917E-13,0.000463358854,0.9999999,-6.98802849E-10,3.22695917E-13,0.000463358854,0.9999999,0.0001091255,0.000131139866,0.00082928245,0.999999642,0,0,-0.000218130866,0.00362916058,2052,0,1,5.7,4.2001122E-10,2.060041E-15,3.64644878E-16,1,0.0301521979,0,0,0.999545336,0,0,0.000231679442,1,0.0301521979,-6.985644E-06,0.0002315741,0.999545336,0.0301521979,-6.985644E-06,0.0002315741,0.999545336,0.0229847152,-0.000114410723,0.00322371069,0.9997306,0.0155332163,0.0464262925,0.0143397553,0.03438058,1482,0.0585335158,1,5.7,-5.074521E-09,-3.65132663E-16,-5.4125903E-16,1,0.0292097349,0,0,0.9995733,0,0,0.000231679442,1,0.02920973,-6.7672936E-06,0.000231580576,0.9995733,0.02920973,-6.7672936E-06,0.000231580576,0.9995733,0.0244568139,-2.52866685E-05,-9.69595E-06,0.9997009,0.009518363,0.0489171557,0.009509254,0.0246783234,1482,0.05605493,1,5.7
HOLD_0.00_FULL,HOLD,139,200,2,DESCENT,None,0,1.41754949,0.004824944,0.00584428245,0.97911483,0.0007732883,0.00149523362,1.12172437,-0.0470166,0.000212916319,0.000906506961,-0.00342274061,-0.0481739976,0.00156723114,-0.15471904,0.135280982,-0.179305151,0.179305136,true,8,true,true,0,0,0.0009981169,0.000435852824,0.976730347,0.9762231,0.5480648,0.547444,0.428665519,0.428779125,0.428779125,false,0.6782406,0.6768191,0,0,0,false,false,0.304230243,0.04892203,0.0155332163,thorax,true,false,0.005237998,1.46779222E-09,-9.636216E-15,-7.331967E-15,1,0,0,0,1,0.0209585838,-1.92955977E-05,0.0009204511,0.99977994,0.0209585857,-1.92956E-05,0.0009204511,0.99977994,0.0219965223,-2.02663032E-05,0.0009208585,0.999757648,0.00316595333,0.0006420172,-0.00190793478,0.999993,0.0360474177,0.00746927131,0.0376657471,0.07125762,1710,0.00655366434,1,9.5,1.46778956E-09,-2.36301758E-16,-2.05572435E-16,1,0,0,0,1,0.0209585838,-1.92955977E-05,0.0009204511,0.99977994,0.0209585857,-1.92956E-05,0.0009204511,0.99977994,0.0219965223,-2.02663032E-05,0.0009208585,0.999757648,0.00242973166,0.0001894742,-0.00187083,0.9999953,0.03748071,0.0061376025,0.0391373746,0.07294802,1710,0.005035506,1,9.5,-2.96887914E-09,-6.20109729E-15,1.816118E-15,1,0,0,0,1,0,0,0,1,-2.96887914E-09,-6.20109729E-15,1.816118E-15,1,-2.96887914E-09,-6.20109729E-15,1.816118E-15,1,0.00186474016,5.53431564E-05,-0.000156394366,0.999998331,0.00365396286,0.00365396286,-0.00372948823,0.005866574,2052,0.00144383893,1,6.83999968,-2.96887825E-09,-2.36928837E-15,1.75362544E-15,1,0,0,0,1,0,0,0,1,-2.96887825E-09,-2.36928837E-15,1.75362544E-15,1,-2.96887825E-09,-2.36928837E-15,1.75362544E-15,1,0.00265130936,-1.55873911E-10,8.74744548E-12,0.999996543,0.00525895134,0.00525895134,-0.0053026313,0.006427014,2052,0.00207803957,1,6.83999968,-6.988029E-10,-1.10073509E-15,3.8636455E-16,1,0,0,0,1,0,0,0.000460326672,0.9999999,-6.98802849E-10,3.20576871E-13,0.000460326672,0.9999999,-6.98802849E-10,3.20576871E-13,0.000460326672,0.9999999,0.000192310879,-1.57625545E-05,0.001375626,0.999999046,0,0,-0.000384637679,0.00309621566,2052,0,1,5.7,-6.988029E-10,-1.100604E-15,-7.35134336E-16,1,0,0,0,1,0,0,0.000460326672,0.9999999,-6.98802849E-10,3.20577E-13,0.000460326672,0.9999999,-6.98802849E-10,3.20577E-13,0.000460326672,0.9999999,0.000144752208,0.000134613656,0.0008177439,0.999999642,0,0,-0.00028938186,0.00476948544,2052,0,1,5.7,4.2001122E-10,2.060041E-15,3.64644878E-16,1,0.0301521979,0,0,0.999545336,0,0,0.00023016335,1,0.0301521979,-6.9399307E-06,0.000230058708,0.999545336,0.0301521979,-6.9399307E-06,0.000230058708,0.999545336,0.0229630731,-0.00012100154,0.00320682325,0.9997312,0.015548558,0.0463749059,0.0143830534,0.03477721,1482,0.05848066,1,5.7,-5.074521E-09,-3.65132663E-16,-5.4125903E-16,1,0.0292097349,0,0,0.9995733,0,0,0.00023016335,1,0.02920973,-6.723009E-06,0.000230065139,0.9995733,0.02920973,-6.723009E-06,0.000230065139,0.9995733,0.0244606286,-2.594437E-05,-9.18268051E-06,0.9997008,0.009518363,0.0489269048,0.009501621,0.0243062116,1482,0.0560661033,1,5.7
HOLD_0.00_FULL,HOLD,140,201,2.0100000000000002,DESCENT,None,0,1.417548,0.00593359768,0.00693868333,0.9791386,0.005883105,0.00149707426,1.12173784,-0.0470504947,0.000223241077,0.004381583,-0.00369356014,-0.0482994765,0.00157256355,-0.15471904,0.135280982,-0.179305151,0.179305136,true,8,true,true,0,0,0.00166101113,0.000853646256,0.97675854,0.9762645,0.548101664,0.547486,0.428656876,0.42877847,0.42877847,false,0.288692832,0.288098067,0,0,0,false,false,0.303817153,0.0489171557,0.0155332163,thorax,true,false,0.005245853,1.46779222E-09,-9.636216E-15,-7.331967E-15,1,0,0,0,1,0.03770309,-3.48198373E-05,0.0009228705,0.999288559,0.03770309,-3.48198373E-05,0.0009228705,0.999288559,0.0319935642,-2.95294485E-05,0.000922165345,0.9994877,0.00326556969,0.0006402593,-0.00203566952,0.9999925,0.06915345,0.007751229,0.0574679,0.105991073,1710,0.00674817758,1,9.5,1.46778956E-09,-2.36301758E-16,-2.05572435E-16,1,0,0,0,1,0.03770309,-3.48198373E-05,0.0009228705,0.999288559,0.03770309,-3.48198373E-05,0.0009228705,0.999288559,0.0319935642,-2.95294485E-05,0.000922165345,0.9994877,0.002535731,0.00018715841,-0.001992594,0.9999949,0.07059029,0.006403751,0.0589267649,0.107714087,1710,0.00528618041,1,9.5,-2.96887914E-09,-6.20109729E-15,1.816118E-15,1,0,0,0,1,0,0,0,1,-2.96887914E-09,-6.20109729E-15,1.816118E-15,1,-2.96887914E-09,-6.20109729E-15,1.816118E-15,1,0.0018085005,5.5854227E-05,-0.00015836244,0.9999984,0.00358812045,0.00358812045,-0.00361700868,0.00359024457,2052,0.00141782174,1,6.83999968,-2.96887825E-09,-2.36928837E-15,1.75362544E-15,1,0,0,0,1,0,0,0,1,-2.96887825E-09,-2.36928837E-15,1.75362544E-15,1,-2.96887825E-09,-2.36928837E-15,1.75362544E-15,1,0.00261597731,-1.31026134E-10,1.9326335E-10,0.999996662,0.00516748428,0.00516748428,-0.00523196626,0.00477796234,2052,0.00204189681,1,6.83999968,-6.988029E-10,-1.10073509E-15,3.8636455E-16,1,0,0,0,1,0,0,0.0004617636,0.9999999,-6.98802849E-10,3.21581E-13,0.0004617636,0.9999999,-6.98802849E-10,3.21581E-13,0.0004617636,0.9999999,0.000187235273,-1.13200895E-05,0.00139071175,0.999999046,0,0,-0.000374482421,0.002328326,2052,0,1,5.7,-6.988029E-10,-1.100604E-15,-7.35134336E-16,1,0,0,0,1,0,0,0.0004617636,0.9999999,-6.98802849E-10,3.21581141E-13,0.0004617636,0.9999999,-6.98802849E-10,3.21581141E-13,0.0004617636,0.9999999,0.000112124522,0.000137105657,0.0008280157,0.9999997,0,0,-0.0002241238,0.003640795,2052,0,1,5.7,4.2001122E-10,2.060041E-15,3.64644878E-16,1,0.0301521979,0,0,0.999545336,0,0,0.000230881808,1,0.0301521979,-6.961594E-06,0.00023077683,0.999545336,0.0301521979,-6.961594E-06,0.00023077683,0.999545336,0.0229826756,-0.000119315206,0.00322407717,0.9997307,0.01551786,0.0464160219,0.0143438354,0.0343956836,1482,0.0585203059,1,5.7,-5.074521E-09,-3.65132663E-16,-5.4125903E-16,1,0.0292097349,0,0,0.9995733,0,0,0.000230881808,1,0.02920973,-6.743995E-06,0.000230783291,0.9995733,0.02920973,-6.743995E-06,0.000230783291,0.9995733,0.0244558249,-2.68534623E-05,-9.565334E-06,0.999700963,0.009493281,0.048912283,0.009511233,0.0246842727,1482,0.0560493469,1,5.7
HOLD_0.00_FULL,HOLD,141,202,2.02,DESCENT,None,0,1.41754484,0.004815981,0.0059232153,0.9791162,0.000772498548,0.0014987149,1.1217258,-0.04708651,0.000170020081,0.0009072466,-0.00355506549,-0.0482886545,0.00155620708,-0.15471904,0.135280982,-0.179305151,0.179305136,true,8,true,true,0,0,0.001000033,0.000435724651,0.976732254,0.976225,0.548067,0.5474461,0.42866528,0.428778946,0.428778946,false,0.7037964,0.702333868,0,0,0,false,false,0.30423063,0.0489269048,0.015548558,thorax,true,false,0.005237997,1.46779222E-09,-9.636216E-15,-7.331967E-15,1,0,0,0,1,0.0177111048,-1.62439319E-05,0.0009170166,0.9998427,0.0177111067,-1.62439337E-05,0.0009170166,0.9998427,0.0219965149,-2.0230209E-05,0.000918581034,0.999757648,0.00319956522,0.0006537776,-0.00190669612,0.999992847,0.0296047758,0.007564425,0.037598528,0.07112594,1710,0.00667105336,1,9.5,1.46778956E-09,-2.36301758E-16,-2.05572435E-16,1,0,0,0,1,0.0177111048,-1.62439319E-05,0.0009170166,0.9998427,0.0177111067,-1.62439337E-05,0.0009170166,0.9998427,0.0219965149,-2.0230209E-05,0.000918581034,0.999757648,0.00245937286,0.000197406189,-0.00186933647,0.999995232,0.0310128983,0.006176326,0.0390780866,0.07282549,1710,0.00508662965,1,9.5,-2.96887914E-09,-6.20109729E-15,1.816118E-15,1,0,0,0,1,0,0,0,1,-2.96887914E-09,-6.20109729E-15,1.816118E-15,1,-2.96887914E-09,-6.20109729E-15,1.816118E-15,1,0.00186537567,5.63813373E-05,-0.000156485752,0.999998331,0.00365396286,0.00365396286,-0.00373075926,0.005876752,2052,0.00144383893,1,6.83999968,-2.96887825E-09,-2.36928837E-15,1.75362544E-15,1,0,0,0,1,0,0,0,1,-2.96887825E-09,-2.36928837E-15,1.75362544E-15,1,-2.96887825E-09,-2.36928837E-15,1.75362544E-15,1,0.00265389751,-2.52511428E-10,1.670424E-11,0.9999965,0.00530409347,0.00530409347,-0.00530780759,0.006436467,2052,0.00209587719,1,6.83999968,-6.988029E-10,-1.10073509E-15,3.8636455E-16,1,0,0,0,1,0,0,0.000458580267,0.9999999,-6.98802849E-10,3.193565E-13,0.000458580267,0.9999999,-6.98802849E-10,3.193565E-13,0.000458580267,0.9999999,0.000193220738,-1.44834357E-05,0.0013745632,0.999999046,0,0,-0.000386456173,0.00309850485,2052,0,1,5.7,-6.988029E-10,-1.100604E-15,-7.35134336E-16,1,0,0,0,1,0,0,0.000458580267,0.9999999,-6.98802849E-10,3.19356629E-13,0.000458580267,0.9999999,-6.98802849E-10,3.19356629E-13,0.000458580267,0.9999999,0.000147693354,0.000140342861,0.0008164417,0.9999997,0,0,-0.00029525935,0.00478123268,2052,0,1,5.7,4.2001122E-10,2.060041E-15,3.64644878E-16,1,0.0301521979,0,0,0.999545336,0,0,0.000229290148,1,0.0301521979,-6.91360174E-06,0.0002291859,0.999545336,0.0301521979,-6.91360174E-06,0.0002291859,0.999545336,0.02296093,-0.000125733452,0.00320711266,0.999731243,0.015548558,0.046369765,0.01438734,0.0347934254,1482,0.0584740527,1,5.7,-5.074521E-09,-3.65132663E-16,-5.4125903E-16,1,0.0292097349,0,0,0.9995733,0,0,0.000229290148,1,0.02920973,-6.697503E-06,0.0002291923,0.9995733,0.02920973,-6.697503E-06,0.0002291923,0.9995733,0.0244595874,-2.74479062E-05,-9.186194E-06,0.999700844,0.009493281,0.04892203,0.0095037045,0.0243126824,1482,0.0560605153,1,5.7
HOLD_0.00_FULL,HOLD,142,203,2.0300000000000002,DESCENT,None,0,1.417543,0.00592280924,0.00701181032,0.9791403,0.005886309,0.00150012621,1.12173927,-0.0471217372,0.00018043931,0.00438333442,-0.003827002,-0.0484158434,0.001561142,-0.15471904,0.135280982,-0.179305151,0.179305136,true,8,true,true,0,0,0.00166415656,0.0008545987,0.9767606,0.976266742,0.5481039,0.547488451,0.4286567,0.4287783,0.4287783,false,0.262928784,0.2623919,0,0,0,false,false,0.303817123,0.048912283,0.01551786,thorax,true,false,0.005245852,1.46779222E-09,-9.636216E-15,-7.331967E-15,1,0,0,0,1,0.03434033,-3.1583997E-05,0.000919192,0.9994098,0.03434033,-3.1583997E-05,0.000919192,0.9994098,0.03199749,-2.94290639E-05,0.000919086742,0.9994875,0.00329974736,0.000651344657,-0.00203464529,0.9999924,0.0623841621,0.007812505,0.0574074239,0.105869085,1710,0.006824431,1,9.5,1.46778956E-09,-2.36301758E-16,-2.05572435E-16,1,0,0,0,1,0.03434033,-3.1583997E-05,0.000919192,0.9994098,0.03434033,-3.1583997E-05,0.000919192,0.9994098,0.03199749,-2.94290639E-05,0.000919086742,0.9994875,0.00256626052,0.000194584223,-0.001991115,0.999994755,0.0638238862,0.00647778576,0.05887358,0.107599445,1710,0.00528618041,1,9.5,-2.96887914E-09,-6.20109729E-15,1.816118E-15,1,0,0,0,1,0,0,0,1,-2.96887914E-09,-6.20109729E-15,1.816118E-15,1,-2.96887914E-09,-6.20109729E-15,1.816118E-15,1,0.00180925126,5.68334035E-05,-0.0001584284,0.9999984,0.00358812045,0.00358812045,-0.00361851021,0.003599025,2052,0.00141782174,1,6.83999968,-2.96887825E-09,-2.36928837E-15,1.75362544E-15,1,0,0,0,1,0,0,0,1,-2.96887825E-09,-2.36928837E-15,1.75362544E-15,1,-2.96887825E-09,-2.36928837E-15,1.75362544E-15,1,0.002618461,-2.19898655E-10,2.72219025E-10,0.9999966,0.00521341851,0.00521341851,-0.005236934,0.004786016,2052,0.00206004758,1,6.83999968,-6.988029E-10,-1.10073509E-15,3.8636455E-16,1,0,0,0,1,0,0,0.000459867239,0.9999999,-6.98802849E-10,3.20255839E-13,0.000459867239,0.9999999,-6.98802849E-10,3.20255839E-13,0.000459867239,0.9999999,0.0001881775,-1.00973675E-05,0.00138962711,0.9999991,0,0,-0.0003763657,0.00232930621,2052,0,1,5.7,-6.988029E-10,-1.100604E-15,-7.35134336E-16,1,0,0,0,1,0,0,0.000459867239,0.9999999,-6.98802849E-10,3.20255947E-13,0.000459867239,0.9999999,-6.98802849E-10,3.20255947E-13,0.000459867239,0.9999999,0.000114995986,0.000142578268,0.0008267276,0.9999997,0,0,-0.000229862213,0.00364890485,2052,0,1,5.7,4.2001122E-10,2.060041E-15,3.64644878E-16,1,0.0301521979,0,0,0.999545336,0,0,0.000229933634,1,0.0301521979,-6.93300444E-06,0.0002298291,0.999545336,0.0301521979,-6.93300444E-06,0.0002298291,0.999545336,0.0229805373,-0.000123858961,0.00322429673,0.999730766,0.01551786,0.0464108847,0.0143481111,0.0344126225,1482,0.0585269071,1,5.7,-5.074521E-09,-3.65132663E-16,-5.4125903E-16,1,0.0292097349,0,0,0.9995733,0,0,0.000229933634,1,0.02920973,-6.716299E-06,0.000229835525,0.9995733,0.02920973,-6.716299E-06,0.000229835525,0.9995733,0.02445481,-2.82819638E-05,-9.692878E-06,0.999700963,0.009518363,0.048912283,0.009513262,0.0246900823,1482,0.0560493469,1,5.7
HOLD_0.00_FULL,HOLD,143,204,2.04,DESCENT,None,0,1.41754,0.004809983,0.00601085974,0.979117751,0.0007722676,0.00150133716,1.12172735,-0.0471591,0.000127524021,0.0009105659,-0.00368979038,-0.0484068021,0.00154445937,-0.15471904,0.135280982,-0.179305151,0.179305136,true,8,true,true,0,0,0.00100294256,0.000435015827,0.9767343,0.976227164,0.548069239,0.5474486,0.428665042,0.4287786,0.4287786,false,0.73069483,0.7291634,0,0,0,false,false,0.30422923,0.04892203,0.015548558,thorax,true,false,0.00523811532,1.46779222E-09,-9.636216E-15,-7.331967E-15,1,0,0,0,1,0.0143466024,-1.30998087E-05,0.0009130005,0.999896646,0.0143466042,-1.309981E-05,0.0009130005,0.999896646,0.0220013261,-2.018137E-05,0.000915674667,0.9997575,0.003234249,0.000664198946,-0.00190591416,0.9999928,0.0229649227,0.007595878,0.0375387967,0.07100747,1710,0.006709726,1,9.5,1.46778956E-09,-2.36301758E-16,-2.05572435E-16,1,0,0,0,1,0.0143466024,-1.30998087E-05,0.0009130005,0.999896646,0.0143466042,-1.309981E-05,0.0009130005,0.999896646,0.0220013261,-2.018137E-05,0.000915674667,0.9997575,0.002490702,0.0002042899,-0.00186805427,0.9999952,0.0243555512,0.006214808,0.03902507,0.07271358,1710,0.00513724424,1,9.5,-2.96887914E-09,-6.20109729E-15,1.816118E-15,1,0,0,0,1,0,0,0,1,-2.96887914E-09,-6.20109729E-15,1.816118E-15,1,-2.96887914E-09,-6.20109729E-15,1.816118E-15,1,0.00186626753,5.730541E-05,-0.000156538037,0.9999983,0.00371863972,0.00371863972,-0.00373254344,0.00588751,2052,0.00146939559,1,6.83999968,-2.96887825E-09,-2.36928837E-15,1.75362544E-15,1,0,0,0,1,0,0,0,1,-2.96887825E-09,-2.36928837E-15,1.75362544E-15,1,-2.96887825E-09,-2.36928837E-15,1.75362544E-15,1,0.00265629217,-2.78040174E-10,1.14902234E-10,0.999996543,0.00525895134,0.00525895134,-0.005312597,0.006444613,2052,0.00207803957,1,6.83999968,-6.988029E-10,-1.10073509E-15,3.8636455E-16,1,0,0,0,1,0,0,0.000456547277,0.9999999,-6.98802849E-10,3.17935836E-13,0.000456547277,0.9999999,-6.98802849E-10,3.17935836E-13,0.000456547277,0.9999999,0.000194153079,-1.33205567E-05,0.00137344049,0.9999991,0,0,-0.000388319721,0.00310032745,2052,0,1,5.7,-6.988029E-10,-1.100604E-15,-7.35134336E-16,1,0,0,0,1,0,0,0.000456547277,0.9999999,-6.98802849E-10,3.17935972E-13,0.000456547277,0.9999999,-6.98802849E-10,3.17935972E-13,0.000456547277,0.9999999,0.0001504935,0.000145545782,0.0008151237,0.9999997,0,0,-0.000300855463,0.004792108,2052,0,1,5.7,4.2001122E-10,2.060041E-15,3.64644878E-16,1,0.0301521979,0,0,0.999545336,0,0,0.000228273653,1,0.0301521979,-6.882952E-06,0.000228169869,0.999545336,0.0301521979,-6.882952E-06,0.000228169869,0.999545336,0.0229586661,-0.0001300899,0.00320725469,0.9997313,0.0155638848,0.04636462,0.0143918665,0.03480865,1482,0.05846744,1,5.7,-5.074521E-09,-3.65132663E-16,-5.4125903E-16,1,0.0292097349,0,0,0.9995733,0,0,0.000228273653,1,0.02920973,-6.6678117E-06,0.000228176243,0.9995733,0.02920973,-6.6678117E-06,0.000228176243,0.9995733,0.0244584978,-2.88101783E-05,-9.432393E-06,0.9997009,0.009493281,0.0489171557,0.009505886,0.024319334,1482,0.05605493,1,5.7
HOLD_0.00_FULL,HOLD,144,205,2.05,DESCENT,None,0,1.41753483,0.0055154115,0.006704856,0.9791345,0.005038768,0.001502311,1.1217351,-0.0471952148,0.0001324814,0.003706045,-0.003874484,-0.048505377,0.00154710968,-0.15471904,0.135280982,-0.179305151,0.179305136,true,8,true,true,0,0,0.00158725248,0.0007639363,0.9767546,0.976259947,0.5480975,0.5474819,0.4286571,0.428778052,0.428778052,false,0.235821277,0.235335454,0,0,0,false,false,0.3038739,0.048912283,0.01551786,thorax,true,false,0.005242998,1.46779222E-09,-9.636216E-15,-7.331967E-15,1,0,0,0,1,0.0308005251,-2.81956472E-05,0.000914992765,0.9995251,0.030800527,-2.81956491E-05,0.000914992765,0.9995251,0.030800527,-2.81956491E-05,0.000914992765,0.9995251,0.00331519544,0.0006639671,-0.00201672525,0.9999923,0.0553048663,0.007842964,0.0549814478,0.10159158,1710,0.00686224,1,9.5,1.46778956E-09,-2.36301758E-16,-2.05572435E-16,1,0,0,0,1,0.0308005251,-2.81956472E-05,0.000914992765,0.9995251,0.030800527,-2.81956491E-05,0.000914992765,0.9995251,0.030800527,-2.81956491E-05,0.000914992765,0.9995251,0.002578135,0.000204100463,-0.00197359361,0.999994755,0.0567476638,0.00647778576,0.05645474,0.103327066,1710,0.005383183,1,9.5,-2.96887914E-09,-6.20109729E-15,1.816118E-15,1,0,0,0,1,0,0,0,1,-2.96887914E-09,-6.20109729E-15,1.816118E-15,1,-2.96887914E-09,-6.20109729E-15,1.816118E-15,1,0.00182233891,5.78903637E-05,-0.000158114621,0.999998331,0.00365396286,0.00365396286,-0.003644686,0.00387491728,2052,0.00144383893,1,6.83999968,-2.96887825E-09,-2.36928837E-15,1.75362544E-15,1,0,0,0,1,0,0,0,1,-2.96887825E-09,-2.36928837E-15,1.75362544E-15,1,-2.96887825E-09,-2.36928837E-15,1.75362544E-15,1,0.002629723,-1.83874721E-10,2.37484921E-10,0.999996543,0.00525895134,0.00525895134,-0.005259458,0.005001284,2052,0.00207803957,1,6.83999968,-6.988029E-10,-1.10073509E-15,3.8636455E-16,1,0,0,0,1,0,0,0.000457713584,0.9999999,-6.98802849E-10,3.18750858E-13,0.000457713584,0.9999999,-6.98802849E-10,3.18750858E-13,0.000457713584,0.9999999,0.000192708074,-9.344513E-06,0.00138590788,0.999999046,0,0,-0.0003854261,0.00242528832,2052,0,1,5.7,-6.988029E-10,-1.100604E-15,-7.35134336E-16,1,0,0,0,1,0,0,0.000457713584,0.9999999,-6.98802849E-10,3.18750966E-13,0.000457713584,0.9999999,-6.98802849E-10,3.18750966E-13,0.000457713584,0.9999999,0.0001248998,0.00014820222,0.0008240649,0.9999997,0,0,-0.0002496653,0.00378512312,2052,0,1,5.7,4.2001122E-10,2.060041E-15,3.64644878E-16,1,0.0301521979,0,0,0.999545336,0,0,0.0002288568,1,0.0301521979,-6.900536E-06,0.00022875276,0.999545336,0.0301521979,-6.900536E-06,0.00022875276,0.999545336,0.0229729768,-0.000128519081,0.00322109275,0.999730945,0.0155332163,0.04639547,0.0143632358,0.03451557,1482,0.0585004874,1,5.7,-5.074521E-09,-3.65132663E-16,-5.4125903E-16,1,0.0292097349,0,0,0.9995733,0,0,0.0002288568,1,0.02920973,-6.684845E-06,0.000228759149,0.9995733,0.02920973,-6.684845E-06,0.000228759149,0.9995733,0.0244546141,-2.9345365E-05,-9.786921E-06,0.999700963,0.009518363,0.048912283,0.009513653,0.0246669762,1482,0.0560493469,1,5.7
HOLD_0.00_FULL,HOLD,145,206,2.06,DESCENT,None,0,1.417523,0.0039293915,0.00526762474,0.979102,-0.000398784876,0.00150306278,1.12171328,-0.0472319163,7.71266641E-05,-0.000150791,-0.003589758,-0.0484457836,0.001529143,-0.15471904,0.135280982,-0.179305151,0.179305136,true,8,true,true,0,0,0.000930793467,0.000464498939,0.9767181,0.9762113,0.5480528,0.547432959,0.42866534,0.42877835,0.42877835,false,0.639446,0.6381172,0,0,0,false,false,0.3042753,0.0489171557,0.0155638848,thorax,true,false,0.0052320566,1.46779222E-09,-9.636216E-15,-7.331967E-15,1,0,0,0,1,0.0108051961,-9.817349E-06,0.0009085232,0.99994123,0.010805198,-9.81735E-06,0.0009085232,0.99994123,0.02080341,-1.90069968E-05,0.0009118034,0.9997832,0.0032324607,0.00067896297,-0.00188880635,0.9999928,0.0161945019,0.007595878,0.0351460241,0.0668020546,1710,0.006709726,1,9.5,1.46778956E-09,-2.36301758E-16,-2.05572435E-16,1,0,0,0,1,0.0108051961,-9.817349E-06,0.0009085232,0.99994123,0.010805198,-9.81735E-06,0.0009085232,0.99994123,0.02080341,-1.90069968E-05,0.0009118034,0.9997832,0.00248638075,0.000216269633,-0.00185102865,0.9999952,0.0175374411,0.006214808,0.03663736,0.06851134,1710,0.00513724424,1,9.5,-2.96887914E-09,-6.20109729E-15,1.816118E-15,1,0,0,0,1,0,0,0,1,-2.96887914E-09,-6.20109729E-15,1.816118E-15,1,-2.96887914E-09,-6.20109729E-15,1.816118E-15,1,0.0018883904,5.8589816E-05,-0.0001560486,0.9999982,0.00378221087,0.00378221087,-0.00377678918,0.006162168,2052,0.00149451534,1,6.83999968,-2.96887825E-09,-2.36928837E-15,1.75362544E-15,1,0,0,0,1,0,0,0,1,-2.96887825E-09,-2.36928837E-15,1.75362544E-15,1,-2.96887825E-09,-2.36928837E-15,1.75362544E-15,1,0.00267612026,-3.22378235E-10,2.00082839E-10,0.9999964,0.005348855,0.005348855,-0.005352253,0.00667136069,2052,0.00211356417,1,6.83999968,-6.988029E-10,-1.10073509E-15,3.8636455E-16,1,0,0,0,1,0,0,0.000454288151,0.9999999,-6.98802849E-10,3.16357156E-13,0.000454288151,0.9999999,-6.98802849E-10,3.16357156E-13,0.000454288151,0.9999999,0.000204021737,-1.21429011E-05,0.00136910158,0.999999046,0,0,-0.000408055959,0.003191395,2052,0,1,5.7,-6.988029E-10,-1.100604E-15,-7.35134336E-16,1,0,0,0,1,0,0,0.000454288151,0.9999999,-6.98802849E-10,3.16357265E-13,0.000454288151,0.9999999,-6.98802849E-10,3.16357265E-13,0.000454288151,0.9999999,0.000165042089,0.000152366,0.0008126362,0.9999997,0,0,-0.0003299471,0.00493142568,2052,0,1,5.7,4.2001122E-10,2.060041E-15,3.64644878E-16,1,0.0301521979,0,0,0.999545336,0,0,0.00022714409,1,0.0301521979,-6.84889346E-06,0.000227040815,0.999545336,0.0301521979,-6.84889346E-06,0.000227040815,0.999545336,0.0229457114,-0.00013465622,0.00320233079,0.99973166,0.0155638848,0.0463337563,0.0144177834,0.0349962078,1482,0.05842776,1,5.7,-5.074521E-09,-3.65132663E-16,-5.4125903E-16,1,0.0292097349,0,0,0.9995733,0,0,0.00022714409,1,0.02920973,-6.63481751E-06,0.00022704716,0.9995733,0.02920973,-6.63481751E-06,0.00022704716,0.9995733,0.024458034,-2.96280614E-05,-9.42096449E-06,0.999700844,0.009518363,0.04892203,0.00950680953,0.0243400186,1482,0.0560605153,1,5.7
HOLD_0.00_FULL,HOLD,146,207,2.07,DESCENT,None,0,1.41750956,0.0047512427,0.005999278,0.9791154,0.00466295332,0.00150358153,1.121716,-0.04726591,8.771315E-05,0.00321570667,-0.00368390745,-0.0485116169,0.00153324159,-0.15471904,0.135280982,-0.179305151,0.179305136,true,8,true,true,0,0,0.001603187,0.0008019042,0.9767356,0.976243258,0.548079431,0.547465444,0.428656161,0.4287778,0.4287778,false,0.361963123,0.361210972,0,0,0,false,false,0.303833961,0.048912283,0.0155332163,thorax,true,false,0.005238731,1.46779222E-09,-9.636216E-15,-7.331967E-15,1,0,0,0,1,0.0308005251,-2.80243657E-05,0.000909434457,0.9995251,0.030800527,-2.80243676E-05,0.000909434457,0.9995251,0.030800527,-2.80243676E-05,0.000909434457,0.9995251,0.00331895077,0.000676349853,-0.00202319049,0.999992251,0.0553005561,0.007873303,0.05497395,0.101547912,1710,0.006899841,1,9.5,1.46778956E-09,-2.36301758E-16,-2.05572435E-16,1,0,0,0,1,0.0308005251,-2.80243657E-05,0.000909434457,0.9995251,0.030800527,-2.80243676E-05,0.000909434457,0.9995251,0.030800527,-2.80243676E-05,0.000909434457,0.9995251,0.002580293,0.000212899642,-0.00197835173,0.9999947,0.0567476638,0.00651448732,0.0564504452,0.103290066,1710,0.00533490255,1,9.5,-2.96887914E-09,-6.20109729E-15,1.816118E-15,1,0,0,0,1,0,0,0,1,-2.96887914E-09,-6.20109729E-15,1.816118E-15,1,-2.96887914E-09,-6.20109729E-15,1.816118E-15,1,0.00183903682,5.9072212E-05,-0.000157993272,0.999998331,0.00365396286,0.00365396286,-0.00367808156,0.00390424649,2052,0.00144383893,1,6.83999968,-2.96887825E-09,-2.36928837E-15,1.75362544E-15,1,0,0,0,1,0,0,0,1,-2.96887825E-09,-2.36928837E-15,1.75362544E-15,1,-2.96887825E-09,-2.36928837E-15,1.75362544E-15,1,0.00264863647,-1.23777669E-10,-6.968521E-11,0.999996543,0.00525895134,0.00525895134,-0.0052972855,0.005031939,2052,0.00207803957,1,6.83999968,-6.988029E-10,-1.10073509E-15,3.8636455E-16,1,0,0,0,1,0,0,0.0004549331,0.9999999,-6.98802849E-10,3.16807832E-13,0.0004549331,0.9999999,-6.98802849E-10,3.16807832E-13,0.0004549331,0.9999999,0.0002033569,-7.026251E-06,0.0013847464,0.999999046,0,0,-0.0004067216,0.00240753265,2052,0,1,5.7,-6.988029E-10,-1.100604E-15,-7.35134336E-16,1,0,0,0,1,0,0,0.0004549331,0.9999999,-6.98802849E-10,3.16807968E-13,0.0004549331,0.9999999,-6.98802849E-10,3.16807968E-13,0.0004549331,0.9999999,0.000134751928,0.000155677742,0.0008233504,0.9999997,0,0,-0.000269363576,0.00377706345,2052,0,1,5.7,4.2001122E-10,2.060041E-15,3.64644878E-16,1,0.0301521979,0,0,0.999545336,0,0,0.00022746656,1,0.0301521979,-6.858617E-06,0.00022736314,0.999545336,0.0301521979,-6.858617E-06,0.00022736314,0.999545336,0.0229596458,-0.000132546178,0.00321915676,0.999731243,0.0155638848,0.046369765,0.0143899033,0.0346909128,1482,0.0584740527,1,5.7,-5.074521E-09,-3.65132663E-16,-5.4125903E-16,1,0.0292097349,0,0,0.9995733,0,0,0.00022746656,1,0.02920973,-6.64423669E-06,0.0002273695,0.9995733,0.02920973,-6.64423669E-06,0.0002273695,0.9995733,0.0244510323,-3.04687546E-05,-1.02970462E-05,0.999701,0.009518363,0.0489074066,0.009520817,0.0247706,1482,0.0560381748,1,5.7
HOLD_0.00_FULL,HOLD,147,208,2.08,DESCENT,None,0,1.417494,0.00357860327,0.004912538,0.979084134,-0.000283874571,0.00150391448,1.12169445,-0.04730001,3.71869246E-05,-0.000144749472,-0.00335214357,-0.04843352,0.00151648908,-0.15471904,0.135280982,-0.179305151,0.179305136,true,8,true,true,0,0,0.0009557506,0.000439491472,0.9767004,0.9761956,0.5480361,0.5474173,0.428664327,0.4287783,0.4287783,false,0.6198337,0.6185236,0,0,0,false,false,0.304222047,0.04892203,0.0155638848,thorax,true,false,0.00523172,1.46779222E-09,-9.636216E-15,-7.331967E-15,1,0,0,0,1,0.0108051961,-9.750502E-06,0.000902337,0.99994123,0.010805198,-9.750503E-06,0.000902337,0.99994123,0.02080341,-1.88879276E-05,0.0009059308,0.9997832,0.00324161747,0.0006880528,-0.00190155348,0.9999927,0.0161797721,0.00762720173,0.0351277143,0.06674382,1710,0.00674817758,1,9.5,1.46778956E-09,-2.36301758E-16,-2.05572435E-16,1,0,0,0,1,0.0108051961,-9.750502E-06,0.000902337,0.99994123,0.010805198,-9.750503E-06,0.000902337,0.99994123,0.02080341,-1.88879276E-05,0.0009059308,0.9997832,0.00249306764,0.0002206241,-0.0018612952,0.999995232,0.0174966119,0.006176326,0.0366239846,0.0684605762,1710,0.00518736476,1,9.5,-2.96887914E-09,-6.20109729E-15,1.816118E-15,1,0,0,0,1,0,0,0,1,-2.96887914E-09,-6.20109729E-15,1.816118E-15,1,-2.96887914E-09,-6.20109729E-15,1.816118E-15,1,0.0019016678,5.948911E-05,-0.00015622162,0.9999983,0.00371863972,0.00371863972,-0.00380334351,0.006216437,2052,0.00146939559,1,6.83999968,-2.96887825E-09,-2.36928837E-15,1.75362544E-15,1,0,0,0,1,0,0,0,1,-2.96887825E-09,-2.36928837E-15,1.75362544E-15,1,-2.96887825E-09,-2.36928837E-15,1.75362544E-15,1,0.00269413763,-1.25174329E-10,9.589967E-11,0.9999964,0.005348855,0.005348855,-0.005388287,0.0067044124,2052,0.00211356417,1,6.83999968,-6.988029E-10,-1.10073509E-15,3.8636455E-16,1,0,0,0,1,0,0,0.000451194879,0.9999999,-6.98802849E-10,3.14195555E-13,0.000451194879,0.9999999,-6.98802849E-10,3.14195555E-13,0.000451194879,0.9999999,0.000213036765,-9.424311E-06,0.00136991,0.999999046,0,0,-0.000426083483,0.00317813922,2052,0,1,5.7,-6.988029E-10,-1.100604E-15,-7.35134336E-16,1,0,0,0,1,0,0,0.000451194879,0.9999999,-6.98802849E-10,3.141957E-13,0.000451194879,0.9999999,-6.98802849E-10,3.141957E-13,0.000451194879,0.9999999,0.000171705688,0.000159532559,0.000812382437,0.9999997,0,0,-0.000343268766,0.00494170934,2052,0,1,5.7,4.2001122E-10,2.060041E-15,3.64644878E-16,1,0.0301521979,0,0,0.999545336,0,0,0.000225597454,1,0.0301521979,-6.802259E-06,0.000225494878,0.999545336,0.0301521979,-6.802259E-06,0.000225494878,0.999545336,0.0229313541,-0.000138434567,0.00320296269,0.9997319,0.01562504,0.0463131666,0.0144465,0.0351743028,1482,0.0584012941,1,5.7,-5.074521E-09,-3.65132663E-16,-5.4125903E-16,1,0.0292097349,0,0,0.9995733,0,0,0.000225597454,1,0.02920973,-6.58964063E-06,0.0002255012,0.9995733,0.02920973,-6.58964063E-06,0.0002255012,0.9995733,0.0244510323,-3.10748146E-05,-1.05921426E-05,0.9997011,0.009493281,0.0489025339,0.009520819,0.0244502462,1482,0.0560381748,1,5.7
HOLD_0.00_FULL,HOLD,148,209,2.09,DESCENT,None,0,1.41748118,0.004817188,0.005973628,0.979102135,0.005105734,0.0015040572,1.12170088,-0.0473312326,5.18507331E-05,0.00357495854,-0.00342559279,-0.04848958,0.00152159028,-0.15471904,0.135280982,-0.179305151,0.179305136,true,8,true,true,0,0,0.00163443317,0.0008362003,0.976722836,0.9762317,0.5480674,0.547454059,0.428655446,0.428777635,0.428777635,false,0.383638,0.382840782,0,0,0,false,false,0.303799242,0.0489074066,0.0155638848,thorax,true,false,0.00524184667,1.46779222E-09,-9.636216E-15,-7.331967E-15,1,0,0,0,1,0.0308005251,-2.78502048E-05,0.000903782668,0.9995251,0.030800527,-2.78502066E-05,0.000903782668,0.9995251,0.030800527,-2.78502066E-05,0.000903782668,0.9995251,0.0033316745,0.000683140941,-0.00203502481,0.9999922,0.05527468,0.00790352747,0.0549484976,0.101479977,1710,0.00693723932,1,9.5,1.46778956E-09,-2.36301758E-16,-2.05572435E-16,1,0,0,0,1,0.0308005251,-2.78502048E-05,0.000903782668,0.9995251,0.030800527,-2.78502066E-05,0.000903782668,0.9995251,0.030800527,-2.78502066E-05,0.000903782668,0.9995251,0.0025898444,0.000214950182,-0.00198763888,0.999994636,0.0567308553,0.00655098353,0.05643134,0.103232116,1710,0.005383183,1,9.5,-2.96887914E-09,-6.20109729E-15,1.816118E-15,1,0,0,0,1,0,0,0,1,-2.96887914E-09,-6.20109729E-15,1.816118E-15,1,-2.96887914E-09,-6.20109729E-15,1.816118E-15,1,0.00185073446,5.97529433E-05,-0.000158288589,0.999998331,0.00365396286,0.00365396286,-0.00370147685,0.003961624,2052,0.00144383893,1,6.83999968,-2.96887825E-09,-2.36928837E-15,1.75362544E-15,1,0,0,0,1,0,0,0,1,-2.96887825E-09,-2.36928837E-15,1.75362544E-15,1,-2.96887825E-09,-2.36928837E-15,1.75362544E-15,1,0.00266585848,-1.66991115E-10,1.49356916E-10,0.9999965,0.00530409347,0.00530409347,-0.00533172954,0.005065833,2052,0.00209587719,1,6.83999968,-6.988029E-10,-1.10073509E-15,3.8636455E-16,1,0,0,0,1,0,0,0.000452105858,0.9999999,-6.98802849E-10,3.14832145E-13,0.000452105858,0.9999999,-6.98802849E-10,3.14832145E-13,0.000452105858,0.9999999,0.000211295133,-4.343073E-06,0.00138646155,0.999999046,0,0,-0.0004225956,0.0024166205,2052,0,1,5.7,-6.988029E-10,-1.100604E-15,-7.35134336E-16,1,0,0,0,1,0,0,0.000452105858,0.9999999,-6.98802849E-10,3.1483228E-13,0.000452105858,0.9999999,-6.98802849E-10,3.1483228E-13,0.000452105858,0.9999999,0.000140322416,0.000162066412,0.0008233702,0.9999997,0,0,-0.000280499662,0.00380863319,2052,0,1,5.7,4.2001122E-10,2.060041E-15,3.64644878E-16,1,0.0301521979,0,0,0.999545336,0,0,0.000226052944,1,0.0301521979,-6.815993E-06,0.000225950163,0.999545336,0.0301521979,-6.815993E-06,0.000225950163,0.999545336,0.02294341,-0.000135910392,0.00322155678,0.9997316,0.0155944927,0.0463389,0.0144223841,0.0348694138,1482,0.05842114,1,5.7,-5.074521E-09,-3.65132663E-16,-5.4125903E-16,1,0.0292097349,0,0,0.9995733,0,0,0.000226052944,1,0.02920973,-6.602945E-06,0.000225956479,0.9995733,0.02920973,-6.602945E-06,0.000225956479,0.9995733,0.0244415235,-3.188046E-05,-1.18068347E-05,0.9997013,0.009518363,0.0488830246,0.009539843,0.0248721968,1482,0.05601582,1,5.7
HOLD_0.00_FULL,HOLD,149,210,2.1,DESCENT,None,0,1.41746938,0.00394570827,0.00509755826,0.9790769,0.000289730728,0.0015040494,1.12168479,-0.0473625772,3.867723E-06,0.0003863697,-0.00309335534,-0.0484085754,0.00150535721,-0.15471904,0.135280982,-0.179305151,0.179305136,true,8,true,true,0,0,0.0009878136,0.000436144037,0.976694,0.9761895,0.54803,0.547411442,0.428663969,0.428778052,0.428778052,false,0.5960013,0.594741642,0,0,0,false,false,0.30421415,0.0489025339,0.01562504,thorax,true,false,0.00523674,1.46779222E-09,-9.636216E-15,-7.331967E-15,1,0,0,0,1,0.0108051961,-9.694182E-06,0.00089712505,0.99994123,0.010805198,-9.694183E-06,0.00089712505,0.99994123,0.02080341,-1.87726837E-05,0.000900498766,0.9997832,0.00325690443,0.000693142065,-0.00190941745,0.999992669,0.0161502734,0.007658397,0.0350971445,0.06666409,1710,0.00678641163,1,9.5,1.46778956E-09,-2.36301758E-16,-2.05572435E-16,1,0,0,0,1,0.0108051961,-9.694182E-06,0.00089712505,0.99994123,0.010805198,-9.694183E-06,0.00089712505,0.99994123,0.02080341,-1.87726837E-05,0.000900498766,0.9997832,0.002504753,0.000221727008,-0.0018669978,0.9999952,0.01748298,0.006214808,0.0366006158,0.06839106,1710,0.005237006,1,9.5,-2.96887914E-09,-6.20109729E-15,1.816118E-15,1,0,0,0,1,0,0,0,1,-2.96887914E-09,-6.20109729E-15,1.816118E-15,1,-2.96887914E-09,-6.20109729E-15,1.816118E-15,1,0.0019125581,5.998326E-05,-0.000156501555,0.999998152,0.003844731,0.003844731,-0.00382512459,0.006268982,2052,0.00151921972,1,6.83999968,-2.96887825E-09,-2.36928837E-15,1.75362544E-15,1,0,0,0,1,0,0,0,1,-2.96887825E-09,-2.36928837E-15,1.75362544E-15,1,-2.96887825E-09,-2.36928837E-15,1.75362544E-15,1,0.00271007721,-2.7667188E-10,1.39630793E-10,0.9999964,0.005348855,0.005348855,-0.005420166,0.006731475,2052,0.00213110447,1,6.83999968,-6.988029E-10,-1.10073509E-15,3.8636455E-16,1,0,0,0,1,0,0,0.000448588718,0.9999999,-6.98802849E-10,3.12374367E-13,0.000448588718,0.9999999,-6.98802849E-10,3.12374367E-13,0.000448588718,0.9999999,0.000220385846,-7.0340825E-06,0.00137156085,0.9999991,0,0,-0.0004407794,0.00320217968,2052,0,1,5.7,-6.988029E-10,-1.100604E-15,-7.35134336E-16,1,0,0,0,1,0,0,0.000448588718,0.9999999,-6.98802849E-10,3.123745E-13,0.000448588718,0.9999999,-6.98802849E-10,3.123745E-13,0.000448588718,0.9999999,0.000177570415,0.000164975077,0.000812457933,0.9999997,0,0,-0.000354994176,0.0049897125,2052,0,1,5.7,4.2001122E-10,2.060041E-15,3.64644878E-16,1,0.0301521979,0,0,0.999545336,0,0,0.000224294374,1,0.0301521979,-6.7629685E-06,0.0002241924,0.999545336,0.0301521979,-6.7629685E-06,0.0002241924,0.999545336,0.0229133,-0.00014140828,0.00320605654,0.9997324,0.01564029,0.04627196,0.0144826211,0.0353418961,1482,0.0583483167,1,5.7,-5.074521E-09,-3.65132663E-16,-5.4125903E-16,1,0.0292097349,0,0,0.9995733,0,0,0.000224294374,1,0.02920973,-6.551578E-06,0.000224198666,0.9995733,0.02920973,-6.551578E-06,0.000224198666,0.9995733,0.0244401023,-3.2303913E-05,-1.21649118E-05,0.9997014,0.009518363,0.0488781445,0.009542687,0.0245365053,1482,0.0560102277,1,5.7
HOLD_0.00_FULL,HOLD,150,211,2.11,DESCENT,None,0,1.41746175,0.00533174723,0.006308455,0.979100764,0.005650446,0.00150386372,1.121697,-0.0473912433,1.9407973E-05,0.0041180714,-0.00318212039,-0.0484672636,0.0015104264,-0.15471904,0.135280982,-0.179305151,0.179305136,true,8,true,true,0,0,0.00166390755,0.0008514442,0.976722,0.9762309,0.548066854,0.5474535,0.428655148,0.4287774,0.4287774,false,0.4014567,0.4006153,0,0,0,false,false,0.3038086,0.0488830246,0.0155944927,thorax,true,false,0.00524722366,1.46779222E-09,-9.636216E-15,-7.331967E-15,1,0,0,0,1,0.0308005251,-2.77007985E-05,0.000898934144,0.9995251,0.030800527,-2.77008E-05,0.000898934144,0.9995251,0.0307996552,-2.77000236E-05,0.0008989343,0.9995252,0.003348834,0.000687004358,-0.00203841832,0.999992132,0.055240158,0.007933636,0.0549124368,0.101393782,1710,0.00697443634,1,9.5,1.46778956E-09,-2.36301758E-16,-2.05572435E-16,1,0,0,0,1,0.0308005251,-2.77007985E-05,0.000898934144,0.9995251,0.030800527,-2.77008E-05,0.000898934144,0.9995251,0.0307996552,-2.77000236E-05,0.0008989343,0.9995252,0.00260342751,0.000215764056,-0.00198955252,0.999994636,0.0567014255,0.00655098353,0.0564024262,0.103152707,1710,0.005383183,1,9.5,-2.96887914E-09,-6.20109729E-15,1.816118E-15,1,0,0,0,1,0,0,0,1,-2.96887914E-09,-6.20109729E-15,1.816118E-15,1,-2.96887914E-09,-6.20109729E-15,1.816118E-15,1,0.00186121161,6.010278E-05,-0.0001584851,0.9999983,0.00371863972,0.00371863972,-0.0037224316,0.00400819955,2052,0.00146939559,1,6.83999968,-2.96887825E-09,-2.36928837E-15,1.75362544E-15,1,0,0,0,1,0,0,0,1,-2.96887825E-09,-2.36928837E-15,1.75362544E-15,1,-2.96887825E-09,-2.36928837E-15,1.75362544E-15,1,0.00268002786,-1.548758E-10,7.371084E-11,0.9999964,0.005348855,0.005348855,-0.00536006829,0.005086205,2052,0.00211356417,1,6.83999968,-6.988029E-10,-1.10073509E-15,3.8636455E-16,1,0,0,0,1,0,0,0.000449680461,0.9999999,-6.98802849E-10,3.13137266E-13,0.000449680461,0.9999999,-6.98802849E-10,3.13137266E-13,0.000449680461,0.9999999,0.000218339075,-2.397824E-06,0.00138743769,0.999999,0,0.00284714461,-0.000436681759,0.00244712224,2052,0,1,5.7,-6.988029E-10,-1.100604E-15,-7.35134336E-16,1,0,0,0,1,0,0,0.000449680461,0.9999999,-6.98802849E-10,3.131374E-13,0.000449680461,0.9999999,-6.98802849E-10,3.131374E-13,0.000449680461,0.9999999,0.000147182291,0.0001665371,0.0008233142,0.999999642,0,0,-0.0002942162,0.00385805662,2052,0,1,5.7,4.2001122E-10,2.060041E-15,3.64644878E-16,1,0.0301521979,0,0,0.999545336,0,0,0.000224840245,1,0.0301521979,-6.77942762E-06,0.000224738018,0.999545336,0.0301521979,-6.77942762E-06,0.000224738018,0.999545336,0.0229241531,-0.000138591611,0.00322444481,0.9997321,0.01562504,0.0462977178,0.0144609055,0.03501283,1482,0.05838143,1,5.7,-5.074521E-09,-3.65132663E-16,-5.4125903E-16,1,0.0292097349,0,0,0.9995733,0,0,0.000224840245,1,0.02920973,-6.56752263E-06,0.0002247443,0.9995733,0.02920973,-6.56752263E-06,0.0002247443,0.9995733,0.0244302247,-3.288655E-05,-1.32570894E-05,0.9997016,0.009543379,0.0488586277,0.009562449,0.0249384847,1482,0.0559878647,1,5.7
HOLD_0.00_FULL,HOLD,151,212,2.12,DESCENT,None,0,1.41745532,0.00446930528,0.0054009594,0.9790799,0.0007045865,0.00150352437,1.12168562,-0.0474203154,-2.89787149E-05,0.0008308271,-0.00287526287,-0.0483925678,0.00149372546,-0.15471904,0.135280982,-0.179305151,0.179305136,true,8,true,true,0,0,0.00101116847,0.000441045529,0.9766973,0.9761927,0.548033535,0.547415,0.4286638,0.4287777,0.4287777,false,0.5825613,0.5813198,0,0,0,false,false,0.304228574,0.0488781445,0.01564029,thorax,true,false,0.00524152257,1.46779222E-09,-9.636216E-15,-7.331967E-15,1,0,0,0,1,0.0108051961,-9.64354149E-06,0.000892438635,0.99994123,0.010805198,-9.643542E-06,0.000892438635,0.99994123,0.0208029747,-1.867227E-05,0.000895731151,0.9997832,0.0032752282,0.0006961285,-0.00190924306,0.999992669,0.0161059257,0.007658397,0.0350596271,0.0665767,1710,0.00678641163,1,9.5,1.46778956E-09,-2.36301758E-16,-2.05572435E-16,1,0,0,0,1,0.0108051961,-9.64354149E-06,0.000892438635,0.99994123,0.010805198,-9.643542E-06,0.000892438635,0.99994123,0.0208029747,-1.867227E-05,0.000895731151,0.9997832,0.00252002641,0.000222587652,-0.00186595717,0.999995053,0.0174693372,0.0062910663,0.036569193,0.0683063939,1710,0.005237006,1,9.5,-2.96887914E-09,-6.20109729E-15,1.816118E-15,1,0,0,0,1,0,0,0,1,-2.96887914E-09,-6.20109729E-15,1.816118E-15,1,-2.96887914E-09,-6.20109729E-15,1.816118E-15,1,0.00192283827,6.02255859E-05,-0.000156586975,0.9999982,0.00378221087,0.00378221087,-0.003845685,0.00630918751,2052,0.00149451534,1,6.83999968,-2.96887825E-09,-2.36928837E-15,1.75362544E-15,1,0,0,0,1,0,0,0,1,-2.96887825E-09,-2.36928837E-15,1.75362544E-15,1,-2.96887825E-09,-2.36928837E-15,1.75362544E-15,1,0.00272216834,-2.34746278E-10,3.37455952E-10,0.999996364,0.00539324433,0.00539324433,-0.00544434926,0.00674636476,2052,0.00213110447,1,6.83999968,-6.988029E-10,-1.10073509E-15,3.8636455E-16,1,0,0,0,1,0,0,0.0004462454,0.9999999,-6.98802849E-10,3.10736842E-13,0.0004462454,0.9999999,-6.98802849E-10,3.10736842E-13,0.0004462454,0.9999999,0.000227249329,-5.5990613E-06,0.00137161324,0.9999991,0,0,-0.000454505061,0.00323409657,2052,0,1,5.7,-6.988029E-10,-1.100604E-15,-7.35134336E-16,1,0,0,0,1,0,0,0.0004462454,0.9999999,-6.98802849E-10,3.10736978E-13,0.0004462454,0.9999999,-6.98802849E-10,3.10736978E-13,0.0004462454,0.9999999,0.000185588375,0.000168532191,0.0008121436,0.9999997,0,0,-0.00037102768,0.005042869,2052,0,1,5.7,4.2001122E-10,2.060041E-15,3.64644878E-16,1,0.0301521979,0,0,0.999545336,0,0,0.000223122712,1,0.0301521979,-6.72764E-06,0.00022302127,0.999545336,0.0301521979,-6.72764E-06,0.00022302127,0.999545336,0.0228935536,-0.000143854253,0.00320814643,0.9997328,0.0156859569,0.0462358743,0.01452212,0.0354586877,1482,0.0583019257,1,5.7,-5.074521E-09,-3.65132663E-16,-5.4125903E-16,1,0.0292097349,0,0,0.9995733,0,0,0.000223122712,1,0.02920973,-6.517354E-06,0.0002230275,0.9995733,0.02920973,-6.517354E-06,0.0002230275,0.9995733,0.02442927,-3.306685E-05,-1.34507245E-05,0.9997016,0.009543379,0.0488586277,0.009564358,0.0245831963,1482,0.0559878647,1,5.7
HOLD_0.00_FULL,HOLD,152,213,2.13,DESCENT,None,0,1.4174521,0.00576400757,0.0065649543,0.9791063,0.005891986,0.00150299864,1.12170076,-0.047447037,-1.44866635E-05,0.0044046957,-0.00299382419,-0.0484593846,0.0014981,-0.15471904,0.135280982,-0.179305151,0.179305136,true,8,true,true,0,0,0.00168017647,0.000856505,0.976727843,0.9762366,0.5480727,0.5474595,0.428655148,0.4287771,0.4287771,false,0.4103708,0.40950346,0,0,0,false,false,0.303824782,0.0488586277,0.01562504,thorax,true,false,0.00525057642,1.46779222E-09,-9.636216E-15,-7.331967E-15,1,0,0,0,1,0.0308005251,-2.7554388E-05,0.0008941829,0.9995251,0.030800527,-2.755439E-05,0.0008941829,0.9995251,0.0307996552,-2.75536167E-05,0.00089418306,0.9995252,0.00336773763,0.0006894172,-0.00203590537,0.999992,0.05520993,0.007993514,0.05487463,0.101312093,1710,0.00697443634,1,9.5,1.46778956E-09,-2.36301758E-16,-2.05572435E-16,1,0,0,0,1,0.0308005251,-2.7554388E-05,0.0008941829,0.9995251,0.030800527,-2.755439E-05,0.0008941829,0.9995251,0.0307996552,-2.75536167E-05,0.00089418306,0.9995252,0.00262007373,0.0002168235,-0.001986751,0.9999946,0.0566677749,0.00658727763,0.056369137,0.103071049,1710,0.005431034,1,9.5,-2.96887914E-09,-6.20109729E-15,1.816118E-15,1,0,0,0,1,0,0,0,1,-2.96887914E-09,-6.20109729E-15,1.816118E-15,1,-2.96887914E-09,-6.20109729E-15,1.816118E-15,1,0.00187131343,6.02781838E-05,-0.000158477123,0.9999983,0.00371863972,0.00371863972,-0.00374263525,0.00404074,2052,0.00146939559,1,6.83999968,-2.96887825E-09,-2.36928837E-15,1.75362544E-15,1,0,0,0,1,0,0,0,1,-2.96887825E-09,-2.36928837E-15,1.75362544E-15,1,-2.96887825E-09,-2.36928837E-15,1.75362544E-15,1,0.00269000325,-1.289557E-10,4.50713716E-10,0.9999965,0.00530409347,0.00530409347,-0.005380018,0.005097635,2052,0.00211356417,1,6.83999968,-6.988029E-10,-1.10073509E-15,3.8636455E-16,1,0,0,0,1,0,0,0.0004473037,0.9999999,-6.98802849E-10,3.11476376E-13,0.0004473037,0.9999999,-6.98802849E-10,3.11476376E-13,0.0004473037,0.9999999,0.000225025564,-1.461547E-06,0.00138652907,0.999999,0,0.00284714461,-0.0004500539,0.00247431826,2052,0,1,5.7,-6.988029E-10,-1.100604E-15,-7.35134336E-16,1,0,0,0,1,0,0,0.0004473037,0.9999999,-6.98802849E-10,3.114765E-13,0.0004473037,0.9999999,-6.98802849E-10,3.114765E-13,0.0004473037,0.9999999,0.0001561701,0.000169300183,0.0008226103,0.9999997,0,0,-0.000312190125,0.003898892,2052,0,1,5.7,4.2001122E-10,2.060041E-15,3.64644878E-16,1,0.0301521979,0,0,0.999545336,0,0,0.000223651863,1,0.0301521979,-6.74359535E-06,0.000223550174,0.999545336,0.0301521979,-6.74359535E-06,0.000223550174,0.999545336,0.0229046531,-0.000140843011,0.00322544482,0.9997325,0.01567075,0.0462616533,0.0144999148,0.0351019725,1482,0.05832181,1,5.7,-5.074521E-09,-3.65132663E-16,-5.4125903E-16,1,0.0292097349,0,0,0.9995733,0,0,0.000223651863,1,0.02920973,-6.5328104E-06,0.000223556432,0.9995733,0.02920973,-6.5328104E-06,0.000223556432,0.9995733,0.0244204234,-3.341463E-05,-1.43727575E-05,0.9997018,0.009568328,0.0488439836,0.009582053,0.0249690749,1482,0.0559710823,1,5.7
HOLD_0.00_FULL,HOLD,153,214,2.14,DESCENT,None,0,1.41744864,0.004757136,0.005506281,0.9790863,0.000775121152,0.00150230771,1.12169075,-0.04747449,-6.385792E-05,0.0009484276,-0.002715734,-0.0483928,0.00148071453,-0.15471904,0.135280982,-0.179305151,0.179305136,true,8,true,true,0,0,0.00102026982,0.000442595134,0.976703763,0.9761994,0.548040152,0.5474219,0.4286636,0.428777516,0.428777516,false,0.5790173,0.577783346,0,0,0,false,false,0.30424726,0.0488586277,0.0156859569,thorax,true,false,0.005243207,1.46779222E-09,-9.636216E-15,-7.331967E-15,1,0,0,0,1,0.0108051961,-9.589456E-06,0.0008874334,0.99994123,0.010805198,-9.589457E-06,0.0008874334,0.99994123,0.0208029747,-1.85720219E-05,0.0008908526,0.9997832,0.00329410029,0.0006982672,-0.00190584152,0.9999925,0.0160911139,0.007751229,0.0350218751,0.06649958,1710,0.006824431,1,9.5,1.46778956E-09,-2.36301758E-16,-2.05572435E-16,1,0,0,0,1,0.0108051961,-9.589456E-06,0.0008874334,0.99994123,0.010805198,-9.589457E-06,0.0008874334,0.99994123,0.0208029747,-1.85720219E-05,0.0008908526,0.9997832,0.002537569,0.000223862866,-0.00186257344,0.999995,0.01744202,0.006328851,0.0365341119,0.06822653,1710,0.00528618041,1,9.5,-2.96887914E-09,-6.20109729E-15,1.816118E-15,1,0,0,0,1,0,0,0,1,-2.96887914E-09,-6.20109729E-15,1.816118E-15,1,-2.96887914E-09,-6.20109729E-15,1.816118E-15,1,0.00193272089,6.037217E-05,-0.000156498631,0.999998152,0.003844731,0.003844731,-0.00386545015,0.006334535,2052,0.00151921972,1,6.83999968,-2.96887825E-09,-2.36928837E-15,1.75362544E-15,1,0,0,0,1,0,0,0,1,-2.96887825E-09,-2.36928837E-15,1.75362544E-15,1,-2.96887825E-09,-2.36928837E-15,1.75362544E-15,1,0.00273019541,-3.38584633E-10,1.02490247E-11,0.999996364,0.00539324433,0.00539324433,-0.005460403,0.006755642,2052,0.00214850157,1,6.83999968,-6.988029E-10,-1.10073509E-15,3.8636455E-16,1,0,0,0,1,0,0,0.00044374264,0.9999999,-6.98802849E-10,3.08987916E-13,0.00044374264,0.9999999,-6.98802849E-10,3.08987916E-13,0.00044374264,0.9999999,0.00023368602,-5.097287E-06,0.001369927,0.9999991,0,0,-0.000467377977,0.00325502665,2052,0,1,5.7,-6.988029E-10,-1.100604E-15,-7.35134336E-16,1,0,0,0,1,0,0,0.00044374264,0.9999999,-6.98802849E-10,3.08988051E-13,0.00044374264,0.9999999,-6.98802849E-10,3.08988051E-13,0.00044374264,0.9999999,0.000195133747,0.000170651052,0.000811048143,0.999999642,0,0,-0.000390117464,0.00507831061,2052,0,1,5.7,4.2001122E-10,2.060041E-15,3.64644878E-16,1,0.0301521979,0,0,0.999545336,0,0,0.000221871334,1,0.0301521979,-6.68990833E-06,0.00022177046,0.999545336,0.0301521979,-6.68990833E-06,0.00022177046,0.999545336,0.0228748731,-0.0001459352,0.00320805237,0.9997332,0.0157163274,0.04619976,0.0145594869,0.035525322,1482,0.0582554974,1,5.7,-5.074521E-09,-3.65132663E-16,-5.4125903E-16,1,0.0292097349,0,0,0.9995733,0,0,0.000221871334,1,0.02920973,-6.4808014E-06,0.00022177666,0.9995733,0.02920973,-6.4808014E-06,0.00022177666,0.9995733,0.0244207624,-3.338794E-05,-1.44669293E-05,0.9997018,0.009568328,0.0488439836,0.009581375,0.024603039,1482,0.0559710823,1,5.7
HOLD_0.00_FULL,HOLD,154,215,2.15,DESCENT,None,0,1.417447,0.0059088394,0.006566182,0.979111969,0.00582993031,0.00150142959,1.12170565,-0.04749986,-4.963516E-05,0.00438697,-0.00285791582,-0.0484662578,0.00148464565,-0.15471904,0.135280982,-0.179305151,0.179305136,true,8,true,true,0,0,0.00168231351,0.0008551203,0.976733565,0.976242661,0.5480784,0.5474657,0.428655148,0.428776979,0.428776979,false,0.412269384,0.411398023,0,0,0,false,false,0.303839535,0.0488439836,0.01567075,thorax,true,false,0.00525094941,1.46779222E-09,-9.636216E-15,-7.331967E-15,1,0,0,0,1,0.0308005251,-2.738943E-05,0.00088882976,0.9995251,0.030800527,-2.73894311E-05,0.00088882976,0.9995251,0.0307996552,-2.73886635E-05,0.00088883,0.9995252,0.00338602718,0.000691387337,-0.00203302712,0.999992,0.0551667251,0.007993514,0.0548380464,0.101243474,1710,0.00704824226,1,9.5,1.46778956E-09,-2.36301758E-16,-2.05572435E-16,1,0,0,0,1,0.0308005251,-2.738943E-05,0.00088882976,0.9995251,0.030800527,-2.73894311E-05,0.00088882976,0.9995251,0.0307996552,-2.73886635E-05,0.00088883,0.9995252,0.00263794279,0.000218183341,-0.001983938,0.9999946,0.0566256754,0.00658727763,0.056333404,0.1029979,1710,0.005431034,1,9.5,-2.96887914E-09,-6.20109729E-15,1.816118E-15,1,0,0,0,1,0,0,0,1,-2.96887914E-09,-6.20109729E-15,1.816118E-15,1,-2.96887914E-09,-6.20109729E-15,1.816118E-15,1,0.00188092818,6.04165725E-05,-0.000158332972,0.9999982,0.00378221087,0.00378221087,-0.00376186473,0.004061449,2052,0.00149451534,1,6.83999968,-2.96887825E-09,-2.36928837E-15,1.75362544E-15,1,0,0,0,1,0,0,0,1,-2.96887825E-09,-2.36928837E-15,1.75362544E-15,1,-2.96887825E-09,-2.36928837E-15,1.75362544E-15,1,0.00269644265,-8.675789E-11,3.24803462E-10,0.999996364,0.00539324433,0.00539324433,-0.005392898,0.005106108,2052,0.00213110447,1,6.83999968,-6.988029E-10,-1.10073509E-15,3.8636455E-16,1,0,0,0,1,0,0,0.000444625854,0.9999999,-6.98802849E-10,3.096051E-13,0.000444625854,0.9999999,-6.98802849E-10,3.096051E-13,0.000444625854,0.9999999,0.0002310649,-1.29336274E-06,0.0013843663,0.999999046,0,0,-0.000462132419,0.002488994,2052,0,1,5.7,-6.988029E-10,-1.100604E-15,-7.35134336E-16,1,0,0,0,1,0,0,0.000444625854,0.9999999,-6.98802849E-10,3.09605233E-13,0.000444625854,0.9999999,-6.98802849E-10,3.09605233E-13,0.000444625854,0.9999999,0.000165730133,0.000170928586,0.000821197638,0.999999642,0,0,-0.000331309653,0.00392098445,2052,0,1,5.7,4.2001122E-10,2.060041E-15,3.64644878E-16,1,0.0301521979,0,0,0.999545336,0,0,0.000222312941,1,0.0301521979,-6.703224E-06,0.000222211864,0.999545336,0.0301521979,-6.703224E-06,0.000222211864,0.999545336,0.0228870362,-0.000142762234,0.00322451419,0.999732852,0.0157163274,0.04623072,0.0145351542,0.03514903,1482,0.0582820326,1,5.7,-5.074521E-09,-3.65132663E-16,-5.4125903E-16,1,0.0292097349,0,0,0.9995733,0,0,0.000222312941,1,0.02920973,-6.49370077E-06,0.000222218077,0.9995733,0.02920973,-6.49370077E-06,0.000222218077,0.9995733,0.0244131088,-3.35736731E-05,-1.53633337E-05,0.999702,0.009593214,0.04882934,0.009596687,0.02498422,1482,0.0559543036,1,5.7
HOLD_0.00_FULL,HOLD,155,216,2.16,DESCENT,None,0,1.41744375,0.004782304,0.005389064,0.9790905,0.0006356016,0.00150038989,1.12169445,-0.04752615,-9.841022E-05,0.000839472457,-0.00259612966,-0.04840402,0.001467113,-0.15471904,0.135280982,-0.179305151,0.179305136,true,8,true,true,0,0,0.00101819832,0.000440373959,0.976708,0.9762043,0.548044443,0.547426939,0.428663552,0.428777337,0.428777337,false,0.5798819,0.578636,0,0,0,false,false,0.30425,0.0488439836,0.0157163274,thorax,true,false,0.00524250651,1.46779222E-09,-9.636216E-15,-7.331967E-15,1,0,0,0,1,0.0108051961,-9.527818E-06,0.000881729356,0.99994123,0.010805198,-9.527819E-06,0.000881729356,0.99994123,0.0208029747,-1.84587225E-05,0.0008853238,0.9997832,0.00331160985,0.0007000829,-0.00190401368,0.9999925,0.0160466023,0.007751229,0.03498685,0.06643561,1710,0.006899841,1,9.5,1.46778956E-09,-2.36301758E-16,-2.05572435E-16,1,0,0,0,1,0.0108051961,-9.527818E-06,0.000881729356,0.99994123,0.010805198,-9.527819E-06,0.000881729356,0.99994123,0.0208029747,-1.84587225E-05,0.0008853238,0.9997832,0.00255544251,0.000225148775,-0.00186071009,0.999995053,0.0173735376,0.0062910663,0.0364983678,0.06815638,1710,0.00533490255,1,9.5,-2.96887914E-09,-6.20109729E-15,1.816118E-15,1,0,0,0,1,0,0,0,1,-2.96887914E-09,-6.20109729E-15,1.816118E-15,1,-2.96887914E-09,-6.20109729E-15,1.816118E-15,1,0.00194190082,6.05103778E-05,-0.000156324051,0.9999981,0.00390625047,0.00390625047,-0.00388381048,0.00634966744,2052,0.00154352875,1,6.83999968,-2.96887825E-09,-2.36928837E-15,1.75362544E-15,1,0,0,0,1,0,0,0,1,-2.96887825E-09,-2.36928837E-15,1.75362544E-15,1,-2.96887825E-09,-2.36928837E-15,1.75362544E-15,1,0.002735408,-1.70101572E-10,1.45847792E-10,0.999996245,0.005480945,0.005480945,-0.005470829,0.006763311,2052,0.00216575875,1,6.83999968,-6.988029E-10,-1.10073509E-15,3.8636455E-16,1,0,0,0,1,0,0,0.000440890464,0.9999999,-6.98802849E-10,3.069948E-13,0.000440890464,0.9999999,-6.98802849E-10,3.069948E-13,0.000440890464,0.9999999,0.000239255285,-5.14736166E-06,0.00136756524,0.9999991,0,0,-0.0004785165,0.00326255476,2052,0,1,5.7,-6.988029E-10,-1.100604E-15,-7.35134336E-16,1,0,0,0,1,0,0,0.000440890464,0.9999999,-6.98802849E-10,3.06994935E-13,0.000440890464,0.9999999,-6.98802849E-10,3.06994935E-13,0.000440890464,0.9999999,0.000204248689,0.000171924446,0.0008094502,0.9999997,0,0,-0.0004083471,0.005093025,2052,0,1,5.7,4.2001122E-10,2.060041E-15,3.64644878E-16,1,0.0301521979,0,0,0.999545336,0,0,0.000220445232,1,0.0301521979,-6.64690833E-06,0.000220345,0.999545336,0.0301521979,-6.64690833E-06,0.000220345,0.999545336,0.0228586216,-0.000147679966,0.00320660463,0.999733567,0.0157617722,0.0461687855,0.0145919994,0.03555998,1482,0.05820903,1,5.7,-5.074521E-09,-3.65132663E-16,-5.4125903E-16,1,0.0292097349,0,0,0.9995733,0,0,0.000220445232,1,0.02920973,-6.43914564E-06,0.000220351169,0.9995733,0.02920973,-6.43914564E-06,0.000220351169,0.9995733,0.0244145282,-3.34234428E-05,-1.54585832E-05,0.999702,0.009568328,0.04882934,0.009593849,0.024615556,1482,0.0559543036,1,5.7
HOLD_0.00_FULL,HOLD,156,217,2.17,DESCENT,None,0,1.41744149,0.005854957,0.00639618933,0.9791146,0.00565991551,0.00149917672,1.1217078,-0.0475504547,-8.27852346E-05,0.004233632,-0.00274763955,-0.04847956,0.00147118315,-0.15471904,0.135280982,-0.179305151,0.179305136,true,8,true,true,0,0,0.00167846854,0.0008526216,0.97673595,0.9762462,0.54808104,0.547469437,0.4286549,0.428776741,0.428776741,false,0.411935031,0.411057174,0,0,0,false,false,0.3038399,0.04882934,0.0157163274,thorax,true,false,0.00524965161,1.46779222E-09,-9.636216E-15,-7.331967E-15,1,0,0,0,1,0.0308005251,-2.72061043E-05,0.000882880529,0.9995251,0.030800527,-2.72061061E-05,0.000882880529,0.9995251,0.03080053,-2.720611E-05,0.000882880646,0.999525249,0.00340275047,0.000693032169,-0.0020326497,0.9999919,0.05513646,0.008052946,0.05480634,0.101185448,1710,0.00704824226,1,9.5,1.46778956E-09,-2.36301758E-16,-2.05572435E-16,1,0,0,0,1,0.0308005251,-2.72061043E-05,0.000882880529,0.9995251,0.030800527,-2.72061061E-05,0.000882880529,0.9995251,0.03080053,-2.720611E-05,0.000882880646,0.999525249,0.00265571545,0.000219256326,-0.00198310171,0.999994457,0.0565961935,0.00665927166,0.0562996,0.102931917,1710,0.005525494,1,9.5,-2.96887914E-09,-6.20109729E-15,1.816118E-15,1,0,0,0,1,0,0,0,1,-2.96887914E-09,-6.20109729E-15,1.816118E-15,1,-2.96887914E-09,-6.20109729E-15,1.816118E-15,1,0.00188952428,6.05532477E-05,-0.0001581363,0.9999983,0.00371863972,0.00371863972,-0.003779057,0.0040723104,2052,0.00146939559,1,6.83999968,-2.96887825E-09,-2.36928837E-15,1.75362544E-15,1,0,0,0,1,0,0,0,1,-2.96887825E-09,-2.36928837E-15,1.75362544E-15,1,-2.96887825E-09,-2.36928837E-15,1.75362544E-15,1,0.0027007,-2.05754316E-10,1.72944534E-10,0.999996364,0.00539324433,0.00539324433,-0.00540141249,0.00511231,2052,0.00213110447,1,6.83999968,-6.988029E-10,-1.10073509E-15,3.8636455E-16,1,0,0,0,1,0,0,0.00044164987,0.9999999,-6.98802849E-10,3.075255E-13,0.00044164987,0.9999999,-6.98802849E-10,3.075255E-13,0.00044164987,0.9999999,0.000236077569,-1.457586E-06,0.00138209749,0.999999046,0,0,-0.000472157873,0.00249047927,2052,0,1,5.7,-6.988029E-10,-1.100604E-15,-7.35134336E-16,1,0,0,0,1,0,0,0.00044164987,0.9999999,-6.98802849E-10,3.075256E-13,0.00044164987,0.9999999,-6.98802849E-10,3.075256E-13,0.00044164987,0.9999999,0.000173977809,0.000171948792,0.000819578767,0.9999997,0,0,-0.0003478051,0.003923404,2052,0,1,5.7,4.2001122E-10,2.060041E-15,3.64644878E-16,1,0.0301521979,0,0,0.999545336,0,0,0.000220824935,1,0.0301521979,-6.658357E-06,0.000220724527,0.999545336,0.0301521979,-6.658357E-06,0.000220724527,0.999545336,0.02287236,-0.000144320016,0.00322287553,0.9997332,0.0157466382,0.04619976,0.0145645132,0.03517476,1482,0.0582422242,1,5.7,-5.074521E-09,-3.65132663E-16,-5.4125903E-16,1,0.0292097349,0,0,0.9995733,0,0,0.000220824935,1,0.02920973,-6.45023647E-06,0.000220730712,0.9995733,0.02920973,-6.45023647E-06,0.000220730712,0.9995733,0.0244077723,-3.352378E-05,-1.64050525E-05,0.9997021,0.009618035,0.04881957,0.009607362,0.024995748,1482,0.05594311,1,5.7
HOLD_0.00_FULL,HOLD,157,218,2.18,DESCENT,None,0,1.41743743,0.00470189,0.00519229146,0.9790914,0.00047711283,0.001497827,1.12169516,-0.04757571,-0.000129441891,0.000690093439,-0.0024881796,-0.0484170727,0.00145405694,-0.15471904,0.135280982,-0.179305151,0.179305136,true,8,true,true,0,0,0.00101298385,0.000437189126,0.976708651,0.976206064,0.548045337,0.547428966,0.4286633,0.4287771,0.4287771,false,0.580564439,0.579307139,0,0,0,false,false,0.304244548,0.04882934,0.0157617722,thorax,true,false,0.005241326,1.46779222E-09,-9.636216E-15,-7.331967E-15,1,0,0,0,1,0.0108051971,-9.462186E-06,0.000875655562,0.9999413,0.0108051989,-9.462187E-06,0.000875655562,0.9999413,0.0208004285,-1.833198E-05,0.00087931077,0.9997833,0.0033275052,0.00070141186,-0.00190515665,0.99999243,0.0160019659,0.00778192747,0.0349499658,0.06636957,1710,0.00693723932,1,9.5,1.46778956E-09,-2.36301758E-16,-2.05572435E-16,1,0,0,0,1,0.0108051971,-9.462186E-06,0.000875655562,0.9999413,0.0108051989,-9.462187E-06,0.000875655562,0.9999413,0.0208004285,-1.833198E-05,0.00087931077,0.9997833,0.00257286243,0.000225838259,-0.00186114851,0.999995,0.01733232,0.006328851,0.0364584327,0.06808183,1710,0.005383183,1,9.5,-2.96887914E-09,-6.20109729E-15,1.816118E-15,1,0,0,0,1,0,0,0,1,-2.96887914E-09,-6.20109729E-15,1.816118E-15,1,-2.96887914E-09,-6.20109729E-15,1.816118E-15,1,0.00194987259,6.063515E-05,-0.000156131748,0.999998152,0.003844731,0.003844731,-0.00389975356,0.00636043865,2052,0.00151921972,1,6.83999968,-2.96887825E-09,-2.36928837E-15,1.75362544E-15,1,0,0,0,1,0,0,0,1,-2.96887825E-09,-2.36928837E-15,1.75362544E-15,1,-2.96887825E-09,-2.36928837E-15,1.75362544E-15,1,0.00273907068,-2.92477126E-10,3.19240634E-10,0.999996245,0.005480945,0.005480945,-0.0054781544,0.00676986063,2052,0.00216575875,1,6.83999968,-6.988029E-10,-1.10073509E-15,3.8636455E-16,1,0,0,0,1,0,0,0.0004378534,0.9999999,-6.98802849E-10,3.04872474E-13,0.0004378534,0.9999999,-6.98802849E-10,3.04872474E-13,0.0004378534,0.9999999,0.000243645118,-5.34174933E-06,0.001365542,0.9999991,0,0,-0.000487296318,0.00326132262,2052,0,1,5.7,-6.988029E-10,-1.100604E-15,-7.35134336E-16,1,0,0,0,1,0,0,0.0004378534,0.9999999,-6.98802849E-10,3.048726E-13,0.0004378534,0.9999999,-6.98802849E-10,3.048726E-13,0.0004378534,0.9999999,0.0002113658,0.0001727616,0.0008078967,0.999999642,0,0,-0.0004225817,0.0050932914,2052,0,1,5.7,4.2001122E-10,2.060041E-15,3.64644878E-16,1,0.0301521979,0,0,0.999545336,0,0,0.0002189267,1,0.0301521979,-6.601121E-06,0.000218827161,0.999545336,0.0301521979,-6.601121E-06,0.000218827161,0.999545336,0.0228454024,-0.000149035128,0.003205013,0.999733865,0.0157768913,0.0461429581,0.0146184452,0.0355787948,1482,0.058182463,1,5.7,-5.074521E-09,-3.65132663E-16,-5.4125903E-16,1,0.0292097349,0,0,0.9995733,0,0,0.0002189267,1,0.02920973,-6.39478958E-06,0.000218833273,0.9995733,0.02920973,-6.39478958E-06,0.000218833273,0.9995733,0.024409784,-3.332735E-05,-1.66153168E-05,0.9997021,0.009593214,0.04881957,0.00960334,0.02462811,1482,0.05594311,1,5.7
HOLD_0.00_FULL,HOLD,158,219,2.19,DESCENT,None,0,1.41743445,0.005786374,0.00622883765,0.979114234,0.00554551929,0.00149632886,1.12170732,-0.04759894,-0.000111332942,0.00412148,-0.00263719424,-0.0484907,0.001458682,-0.15471904,0.135280982,-0.179305151,0.179305136,true,8,true,true,0,0,0.00167457084,0.0008502241,0.976735353,0.9762468,0.5480808,0.5474702,0.428654552,0.428776562,0.428776562,false,0.4130753,0.412195,0,0,0,false,false,0.303832978,0.04881957,0.0157466382,thorax,true,false,0.00524870725,1.46779222E-09,-9.636216E-15,-7.331967E-15,1,0,0,0,1,0.030800527,-2.70190467E-05,0.0008768103,0.9995252,0.0308005288,-2.70190485E-05,0.0008768103,0.9995252,0.0307996571,-2.701829E-05,0.0008768105,0.9995252,0.00341813,0.000693859649,-0.0020349957,0.9999919,0.0550975241,0.008052946,0.0547738336,0.101124018,1710,0.00712128263,1,9.5,1.46778956E-09,-2.36301758E-16,-2.05572435E-16,1,0,0,0,1,0.030800527,-2.70190467E-05,0.0008768103,0.9995252,0.0308005288,-2.70190485E-05,0.0008768103,0.9995252,0.0307996571,-2.701829E-05,0.0008768105,0.9995252,0.00267284922,0.000219408554,-0.00198454526,0.999994457,0.0565540455,0.00665927166,0.05626359,0.102862887,1710,0.005525494,1,9.5,-2.96887914E-09,-6.20109729E-15,1.816118E-15,1,0,0,0,1,0,0,0,1,-2.96887914E-09,-6.20109729E-15,1.816118E-15,1,-2.96887914E-09,-6.20109729E-15,1.816118E-15,1,0.00189673377,6.064758E-05,-0.000157964649,0.9999982,0.00378221087,0.00378221087,-0.003793476,0.00408118451,2052,0.00149451534,1,6.83999968,-2.96887825E-09,-2.36928837E-15,1.75362544E-15,1,0,0,0,1,0,0,0,1,-2.96887825E-09,-2.36928837E-15,1.75362544E-15,1,-2.96887825E-09,-2.36928837E-15,1.75362544E-15,1,0.00270397612,-2.543553E-10,-3.73415847E-11,0.9999964,0.005348855,0.005348855,-0.005407964,0.005117813,2052,0.00211356417,1,6.83999968,-6.988029E-10,-1.10073509E-15,3.8636455E-16,1,0,0,0,1,0,0,0.0004386133,0.9999999,-6.98802849E-10,3.05403516E-13,0.0004386133,0.9999999,-6.98802849E-10,3.05403516E-13,0.0004386133,0.9999999,0.0002398429,-1.62266485E-06,0.00138039025,0.999999046,0,0,-0.0004796887,0.00248738239,2052,0,1,5.7,-6.988029E-10,-1.100604E-15,-7.35134336E-16,1,0,0,0,1,0,0,0.0004386133,0.9999999,-6.98802849E-10,3.05403652E-13,0.0004386133,0.9999999,-6.98802849E-10,3.05403652E-13,0.0004386133,0.9999999,0.000179859562,0.0001726306,0.000818148546,0.999999642,0,0,-0.000359569065,0.00391893275,2052,0,1,5.7,4.2001122E-10,2.060041E-15,3.64644878E-16,1,0.0301521979,0,0,0.999545336,0,0,0.000219306647,1,0.0301521979,-6.61257764E-06,0.000219206937,0.999545336,0.0301521979,-6.61257764E-06,0.000219206937,0.999545336,0.0228606164,-0.000145454076,0.00322147273,0.9997335,0.0157617722,0.04617395,0.0145880086,0.03518961,1482,0.05820903,1,5.7,-5.074521E-09,-3.65132663E-16,-5.4125903E-16,1,0.0292097349,0,0,0.9995733,0,0,0.000219306647,1,0.02920973,-6.40588769E-06,0.000219213063,0.9995733,0.02920973,-6.40588769E-06,0.000219213063,0.9995733,0.0244034715,-3.34035358E-05,-1.7694254E-05,0.9997023,0.009593214,0.0488049164,0.009615971,0.02500766,1482,0.05592631,1,5.7
HOLD_0.00_FULL,HOLD,159,220,2.2,DESCENT,None,0,1.41742992,0.00466568,0.00505525153,0.9790906,0.000417783856,0.00149471988,1.12169373,-0.0476230569,-0.000155478017,0.00062599394,-0.00237286487,-0.04842543,0.00144214579,-0.15471904,0.135280982,-0.179305151,0.179305136,true,8,true,true,0,0,0.00101136777,0.000435067283,0.9767076,0.976206243,0.548044562,0.5474293,0.428663015,0.42877692,0.42877692,false,0.5782597,0.577007353,0,0,0,false,false,0.304237485,0.04881957,0.0157768913,thorax,true,false,0.005240737,1.46779222E-09,-9.636216E-15,-7.331967E-15,1,0,0,0,1,0.0108051971,-9.397844E-06,0.000869701151,0.9999413,0.0108051989,-9.397845E-06,0.000869701151,0.9999413,0.0208014846,-1.820723E-05,0.0008732988,0.9997833,0.003342742,0.0007016149,-0.00190811278,0.99999243,0.0159572046,0.00778192747,0.034921594,0.06631209,1710,0.00693723932,1,9.5,1.46778956E-09,-2.36301758E-16,-2.05572435E-16,1,0,0,0,1,0.0108051971,-9.397844E-06,0.000869701151,0.9999413,0.0108051989,-9.397845E-06,0.000869701151,0.9999413,0.0208014846,-1.820723E-05,0.0008732988,0.9997833,0.00258994987,0.0002254016,-0.00186308706,0.999994934,0.0173047855,0.006366411,0.0364263579,0.0680162162,1710,0.00533490255,1,9.5,-2.96887914E-09,-6.20109729E-15,1.816118E-15,1,0,0,0,1,0,0,0,1,-2.96887914E-09,-6.20109729E-15,1.816118E-15,1,-2.96887914E-09,-6.20109729E-15,1.816118E-15,1,0.00195622677,6.06819376E-05,-0.000155980859,0.999998152,0.003844731,0.003844731,-0.003912462,0.00636680052,2052,0.00151921972,1,6.83999968,-2.96887825E-09,-2.36928837E-15,1.75362544E-15,1,0,0,0,1,0,0,0,1,-2.96887825E-09,-2.36928837E-15,1.75362544E-15,1,-2.96887825E-09,-2.36928837E-15,1.75362544E-15,1,0.00274202251,-2.25579166E-10,1.85340951E-10,0.9999963,0.005437272,0.005437272,-0.00548405759,0.006773704,2052,0.00214850157,1,6.83999968,-6.988029E-10,-1.10073509E-15,3.8636455E-16,1,0,0,0,1,0,0,0.000434876,0.9999999,-6.98802849E-10,3.027919E-13,0.000434876,0.9999999,-6.98802849E-10,3.027919E-13,0.000434876,0.9999999,0.000246819342,-5.453329E-06,0.001364122,0.9999991,0,0,-0.0004936448,0.00325615238,2052,0,1,5.7,-6.988029E-10,-1.100604E-15,-7.35134336E-16,1,0,0,0,1,0,0,0.000434876,0.9999999,-6.98802849E-10,3.02792025E-13,0.000434876,0.9999999,-6.98802849E-10,3.02792025E-13,0.000434876,0.9999999,0.000216059052,0.000173285152,0.000806617958,0.999999642,0,0,-0.0004319688,0.00508606248,2052,0,1,5.7,4.2001122E-10,2.060041E-15,3.64644878E-16,1,0.0301521979,0,0,0.999545336,0,0,0.000217438,1,0.0301521979,-6.556234E-06,0.00021733914,0.999545336,0.0301521979,-6.556234E-06,0.00021733914,0.999545336,0.0228352472,-0.00014995152,0.003203845,0.999734163,0.0157919955,0.046117112,0.0146387639,0.0355910137,1482,0.0581492335,1,5.7,-5.074521E-09,-3.65132663E-16,-5.4125903E-16,1,0.0292097349,0,0,0.9995733,0,0,0.000217438,1,0.02920973,-6.35130527E-06,0.000217345223,0.9995733,0.02920973,-6.35130527E-06,0.000217345223,0.9995733,0.0244059246,-3.32043346E-05,-1.80174684E-05,0.999702156,0.009618035,0.0488146842,0.00961106,0.0246377345,1482,0.05593751,1,5.7
HOLD_0.00_FULL,HOLD,160,221,2.21,DESCENT,None,0,1.41742706,0.005797066,0.00615300657,0.9791132,0.00553141534,0.00149298331,1.12170589,-0.0476451,-0.000135066846,0.00410541752,-0.00251642684,-0.04849602,0.0014473109,-0.15471904,0.135280982,-0.179305151,0.179305136,true,8,true,true,0,0,0.00167472579,0.0008503736,0.9767341,0.976246834,0.5480799,0.547470331,0.4286542,0.4287765,0.4287765,false,0.4160707,0.4151913,0,0,0,false,false,0.303826183,0.0488049164,0.0157617722,thorax,true,false,0.005248474,1.46779222E-09,-9.636216E-15,-7.331967E-15,1,0,0,0,1,0.030800527,-2.68413514E-05,0.000871043769,0.9995252,0.0308005288,-2.68413532E-05,0.000871043769,0.9995252,0.0308005288,-2.68413532E-05,0.000871043769,0.9995252,0.00343345618,0.0006933205,-0.00203814544,0.999991834,0.0550672226,0.008082499,0.0547449179,0.101064116,1710,0.00715752365,1,9.5,1.46778956E-09,-2.36301758E-16,-2.05572435E-16,1,0,0,0,1,0.030800527,-2.68413514E-05,0.000871043769,0.9995252,0.0308005288,-2.68413532E-05,0.000871043769,0.9995252,0.0308005288,-2.68413532E-05,0.000871043769,0.9995252,0.00269002677,0.000218309317,-0.0019868135,0.999994457,0.0565160848,0.00665927166,0.05623097,0.102795713,1710,0.00561836641,1,9.5,-2.96887914E-09,-6.20109729E-15,1.816118E-15,1,0,0,0,1,0,0,0,1,-2.96887914E-09,-6.20109729E-15,1.816118E-15,1,-2.96887914E-09,-6.20109729E-15,1.816118E-15,1,0.001902229,6.063243E-05,-0.000157839473,0.9999983,0.00371863972,0.00371863972,-0.003804466,0.00408765674,2052,0.00146939559,1,6.83999968,-2.96887825E-09,-2.36928837E-15,1.75362544E-15,1,0,0,0,1,0,0,0,1,-2.96887825E-09,-2.36928837E-15,1.75362544E-15,1,-2.96887825E-09,-2.36928837E-15,1.75362544E-15,1,0.002706638,-1.727151E-10,3.94007847E-11,0.999996364,0.00539324433,0.00539324433,-0.00541328872,0.00512057729,2052,0.00213110447,1,6.83999968,-6.988029E-10,-1.10073509E-15,3.8636455E-16,1,0,0,0,1,0,0,0.000435728667,0.9999999,-6.98802849E-10,3.033877E-13,0.000435728667,0.9999999,-6.98802849E-10,3.033877E-13,0.000435728667,0.9999999,0.00024244735,-1.68170652E-06,0.00137915974,0.999999046,0,0,-0.0004848976,0.002483286,2052,0,1,5.7,-6.988029E-10,-1.100604E-15,-7.35134336E-16,1,0,0,0,1,0,0,0.000435728667,0.9999999,-6.98802849E-10,3.03387849E-13,0.000435728667,0.9999999,-6.98802849E-10,3.03387849E-13,0.000435728667,0.9999999,0.000183432116,0.000172966553,0.000816956861,0.999999642,0,0,-0.0003667149,0.003912297,2052,0,1,5.7,4.2001122E-10,2.060041E-15,3.64644878E-16,1,0.0301521979,0,0,0.999545336,0,0,0.000217864334,1,0.0301521979,-6.56908833E-06,0.000217765279,0.999545336,0.0301521979,-6.56908833E-06,0.000217765279,0.999545336,0.02285195,-0.000146128354,0.00322049251,0.999733746,0.0157617722,0.04615329,0.0146053489,0.03519737,1482,0.0581957437,1,5.7,-5.074521E-09,-3.65132663E-16,-5.4125903E-16,1,0.0292097349,0,0,0.9995733,0,0,0.000217864334,1,0.02920973,-6.363758E-06,0.000217771376,0.9995733,0.02920973,-6.363758E-06,0.000217771376,0.9995733,0.0244000088,-3.32674826E-05,-1.919482E-05,0.9997023,0.009642791,0.0488049164,0.009622893,0.025014855,1482,0.0559207164,1,5.7
HOLD_0.00_FULL,HOLD,161,222,2.22,DESCENT,None,0,1.41742313,0.004720442,0.005021656,0.9790898,0.000439070165,0.00149115908,1.12169254,-0.0476679578,-0.000177107431,0.0006488201,-0.00224707113,-0.0484277941,0.0014312712,-0.15471904,0.135280982,-0.179305151,0.179305136,true,8,true,true,0,0,0.00101346767,0.0004340641,0.976706564,0.9762064,0.5480438,0.5474297,0.428662777,0.428776741,0.428776741,false,0.5741038,0.5728703,0,0,0,false,false,0.304235458,0.0488146842,0.0157919955,thorax,true,false,0.005240979,1.46779222E-09,-9.636216E-15,-7.331967E-15,1,0,0,0,1,0.0108051971,-9.337718E-06,0.000864137,0.9999413,0.0108051989,-9.337719E-06,0.000864137,0.9999413,0.02080192,-1.80887055E-05,0.0008676331,0.9997833,0.00335821346,0.0007002349,-0.00191131223,0.9999924,0.0159272943,0.007812505,0.0348915122,0.06624977,1710,0.00697443634,1,9.5,1.46778956E-09,-2.36301758E-16,-2.05572435E-16,1,0,0,0,1,0.0108051971,-9.337718E-06,0.000864137,0.9999413,0.0108051989,-9.337719E-06,0.000864137,0.9999413,0.02080192,-1.80887055E-05,0.0008676331,0.9997833,0.00260732672,0.000223669427,-0.00186521863,0.999994934,0.0172495861,0.006366411,0.0363924764,0.06794546,1710,0.005431034,1,9.5,-2.96887914E-09,-6.20109729E-15,1.816118E-15,1,0,0,0,1,0,0,0,1,-2.96887914E-09,-6.20109729E-15,1.816118E-15,1,-2.96887914E-09,-6.20109729E-15,1.816118E-15,1,0.001960993,6.0590497E-05,-0.000155858041,0.999998152,0.003844731,0.003844731,-0.00392199447,0.00637358753,2052,0.00151921972,1,6.83999968,-2.96887825E-09,-2.36928837E-15,1.75362544E-15,1,0,0,0,1,0,0,0,1,-2.96887825E-09,-2.36928837E-15,1.75362544E-15,1,-2.96887825E-09,-2.36928837E-15,1.75362544E-15,1,0.002744365,-2.19908647E-10,2.43935927E-10,0.9999963,0.005437272,0.005437272,-0.00548874261,0.00677505,2052,0.00214850157,1,6.83999968,-6.988029E-10,-1.10073509E-15,3.8636455E-16,1,0,0,0,1,0,0,0.000432093773,0.9999999,-6.98802849E-10,3.00847644E-13,0.000432093773,0.9999999,-6.98802849E-10,3.00847644E-13,0.000432093773,0.9999999,0.0002489379,-5.48270236E-06,0.00136305718,0.9999991,0,0,-0.0004978819,0.00325264828,2052,0,1,5.7,-6.988029E-10,-1.100604E-15,-7.35134336E-16,1,0,0,0,1,0,0,0.000432093773,0.9999999,-6.98802849E-10,3.0084778E-13,0.000432093773,0.9999999,-6.98802849E-10,3.0084778E-13,0.000432093773,0.9999999,0.000218658257,0.000173396955,0.0008055712,0.9999997,0,0,-0.000437168026,0.00507976348,2052,0,1,5.7,4.2001122E-10,2.060041E-15,3.64644878E-16,1,0.0301521979,0,0,0.999545336,0,0,0.000216046887,1,0.0301521979,-6.51428854E-06,0.000215948661,0.999545336,0.0301521979,-6.51428854E-06,0.000215948661,0.999545336,0.022827968,-0.000150380045,0.00320307631,0.9997343,0.0158070866,0.04610677,0.0146533223,0.03559539,1482,0.0581359379,1,5.7,-5.074521E-09,-3.65132663E-16,-5.4125903E-16,1,0.0292097349,0,0,0.9995733,0,0,0.000216046887,1,0.02920973,-6.310671E-06,0.0002159547,0.9995733,0.02920973,-6.310671E-06,0.0002159547,0.9995733,0.0244028885,-3.30452749E-05,-1.95584671E-05,0.9997023,0.009593214,0.0488049164,0.009617137,0.0246410724,1482,0.05592631,1,5.7
HOLD_0.00_FULL,HOLD,162,223,2.23,DESCENT,None,0,1.417421,0.00587846339,0.00615929859,0.979113042,0.00557369739,0.00148922775,1.12170517,-0.0476886854,-0.000154885274,0.004149207,-0.002387105,-0.0484958775,0.0014368539,-0.15471904,0.135280982,-0.179305151,0.179305136,true,8,true,true,0,0,0.0016785562,0.0008526833,0.9767337,0.976247549,0.5480797,0.5474713,0.428653955,0.428776264,0.428776264,false,0.420707434,0.419810861,0,0,0,false,false,0.303821623,0.0488049164,0.0157617722,thorax,true,false,0.005248953,1.46779222E-09,-9.636216E-15,-7.331967E-15,1,0,0,0,1,0.030800527,-2.66757361E-05,0.0008656693,0.9995252,0.0308005288,-2.66757379E-05,0.0008656693,0.9995252,0.0308005288,-2.66757379E-05,0.0008656693,0.9995252,0.00344920321,0.000691048,-0.00204099831,0.9999918,0.0550369024,0.008111943,0.0547134057,0.100998782,1710,0.007193582,1,9.5,1.46778956E-09,-2.36301758E-16,-2.05572435E-16,1,0,0,0,1,0.030800527,-2.66757361E-05,0.0008656693,0.9995252,0.0308005288,-2.66757379E-05,0.0008656693,0.9995252,0.0308005288,-2.66757379E-05,0.0008656693,0.9995252,0.002707722,0.000215919034,-0.00198864168,0.9999944,0.0564823225,0.00669497857,0.0561955757,0.102721348,1710,0.00566423172,1,9.5,-2.96887914E-09,-6.20109729E-15,1.816118E-15,1,0,0,0,1,0,0,0,1,-2.96887914E-09,-6.20109729E-15,1.816118E-15,1,-2.96887914E-09,-6.20109729E-15,1.816118E-15,1,0.00190632336,6.046219E-05,-0.000157716844,0.9999982,0.00378221087,0.00378221087,-0.003812655,0.00409285165,2052,0.00149451534,1,6.83999968,-2.96887825E-09,-2.36928837E-15,1.75362544E-15,1,0,0,0,1,0,0,0,1,-2.96887825E-09,-2.36928837E-15,1.75362544E-15,1,-2.96887825E-09,-2.36928837E-15,1.75362544E-15,1,0.00270863436,-1.78085116E-10,1.81903145E-10,0.9999964,0.005348855,0.005348855,-0.00541728036,0.005120824,2052,0.00213110447,1,6.83999968,-6.988029E-10,-1.10073509E-15,3.8636455E-16,1,0,0,0,1,0,0,0.000433040143,0.9999999,-6.98802849E-10,3.01508981E-13,0.000433040143,0.9999999,-6.98802849E-10,3.01508981E-13,0.000433040143,0.9999999,0.0002441689,-1.707521E-06,0.00137815136,0.999999046,0,0,-0.000488340738,0.00247957278,2052,0,1,5.7,-6.988029E-10,-1.100604E-15,-7.35134336E-16,1,0,0,0,1,0,0,0.000433040143,0.9999999,-6.98802849E-10,3.01509116E-13,0.000433040143,0.9999999,-6.98802849E-10,3.01509116E-13,0.000433040143,0.9999999,0.000185273078,0.0001728139,0.000815995969,0.9999997,0,0,-0.000370397844,0.003904465,2052,0,1,5.7,4.2001122E-10,2.060041E-15,3.64644878E-16,1,0.0301521979,0,0,0.999545336,0,0,0.000216520071,1,0.0301521979,-6.52855624E-06,0.000216421628,0.999545336,0.0301521979,-6.52855624E-06,0.000216421628,0.999545336,0.02284606,-0.000146310456,0.00321981474,0.9997338,0.0157919955,0.04614812,0.0146171283,0.0351995565,1482,0.0581758171,1,5.7,-5.074521E-09,-3.65132663E-16,-5.4125903E-16,1,0.0292097349,0,0,0.9995733,0,0,0.000216520071,1,0.02920973,-6.32449246E-06,0.000216427681,0.9995733,0.02920973,-6.32449246E-06,0.000216427681,0.9995733,0.0243975129,-3.307379E-05,-2.07448484E-05,0.999702334,0.009642791,0.04880003,0.009627886,0.0250136778,1482,0.0559151173,1,5.7
HOLD_0.00_FULL,HOLD,163,224,2.24,DESCENT,None,0,1.41741812,0.00481968373,0.005046222,0.9790901,0.0004849434,0.0014872211,1.12169266,-0.047710225,-0.0001952043,0.0007026551,-0.002115423,-0.0484255441,0.00142121385,-0.15471904,0.135280982,-0.179305151,0.179305136,true,8,true,true,0,0,0.00101748656,0.000433283654,0.976706564,0.9762076,0.548043966,0.547431,0.4286626,0.428776622,0.428776622,false,0.569077,0.567854345,0,0,0,false,false,0.304234624,0.0488049164,0.0158070866,thorax,true,false,0.00524133863,1.46779222E-09,-9.636216E-15,-7.331967E-15,1,0,0,0,1,0.0108051971,-9.281493E-06,0.000858933665,0.9999413,0.0108051989,-9.28149348E-06,0.000858933665,0.9999413,0.02080192,-1.7977789E-05,0.000862343935,0.9997833,0.00337414583,0.0006971353,-0.00191389606,0.9999923,0.015897328,0.007842964,0.03485963,0.06618512,1710,0.007011437,1,9.5,1.46778956E-09,-2.36301758E-16,-2.05572435E-16,1,0,0,0,1,0.0108051971,-9.281493E-06,0.000858933665,0.9999413,0.0108051989,-9.28149348E-06,0.000858933665,0.9999413,0.02080192,-1.7977789E-05,0.000862343935,0.9997833,0.00262525864,0.000220663642,-0.00186686532,0.9999949,0.01722192,0.006403751,0.0363566056,0.06787156,1710,0.005478468,1,9.5,-2.96887914E-09,-6.20109729E-15,1.816118E-15,1,0,0,0,1,0,0,0,1,-2.96887914E-09,-6.20109729E-15,1.816118E-15,1,-2.96887914E-09,-6.20109729E-15,1.816118E-15,1,0.00196454767,6.03462831E-05,-0.000155733593,0.9999981,0.00390625047,0.00390625047,-0.00392910372,0.00637964,2052,0.00154352875,1,6.83999968,-2.96887825E-09,-2.36928837E-15,1.75362544E-15,1,0,0,0,1,0,0,0,1,-2.96887825E-09,-2.36928837E-15,1.75362544E-15,1,-2.96887825E-09,-2.36928837E-15,1.75362544E-15,1,0.002746012,-3.00187347E-10,2.95295316E-10,0.999996245,0.005480945,0.005480945,-0.005492037,0.006774689,2052,0.00216575875,1,6.83999968,-6.988029E-10,-1.10073509E-15,3.8636455E-16,1,0,0,0,1,0,0,0.000429491949,0.9999999,-6.98802849E-10,2.990295E-13,0.000429491949,0.9999999,-6.98802849E-10,2.990295E-13,0.000429491949,0.9999999,0.000250296929,-5.5313576E-06,0.00136205088,0.9999991,0,0,-0.0005006,0.003250251,2052,0,1,5.7,-6.988029E-10,-1.100604E-15,-7.35134336E-16,1,0,0,0,1,0,0,0.000429491949,0.9999999,-6.98802849E-10,2.99029627E-13,0.000429491949,0.9999999,-6.98802849E-10,2.99029627E-13,0.000429491949,0.9999999,0.00021988152,0.0001729484,0.0008046556,0.999999642,0,0,-0.0004396159,0.005073797,2052,0,1,5.7,4.2001122E-10,2.060041E-15,3.64644878E-16,1,0.0301521979,0,0,0.999545336,0,0,0.000214745975,1,0.0301521979,-6.475063E-06,0.000214648331,0.999545336,0.0301521979,-6.475063E-06,0.000214648331,0.999545336,0.0228232741,-0.0001503112,0.00320244534,0.999734461,0.0158070866,0.04609125,0.0146627175,0.035592936,1482,0.0581159927,1,5.7,-5.074521E-09,-3.65132663E-16,-5.4125903E-16,1,0.0292097349,0,0,0.9995733,0,0,0.000214745975,1,0.02920973,-6.27267173E-06,0.000214654341,0.9995733,0.02920973,-6.27267173E-06,0.000214654341,0.9995733,0.02440088,-3.2804026E-05,-2.10837879E-05,0.9997023,0.009618035,0.0488049164,0.009621151,0.0246375464,1482,0.05592631,1,5.7
HOLD_0.00_FULL,HOLD,164,225,2.25,DESCENT,None,0,1.417417,0.00598012656,0.006197089,0.9791138,0.00561548769,0.00148512225,1.12170565,-0.04772962,-0.000171537613,0.00420072954,-0.002254435,-0.0484919474,0.00142711739,-0.15471904,0.135280982,-0.179305151,0.179305136,true,8,true,true,0,0,0.00168285577,0.0008549295,0.976734161,0.976249158,0.5480803,0.547472954,0.428653836,0.4287762,0.4287762,false,0.426040679,0.425132751,0,0,0,false,false,0.303824,0.04880003,0.0157919955,thorax,true,false,0.00524931168,1.46779222E-09,-9.636216E-15,-7.331967E-15,1,0,0,0,1,0.030800527,-2.65198851E-05,0.0008606117,0.9995252,0.0308005288,-2.65198869E-05,0.0008606117,0.9995252,0.0308005288,-2.65198869E-05,0.0008606117,0.9995252,0.00346525433,0.000687198946,-0.00204325048,0.9999917,0.05500223,0.008141281,0.0546812937,0.100935869,1710,0.007229461,1,9.5,1.46778956E-09,-2.36301758E-16,-2.05572435E-16,1,0,0,0,1,0.030800527,-2.65198851E-05,0.0008606117,0.9995252,0.0308005288,-2.65198869E-05,0.0008606117,0.9995252,0.0308005288,-2.65198869E-05,0.0008606117,0.9995252,0.0027258636,0.000212403655,-0.00199008849,0.999994338,0.0564443134,0.006730496,0.05615928,0.102648735,1710,0.00561836641,1,9.5,-2.96887914E-09,-6.20109729E-15,1.816118E-15,1,0,0,0,1,0,0,0,1,-2.96887914E-09,-6.20109729E-15,1.816118E-15,1,-2.96887914E-09,-6.20109729E-15,1.816118E-15,1,0.00190941989,6.01488427E-05,-0.000157588467,0.9999982,0.00378221087,0.00378221087,-0.00381884817,0.00409826636,2052,0.00149451534,1,6.83999968,-2.96887825E-09,-2.36928837E-15,1.75362544E-15,1,0,0,0,1,0,0,0,1,-2.96887825E-09,-2.36928837E-15,1.75362544E-15,1,-2.96887825E-09,-2.36928837E-15,1.75362544E-15,1,0.00270991353,-1.952131E-10,-1.20507437E-10,0.9999964,0.005348855,0.005348855,-0.00541983871,0.00511964969,2052,0.00213110447,1,6.83999968,-6.988029E-10,-1.10073509E-15,3.8636455E-16,1,0,0,0,1,0,0,0.000430510147,0.9999999,-6.98802849E-10,2.99741E-13,0.000430510147,0.9999999,-6.98802849E-10,2.99741E-13,0.000430510147,0.9999999,0.000245238218,-1.79917561E-06,0.001377097,0.999999046,0,0,-0.0004904794,0.00247735064,2052,0,1,5.7,-6.988029E-10,-1.100604E-15,-7.35134336E-16,1,0,0,0,1,0,0,0.000430510147,0.9999999,-6.98802849E-10,2.99741135E-13,0.000430510147,0.9999999,-6.98802849E-10,2.99741135E-13,0.000430510147,0.9999999,0.000186017627,0.0001720568,0.000815096137,0.999999642,0,0,-0.0003718885,0.00389814423,2052,0,1,5.7,4.2001122E-10,2.060041E-15,3.64644878E-16,1,0.0301521979,0,0,0.999545336,0,0,0.000215255073,1,0.0301521979,-6.4904134E-06,0.000215157212,0.999545336,0.0301521979,-6.4904134E-06,0.000215157212,0.999545336,0.0228424836,-0.000146007558,0.00321914745,0.999733865,0.0158070866,0.0461429581,0.0146242818,0.03519371,1482,0.0581691749,1,5.7,-5.074521E-09,-3.65132663E-16,-5.4125903E-16,1,0.0292097349,0,0,0.9995733,0,0,0.000215255073,1,0.02920973,-6.28754242E-06,0.000215163222,0.9995733,0.02920973,-6.28754242E-06,0.000215163222,0.9995733,0.02439601,-3.278336E-05,-2.225191E-05,0.9997024,0.009618035,0.048795145,0.009630895,0.02500725,1482,0.0559151173,1,5.7
HOLD_0.00_FULL,HOLD,165,226,2.2600000000000002,DESCENT,None,0,1.417415,0.00491017848,0.005075586,0.9790912,0.000513881445,0.001482963,1.12169349,-0.04774982,-0.000210567727,0.0007411905,-0.00198278669,-0.04842029,0.00141176058,-0.15471904,0.135280982,-0.179305151,0.179305136,true,8,true,true,0,0,0.001021846,0.000432424946,0.9767074,0.976209462,0.548045039,0.547433138,0.42866236,0.428776324,0.428776324,false,0.563797235,0.562576234,0,0,0,false,false,0.304235548,0.0488049164,0.0158070866,thorax,true,false,0.00524169765,1.46779222E-09,-9.636216E-15,-7.331967E-15,1,0,0,0,1,0.0108051971,-9.228311E-06,0.0008540121,0.9999413,0.0108051989,-9.228312E-06,0.0008540121,0.9999413,0.0208034124,-1.78745668E-05,0.0008573546,0.9997833,0.00339023117,0.0006925125,-0.00191581191,0.9999922,0.0158823226,0.00790352747,0.0348304324,0.06612829,1710,0.007011437,1,9.5,1.46778956E-09,-2.36301758E-16,-2.05572435E-16,1,0,0,0,1,0.0108051971,-9.228311E-06,0.0008540121,0.9999413,0.0108051989,-9.228312E-06,0.0008540121,0.9999413,0.0208034124,-1.78745668E-05,0.0008573546,0.9997833,0.00264356332,0.000216652727,-0.00186812319,0.9999948,0.01719421,0.00644087465,0.0363229662,0.0678046644,1710,0.005525494,1,9.5,-2.96887914E-09,-6.20109729E-15,1.816118E-15,1,0,0,0,1,0,0,0,1,-2.96887914E-09,-6.20109729E-15,1.816118E-15,1,-2.96887914E-09,-6.20109729E-15,1.816118E-15,1,0.00196721731,5.99619561E-05,-0.0001555963,0.999998152,0.003844731,0.003844731,-0.003934443,0.00638359739,2052,0.00151921972,1,6.83999968,-2.96887825E-09,-2.36928837E-15,1.75362544E-15,1,0,0,0,1,0,0,0,1,-2.96887825E-09,-2.36928837E-15,1.75362544E-15,1,-2.96887825E-09,-2.36928837E-15,1.75362544E-15,1,0.00274691917,-2.35805458E-10,3.257747E-10,0.999996245,0.005480945,0.005480945,-0.00549385138,0.00677277334,2052,0.00216575875,1,6.83999968,-6.988029E-10,-1.10073509E-15,3.8636455E-16,1,0,0,0,1,0,0,0.000427031016,0.9999999,-6.98802849E-10,2.97309784E-13,0.000427031016,0.9999999,-6.98802849E-10,2.97309784E-13,0.000427031016,0.9999999,0.000251124729,-5.6816757E-06,0.00136090035,0.9999991,0,0,-0.0005022557,0.0032476394,2052,0,1,5.7,-6.988029E-10,-1.100604E-15,-7.35134336E-16,1,0,0,0,1,0,0,0.000427031016,0.9999999,-6.98802849E-10,2.9730992E-13,0.000427031016,0.9999999,-6.98802849E-10,2.9730992E-13,0.000427031016,0.9999999,0.000220235772,0.000171872714,0.0008037213,0.999999642,0,0,-0.00044032617,0.00506626,2052,0,1,5.7,4.2001122E-10,2.060041E-15,3.64644878E-16,1,0.0301521979,0,0,0.999545336,0,0,0.000213515508,1,0.0301521979,-6.437962E-06,0.000213418432,0.999545336,0.0301521979,-6.437962E-06,0.000213418432,0.999545336,0.0228207428,-0.0001497687,0.00320166652,0.9997345,0.0158070866,0.04608608,0.0146677811,0.0355849639,1482,0.0581093356,1,5.7,-5.074521E-09,-3.65132663E-16,-5.4125903E-16,1,0.0292097349,0,0,0.9995733,0,0,0.000213515508,1,0.02920973,-6.23673031E-06,0.0002134244,0.9995733,0.02920973,-6.23673031E-06,0.0002134244,0.9995733,0.0243999027,-3.24505054E-05,-2.256414E-05,0.999702334,0.009618035,0.04880003,0.009623109,0.0246288721,1482,0.0559207164,1,5.7
HOLD_0.00_FULL,HOLD,166,227,2.27,DESCENT,None,0,1.41741467,0.00605294853,0.00621713232,0.9791151,0.005626343,0.001480724,1.121707,-0.047767885,-0.0001854486,0.00422241539,-0.00212242082,-0.0484855734,0.0014180151,-0.15471904,0.135280982,-0.179305151,0.179305136,true,8,true,true,0,0,0.00168670178,0.000857400941,0.9767351,0.9762511,0.548081458,0.547475338,0.428653657,0.4287758,0.4287758,false,0.431355,0.430435747,0,0,0,false,false,0.303825,0.048795145,0.0158070866,thorax,true,false,0.005249432,1.46779222E-09,-9.636216E-15,-7.331967E-15,1,0,0,0,1,0.030800527,-2.637159E-05,0.000855799241,0.9995252,0.0308005288,-2.6371592E-05,0.000855799241,0.9995252,0.0308005288,-2.6371592E-05,0.000855799241,0.9995252,0.003481142,0.0006818482,-0.00204512919,0.999991655,0.0549718775,0.008170513,0.054649502,0.100878231,1710,0.00726516172,1,9.5,1.46778956E-09,-2.36301758E-16,-2.05572435E-16,1,0,0,0,1,0.030800527,-2.637159E-05,0.000855799241,0.9995252,0.0308005288,-2.6371592E-05,0.000855799241,0.9995252,0.0308005288,-2.6371592E-05,0.000855799241,0.9995252,0.0027442337,0.000207976977,-0.00199109572,0.9999942,0.0564147346,0.00680097425,0.0561225377,0.102578983,1710,0.00570972776,1,9.5,-2.96887914E-09,-6.20109729E-15,1.816118E-15,1,0,0,0,1,0,0,0,1,-2.96887914E-09,-6.20109729E-15,1.816118E-15,1,-2.96887914E-09,-6.20109729E-15,1.816118E-15,1,0.00191184389,5.96979444E-05,-0.000157423128,0.999998152,0.003844731,0.003844731,-0.00382369617,0.004102807,2052,0.00151921972,1,6.83999968,-2.96887825E-09,-2.36928837E-15,1.75362544E-15,1,0,0,0,1,0,0,0,1,-2.96887825E-09,-2.36928837E-15,1.75362544E-15,1,-2.96887825E-09,-2.36928837E-15,1.75362544E-15,1,0.002710449,-1.43821968E-10,7.99251E-11,0.9999963,0.005437272,0.005437272,-0.005420911,0.005117175,2052,0.00214850157,1,6.83999968,-6.988029E-10,-1.10073509E-15,3.8636455E-16,1,0,0,0,1,0,0,0.0004281028,0.9999999,-6.98802849E-10,2.98058751E-13,0.0004281028,0.9999999,-6.98802849E-10,2.98058751E-13,0.0004281028,0.9999999,0.000245864736,-2.02290175E-06,0.00137593981,0.999999046,0,0,-0.0004917326,0.002474371,2052,0,1,5.7,-6.988029E-10,-1.100604E-15,-7.35134336E-16,1,0,0,0,1,0,0,0.0004281028,0.9999999,-6.98802849E-10,2.98058859E-13,0.0004281028,0.9999999,-6.98802849E-10,2.98058859E-13,0.0004281028,0.9999999,0.000186025442,0.0001706665,0.0008142247,0.999999642,0,0,-0.000371906179,0.00388974324,2052,0,1,5.7,4.2001122E-10,2.060041E-15,3.64644878E-16,1,0.0301521979,0,0,0.999545336,0,0,0.0002140514,1,0.0301521979,-6.45412E-06,0.000213954074,0.999545336,0.0301521979,-6.45412E-06,0.000213954074,0.999545336,0.02284081,-0.000145229424,0.0032183635,0.999734,0.0157919955,0.04613262,0.0146276364,0.0351840779,1482,0.0581691749,1,5.7,-5.074521E-09,-3.65132663E-16,-5.4125903E-16,1,0.0292097349,0,0,0.9995733,0,0,0.0002140514,1,0.02920973,-6.252383E-06,0.000213960055,0.9995733,0.02920973,-6.252383E-06,0.000213960055,0.9995733,0.0243955012,-3.23569657E-05,-2.36521009E-05,0.999702454,0.009618035,0.0487902574,0.009631915,0.0249975547,1482,0.05590952,1,5.7
HOLD_0.00_FULL,HOLD,167,228,2.2800000000000002,DESCENT,None,0,1.41741323,0.00496234745,0.00507890154,0.979092538,0.00051254034,0.00147843966,1.1216948,-0.04778677,-0.0002229876,0.0007484446,-0.00185116683,-0.0484127328,0.00140303758,-0.15471904,0.135280982,-0.179305151,0.179305136,true,8,true,true,0,0,0.00102491188,0.000430894957,0.9767084,0.9762116,0.5480462,0.5474353,0.428662241,0.428776324,0.428776324,false,0.558489263,0.5572797,0,0,0,false,false,0.304236442,0.04880003,0.0158070866,thorax,true,false,0.00524157844,1.46779222E-09,-9.636216E-15,-7.331967E-15,1,0,0,0,1,0.0108051971,-9.177304E-06,0.0008492918,0.9999413,0.0108051989,-9.17730449E-06,0.0008492918,0.9999413,0.0208034124,-1.77749116E-05,0.000852588,0.9997833,0.00340579124,0.000686500745,-0.001917623,0.9999922,0.0158372242,0.00790352747,0.0347992964,0.06607309,1710,0.00708485674,1,9.5,1.46778956E-09,-2.36301758E-16,-2.05572435E-16,1,0,0,0,1,0.0108051971,-9.177304E-06,0.0008492918,0.9999413,0.0108051989,-9.17730449E-06,0.0008492918,0.9999413,0.0208034124,-1.77749116E-05,0.000852588,0.9997833,0.00266178651,0.000211752151,-0.00186919863,0.9999947,0.0171664543,0.00651448732,0.0362865143,0.06773752,1710,0.005525494,1,9.5,-2.96887914E-09,-6.20109729E-15,1.816118E-15,1,0,0,0,1,0,0,0,1,-2.96887914E-09,-6.20109729E-15,1.816118E-15,1,-2.96887914E-09,-6.20109729E-15,1.816118E-15,1,0.00196944084,5.94541E-05,-0.00015542809,0.9999981,0.00390625047,0.00390625047,-0.00393889,0.00638770126,2052,0.00154352875,1,6.83999968,-2.96887825E-09,-2.36928837E-15,1.75362544E-15,1,0,0,0,1,0,0,0,1,-2.96887825E-09,-2.36928837E-15,1.75362544E-15,1,-2.96887825E-09,-2.36928837E-15,1.75362544E-15,1,0.002747179,-1.99637362E-10,1.54392568E-10,0.999996245,0.005480945,0.005480945,-0.005494371,0.006770629,2052,0.00216575875,1,6.83999968,-6.988029E-10,-1.10073509E-15,3.8636455E-16,1,0,0,0,1,0,0,0.000424670725,0.9999999,-6.98802849E-10,2.95660415E-13,0.000424670725,0.9999999,-6.98802849E-10,2.95660415E-13,0.000424670725,0.9999999,0.0002515838,-5.978299E-06,0.00135972188,0.9999991,0,0,-0.0005031741,0.00324459141,2052,0,1,5.7,-6.988029E-10,-1.100604E-15,-7.35134336E-16,1,0,0,0,1,0,0,0.000424670725,0.9999999,-6.98802849E-10,2.95660523E-13,0.000424670725,0.9999999,-6.98802849E-10,2.95660523E-13,0.000424670725,0.9999999,0.000219964917,0.0001701744,0.0008028565,0.999999642,0,0,-0.0004397867,0.00505737541,2052,0,1,5.7,4.2001122E-10,2.060041E-15,3.64644878E-16,1,0.0301521979,0,0,0.999545336,0,0,0.000212335362,1,0.0301521979,-6.402378E-06,0.000212238825,0.999545336,0.0301521979,-6.402378E-06,0.000212238825,0.999545336,0.0228197537,-0.000148761334,0.00320084486,0.999734461,0.0158372242,0.04609125,0.0146697573,0.0355746821,1482,0.0581159927,1,5.7,-5.074521E-09,-3.65132663E-16,-5.4125903E-16,1,0.0292097349,0,0,0.9995733,0,0,0.000212335362,1,0.02920973,-6.20225865E-06,0.000212244762,0.9995733,0.02920973,-6.20225865E-06,0.000212244762,0.9995733,0.0243997872,-3.19548344E-05,-2.38990342E-05,0.9997023,0.009642791,0.0488049164,0.009623337,0.0246191863,1482,0.0559207164,1,5.7
HOLD_0.00_FULL,HOLD,168,229,2.29,DESCENT,None,0,1.41741323,0.00608721375,0.006208298,0.9791163,0.00561591238,0.00147608947,1.121708,-0.0478035249,-0.000196416921,0.004219128,-0.00199099164,-0.0484767742,0.00140967174,-0.15471904,0.135280982,-0.179305151,0.179305136,true,8,true,true,0,0,0.00168908027,0.0008588143,0.976736069,0.976253152,0.5480825,0.547477365,0.4286536,0.4287758,0.4287758,false,0.437164843,0.4362256,0,0,0,false,false,0.303825259,0.0487902574,0.0157919955,thorax,true,false,0.00524931261,1.46779222E-09,-9.636216E-15,-7.331967E-15,1,0,0,0,1,0.030800527,-2.62300309E-05,0.000851205434,0.9995252,0.0308005288,-2.62300327E-05,0.000851205434,0.9995252,0.0308005288,-2.62300327E-05,0.000851205434,0.9995252,0.003496265,0.000675274059,-0.0020469937,0.999991655,0.0549371652,0.008170513,0.0546192452,0.100827239,1710,0.00726516172,1,9.5,1.46778956E-09,-2.36301758E-16,-2.05572435E-16,1,0,0,0,1,0.030800527,-2.62300309E-05,0.000851205434,0.9995252,0.0308005288,-2.62300327E-05,0.000851205434,0.9995252,0.0308005288,-2.62300327E-05,0.000851205434,0.9995252,0.00276215584,0.000202659154,-0.00199233,0.9999942,0.0563724525,0.00680097425,0.0560866743,0.102515616,1710,0.00570972776,1,9.5,-2.96887914E-09,-6.20109729E-15,1.816118E-15,1,0,0,0,1,0,0,0,1,-2.96887914E-09,-6.20109729E-15,1.816118E-15,1,-2.96887914E-09,-6.20109729E-15,1.816118E-15,1,0.00191390782,5.91418939E-05,-0.000157252711,0.9999982,0.00378221087,0.00378221087,-0.003827824,0.00410670647,2052,0.00149451534,1,6.83999968,-2.96887825E-09,-2.36928837E-15,1.75362544E-15,1,0,0,0,1,0,0,0,1,-2.96887825E-09,-2.36928837E-15,1.75362544E-15,1,-2.96887825E-09,-2.36928837E-15,1.75362544E-15,1,0.00271048979,-1.62666491E-10,-7.9257885E-11,0.999996364,0.00539324433,0.00539324433,-0.005420992,0.00511504849,2052,0.00213110447,1,6.83999968,-6.988029E-10,-1.10073509E-15,3.8636455E-16,1,0,0,0,1,0,0,0.0004258048,0.9999999,-6.98802849E-10,2.964529E-13,0.0004258048,0.9999999,-6.98802849E-10,2.964529E-13,0.0004258048,0.9999999,0.0002461738,-2.38770167E-06,0.00137474737,0.999999046,0,0,-0.000492351,0.002471185,2052,0,1,5.7,-6.988029E-10,-1.100604E-15,-7.35134336E-16,1,0,0,0,1,0,0,0.0004258048,0.9999999,-6.98802849E-10,2.96453048E-13,0.0004258048,0.9999999,-6.98802849E-10,2.96453048E-13,0.0004258048,0.9999999,0.000185504337,0.000168671992,0.000813358056,0.999999642,0,0,-0.000370866444,0.003880349,2052,0,1,5.7,4.2001122E-10,2.060041E-15,3.64644878E-16,1,0.0301521979,0,0,0.999545336,0,0,0.0002129024,1,0.0301521979,-6.41947554E-06,0.000212805608,0.999545336,0.0301521979,-6.41947554E-06,0.000212805608,0.999545336,0.0228403732,-0.000144000325,0.0032175,0.999734,0.0157919955,0.04613262,0.0146285091,0.03517384,1482,0.05816253,1,5.7,-5.074521E-09,-3.65132663E-16,-5.4125903E-16,1,0.0292097349,0,0,0.9995733,0,0,0.0002129024,1,0.02920973,-6.21882145E-06,0.000212811559,0.9995733,0.02920973,-6.21882145E-06,0.000212811559,0.9995733,0.0243956838,-3.179431E-05,-2.49499644E-05,0.9997024,0.009642791,0.048795145,0.009631547,0.024988709,1482,0.0559151173,1,5.7
HOLD_0.00_FULL,HOLD,169,230,2.3000000000000003,DESCENT,None,0,1.417412,0.004984215,0.00506249,0.979093552,0.00049675256,0.00147370889,1.12169588,-0.0478210934,-0.000232431732,0.000739073032,-0.00171947526,-0.0484025255,0.0013951133,-0.15471904,0.135280982,-0.179305151,0.179305136,true,8,true,true,0,0,0.0010275899,0.000429661042,0.9767091,0.9762134,0.548047,0.547437251,0.428662121,0.428776145,0.428776145,false,0.5526227,0.5514259,0,0,0,false,false,0.304237455,0.0488049164,0.0158372242,thorax,true,false,0.00524133956,1.46779222E-09,-9.636216E-15,-7.331967E-15,1,0,0,0,1,0.0108051971,-9.129145E-06,0.000844835,0.9999413,0.0108051989,-9.129146E-06,0.000844835,0.9999413,0.0208034124,-1.76800513E-05,0.0008480625,0.9997833,0.00342035573,0.000679372868,-0.00191970961,0.999992132,0.0158070866,0.007933636,0.03477015,0.06602544,1710,0.00712128263,1,9.5,1.46778956E-09,-2.36301758E-16,-2.05572435E-16,1,0,0,0,1,0.0108051971,-9.129145E-06,0.000844835,0.9999413,0.0108051989,-9.129146E-06,0.000844835,0.9999413,0.0208034124,-1.76800513E-05,0.0008480625,0.9997833,0.00267933984,0.00020610205,-0.00187053264,0.999994636,0.0171386544,0.00655098353,0.0362513959,0.06767627,1710,0.005572124,1,9.5,-2.96887914E-09,-6.20109729E-15,1.816118E-15,1,0,0,0,1,0,0,0,1,-2.96887914E-09,-6.20109729E-15,1.816118E-15,1,-2.96887914E-09,-6.20109729E-15,1.816118E-15,1,0.001971415,5.8847716E-05,-0.0001552448,0.9999981,0.00390625047,0.00390625047,-0.0039428384,0.00639200537,2052,0.00154352875,1,6.83999968,-2.96887825E-09,-2.36928837E-15,1.75362544E-15,1,0,0,0,1,0,0,0,1,-2.96887825E-09,-2.36928837E-15,1.75362544E-15,1,-2.96887825E-09,-2.36928837E-15,1.75362544E-15,1,0.00274704932,-2.45176157E-10,3.47993329E-10,0.9999963,0.005437272,0.005437272,-0.005494111,0.00676846039,2052,0.00214850157,1,6.83999968,-6.988029E-10,-1.10073509E-15,3.8636455E-16,1,0,0,0,1,0,0,0.000422442215,0.99999994,-6.98802849E-10,2.94103121E-13,0.000422442215,0.99999994,-6.98802849E-10,2.94103121E-13,0.000422442215,0.99999994,0.00025177584,-6.408327E-06,0.00135859742,0.9999991,0,0,-0.000503558549,0.00324156554,2052,0,1,5.7,-6.988029E-10,-1.100604E-15,-7.35134336E-16,1,0,0,0,1,0,0,0.000422442215,0.99999994,-6.98802849E-10,2.94103256E-13,0.000422442215,0.99999994,-6.98802849E-10,2.94103256E-13,0.000422442215,0.99999994,0.0002192129,0.00016790448,0.000802014431,0.999999642,0,0,-0.000438285322,0.00504766637,2052,0,1,5.7,4.2001122E-10,2.060041E-15,3.64644878E-16,1,0.0301521979,0,0,0.999545336,0,0,0.000211221108,1,0.0301521979,-6.36878076E-06,0.00021112508,0.999545336,0.0301521979,-6.36878076E-06,0.00021112508,0.999545336,0.0228197314,-0.000147313185,0.0031999913,0.999734461,0.0158372242,0.04609125,0.014669803,0.03556503,1482,0.0581159927,1,5.7,-5.074521E-09,-3.65132663E-16,-5.4125903E-16,1,0.0292097349,0,0,0.9995733,0,0,0.000211221108,1,0.02920973,-6.16971147E-06,0.000211130973,0.9995733,0.02920973,-6.16971147E-06,0.000211130973,0.9995733,0.02440016,-3.13232376E-05,-2.516311E-05,0.999702334,0.009593214,0.04880003,0.009622596,0.0246115513,1482,0.0559207164,1,5.7
HOLD_0.00_FULL,HOLD,170,231,2.31,DESCENT,None,0,1.41741228,0.00610201061,0.006188312,0.9791171,0.005600482,0.001471281,1.12170923,-0.0478365235,-0.000204308963,0.004209033,-0.00185873208,-0.048465047,0.00140219461,-0.15471904,0.135280982,-0.179305151,0.179305136,true,8,true,true,0,0,0.00169120461,0.000860125234,0.9767364,0.9762547,0.548083067,0.547479153,0.428653359,0.428775549,0.428775549,false,0.443579078,0.442633748,0,0,0,false,false,0.30382672,0.048795145,0.0157919955,thorax,true,false,0.00524907326,1.46779222E-09,-9.636216E-15,-7.331967E-15,1,0,0,0,1,0.030800527,-2.60971065E-05,0.000846891839,0.9995252,0.0308005288,-2.60971083E-05,0.000846891839,0.9995252,0.0308005288,-2.60971083E-05,0.000846891839,0.9995252,0.00351022556,0.000667601067,-0.00204919884,0.9999916,0.0549067743,0.008199642,0.0545912981,0.100783519,1710,0.007300689,1,9.5,1.46778956E-09,-2.36301758E-16,-2.05572435E-16,1,0,0,0,1,0.030800527,-2.60971065E-05,0.000846891839,0.9995252,0.0308005288,-2.60971083E-05,0.000846891839,0.9995252,0.0308005288,-2.60971083E-05,0.000846891839,0.9995252,0.00277925865,0.000196618,-0.00199380936,0.999994159,0.0563386,0.00683594076,0.0560524575,0.102458425,1710,0.005754865,1,9.5,-2.96887914E-09,-6.20109729E-15,1.816118E-15,1,0,0,0,1,0,0,0,1,-2.96887914E-09,-6.20109729E-15,1.816118E-15,1,-2.96887914E-09,-6.20109729E-15,1.816118E-15,1,0.00191579282,5.848927E-05,-0.000157076385,0.9999982,0.00378221087,0.00378221087,-0.003831594,0.004111257,2052,0.00149451534,1,6.83999968,-2.96887825E-09,-2.36928837E-15,1.75362544E-15,1,0,0,0,1,0,0,0,1,-2.96887825E-09,-2.36928837E-15,1.75362544E-15,1,-2.96887825E-09,-2.36928837E-15,1.75362544E-15,1,0.00271024113,-1.4023141E-10,2.12422635E-10,0.999996364,0.00539324433,0.00539324433,-0.005420495,0.005113025,2052,0.00213110447,1,6.83999968,-6.988029E-10,-1.10073509E-15,3.8636455E-16,1,0,0,0,1,0,0,0.000423646969,0.9999999,-6.98802849E-10,2.94945E-13,0.000423646969,0.9999999,-6.98802849E-10,2.94945E-13,0.000423646969,0.9999999,0.000246258569,-2.87620423E-06,0.00137366436,0.999999046,0,0,-0.000492521,0.002468404,2052,0,1,5.7,-6.988029E-10,-1.100604E-15,-7.35134336E-16,1,0,0,0,1,0,0,0.000423646969,0.9999999,-6.98802849E-10,2.94945139E-13,0.000423646969,0.9999999,-6.98802849E-10,2.94945139E-13,0.000423646969,0.9999999,0.000184539109,0.0001661396,0.0008125495,0.9999997,0,0,-0.0003689388,0.00387111446,2052,0,1,5.7,4.2001122E-10,2.060041E-15,3.64644878E-16,1,0.0301521979,0,0,0.999545336,0,0,0.000211823484,1,0.0301521979,-6.386944E-06,0.00021172718,0.999545336,0.0301521979,-6.386944E-06,0.00021172718,0.999545336,0.0228406154,-0.000142345118,0.00321666081,0.999734,0.0157919955,0.04613262,0.0146280257,0.0351651832,1482,0.0581691749,1,5.7,-5.074521E-09,-3.65132663E-16,-5.4125903E-16,1,0.0292097349,0,0,0.9995733,0,0,0.000211823484,1,0.02920973,-6.18730655E-06,0.0002117331,0.9995733,0.02920973,-6.18730655E-06,0.0002117331,0.9995733,0.024396155,-3.11032272E-05,-2.61923615E-05,0.9997024,0.009618035,0.048795145,0.009630606,0.0249822885,1482,0.0559151173,1,5.7
HOLD_0.00_FULL,HOLD,171,232,2.32,DESCENT,None,0,1.41741109,0.004989624,0.00503866747,0.979094446,0.00048674643,0.00146883691,1.121697,-0.04785276,-0.00023890681,0.0007282956,-0.00158655935,-0.0483892448,0.00138805166,-0.15471904,0.135280982,-0.179305151,0.179305136,true,8,true,true,0,0,0.00102869712,0.0004276857,0.9767096,0.976215,0.548047662,0.54743886,0.428661942,0.428776145,0.428776145,false,0.5459401,0.544767141,0,0,0,false,false,0.3042365,0.04880003,0.0158372242,thorax,true,false,0.0052411,1.46779222E-09,-9.636216E-15,-7.331967E-15,1,0,0,0,1,0.0108051971,-9.084251E-06,0.000840680441,0.9999413,0.0108051989,-9.084252E-06,0.000840680441,0.9999413,0.0208034124,-1.75911409E-05,0.0008438282,0.9997833,0.00343373371,0.0006711725,-0.0019218399,0.9999921,0.0157919955,0.007963631,0.03474337,0.0659825355,1710,0.00715752365,1,9.5,1.46778956E-09,-2.36301758E-16,-2.05572435E-16,1,0,0,0,1,0.0108051971,-9.084251E-06,0.000840680441,0.9999413,0.0108051989,-9.084252E-06,0.000840680441,0.9999413,0.0208034124,-1.75911409E-05,0.0008438282,0.9997833,0.00269597443,0.000199725851,-0.00187214464,0.9999946,0.01711081,0.00658727763,0.03621811,0.06762004,1710,0.00561836641,1,9.5,-2.96887914E-09,-6.20109729E-15,1.816118E-15,1,0,0,0,1,0,0,0,1,-2.96887914E-09,-6.20109729E-15,1.816118E-15,1,-2.96887914E-09,-6.20109729E-15,1.816118E-15,1,0.00197323,5.814801E-05,-0.000155083864,0.9999981,0.00390625047,0.00390625047,-0.00394646823,0.006395419,2052,0.00154352875,1,6.83999968,-2.96887825E-09,-2.36928837E-15,1.75362544E-15,1,0,0,0,1,0,0,0,1,-2.96887825E-09,-2.36928837E-15,1.75362544E-15,1,-2.96887825E-09,-2.36928837E-15,1.75362544E-15,1,0.0027467187,-2.60077043E-10,2.07994177E-10,0.9999963,0.005437272,0.005437272,-0.00549345,0.0067665833,2052,0.00214850157,1,6.83999968,-6.988029E-10,-1.10073509E-15,3.8636455E-16,1,0,0,0,1,0,0,0.0004203648,0.99999994,-6.98802849E-10,2.92651428E-13,0.0004203648,0.99999994,-6.98802849E-10,2.92651428E-13,0.0004203648,0.99999994,0.000251807069,-6.9526036E-06,0.0013574817,0.9999991,0,0,-0.0005036214,0.00323842885,2052,0,1,5.7,-6.988029E-10,-1.100604E-15,-7.35134336E-16,1,0,0,0,1,0,0,0.0004203648,0.99999994,-6.98802849E-10,2.92651537E-13,0.0004203648,0.99999994,-6.98802849E-10,2.92651537E-13,0.0004203648,0.99999994,0.000218084577,0.000165121077,0.0008012509,0.9999997,0,0,-0.0004360317,0.005037224,2052,0,1,5.7,4.2001122E-10,2.060041E-15,3.64644878E-16,1,0.0301521979,0,0,0.999545336,0,0,0.0002101824,1,0.0301521979,-6.3374614E-06,0.000210086844,0.999545336,0.0301521979,-6.3374614E-06,0.000210086844,0.999545336,0.0228202417,-0.000145452112,0.003199153,0.9997345,0.0158221629,0.04608608,0.014668785,0.03555941,1482,0.0581093356,1,5.7,-5.074521E-09,-3.65132663E-16,-5.4125903E-16,1,0.0292097349,0,0,0.9995733,0,0,0.0002101824,1,0.02920973,-6.139371E-06,0.000210092723,0.9995733,0.02920973,-6.139371E-06,0.000210092723,0.9995733,0.0244007725,-3.05687463E-05,-2.63771235E-05,0.999702334,0.009593214,0.04880003,0.00962137152,0.0246054046,1482,0.0559207164,1,5.7
HOLD_0.00_FULL,HOLD,172,233,2.33,DESCENT,None,0,1.41741121,0.00610296428,0.006161698,0.97911793,0.005589351,0.00146635773,1.12171018,-0.0478668623,-0.000209514212,0.004197682,-0.00172541465,-0.0484503061,0.00139551109,-0.15471904,0.135280982,-0.179305151,0.179305136,true,8,true,true,0,0,0.00169352139,0.0008618655,0.9767369,0.976256251,0.548083663,0.5474807,0.42865324,0.428775549,0.428775549,false,0.4506959,0.4497354,0,0,0,false,false,0.303825378,0.048795145,0.0157919955,thorax,true,false,0.00524883345,1.46779222E-09,-9.636216E-15,-7.331967E-15,1,0,0,0,1,0.030800527,-2.5974552E-05,0.000842914742,0.9995252,0.0308005288,-2.59745539E-05,0.000842914742,0.9995252,0.0308005288,-2.59745539E-05,0.000842914742,0.9995252,0.00352298957,0.0006588954,-0.00205142144,0.9999915,0.0548894033,0.008257591,0.05456575,0.100744605,1710,0.007300689,1,9.5,1.46778956E-09,-2.36301758E-16,-2.05572435E-16,1,0,0,0,1,0.030800527,-2.5974552E-05,0.000842914742,0.9995252,0.0308005288,-2.59745539E-05,0.000842914742,0.9995252,0.0308005288,-2.59745539E-05,0.000842914742,0.9995252,0.00279542268,0.0001898776,-0.0019954762,0.9999941,0.0563089661,0.00687072938,0.05602012,0.102405332,1710,0.00579965068,1,9.5,-2.96887914E-09,-6.20109729E-15,1.816118E-15,1,0,0,0,1,0,0,0,1,-2.96887914E-09,-6.20109729E-15,1.816118E-15,1,-2.96887914E-09,-6.20109729E-15,1.816118E-15,1,0.00191756617,5.77427745E-05,-0.0001569134,0.999998152,0.003844731,0.003844731,-0.00383514073,0.00411506929,2052,0.00151921972,1,6.83999968,-2.96887825E-09,-2.36928837E-15,1.75362544E-15,1,0,0,0,1,0,0,0,1,-2.96887825E-09,-2.36928837E-15,1.75362544E-15,1,-2.96887825E-09,-2.36928837E-15,1.75362544E-15,1,0.00270983181,-1.832321E-10,2.33386976E-10,0.999996364,0.00539324433,0.00539324433,-0.005419676,0.00511094928,2052,0.00213110447,1,6.83999968,-6.988029E-10,-1.10073509E-15,3.8636455E-16,1,0,0,0,1,0,0,0.0004216575,0.99999994,-6.98802849E-10,2.93554731E-13,0.0004216575,0.99999994,-6.98802849E-10,2.93554731E-13,0.0004216575,0.99999994,0.00024623514,-3.476809E-06,0.00137259823,0.999999046,0,0,-0.000492474646,0.00246557477,2052,0,1,5.7,-6.988029E-10,-1.100604E-15,-7.35134336E-16,1,0,0,0,1,0,0,0.0004216575,0.99999994,-6.98802849E-10,2.93554867E-13,0.0004216575,0.99999994,-6.98802849E-10,2.93554867E-13,0.0004216575,0.99999994,0.000183266835,0.000163114048,0.0008117624,0.9999997,0,0,-0.0003663975,0.003860816,2052,0,1,5.7,4.2001122E-10,2.060041E-15,3.64644878E-16,1,0.0301521979,0,0,0.999545336,0,0,0.000210828744,1,0.0301521979,-6.35695E-06,0.000210732891,0.999545336,0.0301521979,-6.35695E-06,0.000210732891,0.999545336,0.0228412729,-0.0001402843,0.003215826,0.9997339,0.0158070866,0.0461377874,0.0146267088,0.03516075,1482,0.05816253,1,5.7,-5.074521E-09,-3.65132663E-16,-5.4125903E-16,1,0.0292097349,0,0,0.9995733,0,0,0.000210828744,1,0.02920973,-6.15825047E-06,0.000210738785,0.9995733,0.02920973,-6.15825047E-06,0.000210738785,0.9995733,0.0243968274,-3.02852259E-05,-2.73907863E-05,0.999702334,0.009642791,0.04880003,0.009629258,0.0249775462,1482,0.05590952,1,5.7
HOLD_0.00_FULL,HOLD,173,234,2.34,DESCENT,None,0,1.41741014,0.00499353558,0.005021051,0.979095042,0.000477083027,0.00146387727,1.12169766,-0.047881756,-0.000242634429,0.000721242046,-0.00145265972,-0.0483729653,0.00138183159,-0.15471904,0.135280982,-0.179305151,0.179305136,true,8,true,true,0,0,0.0010310323,0.000426316925,0.9767098,0.9762163,0.54804796,0.5474404,0.428661823,0.4287759,0.4287759,false,0.5386348,0.5374775,0,0,0,false,false,0.304237068,0.04880003,0.0158221629,thorax,true,false,0.0052408604,1.46779222E-09,-9.636216E-15,-7.331967E-15,1,0,0,0,1,0.0108051971,-9.043037E-06,0.0008368664,0.9999413,0.0108051989,-9.043038E-06,0.0008368664,0.9999413,0.0208034124,-1.75092518E-05,0.0008399324,0.9997833,0.003445752,0.0006619862,-0.0019242639,0.9999921,0.0157466382,0.007963631,0.03471932,0.06594707,1710,0.00715752365,1,9.5,1.46778956E-09,-2.36301758E-16,-2.05572435E-16,1,0,0,0,1,0.0108051971,-9.043037E-06,0.0008368664,0.9999413,0.0108051989,-9.043038E-06,0.0008368664,0.9999413,0.0208034124,-1.75092518E-05,0.0008399324,0.9997833,0.00271158433,0.0001926176,-0.00187380228,0.999994636,0.0170549825,0.00655098353,0.03618688,0.0675696358,1710,0.00566423172,1,9.5,-2.96887914E-09,-6.20109729E-15,1.816118E-15,1,0,0,0,1,0,0,0,1,-2.96887914E-09,-6.20109729E-15,1.816118E-15,1,-2.96887914E-09,-6.20109729E-15,1.816118E-15,1,0.00197505136,5.73591533E-05,-0.000154911439,0.999998033,0.00396681624,0.00396681624,-0.00395011157,0.00640122872,2052,0.00156746083,1,6.83999968,-2.96887825E-09,-2.36928837E-15,1.75362544E-15,1,0,0,0,1,0,0,0,1,-2.96887825E-09,-2.36928837E-15,1.75362544E-15,1,-2.96887825E-09,-2.36928837E-15,1.75362544E-15,1,0.00274623837,-2.783882E-10,1.24114732E-10,0.999996245,0.005480945,0.005480945,-0.00549249,0.00676450133,2052,0.00216575875,1,6.83999968,-6.988029E-10,-1.10073509E-15,3.8636455E-16,1,0,0,0,1,0,0,0.000418457668,0.99999994,-6.98802849E-10,2.913187E-13,0.000418457668,0.99999994,-6.98802849E-10,2.913187E-13,0.000418457668,0.99999994,0.0002517368,-7.61094361E-06,0.00135652313,0.9999991,0,0,-0.0005034814,0.00323687028,2052,0,1,5.7,-6.988029E-10,-1.100604E-15,-7.35134336E-16,1,0,0,0,1,0,0,0.000418457668,0.99999994,-6.98802849E-10,2.91318835E-13,0.000418457668,0.99999994,-6.98802849E-10,2.91318835E-13,0.000418457668,0.99999994,0.000216674249,0.00016185522,0.0008005595,0.999999642,0,0,-0.000433214416,0.005028581,2052,0,1,5.7,4.2001122E-10,2.060041E-15,3.64644878E-16,1,0.0301521979,0,0,0.999545336,0,0,0.000209228834,1,0.0301521979,-6.308709E-06,0.000209133708,0.999545336,0.0301521979,-6.308709E-06,0.000209133708,0.999545336,0.0228208546,-0.000143203812,0.00319845416,0.999734461,0.0158221629,0.04609125,0.0146675576,0.03555536,1482,0.0581159927,1,5.7,-5.074521E-09,-3.65132663E-16,-5.4125903E-16,1,0.0292097349,0,0,0.9995733,0,0,0.000209228834,1,0.02920973,-6.11151745E-06,0.000209139558,0.9995733,0.02920973,-6.11151745E-06,0.000209139558,0.9995733,0.0244013779,-2.96916951E-05,-2.75065377E-05,0.9997022,0.009642791,0.0488098,0.009620154,0.0246023834,1482,0.0559207164,1,5.7
HOLD_0.00_FULL,HOLD,174,235,2.35,DESCENT,None,0,1.41741037,0.006107092,0.0061443313,0.9791185,0.00558451563,0.00146137469,1.12171078,-0.04789451,-0.000211810664,0.00419323752,-0.001591283,-0.0484326,0.00138975144,-0.15471904,0.135280982,-0.179305151,0.179305136,true,8,true,true,0,0,0.00169623061,0.00086417055,0.976737142,0.976257443,0.548084,0.547482252,0.428653121,0.4287752,0.4287752,false,0.4584834,0.4575063,0,0,0,false,false,0.303823739,0.04880003,0.0158070866,thorax,true,false,0.005248593,1.46779222E-09,-9.636216E-15,-7.331967E-15,1,0,0,0,1,0.030800527,-2.5861722E-05,0.000839253247,0.9995252,0.0308005288,-2.58617238E-05,0.000839253247,0.9995252,0.0308005288,-2.58617238E-05,0.000839253247,0.9995252,0.00353431888,0.000649262045,-0.00205380237,0.9999914,0.0548676737,0.008286414,0.0545430779,0.100712083,1710,0.00733604329,1,9.5,1.46778956E-09,-2.36301758E-16,-2.05572435E-16,1,0,0,0,1,0.030800527,-2.5861722E-05,0.000839253247,0.9995252,0.0308005288,-2.58617238E-05,0.000839253247,0.9995252,0.0308005288,-2.58617238E-05,0.000839253247,0.9995252,0.00281053269,0.000182465854,-0.0019970818,0.99999404,0.0562793165,0.006905343,0.0559898838,0.102357253,1710,0.005844093,1,9.5,-2.96887914E-09,-6.20109729E-15,1.816118E-15,1,0,0,0,1,0,0,0,1,-2.96887914E-09,-6.20109729E-15,1.816118E-15,1,-2.96887914E-09,-6.20109729E-15,1.816118E-15,1,0.00191942893,5.691448E-05,-0.000156740483,0.999998152,0.003844731,0.003844731,-0.00383886625,0.004120612,2052,0.00151921972,1,6.83999968,-2.96887825E-09,-2.36928837E-15,1.75362544E-15,1,0,0,0,1,0,0,0,1,-2.96887825E-09,-2.36928837E-15,1.75362544E-15,1,-2.96887825E-09,-2.36928837E-15,1.75362544E-15,1,0.002709293,-1.855511E-10,-4.62031351E-11,0.9999963,0.005437272,0.005437272,-0.005418599,0.00510886032,2052,0.00214850157,1,6.83999968,-6.988029E-10,-1.10073509E-15,3.8636455E-16,1,0,0,0,1,0,0,0.000419825868,0.99999994,-6.98802849E-10,2.922748E-13,0.000419825868,0.99999994,-6.98802849E-10,2.922748E-13,0.000419825868,0.99999994,0.0002461662,-4.191778E-06,0.001371715,0.999999046,0,0,-0.000492337334,0.00246393145,2052,0,1,5.7,-6.988029E-10,-1.100604E-15,-7.35134336E-16,1,0,0,0,1,0,0,0.000419825868,0.99999994,-6.98802849E-10,2.92274939E-13,0.000419825868,0.99999994,-6.98802849E-10,2.92274939E-13,0.000419825868,0.99999994,0.000181771407,0.000159615389,0.0008111545,0.999999642,0,0,-0.000363410159,0.00385174574,2052,0,1,5.7,4.2001122E-10,2.060041E-15,3.64644878E-16,1,0.0301521979,0,0,0.999545336,0,0,0.000209912934,1,0.0301521979,-6.32933643E-06,0.000209817488,0.999545336,0.0301521979,-6.32933643E-06,0.000209817488,0.999545336,0.02284187,-0.000137847877,0.003215226,0.9997339,0.0158070866,0.0461377874,0.0146255139,0.03515871,1482,0.05816253,1,5.7,-5.074521E-09,-3.65132663E-16,-5.4125903E-16,1,0.0292097349,0,0,0.9995733,0,0,0.000209912934,1,0.02920973,-6.1315E-06,0.000209823367,0.9995733,0.02920973,-6.1315E-06,0.000209823367,0.9995733,0.0243973937,-2.93410212E-05,-2.84531161E-05,0.999702334,0.009642791,0.04880003,0.009628126,0.0249746162,1482,0.0559151173,1,5.7
HOLD_0.00_FULL,HOLD,175,236,2.36,DESCENT,None,0,1.41740918,0.004992716,0.005005422,0.9790958,0.0004741177,0.00145888282,1.12169838,-0.047908064,-0.000243603121,0.0007153103,-0.00131874718,-0.0483539924,0.00137650955,-0.15471904,0.135280982,-0.179305151,0.179305136,true,8,true,true,0,0,0.00103375909,0.000424703525,0.9767101,0.9762176,0.548048437,0.547441959,0.428661644,0.428775668,0.428775668,false,0.530671656,0.529522359,0,0,0,false,false,0.304236352,0.0488098,0.0158221629,thorax,true,false,0.00524062,1.46779222E-09,-9.636216E-15,-7.331967E-15,1,0,0,0,1,0.0108051971,-9.005503E-06,0.000833392842,0.9999413,0.0108051989,-9.005504E-06,0.000833392842,0.9999413,0.0208034124,-1.743407E-05,0.00083636475,0.9997833,0.00345643749,0.0006518922,-0.00192646612,0.999991953,0.0157466382,0.008023285,0.0346979238,0.06591573,1710,0.00715752365,1,9.5,1.46778956E-09,-2.36301758E-16,-2.05572435E-16,1,0,0,0,1,0.0108051971,-9.005503E-06,0.000833392842,0.9999413,0.0108051989,-9.005504E-06,0.000833392842,0.9999413,0.0208034124,-1.743407E-05,0.00083636475,0.9997833,0.00272618048,0.000184918768,-0.00187540648,0.9999945,0.0170409977,0.006623372,0.03615767,0.06752292,1710,0.00566423172,1,9.5,-2.96887914E-09,-6.20109729E-15,1.816118E-15,1,0,0,0,1,0,0,0,1,-2.96887914E-09,-6.20109729E-15,1.816118E-15,1,-2.96887914E-09,-6.20109729E-15,1.816118E-15,1,0.0019769324,5.64895381E-05,-0.000154740555,0.999998033,0.00396681624,0.00396681624,-0.00395387365,0.00640581967,2052,0.00156746083,1,6.83999968,-2.96887825E-09,-2.36928837E-15,1.75362544E-15,1,0,0,0,1,0,0,0,1,-2.96887825E-09,-2.36928837E-15,1.75362544E-15,1,-2.96887825E-09,-2.36928837E-15,1.75362544E-15,1,0.00274564419,-3.05834941E-10,4.39708575E-10,0.9999963,0.005437272,0.005437272,-0.005491301,0.00676250644,2052,0.00214850157,1,6.83999968,-6.988029E-10,-1.10073509E-15,3.8636455E-16,1,0,0,0,1,0,0,0.0004167208,0.99999994,-6.98802849E-10,2.90105E-13,0.0004167208,0.99999994,-6.98802849E-10,2.90105E-13,0.0004167208,0.99999994,0.000251687015,-8.382209E-06,0.00135566236,0.9999991,0,0,-0.0005033825,0.003235166,2052,0,1,5.7,-6.988029E-10,-1.100604E-15,-7.35134336E-16,1,0,0,0,1,0,0,0.0004167208,0.99999994,-6.98802849E-10,2.901051E-13,0.0004167208,0.99999994,-6.98802849E-10,2.901051E-13,0.0004167208,0.99999994,0.000215154141,0.000158132156,0.0008000099,0.9999997,0,0,-0.000430177868,0.00501864776,2052,0,1,5.7,4.2001122E-10,2.060041E-15,3.64644878E-16,1,0.0301521979,0,0,0.999545336,0,0,0.0002083604,1,0.0301521979,-6.28252428E-06,0.000208265672,0.999545336,0.0301521979,-6.28252428E-06,0.000208265672,0.999545336,0.0228214525,-0.00014058275,0.00319786323,0.999734461,0.0158221629,0.04609125,0.0146663636,0.0355559736,1482,0.0581159927,1,5.7,-5.074521E-09,-3.65132663E-16,-5.4125903E-16,1,0.0292097349,0,0,0.9995733,0,0,0.0002083604,1,0.02920973,-6.086151E-06,0.0002082715,0.9995733,0.02920973,-6.086151E-06,0.0002082715,0.9995733,0.0244019628,-2.86788618E-05,-2.85469632E-05,0.9997022,0.009642791,0.0488098,0.00961898547,0.0245996416,1482,0.05592631,1,5.7
HOLD_0.00_FULL,HOLD,176,237,2.37,DESCENT,None,0,1.41740942,0.00610590726,0.006126984,0.9791191,0.00557869673,0.00145638315,1.12171149,-0.04791949,-0.000211521459,0.004186901,-0.00145787187,-0.0484124646,0.00138485769,-0.15471904,0.135280982,-0.179305151,0.179305136,true,8,true,true,0,0,0.00169847172,0.0008661894,0.9767374,0.976258755,0.548084557,0.547483563,0.428652823,0.4287752,0.4287752,false,0.4666659,0.465663224,0,0,0,false,false,0.303824842,0.04880003,0.0158070866,thorax,true,false,0.00524847256,1.46779222E-09,-9.636216E-15,-7.331967E-15,1,0,0,0,1,0.030800527,-2.57606E-05,0.000835971732,0.9995252,0.0308005288,-2.57606025E-05,0.000835971732,0.9995252,0.0308005288,-2.57606025E-05,0.000835971732,0.9995252,0.00354432431,0.000638721336,-0.002055955,0.9999914,0.05484594,0.008286414,0.0545230359,0.100684807,1710,0.00733604329,1,9.5,1.46778956E-09,-2.36301758E-16,-2.05572435E-16,1,0,0,0,1,0.030800527,-2.57606E-05,0.000835971732,0.9995252,0.0308005288,-2.57606025E-05,0.000835971732,0.9995252,0.0308005288,-2.57606025E-05,0.000835971732,0.9995252,0.00282452116,0.0001744391,-0.001998751,0.99999404,0.05624541,0.006905343,0.0559618957,0.102314815,1710,0.005844093,1,9.5,-2.96887914E-09,-6.20109729E-15,1.816118E-15,1,0,0,0,1,0,0,0,1,-2.96887914E-09,-6.20109729E-15,1.816118E-15,1,-2.96887914E-09,-6.20109729E-15,1.816118E-15,1,0.00192135479,5.60057742E-05,-0.000156576658,0.999998152,0.003844731,0.003844731,-0.003842718,0.00412613526,2052,0.00151921972,1,6.83999968,-2.96887825E-09,-2.36928837E-15,1.75362544E-15,1,0,0,0,1,0,0,0,1,-2.96887825E-09,-2.36928837E-15,1.75362544E-15,1,-2.96887825E-09,-2.36928837E-15,1.75362544E-15,1,0.00270867185,-2.6568775E-10,1.19388614E-11,0.9999963,0.005437272,0.005437272,-0.00541735673,0.00510700932,2052,0.00214850157,1,6.83999968,-6.988029E-10,-1.10073509E-15,3.8636455E-16,1,0,0,0,1,0,0,0.000418184325,0.99999994,-6.98802849E-10,2.911277E-13,0.000418184325,0.99999994,-6.98802849E-10,2.911277E-13,0.000418184325,0.99999994,0.0002461134,-5.019413E-06,0.0013708655,0.999999046,0,0,-0.000492232444,0.00246293121,2052,0,1,5.7,-6.988029E-10,-1.100604E-15,-7.35134336E-16,1,0,0,0,1,0,0,0.000418184325,0.99999994,-6.98802849E-10,2.91127826E-13,0.000418184325,0.99999994,-6.98802849E-10,2.91127826E-13,0.000418184325,0.99999994,0.000180233881,0.000155674454,0.0008105997,0.999999642,0,0,-0.000360338949,0.00384345255,2052,0,1,5.7,4.2001122E-10,2.060041E-15,3.64644878E-16,1,0.0301521979,0,0,0.999545336,0,0,0.000209092163,1,0.0301521979,-6.304588E-06,0.0002089971,0.999545336,0.0301521979,-6.304588E-06,0.0002089971,0.999545336,0.0228423327,-0.000135060356,0.00321466429,0.9997339,0.0157919955,0.0461377874,0.0146245919,0.0351595,1482,0.05816253,1,5.7,-5.074521E-09,-3.65132663E-16,-5.4125903E-16,1,0.0292097349,0,0,0.9995733,0,0,0.000209092163,1,0.02920973,-6.10752568E-06,0.000209002945,0.9995733,0.02920973,-6.10752568E-06,0.000209002945,0.9995733,0.0243979115,-2.82729088E-05,-2.94354013E-05,0.999702334,0.009642791,0.04880003,0.009627092,0.0249734074,1482,0.0559207164,1,5.7
HOLD_0.00_FULL,HOLD,177,238,2.38,DESCENT,None,0,1.41740823,0.004995227,0.00499911327,0.979096234,0.000468879938,0.001453906,1.12169909,-0.04793171,-0.000242219627,0.00071166316,-0.00118581543,-0.0483326875,0.00137200044,-0.15471904,0.135280982,-0.179305151,0.179305136,true,8,true,true,0,0,0.0010353782,0.0004239358,0.9767103,0.9762187,0.548048854,0.547443151,0.428661466,0.428775549,0.428775549,false,0.5223633,0.521241,0,0,0,false,false,0.304236263,0.0488098,0.0158221629,thorax,true,false,0.00524061825,1.46779222E-09,-9.636216E-15,-7.331967E-15,1,0,0,0,1,0.0108051971,-8.972007E-06,0.0008302931,0.9999413,0.0108051989,-8.972008E-06,0.0008302931,0.9999413,0.0208034124,-1.73667577E-05,0.000833174,0.9997833,0.00346569624,0.000640989,-0.00192861736,0.999992,0.0157163274,0.007993514,0.03467938,0.06589103,1710,0.007193582,1,9.5,1.46778956E-09,-2.36301758E-16,-2.05572435E-16,1,0,0,0,1,0.0108051971,-8.972007E-06,0.0008302931,0.9999413,0.0108051989,-8.972008E-06,0.0008302931,0.9999413,0.0208034124,-1.73667577E-05,0.000833174,0.9997833,0.0027394807,0.0001766356,-0.001877157,0.999994457,0.017027,0.00665927166,0.0361310579,0.06748336,1710,0.00570972776,1,9.5,-2.96887914E-09,-6.20109729E-15,1.816118E-15,1,0,0,0,1,0,0,0,1,-2.96887914E-09,-6.20109729E-15,1.816118E-15,1,-2.96887914E-09,-6.20109729E-15,1.816118E-15,1,0.00197893265,5.55467923E-05,-0.000154587673,0.999998033,0.00396681624,0.00396681624,-0.003957874,0.00641214149,2052,0.00156746083,1,6.83999968,-2.96887825E-09,-2.36928837E-15,1.75362544E-15,1,0,0,0,1,0,0,0,1,-2.96887825E-09,-2.36928837E-15,1.75362544E-15,1,-2.96887825E-09,-2.36928837E-15,1.75362544E-15,1,0.00274503045,-2.33801256E-10,3.332562E-10,0.999996245,0.005480945,0.005480945,-0.005490074,0.006761074,2052,0.00216575875,1,6.83999968,-6.988029E-10,-1.10073509E-15,3.8636455E-16,1,0,0,0,1,0,0,0.000415170827,0.99999994,-6.98802849E-10,2.89021845E-13,0.000415170827,0.99999994,-6.98802849E-10,2.89021845E-13,0.000415170827,0.99999994,0.000251633435,-9.265772E-06,0.0013548173,0.9999991,0,0,-0.000503276,0.00323572964,2052,0,1,5.7,-6.988029E-10,-1.100604E-15,-7.35134336E-16,1,0,0,0,1,0,0,0.000415170827,0.99999994,-6.98802849E-10,2.8902198E-13,0.000415170827,0.99999994,-6.98802849E-10,2.8902198E-13,0.000415170827,0.99999994,0.000213617168,0.000153983725,0.000799449568,0.9999997,0,0,-0.000427107851,0.00501194969,2052,0,1,5.7,4.2001122E-10,2.060041E-15,3.64644878E-16,1,0.0301521979,0,0,0.999545336,0,0,0.000207585414,1,0.0301521979,-6.25915663E-06,0.00020749103,0.999545336,0.0301521979,-6.25915663E-06,0.00020749103,0.999545336,0.02282172,-0.000137641051,0.003197327,0.999734461,0.0158221629,0.04609125,0.0146658281,0.0355575,1482,0.0581159927,1,5.7,-5.074521E-09,-3.65132663E-16,-5.4125903E-16,1,0.0292097349,0,0,0.9995733,0,0,0.000207585414,1,0.02920973,-6.063514E-06,0.000207496836,0.9995733,0.02920973,-6.063514E-06,0.000207496836,0.9995733,0.0244023651,-2.75607563E-05,-2.9487439E-05,0.9997022,0.009618035,0.0488098,0.009618182,0.0245993249,1482,0.05592631,1,5.7
HOLD_0.00_FULL,HOLD,178,239,2.39,DESCENT,None,0,1.41740859,0.00611135364,0.006121043,0.979119658,0.00557819,0.00145143247,1.12171209,-0.0479417965,-0.000209001242,0.004186992,-0.00132545212,-0.0483899936,0.00138075917,-0.15471904,0.135280982,-0.179305151,0.179305136,true,8,true,true,0,0,0.0017004949,0.0008680058,0.9767375,0.9762598,0.5480846,0.5474848,0.428652883,0.428775,0.428775,false,0.475284338,0.4742632,0,0,0,false,false,0.303824633,0.04880003,0.0158070866,thorax,true,false,0.0052484707,1.46779222E-09,-9.636216E-15,-7.331967E-15,1,0,0,0,1,0.030800527,-2.56707062E-05,0.000833054539,0.9995252,0.0308005288,-2.56707081E-05,0.000833054539,0.9995252,0.030799659,-2.56699841E-05,0.0008330546,0.999525249,0.00355278421,0.0006274425,-0.00205821777,0.9999914,0.0548242,0.008286414,0.0545043536,0.100661084,1710,0.007406246,1,9.5,1.46778956E-09,-2.36301758E-16,-2.05572435E-16,1,0,0,0,1,0.030800527,-2.56707062E-05,0.000833054539,0.9995252,0.0308005288,-2.56707081E-05,0.000833054539,0.9995252,0.030799659,-2.56699841E-05,0.0008330546,0.999525249,0.002837203,0.000165964375,-0.00200042943,0.999994,0.05622421,0.006939784,0.05593478,0.102274276,1710,0.0058882,1,9.5,-2.96887914E-09,-6.20109729E-15,1.816118E-15,1,0,0,0,1,0,0,0,1,-2.96887914E-09,-6.20109729E-15,1.816118E-15,1,-2.96887914E-09,-6.20109729E-15,1.816118E-15,1,0.00192349218,5.502713E-05,-0.000156414608,0.999998152,0.003844731,0.003844731,-0.00384699274,0.004132688,2052,0.00151921972,1,6.83999968,-2.96887825E-09,-2.36928837E-15,1.75362544E-15,1,0,0,0,1,0,0,0,1,-2.96887825E-09,-2.36928837E-15,1.75362544E-15,1,-2.96887825E-09,-2.36928837E-15,1.75362544E-15,1,0.002708051,-2.03105407E-10,4.39014667E-12,0.9999964,0.005348855,0.005348855,-0.00541611342,0.00510540558,2052,0.00213110447,1,6.83999968,-6.988029E-10,-1.10073509E-15,3.8636455E-16,1,0,0,0,1,0,0,0.00041672503,0.99999994,-6.98802849E-10,2.90107917E-13,0.00041672503,0.99999994,-6.98802849E-10,2.90107917E-13,0.00041672503,0.99999994,0.000246088021,-5.961146E-06,0.00137010962,0.999999046,0,0,-0.000492182444,0.00246336521,2052,0,1,5.7,-6.988029E-10,-1.100604E-15,-7.35134336E-16,1,0,0,0,1,0,0,0.00041672503,0.99999994,-6.98802849E-10,2.90108053E-13,0.00041672503,0.99999994,-6.98802849E-10,2.90108053E-13,0.00041672503,0.99999994,0.000178682953,0.0001513332,0.0008101351,0.999999642,0,0,-0.000357241166,0.00383605668,2052,0,1,5.7,4.2001122E-10,2.060041E-15,3.64644878E-16,1,0.0301521979,0,0,0.999545336,0,0,0.000208362515,1,0.0301521979,-6.282588E-06,0.000208267782,0.999545336,0.0301521979,-6.282588E-06,0.000208267782,0.999545336,0.0228424184,-0.000131967943,0.00321424776,0.999734,0.0157768913,0.04613262,0.0146244233,0.0351630673,1482,0.0581691749,1,5.7,-5.074521E-09,-3.65132663E-16,-5.4125903E-16,1,0.0292097349,0,0,0.9995733,0,0,0.000208362515,1,0.02920973,-6.08621258E-06,0.0002082736,0.9995733,0.02920973,-6.08621258E-06,0.0002082736,0.9995733,0.0243982263,-2.709607E-05,-3.03028028E-05,0.9997024,0.009593214,0.048795145,0.009626466,0.0249734689,1482,0.0559151173,1,5.7
HOLD_0.00_FULL,HOLD,179,240,2.4,DESCENT,None,0,1.41740739,0.004997045,0.004997662,0.9790969,0.000469498336,0.00144899159,1.12169969,-0.0479527,-0.000238725333,0.000709115,-0.00105422374,-0.04830918,0.00136826769,-0.15471904,0.135280982,-0.179305151,0.179305136,true,8,true,true,0,0,0.00103792187,0.000422739,0.9767107,0.976219952,0.548049152,0.547444463,0.428661525,0.4287755,0.4287755,false,0.5134637,0.5123517,0,0,0,false,false,0.3042366,0.0488098,0.0158221629,thorax,true,false,0.00524061639,1.46779222E-09,-9.636216E-15,-7.331967E-15,1,0,0,0,1,0.0108051971,-8.9422565E-06,0.0008275399,0.9999413,0.0108051989,-8.942257E-06,0.0008275399,0.9999413,0.0208029766,-1.73065746E-05,0.0008303386,0.9997833,0.00347345555,0.000629404152,-0.00193071377,0.9999919,0.0157163274,0.008052946,0.0346629731,0.06586887,1710,0.007193582,1,9.5,1.46778956E-09,-2.36301758E-16,-2.05572435E-16,1,0,0,0,1,0.0108051971,-8.9422565E-06,0.0008275399,0.9999413,0.0108051989,-8.942257E-06,0.0008275399,0.9999413,0.0208029766,-1.73065746E-05,0.0008303386,0.9997833,0.002751621,0.000167985432,-0.0018786802,0.999994457,0.0169849414,0.00665927166,0.03610589,0.0674449,1710,0.00570972776,1,9.5,-2.96887914E-09,-6.20109729E-15,1.816118E-15,1,0,0,0,1,0,0,0,1,-2.96887914E-09,-6.20109729E-15,1.816118E-15,1,-2.96887914E-09,-6.20109729E-15,1.816118E-15,1,0.00198114128,5.45406256E-05,-0.000154426554,0.9999981,0.00390625047,0.00390625047,-0.003962291,0.00641749939,2052,0.00154352875,1,6.83999968,-2.96887825E-09,-2.36928837E-15,1.75362544E-15,1,0,0,0,1,0,0,0,1,-2.96887825E-09,-2.36928837E-15,1.75362544E-15,1,-2.96887825E-09,-2.36928837E-15,1.75362544E-15,1,0.00274438714,-2.902333E-10,3.02999542E-10,0.999996245,0.005480945,0.005480945,-0.00548878731,0.006759211,2052,0.00216575875,1,6.83999968,-6.988029E-10,-1.10073509E-15,3.8636455E-16,1,0,0,0,1,0,0,0.000413794158,0.99999994,-6.98802849E-10,2.88059832E-13,0.000413794158,0.99999994,-6.98802849E-10,2.88059832E-13,0.000413794158,0.99999994,0.000251666323,-1.02597751E-05,0.00135409716,0.9999991,0,0,-0.00050334254,0.00323559064,2052,0,1,5.7,-6.988029E-10,-1.100604E-15,-7.35134336E-16,1,0,0,0,1,0,0,0.000413794158,0.99999994,-6.98802849E-10,2.88059968E-13,0.000413794158,0.99999994,-6.98802849E-10,2.88059968E-13,0.000413794158,0.99999994,0.000212089173,0.000149463245,0.0007990296,0.9999997,0,0,-0.000424056023,0.00500325859,2052,0,1,5.7,4.2001122E-10,2.060041E-15,3.64644878E-16,1,0.0301521979,0,0,0.999545336,0,0,0.000206897079,1,0.0301521979,-6.23840151E-06,0.000206803015,0.999545336,0.0301521979,-6.23840151E-06,0.000206803015,0.999545336,0.0228216685,-0.000134395828,0.00319693121,0.999734461,0.0158221629,0.04609125,0.0146659343,0.0355626419,1482,0.0581159927,1,5.7,-5.074521E-09,-3.65132663E-16,-5.4125903E-16,1,0.0292097349,0,0,0.9995733,0,0,0.000206897079,1,0.02920973,-6.04340767E-06,0.000206808792,0.9995733,0.02920973,-6.04340767E-06,0.000206808792,0.9995733,0.024402665,-2.63221409E-05,-3.0317422E-05,0.9997022,0.009618035,0.0488098,0.009617583,0.0245992448,1482,0.05593191,1,5.7
HOLD_0.00_FULL,HOLD,180,241,2.41,DESCENT,None,0,1.41740763,0.006109901,0.00611267565,0.979120255,0.00557178259,0.001446562,1.12171257,-0.04796149,-0.000204612224,0.0041795224,-0.00119515962,-0.04836563,0.00137737289,-0.15471904,0.135280982,-0.179305151,0.179305136,true,8,true,true,0,0,0.00170265243,0.0008703008,0.976737857,0.976261,0.5480851,0.547486067,0.428652763,0.428774953,0.428774953,false,0.484204262,0.4831724,0,0,0,false,false,0.303824216,0.048795145,0.0157919955,thorax,true,false,0.0052484693,1.46779222E-09,-9.636216E-15,-7.331967E-15,1,0,0,0,1,0.030800527,-2.55913837E-05,0.000830480363,0.9995252,0.0308005288,-2.55913856E-05,0.000830480363,0.9995252,0.030799659,-2.55906652E-05,0.0008304804,0.999525249,0.00355990068,0.000615565164,-0.00206007,0.9999914,0.0548068,0.008286414,0.0544900969,0.100643866,1710,0.007406246,1,9.5,1.46778956E-09,-2.36301758E-16,-2.05572435E-16,1,0,0,0,1,0.030800527,-2.55913837E-05,0.000830480363,0.9995252,0.0308005288,-2.55913856E-05,0.000830480363,0.9995252,0.030799659,-2.55906652E-05,0.0008304804,0.999525249,0.002848756,0.00015707429,-0.002001935,0.999994,0.0561987571,0.006939784,0.05591165,0.10224098,1710,0.0058882,1,9.5,-2.96887914E-09,-6.20109729E-15,1.816118E-15,1,0,0,0,1,0,0,0,1,-2.96887914E-09,-6.20109729E-15,1.816118E-15,1,-2.96887914E-09,-6.20109729E-15,1.816118E-15,1,0.00192571618,5.39962239E-05,-0.0001562646,0.999998152,0.003844731,0.003844731,-0.00385144074,0.00413801428,2052,0.00151921972,1,6.83999968,-2.96887825E-09,-2.36928837E-15,1.75362544E-15,1,0,0,0,1,0,0,0,1,-2.96887825E-09,-2.36928837E-15,1.75362544E-15,1,-2.96887825E-09,-2.36928837E-15,1.75362544E-15,1,0.002707367,-2.05212056E-10,5.08369249E-11,0.9999964,0.005348855,0.005348855,-0.005414746,0.00510354945,2052,0.00211356417,1,6.83999968,-6.988029E-10,-1.10073509E-15,3.8636455E-16,1,0,0,0,1,0,0,0.000415437331,0.99999994,-6.98802849E-10,2.89208083E-13,0.000415437331,0.99999994,-6.98802849E-10,2.89208083E-13,0.000415437331,0.99999994,0.0002461445,-7.00287046E-06,0.00136935909,0.9999991,0,0,-0.0004922962,0.00246367231,2052,0,1,5.7,-6.988029E-10,-1.100604E-15,-7.35134336E-16,1,0,0,0,1,0,0,0.000415437331,0.99999994,-6.98802849E-10,2.89208219E-13,0.000415437331,0.99999994,-6.98802849E-10,2.89208219E-13,0.000415437331,0.99999994,0.000177184062,0.000146640028,0.000809685269,0.9999997,0,0,-0.000354247633,0.00382846268,2052,0,1,5.7,4.2001122E-10,2.060041E-15,3.64644878E-16,1,0.0301521979,0,0,0.999545336,0,0,0.000207718665,1,0.0301521979,-6.26317433E-06,0.000207624224,0.999545336,0.0301521979,-6.26317433E-06,0.000207624224,0.999545336,0.0228422433,-0.000128586573,0.00321384612,0.9997339,0.0158070866,0.0461377874,0.0146247735,0.03516799,1482,0.05816253,1,5.7,-5.074521E-09,-3.65132663E-16,-5.4125903E-16,1,0.0292097349,0,0,0.9995733,0,0,0.000207718665,1,0.02920973,-6.067406E-06,0.00020763003,0.9995733,0.02920973,-6.067406E-06,0.00020763003,0.9995733,0.0243984871,-2.58066884E-05,-3.10672331E-05,0.999702334,0.009618035,0.04880003,0.009625942,0.0249737985,1482,0.0559207164,1,5.7
HOLD_0.00_FULL,HOLD,181,242,2.42,DESCENT,None,0,1.41740656,0.004999347,0.005001935,0.9790973,0.000460900366,0.00144417537,1.1217,-0.0479710959,-0.00023347,0.0007035639,-0.000925005064,-0.0482838824,0.00136522856,-0.15471904,0.135280982,-0.179305151,0.179305136,true,8,true,true,0,0,0.001039755,0.000422151759,0.9767107,0.976220846,0.54804945,0.5474454,0.428661227,0.42877543,0.42877543,false,0.50461,0.5035172,0,0,0,false,false,0.3042378,0.0488098,0.0158221629,thorax,true,false,0.005240496,1.46779222E-09,-9.636216E-15,-7.331967E-15,1,0,0,0,1,0.0108051971,-8.916165E-06,0.0008251253,0.9999413,0.0108051989,-8.916166E-06,0.0008251253,0.9999413,0.0208029766,-1.72538676E-05,0.000827844138,0.9997833,0.00347983558,0.0006172126,-0.00193268771,0.999991953,0.0156859569,0.008023285,0.0346501879,0.06585469,1710,0.007229461,1,9.5,1.46778956E-09,-2.36301758E-16,-2.05572435E-16,1,0,0,0,1,0.0108051971,-8.916165E-06,0.0008251253,0.9999413,0.0108051989,-8.916166E-06,0.0008251253,0.9999413,0.0208029766,-1.72538676E-05,0.000827844138,0.9997833,0.00276247738,0.000158874231,-0.00188030535,0.9999944,0.0169708971,0.00669497857,0.03608416,0.06741524,1710,0.005754865,1,9.5,-2.96887914E-09,-6.20109729E-15,1.816118E-15,1,0,0,0,1,0,0,0,1,-2.96887914E-09,-6.20109729E-15,1.816118E-15,1,-2.96887914E-09,-6.20109729E-15,1.816118E-15,1,0.001983439,5.34802E-05,-0.000154277848,0.9999981,0.00390625047,0.00390625047,-0.00396688655,0.00642439025,2052,0.00154352875,1,6.83999968,-2.96887825E-09,-2.36928837E-15,1.75362544E-15,1,0,0,0,1,0,0,0,1,-2.96887825E-09,-2.36928837E-15,1.75362544E-15,1,-2.96887825E-09,-2.36928837E-15,1.75362544E-15,1,0.00274370634,-3.13949061E-10,2.907313E-10,0.999996245,0.005480945,0.005480945,-0.00548742572,0.006757752,2052,0.00216575875,1,6.83999968,-6.988029E-10,-1.10073509E-15,3.8636455E-16,1,0,0,0,1,0,0,0.000412586785,0.99999994,-6.98802849E-10,2.872161E-13,0.000412586785,0.99999994,-6.98802849E-10,2.872161E-13,0.000412586785,0.99999994,0.0002517252,-1.13496553E-05,0.00135338213,0.9999991,0,0,-0.000503461168,0.00323748845,2052,0,1,5.7,-6.988029E-10,-1.100604E-15,-7.35134336E-16,1,0,0,0,1,0,0,0.000412586785,0.99999994,-6.98802849E-10,2.87216241E-13,0.000412586785,0.99999994,-6.98802849E-10,2.87216241E-13,0.000412586785,0.99999994,0.000210592276,0.0001446047,0.0007985625,0.999999642,0,0,-0.0004210666,0.004997666,2052,0,1,5.7,4.2001122E-10,2.060041E-15,3.64644878E-16,1,0.0301521979,0,0,0.999545336,0,0,0.000206293393,1,0.0301521979,-6.22019934E-06,0.0002061996,0.999545336,0.0301521979,-6.22019934E-06,0.0002061996,0.999545336,0.0228212588,-0.000130885426,0.00319657032,0.999734461,0.0158221629,0.04609125,0.0146667548,0.03556681,1482,0.0581159927,1,5.7,-5.074521E-09,-3.65132663E-16,-5.4125903E-16,1,0.0292097349,0,0,0.9995733,0,0,0.000206293393,1,0.02920973,-6.025774E-06,0.000206205368,0.9995733,0.02920973,-6.025774E-06,0.000206205368,0.9995733,0.0244027842,-2.49858331E-05,-3.10295036E-05,0.9997023,0.009593214,0.0488049164,0.009617349,0.0246009,1482,0.05592631,1,5.7
HOLD_0.00_FULL,HOLD,182,243,2.43,DESCENT,None,0,1.4174068,0.00611142069,0.006111536,0.979120731,0.00556949526,0.001441807,1.121713,-0.0479786023,-0.000198545778,0.00417573,-0.00106702279,-0.0483394153,0.00137466926,-0.15471904,0.135280982,-0.179305151,0.179305136,true,8,true,true,0,0,0.00170363428,0.0008727755,0.976738,0.976262,0.5480853,0.5474871,0.4286527,0.4287749,0.4287749,false,0.493388683,0.49234587,0,0,0,false,false,0.303822368,0.04880003,0.0158070866,thorax,true,false,0.00524846744,1.46779222E-09,-9.636216E-15,-7.331967E-15,1,0,0,0,1,0.030800527,-2.5521751E-05,0.0008282207,0.9995252,0.0308005288,-2.55217528E-05,0.0008282207,0.9995252,0.030799659,-2.55210343E-05,0.0008282207,0.999525249,0.00356552633,0.0006031332,-0.0020620164,0.9999914,0.0547937453,0.008286414,0.05447882,0.100632794,1710,0.007406246,1,9.5,1.46778956E-09,-2.36301758E-16,-2.05572435E-16,1,0,0,0,1,0.030800527,-2.5521751E-05,0.0008282207,0.9995252,0.0308005288,-2.55217528E-05,0.0008282207,0.9995252,0.030799659,-2.55210343E-05,0.0008282207,0.999525249,0.002859007,0.000147893763,-0.00200352422,0.9999939,0.0561775379,0.006974055,0.0558911338,0.102213152,1710,0.005931979,1,9.5,-2.96887914E-09,-6.20109729E-15,1.816118E-15,1,0,0,0,1,0,0,0,1,-2.96887914E-09,-6.20109729E-15,1.816118E-15,1,-2.96887914E-09,-6.20109729E-15,1.816118E-15,1,0.001928118,5.291254E-05,-0.000156121721,0.9999982,0.00378221087,0.00378221087,-0.0038562445,0.0041441326,2052,0.00149451534,1,6.83999968,-2.96887825E-09,-2.36928837E-15,1.75362544E-15,1,0,0,0,1,0,0,0,1,-2.96887825E-09,-2.36928837E-15,1.75362544E-15,1,-2.96887825E-09,-2.36928837E-15,1.75362544E-15,1,0.00270667882,-1.877966E-10,-3.59655222E-11,0.999996364,0.00539324433,0.00539324433,-0.00541337,0.005101779,2052,0.00213110447,1,6.83999968,-6.988029E-10,-1.10073509E-15,3.8636455E-16,1,0,0,0,1,0,0,0.000414306967,0.99999994,-6.98802849E-10,2.884182E-13,0.000414306967,0.99999994,-6.98802849E-10,2.884182E-13,0.000414306967,0.99999994,0.000246240175,-8.138661E-06,0.00136865943,0.9999991,0,0,-0.000492488442,0.00246482738,2052,0,1,5.7,-6.988029E-10,-1.100604E-15,-7.35134336E-16,1,0,0,0,1,0,0,0.000414306967,0.99999994,-6.98802849E-10,2.884183E-13,0.000414306967,0.99999994,-6.98802849E-10,2.884183E-13,0.000414306967,0.99999994,0.000175683934,0.00014163641,0.000809337536,0.999999642,0,0,-0.0003512519,0.003821522,2052,0,1,5.7,4.2001122E-10,2.060041E-15,3.64644878E-16,1,0.0301521979,0,0,0.999545336,0,0,0.000207153484,1,0.0301521979,-6.24613267E-06,0.0002070593,0.999545336,0.0301521979,-6.24613267E-06,0.0002070593,0.999545336,0.0228416678,-0.000124960352,0.0032135488,0.999734,0.0157919955,0.04613262,0.0146259293,0.0351737961,1482,0.0581691749,1,5.7,-5.074521E-09,-3.65132663E-16,-5.4125903E-16,1,0.0292097349,0,0,0.9995733,0,0,0.000207153484,1,0.02920973,-6.05089735E-06,0.0002070651,0.9995733,0.02920973,-6.05089735E-06,0.0002070651,0.9995733,0.0243985634,-2.44260882E-05,-3.17470731E-05,0.9997024,0.009593214,0.048795145,0.0096257925,0.02497497,1482,0.0559151173,1,5.7
HOLD_0.00_FULL,HOLD,183,244,2.44,DESCENT,None,0,1.41740561,0.00499817729,0.005007819,0.979097843,0.0004569441,0.00143948942,1.12170053,-0.04798694,-0.000226575561,0.0006970979,-0.0007981057,-0.0482568145,0.00136287382,-0.15471904,0.135280982,-0.179305151,0.179305136,true,8,true,true,0,0,0.00104174041,0.000420844241,0.9767109,0.976222,0.5480496,0.5474466,0.4286613,0.42877537,0.42877537,false,0.495326519,0.494253784,0,0,0,false,false,0.304235756,0.0488049164,0.0158221629,thorax,true,false,0.00524049439,1.46779222E-09,-9.636216E-15,-7.331967E-15,1,0,0,0,1,0.0108051971,-8.893421E-06,0.0008230205,0.9999413,0.0108051989,-8.893422E-06,0.0008230205,0.9999413,0.0208029766,-1.7207678E-05,0.000825661758,0.9997833,0.00348476972,0.000604588946,-0.00193452393,0.9999919,0.0156859569,0.008052946,0.0346402973,0.06584423,1710,0.00726516172,1,9.5,1.46778956E-09,-2.36301758E-16,-2.05572435E-16,1,0,0,0,1,0.0108051971,-8.893421E-06,0.0008230205,0.9999413,0.0108051989,-8.893422E-06,0.0008230205,0.9999413,0.0208029766,-1.7207678E-05,0.000825661758,0.9997833,0.002772175,0.00014956489,-0.00188166869,0.999994457,0.0169286989,0.00665927166,0.0360647477,0.0673875138,1710,0.00570972776,1,9.5,-2.96887914E-09,-6.20109729E-15,1.816118E-15,1,0,0,0,1,0,0,0,1,-2.96887914E-09,-6.20109729E-15,1.816118E-15,1,-2.96887914E-09,-6.20109729E-15,1.816118E-15,1,0.001985904,5.23789349E-05,-0.00015412191,0.999998033,0.00396681624,0.00396681624,-0.003971817,0.00642965036,2052,0.00156746083,1,6.83999968,-2.96887825E-09,-2.36928837E-15,1.75362544E-15,1,0,0,0,1,0,0,0,1,-2.96887825E-09,-2.36928837E-15,1.75362544E-15,1,-2.96887825E-09,-2.36928837E-15,1.75362544E-15,1,0.00274297385,-1.92903735E-10,4.00453282E-10,0.999996245,0.005480945,0.005480945,-0.00548596075,0.00675558345,2052,0.00216575875,1,6.83999968,-6.988029E-10,-1.10073509E-15,3.8636455E-16,1,0,0,0,1,0,0,0.000411534333,0.99999994,-6.98802849E-10,2.86480664E-13,0.000411534333,0.99999994,-6.98802849E-10,2.86480664E-13,0.000411534333,0.99999994,0.0002518551,-1.2527008E-05,0.00135275291,0.9999991,0,0,-0.000503721938,0.00323817623,2052,0,1,5.7,-6.988029E-10,-1.100604E-15,-7.35134336E-16,1,0,0,0,1,0,0,0.000411534333,0.99999994,-6.98802849E-10,2.86480773E-13,0.000411534333,0.99999994,-6.98802849E-10,2.86480773E-13,0.000411534333,0.99999994,0.000209103571,0.000139469048,0.0007982644,0.9999997,0,0,-0.000418093725,0.004989422,2052,0,1,5.7,4.2001122E-10,2.060041E-15,3.64644878E-16,1,0.0301521979,0,0,0.999545336,0,0,0.000205767166,1,0.0301521979,-6.20433229E-06,0.000205673612,0.999545336,0.0301521979,-6.20433229E-06,0.000205673612,0.999545336,0.0228205975,-0.000127148291,0.00319633936,0.999734461,0.0158372242,0.04609125,0.01466808,0.0355734266,1482,0.0581159927,1,5.7,-5.074521E-09,-3.65132663E-16,-5.4125903E-16,1,0.0292097349,0,0,0.9995733,0,0,0.000205767166,1,0.02920973,-6.010403E-06,0.00020567936,0.9995733,0.02920973,-6.010403E-06,0.00020567936,0.9995733,0.0244028475,-2.35597818E-05,-3.16378246E-05,0.9997023,0.009593214,0.0488049164,0.00961722247,0.0246021673,1482,0.05592631,1,5.7
HOLD_0.00_FULL,HOLD,184,245,2.45,DESCENT,None,0,1.417406,0.00611523539,0.006116811,0.979121,0.00556270033,0.00143719849,1.1217134,-0.0479931831,-0.000190835373,0.004171765,-0.0009412242,-0.048311457,0.001372668,-0.15471904,0.135280982,-0.179305151,0.179305136,true,8,true,true,0,0,0.00170542812,0.0008740735,0.976738,0.9762628,0.548085332,0.547487855,0.428652644,0.428774953,0.428774953,false,0.502720058,0.501648664,0,0,0,false,false,0.303826451,0.048795145,0.0157919955,thorax,true,false,0.0052483473,1.46779222E-09,-9.636216E-15,-7.331967E-15,1,0,0,0,1,0.030800527,-2.546161E-05,0.000826269,0.9995252,0.0308005288,-2.54616116E-05,0.000826269,0.9995252,0.030799659,-2.54608931E-05,0.000826269,0.999525249,0.00356974755,0.0005902858,-0.00206390815,0.9999914,0.054785043,0.008286414,0.054470364,0.100626662,1710,0.007406246,1,9.5,1.46778956E-09,-2.36301758E-16,-2.05572435E-16,1,0,0,0,1,0.030800527,-2.546161E-05,0.000826269,0.9995252,0.0308005288,-2.54616116E-05,0.000826269,0.9995252,0.030799659,-2.54608931E-05,0.000826269,0.999525249,0.002868034,0.0001383766,-0.00200496917,0.9999939,0.056160558,0.006974055,0.0558730625,0.102190323,1710,0.005931979,1,9.5,-2.96887914E-09,-6.20109729E-15,1.816118E-15,1,0,0,0,1,0,0,0,1,-2.96887914E-09,-6.20109729E-15,1.816118E-15,1,-2.96887914E-09,-6.20109729E-15,1.816118E-15,1,0.00193063135,5.179403E-05,-0.0001559719,0.999998152,0.003844731,0.003844731,-0.003861271,0.00415071426,2052,0.00151921972,1,6.83999968,-2.96887825E-09,-2.36928837E-15,1.75362544E-15,1,0,0,0,1,0,0,0,1,-2.96887825E-09,-2.36928837E-15,1.75362544E-15,1,-2.96887825E-09,-2.36928837E-15,1.75362544E-15,1,0.00270595751,-2.23689609E-10,-1.70348055E-10,0.9999964,0.005348855,0.005348855,-0.00541192666,0.00510001229,2052,0.00211356417,1,6.83999968,-6.988029E-10,-1.10073509E-15,3.8636455E-16,1,0,0,0,1,0,0,0.00041333065,0.99999994,-6.98802849E-10,2.87735927E-13,0.00041333065,0.99999994,-6.98802849E-10,2.87735927E-13,0.00041333065,0.99999994,0.000246363546,-9.35082E-06,0.001368083,0.9999991,0,0,-0.000492736232,0.00246663,2052,0,1,5.7,-6.988029E-10,-1.100604E-15,-7.35134336E-16,1,0,0,0,1,0,0,0.00041333065,0.99999994,-6.98802849E-10,2.87736062E-13,0.00041333065,0.99999994,-6.98802849E-10,2.87736062E-13,0.00041333065,0.99999994,0.000174187124,0.000136373535,0.0008090182,0.999999642,0,0,-0.0003482629,0.00381544186,2052,0,1,5.7,4.2001122E-10,2.060041E-15,3.64644878E-16,1,0.0301521979,0,0,0.999545336,0,0,0.000206665325,1,0.0301521979,-6.231414E-06,0.000206571363,0.999545336,0.0301521979,-6.231414E-06,0.000206571363,0.999545336,0.0228408035,-0.000121116929,0.00321337418,0.9997339,0.0158070866,0.0461377874,0.014627655,0.03517898,1482,0.05816253,1,5.7,-5.074521E-09,-3.65132663E-16,-5.4125903E-16,1,0.0292097349,0,0,0.9995733,0,0,0.000206665325,1,0.02920973,-6.0366383E-06,0.00020657714,0.9995733,0.02920973,-6.0366383E-06,0.00020657714,0.9995733,0.0243984871,-2.29632769E-05,-3.22937121E-05,0.999702334,0.009618035,0.04880003,0.009625943,0.0249774866,1482,0.0559207164,1,5.7
HOLD_0.00_FULL,HOLD,185,246,2.46,DESCENT,None,0,1.41740489,0.005002469,0.00502401544,0.979098141,0.000456035137,0.00143496681,1.12170088,-0.04800027,-0.000218099551,0.000695369847,-0.0006732971,-0.04822794,0.00136121735,-0.15471904,0.135280982,-0.179305151,0.179305136,true,8,true,true,0,0,0.00104348024,0.00042012913,0.9767109,0.976222754,0.5480497,0.547447562,0.428661227,0.4287752,0.4287752,false,0.48577854,0.4847265,0,0,0,false,false,0.3042333,0.0488049164,0.0158372242,thorax,true,false,0.005240493,1.46779222E-09,-9.636216E-15,-7.331967E-15,1,0,0,0,1,0.0108051971,-8.874044E-06,0.0008212274,0.9999413,0.0108051989,-8.874045E-06,0.0008212274,0.9999413,0.0208029766,-1.71679185E-05,0.0008237893,0.9997833,0.00348832761,0.000591552642,-0.00193632592,0.999991953,0.0156555269,0.008023285,0.0346331559,0.0658383444,1710,0.007229461,1,9.5,1.46778956E-09,-2.36301758E-16,-2.05572435E-16,1,0,0,0,1,0.0108051971,-8.874044E-06,0.0008212274,0.9999413,0.0108051989,-8.874045E-06,0.0008212274,0.9999413,0.0208029766,-1.71679185E-05,0.0008237893,0.9997833,0.00278058881,0.000139943251,-0.0018830857,0.999994338,0.0169427767,0.006730496,0.03604791,0.06736556,1710,0.00579965068,1,9.5,-2.96887914E-09,-6.20109729E-15,1.816118E-15,1,0,0,0,1,0,0,0,1,-2.96887914E-09,-6.20109729E-15,1.816118E-15,1,-2.96887914E-09,-6.20109729E-15,1.816118E-15,1,0.00198845472,5.12419756E-05,-0.000153977162,0.999998033,0.00396681624,0.00396681624,-0.003976918,0.006435393,2052,0.00156746083,1,6.83999968,-2.96887825E-09,-2.36928837E-15,1.75362544E-15,1,0,0,0,1,0,0,0,1,-2.96887825E-09,-2.36928837E-15,1.75362544E-15,1,-2.96887825E-09,-2.36928837E-15,1.75362544E-15,1,0.002742257,-2.81112E-10,2.26482166E-10,0.999996245,0.005480945,0.005480945,-0.005484527,0.00675385166,2052,0.00216575875,1,6.83999968,-6.988029E-10,-1.10073509E-15,3.8636455E-16,1,0,0,0,1,0,0,0.0004106377,0.99999994,-6.98802849E-10,2.85854077E-13,0.0004106377,0.99999994,-6.98802849E-10,2.85854077E-13,0.0004106377,0.99999994,0.000252005731,-1.37720253E-05,0.00135221321,0.999999046,0,0,-0.000504024269,0.00324001862,2052,0,1,5.7,-6.988029E-10,-1.100604E-15,-7.35134336E-16,1,0,0,0,1,0,0,0.0004106377,0.99999994,-6.98802849E-10,2.858542E-13,0.0004106377,0.99999994,-6.98802849E-10,2.858542E-13,0.0004106377,0.99999994,0.000207616773,0.000134088274,0.0007980038,0.999999642,0,0,-0.000415124843,0.00498254225,2052,0,1,5.7,4.2001122E-10,2.060041E-15,3.64644878E-16,1,0.0301521979,0,0,0.999545336,0,0,0.000205318851,1,0.0301521979,-6.19081447E-06,0.0002052255,0.999545336,0.0301521979,-6.19081447E-06,0.0002052255,0.999545336,0.0228196234,-0.000123203441,0.00319622015,0.9997345,0.0158221629,0.04608608,0.0146700311,0.03557965,1482,0.0581093356,1,5.7,-5.074521E-09,-3.65132663E-16,-5.4125903E-16,1,0.0292097349,0,0,0.9995733,0,0,0.000205318851,1,0.02920973,-5.997308E-06,0.000205231234,0.9995733,0.02920973,-5.997308E-06,0.000205231234,0.9995733,0.0244027451,-2.20569254E-05,-3.21250263E-05,0.9997022,0.009618035,0.0488098,0.009617425,0.0246037524,1482,0.05593191,1,5.7
HOLD_0.00_FULL,HOLD,186,247,2.47,DESCENT,None,0,1.41740525,0.00611753,0.006124578,0.979121447,0.00556073338,0.00143276888,1.12171388,-0.0480052829,-0.000181838812,0.004167582,-0.000817635853,-0.0482817627,0.00137128052,-0.15471904,0.135280982,-0.179305151,0.179305136,true,8,true,true,0,0,0.00170677365,0.000876119768,0.9767381,0.9762635,0.5480856,0.547488749,0.428652525,0.428774774,0.428774774,false,0.51240164,0.5113187,0,0,0,false,false,0.303823441,0.04880003,0.0158070866,thorax,true,false,0.005248346,1.46779222E-09,-9.636216E-15,-7.331967E-15,1,0,0,0,1,0.030800527,-2.541138E-05,0.000824638933,0.9995252,0.0308005288,-2.5411382E-05,0.000824638933,0.9995252,0.030799659,-2.54106653E-05,0.000824638933,0.999525249,0.003572721,0.0005770952,-0.00206549861,0.999991357,0.054785043,0.008315136,0.0544643924,0.100623049,1710,0.00744109973,1,9.5,1.46778956E-09,-2.36301758E-16,-2.05572435E-16,1,0,0,0,1,0.030800527,-2.541138E-05,0.000824638933,0.9995252,0.0308005288,-2.5411382E-05,0.000824638933,0.9995252,0.030799659,-2.54106653E-05,0.000824638933,0.999525249,0.00287590269,0.000128724045,-0.0020063126,0.999993861,0.0561478175,0.007008158,0.0558573119,0.102170326,1710,0.00597543735,1,9.5,-2.96887914E-09,-6.20109729E-15,1.816118E-15,1,0,0,0,1,0,0,0,1,-2.96887914E-09,-6.20109729E-15,1.816118E-15,1,-2.96887914E-09,-6.20109729E-15,1.816118E-15,1,0.00193317828,5.064282E-05,-0.000155836373,0.9999982,0.00378221087,0.00378221087,-0.003866365,0.0041553895,2052,0.00149451534,1,6.83999968,-2.96887825E-09,-2.36928837E-15,1.75362544E-15,1,0,0,0,1,0,0,0,1,-2.96887825E-09,-2.36928837E-15,1.75362544E-15,1,-2.96887825E-09,-2.36928837E-15,1.75362544E-15,1,0.00270521059,-2.06604747E-10,-1.69470771E-10,0.9999964,0.005348855,0.005348855,-0.005410433,0.00509789772,2052,0.00211356417,1,6.83999968,-6.988029E-10,-1.10073509E-15,3.8636455E-16,1,0,0,0,1,0,0,0.000412515248,0.99999994,-6.98802849E-10,2.87166124E-13,0.000412515248,0.99999994,-6.98802849E-10,2.87166124E-13,0.000412515248,0.99999994,0.000246532436,-1.06238685E-05,0.00136752229,0.999999046,0,0,-0.000493075058,0.002467769,2052,0,1,5.7,-6.988029E-10,-1.100604E-15,-7.35134336E-16,1,0,0,0,1,0,0,0.000412515248,0.99999994,-6.98802849E-10,2.8716626E-13,0.000412515248,0.99999994,-6.98802849E-10,2.8716626E-13,0.000412515248,0.99999994,0.000172707892,0.000130896238,0.000808744458,0.999999642,0,0,-0.000345309178,0.00380793144,2052,0,1,5.7,4.2001122E-10,2.060041E-15,3.64644878E-16,1,0.0301521979,0,0,0.999545336,0,0,0.000206257624,1,0.0301521979,-6.21912068E-06,0.000206163852,0.999545336,0.0301521979,-6.21912068E-06,0.000206163852,0.999545336,0.0228398051,-0.000117092764,0.00321325,0.999734044,0.0157919955,0.0461274534,0.0146296592,0.0351856,1482,0.05816253,1,5.7,-5.074521E-09,-3.65132663E-16,-5.4125903E-16,1,0.0292097349,0,0,0.9995733,0,0,0.000206257624,1,0.02920973,-6.02472937E-06,0.000206169614,0.9995733,0.02920973,-6.02472937E-06,0.000206169614,0.9995733,0.0243983828,-2.14361426E-05,-3.27370726E-05,0.9997024,0.009593214,0.048795145,0.009626156,0.0249788743,1482,0.0559151173,1,5.7
HOLD_0.00_FULL,HOLD,187,248,2.48,DESCENT,None,0,1.41740417,0.00500639528,0.00504460838,0.979098439,0.000450633466,0.0014306308,1.12170124,-0.04801115,-0.000208646918,0.000690997462,-0.0005508559,-0.04819742,0.00136007776,-0.15471904,0.135280982,-0.179305151,0.179305136,true,8,true,true,0,0,0.00104440935,0.0004194164,0.9767109,0.97622335,0.5480498,0.547448158,0.4286611,0.4287752,0.4287752,false,0.476099461,0.475068361,0,0,0,false,false,0.30423528,0.0488098,0.0158221629,thorax,true,false,0.005240492,1.46779222E-09,-9.636216E-15,-7.331967E-15,1,0,0,0,1,0.0108051971,-8.858157E-06,0.0008197571,0.9999413,0.0108051989,-8.858158E-06,0.0008197571,0.9999413,0.0208029766,-1.713486E-05,0.000822239,0.9997833,0.00349066686,0.000578279141,-0.00193789171,0.9999919,0.01567075,0.008052946,0.0346284546,0.06583694,1710,0.00726516172,1,9.5,1.46778956E-09,-2.36301758E-16,-2.05572435E-16,1,0,0,0,1,0.0108051971,-8.858157E-06,0.0008197571,0.9999413,0.0108051989,-8.858158E-06,0.0008197571,0.9999413,0.0208029766,-1.713486E-05,0.000822239,0.9997833,0.00278784358,0.000130227665,-0.00188447174,0.999994338,0.0169286989,0.006730496,0.03603338,0.06734801,1710,0.00579965068,1,9.5,-2.96887914E-09,-6.20109729E-15,1.816118E-15,1,0,0,0,1,0,0,0,1,-2.96887914E-09,-6.20109729E-15,1.816118E-15,1,-2.96887914E-09,-6.20109729E-15,1.816118E-15,1,0.00199100934,5.008211E-05,-0.000153848057,0.9999981,0.00390625047,0.00390625047,-0.003982027,0.00644073775,2052,0.00154352875,1,6.83999968,-2.96887825E-09,-2.36928837E-15,1.75362544E-15,1,0,0,0,1,0,0,0,1,-2.96887825E-09,-2.36928837E-15,1.75362544E-15,1,-2.96887825E-09,-2.36928837E-15,1.75362544E-15,1,0.002741513,-2.06939049E-10,1.71840778E-10,0.999996245,0.005480945,0.005480945,-0.005483039,0.006751832,2052,0.00216575875,1,6.83999968,-6.988029E-10,-1.10073509E-15,3.8636455E-16,1,0,0,0,1,0,0,0.000409902539,0.99999994,-6.98802849E-10,2.85340355E-13,0.000409902539,0.99999994,-6.98802849E-10,2.85340355E-13,0.000409902539,0.99999994,0.0002521612,-1.50708629E-05,0.00135165663,0.9999991,0,0,-0.0005043362,0.00324214157,2052,0,1,5.7,-6.988029E-10,-1.100604E-15,-7.35134336E-16,1,0,0,0,1,0,0,0.000409902539,0.99999994,-6.98802849E-10,2.853405E-13,0.000409902539,0.99999994,-6.98802849E-10,2.853405E-13,0.000409902539,0.99999994,0.000206118537,0.000128523956,0.0007977111,0.999999642,0,0,-0.000412133144,0.004976246,2052,0,1,5.7,4.2001122E-10,2.060041E-15,3.64644878E-16,1,0.0301521979,0,0,0.999545336,0,0,0.00020495127,1,0.0301521979,-6.17973137E-06,0.000204858079,0.999545336,0.0301521979,-6.17973137E-06,0.000204858079,0.999545336,0.02281854,-0.000119101765,0.00319611677,0.9997346,0.0158221629,0.0460809059,0.014672203,0.03558505,1482,0.0581026822,1,5.7,-5.074521E-09,-3.65132663E-16,-5.4125903E-16,1,0.0292097349,0,0,0.9995733,0,0,0.00020495127,1,0.02920973,-5.986571E-06,0.000204863813,0.9995733,0.02920973,-5.986571E-06,0.000204863813,0.9995733,0.0244025979,-2.0503745E-05,-3.2521184E-05,0.9997023,0.009593214,0.0488049164,0.009617723,0.02460559,1482,0.05592631,1,5.7
HOLD_0.00_FULL,HOLD,188,249,2.49,DESCENT,None,0,1.41740453,0.00611887127,0.006135309,0.979121745,0.005555503,0.001428532,1.12171412,-0.0480149426,-0.000171971828,0.00416109571,-0.0006963818,-0.0482504219,0.00137038,-0.15471904,0.135280982,-0.179305151,0.179305136,true,8,true,true,0,0,0.00170802709,0.000877973856,0.976738155,0.9762643,0.5480857,0.5474896,0.428652465,0.4287747,0.4287747,false,0.522261441,0.521157563,0,0,0,false,false,0.3038244,0.048795145,0.0157919955,thorax,true,false,0.005248345,1.46779222E-09,-9.636216E-15,-7.331967E-15,1,0,0,0,1,0.030800527,-2.537008E-05,0.0008232987,0.9995252,0.0308005288,-2.53700819E-05,0.0008232987,0.9995252,0.030799659,-2.53693652E-05,0.000823298644,0.999525249,0.003574506,0.0005637369,-0.00206690072,0.999991357,0.0547806881,0.008315136,0.0544608,0.100623615,1710,0.00744109973,1,9.5,1.46778956E-09,-2.36301758E-16,-2.05572435E-16,1,0,0,0,1,0.030800527,-2.537008E-05,0.0008232987,0.9995252,0.0308005288,-2.53700819E-05,0.0008232987,0.9995252,0.030799659,-2.53693652E-05,0.000823298644,0.999525249,0.00288259843,0.000118967844,-0.00200758548,0.9999938,0.056135077,0.007042096,0.0558438972,0.102154464,1710,0.006018582,1,9.5,-2.96887914E-09,-6.20109729E-15,1.816118E-15,1,0,0,0,1,0,0,0,1,-2.96887914E-09,-6.20109729E-15,1.816118E-15,1,-2.96887914E-09,-6.20109729E-15,1.816118E-15,1,0.001935703,4.94745254E-05,-0.000155712682,0.9999981,0.00390625047,0.00390625047,-0.00387141481,0.0041596056,2052,0.00149451534,1,6.83999968,-2.96887825E-09,-2.36928837E-15,1.75362544E-15,1,0,0,0,1,0,0,0,1,-2.96887825E-09,-2.36928837E-15,1.75362544E-15,1,-2.96887825E-09,-2.36928837E-15,1.75362544E-15,1,0.00270445552,-1.78461718E-10,1.267321E-11,0.999996364,0.00539324433,0.00539324433,-0.00540892361,0.005095765,2052,0.00213110447,1,6.83999968,-6.988029E-10,-1.10073509E-15,3.8636455E-16,1,0,0,0,1,0,0,0.0004118448,0.99999994,-6.98802849E-10,2.866976E-13,0.0004118448,0.99999994,-6.98802849E-10,2.866976E-13,0.0004118448,0.99999994,0.000246696465,-1.19449578E-05,0.00136697467,0.999999046,0,0,-0.0004934042,0.00246929866,2052,0,1,5.7,-6.988029E-10,-1.100604E-15,-7.35134336E-16,1,0,0,0,1,0,0,0.0004118448,0.99999994,-6.98802849E-10,2.86697749E-13,0.0004118448,0.99999994,-6.98802849E-10,2.86697749E-13,0.0004118448,0.99999994,0.000171206848,0.000125257284,0.0008084624,0.999999642,0,0,-0.0003423119,0.00380083662,2052,0,1,5.7,4.2001122E-10,2.060041E-15,3.64644878E-16,1,0.0301521979,0,0,0.999545336,0,0,0.0002059224,1,0.0301521979,-6.209013E-06,0.000205828779,0.999545336,0.0301521979,-6.209013E-06,0.000205828779,0.999545336,0.0228387,-0.00011292316,0.00321315252,0.999734,0.0158070866,0.04613262,0.0146318655,0.03519171,1482,0.05815588,1,5.7,-5.074521E-09,-3.65132663E-16,-5.4125903E-16,1,0.0292097349,0,0,0.9995733,0,0,0.0002059224,1,0.02920973,-6.01493775E-06,0.000205834542,0.9995733,0.02920973,-6.01493775E-06,0.000205834542,0.9995733,0.0243982673,-1.9857378E-05,-3.30907824E-05,0.999702334,0.009618035,0.04880003,0.009626384,0.0249797758,1482,0.0559207164,1,5.7
HOLD_0.00_FULL,HOLD,189,250,2.5,DESCENT,None,0,1.41740358,0.005011402,0.005070842,0.9790986,0.000443957746,0.00142649782,1.12170124,-0.0480196,-0.00019843434,0.000686111,-0.000430519227,-0.0481651761,0.001359398,-0.15471904,0.135280982,-0.179305151,0.179305136,true,8,true,true,0,0,0.00104490772,0.000418723066,0.9767108,0.9762238,0.548049748,0.547448754,0.428661048,0.428775072,0.428775072,false,0.4661882,0.465178549,0,0,0,false,false,0.3042353,0.0488049164,0.0158221629,thorax,true,false,0.005240491,1.46779222E-09,-9.636216E-15,-7.331967E-15,1,0,0,0,1,0.0108051971,-8.844972E-06,0.000818536966,0.9999413,0.0108051989,-8.844973E-06,0.000818536966,0.9999413,0.0208029766,-1.71076172E-05,0.0008209587,0.9997833,0.003491831,0.000564821938,-0.00193934108,0.999991953,0.0156555269,0.008023285,0.0346261,0.06583983,1710,0.007229461,1,9.5,1.46778956E-09,-2.36301758E-16,-2.05572435E-16,1,0,0,0,1,0.0108051971,-8.844972E-06,0.000818536966,0.9999413,0.0108051989,-8.844973E-06,0.000818536966,0.9999413,0.0208029766,-1.71076172E-05,0.0008209587,0.9997833,0.00279393746,0.000120429679,-0.00188575359,0.999994338,0.0169005077,0.006730496,0.0360211767,0.06733497,1710,0.00579965068,1,9.5,-2.96887914E-09,-6.20109729E-15,1.816118E-15,1,0,0,0,1,0,0,0,1,-2.96887914E-09,-6.20109729E-15,1.816118E-15,1,-2.96887914E-09,-6.20109729E-15,1.816118E-15,1,0.00199353346,4.890462E-05,-0.0001537274,0.9999981,0.00390625047,0.00390625047,-0.0039870753,0.006446009,2052,0.00154352875,1,6.83999968,-2.96887825E-09,-2.36928837E-15,1.75362544E-15,1,0,0,0,1,0,0,0,1,-2.96887825E-09,-2.36928837E-15,1.75362544E-15,1,-2.96887825E-09,-2.36928837E-15,1.75362544E-15,1,0.002740751,-2.55293314E-10,3.65259017E-10,0.999996245,0.005480945,0.005480945,-0.005481515,0.00674964534,2052,0.00216575875,1,6.83999968,-6.988029E-10,-1.10073509E-15,3.8636455E-16,1,0,0,0,1,0,0,0.000409292436,0.99999994,-6.98802849E-10,2.84914019E-13,0.000409292436,0.99999994,-6.98802849E-10,2.84914019E-13,0.000409292436,0.99999994,0.000252306345,-1.641027E-05,0.00135111785,0.999999046,0,0,-0.0005046276,0.003244777,2052,0,1,5.7,-6.988029E-10,-1.100604E-15,-7.35134336E-16,1,0,0,0,1,0,0,0.000409292436,0.99999994,-6.98802849E-10,2.84914128E-13,0.000409292436,0.99999994,-6.98802849E-10,2.84914128E-13,0.000409292436,0.99999994,0.000204568685,0.000122821133,0.000797434244,0.999999642,0,0,-0.000409038272,0.00497045228,2052,0,1,5.7,4.2001122E-10,2.060041E-15,3.64644878E-16,1,0.0301521979,0,0,0.999545336,0,0,0.000204646218,1,0.0301521979,-6.170533E-06,0.000204553173,0.999545336,0.0301521979,-6.170533E-06,0.000204553173,0.999545336,0.0228173677,-0.000114867224,0.00319606322,0.9997346,0.0158221629,0.0460809059,0.0146745471,0.0355893821,1482,0.0581026822,1,5.7,-5.074521E-09,-3.65132663E-16,-5.4125903E-16,1,0.0292097349,0,0,0.9995733,0,0,0.000204646218,1,0.02920973,-5.97766075E-06,0.000204558892,0.9995733,0.02920973,-5.97766075E-06,0.000204558892,0.9995733,0.0244024117,-1.890458E-05,-3.28268179E-05,0.9997023,0.009593214,0.0488049164,0.009618096,0.024607474,1482,0.05592631,1,5.7
HOLD_0.00_FULL,HOLD,190,251,2.5100000000000002,DESCENT,None,0,1.41740394,0.006124951,0.00615456467,0.9791219,0.005552791,0.00142450654,1.12171423,-0.048022192,-0.000161421965,0.00415819231,-0.000576917955,-0.0482172742,0.00136992207,-0.15471904,0.135280982,-0.179305151,0.179305136,true,8,true,true,0,0,0.00170901034,0.0008798489,0.9767381,0.9762648,0.54808563,0.5474901,0.428652465,0.428774655,0.428774655,false,0.5323906,0.531256,0,0,0,false,false,0.303823471,0.04880003,0.0158221629,thorax,true,false,0.0052483445,1.46779222E-09,-9.636216E-15,-7.331967E-15,1,0,0,0,1,0.030800527,-2.53361286E-05,0.000822196947,0.9995252,0.0308005288,-2.533613E-05,0.000822196947,0.9995252,0.030799659,-2.53354137E-05,0.0008221969,0.999525249,0.003575059,0.0005502139,-0.002068369,0.9999913,0.0547806881,0.00834376,0.05445967,0.100628942,1710,0.007406246,1,9.5,1.46778956E-09,-2.36301758E-16,-2.05572435E-16,1,0,0,0,1,0.030800527,-2.53361286E-05,0.000822196947,0.9995252,0.0308005288,-2.533613E-05,0.000822196947,0.9995252,0.030799659,-2.53354137E-05,0.0008221969,0.999525249,0.00288813841,0.000109161505,-0.00200880342,0.9999938,0.0561223328,0.007042096,0.0558328,0.102143332,1710,0.006018582,1,9.5,-2.96887914E-09,-6.20109729E-15,1.816118E-15,1,0,0,0,1,0,0,0,1,-2.96887914E-09,-6.20109729E-15,1.816118E-15,1,-2.96887914E-09,-6.20109729E-15,1.816118E-15,1,0.00193823921,4.829018E-05,-0.000155590329,0.999998152,0.003844731,0.003844731,-0.00387648679,0.004164191,2052,0.00151921972,1,6.83999968,-2.96887825E-09,-2.36928837E-15,1.75362544E-15,1,0,0,0,1,0,0,0,1,-2.96887825E-09,-2.36928837E-15,1.75362544E-15,1,-2.96887825E-09,-2.36928837E-15,1.75362544E-15,1,0.00270367833,-2.40336751E-10,-9.795509E-11,0.9999964,0.005348855,0.005348855,-0.0054073683,0.00509337476,2052,0.00211356417,1,6.83999968,-6.988029E-10,-1.10073509E-15,3.8636455E-16,1,0,0,0,1,0,0,0.000411293673,0.99999994,-6.98802849E-10,2.86312478E-13,0.000411293673,0.99999994,-6.98802849E-10,2.86312478E-13,0.000411293673,0.99999994,0.0002468468,-1.330164E-05,0.00136648386,0.9999991,0,0,-0.0004937059,0.002471181,2052,0,1,5.7,-6.988029E-10,-1.100604E-15,-7.35134336E-16,1,0,0,0,1,0,0,0.000411293673,0.99999994,-6.98802849E-10,2.863126E-13,0.000411293673,0.99999994,-6.98802849E-10,2.863126E-13,0.000411293673,0.99999994,0.000169619729,0.000119501012,0.0008082302,0.9999997,0,0,-0.0003391425,0.00379403261,2052,0,1,5.7,4.2001122E-10,2.060041E-15,3.64644878E-16,1,0.0301521979,0,0,0.999545336,0,0,0.000205646837,1,0.0301521979,-6.20070432E-06,0.00020555334,0.999545336,0.0301521979,-6.20070432E-06,0.00020555334,0.999545336,0.0228375215,-0.0001086294,0.003213164,0.999734044,0.0158070866,0.0461274534,0.0146342283,0.0351967178,1482,0.05816253,1,5.7,-5.074521E-09,-3.65132663E-16,-5.4125903E-16,1,0.0292097349,0,0,0.9995733,0,0,0.000205646837,1,0.02920973,-6.00688827E-06,0.000205559088,0.9995733,0.02920973,-6.00688827E-06,0.000205559088,0.9995733,0.0243980736,-1.82357344E-05,-3.334483E-05,0.999702334,0.009642791,0.04880003,0.009626772,0.0249810647,1482,0.0559207164,1,5.7
HOLD_0.00_FULL,HOLD,191,252,2.52,DESCENT,None,0,1.417403,0.00501584262,0.00510098,0.979098856,0.000441379845,0.001422583,1.12170148,-0.04802567,-0.000187575482,0.0006819919,-0.000311994081,-0.04813117,0.00135915517,-0.15471904,0.135280982,-0.179305151,0.179305136,true,8,true,true,0,0,0.00104584894,0.000418040552,0.976710737,0.976224542,0.548049748,0.547449231,0.428661,0.4287753,0.4287753,false,0.455890268,0.454902917,0,0,0,false,false,0.304234475,0.0488049164,0.0158221629,thorax,true,false,0.00524049066,1.46779222E-09,-9.636216E-15,-7.331967E-15,1,0,0,0,1,0.0108051971,-8.834261E-06,0.000817545748,0.9999413,0.0108051989,-8.834262E-06,0.000817545748,0.9999413,0.0208029766,-1.70852854E-05,0.0008199122,0.9997833,0.00349184638,0.0005513122,-0.00194062234,0.9999919,0.01567075,0.008052946,0.0346260443,0.0658455342,1710,0.00726516172,1,9.5,1.46778956E-09,-2.36301758E-16,-2.05572435E-16,1,0,0,0,1,0.0108051971,-8.834261E-06,0.000817545748,0.9999413,0.0108051989,-8.834262E-06,0.000817545748,0.9999413,0.0208029766,-1.70852854E-05,0.0008199122,0.9997833,0.002798935,0.000110667985,-0.00188687269,0.999994338,0.0168863945,0.006730496,0.0360111669,0.06732495,1710,0.00579965068,1,9.5,-2.96887914E-09,-6.20109729E-15,1.816118E-15,1,0,0,0,1,0,0,0,1,-2.96887914E-09,-6.20109729E-15,1.816118E-15,1,-2.96887914E-09,-6.20109729E-15,1.816118E-15,1,0.00199602451,4.77218964E-05,-0.0001536085,0.999998033,0.00396681624,0.00396681624,-0.00399205741,0.00644958671,2052,0.00156746083,1,6.83999968,-2.96887825E-09,-2.36928837E-15,1.75362544E-15,1,0,0,0,1,0,0,0,1,-2.96887825E-09,-2.36928837E-15,1.75362544E-15,1,-2.96887825E-09,-2.36928837E-15,1.75362544E-15,1,0.002739959,-2.28625757E-10,2.80899332E-10,0.9999963,0.005437272,0.005437272,-0.00547993043,0.00674718665,2052,0.00214850157,1,6.83999968,-6.988029E-10,-1.10073509E-15,3.8636455E-16,1,0,0,0,1,0,0,0.0004087968,0.99999994,-6.98802849E-10,2.84567644E-13,0.0004087968,0.99999994,-6.98802849E-10,2.84567644E-13,0.0004087968,0.99999994,0.000252452854,-1.77785423E-05,0.00135063916,0.999999046,0,0,-0.0005049217,0.00324645056,2052,0,1,5.7,-6.988029E-10,-1.100604E-15,-7.35134336E-16,1,0,0,0,1,0,0,0.0004087968,0.99999994,-6.98802849E-10,2.84567779E-13,0.0004087968,0.99999994,-6.98802849E-10,2.84567779E-13,0.0004087968,0.99999994,0.000202975338,0.000117029827,0.000797207351,0.9999997,0,0,-0.000405856379,0.00496283825,2052,0,1,5.7,4.2001122E-10,2.060041E-15,3.64644878E-16,1,0.0301521979,0,0,0.999545336,0,0,0.0002043984,1,0.0301521979,-6.163061E-06,0.00020430547,0.999545336,0.0301521979,-6.163061E-06,0.00020430547,0.999545336,0.0228162017,-0.000110540423,0.003196096,0.9997346,0.0158372242,0.0460809059,0.014676882,0.03559446,1482,0.0581026822,1,5.7,-5.074521E-09,-3.65132663E-16,-5.4125903E-16,1,0.0292097349,0,0,0.9995733,0,0,0.0002043984,1,0.02920973,-5.970422E-06,0.000204311174,0.9995733,0.02920973,-5.970422E-06,0.000204311174,0.9995733,0.0244022571,-1.72781765E-05,-3.30352159E-05,0.9997023,0.009593214,0.0488049164,0.009618406,0.024608355,1482,0.05592631,1,5.7
HOLD_0.00_FULL,HOLD,192,253,2.5300000000000002,DESCENT,None,0,1.41740346,0.00613324344,0.006179709,0.979122,0.005548738,0.00142070337,1.12171435,-0.048027087,-0.000150200227,0.004156225,-0.00045913973,-0.0481823459,0.00136991346,-0.15471904,0.135280982,-0.179305151,0.179305136,true,8,true,true,0,0,0.00170973525,0.0008813035,0.976737738,0.9762652,0.548085332,0.547490537,0.4286524,0.428774655,0.428774655,false,0.5427426,0.541595459,0,0,0,false,false,0.303822279,0.04880003,0.0158070866,thorax,true,false,0.005248463,1.46779222E-09,-9.636216E-15,-7.331967E-15,1,0,0,0,1,0.030800527,-2.530905E-05,0.0008213181,0.9995252,0.0308005288,-2.53090511E-05,0.0008213181,0.9995252,0.030799659,-2.53083363E-05,0.00082131807,0.999525249,0.00357449357,0.000536731,-0.002069677,0.999991357,0.0547806881,0.008315136,0.05446078,0.100638315,1710,0.00744109973,1,9.5,1.46778956E-09,-2.36301758E-16,-2.05572435E-16,1,0,0,0,1,0.030800527,-2.530905E-05,0.0008213181,0.9995252,0.0308005288,-2.53090511E-05,0.0008213181,0.9995252,0.030799659,-2.53083363E-05,0.00082131807,0.999525249,0.00289255939,9.935122E-05,-0.0020099394,0.9999938,0.05611383,0.007042096,0.055823952,0.10213647,1710,0.006018582,1,9.5,-2.96887914E-09,-6.20109729E-15,1.816118E-15,1,0,0,0,1,0,0,0,1,-2.96887914E-09,-6.20109729E-15,1.816118E-15,1,-2.96887914E-09,-6.20109729E-15,1.816118E-15,1,0.00194071094,4.710972E-05,-0.000155472269,0.9999981,0.00390625047,0.00390625047,-0.00388143072,0.004168755,2052,0.00154352875,1,6.83999968,-2.96887825E-09,-2.36928837E-15,1.75362544E-15,1,0,0,0,1,0,0,0,1,-2.96887825E-09,-2.36928837E-15,1.75362544E-15,1,-2.96887825E-09,-2.36928837E-15,1.75362544E-15,1,0.002702868,-2.12555182E-10,1.29049008E-10,0.999996364,0.00539324433,0.00539324433,-0.00540574873,0.005090847,2052,0.00213110447,1,6.83999968,-6.988029E-10,-1.10073509E-15,3.8636455E-16,1,0,0,0,1,0,0,0.00041085406,0.99999994,-6.98802849E-10,2.86005269E-13,0.00041085406,0.99999994,-6.98802849E-10,2.86005269E-13,0.00041085406,0.99999994,0.000246958341,-1.46783032E-05,0.00136605313,0.9999991,0,0,-0.0004939302,0.00247321744,2052,0,1,5.7,-6.988029E-10,-1.100604E-15,-7.35134336E-16,1,0,0,0,1,0,0,0.00041085406,0.99999994,-6.98802849E-10,2.860054E-13,0.00041085406,0.99999994,-6.98802849E-10,2.860054E-13,0.00041085406,0.99999994,0.000167986291,0.000113673974,0.0008080404,0.999999642,0,0,-0.000335880555,0.00378790917,2052,0,1,5.7,4.2001122E-10,2.060041E-15,3.64644878E-16,1,0.0301521979,0,0,0.999545336,0,0,0.00020542703,1,0.0301521979,-6.19407638E-06,0.000205333636,0.999545336,0.0301521979,-6.19407638E-06,0.000205333636,0.999545336,0.0228363257,-0.000104259721,0.00321325986,0.999734044,0.0158221629,0.0461274534,0.0146366227,0.0352004953,1482,0.0581492335,1,5.7,-5.074521E-09,-3.65132663E-16,-5.4125903E-16,1,0.0292097349,0,0,0.9995733,0,0,0.00020542703,1,0.02920973,-6.000468E-06,0.000205339369,0.9995733,0.02920973,-6.000468E-06,0.000205339369,0.9995733,0.024397891,-1.65941219E-05,-3.3505552E-05,0.9997024,0.009618035,0.048795145,0.009627141,0.0249823723,1482,0.0559151173,1,5.7
HOLD_0.00_FULL,HOLD,193,254,2.54,DESCENT,None,0,1.41740251,0.00502475351,0.00513971364,0.9790989,0.0004407689,0.001418896,1.1217016,-0.048029393,-0.000176023954,0.000680914265,-0.000194907218,-0.0480953,0.00135937426,-0.15471904,0.135280982,-0.179305151,0.179305136,true,8,true,true,0,0,0.00104662124,0.000417335366,0.9767106,0.9762249,0.548049569,0.5474498,0.428661048,0.428775072,0.428775072,false,0.445299178,0.444342464,0,0,0,false,false,0.30423522,0.0488049164,0.0158372242,thorax,true,false,0.0052406094,1.46779222E-09,-9.636216E-15,-7.331967E-15,1,0,0,0,1,0.0108051971,-8.825947E-06,0.0008167763,0.9999413,0.0108051989,-8.825948E-06,0.0008167763,0.9999413,0.0208029766,-1.70675885E-05,0.0008190881,0.9997833,0.0034907565,0.0005378163,-0.00194183574,0.999991953,0.0156555269,0.008023285,0.0346282,0.06585472,1710,0.007229461,1,9.5,1.46778956E-09,-2.36301758E-16,-2.05572435E-16,1,0,0,0,1,0.0108051971,-8.825947E-06,0.0008167763,0.9999413,0.0108051989,-8.825948E-06,0.0008167763,0.9999413,0.0208029766,-1.70675885E-05,0.0008190881,0.9997833,0.002802824,0.00010087886,-0.00188788585,0.999994338,0.0168863945,0.006730496,0.03600337,0.0673185,1710,0.00579965068,1,9.5,-2.96887914E-09,-6.20109729E-15,1.816118E-15,1,0,0,0,1,0,0,0,1,-2.96887914E-09,-6.20109729E-15,1.816118E-15,1,-2.96887914E-09,-6.20109729E-15,1.816118E-15,1,0.00199845619,4.65401245E-05,-0.000153489047,0.9999981,0.00390625047,0.00390625047,-0.003996921,0.00645302329,2052,0.00156746083,1,6.83999968,-2.96887825E-09,-2.36928837E-15,1.75362544E-15,1,0,0,0,1,0,0,0,1,-2.96887825E-09,-2.36928837E-15,1.75362544E-15,1,-2.96887825E-09,-2.36928837E-15,1.75362544E-15,1,0.00273913,-2.0659463E-10,2.5380345E-10,0.999996245,0.005480945,0.005480945,-0.005478273,0.00674445834,2052,0.00216575875,1,6.83999968,-6.988029E-10,-1.10073509E-15,3.8636455E-16,1,0,0,0,1,0,0,0.000408412045,0.99999994,-6.98802849E-10,2.842988E-13,0.000408412045,0.99999994,-6.98802849E-10,2.842988E-13,0.000408412045,0.99999994,0.000252562924,-1.91606778E-05,0.00135024672,0.999999046,0,0,-0.000505142962,0.00324819121,2052,0,1,5.7,-6.988029E-10,-1.100604E-15,-7.35134336E-16,1,0,0,0,1,0,0,0.000408412045,0.99999994,-6.98802849E-10,2.84298924E-13,0.000408412045,0.99999994,-6.98802849E-10,2.84298924E-13,0.000408412045,0.99999994,0.0002013139,0.0001111764,0.0007970717,0.999999642,0,0,-0.000402538426,0.0049553467,2052,0,1,5.7,4.2001122E-10,2.060041E-15,3.64644878E-16,1,0.0301521979,0,0,0.999545336,0,0,0.000204206022,1,0.0301521979,-6.15726049E-06,0.000204113181,0.999545336,0.0301521979,-6.15726049E-06,0.000204113181,0.999545336,0.0228150748,-0.000106138308,0.00319624553,0.9997346,0.01585227,0.0460809059,0.0146791367,0.03559851,1482,0.0581026822,1,5.7,-5.074521E-09,-3.65132663E-16,-5.4125903E-16,1,0.0292097349,0,0,0.9995733,0,0,0.000204206022,1,0.02920973,-5.96480277E-06,0.000204118885,0.9995733,0.02920973,-5.96480277E-06,0.000204118885,0.9995733,0.0244021118,-1.562647E-05,-3.313821E-05,0.9997022,0.009642791,0.0488098,0.009618694,0.0246088225,1482,0.05592631,1,5.7
HOLD_0.00_FULL,HOLD,194,255,2.5500000000000003,DESCENT,None,0,1.4174031,0.006141916,0.00620877044,0.979122162,0.0055461973,0.00141713512,1.12171435,-0.04802965,-0.0001385525,0.00415358273,-0.000342792,-0.0481455661,0.00137028389,-0.15471904,0.135280982,-0.179305151,0.179305136,true,8,true,true,0,0,0.00171018369,0.0008828702,0.976737738,0.9762655,0.548085332,0.5474909,0.4286524,0.4287746,0.4287746,false,0.5534327,0.5522533,0,0,0,false,false,0.303824574,0.048795145,0.0158221629,thorax,true,false,0.00524846232,1.46779222E-09,-9.636216E-15,-7.331967E-15,1,0,0,0,1,0.030800527,-2.5288984E-05,0.000820667,0.9995252,0.0308005288,-2.52889859E-05,0.000820667,0.9995252,0.030799659,-2.528827E-05,0.000820666959,0.999525249,0.00357294874,0.0005233031,-0.00207068678,0.9999914,0.054776337,0.008286414,0.05446384,0.100649893,1710,0.007406246,1,9.5,1.46778956E-09,-2.36301758E-16,-2.05572435E-16,1,0,0,0,1,0.030800527,-2.5288984E-05,0.000820667,0.9995252,0.0308005288,-2.52889859E-05,0.000820667,0.9995252,0.030799659,-2.528827E-05,0.000820666959,0.999525249,0.00289591332,8.966456E-05,-0.00201094174,0.999993861,0.0561010875,0.007008158,0.0558172278,0.102133155,1710,0.00597543735,1,9.5,-2.96887914E-09,-6.20109729E-15,1.816118E-15,1,0,0,0,1,0,0,0,1,-2.96887914E-09,-6.20109729E-15,1.816118E-15,1,-2.96887914E-09,-6.20109729E-15,1.816118E-15,1,0.00194304227,4.593464E-05,-0.000155367758,0.9999981,0.00390625047,0.00390625047,-0.00388609339,0.004171685,2052,0.00154352875,1,6.83999968,-2.96887825E-09,-2.36928837E-15,1.75362544E-15,1,0,0,0,1,0,0,0,1,-2.96887825E-09,-2.36928837E-15,1.75362544E-15,1,-2.96887825E-09,-2.36928837E-15,1.75362544E-15,1,0.00270202779,-2.02809075E-10,2.36931252E-10,0.9999964,0.005348855,0.005348855,-0.005404067,0.00508806948,2052,0.00211356417,1,6.83999968,-6.988029E-10,-1.10073509E-15,3.8636455E-16,1,0,0,0,1,0,0,0.00041052833,0.99999994,-6.98802849E-10,2.85777641E-13,0.00041052833,0.99999994,-6.98802849E-10,2.85777641E-13,0.00041052833,0.99999994,0.000247051968,-1.60595173E-05,0.00136562635,0.9999991,0,0,-0.000494118547,0.00247482047,2052,0,1,5.7,-6.988029E-10,-1.100604E-15,-7.35134336E-16,1,0,0,0,1,0,0,0.00041052833,0.99999994,-6.98802849E-10,2.85777776E-13,0.00041052833,0.99999994,-6.98802849E-10,2.85777776E-13,0.00041052833,0.99999994,0.000166308513,0.000107814929,0.0008078605,0.999999642,0,0,-0.0003325299,0.00378115848,2052,0,1,5.7,4.2001122E-10,2.060041E-15,3.64644878E-16,1,0.0301521979,0,0,0.999545336,0,0,0.000205264165,1,0.0301521979,-6.18916556E-06,0.000205170843,0.999545336,0.0301521979,-6.18916556E-06,0.000205170843,0.999545336,0.0228352584,-9.984437E-05,0.00321337348,0.999734044,0.0158221629,0.0461274534,0.0146387583,0.0352036729,1482,0.0581492335,1,5.7,-5.074521E-09,-3.65132663E-16,-5.4125903E-16,1,0.0292097349,0,0,0.9995733,0,0,0.000205264165,1,0.02920973,-5.99571058E-06,0.000205176577,0.9995733,0.02920973,-5.99571058E-06,0.000205176577,0.9995733,0.0243977755,-1.49482212E-05,-3.35919431E-05,0.9997024,0.009618035,0.048795145,0.009627373,0.0249827821,1482,0.0559151173,1,5.7
HOLD_0.00_FULL,HOLD,195,256,2.56,DESCENT,None,0,1.41740227,0.00503306836,0.00518184947,0.979099035,0.000436387956,0.00141544617,1.1217016,-0.0480307937,-0.000164287747,0.000677587348,-7.932072E-05,-0.0480576158,0.00135989289,-0.15471904,0.135280982,-0.179305151,0.179305136,true,8,true,true,0,0,0.00104714325,0.000416854338,0.976710439,0.976225138,0.54804945,0.547450066,0.428661,0.428775072,0.428775072,false,0.4345024,0.433561355,0,0,0,false,false,0.304232657,0.0488098,0.01585227,thorax,true,false,0.005240609,1.46779222E-09,-9.636216E-15,-7.331967E-15,1,0,0,0,1,0.0108051971,-8.820161E-06,0.0008162409,0.9999413,0.0108051989,-8.820162E-06,0.0008162409,0.9999413,0.0208029766,-1.70546609E-05,0.000818494766,0.9997833,0.00348872924,0.000524455041,-0.00194280571,0.9999919,0.01567075,0.008052946,0.03463224,0.06586767,1710,0.00726516172,1,9.5,1.46778956E-09,-2.36301758E-16,-2.05572435E-16,1,0,0,0,1,0.0108051971,-8.820161E-06,0.0008162409,0.9999413,0.0108051989,-8.820162E-06,0.0008162409,0.9999413,0.0208029766,-1.70546609E-05,0.000818494766,0.9997833,0.002805635,9.12946052E-05,-0.0018888351,0.9999943,0.0168863945,0.00676582661,0.0359977335,0.06731704,1710,0.005844093,1,9.5,-2.96887914E-09,-6.20109729E-15,1.816118E-15,1,0,0,0,1,0,0,0,1,-2.96887914E-09,-6.20109729E-15,1.816118E-15,1,-2.96887914E-09,-6.20109729E-15,1.816118E-15,1,0.002000724,4.5368226E-05,-0.000153386514,0.999998,0.004026471,0.004026471,-0.004001457,0.006456236,2052,0.00159103319,1,6.83999968,-2.96887825E-09,-2.36928837E-15,1.75362544E-15,1,0,0,0,1,0,0,0,1,-2.96887825E-09,-2.36928837E-15,1.75362544E-15,1,-2.96887825E-09,-2.36928837E-15,1.75362544E-15,1,0.00273828255,-2.19144147E-10,2.89828467E-10,0.999996245,0.005480945,0.005480945,-0.005476578,0.006741741,2052,0.00216575875,1,6.83999968,-6.988029E-10,-1.10073509E-15,3.8636455E-16,1,0,0,0,1,0,0,0.000408144318,0.99999994,-6.98802849E-10,2.841117E-13,0.000408144318,0.99999994,-6.98802849E-10,2.841117E-13,0.000408144318,0.99999994,0.0002526299,-2.054246E-05,0.00134983135,0.9999991,0,0,-0.000505278,0.00325031276,2052,0,1,5.7,-6.988029E-10,-1.100604E-15,-7.35134336E-16,1,0,0,0,1,0,0,0.000408144318,0.99999994,-6.98802849E-10,2.84111818E-13,0.000408144318,0.99999994,-6.98802849E-10,2.84111818E-13,0.000408144318,0.99999994,0.000199612972,0.000105323626,0.000796894135,0.9999997,0,0,-0.00039914134,0.00494882,2052,0,1,5.7,4.2001122E-10,2.060041E-15,3.64644878E-16,1,0.0301521979,0,0,0.999545336,0,0,0.000204072159,1,0.0301521979,-6.153224E-06,0.000203979376,0.999545336,0.0301521979,-6.153224E-06,0.000203979376,0.999545336,0.0228140485,-0.000101709928,0.003196353,0.9997347,0.0158221629,0.0460705534,0.0146811949,0.035600584,1482,0.0581026822,1,5.7,-5.074521E-09,-3.65132663E-16,-5.4125903E-16,1,0.0292097349,0,0,0.9995733,0,0,0.000204072159,1,0.02920973,-5.96089239E-06,0.000203985081,0.9995733,0.02920973,-5.96089239E-06,0.000203985081,0.9995733,0.0244020056,-1.39797694E-05,-3.320621E-05,0.9997022,0.009642791,0.0488098,0.009618906,0.0246091262,1482,0.05592631,1,5.7
HOLD_0.00_FULL,HOLD,196,257,2.57,DESCENT,None,0,1.41740286,0.00614913553,0.00623994227,0.979122162,0.0055423826,0.00141380425,1.12171447,-0.0480299033,-0.000126680359,0.00414989,-0.00022798279,-0.0481069945,0.0013709676,-0.15471904,0.135280982,-0.179305151,0.179305136,true,8,true,true,0,0,0.00171059417,0.000884348236,0.976737559,0.9762658,0.5480852,0.5474912,0.428652346,0.4287746,0.4287746,false,0.564379334,0.5631865,0,0,0,false,false,0.303822845,0.048795145,0.0158221629,thorax,true,false,0.00524858152,1.46779222E-09,-9.636216E-15,-7.331967E-15,1,0,0,0,1,0.030800527,-2.52750833E-05,0.0008202159,0.9995252,0.0308005288,-2.52750851E-05,0.0008202159,0.9995252,0.030799659,-2.52743685E-05,0.0008202158,0.999525249,0.00357040833,0.000510014,-0.00207161345,0.999991357,0.0547893941,0.008315136,0.0544689,0.100665726,1710,0.00744109973,1,9.5,1.46778956E-09,-2.36301758E-16,-2.05572435E-16,1,0,0,0,1,0.030800527,-2.52750833E-05,0.0008202159,0.9995252,0.0308005288,-2.52750851E-05,0.0008202159,0.9995252,0.030799659,-2.52743685E-05,0.0008202158,0.999525249,0.00289817783,8.016758E-05,-0.00201180461,0.999993861,0.0560968332,0.007008158,0.05581268,0.102133878,1710,0.00597543735,1,9.5,-2.96887914E-09,-6.20109729E-15,1.816118E-15,1,0,0,0,1,0,0,0,1,-2.96887914E-09,-6.20109729E-15,1.816118E-15,1,-2.96887914E-09,-6.20109729E-15,1.816118E-15,1,0.0019452658,4.47680322E-05,-0.000155263144,0.999998152,0.003844731,0.003844731,-0.00389054,0.0041743936,2052,0.00151921972,1,6.83999968,-2.96887825E-09,-2.36928837E-15,1.75362544E-15,1,0,0,0,1,0,0,0,1,-2.96887825E-09,-2.36928837E-15,1.75362544E-15,1,-2.96887825E-09,-2.36928837E-15,1.75362544E-15,1,0.00270117237,-2.22669175E-10,2.42325222E-11,0.999996364,0.00539324433,0.00539324433,-0.00540235732,0.00508526247,2052,0.00213110447,1,6.83999968,-6.988029E-10,-1.10073509E-15,3.8636455E-16,1,0,0,0,1,0,0,0.0004103027,0.99999994,-6.98802849E-10,2.85619971E-13,0.0004103027,0.99999994,-6.98802849E-10,2.85619971E-13,0.0004103027,0.99999994,0.000247098971,-1.74419874E-05,0.00136524008,0.9999991,0,0,-0.000494213658,0.002476435,2052,0,1,5.7,-6.988029E-10,-1.100604E-15,-7.35134336E-16,1,0,0,0,1,0,0,0.0004103027,0.99999994,-6.98802849E-10,2.856201E-13,0.0004103027,0.99999994,-6.98802849E-10,2.856201E-13,0.0004103027,0.99999994,0.000164590645,0.000101977079,0.000807711,0.999999642,0,0,-0.000329098984,0.00377442478,2052,0,1,5.7,4.2001122E-10,2.060041E-15,3.64644878E-16,1,0.0301521979,0,0,0.999545336,0,0,0.000205151344,1,0.0301521979,-6.185764E-06,0.000205058066,0.999545336,0.0301521979,-6.185764E-06,0.000205058066,0.999545336,0.0228342917,-9.541391E-05,0.00321350829,0.999734163,0.0158070866,0.046117112,0.0146406973,0.0352059342,1482,0.0581492335,1,5.7,-5.074521E-09,-3.65132663E-16,-5.4125903E-16,1,0.0292097349,0,0,0.9995733,0,0,0.000205151344,1,0.02920973,-5.992415E-06,0.0002050638,0.9995733,0.02920973,-5.992415E-06,0.0002050638,0.9995733,0.024397701,-1.3303671E-05,-3.36203157E-05,0.9997024,0.009618035,0.048795145,0.009627523,0.024982756,1482,0.0559151173,1,5.7
HOLD_0.00_FULL,HOLD,197,258,2.58,DESCENT,None,0,1.41740215,0.00504201651,0.00522853,0.979099,0.000433512032,0.00141223765,1.12170148,-0.0480299033,-0.000152346431,0.00067524286,3.495953E-05,-0.048018083,0.00136072235,-0.15471904,0.135280982,-0.179305151,0.179305136,true,8,true,true,0,0,0.00104689947,0.0004164751,0.9767102,0.9762253,0.5480492,0.547450244,0.428661,0.428775072,0.428775072,false,0.423384637,0.422467679,0,0,0,false,false,0.304234564,0.0488098,0.0158221629,thorax,true,false,0.005240609,1.46779222E-09,-9.636216E-15,-7.331967E-15,1,0,0,0,1,0.0108051971,-8.816181E-06,0.000815872569,0.9999413,0.0108051989,-8.816182E-06,0.000815872569,0.9999413,0.0208029766,-1.70457224E-05,0.000818085,0.9997833,0.00348566938,0.000511303544,-0.00194370456,0.9999919,0.0156859569,0.008052946,0.0346383341,0.0658841059,1710,0.00726516172,1,9.5,1.46778956E-09,-2.36301758E-16,-2.05572435E-16,1,0,0,0,1,0.0108051971,-8.816181E-06,0.000815872569,0.9999413,0.0108051989,-8.816182E-06,0.000815872569,0.9999413,0.0208029766,-1.70457224E-05,0.000818085,0.9997833,0.002807334,8.18661647E-05,-0.00188973511,0.999994338,0.01687227,0.006730496,0.03599432,0.06731956,1710,0.00579965068,1,9.5,-2.96887914E-09,-6.20109729E-15,1.816118E-15,1,0,0,0,1,0,0,0,1,-2.96887914E-09,-6.20109729E-15,1.816118E-15,1,-2.96887914E-09,-6.20109729E-15,1.816118E-15,1,0.002002888,4.421423E-05,-0.000153289453,0.999998,0.004026471,0.004026471,-0.00400578463,0.00645872252,2052,0.00159103319,1,6.83999968,-2.96887825E-09,-2.36928837E-15,1.75362544E-15,1,0,0,0,1,0,0,0,1,-2.96887825E-09,-2.36928837E-15,1.75362544E-15,1,-2.96887825E-09,-2.36928837E-15,1.75362544E-15,1,0.00273741246,-2.58265215E-10,2.52463633E-10,0.999996245,0.005480945,0.005480945,-0.005474838,0.00673886668,2052,0.00216575875,1,6.83999968,-6.988029E-10,-1.10073509E-15,3.8636455E-16,1,0,0,0,1,0,0,0.000407960149,0.99999994,-6.98802849E-10,2.83983015E-13,0.000407960149,0.99999994,-6.98802849E-10,2.83983015E-13,0.000407960149,0.99999994,0.000252651778,-2.19204157E-05,0.00134945079,0.999999046,0,0,-0.00050532294,0.00325231766,2052,0,1,5.7,-6.988029E-10,-1.100604E-15,-7.35134336E-16,1,0,0,0,1,0,0,0.000407960149,0.99999994,-6.98802849E-10,2.83983123E-13,0.000407960149,0.99999994,-6.98802849E-10,2.83983123E-13,0.000407960149,0.99999994,0.000197863061,9.95068258E-05,0.0007967445,0.9999997,0,0,-0.000395646319,0.004942058,2052,0,1,5.7,4.2001122E-10,2.060041E-15,3.64644878E-16,1,0.0301521979,0,0,0.999545336,0,0,0.000203980075,1,0.0301521979,-6.15044746E-06,0.000203887335,0.999545336,0.0301521979,-6.15044746E-06,0.000203887335,0.999545336,0.0228131153,-9.72888956E-05,0.003196527,0.9997347,0.0158372242,0.0460705534,0.0146830641,0.0356023163,1482,0.05808937,1,5.7,-5.074521E-09,-3.65132663E-16,-5.4125903E-16,1,0.0292097349,0,0,0.9995733,0,0,0.000203980075,1,0.02920973,-5.95820256E-06,0.00020389304,0.9995733,0.02920973,-5.95820256E-06,0.00020389304,0.9995733,0.02440194,-1.2346376E-05,-3.31804622E-05,0.9997023,0.009618035,0.0488049164,0.00961904,0.0246093348,1482,0.05592631,1,5.7
HOLD_0.00_FULL,HOLD,198,259,2.59,DESCENT,None,0,1.41740286,0.00615922362,0.00627720961,0.9791221,0.00554095954,0.00141071563,1.12171435,-0.0480278768,-0.000114692994,0.004149118,-0.00011405722,-0.0480664447,0.00137193245,-0.15471904,0.135280982,-0.179305151,0.179305136,true,8,true,true,0,0,0.001710558,0.000885692658,0.976737261,0.9762659,0.548084855,0.5474913,0.4286524,0.4287746,0.4287746,false,0.575662732,0.5744359,0,0,0,false,false,0.303821832,0.048795145,0.0158070866,thorax,true,false,0.005248581,1.46779222E-09,-9.636216E-15,-7.331967E-15,1,0,0,0,1,0.030800527,-2.526651E-05,0.0008199377,0.9995252,0.0308005288,-2.52665122E-05,0.0008199377,0.9995252,0.030799659,-2.52657974E-05,0.000819937559,0.999525249,0.00356687233,0.000497010653,-0.0020724698,0.9999914,0.0547893941,0.008286414,0.0544759519,0.100684926,1710,0.007406246,1,9.5,1.46778956E-09,-2.36301758E-16,-2.05572435E-16,1,0,0,0,1,0.030800527,-2.526651E-05,0.0008199377,0.9995252,0.0308005288,-2.52665122E-05,0.0008199377,0.9995252,0.030799659,-2.52657974E-05,0.000819937559,0.999525249,0.00289934874,7.089346E-05,-0.00201263232,0.999993742,0.0561010875,0.00707587134,0.0558103174,0.10213872,1710,0.00606141938,1,9.5,-2.96887914E-09,-6.20109729E-15,1.816118E-15,1,0,0,0,1,0,0,0,1,-2.96887914E-09,-6.20109729E-15,1.816118E-15,1,-2.96887914E-09,-6.20109729E-15,1.816118E-15,1,0.00194736279,4.36271475E-05,-0.000155168367,0.9999981,0.00390625047,0.00390625047,-0.003894734,0.004176733,2052,0.00154352875,1,6.83999968,-2.96887825E-09,-2.36928837E-15,1.75362544E-15,1,0,0,0,1,0,0,0,1,-2.96887825E-09,-2.36928837E-15,1.75362544E-15,1,-2.96887825E-09,-2.36928837E-15,1.75362544E-15,1,0.00270028738,-2.06418521E-10,-1.11465885E-10,0.999996364,0.00539324433,0.00539324433,-0.00540058734,0.005082196,2052,0.00213110447,1,6.83999968,-6.988029E-10,-1.10073509E-15,3.8636455E-16,1,0,0,0,1,0,0,0.0004101635,0.99999994,-6.98802849E-10,2.85522718E-13,0.0004101635,0.99999994,-6.98802849E-10,2.85522718E-13,0.0004101635,0.99999994,0.0002470982,-1.88104277E-05,0.00136488664,0.999999046,0,0,-0.0004942133,0.00247811177,2052,0,1,5.7,-6.988029E-10,-1.100604E-15,-7.35134336E-16,1,0,0,0,1,0,0,0.0004101635,0.99999994,-6.98802849E-10,2.85522853E-13,0.0004101635,0.99999994,-6.98802849E-10,2.85522853E-13,0.0004101635,0.99999994,0.000162810466,9.61983751E-05,0.0008075902,0.9999997,0,0,-0.000325543369,0.0037681656,2052,0,1,5.7,4.2001122E-10,2.060041E-15,3.64644878E-16,1,0.0301521979,0,0,0.999545336,0,0,0.000205081757,1,0.0301521979,-6.183666E-06,0.000204988508,0.999545336,0.0301521979,-6.183666E-06,0.000204988508,0.999545336,0.0228334144,-9.100708E-05,0.003213725,0.9997341,0.0158221629,0.0461222827,0.01464245,0.0352074057,1482,0.0581425838,1,5.7,-5.074521E-09,-3.65132663E-16,-5.4125903E-16,1,0.0292097349,0,0,0.9995733,0,0,0.000205081757,1,0.02920973,-5.99038276E-06,0.000204994241,0.9995733,0.02920973,-5.99038276E-06,0.000204994241,0.9995733,0.02439765,-1.16818837E-05,-3.355366E-05,0.9997024,0.009618035,0.048795145,0.00962762348,0.024982594,1482,0.0559151173,1,5.7
HOLD_0.00_FULL,HOLD,199,260,2.6,DESCENT,None,0,1.41740227,0.00505115837,0.005279023,0.979099,0.000432662666,0.00140926871,1.12170148,-0.0480267368,-0.000140419652,0.000674045936,0.000148401276,-0.0479765572,0.00136178639,-0.15471904,0.135280982,-0.179305151,0.179305136,true,8,true,true,0,0,0.001047262,0.000416068244,0.976709962,0.9762255,0.548049,0.5474504,0.428661,0.428775072,0.428775072,false,0.4118657,0.410973728,0,0,0,false,false,0.304233581,0.0488049164,0.0158372242,thorax,true,false,0.00524048926,1.46779222E-09,-9.636216E-15,-7.331967E-15,1,0,0,0,1,0.0108051971,-8.814063E-06,0.0008156765,0.9999413,0.0108051989,-8.814064E-06,0.0008156765,0.9999413,0.0208029766,-1.70403764E-05,0.000817847846,0.9997833,0.0034816796,0.0004985018,-0.00194447173,0.999991953,0.0156859569,0.008023285,0.034646295,0.06590417,1710,0.007229461,1,9.5,1.46778956E-09,-2.36301758E-16,-2.05572435E-16,1,0,0,0,1,0.0108051971,-8.814063E-06,0.0008156765,0.9999413,0.0108051989,-8.814064E-06,0.0008156765,0.9999413,0.0208029766,-1.70403764E-05,0.000817847846,0.9997833,0.00280798413,7.276866E-05,-0.00189048727,0.9999943,0.0168863945,0.00676582661,0.0359930024,0.0673256442,1710,0.005844093,1,9.5,-2.96887914E-09,-6.20109729E-15,1.816118E-15,1,0,0,0,1,0,0,0,1,-2.96887914E-09,-6.20109729E-15,1.816118E-15,1,-2.96887914E-09,-6.20109729E-15,1.816118E-15,1,0.00200489257,4.3089698E-05,-0.000153199013,0.999998,0.004026471,0.004026471,-0.004009794,0.00646034535,2052,0.00159103319,1,6.83999968,-2.96887825E-09,-2.36928837E-15,1.75362544E-15,1,0,0,0,1,0,0,0,1,-2.96887825E-09,-2.36928837E-15,1.75362544E-15,1,-2.96887825E-09,-2.36928837E-15,1.75362544E-15,1,0.00273650885,-2.51354243E-10,1.81366533E-10,0.9999963,0.005437272,0.005437272,-0.00547303027,0.006735697,2052,0.00214850157,1,6.83999968,-6.988029E-10,-1.10073509E-15,3.8636455E-16,1,0,0,0,1,0,0,0.000407862128,0.99999994,-6.98802849E-10,2.839145E-13,0.000407862128,0.99999994,-6.98802849E-10,2.839145E-13,0.000407862128,0.99999994,0.000252631755,-2.32772763E-05,0.00134911854,0.9999991,0,0,-0.000505283941,0.00325391232,2052,0,1,5.7,-6.988029E-10,-1.100604E-15,-7.35134336E-16,1,0,0,0,1,0,0,0.000407862128,0.99999994,-6.98802849E-10,2.83914629E-13,0.000407862128,0.99999994,-6.98802849E-10,2.83914629E-13,0.000407862128,0.99999994,0.000196077235,9.377799E-05,0.000796634937,0.999999642,0,0,-0.0003920794,0.004934854,2052,0,1,5.7,4.2001122E-10,2.060041E-15,3.64644878E-16,1,0.0301521979,0,0,0.999545336,0,0,0.000203931064,1,0.0301521979,-6.14897E-06,0.000203838339,0.999545336,0.0301521979,-6.14897E-06,0.000203838339,0.999545336,0.02281235,-9.290064E-05,0.00319673377,0.9997347,0.0158372242,0.0460705534,0.0146845961,0.0356034823,1482,0.05808937,1,5.7,-5.074521E-09,-3.65132663E-16,-5.4125903E-16,1,0.0292097349,0,0,0.9995733,0,0,0.000203931064,1,0.02920973,-5.956771E-06,0.000203844043,0.9995733,0.02920973,-5.956771E-06,0.000203844043,0.9995733,0.024401933,-1.07352589E-05,-3.31126357E-05,0.9997023,0.009618035,0.0488049164,0.009619056,0.0246087015,1482,0.05592631,1,5.7
