t,com_x,com_y,com_z,com_vx,com_vy,com_vz,support_margin_m,both_feet,max_slip_mps,pelvis_y,bar_x,bar_y,bar_z,bar_vx,bar_vy,bar_vz,bar_w,saddle_sep_m,saddle_occ,anchor_sep_m,max_demand,max_demand_joint,max_limit_prox,max_nominal_err_rad,max_nominal_err_joint,max_applied_err_rad,cop_available,cop_x,cop_z,failure
0.01,1.01834542E-06,1.06274402,-0.0317956358,9.18869555E-05,-0.0884533674,0.00181302917,0.122923404,1,0.00228614267,0.981614709,NaN,NaN,NaN,0,0,0,0,0,0,0.000821551366,1.3612169,right_upper_arm,0.0604616739,0.0017003651,thorax,0.00160281942,1,0.00395139493,-0.0301178768,NONE
0.03,9.51558468E-06,1.0601126,-0.0316219032,0.00052334019,-0.134880856,0.0118439533,0.123097137,1,0.00257647503,0.981525242,NaN,NaN,NaN,0,0,0,0,0,0,0.000984887942,1.21826482,left_upper_arm,0.17529808,0.00247855461,right_thigh,0.00238911272,1,-0.00301587558,-0.0508774705,NONE
0.05,2.49293462E-05,1.05773604,-0.0312249828,0.000822079543,-0.111724317,0.0219598897,0.123494059,1,0.00194005121,0.981471002,NaN,NaN,NaN,0,0,0,0,0,0,0.000848510361,1.05290687,left_upper_arm,0.276367337,0.0030796628,right_foot,0.0072370735,1,-0.00266115088,-0.0413914211,NONE
0.07,3.99401797E-05,1.05592704,-0.0307356194,0.000715191476,-0.0838232264,0.0241749901,0.12398342,1,0.00347747793,0.981445134,NaN,NaN,NaN,0,0,0,0,0,0,0.000474248489,0.884344399,left_upper_arm,0.363833606,0.00414287532,right_foot,0.013811456,1,0.000477592694,-0.0227073934,NONE
0.09,4.71454878E-05,1.05455387,-0.030322304,0.000237190645,-0.0642433465,0.0187019426,0.124396734,1,0.00246403669,0.981405973,NaN,NaN,NaN,0,0,0,0,0,0,0.000562502071,0.727728426,left_upper_arm,0.438708574,0.00520839728,right_foot,0.0176584478,1,0.00362704205,-0.00731260935,NONE
0.11,4.18113195E-05,1.05345976,-0.030078914,-0.000436702394,-0.0519152917,0.00977981556,0.124640122,1,0.000626844005,0.98134619,NaN,NaN,NaN,0,0,0,0,0,0,0.000841517525,0.590705812,left_upper_arm,0.502263367,0.00628212793,right_foot,0.018207904,1,0.00492230197,-0.00345768384,NONE
0.13,2.31570029E-05,1.05254841,-0.0300126188,-0.00109266024,-0.0436186343,0.00136610738,0.124706417,1,0.000798807421,0.981281579,NaN,NaN,NaN,0,0,0,0,0,0,0.00077113579,0.475684911,left_upper_arm,0.555814028,0.0073606302,left_foot,0.0167477224,1,0.00435106503,-0.0102484357,NONE
0.15,-5.97879352E-06,1.05177617,-0.0300778653,-0.00156432716,-0.036988426,-0.0044221906,0.124641173,1,0.00124808343,0.981229186,NaN,NaN,NaN,0,0,0,0,0,0,0.00051572168,0.381966919,left_upper_arm,0.600652695,0.00815477595,left_foot,0.0145091889,1,0.00266424916,-0.0222355425,NONE
0.17,-4.05998544E-05,1.05112875,-0.0302121919,-0.00176662358,-0.0308377631,-0.00709547615,0.124506846,1,0.00122036925,0.981198251,NaN,NaN,NaN,0,0,0,0,0,0,0.000488603313,0.307158649,left_upper_arm,0.638018966,0.00849394314,left_foot,0.0123282578,1,0.000648764428,-0.0343226977,NONE
0.19,-7.50865074E-05,1.05060256,-0.0303586889,-0.00168846035,-0.0248096529,-0.00709822448,0.124360353,1,0.000916201563,0.981189609,NaN,NaN,NaN,0,0,0,0,0,0,0.000435709808,0.259744465,left_upper_arm,0.669063091,0.00842373073,left_foot,0.0106864804,1,-0.00118901464,-0.0436360836,NONE
0.21,-0.000104413484,1.05019307,-0.0304757282,-0.00137328974,-0.0190602988,-0.00524311699,0.124243312,1,0.000539686356,0.981199205,NaN,NaN,NaN,0,0,0,0,0,0,0.000368124864,0.251092076,left_upper_arm,0.694794357,0.00805176329,left_foot,0.0097402418,1,-0.00256608287,-0.0492090248,NONE
0.23,-0.0001249005,1.04989064,-0.0305389669,-0.000894591678,-0.0138760852,-0.00237773103,0.124180071,1,0.000206793891,0.981221378,NaN,NaN,NaN,0,0,0,0,0,0,0.000297284132,0.234896839,left_upper_arm,0.716084957,0.0074981763,left_foot,0.00945456885,1,-0.00338028208,-0.0512285344,NONE
0.25,-0.000134498041,1.04967928,-0.0305392556,-0.000335178105,-0.00954058021,0.000780942442,0.12417978,1,0.000117624157,0.981250703,NaN,NaN,NaN,0,0,0,0,0,0,0.000317214668,0.214140087,left_upper_arm,0.733683705,0.00690413592,right_foot,0.00973423105,1,-0.00364414603,-0.0504077524,NONE
0.27,-0.000132780537,1.04954112,-0.0304789022,0.000225424854,-0.00611964287,0.00371582923,0.124240138,1,0.000243086106,0.981282771,NaN,NaN,NaN,0,0,0,0,0,0,0.000290076277,0.19138819,left_upper_arm,0.748221457,0.00635684561,right_foot,0.010421712,1,-0.00343729602,-0.0476457663,NONE
0.29,-0.000120728022,1.04945731,-0.0303674191,0.000721181976,-0.00362391467,0.00611476088,0.124351621,1,0.000309182651,0.981314421,NaN,NaN,NaN,0,0,0,0,0,0,0.000233548111,0.168534517,left_upper_arm,0.76022619,0.00581707386,right_foot,0.011266429,1,-0.00285412837,-0.0437880345,NONE
0.31,-0.000100376164,1.04941213,-0.0302178636,0.00110435032,-0.00186339801,0.00784342922,0.124501176,1,0.000307641079,0.981343746,NaN,NaN,NaN,0,0,0,0,0,0,0.000165170364,0.146824434,left_upper_arm,0.770136774,0.0053124954,right_foot,0.0121366931,1,-0.00204538414,-0.0395494998,NONE
0.33,-7.44235585E-05,1.04939258,-0.0300439708,0.00134703016,-0.000692963076,0.0088934321,0.124675065,1,0.000264285074,0.981369793,NaN,NaN,NaN,0,0,0,0,0,0,9.75665025E-05,0.12694554,left_upper_arm,0.778317153,0.00485819299,right_foot,0.0129439486,1,-0.00113896176,-0.0354363807,NONE
0.35,-4.583806E-05,1.0493902,-0.0298583843,0.0014404736,4.55688751E-05,0.00933427736,0.124860659,1,0.000202558731,0.981392205,NaN,NaN,NaN,0,0,0,0,0,0,4.9554892E-05,0.109205805,right_upper_arm,0.78506881,0.00446079904,right_foot,0.013637796,1,-0.000228271776,-0.0317607,NONE
0.37,-1.75373261E-05,1.04939747,-0.0296717454,0.00139096973,0.000480512273,0.00927214976,0.125047296,1,0.000142402772,0.981411099,NaN,NaN,NaN,0,0,0,0,0,0,3.52126408E-05,0.0936804712,right_upper_arm,0.790640712,0.00412137713,right_foot,0.0141970208,1,0.000592734548,-0.0286814366,NONE
0.39,7.89404021E-06,1.04940999,-0.0294923726,0.0012184974,0.000696809497,0.00882239267,0.125226662,1,9.98904434E-05,0.981426656,NaN,NaN,NaN,0,0,0,0,0,0,5.63357426E-05,0.0802398324,right_upper_arm,0.795239091,0.00383724971,right_foot,0.0146188578,1,0.00126067514,-0.0262304135,NONE
0.41,2.84168145E-05,1.04942501,-0.0293263905,0.00095147558,0.000794360822,0.00809372868,0.125392646,1,8.01473871E-05,0.981439412,NaN,NaN,NaN,0,0,0,0,0,0,8.11802674E-05,0.0687144697,right_upper_arm,0.799033701,0.00361983129,left_foot,0.0149273043,1,0.00176118687,-0.0244125742,NONE
0.43,4.26067454E-05,1.04944086,-0.0291778967,0.000622193795,0.000803629693,0.00718155876,0.125541151,1,7.65700024E-05,0.981449723,NaN,NaN,NaN,0,0,0,0,0,0,9.69110333E-05,0.0588894859,right_upper_arm,0.803387582,0.00346047455,left_foot,0.0151322838,1,0.00205045613,-0.0231597833,NONE
0.45,4.97388864E-05,1.04945564,-0.0290493648,0.000265701849,0.000762971933,0.00616482971,0.125669673,1,7.3363517E-05,0.98145771,NaN,NaN,NaN,0,0,0,0,0,0,0.000104397106,0.050556045,right_upper_arm,0.817203343,0.00333023071,left_foot,0.0152261471,1,0.0021133502,-0.022419095,NONE
0.47,4.97759902E-05,1.04946935,-0.0289418604,-8.47121701E-05,0.00069635798,0.00510977348,0.125777185,1,6.78122306E-05,0.981463969,NaN,NaN,NaN,0,0,0,0,0,0,0.000105189341,0.043510057,right_upper_arm,0.829031289,0.00322376797,left_foot,0.0152247744,1,0.00203054422,-0.0220970046,NONE
0.49,4.32761044E-05,1.04948151,-0.0288553424,-0.000400392339,0.000611505297,0.00406819396,0.125863701,1,5.89834017E-05,0.981468558,NaN,NaN,NaN,0,0,0,0,0,0,0.000100626996,0.0375723913,right_upper_arm,0.839117646,0.00313734473,left_foot,0.0151461661,1,0.00179252168,-0.0221241247,NONE
0.51,3.12837983E-05,1.04949212,-0.0287889186,-0.00065881788,0.000529777608,0.00308080693,0.125930116,1,5.02825569E-05,0.981471896,NaN,NaN,NaN,0,0,0,0,0,0,9.19678205E-05,0.0325686969,right_upper_arm,0.847690403,0.00306809973,left_foot,0.0150079029,1,0.00142236613,-0.0224390961,NONE
0.53,1.51914373E-05,1.04950106,-0.0287410263,-0.000844036404,0.00045023518,0.00217796536,0.125978008,1,4.62272183E-05,0.981474102,NaN,NaN,NaN,0,0,0,0,0,0,8.09949779E-05,0.028362507,right_upper_arm,0.854956329,0.00301357009,left_foot,0.0148269329,1,0.000964434235,-0.0229656138,NONE
0.55,-3.39835901E-06,1.04950869,-0.0287096277,-0.000948120665,0.00037938045,0.00138128421,0.126009405,1,5.28785131E-05,0.981475532,NaN,NaN,NaN,0,0,0,0,0,0,7.23479461E-05,0.024827661,right_upper_arm,0.861100197,0.00297140749,left_foot,0.0146189043,1,0.000474945293,-0.0236339755,NONE
0.57,-2.28402041E-05,1.04951513,-0.0286924057,-0.000970180321,0.000331939867,0.000703501282,0.12602663,1,5.96171012E-05,0.981476307,NaN,NaN,NaN,0,0,0,0,0,0,6.21002982E-05,0.0218630284,right_upper_arm,0.86628449,0.00293974415,left_foot,0.0143983774,1,6.1541823E-06,-0.0244002324,NONE
0.59,-4.15693248E-05,1.04952085,-0.0286868885,-0.000916021818,0.00027538219,0.000148904102,0.126032144,1,6.40941944E-05,0.981476665,NaN,NaN,NaN,0,0,0,0,0,0,5.1448591E-05,0.0193770397,right_upper_arm,0.870651603,0.00291913119,right_foot,0.0141799506,1,-0.000455672358,-0.0251963511,NONE
0.61,-5.82110915E-05,1.04952538,-0.0286906231,-0.00079630845,0.000246682757,-0.000283133908,0.126028419,1,6.3141415E-05,0.981476605,NaN,NaN,NaN,0,0,0,0,0,0,4.10755347E-05,0.0172915198,right_upper_arm,0.874324322,0.00290937442,right_foot,0.0139747811,1,-0.000826049189,-0.0259949639,NONE
0.63,-7.16823415E-05,1.04952908,-0.0287012439,-0.00062697049,0.000210423823,-0.000599281979,0.126017794,1,5.97511098E-05,0.981476486,NaN,NaN,NaN,0,0,0,0,0,0,3.21760308E-05,0.0155432122,right_upper_arm,0.877408981,0.00290077017,right_foot,0.0137825161,1,-0.00109807763,-0.0267378483,NONE
0.65,-8.12301078E-05,1.04953253,-0.0287165903,-0.000423868711,0.000177943759,-0.000810757221,0.126002446,1,5.43277565E-05,0.981476247,NaN,NaN,NaN,0,0,0,0,0,0,2.59193657E-05,0.014080002,right_upper_arm,0.879996479,0.00289187022,right_foot,0.0136083588,1,-0.00127565477,-0.0274106227,NONE
0.67,-8.64532631E-05,1.04953527,-0.0287347604,-0.000205447097,0.000144283113,-0.00093075633,0.125984281,1,4.33931564E-05,0.981475949,NaN,NaN,NaN,0,0,0,0,0,0,2.27482178E-05,0.0133888312,left_foot,0.882164717,0.002882411,right_foot,0.0134561071,1,-0.00135612534,-0.0279905256,NONE
0.69,-8.72995006E-05,1.0495379,-0.0287541505,1.14628483E-05,0.000145249898,-0.000973764108,0.125964895,1,2.93925768E-05,0.98147577,NaN,NaN,NaN,0,0,0,0,0,0,2.55295909E-05,0.0132777421,left_foot,0.883979917,0.00287397089,left_foot,0.0133296186,1,-0.0013363196,-0.0284909829,NONE
0.71,-8.40315261E-05,1.04953992,-0.0287734549,0.000211303006,0.00012867873,-0.000956002856,0.125945583,1,1.36133167E-05,0.981475711,NaN,NaN,NaN,0,0,0,0,0,0,2.72729612E-05,0.0131860413,left_foot,0.885498285,0.00287089986,left_foot,0.0132338507,1,-0.00120974425,-0.0288836602,NONE
0.73,-7.71908526E-05,1.04954207,-0.0287916977,0.000381454884,0.000106512729,-0.000892880082,0.125927344,1,2.62288049E-05,0.981475592,NaN,NaN,NaN,0,0,0,0,0,0,2.74897666E-05,0.0131156808,left_foot,0.886767566,0.00286753173,left_foot,0.0131618977,1,-0.00101206591,-0.0291800853,NONE
0.75,-6.75153788E-05,1.0495435,-0.0288081635,0.000512574217,9.65129439E-05,-0.000797371496,0.125910878,1,3.77146134E-05,0.981475711,NaN,NaN,NaN,0,0,0,0,0,0,2.61412497E-05,0.0130641349,left_foot,0.887828052,0.00286349375,left_foot,0.0131111778,1,-0.000779985741,-0.0293896236,NONE
0.77,-5.58726533E-05,1.04954493,-0.0288223997,0.000599071791,8.63194E-05,-0.000682162761,0.125896633,1,4.97898509E-05,0.98147589,NaN,NaN,NaN,0,0,0,0,0,0,2.33546762E-05,0.0130282985,left_foot,0.888714135,0.00285816169,left_foot,0.0130787902,1,-0.00048882555,-0.0295221936,NONE
0.79,-4.31990666E-05,1.04954624,-0.0288341716,0.000639142992,7.41007098E-05,-0.000557700288,0.125884861,1,5.35623694E-05,0.981476068,NaN,NaN,NaN,0,0,0,0,0,0,1.96651799E-05,0.0130083943,left_foot,0.889454305,0.00285166991,left_foot,0.0130616743,1,-0.000218955116,-0.0295841675,NONE
0.81,-3.03906218E-05,1.04954755,-0.0288434383,0.00063473027,7.23757985E-05,-0.0004326044,0.125875607,1,5.75833037E-05,0.981476367,NaN,NaN,NaN,0,0,0,0,0,0,1.55061407E-05,0.0129993614,left_foot,0.890072763,0.00284401071,left_foot,0.0130566545,1,6.51651717E-05,-0.0296006035,NONE
0.83,-1.83066732E-05,1.04954863,-0.0288502742,0.000588573399,5.45332987E-05,-0.000313393248,0.125868767,1,5.89368428E-05,0.981476605,NaN,NaN,NaN,0,0,0,0,0,0,1.12336766E-05,0.0129994778,left_foot,0.890589714,0.00283506489,left_foot,0.0130603984,1,0.000289910444,-0.0295639746,NONE
0.85,-7.67827078E-06,1.0495497,-0.0288548786,0.000507833727,6.60100413E-05,-0.000204414755,0.125864163,1,5.76606872E-05,0.981476903,NaN,NaN,NaN,0,0,0,0,0,0,1.04360752E-05,0.0130086802,left_foot,0.891022384,0.00282566552,left_foot,0.0130708963,1,0.000491620682,-0.0295098722,NONE
0.87,9.32961768E-07,1.04955018,-0.0288575124,0.000401285797,5.32469385E-05,-0.000109793793,0.125861526,1,5.25211508E-05,0.981477201,NaN,NaN,NaN,0,0,0,0,0,0,1.121691E-05,0.0130224973,left_foot,0.891384304,0.00281580444,left_foot,0.0130856587,1,0.000654571922,-0.0294298194,NONE
0.89,7.13259033E-06,1.04955089,-0.0288584772,0.00027746585,6.36648547E-05,-2.99719322E-05,0.125860557,1,4.38152383E-05,0.981477499,NaN,NaN,NaN,0,0,0,0,0,0,1.26471141E-05,0.0130410036,left_foot,0.891687691,0.00280625746,left_foot,0.0131028295,1,0.000735573005,-0.0293460097,NONE
0.91,1.07237702E-05,1.04955161,-0.0288580898,0.000146024075,4.16806288E-05,3.35479635E-05,0.125860944,1,3.16850601E-05,0.981477797,NaN,NaN,NaN,0,0,0,0,0,0,1.39182966E-05,0.0130596319,left_foot,0.891941786,0.00279835239,right_foot,0.0131223816,1,0.000785688229,-0.0292376876,NONE
0.93,1.16853425E-05,1.04955196,-0.0288566593,1.55458929E-05,4.08823034E-05,8.16733373E-05,0.125862375,1,1.79854851E-05,0.981478035,NaN,NaN,NaN,0,0,0,0,0,0,1.46205184E-05,0.0130874654,right_foot,0.892154992,0.00279839686,right_foot,0.013148793,1,0.000757888134,-0.029144045,NONE
0.95,1.01611022E-05,1.04955232,-0.0288544931,-0.000105379579,3.69937152E-05,0.000115368079,0.12586455,1,7.93075196E-06,0.981478393,NaN,NaN,NaN,0,0,0,0,0,0,1.45559216E-05,0.0131136216,right_foot,0.892334044,0.00279873167,right_foot,0.013173556,1,0.000691176218,-0.029054543,NONE
0.97,6.45205409E-06,1.04955256,-0.0288518481,-0.000209788152,3.78599361E-05,0.000136256509,0.125867188,1,1.88036902E-05,0.981478572,NaN,NaN,NaN,0,0,0,0,0,0,1.37248735E-05,0.0131367678,right_foot,0.892484665,0.00279914076,right_foot,0.0131956274,1,0.000586438924,-0.0289767757,NONE
0.99,9.64999231E-07,1.0495528,-0.0288489554,-0.00029298116,2.67313153E-05,0.0001459247,0.125870079,1,2.71554691E-05,0.981478751,NaN,NaN,NaN,0,0,0,0,0,0,1.2287137E-05,0.0131558869,right_foot,0.892610729,0.00279931934,right_foot,0.0132143246,1,0.000458002789,-0.0289041288,NONE
1.01,-5.82531129E-06,1.04955292,-0.0288460087,-0.000351637951,1.84912078E-05,0.000146679318,0.125873029,1,3.50190858E-05,0.98147881,NaN,NaN,NaN,0,0,0,0,0,0,1.03693692E-05,0.0131700151,right_foot,0.892716825,0.00279912585,right_foot,0.0132292351,1,0.000304687477,-0.0288415886,NONE
1.03,-1.33921212E-05,1.04955328,-0.0288431495,-0.000383649574,3.4630888E-05,0.000140657692,0.12587589,1,3.86166284E-05,0.981478989,NaN,NaN,NaN,0,0,0,0,0,0,8.22692891E-06,0.0131816333,right_foot,0.892805755,0.00279870932,right_foot,0.0132406438,1,0.000160184572,-0.0288038012,NONE
1.05,-2.12073337E-05,1.04955316,-0.0288405027,-0.000389587833,1.85527042E-05,0.00012878087,0.125878543,1,4.44301186E-05,0.981479049,NaN,NaN,NaN,0,0,0,0,0,0,6.56575412E-06,0.0131886834,left_foot,0.892880082,0.00279743853,right_foot,0.0132482033,1,-1.80080497E-05,-0.028766647,NONE
1.07,-2.87641615E-05,1.04955328,-0.0288381483,-0.000370605587,1.68186307E-05,0.000113678121,0.125880897,1,4.432485E-05,0.981479108,NaN,NaN,NaN,0,0,0,0,0,0,5.83585461E-06,0.0131981568,left_foot,0.892942131,0.00279594352,right_foot,0.0132524166,1,-0.000149418483,-0.0287413374,NONE
1.09,-3.56152668E-05,1.04955328,-0.0288361162,-0.000330192619,1.82983022E-05,9.68091626E-05,0.125882924,1,4.31322806E-05,0.981479168,NaN,NaN,NaN,0,0,0,0,0,0,8.29848159E-06,0.013205017,left_foot,0.892994165,0.00279407646,right_foot,0.0132538537,1,-0.000282741035,-0.0287265312,NONE
1.11,-4.13899143E-05,1.04955328,-0.0288344473,-0.000272772653,1.9114701E-05,7.89867117E-05,0.125884593,1,3.65599299E-05,0.981479108,NaN,NaN,NaN,0,0,0,0,0,0,1.10045175E-05,0.0132095721,left_foot,0.8930372,0.00279211346,right_foot,0.0132532418,1,-0.000372967625,-0.0287268199,NONE
1.13,-4.58222676E-05,1.04955328,-0.0288331322,-0.000202973795,6.17758951E-06,6.12588337E-05,0.125885904,1,3.24403991E-05,0.981479168,NaN,NaN,NaN,0,0,0,0,0,0,1.32979758E-05,0.0132112755,left_foot,0.893072844,0.00278974185,right_foot,0.0132504245,1,-0.000472595973,-0.0287190434,NONE
1.15,-4.8730526E-05,1.04955328,-0.028832145,-0.00012515705,2.19386475E-05,4.50569532E-05,0.125886887,1,2.3267643E-05,0.981479168,NaN,NaN,NaN,0,0,0,0,0,0,1.49842053E-05,0.0132118389,left_foot,0.893102646,0.00278782309,right_foot,0.0132467141,1,-0.000503470132,-0.0287305601,NONE
1.17,-5.00454044E-05,1.04955316,-0.028831467,-4.60324518E-05,1.37980851E-05,3.00576648E-05,0.125887573,1,1.32266159E-05,0.981479049,NaN,NaN,NaN,0,0,0,0,0,0,1.58474413E-05,0.0132100414,left_foot,0.893126845,0.00278599351,right_foot,0.0132424086,1,-0.000513810955,-0.0287391841,NONE
1.19,-4.98108602E-05,1.04955304,-0.0288310573,3.04325931E-05,8.23612936E-06,1.69596442E-05,0.12588799,1,5.32208105E-06,0.981479108,NaN,NaN,NaN,0,0,0,0,0,0,1.6044618E-05,0.013205424,left_foot,0.893146932,0.00278771925,left_foot,0.0132409176,1,-0.00046531533,-0.0287440903,NONE
1.21,-4.81501265E-05,1.04955304,-0.0288308784,9.95045411E-05,1.49021416E-05,6.06710591E-06,0.125888169,1,7.23130688E-06,0.981479049,NaN,NaN,NaN,0,0,0,0,0,0,1.55842299E-05,0.0132026346,left_foot,0.893163681,0.00278944359,left_foot,0.0132391211,1,-0.00044845097,-0.0287593659,NONE
1.23,-4.52549793E-05,1.04955304,-0.0288308877,0.000158113093,1.68220195E-05,-2.86160116E-06,0.125888154,1,1.54769696E-05,0.981479049,NaN,NaN,NaN,0,0,0,0,0,0,1.45308886E-05,0.01319791,left_foot,0.89317733,0.00279032136,left_foot,0.0132364361,1,-0.000364532432,-0.0287758131,NONE
1.25,-4.13902126E-05,1.04955304,-0.0288310461,0.000202743409,1.06756061E-05,-9.78164917E-06,0.12588799,1,2.12942668E-05,0.981478989,NaN,NaN,NaN,0,0,0,0,0,0,1.29026266E-05,0.0131922448,left_foot,0.893188536,0.00279035862,left_foot,0.0132329436,1,-0.000273155776,-0.0287866499,NONE
1.27,-3.68630899E-05,1.04955304,-0.028831305,0.000231976897,1.88398935E-05,-1.44742608E-05,0.125887737,1,2.39639558E-05,0.981478989,NaN,NaN,NaN,0,0,0,0,0,0,1.09940402E-05,0.0131877391,left_foot,0.893198013,0.00279002381,left_foot,0.0132292826,1,-0.000194840628,-0.0288002379,NONE
1.29,-3.1993095E-05,1.04955304,-0.0288316384,0.000244822382,1.52059692E-05,-1.77181755E-05,0.125887394,1,2.96708622E-05,0.981478989,NaN,NaN,NaN,0,0,0,0,0,0,8.76920967E-06,0.0131819537,left_foot,0.893205702,0.0027887593,left_foot,0.0132251671,1,-6.71700691E-05,-0.0288117174,NONE
1.31,-2.71165391E-05,1.04955304,-0.0288320184,0.000241444563,2.32207112E-05,-1.94659751E-05,0.125887021,1,2.78284679E-05,0.981478989,NaN,NaN,NaN,0,0,0,0,0,0,6.65063135E-06,0.0131787043,left_foot,0.893212378,0.00278745894,left_foot,0.0132212946,1,-6.78810977E-07,-0.0288259629,NONE
1.33,-2.25199783E-05,1.04955316,-0.0288324114,0.000223884344,2.28050012E-05,-2.00644063E-05,0.125886634,1,2.67827727E-05,0.981478989,NaN,NaN,NaN,0,0,0,0,0,0,4.65361973E-06,0.013174383,left_foot,0.893217921,0.00278574042,left_foot,0.0132174063,1,9.94125949E-05,-0.0288324002,NONE
1.35,-1.84717792E-05,1.04955304,-0.0288328007,0.000193491243,2.39076344E-05,-1.97503123E-05,0.125886232,1,2.40699919E-05,0.981478989,NaN,NaN,NaN,0,0,0,0,0,0,5.30056832E-06,0.0131712509,left_foot,0.89322257,0.00278633623,right_foot,0.0132162282,1,0.000174035435,-0.0288408436,NONE
1.37,-1.51865197E-05,1.04955316,-0.0288331825,0.000153252622,2.09785758E-05,-1.88085214E-05,0.125885859,1,1.9519568E-05,0.98147893,NaN,NaN,NaN,0,0,0,0,0,0,6.26239353E-06,0.0131687559,left_foot,0.893226564,0.00278744451,right_foot,0.0132159358,1,0.000230801626,-0.028845666,NONE
1.39,-1.28126158E-05,1.04955328,-0.028833529,0.0001062706,1.15018274E-05,-1.73495773E-05,0.125885516,1,1.27453231E-05,0.981478989,NaN,NaN,NaN,0,0,0,0,0,0,6.93175525E-06,0.0131660942,left_foot,0.893229961,0.00278838049,right_foot,0.0132157477,1,0.000262852496,-0.0288430359,NONE
1.41,-1.14347049E-05,1.04955328,-0.0288338419,5.5895136E-05,1.60621566E-05,-1.51506301E-05,0.125885203,1,7.70883162E-06,0.981478989,NaN,NaN,NaN,0,0,0,0,0,0,7.35613457E-06,0.0131649533,left_foot,0.893232822,0.00278934767,right_foot,0.0132159302,1,0.000289344025,-0.028846601,NONE
1.43,-1.10784185E-05,1.04955339,-0.028834099,5.08359562E-06,1.81586984E-05,-1.26974774E-05,0.125884935,1,2.14708029E-06,0.981478989,NaN,NaN,NaN,0,0,0,0,0,0,7.47023159E-06,0.0131642176,left_foot,0.893235445,0.00279006152,right_foot,0.0132162794,1,0.000291347009,-0.0288465098,NONE
1.45,-1.17111213E-05,1.04955339,-0.0288343169,-4.34568901E-05,1.5481166E-05,-1.06051839E-05,0.125884727,1,6.94785558E-06,0.98147893,NaN,NaN,NaN,0,0,0,0,0,0,7.20889011E-06,0.0131660383,left_foot,0.893237472,0.00279050041,right_foot,0.0132166725,1,0.00025513905,-0.0288501792,NONE
1.47,-1.32301457E-05,1.04955339,-0.0288344882,-8.6072112E-05,1.7228218E-05,-8.33176273E-06,0.125884548,1,9.97258667E-06,0.98147893,NaN,NaN,NaN,0,0,0,0,0,0,6.64018535E-06,0.0131665375,left_foot,0.893239319,0.00279076817,right_foot,0.0132169072,1,0.00023210459,-0.028850425,NONE
1.49,-1.548812E-05,1.04955339,-0.0288346186,-0.000120572047,1.40322791E-05,-6.15589306E-06,0.125884414,1,1.40623151E-05,0.98147893,NaN,NaN,NaN,0,0,0,0,0,0,5.89303227E-06,0.0131681468,left_foot,0.893240869,0.00279072346,right_foot,0.0132170822,1,0.000185880112,-0.0288484804,NONE
1.51,-1.82920703E-05,1.04955339,-0.0288347043,-0.000145492522,2.02374067E-05,-3.88850049E-06,0.125884339,1,1.74001798E-05,0.981478989,NaN,NaN,NaN,0,0,0,0,0,0,5.07564482E-06,0.0131698521,left_foot,0.89324224,0.00279056001,right_foot,0.0132172583,1,0.000124749349,-0.0288500562,NONE
1.53,-2.14380034E-05,1.04955328,-0.0288347509,-0.000159695308,1.37776824E-05,-2.00673935E-06,0.125884295,1,1.98092184E-05,0.981478989,NaN,NaN,NaN,0,0,0,0,0,0,4.41425345E-06,0.0131715555,left_foot,0.893243313,0.00279010553,right_foot,0.0132173561,1,5.82324137E-05,-0.0288457591,NONE
1.55,-2.47065745E-05,1.04955328,-0.0288347527,-0.000163274846,2.25868425E-05,-1.07874413E-07,0.125884295,1,2.02653337E-05,0.981479049,NaN,NaN,NaN,0,0,0,0,0,0,5.42430917E-06,0.0131740253,left_foot,0.893244326,0.00278962217,right_foot,0.0132174278,1,-2.02950287E-05,-0.0288476888,NONE
1.57,-2.78949756E-05,1.04955328,-0.0288347322,-0.000156637368,1.73702283E-05,1.24048995E-06,0.125884309,1,1.9203766E-05,0.981478989,NaN,NaN,NaN,0,0,0,0,0,0,6.75069487E-06,0.0131760482,left_foot,0.893245161,0.00278905686,right_foot,0.0132175982,1,-7.88741236E-05,-0.0288452227,NONE
1.59,-3.07989139E-05,1.04955328,-0.0288346857,-0.00014020942,1.95334869E-05,2.39546875E-06,0.125884354,1,1.72333584E-05,0.981478989,NaN,NaN,NaN,0,0,0,0,0,0,8.05685158E-06,0.013177217,left_foot,0.893245637,0.00278843939,right_foot,0.013217588,1,-0.000131158828,-0.028843144,NONE
1.61,-3.32593954E-05,1.04955328,-0.0288346186,-0.000116213094,1.32509158E-05,3.29996328E-06,0.125884414,1,1.46396296E-05,0.981478989,NaN,NaN,NaN,0,0,0,0,0,0,9.08116999E-06,0.0131782824,left_foot,0.893246114,0.00278782193,right_foot,0.0132176038,1,-0.000179080671,-0.0288383868,NONE
1.63,-3.51482668E-05,1.04955328,-0.0288345385,-8.64862377E-05,1.48814415E-05,3.99118107E-06,0.125884503,1,1.11202708E-05,0.981478989,NaN,NaN,NaN,0,0,0,0,0,0,9.90035551E-06,0.0131792296,left_foot,0.893246591,0.00278729526,right_foot,0.0132176951,1,-0.000216520508,-0.0288380347,NONE
1.65,-3.63792497E-05,1.04955316,-0.0288344454,-5.27921402E-05,1.77104794E-05,4.51348978E-06,0.125884593,1,7.54781695E-06,0.981478989,NaN,NaN,NaN,0,0,0,0,0,0,1.04190876E-05,0.0131799961,left_foot,0.89324683,0.00278687873,right_foot,0.0132178608,1,-0.000232401959,-0.028836621,NONE
1.67,-3.69116678E-05,1.04955316,-0.028834343,-1.77925249E-05,1.85834197E-05,4.74741319E-06,0.125884697,1,3.53582868E-06,0.981478989,NaN,NaN,NaN,0,0,0,0,0,0,1.06217531E-05,0.0131799374,left_foot,0.893247128,0.00278652157,right_foot,0.0132180722,1,-0.000240535024,-0.0288360827,NONE
1.69,-3.67537177E-05,1.04955328,-0.028834248,1.61412281E-05,1.9381805E-05,4.65352014E-06,0.125884786,1,2.5146287E-06,0.981478989,NaN,NaN,NaN,0,0,0,0,0,0,1.0511726E-05,0.0131802652,left_foot,0.893247306,0.00278631342,right_foot,0.0132183563,1,-0.000238259323,-0.0288342088,NONE
1.71,-3.59574005E-05,1.04955328,-0.028834153,4.71512503E-05,1.61562039E-05,4.2965321E-06,0.125884891,1,4.77260801E-06,0.981478989,NaN,NaN,NaN,0,0,0,0,0,0,1.01283676E-05,0.013180105,left_foot,0.893247604,0.00278623146,right_foot,0.0132186096,1,-0.000211272098,-0.028831657,NONE
1.73,-3.46094384E-05,1.04955328,-0.0288340654,7.32389162E-05,1.61465978E-05,3.78154277E-06,0.12588498,1,8.39739641E-06,0.981478989,NaN,NaN,NaN,0,0,0,0,0,0,9.44184922E-06,0.0131789641,left_foot,0.893247604,0.00278632087,right_foot,0.0132189309,1,-0.000169464503,-0.0288293585,NONE
1.75,-3.28327733E-05,1.04955316,-0.0288339928,9.31034956E-05,1.66359459E-05,3.12697989E-06,0.12588504,1,1.01370388E-05,0.981478989,NaN,NaN,NaN,0,0,0,0,0,0,8.66160644E-06,0.0131787146,left_foot,0.893247783,0.00278639514,right_foot,0.0132191461,1,-0.000139226526,-0.0288304035,NONE
1.77,-3.07558512E-05,1.04955328,-0.028833935,0.000106504391,1.94953118E-05,2.45158049E-06,0.125885099,1,1.09479333E-05,0.981478989,NaN,NaN,NaN,0,0,0,0,0,0,7.79998936E-06,0.013178017,left_foot,0.893247843,0.00278653647,right_foot,0.0132193156,1,-9.72633716E-05,-0.0288302545,NONE
1.79,-2.8521421E-05,1.04955328,-0.0288338941,0.000112207767,1.76273643E-05,1.64937546E-06,0.125885144,1,1.28731517E-05,0.981478989,NaN,NaN,NaN,0,0,0,0,0,0,6.80551284E-06,0.0131768091,left_foot,0.893247962,0.00278685638,right_foot,0.0132195977,1,-4.10636567E-05,-0.0288299285,NONE
1.81,-2.62902704E-05,1.04955316,-0.028833868,0.000110231835,1.69360737E-05,7.78256663E-07,0.125885174,1,1.11951649E-05,0.981478989,NaN,NaN,NaN,0,0,0,0,0,0,5.869294E-06,0.0131764961,left_foot,0.893247962,0.00278711668,right_foot,0.0132197049,1,-1.36014805E-05,-0.0288298316,NONE
1.83,-2.42027654E-05,1.04955316,-0.0288338568,0.000101505313,1.84509991E-05,3.30791883E-09,0.125885189,1,1.12659254E-05,0.981478989,NaN,NaN,NaN,0,0,0,0,0,0,4.98457757E-06,0.0131751057,left_foot,0.893247962,0.00278748129,right_foot,0.0132198315,1,4.22678895E-05,-0.0288308654,NONE
1.85,-2.23805018E-05,1.04955316,-0.0288338605,8.67150302E-05,1.83164193E-05,-6.88048317E-07,0.125885174,1,9.7715465E-06,0.981478989,NaN,NaN,NaN,0,0,0,0,0,0,4.48607852E-06,0.0131744538,left_foot,0.893247843,0.00278781448,right_foot,0.0132199042,1,8.53091624E-05,-0.0288301036,NONE
1.87,-2.09265963E-05,1.04955316,-0.0288338829,6.76108612E-05,2.05572014E-05,-1.40767463E-06,0.125885159,1,5.77052379E-06,0.981478989,NaN,NaN,NaN,0,0,0,0,0,0,4.69310862E-06,0.0131748253,left_foot,0.893247962,0.00278790458,right_foot,0.0132197086,1,8.37663101E-05,-0.0288334824,NONE
1.89,-1.9902589E-05,1.04955304,-0.0288339164,4.51225169E-05,1.08046988E-05,-2.1273363E-06,0.125885129,1,5.26917074E-06,0.981478989,NaN,NaN,NaN,0,0,0,0,0,0,4.87726857E-06,0.0131736277,left_foot,0.893248081,0.00278823916,right_foot,0.0132196741,1,0.000127429186,-0.028829243,NONE
1.91,-1.93676369E-05,1.04955328,-0.0288339537,2.04790449E-05,2.10263152E-05,-2.11558108E-06,0.125885084,1,2.46183504E-06,0.981478989,NaN,NaN,NaN,0,0,0,0,0,0,4.93912785E-06,0.0131735587,left_foot,0.893247962,0.00278844009,right_foot,0.0132194636,1,0.000113504269,-0.0288314596,NONE
1.93,-1.93166743E-05,1.04955328,-0.0288339965,-3.3476897E-06,1.84264882E-05,-2.47847606E-06,0.12588504,1,3.39730832E-06,0.981478989,NaN,NaN,NaN,0,0,0,0,0,0,4.89123659E-06,0.0131737199,left_foot,0.893247962,0.00278846244,right_foot,0.0132193444,1,0.000120059522,-0.0288341809,NONE
1.95,-1.97191548E-05,1.04955351,-0.0288340431,-2.54287806E-05,2.1873253E-05,-2.54728525E-06,0.125884995,1,4.84250995E-06,0.981479049,NaN,NaN,NaN,0,0,0,0,0,0,4.75491242E-06,0.0131738707,left_foot,0.893247962,0.00278850691,right_foot,0.0132190799,1,0.000102124824,-0.0288371835,NONE
1.97,-2.05206888E-05,1.04955328,-0.0288340934,-4.45424848E-05,1.79631952E-05,-2.82138058E-06,0.12588495,1,5.0257413E-06,0.981478989,NaN,NaN,NaN,0,0,0,0,0,0,4.57058377E-06,0.0131746419,left_foot,0.893247843,0.00278852182,right_foot,0.0132188844,1,9.16255158E-05,-0.0288413148,NONE
1.99,-2.16512399E-05,1.04955316,-0.0288341399,-6.00157364E-05,1.86259731E-05,-2.30500541E-06,0.125884905,1,7.60868215E-06,0.981478989,NaN,NaN,NaN,0,0,0,0,0,0,4.35258062E-06,0.0131740524,left_foot,0.893247783,0.00278853602,right_foot,0.0132185947,1,6.76931595E-05,-0.0288374163,NONE
2.01,-2.30242331E-05,1.04955328,-0.0288341753,-7.08995285E-05,1.7137032E-05,-1.90235619E-06,0.125884861,1,9.82816346E-06,0.981478989,NaN,NaN,NaN,0,0,0,0,0,0,4.76649711E-06,0.0131752845,left_foot,0.893248081,0.00278837979,right_foot,0.0132184587,1,2.80264794E-05,-0.0288368277,NONE
2.03,-2.45456413E-05,1.04955316,-0.0288342014,-7.71723498E-05,1.56966489E-05,-1.52716439E-06,0.125884831,1,8.6410364E-06,0.981478989,NaN,NaN,NaN,0,0,0,0,0,0,5.30128591E-06,0.0131752044,left_foot,0.893247962,0.00278834999,right_foot,0.0132184485,1,6.40108192E-06,-0.0288362056,NONE
2.05,-2.61059431E-05,1.04955304,-0.0288342237,-7.75101435E-05,1.01374435E-05,-1.28840406E-06,0.125884816,1,1.04356332E-05,0.981478989,NaN,NaN,NaN,0,0,0,0,0,0,6.04218667E-06,0.0131755499,left_foot,0.893248081,0.00278803147,right_foot,0.0132181747,1,-2.62791764E-05,-0.0288332496,NONE
2.07,-2.75875645E-05,1.04955328,-0.0288342331,-7.23882695E-05,2.00775285E-05,-5.28215082E-07,0.125884801,1,9.21628816E-06,0.981478989,NaN,NaN,NaN,0,0,0,0,0,0,6.71724274E-06,0.0131761888,left_foot,0.89324826,0.00278790505,right_foot,0.0132180527,1,-6.05376081E-05,-0.0288355965,NONE
2.09,-2.89058698E-05,1.04955328,-0.0288342275,-6.32642041E-05,1.59803312E-05,-1.44473034E-07,0.125884816,1,7.03828618E-06,0.981479049,NaN,NaN,NaN,0,0,0,0,0,0,7.19765785E-06,0.0131762577,left_foot,0.89324826,0.00278776395,right_foot,0.0132181738,1,-7.82596326E-05,-0.0288354699,NONE
2.11,-2.99900785E-05,1.04955328,-0.0288342275,-5.08067642E-05,1.80597399E-05,1.87077987E-07,0.125884816,1,6.84615588E-06,0.981479049,NaN,NaN,NaN,0,0,0,0,0,0,7.64731976E-06,0.0131773818,left_foot,0.89324826,0.00278760772,right_foot,0.0132181896,1,-0.000111378678,-0.0288366638,NONE
2.13,-3.07782029E-05,1.04955328,-0.0288342126,-3.54655276E-05,1.71683696E-05,4.44726595E-07,0.125884831,1,4.75798197E-06,0.981478989,NaN,NaN,NaN,0,0,0,0,0,0,7.9913616E-06,0.0131775578,left_foot,0.89324826,0.00278746639,right_foot,0.0132181766,1,-0.000115085757,-0.0288376566,NONE
2.15,-3.12423726E-05,1.04955328,-0.0288341921,-1.89828988E-05,1.9388699E-05,8.47829256E-07,0.125884846,1,3.38884865E-06,0.981478989,NaN,NaN,NaN,0,0,0,0,0,0,8.13768838E-06,0.0131772496,left_foot,0.89324832,0.00278739934,right_foot,0.0132182688,1,-0.000125430743,-0.0288379304,NONE
2.17,-3.13751407E-05,1.04955328,-0.0288341679,-2.61431614E-06,1.69035447E-05,1.08590257E-06,0.125884876,1,2.0972584E-06,0.981478989,NaN,NaN,NaN,0,0,0,0,0,0,8.10529036E-06,0.0131773753,left_foot,0.893248498,0.00278737699,right_foot,0.0132184848,1,-0.000119552635,-0.0288355723,NONE
2.19,-3.11864933E-05,1.04955328,-0.0288341399,1.31199731E-05,2.02908886E-05,1.21603387E-06,0.125884905,1,2.56043904E-06,0.981478989,NaN,NaN,NaN,0,0,0,0,0,0,8.03294552E-06,0.0131772682,left_foot,0.893248498,0.00278731762,right_foot,0.0132186143,1,-0.00011127835,-0.0288362931,NONE
2.21,-3.07069749E-05,1.04955328,-0.0288341045,2.72853758E-05,2.11325405E-05,1.23894722E-06,0.125884935,1,3.31728347E-06,0.981479049,NaN,NaN,NaN,0,0,0,0,0,0,7.82189636E-06,0.0131771034,left_foot,0.893248498,0.00278727291,right_foot,0.0132187298,1,-0.00010446395,-0.0288360268,NONE
2.23,-2.99797975E-05,1.04955328,-0.0288340859,3.88468216E-05,1.91828603E-05,1.06711775E-06,0.12588495,1,3.83833412E-06,0.981478989,NaN,NaN,NaN,0,0,0,0,0,0,7.49269884E-06,0.0131776175,left_foot,0.89324832,0.00278724311,right_foot,0.0132188471,1,-9.28481313E-05,-0.0288357809,NONE
2.25,-2.90660573E-05,1.04955328,-0.0288340542,4.75565903E-05,1.89577968E-05,8.7199038E-07,0.12588498,1,4.38051711E-06,0.981478989,NaN,NaN,NaN,0,0,0,0,0,0,7.1436657E-06,0.0131772896,left_foot,0.893248498,0.00278726546,right_foot,0.013218875,1,-7.45727302E-05,-0.0288338792,NONE
2.27,-2.80269996E-05,1.04955328,-0.0288340338,5.27486263E-05,1.80172683E-05,6.69892643E-07,0.12588501,1,6.13584507E-06,0.981478989,NaN,NaN,NaN,0,0,0,0,0,0,6.6817629E-06,0.0131764878,left_foot,0.89324832,0.00278735487,right_foot,0.0132190129,1,-4.22391422E-05,-0.0288334861,NONE
2.29,-2.69518805E-05,1.04955328,-0.0288340207,5.35238141E-05,1.88633112E-05,4.21708251E-07,0.125885025,1,5.1377915E-06,0.981478989,NaN,NaN,NaN,0,0,0,0,0,0,6.17504384E-06,0.0131767364,left_foot,0.89324832,0.00278748129,right_foot,0.0132191386,1,-3.38752761E-05,-0.0288337767,NONE
2.31,-2.59143126E-05,1.04955328,-0.0288340114,5.10077916E-05,1.9782432E-05,7.02355081E-08,0.125885025,1,3.86856254E-06,0.981479049,NaN,NaN,NaN,0,0,0,0,0,0,5.80216101E-06,0.0131764179,left_foot,0.89324826,0.00278752577,right_foot,0.0132191386,1,-2.13862841E-05,-0.0288337152,NONE
2.33,-2.49637687E-05,1.04955328,-0.0288340114,4.57692513E-05,1.50420183E-05,-3.99475596E-07,0.125885025,1,4.95339918E-06,0.981478989,NaN,NaN,NaN,0,0,0,0,0,0,5.39768189E-06,0.0131757213,left_foot,0.89324826,0.00278763613,right_foot,0.013219147,1,2.3505203E-05,-0.0288329143,NONE
2.35,-2.41664075E-05,1.04955328,-0.0288340133,3.73616203E-05,1.38300702E-05,-5.79666676E-07,0.125885025,1,5.36656216E-06,0.981478989,NaN,NaN,NaN,0,0,0,0,0,0,4.98727195E-06,0.0131744742,left_foot,0.89324826,0.00278782938,right_foot,0.0132191572,1,4.77709837E-05,-0.0288301948,NONE
2.37,-2.35719999E-05,1.04955328,-0.0288340282,2.69797911E-05,2.15241653E-05,-7.63843786E-07,0.12588501,1,2.52990822E-06,0.981479049,NaN,NaN,NaN,0,0,0,0,0,0,4.86266708E-06,0.0131758023,left_foot,0.89324826,0.00278779957,right_foot,0.0132190483,1,1.98623147E-05,-0.0288358107,NONE
2.39,-2.32018556E-05,1.04955328,-0.0288340449,1.56299811E-05,1.73385197E-05,-1.08294807E-06,0.125884995,1,2.27791134E-06,0.981478989,NaN,NaN,NaN,0,0,0,0,0,0,4.71992962E-06,0.0131755369,left_foot,0.893248141,0.00278790365,right_foot,0.0132190222,1,3.77079996E-05,-0.0288345478,NONE
2.41,-2.3054632E-05,1.04955328,-0.0288340617,4.2739216E-06,1.65552319E-05,-1.18803166E-06,0.12588498,1,2.62711728E-06,0.981479049,NaN,NaN,NaN,0,0,0,0,0,0,4.70924442E-06,0.0131748617,left_foot,0.89324826,0.00278793345,right_foot,0.013218862,1,4.53377688E-05,-0.0288329795,NONE
2.43,-2.31310751E-05,1.04955328,-0.0288340785,-6.41530551E-06,1.67489652E-05,-1.27416001E-06,0.125884965,1,2.7335941E-06,0.981479049,NaN,NaN,NaN,0,0,0,0,0,0,4.77642652E-06,0.0131751895,left_foot,0.89324826,0.0027879409,right_foot,0.0132187624,1,4.22805206E-05,-0.0288348421,NONE
2.45,-2.34133022E-05,1.04955328,-0.028834099,-1.65882666E-05,1.44963606E-05,-1.30490923E-06,0.125884935,1,3.15494958E-06,0.981478989,NaN,NaN,NaN,0,0,0,0,0,0,4.83495023E-06,0.0131752007,left_foot,0.893248141,0.00278803031,right_foot,0.013218753,1,3.37132224E-05,-0.0288344715,NONE
2.47,-2.38803041E-05,1.04955328,-0.0288341157,-2.54124025E-05,1.73620865E-05,-1.13199326E-06,0.12588492,1,3.815333E-06,0.981478989,NaN,NaN,NaN,0,0,0,0,0,0,4.99671842E-06,0.0131749492,left_foot,0.893248141,0.00278810458,right_foot,0.0132187344,1,2.98974046E-05,-0.0288354438,NONE
2.49,-2.44912517E-05,1.04955328,-0.0288341325,-3.20021354E-05,1.61585394E-05,-1.0367495E-06,0.125884905,1,5.8870578E-06,0.981478989,NaN,NaN,NaN,0,0,0,0,0,0,5.30075704E-06,0.0131758442,left_foot,0.893248141,0.00278798561,right_foot,0.0132186189,1,2.18138825E-06,-0.0288353562,NONE
2.51,-2.51904148E-05,1.04955328,-0.0288341455,-3.55503871E-05,1.37008183E-05,-9.60488592E-07,0.125884891,1,5.57903468E-06,0.981478989,NaN,NaN,NaN,0,0,0,0,0,0,5.62751666E-06,0.0131753627,left_foot,0.893248141,0.002787926,right_foot,0.0132185305,1,7.02860746E-07,-0.0288332347,NONE
2.53,-2.59268309E-05,1.04955328,-0.0288341567,-3.69636073E-05,1.80688476E-05,-6.80382243E-07,0.125884891,1,4.84913744E-06,0.981478989,NaN,NaN,NaN,0,0,0,0,0,0,5.91347543E-06,0.013176172,left_foot,0.89324826,0.0027879409,right_foot,0.0132185239,1,-2.34156141E-05,-0.0288361423,NONE
2.55,-2.66516236E-05,1.04955328,-0.0288341623,-3.57265817E-05,2.20708189E-05,-3.5429872E-07,0.125884876,1,3.72813224E-06,0.981479049,NaN,NaN,NaN,0,0,0,0,0,0,6.19932644E-06,0.0131754829,left_foot,0.89324826,0.00278796325,right_foot,0.0132186115,1,-1.60525069E-05,-0.0288381353,NONE
2.57,-2.73194928E-05,1.04955328,-0.0288341641,-3.24295288E-05,2.24866435E-05,-1.88477784E-07,0.125884876,1,4.39046335E-06,0.981479049,NaN,NaN,NaN,0,0,0,0,0,0,6.48405603E-06,0.0131763965,left_foot,0.89324826,0.00278785918,right_foot,0.0132186133,1,-4.26483675E-05,-0.0288398452,NONE
2.59,-2.78987009E-05,1.04955328,-0.0288341567,-2.75342863E-05,1.92365278E-05,-3.24754623E-08,0.125884891,1,3.59557703E-06,0.981478989,NaN,NaN,NaN,0,0,0,0,0,0,6.66830283E-06,0.0131765204,left_foot,0.89324826,0.00278779957,right_foot,0.0132186124,1,-5.52686979E-05,-0.0288381092,NONE
2.61,-2.83466306E-05,1.04955328,-0.0288341548,-2.06248333E-05,1.38317737E-05,5.74237546E-08,0.125884891,1,3.9302945E-06,0.981478989,NaN,NaN,NaN,0,0,0,0,0,0,6.9014136E-06,0.0131762614,left_foot,0.89324826,0.00278763752,right_foot,0.0132185388,1,-6.13494412E-05,-0.0288331993,NONE
2.63,-2.86462928E-05,1.04955328,-0.0288341455,-1.31855268E-05,1.3719713E-05,1.80400349E-07,0.125884891,1,2.8346949E-06,0.981478989,NaN,NaN,NaN,0,0,0,0,0,0,6.95106019E-06,0.0131762894,left_foot,0.89324826,0.00278766709,right_foot,0.0132186124,1,-6.07417496E-05,-0.0288325269,NONE
2.65,-2.87888961E-05,1.04955328,-0.0288341325,-5.12026645E-06,1.59777483E-05,2.96628059E-07,0.125884905,1,2.97427687E-06,0.981478989,NaN,NaN,NaN,0,0,0,0,0,0,7.06515038E-06,0.0131767811,left_foot,0.89324832,0.00278755557,right_foot,0.0132185854,1,-7.18688025E-05,-0.0288335867,NONE
2.67,-2.87728035E-05,1.04955328,-0.0288341213,2.65649851E-06,1.63462391E-05,3.23479128E-07,0.12588492,1,2.17086881E-06,0.981478989,NaN,NaN,NaN,0,0,0,0,0,0,7.02389434E-06,0.01317681,left_foot,0.89324826,0.00278756302,right_foot,0.0132186878,1,-6.70058434E-05,-0.0288349018,NONE
2.69,-2.86136583E-05,1.04955328,-0.0288341083,9.62463946E-06,1.7009801E-05,3.6122907E-07,0.125884935,1,2.25264239E-06,0.981478989,NaN,NaN,NaN,0,0,0,0,0,0,6.93875108E-06,0.01317681,left_foot,0.89324832,0.00278755557,right_foot,0.0132187353,1,-6.48543282E-05,-0.0288347881,NONE
2.71,-2.83275567E-05,1.04955328,-0.0288340971,1.55300477E-05,1.56157748E-05,3.45956892E-07,0.12588495,1,2.48623701E-06,0.981478989,NaN,NaN,NaN,0,0,0,0,0,0,6.79294408E-06,0.0131764412,left_foot,0.89324832,0.00278754812,right_foot,0.0132187931,1,-5.66035487E-05,-0.0288337525,NONE
2.73,-2.79460874E-05,1.04955328,-0.0288340859,2.00409831E-05,1.99477035E-05,2.7694503E-07,0.12588495,1,2.72169109E-06,0.981478989,NaN,NaN,NaN,0,0,0,0,0,0,6.62923776E-06,0.013176267,left_foot,0.89324832,0.00278757792,right_foot,0.013218862,1,-5.2181389E-05,-0.0288358573,NONE
2.75,-2.74957729E-05,1.04955328,-0.0288340785,2.30962796E-05,2.10911076E-05,2.19192131E-07,0.125884965,1,2.3216578E-06,0.981479049,NaN,NaN,NaN,0,0,0,0,0,0,6.44306374E-06,0.0131767495,left_foot,0.89324826,0.00278758537,right_foot,0.0132188862,1,-4.61020973E-05,-0.0288365837,NONE
2.77,-2.70003093E-05,1.04955328,-0.0288340729,2.49622572E-05,2.0166568E-05,6.17864515E-08,0.125884965,1,2.78512698E-06,0.981478989,NaN,NaN,NaN,0,0,0,0,0,0,6.2870763E-06,0.0131765567,left_foot,0.89324826,0.00278758537,right_foot,0.0132188918,1,-2.86540107E-05,-0.0288367216,NONE
2.79,-2.6505144E-05,1.04955328,-0.0288340617,2.45257925E-05,2.14834527E-05,6.70579254E-08,0.12588498,1,2.80288464E-06,0.981479049,NaN,NaN,NaN,0,0,0,0,0,0,6.02372393E-06,0.0131758917,left_foot,0.89324826,0.00278768945,right_foot,0.0132189561,1,-2.44104322E-05,-0.0288357008,NONE
2.81,-2.60403776E-05,1.04955316,-0.0288340617,2.26023676E-05,2.16765657E-05,-2.76390097E-07,0.12588498,1,1.89972138E-06,0.981479049,NaN,NaN,NaN,0,0,0,0,0,0,5.87252271E-06,0.013177136,left_foot,0.89324826,0.00278767338,right_foot,0.0132189859,1,-2.76552018E-05,-0.0288410094,NONE
2.83,-2.56243366E-05,1.04955316,-0.0288340654,1.98339858E-05,1.29824102E-05,-4.66575159E-07,0.12588498,1,2.74355193E-06,0.981478989,NaN,NaN,NaN,0,0,0,0,0,0,5.72234194E-06,0.0131756468,left_foot,0.89324826,0.00278770318,right_foot,0.0132188816,1,4.72986858E-06,-0.0288331211,NONE
2.85,-2.52883165E-05,1.04955316,-0.0288340691,1.55237431E-05,1.36924291E-05,-4.3742952E-07,0.125884965,1,2.70684745E-06,0.981478989,NaN,NaN,NaN,0,0,0,0,0,0,5.53704467E-06,0.0131753748,left_foot,0.89324826,0.00278779212,right_foot,0.0132188816,1,1.07868855E-05,-0.0288317688,NONE
2.87,-2.5051686E-05,1.04955328,-0.028834071,1.05258378E-05,1.56936803E-05,-4.70226837E-07,0.125884965,1,2.16395347E-06,0.981479049,NaN,NaN,NaN,0,0,0,0,0,0,5.46028423E-06,0.0131754344,left_foot,0.89324826,0.00278780703,right_foot,0.0132188937,1,1.19102842E-05,-0.0288317315,NONE
2.89,-2.49162331E-05,1.04955328,-0.0288340785,5.37826509E-06,1.55617017E-05,-5.87957913E-07,0.125884965,1,2.37806125E-06,0.981479049,NaN,NaN,NaN,0,0,0,0,0,0,5.44082195E-06,0.0131755015,left_foot,0.893248141,0.00278779212,right_foot,0.0132188573,1,1.0794558E-05,-0.0288328025,NONE
2.91,-2.48886663E-05,1.04955328,-0.0288340859,9.63734692E-08,1.69630221E-05,-6.76742104E-07,0.12588495,1,2.14223064E-06,0.981479049,NaN,NaN,NaN,0,0,0,0,0,0,5.43384385E-06,0.0131756878,left_foot,0.893248141,0.00278784428,right_foot,0.013218835,1,8.52177345E-06,-0.0288351346,NONE
2.93,-2.49600434E-05,1.04955328,-0.0288340952,-4.83351732E-06,1.66286572E-05,-7.41291672E-07,0.12588495,1,2.49832692E-06,0.981479049,NaN,NaN,NaN,0,0,0,0,0,0,5.47172976E-06,0.0131756784,left_foot,0.893248141,0.00278786663,right_foot,0.013218794,1,6.88561659E-06,-0.028834939,NONE
2.95,-2.51300644E-05,1.04955328,-0.0288341045,-9.65185973E-06,1.2570451E-05,-7.91873617E-07,0.125884935,1,3.10235851E-06,0.981478989,NaN,NaN,NaN,0,0,0,0,0,0,5.49376136E-06,0.0131757781,left_foot,0.893248141,0.00278788875,right_foot,0.0132187549,1,-2.16321655E-06,-0.0288339816,NONE
2.97,-2.53756371E-05,1.04955316,-0.0288341083,-1.3073849E-05,1.43042589E-05,-6.54099097E-07,0.125884935,1,3.15948705E-06,0.981478989,NaN,NaN,NaN,0,0,0,0,0,0,5.63759386E-06,0.0131754847,left_foot,0.893248141,0.00278788153,right_foot,0.0132186906,1,3.97665644E-06,-0.0288325213,NONE
2.99,-2.56726162E-05,1.04955328,-0.0288341194,-1.53057099E-05,1.21126195E-05,-6.24997142E-07,0.12588492,1,3.71791407E-06,0.981478989,NaN,NaN,NaN,0,0,0,0,0,0,5.80882534E-06,0.013175644,left_foot,0.89324826,0.00278779212,right_foot,0.0132186403,1,-1.28484307E-05,-0.0288307648,NONE
3.01,-2.60001434E-05,1.04955328,-0.0288341232,-1.6508202E-05,1.54321369E-05,-4.56182136E-07,0.12588492,1,4.77602498E-06,0.981479049,NaN,NaN,NaN,0,0,0,0,0,0,5.94859694E-06,0.0131763499,left_foot,0.89324826,0.00278777746,right_foot,0.0132185929,1,-3.27712733E-05,-0.0288325883,NONE
3.03,-2.63386992E-05,1.04955328,-0.0288341232,-1.7111317E-05,1.63054665E-05,-4.28043194E-07,0.12588492,1,3.00378633E-06,0.981478989,NaN,NaN,NaN,0,0,0,0,0,0,5.9935187E-06,0.013176145,left_foot,0.89324826,0.00278788153,right_foot,0.0132187484,1,-2.63711408E-05,-0.0288348608,NONE
3.05,-2.66733787E-05,1.04955328,-0.0288341288,-1.6435446E-05,1.29946993E-05,-3.70199047E-07,0.125884905,1,3.33438334E-06,0.981478989,NaN,NaN,NaN,0,0,0,0,0,0,6.12971371E-06,0.013175874,left_foot,0.89324826,0.00278779957,right_foot,0.0132186776,1,-2.49769237E-05,-0.0288320724,NONE
3.07,-2.69766169E-05,1.04955316,-0.0288341306,-1.47490882E-05,4.33243895E-06,-4.95098277E-07,0.125884905,1,3.47354012E-06,0.981478989,NaN,NaN,NaN,0,0,0,0,0,0,6.24609311E-06,0.0131753935,left_foot,0.89324826,0.00278771808,right_foot,0.0132185984,1,-2.93019566E-05,-0.0288279764,NONE
3.09,-2.72238267E-05,1.04955316,-0.0288341306,-1.16695774E-05,1.24740354E-05,-3.32854398E-07,0.125884905,1,2.8982231E-06,0.981478989,NaN,NaN,NaN,0,0,0,0,0,0,6.40984672E-06,0.0131759569,left_foot,0.89324826,0.00278772553,right_foot,0.0132185491,1,-2.83370209E-05,-0.0288319755,NONE
3.11,-2.74127742E-05,1.04955316,-0.0288341288,-8.67699418E-06,1.64299217E-05,8.81228157E-09,0.125884905,1,2.52599148E-06,0.981479049,NaN,NaN,NaN,0,0,0,0,0,0,6.41994939E-06,0.0131756831,left_foot,0.89324826,0.00278777,right_foot,0.0132186571,1,-3.93131813E-05,-0.0288340412,NONE
3.13,-2.75345174E-05,1.04955316,-0.0288341213,-5.12561701E-06,2.00911309E-05,6.49562182E-08,0.12588492,1,3.26941722E-06,0.981478989,NaN,NaN,NaN,0,0,0,0,0,0,6.53084953E-06,0.0131767122,left_foot,0.89324832,0.00278769573,right_foot,0.0132187232,1,-5.46326883E-05,-0.0288370401,NONE
3.15,-2.75781767E-05,1.04955316,-0.0288341157,-1.28423892E-06,1.43296666E-05,3.77906524E-08,0.12588492,1,2.27566534E-06,0.981478989,NaN,NaN,NaN,0,0,0,0,0,0,6.5127706E-06,0.0131761953,left_foot,0.89324832,0.00278768083,right_foot,0.0132187605,1,-3.8506867E-05,-0.0288328882,NONE
3.17,-2.75430102E-05,1.04955316,-0.0288341064,2.69573206E-06,1.99992719E-05,1.4083416E-07,0.125884935,1,2.06741606E-06,0.981479049,NaN,NaN,NaN,0,0,0,0,0,0,6.55061967E-06,0.0131763034,left_foot,0.89324826,0.00278763752,right_foot,0.013218727,1,-4.47803577E-05,-0.0288348887,NONE
3.19,-2.74384038E-05,1.04955316,-0.0288340971,5.73193893E-06,2.14694264E-05,1.20040767E-07,0.12588495,1,2.18439436E-06,0.981479049,NaN,NaN,NaN,0,0,0,0,0,0,6.42618943E-06,0.0131765939,left_foot,0.89324832,0.00278773415,right_foot,0.0132189021,1,-4.05826504E-05,-0.0288379341,NONE
3.21,-2.72804518E-05,1.04955316,-0.0288340934,8.5739448E-06,1.71957181E-05,-2.55858872E-08,0.12588495,1,2.12101122E-06,0.981479049,NaN,NaN,NaN,0,0,0,0,0,0,6.42585246E-06,0.0131763844,left_foot,0.89324832,0.00278761517,right_foot,0.0132188099,1,-4.19962307E-05,-0.0288351215,NONE
3.23,-2.70800319E-05,1.04955316,-0.0288340934,1.03393832E-05,2.1353957E-05,-2.78887082E-08,0.12588495,1,2.27979035E-06,0.981479049,NaN,NaN,NaN,0,0,0,0,0,0,6.28433827E-06,0.0131763341,left_foot,0.89324826,0.0027877416,right_foot,0.0132188937,1,-3.21364823E-05,-0.0288376343,NONE
3.25,-2.68559179E-05,1.04955316,-0.0288340859,1.14213217E-05,1.95957055E-05,-9.713861E-08,0.12588495,1,2.03404306E-06,0.981479049,NaN,NaN,NaN,0,0,0,0,0,0,6.20458013E-06,0.0131762149,left_foot,0.89324832,0.0027877118,right_foot,0.0132188629,1,-2.99307685E-05,-0.0288367905,NONE
3.27,-2.66239076E-05,1.04955316,-0.0288340822,1.15076582E-05,2.14104621E-05,-9.66875078E-08,0.12588495,1,2.14818783E-06,0.981479049,NaN,NaN,NaN,0,0,0,0,0,0,6.10959432E-06,0.0131767709,left_foot,0.89324826,0.00278771925,right_foot,0.0132188732,1,-3.67049252E-05,-0.028837679,NONE
3.29,-2.63971106E-05,1.04955316,-0.0288340803,1.1048618E-05,1.46007933E-05,-2.5584842E-07,0.125884965,1,2.57310444E-06,0.981478989,NaN,NaN,NaN,0,0,0,0,0,0,5.97847702E-06,0.0131758098,left_foot,0.89324826,0.0027877416,right_foot,0.0132189104,1,-7.75651552E-06,-0.0288338847,NONE
3.31,-2.61953501E-05,1.04955316,-0.0288340803,9.49613514E-06,1.3533564E-05,-3.01924445E-07,0.125884965,1,2.38692996E-06,0.981478989,NaN,NaN,NaN,0,0,0,0,0,0,5.86457736E-06,0.0131755136,left_foot,0.89324826,0.00278778607,right_foot,0.0132189002,1,-5.5705159E-06,-0.0288312249,NONE
3.33,-2.60269662E-05,1.04955328,-0.0288340822,8.06720891E-06,1.45021986E-05,-4.09771474E-07,0.12588495,1,2.29383068E-06,0.981478989,NaN,NaN,NaN,0,0,0,0,0,0,5.89034244E-06,0.0131758861,left_foot,0.89324826,0.0027877118,right_foot,0.013218808,1,-7.38128028E-06,-0.0288310777,NONE
3.35,-2.58928558E-05,1.04955328,-0.0288340822,5.84302052E-06,1.37770303E-05,-4.41489618E-07,0.12588495,1,2.55816894E-06,0.981478989,NaN,NaN,NaN,0,0,0,0,0,0,5.77575702E-06,0.0131753543,left_foot,0.89324826,0.00278780819,right_foot,0.0132188536,1,-6.76268002E-08,-0.0288317539,NONE
3.37,-2.58143264E-05,1.04955316,-0.0288340878,3.25396263E-06,5.69208396E-06,-6.30334227E-07,0.12588495,1,2.5540628E-06,0.981479049,NaN,NaN,NaN,0,0,0,0,0,0,5.72700128E-06,0.0131751411,left_foot,0.89324826,0.0027877416,right_foot,0.0132187763,1,-3.06063089E-06,-0.0288277548,NONE
3.39,-2.57904849E-05,1.04955316,-0.0288340952,7.06647654E-07,2.17220622E-05,-4.65081428E-07,0.12588495,1,3.05730055E-06,0.981479049,NaN,NaN,NaN,0,0,0,0,0,0,5.78575828E-06,0.0131763425,left_foot,0.89324826,0.00278781564,right_foot,0.013218753,1,-2.1678401E-05,-0.0288374592,NONE
3.41,-2.58073233E-05,1.04955328,-0.0288340971,-1.45069976E-06,2.35075368E-05,-3.5749602E-07,0.12588495,1,2.20273751E-06,0.981479049,NaN,NaN,NaN,0,0,0,0,0,0,5.81882705E-06,0.0131758908,left_foot,0.89324826,0.00278784544,right_foot,0.0132188182,1,-1.37576626E-05,-0.0288388431,NONE
3.43,-2.58666296E-05,1.04955328,-0.028834099,-3.46885031E-06,2.37520708E-05,-2.91828229E-07,0.125884935,1,2.47355501E-06,0.981479049,NaN,NaN,NaN,0,0,0,0,0,0,5.84034751E-06,0.0131759485,left_foot,0.89324826,0.00278786034,right_foot,0.0132188685,1,-1.7324488E-05,-0.0288378857,NONE
3.45,-2.59634871E-05,1.04955316,-0.0288341045,-5.23282006E-06,1.8480232E-05,-6.045953E-07,0.125884935,1,2.50103994E-06,0.981479049,NaN,NaN,NaN,0,0,0,0,0,0,5.87397381E-06,0.0131762307,left_foot,0.893248141,0.00278783799,right_foot,0.0132188639,1,-1.86277884E-05,-0.0288393553,NONE
3.47,-2.60864217E-05,1.04955328,-0.0288341064,-6.57798591E-06,2.2966673E-05,-3.66491918E-07,0.125884935,1,2.40522172E-06,0.981479049,NaN,NaN,NaN,0,0,0,0,0,0,5.91903017E-06,0.0131759392,left_foot,0.89324826,0.00278787524,right_foot,0.0132187577,1,-2.13219391E-05,-0.0288380254,NONE
3.49,-2.62348367E-05,1.04955328,-0.028834112,-7.49869923E-06,2.00116137E-05,-2.80665574E-07,0.12588492,1,3.11950453E-06,0.981479049,NaN,NaN,NaN,0,0,0,0,0,0,5.97237795E-06,0.0131758787,left_foot,0.89324826,0.00278783054,right_foot,0.0132187987,1,-2.42505557E-05,-0.0288366154,NONE
3.51,-2.63898091E-05,1.04955328,-0.028834112,-7.80301707E-06,2.36877731E-05,-2.24158498E-07,0.12588492,1,2.51797178E-06,0.981479049,NaN,NaN,NaN,0,0,0,0,0,0,6.04707202E-06,0.0131761683,left_foot,0.89324826,0.00278783799,right_foot,0.0132188182,1,-2.53323469E-05,-0.0288387612,NONE
3.53,-2.65462713E-05,1.04955316,-0.0288341213,-7.74734326E-06,1.89514503E-05,-4.34293241E-07,0.12588492,1,2.34883464E-06,0.981479049,NaN,NaN,NaN,0,0,0,0,0,0,6.07381344E-06,0.0131763881,left_foot,0.89324826,0.00278781564,right_foot,0.0132188182,1,-3.07796618E-05,-0.0288398694,NONE
3.55,-2.66920051E-05,1.04955316,-0.0288341157,-7.24122629E-06,2.11590032E-05,-2.55426954E-07,0.12588492,1,2.02955721E-06,0.981479049,NaN,NaN,NaN,0,0,0,0,0,0,6.12253234E-06,0.0131760798,left_foot,0.89324826,0.00278790505,right_foot,0.0132187884,1,-2.39291039E-05,-0.0288383253,NONE
3.57,-2.68170261E-05,1.04955316,-0.0288341157,-5.90908394E-06,1.64185494E-05,-2.20167891E-07,0.12588492,1,2.75288562E-06,0.981479049,NaN,NaN,NaN,0,0,0,0,0,0,6.22479865E-06,0.0131760435,left_foot,0.89324826,0.0027877416,right_foot,0.0132187176,1,-3.20986692E-05,-0.0288348868,NONE
3.59,-2.69128395E-05,1.04955316,-0.0288341157,-4.49420986E-06,2.17530287E-05,-8.57112994E-08,0.12588492,1,1.94982272E-06,0.981479049,NaN,NaN,NaN,0,0,0,0,0,0,6.22857851E-06,0.0131762037,left_foot,0.89324826,0.00278783799,right_foot,0.0132188275,1,-2.92209406E-05,-0.0288375542,NONE
3.61,-2.69813863E-05,1.04955316,-0.028834112,-3.07754226E-06,1.82468575E-05,-1.16460058E-07,0.12588492,1,2.00364912E-06,0.981478989,NaN,NaN,NaN,0,0,0,0,0,0,6.21924482E-06,0.0131759662,left_foot,0.89324826,0.00278782309,right_foot,0.0132188648,1,-2.65390408E-05,-0.0288368296,NONE
3.63,-2.70141682E-05,1.04955316,-0.0288341083,-1.20597815E-06,1.62103006E-05,-9.94280001E-08,0.125884935,1,2.8183897E-06,0.981479049,NaN,NaN,NaN,0,0,0,0,0,0,6.29553779E-06,0.0131758144,left_foot,0.89324826,0.0027876969,right_foot,0.0132187409,1,-3.59535661E-05,-0.0288327951,NONE
3.65,-2.70104429E-05,1.04955316,-0.0288341045,6.06633535E-07,2.18112418E-05,-8.64616041E-08,0.125884935,1,2.59869103E-06,0.981479049,NaN,NaN,NaN,0,0,0,0,0,0,6.30675686E-06,0.0131767979,left_foot,0.89324832,0.0027877416,right_foot,0.0132188071,1,-4.36482842E-05,-0.0288379397,NONE
3.67,-2.6969763E-05,1.04955316,-0.028834099,2.42232477E-06,1.44288006E-05,-2.04624769E-07,0.125884935,1,1.98455973E-06,0.981478989,NaN,NaN,NaN,0,0,0,0,0,0,6.2598624E-06,0.0131763378,left_foot,0.89324826,0.00278771925,right_foot,0.0132188043,1,-2.74241193E-05,-0.0288340431,NONE
3.69,-2.69027078E-05,1.04955316,-0.028834099,3.5012456E-06,1.65572274E-05,-6.50283312E-08,0.125884935,1,2.12238865E-06,0.981479049,NaN,NaN,NaN,0,0,0,0,0,0,6.1849737E-06,0.0131756822,left_foot,0.89324826,0.0027877565,right_foot,0.0132188182,1,-2.75843413E-05,-0.028833285,NONE
3.71,-2.68200056E-05,1.04955316,-0.0288340934,4.31872104E-06,1.83896427E-05,-1.35987406E-07,0.12588495,1,2.02461911E-06,0.981478989,NaN,NaN,NaN,0,0,0,0,0,0,6.16373336E-06,0.0131758712,left_foot,0.89324832,0.00278778607,right_foot,0.0132189011,1,-2.14823303E-05,-0.0288360994,NONE
3.73,-2.67180822E-05,1.04955316,-0.0288340934,5.22515938E-06,1.64678731E-05,-1.91952267E-07,0.12588495,1,2.43870204E-06,0.981479049,NaN,NaN,NaN,0,0,0,0,0,0,6.17766818E-06,0.0131759187,left_foot,0.89324826,0.00278768199,right_foot,0.0132187912,1,-2.89860145E-05,-0.0288326088,NONE
3.75,-2.66098996E-05,1.04955316,-0.0288340934,5.39972916E-06,2.12572049E-05,-2.02257212E-07,0.12588495,1,2.1197759E-06,0.981479049,NaN,NaN,NaN,0,0,0,0,0,0,6.08440178E-06,0.0131762065,left_foot,0.89324826,0.00278780819,right_foot,0.0132188965,1,-2.37546992E-05,-0.0288378708,NONE
3.77,-2.65035051E-05,1.04955316,-0.0288340952,5.17216677E-06,1.80598727E-05,-2.77652362E-07,0.12588495,1,2.07463245E-06,0.981478989,NaN,NaN,NaN,0,0,0,0,0,0,6.02372393E-06,0.0131757827,left_foot,0.89324826,0.00278782309,right_foot,0.0132189067,1,-1.63955629E-05,-0.0288362689,NONE
3.79,-2.64008358E-05,1.04955316,-0.0288340896,5.0825447E-06,1.67922681E-05,-2.20962576E-07,0.12588495,1,2.5332813E-06,0.981479049,NaN,NaN,NaN,0,0,0,0,0,0,6.05338482E-06,0.0131756682,left_foot,0.89324826,0.00278768945,right_foot,0.0132187372,1,-2.43274699E-05,-0.0288330782,NONE
3.81,-2.63085985E-05,1.04955316,-0.0288340934,4.32158913E-06,2.11778133E-05,-2.0123656E-07,0.12588495,1,2.04549451E-06,0.981479049,NaN,NaN,NaN,0,0,0,0,0,0,5.96164227E-06,0.0131761106,left_foot,0.89324826,0.00278782309,right_foot,0.0132189132,1,-1.71576939E-05,-0.0288379434,NONE
3.83,-2.62396061E-05,1.04955316,-0.0288340896,2.93788298E-06,1.40762422E-05,-3.51296023E-07,0.12588495,1,2.08733331E-06,0.981478989,NaN,NaN,NaN,0,0,0,0,0,0,5.89279216E-06,0.0131758293,left_foot,0.89324826,0.00278783799,right_foot,0.0132189225,1,-8.89740932E-06,-0.0288336948,NONE
3.85,-2.61925179E-05,1.04955328,-0.0288340896,2.10370217E-06,1.45337408E-05,-4.01048482E-07,0.12588495,1,2.51318124E-06,0.981478989,NaN,NaN,NaN,0,0,0,0,0,0,5.95514439E-06,0.0131757902,left_foot,0.89324826,0.0027877565,right_foot,0.0132187968,1,-1.1052598E-05,-0.0288308952,NONE
3.87,-2.61668883E-05,1.04955328,-0.0288340952,7.24152528E-07,1.37273573E-05,-4.21039033E-07,0.12588495,1,2.2572267E-06,0.981478989,NaN,NaN,NaN,0,0,0,0,0,0,5.88003786E-06,0.0131756328,left_foot,0.89324826,0.00278782309,right_foot,0.0132188424,1,-6.73759041E-06,-0.0288319532,NONE
3.89,-2.61673358E-05,1.04955316,-0.028834099,-2.03511206E-07,3.60350987E-06,-6.94930861E-07,0.125884935,1,2.84813632E-06,0.981478989,NaN,NaN,NaN,0,0,0,0,0,0,5.9341105E-06,0.0131753162,left_foot,0.893248141,0.00278768945,right_foot,0.0132186804,1,-8.14130544E-06,-0.0288272463,NONE
3.91,-2.61816404E-05,1.04955316,-0.0288341027,-1.14558839E-06,1.49955777E-05,-4.50170546E-07,0.125884935,1,2.38262987E-06,0.981479049,NaN,NaN,NaN,0,0,0,0,0,0,5.93345567E-06,0.0131755834,left_foot,0.89324826,0.00278780819,right_foot,0.0132186776,1,-9.73405713E-06,-0.0288322251,NONE
3.93,-2.62227677E-05,1.04955316,-0.0288341083,-2.48853871E-06,1.42470035E-05,-3.73546811E-07,0.125884935,1,2.26431825E-06,0.981478989,NaN,NaN,NaN,0,0,0,0,0,0,5.9002341E-06,0.013175766,left_foot,0.89324826,0.00278786779,right_foot,0.0132188173,1,-9.1588081E-06,-0.0288338922,NONE
3.95,-2.62825215E-05,1.04955328,-0.0288341045,-2.97148222E-06,1.37261832E-05,-3.24549063E-07,0.125884935,1,2.91209949E-06,0.981478989,NaN,NaN,NaN,0,0,0,0,0,0,5.98984525E-06,0.0131757138,left_foot,0.89324826,0.00278774905,right_foot,0.0132187074,1,-1.39728299E-05,-0.0288313068,NONE
3.97,-2.63467446E-05,1.04955328,-0.0288341045,-3.50053051E-06,1.63180648E-05,-2.71513954E-07,0.125884935,1,2.21726873E-06,0.981479049,NaN,NaN,NaN,0,0,0,0,0,0,5.98899715E-06,0.013175535,left_foot,0.89324826,0.00278780819,right_foot,0.0132187996,1,-1.86056477E-05,-0.0288330633,NONE
3.99,-2.6425274E-05,1.04955328,-0.0288341045,-4.02893647E-06,1.64313569E-05,-3.06285614E-07,0.125884935,1,2.38416578E-06,0.981479049,NaN,NaN,NaN,0,0,0,0,0,0,6.00410021E-06,0.0131760193,left_foot,0.89324826,0.00278781564,right_foot,0.0132188285,1,-1.9644951E-05,-0.0288345702,NONE
4.01,-2.65026119E-05,1.04955328,-0.0288341083,-3.7253883E-06,1.75084406E-05,-3.80162618E-07,0.125884935,1,2.81173425E-06,0.981479049,NaN,NaN,NaN,0,0,0,0,0,0,6.10611778E-06,0.0131760268,left_foot,0.89324826,0.0027877416,right_foot,0.0132187409,1,-2.61510068E-05,-0.0288351122,NONE
4.03,-2.65717536E-05,1.04955328,-0.0288341064,-3.53752989E-06,2.1540407E-05,-2.31911599E-07,0.125884935,1,1.87235014E-06,0.981479049,NaN,NaN,NaN,0,0,0,0,0,0,6.07875154E-06,0.0131760789,left_foot,0.89324826,0.00278784544,right_foot,0.0132188005,1,-2.35913467E-05,-0.0288384147,NONE
4.05,-2.66408933E-05,1.04955328,-0.0288341064,-3.30771695E-06,1.4291847E-05,-3.00315179E-07,0.125884935,1,2.87410421E-06,0.981478989,NaN,NaN,NaN,0,0,0,0,0,0,6.11051655E-06,0.0131764058,left_foot,0.89324826,0.0027877714,right_foot,0.0132187922,1,-2.93316189E-05,-0.028834125,NONE
4.07,-2.66978168E-05,1.04955328,-0.028834112,-2.61658033E-06,2.01490602E-05,-1.92990044E-07,0.12588492,1,2.94508186E-06,0.981479049,NaN,NaN,NaN,0,0,0,0,0,0,6.16126999E-06,0.0131763192,left_foot,0.89324826,0.0027877714,right_foot,0.0132187651,1,-3.64679872E-05,-0.0288348179,NONE
4.09,-2.67329833E-05,1.04955328,-0.0288341083,-1.62747426E-06,1.27544599E-05,-3.38362611E-07,0.125884935,1,2.22882159E-06,0.981478989,NaN,NaN,NaN,0,0,0,0,0,0,6.16508851E-06,0.0131759876,left_foot,0.89324826,0.00278774905,right_foot,0.0132187642,1,-1.98365869E-05,-0.0288337376,NONE
4.11,-2.67539945E-05,1.04955328,-0.0288341083,-7.95605956E-07,1.65708352E-05,-2.19701917E-07,0.125884935,1,3.30238163E-06,0.981479049,NaN,NaN,NaN,0,0,0,0,0,0,6.19374077E-06,0.0131761702,left_foot,0.89324826,0.0027877267,right_foot,0.013218699,1,-3.98881602E-05,-0.0288329832,NONE
4.13,-2.67528012E-05,1.04955328,-0.0288341064,2.68276011E-07,1.28009633E-05,-3.30119235E-07,0.125884935,1,2.52080417E-06,0.981478989,NaN,NaN,NaN,0,0,0,0,0,0,6.1819751E-06,0.0131758731,left_foot,0.89324826,0.0027877565,right_foot,0.0132187745,1,-1.80586776E-05,-0.0288335085,NONE
4.15,-2.67377509E-05,1.04955328,-0.0288341064,7.2383574E-07,1.36619483E-05,-1.88994306E-07,0.125884935,1,2.31164404E-06,0.981478989,NaN,NaN,NaN,0,0,0,0,0,0,6.11073892E-06,0.0131756775,left_foot,0.89324826,0.00278781564,right_foot,0.0132187977,1,-2.01836228E-05,-0.0288319197,NONE
4.17,-2.6712718E-05,1.04955328,-0.0288341045,1.4685304E-06,1.64897647E-05,-1.86459104E-07,0.125884935,1,2.81907796E-06,0.981479049,NaN,NaN,NaN,0,0,0,0,0,0,6.17396472E-06,0.0131758424,left_foot,0.89324826,0.0027877267,right_foot,0.0132187642,1,-2.94870661E-05,-0.028832959,NONE
4.19,-2.66747193E-05,1.04955328,-0.0288341027,1.94852987E-06,2.13393396E-05,-1.43029979E-07,0.125884935,1,1.83635689E-06,0.981479049,NaN,NaN,NaN,0,0,0,0,0,0,6.127304E-06,0.0131761376,left_foot,0.89324826,0.00278780819,right_foot,0.0132188536,1,-2.41060261E-05,-0.0288377944,NONE
4.21,-2.66307616E-05,1.04955328,-0.0288341027,2.16287776E-06,1.81661635E-05,-2.32728667E-07,0.125884935,1,2.09024029E-06,0.981478989,NaN,NaN,NaN,0,0,0,0,0,0,6.09059316E-06,0.0131757651,left_foot,0.89324826,0.00278780819,right_foot,0.0132188788,1,-1.92358893E-05,-0.0288364701,NONE
4.23,-2.65796498E-05,1.04955328,-0.0288340971,2.65408335E-06,1.65448182E-05,-2.06324003E-07,0.12588495,1,2.59428043E-06,0.981479049,NaN,NaN,NaN,0,0,0,0,0,0,6.13101292E-06,0.0131758042,left_foot,0.89324826,0.00278768945,right_foot,0.0132187242,1,-2.84568541E-05,-0.028832864,NONE
4.25,-2.65258568E-05,1.04955328,-0.0288340971,2.6004866E-06,2.12248797E-05,-2.05587412E-07,0.12588495,1,1.89286527E-06,0.981479049,NaN,NaN,NaN,0,0,0,0,0,0,6.05335708E-06,0.0131761534,left_foot,0.89324826,0.00278782309,right_foot,0.0132188899,1,-2.13942858E-05,-0.0288377255,NONE
4.27,-2.64763858E-05,1.04955328,-0.0288340971,2.27054488E-06,1.38124542E-05,-3.36496186E-07,0.12588495,1,2.91331912E-06,0.981478989,NaN,NaN,NaN,0,0,0,0,0,0,6.03784383E-06,0.0131763415,left_foot,0.89324826,0.0027877416,right_foot,0.0132188089,1,-2.62330195E-05,-0.0288335513,NONE
4.29,-2.6439282E-05,1.04955328,-0.0288340952,1.85211979E-06,2.04123407E-05,-1.79938368E-07,0.12588495,1,2.84499197E-06,0.981479049,NaN,NaN,NaN,0,0,0,0,0,0,6.04760453E-06,0.0131763332,left_foot,0.89324826,0.00278776395,right_foot,0.013218781,1,-3.30993789E-05,-0.0288352221,NONE
4.31,-2.64053069E-05,1.04955328,-0.0288340971,1.60067316E-06,1.26453269E-05,-4.40471268E-07,0.12588495,1,2.30369028E-06,0.981478989,NaN,NaN,NaN,0,0,0,0,0,0,6.01389729E-06,0.0131758023,left_foot,0.89324826,0.00278776395,right_foot,0.013218849,1,-1.101814E-05,-0.0288332459,NONE
4.33,-2.63807196E-05,1.04955328,-0.0288340971,7.78558956E-07,1.33286539E-05,-3.37392834E-07,0.12588495,1,2.26860175E-06,0.981478989,NaN,NaN,NaN,0,0,0,0,0,0,5.94489575E-06,0.0131755359,left_foot,0.89324826,0.00278784544,right_foot,0.013218821,1,-1.20111063E-05,-0.0288316086,NONE
4.35,-2.63689471E-05,1.04955316,-0.028834099,4.44268807E-07,4.02441628E-06,-5.89498882E-07,0.125884935,1,2.93462131E-06,0.981478989,NaN,NaN,NaN,0,0,0,0,0,0,6.00410021E-06,0.0131752864,left_foot,0.89324826,0.00278766709,right_foot,0.0132186841,1,-1.38135392E-05,-0.0288272705,NONE
4.37,-2.63638813E-05,1.04955316,-0.0288341045,5.69729224E-08,1.44948081E-05,-4.31663494E-07,0.125884935,1,2.24653718E-06,0.981479049,NaN,NaN,NaN,0,0,0,0,0,0,5.98899715E-06,0.0131756021,left_foot,0.89324826,0.00278779352,right_foot,0.0132187046,1,-1.31925963E-05,-0.0288315471,NONE
4.39,-2.63747588E-05,1.04955316,-0.0288341064,-8.2981984E-07,1.41715418E-05,-3.29557935E-07,0.125884935,1,2.41883345E-06,0.981478989,NaN,NaN,NaN,0,0,0,0,0,0,5.95467827E-06,0.0131756049,left_foot,0.89324826,0.00278785289,right_foot,0.0132188024,1,-1.01979122E-05,-0.0288337935,NONE
4.41,-2.63933853E-05,1.04955328,-0.0288341045,-9.72378757E-07,1.43226553E-05,-2.81537098E-07,0.125884935,1,2.72103807E-06,0.981478989,NaN,NaN,NaN,0,0,0,0,0,0,6.03358103E-06,0.0131757176,left_foot,0.89324826,0.00278773415,right_foot,0.0132187167,1,-1.46091625E-05,-0.0288312864,NONE
4.43,-2.64193131E-05,1.04955328,-0.0288341027,-1.4541414E-06,1.35558994E-05,-3.20289729E-07,0.125884935,1,2.26513885E-06,0.981478989,NaN,NaN,NaN,0,0,0,0,0,0,5.97314011E-06,0.0131755946,left_foot,0.893248141,0.00278782309,right_foot,0.0132188313,1,-1.05049739E-05,-0.0288317576,NONE
4.45,-2.6447924E-05,1.04955316,-0.0288341064,-1.53277972E-06,3.1429729E-06,-6.27196812E-07,0.125884935,1,2.70076316E-06,0.981478989,NaN,NaN,NaN,0,0,0,0,0,0,6.04575007E-06,0.0131754121,left_foot,0.893248081,0.00278768945,right_foot,0.0132186897,1,-1.35703713E-05,-0.028827332,NONE
4.47,-2.64799619E-05,1.04955316,-0.0288341083,-1.61356695E-06,1.31145553E-05,-4.19931922E-07,0.125884935,1,2.37681934E-06,0.981479049,NaN,NaN,NaN,0,0,0,0,0,0,6.0449056E-06,0.0131754791,left_foot,0.89324826,0.00278781564,right_foot,0.0132186813,1,-1.52935336E-05,-0.0288309455,NONE
4.49,-2.65133403E-05,1.04955316,-0.0288341064,-1.80098004E-06,1.41451637E-05,-3.03743718E-07,0.125884935,1,2.79800429E-06,0.981478989,NaN,NaN,NaN,0,0,0,0,0,0,6.04842626E-06,0.0131763564,left_foot,0.89324826,0.00278776395,right_foot,0.0132187037,1,-2.80414079E-05,-0.0288340598,NONE
4.51,-2.65513372E-05,1.04955316,-0.0288341064,-1.68353154E-06,2.04540102E-05,-1.16327577E-07,0.125884935,1,3.22877213E-06,0.981479049,NaN,NaN,NaN,0,0,0,0,0,0,6.10343068E-06,0.0131763211,left_foot,0.89324826,0.0027877714,right_foot,0.0132187642,1,-3.59760525E-05,-0.0288344845,NONE
4.53,-2.65759245E-05,1.04955316,-0.0288341064,-1.23050188E-06,1.26422665E-05,-3.70771488E-07,0.125884935,1,2.29552256E-06,0.981478989,NaN,NaN,NaN,0,0,0,0,0,0,6.09354538E-06,0.0131760091,left_foot,0.89324826,0.0027877714,right_foot,0.0132188369,1,-1.68303195E-05,-0.0288334694,NONE
4.55,-2.6596339E-05,1.04955316,-0.0288341083,-8.99805229E-07,1.67030521E-05,-2.36766482E-07,0.125884935,1,3.52731945E-06,0.981479049,NaN,NaN,NaN,0,0,0,0,0,0,6.12510667E-06,0.0131760137,left_foot,0.89324826,0.00278773415,right_foot,0.0132187009,1,-3.67007015E-05,-0.0288327709,NONE
4.57,-2.66034913E-05,1.04955316,-0.0288341045,-2.35079256E-07,1.57701743E-05,-2.59631719E-07,0.125884935,1,2.13052112E-06,0.981479049,NaN,NaN,NaN,0,0,0,0,0,0,6.1245496E-06,0.0131760892,left_foot,0.89324826,0.00278776395,right_foot,0.0132187754,1,-1.65092315E-05,-0.0288348719,NONE
4.59,-2.66045354E-05,1.04955316,-0.0288341083,-1.76907832E-07,1.39516496E-05,-2.40429358E-07,0.125884935,1,2.40239751E-06,0.981478989,NaN,NaN,NaN,0,0,0,0,0,0,6.0606385E-06,0.0131757567,left_foot,0.89324826,0.00278783054,right_foot,0.0132188471,1,-1.59042138E-05,-0.0288334992,NONE
4.61,-2.66027473E-05,1.04955316,-0.0288341027,2.13408242E-07,1.6827109E-05,-1.22613955E-07,0.125884935,1,2.72789339E-06,0.981479049,NaN,NaN,NaN,0,0,0,0,0,0,6.12444092E-06,0.01317586,left_foot,0.89324826,0.0027877267,right_foot,0.0132187372,1,-2.86052255E-05,-0.0288332161,NONE
4.63,-2.65949984E-05,1.04955316,-0.0288341027,2.88374849E-07,2.16284498E-05,-9.9917763E-08,0.125884935,1,2.06646359E-06,0.981479049,NaN,NaN,NaN,0,0,0,0,0,0,6.08440178E-06,0.0131761618,left_foot,0.89324826,0.00278783799,right_foot,0.013218917,1,-2.30637215E-05,-0.0288380831,NONE
4.65,-2.65896342E-05,1.04955316,-0.0288341027,2.56845709E-07,1.96297024E-05,-1.93794122E-07,0.125884935,1,2.04447747E-06,0.981478989,NaN,NaN,NaN,0,0,0,0,0,0,6.05958076E-06,0.0131757483,left_foot,0.89324826,0.00278786034,right_foot,0.0132189477,1,-1.50805181E-05,-0.0288369469,NONE
4.67,-2.65800973E-05,1.04955316,-0.0288340952,5.5811887E-07,1.61524622E-05,-2.21891483E-07,0.12588495,1,2.84890825E-06,0.981479049,NaN,NaN,NaN,0,0,0,0,0,0,6.1075043E-06,0.0131758237,left_foot,0.89324826,0.00278771925,right_foot,0.0132187698,1,-2.78456246E-05,-0.0288334582,NONE
4.69,-2.65659419E-05,1.04955316,-0.0288340971,7.32714113E-07,2.00016184E-05,-2.47817127E-07,0.12588495,1,1.87544276E-06,0.981478989,NaN,NaN,NaN,0,0,0,0,0,0,6.1005926E-06,0.0131763946,left_foot,0.89324826,0.00278777885,right_foot,0.013218848,1,-2.71115605E-05,-0.0288374983,NONE
4.71,-2.65491035E-05,1.04955316,-0.0288340971,6.29211627E-07,1.3494453E-05,-2.7811268E-07,0.12588495,1,2.34694244E-06,0.981478989,NaN,NaN,NaN,0,0,0,0,0,0,6.02529508E-06,0.0131755592,left_foot,0.89324826,0.00278780819,right_foot,0.0132188583,1,-1.30615035E-05,-0.0288318358,NONE
4.73,-2.65315193E-05,1.04955328,-0.0288340952,9.5178234E-07,1.45964532E-05,-2.83799324E-07,0.12588495,1,2.43758268E-06,0.981478989,NaN,NaN,NaN,0,0,0,0,0,0,6.09338167E-06,0.013175929,left_foot,0.89324826,0.0027877267,right_foot,0.013218767,1,-1.78662285E-05,-0.0288313348,NONE
4.75,-2.65131912E-05,1.04955328,-0.0288340971,7.85078726E-07,1.37570478E-05,-3.36191391E-07,0.12588495,1,2.27633905E-06,0.981478989,NaN,NaN,NaN,0,0,0,0,0,0,6.02260434E-06,0.0131756114,left_foot,0.89324826,0.00278783799,right_foot,0.0132188816,1,-1.28623924E-05,-0.0288318694,NONE
4.77,-2.64911378E-05,1.04955316,-0.0288340971,1.0357046E-06,4.20379729E-06,-5.92941717E-07,0.12588495,1,2.51969414E-06,0.981478989,NaN,NaN,NaN,0,0,0,0,0,0,6.07612992E-06,0.0131753059,left_foot,0.89324826,0.00278766709,right_foot,0.0132186841,1,-1.73072913E-05,-0.0288273115,NONE
4.79,-2.64728096E-05,1.04955316,-0.028834099,9.60117518E-07,1.6367143E-05,-3.84136001E-07,0.125884935,1,2.0752077E-06,0.981479049,NaN,NaN,NaN,0,0,0,0,0,0,6.0491052E-06,0.0131756468,left_foot,0.89324826,0.00278781564,right_foot,0.0132187316,1,-2.09330665E-05,-0.028833447,NONE
4.81,-2.64573118E-05,1.04955328,-0.0288341027,6.37717051E-07,2.36373071E-05,-1.70594021E-07,0.125884935,1,3.48923459E-06,0.981479049,NaN,NaN,NaN,0,0,0,0,0,0,6.08044047E-06,0.0131767662,left_foot,0.89324826,0.00278779352,right_foot,0.0132187847,1,-4.18965101E-05,-0.0288385656,NONE
4.83,-2.64477749E-05,1.04955328,-0.028834099,4.12975055E-07,2.16403459E-05,-1.83262884E-07,0.125884935,1,2.06237041E-06,0.981479049,NaN,NaN,NaN,0,0,0,0,0,0,6.02793853E-06,0.0131760025,left_foot,0.89324826,0.00278783799,right_foot,0.0132188974,1,-1.95618959E-05,-0.028837977,NONE
4.85,-2.64447954E-05,1.04955328,-0.028834099,6.01915389E-08,2.39042056E-05,-1.55127637E-07,0.125884935,1,3.57975546E-06,0.981479049,NaN,NaN,NaN,0,0,0,0,0,0,6.07305037E-06,0.0131769143,left_foot,0.89324826,0.00278777885,right_foot,0.013218849,1,-4.15971881E-05,-0.0288389549,NONE
4.87,-2.64436021E-05,1.04955316,-0.0288341064,5.46382424E-08,2.26381835E-05,-3.61103503E-07,0.125884935,1,1.56004899E-06,0.981479049,NaN,NaN,NaN,0,0,0,0,0,0,6.06819958E-06,0.0131766684,left_foot,0.89324826,0.00278780097,right_foot,0.0132188806,1,-2.51880574E-05,-0.0288420431,NONE
4.89,-2.64462851E-05,1.04955316,-0.0288341027,-3.07431321E-07,1.68128718E-05,-2.95324185E-07,0.125884935,1,2.07724997E-06,0.981479049,NaN,NaN,NaN,0,0,0,0,0,0,6.01241527E-06,0.0131757325,left_foot,0.89324826,0.00278783054,right_foot,0.0132188015,1,-1.99692549E-05,-0.0288365372,NONE
4.91,-2.64590999E-05,1.04955328,-0.0288341027,-6.62699051E-07,2.3755123E-05,-1.08731591E-07,0.125884935,1,3.67508414E-06,0.981479049,NaN,NaN,NaN,0,0,0,0,0,0,6.07401489E-06,0.0131767951,left_foot,0.89324826,0.0027877714,right_foot,0.0132187819,1,-4.23513047E-05,-0.0288386643,NONE
4.93,-2.64714672E-05,1.04955328,-0.0288341027,-7.06162439E-07,2.15043929E-05,-1.14806497E-07,0.125884935,1,2.01730154E-06,0.981479049,NaN,NaN,NaN,0,0,0,0,0,0,6.0575785E-06,0.0131760417,left_foot,0.89324826,0.00278782309,right_foot,0.0132189067,1,-1.79442286E-05,-0.0288376827,NONE
4.95,-2.64890514E-05,1.04955328,-0.0288340971,-9.12621601E-07,2.3373681E-05,-1.38990998E-07,0.12588495,1,3.7807763E-06,0.981479049,NaN,NaN,NaN,0,0,0,0,0,0,6.07668289E-06,0.0131769069,left_foot,0.89324826,0.0027877714,right_foot,0.0132188527,1,-4.22104422E-05,-0.028838262,NONE
4.97,-2.65045492E-05,1.04955316,-0.0288341045,-6.48619562E-07,2.22936123E-05,-3.76993768E-07,0.125884935,1,1.74376305E-06,0.981479049,NaN,NaN,NaN,0,0,0,0,0,0,6.10486313E-06,0.013176688,left_foot,0.89324826,0.00278780097,right_foot,0.0132188955,1,-2.54509523E-05,-0.0288416035,NONE
4.99,-2.65169165E-05,1.04955316,-0.0288341027,-7.22049208E-07,1.68423248E-05,-2.79435795E-07,0.125884935,1,2.15478781E-06,0.981479049,NaN,NaN,NaN,0,0,0,0,0,0,6.05528703E-06,0.0131757511,left_foot,0.89324826,0.00278783799,right_foot,0.0132188099,1,-2.32305447E-05,-0.0288358126,NONE
5.01,-2.65355429E-05,1.04955328,-0.0288341045,-8.29332578E-07,2.34307226E-05,-9.44344123E-08,0.125884935,1,3.6277097E-06,0.981479049,NaN,NaN,NaN,0,0,0,0,0,0,6.09660128E-06,0.0131767448,left_foot,0.89324826,0.00278778607,right_foot,0.0132188033,1,-4.25199032E-05,-0.0288381651,NONE
5.03,-2.65480594E-05,1.04955328,-0.0288341027,-6.41266638E-07,2.12483283E-05,-1.24073807E-07,0.125884935,1,2.05522474E-06,0.981479049,NaN,NaN,NaN,0,0,0,0,0,0,6.08440178E-06,0.013176077,left_foot,0.89324826,0.00278782309,right_foot,0.0132189048,1,-2.06539407E-05,-0.0288373213,NONE
5.05,-2.65601302E-05,1.04955328,-0.0288340971,-6.24285633E-07,2.22118288E-05,-1.59924085E-07,0.12588495,1,3.04446121E-06,0.981479049,NaN,NaN,NaN,0,0,0,0,0,0,6.09781682E-06,0.013176647,left_foot,0.89324826,0.00278778607,right_foot,0.0132188639,1,-4.04669081E-05,-0.0288378,NONE
5.07,-2.65651961E-05,1.04955328,-0.0288341027,-1.47273767E-07,1.39531212E-05,-3.77333436E-07,0.125884935,1,2.23420466E-06,0.981478989,NaN,NaN,NaN,0,0,0,0,0,0,6.10006009E-06,0.0131761795,left_foot,0.89324826,0.0027877714,right_foot,0.0132188564,1,-1.79287708E-05,-0.0288338028,NONE
5.09,-2.65675808E-05,1.04955328,-0.0288341027,-2.03035924E-07,1.33362046E-05,-3.06757016E-07,0.125884935,1,2.32564025E-06,0.981478989,NaN,NaN,NaN,0,0,0,0,0,0,6.03942999E-06,0.0131756151,left_foot,0.89324826,0.00278784544,right_foot,0.0132188238,1,-1.57711802E-05,-0.0288318545,NONE
5.11,-2.65647486E-05,1.04955316,-0.028834099,2.18681535E-07,3.95069355E-06,-5.1517776E-07,0.125884935,1,2.8566219E-06,0.981478989,NaN,NaN,NaN,0,0,0,0,0,0,6.09027438E-06,0.0131753609,left_foot,0.89324826,0.00278765243,right_foot,0.013218659,1,-1.88264894E-05,-0.0288273729,NONE
5.13,-2.65556591E-05,1.04955316,-0.0288341027,2.93047805E-07,1.64101857E-05,-3.44479844E-07,0.125884935,1,2.12077248E-06,0.981479049,NaN,NaN,NaN,0,0,0,0,0,0,6.06234653E-06,0.0131756803,left_foot,0.89324826,0.00278782309,right_foot,0.0132187614,1,-2.186641E-05,-0.0288333055,NONE
5.15,-2.65477611E-05,1.04955316,-0.0288341045,2.99741998E-07,1.94928525E-05,-1.69718803E-07,0.125884935,1,2.08445431E-06,0.981478989,NaN,NaN,NaN,0,0,0,0,0,0,6.05335708E-06,0.0131756011,left_foot,0.89324826,0.00278787524,right_foot,0.0132188657,1,-1.35581158E-05,-0.0288371257,NONE
5.17,-2.65394174E-05,1.04955316,-0.028834099,5.46752915E-07,1.59572028E-05,-2.01632389E-07,0.125884935,1,2.81431562E-06,0.981479049,NaN,NaN,NaN,0,0,0,0,0,0,6.09478911E-06,0.0131758852,left_foot,0.89324826,0.00278770435,right_foot,0.0132187577,1,-2.80435852E-05,-0.0288334806,NONE
5.19,-2.65270501E-05,1.04955316,-0.028834099,5.26857434E-07,2.1671327E-05,-1.8035702E-07,0.125884935,1,1.88904073E-06,0.981479049,NaN,NaN,NaN,0,0,0,0,0,0,6.05475543E-06,0.0131761655,left_foot,0.89324826,0.00278783799,right_foot,0.0132188993,1,-2.17498073E-05,-0.0288378801,NONE
5.21,-2.65149793E-05,1.04955316,-0.0288341027,3.22087317E-07,1.95144858E-05,-2.49637083E-07,0.125884935,1,2.08480537E-06,0.981478989,NaN,NaN,NaN,0,0,0,0,0,0,6.0242769E-06,0.0131757669,left_foot,0.89324826,0.00278786034,right_foot,0.0132189309,1,-1.40541242E-05,-0.02883715,NONE
5.23,-2.65082745E-05,1.04955316,-0.028834099,4.44610436E-07,1.65672773E-05,-2.27705684E-07,0.125884935,1,2.76090896E-06,0.981479049,NaN,NaN,NaN,0,0,0,0,0,0,6.08722939E-06,0.0131757995,left_foot,0.89324826,0.00278773415,right_foot,0.0132187624,1,-2.64812315E-05,-0.0288335178,NONE
5.25,-2.65012695E-05,1.04955328,-0.0288340971,2.61184709E-07,3.09369352E-05,-6.4867054E-09,0.12588495,1,1.56271517E-06,0.981479049,NaN,NaN,NaN,0,0,0,0,0,0,6.03928265E-06,0.0131766563,left_foot,0.89324826,0.0027879274,right_foot,0.0132189794,1,-2.03604777E-05,-0.0288418997,NONE
5.27,-2.64868158E-05,1.04955328,-0.028834099,9.00671921E-07,2.0950356E-05,-2.10308201E-07,0.125884935,1,2.48110723E-06,0.981479049,NaN,NaN,NaN,0,0,0,0,0,0,6.1542155E-06,0.0131763509,left_foot,0.89324826,0.00278768083,right_foot,0.0132188275,1,-2.28973713E-05,-0.0288375597,NONE
5.29,-2.64638675E-05,1.04955328,-0.0288340971,1.17613502E-06,2.1141992E-05,-2.42539443E-07,0.12588495,1,2.08603024E-06,0.981479049,NaN,NaN,NaN,0,0,0,0,0,0,6.09287144E-06,0.013176091,left_foot,0.89324826,0.00278777746,right_foot,0.013218835,1,-2.05606884E-05,-0.0288376771,NONE
5.31,-2.64440496E-05,1.04955328,-0.0288340971,7.59178249E-07,1.42730041E-05,-3.33401204E-07,0.12588495,1,2.30826276E-06,0.981478989,NaN,NaN,NaN,0,0,0,0,0,0,6.00604608E-06,0.0131758759,left_foot,0.89324826,0.00278781448,right_foot,0.0132188676,1,-1.38243549E-05,-0.0288340244,NONE
5.33,-2.64346618E-05,1.04955328,-0.0288340952,3.93719972E-07,1.63616223E-05,-2.92053755E-07,0.12588495,1,3.49241532E-06,0.981479049,NaN,NaN,NaN,0,0,0,0,0,0,6.05829791E-06,0.0131761422,left_foot,0.89324826,0.00278771063,right_foot,0.0132187279,1,-3.4670029E-05,-0.0288332347,NONE
5.35,-2.6425274E-05,1.04955328,-0.028834099,4.59529502E-07,1.45893518E-05,-4.09635788E-07,0.125884935,1,2.12139662E-06,0.981478989,NaN,NaN,NaN,0,0,0,0,0,0,6.05528703E-06,0.0131760463,left_foot,0.89324826,0.0027877402,right_foot,0.0132187819,1,-1.68537881E-05,-0.0288339294,NONE
5.37,-2.64212504E-05,1.04955328,-0.0288341027,9.80170327E-08,1.67767503E-05,-2.52120174E-07,0.125884935,1,2.29668558E-06,0.981479049,NaN,NaN,NaN,0,0,0,0,0,0,6.00395242E-06,0.0131754633,left_foot,0.89324826,0.00278777746,right_foot,0.0132187586,1,-1.91855961E-05,-0.0288335215,NONE
5.39,-2.64285518E-05,1.04955328,-0.028834099,-3.71346488E-07,2.36277647E-05,-1.74187022E-07,0.125884935,1,3.6021363E-06,0.981479049,NaN,NaN,NaN,0,0,0,0,0,0,6.05194009E-06,0.0131768761,left_foot,0.89324826,0.0027877402,right_foot,0.013218767,1,-4.14433889E-05,-0.0288386066,NONE
5.41,-2.64355567E-05,1.04955316,-0.0288341027,-3.04237261E-07,2.09107857E-05,-3.99949414E-07,0.125884935,1,2.10827534E-06,0.981479049,NaN,NaN,NaN,0,0,0,0,0,0,6.09366862E-06,0.0131767383,left_foot,0.89324826,0.00278772553,right_foot,0.0132187977,1,-2.96420512E-05,-0.0288413372,NONE
5.43,-2.64430073E-05,1.04955316,-0.0288341045,-5.1134316E-07,1.72656546E-05,-2.90956763E-07,0.125884935,1,2.12168356E-06,0.981479049,NaN,NaN,NaN,0,0,0,0,0,0,6.02652517E-06,0.0131757855,left_foot,0.89324826,0.00278780703,right_foot,0.0132187763,1,-1.95326047E-05,-0.0288362242,NONE
5.45,-2.64590999E-05,1.04955328,-0.0288341045,-8.22292861E-07,2.39789551E-05,-9.03220183E-08,0.125884935,1,3.40084216E-06,0.981479049,NaN,NaN,NaN,0,0,0,0,0,0,6.0655093E-06,0.0131767634,left_foot,0.89324826,0.00278774765,right_foot,0.013218753,1,-4.13181842E-05,-0.0288386736,NONE
5.47,-2.64745977E-05,1.04955328,-0.0288341027,-8.52857625E-07,2.13035491E-05,-1.66275669E-07,0.125884935,1,2.00330783E-06,0.981479049,NaN,NaN,NaN,0,0,0,0,0,0,6.05616242E-06,0.0131759206,left_foot,0.89324826,0.00278779957,right_foot,0.0132188834,1,-1.83830798E-05,-0.0288374014,NONE
5.49,-2.64953105E-05,1.04955328,-0.0288341027,-1.22220206E-06,1.36393055E-05,-3.44398643E-07,0.125884935,1,2.30988576E-06,0.981478989,NaN,NaN,NaN,0,0,0,0,0,0,6.00139992E-06,0.0131758787,left_foot,0.89324826,0.00278781448,right_foot,0.013218876,1,-1.34905731E-05,-0.0288334806,NONE
5.51,-2.65148301E-05,1.04955316,-0.0288341045,-9.59807039E-07,4.28494423E-06,-5.82306086E-07,0.125884935,1,2.74242507E-06,0.981478989,NaN,NaN,NaN,0,0,0,0,0,0,6.07612992E-06,0.0131753813,left_foot,0.89324826,0.00278765848,right_foot,0.0132186497,1,-1.7995786E-05,-0.0288274847,NONE
5.53,-2.65301787E-05,1.04955316,-0.0288341064,-7.72820783E-07,2.10238977E-05,-2.70504046E-07,0.125884935,1,2.20682955E-06,0.981479049,NaN,NaN,NaN,0,0,0,0,0,0,6.09221524E-06,0.0131758386,left_foot,0.89324826,0.00278779957,right_foot,0.0132186916,1,-2.48966317E-05,-0.0288360566,NONE
5.55,-2.65483577E-05,1.04955316,-0.0288341064,-8.88451325E-07,1.75794794E-05,-1.73637943E-07,0.125884935,1,2.23781876E-06,0.981479049,NaN,NaN,NaN,0,0,0,0,0,0,6.05528703E-06,0.0131758284,left_foot,0.89324826,0.00278780703,right_foot,0.0132188136,1,-2.38796474E-05,-0.0288361721,NONE
5.57,-2.65651961E-05,1.04955316,-0.0288341045,-8.91022864E-07,1.79580366E-05,-1.82630814E-07,0.125884935,1,1.98513158E-06,0.981478989,NaN,NaN,NaN,0,0,0,0,0,0,6.03784383E-06,0.0131758125,left_foot,0.89324826,0.00278782193,right_foot,0.0132188657,1,-1.85444205E-05,-0.02883601,NONE
5.59,-2.65760737E-05,1.04955316,-0.0288341027,-4.69143373E-07,1.67950366E-05,-2.13028216E-07,0.125884935,1,2.59945432E-06,0.981479049,NaN,NaN,NaN,0,0,0,0,0,0,6.12444092E-06,0.0131758433,left_foot,0.89324826,0.00278772553,right_foot,0.0132187735,1,-2.73583573E-05,-0.0288332254,NONE
5.61,-2.65818853E-05,1.04955316,-0.028834099,-3.67717803E-07,2.16373646E-05,-1.61203559E-07,0.125884935,1,1.8172658E-06,0.981479049,NaN,NaN,NaN,0,0,0,0,0,0,6.07926268E-06,0.0131762419,left_foot,0.89324826,0.00278782938,right_foot,0.0132188732,1,-2.29599937E-05,-0.0288384482,NONE
5.63,-2.65851631E-05,1.04955316,-0.0288341027,-1.30064947E-07,1.98587495E-05,-2.14866645E-07,0.125884935,1,2.11139263E-06,0.981478989,NaN,NaN,NaN,0,0,0,0,0,0,6.09146355E-06,0.0131762363,left_foot,0.89324826,0.00278778491,right_foot,0.013218862,1,-2.4672283E-05,-0.0288374778,NONE
5.65,-2.65853123E-05,1.04955316,-0.028834099,5.39552332E-08,1.36416447E-05,-2.94652125E-07,0.125884935,1,2.64110076E-06,0.981478989,NaN,NaN,NaN,0,0,0,0,0,0,6.09059316E-06,0.0131761776,left_foot,0.89324826,0.00278773298,right_foot,0.0132187763,1,-2.80997192E-05,-0.0288324654,NONE
5.67,-2.65786075E-05,1.04955316,-0.0288341027,3.21852013E-07,2.00969389E-05,-1.67700847E-07,0.125884935,1,2.16621493E-06,0.981479049,NaN,NaN,NaN,0,0,0,0,0,0,6.08300115E-06,0.0131758181,left_foot,0.89324826,0.00278780703,right_foot,0.0132188331,1,-2.20662077E-05,-0.0288350787,NONE
5.69,-2.65713061E-05,1.04955328,-0.028834099,3.66973353E-07,2.33737956E-05,-1.45288325E-07,0.125884935,1,3.12832162E-06,0.981479049,NaN,NaN,NaN,0,0,0,0,0,0,6.11335008E-06,0.0131768389,left_foot,0.89324832,0.00278774765,right_foot,0.0132188089,1,-4.28657659E-05,-0.0288388208,NONE
5.71,-2.65611725E-05,1.04955328,-0.0288341027,5.81410006E-07,2.13193598E-05,-2.16979316E-07,0.125884935,1,1.96499195E-06,0.981479049,NaN,NaN,NaN,0,0,0,0,0,0,6.09146355E-06,0.0131760333,left_foot,0.89324826,0.00278780703,right_foot,0.0132188918,1,-2.07021621E-05,-0.0288376547,NONE
5.73,-2.65504441E-05,1.04955328,-0.028834099,5.87658747E-07,2.33126721E-05,-1.69196653E-07,0.125884935,1,3.20906588E-06,0.981479049,NaN,NaN,NaN,0,0,0,0,0,0,6.10921279E-06,0.0131767457,left_foot,0.89324826,0.00278774765,right_foot,0.0132187894,1,-4.26783372E-05,-0.0288389027,NONE
5.75,-2.65365852E-05,1.04955316,-0.0288341027,7.19846184E-07,2.02636456E-05,-3.66649033E-07,0.125884935,1,1.69444377E-06,0.981479049,NaN,NaN,NaN,0,0,0,0,0,0,6.07926268E-06,0.0131764663,left_foot,0.89324826,0.00278779957,right_foot,0.0132188741,1,-1.96392011E-05,-0.0288412645,NONE
5.77,-2.65222807E-05,1.04955316,-0.0288341027,6.2214832E-07,1.42343679E-05,-3.28465006E-07,0.125884935,1,2.70717669E-06,0.981478989,NaN,NaN,NaN,0,0,0,0,0,0,6.0637426E-06,0.0131763192,left_foot,0.89324826,0.00278776255,right_foot,0.0132187447,1,-2.70643905E-05,-0.0288342144,NONE
5.79,-2.65081253E-05,1.04955316,-0.0288341027,5.94928963E-07,2.1436239E-05,-1.11020917E-07,0.125884935,1,2.5875911E-06,0.981479049,NaN,NaN,NaN,0,0,0,0,0,0,6.08228902E-06,0.0131764477,left_foot,0.89324826,0.00278777,right_foot,0.0132187679,1,-3.20846229E-05,-0.0288363937,NONE
5.81,-2.64924784E-05,1.04955316,-0.0288341027,7.54374412E-07,1.28340735E-05,-3.27720784E-07,0.125884935,1,2.11968131E-06,0.981478989,NaN,NaN,NaN,0,0,0,0,0,0,6.05628156E-06,0.0131759876,left_foot,0.89324826,0.00278776255,right_foot,0.0132188443,1,-1.35168684E-05,-0.0288334768,NONE
5.83,-2.64816008E-05,1.04955316,-0.0288341027,4.45062199E-07,1.6891765E-05,-1.60454547E-07,0.125884935,1,2.26447924E-06,0.981479049,NaN,NaN,NaN,0,0,0,0,0,0,6.03078342E-06,0.0131754708,left_foot,0.89324826,0.00278779212,right_foot,0.0132187903,1,-2.14255888E-05,-0.0288335364,NONE
5.85,-2.64723622E-05,1.04955328,-0.0288340971,4.31223441E-07,3.280694E-05,5.58636337E-08,0.12588495,1,3.29957834E-06,0.981479049,NaN,NaN,NaN,0,0,0,0,0,0,6.11744827E-06,0.0131774023,left_foot,0.89324826,0.00278781448,right_foot,0.0132188778,1,-4.0709092E-05,-0.0288428068,NONE
5.87,-2.6462676E-05,1.04955328,-0.0288340971,3.95984159E-07,2.12341711E-05,-1.14870744E-07,0.12588495,1,1.99641772E-06,0.981479049,NaN,NaN,NaN,0,0,0,0,0,0,6.04629668E-06,0.0131761078,left_foot,0.89324826,0.00278778491,right_foot,0.0132189542,1,-1.94361055E-05,-0.0288381819,NONE
5.89,-2.64602913E-05,1.04955328,-0.0288340934,6.0110672E-08,2.36679243E-05,-1.80795567E-07,0.12588495,1,3.26570444E-06,0.981479049,NaN,NaN,NaN,0,0,0,0,0,0,6.07898437E-06,0.0131768025,left_foot,0.89324826,0.00278772553,right_foot,0.0132188294,1,-4.16744842E-05,-0.0288385004,NONE
5.91,-2.6460888E-05,1.04955316,-0.0288340971,7.82228682E-09,2.25648273E-05,-4.61801363E-07,0.12588495,1,1.74564377E-06,0.981479049,NaN,NaN,NaN,0,0,0,0,0,0,6.08424671E-06,0.0131766675,left_foot,0.89324826,0.00278777746,right_foot,0.0132188685,1,-2.66071602E-05,-0.0288422164,NONE
5.93,-2.64634218E-05,1.04955316,-0.0288341027,-3.11968847E-07,1.71312149E-05,-3.34944559E-07,0.125884935,1,2.10546591E-06,0.981479049,NaN,NaN,NaN,0,0,0,0,0,0,6.0341149E-06,0.0131757939,left_foot,0.89324826,0.00278780703,right_foot,0.0132187735,1,-2.2100312E-05,-0.0288362037,NONE
5.95,-2.64732553E-05,1.04955316,-0.0288341045,-5.70395173E-07,1.78522005E-05,-3.15015626E-07,0.125884935,1,2.13255635E-06,0.981478989,NaN,NaN,NaN,0,0,0,0,0,0,6.01806323E-06,0.0131756589,left_foot,0.89324826,0.00278781448,right_foot,0.0132188099,1,-1.708946E-05,-0.0288361907,NONE
5.97,-2.64816008E-05,1.04955316,-0.0288341045,-3.76763666E-07,1.67702055E-05,-2.82381279E-07,0.125884935,1,2.87673834E-06,0.981479049,NaN,NaN,NaN,0,0,0,0,0,0,6.0962052E-06,0.0131757883,left_foot,0.89324826,0.00278771808,right_foot,0.0132187149,1,-2.61430177E-05,-0.0288332067,NONE
5.99,-2.64877108E-05,1.04955316,-0.0288341027,-5.29909471E-07,2.15473174E-05,-2.23486126E-07,0.125884935,1,1.85963847E-06,0.981479049,NaN,NaN,NaN,0,0,0,0,0,0,6.03358103E-06,0.0131761581,left_foot,0.89324826,0.00278785173,right_foot,0.0132188601,1,-2.0909145E-05,-0.0288382843,NONE
6.01,-2.65057406E-05,1.04955328,-0.0288341045,-7.50045103E-07,2.33275641E-05,-1.16887769E-07,0.125884935,1,3.65290316E-06,0.981479049,NaN,NaN,NaN,0,0,0,0,0,0,6.10299412E-06,0.0131767895,left_foot,0.89324826,0.0027877551,right_foot,0.0132187931,1,-4.26503902E-05,-0.0288390089,NONE
6.03,-2.6519896E-05,1.04955328,-0.028834099,-7.65138168E-07,2.15932887E-05,-1.77230987E-07,0.125884935,1,1.90870969E-06,0.981479049,NaN,NaN,NaN,0,0,0,0,0,0,6.05475543E-06,0.0131761944,left_foot,0.89324826,0.00278782938,right_foot,0.0132189021,1,-1.99375681E-05,-0.0288382955,NONE
6.05,-2.65288381E-05,1.04955328,-0.0288341027,-3.52793592E-07,1.69884424E-05,-3.15435244E-07,0.125884935,1,2.47118078E-06,0.981479049,NaN,NaN,NaN,0,0,0,0,0,0,6.1316332E-06,0.0131760305,left_foot,0.89324826,0.00278770318,right_foot,0.0132187745,1,-2.49997047E-05,-0.0288349092,NONE
6.07,-2.65294329E-05,1.04955328,-0.0288341045,-1.69978478E-07,2.11202623E-05,-1.93925572E-07,0.125884935,1,1.8974257E-06,0.981479049,NaN,NaN,NaN,0,0,0,0,0,0,6.08440178E-06,0.013175969,left_foot,0.89324826,0.00278782193,right_foot,0.0132188248,1,-2.03713589E-05,-0.0288376994,NONE
6.09,-2.65353938E-05,1.04955328,-0.0288341027,-4.20739582E-07,1.40355105E-05,-3.06343878E-07,0.125884935,1,2.23409984E-06,0.981478989,NaN,NaN,NaN,0,0,0,0,0,0,6.02260434E-06,0.0131758144,left_foot,0.89324826,0.00278784428,right_foot,0.0132188881,1,-1.35166583E-05,-0.0288340356,NONE
6.11,-2.65404597E-05,1.04955316,-0.0288341045,-1.8211729E-07,3.24840198E-06,-5.54319627E-07,0.125884935,1,2.64005234E-06,0.981478989,NaN,NaN,NaN,0,0,0,0,0,0,6.06064305E-06,0.0131754475,left_foot,0.89324826,0.00278767338,right_foot,0.0132186804,1,-1.5188326E-05,-0.028827386,NONE
6.13,-2.6542546E-05,1.04955316,-0.0288341064,-1.58216253E-07,1.50500964E-05,-3.11374293E-07,0.125884935,1,2.15631803E-06,0.981479049,NaN,NaN,NaN,0,0,0,0,0,0,6.05903097E-06,0.0131757203,left_foot,0.89324826,0.00278781448,right_foot,0.0132187158,1,-1.7418959E-05,-0.0288327504,NONE
6.15,-2.65394174E-05,1.04955316,-0.0288341083,2.32375953E-07,1.73049102E-05,-2.21692275E-07,0.125884935,1,2.61691548E-06,0.981479049,NaN,NaN,NaN,0,0,0,0,0,0,6.12022905E-06,0.0131759858,left_foot,0.89324826,0.00278772553,right_foot,0.0132187167,1,-2.69979519E-05,-0.0288354643,NONE
6.17,-2.65306262E-05,1.04955316,-0.0288341064,2.76028771E-07,2.1915268E-05,-1.16035906E-07,0.125884935,1,1.9244967E-06,0.981479049,NaN,NaN,NaN,0,0,0,0,0,0,6.06322101E-06,0.0131761367,left_foot,0.89324826,0.00278784428,right_foot,0.0132188611,1,-2.1111513E-05,-0.0288386121,NONE
6.19,-2.65282415E-05,1.04955316,-0.0288341045,1.20808295E-07,1.43395491E-05,-1.78347136E-07,0.125884935,1,2.64208029E-06,0.981478989,NaN,NaN,NaN,0,0,0,0,0,0,6.05389823E-06,0.0131764449,left_foot,0.89324826,0.00278774765,right_foot,0.0132188145,1,-2.70442906E-05,-0.0288341455,NONE
6.21,-2.65266026E-05,1.04955316,-0.0288341027,1.20165666E-07,2.15284163E-05,-1.04740863E-07,0.125884935,1,2.92580216E-06,0.981479049,NaN,NaN,NaN,0,0,0,0,0,0,6.09638255E-06,0.0131765697,left_foot,0.89324826,0.00278777,right_foot,0.0132188192,1,-3.48493886E-05,-0.0288361795,NONE
6.23,-2.65203435E-05,1.04955316,-0.028834099,4.16892135E-07,1.43705956E-05,-2.99622656E-07,0.125884935,1,2.0417599E-06,0.981478989,NaN,NaN,NaN,0,0,0,0,0,0,6.08214759E-06,0.0131762028,left_foot,0.89324826,0.00278773298,right_foot,0.0132188182,1,-1.80720453E-05,-0.0288342647,NONE
6.25,-2.65109556E-05,1.04955316,-0.028834099,2.86714709E-07,1.67943799E-05,-2.09234059E-07,0.125884935,1,2.35381094E-06,0.981479049,NaN,NaN,NaN,0,0,0,0,0,0,6.04629668E-06,0.0131755667,left_foot,0.89324826,0.00278777746,right_foot,0.0132188005,1,-2.17594879E-05,-0.028833285,NONE
6.27,-2.65099134E-05,1.04955328,-0.028834099,6.62012454E-08,2.39042438E-05,-1.72639972E-07,0.125884935,1,3.62443279E-06,0.981479049,NaN,NaN,NaN,0,0,0,0,0,0,6.08858318E-06,0.0131768566,left_foot,0.89324826,0.00278776255,right_foot,0.013218822,1,-4.26523475E-05,-0.0288384669,NONE
6.29,-2.65067829E-05,1.04955328,-0.0288340971,1.51226828E-07,2.17310771E-05,-2.10973496E-07,0.12588495,1,1.91305207E-06,0.981479049,NaN,NaN,NaN,0,0,0,0,0,0,6.06463527E-06,0.0131760528,left_foot,0.89324826,0.00278779957,right_foot,0.0132188722,1,-1.98408106E-05,-0.028838072,NONE
6.31,-2.6506932E-05,1.04955328,-0.0288340971,2.40190481E-08,2.37983841E-05,-1.53477927E-07,0.12588495,1,3.22222991E-06,0.981479049,NaN,NaN,NaN,0,0,0,0,0,0,6.08858318E-06,0.0131769041,left_foot,0.89324826,0.00278773298,right_foot,0.0132187987,1,-4.27863451E-05,-0.0288389288,NONE
6.33,-2.65038034E-05,1.04955316,-0.0288341027,1.44209466E-07,2.04311091E-05,-4.01680268E-07,0.125884935,1,1.86273189E-06,0.981479049,NaN,NaN,NaN,0,0,0,0,0,0,6.07361699E-06,0.0131764887,left_foot,0.89324826,0.00278780703,right_foot,0.0132188955,1,-1.94241893E-05,-0.028841326,NONE
6.35,-2.65035051E-05,1.04955316,-0.0288341027,-2.16606054E-07,1.39472613E-05,-3.19536809E-07,0.125884935,1,2.30833848E-06,0.981478989,NaN,NaN,NaN,0,0,0,0,0,0,5.99840223E-06,0.0131756896,left_foot,0.89324826,0.00278783683,right_foot,0.0132188052,1,-1.28335969E-05,-0.0288342498,NONE
6.37,-2.6505144E-05,1.04955328,-0.028834099,-1.38919049E-07,1.35421542E-05,-2.49956656E-07,0.125884935,1,2.32126581E-06,0.981478989,NaN,NaN,NaN,0,0,0,0,0,0,6.06940694E-06,0.0131758554,left_foot,0.89324826,0.0027877402,right_foot,0.0132187409,1,-1.42737435E-05,-0.0288314335,NONE
6.39,-2.65093167E-05,1.04955328,-0.028834099,-2.19843699E-07,1.39128206E-05,-2.84742612E-07,0.125884935,1,2.62714252E-06,0.981478989,NaN,NaN,NaN,0,0,0,0,0,0,6.05903097E-06,0.013176159,left_foot,0.89324826,0.0027877402,right_foot,0.0132187838,1,-2.69656157E-05,-0.0288320053,NONE
6.41,-2.6513937E-05,1.04955328,-0.028834099,-2.76991841E-07,2.0439762E-05,-1.82266078E-07,0.125884935,1,2.06385448E-06,0.981479049,NaN,NaN,NaN,0,0,0,0,0,0,6.04962815E-06,0.0131758275,left_foot,0.89324826,0.00278781448,right_foot,0.0132188443,1,-2.00766099E-05,-0.028835373,NONE
6.43,-2.65178096E-05,1.04955328,-0.028834099,-1.82114292E-07,2.26597931E-05,-2.12967663E-07,0.125884935,1,3.40692395E-06,0.981479049,NaN,NaN,NaN,0,0,0,0,0,0,6.12817848E-06,0.0131769106,left_foot,0.89324826,0.00278771808,right_foot,0.0132187884,1,-4.24068203E-05,-0.0288390741,NONE
6.45,-2.6516469E-05,1.04955328,-0.028834099,1.41156875E-07,2.11769911E-05,-2.07138598E-07,0.125884935,1,2.03462855E-06,0.981479049,NaN,NaN,NaN,0,0,0,0,0,0,6.09287144E-06,0.0131760053,left_foot,0.89324826,0.00278780703,right_foot,0.0132188639,1,-1.9206569E-05,-0.0288377032,NONE
6.47,-2.65166182E-05,1.04955328,-0.0288341027,-1.15592641E-07,1.41581822E-05,-3.06261768E-07,0.125884935,1,2.24183964E-06,0.981478989,NaN,NaN,NaN,0,0,0,0,0,0,6.02394539E-06,0.013175834,left_foot,0.89324826,0.00278782938,right_foot,0.0132188899,1,-1.34661514E-05,-0.028834207,NONE
6.49,-2.65125946E-05,1.04955316,-0.0288341045,1.42774724E-07,4.61551645E-06,-5.55261693E-07,0.125884935,1,2.73155592E-06,0.981478989,NaN,NaN,NaN,0,0,0,0,0,0,6.07612992E-06,0.0131754447,left_foot,0.89324826,0.00278765103,right_foot,0.013218658,1,-1.84345699E-05,-0.0288278162,NONE
6.51,-2.65057406E-05,1.04955316,-0.0288341064,3.66971562E-07,2.10748458E-05,-2.58245535E-07,0.125884935,1,2.35622451E-06,0.981479049,NaN,NaN,NaN,0,0,0,0,0,0,6.09345443E-06,0.0131758479,left_foot,0.89324826,0.00278780703,right_foot,0.0132187083,1,-2.51731526E-05,-0.0288358722,NONE
6.53,-2.65011204E-05,1.04955316,-0.028834099,3.06173753E-08,2.15334912E-05,-6.71688127E-08,0.125884935,1,2.00053432E-06,0.981479049,NaN,NaN,NaN,0,0,0,0,0,0,6.02652517E-06,0.0131760156,left_foot,0.89324826,0.00278784428,right_foot,0.0132188546,1,-2.24637024E-05,-0.0288384221,NONE
6.55,-2.65046983E-05,1.04955316,-0.0288341027,-3.51434664E-07,1.9362491E-05,-1.61386794E-07,0.125884935,1,2.11950419E-06,0.981478989,NaN,NaN,NaN,0,0,0,0,0,0,6.01527699E-06,0.0131757362,left_foot,0.89324826,0.00278785173,right_foot,0.0132189663,1,-1.30220214E-05,-0.0288368911,NONE
6.57,-2.65124454E-05,1.04955316,-0.0288340971,-2.75327324E-07,1.58811599E-05,-2.24496617E-07,0.12588495,1,2.68732151E-06,0.981479049,NaN,NaN,NaN,0,0,0,0,0,0,6.07028005E-06,0.0131757902,left_foot,0.89324826,0.00278771808,right_foot,0.013218781,1,-2.56612748E-05,-0.0288330279,NONE
6.59,-2.65163198E-05,1.04955316,-0.028834099,-2.84434265E-07,1.99665083E-05,-2.96636074E-07,0.125884935,1,2.16255512E-06,0.981478989,NaN,NaN,NaN,0,0,0,0,0,0,6.07239235E-06,0.0131762968,left_foot,0.893248141,0.00278779957,right_foot,0.0132188601,1,-2.70177188E-05,-0.0288374722,NONE
6.61,-2.65222807E-05,1.04955316,-0.0288341027,-4.7353501E-07,1.37700154E-05,-2.84088287E-07,0.125884935,1,2.39600513E-06,0.981478989,NaN,NaN,NaN,0,0,0,0,0,0,6.00538533E-06,0.0131755667,left_foot,0.893248141,0.00278781448,right_foot,0.0132188397,1,-1.2595674E-05,-0.0288321991,NONE
6.63,-2.65282415E-05,1.04955316,-0.0288341027,-1.25462762E-07,1.59106203E-05,-3.38127904E-07,0.125884935,1,2.80489849E-06,0.981479049,NaN,NaN,NaN,0,0,0,0,0,0,6.09993276E-06,0.0131757781,left_foot,0.89324826,0.00278769573,right_foot,0.0132187121,1,-2.54523311E-05,-0.0288325027,NONE
6.65,-2.65282415E-05,1.04955316,-0.0288341045,-9.11986149E-08,2.19551675E-05,-3.17821502E-07,0.125884935,1,2.08225856E-06,0.981479049,NaN,NaN,NaN,0,0,0,0,0,0,6.06656158E-06,0.0131760398,left_foot,0.89324826,0.00278785173,right_foot,0.0132188452,1,-2.12494124E-05,-0.0288383849,NONE
6.67,-2.65325634E-05,1.04955328,-0.0288341045,-1.98467518E-07,2.36100459E-05,-1.69005986E-07,0.125884935,1,3.52342886E-06,0.981479049,NaN,NaN,NaN,0,0,0,0,0,0,6.08858318E-06,0.0131768193,left_foot,0.89324826,0.0027877551,right_foot,0.0132187502,1,-4.40108997E-05,-0.0288391616,NONE
6.69,-2.65300296E-05,1.04955328,-0.0288341027,-3.01110354E-08,2.12196301E-05,-1.9629195E-07,0.125884935,1,2.01296757E-06,0.981479049,NaN,NaN,NaN,0,0,0,0,0,0,6.08440178E-06,0.0131760659,left_foot,0.89324826,0.00278780703,right_foot,0.0132188601,1,-1.93627748E-05,-0.0288376901,NONE
6.71,-2.65337549E-05,1.04955328,-0.0288341027,-5.69250851E-08,2.33022529E-05,-1.78742496E-07,0.125884935,1,3.21249786E-06,0.981479049,NaN,NaN,NaN,0,0,0,0,0,0,6.10266216E-06,0.0131768966,left_foot,0.89324826,0.0027877402,right_foot,0.0132187903,1,-4.41870325E-05,-0.028838573,NONE
6.73,-2.65294329E-05,1.04955316,-0.0288341083,1.41990299E-07,2.02823139E-05,-3.96532585E-07,0.125884935,1,1.70718272E-06,0.981479049,NaN,NaN,NaN,0,0,0,0,0,0,6.0806733E-06,0.0131764906,left_foot,0.89324826,0.00278780703,right_foot,0.0132188639,1,-2.00494851E-05,-0.0288411696,NONE
6.75,-2.65303279E-05,1.04955316,-0.0288341064,-1.36630703E-07,1.36916133E-05,-2.97409656E-07,0.125884935,1,2.31487775E-06,0.981478989,NaN,NaN,NaN,0,0,0,0,0,0,6.01252623E-06,0.0131757073,left_foot,0.89324826,0.00278784428,right_foot,0.0132187931,1,-1.41226719E-05,-0.0288340822,NONE
6.77,-2.65283907E-05,1.04955328,-0.0288341027,9.59722186E-08,1.47118835E-05,-1.7637899E-07,0.125884935,1,2.5749091E-06,0.981478989,NaN,NaN,NaN,0,0,0,0,0,0,6.09198287E-06,0.0131756943,left_foot,0.89324826,0.00278773298,right_foot,0.0132187288,1,-1.85425506E-05,-0.0288315061,NONE
6.79,-2.65264534E-05,1.04955328,-0.0288341027,-9.42624325E-08,1.36104727E-05,-2.41190094E-07,0.125884935,1,2.40913141E-06,0.981478989,NaN,NaN,NaN,0,0,0,0,0,0,6.01881948E-06,0.0131755816,left_foot,0.89324826,0.00278779957,right_foot,0.0132188564,1,-1.43483212E-05,-0.0288317855,NONE
6.81,-2.65242179E-05,1.04955316,-0.0288341064,1.8024113E-07,3.98322982E-06,-5.51027824E-07,0.125884935,1,2.86988256E-06,0.981478989,NaN,NaN,NaN,0,0,0,0,0,0,6.06636968E-06,0.0131754279,left_foot,0.89324826,0.00278763752,right_foot,0.0132186702,1,-1.77173442E-05,-0.0288273115,NONE
6.83,-2.65181079E-05,1.04955316,-0.0288341083,1.48384331E-07,1.59427545E-05,-3.51308302E-07,0.125884935,1,2.12651412E-06,0.981479049,NaN,NaN,NaN,0,0,0,0,0,0,6.05475543E-06,0.0131754419,left_foot,0.89324826,0.00278780819,right_foot,0.0132187046,1,-2.16649041E-05,-0.0288330261,NONE
6.85,-2.65188537E-05,1.04955328,-0.0288341064,-4.1034629E-09,2.3731096E-05,-7.83065701E-08,0.125884935,1,3.42576209E-06,0.981479049,NaN,NaN,NaN,0,0,0,0,0,0,6.08956316E-06,0.0131766824,left_foot,0.89324826,0.00278776395,right_foot,0.0132187307,1,-4.23748388E-05,-0.0288389232,NONE
6.87,-2.65169165E-05,1.04955328,-0.0288341045,1.08790019E-07,2.12902269E-05,-9.27045321E-08,0.125884935,1,2.01866533E-06,0.981479049,NaN,NaN,NaN,0,0,0,0,0,0,6.07169295E-06,0.0131760389,left_foot,0.89324826,0.00278781564,right_foot,0.0132188955,1,-1.98524122E-05,-0.0288375709,NONE
6.89,-2.6516469E-05,1.04955328,-0.028834099,2.35885604E-08,2.32873554E-05,-9.46106269E-08,0.125884935,1,3.27100565E-06,0.981479049,NaN,NaN,NaN,0,0,0,0,0,0,6.09781682E-06,0.0131769069,left_foot,0.89324826,0.0027877565,right_foot,0.0132188387,1,-4.23463716E-05,-0.0288384836,NONE
6.91,-2.65125946E-05,1.04955316,-0.0288341045,2.79999057E-07,2.24851337E-05,-3.73054831E-07,0.125884935,1,1.77403831E-06,0.981479049,NaN,NaN,NaN,0,0,0,0,0,0,6.11385849E-06,0.0131766554,left_foot,0.89324826,0.00278780097,right_foot,0.0132189058,1,-2.67659052E-05,-0.0288415197,NONE
6.93,-2.65049948E-05,1.04955316,-0.0288341045,2.02623099E-07,1.74922443E-05,-2.67884445E-07,0.125884935,1,1.96816791E-06,0.981479049,NaN,NaN,NaN,0,0,0,0,0,0,6.04769639E-06,0.0131759038,left_foot,0.89324826,0.00278782309,right_foot,0.0132187959,1,-2.22514009E-05,-0.028837068,NONE
6.95,-2.6506932E-05,1.04955328,-0.0288341045,-1.71957044E-08,2.34147883E-05,-9.94898599E-08,0.125884935,1,3.72731574E-06,0.981479049,NaN,NaN,NaN,0,0,0,0,0,0,6.09596373E-06,0.0131767578,left_foot,0.89324826,0.0027877714,right_foot,0.0132187866,1,-4.2831969E-05,-0.0288383663,NONE
6.97,-2.65061881E-05,1.04955328,-0.028834099,-1.09710633E-07,2.15962646E-05,-1.21952311E-07,0.125884935,1,1.94245831E-06,0.981479049,NaN,NaN,NaN,0,0,0,0,0,0,6.0491052E-06,0.0131760482,left_foot,0.89324826,0.00278783799,right_foot,0.013218917,1,-1.92628831E-05,-0.028838031,NONE
6.99,-2.65036542E-05,1.04955328,-0.028834099,1.58562159E-07,1.63550958E-05,-2.884926E-07,0.125884935,1,2.47032517E-06,0.981479049,NaN,NaN,NaN,0,0,0,0,0,0,6.1005926E-06,0.0131759606,left_foot,0.89324826,0.0027877118,right_foot,0.0132188043,1,-2.5379888E-05,-0.0288345367,NONE
7.01,-2.64972477E-05,1.04955328,-0.028834099,1.9597141E-07,2.14889915E-05,-2.76462089E-07,0.125884935,1,2.10147186E-06,0.981479049,NaN,NaN,NaN,0,0,0,0,0,0,6.06656158E-06,0.0131760137,left_foot,0.89324826,0.00278783799,right_foot,0.0132188648,1,-2.0218371E-05,-0.02883761,NONE
7.03,-2.64963528E-05,1.04955328,-0.0288341027,3.0479999E-08,2.37137465E-05,-1.29372026E-07,0.125884935,1,3.61408456E-06,0.981479049,NaN,NaN,NaN,0,0,0,0,0,0,6.09513063E-06,0.0131768445,left_foot,0.89324826,0.0027877565,right_foot,0.0132187903,1,-4.29891697E-05,-0.0288391449,NONE
7.05,-2.64926275E-05,1.04955316,-0.0288341027,2.00131026E-07,1.86404959E-05,-3.84307953E-07,0.125884935,1,1.80839027E-06,0.981478989,NaN,NaN,NaN,0,0,0,0,0,0,6.08209302E-06,0.0131765949,left_foot,0.89324826,0.00278777885,right_foot,0.0132188555,1,-2.36746491E-05,-0.0288403388,NONE
7.07,-2.64905411E-05,1.04955316,-0.0288341027,-2.78304402E-08,1.37423312E-05,-2.2696122E-07,0.125884935,1,2.37387894E-06,0.981478989,NaN,NaN,NaN,0,0,0,0,0,0,6.00740941E-06,0.0131756328,left_foot,0.89324826,0.00278782309,right_foot,0.0132187987,1,-1.4106512E-05,-0.0288324822,NONE
7.09,-2.64880073E-05,1.04955316,-0.028834099,8.6070628E-08,1.61865973E-05,-1.5920358E-07,0.125884935,1,2.96603753E-06,0.981479049,NaN,NaN,NaN,0,0,0,0,0,0,6.09495737E-06,0.0131757678,left_foot,0.89324826,0.0027877118,right_foot,0.0132187493,1,-2.67962259E-05,-0.0288328715,NONE
7.11,-2.64883056E-05,1.04955316,-0.0288340971,-4.79272693E-08,2.13061612E-05,-1.48393326E-07,0.12588495,1,1.9933168E-06,0.981479049,NaN,NaN,NaN,0,0,0,0,0,0,6.04117122E-06,0.0131762074,left_foot,0.89324826,0.00278784544,right_foot,0.0132189244,1,-2.16246517E-05,-0.0288369041,NONE
7.13,-2.64924784E-05,1.04955328,-0.0288340952,-2.50460801E-07,2.36608485E-05,-1.26388215E-07,0.12588495,1,3.41247755E-06,0.981479049,NaN,NaN,NaN,0,0,0,0,0,0,6.08662731E-06,0.0131768007,left_foot,0.89324826,0.00278774905,right_foot,0.0132188387,1,-4.24204045E-05,-0.0288388748,NONE
7.15,-2.64978426E-05,1.04955328,-0.0288340971,-2.17856083E-07,2.14682332E-05,-2.04146019E-07,0.12588495,1,2.00090312E-06,0.981479049,NaN,NaN,NaN,0,0,0,0,0,0,6.06181538E-06,0.0131760212,left_foot,0.89324826,0.00278782309,right_foot,0.0132189291,1,-1.8721792E-05,-0.0288375113,NONE
7.17,-2.65044E-05,1.04955328,-0.028834099,-3.84976033E-07,1.36092431E-05,-4.54032858E-07,0.125884935,1,2.55968962E-06,0.981478989,NaN,NaN,NaN,0,0,0,0,0,0,6.0449056E-06,0.0131764151,left_foot,0.89324826,0.00278774905,right_foot,0.0132188182,1,-2.76121864E-05,-0.0288332421,NONE
7.19,-2.65145318E-05,1.04955328,-0.028834099,-5.22749133E-07,2.03845902E-05,-2.56218527E-07,0.125884935,1,3.0922015E-06,0.981479049,NaN,NaN,NaN,0,0,0,0,0,0,6.08228902E-06,0.0131763574,left_foot,0.89324826,0.00278778607,right_foot,0.0132187502,1,-3.54805052E-05,-0.0288354326,NONE
7.21,-2.65195995E-05,1.04955328,-0.028834099,-2.76602748E-07,1.39680142E-05,-4.15515558E-07,0.125884935,1,2.23995085E-06,0.981478989,NaN,NaN,NaN,0,0,0,0,0,0,6.07646825E-06,0.0131760482,left_foot,0.89324826,0.00278774905,right_foot,0.0132187894,1,-1.87201076E-05,-0.0288341269,NONE
7.23,-2.65252602E-05,1.04955328,-0.028834099,-3.85935834E-07,1.66808841E-05,-2.83642947E-07,0.125884935,1,2.32389448E-06,0.981479049,NaN,NaN,NaN,0,0,0,0,0,0,6.03646004E-06,0.0131754903,left_foot,0.89324826,0.00278780097,right_foot,0.01321878,1,-2.18545538E-05,-0.0288330391,NONE
7.25,-2.65336057E-05,1.04955328,-0.0288341027,-4.70725439E-07,1.84422479E-05,-3.25359423E-07,0.125884935,1,2.04520984E-06,0.981478989,NaN,NaN,NaN,0,0,0,0,0,0,6.0482289E-06,0.0131757585,left_foot,0.89324826,0.00278783799,right_foot,0.0132188676,1,-1.80719962E-05,-0.028836228,NONE
7.27,-2.65358412E-05,1.04955328,-0.0288341027,-4.20554436E-08,1.66935934E-05,-2.69785573E-07,0.125884935,1,2.57124907E-06,0.981479049,NaN,NaN,NaN,0,0,0,0,0,0,6.11547011E-06,0.0131757269,left_foot,0.89324826,0.00278771925,right_foot,0.0132187186,1,-2.63211823E-05,-0.0288331509,NONE
7.29,-2.65365852E-05,1.04955328,-0.0288341027,-1.6980584E-08,2.18300593E-05,-2.38828477E-07,0.125884935,1,1.92000152E-06,0.981479049,NaN,NaN,NaN,0,0,0,0,0,0,6.05475543E-06,0.0131761823,left_foot,0.89324826,0.00278785289,right_foot,0.0132188732,1,-2.14393312E-05,-0.0288382992,NONE
7.31,-2.6531221E-05,1.04955328,-0.028834099,3.56648371E-07,1.67239305E-05,-2.96386531E-07,0.125884935,1,2.75414345E-06,0.981479049,NaN,NaN,NaN,0,0,0,0,0,0,6.12022905E-06,0.0131760789,left_foot,0.89324826,0.00278770435,right_foot,0.0132187381,1,-2.65849994E-05,-0.0288352668,NONE
7.33,-2.6521684E-05,1.04955328,-0.0288341027,3.69070477E-07,2.14495703E-05,-2.41623695E-07,0.125884935,1,2.19476169E-06,0.981479049,NaN,NaN,NaN,0,0,0,0,0,0,6.06514777E-06,0.0131760342,left_foot,0.89324826,0.00278783799,right_foot,0.0132188629,1,-2.16256922E-05,-0.0288377348,NONE
7.35,-2.6515725E-05,1.04955328,-0.0288341027,1.95624608E-07,2.17458091E-05,-1.7897608E-07,0.125884935,1,3.32986997E-06,0.981479049,NaN,NaN,NaN,0,0,0,0,0,0,6.07524362E-06,0.0131767141,left_foot,0.89324826,0.0027877565,right_foot,0.0132187894,1,-4.00234239E-05,-0.0288379546,NONE
7.37,-2.65075287E-05,1.04955328,-0.0288341045,3.76345781E-07,1.29792625E-05,-3.5148048E-07,0.125884935,1,2.20290985E-06,0.981478989,NaN,NaN,NaN,0,0,0,0,0,0,6.0807738E-06,0.0131758908,left_foot,0.89324826,0.0027877565,right_foot,0.0132188136,1,-1.43123416E-05,-0.0288335178,NONE
7.39,-2.65046983E-05,1.04955328,-0.0288341064,-1.18361421E-09,1.36355657E-05,-2.94008714E-07,0.125884935,1,2.32612342E-06,0.981478989,NaN,NaN,NaN,0,0,0,0,0,0,5.98933093E-06,0.0131756188,left_foot,0.89324826,0.00278783799,right_foot,0.0132188192,1,-1.47609344E-05,-0.0288318358,NONE
7.41,-2.6501717E-05,1.04955328,-0.0288341027,1.41453825E-07,1.62043962E-05,-2.26471656E-07,0.125884935,1,2.83691224E-06,0.981479049,NaN,NaN,NaN,0,0,0,0,0,0,6.09478911E-06,0.0131758219,left_foot,0.89324826,0.00278768945,right_foot,0.013218686,1,-2.65251838E-05,-0.0288327523,NONE
7.43,-2.64990358E-05,1.04955328,-0.0288341027,2.47745913E-08,2.18602963E-05,-2.15259135E-07,0.125884935,1,1.90300091E-06,0.981479049,NaN,NaN,NaN,0,0,0,0,0,0,6.04398247E-06,0.0131761637,left_foot,0.89324826,0.00278783799,right_foot,0.013218875,1,-2.15802847E-05,-0.0288380627,NONE
7.45,-2.65014187E-05,1.04955328,-0.028834099,-2.11243261E-07,1.40811771E-05,-2.76935708E-07,0.125884935,1,2.54277097E-06,0.981478989,NaN,NaN,NaN,0,0,0,0,0,0,6.0449056E-06,0.0131763229,left_foot,0.89324826,0.0027877565,right_foot,0.0132187996,1,-2.52501359E-05,-0.0288340375,NONE
7.47,-2.65081253E-05,1.04955328,-0.028834099,-2.93566984E-07,2.15128584E-05,-1.68395573E-07,0.125884935,1,2.93393123E-06,0.981479049,NaN,NaN,NaN,0,0,0,0,0,0,6.09077097E-06,0.0131763881,left_foot,0.89324826,0.0027877714,right_foot,0.0132188043,1,-3.35179793E-05,-0.0288358964,NONE
7.49,-2.6506932E-05,1.04955328,-0.028834099,-8.72379076E-08,1.26718487E-05,-3.49237638E-07,0.125884935,1,2.17829302E-06,0.981478989,NaN,NaN,NaN,0,0,0,0,0,0,6.05765172E-06,0.0131758759,left_foot,0.89324826,0.0027877565,right_foot,0.0132188313,1,-1.35886467E-05,-0.0288333967,NONE
7.51,-2.65140843E-05,1.04955328,-0.028834099,-4.66352361E-07,1.36182889E-05,-2.68089053E-07,0.125884935,1,2.37402901E-06,0.981478989,NaN,NaN,NaN,0,0,0,0,0,0,6.00981139E-06,0.013175521,left_foot,0.89324826,0.00278783799,right_foot,0.0132188415,1,-1.37697698E-05,-0.0288314875,NONE
7.53,-2.6519152E-05,1.04955316,-0.0288341027,-2.25585538E-07,4.40690383E-06,-5.28823364E-07,0.125884935,1,2.734497E-06,0.981478989,NaN,NaN,NaN,0,0,0,0,0,0,6.07612992E-06,0.0131754111,left_foot,0.89324826,0.00278765964,right_foot,0.0132186953,1,-1.82313288E-05,-0.0288275387,NONE
7.55,-2.65206418E-05,1.04955316,-0.0288341027,-2.69660241E-08,2.1392234E-05,-2.4276207E-07,0.125884935,1,2.12355621E-06,0.981479049,NaN,NaN,NaN,0,0,0,0,0,0,6.09057497E-06,0.0131759066,left_foot,0.89324826,0.00278782309,right_foot,0.0132187419,1,-2.44395596E-05,-0.0288357809,NONE
7.57,-2.65222807E-05,1.04955316,-0.0288341027,-9.95074245E-08,2.14436786E-05,-1.37982042E-07,0.125884935,1,2.93584185E-06,0.981479049,NaN,NaN,NaN,0,0,0,0,0,0,6.09976905E-06,0.0131766871,left_foot,0.89324826,0.00278778607,right_foot,0.0132188173,1,-3.58709731E-05,-0.0288381018,NONE
7.59,-2.65212384E-05,1.04955316,-0.028834099,6.94861484E-08,1.27194726E-05,-3.19338568E-07,0.125884935,1,2.5098575E-06,0.981478989,NaN,NaN,NaN,0,0,0,0,0,0,6.07178436E-06,0.0131757865,left_foot,0.89324826,0.0027877565,right_foot,0.0132188285,1,-1.41186883E-05,-0.0288330521,NONE
7.61,-2.65204926E-05,1.04955316,-0.0288341027,-1.37183719E-07,1.65445945E-05,-2.11668336E-07,0.125884935,1,2.28689623E-06,0.981479049,NaN,NaN,NaN,0,0,0,0,0,0,6.03702119E-06,0.0131756859,left_foot,0.89324826,0.00278780097,right_foot,0.0132188182,1,-2.28415938E-05,-0.0288330596,NONE
7.63,-2.65264534E-05,1.04955316,-0.0288341027,-2.88364333E-07,1.85282952E-05,-2.79667461E-07,0.125884935,1,2.00822251E-06,0.981478989,NaN,NaN,NaN,0,0,0,0,0,0,6.0327211E-06,0.0131758088,left_foot,0.89324826,0.00278781564,right_foot,0.0132188592,1,-1.78155533E-05,-0.0288364571,NONE
7.65,-2.65249637E-05,1.04955316,-0.028834099,3.80853216E-08,1.6179365E-05,-3.01202704E-07,0.125884935,1,2.70126475E-06,0.981479049,NaN,NaN,NaN,0,0,0,0,0,0,6.11610994E-06,0.0131757986,left_foot,0.89324826,0.00278771925,right_foot,0.0132187363,1,-2.57740194E-05,-0.0288325027,NONE
7.67,-2.65228773E-05,1.04955316,-0.0288341027,6.44914788E-09,1.76302201E-05,-3.16322001E-07,0.125884935,1,2.04754156E-06,0.981479049,NaN,NaN,NaN,0,0,0,0,0,0,6.06181538E-06,0.0131757986,left_foot,0.89324826,0.00278780819,right_foot,0.0132188313,1,-2.19419726E-05,-0.028835427,NONE
7.69,-2.65282415E-05,1.04955328,-0.028834099,-1.71647088E-07,2.36882734E-05,-1.59193021E-07,0.125884935,1,3.47997729E-06,0.981479049,NaN,NaN,NaN,0,0,0,0,0,0,6.08858318E-06,0.0131768379,left_foot,0.89324826,0.00278777885,right_foot,0.0132187819,1,-4.35459624E-05,-0.0288384352,NONE
7.71,-2.65283907E-05,1.04955328,-0.0288341027,-1.79182997E-08,2.16595399E-05,-2.31544874E-07,0.125884935,1,2.00471709E-06,0.981479049,NaN,NaN,NaN,0,0,0,0,0,0,6.07593802E-06,0.0131760268,left_foot,0.89324826,0.00278782309,right_foot,0.0132189021,1,-1.98852831E-05,-0.0288375281,NONE
7.73,-2.65301787E-05,1.04955328,-0.028834099,-6.10664728E-08,2.32096099E-05,-1.87902927E-07,0.125884935,1,3.26290001E-06,0.981479049,NaN,NaN,NaN,0,0,0,0,0,0,6.11002588E-06,0.0131767681,left_foot,0.89324826,0.0027877565,right_foot,0.0132187922,1,-4.22562989E-05,-0.0288386568,NONE
7.75,-2.6527794E-05,1.04955316,-0.0288341064,9.79970878E-08,2.25971035E-05,-3.52133355E-07,0.125884935,1,1.68391216E-06,0.981479049,NaN,NaN,NaN,0,0,0,0,0,0,6.09781682E-06,0.0131766666,left_foot,0.893248141,0.00278781564,right_foot,0.0132188825,1,-2.7218648E-05,-0.0288423132,NONE
7.77,-2.65252602E-05,1.04955316,-0.0288341045,-4.67824677E-08,1.69590785E-05,-2.41177048E-07,0.125884935,1,2.28681324E-06,0.981479049,NaN,NaN,NaN,0,0,0,0,0,0,6.04629668E-06,0.0131758135,left_foot,0.893248141,0.00278782309,right_foot,0.0132187959,1,-2.25315871E-05,-0.028835807,NONE
7.79,-2.65292838E-05,1.04955316,-0.0288341064,-1.95647587E-07,1.82900822E-05,-1.63204888E-07,0.125884935,1,2.04379899E-06,0.981478989,NaN,NaN,NaN,0,0,0,0,0,0,6.03358103E-06,0.0131757446,left_foot,0.89324826,0.00278782309,right_foot,0.013218848,1,-1.71473857E-05,-0.02883677,NONE
7.81,-2.65276449E-05,1.04955316,-0.0288341045,1.14079391E-07,1.62722681E-05,-2.00382487E-07,0.125884935,1,2.66103052E-06,0.981479049,NaN,NaN,NaN,0,0,0,0,0,0,6.10134794E-06,0.0131758591,left_foot,0.89324826,0.00278771925,right_foot,0.013218767,1,-2.69410466E-05,-0.0288327932,NONE
7.83,-2.65227281E-05,1.04955316,-0.0288341027,8.27582056E-08,2.12193972E-05,-2.21995307E-07,0.125884935,1,1.93863275E-06,0.981479049,NaN,NaN,NaN,0,0,0,0,0,0,6.06181538E-06,0.013176159,left_foot,0.89324826,0.00278786034,right_foot,0.0132189002,1,-2.12735304E-05,-0.0288376994,NONE
7.85,-2.65181079E-05,1.04955316,-0.0288341064,4.53311486E-07,1.71758475E-05,-2.87986524E-07,0.125884935,1,2.54206611E-06,0.981479049,NaN,NaN,NaN,0,0,0,0,0,0,6.10326242E-06,0.0131759942,left_foot,0.89324826,0.00278771925,right_foot,0.0132187596,1,-2.59990866E-05,-0.0288349744,NONE
7.87,-2.65067829E-05,1.04955316,-0.0288341045,4.64702907E-07,2.12222767E-05,-1.96555504E-07,0.125884935,1,1.8589833E-06,0.981479049,NaN,NaN,NaN,0,0,0,0,0,0,6.07028005E-06,0.0131760556,left_foot,0.89324826,0.00278783054,right_foot,0.0132188294,1,-2.28371155E-05,-0.0288379565,NONE
7.89,-2.6500973E-05,1.04955328,-0.0288341045,3.35143426E-07,2.36122651E-05,-1.11192072E-07,0.125884935,1,3.79380799E-06,0.981479049,NaN,NaN,NaN,0,0,0,0,0,0,6.10121106E-06,0.0131769376,left_foot,0.89324826,0.0027877565,right_foot,0.0132187996,1,-4.35654547E-05,-0.028838845,NONE
7.91,-2.64912869E-05,1.04955328,-0.0288341027,3.87321592E-07,2.17514898E-05,-1.71154142E-07,0.125884935,1,2.06253458E-06,0.981479049,NaN,NaN,NaN,0,0,0,0,0,0,6.05668492E-06,0.0131760174,left_foot,0.89324826,0.00278780819,right_foot,0.0132188825,1,-1.99263341E-05,-0.0288377628,NONE
7.93,-2.64872633E-05,1.04955328,-0.028834099,1.62846192E-07,2.19330905E-05,-1.94679757E-07,0.125884935,1,3.14678141E-06,0.981479049,NaN,NaN,NaN,0,0,0,0,0,0,6.08517257E-06,0.0131765846,left_foot,0.89324826,0.0027877714,right_foot,0.0132188313,1,-3.81776154E-05,-0.028837705,NONE
7.95,-2.64813025E-05,1.04955328,-0.028834099,3.4581717E-07,1.40085276E-05,-3.60543822E-07,0.125884935,1,2.11112388E-06,0.981478989,NaN,NaN,NaN,0,0,0,0,0,0,6.06940694E-06,0.0131760892,left_foot,0.89324826,0.0027877416,right_foot,0.0132188061,1,-1.82950225E-05,-0.0288340896,NONE
7.97,-2.64766841E-05,1.04955328,-0.0288341027,6.71664182E-08,1.3817451E-05,-2.64276906E-07,0.125884935,1,2.37309837E-06,0.981478989,NaN,NaN,NaN,0,0,0,0,0,0,6.00919702E-06,0.0131755825,left_foot,0.893248141,0.00278782309,right_foot,0.013218822,1,-1.36028766E-05,-0.0288318545,NONE
7.99,-2.64726605E-05,1.04955328,-0.0288341027,2.26531142E-07,1.62337656E-05,-2.67193144E-07,0.125884935,1,2.84940779E-06,0.981479049,NaN,NaN,NaN,0,0,0,0,0,0,6.08773098E-06,0.013175779,left_foot,0.89324826,0.0027876969,right_foot,0.0132187204,1,-2.66573752E-05,-0.028832389,NONE
8.01,-2.64680402E-05,1.04955316,-0.0288341045,1.37454066E-07,2.08540532E-05,-2.82642389E-07,0.125884935,1,1.89261289E-06,0.981479049,NaN,NaN,NaN,0,0,0,0,0,0,6.04769639E-06,0.013176118,left_foot,0.89324826,0.00278783054,right_foot,0.0132188527,1,-2.05958258E-05,-0.0288379751,NONE
8.03,-2.64710216E-05,1.04955328,-0.028834099,-1.59204987E-07,2.32644816E-05,-1.28605194E-07,0.125884935,1,3.66382346E-06,0.981479049,NaN,NaN,NaN,0,0,0,0,0,0,6.07898437E-06,0.0131768063,left_foot,0.89324826,0.0027877416,right_foot,0.0132187502,1,-4.20848446E-05,-0.0288388114,NONE
8.05,-2.64745977E-05,1.04955328,-0.0288341027,-3.26429273E-07,2.16015032E-05,-1.96426498E-07,0.125884935,1,1.81401572E-06,0.981479049,NaN,NaN,NaN,0,0,0,0,0,0,6.02512E-06,0.0131761264,left_foot,0.89324826,0.00278782309,right_foot,0.0132189132,1,-1.83425382E-05,-0.0288378038,NONE
8.07,-2.64883056E-05,1.04955328,-0.0288340971,-6.72693602E-07,2.17601482E-05,-2.26406755E-07,0.12588495,1,3.26453846E-06,0.981479049,NaN,NaN,NaN,0,0,0,0,0,0,6.06676758E-06,0.0131765623,left_foot,0.89324826,0.00278776395,right_foot,0.0132188136,1,-3.81936879E-05,-0.0288376492,NONE
8.09,-2.64962036E-05,1.04955328,-0.0288341027,-5.27385339E-07,1.27724525E-05,-4.47611086E-07,0.125884935,1,2.1625267E-06,0.981478989,NaN,NaN,NaN,0,0,0,0,0,0,6.05765172E-06,0.0131759513,left_foot,0.89324826,0.00278777885,right_foot,0.0132188387,1,-1.32470195E-05,-0.0288335979,NONE
8.11,-2.65094659E-05,1.04955328,-0.0288341027,-9.20703599E-07,1.40010388E-05,-3.00713964E-07,0.125884935,1,2.40100894E-06,0.981478989,NaN,NaN,NaN,0,0,0,0,0,0,5.99703708E-06,0.0131754689,left_foot,0.89324826,0.00278783799,right_foot,0.0132187894,1,-1.44000023E-05,-0.0288318265,NONE
8.13,-2.65240687E-05,1.04955316,-0.0288341045,-6.81313452E-07,3.73477496E-06,-5.46669696E-07,0.125884935,1,3.00212582E-06,0.981478989,NaN,NaN,NaN,0,0,0,0,0,0,6.07805305E-06,0.0131753311,left_foot,0.893248141,0.00278765243,right_foot,0.0132186608,1,-1.87109617E-05,-0.028827304,NONE
8.15,-2.65342023E-05,1.04955316,-0.0288341064,-4.70170193E-07,1.4987324E-05,-3.32659539E-07,0.125884935,1,2.50999233E-06,0.981479049,NaN,NaN,NaN,0,0,0,0,0,0,6.0637426E-06,0.0131757073,left_foot,0.89324826,0.00278781564,right_foot,0.0132187204,1,-1.62140514E-05,-0.0288321003,NONE
8.17,-2.65415038E-05,1.04955316,-0.0288341045,-4.97913618E-07,1.44194682E-05,-2.67879017E-07,0.125884935,1,2.64117057E-06,0.981478989,NaN,NaN,NaN,0,0,0,0,0,0,6.06748108E-06,0.0131764123,left_foot,0.89324826,0.00278777885,right_foot,0.0132187605,1,-2.83786921E-05,-0.0288341641,NONE
8.19,-2.65510407E-05,1.04955316,-0.0288341045,-3.85259369E-07,2.13975181E-05,-8.66799255E-08,0.125884935,1,3.07929417E-06,0.981479049,NaN,NaN,NaN,0,0,0,0,0,0,6.10486313E-06,0.013176389,left_foot,0.89324826,0.00278778607,right_foot,0.0132188015,1,-3.34137585E-05,-0.028836187,NONE
8.21,-2.65517847E-05,1.04955316,-0.028834099,-5.81396442E-08,1.27951089E-05,-3.03107498E-07,0.125884935,1,2.36801816E-06,0.981478989,NaN,NaN,NaN,0,0,0,0,0,0,6.07885204E-06,0.0131759727,left_foot,0.89324826,0.00278777885,right_foot,0.0132188639,1,-1.49867428E-05,-0.028833326,NONE
8.23,-2.65543185E-05,1.04955316,-0.028834099,-1.55182988E-07,1.68903534E-05,-1.77427708E-07,0.125884935,1,2.35480297E-06,0.981479049,NaN,NaN,NaN,0,0,0,0,0,0,6.05765172E-06,0.0131755751,left_foot,0.89324826,0.00278780819,right_foot,0.0132188303,1,-2.23324441E-05,-0.0288333297,NONE
8.25,-2.65568524E-05,1.04955316,-0.028834099,-1.71951029E-07,1.84315359E-05,-2.34344711E-07,0.125884935,1,2.09831546E-06,0.981478989,NaN,NaN,NaN,0,0,0,0,0,0,6.03977924E-06,0.013175793,left_foot,0.89324826,0.00278782309,right_foot,0.0132188937,1,-1.82664935E-05,-0.028836038,NONE
8.27,-2.65546169E-05,1.04955316,-0.0288341027,2.11167006E-07,1.68128408E-05,-3.0675335E-07,0.125884935,1,2.75545267E-06,0.981479049,NaN,NaN,NaN,0,0,0,0,0,0,6.10699499E-06,0.0131760091,left_foot,0.89324826,0.00278771925,right_foot,0.0132187689,1,-2.75816838E-05,-0.0288330931,NONE
8.29,-2.65479102E-05,1.04955316,-0.0288341027,2.7158643E-07,2.20927395E-05,-2.57120604E-07,0.125884935,1,1.83003795E-06,0.981479049,NaN,NaN,NaN,0,0,0,0,0,0,6.0637426E-06,0.0131761059,left_foot,0.89324826,0.00278786034,right_foot,0.0132188667,1,-2.268752E-05,-0.0288383141,NONE
8.31,-2.65450799E-05,1.04955328,-0.028834099,2.12003286E-07,2.35704447E-05,-1.64206043E-07,0.125884935,1,3.57489762E-06,0.981479049,NaN,NaN,NaN,0,0,0,0,0,0,6.10217103E-06,0.0131768277,left_foot,0.89324826,0.00278777885,right_foot,0.0132188052,1,-4.31057524E-05,-0.0288388133,NONE
8.33,-2.65401613E-05,1.04955328,-0.0288340971,3.17188807E-07,2.14293013E-05,-1.97987632E-07,0.12588495,1,2.03114882E-06,0.981479049,NaN,NaN,NaN,0,0,0,0,0,0,6.06887625E-06,0.0131760249,left_foot,0.89324826,0.00278783054,right_foot,0.0132189076,1,-1.94925906E-05,-0.0288374871,NONE
8.35,-2.65337549E-05,1.04955328,-0.028834099,2.6517381E-07,1.40615703E-05,-3.61796765E-07,0.125884935,1,2.6275136E-06,0.981478989,NaN,NaN,NaN,0,0,0,0,0,0,6.06609501E-06,0.0131764477,left_foot,0.89324826,0.00278774905,right_foot,0.0132188201,1,-2.62063131E-05,-0.0288336687,NONE
8.37,-2.65301787E-05,1.04955328,-0.0288341027,3.05871453E-07,2.16989356E-05,-2.13126569E-07,0.125884935,1,2.84627845E-06,0.981479049,NaN,NaN,NaN,0,0,0,0,0,0,6.09781682E-06,0.0131763425,left_foot,0.89324826,0.0027877714,right_foot,0.0132187707,1,-3.47893947E-05,-0.0288359523,NONE
8.39,-2.65188537E-05,1.04955328,-0.0288341045,5.18316256E-07,1.52978027E-05,-3.60184998E-07,0.125884935,1,2.07824928E-06,0.981478989,NaN,NaN,NaN,0,0,0,0,0,0,6.07315997E-06,0.0131760044,left_foot,0.89324826,0.00278778607,right_foot,0.0132188294,1,-1.40821321E-05,-0.0288345106,NONE
8.41,-2.65128929E-05,1.04955328,-0.0288341027,1.24645055E-07,1.35977216E-05,-2.87047868E-07,0.125884935,1,2.38303119E-06,0.981478989,NaN,NaN,NaN,0,0,0,0,0,0,5.99433361E-06,0.0131754624,left_foot,0.89324826,0.00278785289,right_foot,0.0132188313,1,-1.40846514E-05,-0.0288321879,NONE
8.43,-2.65064864E-05,1.04955316,-0.0288341027,2.66611693E-07,4.0194027E-06,-5.72091039E-07,0.125884935,1,2.63212337E-06,0.981478989,NaN,NaN,NaN,0,0,0,0,0,0,6.0606385E-06,0.0131753283,left_foot,0.89324826,0.00278767454,right_foot,0.0132186878,1,-1.68889546E-05,-0.0288272742,NONE
8.45,-2.64994815E-05,1.04955316,-0.0288341027,1.42479664E-07,1.62717242E-05,-3.39924554E-07,0.125884935,1,2.13189742E-06,0.981479049,NaN,NaN,NaN,0,0,0,0,0,0,6.04962815E-06,0.0131755071,left_foot,0.89324826,0.00278781564,right_foot,0.0132187176,1,-2.16750395E-05,-0.0288335793,NONE
8.47,-2.64994815E-05,1.04955316,-0.0288341045,-2.58031765E-08,1.85277058E-05,-2.09053425E-07,0.125884935,1,2.07793232E-06,0.981478989,NaN,NaN,NaN,0,0,0,0,0,0,6.03358103E-06,0.0131757651,left_foot,0.89324826,0.00278783799,right_foot,0.0132188303,1,-1.75918067E-05,-0.0288368575,NONE
8.49,-2.64951614E-05,1.04955316,-0.028834099,1.82151922E-07,1.65012334E-05,-1.59309522E-07,0.125884935,1,2.83915256E-06,0.981479049,NaN,NaN,NaN,0,0,0,0,0,0,6.09762992E-06,0.0131757911,left_foot,0.89324826,0.0027877267,right_foot,0.0132187642,1,-2.70100791E-05,-0.0288331285,NONE
8.51,-2.64924784E-05,1.04955316,-0.0288341027,7.43457846E-08,2.12847408E-05,-2.00925911E-07,0.125884935,1,1.75079094E-06,0.981479049,NaN,NaN,NaN,0,0,0,0,0,0,6.03217813E-06,0.0131761832,left_foot,0.89324826,0.00278784544,right_foot,0.0132189244,1,-2.04313856E-05,-0.0288376641,NONE
8.53,-2.64954579E-05,1.04955316,-0.028834099,-1.72551196E-07,1.41279406E-05,-3.2509962E-07,0.125884935,1,2.66564416E-06,0.981478989,NaN,NaN,NaN,0,0,0,0,0,0,6.05196783E-06,0.0131764002,left_foot,0.89324826,0.00278776395,right_foot,0.0132188117,1,-2.67435153E-05,-0.0288341139,NONE
8.55,-2.64997798E-05,1.04955316,-0.0288341045,-1.86285519E-07,2.16815497E-05,-1.96619141E-07,0.125884935,1,3.07316463E-06,0.981479049,NaN,NaN,NaN,0,0,0,0,0,0,6.09077097E-06,0.0131765008,left_foot,0.89324826,0.00278778607,right_foot,0.0132187996,1,-3.36895137E-05,-0.0288360137,NONE
8.57,-2.64975442E-05,1.04955316,-0.028834099,5.98848402E-08,1.42849221E-05,-3.43872813E-07,0.125884935,1,2.15991372E-06,0.981478989,NaN,NaN,NaN,0,0,0,0,0,0,6.08353002E-06,0.013176023,left_foot,0.893248141,0.0027877565,right_foot,0.0132187996,1,-1.86453399E-05,-0.0288340561,NONE
8.59,-2.64978426E-05,1.04955316,-0.0288341027,-8.34127221E-08,1.67735889E-05,-2.49345618E-07,0.125884935,1,2.25590816E-06,0.981479049,NaN,NaN,NaN,0,0,0,0,0,0,6.0341149E-06,0.0131755713,left_foot,0.89324826,0.00278780097,right_foot,0.013218808,1,-2.09639547E-05,-0.0288332477,NONE
8.61,-2.6505144E-05,1.04955328,-0.028834099,-3.02210594E-07,2.33677583E-05,-1.53308349E-07,0.125884935,1,3.82460075E-06,0.981479049,NaN,NaN,NaN,0,0,0,0,0,0,6.09925928E-06,0.0131768128,left_foot,0.89324826,0.0027877565,right_foot,0.0132187847,1,-4.23256643E-05,-0.0288382601,NONE
8.63,-2.65079761E-05,1.04955328,-0.028834099,-2.33934102E-07,2.14451102E-05,-2.13109175E-07,0.125884935,1,1.94004951E-06,0.981479049,NaN,NaN,NaN,0,0,0,0,0,0,6.07028005E-06,0.0131760016,left_foot,0.89324826,0.00278781564,right_foot,0.0132188955,1,-1.89520197E-05,-0.0288374424,NONE
8.65,-2.65152776E-05,1.04955328,-0.0288340952,-3.76485502E-07,2.18368987E-05,-2.14394888E-07,0.12588495,1,3.19670448E-06,0.981479049,NaN,NaN,NaN,0,0,0,0,0,0,6.08372648E-06,0.0131765679,left_foot,0.89324826,0.00278776395,right_foot,0.013218821,1,-3.91136164E-05,-0.0288377423,NONE
8.67,-2.65188537E-05,1.04955328,-0.0288341027,-1.5348796E-07,1.23938371E-05,-4.19825767E-07,0.125884935,1,2.1964388E-06,0.981478989,NaN,NaN,NaN,0,0,0,0,0,0,6.07178436E-06,0.0131758889,left_foot,0.89324826,0.00278774905,right_foot,0.0132188201,1,-1.41767605E-05,-0.0288331676,NONE
8.69,-2.6522579E-05,1.04955316,-0.0288341027,-4.5307138E-07,1.36433891E-05,-2.85464836E-07,0.125884935,1,2.32552679E-06,0.981478989,NaN,NaN,NaN,0,0,0,0,0,0,6.02529508E-06,0.0131755974,left_foot,0.89324826,0.00278783054,right_foot,0.0132187931,1,-1.49116522E-05,-0.028832024,NONE
8.71,-2.65295821E-05,1.04955328,-0.0288341027,-2.91230151E-07,1.28732163E-05,-2.94151675E-07,0.125884935,1,2.63601146E-06,0.981478989,NaN,NaN,NaN,0,0,0,0,0,0,6.06609501E-06,0.0131758219,left_foot,0.89324826,0.00278773415,right_foot,0.0132187493,1,-1.47677683E-05,-0.0288305618,NONE
8.73,-2.65331582E-05,1.04955328,-0.028834099,-2.83562571E-07,1.39031454E-05,-3.07954394E-07,0.125884935,1,2.6260409E-06,0.981478989,NaN,NaN,NaN,0,0,0,0,0,0,6.075084E-06,0.0131761804,left_foot,0.89324826,0.0027877416,right_foot,0.0132187521,1,-2.7061953E-05,-0.0288314223,NONE
8.75,-2.65371818E-05,1.04955328,-0.0288341027,-2.09597914E-07,1.97637237E-05,-2.26791514E-07,0.125884935,1,2.18900846E-06,0.981479049,NaN,NaN,NaN,0,0,0,0,0,0,6.05475543E-06,0.0131757762,left_foot,0.89324826,0.00278782309,right_foot,0.0132188424,1,-2.0353018E-05,-0.0288345162,NONE
8.77,-2.65426952E-05,1.04955328,-0.028834099,-2.46015702E-07,2.33475293E-05,-1.66255219E-07,0.125884935,1,3.45018088E-06,0.981479049,NaN,NaN,NaN,0,0,0,0,0,0,6.10071083E-06,0.0131767672,left_foot,0.89324826,0.00278774905,right_foot,0.0132187866,1,-4.26300212E-05,-0.0288385265,NONE
8.79,-2.65420986E-05,1.04955316,-0.0288341064,-2.20045298E-08,1.86692123E-05,-4.39117457E-07,0.125884935,1,1.64205403E-06,0.981478989,NaN,NaN,NaN,0,0,0,0,0,0,6.1005926E-06,0.0131765706,left_foot,0.89324826,0.00278779352,right_foot,0.0132188704,1,-2.23266397E-05,-0.0288404133,NONE
8.81,-2.65419512E-05,1.04955316,-0.0288341045,-5.86644866E-08,1.35171504E-05,-2.76706714E-07,0.125884935,1,2.34224945E-06,0.981478989,NaN,NaN,NaN,0,0,0,0,0,0,6.03508533E-06,0.0131754996,left_foot,0.89324826,0.00278782309,right_foot,0.0132187624,1,-1.32210735E-05,-0.0288321245,NONE
8.83,-2.65401613E-05,1.04955316,-0.0288341027,2.12299909E-07,1.65567526E-05,-1.89713873E-07,0.125884935,1,3.01560112E-06,0.981479049,NaN,NaN,NaN,0,0,0,0,0,0,6.09428798E-06,0.0131758284,left_foot,0.89324826,0.00278771925,right_foot,0.0132187298,1,-2.83704885E-05,-0.0288331751,NONE
8.85,-2.65330091E-05,1.04955316,-0.0288341027,2.39299339E-07,2.15687996E-05,-1.94683224E-07,0.125884935,1,1.91905337E-06,0.981479049,NaN,NaN,NaN,0,0,0,0,0,0,6.05103651E-06,0.0131761879,left_foot,0.89324826,0.00278785289,right_foot,0.0132189048,1,-2.25995027E-05,-0.0288380012,NONE
8.87,-2.65325634E-05,1.04955328,-0.028834099,1.29531429E-07,2.34348445E-05,-1.46641412E-07,0.125884935,1,3.57429462E-06,0.981479049,NaN,NaN,NaN,0,0,0,0,0,0,6.09562221E-06,0.0131769404,left_foot,0.89324826,0.0027877714,right_foot,0.013218822,1,-4.4159242E-05,-0.0288390238,NONE
8.89,-2.6526006E-05,1.04955328,-0.0288341027,2.89260754E-07,2.15709388E-05,-2.05803843E-07,0.125884935,1,1.91038453E-06,0.981479049,NaN,NaN,NaN,0,0,0,0,0,0,6.07734046E-06,0.0131760072,left_foot,0.89324826,0.00278782309,right_foot,0.0132189067,1,-1.9749772E-05,-0.0288376156,NONE
8.91,-2.65212384E-05,1.04955328,-0.028834099,2.59122004E-07,2.30132646E-05,-2.16768072E-07,0.125884935,1,3.40358997E-06,0.981479049,NaN,NaN,NaN,0,0,0,0,0,0,6.11674523E-06,0.0131769013,left_foot,0.89324826,0.0027877565,right_foot,0.0132188024,1,-4.33705391E-05,-0.0288384706,NONE
8.93,-2.6513937E-05,1.04955316,-0.0288341027,4.15396045E-07,1.88849663E-05,-4.38110646E-07,0.125884935,1,1.76817525E-06,0.981478989,NaN,NaN,NaN,0,0,0,0,0,0,6.0806733E-06,0.013176511,left_foot,0.89324826,0.00278777885,right_foot,0.0132188359,1,-2.28723657E-05,-0.0288404897,NONE
8.95,-2.65052931E-05,1.04955316,-0.0288341045,1.73956735E-07,1.37010866E-05,-2.36868004E-07,0.125884935,1,2.56495991E-06,0.981478989,NaN,NaN,NaN,0,0,0,0,0,0,6.03133594E-06,0.0131754847,left_foot,0.89324826,0.00278783054,right_foot,0.0132187856,1,-1.37717952E-05,-0.0288324952,NONE
8.97,-2.64987375E-05,1.04955316,-0.028834099,3.14166385E-07,1.64796584E-05,-1.76077663E-07,0.125884935,1,2.85321335E-06,0.981479049,NaN,NaN,NaN,0,0,0,0,0,0,6.08722939E-06,0.0131757604,left_foot,0.89324826,0.00278771925,right_foot,0.0132187456,1,-2.57627034E-05,-0.0288331173,NONE
8.99,-2.64923292E-05,1.04955316,-0.0288341027,1.56174892E-07,2.14113225E-05,-1.64599697E-07,0.125884935,1,2.03445416E-06,0.981479049,NaN,NaN,NaN,0,0,0,0,0,0,6.03358103E-06,0.0131761478,left_foot,0.89324826,0.00278783054,right_foot,0.0132189021,1,-2.00028608E-05,-0.0288378689,NONE
9.01,-2.64863684E-05,1.04955316,-0.0288340971,4.40658113E-07,1.7366563E-05,-2.34610013E-07,0.12588495,1,2.35034577E-06,0.981479049,NaN,NaN,NaN,0,0,0,0,0,0,6.10326242E-06,0.0131760631,left_foot,0.89324826,0.00278770435,right_foot,0.0132187661,1,-2.59766766E-05,-0.0288353153,NONE
9.03,-2.64763858E-05,1.04955316,-0.028834099,3.87664073E-07,2.12888317E-05,-1.9748893E-07,0.125884935,1,1.97501686E-06,0.981479049,NaN,NaN,NaN,0,0,0,0,0,0,6.04769639E-06,0.0131760854,left_foot,0.89324826,0.00278782309,right_foot,0.0132188797,1,-2.0438305E-05,-0.0288377963,NONE
9.05,-2.64741502E-05,1.04955316,-0.028834099,-1.10174234E-07,1.42499175E-05,-2.81255893E-07,0.125884935,1,2.08831966E-06,0.981478989,NaN,NaN,NaN,0,0,0,0,0,0,5.9802037E-06,0.0131758852,left_foot,0.89324826,0.00278782309,right_foot,0.0132188862,1,-1.19305332E-05,-0.0288340338,NONE
9.07,-2.64759383E-05,1.04955328,-0.028834099,-7.03358509E-08,1.40168349E-05,-3.11156668E-07,0.125884935,1,2.52415612E-06,0.981478989,NaN,NaN,NaN,0,0,0,0,0,0,6.06181538E-06,0.01317586,left_foot,0.89324826,0.0027877267,right_foot,0.0132187577,1,-1.67713697E-05,-0.0288312212,NONE
9.09,-2.64798127E-05,1.04955328,-0.0288340971,-3.52781115E-07,1.36320714E-05,-3.32913061E-07,0.12588495,1,2.42143051E-06,0.981478989,NaN,NaN,NaN,0,0,0,0,0,0,6.00846715E-06,0.0131754996,left_foot,0.89324826,0.00278780819,right_foot,0.0132188266,1,-1.25459574E-05,-0.0288317297,NONE
9.11,-2.64868158E-05,1.04955316,-0.0288341027,-1.86319866E-07,3.98390375E-06,-5.6999545E-07,0.125884935,1,2.66045163E-06,0.981478989,NaN,NaN,NaN,0,0,0,0,0,0,6.06905951E-06,0.0131753795,left_foot,0.89324826,0.00278763752,right_foot,0.0132186553,1,-1.76705798E-05,-0.028827548,NONE
9.13,-2.64875616E-05,1.04955316,-0.0288341045,-3.3433156E-07,1.64213798E-05,-3.71635252E-07,0.125884935,1,2.17296179E-06,0.981479049,NaN,NaN,NaN,0,0,0,0,0,0,6.0482289E-06,0.0131755313,left_foot,0.89324826,0.00278780819,right_foot,0.0132187111,1,-2.01868825E-05,-0.0288334638,NONE
9.15,-2.65008239E-05,1.04955328,-0.0288341045,-5.63031676E-07,2.32306556E-05,-1.68544446E-07,0.125884935,1,3.4257223E-06,0.981479049,NaN,NaN,NaN,0,0,0,0,0,0,6.08809114E-06,0.0131767951,left_foot,0.89324826,0.0027877565,right_foot,0.0132187298,1,-4.3862583E-05,-0.0288386289,NONE
9.17,-2.65073795E-05,1.04955328,-0.0288341045,-5.00032229E-07,2.1674663E-05,-2.01053794E-07,0.125884935,1,2.01706143E-06,0.981479049,NaN,NaN,NaN,0,0,0,0,0,0,6.06798449E-06,0.0131759923,left_foot,0.89324826,0.00278781564,right_foot,0.0132188685,1,-1.98560429E-05,-0.0288377665,NONE
9.19,-2.65194503E-05,1.04955328,-0.0288341027,-5.50414256E-07,2.35684511E-05,-1.73628649E-07,0.125884935,1,3.46729507E-06,0.981479049,NaN,NaN,NaN,0,0,0,0,0,0,6.11067981E-06,0.0131768398,left_foot,0.89324826,0.0027877565,right_foot,0.0132187968,1,-4.31307744E-05,-0.0288389102,NONE
9.21,-2.6526006E-05,1.04955316,-0.0288341064,-3.20011964E-07,1.91270083E-05,-3.99205135E-07,0.125884935,1,1.79236167E-06,0.981478989,NaN,NaN,NaN,0,0,0,0,0,0,6.08914843E-06,0.0131765613,left_foot,0.89324826,0.00278778607,right_foot,0.0132188443,1,-2.37372169E-05,-0.0288405046,NONE
9.23,-2.65322651E-05,1.04955316,-0.0288341064,-4.43056166E-07,1.33195763E-05,-2.94882312E-07,0.125884935,1,2.3219261E-06,0.981478989,NaN,NaN,NaN,0,0,0,0,0,0,6.02665386E-06,0.0131755704,left_foot,0.89324826,0.00278783799,right_foot,0.0132187931,1,-1.26426348E-05,-0.0288326684,NONE
9.25,-2.65350955E-05,1.04955328,-0.0288341064,-1.65540271E-07,1.31918305E-05,-2.42474499E-07,0.125884935,1,2.71105114E-06,0.981478989,NaN,NaN,NaN,0,0,0,0,0,0,6.08353002E-06,0.0131757762,left_foot,0.89324826,0.00278774905,right_foot,0.0132187456,1,-1.57354498E-05,-0.0288307779,NONE
9.27,-2.65383733E-05,1.04955328,-0.0288341045,-2.59866141E-07,1.68745191E-05,-1.83027225E-07,0.125884935,1,2.20227571E-06,0.981479049,NaN,NaN,NaN,0,0,0,0,0,0,6.05765172E-06,0.0131755834,left_foot,0.89324826,0.00278781564,right_foot,0.0132188322,1,-2.20372658E-05,-0.0288331788,NONE
9.29,-2.65449307E-05,1.04955328,-0.0288341027,-2.91818964E-07,1.80798979E-05,-2.64913893E-07,0.125884935,1,1.95922507E-06,0.981478989,NaN,NaN,NaN,0,0,0,0,0,0,6.06234653E-06,0.0131758265,left_foot,0.89324826,0.00278783054,right_foot,0.0132188778,1,-1.93678279E-05,-0.0288363118,NONE
9.31,-2.6545973E-05,1.04955328,-0.0288341064,1.09245939E-07,1.67829639E-05,-2.30629752E-07,0.125884935,1,2.49659411E-06,0.981479049,NaN,NaN,NaN,0,0,0,0,0,0,6.11596897E-06,0.0131758433,left_foot,0.89324826,0.0027877267,right_foot,0.0132187502,1,-2.69818775E-05,-0.0288331844,NONE
9.33,-2.6540758E-05,1.04955328,-0.0288341027,1.51968351E-07,2.10238886E-05,-2.40028214E-07,0.125884935,1,1.92130256E-06,0.981479049,NaN,NaN,NaN,0,0,0,0,0,0,6.06887625E-06,0.0131761516,left_foot,0.89324826,0.00278784544,right_foot,0.0132188657,1,-2.25571657E-05,-0.0288376566,NONE
9.35,-2.6540758E-05,1.04955328,-0.0288341045,1.8340673E-08,1.42581666E-05,-3.15094894E-07,0.125884935,1,2.90813728E-06,0.981478989,NaN,NaN,NaN,0,0,0,0,0,0,6.06940694E-06,0.0131763378,left_foot,0.89324826,0.00278776395,right_foot,0.0132187968,1,-2.70841738E-05,-0.0288339946,NONE
9.37,-2.65415038E-05,1.04955328,-0.0288341045,5.18406829E-08,2.13706026E-05,-1.26238717E-07,0.125884935,1,3.13913074E-06,0.981479049,NaN,NaN,NaN,0,0,0,0,0,0,6.09781682E-06,0.0131764049,left_foot,0.89324826,0.0027877714,right_foot,0.0132187679,1,-3.47077657E-05,-0.0288359951,NONE
9.39,-2.6533904E-05,1.04955328,-0.0288341027,2.88832723E-07,1.30274493E-05,-3.08615768E-07,0.125884935,1,2.15583282E-06,0.981478989,NaN,NaN,NaN,0,0,0,0,0,0,6.07370839E-06,0.0131758964,left_foot,0.89324826,0.00278776395,right_foot,0.0132188341,1,-1.48001373E-05,-0.0288336892,NONE
9.41,-2.65280923E-05,1.04955328,-0.028834099,3.34539124E-07,1.63680961E-05,-2.23262575E-07,0.125884935,1,3.50644518E-06,0.981479049,NaN,NaN,NaN,0,0,0,0,0,0,6.09354083E-06,0.0131760892,left_foot,0.89324826,0.00278771925,right_foot,0.0132187251,1,-3.64259067E-05,-0.0288328212,NONE
9.43,-2.65127437E-05,1.04955328,-0.028834099,7.03851185E-07,1.4730972E-05,-3.34540175E-07,0.125884935,1,2.3166449E-06,0.981478989,NaN,NaN,NaN,0,0,0,0,0,0,6.09765721E-06,0.013175997,left_foot,0.89324826,0.0027877416,right_foot,0.0132187949,1,-1.89937491E-05,-0.0288336687,NONE
9.45,-2.64984392E-05,1.04955328,-0.0288341027,6.3128789E-07,1.6472728E-05,-2.5492767E-07,0.125884935,1,2.25317331E-06,0.981479049,NaN,NaN,NaN,0,0,0,0,0,0,6.04683828E-06,0.0131755834,left_foot,0.89324826,0.00278778607,right_foot,0.0132187959,1,-2.18732366E-05,-0.0288330521,NONE
9.47,-2.64878599E-05,1.04955328,-0.0288341027,4.45765039E-07,2.34574491E-05,-1.32872088E-07,0.125884935,1,3.38608538E-06,0.981479049,NaN,NaN,NaN,0,0,0,0,0,0,6.08809114E-06,0.0131767243,left_foot,0.89324826,0.00278774905,right_foot,0.0132187754,1,-4.22246267E-05,-0.0288384147,NONE
9.49,-2.64781738E-05,1.04955316,-0.0288341045,5.1512535E-07,1.85626359E-05,-4.0403603E-07,0.125884935,1,1.62790502E-06,0.981478989,NaN,NaN,NaN,0,0,0,0,0,0,6.07361699E-06,0.013176593,left_foot,0.89324826,0.00278778607,right_foot,0.0132188611,1,-2.35120824E-05,-0.0288402755,NONE
9.51,-2.64699775E-05,1.04955316,-0.0288341045,1.91070356E-07,1.36828739E-05,-2.52182673E-07,0.125884935,1,2.38247549E-06,0.981478989,NaN,NaN,NaN,0,0,0,0,0,0,6.01310785E-06,0.0131756449,left_foot,0.89324826,0.00278783054,right_foot,0.0132187912,1,-1.35678001E-05,-0.0288323537,NONE
9.53,-2.64652099E-05,1.04955316,-0.028834099,1.93140679E-07,1.64393969E-05,-2.01252135E-07,0.125884935,1,2.67042765E-06,0.981479049,NaN,NaN,NaN,0,0,0,0,0,0,6.07239235E-06,0.0131756589,left_foot,0.89324826,0.0027877416,right_foot,0.0132187614,1,-2.4809955E-05,-0.0288328752,NONE
9.55,-2.64614846E-05,1.04955316,-0.028834099,5.53802586E-08,2.12630603E-05,-1.86694407E-07,0.125884935,1,2.00345721E-06,0.981479049,NaN,NaN,NaN,0,0,0,0,0,0,6.03499348E-06,0.0131760864,left_foot,0.89324826,0.00278783054,right_foot,0.0132188918,1,-1.93865944E-05,-0.0288374182,NONE
9.57,-2.64658047E-05,1.04955328,-0.028834099,-1.97197807E-07,2.36919404E-05,-1.33175064E-07,0.125884935,1,3.69621262E-06,0.981479049,NaN,NaN,NaN,0,0,0,0,0,0,6.08662731E-06,0.0131768333,left_foot,0.89324826,0.00278774905,right_foot,0.0132188164,1,-4.29049323E-05,-0.0288385209,NONE
9.59,-2.64692335E-05,1.04955328,-0.0288341027,-1.91685331E-07,2.1677808E-05,-2.25797308E-07,0.125884935,1,1.95996995E-06,0.981479049,NaN,NaN,NaN,0,0,0,0,0,0,6.05809191E-06,0.013176078,left_foot,0.89324826,0.00278780819,right_foot,0.0132188965,1,-1.88098475E-05,-0.0288375784,NONE
9.61,-2.64747468E-05,1.04955328,-0.028834099,-4.09530912E-07,2.37495406E-05,-2.25058841E-07,0.125884935,1,3.44051159E-06,0.981479049,NaN,NaN,NaN,0,0,0,0,0,0,6.08154505E-06,0.0131768947,left_foot,0.89324826,0.00278776395,right_foot,0.0132188015,1,-4.31365333E-05,-0.0288386699,NONE
9.63,-2.64795144E-05,1.04955316,-0.0288341027,-2.5431396E-07,1.99251481E-05,-4.29684036E-07,0.125884935,1,1.71698559E-06,0.981479049,NaN,NaN,NaN,0,0,0,0,0,0,6.07028005E-06,0.0131763946,left_foot,0.89324826,0.00278780703,right_foot,0.0132188601,1,-1.83836291E-05,-0.0288410503,NONE
9.65,-2.64878599E-05,1.04955316,-0.0288341045,-6.2877092E-07,1.39078638E-05,-3.10952743E-07,0.125884935,1,2.26431939E-06,0.981478989,NaN,NaN,NaN,0,0,0,0,0,0,6.01583997E-06,0.0131757837,left_foot,0.89324826,0.00278784428,right_foot,0.0132188015,1,-1.43554507E-05,-0.0288344268,NONE
9.67,-2.64963528E-05,1.04955328,-0.028834099,-4.3080064E-07,1.45844633E-05,-1.85760669E-07,0.125884935,1,2.58013029E-06,0.981478989,NaN,NaN,NaN,0,0,0,0,0,0,6.07734046E-06,0.0131757716,left_foot,0.89324826,0.00278773298,right_foot,0.0132187316,1,-1.77663605E-05,-0.0288315956,NONE
9.69,-2.65049948E-05,1.04955328,-0.028834099,-5.12995427E-07,1.69017894E-05,-1.78808563E-07,0.125884935,1,2.36645178E-06,0.981479049,NaN,NaN,NaN,0,0,0,0,0,0,6.0454563E-06,0.013175494,left_foot,0.89324826,0.00278779212,right_foot,0.0132188611,1,-2.1014157E-05,-0.0288332794,NONE
9.71,-2.65212384E-05,1.04955328,-0.028834099,-6.08793073E-07,2.36973247E-05,-1.59924184E-07,0.125884935,1,3.39394387E-06,0.981479049,NaN,NaN,NaN,0,0,0,0,0,0,6.10008283E-06,0.0131768389,left_foot,0.89324826,0.00278776255,right_foot,0.0132188331,1,-4.20800534E-05,-0.0288383979,NONE
9.73,-2.65307754E-05,1.04955316,-0.0288341045,-5.39726557E-07,2.12921077E-05,-3.80598266E-07,0.125884935,1,1.59344461E-06,0.981479049,NaN,NaN,NaN,0,0,0,0,0,0,6.07944094E-06,0.0131765399,left_foot,0.89324826,0.00278782938,right_foot,0.0132189067,1,-2.40832505E-05,-0.0288418457,NONE
9.75,-2.65397157E-05,1.04955316,-0.0288341045,-4.53889186E-07,1.71734391E-05,-2.58390571E-07,0.125884935,1,3.05492586E-06,0.981479049,NaN,NaN,NaN,0,0,0,0,0,0,6.10343068E-06,0.013176417,left_foot,0.89324826,0.00278774765,right_foot,0.0132187167,1,-3.66325294E-05,-0.0288360417,NONE
9.77,-2.65416529E-05,1.04955316,-0.0288341027,-7.0981045E-08,1.4160828E-05,-2.93190396E-07,0.125884935,1,2.36248252E-06,0.981478989,NaN,NaN,NaN,0,0,0,0,0,0,6.09338167E-06,0.0131760817,left_foot,0.89324826,0.0027877551,right_foot,0.0132187726,1,-1.92539719E-05,-0.0288341064,NONE
9.79,-2.65401613E-05,1.04955316,-0.028834099,-8.09833622E-08,1.67575545E-05,-1.12272154E-07,0.125884935,1,2.29529974E-06,0.981479049,NaN,NaN,NaN,0,0,0,0,0,0,6.05958076E-06,0.0131754624,left_foot,0.89324826,0.00278779957,right_foot,0.0132188108,1,-2.21432874E-05,-0.0288332179,NONE
9.81,-2.65456765E-05,1.04955328,-0.0288340952,-1.38691036E-07,2.35125462E-05,-7.03053402E-08,0.12588495,1,3.24256416E-06,0.981479049,NaN,NaN,NaN,0,0,0,0,0,0,6.10775396E-06,0.0131767858,left_foot,0.89324832,0.00278774765,right_foot,0.0132188443,1,-4.21987752E-05,-0.028838085,NONE
9.83,-2.65443341E-05,1.04955328,-0.028834099,1.21377148E-08,2.17324887E-05,-1.55828872E-07,0.125884935,1,1.94783934E-06,0.981479049,NaN,NaN,NaN,0,0,0,0,0,0,6.08492155E-06,0.0131761357,left_foot,0.89324826,0.00278780703,right_foot,0.0132189356,1,-2.03958461E-05,-0.028837556,NONE
9.85,-2.65450799E-05,1.04955328,-0.0288340952,-7.75719489E-09,2.23898114E-05,-2.23150806E-07,0.12588495,1,3.2031503E-06,0.981479049,NaN,NaN,NaN,0,0,0,0,0,0,6.09638255E-06,0.0131766675,left_foot,0.89324826,0.00278777,right_foot,0.013218849,1,-3.95452771E-05,-0.0288380086,NONE
9.87,-2.65431427E-05,1.04955328,-0.0288340971,8.51307007E-08,2.11724218E-05,-2.79408084E-07,0.12588495,1,1.93116557E-06,0.981479049,NaN,NaN,NaN,0,0,0,0,0,0,6.06887625E-06,0.0131760417,left_foot,0.89324826,0.00278782938,right_foot,0.0132188983,1,-1.96792389E-05,-0.0288378783,NONE
9.89,-2.65397157E-05,1.04955328,-0.028834099,2.40771509E-08,1.41370811E-05,-3.57271801E-07,0.125884935,1,2.64020059E-06,0.981478989,NaN,NaN,NaN,0,0,0,0,0,0,6.06041885E-06,0.0131763769,left_foot,0.89324826,0.00278777,right_foot,0.013218808,1,-2.63992588E-05,-0.0288341828,NONE
9.91,-2.6540758E-05,1.04955328,-0.0288341027,3.39788784E-08,2.14778702E-05,-1.75961063E-07,0.125884935,1,2.98549958E-06,0.981479049,NaN,NaN,NaN,0,0,0,0,0,0,6.09781682E-06,0.0131764067,left_foot,0.89324826,0.00278777746,right_foot,0.0132187782,1,-3.3506567E-05,-0.0288361777,NONE
9.93,-2.65340532E-05,1.04955328,-0.028834099,3.32911469E-07,1.4247169E-05,-3.67348804E-07,0.125884935,1,2.14926877E-06,0.981478989,NaN,NaN,NaN,0,0,0,0,0,0,6.08353002E-06,0.0131761078,left_foot,0.89324826,0.00278774765,right_foot,0.0132188043,1,-1.80332809E-05,-0.0288340878,NONE
9.95,-2.65276449E-05,1.04955328,-0.028834099,1.7385571E-07,1.67739236E-05,-2.41377052E-07,0.125884935,1,2.28234444E-06,0.981479049,NaN,NaN,NaN,0,0,0,0,0,0,6.03646004E-06,0.013175549,left_foot,0.89324826,0.00278779957,right_foot,0.0132187959,1,-2.16296194E-05,-0.0288332794,NONE
9.97,-2.65270501E-05,1.04955328,-0.0288340971,9.74732046E-08,2.11297502E-05,-2.27496315E-07,0.12588495,1,2.02102456E-06,0.981478989,NaN,NaN,NaN,0,0,0,0,0,0,6.04257229E-06,0.0131758302,left_foot,0.89324826,0.00278784428,right_foot,0.0132188899,1,-1.73546323E-05,-0.0288378522,NONE
9.99,-2.65197468E-05,1.04955328,-0.0288341027,3.76612945E-07,1.61278531E-05,-2.9912772E-07,0.125884935,1,2.65100311E-06,0.981479049,NaN,NaN,NaN,0,0,0,0,0,0,6.11405812E-06,0.0131759001,left_foot,0.89324826,0.00278771808,right_foot,0.0132187782,1,-2.696501E-05,-0.0288333446,NONE
