tick,sq,state,failure_reason,com_ap,com_vel_ap,capture_ap,sup_ap_min,sup_ap_max,cop_ap,has_cop,contacts,slip_mps,pelvis_y,trunk_pitch_deg,sad_attached,sad_sep_m,sad_force_n,sad_torque_nm,sad_dev_x_deg,sad_dev_y_deg,sad_dev_z_deg,bar_d_ap_m,bar_d_up_m,bar_d_lat_m,max_demand,max_demand_joint,max_torque_ratio,max_torque_joint,chain_demand,chain_demand_joint,chain_track_err_deg,chain_track_joint,chain_limit_prox,chain_limit_joint,chain_cmd_offset_deg,chain_cmd_joint,posture_err_rad,posture_worst_joint,max_omega,max_speed
0,0.0030,DESCENT,NONE,-0.0654,-0.0536,-0.0827,-0.1627,0.1309,-0.0270,1,8,0.0075,0.9358,-36.09,1,0.0513,2567.3,0.0,1.16,-6.58,-1.63,-0.0574,-0.0689,-0.0460,0.651,right_hand,0.102,right_forearm,0.171,abdomen,34.74,abdomen,0.916,abdomen,2.37,left_foot,0.6045,abdomen,16.30,1.06
1,0.0060,DESCENT,NONE,-0.0660,-0.0591,-0.0850,-0.1627,0.1309,-0.0240,1,8,0.0060,0.9355,-36.92,1,0.0511,2561.9,0.0,1.12,-6.87,-1.98,-0.0577,-0.0689,-0.0456,0.679,right_forearm,0.106,right_hand,0.170,abdomen,34.82,abdomen,0.916,abdomen,2.49,left_foot,0.6081,abdomen,13.69,1.03
2,0.0090,DESCENT,NONE,-0.0667,-0.0667,-0.0880,-0.1627,0.1309,-0.0251,1,8,0.0056,0.9355,-37.71,1,0.0511,2384.3,0.0,1.04,-7.19,-2.24,-0.0581,-0.0689,-0.0454,0.808,right_forearm,0.214,right_hand,0.171,abdomen,34.94,abdomen,0.917,abdomen,2.61,left_foot,0.6096,abdomen,14.63,1.00
3,0.0120,DESCENT,NONE,-0.0674,-0.0738,-0.0910,-0.1627,0.1317,-0.0203,1,8,0.0103,0.9353,-38.40,1,0.0511,2288.2,0.0,1.01,-7.49,-2.29,-0.0585,-0.0685,-0.0453,0.641,right_forearm,0.218,right_hand,0.172,abdomen,34.98,abdomen,0.916,abdomen,2.75,left_foot,0.6117,abdomen,11.59,1.11
4,0.0150,DESCENT,NONE,-0.0682,-0.0826,-0.0946,-0.1627,0.1317,-0.0213,1,8,0.0234,0.9352,-39.04,1,0.0512,2659.5,0.0,0.99,-7.76,-2.31,-0.0588,-0.0683,-0.0453,0.636,right_hand,0.089,right_hand,0.174,abdomen,35.02,abdomen,0.915,abdomen,2.87,left_foot,0.6126,abdomen,6.18,1.28
5,0.0180,DESCENT,NONE,-0.0691,-0.0919,-0.0984,-0.1627,0.1317,-0.0204,1,8,0.0185,0.9349,-39.59,1,0.0512,2569.0,0.0,0.97,-7.95,-2.26,-0.0593,-0.0679,-0.0451,0.546,right_hand,0.147,right_hand,0.174,abdomen,35.08,abdomen,0.915,abdomen,2.98,left_foot,0.6135,abdomen,13.43,0.91
6,0.0210,DESCENT,NONE,-0.0702,-0.1014,-0.1024,-0.1627,0.1317,-0.0198,1,8,0.0066,0.9346,-40.11,1,0.0513,3017.5,0.0,0.99,-8.11,-2.20,-0.0594,-0.0673,-0.0452,1.051,right_hand,0.350,right_hand,0.175,abdomen,35.13,abdomen,0.914,abdomen,3.00,left_foot,0.6145,abdomen,9.72,0.89
7,0.0240,DESCENT,NONE,-0.0713,-0.1110,-0.1065,-0.1627,0.1317,-0.0206,1,8,0.0036,0.9345,-40.66,1,0.0512,2691.0,0.0,1.00,-8.34,-2.23,-0.0594,-0.0670,-0.0451,0.896,right_hand,0.296,right_hand,0.176,abdomen,35.25,abdomen,0.914,abdomen,3.00,left_foot,0.6156,abdomen,4.78,0.87
8,0.0270,DESCENT,NONE,-0.0725,-0.1198,-0.1105,-0.1627,0.1317,-0.0209,1,8,0.0036,0.9345,-41.16,1,0.0511,2529.3,0.0,0.97,-8.49,-2.20,-0.0596,-0.0669,-0.0449,1.229,right_hand,0.199,right_hand,0.176,abdomen,35.31,abdomen,0.914,abdomen,3.00,left_foot,0.6178,abdomen,9.73,0.84
9,0.0300,DESCENT,NONE,-0.0737,-0.1290,-0.1146,-0.1627,0.1317,-0.0213,1,8,0.0077,0.9346,-41.61,1,0.0511,2477.6,0.0,1.00,-8.62,-2.13,-0.0598,-0.0669,-0.0448,0.686,right_hand,0.224,right_hand,0.177,abdomen,35.38,abdomen,0.913,abdomen,3.00,left_foot,0.6189,abdomen,11.74,0.81
10,0.0330,DESCENT,NONE,-0.0751,-0.1388,-0.1190,-0.1627,0.1317,-0.0218,1,8,0.0139,0.9346,-42.00,1,0.0512,2730.4,0.0,1.06,-8.75,-2.01,-0.0600,-0.0667,-0.0448,0.701,right_hand,0.186,right_hand,0.178,abdomen,35.48,abdomen,0.913,abdomen,3.00,left_foot,0.6203,abdomen,11.14,0.85
11,0.0360,DESCENT,NONE,-0.0766,-0.1488,-0.1236,-0.1627,0.1317,-0.0212,1,8,0.0109,0.9347,-42.39,1,0.0512,2766.8,0.0,1.10,-8.85,-1.96,-0.0602,-0.0666,-0.0447,0.542,right_forearm,0.150,right_hand,0.179,abdomen,35.60,abdomen,0.914,abdomen,3.00,left_foot,0.6222,abdomen,8.32,0.77
12,0.0390,DESCENT,NONE,-0.0782,-0.1590,-0.1284,-0.1627,0.1317,-0.0193,1,8,0.0096,0.9348,-42.75,1,0.0511,2739.9,0.0,1.14,-8.96,-1.87,-0.0603,-0.0664,-0.0446,0.897,right_hand,0.089,right_hand,0.178,abdomen,35.69,abdomen,0.914,abdomen,3.00,left_foot,0.6244,abdomen,11.43,0.74
13,0.0420,DESCENT,NONE,-0.0799,-0.1700,-0.1335,-0.1627,0.1317,-0.0184,1,8,0.0081,0.9351,-43.09,1,0.0512,2755.6,0.0,1.15,-9.03,-1.83,-0.0604,-0.0664,-0.0446,0.714,right_hand,0.106,right_hand,0.180,abdomen,35.81,abdomen,0.915,abdomen,3.00,left_foot,0.6260,abdomen,6.63,0.97
14,0.0450,DESCENT,NONE,-0.0817,-0.1812,-0.1388,-0.1627,0.1317,-0.0180,1,8,0.0106,0.9352,-43.40,1,0.0511,2715.3,0.0,1.18,-9.12,-1.75,-0.0605,-0.0663,-0.0445,1.194,right_hand,0.088,right_forearm,0.179,abdomen,35.89,abdomen,0.914,abdomen,3.00,left_foot,0.6283,abdomen,12.61,0.74
15,0.0480,DESCENT,NONE,-0.0836,-0.1931,-0.1444,-0.1627,0.1317,-0.0177,1,8,0.0096,0.9354,-43.66,1,0.0511,2631.3,0.0,1.14,-9.12,-1.74,-0.0609,-0.0662,-0.0443,0.856,right_hand,0.107,right_forearm,0.180,abdomen,36.01,abdomen,0.915,abdomen,3.00,left_foot,0.6297,abdomen,4.69,0.79
16,0.0510,DESCENT,NONE,-0.0857,-0.2051,-0.1502,-0.1627,0.1317,-0.0176,1,8,0.0067,0.9358,-43.99,1,0.0509,2595.1,0.0,1.20,-9.28,-1.84,-0.0608,-0.0663,-0.0441,1.028,right_hand,0.136,right_forearm,0.180,abdomen,36.08,abdomen,0.914,abdomen,3.00,left_foot,0.6319,abdomen,20.15,1.12
17,0.0540,DESCENT,NONE,-0.0878,-0.2175,-0.1562,-0.1627,0.1317,-0.0169,1,8,0.0107,0.9360,-44.29,1,0.0509,2347.9,0.0,1.21,-9.34,-1.92,-0.0609,-0.0662,-0.0440,2.449,right_hand,0.233,right_hand,0.180,abdomen,36.20,abdomen,0.915,abdomen,3.00,left_foot,0.6332,abdomen,26.15,0.69
18,0.0570,DESCENT,NONE,-0.0901,-0.2302,-0.1624,-0.1627,0.1317,-0.0159,1,8,0.0086,0.9365,-44.56,1,0.0510,2479.3,0.0,1.17,-9.42,-1.99,-0.0611,-0.0664,-0.0440,1.318,right_hand,0.297,right_hand,0.181,abdomen,36.33,abdomen,0.916,abdomen,3.00,left_foot,0.6353,abdomen,6.45,1.54
19,0.0600,DESCENT,NONE,-0.0926,-0.2433,-0.1689,-0.1627,0.1317,-0.0150,1,8,0.0147,0.9367,-44.76,1,0.0509,2192.1,0.0,1.21,-9.48,-1.95,-0.0612,-0.0663,-0.0439,1.490,right_hand,0.264,right_hand,0.180,abdomen,36.40,abdomen,0.916,abdomen,3.00,left_foot,0.6375,abdomen,16.59,1.46
20,0.0630,DESCENT,NONE,-0.0951,-0.2577,-0.1759,-0.1627,0.1317,-0.0160,1,8,0.0132,0.9369,-44.89,1,0.0512,2792.4,0.0,1.27,-9.49,-1.87,-0.0611,-0.0660,-0.0442,1.521,right_hand,0.201,right_hand,0.183,abdomen,36.52,abdomen,0.916,abdomen,3.00,left_foot,0.6387,abdomen,11.04,1.27
21,0.0660,DESCENT,NONE,-0.0979,-0.2723,-0.1832,-0.1627,0.1317,-0.0174,1,8,0.0083,0.9371,-45.06,1,0.0512,2513.9,0.0,1.23,-9.44,-1.89,-0.0614,-0.0660,-0.0441,1.451,right_hand,0.225,right_hand,0.182,abdomen,36.63,abdomen,0.917,abdomen,3.00,left_foot,0.6410,abdomen,5.45,0.70
22,0.0690,DESCENT,NONE,-0.1007,-0.2862,-0.1904,-0.1627,0.1317,-0.0181,1,8,0.0105,0.9374,-45.20,1,0.0511,2631.0,0.0,1.30,-9.53,-1.84,-0.0613,-0.0659,-0.0441,1.195,right_hand,0.177,right_hand,0.180,abdomen,36.74,right_thigh,0.916,abdomen,3.00,left_foot,0.6447,right_thigh,19.86,1.79
23,0.0720,DESCENT,NONE,-0.1037,-0.3002,-0.1977,-0.1627,0.1317,-0.0188,1,8,0.0135,0.9376,-45.26,1,0.0513,2487.3,0.0,1.22,-9.36,-1.86,-0.0615,-0.0658,-0.0442,2.136,right_hand,0.399,right_hand,0.182,abdomen,36.96,right_thigh,0.917,abdomen,3.00,left_foot,0.6492,right_thigh,8.00,1.27
24,0.0750,DESCENT,NONE,-0.1068,-0.3147,-0.2053,-0.1627,0.1317,-0.0195,1,8,0.0104,0.9379,-45.35,1,0.0514,2803.1,0.0,1.21,-9.35,-1.90,-0.0612,-0.0657,-0.0444,1.050,right_hand,0.386,right_hand,0.186,abdomen,37.12,right_thigh,0.916,abdomen,3.00,left_foot,0.6532,right_thigh,19.66,1.59
25,0.0780,DESCENT,NONE,-0.1101,-0.3290,-0.2131,-0.1627,0.1317,-0.0202,1,8,0.0140,0.9381,-45.40,1,0.0513,2629.0,0.0,1.20,-9.27,-1.82,-0.0612,-0.0655,-0.0445,2.121,right_hand,0.321,right_hand,0.184,abdomen,37.24,right_thigh,0.917,abdomen,3.00,left_foot,0.6562,right_thigh,19.50,1.75
26,0.0810,DESCENT,NONE,-0.1136,-0.3434,-0.2210,-0.1627,0.1317,-0.0207,1,8,0.0066,0.9386,-45.43,1,0.0516,2760.5,0.0,1.10,-9.12,-1.93,-0.0607,-0.0656,-0.0449,1.155,right_hand,0.368,right_hand,0.182,abdomen,37.35,right_thigh,0.918,abdomen,3.00,left_foot,0.6586,right_thigh,6.74,1.70
27,0.0840,DESCENT,NONE,-0.1171,-0.3577,-0.2290,-0.1627,0.1317,-0.0214,1,8,0.0135,0.9390,-45.41,1,0.0518,2634.7,0.0,1.00,-8.87,-1.98,-0.0603,-0.0657,-0.0454,1.004,right_hand,0.375,right_hand,0.188,abdomen,37.33,abdomen,0.920,abdomen,3.00,left_foot,0.6606,right_thigh,12.85,1.00
28,0.0870,DESCENT,NONE,-0.1208,-0.3726,-0.2374,-0.1627,0.1317,-0.0223,1,8,0.0126,0.9394,-45.36,1,0.0519,2639.2,0.0,0.84,-8.54,-2.10,-0.0602,-0.0657,-0.0457,1.070,right_hand,0.481,right_hand,0.191,abdomen,37.66,abdomen,0.925,abdomen,3.00,left_foot,0.6598,right_thigh,10.51,0.81
29,0.0900,DESCENT,NONE,-0.1247,-0.3873,-0.2458,-0.1627,0.1317,-0.0233,1,8,0.0149,0.9395,-45.43,1,0.0515,2780.6,0.0,0.93,-8.55,-2.01,-0.0598,-0.0657,-0.0454,1.025,right_hand,0.334,right_hand,0.193,abdomen,38.06,abdomen,0.933,abdomen,3.00,left_foot,0.6606,abdomen,20.33,1.84
30,0.0930,DESCENT,NONE,-0.1287,-0.4012,-0.2542,-0.1627,0.1317,-0.0234,1,8,0.0135,0.9398,-45.36,1,0.0516,2538.8,0.0,0.92,-8.38,-1.95,-0.0599,-0.0657,-0.0454,2.127,right_hand,0.428,right_hand,0.184,abdomen,38.38,abdomen,0.939,abdomen,3.00,left_foot,0.6675,abdomen,14.32,1.85
31,0.0960,DESCENT,NONE,-0.1329,-0.4149,-0.2627,-0.1627,0.1317,-0.0243,1,8,0.0167,0.9403,-45.24,1,0.0518,3499.5,0.0,1.00,-8.38,-1.83,-0.0593,-0.0657,-0.0459,0.987,right_hand,0.525,right_hand,0.182,abdomen,38.50,abdomen,0.939,abdomen,3.00,left_foot,0.6729,abdomen,25.05,1.82
32,0.0990,DESCENT,NONE,-0.1372,-0.4302,-0.2718,-0.1627,0.1317,-0.0249,1,8,0.0160,0.9405,-45.25,1,0.0518,2682.6,0.0,0.81,-7.22,-2.03,-0.0589,-0.0658,-0.0462,2.661,right_hand,1.108,right_hand,0.191,abdomen,38.69,abdomen,0.943,abdomen,3.00,left_foot,0.6750,abdomen,25.47,2.28
33,0.1020,DESCENT,NONE,-0.1416,-0.4458,-0.2811,-0.1627,0.1317,-0.0255,1,8,0.0143,0.9407,-45.22,1,0.0499,0.0,0.0,0.75,-6.69,-2.12,-0.0593,-0.0658,-0.0438,1.771,right_hand,1.005,right_hand,0.196,abdomen,39.16,abdomen,0.950,abdomen,3.00,left_foot,0.6782,abdomen,25.14,4.80
34,0.1050,DESCENT,NONE,-0.1462,-0.4614,-0.2906,-0.1627,0.1317,-0.0296,1,8,0.0112,0.9411,-45.57,1,0.0449,0.0,0.0,0.80,-6.37,-2.70,-0.0591,-0.0657,-0.0381,2.917,right_hand,0.274,right_hand,0.183,abdomen,39.33,abdomen,0.950,abdomen,3.00,left_foot,0.6864,abdomen,13.05,1.34
35,0.1080,DESCENT,NONE,-0.1510,-0.4769,-0.3003,-0.1627,0.1317,-0.0297,1,8,0.0068,0.9415,-45.86,1,0.0406,0.0,0.0,0.73,-5.93,-3.21,-0.0591,-0.0658,-0.0330,0.723,right_hand,0.155,right_forearm,0.184,abdomen,39.44,abdomen,0.951,abdomen,3.00,left_foot,0.6893,abdomen,13.95,1.27
36,0.1110,DESCENT,NONE,-0.1559,-0.4932,-0.3104,-0.1627,0.1317,-0.0295,1,8,0.0116,0.9421,-46.03,1,0.0375,0.0,0.0,0.60,-5.41,-3.63,-0.0590,-0.0661,-0.0291,0.460,right_upper_arm,0.126,right_forearm,0.184,abdomen,39.45,abdomen,0.948,abdomen,3.00,left_foot,0.6912,abdomen,14.30,2.12
37,0.1140,DESCENT,NONE,-0.1610,-0.5110,-0.3211,-0.1627,0.1317,-0.0292,1,8,0.0281,0.9427,-46.13,1,0.0346,0.0,0.0,0.48,-5.15,-3.90,-0.0588,-0.0663,-0.0254,0.468,right_upper_arm,0.067,right_forearm,0.187,abdomen,39.52,abdomen,0.946,abdomen,3.00,left_foot,0.6915,abdomen,10.08,1.47
38,0.1170,DESCENT,NONE,-0.1663,-0.5295,-0.3323,-0.1627,0.1317,-0.0283,1,8,0.0196,0.9431,-46.16,1,0.0321,0.0,0.0,0.44,-5.01,-4.06,-0.0586,-0.0664,-0.0220,0.484,right_upper_arm,0.047,left_upper_arm,0.188,abdomen,39.71,abdomen,0.949,abdomen,3.00,left_foot,0.6927,abdomen,14.67,2.31
39,0.1200,DESCENT,NONE,-0.1718,-0.5478,-0.3436,-0.1627,0.1317,-0.0247,1,8,0.0101,0.9434,-46.08,1,0.0297,0.0,0.0,0.41,-5.10,-4.15,-0.0581,-0.0664,-0.0190,0.447,right_upper_arm,0.046,left_upper_arm,0.186,abdomen,39.86,abdomen,0.951,abdomen,3.00,left_foot,0.6959,abdomen,12.58,2.12
40,0.1230,DESCENT,NONE,-0.1774,-0.5665,-0.3552,-0.1628,0.1317,-0.0282,1,8,0.0100,0.9436,-45.94,1,0.0279,0.0,0.0,0.32,-5.24,-4.20,-0.0576,-0.0666,-0.0166,0.438,right_upper_arm,0.047,left_upper_arm,0.186,abdomen,39.92,abdomen,0.952,abdomen,3.00,left_foot,0.6983,abdomen,11.32,2.03
41,0.1260,DESCENT,NONE,-0.1832,-0.5841,-0.3666,-0.1628,0.1317,-0.0292,1,8,0.0133,0.9437,-45.81,1,0.0264,0.0,0.0,0.24,-5.38,-4.21,-0.0572,-0.0668,-0.0146,0.399,right_upper_arm,0.046,left_upper_arm,0.182,abdomen,39.95,abdomen,0.952,abdomen,3.00,left_foot,0.6993,abdomen,11.18,1.78
42,0.1290,DESCENT,NONE,-0.1892,-0.6014,-0.3781,-0.1628,0.1317,-0.0322,1,8,0.0163,0.9439,-45.69,1,0.0254,0.0,0.0,0.15,-5.44,-4.24,-0.0569,-0.0671,-0.0130,0.349,right_upper_arm,0.045,left_upper_arm,0.179,abdomen,39.95,abdomen,0.951,abdomen,3.00,left_foot,0.6996,abdomen,9.38,1.19
43,0.1320,DESCENT,NONE,-0.1954,-0.6179,-0.3895,-0.1628,0.1317,-0.0325,1,8,0.0176,0.9439,-45.58,1,0.0247,0.0,0.0,0.07,-5.39,-4.30,-0.0567,-0.0674,-0.0119,0.986,right_hand,0.045,left_upper_arm,0.178,abdomen,39.93,abdomen,0.949,abdomen,3.00,left_foot,0.6994,abdomen,8.99,1.27
44,0.1350,DESCENT,NONE,-0.2018,-0.6351,-0.4014,-0.1628,0.1317,-0.0348,1,8,0.0179,0.9440,-45.50,1,0.0243,0.0,0.0,0.00,-5.29,-4.37,-0.0565,-0.0678,-0.0111,1.008,right_hand,0.048,right_forearm,0.177,abdomen,39.90,abdomen,0.946,abdomen,3.00,left_foot,0.6990,abdomen,10.42,1.29
45,0.1380,DESCENT,NONE,-0.2083,-0.6522,-0.4133,-0.1628,0.1317,-0.0347,1,8,0.0181,0.9439,-45.43,1,0.0239,0.0,0.0,-0.07,-5.19,-4.46,-0.0564,-0.0681,-0.0104,1.003,right_hand,0.049,right_forearm,0.176,abdomen,39.86,abdomen,0.943,abdomen,3.00,left_foot,0.6984,abdomen,13.13,1.28
46,0.1410,DESCENT,NONE,-0.2150,-0.6704,-0.4258,-0.1628,0.1317,-0.0382,1,8,0.0179,0.9437,-45.36,1,0.0236,0.0,0.0,-0.12,-5.09,-4.54,-0.0562,-0.0683,-0.0099,1.284,right_hand,0.045,right_forearm,0.175,abdomen,39.81,abdomen,0.939,abdomen,3.00,left_foot,0.6976,abdomen,7.33,1.17
47,0.1440,DESCENT,NONE,-0.2218,-0.6884,-0.4384,-0.1628,0.1302,-0.0426,1,8,0.0169,0.9434,-45.30,1,0.0233,0.0,0.0,-0.16,-5.01,-4.61,-0.0560,-0.0686,-0.0095,0.975,right_hand,0.045,left_upper_arm,0.173,abdomen,39.72,abdomen,0.934,abdomen,3.00,left_foot,0.6965,abdomen,8.12,0.98
48,0.1470,DESCENT,NONE,-0.2289,-0.7068,-0.4513,-0.1628,0.1302,-0.0460,1,8,0.0173,0.9429,-45.24,1,0.0231,0.0,0.0,-0.19,-4.95,-4.68,-0.0558,-0.0687,-0.0092,0.724,right_hand,0.045,left_upper_arm,0.171,abdomen,39.61,abdomen,0.929,abdomen,3.00,left_foot,0.6948,abdomen,6.06,1.04
49,0.1500,DESCENT,NONE,-0.2361,-0.7250,-0.4643,-0.1628,0.1302,-0.0477,1,8,0.0178,0.9423,-45.19,1,0.0229,0.0,0.0,-0.22,-4.90,-4.74,-0.0556,-0.0689,-0.0089,0.744,right_hand,0.048,right_hand,0.169,abdomen,39.48,abdomen,0.923,abdomen,3.00,left_foot,0.6929,abdomen,7.67,1.03
50,0.1530,DESCENT,NONE,-0.2436,-0.7437,-0.4777,-0.1628,0.1302,-0.0520,1,8,0.0182,0.9415,-45.14,1,0.0226,0.0,0.0,-0.24,-4.84,-4.78,-0.0554,-0.0690,-0.0087,0.430,right_hand,0.052,right_hand,0.168,abdomen,39.33,abdomen,0.917,abdomen,3.00,left_foot,0.6905,abdomen,11.39,1.08
51,0.1560,DESCENT,NONE,-0.2512,-0.7622,-0.4912,-0.1628,0.1302,-0.0538,1,8,0.0183,0.9406,-45.10,1,0.0224,0.0,0.0,-0.25,-4.77,-4.81,-0.0552,-0.0691,-0.0085,1.088,right_hand,0.069,right_hand,0.166,abdomen,39.16,abdomen,0.910,abdomen,3.00,left_foot,0.6878,abdomen,11.35,1.20
52,0.1590,DESCENT,NONE,-0.2590,-0.7813,-0.5050,-0.1628,0.1302,-0.0585,1,8,0.0182,0.9396,-45.07,1,0.0223,0.0,0.0,-0.25,-4.71,-4.84,-0.0550,-0.0691,-0.0083,0.422,right_hand,0.083,right_hand,0.164,abdomen,38.97,abdomen,0.903,abdomen,3.00,left_foot,0.6847,abdomen,17.82,1.15
53,0.1620,DESCENT,NONE,-0.2670,-0.8000,-0.5189,-0.1628,0.1302,-0.0603,1,8,0.0182,0.9384,-45.03,1,0.0221,0.0,0.0,-0.26,-4.64,-4.85,-0.0549,-0.0692,-0.0081,0.558,right_hand,0.095,right_hand,0.162,abdomen,38.76,abdomen,0.896,abdomen,3.00,left_foot,0.6813,abdomen,5.93,1.33
54,0.1650,DESCENT,NONE,-0.2752,-0.8194,-0.5331,-0.1628,0.1302,-0.0655,1,8,0.0176,0.9372,-45.02,1,0.0219,0.0,0.0,-0.25,-4.58,-4.88,-0.0547,-0.0692,-0.0079,0.961,right_hand,0.066,right_hand,0.160,abdomen,38.54,abdomen,0.888,abdomen,3.00,left_foot,0.6775,abdomen,18.07,1.40
55,0.1680,DESCENT,NONE,-0.2835,-0.8386,-0.5475,-0.1628,0.1302,-0.0674,1,8,0.0177,0.9357,-45.02,1,0.0217,0.0,0.0,-0.24,-4.51,-4.91,-0.0545,-0.0693,-0.0078,0.465,right_hand,0.100,right_hand,0.158,abdomen,38.29,abdomen,0.879,abdomen,3.00,left_foot,0.6736,abdomen,16.48,1.23
56,0.1710,DESCENT,NONE,-0.2921,-0.8582,-0.5622,-0.1628,0.1302,-0.0732,1,8,0.0179,0.9341,-45.01,1,0.0214,0.0,0.0,-0.23,-4.45,-4.91,-0.0544,-0.0693,-0.0076,0.275,right_hand,0.099,right_hand,0.156,abdomen,38.04,abdomen,0.871,abdomen,3.00,left_foot,0.6692,abdomen,15.38,1.26
57,0.1740,DESCENT,NONE,-0.3009,-0.8775,-0.5770,-0.1628,0.1302,-0.0799,1,8,0.0178,0.9324,-45.02,1,0.0212,0.0,0.0,-0.22,-4.38,-4.92,-0.0542,-0.0693,-0.0073,0.266,right_hand,0.083,right_hand,0.154,abdomen,37.76,abdomen,0.861,abdomen,3.00,left_foot,0.6646,abdomen,5.57,1.40
58,0.1770,DESCENT,NONE,-0.3098,-0.8970,-0.5920,-0.1628,0.1302,-0.0842,1,8,0.0174,0.9305,-45.05,1,0.0210,0.0,0.0,-0.21,-4.30,-4.93,-0.0540,-0.0694,-0.0071,1.034,right_hand,0.089,right_hand,0.152,abdomen,37.46,abdomen,0.852,abdomen,3.00,left_foot,0.6597,abdomen,16.27,1.57
59,0.1800,DESCENT,COM_OUTSIDE_SUPPORT,-0.3190,-0.9163,-0.6071,-0.1628,0.1302,-0.0896,1,8,0.0174,0.9285,-45.09,1,0.0208,0.0,0.0,-0.20,-4.23,-4.95,-0.0538,-0.0694,-0.0069,0.266,right_hand,0.097,right_hand,0.150,abdomen,37.16,abdomen,0.842,abdomen,3.00,left_foot,0.6545,abdomen,16.18,1.52
60,0.1830,DESCENT,COM_OUTSIDE_SUPPORT,-0.3283,-0.9357,-0.6224,-0.1628,0.1302,-0.0943,1,8,0.0182,0.9262,-45.14,1,0.0205,0.0,0.0,-0.18,-4.15,-4.96,-0.0536,-0.0695,-0.0067,0.286,right_hand,0.097,right_hand,0.148,abdomen,36.84,abdomen,0.832,abdomen,3.21,left_foot,0.6491,abdomen,15.77,1.56
61,0.1860,DESCENT,COM_OUTSIDE_SUPPORT,-0.3379,-0.9552,-0.6379,-0.1628,0.1302,-0.1039,1,8,0.0186,0.9238,-45.19,1,0.0203,0.0,0.0,-0.17,-4.07,-4.97,-0.0533,-0.0695,-0.0065,0.255,right_hand,0.090,right_hand,0.146,abdomen,36.51,abdomen,0.822,abdomen,3.57,left_foot,0.6435,abdomen,16.69,1.67
62,0.1890,DESCENT,COM_OUTSIDE_SUPPORT,-0.3476,-0.9745,-0.6535,-0.1628,0.1302,-0.1121,1,8,0.0180,0.9212,-45.25,1,0.0200,0.0,0.0,-0.15,-3.98,-4.98,-0.0531,-0.0695,-0.0063,0.326,right_hand,0.095,right_hand,0.143,abdomen,36.17,abdomen,0.811,abdomen,3.70,left_foot,0.6376,abdomen,16.02,1.65
63,0.1920,DESCENT,COM_OUTSIDE_SUPPORT,-0.3575,-0.9936,-0.6692,-0.1628,0.1302,-0.1152,1,8,0.0175,0.9185,-45.33,1,0.0198,0.0,0.0,-0.13,-3.89,-4.98,-0.0529,-0.0695,-0.0061,0.276,right_hand,0.094,right_hand,0.141,abdomen,35.81,abdomen,0.800,abdomen,3.94,left_foot,0.6316,abdomen,16.12,1.76
64,0.1950,DESCENT,COM_OUTSIDE_SUPPORT,-0.3676,-1.0130,-0.6851,-0.1628,0.1302,-0.1186,1,8,0.0169,0.9156,-45.42,1,0.0196,0.0,0.0,-0.11,-3.81,-4.99,-0.0527,-0.0696,-0.0060,0.323,right_hand,0.095,right_hand,0.139,abdomen,35.44,abdomen,0.789,abdomen,4.00,left_foot,0.6252,abdomen,16.11,1.80
65,0.1980,DESCENT,COM_OUTSIDE_SUPPORT,-0.3779,-1.0326,-0.7013,-0.1628,0.1302,-0.1211,1,8,0.0167,0.9126,-45.52,1,0.0193,0.0,0.0,-0.09,-3.72,-4.98,-0.0525,-0.0696,-0.0058,0.326,right_hand,0.096,right_hand,0.137,abdomen,35.06,abdomen,0.778,abdomen,4.01,left_foot,0.6187,abdomen,16.11,1.86
66,0.2010,DESCENT,COM_OUTSIDE_SUPPORT,-0.3885,-1.0526,-0.7177,-0.1628,0.1302,-0.1234,1,8,0.0166,0.9093,-45.63,1,0.0191,0.0,0.0,-0.07,-3.63,-4.98,-0.0523,-0.0696,-0.0056,0.335,right_hand,0.096,right_hand,0.135,abdomen,34.67,abdomen,0.767,abdomen,3.92,left_foot,0.6120,abdomen,16.35,1.90
67,0.2040,DESCENT,COM_OUTSIDE_SUPPORT,-0.3992,-1.0729,-0.7344,-0.1628,0.1302,-0.1257,1,8,0.0165,0.9059,-45.75,1,0.0189,0.0,0.0,-0.04,-3.54,-4.96,-0.0520,-0.0697,-0.0055,0.348,right_hand,0.099,right_hand,0.133,abdomen,34.28,abdomen,0.755,abdomen,3.72,left_foot,0.6052,abdomen,18.74,1.93
68,0.2070,DESCENT,COM_OUTSIDE_SUPPORT,-0.4101,-1.0936,-0.7514,-0.1628,0.1302,-0.1278,1,8,0.0163,0.9023,-45.88,1,0.0187,0.0,0.0,-0.02,-3.45,-4.95,-0.0518,-0.0697,-0.0053,0.449,right_hand,0.100,right_hand,0.131,abdomen,33.88,abdomen,0.743,abdomen,3.50,left_foot,0.5982,abdomen,15.80,1.95
69,0.2100,DESCENT,COM_OUTSIDE_SUPPORT,-0.4212,-1.1148,-0.7686,-0.1628,0.1302,-0.1297,1,8,0.0162,0.8985,-46.03,1,0.0185,0.0,0.0,0.00,-3.37,-4.92,-0.0516,-0.0698,-0.0051,0.354,right_hand,0.096,right_hand,0.129,abdomen,33.47,abdomen,0.732,abdomen,3.24,left_foot,0.5911,abdomen,17.96,2.00
70,0.2130,DESCENT,COM_OUTSIDE_SUPPORT,-0.4326,-1.1364,-0.7862,-0.1628,0.1302,-0.1315,1,8,0.0160,0.8945,-46.18,1,0.0183,0.0,0.0,0.02,-3.31,-4.89,-0.0514,-0.0698,-0.0050,0.434,right_hand,0.094,right_hand,0.127,abdomen,33.05,abdomen,0.720,abdomen,3.05,left_foot,0.5840,abdomen,17.05,2.04
71,0.2160,DESCENT,COM_OUTSIDE_SUPPORT,-0.4441,-1.1584,-0.8040,-0.1624,0.1302,-0.1331,1,8,0.0162,0.8903,-46.35,1,0.0181,0.0,0.0,0.03,-3.24,-4.85,-0.0513,-0.0699,-0.0048,0.317,right_hand,0.093,right_hand,0.124,abdomen,32.63,abdomen,0.708,abdomen,3.02,left_foot,0.5766,abdomen,14.17,2.10
72,0.2190,DESCENT,COM_OUTSIDE_SUPPORT,-0.4559,-1.1809,-0.8221,-0.1624,0.1302,-0.1343,1,8,0.0214,0.8859,-46.52,1,0.0180,0.0,0.0,0.05,-3.17,-4.80,-0.0511,-0.0699,-0.0046,0.364,right_hand,0.093,right_hand,0.123,abdomen,32.22,abdomen,0.696,abdomen,3.16,left_foot,0.5692,abdomen,17.00,2.13
73,0.2220,DESCENT,COM_OUTSIDE_SUPPORT,-0.4679,-1.2034,-0.8404,-0.1624,0.1302,-0.1358,1,8,0.0167,0.8811,-46.70,1,0.0178,0.0,0.0,0.06,-3.10,-4.74,-0.0509,-0.0699,-0.0044,0.350,right_hand,0.093,right_hand,0.120,abdomen,31.80,abdomen,0.685,abdomen,3.58,left_foot,0.5620,abdomen,13.48,2.17
74,0.2250,DESCENT,COM_OUTSIDE_SUPPORT,-0.4802,-1.2262,-0.8589,-0.1629,0.1305,-0.1369,1,8,0.0163,0.8761,-46.88,1,0.0176,0.0,0.0,0.06,-3.03,-4.68,-0.0507,-0.0699,-0.0042,0.393,right_hand,0.091,right_hand,0.119,abdomen,31.35,abdomen,0.672,abdomen,3.90,left_foot,0.5545,abdomen,12.73,2.20
75,0.2280,DESCENT,COM_OUTSIDE_SUPPORT,-0.4927,-1.2494,-0.8777,-0.1629,0.1305,-0.1392,1,8,0.0274,0.8707,-47.09,1,0.0174,0.0,0.0,0.06,-2.97,-4.62,-0.0505,-0.0700,-0.0040,0.441,right_hand,0.090,right_hand,0.116,abdomen,30.91,abdomen,0.659,abdomen,5.17,left_foot,0.5466,abdomen,12.40,2.26
76,0.2310,DESCENT,COM_OUTSIDE_SUPPORT,-0.5054,-1.2727,-0.8967,-0.1629,0.1305,-0.1392,1,8,0.0174,0.8650,-47.31,1,0.0172,0.0,0.0,0.05,-2.91,-4.55,-0.0503,-0.0700,-0.0038,0.478,right_hand,0.088,right_hand,0.113,abdomen,30.46,abdomen,0.647,abdomen,5.43,left_foot,0.5387,abdomen,15.60,2.30
77,0.2340,DESCENT,COM_OUTSIDE_SUPPORT,-0.5183,-1.2959,-0.9157,-0.1613,0.1328,-0.1412,1,8,0.0588,0.8590,-47.53,1,0.0170,0.0,0.0,0.05,-2.84,-4.48,-0.0502,-0.0700,-0.0036,0.283,right_hand,0.086,right_hand,0.112,abdomen,29.96,abdomen,0.633,abdomen,7.45,left_foot,0.5307,abdomen,13.86,2.33
78,0.2370,DESCENT,COM_OUTSIDE_SUPPORT,-0.5315,-1.3199,-0.9351,-0.1613,0.1328,-0.1420,1,7,0.1428,0.8527,-47.78,1,0.0168,0.0,0.0,0.05,-2.78,-4.41,-0.0500,-0.0701,-0.0035,0.153,right_hand,0.085,right_hand,0.109,abdomen,29.46,abdomen,0.619,abdomen,9.13,left_foot,0.5219,abdomen,12.50,2.38
79,0.2400,DESCENT,COM_OUTSIDE_SUPPORT,-0.5449,-1.3437,-0.9546,-0.1624,0.1302,-0.1423,1,8,0.2535,0.8458,-48.03,1,0.0166,0.0,0.0,0.04,-2.72,-4.34,-0.0498,-0.0701,-0.0033,0.197,right_hand,0.083,right_hand,0.106,abdomen,28.97,abdomen,0.605,abdomen,9.03,left_foot,0.5131,abdomen,9.72,2.37
80,0.2430,DESCENT,COM_OUTSIDE_SUPPORT,-0.5585,-1.3678,-0.9743,-0.1624,0.1302,-0.1402,1,6,0.2280,0.8387,-48.33,1,0.0164,0.0,0.0,0.01,-2.66,-4.28,-0.0494,-0.0702,-0.0032,0.649,right_hand,0.081,right_hand,0.096,abdomen,28.30,abdomen,0.588,abdomen,7.67,left_foot,0.5044,abdomen,9.61,2.43
81,0.2460,DESCENT,COM_OUTSIDE_SUPPORT,-0.5724,-1.3894,-0.9932,-0.1600,0.1302,-0.1401,1,8,0.3604,0.8311,-48.61,1,0.0161,0.0,0.0,0.01,-2.59,-4.20,-0.0492,-0.0702,-0.0031,0.651,right_hand,0.079,right_hand,0.099,abdomen,27.62,abdomen,0.572,abdomen,9.82,left_foot,0.4926,abdomen,9.42,2.48
82,0.2490,DESCENT,COM_OUTSIDE_SUPPORT,-0.5865,-1.4160,-1.0138,-0.1600,0.1302,-0.1395,1,8,0.3066,0.8230,-48.87,1,0.0158,0.0,0.0,0.00,-2.50,-4.10,-0.0489,-0.0701,-0.0030,0.685,right_hand,0.077,right_hand,0.092,abdomen,26.99,abdomen,0.558,abdomen,10.31,left_foot,0.4808,abdomen,9.22,2.52
83,0.2520,DESCENT,COM_OUTSIDE_SUPPORT,-0.6009,-1.4406,-1.0340,-0.1600,0.1302,-0.1412,1,8,0.3709,0.8143,-49.14,1,0.0155,0.0,0.0,-0.02,-2.40,-4.00,-0.0486,-0.0700,-0.0029,0.678,right_hand,0.076,right_hand,0.088,abdomen,26.29,abdomen,0.543,abdomen,12.52,left_foot,0.4697,abdomen,9.04,2.56
84,0.2550,DESCENT,COM_OUTSIDE_SUPPORT,-0.6155,-1.4653,-1.0542,-0.1600,0.1302,-0.1435,1,8,0.7793,0.8048,-49.37,1,0.0152,0.0,0.0,-0.06,-2.28,-3.89,-0.0483,-0.0699,-0.0029,0.682,right_hand,0.074,right_hand,0.088,abdomen,26.43,abdomen,0.529,abdomen,14.75,left_foot,0.4574,abdomen,12.68,2.55
85,0.2580,DESCENT,COM_OUTSIDE_SUPPORT,-0.6304,-1.4881,-1.0738,-0.1600,0.1302,-0.1460,1,8,0.9722,0.7944,-49.58,1,0.0149,0.0,0.0,-0.13,-2.15,-3.74,-0.0480,-0.0699,-0.0027,0.744,right_hand,0.072,right_hand,0.087,abdomen,26.53,abdomen,0.513,abdomen,15.30,left_foot,0.4445,abdomen,12.72,2.57
86,0.2610,DESCENT,COM_OUTSIDE_SUPPORT,-0.6454,-1.5059,-1.0920,-0.1600,0.1302,-0.1477,1,8,1.1045,0.7833,-49.77,1,0.0146,0.0,0.0,-0.21,-2.02,-3.59,-0.0477,-0.0699,-0.0025,0.742,right_hand,0.070,right_hand,0.088,right_foot,26.60,abdomen,0.496,abdomen,15.30,left_foot,0.4303,abdomen,12.24,2.61
87,0.2640,DESCENT,COM_OUTSIDE_SUPPORT,-0.6606,-1.5246,-1.1104,-0.1600,0.1302,-0.1488,1,8,1.2071,0.7713,-49.96,1,0.0143,0.0,0.0,-0.30,-1.89,-3.44,-0.0474,-0.0699,-0.0023,0.711,right_hand,0.068,right_hand,0.090,right_foot,26.66,abdomen,0.476,abdomen,15.30,left_foot,0.4152,abdomen,11.91,2.66
88,0.2670,DESCENT,COM_OUTSIDE_SUPPORT,-0.6760,-1.5445,-1.1291,-0.1600,0.1302,-0.1503,1,8,1.2857,0.7586,-50.15,1,0.0140,0.0,0.0,-0.37,-1.78,-3.30,-0.0471,-0.0698,-0.0021,0.680,right_hand,0.067,right_hand,0.092,right_foot,26.71,abdomen,0.455,abdomen,15.30,left_foot,0.3997,abdomen,11.82,2.72
89,0.2700,DESCENT,COM_OUTSIDE_SUPPORT,-0.6917,-1.5655,-1.1481,-0.1600,0.1302,-0.1519,1,8,1.3461,0.7452,-50.33,1,0.0137,0.0,0.0,-0.44,-1.69,-3.15,-0.0468,-0.0698,-0.0018,0.672,right_hand,0.065,right_hand,0.094,right_foot,26.74,abdomen,0.433,abdomen,15.30,right_foot,0.3838,abdomen,11.66,2.77
90,0.2730,DESCENT,COM_OUTSIDE_SUPPORT,-0.7075,-1.5875,-1.1674,-0.1600,0.1302,-0.1535,1,8,0.0248,0.7311,-50.51,1,0.0134,0.0,0.0,-0.49,-1.61,-3.03,-0.0465,-0.0697,-0.0015,0.673,right_hand,0.065,right_hand,0.096,right_foot,25.82,abdomen,0.409,abdomen,15.30,left_foot,0.3676,abdomen,11.59,2.84
91,0.2760,DESCENT,COM_OUTSIDE_SUPPORT,-0.7236,-1.6106,-1.1870,-0.1596,0.1307,-0.1554,1,4,0.0255,0.7163,-50.70,1,0.0131,0.0,0.0,-0.52,-1.56,-2.90,-0.0463,-0.0695,-0.0013,0.646,right_hand,0.064,right_hand,0.099,right_foot,24.82,abdomen,0.385,abdomen,15.03,left_foot,0.3583,right_thigh,11.56,2.92
92,0.2790,DESCENT,COM_OUTSIDE_SUPPORT,-0.7399,-1.6346,-1.2068,-0.1596,0.1307,-0.1588,1,4,0.0353,0.7009,-50.89,1,0.0128,0.0,0.0,-0.53,-1.53,-2.79,-0.0461,-0.0693,-0.0010,0.648,right_hand,0.064,right_hand,0.103,right_foot,25.10,right_thigh,0.360,abdomen,15.03,left_foot,0.3543,right_thigh,12.20,3.02
93,0.2820,DESCENT,COM_OUTSIDE_SUPPORT,-0.7565,-1.6591,-1.2268,-0.1596,0.1307,-0.1596,1,4,0.0079,0.6849,-51.11,1,0.0125,0.0,0.0,-0.52,-1.51,-2.70,-0.0458,-0.0692,-0.0008,0.701,right_hand,0.064,right_hand,0.097,right_foot,24.66,right_thigh,0.358,right_shank,15.03,left_foot,0.3491,right_thigh,12.22,3.10
94,0.2850,DESCENT,COM_OUTSIDE_SUPPORT,-0.7733,-1.6843,-1.2468,-0.1601,0.1306,-0.1601,1,4,0.0621,0.6682,-51.34,1,0.0122,0.0,0.0,-0.50,-1.50,-2.63,-0.0456,-0.0690,-0.0006,0.734,right_hand,0.064,right_hand,0.093,right_foot,24.24,right_thigh,0.362,right_shank,15.03,left_foot,0.3424,right_thigh,13.45,3.14
95,0.2880,DESCENT,COM_OUTSIDE_SUPPORT,-0.7904,-1.7097,-1.2668,-0.1601,0.1306,-0.1601,1,4,0.0479,0.6510,-51.59,1,0.0119,0.0,0.0,-0.47,-1.51,-2.58,-0.0454,-0.0688,-0.0005,0.641,right_hand,0.064,right_hand,0.090,right_foot,23.80,right_thigh,0.365,right_shank,15.03,left_foot,0.3363,right_thigh,7.95,3.32
96,0.2910,DESCENT,COM_OUTSIDE_SUPPORT,-0.8077,-1.7346,-1.2865,-0.1584,0.1322,-0.1578,1,4,0.0456,0.6332,-51.86,1,0.0116,0.0,0.0,-0.43,-1.51,-2.54,-0.0451,-0.0686,-0.0004,0.829,right_hand,0.064,right_hand,0.088,right_foot,23.31,right_thigh,0.367,right_shank,15.03,left_foot,0.3297,right_thigh,7.53,3.38
97,0.2940,DESCENT,COM_OUTSIDE_SUPPORT,-0.8253,-1.7600,-1.3063,-0.1585,0.1341,-0.1559,1,4,0.0403,0.6149,-52.15,1,0.0112,0.0,0.0,-0.38,-1.52,-2.51,-0.0448,-0.0683,-0.0004,0.564,right_hand,0.063,right_hand,0.092,right_foot,22.78,right_thigh,0.378,right_foot,15.04,left_foot,0.3220,right_thigh,7.61,3.45
98,0.2970,DESCENT,COM_OUTSIDE_SUPPORT,-0.8431,-1.7860,-1.3260,-0.1584,0.1318,-0.1581,1,4,0.0881,0.5959,-52.46,1,0.0109,0.0,0.0,-0.33,-1.52,-2.50,-0.0446,-0.0681,-0.0004,0.566,right_hand,0.066,right_hand,0.084,right_foot,22.36,right_thigh,0.398,right_foot,15.03,left_foot,0.3132,right_thigh,8.00,3.55
99,0.3000,DESCENT,COM_OUTSIDE_SUPPORT,-0.8612,-1.8116,-1.3455,-0.1589,0.1336,-0.1563,1,4,0.0283,0.5764,-52.79,1,0.0105,0.0,0.0,-0.27,-1.52,-2.48,-0.0443,-0.0679,-0.0003,0.825,right_hand,0.065,right_hand,0.089,right_foot,23.45,right_foot,0.404,right_foot,15.03,left_foot,0.3064,right_thigh,8.01,3.62
100,0.3030,DESCENT,COM_OUTSIDE_SUPPORT,-0.8795,-1.8357,-1.3644,-0.1540,0.1360,-0.1538,1,4,0.0457,0.5564,-53.14,1,0.0101,0.0,0.0,-0.21,-1.53,-2.48,-0.0440,-0.0677,-0.0003,0.825,right_hand,0.064,right_hand,0.081,right_foot,23.84,right_foot,0.427,right_foot,15.02,left_foot,0.2958,right_thigh,8.02,3.71
101,0.3060,DESCENT,COM_OUTSIDE_SUPPORT,-0.8981,-1.8622,-1.3836,-0.1582,0.1340,-0.1556,1,4,0.0913,0.5357,-53.51,1,0.0098,0.0,0.0,-0.15,-1.55,-2.48,-0.0437,-0.0675,-0.0003,0.809,right_hand,0.066,right_hand,0.078,right_foot,24.26,right_foot,0.436,right_foot,15.01,left_foot,0.2902,right_thigh,8.13,3.79
102,0.3090,DESCENT,COM_OUTSIDE_SUPPORT,-0.9169,-1.8879,-1.4024,-0.1590,0.0906,-0.1559,1,3,0.0694,0.5144,-53.90,1,0.0094,0.0,0.0,-0.10,-1.57,-2.48,-0.0433,-0.0673,-0.0004,0.805,right_hand,0.067,right_hand,0.081,right_foot,25.06,right_foot,0.441,right_foot,15.01,left_foot,0.2817,right_thigh,8.15,3.87
103,0.3120,DESCENT,COM_OUTSIDE_SUPPORT,-0.9360,-1.9111,-1.4203,-0.1555,-0.0116,-0.1540,1,3,0.2355,0.4925,-54.30,1,0.0090,0.0,0.0,-0.04,-1.58,-2.47,-0.0430,-0.0671,-0.0004,0.791,right_hand,0.068,right_hand,0.063,right_foot,25.60,right_foot,0.458,right_foot,15.00,left_foot,0.2770,right_thigh,8.31,3.95
104,0.3150,DESCENT,COM_OUTSIDE_SUPPORT,-0.9554,-1.9356,-1.4381,-0.1600,-0.0494,-0.1573,1,3,0.2059,0.4699,-54.70,1,0.0086,0.0,0.0,0.00,-1.58,-2.47,-0.0427,-0.0668,-0.0006,0.796,right_hand,0.069,right_hand,0.062,right_thigh,25.68,right_foot,0.484,right_foot,15.00,left_foot,0.2701,right_thigh,8.27,4.01
105,0.3180,DESCENT,COM_OUTSIDE_SUPPORT,-0.9749,-1.9564,-1.4546,-0.1613,-0.0735,-0.1549,1,3,0.0737,0.4464,-55.09,1,0.0083,0.0,0.0,0.04,-1.58,-2.48,-0.0425,-0.0665,-0.0008,0.523,right_hand,0.070,right_hand,0.064,right_thigh,26.12,right_foot,0.511,right_foot,15.00,left_foot,0.2606,right_thigh,8.33,4.09
106,0.3210,DESCENT,COM_OUTSIDE_SUPPORT,-0.9947,-1.9760,-1.4703,-0.1632,-0.0790,-0.1525,1,3,0.0627,0.4221,-55.48,1,0.0079,0.0,0.0,0.06,-1.57,-2.49,-0.0422,-0.0662,-0.0010,0.520,right_hand,0.071,right_hand,0.062,right_thigh,26.63,right_foot,0.524,right_foot,15.00,left_foot,0.2490,right_thigh,8.12,4.17
107,0.3240,DESCENT,COM_OUTSIDE_SUPPORT,-1.0146,-1.9918,-1.4845,-0.1649,-0.0839,-0.1507,1,3,0.0774,0.3970,-55.87,1,0.0075,0.0,0.0,0.08,-1.54,-2.48,-0.0419,-0.0659,-0.0011,0.547,right_hand,0.069,right_hand,0.061,right_thigh,26.97,right_foot,0.530,right_foot,15.00,left_foot,0.2366,right_thigh,8.56,4.26
108,0.3270,DESCENT,COM_OUTSIDE_SUPPORT,-1.0346,-2.0054,-1.4977,-0.1668,-0.0909,-0.1499,1,3,0.0919,0.3711,-56.27,1,0.0071,0.0,0.0,0.10,-1.50,-2.48,-0.0417,-0.0655,-0.0013,0.819,right_hand,0.067,right_hand,0.058,right_thigh,27.34,right_foot,0.530,right_foot,14.70,left_foot,0.2238,right_thigh,8.50,4.33
109,0.3300,DESCENT,COM_OUTSIDE_SUPPORT,-1.0548,-2.0167,-1.5096,-0.1684,-0.0983,-0.1493,1,3,0.0979,0.3445,-56.72,1,0.0067,0.0,0.0,0.13,-1.46,-2.46,-0.0414,-0.0651,-0.0015,0.837,right_hand,0.065,right_hand,0.050,right_thigh,28.11,right_foot,0.524,right_foot,12.41,left_foot,0.2108,right_thigh,8.46,4.41
110,0.3330,DESCENT,COM_OUTSIDE_SUPPORT,-1.0750,-2.0256,-1.5203,-0.1700,-0.1050,-0.1489,1,3,0.0805,0.3174,-57.23,1,0.0062,0.0,0.0,0.19,-1.41,-2.44,-0.0410,-0.0647,-0.0016,0.842,right_hand,0.065,right_hand,0.045,right_thigh,28.46,right_foot,0.509,right_foot,10.12,left_foot,0.1980,right_thigh,8.42,4.49
111,0.3360,DESCENT,COM_OUTSIDE_SUPPORT,-1.0953,-2.0323,-1.5298,-0.1716,-0.1106,-0.1486,1,3,0.0729,0.2898,-57.80,1,0.0058,0.0,0.0,0.27,-1.35,-2.42,-0.0407,-0.0642,-0.0017,0.840,right_hand,0.066,right_hand,0.041,right_thigh,28.37,right_foot,0.487,right_foot,7.83,left_foot,0.1870,right_thigh,8.00,4.56
112,0.3390,DESCENT,COM_OUTSIDE_SUPPORT,-1.1157,-2.0369,-1.5379,-0.1736,-0.1151,-0.1483,1,3,0.0767,0.2618,-58.44,1,0.0053,0.0,0.0,0.37,-1.29,-2.38,-0.0403,-0.0637,-0.0018,0.568,right_hand,0.066,right_hand,0.040,left_shank,27.82,right_foot,0.456,right_foot,5.54,left_foot,0.1776,right_thigh,8.35,4.67
113,0.3420,DESCENT,COM_OUTSIDE_SUPPORT,-1.1360,-2.0389,-1.5446,-0.1760,-0.1187,-0.1480,1,3,0.0783,0.2333,-59.13,1,0.0049,0.0,0.0,0.49,-1.22,-2.35,-0.0401,-0.0632,-0.0019,0.822,right_hand,0.066,right_hand,0.040,left_shank,26.77,right_foot,0.416,right_foot,3.25,left_foot,0.1758,left_shank,8.71,4.76
114,0.3450,DESCENT,COM_OUTSIDE_SUPPORT,-1.1564,-2.0382,-1.5497,-0.1788,-0.1219,-0.1478,1,3,0.1587,0.2042,-59.85,1,0.0047,0.0,0.0,0.60,-1.15,-2.31,-0.0399,-0.0626,-0.0020,0.833,right_hand,0.064,right_hand,0.045,right_shank,25.21,right_foot,0.367,right_foot,0.99,left_foot,0.1791,left_shank,8.21,4.83
115,0.3480,DESCENT,COM_OUTSIDE_SUPPORT,-1.1768,-2.0346,-1.5532,-0.1819,-0.1247,-0.1476,1,3,0.2457,0.1759,-59.47,1,0.0072,0.0,0.0,-3.82,-1.73,-2.28,-0.0303,-0.0624,-0.0047,0.571,right_hand,0.064,right_hand,0.048,right_shank,23.53,right_foot,0.325,left_thigh,0.37,left_foot,0.1819,left_shank,8.26,3.92
116,0.3510,DESCENT,COM_OUTSIDE_SUPPORT,-1.1971,-2.0306,-1.5553,-0.1858,-0.1496,-0.1496,1,3,0.0523,0.1527,-59.76,1,0.0143,0.0,0.0,-7.02,-1.93,-2.47,-0.0232,-0.0629,-0.0069,0.706,right_hand,0.147,right_forearm,0.058,right_shank,21.01,right_foot,0.329,left_thigh,0.62,left_foot,0.1842,left_shank,8.64,3.70
117,0.3540,DESCENT,COM_OUTSIDE_SUPPORT,-1.2149,-1.7522,-1.5135,-0.1904,-0.1486,-0.1486,1,3,0.2729,0.1320,-60.09,1,0.0183,0.0,0.0,-9.52,-1.82,-2.73,-0.0195,-0.0635,-0.0081,0.832,right_hand,0.174,right_forearm,0.069,right_shank,17.86,right_foot,0.335,left_thigh,0.75,left_foot,0.1897,left_shank,9.07,3.60
118,0.3570,DESCENT,COM_OUTSIDE_SUPPORT,-1.2317,-1.6684,-1.5058,-0.1952,-0.1486,-0.1486,1,3,1.0805,0.1191,-61.53,1,0.0212,0.0,0.0,-11.06,-1.52,-2.84,-0.0168,-0.0634,-0.0094,0.660,right_hand,0.150,right_forearm,0.071,right_shank,14.51,right_foot,0.338,left_thigh,0.98,left_foot,0.1938,left_shank,10.08,3.76
119,0.3600,DESCENT,COM_OUTSIDE_SUPPORT,-1.2477,-1.5821,-1.4975,-0.2003,-0.1489,-0.1489,1,3,0.8873,0.1120,-62.08,1,0.0299,0.0,0.0,-14.19,0.13,-3.13,-0.0062,-0.0592,-0.0041,0.518,right_hand,0.122,right_forearm,0.178,left_thigh,11.67,right_foot,0.308,left_thigh,1.20,left_foot,0.1959,left_shank,14.32,2.65
120,0.3630,DESCENT,COM_OUTSIDE_SUPPORT,-1.2629,-1.4566,-1.4844,-0.2185,-0.1511,NaN,0,4,0.7059,0.1091,-62.20,1,0.0343,0.0,0.0,-16.50,1.32,-3.29,-0.0018,-0.0573,-0.0002,1.354,left_hand,0.125,left_forearm,0.115,left_thigh,14.68,right_thigh,0.302,right_shank,1.32,left_foot,0.2019,right_thigh,6.19,2.60
121,0.3660,DESCENT,COM_OUTSIDE_SUPPORT,-1.2735,-1.0207,-1.4277,-0.2283,-0.1659,NaN,0,4,0.8518,0.1083,-62.56,1,0.0363,0.0,0.0,-17.88,1.80,-3.33,0.0000,-0.0558,0.0025,0.689,left_hand,0.157,left_forearm,0.056,left_thigh,14.35,left_thigh,0.302,right_shank,1.16,left_foot,0.2594,right_thigh,7.63,2.64
122,0.3690,DESCENT,COM_OUTSIDE_SUPPORT,-1.2826,-0.9026,-1.4181,-0.2431,-0.1716,-0.1716,1,4,0.0512,0.1102,-62.62,1,0.0367,0.0,0.0,-19.10,2.06,-3.26,0.0001,-0.0554,0.0041,0.671,right_hand,0.132,left_forearm,0.079,left_thigh,18.18,left_thigh,0.313,abdomen,2.57,left_foot,0.2525,left_thigh,6.24,1.11
123,0.3720,DESCENT,COM_OUTSIDE_SUPPORT,-1.2901,-0.7483,-1.4021,-0.3390,-0.1826,-0.2660,1,8,0.4154,0.1118,-62.53,1,0.0364,0.0,0.0,-19.75,2.25,-3.18,-0.0003,-0.0556,0.0051,1.085,right_hand,0.105,left_forearm,0.063,thorax,16.82,left_thigh,0.303,right_shank,3.00,left_foot,0.3063,left_thigh,5.47,0.81
124,0.3750,DESCENT,COM_OUTSIDE_SUPPORT,-1.2967,-0.6444,-1.3931,-0.3910,-0.1826,-0.2864,1,8,0.3738,0.1143,-62.45,1,0.0354,0.0,0.0,-20.12,2.40,-3.11,-0.0013,-0.0563,0.0057,1.025,right_hand,0.088,right_hand,0.067,thorax,17.14,left_thigh,0.301,right_shank,3.78,left_foot,0.2974,left_thigh,5.29,0.70
125,0.3780,DESCENT,COM_OUTSIDE_SUPPORT,-1.3022,-0.5232,-1.3805,-0.3980,-0.1826,-0.2671,1,8,0.4876,0.1175,-62.40,1,0.0338,0.0,0.0,-20.26,2.47,-3.06,-0.0027,-0.0574,0.0059,0.980,right_hand,0.080,right_hand,0.071,thorax,17.45,left_thigh,0.301,right_shank,5.48,left_foot,0.2903,left_thigh,5.27,0.66
126,0.3810,DESCENT,COM_OUTSIDE_SUPPORT,-1.3065,-0.4176,-1.3692,-0.4009,-0.1895,-0.2793,1,8,0.3946,0.1209,-62.37,1,0.0319,0.0,0.0,-20.25,2.46,-3.04,-0.0045,-0.0588,0.0058,0.942,right_hand,0.081,right_hand,0.074,thorax,17.81,left_thigh,0.306,right_thigh,7.50,right_foot,0.2831,left_thigh,5.56,0.59
127,0.3840,DESCENT,COM_OUTSIDE_SUPPORT,-1.3099,-0.3272,-1.3592,-0.4172,-0.1908,-0.2944,1,8,0.5878,0.1244,-62.36,1,0.0298,0.0,0.0,-20.08,2.41,-3.02,-0.0064,-0.0602,0.0055,0.902,right_hand,0.081,right_hand,0.076,thorax,18.08,left_thigh,0.311,right_thigh,9.64,left_foot,0.2767,left_thigh,5.71,0.64
128,0.3870,DESCENT,COM_OUTSIDE_SUPPORT,-1.3125,-0.2424,-1.3491,-0.4185,-0.1982,-0.2717,1,8,0.6817,0.1276,-62.32,1,0.0278,0.0,0.0,-19.81,2.31,-3.01,-0.0084,-0.0617,0.0049,0.877,right_hand,0.073,right_hand,0.077,thorax,18.47,left_thigh,0.318,right_thigh,11.84,left_foot,0.2689,left_thigh,5.73,0.67
129,0.3900,DESCENT,COM_OUTSIDE_SUPPORT,-1.3143,-0.1725,-1.3405,-0.4296,-0.2002,-0.2547,1,8,0.6634,0.1305,-62.26,1,0.0258,0.0,0.0,-19.45,2.18,-2.99,-0.0103,-0.0631,0.0043,0.851,right_hand,0.071,right_hand,0.074,thorax,18.84,left_thigh,0.324,right_thigh,14.07,left_foot,0.2629,left_thigh,5.95,0.65
130,0.3930,DESCENT,COM_OUTSIDE_SUPPORT,-1.3155,-0.1105,-1.3323,-0.4363,-0.2073,NaN,0,8,0.6285,0.1329,-62.18,1,0.0240,0.0,0.0,-19.00,2.03,-2.98,-0.0122,-0.0644,0.0036,0.844,right_hand,0.065,right_hand,0.068,thorax,18.73,left_thigh,0.330,right_thigh,14.18,left_foot,0.2565,left_thigh,6.00,0.63
131,0.3960,DESCENT,COM_OUTSIDE_SUPPORT,-1.3161,-0.0529,-1.3242,-0.4427,-0.2111,NaN,0,8,0.5911,0.1348,-62.05,1,0.0224,0.0,0.0,-18.49,1.86,-2.96,-0.0139,-0.0656,0.0029,0.834,right_hand,0.060,right_hand,0.066,thorax,19.09,left_thigh,0.337,right_thigh,14.67,left_foot,0.2499,left_thigh,5.94,0.60
132,0.3990,DESCENT,COM_OUTSIDE_SUPPORT,-1.3162,0.0000,-1.3162,-0.4484,-0.2143,NaN,0,8,0.5539,0.1361,-61.87,1,0.0209,0.0,0.0,-17.97,1.67,-2.93,-0.0155,-0.0665,0.0022,0.823,right_hand,0.056,right_hand,0.069,thorax,19.40,left_thigh,0.344,right_thigh,15.14,left_foot,0.2431,left_thigh,6.18,0.58
133,0.4020,DESCENT,COM_OUTSIDE_SUPPORT,-1.3158,0.0482,-1.3084,-0.4534,-0.2168,NaN,0,8,0.5203,0.1367,-61.65,1,0.0196,0.0,0.0,-17.43,1.48,-2.90,-0.0170,-0.0674,0.0016,0.838,right_hand,0.053,right_hand,0.067,thorax,19.70,left_thigh,0.351,right_thigh,15.30,left_foot,0.2356,left_thigh,6.12,0.57
134,0.4050,DESCENT,COM_OUTSIDE_SUPPORT,-1.3149,0.0943,-1.3004,-0.4577,-0.2187,NaN,0,8,0.4939,0.1366,-61.39,1,0.0186,0.0,0.0,-16.89,1.30,-2.85,-0.0183,-0.0681,0.0010,0.840,right_hand,0.051,right_hand,0.064,thorax,19.33,left_thigh,0.363,left_foot,15.30,left_foot,0.2280,left_thigh,6.65,0.56
135,0.4080,DESCENT,COM_OUTSIDE_SUPPORT,-1.3136,0.1385,-1.2923,-0.4612,-0.2187,NaN,0,7,0.4789,0.1359,-61.10,1,0.0177,0.0,0.0,-16.33,1.12,-2.81,-0.0194,-0.0686,0.0005,0.817,right_hand,0.050,right_hand,0.061,thorax,18.87,left_thigh,0.380,left_foot,15.30,left_foot,0.2198,left_thigh,7.46,0.54
136,0.4110,DESCENT,COM_OUTSIDE_SUPPORT,-1.3118,0.1802,-1.2841,-0.4638,-0.2204,NaN,0,8,0.4772,0.1347,-60.79,1,0.0169,0.0,0.0,-15.79,0.96,-2.76,-0.0204,-0.0689,0.0000,0.466,right_hand,0.048,right_hand,0.057,thorax,18.42,left_thigh,0.398,left_foot,15.30,left_foot,0.2117,left_thigh,6.47,0.53
137,0.4140,DESCENT,COM_OUTSIDE_SUPPORT,-1.3097,0.2206,-1.2757,-0.4529,-0.2203,NaN,0,8,0.4774,0.1332,-60.45,1,0.0164,0.0,0.0,-15.29,0.83,-2.71,-0.0210,-0.0688,-0.0004,0.520,right_hand,0.047,right_hand,0.050,thorax,16.19,left_thigh,0.416,left_foot,13.44,left_foot,0.2037,left_thigh,6.11,0.52
138,0.4170,DESCENT,COM_OUTSIDE_SUPPORT,-1.3072,0.2482,-1.2690,-0.4289,-0.2195,NaN,0,8,0.4646,0.1315,-60.09,1,0.0159,0.0,0.0,-14.81,0.72,-2.67,-0.0213,-0.0686,-0.0007,0.536,right_hand,0.048,right_hand,0.043,right_thigh,14.08,left_thigh,0.434,left_foot,11.22,right_foot,0.1959,left_thigh,5.81,0.56
139,0.4200,DESCENT,COM_OUTSIDE_SUPPORT,-1.3046,0.2708,-1.2629,-0.3997,-0.2183,NaN,0,8,0.4497,0.1298,-59.74,1,0.0154,0.0,0.0,-14.29,0.63,-2.63,-0.0218,-0.0683,-0.0009,0.544,right_hand,0.048,right_hand,0.040,right_thigh,12.09,left_thigh,0.448,left_foot,9.03,left_foot,0.1901,left_thigh,5.70,0.59
140,0.4230,DESCENT,COM_OUTSIDE_SUPPORT,-1.3017,0.2945,-1.2563,-0.3651,-0.2169,NaN,0,7,0.4233,0.1279,-59.40,1,0.0149,0.0,0.0,-13.75,0.56,-2.60,-0.0222,-0.0680,-0.0011,0.558,right_hand,0.048,right_hand,0.038,right_thigh,10.36,left_thigh,0.459,left_foot,6.91,left_foot,0.1863,left_thigh,5.54,0.62
141,0.4260,DESCENT,COM_OUTSIDE_SUPPORT,-1.2985,0.3180,-1.2495,-0.3458,-0.2154,NaN,0,7,0.3852,0.1257,-59.02,1,0.0143,0.0,0.0,-13.20,0.50,-2.57,-0.0228,-0.0677,-0.0013,0.559,right_hand,0.049,right_hand,0.045,right_thigh,11.13,left_thigh,0.467,left_foot,4.95,left_foot,0.1847,left_thigh,5.56,0.66
142,0.4290,DESCENT,COM_OUTSIDE_SUPPORT,-1.2952,0.3391,-1.2429,-0.3716,-0.2138,NaN,0,7,0.3641,0.1232,-58.60,1,0.0137,0.0,0.0,-12.64,0.45,-2.54,-0.0233,-0.0673,-0.0014,0.556,right_hand,0.050,right_hand,0.042,right_thigh,10.42,left_thigh,0.471,left_foot,3.42,left_foot,0.1851,left_thigh,5.47,0.70
143,0.4320,DESCENT,COM_OUTSIDE_SUPPORT,-1.2916,0.3604,-1.2361,-0.4113,-0.2124,NaN,0,8,0.2476,0.1220,-58.25,1,0.0129,0.0,0.0,-11.84,0.46,-2.50,-0.0241,-0.0672,-0.0015,0.557,right_hand,0.052,right_hand,0.043,right_thigh,10.51,right_thigh,0.474,left_foot,3.53,right_foot,0.1854,left_thigh,5.66,0.64
144,0.4350,DESCENT,COM_OUTSIDE_SUPPORT,-1.2878,0.3798,-1.2294,-0.4659,-0.2109,-0.2109,1,8,0.1777,0.1226,-58.01,1,0.0120,0.0,0.0,-10.77,0.47,-2.43,-0.0254,-0.0676,-0.0014,0.550,right_hand,0.052,right_hand,0.069,abdomen,10.46,left_shank,0.473,left_foot,5.13,left_foot,0.1871,right_thigh,6.14,0.65
145,0.4380,DESCENT,COM_OUTSIDE_SUPPORT,-1.2841,0.3424,-1.2315,-0.4652,-0.2109,-0.2109,1,8,0.0106,0.1236,-57.81,1,0.0109,0.0,0.0,-9.68,0.46,-2.39,-0.0270,-0.0682,-0.0014,0.554,right_hand,0.052,right_hand,0.080,abdomen,10.56,left_shank,0.469,left_foot,7.11,left_foot,0.1826,left_shank,6.47,0.47
146,0.4410,DESCENT,COM_OUTSIDE_SUPPORT,-1.2809,0.3091,-1.2333,-0.4656,-0.2101,-0.2603,1,8,0.0064,0.1245,-57.62,1,0.0102,0.0,0.0,-8.69,0.42,-2.34,-0.0284,-0.0688,-0.0013,0.546,right_hand,0.051,right_hand,0.074,abdomen,10.68,left_shank,0.465,left_foot,5.13,left_foot,0.1843,left_shank,6.46,0.41
147,0.4440,DESCENT,COM_OUTSIDE_SUPPORT,-1.2779,0.2811,-1.2346,-0.4656,-0.2101,-0.2652,1,8,0.0022,0.1253,-57.46,1,0.0097,0.0,0.0,-7.78,0.37,-2.31,-0.0298,-0.0693,-0.0012,0.553,right_hand,0.051,right_hand,0.071,abdomen,10.82,left_shank,0.459,left_foot,3.53,left_foot,0.1864,left_shank,6.44,0.39
148,0.4470,DESCENT,COM_OUTSIDE_SUPPORT,-1.2753,0.2541,-1.2361,-0.4654,-0.2100,-0.2551,1,8,0.0019,0.1260,-57.33,1,0.0094,0.0,0.0,-6.96,0.30,-2.27,-0.0308,-0.0697,-0.0012,0.550,right_hand,0.049,right_hand,0.071,abdomen,10.94,left_shank,0.457,right_thigh,3.00,left_foot,0.1889,left_shank,6.32,0.38
149,0.4500,DESCENT,COM_OUTSIDE_SUPPORT,-1.2729,0.2281,-1.2377,-0.4654,-0.2100,-0.2477,1,8,0.0102,0.1266,-57.21,1,0.0092,0.0,0.0,-6.23,0.25,-2.24,-0.0318,-0.0700,-0.0011,0.559,right_hand,0.048,right_hand,0.071,abdomen,11.02,left_shank,0.465,right_thigh,3.00,left_foot,0.1909,left_shank,6.12,0.36
150,0.4530,DESCENT,COM_OUTSIDE_SUPPORT,-1.2707,0.2044,-1.2391,-0.4654,-0.2095,-0.2423,1,8,0.0162,0.1271,-57.12,1,0.0090,0.0,0.0,-5.58,0.18,-2.22,-0.0326,-0.0702,-0.0010,0.578,right_hand,0.048,right_hand,0.076,abdomen,12.60,abdomen,0.473,right_thigh,3.77,left_foot,0.1923,left_shank,5.58,0.33
151,0.4560,DESCENT,COM_OUTSIDE_SUPPORT,-1.2688,0.1810,-1.2408,-0.4651,-0.2095,-0.2348,1,8,0.0216,0.1276,-57.03,1,0.0089,0.0,0.0,-4.99,0.13,-2.20,-0.0333,-0.0703,-0.0010,0.596,right_hand,0.049,right_hand,0.072,abdomen,12.43,abdomen,0.481,right_thigh,3.00,left_foot,0.2026,abdomen,5.27,0.30
152,0.4590,DESCENT,COM_OUTSIDE_SUPPORT,-1.2671,0.1573,-1.2428,-0.4651,-0.2095,-0.2385,1,8,0.0220,0.1280,-56.98,1,0.0088,0.0,0.0,-4.46,0.08,-2.18,-0.0338,-0.0703,-0.0009,0.618,right_hand,0.047,right_hand,0.072,abdomen,13.18,abdomen,0.487,right_thigh,3.00,left_foot,0.2173,abdomen,5.18,0.30
153,0.4620,DESCENT,COM_OUTSIDE_SUPPORT,-1.2656,0.1368,-1.2444,-0.4651,-0.2095,-0.2368,1,8,0.0278,0.1283,-56.93,1,0.0086,0.0,0.0,-4.01,0.03,-2.16,-0.0343,-0.0703,-0.0009,0.634,right_hand,0.046,right_hand,0.072,abdomen,13.80,abdomen,0.493,right_thigh,3.00,left_foot,0.2304,abdomen,4.99,0.29
154,0.4650,DESCENT,COM_OUTSIDE_SUPPORT,-1.2643,0.1181,-1.2460,-0.4651,-0.2099,-0.2354,1,8,0.0148,0.1286,-56.89,1,0.0085,0.0,0.0,-3.61,0.00,-2.14,-0.0346,-0.0702,-0.0009,0.638,right_hand,0.046,right_hand,0.071,abdomen,14.39,abdomen,0.498,right_thigh,3.00,left_foot,0.2410,abdomen,4.78,0.28
155,0.4680,DESCENT,COM_OUTSIDE_SUPPORT,-1.2632,0.0987,-1.2479,-0.4689,-0.2099,-0.2569,1,8,0.0956,0.1289,-56.86,1,0.0083,0.0,0.0,-3.27,-0.03,-2.13,-0.0350,-0.0701,-0.0009,0.652,right_hand,0.046,right_hand,0.072,abdomen,14.91,abdomen,0.503,right_thigh,3.00,left_foot,0.2514,abdomen,4.63,0.28
156,0.4710,DESCENT,COM_OUTSIDE_SUPPORT,-1.2623,0.0825,-1.2495,-0.4689,-0.2099,-0.2378,1,8,0.1008,0.1291,-56.83,1,0.0082,0.0,0.0,-2.97,-0.06,-2.12,-0.0352,-0.0699,-0.0009,0.670,right_hand,0.046,right_hand,0.071,abdomen,15.38,abdomen,0.508,right_thigh,3.00,left_foot,0.2604,abdomen,4.40,0.26
157,0.4740,DESCENT,COM_OUTSIDE_SUPPORT,-1.2616,0.0671,-1.2511,-0.4689,-0.2099,-0.2411,1,8,0.0424,0.1293,-56.81,1,0.0080,0.0,0.0,-2.73,-0.08,-2.11,-0.0354,-0.0697,-0.0009,0.714,right_hand,0.046,right_hand,0.071,abdomen,15.79,abdomen,0.512,left_thigh,3.00,left_foot,0.2687,abdomen,5.39,0.24
158,0.4770,DESCENT,COM_OUTSIDE_SUPPORT,-1.2609,0.0531,-1.2527,-0.4689,-0.2099,-0.2570,1,8,0.1265,0.1295,-56.80,1,0.0078,0.0,0.0,-2.51,-0.10,-2.10,-0.0356,-0.0696,-0.0009,0.841,right_hand,0.047,right_hand,0.071,abdomen,16.13,abdomen,0.516,left_thigh,3.00,left_foot,0.2758,abdomen,6.53,0.24
159,0.4800,DESCENT,COM_OUTSIDE_SUPPORT,-1.2604,0.0416,-1.2540,-0.4689,-0.2122,-0.2358,1,8,0.1715,0.1296,-56.79,1,0.0076,0.0,0.0,-2.34,-0.12,-2.09,-0.0357,-0.0694,-0.0009,0.947,right_hand,0.047,right_hand,0.070,abdomen,16.44,abdomen,0.520,left_thigh,3.00,right_foot,0.2816,abdomen,6.51,0.24
160,0.4830,DESCENT,COM_OUTSIDE_SUPPORT,-1.2601,0.0289,-1.2556,-0.4759,-0.2122,-0.2547,1,8,0.1662,0.1297,-56.78,1,0.0075,0.0,0.0,-2.21,-0.14,-2.08,-0.0357,-0.0692,-0.0009,0.947,right_hand,0.047,right_hand,0.070,abdomen,16.70,abdomen,0.524,left_thigh,3.00,left_foot,0.2870,abdomen,6.51,0.24
161,0.4860,DESCENT,COM_OUTSIDE_SUPPORT,-1.2598,0.0189,-1.2569,-0.4759,-0.2169,-0.2347,1,8,0.2062,0.1298,-56.79,1,0.0073,0.0,0.0,-2.11,-0.15,-2.08,-0.0358,-0.0690,-0.0009,0.947,right_hand,0.048,right_hand,0.070,abdomen,16.90,abdomen,0.528,left_thigh,3.00,left_foot,0.2917,abdomen,6.52,0.26
162,0.4890,DESCENT,COM_OUTSIDE_SUPPORT,-1.2596,0.0088,-1.2583,-0.4797,-0.2169,-0.2606,1,8,0.1948,0.1299,-56.80,1,0.0071,0.0,0.0,-2.05,-0.17,-2.07,-0.0357,-0.0688,-0.0008,0.948,right_hand,0.049,right_hand,0.069,abdomen,17.03,abdomen,0.531,left_thigh,3.00,left_foot,0.2951,abdomen,6.50,0.26
163,0.4920,DESCENT,COM_OUTSIDE_SUPPORT,-1.2596,-0.0004,-1.2597,-0.4797,-0.2169,-0.2408,1,8,0.2553,0.1299,-56.81,1,0.0069,0.0,0.0,-2.02,-0.17,-2.06,-0.0357,-0.0686,-0.0008,0.950,right_hand,0.049,right_hand,0.066,abdomen,17.09,abdomen,0.534,left_thigh,3.00,left_foot,0.2973,abdomen,6.49,0.27
164,0.4950,DESCENT,COM_OUTSIDE_SUPPORT,-1.2596,-0.0086,-1.2609,-0.4806,-0.2211,-0.2474,1,8,0.2847,0.1299,-56.81,1,0.0067,0.0,0.0,-2.02,-0.18,-2.06,-0.0357,-0.0685,-0.0008,0.948,right_hand,0.050,right_hand,0.070,abdomen,18.16,abdomen,0.536,left_thigh,3.77,left_foot,0.2985,abdomen,6.52,0.27
165,0.4980,DESCENT,COM_OUTSIDE_SUPPORT,-1.2597,-0.0150,-1.2620,-0.3967,-0.2211,-0.2479,1,6,0.2874,0.1299,-56.81,1,0.0067,0.0,0.0,-2.05,-0.18,-2.06,-0.0358,-0.0684,-0.0008,0.947,right_hand,0.050,right_hand,0.075,abdomen,19.21,abdomen,0.539,left_thigh,5.48,left_foot,0.2993,abdomen,6.55,0.28
166,0.5010,DESCENT,COM_OUTSIDE_SUPPORT,-1.2599,-0.0205,-1.2631,-0.3967,-0.2257,-0.2257,1,6,0.3130,0.1299,-56.80,1,0.0067,0.0,0.0,-2.10,-0.18,-2.05,-0.0359,-0.0684,-0.0008,0.944,right_hand,0.051,right_hand,0.079,abdomen,20.25,abdomen,0.542,left_thigh,7.50,left_foot,0.3000,abdomen,6.58,0.31
167,0.5040,DESCENT,COM_OUTSIDE_SUPPORT,-1.2601,-0.0241,-1.2638,-0.4777,-0.2257,NaN,0,7,0.3039,0.1299,-56.79,1,0.0066,0.0,0.0,-2.13,-0.19,-2.05,-0.0360,-0.0684,-0.0008,0.940,right_hand,0.051,right_hand,0.074,abdomen,19.26,abdomen,0.546,left_thigh,9.64,left_foot,0.3004,abdomen,6.61,0.35
168,0.5070,DESCENT,COM_OUTSIDE_SUPPORT,-1.2603,-0.0278,-1.2646,-0.4042,-0.2316,NaN,0,6,0.2770,0.1299,-56.78,1,0.0066,0.0,0.0,-2.15,-0.20,-2.05,-0.0360,-0.0684,-0.0008,0.938,right_hand,0.052,right_hand,0.069,abdomen,18.20,abdomen,0.549,left_thigh,7.50,left_foot,0.3005,abdomen,6.60,0.37
169,0.5100,DESCENT,COM_OUTSIDE_SUPPORT,-1.2605,-0.0296,-1.2652,-0.4703,-0.2316,NaN,0,6,0.2580,0.1299,-56.78,1,0.0066,0.0,0.0,-2.19,-0.20,-2.04,-0.0360,-0.0684,-0.0008,0.936,right_hand,0.053,right_hand,0.069,abdomen,18.26,abdomen,0.553,left_thigh,9.64,left_foot,0.3003,abdomen,6.60,0.39
170,0.5130,DESCENT,COM_OUTSIDE_SUPPORT,-1.2608,-0.0313,-1.2657,-0.4089,-0.2364,NaN,0,6,0.2422,0.1299,-56.79,1,0.0066,0.0,0.0,-2.23,-0.21,-2.04,-0.0359,-0.0683,-0.0008,0.936,right_hand,0.053,right_hand,0.064,abdomen,17.16,abdomen,0.556,left_thigh,7.50,left_foot,0.2994,abdomen,6.58,0.38
171,0.5160,DESCENT,COM_OUTSIDE_SUPPORT,-1.2611,-0.0329,-1.2662,-0.4560,-0.2364,NaN,0,6,0.2300,0.1299,-56.80,1,0.0066,0.0,0.0,-2.27,-0.21,-2.04,-0.0358,-0.0683,-0.0008,0.934,right_hand,0.053,right_hand,0.062,abdomen,17.01,abdomen,0.559,left_thigh,8.46,left_foot,0.2984,abdomen,6.60,0.37
172,0.5190,DESCENT,COM_OUTSIDE_SUPPORT,-1.2614,-0.0348,-1.2668,-0.4124,-0.2407,NaN,0,6,0.2471,0.1298,-56.82,1,0.0066,0.0,0.0,-2.31,-0.22,-2.04,-0.0357,-0.0683,-0.0008,0.935,right_hand,0.053,right_hand,0.062,abdomen,16.94,abdomen,0.562,left_thigh,6.37,left_foot,0.2971,abdomen,6.59,0.34
173,0.5220,DESCENT,COM_OUTSIDE_SUPPORT,-1.2617,-0.0364,-1.2674,-0.4394,-0.2407,NaN,0,6,0.2707,0.1298,-56.83,1,0.0065,0.0,0.0,-2.35,-0.22,-2.03,-0.0356,-0.0683,-0.0007,0.935,right_hand,0.054,right_hand,0.062,abdomen,16.87,abdomen,0.565,left_thigh,4.48,left_foot,0.2959,abdomen,6.58,0.32
174,0.5250,DESCENT,COM_OUTSIDE_SUPPORT,-1.2620,-0.0372,-1.2678,-0.4154,-0.2449,NaN,0,6,0.2841,0.1298,-56.84,1,0.0065,0.0,0.0,-2.40,-0.22,-2.03,-0.0355,-0.0683,-0.0007,0.935,right_hand,0.054,right_hand,0.062,abdomen,16.80,abdomen,0.567,left_thigh,3.17,left_foot,0.2947,abdomen,6.58,0.30
175,0.5280,DESCENT,COM_OUTSIDE_SUPPORT,-1.2623,-0.0375,-1.2682,-0.4248,-0.2449,NaN,0,6,0.2953,0.1297,-56.85,1,0.0065,0.0,0.0,-2.45,-0.23,-2.03,-0.0354,-0.0682,-0.0007,0.932,right_hand,0.055,right_hand,0.061,abdomen,16.73,abdomen,0.570,left_thigh,3.25,left_foot,0.2935,abdomen,6.61,0.30
176,0.5310,DESCENT,COM_OUTSIDE_SUPPORT,-1.2627,-0.0373,-1.2685,-0.3656,-0.2498,NaN,0,5,0.3149,0.1297,-56.85,1,0.0065,0.0,0.0,-2.51,-0.23,-2.03,-0.0353,-0.0682,-0.0007,0.933,right_hand,0.055,right_hand,0.066,abdomen,17.66,abdomen,0.573,left_thigh,4.40,left_foot,0.2922,abdomen,6.59,0.29
177,0.5340,DESCENT,COM_OUTSIDE_SUPPORT,-1.2630,-0.0369,-1.2687,-0.3744,-0.2498,NaN,0,5,0.3220,0.1297,-56.85,1,0.0065,0.0,0.0,-2.59,-0.23,-2.03,-0.0354,-0.0682,-0.0007,0.934,right_hand,0.056,right_hand,0.071,abdomen,18.62,abdomen,0.575,left_thigh,6.30,left_foot,0.2909,abdomen,6.60,0.32
178,0.5370,DESCENT,COM_OUTSIDE_SUPPORT,-1.2633,-0.0362,-1.2690,-0.3646,-0.2551,NaN,0,4,0.3223,0.1296,-56.85,1,0.0065,0.0,0.0,-2.67,-0.24,-2.02,-0.0354,-0.0683,-0.0007,0.933,right_hand,0.056,right_hand,0.076,abdomen,19.58,abdomen,0.579,left_thigh,8.23,left_foot,0.2899,abdomen,6.61,0.36
179,0.5400,DESCENT,COM_OUTSIDE_SUPPORT,-1.2636,-0.0357,-1.2692,-0.3145,-0.2551,NaN,0,2,0.3185,0.1296,-56.84,1,0.0066,0.0,0.0,-2.77,-0.24,-2.00,-0.0356,-0.0683,-0.0007,0.933,right_hand,0.056,right_hand,0.081,abdomen,20.55,abdomen,0.583,left_thigh,10.45,left_foot,0.2892,abdomen,6.61,0.41
180,0.5430,DESCENT,COM_OUTSIDE_SUPPORT,-1.2639,-0.0354,-1.2695,-0.3566,-0.2607,NaN,0,4,0.3191,0.1295,-56.82,1,0.0067,0.0,0.0,-2.86,-0.25,-1.99,-0.0357,-0.0684,-0.0007,0.929,right_hand,0.056,right_hand,0.083,abdomen,20.99,abdomen,0.587,left_thigh,12.76,left_foot,0.2887,abdomen,6.66,0.46
181,0.5460,DESCENT,COM_OUTSIDE_SUPPORT,-1.2642,-0.0356,-1.2698,-0.3201,-0.2607,NaN,0,2,0.3116,0.1295,-56.81,1,0.0067,0.0,0.0,-2.94,-0.25,-1.98,-0.0358,-0.0685,-0.0007,0.931,right_hand,0.056,right_hand,0.084,abdomen,21.10,abdomen,0.592,left_thigh,15.02,left_foot,0.2886,abdomen,6.64,0.52
182,0.5490,DESCENT,COM_OUTSIDE_SUPPORT,-1.2645,-0.0361,-1.2702,-0.3381,-0.2662,NaN,0,4,0.2998,0.1295,-56.80,1,0.0068,0.0,0.0,-3.01,-0.26,-1.96,-0.0359,-0.0686,-0.0007,0.931,right_hand,0.057,right_hand,0.084,abdomen,21.08,abdomen,0.597,left_thigh,15.03,right_foot,0.2888,abdomen,6.64,0.57
183,0.5520,DESCENT,COM_OUTSIDE_SUPPORT,-1.2648,-0.0369,-1.2706,-0.3048,-0.2688,NaN,0,3,0.0000,0.1295,-56.79,1,0.0069,0.0,0.0,-3.07,-0.27,-1.95,-0.0361,-0.0686,-0.0007,0.930,right_hand,0.057,right_hand,0.085,abdomen,21.19,abdomen,0.604,left_thigh,15.00,left_foot,0.2891,abdomen,6.64,0.65
184,0.5550,DESCENT,COM_OUTSIDE_SUPPORT,-1.2652,-0.0378,-1.2706,-1.2652,-1.2652,NaN,0,0,0.0000,0.1295,-56.79,1,0.0070,0.0,0.0,-3.13,-0.28,-1.93,-0.0361,-0.0687,-0.0007,0.931,right_hand,0.057,right_hand,0.080,abdomen,20.19,abdomen,0.610,left_thigh,12.71,left_foot,0.2895,abdomen,6.63,0.69
185,0.5580,DESCENT,COM_OUTSIDE_SUPPORT,-1.2655,-0.0392,-1.2711,-1.2655,-1.2655,NaN,0,0,0.0000,0.1294,-56.81,1,0.0071,0.0,0.0,-3.18,-0.29,-1.91,-0.0360,-0.0688,-0.0007,0.930,right_hand,0.057,right_hand,0.074,abdomen,19.16,abdomen,0.617,left_thigh,10.42,right_foot,0.2902,abdomen,6.62,0.68
186,0.5610,DESCENT,COM_OUTSIDE_SUPPORT,-1.2658,-0.0421,-1.2718,-1.2658,-1.2658,NaN,0,0,0.0000,0.1294,-56.83,1,0.0072,0.0,0.0,-3.21,-0.29,-1.90,-0.0358,-0.0689,-0.0006,0.930,right_hand,0.057,right_hand,0.068,abdomen,18.13,abdomen,0.624,left_thigh,8.12,left_foot,0.2904,abdomen,6.60,0.64
187,0.5640,DESCENT,COM_OUTSIDE_SUPPORT,-1.2662,-0.0456,-1.2727,-1.2662,-1.2662,NaN,0,0,0.0000,0.1293,-56.87,1,0.0073,0.0,0.0,-3.24,-0.30,-1.89,-0.0355,-0.0690,-0.0006,0.931,right_hand,0.057,right_hand,0.062,abdomen,17.09,abdomen,0.629,left_thigh,5.83,left_foot,0.2904,abdomen,6.59,0.59
188,0.5670,DESCENT,COM_OUTSIDE_SUPPORT,-1.2667,-0.0492,-1.2737,-1.2667,-1.2667,NaN,0,0,0.0000,0.1293,-56.91,1,0.0074,0.0,0.0,-3.28,-0.30,-1.88,-0.0352,-0.0691,-0.0006,0.932,right_hand,0.057,right_hand,0.059,abdomen,16.61,abdomen,0.635,left_thigh,3.54,left_foot,0.2904,abdomen,6.58,0.52
189,0.5700,DESCENT,COM_OUTSIDE_SUPPORT,-1.2671,-0.0523,-1.2746,-1.2671,-1.2671,NaN,0,0,0.0000,0.1292,-56.94,1,0.0074,0.0,0.0,-3.31,-0.30,-1.87,-0.0349,-0.0692,-0.0006,0.932,right_hand,0.058,right_hand,0.058,abdomen,16.55,abdomen,0.639,left_thigh,1.25,left_foot,0.2898,abdomen,6.56,0.46
190,0.5730,DESCENT,COM_OUTSIDE_SUPPORT,-1.2676,-0.0544,-1.2754,-1.2676,-1.2676,NaN,0,0,0.0000,0.1292,-56.98,1,0.0075,0.0,0.0,-3.36,-0.30,-1.86,-0.0346,-0.0692,-0.0006,0.934,right_hand,0.059,right_hand,0.058,abdomen,16.50,abdomen,0.643,left_thigh,0.00,NONE,0.2889,abdomen,6.54,0.42
191,0.5760,DESCENT,COM_OUTSIDE_SUPPORT,-1.2681,-0.0550,-1.2759,-1.2681,-1.2681,NaN,0,0,0.0000,0.1291,-57.01,1,0.0076,0.0,0.0,-3.42,-0.30,-1.86,-0.0344,-0.0692,-0.0006,0.928,right_hand,0.059,right_hand,0.057,abdomen,16.42,abdomen,0.646,left_thigh,0.00,NONE,0.2879,abdomen,6.60,0.39
192,0.5790,DESCENT,COM_OUTSIDE_SUPPORT,-1.2686,-0.0545,-1.2764,-1.2686,-1.2686,NaN,0,0,0.0000,0.1291,-57.03,1,0.0076,0.0,0.0,-3.48,-0.31,-1.85,-0.0342,-0.0692,-0.0006,0.931,right_hand,0.060,right_hand,0.057,abdomen,16.33,abdomen,0.649,left_thigh,0.00,NONE,0.2866,abdomen,6.60,0.36
193,0.5820,DESCENT,COM_OUTSIDE_SUPPORT,-1.2691,-0.0531,-1.2766,-1.2691,-1.2691,NaN,0,0,0.0000,0.1290,-57.05,1,0.0076,0.0,0.0,-3.53,-0.30,-1.85,-0.0340,-0.0692,-0.0006,0.931,right_hand,0.061,right_hand,0.057,abdomen,16.23,abdomen,0.651,left_thigh,0.00,NONE,0.2850,abdomen,6.60,0.34
194,0.5850,DESCENT,COM_OUTSIDE_SUPPORT,-1.2695,-0.0510,-1.2768,-1.2695,-1.2695,NaN,0,0,0.0000,0.1290,-57.07,1,0.0076,0.0,0.0,-3.59,-0.30,-1.85,-0.0339,-0.0692,-0.0007,0.925,right_hand,0.061,right_hand,0.057,abdomen,16.14,abdomen,0.654,left_thigh,0.00,NONE,0.2833,abdomen,6.59,0.32
195,0.5880,DESCENT,COM_OUTSIDE_SUPPORT,-1.2700,-0.0482,-1.2769,-1.2700,-1.2700,NaN,0,0,0.0000,0.1290,-57.08,1,0.0076,0.0,0.0,-3.65,-0.29,-1.85,-0.0338,-0.0691,-0.0007,0.921,right_hand,0.061,right_hand,0.057,abdomen,16.05,abdomen,0.656,left_thigh,0.00,NONE,0.2817,abdomen,6.52,0.31
196,0.5910,DESCENT,COM_OUTSIDE_SUPPORT,-1.2704,-0.0453,-1.2768,-1.2704,-1.2704,NaN,0,0,0.0000,0.1289,-57.09,1,0.0076,0.0,0.0,-3.70,-0.29,-1.85,-0.0337,-0.0691,-0.0007,0.915,right_hand,0.060,right_hand,0.056,abdomen,15.96,abdomen,0.658,left_thigh,0.00,NONE,0.2801,abdomen,6.58,0.31
197,0.5940,DESCENT,COM_OUTSIDE_SUPPORT,-1.2708,-0.0420,-1.2768,-1.2708,-1.2708,NaN,0,0,0.0000,0.1289,-57.10,1,0.0076,0.0,0.0,-3.74,-0.29,-1.85,-0.0336,-0.0690,-0.0007,0.919,right_hand,0.060,right_hand,0.057,abdomen,15.87,abdomen,0.660,left_thigh,0.00,NONE,0.2785,abdomen,6.57,0.30
198,0.5970,DESCENT,COM_OUTSIDE_SUPPORT,-1.2711,-0.0387,-1.2766,-1.2711,-1.2711,NaN,0,0,0.0000,0.1289,-57.11,1,0.0075,0.0,0.0,-3.78,-0.29,-1.84,-0.0335,-0.0690,-0.0007,0.919,right_hand,0.061,right_hand,0.057,abdomen,15.79,abdomen,0.661,left_thigh,0.00,NONE,0.2770,abdomen,6.59,0.30
199,0.6000,DESCENT,COM_OUTSIDE_SUPPORT,-1.2714,-0.0354,-1.2765,-1.2714,-1.2714,NaN,0,0,0.0000,0.1288,-57.11,1,0.0075,0.0,0.0,-3.82,-0.29,-1.84,-0.0335,-0.0689,-0.0007,0.919,right_hand,0.061,right_hand,0.057,abdomen,15.72,abdomen,0.663,left_thigh,0.00,NONE,0.2757,abdomen,6.61,0.30
200,0.6030,DESCENT,COM_OUTSIDE_SUPPORT,-1.2717,-0.0320,-1.2763,-1.2717,-1.2717,NaN,0,0,0.0000,0.1288,-57.11,1,0.0075,0.0,0.0,-3.84,-0.29,-1.84,-0.0335,-0.0689,-0.0007,0.919,right_hand,0.061,right_hand,0.057,abdomen,15.66,abdomen,0.664,left_thigh,0.00,NONE,0.2744,abdomen,6.62,0.29
201,0.6060,DESCENT,COM_OUTSIDE_SUPPORT,-1.2719,-0.0287,-1.2760,-1.2719,-1.2719,NaN,0,0,0.0000,0.1288,-57.12,1,0.0074,0.0,0.0,-3.87,-0.29,-1.84,-0.0334,-0.0688,-0.0007,0.919,right_hand,0.061,right_hand,0.057,abdomen,15.60,abdomen,0.666,left_thigh,0.00,NONE,0.2733,abdomen,6.64,0.29
202,0.6090,DESCENT,COM_OUTSIDE_SUPPORT,-1.2722,-0.0255,-1.2758,-1.2722,-1.2722,NaN,0,0,0.0000,0.1288,-57.11,1,0.0074,0.0,0.0,-3.88,-0.29,-1.84,-0.0334,-0.0688,-0.0007,0.919,right_hand,0.061,right_hand,0.057,abdomen,15.55,abdomen,0.667,left_thigh,0.00,NONE,0.2723,abdomen,6.65,0.29
203,0.6120,DESCENT,COM_OUTSIDE_SUPPORT,-1.2723,-0.0225,-1.2756,-1.2723,-1.2723,NaN,0,0,0.0000,0.1288,-57.11,1,0.0074,0.0,0.0,-3.89,-0.28,-1.85,-0.0334,-0.0688,-0.0008,0.918,right_hand,0.061,right_hand,0.057,abdomen,15.51,abdomen,0.668,left_thigh,0.00,NONE,0.2714,abdomen,6.63,0.30
204,0.6150,DESCENT,COM_OUTSIDE_SUPPORT,-1.2725,-0.0195,-1.2753,-1.2725,-1.2725,NaN,0,0,0.0000,0.1288,-57.11,1,0.0073,0.0,0.0,-3.90,-0.27,-1.85,-0.0335,-0.0687,-0.0008,0.910,right_hand,0.061,right_hand,0.057,abdomen,15.48,abdomen,0.669,left_thigh,0.00,NONE,0.2707,abdomen,6.70,0.30
205,0.6180,DESCENT,COM_OUTSIDE_SUPPORT,-1.2726,-0.0166,-1.2750,-1.2726,-1.2726,NaN,0,0,0.0000,0.1288,-57.10,1,0.0073,0.0,0.0,-3.90,-0.27,-1.84,-0.0335,-0.0687,-0.0008,0.915,right_hand,0.061,right_hand,0.058,abdomen,15.45,abdomen,0.670,left_thigh,0.00,NONE,0.2701,abdomen,6.68,0.29
206,0.6210,DESCENT,COM_OUTSIDE_SUPPORT,-1.2727,-0.0139,-1.2747,-1.2727,-1.2727,NaN,0,0,0.0000,0.1288,-57.10,1,0.0073,0.0,0.0,-3.89,-0.27,-1.84,-0.0335,-0.0687,-0.0008,0.916,right_hand,0.061,right_hand,0.058,abdomen,15.43,abdomen,0.671,left_thigh,0.00,NONE,0.2696,abdomen,6.68,0.29
207,0.6240,DESCENT,COM_OUTSIDE_SUPPORT,-1.2728,-0.0116,-1.2744,-1.2728,-1.2728,NaN,0,0,0.0000,0.1288,-57.10,1,0.0073,0.0,0.0,-3.88,-0.28,-1.84,-0.0335,-0.0687,-0.0008,0.915,right_hand,0.061,right_hand,0.058,abdomen,15.41,abdomen,0.671,left_thigh,0.00,NONE,0.2693,abdomen,6.67,0.29
208,0.6270,DESCENT,COM_OUTSIDE_SUPPORT,-1.2728,-0.0094,-1.2742,-1.2728,-1.2728,NaN,0,0,0.0000,0.1288,-57.09,1,0.0072,0.0,0.0,-3.87,-0.28,-1.84,-0.0335,-0.0686,-0.0008,0.916,right_hand,0.061,right_hand,0.058,abdomen,15.40,abdomen,0.672,left_thigh,0.00,NONE,0.2690,abdomen,6.67,0.29
209,0.6300,DESCENT,COM_OUTSIDE_SUPPORT,-1.2729,-0.0073,-1.2739,-1.2729,-1.2729,NaN,0,0,0.0000,0.1288,-57.08,1,0.0072,0.0,0.0,-3.86,-0.28,-1.84,-0.0336,-0.0686,-0.0008,0.916,right_hand,0.061,right_hand,0.059,abdomen,15.40,abdomen,0.672,left_thigh,0.00,NONE,0.2688,abdomen,6.67,0.29
210,0.6330,DESCENT,COM_OUTSIDE_SUPPORT,-1.2729,-0.0053,-1.2737,-1.2729,-1.2729,NaN,0,0,0.0000,0.1288,-57.08,1,0.0072,0.0,0.0,-3.84,-0.28,-1.84,-0.0336,-0.0686,-0.0008,0.916,right_hand,0.061,right_hand,0.059,abdomen,15.40,abdomen,0.672,left_thigh,0.00,NONE,0.2688,abdomen,6.66,0.29
211,0.6360,DESCENT,COM_OUTSIDE_SUPPORT,-1.2729,-0.0035,-1.2734,-1.2729,-1.2729,NaN,0,0,0.0000,0.1288,-57.07,1,0.0072,0.0,0.0,-3.82,-0.28,-1.84,-0.0337,-0.0686,-0.0009,0.916,right_hand,0.061,right_hand,0.059,abdomen,15.41,abdomen,0.672,left_thigh,0.00,NONE,0.2688,abdomen,6.66,0.29
212,0.6390,DESCENT,COM_OUTSIDE_SUPPORT,-1.2729,-0.0019,-1.2731,-1.2729,-1.2729,NaN,0,0,0.0000,0.1288,-57.06,1,0.0071,0.0,0.0,-3.80,-0.28,-1.83,-0.0337,-0.0686,-0.0009,0.916,right_hand,0.060,right_hand,0.060,abdomen,15.42,abdomen,0.673,left_thigh,0.00,NONE,0.2689,abdomen,6.66,0.29
213,0.6420,DESCENT,COM_OUTSIDE_SUPPORT,-1.2728,-0.0004,-1.2729,-1.2728,-1.2728,NaN,0,0,0.0000,0.1289,-57.06,1,0.0071,0.0,0.0,-3.77,-0.28,-1.83,-0.0338,-0.0686,-0.0009,0.917,right_hand,0.060,right_hand,0.060,abdomen,15.44,abdomen,0.673,left_thigh,0.00,NONE,0.2691,abdomen,6.66,0.29
214,0.6450,DESCENT,COM_OUTSIDE_SUPPORT,-1.2728,0.0008,-1.2727,-1.2728,-1.2728,NaN,0,0,0.0000,0.1289,-57.05,1,0.0071,0.0,0.0,-3.75,-0.28,-1.83,-0.0338,-0.0685,-0.0009,0.916,right_hand,0.060,right_hand,0.060,abdomen,15.46,abdomen,0.673,left_thigh,0.00,NONE,0.2695,abdomen,6.65,0.29
215,0.6480,DESCENT,COM_OUTSIDE_SUPPORT,-1.2727,0.0018,-1.2725,-1.2727,-1.2727,NaN,0,0,0.0000,0.1289,-57.04,1,0.0070,0.0,0.0,-3.72,-0.28,-1.83,-0.0339,-0.0685,-0.0009,0.916,right_hand,0.060,right_hand,0.060,abdomen,15.48,abdomen,0.673,left_thigh,0.00,NONE,0.2698,abdomen,6.65,0.29
216,0.6510,DESCENT,COM_OUTSIDE_SUPPORT,-1.2726,0.0027,-1.2723,-1.2726,-1.2726,NaN,0,0,0.0000,0.1289,-57.03,1,0.0070,0.0,0.0,-3.68,-0.28,-1.83,-0.0340,-0.0685,-0.0009,0.917,right_hand,0.060,right_hand,0.061,abdomen,15.52,abdomen,0.673,left_thigh,0.00,NONE,0.2702,abdomen,6.64,0.29
217,0.6540,DESCENT,COM_OUTSIDE_SUPPORT,-1.2726,0.0033,-1.2721,-1.2726,-1.2726,NaN,0,0,0.0000,0.1290,-57.02,1,0.0069,0.0,0.0,-3.65,-0.28,-1.83,-0.0340,-0.0685,-0.0009,0.916,right_hand,0.060,right_hand,0.061,abdomen,15.55,abdomen,0.674,left_thigh,0.00,NONE,0.2708,abdomen,6.64,0.29
218,0.6570,DESCENT,COM_OUTSIDE_SUPPORT,-1.2725,0.0038,-1.2719,-1.2725,-1.2725,NaN,0,0,0.0000,0.1290,-57.01,1,0.0069,0.0,0.0,-3.61,-0.28,-1.83,-0.0341,-0.0684,-0.0009,0.916,right_hand,0.060,right_hand,0.061,abdomen,15.58,abdomen,0.674,left_thigh,0.00,NONE,0.2714,abdomen,6.63,0.29
219,0.6600,DESCENT,COM_OUTSIDE_SUPPORT,-1.2724,0.0041,-1.2718,-1.2724,-1.2724,NaN,0,0,0.0000,0.1290,-57.00,1,0.0069,0.0,0.0,-3.58,-0.28,-1.82,-0.0342,-0.0684,-0.0009,0.917,right_hand,0.059,right_hand,0.062,abdomen,15.63,abdomen,0.674,left_thigh,0.00,NONE,0.2720,abdomen,6.63,0.29
220,0.6630,DESCENT,COM_OUTSIDE_SUPPORT,-1.2723,0.0042,-1.2717,-1.2723,-1.2723,NaN,0,0,0.0000,0.1290,-56.99,1,0.0068,0.0,0.0,-3.54,-0.28,-1.82,-0.0343,-0.0684,-0.0009,0.917,right_hand,0.059,right_hand,0.062,abdomen,15.67,abdomen,0.675,left_thigh,0.00,NONE,0.2727,abdomen,6.62,0.29
221,0.6660,DESCENT,COM_OUTSIDE_SUPPORT,-1.2722,0.0041,-1.2716,-1.2722,-1.2722,NaN,0,0,0.0000,0.1291,-56.98,1,0.0068,0.0,0.0,-3.51,-0.28,-1.82,-0.0343,-0.0684,-0.0010,0.917,right_hand,0.059,right_hand,0.062,abdomen,15.71,abdomen,0.675,left_thigh,0.00,NONE,0.2734,abdomen,6.61,0.29
222,0.6690,DESCENT,COM_OUTSIDE_SUPPORT,-1.2721,0.0039,-1.2716,-1.2721,-1.2721,NaN,0,0,0.0000,0.1291,-56.97,1,0.0068,0.0,0.0,-3.47,-0.28,-1.81,-0.0344,-0.0684,-0.0010,0.917,right_hand,0.059,right_hand,0.063,abdomen,15.76,abdomen,0.676,left_thigh,0.00,NONE,0.2742,abdomen,6.61,0.29
223,0.6720,DESCENT,COM_OUTSIDE_SUPPORT,-1.2721,0.0036,-1.2715,-1.2721,-1.2721,NaN,0,0,0.0000,0.1291,-56.96,1,0.0068,0.0,0.0,-3.44,-0.28,-1.81,-0.0345,-0.0684,-0.0010,0.917,right_hand,0.059,right_hand,0.063,abdomen,15.81,abdomen,0.677,left_thigh,0.00,NONE,0.2750,abdomen,6.60,0.29
224,0.6750,DESCENT,COM_OUTSIDE_SUPPORT,-1.2720,0.0031,-1.2715,-1.2720,-1.2720,NaN,0,0,0.0000,0.1292,-56.96,1,0.0067,0.0,0.0,-3.40,-0.28,-1.81,-0.0345,-0.0683,-0.0010,0.916,right_hand,0.059,right_hand,0.063,abdomen,15.86,abdomen,0.677,left_thigh,0.00,NONE,0.2759,abdomen,6.59,0.29
225,0.6780,DESCENT,COM_OUTSIDE_SUPPORT,-1.2719,0.0026,-1.2715,-1.2719,-1.2719,NaN,0,0,0.0000,0.1292,-56.95,1,0.0067,0.0,0.0,-3.37,-0.29,-1.80,-0.0346,-0.0683,-0.0010,0.916,right_hand,0.058,right_hand,0.063,abdomen,15.91,abdomen,0.678,left_thigh,0.00,NONE,0.2767,abdomen,6.59,0.29
226,0.6810,DESCENT,COM_OUTSIDE_SUPPORT,-1.2718,0.0019,-1.2716,-1.2718,-1.2718,NaN,0,0,0.0000,0.1292,-56.94,1,0.0067,0.0,0.0,-3.34,-0.28,-1.80,-0.0347,-0.0683,-0.0011,0.916,right_hand,0.058,right_hand,0.064,abdomen,15.96,abdomen,0.679,left_thigh,0.00,NONE,0.2776,abdomen,6.58,0.29
227,0.6840,DESCENT,COM_OUTSIDE_SUPPORT,-1.2718,0.0012,-1.2716,-1.2718,-1.2718,NaN,0,0,0.0000,0.1293,-56.93,1,0.0067,0.0,0.0,-3.31,-0.28,-1.80,-0.0347,-0.0683,-0.0011,0.911,right_hand,0.058,right_hand,0.064,abdomen,16.01,abdomen,0.679,left_thigh,0.00,NONE,0.2785,abdomen,6.62,0.30
228,0.6870,DESCENT,COM_OUTSIDE_SUPPORT,-1.2717,0.0005,-1.2717,-1.2717,-1.2717,NaN,0,0,0.0000,0.1293,-56.93,1,0.0067,0.0,0.0,-3.28,-0.28,-1.79,-0.0347,-0.0683,-0.0011,0.916,right_hand,0.058,right_hand,0.064,abdomen,16.06,abdomen,0.680,left_thigh,0.00,NONE,0.2793,abdomen,6.58,0.29
229,0.6900,DESCENT,COM_OUTSIDE_SUPPORT,-1.2717,-0.0002,-1.2717,-1.2717,-1.2717,NaN,0,0,0.0000,0.1293,-56.92,1,0.0067,0.0,0.0,-3.25,-0.29,-1.79,-0.0348,-0.0683,-0.0012,0.917,right_hand,0.058,right_hand,0.065,abdomen,16.11,abdomen,0.681,left_thigh,0.00,NONE,0.2802,abdomen,6.57,0.29
230,0.6930,DESCENT,COM_OUTSIDE_SUPPORT,-1.2717,-0.0011,-1.2718,-1.2717,-1.2717,NaN,0,0,0.0000,0.1293,-56.92,1,0.0067,0.0,0.0,-3.23,-0.29,-1.78,-0.0348,-0.0683,-0.0012,0.917,right_hand,0.058,right_hand,0.065,abdomen,16.16,abdomen,0.682,left_thigh,0.00,NONE,0.2811,abdomen,6.56,0.29
231,0.6960,DESCENT,COM_OUTSIDE_SUPPORT,-1.2716,-0.0019,-1.2719,-1.2716,-1.2716,NaN,0,0,0.0000,0.1294,-56.92,1,0.0067,0.0,0.0,-3.20,-0.29,-1.78,-0.0348,-0.0683,-0.0012,0.918,right_hand,0.058,right_hand,0.065,abdomen,16.21,abdomen,0.683,left_thigh,0.00,NONE,0.2820,abdomen,6.56,0.29
232,0.6990,DESCENT,COM_OUTSIDE_SUPPORT,-1.2716,-0.0027,-1.2720,-1.2716,-1.2716,NaN,0,0,0.0000,0.1294,-56.91,1,0.0067,0.0,0.0,-3.18,-0.29,-1.77,-0.0349,-0.0683,-0.0013,0.918,right_hand,0.058,right_hand,0.065,abdomen,16.26,abdomen,0.683,left_thigh,0.00,NONE,0.2829,abdomen,6.56,0.29
233,0.7020,DESCENT,COM_OUTSIDE_SUPPORT,-1.2716,-0.0036,-1.2721,-1.2716,-1.2716,NaN,0,0,0.0000,0.1294,-56.91,1,0.0067,0.0,0.0,-3.16,-0.29,-1.76,-0.0349,-0.0683,-0.0013,0.918,right_hand,0.058,right_hand,0.066,abdomen,16.31,abdomen,0.684,left_thigh,0.00,NONE,0.2838,abdomen,6.55,0.29
234,0.7050,DESCENT,COM_OUTSIDE_SUPPORT,-1.2716,-0.0045,-1.2723,-1.2716,-1.2716,NaN,0,0,0.0000,0.1294,-56.91,1,0.0067,0.0,0.0,-3.15,-0.29,-1.76,-0.0349,-0.0683,-0.0014,0.917,right_hand,0.057,right_hand,0.066,abdomen,16.36,abdomen,0.685,left_thigh,0.00,NONE,0.2847,abdomen,6.55,0.29
235,0.7080,DESCENT,COM_OUTSIDE_SUPPORT,-1.2716,-0.0054,-1.2724,-1.2716,-1.2716,NaN,0,0,0.0000,0.1294,-56.92,1,0.0068,0.0,0.0,-3.15,-0.30,-1.76,-0.0349,-0.0684,-0.0014,0.917,right_hand,0.057,right_hand,0.067,abdomen,16.40,abdomen,0.686,left_thigh,0.00,NONE,0.2856,abdomen,6.56,0.29
236,0.7110,DESCENT,COM_OUTSIDE_SUPPORT,-1.2716,-0.0064,-1.2725,-1.2716,-1.2716,NaN,0,0,0.0000,0.1294,-56.93,1,0.0068,0.0,0.0,-3.15,-0.30,-1.76,-0.0349,-0.0684,-0.0014,0.917,right_hand,0.057,right_hand,0.067,abdomen,16.45,abdomen,0.688,right_thigh,0.00,NONE,0.2863,abdomen,6.56,0.29
237,0.7140,DESCENT,COM_OUTSIDE_SUPPORT,-1.2717,-0.0075,-1.2727,-1.2717,-1.2717,NaN,0,0,0.0000,0.1294,-56.94,1,0.0069,0.0,0.0,-3.15,-0.31,-1.77,-0.0348,-0.0684,-0.0014,0.916,right_hand,0.057,right_hand,0.068,abdomen,16.50,abdomen,0.689,right_thigh,0.00,NONE,0.2871,abdomen,6.56,0.29
238,0.7170,DESCENT,COM_OUTSIDE_SUPPORT,-1.2717,-0.0086,-1.2729,-1.2717,-1.2717,NaN,0,0,0.0000,0.1295,-56.95,1,0.0069,0.0,0.0,-3.16,-0.31,-1.77,-0.0347,-0.0685,-0.0014,0.917,right_hand,0.058,right_hand,0.069,abdomen,16.55,abdomen,0.690,right_thigh,0.00,NONE,0.2880,abdomen,6.55,0.29
239,0.7200,DESCENT,COM_OUTSIDE_SUPPORT,-1.2718,-0.0095,-1.2731,-1.2718,-1.2718,NaN,0,0,0.0000,0.1295,-56.97,1,0.0069,0.0,0.0,-3.17,-0.32,-1.77,-0.0347,-0.0685,-0.0014,0.917,right_hand,0.058,right_hand,0.069,abdomen,16.61,abdomen,0.690,right_thigh,0.00,NONE,0.2889,abdomen,6.55,0.29
240,0.7230,DESCENT,COM_OUTSIDE_SUPPORT,-1.2718,-0.0102,-1.2733,-1.2718,-1.2718,NaN,0,0,0.0000,0.1295,-56.98,1,0.0069,0.0,0.0,-3.18,-0.32,-1.77,-0.0346,-0.0685,-0.0014,0.917,right_hand,0.058,right_hand,0.070,abdomen,16.66,abdomen,0.691,right_thigh,0.00,NONE,0.2898,abdomen,6.55,0.29
241,0.7260,DESCENT,COM_OUTSIDE_SUPPORT,-1.2719,-0.0106,-1.2734,-1.2719,-1.2719,NaN,0,0,0.0000,0.1295,-56.99,1,0.0069,0.0,0.0,-3.19,-0.32,-1.77,-0.0346,-0.0685,-0.0014,0.917,right_hand,0.058,right_hand,0.070,abdomen,16.71,abdomen,0.691,right_thigh,0.00,NONE,0.2907,abdomen,6.55,0.29
242,0.7290,DESCENT,COM_OUTSIDE_SUPPORT,-1.2720,-0.0108,-1.2735,-1.2720,-1.2720,NaN,0,0,0.0000,0.1295,-57.00,1,0.0070,0.0,0.0,-3.20,-0.32,-1.77,-0.0346,-0.0685,-0.0014,0.918,right_hand,0.058,right_hand,0.071,abdomen,16.76,abdomen,0.692,right_thigh,0.00,NONE,0.2917,abdomen,6.55,0.29
243,0.7320,DESCENT,COM_OUTSIDE_SUPPORT,-1.2720,-0.0107,-1.2736,-1.2720,-1.2720,NaN,0,0,0.0000,0.1295,-57.01,1,0.0069,0.0,0.0,-3.21,-0.32,-1.77,-0.0345,-0.0685,-0.0014,0.918,right_hand,0.058,right_hand,0.071,abdomen,16.81,abdomen,0.692,right_thigh,0.00,NONE,0.2926,abdomen,6.55,0.29
244,0.7350,DESCENT,COM_OUTSIDE_SUPPORT,-1.2721,-0.0106,-1.2736,-1.2721,-1.2721,NaN,0,0,0.0000,0.1295,-57.02,1,0.0069,0.0,0.0,-3.22,-0.33,-1.77,-0.0345,-0.0685,-0.0014,0.918,right_hand,0.058,right_hand,0.071,abdomen,16.86,abdomen,0.693,right_thigh,0.00,NONE,0.2934,abdomen,6.55,0.29
245,0.7380,DESCENT,COM_OUTSIDE_SUPPORT,-1.2722,-0.0103,-1.2736,-1.2722,-1.2722,NaN,0,0,0.0000,0.1295,-57.03,1,0.0069,0.0,0.0,-3.23,-0.33,-1.77,-0.0345,-0.0685,-0.0014,0.918,right_hand,0.058,right_hand,0.072,abdomen,16.91,abdomen,0.693,left_thigh,0.00,NONE,0.2943,abdomen,6.55,0.29
246,0.7410,DESCENT,COM_OUTSIDE_SUPPORT,-1.2722,-0.0099,-1.2737,-1.2722,-1.2722,NaN,0,0,0.0000,0.1295,-57.03,1,0.0069,0.0,0.0,-3.24,-0.33,-1.77,-0.0345,-0.0685,-0.0014,0.918,right_hand,0.058,right_hand,0.072,abdomen,16.96,abdomen,0.694,left_thigh,0.00,NONE,0.2951,abdomen,6.55,0.29
247,0.7440,DESCENT,COM_OUTSIDE_SUPPORT,-1.2723,-0.0094,-1.2737,-1.2723,-1.2723,NaN,0,0,0.0000,0.1296,-57.04,1,0.0069,0.0,0.0,-3.25,-0.33,-1.77,-0.0345,-0.0684,-0.0014,0.918,right_hand,0.057,right_hand,0.073,abdomen,17.01,abdomen,0.695,left_thigh,0.00,NONE,0.2960,abdomen,6.56,0.29
248,0.7470,DESCENT,COM_OUTSIDE_SUPPORT,-1.2724,-0.0089,-1.2736,-1.2724,-1.2724,NaN,0,0,0.0000,0.1296,-57.04,1,0.0069,0.0,0.0,-3.25,-0.33,-1.77,-0.0345,-0.0684,-0.0014,0.918,right_hand,0.057,right_hand,0.073,abdomen,17.06,abdomen,0.695,left_thigh,0.00,NONE,0.2969,abdomen,6.56,0.29
249,0.7500,DESCENT,COM_OUTSIDE_SUPPORT,-1.2724,-0.0085,-1.2736,-1.2724,-1.2724,NaN,0,0,0.0000,0.1296,-57.05,1,0.0069,0.0,0.0,-3.25,-0.33,-1.76,-0.0345,-0.0684,-0.0014,0.918,right_hand,0.057,right_hand,0.074,abdomen,17.12,abdomen,0.696,left_thigh,0.00,NONE,0.2978,abdomen,6.56,0.29
250,0.7530,DESCENT,COM_OUTSIDE_SUPPORT,-1.2725,-0.0080,-1.2736,-1.2725,-1.2725,NaN,0,0,0.0000,0.1296,-57.06,1,0.0069,0.0,0.0,-3.26,-0.34,-1.76,-0.0345,-0.0684,-0.0015,0.918,right_hand,0.057,right_hand,0.074,abdomen,17.18,abdomen,0.697,left_thigh,0.00,NONE,0.2988,abdomen,6.56,0.29
251,0.7560,DESCENT,COM_OUTSIDE_SUPPORT,-1.2725,-0.0076,-1.2736,-1.2725,-1.2725,NaN,0,0,0.0000,0.1296,-57.06,1,0.0069,0.0,0.0,-3.26,-0.34,-1.76,-0.0345,-0.0684,-0.0015,0.918,right_hand,0.057,right_hand,0.075,abdomen,17.24,abdomen,0.697,left_thigh,0.00,NONE,0.2998,abdomen,6.56,0.29
252,0.7590,DESCENT,COM_OUTSIDE_SUPPORT,-1.2726,-0.0072,-1.2736,-1.2726,-1.2726,NaN,0,0,0.0000,0.1296,-57.07,1,0.0069,0.0,0.0,-3.26,-0.34,-1.76,-0.0345,-0.0684,-0.0015,0.918,right_hand,0.057,right_hand,0.075,abdomen,17.30,abdomen,0.698,left_thigh,0.00,NONE,0.3009,abdomen,6.57,0.29
253,0.7620,DESCENT,COM_OUTSIDE_SUPPORT,-1.2726,-0.0069,-1.2736,-1.2726,-1.2726,NaN,0,0,0.0000,0.1297,-57.07,1,0.0069,0.0,0.0,-3.26,-0.34,-1.76,-0.0345,-0.0684,-0.0015,0.918,right_hand,0.057,right_hand,0.075,abdomen,17.36,abdomen,0.699,left_thigh,0.00,NONE,0.3019,abdomen,6.57,0.29
254,0.7650,DESCENT,COM_OUTSIDE_SUPPORT,-1.2727,-0.0066,-1.2736,-1.2727,-1.2727,NaN,0,0,0.0000,0.1297,-57.08,1,0.0069,0.0,0.0,-3.26,-0.34,-1.76,-0.0345,-0.0684,-0.0015,0.918,right_hand,0.056,right_hand,0.076,abdomen,17.43,abdomen,0.700,left_thigh,0.00,NONE,0.3030,abdomen,6.57,0.29
255,0.7680,DESCENT,COM_OUTSIDE_SUPPORT,-1.2727,-0.0063,-1.2736,-1.2727,-1.2727,NaN,0,0,0.0000,0.1297,-57.08,1,0.0069,0.0,0.0,-3.26,-0.35,-1.75,-0.0345,-0.0684,-0.0015,0.918,right_hand,0.056,right_hand,0.076,abdomen,17.49,abdomen,0.700,left_thigh,0.00,NONE,0.3042,abdomen,6.57,0.29
256,0.7710,DESCENT,COM_OUTSIDE_SUPPORT,-1.2728,-0.0061,-1.2736,-1.2728,-1.2728,NaN,0,0,0.0000,0.1297,-57.09,1,0.0069,0.0,0.0,-3.25,-0.35,-1.75,-0.0345,-0.0684,-0.0015,0.918,right_hand,0.056,right_hand,0.077,abdomen,17.56,abdomen,0.701,left_thigh,0.00,NONE,0.3053,abdomen,6.57,0.29
257,0.7740,DESCENT,COM_OUTSIDE_SUPPORT,-1.2728,-0.0059,-1.2736,-1.2728,-1.2728,NaN,0,0,0.0000,0.1297,-57.09,1,0.0069,0.0,0.0,-3.25,-0.35,-1.75,-0.0345,-0.0684,-0.0015,0.918,right_hand,0.056,right_hand,0.077,abdomen,17.63,abdomen,0.702,left_thigh,0.00,NONE,0.3065,abdomen,6.57,0.29
258,0.7770,DESCENT,COM_OUTSIDE_SUPPORT,-1.2728,-0.0058,-1.2737,-1.2728,-1.2728,NaN,0,0,0.0000,0.1298,-57.10,1,0.0069,0.0,0.0,-3.25,-0.35,-1.75,-0.0345,-0.0684,-0.0016,0.919,right_hand,0.056,right_hand,0.078,abdomen,17.70,abdomen,0.703,left_thigh,0.00,NONE,0.3077,abdomen,6.57,0.29
259,0.7800,DESCENT,COM_OUTSIDE_SUPPORT,-1.2729,-0.0057,-1.2737,-1.2729,-1.2729,NaN,0,0,0.0000,0.1298,-57.10,1,0.0069,0.0,0.0,-3.25,-0.36,-1.75,-0.0345,-0.0684,-0.0016,0.919,right_hand,0.056,right_hand,0.078,abdomen,17.77,abdomen,0.704,left_thigh,0.00,NONE,0.3089,abdomen,6.57,0.29
260,0.7830,DESCENT,COM_OUTSIDE_SUPPORT,-1.2729,-0.0056,-1.2737,-1.2729,-1.2729,NaN,0,0,0.0000,0.1298,-57.11,1,0.0069,0.0,0.0,-3.24,-0.36,-1.74,-0.0345,-0.0684,-0.0016,0.919,right_hand,0.056,right_hand,0.079,abdomen,17.84,abdomen,0.705,left_thigh,0.00,NONE,0.3102,abdomen,6.58,0.29
261,0.7860,DESCENT,COM_OUTSIDE_SUPPORT,-1.2729,-0.0055,-1.2737,-1.2729,-1.2729,NaN,0,0,0.0000,0.1298,-57.11,1,0.0069,0.0,0.0,-3.24,-0.36,-1.74,-0.0345,-0.0684,-0.0016,0.919,right_hand,0.055,right_hand,0.079,abdomen,17.91,abdomen,0.705,left_thigh,0.00,NONE,0.3114,abdomen,6.58,0.29
262,0.7890,DESCENT,COM_OUTSIDE_SUPPORT,-1.2730,-0.0055,-1.2738,-1.2730,-1.2730,NaN,0,0,0.0000,0.1298,-57.12,1,0.0070,0.0,0.0,-3.24,-0.37,-1.74,-0.0345,-0.0685,-0.0016,0.919,right_hand,0.055,right_hand,0.080,abdomen,17.98,abdomen,0.706,left_thigh,0.00,NONE,0.3127,abdomen,6.58,0.29
263,0.7920,DESCENT,COM_OUTSIDE_SUPPORT,-1.2730,-0.0055,-1.2738,-1.2730,-1.2730,NaN,0,0,0.0000,0.1299,-57.13,1,0.0070,0.0,0.0,-3.24,-0.37,-1.74,-0.0345,-0.0685,-0.0016,0.919,right_hand,0.055,right_hand,0.080,abdomen,18.05,abdomen,0.707,left_thigh,0.00,NONE,0.3139,abdomen,6.58,0.29
264,0.7950,DESCENT,COM_OUTSIDE_SUPPORT,-1.2731,-0.0054,-1.2738,-1.2731,-1.2731,NaN,0,0,0.0000,0.1299,-57.13,1,0.0070,0.0,0.0,-3.24,-0.37,-1.74,-0.0345,-0.0685,-0.0016,0.919,right_hand,0.055,right_hand,0.081,abdomen,18.12,abdomen,0.708,left_thigh,0.00,NONE,0.3151,abdomen,6.58,0.29
265,0.7980,DESCENT,COM_OUTSIDE_SUPPORT,-1.2731,-0.0054,-1.2739,-1.2731,-1.2731,NaN,0,0,0.0000,0.1299,-57.14,1,0.0070,0.0,0.0,-3.23,-0.37,-1.73,-0.0345,-0.0685,-0.0017,0.919,right_hand,0.055,right_hand,0.081,abdomen,18.20,abdomen,0.709,left_thigh,0.00,NONE,0.3163,abdomen,6.58,0.29
266,0.8010,DESCENT,COM_OUTSIDE_SUPPORT,-1.2732,-0.0055,-1.2739,-1.2732,-1.2732,NaN,0,0,0.0000,0.1299,-57.14,1,0.0070,0.0,0.0,-3.23,-0.38,-1.73,-0.0345,-0.0685,-0.0017,0.919,right_hand,0.055,right_hand,0.081,abdomen,18.27,abdomen,0.710,left_thigh,0.00,NONE,0.3176,abdomen,6.58,0.29
267,0.8040,DESCENT,COM_OUTSIDE_SUPPORT,-1.2732,-0.0055,-1.2740,-1.2732,-1.2732,NaN,0,0,0.0000,0.1299,-57.15,1,0.0070,0.0,0.0,-3.23,-0.38,-1.73,-0.0345,-0.0685,-0.0017,0.920,right_hand,0.055,right_hand,0.082,abdomen,18.33,abdomen,0.710,left_thigh,0.00,NONE,0.3188,abdomen,6.58,0.29
268,0.8070,DESCENT,COM_OUTSIDE_SUPPORT,-1.2732,-0.0055,-1.2740,-1.2732,-1.2732,NaN,0,0,0.0000,0.1300,-57.16,1,0.0070,0.0,0.0,-3.23,-0.38,-1.73,-0.0345,-0.0685,-0.0017,0.920,right_hand,0.054,right_hand,0.082,abdomen,18.41,abdomen,0.711,left_thigh,0.00,NONE,0.3200,abdomen,6.58,0.29
269,0.8100,DESCENT,COM_OUTSIDE_SUPPORT,-1.2733,-0.0056,-1.2741,-1.2733,-1.2733,NaN,0,0,0.0000,0.1300,-57.16,1,0.0071,0.0,0.0,-3.23,-0.38,-1.72,-0.0345,-0.0685,-0.0017,0.920,right_hand,0.054,right_hand,0.083,abdomen,18.47,abdomen,0.712,left_thigh,0.00,NONE,0.3213,abdomen,6.57,0.30
270,0.8130,DESCENT,COM_OUTSIDE_SUPPORT,-1.2733,-0.0056,-1.2741,-1.2733,-1.2733,NaN,0,0,0.0000,0.1300,-57.17,1,0.0071,0.0,0.0,-3.23,-0.39,-1.72,-0.0345,-0.0685,-0.0017,0.916,right_hand,0.054,right_hand,0.083,abdomen,18.54,abdomen,0.713,left_thigh,0.00,NONE,0.3224,abdomen,6.62,0.30
271,0.8160,DESCENT,COM_OUTSIDE_SUPPORT,-1.2734,-0.0056,-1.2742,-1.2734,-1.2734,NaN,0,0,0.0000,0.1300,-57.17,1,0.0071,0.0,0.0,-3.23,-0.39,-1.72,-0.0345,-0.0685,-0.0017,0.921,right_hand,0.054,right_hand,0.084,abdomen,18.61,abdomen,0.714,left_thigh,0.00,NONE,0.3236,abdomen,6.59,0.29
272,0.8190,DESCENT,COM_OUTSIDE_SUPPORT,-1.2734,-0.0057,-1.2743,-1.2734,-1.2734,NaN,0,0,0.0000,0.1300,-57.18,1,0.0071,0.0,0.0,-3.23,-0.39,-1.71,-0.0344,-0.0686,-0.0018,0.921,right_hand,0.054,right_hand,0.084,abdomen,18.68,abdomen,0.714,left_thigh,0.00,NONE,0.3248,abdomen,6.58,0.29
273,0.8220,DESCENT,COM_OUTSIDE_SUPPORT,-1.2735,-0.0058,-1.2743,-1.2735,-1.2735,NaN,0,0,0.0000,0.1300,-57.19,1,0.0071,0.0,0.0,-3.23,-0.39,-1.71,-0.0344,-0.0686,-0.0018,0.922,right_hand,0.054,right_hand,0.084,abdomen,18.74,abdomen,0.715,left_thigh,0.00,NONE,0.3260,abdomen,6.58,0.29
274,0.8250,DESCENT,COM_OUTSIDE_SUPPORT,-1.2735,-0.0058,-1.2744,-1.2735,-1.2735,NaN,0,0,0.0000,0.1301,-57.20,1,0.0072,0.0,0.0,-3.23,-0.39,-1.70,-0.0344,-0.0686,-0.0018,0.922,right_hand,0.054,right_hand,0.084,abdomen,18.80,abdomen,0.716,left_thigh,0.00,NONE,0.3271,abdomen,6.58,0.29
275,0.8280,DESCENT,COM_OUTSIDE_SUPPORT,-1.2736,-0.0058,-1.2744,-1.2736,-1.2736,NaN,0,0,0.0000,0.1301,-57.21,1,0.0072,0.0,0.0,-3.23,-0.39,-1.70,-0.0344,-0.0686,-0.0018,0.922,right_hand,0.053,right_hand,0.085,abdomen,18.86,abdomen,0.717,left_thigh,0.00,NONE,0.3281,abdomen,6.59,0.29
276,0.8310,DESCENT,COM_OUTSIDE_SUPPORT,-1.2736,-0.0058,-1.2745,-1.2736,-1.2736,NaN,0,0,0.0000,0.1301,-57.21,1,0.0072,0.0,0.0,-3.24,-0.39,-1.70,-0.0344,-0.0686,-0.0018,0.922,right_hand,0.053,right_hand,0.085,abdomen,18.92,abdomen,0.717,left_thigh,0.00,NONE,0.3292,abdomen,6.59,0.30
277,0.8340,DESCENT,COM_OUTSIDE_SUPPORT,-1.2737,-0.0058,-1.2745,-1.2737,-1.2737,NaN,0,0,0.0000,0.1301,-57.22,1,0.0072,0.0,0.0,-3.24,-0.39,-1.69,-0.0344,-0.0686,-0.0018,0.922,right_hand,0.053,right_hand,0.085,abdomen,18.98,abdomen,0.718,left_thigh,0.00,NONE,0.3302,abdomen,6.59,0.30
278,0.8370,DESCENT,COM_OUTSIDE_SUPPORT,-1.2738,-0.0057,-1.2746,-1.2738,-1.2738,NaN,0,0,0.2526,0.1301,-57.23,1,0.0072,0.0,0.0,-3.24,-0.40,-1.69,-0.0343,-0.0687,-0.0018,0.922,right_hand,0.053,right_hand,0.085,abdomen,19.03,abdomen,0.719,left_thigh,0.00,NONE,0.3312,abdomen,6.59,0.30
279,0.8400,DESCENT,COM_OUTSIDE_SUPPORT,-1.2738,-0.0055,-1.2747,-0.4676,-0.4042,NaN,0,4,0.2627,0.1301,-57.23,1,0.0073,0.0,0.0,-3.26,-0.40,-1.69,-0.0344,-0.0687,-0.0019,0.922,right_hand,0.053,right_hand,0.090,abdomen,20.11,abdomen,0.719,left_thigh,2.43,right_foot,0.3321,abdomen,6.59,0.30
280,0.8430,DESCENT,COM_OUTSIDE_SUPPORT,-1.2739,-0.0054,-1.2747,-0.4676,-0.4042,NaN,0,4,0.2705,0.1300,-57.17,1,0.0071,0.0,0.0,-3.22,-0.47,-1.69,-0.0345,-0.0686,-0.0018,0.922,right_hand,0.053,right_hand,0.096,abdomen,21.21,abdomen,0.720,left_thigh,4.66,left_foot,0.3331,abdomen,6.60,0.30
281,0.8460,DESCENT,COM_OUTSIDE_SUPPORT,-1.2739,-0.0053,-1.2748,-0.4676,-0.4042,NaN,0,4,0.2745,0.1300,-57.19,1,0.0072,0.0,0.0,-3.23,-0.53,-1.69,-0.0345,-0.0687,-0.0017,0.922,right_hand,0.053,right_hand,0.094,abdomen,20.31,abdomen,0.721,left_thigh,6.92,left_foot,0.3343,abdomen,6.56,0.30
282,0.8490,DESCENT,COM_OUTSIDE_SUPPORT,-1.2740,-0.0055,-1.2749,-0.4807,-0.4095,NaN,0,4,0.2800,0.1300,-57.20,1,0.0072,0.0,0.0,-3.23,-0.57,-1.69,-0.0344,-0.0687,-0.0017,0.923,right_hand,0.053,right_hand,0.090,abdomen,19.36,abdomen,0.722,left_thigh,4.67,right_foot,0.3367,abdomen,6.52,0.30
283,0.8520,DESCENT,COM_OUTSIDE_SUPPORT,-1.2740,-0.0042,-1.2747,-0.4807,-0.4095,NaN,0,4,0.2981,0.1300,-57.22,1,0.0073,0.0,0.0,-3.24,-0.60,-1.70,-0.0343,-0.0687,-0.0017,0.923,right_hand,0.053,right_hand,0.090,abdomen,19.41,abdomen,0.723,left_thigh,6.93,left_foot,0.3378,abdomen,6.51,0.30
284,0.8550,DESCENT,COM_OUTSIDE_SUPPORT,-1.2740,-0.0038,-1.2747,-0.4807,-0.4095,NaN,0,4,0.3214,0.1301,-57.24,1,0.0073,0.0,0.0,-3.23,-0.62,-1.70,-0.0342,-0.0687,-0.0017,0.923,right_hand,0.054,right_hand,0.092,abdomen,20.00,abdomen,0.723,left_thigh,9.21,right_foot,0.3388,abdomen,6.51,0.30
285,0.8580,DESCENT,COM_OUTSIDE_SUPPORT,-1.2741,-0.0040,-1.2747,-0.4942,-0.4158,NaN,0,4,0.3325,0.1301,-57.25,1,0.0073,0.0,0.0,-3.23,-0.63,-1.71,-0.0341,-0.0687,-0.0017,0.924,right_hand,0.055,right_hand,0.091,abdomen,19.56,abdomen,0.724,left_thigh,10.48,left_foot,0.3399,abdomen,6.53,0.30
286,0.8610,DESCENT,COM_OUTSIDE_SUPPORT,-1.2741,-0.0036,-1.2747,-0.4942,-0.4158,NaN,0,4,0.3317,0.1301,-57.27,1,0.0073,0.0,0.0,-3.23,-0.65,-1.71,-0.0340,-0.0687,-0.0017,0.923,right_hand,0.055,right_hand,0.090,abdomen,19.62,abdomen,0.725,left_thigh,8.20,left_foot,0.3413,abdomen,6.56,0.30
287,0.8640,DESCENT,COM_OUTSIDE_SUPPORT,-1.2741,-0.0035,-1.2747,-0.5055,-0.4207,NaN,0,4,0.3379,0.1301,-57.28,1,0.0073,0.0,0.0,-3.23,-0.65,-1.72,-0.0340,-0.0687,-0.0017,0.923,right_hand,0.056,right_hand,0.090,abdomen,19.68,abdomen,0.725,left_thigh,9.10,left_foot,0.3424,abdomen,6.57,0.31
288,0.8670,DESCENT,COM_OUTSIDE_SUPPORT,-1.2742,-0.0030,-1.2746,-0.6016,-0.4207,NaN,0,7,0.3196,0.1301,-57.28,1,0.0073,0.0,0.0,-3.22,-0.65,-1.74,-0.0340,-0.0687,-0.0017,0.915,right_hand,0.056,right_hand,0.091,abdomen,19.76,abdomen,0.725,left_thigh,7.39,right_foot,0.3434,abdomen,6.65,0.31
289,0.8700,DESCENT,COM_OUTSIDE_SUPPORT,-1.2742,-0.0023,-1.2746,-0.6016,-0.4259,NaN,0,7,0.2835,0.1301,-57.28,1,0.0073,0.0,0.0,-3.21,-0.65,-1.76,-0.0340,-0.0686,-0.0017,0.919,right_hand,0.056,right_hand,0.091,abdomen,19.81,abdomen,0.726,left_thigh,5.38,left_foot,0.3443,abdomen,6.64,0.30
290,0.8730,DESCENT,COM_OUTSIDE_SUPPORT,-1.2742,-0.0010,-1.2744,-0.6016,-0.4259,-0.4259,1,7,0.2589,0.1301,-57.28,1,0.0072,0.0,0.0,-3.22,-0.66,-1.79,-0.0340,-0.0686,-0.0017,0.919,right_hand,0.057,right_hand,0.096,abdomen,20.89,abdomen,0.726,left_thigh,3.70,left_foot,0.3451,abdomen,6.65,0.30
291,0.8760,DESCENT,COM_OUTSIDE_SUPPORT,-1.2742,0.0006,-1.2741,-0.6148,-0.4304,-0.4304,1,8,0.2327,0.1302,-57.28,1,0.0072,0.0,0.0,-3.24,-0.66,-1.81,-0.0341,-0.0686,-0.0017,0.919,right_hand,0.057,right_hand,0.101,abdomen,21.99,abdomen,0.727,left_thigh,5.00,left_thigh,0.3460,abdomen,6.65,0.29
292,0.8790,DESCENT,COM_OUTSIDE_SUPPORT,-1.2742,0.0029,-1.2737,-0.6148,-0.4304,-0.4304,1,8,0.2001,0.1302,-57.29,1,0.0073,0.0,0.0,-3.28,-0.67,-1.83,-0.0342,-0.0687,-0.0017,0.917,right_hand,0.057,right_hand,0.108,abdomen,23.11,abdomen,0.728,left_thigh,7.16,left_thigh,0.3472,abdomen,6.66,0.29
293,0.8820,DESCENT,COM_OUTSIDE_SUPPORT,-1.2742,0.0024,-1.2738,-0.6148,-0.4304,-0.4304,1,7,0.1844,0.1302,-57.30,1,0.0073,0.0,0.0,-3.29,-0.67,-1.85,-0.0342,-0.0687,-0.0017,0.916,right_hand,0.057,right_hand,0.104,abdomen,22.21,abdomen,0.730,left_thigh,5.58,left_foot,0.3489,abdomen,6.67,0.29
294,0.8850,DESCENT,COM_OUTSIDE_SUPPORT,-1.2741,0.0007,-1.2740,-0.6211,-0.4304,NaN,0,7,0.1644,0.1302,-57.31,1,0.0074,0.0,0.0,-3.29,-0.68,-1.86,-0.0342,-0.0688,-0.0017,0.916,right_hand,0.057,right_hand,0.101,abdomen,21.31,abdomen,0.732,left_thigh,3.85,left_foot,0.3511,abdomen,6.65,0.29
295,0.8880,DESCENT,COM_OUTSIDE_SUPPORT,-1.2741,-0.0002,-1.2742,-0.6126,-0.4348,-0.4348,1,6,0.1399,0.1303,-57.34,1,0.0074,0.0,0.0,-3.28,-0.69,-1.88,-0.0341,-0.0689,-0.0017,0.916,right_hand,0.057,right_hand,0.095,abdomen,20.38,abdomen,0.733,left_thigh,3.00,right_foot,0.3533,abdomen,6.64,0.30
296,0.8910,DESCENT,COM_OUTSIDE_SUPPORT,-1.2742,-0.0015,-1.2744,-0.6206,-0.4348,-0.4348,1,8,0.1501,0.1302,-57.36,1,0.0075,0.0,0.0,-3.28,-0.70,-1.89,-0.0339,-0.0689,-0.0017,0.917,right_hand,0.057,right_hand,0.095,abdomen,20.46,abdomen,0.734,left_thigh,3.00,left_foot,0.3551,abdomen,6.62,0.30
297,0.8940,DESCENT,COM_OUTSIDE_SUPPORT,-1.2742,-0.0020,-1.2745,-0.6150,-0.4348,-0.4348,1,6,0.1618,0.1303,-57.37,1,0.0076,0.0,0.0,-3.29,-0.71,-1.90,-0.0339,-0.0689,-0.0017,0.919,right_hand,0.056,right_hand,0.099,abdomen,21.55,abdomen,0.734,left_thigh,3.77,left_foot,0.3565,abdomen,6.62,0.29
298,0.8970,DESCENT,COM_OUTSIDE_SUPPORT,-1.2742,-0.0028,-1.2747,-0.6232,-0.4359,-0.4359,1,8,0.1611,0.1303,-57.37,1,0.0076,0.0,0.0,-3.31,-0.72,-1.90,-0.0339,-0.0690,-0.0017,0.921,right_hand,0.056,right_hand,0.105,abdomen,22.68,abdomen,0.735,left_thigh,5.48,right_foot,0.3576,abdomen,6.62,0.29
299,0.9000,DESCENT,COM_OUTSIDE_SUPPORT,-1.2743,-0.0040,-1.2749,-0.6232,-0.4359,-0.4359,1,8,0.1617,0.1303,-57.39,1,0.0076,0.0,0.0,-3.32,-0.72,-1.90,-0.0338,-0.0690,-0.0016,0.923,right_hand,0.056,right_hand,0.101,abdomen,21.83,abdomen,0.735,left_thigh,3.78,left_foot,0.3594,abdomen,6.64,0.29
300,0.9030,DESCENT,COM_OUTSIDE_SUPPORT,-1.2743,-0.0053,-1.2752,-0.6271,-0.4359,-0.4359,1,8,0.1540,0.1303,-57.41,1,0.0076,0.0,0.0,-3.35,-0.71,-1.92,-0.0339,-0.0690,-0.0016,0.925,right_hand,0.057,right_hand,0.105,abdomen,22.89,abdomen,0.736,left_thigh,5.48,right_foot,0.3607,abdomen,6.63,0.29
301,0.9060,DESCENT,COM_OUTSIDE_SUPPORT,-1.2744,-0.0047,-1.2751,-0.6271,-0.4367,-0.4367,1,8,0.1604,0.1303,-57.41,1,0.0077,0.0,0.0,-3.39,-0.72,-1.93,-0.0339,-0.0691,-0.0016,0.924,right_hand,0.056,right_hand,0.111,abdomen,23.98,abdomen,0.737,left_thigh,7.50,right_foot,0.3612,abdomen,6.65,0.30
302,0.9090,DESCENT,COM_OUTSIDE_SUPPORT,-1.2744,-0.0042,-1.2751,-0.6293,-0.4367,NaN,0,7,0.1718,0.1303,-57.42,1,0.0078,0.0,0.0,-3.41,-0.73,-1.93,-0.0339,-0.0692,-0.0016,0.922,right_hand,0.056,right_hand,0.108,abdomen,23.10,abdomen,0.739,left_thigh,5.48,left_foot,0.3622,abdomen,6.68,0.30
303,0.9120,DESCENT,COM_OUTSIDE_SUPPORT,-1.2745,-0.0056,-1.2754,-0.6220,-0.4381,NaN,0,6,0.1495,0.1303,-57.44,1,0.0078,0.0,0.0,-3.43,-0.73,-1.94,-0.0338,-0.0692,-0.0016,0.921,right_hand,0.056,right_hand,0.104,abdomen,22.18,abdomen,0.741,left_thigh,3.77,right_foot,0.3649,abdomen,6.67,0.30
304,0.9150,DESCENT,COM_OUTSIDE_SUPPORT,-1.2746,-0.0064,-1.2756,-0.6278,-0.4381,-0.4381,1,8,0.1850,0.1303,-57.45,1,0.0079,0.0,0.0,-3.43,-0.75,-1.93,-0.0337,-0.0693,-0.0016,0.920,right_hand,0.056,right_hand,0.098,abdomen,21.22,abdomen,0.742,left_thigh,3.00,left_foot,0.3667,abdomen,6.68,0.30
305,0.9180,DESCENT,COM_OUTSIDE_SUPPORT,-1.2747,-0.0069,-1.2758,-0.6241,-0.4395,-0.4395,1,6,0.2011,0.1303,-57.47,1,0.0080,0.0,0.0,-3.45,-0.76,-1.92,-0.0336,-0.0693,-0.0016,0.921,right_hand,0.056,right_hand,0.102,abdomen,22.31,abdomen,0.742,left_thigh,3.77,left_foot,0.3679,abdomen,6.67,0.30
306,0.9210,DESCENT,COM_OUTSIDE_SUPPORT,-1.2748,-0.0072,-1.2759,-0.6298,-0.4395,-0.4395,1,8,0.1975,0.1303,-57.49,1,0.0080,0.0,0.0,-3.48,-0.75,-1.92,-0.0335,-0.0693,-0.0016,0.925,right_hand,0.056,right_hand,0.108,abdomen,23.40,abdomen,0.743,left_thigh,5.48,left_foot,0.3690,abdomen,6.68,0.30
307,0.9240,DESCENT,COM_OUTSIDE_SUPPORT,-1.2748,-0.0071,-1.2760,-0.6298,-0.4395,-0.4395,1,8,0.1909,0.1303,-57.51,1,0.0080,0.0,0.0,-3.52,-0.75,-1.92,-0.0336,-0.0694,-0.0015,0.926,right_hand,0.056,right_hand,0.113,abdomen,24.49,abdomen,0.744,left_thigh,7.50,left_foot,0.3700,abdomen,6.70,0.30
308,0.9270,DESCENT,COM_OUTSIDE_SUPPORT,-1.2749,-0.0070,-1.2761,-0.6349,-0.4407,-0.4407,1,8,0.2025,0.1304,-57.52,1,0.0081,0.0,0.0,-3.56,-0.74,-1.93,-0.0336,-0.0694,-0.0016,0.925,right_hand,0.056,right_hand,0.115,abdomen,24.74,abdomen,0.745,left_thigh,9.64,left_foot,0.3710,abdomen,6.72,0.30
309,0.9300,DESCENT,COM_OUTSIDE_SUPPORT,-1.2750,-0.0067,-1.2761,-0.6298,-0.4407,NaN,0,6,0.1857,0.1304,-57.53,1,0.0081,0.0,0.0,-3.58,-0.74,-1.94,-0.0336,-0.0695,-0.0016,0.923,right_hand,0.056,right_hand,0.112,abdomen,23.88,abdomen,0.747,left_thigh,7.50,right_foot,0.3720,abdomen,6.75,0.31
310,0.9330,DESCENT,COM_OUTSIDE_SUPPORT,-1.2751,-0.0077,-1.2763,-0.6360,-0.4426,-0.4426,1,8,0.1759,0.1304,-57.54,1,0.0082,0.0,0.0,-3.61,-0.76,-1.93,-0.0335,-0.0695,-0.0016,0.921,right_hand,0.056,right_hand,0.107,abdomen,22.95,abdomen,0.748,left_thigh,5.48,right_foot,0.3749,abdomen,6.71,0.32
311,0.9360,DESCENT,COM_OUTSIDE_SUPPORT,-1.2752,-0.0081,-1.2765,-0.6326,-0.4426,-0.4426,1,6,0.1690,0.1304,-57.56,1,0.0083,0.0,0.0,-3.64,-0.76,-1.92,-0.0334,-0.0696,-0.0016,0.911,right_hand,0.055,right_hand,0.110,abdomen,23.93,abdomen,0.748,left_thigh,7.50,right_foot,0.3765,abdomen,6.76,0.32
312,0.9390,DESCENT,COM_OUTSIDE_SUPPORT,-1.2753,-0.0081,-1.2766,-0.6372,-0.4435,-0.4435,1,8,0.1929,0.1304,-57.58,1,0.0083,0.0,0.0,-3.68,-0.76,-1.91,-0.0334,-0.0696,-0.0016,0.921,right_hand,0.055,right_hand,0.116,abdomen,25.03,abdomen,0.749,left_thigh,9.64,right_foot,0.3771,abdomen,6.74,0.31
313,0.9420,DESCENT,COM_OUTSIDE_SUPPORT,-1.2754,-0.0081,-1.2767,-0.6350,-0.4435,-0.4435,1,6,0.1980,0.1304,-57.60,1,0.0084,0.0,0.0,-3.72,-0.75,-1.92,-0.0334,-0.0697,-0.0016,0.922,right_hand,0.055,right_hand,0.117,abdomen,25.73,right_thigh,0.755,right_foot,11.84,left_foot,0.3783,abdomen,6.75,0.31
314,0.9450,DESCENT,COM_OUTSIDE_SUPPORT,-1.2755,-0.0080,-1.2768,-0.6387,-0.4455,NaN,0,8,0.1774,0.1304,-57.61,1,0.0084,0.0,0.0,-3.75,-0.76,-1.93,-0.0333,-0.0697,-0.0017,0.921,right_hand,0.055,right_hand,0.113,abdomen,24.37,right_thigh,0.765,right_foot,9.64,left_foot,0.3793,abdomen,6.76,0.32
315,0.9480,DESCENT,COM_OUTSIDE_SUPPORT,-1.2756,-0.0072,-1.2768,-0.5544,-0.4455,-0.4455,1,4,0.1888,0.1304,-57.62,1,0.0085,0.0,0.0,-3.79,-0.79,-1.91,-0.0333,-0.0698,-0.0017,0.919,right_hand,0.055,right_hand,0.116,abdomen,25.26,right_thigh,0.780,right_foot,11.53,left_foot,0.3808,abdomen,6.76,0.32
316,0.9510,DESCENT,COM_OUTSIDE_SUPPORT,-1.2757,-0.0081,-1.2770,-0.5590,-0.4471,-0.4471,1,4,0.1642,0.1304,-57.64,1,0.0086,0.0,0.0,-3.81,-0.80,-1.88,-0.0332,-0.0698,-0.0017,0.921,right_hand,0.054,right_hand,0.112,abdomen,24.14,abdomen,0.793,right_foot,9.25,left_foot,0.3830,abdomen,6.75,0.31
317,0.9540,DESCENT,COM_OUTSIDE_SUPPORT,-1.2759,-0.0094,-1.2773,-0.5590,-0.4471,-0.4471,1,4,0.1796,0.1304,-57.65,1,0.0087,0.0,0.0,-3.85,-0.81,-1.86,-0.0331,-0.0699,-0.0017,0.925,right_hand,0.054,right_hand,0.116,abdomen,25.36,right_thigh,0.808,right_foot,11.53,left_foot,0.3845,abdomen,6.76,0.31
318,0.9570,DESCENT,COM_OUTSIDE_SUPPORT,-1.2760,-0.0096,-1.2775,-0.5641,-0.4490,-0.4490,1,4,0.1945,0.1304,-57.67,1,0.0087,0.0,0.0,-3.90,-0.80,-1.84,-0.0331,-0.0700,-0.0017,0.925,right_hand,0.054,right_hand,0.119,abdomen,26.55,right_thigh,0.819,right_foot,13.81,left_foot,0.3847,abdomen,6.78,0.31
319,0.9600,DESCENT,COM_OUTSIDE_SUPPORT,-1.2761,-0.0103,-1.2777,-0.5641,-0.4490,NaN,0,4,0.1910,0.1304,-57.70,1,0.0088,0.0,0.0,-3.93,-0.80,-1.83,-0.0330,-0.0700,-0.0017,0.927,right_hand,0.054,right_hand,0.115,abdomen,25.23,right_thigh,0.829,right_foot,11.53,left_foot,0.3862,abdomen,6.80,0.31
320,0.9630,DESCENT,COM_OUTSIDE_SUPPORT,-1.2762,-0.0100,-1.2778,-0.5691,-0.4506,-0.4506,1,4,0.1925,0.1304,-57.71,1,0.0089,0.0,0.0,-3.97,-0.80,-1.82,-0.0330,-0.0701,-0.0017,0.926,right_hand,0.054,right_hand,0.119,abdomen,26.47,right_thigh,0.842,right_foot,13.81,left_foot,0.3872,abdomen,6.82,0.32
321,0.9660,DESCENT,COM_OUTSIDE_SUPPORT,-1.2764,-0.0092,-1.2778,-0.5691,-0.4506,-0.4506,1,4,0.1921,0.1304,-57.71,1,0.0089,0.0,0.0,-4.00,-0.82,-1.80,-0.0330,-0.0701,-0.0018,0.923,right_hand,0.054,right_hand,0.120,abdomen,27.62,right_thigh,0.854,right_foot,15.06,right_foot,0.3879,abdomen,6.85,0.32
322,0.9690,DESCENT,COM_OUTSIDE_SUPPORT,-1.2765,-0.0099,-1.2781,-0.5758,-0.4524,NaN,0,4,0.2123,0.1304,-57.74,1,0.0090,0.0,0.0,-4.03,-0.81,-1.78,-0.0329,-0.0701,-0.0018,0.923,right_hand,0.054,right_hand,0.116,abdomen,26.25,right_thigh,0.866,right_foot,12.78,left_foot,0.3902,abdomen,6.84,0.32
323,0.9720,DESCENT,COM_OUTSIDE_SUPPORT,-1.2766,-0.0102,-1.2783,-0.5758,-0.4524,-0.4524,1,4,0.1103,0.1304,-57.75,1,0.0090,0.0,0.0,-4.05,-0.82,-1.76,-0.0328,-0.0701,-0.0018,0.924,right_hand,0.054,right_hand,0.110,abdomen,25.00,right_thigh,0.876,right_foot,10.50,left_foot,0.3919,abdomen,6.87,0.32
324,0.9750,DESCENT,COM_OUTSIDE_SUPPORT,-1.2768,-0.0092,-1.2782,-0.5818,-0.4546,-0.4546,1,4,0.1491,0.1304,-57.76,1,0.0091,0.0,0.0,-4.06,-0.81,-1.75,-0.0327,-0.0701,-0.0018,0.923,right_hand,0.054,right_hand,0.113,abdomen,25.97,right_thigh,0.887,right_foot,12.78,right_foot,0.3917,abdomen,6.81,0.33
325,0.9780,DESCENT,COM_OUTSIDE_SUPPORT,-1.2769,-0.0076,-1.2781,-0.5818,-0.4546,-0.4546,1,4,0.1951,0.1304,-57.78,1,0.0091,0.0,0.0,-4.09,-0.80,-1.74,-0.0327,-0.0701,-0.0019,0.911,right_hand,0.053,right_hand,0.119,abdomen,27.17,right_thigh,0.901,right_foot,15.06,left_foot,0.3922,abdomen,6.90,0.34
326,0.9810,DESCENT,COM_OUTSIDE_SUPPORT,-1.2770,-0.0070,-1.2781,-0.5818,-0.4546,-0.4546,1,4,0.1629,0.1304,-57.80,1,0.0091,0.0,0.0,-4.11,-0.79,-1.74,-0.0326,-0.0701,-0.0019,0.922,right_hand,0.053,right_hand,0.115,abdomen,26.29,right_thigh,0.916,right_foot,12.78,left_foot,0.3938,abdomen,6.88,0.33
327,0.9840,DESCENT,COM_OUTSIDE_SUPPORT,-1.2771,-0.0062,-1.2781,-0.5931,-0.4563,-0.4563,1,4,0.1751,0.1304,-57.80,1,0.0091,0.0,0.0,-4.13,-0.80,-1.74,-0.0326,-0.0701,-0.0020,0.921,right_hand,0.053,right_hand,0.119,abdomen,27.55,right_thigh,0.932,right_foot,15.07,right_foot,0.3945,abdomen,6.89,0.33
328,0.9870,DESCENT,COM_OUTSIDE_SUPPORT,-1.2772,-0.0043,-1.2779,-0.5931,-0.4563,-0.4563,1,4,0.2103,0.1305,-57.80,1,0.0091,0.0,0.0,-4.14,-0.82,-1.73,-0.0326,-0.0701,-0.0020,0.918,right_hand,0.053,right_hand,0.121,abdomen,28.70,right_thigh,0.943,right_foot,15.07,right_foot,0.3952,abdomen,6.90,0.33
329,0.9900,DESCENT,COM_OUTSIDE_SUPPORT,-1.2773,-0.0046,-1.2780,-0.6015,-0.4583,NaN,0,4,0.1791,0.1304,-57.83,1,0.0091,0.0,0.0,-4.16,-0.80,-1.73,-0.0326,-0.0701,-0.0020,0.920,right_hand,0.053,right_hand,0.117,abdomen,27.37,right_thigh,0.950,right_foot,12.79,left_foot,0.3972,abdomen,6.87,0.33
330,0.9930,DESCENT,COM_OUTSIDE_SUPPORT,-1.2774,-0.0043,-1.2780,-0.6015,-0.4583,-0.4583,1,4,0.1863,0.1305,-57.83,1,0.0092,0.0,0.0,-4.18,-0.82,-1.73,-0.0325,-0.0701,-0.0021,0.919,right_hand,0.053,right_hand,0.121,abdomen,28.59,right_thigh,0.966,right_foot,15.07,left_foot,0.3978,abdomen,6.89,0.33
331,0.9960,DESCENT,COM_OUTSIDE_SUPPORT,-1.2774,-0.0030,-1.2779,-0.6071,-0.4599,-0.4599,1,4,0.2198,0.1305,-57.84,1,0.0092,0.0,0.0,-4.20,-0.83,-1.72,-0.0325,-0.0702,-0.0021,0.916,right_hand,0.053,right_hand,0.123,abdomen,29.09,right_thigh,0.975,right_foot,15.07,left_foot,0.3989,abdomen,6.88,0.33
332,1.0000,BOTTOM,COM_OUTSIDE_SUPPORT,-1.2775,-0.0038,-1.2781,-0.6071,-0.4599,-0.4599,1,4,0.2108,0.1304,-57.86,1,0.0093,0.0,0.0,-4.23,-0.82,-1.72,-0.0325,-0.0702,-0.0021,0.919,right_hand,0.052,right_hand,0.122,abdomen,29.30,right_thigh,0.984,right_foot,15.07,left_foot,0.4005,abdomen,6.85,0.32
333,1.0000,BOTTOM,COM_OUTSIDE_SUPPORT,-1.2776,-0.0037,-1.2782,-0.6102,-0.4629,-0.4629,1,4,0.2456,0.1305,-57.86,1,0.0093,0.0,0.0,-4.24,-0.83,-1.72,-0.0325,-0.0702,-0.0022,0.919,right_hand,0.052,right_hand,0.123,abdomen,29.21,right_thigh,0.992,right_foot,15.07,left_foot,0.4009,abdomen,6.86,0.33
334,1.0000,BOTTOM,COM_OUTSIDE_SUPPORT,-1.2776,-0.0031,-1.2781,-0.6102,-0.4629,-0.4629,1,4,0.2688,0.1305,-57.89,1,0.0093,0.0,0.0,-4.26,-0.82,-1.72,-0.0324,-0.0702,-0.0022,0.918,right_hand,0.052,right_hand,0.125,abdomen,29.01,right_thigh,1.000,right_foot,15.07,left_foot,0.4021,abdomen,6.84,0.33
335,1.0000,BOTTOM,COM_OUTSIDE_SUPPORT,-1.2777,-0.0042,-1.2784,-0.6123,-0.4650,-0.4650,1,4,0.2320,0.1305,-57.90,1,0.0094,0.0,0.0,-4.27,-0.84,-1.71,-0.0323,-0.0703,-0.0023,0.917,right_hand,0.052,right_hand,0.121,abdomen,27.62,right_thigh,1.000,right_foot,12.79,left_foot,0.4045,abdomen,6.85,0.33
336,1.0000,BOTTOM,COM_OUTSIDE_SUPPORT,-1.2778,-0.0044,-1.2785,-0.6123,-0.4650,-0.4650,1,4,0.0133,0.1305,-57.93,1,0.0095,0.0,0.0,-4.27,-0.86,-1.70,-0.0321,-0.0703,-0.0023,0.915,right_hand,0.052,right_hand,0.116,abdomen,26.24,right_thigh,1.000,right_foot,10.52,left_foot,0.4065,abdomen,6.83,0.33
337,1.0000,BOTTOM,COM_OUTSIDE_SUPPORT,-1.2779,-0.0053,-1.2788,-0.6152,-0.4679,-0.4679,1,4,0.2885,0.1305,-57.95,1,0.0096,0.0,0.0,-4.29,-0.85,-1.68,-0.0319,-0.0703,-0.0022,0.917,right_hand,0.052,right_hand,0.119,abdomen,26.42,right_thigh,1.000,right_foot,12.79,left_foot,0.4077,abdomen,6.81,0.32
338,1.0000,BOTTOM,COM_OUTSIDE_SUPPORT,-1.2780,-0.0050,-1.2788,-0.6693,-0.4679,-0.4679,1,7,0.2677,0.1305,-57.97,1,0.0096,0.0,0.0,-4.31,-0.84,-1.69,-0.0319,-0.0703,-0.0022,0.922,right_hand,0.051,right_hand,0.123,abdomen,27.46,right_thigh,1.000,right_foot,15.30,left_foot,0.4080,abdomen,6.82,0.32
339,1.0000,BOTTOM,COM_OUTSIDE_SUPPORT,-1.2781,-0.0045,-1.2788,-0.6693,-0.4679,-0.4679,1,7,0.2339,0.1305,-58.00,1,0.0097,0.0,0.0,-4.34,-0.82,-1.70,-0.0318,-0.0703,-0.0022,0.923,right_hand,0.051,right_hand,0.124,abdomen,28.34,right_thigh,1.000,right_foot,15.30,left_foot,0.4088,abdomen,6.82,0.32
340,1.0000,BOTTOM,COM_OUTSIDE_SUPPORT,-1.2782,-0.0037,-1.2788,-0.6843,-0.4679,-0.4679,1,8,0.2110,0.1305,-58.00,1,0.0097,0.0,0.0,-4.36,-0.81,-1.72,-0.0318,-0.0704,-0.0022,0.923,right_hand,0.051,right_hand,0.124,abdomen,28.25,right_thigh,1.000,right_foot,15.30,left_foot,0.4100,abdomen,6.83,0.33
341,1.0000,BOTTOM,COM_OUTSIDE_SUPPORT,-1.2783,-0.0017,-1.2785,-0.6843,-0.4679,-0.4679,1,8,0.2065,0.1305,-58.01,1,0.0097,0.0,0.0,-4.38,-0.82,-1.73,-0.0317,-0.0704,-0.0022,0.920,right_hand,0.051,right_hand,0.125,abdomen,28.11,right_thigh,1.000,left_foot,15.30,left_foot,0.4107,abdomen,6.84,0.33
342,1.0000,BOTTOM,COM_OUTSIDE_SUPPORT,-1.2783,-0.0014,-1.2785,-0.6928,-0.4679,-0.4679,1,8,0.1956,0.1303,-57.96,1,0.0095,0.0,0.0,-4.30,-0.92,-1.72,-0.0317,-0.0702,-0.0020,0.919,right_hand,0.051,right_hand,0.120,abdomen,26.83,right_thigh,1.000,left_foot,13.06,left_foot,0.4130,abdomen,6.83,0.33
343,1.0000,BOTTOM,COM_OUTSIDE_SUPPORT,-1.2784,-0.0005,-1.2785,-0.6928,-0.4679,-0.4679,1,8,0.0801,0.1303,-57.96,1,0.0096,0.0,0.0,-4.29,-0.98,-1.74,-0.0316,-0.0702,-0.0020,0.921,right_hand,0.051,right_hand,0.125,abdomen,28.13,right_thigh,1.000,left_foot,15.30,left_foot,0.4132,abdomen,6.77,0.34
344,1.0000,BOTTOM,COM_OUTSIDE_SUPPORT,-1.2784,0.0012,-1.2782,-0.6763,-0.4679,-0.4679,1,7,0.0434,0.1303,-57.97,1,0.0096,0.0,0.0,-4.30,-1.04,-1.75,-0.0316,-0.0703,-0.0020,0.920,right_hand,0.051,right_hand,0.126,abdomen,28.07,right_thigh,1.000,left_foot,15.30,left_foot,0.4142,abdomen,6.75,0.33
345,1.0000,BOTTOM,COM_OUTSIDE_SUPPORT,-1.2784,0.0026,-1.2780,-0.6763,-0.4679,-0.4679,1,6,0.0395,0.1303,-57.98,1,0.0097,0.0,0.0,-4.29,-1.08,-1.77,-0.0315,-0.0703,-0.0020,0.920,right_hand,0.051,right_hand,0.122,abdomen,26.79,right_thigh,1.000,left_foot,13.06,left_foot,0.4162,abdomen,6.76,0.33
346,1.0000,BOTTOM,COM_OUTSIDE_SUPPORT,-1.2784,0.0039,-1.2778,-0.6763,-0.4679,-0.4679,1,6,0.0306,0.1303,-57.98,1,0.0097,0.0,0.0,-4.30,-1.11,-1.78,-0.0315,-0.0703,-0.0020,0.920,right_hand,0.053,right_hand,0.126,abdomen,28.03,right_thigh,1.000,left_foot,15.30,left_foot,0.4167,abdomen,6.78,0.32
347,1.0000,BOTTOM,COM_OUTSIDE_SUPPORT,-1.2784,0.0045,-1.2777,-0.6763,-0.4704,-0.4704,1,5,0.0651,0.1303,-58.00,1,0.0097,0.0,0.0,-4.31,-1.12,-1.81,-0.0314,-0.0703,-0.0020,0.920,right_hand,0.054,right_hand,0.127,abdomen,27.98,right_thigh,1.000,left_foot,15.30,left_foot,0.4168,abdomen,6.80,0.32
348,1.0000,BOTTOM,COM_OUTSIDE_SUPPORT,-1.2784,0.0053,-1.2776,-0.6184,-0.4704,-0.4704,1,4,0.0499,0.1303,-58.00,1,0.0097,0.0,0.0,-4.32,-1.16,-1.81,-0.0314,-0.0703,-0.0021,0.918,right_hand,0.055,right_hand,0.127,abdomen,28.21,right_thigh,1.000,left_foot,15.07,right_foot,0.4173,abdomen,6.85,0.32
349,1.0000,BOTTOM,COM_OUTSIDE_SUPPORT,-1.2784,0.0065,-1.2773,-0.6184,-0.4704,-0.4704,1,4,0.0410,0.1303,-58.01,1,0.0097,0.0,0.0,-4.33,-1.16,-1.81,-0.0314,-0.0703,-0.0021,0.918,right_hand,0.055,right_hand,0.128,abdomen,28.20,right_thigh,1.000,left_foot,15.07,right_foot,0.4183,abdomen,6.86,0.31
350,1.0000,BOTTOM,COM_OUTSIDE_SUPPORT,-1.2783,0.0057,-1.2774,-0.6184,-0.4704,-0.4704,1,4,0.0459,0.1303,-58.01,1,0.0098,0.0,0.0,-4.33,-1.18,-1.81,-0.0314,-0.0703,-0.0021,0.919,right_hand,0.056,right_hand,0.127,abdomen,28.15,right_thigh,1.000,left_foot,15.07,right_foot,0.4184,abdomen,6.84,0.32
351,1.0000,BOTTOM,COM_OUTSIDE_SUPPORT,-1.2783,0.0055,-1.2774,-0.6184,-0.4704,-0.4704,1,4,0.1531,0.1303,-58.02,1,0.0098,0.0,0.0,-4.33,-1.17,-1.81,-0.0314,-0.0703,-0.0021,0.903,right_hand,0.056,right_hand,0.128,abdomen,28.13,right_thigh,1.000,left_foot,15.07,right_foot,0.4199,abdomen,6.95,0.33
352,1.0000,REVERSAL,COM_OUTSIDE_SUPPORT,-1.2783,0.0046,-1.2776,-0.6184,-0.4704,-0.4704,1,4,0.0493,0.1303,-58.02,1,0.0098,0.0,0.0,-4.33,-1.17,-1.81,-0.0314,-0.0703,-0.0021,0.916,right_hand,0.056,right_hand,0.128,abdomen,28.09,right_thigh,1.000,left_foot,15.07,right_foot,0.4198,abdomen,6.95,0.32
353,1.0000,REVERSAL,COM_OUTSIDE_SUPPORT,-1.2783,0.0050,-1.2775,-0.6184,-0.4704,-0.4704,1,4,0.0617,0.1304,-58.03,1,0.0098,0.0,0.0,-4.33,-1.17,-1.81,-0.0314,-0.0703,-0.0021,0.915,right_hand,0.057,right_hand,0.128,abdomen,27.97,right_thigh,1.000,left_foot,15.07,right_foot,0.4207,abdomen,6.96,0.32
354,1.0000,REVERSAL,COM_OUTSIDE_SUPPORT,-1.2783,0.0044,-1.2776,-0.6184,-0.4704,-0.4704,1,4,0.0012,0.1304,-58.03,1,0.0098,0.0,0.0,-4.32,-1.18,-1.81,-0.0314,-0.0703,-0.0021,0.917,right_hand,0.057,right_hand,0.123,abdomen,26.70,right_thigh,1.000,left_foot,12.79,left_foot,0.4230,abdomen,6.97,0.32
355,1.0000,REVERSAL,COM_OUTSIDE_SUPPORT,-1.2783,0.0044,-1.2776,-0.6184,-0.4704,-0.4704,1,4,0.0018,0.1304,-58.04,1,0.0098,0.0,0.0,-4.32,-1.18,-1.81,-0.0314,-0.0703,-0.0021,0.916,right_hand,0.057,right_hand,0.127,abdomen,27.95,right_thigh,1.000,left_foot,15.07,right_foot,0.4235,abdomen,6.98,0.32
356,1.0000,REVERSAL,COM_OUTSIDE_SUPPORT,-1.2783,0.0044,-1.2776,-0.6184,-0.4704,-0.4704,1,4,0.0543,0.1304,-58.03,1,0.0098,0.0,0.0,-4.32,-1.18,-1.80,-0.0314,-0.0703,-0.0021,0.917,right_hand,0.057,right_hand,0.128,abdomen,27.97,right_thigh,1.000,left_foot,15.07,right_foot,0.4240,abdomen,6.98,0.32
357,1.0000,REVERSAL,COM_OUTSIDE_SUPPORT,-1.2782,0.0052,-1.2774,-0.6184,-0.4704,-0.4704,1,4,0.0328,0.1304,-58.04,1,0.0098,0.0,0.0,-4.32,-1.18,-1.80,-0.0314,-0.0703,-0.0021,0.916,right_hand,0.057,right_hand,0.128,abdomen,27.89,right_thigh,1.000,left_foot,15.07,right_foot,0.4236,abdomen,7.00,0.32
358,1.0000,REVERSAL,COM_OUTSIDE_SUPPORT,-1.2782,0.0050,-1.2774,-0.6184,-0.4704,-0.4704,1,4,0.0005,0.1304,-58.04,1,0.0098,0.0,0.0,-4.32,-1.18,-1.80,-0.0314,-0.0703,-0.0021,0.916,right_hand,0.057,right_hand,0.128,abdomen,27.88,right_thigh,1.000,left_foot,15.07,right_foot,0.4249,abdomen,7.01,0.32
359,1.0000,REVERSAL,COM_OUTSIDE_SUPPORT,-1.2782,0.0051,-1.2774,-0.6184,-0.4704,-0.4704,1,4,0.0204,0.1304,-58.04,1,0.0098,0.0,0.0,-4.32,-1.18,-1.80,-0.0314,-0.0703,-0.0021,0.915,right_hand,0.057,right_hand,0.128,abdomen,27.86,right_thigh,1.000,left_foot,15.07,right_foot,0.4253,abdomen,7.02,0.32
360,1.0000,REVERSAL,COM_OUTSIDE_SUPPORT,-1.2782,0.0050,-1.2774,-0.6220,-0.4743,-0.4743,1,4,0.0005,0.1304,-58.04,1,0.0098,0.0,0.0,-4.32,-1.19,-1.79,-0.0315,-0.0704,-0.0021,0.915,right_hand,0.057,right_hand,0.128,abdomen,27.81,right_thigh,1.000,left_foot,15.07,left_foot,0.4257,abdomen,7.02,0.32
361,1.0000,REVERSAL,COM_OUTSIDE_SUPPORT,-1.2782,0.0050,-1.2774,-0.6220,-0.4743,-0.4743,1,4,0.0005,0.1304,-58.04,1,0.0098,0.0,0.0,-4.33,-1.19,-1.79,-0.0315,-0.0704,-0.0021,0.915,right_hand,0.057,right_hand,0.128,abdomen,27.80,right_thigh,1.000,left_foot,15.07,left_foot,0.4260,abdomen,7.02,0.32
362,1.0000,REVERSAL,COM_OUTSIDE_SUPPORT,-1.2782,0.0049,-1.2774,-0.6220,-0.4743,-0.4743,1,4,0.0303,0.1304,-58.04,1,0.0098,0.0,0.0,-4.33,-1.19,-1.79,-0.0315,-0.0704,-0.0021,0.914,right_hand,0.057,right_hand,0.127,abdomen,27.79,right_thigh,1.000,left_foot,15.07,left_foot,0.4263,abdomen,7.02,0.32
363,1.0000,ASCENT,COM_OUTSIDE_SUPPORT,-1.2782,0.0048,-1.2774,-0.6220,-0.4743,-0.4743,1,4,0.0327,0.1304,-58.04,1,0.0098,0.0,0.0,-4.33,-1.19,-1.78,-0.0315,-0.0704,-0.0021,0.914,right_hand,0.057,right_hand,0.127,abdomen,27.79,right_thigh,1.000,left_foot,15.07,left_foot,0.4265,abdomen,7.02,0.32
364,0.9970,ASCENT,COM_OUTSIDE_SUPPORT,-1.2782,0.0047,-1.2774,-0.6220,-0.4743,-0.4743,1,4,0.0711,0.1304,-58.04,1,0.0098,0.0,0.0,-4.32,-1.19,-1.78,-0.0315,-0.0704,-0.0021,0.914,right_hand,0.057,right_hand,0.127,abdomen,27.79,abdomen,1.000,left_foot,15.07,left_foot,0.4267,abdomen,7.01,0.32
365,0.9940,ASCENT,COM_OUTSIDE_SUPPORT,-1.2781,0.0046,-1.2774,-0.6220,-0.4743,-0.4743,1,4,0.0730,0.1304,-58.03,1,0.0097,0.0,0.0,-4.32,-1.21,-1.78,-0.0315,-0.0703,-0.0021,0.915,right_hand,0.057,right_hand,0.129,abdomen,27.84,abdomen,1.000,left_foot,15.07,left_foot,0.4269,abdomen,7.02,0.32
366,0.9910,ASCENT,COM_OUTSIDE_SUPPORT,-1.2781,0.0046,-1.2774,-0.6220,-0.4743,-0.4743,1,4,0.1024,0.1305,-58.04,1,0.0098,0.0,0.0,-4.32,-1.21,-1.78,-0.0315,-0.0704,-0.0021,0.914,right_hand,0.057,right_hand,0.129,abdomen,27.94,abdomen,1.000,left_foot,15.07,left_foot,0.4277,abdomen,7.02,0.32
367,0.9880,ASCENT,COM_OUTSIDE_SUPPORT,-1.2782,0.0032,-1.2776,-0.6220,-0.4743,-0.4743,1,4,0.0346,0.1305,-58.06,1,0.0098,0.0,0.0,-4.30,-1.21,-1.78,-0.0315,-0.0704,-0.0021,0.915,right_hand,0.057,right_hand,0.125,abdomen,26.96,abdomen,1.000,left_foot,12.79,left_foot,0.4295,abdomen,7.03,0.32
368,0.9850,ASCENT,COM_OUTSIDE_SUPPORT,-1.2782,0.0024,-1.2778,-0.6220,-0.4743,-0.4743,1,4,0.0573,0.1305,-58.07,1,0.0098,0.0,0.0,-4.31,-1.21,-1.77,-0.0314,-0.0704,-0.0021,0.915,right_hand,0.057,right_hand,0.129,abdomen,28.00,abdomen,1.000,left_foot,15.07,left_foot,0.4303,abdomen,7.02,0.32
369,0.9820,ASCENT,COM_OUTSIDE_SUPPORT,-1.2782,0.0021,-1.2778,-0.6220,-0.4743,-0.4743,1,4,0.0321,0.1304,-58.07,1,0.0099,0.0,0.0,-4.31,-1.20,-1.77,-0.0314,-0.0704,-0.0021,0.916,right_hand,0.057,right_hand,0.129,abdomen,27.96,abdomen,1.000,left_foot,15.07,left_foot,0.4305,abdomen,7.02,0.32
370,0.9790,ASCENT,COM_OUTSIDE_SUPPORT,-1.2782,0.0027,-1.2778,-0.6220,-0.4743,-0.4743,1,4,0.0004,0.1304,-58.07,1,0.0099,0.0,0.0,-4.32,-1.20,-1.76,-0.0314,-0.0704,-0.0021,0.914,right_hand,0.057,right_hand,0.129,abdomen,28.01,abdomen,1.000,left_foot,15.07,left_foot,0.4297,abdomen,6.95,0.33
371,0.9760,ASCENT,COM_OUTSIDE_SUPPORT,-1.2782,0.0026,-1.2778,-0.6220,-0.4743,-0.4743,1,4,0.0011,0.1304,-58.07,1,0.0099,0.0,0.0,-4.34,-1.20,-1.74,-0.0313,-0.0705,-0.0021,0.897,right_hand,0.056,right_hand,0.129,abdomen,27.99,abdomen,1.000,left_foot,15.07,left_foot,0.4305,abdomen,7.07,0.34
372,0.9730,ASCENT,COM_OUTSIDE_SUPPORT,-1.2782,0.0015,-1.2780,-0.6253,-0.4771,-0.4771,1,4,0.0029,0.1304,-58.08,1,0.0100,0.0,0.0,-4.35,-1.18,-1.74,-0.0313,-0.0705,-0.0021,0.914,right_hand,0.056,right_hand,0.127,abdomen,27.91,abdomen,1.000,left_foot,15.07,left_foot,0.4302,abdomen,7.02,0.32
373,0.9700,ASCENT,COM_OUTSIDE_SUPPORT,-1.2782,0.0021,-1.2779,-0.6253,-0.4771,-0.4771,1,4,0.0009,0.1304,-58.07,1,0.0100,0.0,0.0,-4.35,-1.19,-1.74,-0.0313,-0.0705,-0.0021,0.915,right_hand,0.056,right_hand,0.127,abdomen,27.94,abdomen,1.000,left_foot,15.07,left_foot,0.4291,abdomen,7.05,0.32
374,0.9670,ASCENT,COM_OUTSIDE_SUPPORT,-1.2783,0.0026,-1.2779,-0.6253,-0.4771,-0.4771,1,4,0.0007,0.1304,-58.07,1,0.0100,0.0,0.0,-4.36,-1.20,-1.72,-0.0313,-0.0705,-0.0020,0.914,right_hand,0.056,right_hand,0.128,abdomen,27.97,abdomen,1.000,left_foot,15.07,right_foot,0.4296,abdomen,7.05,0.32
375,0.9640,ASCENT,COM_OUTSIDE_SUPPORT,-1.2783,0.0013,-1.2781,-0.6253,-0.4771,-0.4771,1,4,0.0014,0.1304,-58.08,1,0.0100,0.0,0.0,-4.38,-1.19,-1.71,-0.0313,-0.0706,-0.0020,0.917,right_hand,0.056,right_hand,0.127,abdomen,27.91,abdomen,1.000,left_foot,15.07,right_foot,0.4302,abdomen,7.03,0.32
376,0.9610,ASCENT,COM_OUTSIDE_SUPPORT,-1.2783,0.0015,-1.2781,-0.6253,-0.4771,-0.4771,1,4,0.0011,0.1304,-58.07,1,0.0101,0.0,0.0,-4.39,-1.19,-1.71,-0.0313,-0.0706,-0.0019,0.917,right_hand,0.056,right_hand,0.126,abdomen,27.89,abdomen,1.000,left_foot,15.07,left_foot,0.4290,abdomen,7.05,0.32
377,0.9580,ASCENT,COM_OUTSIDE_SUPPORT,-1.2783,0.0021,-1.2780,-0.6253,-0.4771,-0.4771,1,4,0.0003,0.1304,-58.07,1,0.0101,0.0,0.0,-4.40,-1.20,-1.69,-0.0313,-0.0706,-0.0019,0.916,right_hand,0.056,right_hand,0.127,abdomen,27.93,abdomen,1.000,left_foot,15.07,right_foot,0.4286,abdomen,7.07,0.33
378,0.9550,ASCENT,COM_OUTSIDE_SUPPORT,-1.2784,0.0012,-1.2782,-0.6253,-0.4771,-0.4771,1,4,0.0009,0.1303,-58.08,1,0.0101,0.0,0.0,-4.41,-1.19,-1.68,-0.0312,-0.0706,-0.0019,0.917,right_hand,0.056,right_hand,0.126,abdomen,27.87,abdomen,1.000,left_foot,15.07,right_foot,0.4294,abdomen,7.06,0.32
379,0.9520,ASCENT,COM_OUTSIDE_SUPPORT,-1.2784,0.0010,-1.2782,-0.6253,-0.4771,-0.4771,1,4,0.0012,0.1303,-58.08,1,0.0101,0.0,0.0,-4.43,-1.19,-1.68,-0.0312,-0.0706,-0.0018,0.918,right_hand,0.056,right_hand,0.125,abdomen,27.81,abdomen,1.000,left_foot,15.07,left_foot,0.4284,abdomen,7.08,0.33
380,0.9490,ASCENT,COM_OUTSIDE_SUPPORT,-1.2784,0.0016,-1.2782,-0.6253,-0.4771,-0.4771,1,4,0.0016,0.1303,-58.07,1,0.0101,0.0,0.0,-4.43,-1.18,-1.69,-0.0312,-0.0707,-0.0018,0.917,right_hand,0.057,right_hand,0.125,abdomen,27.78,abdomen,1.000,left_foot,15.07,left_foot,0.4273,abdomen,7.08,0.33
381,0.9460,ASCENT,COM_OUTSIDE_SUPPORT,-1.2784,0.0021,-1.2781,-0.6253,-0.4771,-0.4771,1,4,0.0009,0.1303,-58.06,1,0.0101,0.0,0.0,-4.44,-1.20,-1.67,-0.0312,-0.0707,-0.0018,0.915,right_hand,0.057,right_hand,0.125,abdomen,27.82,abdomen,1.000,left_foot,15.07,right_foot,0.4267,abdomen,7.11,0.33
382,0.9430,ASCENT,COM_OUTSIDE_SUPPORT,-1.2784,0.0013,-1.2782,-0.6253,-0.4771,-0.4771,1,4,0.0010,0.1303,-58.06,1,0.0101,0.0,0.0,-4.46,-1.19,-1.66,-0.0312,-0.0707,-0.0018,0.916,right_hand,0.057,right_hand,0.125,abdomen,27.77,abdomen,1.000,left_foot,15.07,left_foot,0.4274,abdomen,7.09,0.33
383,0.9400,ASCENT,COM_OUTSIDE_SUPPORT,-1.2785,0.0006,-1.2784,-0.6253,-0.4771,-0.4771,1,4,0.0013,0.1303,-58.06,1,0.0101,0.0,0.0,-4.47,-1.19,-1.66,-0.0312,-0.0707,-0.0018,0.917,right_hand,0.057,right_hand,0.124,abdomen,27.69,abdomen,1.000,left_foot,15.07,right_foot,0.4266,abdomen,7.11,0.33
384,0.9370,ASCENT,COM_OUTSIDE_SUPPORT,-1.2785,0.0011,-1.2783,-0.6253,-0.4771,-0.4771,1,4,0.0015,0.1302,-58.06,1,0.0101,0.0,0.0,-4.49,-1.18,-1.66,-0.0312,-0.0707,-0.0018,0.917,right_hand,0.057,right_hand,0.123,abdomen,27.63,abdomen,1.000,left_foot,15.07,right_foot,0.4251,abdomen,7.12,0.33
385,0.9340,ASCENT,COM_OUTSIDE_SUPPORT,-1.2785,0.0016,-1.2783,-0.6253,-0.4771,-0.4771,1,4,0.0015,0.1302,-58.05,1,0.0101,0.0,0.0,-4.50,-1.18,-1.66,-0.0312,-0.0707,-0.0017,0.916,right_hand,0.057,right_hand,0.123,abdomen,27.58,abdomen,1.000,left_foot,15.07,left_foot,0.4240,abdomen,7.13,0.33
386,0.9310,ASCENT,COM_OUTSIDE_SUPPORT,-1.2785,0.0021,-1.2782,-0.6253,-0.4771,-0.4771,1,4,0.0019,0.1302,-58.05,1,0.0101,0.0,0.0,-4.50,-1.17,-1.67,-0.0312,-0.0707,-0.0017,0.915,right_hand,0.057,right_hand,0.123,abdomen,27.53,abdomen,1.000,left_foot,15.07,right_foot,0.4232,abdomen,7.13,0.33
387,0.9280,ASCENT,COM_OUTSIDE_SUPPORT,-1.2785,0.0024,-1.2782,-0.6253,-0.4771,-0.4771,1,4,0.0016,0.1302,-58.04,1,0.0101,0.0,0.0,-4.51,-1.18,-1.68,-0.0313,-0.0707,-0.0018,0.914,right_hand,0.057,right_hand,0.123,abdomen,27.56,abdomen,1.000,left_foot,15.07,right_foot,0.4225,abdomen,7.15,0.33
388,0.9250,ASCENT,COM_OUTSIDE_SUPPORT,-1.2786,0.0019,-1.2783,-0.6253,-0.4771,-0.4771,1,4,0.0018,0.1302,-58.03,1,0.0102,0.0,0.0,-4.52,-1.19,-1.67,-0.0313,-0.0707,-0.0018,0.913,right_hand,0.057,right_hand,0.123,abdomen,27.51,abdomen,1.000,left_foot,15.07,left_foot,0.4229,abdomen,7.15,0.33
389,0.9220,ASCENT,COM_OUTSIDE_SUPPORT,-1.2786,0.0017,-1.2783,-0.6253,-0.4771,-0.4771,1,4,0.0030,0.1302,-58.03,1,0.0101,0.0,0.0,-4.53,-1.19,-1.66,-0.0313,-0.0707,-0.0017,0.913,right_hand,0.058,right_hand,0.122,abdomen,27.47,abdomen,1.000,left_foot,15.07,right_foot,0.4221,abdomen,7.14,0.33
390,0.9190,ASCENT,COM_OUTSIDE_SUPPORT,-1.2786,0.0010,-1.2784,-0.6253,-0.4771,-0.4771,1,4,0.0016,0.1302,-58.03,1,0.0101,0.0,0.0,-4.55,-1.18,-1.65,-0.0313,-0.0707,-0.0017,0.915,right_hand,0.058,right_hand,0.122,abdomen,27.37,abdomen,1.000,left_foot,15.07,right_foot,0.4213,abdomen,7.14,0.33
391,0.9160,ASCENT,COM_OUTSIDE_SUPPORT,-1.2786,0.0014,-1.2784,-0.6253,-0.4771,-0.4771,1,4,0.0009,0.1302,-58.02,1,0.0101,0.0,0.0,-4.56,-1.17,-1.66,-0.0313,-0.0707,-0.0017,0.916,right_hand,0.058,right_hand,0.121,abdomen,27.28,abdomen,1.000,left_foot,15.07,left_foot,0.4195,abdomen,7.15,0.33
392,0.9130,ASCENT,COM_OUTSIDE_SUPPORT,-1.2786,0.0021,-1.2783,-0.5639,-0.4771,-0.4771,1,3,0.0004,0.1301,-58.02,1,0.0101,0.0,0.0,-4.57,-1.15,-1.67,-0.0313,-0.0707,-0.0017,0.915,right_hand,0.058,right_hand,0.122,abdomen,27.37,abdomen,1.000,left_foot,15.07,left_foot,0.4180,abdomen,6.96,0.34
393,0.9100,ASCENT,COM_OUTSIDE_SUPPORT,-1.2786,0.0027,-1.2782,-0.5639,-0.4771,-0.4771,1,3,0.0006,0.1301,-58.01,1,0.0101,0.0,0.0,-4.58,-1.14,-1.68,-0.0313,-0.0708,-0.0017,0.889,right_hand,0.058,right_hand,0.122,abdomen,27.39,abdomen,1.000,left_foot,15.07,left_foot,0.4169,abdomen,6.99,0.36
394,0.9070,ASCENT,COM_OUTSIDE_SUPPORT,-1.2786,0.0026,-1.2782,-0.6230,-0.4766,-0.4766,1,4,0.0002,0.1301,-58.01,1,0.0101,0.0,0.0,-4.59,-1.14,-1.69,-0.0314,-0.0708,-0.0018,0.888,right_hand,0.055,right_hand,0.122,abdomen,27.19,abdomen,1.000,left_foot,15.07,left_foot,0.4173,abdomen,7.07,0.35
395,0.9040,ASCENT,COM_OUTSIDE_SUPPORT,-1.2786,0.0027,-1.2782,-0.5631,-0.4766,-0.4766,1,3,0.0001,0.1301,-57.99,1,0.0102,0.0,0.0,-4.59,-1.16,-1.68,-0.0314,-0.0708,-0.0018,0.907,right_hand,0.055,right_hand,0.122,abdomen,27.29,abdomen,1.000,left_foot,15.07,left_foot,0.4164,abdomen,7.02,0.33
396,0.9010,ASCENT,COM_OUTSIDE_SUPPORT,-1.2786,0.0025,-1.2782,-0.5631,-0.4766,-0.4766,1,3,0.0009,0.1301,-57.99,1,0.0101,0.0,0.0,-4.61,-1.16,-1.67,-0.0314,-0.0708,-0.0017,0.908,right_hand,0.055,right_hand,0.122,abdomen,27.24,abdomen,0.999,left_foot,15.07,left_foot,0.4154,abdomen,7.00,0.32
397,0.8980,ASCENT,COM_OUTSIDE_SUPPORT,-1.2787,0.0016,-1.2784,-0.5631,-0.4766,-0.4766,1,3,0.0020,0.1301,-57.99,1,0.0101,0.0,0.0,-4.62,-1.15,-1.67,-0.0313,-0.0708,-0.0017,0.910,right_hand,0.056,right_hand,0.121,abdomen,27.15,abdomen,0.998,left_foot,15.07,right_foot,0.4147,abdomen,7.00,0.32
398,0.8950,ASCENT,COM_OUTSIDE_SUPPORT,-1.2787,0.0019,-1.2784,-0.5631,-0.4766,-0.4766,1,3,0.0024,0.1300,-57.99,1,0.0101,0.0,0.0,-4.63,-1.15,-1.67,-0.0313,-0.0708,-0.0017,0.910,right_hand,0.056,right_hand,0.121,abdomen,27.07,abdomen,0.998,left_foot,15.07,left_foot,0.4129,abdomen,7.01,0.32
399,0.8920,ASCENT,COM_OUTSIDE_SUPPORT,-1.2787,0.0023,-1.2783,-0.5381,-0.4766,-0.4766,1,2,0.0040,0.1300,-57.99,1,0.0102,0.0,0.0,-4.63,-1.14,-1.68,-0.0313,-0.0708,-0.0016,0.910,right_hand,0.056,right_hand,0.116,abdomen,25.99,abdomen,0.997,left_foot,12.73,left_foot,0.4116,abdomen,7.02,0.33
