tick,joint,actual_x_deg,applied_target_x_deg,nominal_x_deg,tracking_err_deg,command_offset_deg,reference_dev_deg,limit_proximity,demand,solver_torque_nm,max_force_nm
-60,left_foot,0.00,1.15,0.00,1.15,0.00,0.00,0.000,0.008,3.7,1710.0
-60,right_foot,0.00,1.15,0.00,1.15,0.00,0.00,0.000,0.008,3.2,1710.0
-60,left_shank,0.00,0.00,0.00,0.00,0.00,0.00,0.000,0.000,2.3,2052.0
-60,right_shank,0.00,0.00,0.00,0.00,0.00,0.00,0.000,0.000,0.3,2052.0
-60,left_thigh,0.00,0.00,0.00,0.00,0.00,0.00,0.000,0.000,0.0,2052.0
-60,right_thigh,0.00,0.00,0.00,0.00,0.00,0.00,0.000,0.000,0.0,2052.0
-60,abdomen,0.00,0.00,0.00,0.00,0.00,0.00,0.000,0.000,0.0,1482.0
-60,thorax,0.00,0.00,0.00,0.00,0.00,0.00,0.000,0.000,0.0,1482.0
-55,left_foot,-0.15,5.18,0.00,5.34,8.62,0.30,0.003,0.040,4.8,1710.0
-55,right_foot,-0.17,5.18,0.00,5.36,8.62,0.30,0.004,0.040,4.0,1710.0
-55,left_shank,-0.08,0.00,0.00,0.00,0.00,0.00,0.016,0.002,3.5,2052.0
-55,right_shank,0.00,0.00,0.00,0.00,0.00,0.00,0.000,0.000,0.2,2052.0
-55,left_thigh,-0.20,0.22,0.00,0.43,0.22,0.22,0.002,0.006,0.0,2052.0
-55,right_thigh,-0.27,0.22,0.00,0.49,0.22,0.28,0.002,0.008,0.0,2052.0
-55,abdomen,0.31,-0.10,0.00,0.42,0.00,0.32,0.007,0.002,0.1,1482.0
-55,thorax,0.18,-0.10,0.00,0.30,0.00,0.19,0.004,0.003,0.0,1482.0
-50,left_foot,-0.34,10.91,0.00,11.26,15.00,0.44,0.008,0.076,5.6,1710.0
-50,right_foot,-0.45,10.91,0.00,11.36,15.00,0.53,0.010,0.077,4.6,1710.0
-50,left_shank,-0.22,0.00,0.00,0.22,0.00,0.22,0.043,0.004,7.1,2052.0
-50,right_shank,0.00,0.00,0.00,0.00,0.00,0.00,0.000,0.003,2.0,2052.0
-50,left_thigh,-0.13,1.09,0.00,1.22,1.09,0.18,0.001,0.005,0.0,2052.0
-50,right_thigh,-0.27,1.09,0.00,1.36,1.09,0.28,0.002,0.006,0.0,2052.0
-50,abdomen,-0.13,-0.54,0.00,0.49,0.55,0.32,0.003,0.007,0.1,1482.0
-50,thorax,-0.37,-0.54,0.00,0.18,0.55,0.37,0.010,0.008,0.0,1482.0
-45,left_foot,-0.47,10.42,0.00,10.89,8.13,0.49,0.010,0.075,3.2,1710.0
-45,right_foot,-0.58,10.42,0.00,11.00,8.13,0.60,0.013,0.076,2.7,1710.0
-45,left_shank,-0.29,0.00,0.00,0.29,0.00,0.29,0.058,0.002,5.3,2052.0
-45,right_shank,-0.11,0.00,0.00,0.00,0.00,0.00,0.022,0.001,1.9,2052.0
-45,left_thigh,0.11,0.75,0.00,0.64,0.76,0.00,0.002,0.003,0.0,2052.0
-45,right_thigh,0.04,0.75,0.00,0.71,0.76,0.00,0.001,0.003,0.0,2052.0
-45,abdomen,-0.77,-0.38,0.00,0.53,0.38,0.87,0.022,0.016,0.0,1482.0
-45,thorax,-0.86,-0.38,0.00,0.48,0.38,0.86,0.025,0.013,0.0,1482.0
-40,left_foot,-0.81,6.98,0.00,7.79,7.56,0.82,0.018,0.056,3.4,1710.0
-40,right_foot,-0.90,6.98,0.00,7.88,7.56,0.91,0.020,0.056,2.8,1710.0
-40,left_shank,-0.11,0.00,0.00,0.00,0.00,0.00,0.022,0.002,5.8,2052.0
-40,right_shank,0.00,0.00,0.00,0.00,0.00,0.00,0.000,0.003,1.7,2052.0
-40,left_thigh,0.24,0.24,0.00,0.00,0.26,0.25,0.005,0.002,0.0,2052.0
-40,right_thigh,0.19,0.24,0.00,0.00,0.26,0.19,0.004,0.002,0.0,2052.0
-40,abdomen,-1.38,-0.12,0.00,1.32,0.00,1.45,0.039,0.022,0.1,1482.0
-40,thorax,-1.32,-0.12,0.00,1.20,0.00,1.32,0.038,0.019,0.0,1482.0
-35,left_foot,-0.85,7.55,0.00,8.41,5.27,0.86,0.019,0.056,2.8,1710.0
-35,right_foot,-0.97,7.55,0.00,8.53,5.27,0.98,0.022,0.057,2.2,1710.0
-35,left_shank,0.00,0.00,0.00,0.00,0.00,0.00,0.000,0.001,6.0,2052.0
-35,right_shank,0.14,0.00,0.00,0.00,0.00,0.00,0.001,0.001,1.8,2052.0
-35,left_thigh,0.30,0.00,0.00,0.31,0.00,0.31,0.007,0.004,0.0,2052.0
-35,right_thigh,0.25,0.00,0.00,0.27,0.00,0.26,0.006,0.004,0.0,2052.0
-35,abdomen,-1.83,0.00,0.00,1.89,0.00,1.90,0.052,0.024,0.1,1482.0
-35,thorax,-1.70,0.00,0.00,1.70,0.00,1.70,0.049,0.020,0.0,1482.0
-30,left_foot,-0.99,6.41,0.00,7.40,7.66,1.00,0.022,0.050,2.3,1710.0
-30,right_foot,-1.12,6.41,0.00,7.53,7.66,1.13,0.025,0.051,1.9,1710.0
-30,left_shank,0.16,0.00,0.00,0.16,0.00,0.16,0.001,0.003,5.4,2052.0
-30,right_shank,0.34,0.00,0.00,0.34,0.00,0.34,0.002,0.004,1.5,2052.0
-30,left_thigh,0.34,0.00,0.00,0.36,0.00,0.34,0.008,0.004,0.0,2052.0
-30,right_thigh,0.31,0.00,0.00,0.33,0.00,0.31,0.007,0.004,0.0,2052.0
-30,abdomen,-2.09,0.00,0.00,2.15,0.00,2.17,0.060,0.024,0.0,1482.0
-30,thorax,-1.88,0.00,0.00,1.88,0.00,1.88,0.054,0.020,0.0,1482.0
-25,left_foot,-0.93,6.50,0.00,7.43,5.35,0.94,0.021,0.048,2.1,1710.0
-25,right_foot,-1.09,6.50,0.00,7.59,5.35,1.10,0.024,0.049,1.6,1710.0
-25,left_shank,0.23,0.00,0.00,0.23,0.00,0.23,0.002,0.001,5.5,2052.0
-25,right_shank,0.44,0.00,0.00,0.44,0.00,0.44,0.003,0.002,1.4,2052.0
-25,left_thigh,0.35,0.00,0.00,0.36,0.00,0.35,0.008,0.004,0.0,2052.0
-25,right_thigh,0.30,0.00,0.00,0.33,0.00,0.31,0.007,0.004,0.0,2052.0
-25,abdomen,-2.26,0.00,0.00,2.33,0.00,2.34,0.065,0.023,0.0,1482.0
-25,thorax,-2.00,0.00,0.00,2.00,0.00,2.00,0.057,0.018,0.0,1482.0
-20,left_foot,-0.91,6.50,0.00,7.41,7.20,0.91,0.020,0.049,1.8,1710.0
-20,right_foot,-1.07,6.50,0.00,7.57,7.20,1.07,0.024,0.049,1.4,1710.0
-20,left_shank,0.29,0.00,0.00,0.29,0.00,0.29,0.002,0.002,5.1,2052.0
-20,right_shank,0.51,0.00,0.00,0.51,0.00,0.51,0.004,0.003,1.2,2052.0
-20,left_thigh,0.33,0.00,0.00,0.34,0.00,0.33,0.007,0.003,0.0,2052.0
-20,right_thigh,0.27,0.00,0.00,0.31,0.00,0.29,0.006,0.003,0.0,2052.0
-20,abdomen,-2.25,0.00,0.00,2.32,0.00,2.33,0.064,0.020,0.0,1482.0
-20,thorax,-1.97,0.00,0.00,1.97,0.00,1.97,0.056,0.017,0.0,1482.0
-15,left_foot,-0.82,7.19,0.00,8.01,8.33,0.83,0.018,0.052,1.8,1710.0
-15,right_foot,-0.99,7.19,0.00,8.17,8.33,0.99,0.022,0.053,1.3,1710.0
-15,left_shank,0.30,0.00,0.00,0.30,0.00,0.30,0.002,0.002,5.0,2052.0
-15,right_shank,0.53,0.00,0.00,0.53,0.00,0.53,0.004,0.003,1.0,2052.0
-15,left_thigh,0.28,0.00,0.00,0.29,0.00,0.28,0.006,0.003,0.0,2052.0
-15,right_thigh,0.20,0.00,0.00,0.23,0.00,0.21,0.004,0.002,0.0,2052.0
-15,abdomen,-2.17,0.00,0.00,2.24,0.00,2.25,0.062,0.018,0.0,1482.0
-15,thorax,-1.90,0.00,0.00,1.90,0.00,1.90,0.054,0.015,0.0,1482.0
-10,left_foot,-0.73,6.04,0.00,6.77,6.04,0.73,0.016,0.043,1.8,1710.0
-10,right_foot,-0.88,6.04,0.00,6.93,6.04,0.89,0.020,0.044,1.4,1710.0
-10,left_shank,0.27,0.00,0.00,0.27,0.00,0.27,0.002,0.001,4.8,2052.0
-10,right_shank,0.51,0.00,0.00,0.51,0.00,0.51,0.004,0.002,0.9,2052.0
-10,left_thigh,0.22,0.00,0.00,0.22,0.00,0.22,0.005,0.002,0.0,2052.0
-10,right_thigh,0.13,0.00,0.00,0.17,0.00,0.00,0.003,0.002,0.0,2052.0
-10,abdomen,-2.04,0.00,0.00,2.11,0.00,2.12,0.058,0.017,0.0,1482.0
-10,thorax,-1.79,0.00,0.00,1.79,0.00,1.79,0.051,0.013,0.0,1482.0
-5,left_foot,-0.65,7.86,0.00,8.51,9.00,0.65,0.014,0.055,2.0,1710.0
-5,right_foot,-0.80,7.86,0.00,8.66,9.00,0.80,0.018,0.056,1.4,1710.0
-5,left_shank,0.23,0.00,0.00,0.23,0.00,0.23,0.002,0.001,4.8,2052.0
-5,right_shank,0.48,0.00,0.00,0.48,0.00,0.48,0.003,0.002,0.9,2052.0
-5,left_thigh,0.15,0.00,0.00,0.00,0.00,0.00,0.003,0.002,0.0,2052.0
-5,right_thigh,0.06,0.00,0.00,0.00,0.00,0.00,0.001,0.002,0.0,2052.0
-5,abdomen,-1.90,0.00,0.00,1.97,0.00,1.98,0.054,0.015,0.0,1482.0
-5,thorax,-1.67,0.00,0.00,1.67,0.00,1.67,0.048,0.012,0.0,1482.0
0,left_foot,-0.55,6.71,-0.10,7.26,6.71,0.44,0.012,0.039,2.1,1710.0
0,right_foot,-0.70,6.71,-0.10,7.41,6.71,0.59,0.015,0.039,1.6,1710.0
0,left_shank,0.17,0.34,0.34,0.17,0.00,0.17,0.001,0.026,4.7,2052.0
0,right_shank,0.42,0.34,0.34,0.00,0.00,0.00,0.003,0.025,0.8,2052.0
0,left_thigh,0.08,-0.32,-0.32,0.41,0.00,0.40,0.002,0.027,0.0,2052.0
0,right_thigh,0.00,-0.32,-0.32,0.31,0.00,0.30,0.000,0.026,0.0,2052.0
0,abdomen,-1.76,0.00,0.00,1.88,0.00,1.88,0.050,0.019,0.0,1482.0
0,thorax,-1.56,0.06,0.06,1.63,0.00,1.63,0.045,0.019,0.0,1482.0
2,left_foot,-0.32,6.71,-0.32,7.04,6.71,0.00,0.007,0.032,2.4,1710.0
2,right_foot,-0.46,6.71,-0.32,7.18,6.71,0.00,0.010,0.032,1.8,1710.0
2,left_shank,-0.33,1.03,1.03,1.36,0.00,1.36,0.067,0.050,4.9,2052.0
2,right_shank,-0.09,1.03,1.03,1.11,0.00,1.11,0.018,0.049,0.9,2052.0
2,left_thigh,0.48,-0.96,-0.96,1.44,0.00,1.44,0.011,0.050,0.0,2052.0
2,right_thigh,0.38,-0.96,-0.96,1.34,0.00,1.34,0.008,0.050,0.0,2052.0
2,abdomen,-1.68,0.13,0.13,1.88,0.00,1.89,0.048,0.019,0.0,1482.0
2,thorax,-1.53,0.19,0.19,1.73,0.00,1.73,0.044,0.021,0.0,1482.0
4,left_foot,-0.19,6.06,-0.54,6.25,5.36,0.36,0.004,0.029,2.2,1710.0
4,right_foot,-0.33,6.06,-0.54,6.39,5.36,0.22,0.007,0.029,1.7,1710.0
4,left_shank,-0.70,1.72,1.72,2.42,0.00,2.42,0.140,0.052,4.6,2052.0
4,right_shank,-0.45,1.72,1.72,2.17,0.00,2.17,0.089,0.051,0.7,2052.0
4,left_thigh,0.74,-1.61,-1.61,2.35,0.00,2.35,0.017,0.052,0.0,2052.0
4,right_thigh,0.63,-1.61,-1.61,2.24,0.00,2.24,0.014,0.051,0.0,2052.0
4,abdomen,-1.66,0.22,0.22,1.95,0.00,1.95,0.047,0.021,0.0,1482.0
4,thorax,-1.55,0.33,0.33,1.88,0.00,1.88,0.044,0.024,0.0,1482.0
6,left_foot,-0.10,8.14,-0.77,8.24,9.39,0.67,0.002,0.044,2.4,1710.0
6,right_foot,-0.24,8.14,-0.77,8.38,9.39,0.53,0.005,0.044,1.8,1710.0
6,left_shank,-0.90,2.42,2.42,3.32,0.00,3.32,0.180,0.053,4.7,2052.0
6,right_shank,-0.64,2.42,2.42,3.06,0.00,3.06,0.128,0.052,0.9,2052.0
6,left_thigh,0.86,-2.26,-2.26,3.13,0.00,3.13,0.019,0.053,0.0,2052.0
6,right_thigh,0.75,-2.26,-2.26,3.01,0.00,3.01,0.017,0.052,0.0,2052.0
6,abdomen,-1.64,0.31,0.31,2.03,0.00,2.03,0.047,0.023,0.0,1482.0
6,thorax,-1.56,0.47,0.47,2.03,0.00,2.03,0.045,0.026,0.0,1482.0
8,left_foot,-0.04,6.59,-0.99,6.64,7.58,0.95,0.001,0.035,2.4,1710.0
8,right_foot,-0.19,6.59,-0.99,6.78,7.58,0.81,0.004,0.036,1.8,1710.0
8,left_shank,-0.96,3.14,3.14,4.10,0.00,4.10,0.192,0.053,4.9,2052.0
8,right_shank,-0.70,3.14,3.14,3.84,0.00,3.84,0.140,0.052,1.0,2052.0
8,left_thigh,0.86,-2.92,-2.92,3.78,0.00,3.78,0.019,0.053,0.0,2052.0
8,right_thigh,0.74,-2.92,-2.92,3.67,0.00,3.67,0.017,0.053,0.0,2052.0
8,abdomen,-1.64,0.41,0.41,2.12,0.00,2.12,0.047,0.024,0.0,1482.0
8,thorax,-1.57,0.61,0.61,2.19,0.00,2.19,0.045,0.027,0.0,1482.0
10,left_foot,-0.08,5.67,-1.23,5.75,5.64,1.15,0.002,0.031,2.4,1710.0
10,right_foot,-0.22,5.67,-1.23,5.89,5.64,1.01,0.005,0.032,1.8,1710.0
10,left_shank,-0.87,3.86,3.86,4.73,0.00,4.73,0.174,0.053,4.6,2052.0
10,right_shank,-0.62,3.86,3.86,4.48,0.00,4.48,0.124,0.053,0.8,2052.0
10,left_thigh,0.75,-3.59,-3.59,4.35,0.00,4.35,0.017,0.055,0.0,2052.0
10,right_thigh,0.65,-3.59,-3.59,4.24,0.00,4.24,0.014,0.054,0.0,2052.0
10,abdomen,-1.65,0.51,0.51,2.22,0.00,2.22,0.047,0.025,0.0,1482.0
10,thorax,-1.57,0.76,0.76,2.33,0.00,2.33,0.045,0.028,0.0,1482.0
12,left_foot,-0.16,5.44,-1.46,5.60,5.64,1.30,0.004,0.032,2.5,1710.0
12,right_foot,-0.29,5.44,-1.46,5.74,5.64,1.17,0.007,0.032,1.9,1710.0
12,left_shank,-0.66,4.58,4.58,5.24,0.00,5.24,0.132,0.053,4.6,2052.0
12,right_shank,-0.42,4.58,4.58,5.01,0.00,5.01,0.085,0.052,0.8,2052.0
12,left_thigh,0.56,-4.26,-4.26,4.83,0.00,4.83,0.013,0.055,0.0,2052.0
12,right_thigh,0.46,-4.26,-4.26,4.72,0.00,4.72,0.010,0.054,0.0,2052.0
12,abdomen,-1.65,0.60,0.60,2.32,0.00,2.32,0.047,0.026,0.0,1482.0
12,thorax,-1.56,0.91,0.91,2.46,0.00,2.46,0.045,0.029,0.0,1482.0
14,left_foot,-0.27,5.20,-1.70,5.48,5.64,1.43,0.006,0.032,2.7,1710.0
14,right_foot,-0.40,5.20,-1.70,5.61,5.64,1.30,0.009,0.032,2.1,1710.0
14,left_shank,-0.36,5.32,5.32,5.68,0.00,5.68,0.072,0.054,4.7,2052.0
14,right_shank,-0.13,5.32,5.32,5.45,0.00,5.45,0.026,0.053,0.8,2052.0
14,left_thigh,0.29,-4.94,-4.94,5.24,0.00,5.24,0.007,0.056,0.0,2052.0
14,right_thigh,0.19,-4.94,-4.94,5.14,0.00,5.14,0.004,0.055,0.0,2052.0
14,abdomen,-1.64,0.70,0.70,2.41,0.00,2.41,0.047,0.027,0.0,1482.0
14,thorax,-1.53,1.06,1.06,2.59,0.00,2.59,0.044,0.030,0.0,1482.0
16,left_foot,-0.43,4.92,-1.94,5.35,6.86,1.51,0.010,0.033,2.7,1710.0
16,right_foot,-0.55,4.92,-1.94,5.48,6.86,1.39,0.012,0.033,2.0,1710.0
16,left_shank,0.00,6.06,6.06,6.03,0.00,6.03,0.000,0.053,4.7,2052.0
16,right_shank,0.25,6.06,6.06,5.81,0.00,5.81,0.002,0.052,0.8,2052.0
16,left_thigh,0.00,-5.63,-5.63,5.59,0.00,5.59,0.000,0.056,0.0,2052.0
16,right_thigh,-0.14,-5.63,-5.63,5.49,0.00,5.49,0.001,0.056,0.0,2052.0
16,abdomen,-1.63,0.81,0.81,2.49,0.00,2.49,0.046,0.027,0.0,1482.0
16,thorax,-1.49,1.21,1.21,2.70,0.00,2.70,0.043,0.030,0.0,1482.0
18,left_foot,-0.60,5.08,-2.18,5.69,7.95,1.58,0.013,0.036,2.7,1710.0
18,right_foot,-0.73,5.08,-2.18,5.81,7.95,1.46,0.016,0.036,2.0,1710.0
18,left_shank,0.49,6.81,6.81,6.32,0.00,6.32,0.003,0.053,4.7,2052.0
18,right_shank,0.71,6.81,6.81,6.10,0.00,6.10,0.005,0.052,0.8,2052.0
18,left_thigh,-0.43,-6.32,-6.32,5.89,0.00,5.89,0.004,0.057,0.0,2052.0
18,right_thigh,-0.52,-6.32,-6.32,5.80,0.00,5.80,0.004,0.056,0.0,2052.0
18,abdomen,-1.59,0.91,0.91,2.56,0.00,2.56,0.046,0.027,0.0,1482.0
18,thorax,-1.43,1.37,1.37,2.80,0.00,2.80,0.041,0.030,0.0,1482.0
20,left_foot,-0.79,3.96,-2.43,4.75,6.39,1.64,0.018,0.030,2.8,1710.0
20,right_foot,-0.91,3.96,-2.43,4.87,6.39,1.52,0.020,0.030,2.1,1710.0
20,left_shank,1.01,7.56,7.56,6.55,0.00,6.55,0.007,0.053,4.8,2052.0
20,right_shank,1.22,7.56,7.56,6.34,0.00,6.34,0.008,0.052,0.9,2052.0
20,left_thigh,-0.87,-7.02,-7.02,6.14,0.00,6.14,0.007,0.057,0.0,2052.0
20,right_thigh,-0.96,-7.02,-7.02,6.05,0.00,6.05,0.008,0.057,0.0,2052.0
20,abdomen,-1.55,1.02,1.02,2.62,0.00,2.62,0.044,0.027,0.0,1482.0
20,thorax,-1.35,1.52,1.52,2.88,0.00,2.88,0.039,0.030,0.0,1482.0
22,left_foot,-1.00,4.10,-2.67,5.11,6.78,1.68,0.022,0.033,2.8,1710.0
22,right_foot,-1.12,4.10,-2.67,5.23,6.78,1.56,0.025,0.033,2.1,1710.0
22,left_shank,1.58,8.32,8.32,6.74,0.00,6.74,0.011,0.052,4.7,2052.0
22,right_shank,1.79,8.32,8.32,6.53,0.00,6.53,0.012,0.051,0.8,2052.0
22,left_thigh,-1.35,-7.72,-7.72,6.36,0.00,6.36,0.011,0.057,0.0,2052.0
22,right_thigh,-1.44,-7.72,-7.72,6.27,0.00,6.27,0.012,0.057,0.0,2052.0
22,abdomen,-1.49,1.12,1.12,2.67,0.00,2.67,0.042,0.027,0.0,1482.0
22,thorax,-1.26,1.68,1.68,2.94,0.00,2.94,0.036,0.030,0.0,1482.0
24,left_foot,-1.22,4.27,-2.92,5.49,7.20,1.71,0.027,0.035,2.9,1710.0
24,right_foot,-1.34,4.27,-2.92,5.61,7.20,1.59,0.030,0.036,2.2,1710.0
24,left_shank,2.19,9.09,9.09,6.90,0.00,6.90,0.015,0.053,4.8,2052.0
24,right_shank,2.40,9.09,9.09,6.69,0.00,6.69,0.017,0.052,0.9,2052.0
24,left_thigh,-1.88,-8.42,-8.42,6.54,0.00,6.54,0.016,0.057,0.0,2052.0
24,right_thigh,-1.97,-8.42,-8.42,6.45,0.00,6.45,0.016,0.057,0.0,2052.0
24,abdomen,-1.41,1.23,1.23,2.69,0.00,2.70,0.040,0.026,0.0,1482.0
24,thorax,-1.15,1.85,1.85,3.00,0.00,3.00,0.033,0.030,0.0,1482.0
26,left_foot,-1.44,4.27,-3.18,5.71,7.58,1.74,0.032,0.037,3.0,1710.0
26,right_foot,-1.56,4.27,-3.18,5.83,7.58,1.62,0.035,0.037,2.2,1710.0
26,left_shank,2.83,9.86,9.86,7.03,0.00,7.03,0.020,0.053,4.8,2052.0
26,right_shank,3.04,9.86,9.86,6.82,0.00,6.82,0.021,0.052,0.9,2052.0
26,left_thigh,-2.44,-9.13,-9.13,6.70,0.00,6.70,0.020,0.057,0.0,2052.0
26,right_thigh,-2.53,-9.13,-9.13,6.60,0.00,6.60,0.021,0.057,0.0,2052.0
26,abdomen,-1.31,1.34,1.34,2.71,0.00,2.71,0.038,0.026,0.0,1482.0
26,thorax,-1.03,2.01,2.01,3.04,0.00,3.04,0.029,0.029,0.0,1482.0
28,left_foot,-1.66,3.08,-3.43,4.75,6.51,1.77,0.037,0.031,3.0,1710.0
28,right_foot,-1.78,3.08,-3.43,4.86,6.51,1.66,0.040,0.031,2.2,1710.0
28,left_shank,3.49,10.63,10.63,7.14,0.00,7.14,0.024,0.053,4.7,2052.0
28,right_shank,3.70,10.63,10.63,6.93,0.00,6.93,0.026,0.052,0.9,2052.0
28,left_thigh,-3.02,-9.85,-9.85,6.82,0.00,6.82,0.025,0.057,0.0,2052.0
28,right_thigh,-3.11,-9.85,-9.85,6.73,0.00,6.73,0.026,0.057,0.0,2052.0
28,abdomen,-1.20,1.45,1.45,2.71,0.00,2.71,0.034,0.025,0.0,1482.0
28,thorax,-0.89,2.17,2.17,3.06,0.00,3.06,0.025,0.029,0.0,1482.0
30,left_foot,-1.89,2.67,-3.68,4.57,5.08,1.80,0.042,0.029,3.1,1710.0
30,right_foot,-2.01,2.67,-3.68,4.68,5.08,1.68,0.045,0.029,2.3,1710.0
30,left_shank,4.19,11.41,11.41,7.22,0.00,7.22,0.029,0.053,4.7,2052.0
30,right_shank,4.40,11.41,11.41,7.01,0.00,7.01,0.030,0.052,0.8,2052.0
30,left_thigh,-3.64,-10.56,-10.56,6.93,0.00,6.93,0.030,0.057,0.0,2052.0
30,right_thigh,-3.73,-10.56,-10.56,6.83,0.00,6.83,0.031,0.057,0.0,2052.0
30,abdomen,-1.08,1.56,1.56,2.69,0.00,2.70,0.031,0.024,0.0,1482.0
30,thorax,-0.74,2.33,2.33,3.07,0.00,3.07,0.021,0.028,0.0,1482.0
32,left_foot,-2.13,2.36,-3.94,4.49,5.02,1.81,0.047,0.029,3.1,1710.0
32,right_foot,-2.25,2.36,-3.94,4.61,5.02,1.70,0.050,0.029,2.4,1710.0
32,left_shank,4.91,12.19,12.19,7.29,0.00,7.29,0.034,0.053,4.7,2052.0
32,right_shank,5.12,12.19,12.19,7.08,0.00,7.08,0.035,0.052,0.8,2052.0
32,left_thigh,-4.27,-11.28,-11.28,7.01,0.00,7.01,0.036,0.057,0.0,2052.0
32,right_thigh,-4.37,-11.28,-11.28,6.92,0.00,6.92,0.036,0.057,0.0,2052.0
32,abdomen,-0.94,1.67,1.67,2.66,0.00,2.66,0.027,0.023,0.0,1482.0
32,thorax,-0.57,2.50,2.50,3.07,0.00,3.07,0.016,0.028,0.0,1482.0
34,left_foot,-2.37,2.10,-4.19,4.48,5.02,1.83,0.053,0.028,3.1,1710.0
34,right_foot,-2.49,2.10,-4.19,4.59,5.02,1.71,0.055,0.029,2.4,1710.0
34,left_shank,5.64,12.98,12.98,7.34,0.00,7.34,0.039,0.053,4.8,2052.0
34,right_shank,5.86,12.98,12.98,7.12,0.00,7.12,0.040,0.052,0.8,2052.0
34,left_thigh,-4.93,-12.01,-12.01,7.08,0.00,7.08,0.041,0.057,0.0,2052.0
34,right_thigh,-5.03,-12.01,-12.01,6.98,0.00,6.98,0.042,0.057,0.0,2052.0
34,abdomen,-0.78,1.78,1.78,2.62,0.00,2.62,0.022,0.022,0.0,1482.0
34,thorax,-0.39,2.66,2.66,3.06,0.00,3.06,0.011,0.027,0.0,1482.0
36,left_foot,-2.62,1.85,-4.45,4.47,5.02,1.84,0.058,0.028,3.2,1710.0
36,right_foot,-2.73,1.85,-4.45,4.58,5.02,1.72,0.061,0.029,2.4,1710.0
36,left_shank,6.40,13.77,13.77,7.37,0.00,7.37,0.044,0.053,4.8,2052.0
36,right_shank,6.62,13.77,13.77,7.15,0.00,7.15,0.046,0.052,0.8,2052.0
36,left_thigh,-5.61,-12.74,-12.74,7.13,0.00,7.13,0.047,0.057,0.0,2052.0
36,right_thigh,-5.71,-12.74,-12.74,7.02,0.00,7.02,0.048,0.056,0.0,2052.0
36,abdomen,-0.61,1.89,1.89,2.56,0.00,2.56,0.017,0.021,0.0,1482.0
36,thorax,-0.21,2.83,2.83,3.03,0.00,3.03,0.006,0.026,0.0,1482.0
38,left_foot,-2.86,1.59,-4.71,4.46,5.02,1.85,0.064,0.028,3.2,1710.0
38,right_foot,-2.98,1.59,-4.71,4.57,5.02,1.73,0.066,0.029,2.4,1710.0
38,left_shank,7.17,14.56,14.56,7.39,0.00,7.39,0.049,0.052,4.8,2052.0
38,right_shank,7.40,14.56,14.56,7.16,0.00,7.16,0.051,0.051,0.8,2052.0
38,left_thigh,-6.30,-13.47,-13.47,7.17,0.00,7.17,0.053,0.057,0.0,2052.0
38,right_thigh,-6.41,-13.47,-13.47,7.06,0.00,7.06,0.053,0.056,0.0,2052.0
38,abdomen,-0.43,1.99,1.99,2.49,0.00,2.50,0.012,0.020,0.0,1482.0
38,thorax,0.00,2.99,2.99,3.00,0.00,3.00,0.000,0.025,0.0,1482.0
40,left_foot,-3.11,1.33,-4.96,4.45,5.02,1.86,0.069,0.028,3.2,1710.0
40,right_foot,-3.23,1.33,-4.96,4.57,5.02,1.74,0.072,0.029,2.4,1710.0
40,left_shank,7.96,15.36,15.36,7.40,0.00,7.40,0.055,0.052,4.7,2052.0
40,right_shank,8.19,15.36,15.36,7.16,0.00,7.16,0.056,0.051,0.8,2052.0
40,left_thigh,-7.01,-14.21,-14.21,7.19,0.00,7.19,0.058,0.056,0.0,2052.0
40,right_thigh,-7.13,-14.21,-14.21,7.08,0.00,7.08,0.059,0.056,0.0,2052.0
40,abdomen,-0.24,2.10,2.10,2.42,0.00,2.42,0.007,0.018,0.0,1482.0
40,thorax,0.20,3.16,3.16,2.96,0.00,2.96,0.004,0.025,0.0,1482.0
42,left_foot,-3.36,1.08,-5.22,4.44,5.02,1.86,0.075,0.028,3.1,1710.0
42,right_foot,-3.48,1.08,-5.22,4.56,5.02,1.74,0.077,0.029,2.4,1710.0
42,left_shank,8.76,16.15,16.15,7.39,0.00,7.39,0.060,0.052,4.7,2052.0
42,right_shank,9.00,16.15,16.15,7.15,0.00,7.15,0.062,0.051,0.8,2052.0
42,left_thigh,-7.73,-14.94,-14.94,7.21,0.00,7.21,0.064,0.056,0.0,2052.0
42,right_thigh,-7.85,-14.94,-14.94,7.09,0.00,7.09,0.065,0.055,0.0,2052.0
42,abdomen,-0.04,2.21,2.21,2.33,0.00,2.33,0.001,0.017,0.0,1482.0
42,thorax,0.41,3.32,3.32,2.91,0.00,2.91,0.008,0.024,0.0,1482.0
44,left_foot,-3.62,0.82,-5.48,4.44,5.02,1.87,0.080,0.028,3.1,1710.0
44,right_foot,-3.74,0.82,-5.48,4.56,5.02,1.74,0.083,0.029,2.3,1710.0
44,left_shank,9.57,16.95,16.95,7.38,0.00,7.38,0.066,0.051,4.7,2052.0
44,right_shank,9.82,16.95,16.95,7.13,0.00,7.13,0.068,0.050,0.8,2052.0
44,left_thigh,-8.47,-15.68,-15.68,7.22,0.00,7.22,0.071,0.056,0.0,2052.0
44,right_thigh,-8.59,-15.68,-15.68,7.09,0.00,7.09,0.072,0.055,0.0,2052.0
44,abdomen,0.16,2.32,2.32,2.24,0.00,2.24,0.004,0.016,0.0,1482.0
44,thorax,0.63,3.48,3.48,2.85,0.00,2.85,0.013,0.023,0.0,1482.0
46,left_foot,-3.87,0.44,-5.73,4.32,4.90,1.86,0.086,0.028,3.1,1710.0
46,right_foot,-4.00,0.44,-5.73,4.44,4.90,1.74,0.089,0.028,2.3,1710.0
46,left_shank,10.39,17.75,17.75,7.36,0.00,7.36,0.072,0.051,4.7,2052.0
46,right_shank,10.65,17.75,17.75,7.10,0.00,7.10,0.073,0.050,0.8,2052.0
46,left_thigh,-9.21,-16.42,-16.42,7.22,0.00,7.22,0.077,0.056,0.0,2052.0
46,right_thigh,-9.34,-16.42,-16.42,7.08,0.00,7.08,0.078,0.055,0.0,2052.0
46,abdomen,0.37,2.43,2.43,2.14,0.00,2.14,0.008,0.015,0.0,1482.0
46,thorax,0.85,3.64,3.64,2.79,0.00,2.79,0.017,0.022,0.0,1482.0
48,left_foot,-4.13,0.19,-5.99,4.32,4.90,1.86,0.092,0.028,3.1,1710.0
48,right_foot,-4.26,0.19,-5.99,4.45,4.90,1.73,0.095,0.028,2.3,1710.0
48,left_shank,11.22,18.55,18.55,7.33,0.00,7.33,0.077,0.051,4.6,2052.0
48,right_shank,11.49,18.55,18.55,7.06,0.00,7.06,0.079,0.049,0.8,2052.0
48,left_thigh,-9.96,-17.17,-17.17,7.21,0.00,7.21,0.083,0.055,0.0,2052.0
48,right_thigh,-10.09,-17.17,-17.17,7.07,0.00,7.07,0.084,0.055,0.0,2052.0
48,abdomen,0.59,2.53,2.53,2.03,0.00,2.03,0.013,0.013,0.0,1482.0
48,thorax,1.08,3.80,3.80,2.72,0.00,2.72,0.022,0.021,0.0,1482.0
50,left_foot,-4.39,-0.07,-6.24,4.33,4.90,1.85,0.098,0.028,3.0,1710.0
50,right_foot,-4.52,-0.07,-6.24,4.46,4.90,1.72,0.101,0.029,2.3,1710.0
50,left_shank,12.06,19.35,19.35,7.29,0.00,7.29,0.083,0.050,4.6,2052.0
50,right_shank,12.34,19.35,19.35,7.01,0.00,7.01,0.085,0.049,0.7,2052.0
50,left_thigh,-10.71,-17.91,-17.91,7.20,0.00,7.20,0.089,0.055,0.0,2052.0
50,right_thigh,-10.86,-17.91,-17.91,7.05,0.00,7.05,0.090,0.054,0.0,2052.0
50,abdomen,0.81,2.64,2.64,1.92,0.00,1.92,0.018,0.012,0.0,1482.0
50,thorax,1.31,3.95,3.95,2.64,0.00,2.64,0.026,0.020,0.0,1482.0
52,left_foot,-4.66,-0.32,-6.49,4.34,4.90,1.84,0.103,0.028,3.0,1710.0
52,right_foot,-4.79,-0.32,-6.49,4.47,4.90,1.71,0.106,0.029,2.2,1710.0
52,left_shank,12.91,20.15,20.15,7.24,0.00,7.24,0.089,0.050,4.6,2052.0
52,right_shank,13.19,20.15,20.15,6.95,0.00,6.95,0.091,0.048,0.7,2052.0
52,left_thigh,-11.48,-18.66,-18.66,7.18,0.00,7.18,0.096,0.055,0.0,2052.0
52,right_thigh,-11.63,-18.66,-18.66,7.03,0.00,7.03,0.097,0.054,0.0,2052.0
52,abdomen,1.03,2.74,2.74,1.80,0.00,1.81,0.023,0.011,0.0,1482.0
52,thorax,1.54,4.11,4.11,2.57,0.00,2.57,0.031,0.019,0.0,1482.0
54,left_foot,-4.92,-0.57,-6.74,4.35,4.90,1.83,0.109,0.028,2.9,1710.0
54,right_foot,-5.06,-0.57,-6.74,4.49,4.90,1.69,0.112,0.029,2.2,1710.0
54,left_shank,13.76,20.95,20.95,7.18,0.00,7.18,0.095,0.049,4.5,2052.0
54,right_shank,14.06,20.95,20.95,6.89,0.00,6.89,0.097,0.047,0.7,2052.0
54,left_thigh,-12.25,-19.41,-19.41,7.16,0.00,7.16,0.102,0.054,0.0,2052.0
54,right_thigh,-12.41,-19.41,-19.41,7.00,0.00,7.00,0.103,0.053,0.0,2052.0
54,abdomen,1.25,2.84,2.84,1.69,0.00,1.69,0.028,0.010,0.0,1482.0
54,thorax,1.78,4.26,4.26,2.48,0.00,2.48,0.036,0.018,0.0,1482.0
56,left_foot,-5.19,-0.83,-6.99,4.37,4.90,1.81,0.115,0.028,2.9,1710.0
56,right_foot,-5.33,-0.83,-6.99,4.51,4.90,1.67,0.118,0.029,2.1,1710.0
56,left_shank,14.62,21.74,21.74,7.12,0.00,7.12,0.101,0.048,4.5,2052.0
56,right_shank,14.93,21.74,21.74,6.81,0.00,6.81,0.103,0.047,0.7,2052.0
56,left_thigh,-13.02,-20.16,-20.16,7.13,0.00,7.13,0.109,0.054,0.0,2052.0
56,right_thigh,-13.19,-20.16,-20.16,6.96,0.00,6.96,0.110,0.053,0.0,2052.0
56,abdomen,1.48,2.94,2.94,1.57,0.00,1.58,0.033,0.008,0.0,1482.0
56,thorax,2.01,4.41,4.41,2.40,0.00,2.40,0.040,0.017,0.0,1482.0
58,left_foot,-5.46,-1.07,-7.24,4.39,4.90,1.79,0.121,0.029,2.8,1710.0
58,right_foot,-5.60,-1.07,-7.24,4.53,4.90,1.65,0.124,0.029,2.1,1710.0
58,left_shank,15.49,22.54,22.54,7.05,0.00,7.05,0.107,0.048,4.5,2052.0
58,right_shank,15.80,22.54,22.54,6.74,0.00,6.74,0.109,0.046,0.6,2052.0
58,left_thigh,-13.80,-20.91,-20.91,7.10,0.00,7.10,0.115,0.054,0.0,2052.0
58,right_thigh,-13.98,-20.91,-20.91,6.93,0.00,6.93,0.116,0.053,0.0,2052.0
58,abdomen,1.71,3.04,3.04,1.45,0.00,1.46,0.038,0.007,0.0,1482.0
58,thorax,2.25,4.55,4.55,2.30,0.00,2.31,0.045,0.016,0.0,1482.0
60,left_foot,-5.73,-1.32,-7.49,4.41,4.90,1.76,0.127,0.029,2.8,1710.0
60,right_foot,-5.87,-1.32,-7.49,4.56,4.90,1.62,0.130,0.030,2.0,1710.0
60,left_shank,16.36,23.34,23.34,6.98,0.00,6.98,0.113,0.047,4.4,2052.0
60,right_shank,16.69,23.34,23.34,6.65,0.00,6.65,0.115,0.045,0.6,2052.0
60,left_thigh,-14.59,-21.66,-21.66,7.07,0.00,7.07,0.122,0.053,0.0,2052.0
60,right_thigh,-14.77,-21.66,-21.66,6.89,0.00,6.89,0.123,0.052,0.0,2052.0
60,abdomen,1.94,3.13,3.13,1.32,0.00,1.34,0.043,0.006,0.0,1482.0
60,thorax,2.49,4.70,4.70,2.21,0.00,2.21,0.050,0.015,0.0,1482.0
62,left_foot,-6.00,-1.56,-7.73,4.44,4.90,1.74,0.133,0.029,2.7,1710.0
62,right_foot,-6.15,-1.56,-7.73,4.59,4.90,1.59,0.137,0.030,1.9,1710.0
62,left_shank,17.23,24.13,24.13,6.90,0.00,6.90,0.119,0.047,4.4,2052.0
62,right_shank,17.57,24.13,24.13,6.56,0.00,6.56,0.121,0.045,0.6,2052.0
62,left_thigh,-15.38,-22.41,-22.41,7.03,0.00,7.03,0.128,0.053,0.0,2052.0
62,right_thigh,-15.57,-22.41,-22.41,6.84,0.00,6.84,0.130,0.052,0.0,2052.0
62,abdomen,2.17,3.22,3.22,1.20,0.00,1.22,0.048,0.005,0.0,1482.0
62,thorax,2.72,4.84,4.84,2.11,0.00,2.12,0.054,0.014,0.0,1482.0
64,left_foot,-6.27,-1.80,-7.97,4.47,4.90,1.70,0.139,0.029,2.6,1710.0
64,right_foot,-6.42,-1.80,-7.97,4.62,4.90,1.55,0.143,0.030,1.9,1710.0
64,left_shank,18.11,24.92,24.92,6.82,0.00,6.82,0.125,0.046,4.3,2052.0
64,right_shank,18.46,24.92,24.92,6.46,0.00,6.46,0.127,0.044,0.5,2052.0
64,left_thigh,-16.17,-23.16,-23.16,6.99,0.00,6.99,0.135,0.052,0.0,2052.0
64,right_thigh,-16.37,-23.16,-23.16,6.79,0.00,6.79,0.136,0.051,0.0,2052.0
64,abdomen,2.40,3.31,3.31,1.08,0.00,1.10,0.053,0.004,0.0,1482.0
64,thorax,2.96,4.97,4.97,2.01,0.00,2.02,0.059,0.013,0.0,1482.0
66,left_foot,-6.54,-2.04,-8.21,4.50,4.90,1.67,0.145,0.030,2.6,1710.0
66,right_foot,-6.70,-2.04,-8.21,4.66,4.90,1.51,0.149,0.031,1.8,1710.0
66,left_shank,18.98,25.71,25.71,6.73,0.00,6.73,0.131,0.045,4.3,2052.0
66,right_shank,19.35,25.71,25.71,6.36,0.00,6.36,0.133,0.043,0.5,2052.0
66,left_thigh,-16.96,-23.91,-23.91,6.94,0.00,6.94,0.141,0.052,0.0,2052.0
66,right_thigh,-17.17,-23.91,-23.91,6.74,0.00,6.74,0.143,0.051,0.0,2052.0
66,abdomen,2.63,3.40,3.40,0.96,0.00,0.98,0.058,0.004,0.0,1482.0
66,thorax,3.19,5.10,5.10,1.91,0.00,1.91,0.064,0.012,0.0,1482.0
68,left_foot,-6.81,-2.28,-8.44,4.54,4.90,1.63,0.151,0.030,2.5,1710.0
68,right_foot,-6.97,-2.28,-8.44,4.70,4.90,1.47,0.155,0.031,1.7,1710.0
68,left_shank,19.86,26.50,26.50,6.63,0.00,6.63,0.137,0.044,4.2,2052.0
68,right_shank,20.24,26.50,26.50,6.26,0.00,6.26,0.140,0.042,0.5,2052.0
68,left_thigh,-17.76,-24.66,-24.66,6.90,0.00,6.90,0.148,0.051,0.0,2052.0
68,right_thigh,-17.97,-24.66,-24.66,6.68,0.00,6.69,0.150,0.050,0.0,2052.0
68,abdomen,2.86,3.49,3.49,0.85,0.00,0.87,0.064,0.004,0.0,1482.0
68,thorax,3.43,5.23,5.23,1.80,0.00,1.81,0.069,0.011,0.0,1482.0
70,left_foot,-7.08,-2.51,-8.67,4.58,4.90,1.59,0.157,0.030,2.4,1710.0
70,right_foot,-7.25,-2.51,-8.67,4.75,4.90,1.42,0.161,0.031,1.6,1710.0
70,left_shank,20.75,27.28,27.28,6.53,0.00,6.53,0.143,0.043,4.1,2052.0
70,right_shank,21.13,27.28,27.28,6.15,0.00,6.15,0.146,0.041,0.4,2052.0
70,left_thigh,-18.56,-25.41,-25.41,6.85,0.00,6.85,0.155,0.051,0.0,2052.0
70,right_thigh,-18.78,-25.41,-25.41,6.63,0.00,6.63,0.156,0.050,0.0,2052.0
70,abdomen,3.09,3.57,3.57,0.74,0.00,0.77,0.069,0.005,0.0,1482.0
70,thorax,3.66,5.35,5.35,1.69,0.00,1.70,0.073,0.009,0.0,1482.0
72,left_foot,-7.36,-2.74,-8.90,4.63,4.90,1.54,0.163,0.031,2.3,1710.0
72,right_foot,-7.53,-2.74,-8.90,4.80,4.90,1.37,0.167,0.032,1.5,1710.0
72,left_shank,21.63,28.06,28.06,6.43,0.00,6.43,0.149,0.043,4.1,2052.0
72,right_shank,22.03,28.06,28.06,6.03,0.00,6.03,0.152,0.041,0.4,2052.0
72,left_thigh,-19.36,-26.16,-26.16,6.79,0.00,6.79,0.161,0.050,0.0,2052.0
72,right_thigh,-19.59,-26.16,-26.16,6.57,0.00,6.57,0.163,0.049,0.0,2052.0
72,abdomen,3.31,3.65,3.65,0.65,0.00,0.69,0.074,0.006,0.0,1482.0
72,thorax,3.89,5.47,5.47,1.58,0.00,1.59,0.078,0.009,0.0,1482.0
74,left_foot,-7.63,-2.96,-9.12,4.67,4.90,1.49,0.170,0.031,2.2,1710.0
74,right_foot,-7.81,-2.96,-9.12,4.85,4.90,1.31,0.173,0.032,1.4,1710.0
74,left_shank,22.51,28.83,28.83,6.32,0.00,6.32,0.155,0.042,4.0,2052.0
74,right_shank,22.92,28.83,28.83,5.91,0.00,5.91,0.158,0.039,0.4,2052.0
74,left_thigh,-20.17,-26.90,-26.90,6.74,0.00,6.74,0.168,0.050,0.0,2052.0
74,right_thigh,-20.40,-26.90,-26.90,6.50,0.00,6.50,0.170,0.049,0.0,2052.0
74,abdomen,3.54,3.72,3.72,0.59,0.00,0.63,0.079,0.007,0.0,1482.0
74,thorax,4.12,5.58,5.58,1.47,0.00,1.47,0.082,0.007,0.0,1482.0
76,left_foot,-7.90,-3.18,-9.34,4.72,4.90,1.44,0.176,0.032,2.1,1710.0
76,right_foot,-8.08,-3.18,-9.34,4.91,4.90,1.26,0.180,0.033,1.3,1710.0
76,left_shank,23.39,29.60,29.60,6.21,0.00,6.21,0.161,0.041,3.9,2052.0
76,right_shank,23.81,29.60,29.60,5.79,0.00,5.79,0.164,0.039,0.4,2052.0
76,left_thigh,-20.97,-27.65,-27.65,6.68,0.00,6.68,0.175,0.049,0.0,2052.0
76,right_thigh,-21.21,-27.65,-27.65,6.44,0.00,6.44,0.177,0.048,0.0,2052.0
76,abdomen,3.76,3.80,3.80,0.55,0.00,0.60,0.084,0.008,0.0,1482.0
76,thorax,4.34,5.69,5.69,1.35,0.00,1.35,0.087,0.006,0.0,1482.0
78,left_foot,-8.17,-3.40,-9.55,4.78,4.90,1.38,0.182,0.032,2.0,1710.0
78,right_foot,-8.36,-3.40,-9.55,4.97,4.90,1.19,0.186,0.033,1.2,1710.0
78,left_shank,24.27,30.36,30.36,6.09,0.00,6.09,0.167,0.040,3.8,2052.0
78,right_shank,24.71,30.36,30.36,5.65,0.00,5.65,0.170,0.038,0.3,2052.0
78,left_thigh,-21.78,-28.39,-28.39,6.62,0.00,6.62,0.181,0.049,0.0,2052.0
78,right_thigh,-22.02,-28.39,-28.39,6.37,0.00,6.37,0.184,0.047,0.0,2052.0
78,abdomen,3.99,3.86,3.86,0.56,0.00,0.61,0.089,0.010,0.0,1482.0
78,thorax,4.57,5.79,5.79,1.23,0.00,1.23,0.091,0.005,0.0,1482.0
80,left_foot,-8.44,-3.61,-9.76,4.84,4.90,1.32,0.188,0.033,1.9,1710.0
80,right_foot,-8.64,-3.61,-9.76,5.03,4.90,1.13,0.192,0.034,1.1,1710.0
80,left_shank,25.15,31.12,31.12,5.97,0.00,5.97,0.173,0.039,3.8,2052.0
80,right_shank,25.60,31.12,31.12,5.52,0.00,5.52,0.177,0.036,0.3,2052.0
80,left_thigh,-22.58,-29.14,-29.14,6.55,0.00,6.55,0.188,0.048,0.0,2052.0
80,right_thigh,-22.84,-29.14,-29.14,6.30,0.00,6.30,0.190,0.047,0.0,2052.0
80,abdomen,4.21,3.93,3.93,0.61,0.00,0.66,0.093,0.011,0.0,1482.0
80,thorax,4.79,5.89,5.89,1.10,0.00,1.11,0.096,0.003,0.0,1482.0
82,left_foot,-8.71,-3.82,-9.97,4.90,4.91,1.25,0.194,0.033,1.8,1710.0
82,right_foot,-8.91,-3.82,-9.97,5.10,4.91,1.06,0.198,0.034,1.0,1710.0
82,left_shank,26.03,31.87,31.87,5.84,0.00,5.84,0.180,0.038,3.7,2052.0
82,right_shank,26.49,31.87,31.87,5.38,0.00,5.38,0.183,0.036,0.3,2052.0
82,left_thigh,-23.39,-29.88,-29.88,6.49,0.00,6.49,0.195,0.048,0.0,2052.0
82,right_thigh,-23.65,-29.88,-29.88,6.22,0.00,6.23,0.197,0.046,0.0,2052.0
82,abdomen,4.42,3.99,3.99,0.69,0.00,0.74,0.098,0.012,0.0,1482.0
82,thorax,5.00,5.98,5.98,0.98,0.00,0.98,0.100,0.002,0.0,1482.0
84,left_foot,-8.98,-4.19,-10.17,4.80,4.74,1.19,0.200,0.032,1.7,1710.0
84,right_foot,-9.18,-4.19,-10.17,5.00,4.74,0.99,0.204,0.033,0.9,1710.0
84,left_shank,26.90,32.64,32.64,5.74,0.00,5.74,0.185,0.039,3.6,2052.0
84,right_shank,27.37,32.64,32.64,5.27,0.00,5.27,0.189,0.036,0.4,2052.0
84,left_thigh,-24.19,-30.63,-30.63,6.45,0.00,6.45,0.202,0.049,0.0,2052.0
84,right_thigh,-24.46,-30.63,-30.63,6.18,0.00,6.18,0.204,0.047,0.0,2052.0
84,abdomen,4.64,4.05,4.05,0.80,0.00,0.84,0.103,0.014,0.0,1482.0
84,thorax,5.22,6.07,6.07,0.85,0.00,0.86,0.104,0.001,0.0,1482.0
86,left_foot,-9.25,-4.39,-10.38,4.86,4.74,1.13,0.205,0.032,1.6,1710.0
86,right_foot,-9.45,-4.39,-10.38,5.07,4.74,0.92,0.210,0.034,0.8,1710.0
86,left_shank,27.76,33.41,33.41,5.66,0.00,5.66,0.191,0.039,3.5,2052.0
86,right_shank,28.24,33.41,33.41,5.17,0.00,5.17,0.195,0.037,0.4,2052.0
86,left_thigh,-24.98,-31.40,-31.40,6.42,0.00,6.42,0.208,0.050,0.0,2052.0
86,right_thigh,-25.26,-31.40,-31.40,6.14,0.00,6.14,0.210,0.048,0.0,2052.0
86,abdomen,4.85,4.10,4.10,0.92,0.00,0.96,0.108,0.015,0.0,1482.0
86,thorax,5.42,6.15,6.15,0.73,0.00,0.74,0.108,0.000,0.0,1482.0
88,left_foot,-9.50,-4.60,-10.59,4.91,4.74,1.09,0.211,0.032,1.6,1710.0
88,right_foot,-9.71,-4.60,-10.59,5.12,4.74,0.87,0.216,0.034,0.7,1710.0
88,left_shank,28.59,34.22,34.22,5.63,0.00,5.63,0.197,0.040,3.5,2052.0
88,right_shank,29.09,34.22,34.22,5.13,0.00,5.13,0.201,0.037,0.4,2052.0
88,left_thigh,-25.75,-32.20,-32.20,6.45,0.00,6.45,0.215,0.051,0.0,2052.0
88,right_thigh,-26.04,-32.20,-32.20,6.16,0.00,6.17,0.217,0.049,0.0,2052.0
88,abdomen,5.07,4.16,4.16,1.05,0.00,1.09,0.113,0.017,0.0,1482.0
88,thorax,5.63,6.24,6.24,0.61,0.00,0.62,0.113,0.001,0.0,1482.0
90,left_foot,-9.75,-4.81,-10.80,4.95,4.74,1.05,0.217,0.032,1.4,1710.0
90,right_foot,-9.97,-4.81,-10.80,5.17,4.74,0.83,0.222,0.033,0.6,1710.0
90,left_shank,29.42,35.04,35.04,5.62,0.00,5.62,0.203,0.042,3.4,2052.0
90,right_shank,29.93,35.04,35.04,5.11,0.00,5.11,0.206,0.039,0.5,2052.0
90,left_thigh,-26.52,-33.02,-33.02,6.50,0.00,6.51,0.221,0.054,0.0,2052.0
90,right_thigh,-26.81,-33.02,-33.02,6.21,0.00,6.21,0.223,0.052,0.0,2052.0
90,abdomen,5.28,4.21,4.21,1.18,0.00,1.22,0.117,0.018,0.0,1482.0
90,thorax,5.82,6.32,6.32,0.50,0.00,0.51,0.116,0.002,0.0,1482.0
92,left_foot,-10.00,-5.16,-11.02,4.86,4.61,1.01,0.222,0.032,1.3,1710.0
92,right_foot,-10.23,-5.16,-11.02,5.08,4.61,0.79,0.227,0.033,0.4,1710.0
92,left_shank,30.24,35.88,35.88,5.64,0.00,5.64,0.209,0.042,3.3,2052.0
92,right_shank,30.76,35.88,35.88,5.11,0.00,5.11,0.212,0.039,0.6,2052.0
92,left_thigh,-27.29,-33.86,-33.86,6.57,0.00,6.58,0.227,0.053,0.0,2052.0
92,right_thigh,-27.59,-33.86,-33.86,6.27,0.00,6.27,0.230,0.052,0.0,2052.0
92,abdomen,5.47,4.27,4.27,1.31,0.00,1.34,0.122,0.019,0.0,1482.0
92,thorax,6.01,6.40,6.40,0.39,0.00,0.40,0.120,0.002,0.0,1482.0
94,left_foot,-10.26,-5.37,-11.24,4.89,4.62,0.98,0.228,0.031,1.2,1710.0
94,right_foot,-10.48,-5.37,-11.24,5.11,4.62,0.75,0.233,0.033,0.3,1710.0
94,left_shank,31.06,36.74,36.74,5.68,0.00,5.68,0.214,0.043,3.2,2052.0
94,right_shank,31.59,36.74,36.74,5.14,0.00,5.14,0.218,0.040,0.6,2052.0
94,left_thigh,-28.06,-34.73,-34.73,6.67,0.00,6.67,0.234,0.056,0.0,2052.0
94,right_thigh,-28.37,-34.73,-34.73,6.36,0.00,6.36,0.236,0.054,0.0,2052.0
94,abdomen,5.66,4.32,4.32,1.44,0.00,1.46,0.126,0.020,0.0,1482.0
94,thorax,6.19,6.48,6.48,0.29,0.00,0.30,0.124,0.003,0.0,1482.0
96,left_foot,-10.51,-6.23,-11.46,4.29,4.84,0.94,0.234,0.028,1.0,1710.0
96,right_foot,-10.75,-6.23,-11.46,4.52,4.84,0.71,0.239,0.029,0.2,1710.0
96,left_shank,31.88,37.61,37.61,5.73,0.00,5.73,0.220,0.044,3.0,2052.0
96,right_shank,32.43,37.61,37.61,5.18,0.00,5.18,0.224,0.041,0.7,2052.0
96,left_thigh,-28.84,-35.60,-35.60,6.77,0.16,6.77,0.240,0.057,0.0,2052.0
96,right_thigh,-29.15,-35.60,-35.60,6.45,0.16,6.45,0.243,0.055,0.0,2052.0
96,abdomen,5.84,4.37,4.37,1.55,0.00,1.58,0.130,0.020,0.0,1482.0
96,thorax,6.36,6.56,6.56,0.19,0.00,0.22,0.127,0.004,0.0,1482.0
98,left_foot,-10.78,-6.23,-11.68,4.56,4.84,0.91,0.240,0.030,1.0,1710.0
98,right_foot,-11.01,-6.23,-11.68,4.79,4.84,0.67,0.245,0.031,0.1,1710.0
98,left_shank,32.72,38.51,38.51,5.79,0.00,5.79,0.226,0.044,2.9,2052.0
98,right_shank,33.28,38.51,38.51,5.23,0.00,5.23,0.229,0.041,0.8,2052.0
98,left_thigh,-29.62,-36.51,-36.51,6.89,0.17,6.90,0.247,0.058,0.0,2052.0
98,right_thigh,-29.94,-36.51,-36.51,6.57,0.17,6.57,0.249,0.056,0.0,2052.0
98,abdomen,6.02,4.42,4.42,1.67,0.00,1.69,0.134,0.021,0.0,1482.0
98,thorax,6.53,6.63,6.63,0.00,0.00,0.00,0.131,0.004,0.0,1482.0
100,left_foot,-11.04,-6.23,-11.91,4.82,4.84,0.87,0.245,0.031,1.0,1710.0
100,right_foot,-11.28,-6.23,-11.91,5.06,4.84,0.63,0.251,0.033,0.2,1710.0
100,left_shank,33.56,39.42,39.42,5.86,0.00,5.86,0.231,0.045,2.9,2052.0
100,right_shank,34.13,39.42,39.42,5.29,0.00,5.29,0.235,0.042,0.8,2052.0
100,left_thigh,-30.41,-37.43,-37.43,7.01,0.17,7.02,0.253,0.060,0.0,2052.0
100,right_thigh,-30.74,-37.43,-37.43,6.68,0.17,6.68,0.256,0.058,0.0,2052.0
100,abdomen,6.19,4.47,4.47,1.78,0.00,1.81,0.138,0.022,0.0,1482.0
100,thorax,6.69,6.71,6.71,0.00,0.00,0.00,0.134,0.005,0.0,1482.0
102,left_foot,-11.31,-6.80,-12.14,4.52,4.24,0.83,0.251,0.030,0.9,1710.0
102,right_foot,-11.55,-6.80,-12.14,4.76,4.24,0.59,0.257,0.031,0.4,1710.0
102,left_shank,34.42,40.34,40.34,5.92,0.00,5.92,0.237,0.045,2.7,2052.0
102,right_shank,35.00,40.34,40.34,5.34,0.00,5.34,0.241,0.042,0.9,2052.0
102,left_thigh,-31.23,-38.36,-38.36,7.13,0.18,7.14,0.260,0.060,0.0,2052.0
102,right_thigh,-31.56,-38.36,-38.36,6.80,0.18,6.80,0.263,0.058,0.0,2052.0
102,abdomen,6.35,4.52,4.52,1.89,0.00,1.92,0.141,0.023,0.0,1482.0
102,thorax,6.84,6.78,6.78,0.00,0.00,0.00,0.137,0.005,0.0,1482.0
104,left_foot,-11.58,-6.88,-12.37,4.72,4.24,0.79,0.257,0.031,0.8,1710.0
104,right_foot,-11.83,-6.88,-12.37,4.96,4.24,0.54,0.263,0.032,0.5,1710.0
104,left_shank,35.29,41.28,41.28,5.99,0.00,5.99,0.243,0.046,2.6,2052.0
104,right_shank,35.87,41.28,41.28,5.40,0.00,5.40,0.247,0.043,1.0,2052.0
104,left_thigh,-32.05,-39.31,-39.31,7.26,0.19,7.26,0.267,0.061,0.0,2052.0
104,right_thigh,-32.39,-39.31,-39.31,6.92,0.19,6.92,0.270,0.059,0.0,2052.0
104,abdomen,6.51,4.57,4.57,1.99,0.00,2.02,0.145,0.024,0.0,1482.0
104,thorax,6.99,6.86,6.86,0.00,0.00,0.16,0.140,0.006,0.0,1482.0
106,left_foot,-11.87,-7.46,-12.60,4.41,4.39,0.74,0.264,0.029,0.8,1710.0
106,right_foot,-12.12,-7.46,-12.60,4.66,4.39,0.49,0.269,0.031,0.6,1710.0
106,left_shank,36.17,42.23,42.23,6.06,0.00,6.06,0.249,0.047,2.5,2052.0
106,right_shank,36.77,42.23,42.23,5.46,0.00,5.46,0.254,0.043,1.1,2052.0
106,left_thigh,-32.90,-40.27,-40.27,7.38,0.18,7.38,0.274,0.062,0.0,2052.0
106,right_thigh,-33.24,-40.27,-40.27,7.03,0.18,7.03,0.277,0.060,0.0,2052.0
106,abdomen,6.66,4.62,4.62,2.09,0.00,2.11,0.148,0.024,0.0,1482.0
106,thorax,7.13,6.93,6.93,0.20,0.00,0.22,0.143,0.006,0.0,1482.0
108,left_foot,-12.15,-7.46,-12.83,4.70,4.39,0.69,0.270,0.031,0.8,1710.0
108,right_foot,-12.41,-7.46,-12.83,4.95,4.39,0.44,0.276,0.033,0.7,1710.0
108,left_shank,37.07,43.19,43.19,6.12,0.00,6.12,0.256,0.047,2.4,2052.0
108,right_shank,37.67,43.19,43.19,5.52,0.00,5.52,0.260,0.043,1.2,2052.0
108,left_thigh,-33.75,-41.25,-41.25,7.50,0.19,7.50,0.281,0.063,0.0,2052.0
108,right_thigh,-34.10,-41.25,-41.25,7.15,0.19,7.15,0.284,0.060,0.0,2052.0
108,abdomen,6.81,4.67,4.67,2.19,0.00,2.21,0.151,0.025,0.0,1482.0
108,thorax,7.28,7.00,7.00,0.27,0.00,0.29,0.146,0.007,0.0,1482.0
110,left_foot,-12.44,-7.46,-13.07,4.99,4.39,0.64,0.276,0.033,0.9,1710.0
110,right_foot,-12.70,-7.46,-13.07,5.24,4.39,0.39,0.282,0.034,0.8,1710.0
110,left_shank,37.98,44.16,44.16,6.18,0.00,6.18,0.262,0.047,2.3,2052.0
110,right_shank,38.59,44.16,44.16,5.57,0.00,5.57,0.266,0.044,1.2,2052.0
110,left_thigh,-34.63,-42.24,-42.24,7.61,0.19,7.62,0.289,0.064,0.0,2052.0
110,right_thigh,-34.99,-42.24,-42.24,7.26,0.19,7.26,0.292,0.061,0.0,2052.0
110,abdomen,6.96,4.72,4.72,2.29,0.00,2.31,0.155,0.027,0.0,1482.0
110,thorax,7.41,7.07,7.07,0.34,0.00,0.36,0.148,0.007,0.0,1482.0
112,left_foot,-12.74,-6.98,-13.31,5.77,6.66,0.58,0.283,0.039,1.0,1710.0
112,right_foot,-13.00,-6.98,-13.31,6.03,6.66,0.33,0.289,0.041,1.1,1710.0
112,left_shank,38.91,45.14,45.14,6.23,0.00,6.23,0.268,0.047,2.1,2052.0
112,right_shank,39.53,45.14,45.14,5.61,0.00,5.61,0.273,0.043,1.4,2052.0
112,left_thigh,-35.52,-43.24,-43.24,7.72,0.19,7.73,0.296,0.064,0.0,2052.0
112,right_thigh,-35.88,-43.24,-43.24,7.37,0.19,7.37,0.299,0.062,0.0,2052.0
112,abdomen,7.10,4.76,4.76,2.38,0.00,2.40,0.158,0.026,0.0,1482.0
112,thorax,7.55,7.14,7.14,0.41,0.00,0.42,0.151,0.008,0.0,1482.0
114,left_foot,-13.04,-6.98,-13.54,6.07,6.65,0.53,0.290,0.041,1.0,1710.0
114,right_foot,-13.30,-6.98,-13.54,6.33,6.65,0.28,0.296,0.042,1.2,1710.0
114,left_shank,39.85,46.14,46.14,6.28,0.00,6.28,0.275,0.047,2.0,2052.0
114,right_shank,40.48,46.14,46.14,5.65,0.00,5.65,0.279,0.044,1.4,2052.0
114,left_thigh,-36.44,-44.26,-44.26,7.82,0.21,7.82,0.304,0.065,0.0,2052.0
114,right_thigh,-36.80,-44.26,-44.26,7.46,0.21,7.46,0.307,0.062,0.0,2052.0
114,abdomen,7.24,4.81,4.81,2.48,0.00,2.49,0.161,0.028,0.0,1482.0
114,thorax,7.68,7.21,7.21,0.47,0.00,0.48,0.154,0.008,0.0,1482.0
116,left_foot,-13.34,-8.64,-13.78,4.70,5.16,0.47,0.296,0.032,1.1,1710.0
116,right_foot,-13.60,-8.64,-13.78,4.97,5.16,0.23,0.302,0.033,1.3,1710.0
116,left_shank,40.82,47.13,47.13,6.32,0.00,6.32,0.281,0.047,1.9,2052.0
116,right_shank,41.45,47.13,47.13,5.68,0.00,5.68,0.286,0.044,1.5,2052.0
116,left_thigh,-37.37,-45.28,-45.28,7.90,0.20,7.91,0.311,0.065,0.0,2052.0
116,right_thigh,-37.74,-45.28,-45.28,7.54,0.20,7.54,0.314,0.063,0.0,2052.0
116,abdomen,7.39,4.85,4.85,2.58,0.00,2.59,0.164,0.029,0.0,1482.0
116,thorax,7.82,7.27,7.27,0.54,0.00,0.55,0.156,0.009,0.0,1482.0
118,left_foot,-13.64,-8.69,-14.02,4.97,4.09,0.41,0.303,0.033,1.1,1710.0
118,right_foot,-13.91,-8.69,-14.02,5.23,4.09,0.18,0.309,0.035,1.3,1710.0
118,left_shank,41.79,48.14,48.14,6.35,0.00,6.35,0.288,0.047,1.9,2052.0
118,right_shank,42.43,48.14,48.14,5.71,0.00,5.71,0.293,0.043,1.6,2052.0
118,left_thigh,-38.32,-46.30,-46.30,7.99,0.21,7.99,0.319,0.065,0.0,2052.0
118,right_thigh,-38.69,-46.30,-46.30,7.62,0.21,7.62,0.322,0.062,0.0,2052.0
118,abdomen,7.53,4.89,4.89,2.67,0.00,2.69,0.167,0.030,0.0,1482.0
118,thorax,7.95,7.34,7.34,0.61,0.00,0.62,0.159,0.010,0.0,1482.0
120,left_foot,-13.96,-8.57,-14.26,5.39,5.71,0.35,0.310,0.037,1.3,1710.0
120,right_foot,-14.23,-8.57,-14.26,5.66,5.71,0.00,0.316,0.038,1.6,1710.0
120,left_shank,42.78,49.15,49.15,6.37,0.00,6.37,0.295,0.047,1.7,2052.0
120,right_shank,43.43,49.15,49.15,5.72,0.00,5.72,0.299,0.043,1.7,2052.0
120,left_thigh,-39.28,-47.34,-47.34,8.06,0.21,8.06,0.327,0.065,0.0,2052.0
120,right_thigh,-39.66,-47.34,-47.34,7.68,0.21,7.69,0.330,0.063,0.0,2052.0
120,abdomen,7.67,4.94,4.94,2.77,0.00,2.78,0.170,0.030,0.0,1482.0
120,thorax,8.08,7.40,7.40,0.68,0.00,0.68,0.162,0.010,0.0,1482.0
122,left_foot,-14.28,-8.64,-14.50,5.65,5.88,0.30,0.317,0.038,1.4,1710.0
122,right_foot,-14.55,-8.64,-14.50,5.91,5.88,0.17,0.323,0.040,1.7,1710.0
122,left_shank,43.79,50.16,50.16,6.37,0.00,6.37,0.302,0.046,1.6,2052.0
122,right_shank,44.44,50.16,50.16,5.73,0.00,5.73,0.306,0.043,1.8,2052.0
122,left_thigh,-40.26,-48.38,-48.38,8.12,0.21,8.12,0.336,0.065,0.0,2052.0
122,right_thigh,-40.64,-48.38,-48.38,7.74,0.21,7.74,0.339,0.063,0.0,2052.0
122,abdomen,7.81,4.98,4.98,2.86,0.00,2.88,0.174,0.031,0.0,1482.0
122,thorax,8.21,7.47,7.47,0.74,0.00,0.75,0.164,0.011,0.0,1482.0
124,left_foot,-14.60,-8.88,-14.74,5.72,5.88,0.25,0.324,0.039,1.5,1710.0
124,right_foot,-14.86,-8.88,-14.74,5.99,5.88,0.22,0.330,0.041,1.8,1710.0
124,left_shank,44.82,51.18,51.18,6.37,0.00,6.37,0.309,0.046,1.5,2052.0
124,right_shank,45.47,51.18,51.18,5.72,0.00,5.72,0.314,0.042,1.8,2052.0
124,left_thigh,-41.26,-49.42,-49.42,8.17,0.21,8.17,0.344,0.065,0.0,2052.0
124,right_thigh,-41.64,-49.42,-49.42,7.79,0.21,7.79,0.347,0.063,0.0,2052.0
124,abdomen,7.96,5.02,5.02,2.97,0.00,2.98,0.177,0.033,0.0,1482.0
124,thorax,8.34,7.53,7.53,0.81,0.00,0.81,0.167,0.012,0.0,1482.0
126,left_foot,-14.91,-9.12,-14.98,5.80,5.88,0.22,0.331,0.039,1.6,1710.0
126,right_foot,-15.18,-9.12,-14.98,6.07,5.88,0.27,0.337,0.041,2.0,1710.0
126,left_shank,45.85,52.21,52.21,6.35,0.00,6.35,0.316,0.046,1.4,2052.0
126,right_shank,46.51,52.21,52.21,5.70,0.00,5.70,0.321,0.042,1.9,2052.0
126,left_thigh,-42.27,-50.47,-50.47,8.20,0.22,8.21,0.352,0.065,0.0,2052.0
126,right_thigh,-42.66,-50.47,-50.47,7.82,0.22,7.82,0.355,0.063,0.0,2052.0
126,abdomen,8.11,5.06,5.06,3.07,0.00,3.09,0.180,0.034,0.0,1482.0
126,thorax,8.47,7.59,7.59,0.88,0.00,0.88,0.169,0.012,0.0,1482.0
128,left_foot,-15.23,-9.36,-15.23,5.88,5.88,0.22,0.339,0.040,1.7,1710.0
128,right_foot,-15.50,-9.36,-15.23,6.15,5.88,0.34,0.344,0.042,2.1,1710.0
128,left_shank,46.90,53.23,53.23,6.33,0.00,6.33,0.323,0.045,1.3,2052.0
128,right_shank,47.56,53.23,53.23,5.67,0.00,5.67,0.328,0.041,2.0,2052.0
128,left_thigh,-43.30,-51.52,-51.52,8.23,0.22,8.23,0.361,0.065,0.0,2052.0
128,right_thigh,-43.68,-51.52,-51.52,7.84,0.22,7.85,0.364,0.063,0.0,2052.0
128,abdomen,8.26,5.10,5.10,3.18,0.00,3.19,0.183,0.035,0.0,1482.0
128,thorax,8.60,7.65,7.65,0.95,0.00,0.95,0.172,0.013,0.0,1482.0
130,left_foot,-15.56,-10.44,-15.47,5.12,5.05,0.24,0.346,0.035,1.8,1710.0
130,right_foot,-15.82,-10.44,-15.47,5.39,5.05,0.41,0.352,0.037,2.2,1710.0
130,left_shank,47.96,54.25,54.25,6.30,0.00,6.30,0.331,0.045,1.2,2052.0
130,right_shank,48.61,54.25,54.25,5.64,0.00,5.64,0.335,0.041,2.1,2052.0
130,left_thigh,-44.33,-52.58,-52.58,8.24,0.22,8.25,0.369,0.065,0.0,2052.0
130,right_thigh,-44.72,-52.58,-52.58,7.86,0.23,7.86,0.373,0.062,0.0,2052.0
130,abdomen,8.40,5.14,5.14,3.28,0.00,3.29,0.187,0.036,0.0,1482.0
130,thorax,8.73,7.71,7.71,1.02,0.00,1.02,0.175,0.014,0.0,1482.0
132,left_foot,-15.89,-10.44,-15.70,5.46,5.89,0.30,0.353,0.038,2.0,1710.0
132,right_foot,-16.16,-10.44,-15.70,5.72,5.89,0.50,0.359,0.039,2.3,1710.0
132,left_shank,49.02,55.28,55.28,6.26,0.00,6.26,0.338,0.044,1.0,2052.0
132,right_shank,49.68,55.28,55.28,5.59,0.00,5.59,0.343,0.040,2.2,2052.0
132,left_thigh,-45.38,-53.63,-53.63,8.25,0.22,8.26,0.378,0.065,0.0,2052.0
132,right_thigh,-45.77,-53.63,-53.63,7.86,0.22,7.87,0.381,0.062,0.0,2052.0
132,abdomen,8.54,5.18,5.18,3.38,0.00,3.39,0.190,0.036,0.0,1482.0
132,thorax,8.86,7.77,7.77,1.08,0.00,1.09,0.177,0.014,0.0,1482.0
134,left_foot,-16.22,-10.44,-15.94,5.79,5.89,0.37,0.360,0.040,2.0,1710.0
134,right_foot,-16.49,-10.44,-15.94,6.05,5.89,0.59,0.366,0.041,2.4,1710.0
134,left_shank,50.11,56.30,56.30,6.19,0.00,6.19,0.346,0.043,1.0,2052.0
134,right_shank,50.77,56.30,56.30,5.53,0.00,5.53,0.350,0.039,2.3,2052.0
134,left_thigh,-46.44,-54.68,-54.68,8.25,0.22,8.25,0.387,0.064,0.0,2052.0
134,right_thigh,-46.83,-54.68,-54.68,7.85,0.22,7.86,0.390,0.061,0.0,2052.0
134,abdomen,8.69,5.22,5.22,3.49,0.00,3.50,0.193,0.038,0.0,1482.0
134,thorax,8.98,7.83,7.83,1.15,0.00,1.16,0.180,0.015,0.0,1482.0
136,left_foot,-16.55,-10.44,-16.18,6.11,5.89,0.44,0.368,0.042,2.1,1710.0
136,right_foot,-16.81,-10.44,-16.18,6.38,5.89,0.67,0.374,0.043,2.5,1710.0
136,left_shank,51.20,57.32,57.32,6.12,0.00,6.12,0.353,0.042,1.0,2052.0
136,right_shank,51.86,57.32,57.32,5.46,0.00,5.46,0.358,0.038,2.3,2052.0
136,left_thigh,-47.51,-55.73,-55.73,8.22,0.22,8.23,0.396,0.063,0.0,2052.0
136,right_thigh,-47.91,-55.73,-55.73,7.83,0.22,7.83,0.399,0.060,0.0,2052.0
136,abdomen,8.84,5.26,5.26,3.60,0.00,3.61,0.197,0.039,0.0,1482.0
136,thorax,9.11,7.89,7.89,1.23,0.00,1.23,0.182,0.016,0.0,1482.0
138,left_foot,-16.87,-12.73,-16.42,4.14,2.85,0.52,0.375,0.029,2.2,1710.0
138,right_foot,-17.13,-12.73,-16.42,4.40,2.85,0.75,0.381,0.030,2.6,1710.0
138,left_shank,52.30,58.34,58.34,6.04,0.00,6.04,0.361,0.041,0.9,2052.0
138,right_shank,52.96,58.34,58.34,5.38,0.00,5.38,0.365,0.037,2.4,2052.0
138,left_thigh,-48.59,-56.78,-56.78,8.19,0.22,8.19,0.405,0.062,0.0,2052.0
138,right_thigh,-48.99,-56.78,-56.78,7.79,0.22,7.79,0.408,0.060,0.0,2052.0
138,abdomen,9.00,5.30,5.30,3.72,0.00,3.73,0.200,0.040,0.0,1482.0
138,thorax,9.24,7.94,7.94,1.30,0.00,1.30,0.185,0.016,0.0,1482.0
140,left_foot,-17.21,-12.73,-16.65,4.48,2.85,0.61,0.382,0.031,2.2,1710.0
140,right_foot,-17.47,-12.73,-16.65,4.74,2.85,0.85,0.388,0.033,2.6,1710.0
140,left_shank,53.40,59.35,59.35,5.95,0.00,5.95,0.368,0.040,0.8,2052.0
140,right_shank,54.06,59.35,59.35,5.29,0.00,5.29,0.373,0.036,2.5,2052.0
140,left_thigh,-49.67,-57.82,-57.82,8.15,0.23,8.16,0.414,0.062,0.0,2052.0
140,right_thigh,-50.07,-57.82,-57.82,7.75,0.23,7.76,0.417,0.059,0.0,2052.0
140,abdomen,9.14,5.33,5.33,3.82,0.00,3.83,0.203,0.041,0.0,1482.0
140,thorax,9.36,8.00,8.00,1.37,0.00,1.37,0.187,0.017,0.0,1482.0
142,left_foot,-17.54,-12.81,-16.89,4.73,2.85,0.70,0.390,0.032,2.3,1710.0
142,right_foot,-17.79,-12.81,-16.89,4.99,2.85,0.94,0.395,0.034,2.7,1710.0
142,left_shank,54.51,60.36,60.36,5.85,0.00,5.85,0.376,0.039,0.7,2052.0
142,right_shank,55.18,60.36,60.36,5.18,0.00,5.18,0.381,0.035,2.5,2052.0
142,left_thigh,-50.76,-58.86,-58.86,8.10,0.22,8.10,0.423,0.061,0.0,2052.0
142,right_thigh,-51.16,-58.86,-58.86,7.70,0.22,7.70,0.426,0.058,0.0,2052.0
142,abdomen,9.29,5.37,5.37,3.93,0.00,3.94,0.206,0.043,0.0,1482.0
142,thorax,9.49,8.05,8.05,1.44,0.00,1.44,0.190,0.018,0.0,1482.0
144,left_foot,-17.86,-13.04,-17.12,4.83,2.85,0.79,0.397,0.033,2.4,1710.0
144,right_foot,-18.12,-13.04,-17.12,5.08,2.85,1.03,0.403,0.035,2.8,1710.0
144,left_shank,55.63,61.36,61.36,5.73,0.00,5.73,0.384,0.038,0.7,2052.0
144,right_shank,56.29,61.36,61.36,5.07,0.00,5.07,0.388,0.034,2.6,2052.0
144,left_thigh,-51.86,-59.89,-59.89,8.03,0.22,8.03,0.432,0.059,0.0,2052.0
144,right_thigh,-52.27,-59.89,-59.89,7.63,0.22,7.63,0.436,0.057,0.0,2052.0
144,abdomen,9.44,5.41,5.41,4.05,0.00,4.06,0.210,0.044,0.0,1482.0
144,thorax,9.62,8.11,8.11,1.51,0.00,1.51,0.192,0.018,0.0,1482.0
146,left_foot,-18.19,-13.39,-17.35,4.80,2.73,0.88,0.404,0.033,2.5,1710.0
146,right_foot,-18.44,-13.39,-17.35,5.05,2.73,1.12,0.410,0.035,2.9,1710.0
146,left_shank,56.75,62.36,62.36,5.61,0.00,5.61,0.391,0.037,0.6,2052.0
146,right_shank,57.41,62.36,62.36,4.95,0.00,4.95,0.396,0.033,2.7,2052.0
146,left_thigh,-52.96,-60.92,-60.92,7.95,0.22,7.96,0.441,0.058,0.0,2052.0
146,right_thigh,-53.37,-60.92,-60.92,7.55,0.22,7.55,0.445,0.056,0.0,2052.0
146,abdomen,9.59,5.44,5.44,4.16,0.00,4.17,0.213,0.045,0.0,1482.0
146,thorax,9.74,8.16,8.16,1.58,0.00,1.58,0.195,0.019,0.0,1482.0
148,left_foot,-18.52,-14.23,-17.58,4.29,2.13,0.99,0.412,0.030,2.6,1710.0
148,right_foot,-18.77,-14.23,-17.58,4.54,2.13,1.22,0.417,0.032,3.0,1710.0
148,left_shank,57.87,63.34,63.34,5.47,0.00,5.47,0.399,0.036,0.5,2052.0
148,right_shank,58.52,63.34,63.34,4.82,0.00,4.82,0.404,0.032,2.8,2052.0
148,left_thigh,-54.07,-61.93,-61.93,7.87,0.22,7.87,0.451,0.058,0.0,2052.0
148,right_thigh,-54.47,-61.93,-61.93,7.46,0.22,7.46,0.454,0.055,0.0,2052.0
148,abdomen,9.73,5.48,5.48,4.27,0.00,4.28,0.216,0.046,0.0,1482.0
148,thorax,9.86,8.21,8.21,1.65,0.00,1.66,0.197,0.020,0.0,1482.0
150,left_foot,-18.85,-14.46,-17.80,4.40,2.75,1.09,0.419,0.031,2.6,1710.0
150,right_foot,-19.10,-14.46,-17.80,4.64,2.75,1.32,0.424,0.032,3.0,1710.0
150,left_shank,58.99,64.32,64.32,5.33,0.00,5.33,0.407,0.034,0.4,2052.0
150,right_shank,59.65,64.32,64.32,4.67,0.00,4.67,0.411,0.030,2.8,2052.0
150,left_thigh,-55.17,-62.94,-62.94,7.77,0.22,7.78,0.460,0.056,0.0,2052.0
150,right_thigh,-55.58,-62.94,-62.94,7.37,0.22,7.37,0.463,0.054,0.0,2052.0
150,abdomen,9.88,5.51,5.51,4.38,0.00,4.39,0.219,0.047,0.0,1482.0
150,thorax,9.98,8.26,8.26,1.72,0.00,1.72,0.200,0.020,0.0,1482.0
152,left_foot,-19.18,-14.46,-18.03,4.72,2.75,1.19,0.426,0.032,2.7,1710.0
152,right_foot,-19.42,-14.46,-18.03,4.96,2.75,1.42,0.431,0.034,3.1,1710.0
152,left_shank,60.12,65.29,65.29,5.17,0.00,5.17,0.415,0.033,0.4,2052.0
152,right_shank,60.77,65.29,65.29,4.51,0.00,4.51,0.419,0.029,2.8,2052.0
152,left_thigh,-56.28,-63.94,-63.94,7.66,0.22,7.67,0.469,0.055,0.0,2052.0
152,right_thigh,-56.69,-63.94,-63.94,7.25,0.23,7.26,0.472,0.052,0.0,2052.0
152,abdomen,10.03,5.54,5.54,4.50,0.00,4.50,0.223,0.048,0.0,1482.0
152,thorax,10.11,8.31,8.31,1.79,0.00,1.79,0.202,0.021,0.0,1482.0
154,left_foot,-19.49,-14.46,-18.25,5.04,2.75,1.28,0.433,0.035,2.8,1710.0
154,right_foot,-19.73,-14.46,-18.25,5.27,2.75,1.51,0.438,0.036,3.2,1710.0
154,left_shank,61.25,66.24,66.24,4.99,0.00,4.99,0.422,0.031,0.4,2052.0
154,right_shank,61.90,66.24,66.24,4.34,0.00,4.34,0.427,0.027,2.9,2052.0
154,left_thigh,-57.39,-64.92,-64.92,7.53,0.22,7.54,0.478,0.053,0.0,2052.0
154,right_thigh,-57.80,-64.92,-64.92,7.12,0.22,7.13,0.482,0.050,0.0,2052.0
154,abdomen,10.18,5.58,5.58,4.61,0.00,4.62,0.226,0.049,0.0,1482.0
154,thorax,10.23,8.36,8.36,1.87,0.00,1.87,0.205,0.022,0.0,1482.0
156,left_foot,-19.81,-14.58,-18.47,5.23,2.67,1.38,0.440,0.036,2.9,1710.0
156,right_foot,-20.04,-14.58,-18.47,5.46,2.67,1.60,0.445,0.037,3.2,1710.0
156,left_shank,62.37,67.18,67.18,4.82,0.00,4.82,0.430,0.029,0.3,2052.0
156,right_shank,63.01,67.18,67.18,4.17,0.00,4.17,0.435,0.025,2.9,2052.0
156,left_thigh,-58.50,-65.89,-65.89,7.40,0.22,7.40,0.487,0.052,0.0,2052.0
156,right_thigh,-58.91,-65.89,-65.89,6.99,0.21,6.99,0.491,0.049,0.0,2052.0
156,abdomen,10.33,5.61,5.61,4.73,0.00,4.74,0.229,0.051,0.0,1482.0
156,thorax,10.35,8.41,8.41,1.94,0.00,1.94,0.207,0.023,0.0,1482.0
158,left_foot,-20.13,-14.58,-18.68,5.55,4.69,1.49,0.447,0.039,3.1,1710.0
158,right_foot,-20.36,-14.58,-18.68,5.78,4.69,1.71,0.452,0.040,3.5,1710.0
158,left_shank,63.48,68.11,68.11,4.63,0.00,4.63,0.438,0.028,0.3,2052.0
158,right_shank,64.12,68.11,68.11,3.99,0.00,3.99,0.442,0.024,3.1,2052.0
158,left_thigh,-59.60,-66.85,-66.85,7.25,0.21,7.26,0.497,0.051,0.0,2052.0
158,right_thigh,-60.00,-66.85,-66.85,6.85,0.21,6.85,0.500,0.049,0.0,2052.0
158,abdomen,10.46,5.64,5.64,4.83,0.00,4.84,0.232,0.050,0.0,1482.0
158,thorax,10.47,8.46,8.46,2.01,0.00,2.01,0.209,0.023,0.0,1482.0
160,left_foot,-20.45,-14.58,-18.89,5.87,4.69,1.59,0.454,0.041,3.0,1710.0
160,right_foot,-20.68,-14.58,-18.89,6.09,4.69,1.81,0.459,0.042,3.4,1710.0
160,left_shank,64.60,69.03,69.03,4.43,0.00,4.43,0.445,0.026,0.3,2052.0
160,right_shank,65.24,69.03,69.03,3.79,0.00,3.79,0.450,0.022,3.1,2052.0
160,left_thigh,-60.69,-67.79,-67.79,7.10,0.22,7.11,0.506,0.049,0.0,2052.0
160,right_thigh,-61.10,-67.79,-67.79,6.69,0.22,6.70,0.509,0.047,0.0,2052.0
160,abdomen,10.61,5.67,5.67,4.94,0.00,4.95,0.236,0.052,0.0,1482.0
160,thorax,10.58,8.51,8.51,2.08,0.00,2.08,0.212,0.024,0.0,1482.0
162,left_foot,-20.76,-14.58,-19.10,6.18,4.69,1.69,0.461,0.042,3.1,1710.0
162,right_foot,-20.98,-14.58,-19.10,6.40,4.69,1.90,0.466,0.044,3.5,1710.0
162,left_shank,65.71,69.93,69.93,4.22,0.00,4.22,0.453,0.025,0.3,2052.0
162,right_shank,66.35,69.93,69.93,3.58,0.00,3.58,0.458,0.021,3.1,2052.0
162,left_thigh,-61.79,-68.72,-68.72,6.93,0.22,6.94,0.515,0.048,0.0,2052.0
162,right_thigh,-62.20,-68.72,-68.72,6.52,0.22,6.53,0.518,0.045,0.0,2052.0
162,abdomen,10.76,5.70,5.70,5.06,0.00,5.07,0.239,0.053,0.0,1482.0
162,thorax,10.70,8.55,8.55,2.15,0.00,2.15,0.214,0.024,0.0,1482.0
164,left_foot,-21.06,-14.64,-19.31,6.42,4.69,1.78,0.468,0.044,3.2,1710.0
164,right_foot,-21.27,-14.64,-19.31,6.63,4.69,1.99,0.473,0.045,3.6,1710.0
164,left_shank,66.82,70.81,70.81,3.99,0.00,3.99,0.461,0.022,0.3,2052.0
164,right_shank,67.45,70.81,70.81,3.36,0.00,3.36,0.465,0.019,3.1,2052.0
164,left_thigh,-62.88,-69.63,-69.63,6.75,0.21,6.75,0.524,0.045,0.0,2052.0
164,right_thigh,-63.30,-69.63,-69.63,6.34,0.21,6.34,0.527,0.043,0.0,2052.0
164,abdomen,10.90,5.73,5.73,5.18,0.00,5.18,0.242,0.054,0.0,1482.0
164,thorax,10.82,8.60,8.60,2.22,0.00,2.22,0.216,0.025,0.0,1482.0
166,left_foot,-21.35,-15.67,-19.51,5.69,3.87,1.87,0.474,0.039,3.2,1710.0
166,right_foot,-21.56,-15.67,-19.51,5.90,3.87,2.07,0.479,0.041,3.6,1710.0
166,left_shank,67.91,71.68,71.68,3.77,0.00,3.77,0.468,0.021,0.3,2052.0
166,right_shank,68.54,71.68,71.68,3.14,0.00,3.14,0.473,0.017,3.2,2052.0
166,left_thigh,-63.97,-70.52,-70.52,6.56,0.22,6.56,0.533,0.043,0.0,2052.0
166,right_thigh,-64.38,-70.52,-70.52,6.15,0.22,6.15,0.537,0.041,0.0,2052.0
166,abdomen,11.05,5.76,5.76,5.30,0.00,5.30,0.246,0.055,0.0,1482.0
166,thorax,10.94,8.64,8.64,2.30,0.00,2.30,0.219,0.026,0.0,1482.0
168,left_foot,-21.72,-15.66,-19.71,6.06,4.39,2.03,0.483,0.046,2.9,1710.0
168,right_foot,-21.91,-15.66,-19.71,6.24,4.39,2.22,0.487,0.046,3.3,1710.0
168,left_shank,69.02,72.53,72.53,3.51,0.00,3.51,0.476,0.018,0.6,2052.0
168,right_shank,69.61,72.53,72.53,2.92,0.00,2.92,0.480,0.016,1.7,2052.0
168,left_thigh,-64.97,-71.39,-71.39,6.42,0.22,6.43,0.541,0.048,0.0,2052.0
168,right_thigh,-65.36,-71.39,-71.39,6.03,0.22,6.04,0.545,0.047,0.0,2052.0
168,abdomen,11.16,5.79,5.79,5.37,0.00,5.38,0.248,0.055,0.0,1482.0
168,thorax,11.12,8.69,8.69,2.43,0.00,2.43,0.222,0.033,0.0,1482.0
170,left_foot,-22.21,-13.37,-19.90,8.84,6.87,2.32,0.494,0.066,2.8,1710.0
170,right_foot,-22.38,-13.37,-19.90,9.01,6.87,2.49,0.497,0.067,2.6,1710.0
170,left_shank,70.18,73.36,73.36,3.18,0.00,3.18,0.484,0.013,3.6,2052.0
170,right_shank,70.69,73.36,73.36,2.67,0.00,2.67,0.487,0.014,2.9,2052.0
170,left_thigh,-65.66,-72.25,-72.25,6.58,0.21,6.59,0.547,0.055,0.0,2052.0
170,right_thigh,-65.99,-72.25,-72.25,6.25,0.21,6.26,0.550,0.057,0.1,2052.0
170,abdomen,11.11,5.82,5.82,5.29,0.00,5.29,0.247,0.039,0.2,1482.0
170,thorax,11.55,8.73,8.73,2.82,0.00,2.82,0.231,0.049,0.0,1482.0
172,left_foot,-22.71,-13.37,-20.09,9.34,6.87,2.63,0.505,0.070,3.8,1710.0
172,right_foot,-22.85,-13.37,-20.09,9.48,6.87,2.78,0.508,0.070,3.0,1710.0
172,left_shank,71.35,74.17,74.17,2.82,0.00,2.82,0.492,0.011,5.2,2052.0
172,right_shank,71.72,74.17,74.17,2.45,0.00,2.45,0.495,0.014,2.4,2052.0
172,left_thigh,-66.18,-73.08,-73.08,6.91,0.23,6.90,0.551,0.061,0.0,2052.0
172,right_thigh,-66.40,-73.08,-73.08,6.69,0.23,6.68,0.553,0.065,0.2,2052.0
172,abdomen,10.90,5.85,5.85,5.06,0.00,5.06,0.242,0.026,0.5,1482.0
172,thorax,12.03,8.78,8.78,3.26,0.00,3.26,0.241,0.053,0.0,1482.0
174,left_foot,-23.23,-14.10,-20.28,9.13,6.20,2.97,0.516,0.069,4.2,1710.0
174,right_foot,-23.32,-14.10,-20.28,9.22,6.20,3.06,0.518,0.069,3.1,1710.0
174,left_shank,72.52,74.96,74.96,2.44,0.00,2.44,0.500,0.008,4.7,2052.0
174,right_shank,72.69,74.96,74.96,2.26,0.00,2.26,0.501,0.013,1.1,2052.0
174,left_thigh,-66.60,-73.88,-73.88,7.30,0.24,7.29,0.555,0.064,0.0,2052.0
174,right_thigh,-66.69,-73.88,-73.88,7.21,0.24,7.20,0.556,0.069,0.2,2052.0
174,abdomen,10.62,5.88,5.88,4.75,0.00,4.75,0.236,0.018,0.8,1482.0
174,thorax,12.40,8.82,8.82,3.58,0.00,3.58,0.248,0.049,0.0,1482.0
176,left_foot,-23.79,-16.39,-20.46,7.40,4.08,3.35,0.529,0.059,4.3,1710.0
176,right_foot,-23.81,-16.39,-20.46,7.42,4.08,3.37,0.529,0.059,3.4,1710.0
176,left_shank,73.66,75.73,75.73,2.07,0.00,2.07,0.508,0.007,3.6,2052.0
176,right_shank,73.62,75.73,75.73,2.11,0.00,2.11,0.508,0.011,1.5,2052.0
176,left_thigh,-66.97,-74.68,-74.68,7.73,0.25,7.72,0.558,0.068,0.0,2052.0
176,right_thigh,-66.92,-74.68,-74.68,7.78,0.25,7.77,0.558,0.074,0.3,2052.0
176,abdomen,10.31,5.91,5.91,4.41,0.00,4.41,0.229,0.014,0.9,1482.0
176,thorax,12.60,8.86,8.86,3.74,0.00,3.74,0.252,0.042,0.0,1482.0
178,left_foot,-24.41,-18.68,-20.63,5.73,0.49,3.80,0.543,0.050,4.5,1710.0
178,right_foot,-24.35,-18.69,-20.63,5.67,0.48,3.74,0.541,0.049,3.7,1710.0
178,left_shank,74.80,76.47,76.47,1.67,0.00,1.67,0.516,0.005,3.0,2052.0
178,right_shank,74.54,76.47,76.47,1.92,0.00,1.92,0.514,0.009,2.9,2052.0
178,left_thigh,-67.33,-75.43,-75.43,8.15,0.24,8.13,0.561,0.071,0.0,2052.0
178,right_thigh,-67.13,-75.43,-75.43,8.33,0.24,8.32,0.559,0.077,0.3,2052.0
178,abdomen,9.99,5.94,5.94,4.06,0.00,4.06,0.222,0.012,1.0,1482.0
178,thorax,12.63,8.90,8.90,3.73,0.00,3.73,0.253,0.034,0.0,1482.0
180,left_foot,-25.07,-20.81,-20.81,4.27,0.46,4.29,0.557,0.041,4.6,1710.0
180,right_foot,-24.93,-20.81,-20.81,4.12,0.45,4.15,0.554,0.041,3.9,1710.0
180,left_shank,75.94,77.19,77.19,1.24,0.00,1.24,0.524,0.004,3.1,2052.0
180,right_shank,75.47,77.19,77.19,1.72,0.00,1.72,0.520,0.006,4.1,2052.0
180,left_thigh,-67.67,-76.17,-76.17,8.57,0.23,8.55,0.564,0.073,0.0,2052.0
180,right_thigh,-67.33,-76.17,-76.17,8.88,0.23,8.87,0.561,0.080,0.3,2052.0
180,abdomen,9.70,5.97,5.97,3.75,0.00,3.75,0.216,0.011,1.1,1482.0
180,thorax,12.56,8.95,8.95,3.62,0.00,3.61,0.251,0.028,0.0,1482.0
182,left_foot,-25.74,-20.97,-20.97,4.78,0.41,4.80,0.572,0.044,4.6,1710.0
182,right_foot,-25.53,-20.97,-20.97,4.55,0.41,4.58,0.567,0.044,3.9,1710.0
182,left_shank,77.11,77.88,77.88,0.77,0.00,0.77,0.532,0.006,3.5,2052.0
182,right_shank,76.44,77.88,77.88,1.45,0.00,1.45,0.527,0.002,5.1,2052.0
182,left_thigh,-68.01,-76.88,-76.88,8.96,0.20,8.94,0.567,0.076,0.0,2052.0
182,right_thigh,-67.55,-76.88,-76.88,9.40,0.20,9.38,0.563,0.082,0.4,2052.0
182,abdomen,9.45,5.99,5.99,3.47,0.00,3.47,0.210,0.010,1.2,1482.0
182,thorax,12.43,8.99,8.99,3.45,0.00,3.45,0.249,0.025,0.0,1482.0
184,left_foot,-26.41,-21.12,-21.12,5.32,0.34,5.33,0.587,0.049,4.7,1710.0
184,right_foot,-26.12,-21.12,-21.12,5.01,0.34,5.03,0.581,0.048,4.0,1710.0
184,left_shank,78.32,78.48,78.48,0.16,0.00,0.16,0.540,0.014,4.1,2052.0
184,right_shank,77.44,78.48,78.48,1.04,0.00,1.04,0.534,0.007,6.2,2052.0
184,left_thigh,-68.38,-77.49,-77.49,9.24,0.17,9.21,0.570,0.071,0.0,2052.0
184,right_thigh,-67.79,-77.49,-77.49,9.79,0.17,9.77,0.565,0.078,0.4,2052.0
184,abdomen,9.21,6.02,6.02,3.22,0.00,3.21,0.205,0.009,1.4,1482.0
184,thorax,12.30,9.02,9.02,3.28,0.00,3.28,0.246,0.023,0.0,1482.0
186,left_foot,-27.08,-21.25,-21.25,5.86,0.27,5.87,0.602,0.053,4.8,1710.0
186,right_foot,-26.72,-21.25,-21.25,5.47,0.27,5.49,0.594,0.053,3.9,1710.0
186,left_shank,79.53,79.02,79.02,0.50,0.00,0.50,0.548,0.024,4.6,2052.0
186,right_shank,78.45,79.02,79.02,0.58,0.00,0.58,0.541,0.016,7.0,2052.0
186,left_thigh,-68.73,-78.05,-78.05,9.48,0.00,9.45,0.573,0.067,0.0,2052.0
186,right_thigh,-68.01,-78.05,-78.05,10.15,0.00,10.13,0.567,0.075,0.5,2052.0
186,abdomen,8.98,6.03,6.03,2.97,0.00,2.97,0.200,0.010,1.7,1482.0
186,thorax,12.17,9.05,9.05,3.13,0.00,3.13,0.243,0.024,0.0,1482.0
188,left_foot,-27.78,-20.16,-21.36,7.65,2.30,6.47,0.617,0.066,4.9,1710.0
188,right_foot,-27.34,-20.16,-21.36,7.19,2.30,6.01,0.608,0.065,3.9,1710.0
188,left_shank,80.78,79.42,79.42,1.35,0.00,1.35,0.557,0.030,5.2,2052.0
188,right_shank,79.50,79.42,79.42,0.00,0.00,0.00,0.548,0.021,7.8,2052.0
188,left_thigh,-69.13,-77.13,-78.46,8.24,1.33,9.51,0.576,0.056,0.0,2052.0
188,right_thigh,-68.28,-77.13,-78.46,9.02,1.33,10.31,0.569,0.064,0.7,2052.0
188,abdomen,8.73,5.38,6.04,3.37,0.66,2.71,0.194,0.010,2.1,1482.0
188,thorax,12.06,8.40,9.06,3.66,0.66,3.00,0.241,0.029,0.0,1482.0
190,left_foot,-28.48,-21.45,-21.45,7.09,0.00,7.09,0.633,0.063,4.8,1710.0
190,right_foot,-27.97,-21.45,-21.45,6.54,0.00,6.55,0.622,0.062,3.6,1710.0
190,left_shank,82.01,79.75,79.75,2.26,0.00,2.26,0.566,0.041,5.9,2052.0
190,right_shank,80.54,79.75,79.75,0.78,0.00,0.78,0.555,0.032,8.7,2052.0
190,left_thigh,-69.42,-78.80,-78.80,9.62,0.00,9.61,0.579,0.061,0.0,2052.0
190,right_thigh,-68.45,-78.80,-78.80,10.51,0.00,10.51,0.570,0.070,0.8,2052.0
190,abdomen,8.54,6.05,6.05,2.52,0.00,2.52,0.190,0.013,2.3,1482.0
190,thorax,11.95,9.07,9.07,2.89,0.00,2.89,0.239,0.023,0.0,1482.0
192,left_foot,-29.18,-19.15,-21.52,10.07,4.58,7.72,0.648,0.083,4.5,1710.0
192,right_foot,-28.59,-19.15,-21.52,9.45,4.58,7.09,0.635,0.081,3.1,1710.0
192,left_shank,83.23,80.02,80.02,3.21,0.00,3.21,0.574,0.045,6.5,2052.0
192,right_shank,81.56,80.02,80.02,1.54,0.00,1.54,0.562,0.035,9.4,2052.0
192,left_thigh,-69.71,-77.64,-79.07,8.27,1.43,9.65,0.581,0.056,0.0,2052.0
192,right_thigh,-68.62,-77.64,-79.07,9.25,1.43,10.65,0.572,0.064,0.8,2052.0
192,abdomen,8.36,5.33,6.05,3.05,0.71,2.34,0.186,0.011,2.5,1482.0
192,thorax,11.86,8.35,9.07,3.51,0.71,2.79,0.237,0.029,0.0,1482.0
194,left_foot,-29.58,-18.11,-21.58,11.51,4.59,8.06,0.657,0.091,3.9,1710.0
194,right_foot,-29.17,-18.11,-21.58,11.07,4.59,7.60,0.648,0.090,2.7,1710.0
194,left_shank,84.15,80.21,80.21,3.95,0.00,3.95,0.580,0.054,9.1,2052.0
194,right_shank,82.56,80.21,80.21,2.36,0.00,2.36,0.569,0.044,10.1,2052.0
194,left_thigh,-69.94,-77.78,-79.26,8.20,1.49,9.64,0.583,0.044,0.0,2052.0
194,right_thigh,-68.76,-77.78,-79.26,9.29,1.49,10.75,0.573,0.052,1.0,2052.0
194,abdomen,8.14,5.30,6.05,2.91,0.74,2.19,0.181,0.031,2.9,1482.0
194,thorax,11.79,8.32,9.06,3.47,0.74,2.73,0.236,0.031,0.0,1482.0
196,left_foot,-30.12,-15.82,-21.63,14.34,9.17,8.56,0.669,0.110,4.2,1710.0
196,right_foot,-29.74,-15.82,-21.63,13.93,9.17,8.13,0.661,0.109,2.9,1710.0
196,left_shank,85.17,80.37,80.37,4.80,0.00,4.80,0.587,0.057,8.6,2052.0
196,right_shank,83.54,80.37,80.37,3.17,0.00,3.17,0.576,0.048,5.9,2052.0
196,left_thigh,-70.25,-78.02,-79.43,8.13,1.42,9.52,0.585,0.046,0.0,2052.0
196,right_thigh,-69.00,-78.02,-79.43,9.31,1.42,10.70,0.575,0.055,0.9,2052.0
196,abdomen,7.90,5.33,6.04,2.74,0.71,2.10,0.175,0.025,2.1,1482.0
196,thorax,11.73,8.35,9.05,3.38,0.71,2.68,0.235,0.031,0.0,1482.0
198,left_foot,-30.63,-13.53,-21.67,17.14,13.76,9.04,0.681,0.125,4.9,1710.0
198,right_foot,-30.20,-13.53,-21.67,16.68,13.76,8.54,0.671,0.123,2.7,1710.0
198,left_shank,86.12,80.50,80.50,5.62,0.00,5.62,0.594,0.059,8.6,2052.0
198,right_shank,84.38,80.50,80.50,3.88,0.00,3.88,0.582,0.047,5.7,2052.0
198,left_thigh,-70.54,-78.25,-79.56,8.09,1.32,9.39,0.588,0.047,0.0,2052.0
198,right_thigh,-69.22,-78.25,-79.56,9.35,1.32,10.64,0.577,0.055,0.9,2052.0
198,abdomen,7.65,5.38,6.03,2.55,0.66,2.00,0.170,0.024,2.4,1482.0
198,thorax,11.69,8.39,9.04,3.30,0.66,2.65,0.234,0.031,0.0,1482.0
200,left_foot,-31.05,-11.24,-21.71,19.85,12.72,9.43,0.690,0.140,5.4,1710.0
200,right_foot,-30.55,-11.24,-21.71,19.32,12.72,8.85,0.679,0.137,2.3,1710.0
200,left_shank,86.95,80.62,80.62,6.33,0.00,6.33,0.600,0.059,9.4,2052.0
200,right_shank,85.07,80.62,80.62,4.45,0.00,4.45,0.587,0.047,6.3,2052.0
200,left_thigh,-70.80,-79.67,-79.68,9.23,0.23,9.30,0.590,0.056,0.0,2052.0
200,right_thigh,-69.40,-79.67,-79.68,10.56,0.23,10.61,0.578,0.065,1.0,2052.0
200,abdomen,7.43,6.02,6.02,1.86,0.00,1.87,0.165,0.025,2.6,1482.0
200,thorax,11.66,9.03,9.03,2.63,0.00,2.63,0.233,0.025,0.0,1482.0
202,left_foot,-31.39,-12.45,-21.74,18.99,8.14,9.74,0.697,0.130,5.6,1710.0
202,right_foot,-30.80,-12.45,-21.74,18.36,8.14,9.06,0.684,0.127,1.9,1710.0
202,left_shank,87.69,80.74,80.74,6.95,0.00,6.95,0.605,0.060,9.6,2052.0
202,right_shank,85.63,80.74,80.74,4.89,0.00,4.89,0.591,0.046,7.8,2052.0
202,left_thigh,-71.13,-79.13,-79.80,8.44,0.72,9.15,0.593,0.048,0.0,2052.0
202,right_thigh,-69.65,-79.13,-79.80,9.83,0.72,10.51,0.580,0.058,1.1,2052.0
202,abdomen,7.20,5.68,6.01,1.93,0.36,1.69,0.160,0.023,3.0,1482.0
202,thorax,11.67,8.68,9.01,2.99,0.36,2.66,0.233,0.031,0.0,1482.0
204,left_foot,-31.75,-14.74,-21.78,17.06,3.60,10.06,0.706,0.117,6.1,1710.0
204,right_foot,-31.04,-14.74,-21.78,16.31,3.60,9.26,0.690,0.114,1.8,1710.0
204,left_shank,88.30,80.89,80.89,7.41,0.00,7.41,0.609,0.057,9.2,2052.0
204,right_shank,86.08,80.89,80.89,5.19,0.00,5.19,0.594,0.043,10.1,2052.0
204,left_thigh,-71.30,-79.54,-79.94,8.69,0.52,9.17,0.594,0.056,0.0,2052.0
204,right_thigh,-69.77,-79.54,-79.94,10.11,0.52,10.54,0.581,0.066,1.1,2052.0
204,abdomen,7.01,5.80,6.00,1.65,0.26,1.52,0.156,0.023,3.1,1482.0
204,thorax,11.67,8.80,9.00,2.87,0.26,2.67,0.233,0.028,0.0,1482.0
206,left_foot,-32.05,-17.04,-21.82,15.07,1.31,10.31,0.712,0.102,6.2,1710.0
206,right_foot,-31.27,-17.04,-21.82,14.26,1.31,9.45,0.695,0.100,3.3,1710.0
206,left_shank,88.81,81.06,81.06,7.75,0.00,7.75,0.612,0.055,9.0,2052.0
206,right_shank,86.47,81.06,81.06,5.41,0.00,5.41,0.596,0.042,13.5,2052.0
206,left_thigh,-71.45,-79.98,-80.10,8.98,0.41,9.20,0.595,0.059,0.0,2052.0
206,right_thigh,-69.87,-79.98,-80.10,10.44,0.41,10.61,0.582,0.070,1.0,2052.0
206,abdomen,6.89,5.94,6.00,1.45,0.21,1.42,0.153,0.023,3.1,1482.0
206,thorax,11.64,8.93,8.99,2.70,0.20,2.65,0.233,0.025,0.0,1482.0
208,left_foot,-32.29,-19.32,-21.87,13.03,1.40,10.49,0.718,0.087,6.7,1710.0
208,right_foot,-31.47,-19.32,-21.87,12.16,1.40,9.60,0.699,0.084,4.6,1710.0
208,left_shank,89.25,81.29,81.29,7.96,0.00,7.96,0.616,0.054,9.0,2052.0
208,right_shank,86.81,81.29,81.29,5.52,0.00,5.52,0.599,0.041,13.3,2052.0
208,left_thigh,-71.56,-80.32,-80.32,9.19,0.46,9.32,0.596,0.062,0.0,2052.0
208,right_thigh,-69.92,-80.32,-80.32,10.72,0.46,10.79,0.583,0.073,1.1,2052.0
208,abdomen,6.82,5.99,5.99,1.37,0.23,1.39,0.152,0.023,3.2,1482.0
208,thorax,11.62,8.99,8.99,2.63,0.24,2.63,0.232,0.026,0.0,1482.0
210,left_foot,-32.52,-21.41,-21.92,11.18,1.18,10.65,0.723,0.073,7.7,1710.0
210,right_foot,-31.63,-21.41,-21.92,10.26,1.18,9.71,0.703,0.069,5.9,1710.0
210,left_shank,89.67,81.59,81.59,8.09,0.00,8.09,0.618,0.049,8.7,2052.0
210,right_shank,87.11,81.59,81.59,5.52,0.00,5.52,0.601,0.034,12.4,2052.0
210,left_thigh,-71.63,-80.61,-80.61,9.39,0.53,9.54,0.597,0.070,0.0,2052.0
210,right_thigh,-69.94,-80.61,-80.61,10.98,0.53,11.07,0.583,0.082,1.1,2052.0
210,abdomen,6.78,5.99,5.99,1.34,0.26,1.36,0.151,0.023,3.2,1482.0
210,thorax,11.61,8.99,8.99,2.63,0.27,2.63,0.232,0.026,0.0,1482.0
212,left_foot,-32.73,-21.99,-21.99,10.81,1.18,10.80,0.727,0.070,8.8,1710.0
212,right_foot,-31.76,-21.99,-21.99,9.81,1.18,9.78,0.706,0.065,7.6,1710.0
212,left_shank,90.07,81.94,81.94,8.13,0.00,8.13,0.621,0.049,8.5,2052.0
212,right_shank,87.38,81.94,81.94,5.44,0.00,5.44,0.603,0.033,12.9,2052.0
212,left_thigh,-71.68,-80.94,-80.94,9.68,0.59,9.84,0.597,0.072,0.0,2052.0
212,right_thigh,-69.93,-80.94,-80.94,11.32,0.59,11.42,0.583,0.084,1.2,2052.0
212,abdomen,6.76,6.00,6.00,1.31,0.29,1.34,0.150,0.024,3.2,1482.0
212,thorax,11.60,8.99,8.99,2.61,0.30,2.61,0.232,0.025,0.0,1482.0
214,left_foot,-32.90,-22.07,-22.07,10.90,1.30,10.89,0.731,0.069,10.0,1710.0
214,right_foot,-31.82,-22.07,-22.07,9.79,1.30,9.76,0.707,0.062,9.5,1710.0
214,left_shank,90.44,82.38,82.38,8.06,0.00,8.06,0.624,0.044,8.5,2052.0
214,right_shank,87.61,82.38,82.38,5.23,0.00,5.23,0.604,0.027,14.5,2052.0
214,left_thigh,-71.72,-81.36,-81.36,10.05,0.65,10.22,0.598,0.080,0.0,2052.0
214,right_thigh,-69.95,-81.36,-81.36,11.72,0.65,11.83,0.583,0.091,1.2,2052.0
214,abdomen,6.74,6.01,6.01,1.29,0.33,1.32,0.150,0.025,3.3,1482.0
214,thorax,11.58,9.00,9.00,2.59,0.33,2.58,0.232,0.025,0.0,1482.0
216,left_foot,-33.06,-22.15,-22.15,10.97,1.41,10.97,0.735,0.069,11.3,1710.0
216,right_foot,-31.89,-22.15,-22.15,9.78,1.41,9.76,0.709,0.063,10.5,1710.0
216,left_shank,90.79,82.84,82.84,7.94,0.00,7.94,0.626,0.041,8.8,2052.0
216,right_shank,87.83,82.84,82.84,4.99,0.00,4.99,0.606,0.024,14.1,2052.0
216,left_thigh,-71.77,-81.80,-81.80,10.44,0.71,10.62,0.598,0.083,0.0,2052.0
216,right_thigh,-69.97,-81.80,-81.80,12.15,0.71,12.26,0.583,0.095,1.2,2052.0
216,abdomen,6.70,6.01,6.01,1.25,0.35,1.29,0.149,0.026,3.3,1482.0
216,thorax,11.56,9.02,9.02,2.55,0.35,2.54,0.231,0.023,0.0,1482.0
218,left_foot,-33.20,-22.24,-22.24,11.01,1.52,11.01,0.738,0.069,12.5,1710.0
218,right_foot,-31.97,-22.24,-22.24,9.77,1.52,9.75,0.710,0.063,12.1,1710.0
218,left_shank,91.09,83.34,83.34,7.74,0.00,7.74,0.628,0.039,9.7,2052.0
218,right_shank,88.02,83.34,83.34,4.67,0.00,4.67,0.607,0.021,15.0,2052.0
218,left_thigh,-71.84,-82.28,-82.28,10.83,0.76,11.02,0.599,0.085,0.0,2052.0
218,right_thigh,-69.98,-82.28,-82.28,12.61,0.76,12.73,0.583,0.098,1.2,2052.0
218,abdomen,6.64,6.02,6.02,1.24,0.38,1.28,0.148,0.028,3.3,1482.0
218,thorax,11.51,9.03,9.03,2.49,0.38,2.48,0.230,0.021,0.0,1482.0
220,left_foot,-33.33,-22.33,-22.33,11.04,1.62,11.06,0.741,0.069,14.1,1710.0
220,right_foot,-32.05,-22.33,-22.33,9.76,1.62,9.75,0.712,0.063,13.8,1710.0
220,left_shank,91.37,83.87,83.87,7.51,0.00,7.51,0.630,0.035,10.9,2052.0
220,right_shank,88.19,83.87,83.87,4.32,0.00,4.32,0.608,0.016,15.6,2052.0
220,left_thigh,-71.94,-82.78,-82.78,11.21,0.81,11.41,0.600,0.088,0.0,2052.0
220,right_thigh,-70.01,-82.78,-82.78,13.07,0.81,13.19,0.583,0.102,1.3,2052.0
220,abdomen,6.58,6.04,6.04,1.25,0.40,1.30,0.146,0.029,3.4,1482.0
220,thorax,11.45,9.05,9.05,2.41,0.41,2.40,0.229,0.020,0.0,1482.0
222,left_foot,-33.47,-22.43,-22.43,11.09,1.71,11.12,0.744,0.070,15.7,1710.0
222,right_foot,-32.15,-22.43,-22.43,9.75,1.71,9.76,0.714,0.063,15.2,1710.0
222,left_shank,91.67,84.41,84.41,7.26,0.00,7.26,0.632,0.034,11.5,2052.0
222,right_shank,88.37,84.41,84.41,3.96,0.00,3.96,0.609,0.014,15.9,2052.0
222,left_thigh,-72.07,-83.29,-83.29,11.60,0.86,11.80,0.601,0.090,0.0,2052.0
222,right_thigh,-70.07,-83.29,-83.29,13.53,0.86,13.65,0.584,0.104,1.3,2052.0
222,abdomen,6.51,6.05,6.05,1.26,0.43,1.31,0.145,0.031,3.5,1482.0
222,thorax,11.38,9.07,9.07,2.33,0.43,2.32,0.228,0.019,0.0,1482.0
224,left_foot,-33.63,-22.53,-22.53,11.15,1.80,11.19,0.747,0.070,17.3,1710.0
224,right_foot,-32.24,-22.53,-22.53,9.75,1.80,9.77,0.717,0.064,16.7,1710.0
224,left_shank,91.99,84.98,84.98,7.01,0.00,7.01,0.634,0.031,12.1,2052.0
224,right_shank,88.55,84.98,84.98,3.57,0.00,3.57,0.611,0.011,16.5,2052.0
224,left_thigh,-72.22,-83.84,-83.84,12.00,0.90,12.21,0.602,0.094,0.0,2052.0
224,right_thigh,-70.14,-83.84,-83.84,14.01,0.90,14.14,0.584,0.109,1.4,2052.0
224,abdomen,6.43,6.06,6.06,1.26,0.45,1.32,0.143,0.032,3.7,1482.0
224,thorax,11.33,9.09,9.09,2.27,0.45,2.25,0.227,0.019,0.0,1482.0
226,left_foot,-33.81,-22.63,-22.63,11.22,1.87,11.28,0.751,0.071,18.8,1710.0
226,right_foot,-32.36,-22.63,-22.63,9.76,1.87,9.80,0.719,0.065,18.3,1710.0
226,left_shank,92.34,85.57,85.57,6.78,0.00,6.78,0.637,0.030,12.9,2052.0
226,right_shank,88.76,85.57,85.57,3.19,0.00,3.19,0.612,0.009,17.6,2052.0
226,left_thigh,-72.37,-84.39,-84.39,12.40,0.93,12.61,0.603,0.097,0.0,2052.0
226,right_thigh,-70.22,-84.39,-84.39,14.49,0.93,14.62,0.585,0.113,1.5,2052.0
226,abdomen,6.35,6.08,6.08,1.24,0.46,1.31,0.141,0.033,3.9,1482.0
226,thorax,11.29,9.11,9.11,2.21,0.47,2.19,0.226,0.019,0.0,1482.0
228,left_foot,-34.02,-22.73,-22.73,11.33,1.93,11.40,0.756,0.074,20.4,1710.0
228,right_foot,-32.43,-22.73,-22.73,9.73,1.93,9.76,0.721,0.061,19.2,1710.0
228,left_shank,92.73,86.18,86.18,6.55,0.00,6.55,0.639,0.030,14.1,2052.0
228,right_shank,89.09,86.18,86.18,2.91,0.00,2.91,0.614,0.004,18.2,2052.0
228,left_thigh,-72.56,-84.97,-84.97,12.81,0.96,13.02,0.605,0.098,0.0,2052.0
228,right_thigh,-70.48,-84.97,-84.97,14.79,0.96,14.92,0.587,0.113,1.6,2052.0
228,abdomen,6.11,6.09,6.09,1.07,0.48,1.14,0.136,0.040,4.1,1482.0
228,thorax,11.30,9.13,9.13,2.20,0.48,2.18,0.226,0.022,0.0,1482.0
230,left_foot,-34.26,-22.73,-22.84,11.56,1.99,11.54,0.761,0.074,21.5,1710.0
230,right_foot,-32.54,-22.73,-22.84,9.84,1.99,9.80,0.723,0.065,20.9,1710.0
230,left_shank,93.13,86.80,86.80,6.33,0.00,6.33,0.642,0.029,13.1,2052.0
230,right_shank,89.38,86.80,86.80,2.58,0.00,2.58,0.616,0.006,19.6,2052.0
230,left_thigh,-72.80,-85.56,-85.56,13.16,0.99,13.38,0.607,0.102,0.0,2052.0
230,right_thigh,-70.73,-85.56,-85.56,15.12,0.99,15.25,0.589,0.116,1.4,2052.0
230,abdomen,5.86,6.11,6.11,0.93,0.50,1.00,0.130,0.039,4.0,1482.0
230,thorax,11.29,9.15,9.15,2.17,0.50,2.14,0.226,0.020,0.0,1482.0
232,left_foot,-34.53,-22.94,-22.94,11.61,2.04,11.71,0.767,0.075,21.8,1710.0
232,right_foot,-32.71,-22.94,-22.94,9.78,2.04,9.87,0.727,0.067,23.6,1710.0
232,left_shank,93.60,87.43,87.43,6.17,0.00,6.17,0.645,0.029,12.4,2052.0
232,right_shank,89.71,87.43,87.43,2.28,0.00,2.28,0.619,0.007,25.3,2052.0
232,left_thigh,-73.00,-86.16,-86.16,13.55,1.02,13.78,0.608,0.105,0.0,2052.0
232,right_thigh,-70.91,-86.16,-86.16,15.52,1.02,15.66,0.591,0.119,1.5,2052.0
232,abdomen,5.68,6.12,6.12,0.90,0.51,0.96,0.126,0.040,4.4,1482.0
232,thorax,11.28,9.18,9.18,2.14,0.51,2.10,0.226,0.020,0.0,1482.0
234,left_foot,-34.78,-23.05,-23.05,11.75,2.10,11.86,0.773,0.077,23.1,1710.0
234,right_foot,-32.91,-23.05,-23.05,9.88,2.10,9.97,0.731,0.068,24.5,1710.0
234,left_shank,94.09,88.08,88.08,6.01,0.00,6.01,0.649,0.029,13.6,2052.0
234,right_shank,90.11,88.08,88.08,2.03,0.00,2.03,0.621,0.005,24.1,2052.0
234,left_thigh,-73.22,-86.77,-86.77,13.96,1.05,14.19,0.610,0.108,0.0,2052.0
234,right_thigh,-71.07,-86.77,-86.77,15.98,1.05,16.12,0.592,0.123,1.7,2052.0
234,abdomen,5.53,6.14,6.14,0.96,0.52,1.03,0.123,0.043,4.7,1482.0
234,thorax,11.27,9.20,9.20,2.12,0.52,2.07,0.225,0.020,0.0,1482.0
236,left_foot,-35.06,-23.16,-23.16,11.93,2.14,11.99,0.779,0.079,23.2,1710.0
236,right_foot,-33.15,-23.16,-23.16,10.01,2.14,10.11,0.737,0.070,25.4,1710.0
236,left_shank,94.65,88.73,88.73,5.91,0.00,5.91,0.653,0.030,13.0,2052.0
236,right_shank,90.55,88.73,88.73,1.81,0.00,1.81,0.624,0.005,24.4,2052.0
236,left_thigh,-73.44,-87.39,-87.39,14.35,1.07,14.59,0.612,0.110,0.0,2052.0
236,right_thigh,-71.22,-87.39,-87.39,16.46,1.07,16.60,0.594,0.126,1.9,2052.0
236,abdomen,5.38,6.15,6.15,1.04,0.54,1.13,0.120,0.045,5.0,1482.0
236,thorax,11.26,9.22,9.22,2.10,0.53,2.04,0.225,0.020,0.0,1482.0
238,left_foot,-35.38,-23.28,-23.28,12.16,2.18,12.18,0.786,0.081,23.0,1710.0
238,right_foot,-33.41,-23.28,-23.28,10.16,2.18,10.27,0.743,0.071,26.3,1710.0
238,left_shank,95.26,89.40,89.40,5.86,0.00,5.86,0.657,0.031,12.4,2052.0
238,right_shank,91.01,89.40,89.40,1.61,0.00,1.61,0.628,0.005,25.2,2052.0
238,left_thigh,-73.67,-88.02,-88.02,14.76,1.09,15.00,0.614,0.113,0.0,2052.0
238,right_thigh,-71.35,-88.02,-88.02,16.97,1.09,17.12,0.595,0.129,2.0,2052.0
238,abdomen,5.25,6.17,6.17,1.14,0.54,1.23,0.117,0.046,5.3,1482.0
238,thorax,11.27,9.25,9.25,2.08,0.54,2.02,0.225,0.020,0.0,1482.0
240,left_foot,-35.70,-23.39,-23.39,12.38,2.20,12.40,0.793,0.082,23.0,1710.0
240,right_foot,-33.70,-23.39,-23.39,10.33,2.20,10.45,0.749,0.073,27.2,1710.0
240,left_shank,95.91,90.07,90.07,5.84,0.00,5.84,0.661,0.031,12.4,2052.0
240,right_shank,91.50,90.07,90.07,1.43,0.00,1.43,0.631,0.005,26.0,2052.0
240,left_thigh,-73.90,-88.65,-88.65,15.18,1.10,15.42,0.616,0.116,0.0,2052.0
240,right_thigh,-71.45,-88.65,-88.65,17.51,1.10,17.65,0.595,0.134,2.2,2052.0
240,abdomen,5.14,6.19,6.19,1.23,0.55,1.33,0.114,0.048,5.7,1482.0
240,thorax,11.28,9.27,9.27,2.07,0.55,2.01,0.226,0.020,0.0,1482.0
242,left_foot,-36.04,-23.50,-23.50,12.62,2.23,12.63,0.801,0.085,23.0,1710.0
242,right_foot,-34.00,-23.50,-23.50,10.52,2.23,10.65,0.756,0.075,28.2,1710.0
242,left_shank,96.58,90.74,90.74,5.84,0.00,5.84,0.666,0.032,12.8,2052.0
242,right_shank,92.02,90.74,90.74,1.28,0.00,1.28,0.635,0.005,26.9,2052.0
242,left_thigh,-74.11,-89.28,-89.28,15.61,1.12,15.85,0.618,0.119,0.0,2052.0
242,right_thigh,-71.55,-89.28,-89.28,18.05,1.12,18.20,0.596,0.137,2.4,2052.0
242,abdomen,5.02,6.20,6.20,1.33,0.56,1.44,0.112,0.050,6.2,1482.0
242,thorax,11.29,9.30,9.30,2.05,0.56,1.99,0.226,0.020,0.0,1482.0
244,left_foot,-36.40,-23.61,-23.61,12.87,2.26,12.87,0.809,0.088,23.0,1710.0
244,right_foot,-34.32,-23.61,-23.61,10.72,2.26,10.86,0.763,0.077,29.3,1710.0
244,left_shank,97.28,91.42,91.42,5.86,0.00,5.86,0.671,0.032,12.9,2052.0
244,right_shank,92.57,91.42,91.42,1.16,0.00,1.16,0.638,0.005,27.9,2052.0
244,left_thigh,-74.32,-89.92,-89.92,16.05,1.13,16.29,0.619,0.122,0.0,2052.0
244,right_thigh,-71.65,-89.92,-89.92,18.60,1.13,18.74,0.597,0.140,2.5,2052.0
244,abdomen,4.91,6.22,6.22,1.44,0.57,1.55,0.109,0.052,6.6,1482.0
244,thorax,11.30,9.32,9.32,2.04,0.57,1.98,0.226,0.020,0.0,1482.0
246,left_foot,-36.76,-23.72,-23.72,13.13,2.30,13.13,0.817,0.090,23.2,1710.0
246,right_foot,-34.65,-23.72,-23.72,10.94,2.30,11.09,0.770,0.079,30.3,1710.0
246,left_shank,98.00,92.09,92.09,5.91,0.00,5.91,0.676,0.034,13.0,2052.0
246,right_shank,93.16,92.09,92.09,1.07,0.00,1.07,0.642,0.005,28.9,2052.0
246,left_thigh,-74.53,-90.56,-90.56,16.49,1.15,16.73,0.621,0.124,0.0,2052.0
246,right_thigh,-71.75,-90.56,-90.56,19.14,1.15,19.28,0.598,0.144,2.7,2052.0
246,abdomen,4.79,6.24,6.24,1.56,0.57,1.68,0.106,0.055,7.0,1482.0
246,thorax,11.30,9.35,9.35,2.02,0.57,1.96,0.226,0.020,0.0,1482.0
248,left_foot,-37.14,-23.83,-23.83,13.41,2.33,13.40,0.825,0.093,23.3,1710.0
248,right_foot,-35.00,-23.83,-23.83,11.18,2.33,11.34,0.778,0.081,31.3,1710.0
248,left_shank,98.74,92.76,92.76,5.98,0.00,5.98,0.681,0.035,13.0,2052.0
248,right_shank,93.77,92.76,92.76,1.01,0.00,1.01,0.647,0.006,29.9,2052.0
248,left_thigh,-74.74,-91.19,-91.19,16.92,1.16,17.17,0.623,0.127,0.0,2052.0
248,right_thigh,-71.86,-91.19,-91.19,19.68,1.16,19.82,0.599,0.147,2.9,2052.0
248,abdomen,4.67,6.25,6.25,1.70,0.58,1.81,0.104,0.057,7.4,1482.0
248,thorax,11.31,9.37,9.37,2.01,0.58,1.94,0.226,0.020,0.0,1482.0
250,left_foot,-37.54,-23.94,-23.94,13.71,2.36,13.69,0.834,0.095,23.4,1710.0
250,right_foot,-35.36,-23.94,-23.94,11.43,2.36,11.60,0.786,0.083,32.3,1710.0
250,left_shank,99.51,93.43,93.43,6.08,0.00,6.08,0.686,0.036,12.9,2052.0
250,right_shank,94.41,93.43,93.43,0.98,0.00,0.98,0.651,0.007,31.0,2052.0
250,left_thigh,-74.96,-91.82,-91.82,17.35,1.18,17.60,0.625,0.129,0.0,2052.0
250,right_thigh,-71.97,-91.82,-91.82,20.20,1.18,20.34,0.600,0.150,3.1,2052.0
250,abdomen,4.54,6.27,6.27,1.83,0.59,1.94,0.101,0.060,7.8,1482.0
250,thorax,11.32,9.40,9.40,1.99,0.59,1.92,0.226,0.020,0.0,1482.0
252,left_foot,-37.94,-24.05,-24.05,14.02,2.40,14.00,0.843,0.097,23.4,1710.0
252,right_foot,-35.73,-24.05,-24.05,11.68,2.40,11.86,0.794,0.085,33.3,1710.0
252,left_shank,100.30,94.09,94.09,6.21,0.00,6.21,0.692,0.038,12.9,2052.0
252,right_shank,95.06,94.09,94.09,0.97,0.00,0.97,0.656,0.007,32.3,2052.0
252,left_thigh,-75.17,-92.45,-92.45,17.78,1.20,18.03,0.626,0.132,0.0,2052.0
252,right_thigh,-72.09,-92.45,-92.45,20.72,1.20,20.85,0.601,0.153,3.3,2052.0
252,abdomen,4.41,6.28,6.28,1.97,0.60,2.08,0.098,0.062,8.3,1482.0
252,thorax,11.33,9.42,9.42,1.98,0.60,1.91,0.227,0.020,0.0,1482.0
254,left_foot,-38.37,-24.16,-24.16,14.34,2.43,14.31,0.853,0.099,23.3,1710.0
254,right_foot,-36.10,-24.16,-24.16,11.95,2.43,12.14,0.802,0.087,34.4,1710.0
254,left_shank,101.11,94.74,94.74,6.37,0.00,6.37,0.697,0.040,12.8,2052.0
254,right_shank,95.74,94.74,94.74,1.00,0.00,1.00,0.660,0.009,33.5,2052.0
254,left_thigh,-75.39,-93.06,-93.06,18.19,1.21,18.45,0.628,0.134,0.0,2052.0
254,right_thigh,-72.21,-93.06,-93.06,21.22,1.21,21.35,0.602,0.155,3.5,2052.0
254,abdomen,4.28,6.30,6.30,2.10,0.61,2.21,0.095,0.064,8.8,1482.0
254,thorax,11.33,9.44,9.44,1.97,0.61,1.89,0.227,0.020,0.0,1482.0
256,left_foot,-38.79,-24.26,-24.26,14.68,2.47,14.64,0.862,0.102,23.3,1710.0
256,right_foot,-36.48,-24.26,-24.26,12.22,2.47,12.42,0.811,0.089,35.4,1710.0
256,left_shank,101.94,95.39,95.39,6.55,0.00,6.55,0.703,0.042,12.8,2052.0
256,right_shank,96.43,95.39,95.39,1.05,0.00,1.05,0.665,0.010,34.7,2052.0
256,left_thigh,-75.60,-93.67,-93.67,18.61,1.24,18.87,0.630,0.136,0.0,2052.0
256,right_thigh,-72.33,-93.67,-93.67,21.71,1.24,21.85,0.603,0.158,3.7,2052.0
256,abdomen,4.14,6.31,6.31,2.24,0.62,2.35,0.092,0.066,9.3,1482.0
256,thorax,11.34,9.46,9.46,1.96,0.62,1.88,0.227,0.020,0.0,1482.0
258,left_foot,-39.22,-24.36,-24.36,15.02,2.52,14.97,0.872,0.104,23.2,1710.0
258,right_foot,-36.86,-24.36,-24.36,12.50,2.52,12.71,0.819,0.091,36.4,1710.0
258,left_shank,102.78,96.02,96.02,6.77,0.00,6.77,0.709,0.044,12.7,2052.0
258,right_shank,97.15,96.02,96.02,1.13,0.00,1.13,0.670,0.011,35.9,2052.0
258,left_thigh,-75.81,-94.26,-94.26,19.00,1.26,19.27,0.632,0.139,0.0,2052.0
258,right_thigh,-72.46,-94.26,-94.26,22.18,1.26,22.32,0.604,0.160,3.9,2052.0
258,abdomen,4.00,6.33,6.33,2.38,0.63,2.49,0.089,0.069,9.8,1482.0
258,thorax,11.35,9.48,9.48,1.95,0.63,1.87,0.227,0.020,0.0,1482.0
260,left_foot,-39.66,-24.46,-24.46,15.36,2.56,15.31,0.881,0.106,23.2,1710.0
260,right_foot,-37.25,-24.46,-24.46,12.79,2.56,13.00,0.828,0.093,37.4,1710.0
260,left_shank,103.64,96.63,96.63,7.01,0.00,7.01,0.715,0.047,12.6,2052.0
260,right_shank,97.87,96.63,96.63,1.24,0.00,1.24,0.675,0.014,37.0,2052.0
260,left_thigh,-76.02,-94.84,-94.84,19.39,1.28,19.66,0.634,0.140,0.0,2052.0
260,right_thigh,-72.59,-94.84,-94.84,22.64,1.28,22.78,0.605,0.162,4.1,2052.0
260,abdomen,3.86,6.34,6.34,2.53,0.64,2.64,0.086,0.071,10.4,1482.0
260,thorax,11.35,9.50,9.50,1.94,0.64,1.85,0.227,0.020,0.0,1482.0
262,left_foot,-40.10,-24.56,-24.56,15.71,2.61,15.66,0.891,0.108,23.3,1710.0
262,right_foot,-37.64,-24.56,-24.56,13.08,2.61,13.29,0.836,0.095,38.4,1710.0
262,left_shank,104.50,97.24,97.24,7.27,0.00,7.27,0.721,0.049,12.6,2052.0
262,right_shank,98.61,97.24,97.24,1.37,0.00,1.37,0.680,0.015,38.0,2052.0
262,left_thigh,-76.24,-95.40,-95.40,19.76,1.31,20.04,0.635,0.143,0.0,2052.0
262,right_thigh,-72.72,-95.40,-95.40,23.08,1.30,23.22,0.606,0.165,4.3,2052.0
262,abdomen,3.72,6.35,6.35,2.68,0.65,2.79,0.083,0.073,10.9,1482.0
262,thorax,11.36,9.52,9.52,1.93,0.65,1.84,0.227,0.020,0.0,1482.0
264,left_foot,-40.54,-24.65,-24.65,16.08,2.67,16.01,0.901,0.111,23.1,1710.0
264,right_foot,-38.02,-24.65,-24.65,13.37,2.67,13.59,0.845,0.097,39.3,1710.0
264,left_shank,105.38,97.81,97.81,7.57,0.00,7.57,0.727,0.052,12.5,2052.0
264,right_shank,99.35,97.81,97.81,1.54,0.00,1.54,0.685,0.017,39.0,2052.0
264,left_thigh,-76.45,-95.95,-95.95,20.11,1.33,20.39,0.637,0.144,0.0,2052.0
264,right_thigh,-72.85,-95.95,-95.95,23.50,1.33,23.65,0.607,0.166,4.5,2052.0
264,abdomen,3.57,6.36,6.36,2.83,0.67,2.93,0.079,0.076,11.4,1482.0
264,thorax,11.36,9.54,9.54,1.93,0.67,1.83,0.227,0.020,0.0,1482.0
266,left_foot,-40.98,-24.74,-24.74,16.44,2.72,16.36,0.911,0.113,23.2,1710.0
266,right_foot,-38.40,-24.74,-24.74,13.66,2.72,13.88,0.853,0.098,40.3,1710.0
266,left_shank,106.26,98.38,98.38,7.88,0.00,7.88,0.733,0.055,12.6,2052.0
266,right_shank,100.10,98.38,98.38,1.73,0.00,1.73,0.690,0.020,40.0,2052.0
266,left_thigh,-76.65,-96.48,-96.48,20.45,1.36,20.75,0.639,0.145,0.0,2052.0
266,right_thigh,-72.98,-96.48,-96.48,23.91,1.36,24.06,0.608,0.168,4.8,2052.0
266,abdomen,3.42,6.37,6.37,2.98,0.68,3.09,0.076,0.078,12.0,1482.0
266,thorax,11.37,9.55,9.55,1.92,0.68,1.82,0.227,0.020,0.0,1482.0
268,left_foot,-41.41,-24.83,-24.83,16.80,2.78,16.71,0.920,0.115,23.1,1710.0
268,right_foot,-38.77,-24.83,-24.83,13.95,2.78,14.14,0.862,0.100,40.5,1710.0
268,left_shank,107.14,98.91,98.91,8.23,0.00,8.23,0.739,0.058,12.7,2052.0
268,right_shank,100.86,98.91,98.91,1.95,0.00,1.95,0.696,0.022,40.4,2052.0
268,left_thigh,-76.87,-96.98,-96.98,20.76,1.39,21.06,0.641,0.147,0.0,2052.0
268,right_thigh,-73.12,-96.98,-96.98,24.28,1.39,24.43,0.609,0.169,5.0,2052.0
268,abdomen,3.27,6.38,6.38,3.13,0.69,3.24,0.073,0.080,12.5,1482.0
268,thorax,11.37,9.57,9.57,1.91,0.70,1.81,0.227,0.020,0.0,1482.0
270,left_foot,-41.30,-24.91,-24.91,16.58,2.85,16.53,0.918,0.117,23.5,1710.0
270,right_foot,-39.14,-24.91,-24.91,14.24,2.85,14.41,0.870,0.102,41.2,1710.0
270,left_shank,107.55,99.43,99.43,8.13,0.00,8.13,0.742,0.061,17.2,2052.0
270,right_shank,101.62,99.43,99.43,2.19,0.00,2.19,0.701,0.026,41.4,2052.0
270,left_thigh,-77.08,-97.46,-97.46,20.99,1.42,21.28,0.642,0.138,0.0,2052.0
270,right_thigh,-73.21,-97.46,-97.46,24.70,1.42,24.83,0.610,0.161,5.3,2052.0
270,abdomen,3.04,6.39,6.39,3.48,0.71,3.59,0.068,0.106,13.4,1482.0
270,thorax,11.38,9.58,9.58,1.91,0.71,1.81,0.228,0.020,0.0,1482.0
272,left_foot,-41.55,-26.09,-24.99,15.63,3.72,16.74,0.923,0.110,30.4,1710.0
272,right_foot,-39.57,-26.09,-24.99,13.50,3.72,14.75,0.879,0.099,40.5,1710.0
272,left_shank,108.27,99.92,99.92,8.35,0.00,8.35,0.747,0.060,16.4,2052.0
272,right_shank,102.45,99.92,99.92,2.53,0.00,2.53,0.707,0.028,36.3,2052.0
272,left_thigh,-77.52,-97.92,-97.92,21.00,1.46,21.29,0.646,0.139,0.0,2052.0
272,right_thigh,-73.58,-97.92,-97.92,24.78,1.46,24.90,0.613,0.163,4.9,2052.0
272,abdomen,2.65,6.40,6.40,4.07,0.73,4.16,0.059,0.105,10.3,1482.0
272,thorax,11.41,9.59,9.59,1.94,0.73,1.82,0.228,0.021,0.0,1482.0
274,left_foot,-41.95,-26.17,-25.06,16.00,3.60,17.08,0.932,0.113,28.6,1710.0
274,right_foot,-39.93,-26.17,-25.06,13.79,3.60,15.01,0.887,0.096,38.1,1710.0
274,left_shank,109.09,100.39,100.39,8.70,0.00,8.70,0.752,0.064,13.1,2052.0
274,right_shank,103.15,100.39,100.39,2.76,0.00,2.76,0.711,0.025,32.9,2052.0
274,left_thigh,-77.89,-98.37,-98.37,21.08,1.48,21.37,0.649,0.142,0.0,2052.0
274,right_thigh,-73.87,-98.37,-98.37,24.96,1.48,25.07,0.616,0.166,5.2,2052.0
274,abdomen,2.30,6.40,6.40,4.54,0.74,4.63,0.051,0.104,11.3,1482.0
274,thorax,11.42,9.60,9.60,1.95,0.74,1.82,0.228,0.020,0.0,1482.0
276,left_foot,-42.25,-26.17,-25.13,16.36,3.08,17.34,0.939,0.113,27.8,1710.0
276,right_foot,-40.22,-26.17,-25.13,14.09,3.08,15.21,0.894,0.098,36.2,1710.0
276,left_shank,109.79,100.87,100.87,8.93,0.00,8.93,0.757,0.062,15.5,2052.0
276,right_shank,103.79,100.87,100.87,2.92,0.00,2.92,0.716,0.023,31.7,2052.0
276,left_thigh,-78.22,-98.81,-98.81,21.19,1.49,21.49,0.652,0.143,0.0,2052.0
276,right_thigh,-74.14,-98.81,-98.81,25.14,1.49,25.25,0.618,0.169,5.3,2052.0
276,abdomen,1.93,6.41,6.41,4.95,0.74,5.04,0.043,0.108,11.7,1482.0
276,thorax,11.43,9.61,9.61,1.95,0.75,1.82,0.229,0.019,0.0,1482.0
278,left_foot,-42.50,-28.46,-25.21,14.35,6.13,17.49,0.944,0.094,27.9,1710.0
278,right_foot,-40.48,-28.46,-25.21,12.06,6.13,15.40,0.900,0.084,36.9,1710.0
278,left_shank,110.46,101.34,101.34,9.12,0.00,9.12,0.762,0.062,13.8,2052.0
278,right_shank,104.40,101.34,101.34,3.05,0.00,3.05,0.720,0.024,33.7,2052.0
278,left_thigh,-78.55,-99.26,-99.26,21.29,1.50,21.57,0.655,0.143,0.0,2052.0
278,right_thigh,-74.40,-99.26,-99.26,25.31,1.50,25.41,0.620,0.171,5.3,2052.0
278,abdomen,1.59,6.41,6.41,5.30,0.75,5.38,0.035,0.106,11.9,1482.0
278,thorax,11.41,9.61,9.61,1.93,0.75,1.80,0.228,0.018,0.0,1482.0
280,left_foot,-42.81,-27.15,-25.28,15.94,3.09,17.72,0.951,0.106,27.7,1710.0
280,right_foot,-40.75,-27.15,-25.28,13.64,3.09,15.59,0.906,0.094,37.4,1710.0
280,left_shank,111.17,101.82,101.82,9.35,0.00,9.35,0.767,0.063,15.1,2052.0
280,right_shank,104.96,101.82,101.82,3.14,0.00,3.14,0.724,0.024,35.2,2052.0
280,left_thigh,-78.81,-99.70,-99.70,21.46,1.52,21.74,0.657,0.147,0.0,2052.0
280,right_thigh,-74.57,-99.70,-99.70,25.59,1.52,25.69,0.621,0.176,5.5,2052.0
280,abdomen,1.35,6.41,6.41,5.52,0.76,5.60,0.030,0.104,12.5,1482.0
280,thorax,11.36,9.62,9.62,1.90,0.76,1.75,0.227,0.017,0.0,1482.0
282,left_foot,-43.10,-25.35,-25.35,17.97,3.00,17.92,0.958,0.118,27.4,1710.0
282,right_foot,-40.94,-25.35,-25.35,15.62,3.00,15.72,0.910,0.105,39.1,1710.0
282,left_shank,111.89,102.30,102.30,9.59,0.00,9.59,0.772,0.064,18.5,2052.0
282,right_shank,105.55,102.30,102.30,3.25,0.00,3.25,0.728,0.026,36.5,2052.0
282,left_thigh,-79.03,-100.15,-100.15,21.71,1.56,21.99,0.659,0.150,0.0,2052.0
282,right_thigh,-74.75,-100.15,-100.15,25.86,1.56,25.96,0.623,0.177,5.8,2052.0
282,abdomen,1.18,6.42,6.42,5.66,0.78,5.74,0.026,0.103,13.3,1482.0
282,thorax,11.34,9.62,9.62,1.88,0.78,1.72,0.227,0.019,0.0,1482.0
284,left_foot,-43.32,-25.42,-25.42,18.17,3.00,18.11,0.963,0.123,26.9,1710.0
284,right_foot,-41.09,-25.42,-25.42,15.71,3.00,15.81,0.913,0.104,39.1,1710.0
284,left_shank,112.65,102.78,102.78,9.86,0.00,9.86,0.777,0.068,14.8,2052.0
284,right_shank,106.13,102.78,102.78,3.34,0.00,3.34,0.732,0.026,37.0,2052.0
284,left_thigh,-79.22,-100.60,-100.60,22.00,1.60,22.31,0.660,0.155,0.0,2052.0
284,right_thigh,-74.86,-100.60,-100.60,26.22,1.60,26.32,0.624,0.180,6.2,2052.0
284,abdomen,1.05,6.42,6.42,5.76,0.80,5.84,0.023,0.106,14.1,1482.0
284,thorax,11.34,9.62,9.62,1.89,0.80,1.72,0.227,0.020,0.0,1482.0
286,left_foot,-43.56,-25.49,-25.49,18.35,3.00,18.27,0.968,0.121,26.9,1710.0
286,right_foot,-41.24,-25.49,-25.49,15.78,3.00,15.88,0.916,0.105,39.1,1710.0
286,left_shank,113.35,103.27,103.27,10.08,0.00,10.08,0.782,0.067,16.1,2052.0
286,right_shank,106.70,103.27,103.27,3.44,0.00,3.44,0.736,0.026,37.5,2052.0
286,left_thigh,-79.41,-101.05,-101.05,22.28,1.64,22.60,0.662,0.155,0.0,2052.0
286,right_thigh,-75.00,-101.05,-101.05,26.51,1.64,26.62,0.625,0.182,6.3,2052.0
286,abdomen,0.87,6.42,6.42,5.90,0.82,5.99,0.019,0.109,14.5,1482.0
286,thorax,11.34,9.63,9.63,1.89,0.82,1.72,0.227,0.019,0.0,1482.0
288,left_foot,-43.75,-25.56,-25.56,18.47,3.00,18.39,0.972,0.121,26.6,1710.0
288,right_foot,-41.40,-25.56,-25.56,15.87,3.00,15.98,0.920,0.106,39.6,1710.0
288,left_shank,114.01,103.75,103.75,10.26,0.00,10.26,0.786,0.067,15.0,2052.0
288,right_shank,107.24,103.75,103.75,3.49,0.00,3.49,0.740,0.027,38.4,2052.0
288,left_thigh,-79.58,-101.50,-101.50,22.56,1.68,22.89,0.663,0.158,0.0,2052.0
288,right_thigh,-75.08,-101.50,-101.50,26.90,1.68,27.01,0.626,0.186,6.6,2052.0
288,abdomen,0.75,6.42,6.42,6.01,0.84,6.10,0.017,0.108,15.0,1482.0
288,thorax,11.32,9.63,9.63,1.87,0.84,1.69,0.226,0.018,0.0,1482.0
290,left_foot,-43.92,-25.63,-25.63,18.56,3.00,18.48,0.976,0.121,26.6,1710.0
290,right_foot,-41.54,-25.63,-25.63,15.95,3.00,16.05,0.923,0.105,40.0,1710.0
290,left_shank,114.68,104.24,104.24,10.44,0.00,10.44,0.791,0.068,16.0,2052.0
290,right_shank,107.78,104.24,104.24,3.54,0.00,3.54,0.743,0.027,38.6,2052.0
290,left_thigh,-79.75,-101.95,-101.95,22.84,1.73,23.17,0.665,0.159,0.0,2052.0
290,right_thigh,-75.15,-101.95,-101.95,27.28,1.73,27.39,0.626,0.189,6.9,2052.0
290,abdomen,0.65,6.42,6.42,6.12,0.86,6.21,0.014,0.109,15.4,1482.0
290,thorax,11.30,9.63,9.63,1.85,0.86,1.68,0.226,0.018,0.0,1482.0
292,left_foot,-44.09,-25.70,-25.70,18.68,3.00,18.58,0.980,0.121,26.1,1710.0
292,right_foot,-41.67,-25.70,-25.70,16.00,3.00,16.11,0.926,0.105,40.1,1710.0
292,left_shank,115.34,104.72,104.72,10.62,0.00,10.62,0.795,0.069,18.1,2052.0
292,right_shank,108.32,104.72,104.72,3.60,0.00,3.60,0.747,0.027,38.2,2052.0
292,left_thigh,-79.91,-102.40,-102.40,23.13,1.79,23.47,0.666,0.162,0.0,2052.0
292,right_thigh,-75.22,-102.40,-102.40,27.66,1.79,27.77,0.627,0.191,7.1,2052.0
292,abdomen,0.54,6.42,6.42,6.22,0.89,6.31,0.012,0.110,16.0,1482.0
292,thorax,11.29,9.63,9.63,1.84,0.89,1.67,0.226,0.018,0.0,1482.0
294,left_foot,-44.23,-25.77,-25.77,18.72,3.00,18.64,0.983,0.120,26.1,1710.0
294,right_foot,-41.76,-25.77,-25.77,16.02,3.00,16.13,0.928,0.103,40.2,1710.0
294,left_shank,116.01,105.21,105.21,10.81,0.00,10.81,0.800,0.070,15.1,2052.0
294,right_shank,108.86,105.21,105.21,3.65,0.00,3.65,0.751,0.026,38.4,2052.0
294,left_thigh,-80.07,-102.85,-102.85,23.43,1.84,23.78,0.667,0.164,0.0,2052.0
294,right_thigh,-75.29,-102.85,-102.85,28.05,1.84,28.16,0.627,0.194,7.5,2052.0
294,abdomen,0.45,6.42,6.42,6.30,0.92,6.40,0.010,0.111,16.5,1482.0
294,thorax,11.28,9.63,9.63,1.82,0.92,1.67,0.226,0.018,0.0,1482.0
296,left_foot,-44.38,-25.84,-25.84,18.81,3.00,18.72,0.986,0.121,25.8,1710.0
296,right_foot,-41.82,-25.84,-25.84,16.02,3.00,16.12,0.929,0.103,40.0,1710.0
296,left_shank,116.69,105.69,105.69,11.00,0.00,11.00,0.805,0.071,16.1,2052.0
296,right_shank,109.39,105.69,105.69,3.70,0.00,3.70,0.754,0.027,38.1,2052.0
296,left_thigh,-80.22,-103.30,-103.30,23.74,1.92,24.10,0.669,0.167,0.0,2052.0
296,right_thigh,-75.38,-103.30,-103.30,28.42,1.91,28.54,0.628,0.196,7.6,2052.0
296,abdomen,0.33,6.42,6.42,6.41,0.96,6.51,0.007,0.113,16.9,1482.0
296,thorax,11.28,9.63,9.63,1.82,0.96,1.67,0.226,0.018,0.0,1482.0
298,left_foot,-44.44,-25.91,-25.91,18.86,3.00,18.78,0.987,0.123,27.1,1710.0
298,right_foot,-41.86,-25.91,-25.91,15.99,3.00,16.09,0.930,0.101,40.0,1710.0
298,left_shank,117.35,106.18,106.18,11.18,0.00,11.18,0.809,0.074,15.6,2052.0
298,right_shank,109.91,106.18,106.18,3.74,0.00,3.74,0.758,0.027,38.1,2052.0
298,left_thigh,-80.39,-103.75,-103.75,24.04,1.98,24.42,0.670,0.168,0.0,2052.0
298,right_thigh,-75.44,-103.75,-103.75,28.81,1.98,28.93,0.629,0.198,7.9,2052.0
298,abdomen,0.22,6.42,6.42,6.50,0.99,6.61,0.005,0.115,17.3,1482.0
298,thorax,11.27,9.63,9.63,1.81,0.99,1.67,0.225,0.018,0.0,1482.0
300,left_foot,-44.53,-25.98,-25.98,18.88,3.00,18.79,0.990,0.122,27.2,1710.0
300,right_foot,-41.87,-25.98,-25.98,15.93,3.00,16.03,0.930,0.100,40.1,1710.0
300,left_shank,118.02,106.66,106.66,11.36,0.00,11.36,0.814,0.075,21.9,2052.0
300,right_shank,110.44,106.66,106.66,3.78,0.00,3.78,0.762,0.027,37.9,2052.0
300,left_thigh,-80.56,-104.20,-104.20,24.34,2.00,24.74,0.671,0.169,0.0,2052.0
300,right_thigh,-75.52,-104.20,-104.20,29.18,2.00,29.31,0.629,0.200,8.0,2052.0
300,abdomen,0.10,6.42,6.42,6.60,1.00,6.71,0.002,0.118,17.8,1482.0
300,thorax,11.26,9.63,9.63,1.79,1.00,1.67,0.225,0.018,0.0,1482.0
302,left_foot,-44.58,-26.04,-26.04,18.90,3.00,18.81,0.991,0.118,27.3,1710.0
302,right_foot,-41.86,-26.04,-26.04,15.85,3.00,15.96,0.930,0.099,40.1,1710.0
302,left_shank,118.67,107.14,107.14,11.54,0.00,11.54,0.818,0.074,18.8,2052.0
302,right_shank,110.95,107.14,107.14,3.81,0.00,3.81,0.765,0.027,37.8,2052.0
302,left_thigh,-80.72,-104.65,-104.65,24.65,2.00,25.06,0.673,0.172,0.0,2052.0
302,right_thigh,-75.58,-104.65,-104.65,29.56,2.00,29.69,0.630,0.204,8.3,2052.0
302,abdomen,0.00,6.42,6.42,6.71,1.00,6.82,0.000,0.118,18.2,1482.0
302,thorax,11.25,9.62,9.62,1.76,1.00,1.66,0.225,0.017,0.0,1482.0
304,left_foot,-44.56,-26.11,-26.11,18.79,3.00,18.71,0.990,0.114,27.8,1710.0
304,right_foot,-41.82,-26.11,-26.11,15.75,3.00,15.85,0.929,0.096,40.3,1710.0
304,left_shank,119.34,107.62,107.62,11.72,0.00,11.72,0.823,0.076,16.2,2052.0
304,right_shank,111.46,107.62,107.62,3.84,0.00,3.84,0.769,0.028,38.5,2052.0
304,left_thigh,-80.90,-105.09,-105.09,24.93,2.00,25.34,0.674,0.174,0.0,2052.0
304,right_thigh,-75.64,-105.09,-105.09,29.95,2.00,30.08,0.630,0.206,8.6,2052.0
304,abdomen,-0.13,6.42,6.42,6.81,1.00,6.92,0.004,0.119,18.6,1482.0
304,thorax,11.22,9.62,9.62,1.72,1.00,1.65,0.224,0.017,0.0,1482.0
306,left_foot,-44.61,-26.18,-26.18,18.77,3.00,18.69,0.991,0.116,26.8,1710.0
306,right_foot,-41.77,-26.18,-26.18,15.63,3.00,15.74,0.928,0.096,40.1,1710.0
306,left_shank,120.02,108.10,108.10,11.93,0.00,11.93,0.828,0.078,16.3,2052.0
306,right_shank,111.97,108.10,108.10,3.87,0.00,3.87,0.772,0.028,38.0,2052.0
306,left_thigh,-81.07,-105.53,-105.53,25.22,2.00,25.64,0.676,0.176,0.0,2052.0
306,right_thigh,-75.72,-105.53,-105.53,30.32,2.00,30.45,0.631,0.208,8.7,2052.0
306,abdomen,-0.27,6.42,6.42,6.93,1.00,7.05,0.008,0.122,19.0,1482.0
306,thorax,11.20,9.62,9.62,1.69,1.00,1.63,0.224,0.016,0.0,1482.0
308,left_foot,-44.45,-26.24,-26.24,18.69,3.00,18.57,0.988,0.118,28.3,1710.0
308,right_foot,-41.74,-26.24,-26.24,15.52,3.00,15.64,0.927,0.094,40.8,1710.0
308,left_shank,120.68,108.57,108.57,12.12,0.00,12.12,0.832,0.080,15.8,2052.0
308,right_shank,112.50,108.57,108.57,3.93,0.00,3.93,0.776,0.029,40.3,2052.0
308,left_thigh,-81.26,-105.97,-105.97,25.49,2.00,25.91,0.677,0.177,0.0,2052.0
308,right_thigh,-75.77,-105.97,-105.97,30.72,2.00,30.84,0.631,0.211,8.9,2052.0
308,abdomen,-0.40,6.41,6.41,7.05,1.00,7.18,0.011,0.124,19.3,1482.0
308,thorax,11.17,9.62,9.62,1.65,1.00,1.61,0.223,0.016,0.0,1482.0
310,left_foot,-44.45,-26.31,-26.31,18.55,3.00,18.43,0.988,0.113,27.7,1710.0
310,right_foot,-41.63,-26.31,-26.31,15.36,3.00,15.47,0.925,0.088,39.5,1710.0
310,left_shank,121.37,109.04,109.04,12.33,0.00,12.33,0.837,0.081,20.4,2052.0
310,right_shank,113.00,109.04,109.04,3.96,0.00,3.96,0.779,0.028,37.4,2052.0
310,left_thigh,-81.47,-106.41,-106.41,25.73,2.00,26.15,0.679,0.178,0.0,2052.0
310,right_thigh,-75.84,-106.41,-106.41,31.07,2.00,31.20,0.632,0.212,9.1,2052.0
310,abdomen,-0.54,6.41,6.41,7.18,1.00,7.30,0.016,0.125,19.7,1482.0
310,thorax,11.13,9.61,9.61,1.61,1.00,1.58,0.223,0.015,0.0,1482.0
312,left_foot,-44.33,-26.37,-26.37,18.40,3.00,18.29,0.985,0.110,28.2,1710.0
312,right_foot,-41.46,-26.37,-26.37,15.13,3.00,15.25,0.921,0.085,40.3,1710.0
312,left_shank,122.03,109.51,109.51,12.53,0.00,12.53,0.842,0.081,18.7,2052.0
312,right_shank,113.49,109.51,109.51,3.98,0.00,3.98,0.783,0.029,38.2,2052.0
312,left_thigh,-81.65,-106.84,-106.84,26.00,2.00,26.43,0.680,0.181,0.0,2052.0
312,right_thigh,-75.92,-106.84,-106.84,31.42,2.00,31.55,0.633,0.214,9.4,2052.0
312,abdomen,-0.67,6.41,6.41,7.29,1.00,7.42,0.019,0.126,20.2,1482.0
312,thorax,11.09,9.61,9.61,1.57,1.00,1.56,0.222,0.016,0.0,1482.0
314,left_foot,-44.15,-26.44,-26.44,18.11,3.00,18.02,0.981,0.105,29.0,1710.0
314,right_foot,-41.19,-26.44,-26.44,14.79,3.00,14.91,0.915,0.080,40.7,1710.0
314,left_shank,122.72,109.97,109.97,12.75,0.00,12.75,0.846,0.084,15.3,2052.0
314,right_shank,113.95,109.97,109.97,3.98,0.00,3.98,0.786,0.029,39.3,2052.0
314,left_thigh,-81.84,-107.27,-107.27,26.26,2.00,26.69,0.682,0.183,0.0,2052.0
314,right_thigh,-75.99,-107.27,-107.27,31.79,2.00,31.92,0.633,0.217,9.8,2052.0
314,abdomen,-0.76,6.41,6.41,7.38,1.00,7.52,0.022,0.128,20.7,1482.0
314,thorax,11.07,9.61,9.61,1.54,1.00,1.55,0.221,0.015,0.0,1482.0
316,left_foot,-44.07,-26.50,-26.50,17.97,3.00,17.86,0.979,0.107,27.1,1710.0
316,right_foot,-40.93,-26.50,-26.50,14.48,3.00,14.60,0.910,0.078,40.1,1710.0
316,left_shank,123.44,110.44,110.44,13.01,0.00,13.01,0.851,0.086,14.9,2052.0
316,right_shank,114.45,110.44,110.44,4.01,0.00,4.01,0.789,0.030,38.8,2052.0
316,left_thigh,-82.01,-107.70,-107.70,26.54,2.00,26.97,0.683,0.185,0.0,2052.0
316,right_thigh,-76.05,-107.70,-107.70,32.16,2.00,32.28,0.634,0.219,10.0,2052.0
316,abdomen,-0.91,6.41,6.41,7.53,1.00,7.66,0.026,0.132,21.1,1482.0
316,thorax,11.04,9.61,9.61,1.50,1.00,1.53,0.221,0.014,0.0,1482.0
318,left_foot,-43.93,-26.56,-26.56,17.79,3.00,17.66,0.976,0.103,26.7,1710.0
318,right_foot,-40.66,-26.56,-26.56,14.15,3.00,14.27,0.904,0.076,39.7,1710.0
318,left_shank,124.14,110.89,110.89,13.25,0.00,13.25,0.856,0.087,16.4,2052.0
318,right_shank,114.94,110.89,110.89,4.05,0.00,4.05,0.793,0.030,38.3,2052.0
318,left_thigh,-82.19,-108.12,-108.12,26.80,2.00,27.24,0.685,0.187,0.0,2052.0
318,right_thigh,-76.12,-108.12,-108.12,32.51,2.00,32.64,0.634,0.222,10.2,2052.0
318,abdomen,-1.05,6.41,6.41,7.67,1.00,7.81,0.030,0.133,21.5,1482.0
318,thorax,10.98,9.60,9.60,1.45,1.00,1.50,0.220,0.013,0.0,1482.0
320,left_foot,-43.59,-26.63,-26.63,17.48,3.00,17.37,0.969,0.102,28.4,1710.0
320,right_foot,-40.36,-26.63,-26.63,13.80,3.00,13.92,0.897,0.072,39.5,1710.0
320,left_shank,124.82,111.34,111.34,13.48,0.00,13.48,0.861,0.090,14.0,2052.0
320,right_shank,115.41,111.34,111.34,4.07,0.00,4.07,0.796,0.030,38.1,2052.0
320,left_thigh,-82.38,-108.54,-108.54,27.04,2.00,27.48,0.687,0.187,0.0,2052.0
320,right_thigh,-76.15,-108.54,-108.54,32.90,2.00,33.03,0.635,0.225,10.4,2052.0
320,abdomen,-1.17,6.40,6.40,7.78,1.00,7.93,0.033,0.134,21.9,1482.0
320,thorax,10.93,9.60,9.60,1.39,1.00,1.46,0.219,0.013,0.0,1482.0
322,left_foot,-43.37,-26.69,-26.69,17.19,3.00,17.07,0.964,0.102,28.2,1710.0
322,right_foot,-40.01,-26.69,-26.69,13.39,3.00,13.51,0.889,0.068,39.2,1710.0
322,left_shank,125.55,111.79,111.79,13.77,0.00,13.77,0.866,0.094,21.5,2052.0
322,right_shank,115.89,111.79,111.79,4.10,0.00,4.10,0.799,0.030,37.4,2052.0
322,left_thigh,-82.59,-108.95,-108.95,27.27,2.00,27.71,0.688,0.188,0.0,2052.0
322,right_thigh,-76.19,-108.95,-108.95,33.28,2.00,33.41,0.635,0.227,10.6,2052.0
322,abdomen,-1.30,6.40,6.40,7.90,1.00,8.05,0.037,0.137,22.4,1482.0
322,thorax,10.88,9.60,9.60,1.33,1.00,1.43,0.218,0.013,0.0,1482.0
324,left_foot,-43.05,-26.75,-26.75,16.84,3.00,16.67,0.957,0.093,27.4,1710.0
324,right_foot,-39.64,-26.75,-26.75,12.95,3.00,13.08,0.881,0.064,38.8,1710.0
324,left_shank,126.27,112.23,112.23,14.05,0.00,14.05,0.871,0.093,14.1,2052.0
324,right_shank,116.35,112.23,112.23,4.12,0.00,4.12,0.802,0.029,36.9,2052.0
324,left_thigh,-82.79,-109.36,-109.36,27.48,2.00,27.93,0.690,0.190,0.0,2052.0
324,right_thigh,-76.22,-109.36,-109.36,33.65,2.00,33.78,0.635,0.230,10.9,2052.0
324,abdomen,-1.43,6.40,6.40,8.03,1.00,8.18,0.041,0.137,22.7,1482.0
324,thorax,10.81,9.60,9.60,1.26,1.00,1.40,0.216,0.011,0.0,1482.0
326,left_foot,-42.67,-26.81,-26.81,16.46,3.00,16.30,0.948,0.089,28.6,1710.0
326,right_foot,-39.31,-26.81,-26.81,12.56,3.00,12.70,0.874,0.061,39.4,1710.0
326,left_shank,126.97,112.66,112.66,14.31,0.00,14.31,0.876,0.096,14.8,2052.0
326,right_shank,116.84,112.66,112.66,4.18,0.00,4.18,0.806,0.031,39.0,2052.0
326,left_thigh,-83.01,-109.76,-109.76,27.69,2.00,28.14,0.692,0.191,0.0,2052.0
326,right_thigh,-76.20,-109.76,-109.76,34.08,2.00,34.21,0.635,0.234,11.0,2052.0
326,abdomen,-1.57,6.40,6.40,8.16,1.00,8.31,0.045,0.139,23.0,1482.0
326,thorax,10.75,9.59,9.59,1.19,1.00,1.36,0.215,0.010,0.0,1482.0
328,left_foot,-42.26,-26.87,-26.87,15.94,3.00,15.80,0.939,0.078,29.3,1710.0
328,right_foot,-38.87,-26.87,-26.87,12.06,3.00,12.19,0.864,0.051,37.8,1710.0
328,left_shank,127.69,113.09,113.09,14.60,0.00,14.60,0.881,0.097,10.5,2052.0
328,right_shank,117.26,113.09,113.09,4.17,0.00,4.17,0.809,0.029,35.7,2052.0
328,left_thigh,-83.25,-110.16,-110.16,27.84,2.00,28.30,0.694,0.192,0.0,2052.0
328,right_thigh,-76.19,-110.16,-110.16,34.48,2.00,34.61,0.635,0.237,11.4,2052.0
328,abdomen,-1.68,6.40,6.40,8.26,1.00,8.42,0.048,0.138,23.3,1482.0
328,thorax,10.67,9.59,9.59,1.11,1.00,1.32,0.213,0.009,0.0,1482.0
330,left_foot,-41.91,-26.93,-26.93,15.50,3.00,15.36,0.931,0.078,27.3,1710.0
330,right_foot,-38.27,-26.93,-26.93,11.42,3.00,11.57,0.850,0.039,38.2,1710.0
330,left_shank,128.45,113.51,113.51,14.94,0.00,14.94,0.886,0.101,9.0,2052.0
330,right_shank,117.65,113.51,113.51,4.14,0.00,4.14,0.811,0.028,36.6,2052.0
330,left_thigh,-83.47,-110.55,-110.55,28.03,2.00,28.49,0.696,0.194,0.0,2052.0
330,right_thigh,-76.23,-110.55,-110.55,34.83,2.00,34.96,0.635,0.236,11.5,2052.0
330,abdomen,-1.80,6.40,6.40,8.38,1.00,8.55,0.052,0.141,23.8,1482.0
330,thorax,10.60,9.59,9.59,1.04,1.00,1.27,0.212,0.008,0.0,1482.0
332,left_foot,-41.41,-27.00,-27.00,14.99,3.00,14.81,0.920,0.073,27.4,1710.0
332,right_foot,-37.53,-27.00,-27.00,10.63,3.00,10.79,0.834,0.028,37.9,1710.0
332,left_shank,129.18,114.00,114.00,15.18,0.00,15.18,0.891,0.102,9.0,2052.0
332,right_shank,118.25,114.00,114.00,4.25,0.00,4.25,0.816,0.022,36.8,2052.0
332,left_thigh,-83.70,-111.00,-111.00,28.27,2.00,28.74,0.698,0.194,0.0,2052.0
332,right_thigh,-76.58,-111.00,-111.00,34.94,2.00,35.08,0.638,0.234,11.8,2052.0
332,abdomen,-2.17,6.40,6.40,8.70,1.00,8.87,0.062,0.156,24.4,1482.0
332,thorax,10.60,9.59,9.59,1.03,1.00,1.29,0.212,0.014,0.0,1482.0
334,left_foot,-40.78,-27.00,-27.00,14.36,3.00,14.18,0.906,0.065,26.1,1710.0
334,right_foot,-37.00,-27.00,-27.00,10.17,3.00,10.23,0.822,0.045,33.9,1710.0
334,left_shank,129.81,114.00,114.00,15.81,0.00,15.81,0.895,0.123,1.7,2052.0
334,right_shank,118.80,114.00,114.00,4.80,0.00,4.80,0.819,0.054,36.6,2052.0
334,left_thigh,-84.15,-111.00,-111.00,27.88,2.00,28.37,0.701,0.172,0.0,2052.0
334,right_thigh,-76.86,-111.00,-111.00,34.67,2.00,34.81,0.640,0.212,10.3,2052.0
334,abdomen,-2.62,6.40,6.40,9.10,1.00,9.26,0.075,0.158,23.4,1482.0
334,thorax,10.52,9.59,9.59,0.96,1.00,1.24,0.210,0.008,0.0,1482.0
336,left_foot,-40.14,-27.00,-27.00,13.68,3.00,13.50,0.892,0.059,25.2,1710.0
336,right_foot,-36.32,-27.00,-27.00,9.50,3.00,9.59,0.807,0.027,32.4,1710.0
336,left_shank,130.62,114.00,114.00,16.62,0.00,16.62,0.901,0.129,1.6,2052.0
336,right_shank,119.22,114.00,114.00,5.22,0.00,5.22,0.822,0.051,31.8,2052.0
336,left_thigh,-84.58,-111.00,-111.00,27.48,2.00,27.99,0.705,0.172,0.0,2052.0
336,right_thigh,-76.92,-111.00,-111.00,34.60,2.00,34.75,0.641,0.220,11.8,2052.0
336,abdomen,-2.90,6.40,6.40,9.38,1.00,9.55,0.083,0.156,24.6,1482.0
336,thorax,10.44,9.59,9.59,0.88,1.00,1.16,0.209,0.007,0.0,1482.0
338,left_foot,-39.56,-27.00,-27.00,12.97,2.42,12.90,0.879,0.069,23.9,1710.0
338,right_foot,-35.73,-27.00,-27.00,8.87,2.42,9.04,0.794,0.029,33.7,1710.0
338,left_shank,131.50,114.00,114.00,17.50,0.00,17.50,0.907,0.139,6.6,2052.0
338,right_shank,119.69,114.00,114.00,5.69,0.00,5.69,0.825,0.056,32.4,2052.0
338,left_thigh,-84.94,-111.00,-111.00,27.35,1.21,27.68,0.708,0.175,0.0,2052.0
338,right_thigh,-76.86,-111.00,-111.00,34.70,1.21,34.81,0.640,0.222,12.0,2052.0
338,abdomen,-3.12,6.40,6.40,9.67,0.61,9.79,0.089,0.160,24.8,1482.0
338,thorax,10.34,9.59,9.59,0.79,0.61,1.11,0.207,0.005,0.0,1482.0
340,left_foot,-38.97,-27.00,-27.00,12.38,2.42,12.32,0.866,0.052,24.3,1710.0
340,right_foot,-34.97,-27.00,-27.00,8.16,2.42,8.37,0.777,0.024,36.0,1710.0
340,left_shank,132.31,114.00,114.00,18.32,0.00,18.32,0.913,0.141,8.9,2052.0
340,right_shank,120.09,114.00,114.00,6.09,0.00,6.09,0.828,0.059,35.1,2052.0
340,left_thigh,-85.20,-111.00,-111.00,27.11,1.21,27.45,0.710,0.176,0.0,2052.0
340,right_thigh,-76.78,-111.00,-111.00,34.78,1.21,34.88,0.640,0.225,12.1,2052.0
340,abdomen,-3.26,6.40,6.40,9.82,0.61,9.94,0.093,0.156,25.1,1482.0
340,thorax,10.22,9.59,9.59,0.68,0.61,1.03,0.204,0.004,0.0,1482.0
342,left_foot,-38.11,-27.00,-27.00,11.59,2.42,11.55,0.847,0.040,26.0,1710.0
342,right_foot,-34.33,-27.00,-27.00,7.52,2.42,7.73,0.763,0.016,35.7,1710.0
342,left_shank,133.09,114.00,114.00,19.09,0.00,19.09,0.918,0.144,10.3,2052.0
342,right_shank,120.56,114.00,114.00,6.57,0.00,6.57,0.831,0.061,35.7,2052.0
342,left_thigh,-85.43,-111.00,-111.00,26.92,1.21,27.27,0.712,0.176,0.0,2052.0
342,right_thigh,-76.57,-111.00,-111.00,34.98,1.21,35.09,0.638,0.231,12.1,2052.0
342,abdomen,-3.36,6.40,6.40,9.94,0.61,10.07,0.096,0.156,24.7,1482.0
342,thorax,10.10,9.59,9.59,0.56,0.61,0.95,0.202,0.002,0.0,1482.0
344,left_foot,-37.31,-27.00,-27.00,10.78,2.42,10.75,0.829,0.030,25.5,1710.0
344,right_foot,-33.46,-27.00,-27.00,6.68,2.42,6.98,0.744,0.012,35.0,1710.0
344,left_shank,133.88,114.00,114.00,19.88,0.00,19.88,0.923,0.148,16.5,2052.0
344,right_shank,120.92,114.00,114.00,6.92,0.00,6.92,0.834,0.061,34.9,2052.0
344,left_thigh,-85.68,-111.00,-111.00,26.70,1.21,27.06,0.714,0.174,0.0,2052.0
344,right_thigh,-76.37,-111.00,-111.00,35.16,1.21,35.28,0.636,0.234,12.1,2052.0
344,abdomen,-3.43,6.40,6.40,10.03,0.61,10.17,0.098,0.155,24.3,1482.0
344,thorax,9.95,9.59,9.59,0.43,0.61,0.88,0.199,0.003,0.0,1482.0
346,left_foot,-35.40,-27.00,-27.00,8.72,2.46,9.02,0.787,0.028,31.5,1710.0
346,right_foot,-32.66,-27.00,-27.00,5.91,2.46,6.29,0.726,0.019,34.5,1710.0
346,left_shank,133.95,114.00,114.00,19.95,0.00,19.95,0.924,0.149,28.3,2052.0
346,right_shank,121.31,114.00,114.00,7.31,0.00,7.31,0.837,0.062,34.4,2052.0
346,left_thigh,-86.18,-111.00,-111.00,26.05,1.23,26.39,0.718,0.158,0.1,2052.0
346,right_thigh,-76.09,-111.00,-111.00,35.44,1.23,35.54,0.634,0.230,12.3,2052.0
346,abdomen,-3.60,6.40,6.40,10.35,0.61,10.51,0.103,0.178,18.4,1482.0
346,thorax,9.83,9.59,9.59,0.28,0.61,0.81,0.197,0.003,0.0,1482.0
348,left_foot,-34.30,-27.00,-27.00,7.57,2.46,8.00,0.762,0.014,31.6,1710.0
348,right_foot,-31.73,-27.00,-27.00,4.97,2.46,5.20,0.705,0.053,31.6,1710.0
348,left_shank,134.53,114.00,114.00,20.53,0.00,20.53,0.928,0.150,35.0,2052.0
348,right_shank,121.56,114.00,114.00,7.56,0.00,7.56,0.838,0.059,31.1,2052.0
348,left_thigh,-86.67,-111.00,-111.00,25.51,1.23,25.85,0.722,0.160,0.0,2052.0
348,right_thigh,-76.05,-111.00,-111.00,35.50,1.23,35.59,0.634,0.228,10.8,2052.0
348,abdomen,-3.92,6.40,6.40,10.76,0.61,10.92,0.112,0.178,19.0,1482.0
348,thorax,9.70,9.59,9.59,0.00,0.61,0.70,0.194,0.007,0.0,1482.0
350,left_foot,-33.09,-27.00,-27.00,6.45,2.42,6.94,0.735,0.022,29.3,1710.0
350,right_foot,-30.58,-27.00,-27.00,4.02,2.42,4.04,0.680,0.033,26.6,1710.0
350,left_shank,135.03,114.00,114.00,21.03,0.00,21.03,0.931,0.151,38.2,2052.0
350,right_shank,121.84,114.00,114.00,7.84,0.00,7.84,0.840,0.050,28.4,2052.0
350,left_thigh,-87.12,-111.00,-111.00,25.09,1.21,25.43,0.726,0.158,0.0,2052.0
350,right_thigh,-76.28,-111.00,-111.00,35.27,1.21,35.36,0.636,0.228,10.3,2052.0
350,abdomen,-4.44,6.40,6.40,11.30,0.61,11.46,0.127,0.187,19.0,1482.0
350,thorax,9.60,9.59,9.59,0.00,0.61,0.61,0.192,0.008,0.0,1482.0
352,left_foot,-31.90,-27.00,-27.00,5.26,3.00,5.82,0.709,0.032,27.3,1710.0
352,right_foot,-29.70,-27.00,-27.00,3.75,3.00,3.24,0.660,0.043,22.2,1710.0
352,left_shank,135.35,114.00,114.00,21.36,0.00,21.36,0.933,0.148,52.0,2052.0
352,right_shank,121.83,114.00,114.00,7.83,0.00,7.83,0.840,0.052,25.3,2052.0
352,left_thigh,-87.57,-111.00,-111.00,24.55,1.65,25.03,0.730,0.156,0.0,2052.0
352,right_thigh,-76.38,-111.00,-111.00,35.13,1.65,35.26,0.637,0.228,8.9,2052.0
352,abdomen,-4.92,6.40,6.40,11.70,0.83,11.91,0.141,0.181,17.7,1482.0
352,thorax,9.43,9.59,9.59,0.38,0.83,0.57,0.189,0.011,0.0,1482.0
354,left_foot,-30.67,-27.00,-27.00,3.96,3.00,4.74,0.681,0.040,27.0,1710.0
354,right_foot,-29.00,-27.00,-27.00,3.52,3.00,2.89,0.644,0.031,22.3,1710.0
354,left_shank,135.63,114.00,114.00,21.63,0.00,21.63,0.935,0.147,60.8,2052.0
354,right_shank,121.66,114.00,114.00,7.67,0.00,7.67,0.839,0.047,29.8,2052.0
354,left_thigh,-87.95,-111.00,-111.00,24.22,1.63,24.72,0.733,0.156,0.0,2052.0
354,right_thigh,-76.32,-111.00,-111.00,35.18,1.63,35.32,0.636,0.234,9.5,2052.0
354,abdomen,-5.19,6.40,6.40,11.98,0.81,12.20,0.148,0.177,18.0,1482.0
354,thorax,9.24,9.59,9.59,0.48,0.81,0.63,0.185,0.011,0.0,1482.0
356,left_foot,-29.28,-27.00,-27.00,2.54,3.00,3.78,0.651,0.058,28.9,1710.0
356,right_foot,-28.42,-27.00,-27.00,3.27,3.00,2.48,0.632,0.029,22.1,1710.0
356,left_shank,135.81,114.00,114.00,21.81,0.00,21.81,0.937,0.145,73.1,2052.0
356,right_shank,121.52,114.00,114.00,7.52,0.00,7.52,0.838,0.044,23.9,2052.0
356,left_thigh,-88.27,-111.00,-111.00,23.97,1.58,24.47,0.736,0.156,0.0,2052.0
356,right_thigh,-76.14,-111.00,-111.00,35.38,1.58,35.52,0.634,0.237,9.5,2052.0
356,abdomen,-5.36,6.40,6.40,12.16,0.79,12.38,0.153,0.174,17.9,1482.0
356,thorax,9.04,9.59,9.59,0.63,0.79,0.76,0.181,0.014,0.0,1482.0
358,left_foot,-27.85,-27.00,-27.00,1.11,3.00,3.20,0.619,0.038,32.2,1710.0
358,right_foot,-28.02,-27.00,-27.00,3.44,3.00,2.48,0.623,0.013,21.0,1710.0
358,left_shank,135.92,114.00,114.00,21.92,0.00,21.92,0.937,0.145,86.9,2052.0
358,right_shank,121.27,114.00,114.00,7.27,0.00,7.27,0.836,0.040,25.8,2052.0
358,left_thigh,-88.55,-111.00,-111.00,23.74,1.56,24.26,0.738,0.155,0.0,2052.0
358,right_thigh,-75.92,-111.00,-111.00,35.60,1.56,35.75,0.633,0.242,9.7,2052.0
358,abdomen,-5.40,6.40,6.40,12.24,0.78,12.46,0.154,0.170,18.0,1482.0
358,thorax,8.86,9.59,9.59,0.78,0.78,0.89,0.177,0.013,0.0,1482.0
360,left_foot,-26.24,-27.00,-27.00,1.06,3.00,3.78,0.583,0.037,35.2,1710.0
360,right_foot,-27.56,-27.00,-27.00,3.08,3.00,2.28,0.612,0.018,19.8,1710.0
360,left_shank,135.71,114.00,114.00,21.71,0.00,21.71,0.936,0.148,93.4,2052.0
360,right_shank,121.00,114.00,114.00,7.01,0.00,7.01,0.834,0.037,20.7,2052.0
360,left_thigh,-88.89,-111.00,-111.00,23.39,1.52,23.90,0.741,0.147,0.0,2052.0
360,right_thigh,-75.55,-111.00,-111.00,35.98,1.52,36.12,0.630,0.238,9.7,2052.0
360,abdomen,-5.40,6.40,6.40,12.34,0.76,12.57,0.154,0.181,18.5,1482.0
360,thorax,8.72,9.59,9.59,0.91,0.76,1.00,0.174,0.017,0.0,1482.0
362,left_foot,-24.82,-27.00,-27.00,2.45,2.97,4.57,0.552,0.053,38.3,1710.0
362,right_foot,-27.06,-27.00,-27.00,3.18,2.97,2.08,0.601,0.032,17.0,1710.0
362,left_shank,135.58,114.00,114.00,21.58,0.00,21.58,0.935,0.138,122.9,2052.0
362,right_shank,120.69,114.00,114.00,6.70,0.00,6.70,0.832,0.032,18.1,2052.0
362,left_thigh,-89.38,-111.00,-111.00,22.87,1.49,23.36,0.745,0.147,0.0,2052.0
362,right_thigh,-75.35,-111.00,-111.00,36.19,1.49,36.33,0.628,0.245,9.3,2052.0
362,abdomen,-5.50,6.40,6.40,12.57,0.74,12.80,0.157,0.183,14.3,1482.0
362,thorax,8.61,9.59,9.59,1.02,0.74,1.08,0.172,0.013,0.0,1482.0
364,left_foot,-23.88,-26.97,-26.97,3.53,3.00,5.51,0.531,0.029,42.5,1710.0
364,right_foot,-27.30,-26.97,-26.97,5.03,3.00,2.10,0.607,0.043,6.1,1710.0
364,left_shank,135.63,113.76,113.76,21.87,0.00,21.87,0.935,0.163,130.9,2052.0
364,right_shank,120.10,113.76,113.76,6.35,0.00,6.35,0.828,0.026,18.8,2052.0
364,left_thigh,-89.82,-110.78,-110.78,22.21,1.52,22.73,0.749,0.130,0.0,2052.0
364,right_thigh,-75.49,-110.78,-110.78,35.82,1.52,35.97,0.629,0.219,9.0,2052.0
364,abdomen,-5.82,6.40,6.40,12.91,0.76,13.15,0.166,0.189,15.1,1482.0
364,thorax,8.57,9.59,9.59,1.07,0.76,1.11,0.171,0.009,0.0,1482.0
366,left_foot,-23.58,-26.90,-26.90,3.82,2.97,5.65,0.524,0.028,39.3,1710.0
366,right_foot,-27.67,-26.90,-26.90,3.21,2.97,0.78,0.615,0.023,0.3,1710.0
366,left_shank,135.79,113.28,113.28,22.50,0.00,22.50,0.936,0.170,142.4,2052.0
366,right_shank,119.03,113.28,113.28,5.76,0.00,5.76,0.821,0.018,0.6,2052.0
366,left_thigh,-90.34,-110.33,-110.33,21.33,1.49,21.87,0.753,0.129,0.0,2052.0
366,right_thigh,-76.05,-110.33,-110.33,34.83,1.49,34.98,0.634,0.189,8.3,2052.0
366,abdomen,-6.09,6.40,6.40,13.16,0.74,13.40,0.174,0.182,16.1,1482.0
366,thorax,8.58,9.59,9.59,1.07,0.74,1.09,0.172,0.008,0.0,1482.0
368,left_foot,-23.07,-26.83,-26.83,4.20,2.91,5.70,0.513,0.048,36.2,1710.0
368,right_foot,-28.11,-26.83,-26.83,3.30,2.91,1.28,0.625,0.024,1.1,1710.0
368,left_shank,135.85,112.81,112.81,23.04,0.00,23.04,0.937,0.170,152.0,2052.0
368,right_shank,117.81,112.81,112.81,5.01,0.00,5.01,0.812,0.012,8.2,2052.0
368,left_thigh,-90.46,-109.90,-109.90,20.78,1.45,21.32,0.754,0.134,0.1,2052.0
368,right_thigh,-76.39,-109.90,-109.90,34.07,1.45,34.21,0.637,0.188,9.3,2052.0
368,abdomen,-6.17,6.40,6.40,13.23,0.73,13.46,0.176,0.182,17.7,1482.0
368,thorax,8.78,9.59,9.59,0.89,0.73,0.90,0.176,0.008,0.0,1482.0
370,left_foot,-22.43,-26.77,-26.77,4.85,2.73,6.00,0.498,0.044,36.0,1710.0
370,right_foot,-28.50,-26.77,-26.77,3.34,2.73,1.74,0.633,0.025,1.3,1710.0
370,left_shank,135.85,112.35,112.35,23.50,0.00,23.50,0.937,0.172,150.1,2052.0
370,right_shank,116.66,112.35,112.35,4.32,0.00,4.32,0.805,0.009,9.5,2052.0
370,left_thigh,-90.40,-109.47,-109.47,20.40,1.36,20.92,0.753,0.135,0.1,2052.0
370,right_thigh,-76.67,-109.47,-109.47,33.36,1.36,33.50,0.639,0.185,9.4,2052.0
370,abdomen,-6.28,6.40,6.40,13.33,0.68,13.54,0.179,0.186,18.2,1482.0
370,thorax,8.99,9.60,9.60,0.67,0.68,0.72,0.180,0.007,0.0,1482.0
372,left_foot,-21.09,-26.70,-26.70,6.01,2.52,6.91,0.469,0.049,32.4,1710.0
372,right_foot,-28.85,-26.70,-26.70,3.41,2.52,2.15,0.641,0.026,1.3,1710.0
372,left_shank,135.74,111.89,111.89,23.85,0.00,23.85,0.936,0.170,144.8,2052.0
372,right_shank,115.60,111.89,111.89,3.72,0.00,3.72,0.797,0.008,9.5,2052.0
372,left_thigh,-90.24,-109.04,-109.04,20.11,1.26,20.59,0.752,0.135,0.1,2052.0
372,right_thigh,-76.96,-109.04,-109.04,32.66,1.26,32.78,0.641,0.181,9.2,2052.0
372,abdomen,-6.42,6.40,6.40,13.47,0.63,13.66,0.183,0.187,18.3,1482.0
372,thorax,9.14,9.60,9.60,0.50,0.63,0.63,0.183,0.005,0.0,1482.0
374,left_foot,-19.69,-26.65,-26.64,7.89,0.00,7.98,0.438,0.047,32.7,1710.0
374,right_foot,-29.14,-26.65,-26.64,2.52,0.00,2.50,0.648,0.021,0.7,1710.0
374,left_shank,135.48,111.44,111.44,24.04,0.00,24.04,0.934,0.165,139.6,2052.0
374,right_shank,114.64,111.44,111.44,3.21,0.00,3.21,0.791,0.009,5.7,2052.0
374,left_thigh,-90.03,-108.63,-108.63,20.28,0.00,20.29,0.750,0.138,0.1,2052.0
374,right_thigh,-77.23,-108.63,-108.63,32.06,0.00,32.07,0.644,0.178,9.0,2052.0
374,abdomen,-6.54,6.40,6.40,13.75,0.00,13.76,0.187,0.186,18.1,1482.0
374,thorax,9.21,9.60,9.60,0.62,0.00,0.63,0.184,0.009,0.0,1482.0
376,left_foot,-18.10,-26.58,-26.58,9.45,0.00,9.47,0.402,0.052,31.1,1710.0
376,right_foot,-29.38,-26.58,-26.58,2.80,0.00,2.80,0.653,0.022,1.2,1710.0
376,left_shank,135.10,110.99,110.99,24.11,0.00,24.11,0.932,0.162,134.0,2052.0
376,right_shank,113.76,110.99,110.99,2.78,0.00,2.78,0.785,0.008,8.5,2052.0
376,left_thigh,-89.79,-108.21,-108.21,19.98,0.00,19.99,0.748,0.136,0.1,2052.0
376,right_thigh,-77.48,-108.21,-108.21,31.36,0.00,31.36,0.646,0.174,8.8,2052.0
376,abdomen,-6.64,6.41,6.41,13.83,0.00,13.83,0.190,0.185,17.9,1482.0
376,thorax,9.23,9.60,9.60,0.65,0.00,0.66,0.185,0.008,0.0,1482.0
378,left_foot,-16.52,-26.52,-26.52,10.78,0.00,10.79,0.367,0.069,26.4,1710.0
378,right_foot,-29.57,-26.52,-26.52,3.05,0.00,3.05,0.657,0.023,1.3,1710.0
378,left_shank,134.31,110.55,110.55,23.77,0.00,23.77,0.926,0.148,127.6,2052.0
378,right_shank,112.95,110.55,110.55,2.42,0.00,2.42,0.779,0.009,9.2,2052.0
378,left_thigh,-89.55,-107.80,-107.80,19.72,0.00,19.72,0.746,0.133,0.1,2052.0
378,right_thigh,-77.66,-107.80,-107.80,30.74,0.00,30.74,0.647,0.171,8.7,2052.0
378,abdomen,-6.65,6.41,6.41,13.82,0.00,13.83,0.190,0.183,17.5,1482.0
378,thorax,9.24,9.61,9.61,0.69,0.00,0.70,0.185,0.009,0.0,1482.0
380,left_foot,-15.16,-26.46,-26.46,12.03,0.00,12.04,0.337,0.070,24.4,1710.0
380,right_foot,-29.72,-26.46,-26.46,3.27,0.00,3.27,0.661,0.023,1.1,1710.0
380,left_shank,133.31,110.10,110.10,23.21,0.00,23.21,0.919,0.139,110.9,2052.0
380,right_shank,112.22,110.10,110.10,2.13,0.00,2.13,0.774,0.009,7.1,2052.0
380,left_thigh,-89.30,-107.39,-107.39,19.48,0.00,19.49,0.744,0.129,0.1,2052.0
380,right_thigh,-77.82,-107.39,-107.39,30.13,0.00,30.13,0.649,0.167,8.5,2052.0
380,abdomen,-6.64,6.41,6.41,13.81,0.00,13.82,0.190,0.183,17.2,1482.0
380,thorax,9.23,9.61,9.61,0.75,0.00,0.76,0.185,0.010,0.0,1482.0
382,left_foot,-14.02,-26.40,-26.40,13.05,0.00,13.06,0.312,0.070,21.4,1710.0
382,right_foot,-29.85,-26.40,-26.40,3.46,0.00,3.46,0.663,0.024,0.7,1710.0
382,left_shank,132.15,109.67,109.67,22.49,0.00,22.49,0.911,0.129,91.7,2052.0
382,right_shank,111.54,109.67,109.67,1.88,0.00,1.88,0.769,0.009,4.6,2052.0
382,left_thigh,-89.01,-106.99,-106.99,19.29,0.00,19.29,0.742,0.126,0.1,2052.0
382,right_thigh,-77.98,-106.99,-106.99,29.53,0.00,29.53,0.650,0.164,8.3,2052.0
382,abdomen,-6.63,6.41,6.41,13.79,0.00,13.79,0.189,0.181,16.9,1482.0
382,thorax,9.21,9.61,9.61,0.82,0.00,0.83,0.184,0.011,0.0,1482.0
384,left_foot,-13.16,-26.34,-26.34,13.77,0.00,13.79,0.292,0.068,18.0,1710.0
384,right_foot,-29.95,-26.34,-26.34,3.62,0.00,3.62,0.666,0.024,0.4,1710.0
384,left_shank,130.85,109.23,109.23,21.62,0.00,21.62,0.902,0.118,72.7,2052.0
384,right_shank,110.90,109.23,109.23,1.69,0.00,1.69,0.765,0.009,2.3,2052.0
384,left_thigh,-88.71,-106.58,-106.58,19.12,0.00,19.13,0.739,0.123,0.0,2052.0
384,right_thigh,-78.12,-106.58,-106.58,28.94,0.00,28.94,0.651,0.160,8.1,2052.0
384,abdomen,-6.58,6.41,6.41,13.73,0.00,13.74,0.188,0.179,16.5,1482.0
384,thorax,9.17,9.62,9.62,0.89,0.00,0.89,0.183,0.010,0.0,1482.0
386,left_foot,-12.37,-26.28,-26.28,14.51,0.00,14.52,0.275,0.054,19.2,1710.0
386,right_foot,-30.05,-26.28,-26.28,3.78,0.00,3.78,0.668,0.025,0.9,1710.0
386,left_shank,129.60,108.79,108.79,20.81,0.00,20.81,0.894,0.112,77.6,2052.0
386,right_shank,110.36,108.79,108.79,1.59,0.00,1.59,0.761,0.012,4.6,2052.0
386,left_thigh,-88.43,-106.18,-106.18,18.99,0.00,19.00,0.737,0.122,0.0,2052.0
386,right_thigh,-78.42,-106.18,-106.18,28.22,0.00,28.22,0.653,0.150,8.2,2052.0
386,abdomen,-6.38,6.42,6.42,13.61,0.00,13.62,0.182,0.172,16.8,1482.0
386,thorax,9.36,9.62,9.62,1.15,0.00,1.15,0.187,0.043,0.0,1482.0
388,left_foot,-12.39,-26.22,-26.22,14.31,0.00,14.32,0.275,0.060,22.7,1710.0
388,right_foot,-30.11,-26.22,-26.22,3.90,0.00,3.90,0.669,0.022,1.5,1710.0
388,left_shank,128.27,108.35,108.35,19.92,0.00,19.92,0.885,0.103,105.7,2052.0
388,right_shank,110.06,108.35,108.35,1.73,0.00,1.73,0.759,0.015,5.5,2052.0
388,left_thigh,-88.18,-105.77,-105.77,18.90,0.00,18.91,0.735,0.123,0.0,2052.0
388,right_thigh,-79.02,-105.77,-105.77,27.24,0.00,27.24,0.659,0.138,8.0,2052.0
388,abdomen,-6.20,6.42,6.42,13.61,0.00,13.61,0.177,0.180,17.7,1482.0
388,thorax,9.83,9.62,9.62,2.13,0.00,2.13,0.197,0.091,0.0,1482.0
390,left_foot,-13.33,-26.16,-26.16,12.87,0.00,12.88,0.296,0.373,13.4,1710.0
390,right_foot,-29.91,-26.16,-26.16,3.76,0.00,3.76,0.665,0.019,7.0,1710.0
390,left_shank,127.32,107.92,107.92,19.41,0.00,19.41,0.878,0.131,12.9,2052.0
390,right_shank,110.09,107.92,107.92,2.21,0.00,2.21,0.759,0.040,71.9,2052.0
390,left_thigh,-87.21,-105.37,-105.37,19.63,0.00,19.64,0.727,0.171,0.0,2052.0
390,right_thigh,-78.64,-105.37,-105.37,27.53,0.00,27.53,0.655,0.250,7.6,2052.0
390,abdomen,-5.53,6.42,6.42,13.37,0.00,13.37,0.158,0.137,15.1,1482.0
390,thorax,10.47,9.63,9.63,3.73,0.00,3.74,0.209,0.132,0.0,1482.0
392,left_foot,-16.26,-26.10,-26.10,9.84,0.00,9.84,0.361,0.019,4.5,1710.0
392,right_foot,-29.38,-26.10,-26.10,3.29,0.00,3.29,0.653,0.017,3.2,1710.0
392,left_shank,126.03,107.48,107.48,18.56,0.00,18.56,0.869,0.085,47.3,2052.0
392,right_shank,110.70,107.48,107.48,3.26,0.00,3.26,0.763,0.050,31.5,2052.0
392,left_thigh,-85.96,-104.96,-104.96,20.74,0.00,20.75,0.716,0.137,2.2,2052.0
392,right_thigh,-77.93,-104.96,-104.96,28.36,0.00,28.37,0.649,0.198,5.9,2052.0
392,abdomen,-4.15,6.42,6.42,12.72,0.00,12.72,0.118,0.146,9.7,1482.0
392,thorax,10.98,9.63,9.63,5.53,0.00,5.53,0.220,0.143,0.1,1482.0
394,left_foot,-18.58,-26.03,-26.03,7.46,0.00,7.46,0.413,0.048,9.0,1710.0
394,right_foot,-29.03,-26.03,-26.03,3.00,0.00,3.00,0.645,0.016,8.6,1710.0
394,left_shank,123.79,107.04,107.04,16.76,0.00,16.76,0.854,0.079,66.7,2052.0
394,right_shank,111.12,107.04,107.04,4.12,0.00,4.12,0.766,0.056,70.9,2052.0
394,left_thigh,-86.15,-104.56,-104.56,20.22,0.00,20.22,0.718,0.146,3.8,2052.0
394,right_thigh,-79.16,-104.56,-104.56,26.86,0.00,26.86,0.660,0.176,3.6,2052.0
394,abdomen,-4.94,6.42,6.42,13.63,0.00,13.63,0.141,0.183,15.4,1482.0
394,thorax,11.43,9.63,9.63,6.78,0.00,6.78,0.229,0.142,0.1,1482.0
396,left_foot,-20.42,-25.97,-25.97,5.56,0.00,5.56,0.454,0.023,5.3,1710.0
396,right_foot,-28.59,-25.97,-25.97,2.64,0.00,2.64,0.635,0.026,3.8,1710.0
396,left_shank,121.93,106.60,106.60,15.33,0.00,15.33,0.841,0.064,51.0,2052.0
396,right_shank,111.30,106.60,106.60,4.73,0.00,4.73,0.768,0.039,37.7,2052.0
396,left_thigh,-85.10,-104.15,-104.15,21.10,0.00,21.10,0.709,0.151,5.2,2052.0
396,right_thigh,-79.05,-104.15,-104.15,27.06,0.00,27.06,0.659,0.185,3.8,2052.0
396,abdomen,-4.49,6.43,6.43,14.19,0.00,14.19,0.128,0.194,8.8,1482.0
396,thorax,11.31,9.63,9.63,7.78,0.00,7.78,0.226,0.132,0.1,1482.0
398,left_foot,-21.78,-25.91,-25.91,4.14,0.00,4.14,0.484,0.030,5.1,1710.0
398,right_foot,-28.23,-25.91,-25.91,2.35,0.00,2.35,0.627,0.017,6.1,1710.0
398,left_shank,119.99,106.15,106.15,13.85,0.00,13.85,0.828,0.053,40.7,2052.0
398,right_shank,111.43,106.15,106.15,5.28,0.00,5.28,0.768,0.042,45.0,2052.0
398,left_thigh,-84.50,-103.73,-103.73,21.56,0.00,21.56,0.704,0.169,6.4,2052.0
398,right_thigh,-78.98,-103.73,-103.73,27.01,0.00,27.01,0.658,0.197,1.4,2052.0
398,abdomen,-4.38,6.43,6.43,14.58,0.00,14.58,0.125,0.139,10.4,1482.0
398,thorax,11.32,9.64,9.64,8.24,0.00,8.24,0.226,0.089,0.0,1482.0
