tick,sq,state,failure_reason,com_ap,com_vel_ap,capture_ap,sup_ap_min,sup_ap_max,cop_ap,has_cop,contacts,slip_mps,pelvis_y,trunk_pitch_deg,sad_attached,sad_sep_m,sad_force_n,sad_torque_nm,sad_dev_x_deg,sad_dev_y_deg,sad_dev_z_deg,bar_d_ap_m,bar_d_up_m,bar_d_lat_m,max_demand,max_demand_joint,max_torque_ratio,max_torque_joint,chain_demand,chain_demand_joint,chain_track_err_deg,chain_track_joint,chain_limit_prox,chain_limit_joint,chain_cmd_offset_deg,chain_cmd_joint,posture_err_rad,posture_worst_joint,max_omega,max_speed
0,0.0030,DESCENT,NONE,-0.0294,-0.0003,-0.0295,-0.1547,0.1353,-0.0271,1,8,0.0012,0.9793,2.23,0,0.0000,0.0,0.0,0.00,0.00,0.00,0.0000,0.0000,0.0000,0.282,left_upper_arm,0.083,right_upper_arm,0.039,right_foot,7.41,right_foot,0.050,abdomen,6.71,left_foot,0.0326,abdomen,0.27,0.06
1,0.0060,DESCENT,NONE,-0.0294,-0.0003,-0.0295,-0.1547,0.1353,-0.0358,1,8,0.0015,0.9793,2.21,0,0.0000,0.0,0.0,0.00,0.00,0.00,0.0000,0.0000,0.0000,0.282,left_upper_arm,0.084,right_upper_arm,0.048,left_thigh,8.43,right_foot,0.049,abdomen,9.00,left_foot,0.0329,abdomen,0.29,0.06
2,0.0090,DESCENT,NONE,-0.0294,-0.0015,-0.0299,-0.1547,0.1353,-0.0290,1,8,0.0024,0.9794,2.19,0,0.0000,0.0,0.0,0.00,0.00,0.00,0.0000,0.0000,0.0000,0.282,left_upper_arm,0.084,right_upper_arm,0.050,left_thigh,7.18,right_foot,0.067,left_shank,6.71,left_foot,0.0326,abdomen,0.28,0.06
3,0.0120,DESCENT,NONE,-0.0294,-0.0016,-0.0300,-0.1547,0.1353,-0.0332,1,8,0.0015,0.9795,2.18,0,0.0000,0.0,0.0,0.00,0.00,0.00,0.0000,0.0000,0.0000,0.283,left_upper_arm,0.084,right_upper_arm,0.051,left_thigh,7.60,right_foot,0.106,left_shank,7.64,left_foot,0.0330,abdomen,0.25,0.05
4,0.0150,DESCENT,NONE,-0.0294,-0.0005,-0.0296,-0.1547,0.1353,-0.0298,1,8,0.0012,0.9796,2.17,0,0.0000,0.0,0.0,0.00,0.00,0.00,0.0000,0.0000,0.0000,0.284,left_upper_arm,0.084,right_upper_arm,0.052,left_shank,6.39,right_foot,0.140,left_shank,5.36,left_foot,0.0335,abdomen,0.22,0.05
5,0.0180,DESCENT,NONE,-0.0294,0.0010,-0.0291,-0.1547,0.1353,-0.0348,1,8,0.0003,0.9796,2.17,0,0.0000,0.0,0.0,0.00,0.00,0.00,0.0000,0.0000,0.0000,0.285,left_upper_arm,0.084,right_upper_arm,0.052,left_thigh,7.28,right_foot,0.163,left_shank,7.65,left_foot,0.0423,left_shank,0.19,0.04
6,0.0210,DESCENT,NONE,-0.0294,0.0027,-0.0285,-0.1547,0.1353,-0.0292,1,8,0.0013,0.9797,2.18,0,0.0000,0.0,0.0,0.00,0.00,0.00,0.0000,0.0000,0.0000,0.285,left_upper_arm,0.084,right_upper_arm,0.053,left_thigh,8.38,right_foot,0.180,left_shank,9.39,left_foot,0.0504,left_shank,0.17,0.04
7,0.0240,DESCENT,NONE,-0.0294,0.0040,-0.0280,-0.1547,0.1353,-0.0219,1,8,0.0009,0.9797,2.19,0,0.0000,0.0,0.0,0.00,0.00,0.00,0.0000,0.0000,0.0000,0.286,left_upper_arm,0.084,right_upper_arm,0.054,left_shank,7.20,right_foot,0.191,left_shank,7.09,left_foot,0.0580,left_shank,0.14,0.03
8,0.0270,DESCENT,NONE,-0.0293,0.0044,-0.0279,-0.1547,0.1353,-0.0251,1,8,0.0007,0.9797,2.21,0,0.0000,0.0,0.0,0.00,0.00,0.00,0.0000,0.0000,0.0000,0.287,left_upper_arm,0.084,right_upper_arm,0.053,left_thigh,6.78,right_foot,0.192,left_shank,7.58,left_foot,0.0652,left_shank,0.11,0.03
9,0.0300,DESCENT,NONE,-0.0293,0.0042,-0.0279,-0.1547,0.1353,-0.0257,1,8,0.0006,0.9797,2.23,0,0.0000,0.0,0.0,0.00,0.00,0.00,0.0000,0.0000,0.0000,0.288,left_upper_arm,0.083,right_upper_arm,0.054,left_thigh,7.02,right_foot,0.185,left_shank,7.93,left_foot,0.0715,left_shank,0.08,0.03
10,0.0330,DESCENT,NONE,-0.0292,0.0040,-0.0279,-0.1547,0.1353,-0.0236,1,8,0.0010,0.9797,2.26,0,0.0000,0.0,0.0,0.00,0.00,0.00,0.0000,0.0000,0.0000,0.288,left_upper_arm,0.083,right_upper_arm,0.055,left_thigh,5.89,right_foot,0.174,left_shank,5.64,left_foot,0.0771,left_shank,0.10,0.02
11,0.0360,DESCENT,NONE,-0.0292,0.0036,-0.0280,-0.1547,0.1353,-0.0289,1,8,0.0006,0.9796,2.30,0,0.0000,0.0,0.0,0.00,0.00,0.00,0.0000,0.0000,0.0000,0.289,left_upper_arm,0.083,right_upper_arm,0.055,left_thigh,6.84,right_foot,0.155,left_shank,7.93,left_foot,0.0825,left_shank,0.13,0.02
12,0.0390,DESCENT,NONE,-0.0292,0.0034,-0.0281,-0.1547,0.1353,-0.0243,1,8,0.0009,0.9796,2.34,0,0.0000,0.0,0.0,0.00,0.00,0.00,0.0000,0.0000,0.0000,0.290,left_upper_arm,0.083,right_upper_arm,0.055,left_thigh,5.74,right_foot,0.132,left_shank,5.64,left_foot,0.0872,left_shank,0.16,0.03
13,0.0420,DESCENT,NONE,-0.0291,0.0031,-0.0281,-0.1547,0.1353,-0.0298,1,8,0.0005,0.9795,2.40,0,0.0000,0.0,0.0,0.00,0.00,0.00,0.0000,0.0000,0.0000,0.290,left_upper_arm,0.083,right_upper_arm,0.055,left_thigh,6.70,right_foot,0.103,left_shank,7.93,left_foot,0.0915,left_shank,0.18,0.04
14,0.0450,DESCENT,NONE,-0.0291,0.0030,-0.0281,-0.1547,0.1353,-0.0251,1,8,0.0008,0.9794,2.46,0,0.0000,0.0,0.0,0.00,0.00,0.00,0.0000,0.0000,0.0000,0.291,left_upper_arm,0.083,right_upper_arm,0.056,left_thigh,5.68,left_shank,0.072,left_shank,5.64,left_foot,0.0954,left_shank,0.20,0.04
15,0.0480,DESCENT,NONE,-0.0291,0.0027,-0.0282,-0.1547,0.1353,-0.0300,1,8,0.0009,0.9794,2.52,0,0.0000,0.0,0.0,0.00,0.00,0.00,0.0000,0.0000,0.0000,0.291,left_upper_arm,0.083,right_upper_arm,0.056,left_thigh,5.86,left_shank,0.047,abdomen,6.68,left_foot,0.0991,left_shank,0.23,0.05
16,0.0510,DESCENT,NONE,-0.0291,0.0025,-0.0282,-0.1547,0.1353,-0.0314,1,8,0.0007,0.9793,2.60,0,0.0000,0.0,0.0,0.00,0.00,0.00,0.0000,0.0000,0.0000,0.292,left_upper_arm,0.083,right_upper_arm,0.056,left_thigh,6.03,left_shank,0.046,abdomen,6.86,left_foot,0.1023,left_shank,0.24,0.06
17,0.0540,DESCENT,NONE,-0.0290,0.0025,-0.0282,-0.1547,0.1353,-0.0307,1,8,0.0010,0.9792,2.68,0,0.0000,0.0,0.0,0.00,0.00,0.00,0.0000,0.0000,0.0000,0.292,left_upper_arm,0.083,right_upper_arm,0.057,left_thigh,6.18,left_shank,0.046,abdomen,6.00,left_foot,0.1052,left_shank,0.26,0.07
18,0.0570,DESCENT,NONE,-0.0290,0.0025,-0.0282,-0.1547,0.1353,-0.0354,1,8,0.0004,0.9791,2.76,0,0.0000,0.0,0.0,0.00,0.00,0.00,0.0000,0.0000,0.0000,0.293,left_upper_arm,0.083,right_upper_arm,0.057,left_thigh,6.32,left_shank,0.046,abdomen,7.95,left_foot,0.1079,left_shank,0.28,0.07
19,0.0600,DESCENT,NONE,-0.0290,0.0027,-0.0281,-0.1547,0.1353,-0.0292,1,8,0.0007,0.9790,2.86,0,0.0000,0.0,0.0,0.00,0.00,0.00,0.0000,0.0000,0.0000,0.293,left_upper_arm,0.083,right_upper_arm,0.056,left_thigh,6.44,left_shank,0.045,abdomen,5.66,left_foot,0.1102,left_shank,0.30,0.08
20,0.0630,DESCENT,NONE,-0.0289,0.0027,-0.0281,-0.1547,0.1353,-0.0340,1,8,0.0006,0.9789,2.96,0,0.0000,0.0,0.0,0.00,0.00,0.00,0.0000,0.0000,0.0000,0.293,left_upper_arm,0.083,right_upper_arm,0.057,left_thigh,6.55,left_shank,0.044,abdomen,6.39,left_foot,0.1125,left_shank,0.31,0.09
21,0.0660,DESCENT,NONE,-0.0289,0.0028,-0.0280,-0.1547,0.1353,-0.0332,1,8,0.0009,0.9788,3.06,0,0.0000,0.0,0.0,0.00,0.00,0.00,0.0000,0.0000,0.0000,0.294,left_upper_arm,0.083,right_upper_arm,0.057,left_thigh,6.66,left_shank,0.043,abdomen,5.66,left_foot,0.1144,left_shank,0.33,0.10
22,0.0690,DESCENT,NONE,-0.0289,0.0028,-0.0280,-0.1547,0.1353,-0.0371,1,8,0.0004,0.9787,3.18,0,0.0000,0.0,0.0,0.00,0.00,0.00,0.0000,0.0000,0.0000,0.294,left_upper_arm,0.083,right_upper_arm,0.057,left_thigh,6.74,left_shank,0.042,abdomen,6.78,left_foot,0.1162,left_shank,0.34,0.10
23,0.0720,DESCENT,NONE,-0.0289,0.0030,-0.0279,-0.1547,0.1353,-0.0314,1,8,0.0006,0.9785,3.30,0,0.0000,0.0,0.0,0.00,0.00,0.00,0.0000,0.0000,0.0000,0.294,left_upper_arm,0.083,right_upper_arm,0.057,left_thigh,6.82,left_shank,0.041,abdomen,6.10,left_foot,0.1176,left_shank,0.35,0.11
24,0.0750,DESCENT,NONE,-0.0288,0.0031,-0.0278,-0.1547,0.1353,-0.0346,1,8,0.0005,0.9784,3.43,0,0.0000,0.0,0.0,0.00,0.00,0.00,0.0000,0.0000,0.0000,0.294,left_upper_arm,0.083,right_upper_arm,0.057,left_thigh,6.90,left_shank,0.040,abdomen,7.20,left_foot,0.1191,left_shank,0.36,0.12
25,0.0780,DESCENT,NONE,-0.0288,0.0032,-0.0278,-0.1547,0.1353,-0.0287,1,8,0.0007,0.9783,3.56,0,0.0000,0.0,0.0,0.00,0.00,0.00,0.0000,0.0000,0.0000,0.294,left_upper_arm,0.082,right_upper_arm,0.057,left_thigh,6.97,left_shank,0.039,abdomen,5.42,left_foot,0.1204,left_shank,0.39,0.13
26,0.0810,DESCENT,NONE,-0.0288,0.0029,-0.0278,-0.1547,0.1353,-0.0332,1,8,0.0005,0.9781,3.70,0,0.0000,0.0,0.0,0.00,0.00,0.00,0.0000,0.0000,0.0000,0.295,left_upper_arm,0.082,right_upper_arm,0.057,left_thigh,7.03,left_shank,0.038,abdomen,7.58,left_foot,0.1217,left_shank,0.41,0.13
27,0.0840,DESCENT,NONE,-0.0287,0.0027,-0.0279,-0.1547,0.1353,-0.0263,1,8,0.0007,0.9780,3.85,0,0.0000,0.0,0.0,0.00,0.00,0.00,0.0000,0.0000,0.0000,0.295,left_upper_arm,0.082,right_upper_arm,0.057,left_thigh,7.09,left_shank,0.037,right_foot,5.29,left_foot,0.1226,left_shank,0.43,0.14
28,0.0870,DESCENT,NONE,-0.0287,0.0022,-0.0280,-0.1547,0.1353,-0.0308,1,8,0.0008,0.9778,4.00,0,0.0000,0.0,0.0,0.00,0.00,0.00,0.0000,0.0000,0.0000,0.295,left_upper_arm,0.082,right_upper_arm,0.057,left_thigh,7.14,left_shank,0.040,right_foot,6.51,left_foot,0.1237,left_shank,0.45,0.15
29,0.0900,DESCENT,NONE,-0.0287,0.0017,-0.0282,-0.1547,0.1353,-0.0304,1,8,0.0005,0.9776,4.16,0,0.0000,0.0,0.0,0.00,0.00,0.00,0.0000,0.0000,0.0000,0.295,left_upper_arm,0.082,right_upper_arm,0.057,left_thigh,7.18,left_shank,0.042,right_foot,7.38,left_foot,0.1246,left_shank,0.47,0.15
30,0.0930,DESCENT,NONE,-0.0287,0.0013,-0.0283,-0.1547,0.1353,-0.0260,1,8,0.0009,0.9774,4.32,0,0.0000,0.0,0.0,0.00,0.00,0.00,0.0000,0.0000,0.0000,0.295,left_upper_arm,0.082,right_upper_arm,0.057,left_thigh,7.22,left_shank,0.045,right_foot,5.08,left_foot,0.1253,left_shank,0.49,0.16
31,0.0960,DESCENT,NONE,-0.0287,0.0008,-0.0284,-0.1547,0.1353,-0.0311,1,8,0.0006,0.9772,4.49,0,0.0000,0.0,0.0,0.00,0.00,0.00,0.0000,0.0000,0.0000,0.295,left_upper_arm,0.082,right_upper_arm,0.057,left_thigh,7.25,left_shank,0.047,right_foot,7.32,left_foot,0.1261,left_shank,0.50,0.16
32,0.0990,DESCENT,NONE,-0.0287,0.0004,-0.0286,-0.1547,0.1353,-0.0264,1,8,0.0010,0.9770,4.67,0,0.0000,0.0,0.0,0.00,0.00,0.00,0.0000,0.0000,0.0000,0.295,left_upper_arm,0.082,right_upper_arm,0.057,left_thigh,7.29,left_shank,0.050,right_foot,5.02,left_foot,0.1266,left_shank,0.52,0.17
33,0.1020,DESCENT,NONE,-0.0287,0.0000,-0.0287,-0.1547,0.1353,-0.0316,1,8,0.0006,0.9767,4.85,0,0.0000,0.0,0.0,0.00,0.00,0.00,0.0000,0.0000,0.0000,0.295,left_upper_arm,0.082,right_upper_arm,0.057,left_thigh,7.31,left_shank,0.053,right_foot,7.32,left_foot,0.1272,left_shank,0.53,0.17
34,0.1050,DESCENT,NONE,-0.0287,-0.0003,-0.0288,-0.1547,0.1353,-0.0268,1,8,0.0009,0.9764,5.03,0,0.0000,0.0,0.0,0.00,0.00,0.00,0.0000,0.0000,0.0000,0.295,left_upper_arm,0.081,right_upper_arm,0.057,left_thigh,7.34,left_shank,0.055,right_foot,5.02,left_foot,0.1276,left_shank,0.55,0.18
35,0.1080,DESCENT,NONE,-0.0287,-0.0006,-0.0289,-0.1547,0.1353,-0.0319,1,8,0.0006,0.9762,5.22,0,0.0000,0.0,0.0,0.00,0.00,0.00,0.0000,0.0000,0.0000,0.295,left_upper_arm,0.081,right_upper_arm,0.057,left_thigh,7.35,left_shank,0.058,right_foot,7.32,left_foot,0.1280,left_shank,0.56,0.18
36,0.1110,DESCENT,NONE,-0.0287,-0.0008,-0.0290,-0.1547,0.1353,-0.0269,1,8,0.0009,0.9759,5.41,0,0.0000,0.0,0.0,0.00,0.00,0.00,0.0000,0.0000,0.0000,0.295,left_upper_arm,0.081,right_upper_arm,0.057,left_thigh,7.37,left_shank,0.061,right_foot,5.02,left_foot,0.1283,left_shank,0.58,0.19
37,0.1140,DESCENT,NONE,-0.0287,-0.0011,-0.0291,-0.1547,0.1353,-0.0320,1,8,0.0006,0.9756,5.61,0,0.0000,0.0,0.0,0.00,0.00,0.00,0.0000,0.0000,0.0000,0.295,left_upper_arm,0.081,right_upper_arm,0.057,left_thigh,7.38,left_shank,0.064,right_foot,7.32,left_foot,0.1286,left_shank,0.59,0.19
38,0.1170,DESCENT,NONE,-0.0287,-0.0012,-0.0291,-0.1547,0.1353,-0.0269,1,8,0.0009,0.9753,5.80,0,0.0000,0.0,0.0,0.00,0.00,0.00,0.0000,0.0000,0.0000,0.294,left_upper_arm,0.081,right_upper_arm,0.057,left_thigh,7.39,left_shank,0.066,right_foot,5.02,left_foot,0.1288,left_shank,0.60,0.20
39,0.1200,DESCENT,NONE,-0.0287,-0.0014,-0.0292,-0.1547,0.1353,-0.0319,1,8,0.0006,0.9750,6.01,0,0.0000,0.0,0.0,0.00,0.00,0.00,0.0000,0.0000,0.0000,0.294,left_upper_arm,0.081,right_upper_arm,0.057,left_thigh,7.39,left_shank,0.069,right_foot,7.32,left_foot,0.1290,left_shank,0.61,0.20
40,0.1230,DESCENT,NONE,-0.0288,-0.0015,-0.0293,-0.1547,0.1353,-0.0268,1,8,0.0009,0.9746,6.21,0,0.0000,0.0,0.0,0.00,0.00,0.00,0.0000,0.0000,0.0000,0.294,left_upper_arm,0.081,right_upper_arm,0.056,left_thigh,7.40,left_shank,0.072,right_foot,5.02,left_foot,0.1290,left_shank,0.62,0.20
41,0.1260,DESCENT,NONE,-0.0288,-0.0017,-0.0294,-0.1547,0.1353,-0.0319,1,8,0.0006,0.9743,6.42,0,0.0000,0.0,0.0,0.00,0.00,0.00,0.0000,0.0000,0.0000,0.294,left_upper_arm,0.081,right_upper_arm,0.056,left_thigh,7.39,left_shank,0.075,right_foot,7.32,left_foot,0.1291,left_shank,0.62,0.21
42,0.1290,DESCENT,NONE,-0.0288,-0.0019,-0.0294,-0.1547,0.1353,-0.0268,1,8,0.0009,0.9739,6.63,0,0.0000,0.0,0.0,0.00,0.00,0.00,0.0000,0.0000,0.0000,0.294,left_upper_arm,0.080,right_upper_arm,0.056,left_thigh,7.39,left_shank,0.077,right_foot,5.02,left_foot,0.1290,left_shank,0.63,0.21
43,0.1320,DESCENT,NONE,-0.0288,-0.0020,-0.0295,-0.1547,0.1353,-0.0319,1,8,0.0006,0.9736,6.84,0,0.0000,0.0,0.0,0.00,0.00,0.00,0.0000,0.0000,0.0000,0.294,left_upper_arm,0.080,right_upper_arm,0.056,left_thigh,7.39,left_shank,0.080,right_foot,7.32,left_foot,0.1291,left_shank,0.64,0.21
44,0.1350,DESCENT,NONE,-0.0288,-0.0021,-0.0295,-0.1547,0.1353,-0.0268,1,8,0.0009,0.9731,7.05,0,0.0000,0.0,0.0,0.00,0.00,0.00,0.0000,0.0000,0.0000,0.294,left_upper_arm,0.080,right_upper_arm,0.056,left_thigh,7.38,left_shank,0.083,right_foot,5.02,left_foot,0.1289,left_shank,0.65,0.22
45,0.1380,DESCENT,NONE,-0.0289,-0.0023,-0.0296,-0.1547,0.1353,-0.0319,1,8,0.0007,0.9727,7.27,0,0.0000,0.0,0.0,0.00,0.00,0.00,0.0000,0.0000,0.0000,0.293,left_upper_arm,0.080,right_upper_arm,0.056,left_thigh,7.37,left_shank,0.086,right_foot,7.19,left_foot,0.1288,left_shank,0.65,0.22
46,0.1410,DESCENT,NONE,-0.0289,-0.0023,-0.0297,-0.1547,0.1353,-0.0275,1,8,0.0010,0.9723,7.48,0,0.0000,0.0,0.0,0.00,0.00,0.00,0.0000,0.0000,0.0000,0.293,left_upper_arm,0.080,right_upper_arm,0.056,left_thigh,7.36,left_shank,0.089,right_foot,4.90,left_foot,0.1286,left_shank,0.66,0.22
47,0.1440,DESCENT,NONE,-0.0289,-0.0024,-0.0297,-0.1547,0.1353,-0.0328,1,8,0.0006,0.9719,7.70,0,0.0000,0.0,0.0,0.00,0.00,0.00,0.0000,0.0000,0.0000,0.293,right_upper_arm,0.080,right_upper_arm,0.056,left_thigh,7.34,left_shank,0.092,right_foot,7.19,left_foot,0.1284,left_shank,0.66,0.22
48,0.1470,DESCENT,NONE,-0.0289,-0.0023,-0.0297,-0.1547,0.1353,-0.0277,1,8,0.0009,0.9714,7.92,0,0.0000,0.0,0.0,0.00,0.00,0.00,0.0000,0.0000,0.0000,0.293,left_upper_arm,0.080,right_upper_arm,0.055,left_thigh,7.33,left_shank,0.095,right_foot,4.90,left_foot,0.1281,left_shank,0.67,0.23
49,0.1500,DESCENT,NONE,-0.0290,-0.0023,-0.0297,-0.1547,0.1353,-0.0330,1,8,0.0006,0.9709,8.14,0,0.0000,0.0,0.0,0.00,0.00,0.00,0.0000,0.0000,0.0000,0.293,right_upper_arm,0.080,right_upper_arm,0.055,left_thigh,7.30,left_shank,0.098,right_foot,7.19,left_foot,0.1279,left_shank,0.67,0.23
50,0.1530,DESCENT,NONE,-0.0290,-0.0022,-0.0297,-0.1547,0.1353,-0.0279,1,8,0.0009,0.9704,8.36,0,0.0000,0.0,0.0,0.00,0.00,0.00,0.0000,0.0000,0.0000,0.292,left_upper_arm,0.079,right_upper_arm,0.055,left_thigh,7.29,left_shank,0.101,right_foot,4.90,left_foot,0.1275,left_shank,0.67,0.23
51,0.1560,DESCENT,NONE,-0.0290,-0.0022,-0.0297,-0.1547,0.1353,-0.0330,1,8,0.0006,0.9699,8.59,0,0.0000,0.0,0.0,0.00,0.00,0.00,0.0000,0.0000,0.0000,0.292,right_upper_arm,0.079,right_upper_arm,0.055,left_thigh,7.26,left_shank,0.104,right_foot,7.19,left_foot,0.1272,left_shank,0.67,0.23
52,0.1590,DESCENT,NONE,-0.0290,-0.0021,-0.0297,-0.1547,0.1353,-0.0278,1,8,0.0009,0.9694,8.81,0,0.0000,0.0,0.0,0.00,0.00,0.00,0.0000,0.0000,0.0000,0.292,left_upper_arm,0.079,right_upper_arm,0.055,left_thigh,7.24,left_shank,0.106,right_foot,4.90,left_foot,0.1267,left_shank,0.68,0.23
53,0.1620,DESCENT,NONE,-0.0291,-0.0020,-0.0297,-0.1547,0.1353,-0.0329,1,8,0.0007,0.9689,9.04,0,0.0000,0.0,0.0,0.00,0.00,0.00,0.0000,0.0000,0.0000,0.292,right_upper_arm,0.079,right_upper_arm,0.055,left_thigh,7.21,left_shank,0.110,right_foot,7.19,left_foot,0.1263,left_shank,0.68,0.23
54,0.1650,DESCENT,NONE,-0.0291,-0.0019,-0.0297,-0.1547,0.1353,-0.0277,1,8,0.0010,0.9683,9.26,0,0.0000,0.0,0.0,0.00,0.00,0.00,0.0000,0.0000,0.0000,0.291,left_upper_arm,0.079,right_upper_arm,0.054,left_thigh,7.18,left_shank,0.112,right_foot,4.90,left_foot,0.1258,left_shank,0.68,0.24
55,0.1680,DESCENT,NONE,-0.0291,-0.0019,-0.0297,-0.1547,0.1353,-0.0328,1,8,0.0007,0.9678,9.49,0,0.0000,0.0,0.0,0.00,0.00,0.00,0.0000,0.0000,0.0000,0.291,right_upper_arm,0.079,right_upper_arm,0.054,left_thigh,7.15,left_shank,0.115,right_foot,7.19,left_foot,0.1254,left_shank,0.68,0.24
56,0.1710,DESCENT,NONE,-0.0291,-0.0018,-0.0297,-0.1547,0.1353,-0.0276,1,8,0.0010,0.9672,9.71,0,0.0000,0.0,0.0,0.00,0.00,0.00,0.0000,0.0000,0.0000,0.291,left_upper_arm,0.079,right_upper_arm,0.054,left_thigh,7.13,left_thigh,0.118,right_foot,4.90,left_foot,0.1248,left_shank,0.69,0.24
57,0.1740,DESCENT,NONE,-0.0291,-0.0018,-0.0297,-0.1547,0.1353,-0.0328,1,8,0.0007,0.9666,9.94,0,0.0000,0.0,0.0,0.00,0.00,0.00,0.0000,0.0000,0.0000,0.291,right_upper_arm,0.079,right_upper_arm,0.054,left_thigh,7.12,left_thigh,0.121,right_foot,7.19,left_foot,0.1245,left_thigh,0.69,0.24
58,0.1770,DESCENT,NONE,-0.0292,-0.0017,-0.0297,-0.1547,0.1353,-0.0275,1,8,0.0010,0.9660,10.17,0,0.0000,0.0,0.0,0.00,0.00,0.00,0.0000,0.0000,0.0000,0.290,left_upper_arm,0.078,right_upper_arm,0.054,left_thigh,7.10,left_thigh,0.124,right_foot,4.90,left_foot,0.1242,left_thigh,0.69,0.24
59,0.1800,DESCENT,NONE,-0.0292,-0.0016,-0.0297,-0.1547,0.1353,-0.0327,1,8,0.0007,0.9653,10.40,0,0.0000,0.0,0.0,0.00,0.00,0.00,0.0000,0.0000,0.0000,0.290,right_upper_arm,0.078,right_upper_arm,0.054,left_thigh,7.09,left_thigh,0.128,right_foot,7.19,left_foot,0.1239,left_thigh,0.69,0.25
60,0.1830,DESCENT,NONE,-0.0292,-0.0015,-0.0297,-0.1547,0.1353,-0.0275,1,8,0.0010,0.9647,10.63,0,0.0000,0.0,0.0,0.00,0.00,0.00,0.0000,0.0000,0.0000,0.290,left_upper_arm,0.078,right_upper_arm,0.053,left_thigh,7.07,left_thigh,0.130,right_foot,4.90,left_foot,0.1237,left_thigh,0.69,0.25
61,0.1860,DESCENT,NONE,-0.0292,-0.0015,-0.0297,-0.1547,0.1353,-0.0327,1,8,0.0007,0.9640,10.86,0,0.0000,0.0,0.0,0.00,0.00,0.00,0.0000,0.0000,0.0000,0.290,right_upper_arm,0.078,left_upper_arm,0.053,left_thigh,7.05,left_thigh,0.134,right_foot,7.19,left_foot,0.1234,left_thigh,0.69,0.25
62,0.1890,DESCENT,NONE,-0.0292,-0.0014,-0.0297,-0.1547,0.1353,-0.0274,1,8,0.0010,0.9633,11.08,0,0.0000,0.0,0.0,0.00,0.00,0.00,0.0000,0.0000,0.0000,0.289,left_upper_arm,0.078,left_upper_arm,0.053,left_thigh,7.03,left_thigh,0.137,right_foot,4.90,left_foot,0.1230,left_thigh,0.69,0.25
63,0.1920,DESCENT,NONE,-0.0292,-0.0014,-0.0297,-0.1547,0.1353,-0.0326,1,8,0.0007,0.9627,11.31,0,0.0000,0.0,0.0,0.00,0.00,0.00,0.0000,0.0000,0.0000,0.289,right_upper_arm,0.078,left_upper_arm,0.053,left_thigh,7.01,left_thigh,0.140,right_foot,7.19,left_foot,0.1227,left_thigh,0.69,0.25
64,0.1950,DESCENT,NONE,-0.0292,-0.0013,-0.0297,-0.1547,0.1353,-0.0274,1,8,0.0010,0.9619,11.54,0,0.0000,0.0,0.0,0.00,0.00,0.00,0.0000,0.0000,0.0000,0.289,left_upper_arm,0.078,left_upper_arm,0.052,left_thigh,6.99,left_thigh,0.143,right_foot,4.90,right_foot,0.1224,left_thigh,0.69,0.25
65,0.1980,DESCENT,NONE,-0.0293,-0.0012,-0.0297,-0.1547,0.1353,-0.0325,1,8,0.0007,0.9612,11.77,0,0.0000,0.0,0.0,0.00,0.00,0.00,0.0000,0.0000,0.0000,0.289,right_upper_arm,0.078,left_upper_arm,0.052,left_thigh,6.97,left_thigh,0.146,right_foot,7.19,left_foot,0.1220,left_thigh,0.69,0.25
66,0.2010,DESCENT,NONE,-0.0293,-0.0011,-0.0296,-0.1547,0.1353,-0.0273,1,8,0.0011,0.9605,12.00,0,0.0000,0.0,0.0,0.00,0.00,0.00,0.0000,0.0000,0.0000,0.288,left_upper_arm,0.078,left_upper_arm,0.052,left_thigh,6.94,left_thigh,0.149,right_foot,4.90,left_foot,0.1216,left_thigh,0.69,0.26
67,0.2040,DESCENT,NONE,-0.0293,-0.0011,-0.0296,-0.1547,0.1353,-0.0325,1,8,0.0008,0.9597,12.23,0,0.0000,0.0,0.0,0.00,0.00,0.00,0.0000,0.0000,0.0000,0.288,right_upper_arm,0.077,left_upper_arm,0.052,left_thigh,6.92,left_thigh,0.152,right_foot,7.19,left_foot,0.1212,left_thigh,0.69,0.26
68,0.2070,DESCENT,NONE,-0.0293,-0.0010,-0.0296,-0.1547,0.1353,-0.0272,1,8,0.0010,0.9590,12.46,0,0.0000,0.0,0.0,0.00,0.00,0.00,0.0000,0.0000,0.0000,0.288,right_upper_arm,0.077,left_upper_arm,0.051,left_thigh,6.90,left_thigh,0.155,right_foot,4.90,left_foot,0.1208,left_thigh,0.68,0.26
69,0.2100,DESCENT,NONE,-0.0293,-0.0010,-0.0296,-0.1547,0.1353,-0.0324,1,8,0.0008,0.9582,12.69,0,0.0000,0.0,0.0,0.00,0.00,0.00,0.0000,0.0000,0.0000,0.288,right_upper_arm,0.077,left_upper_arm,0.051,left_thigh,6.87,left_thigh,0.158,right_foot,7.19,left_foot,0.1204,left_thigh,0.69,0.26
70,0.2130,DESCENT,NONE,-0.0293,-0.0009,-0.0296,-0.1547,0.1353,-0.0271,1,8,0.0011,0.9574,12.92,0,0.0000,0.0,0.0,0.00,0.00,0.00,0.0000,0.0000,0.0000,0.287,right_upper_arm,0.077,left_upper_arm,0.051,left_thigh,6.85,left_thigh,0.161,right_foot,4.90,left_foot,0.1200,left_thigh,0.69,0.26
71,0.2160,DESCENT,NONE,-0.0293,-0.0009,-0.0296,-0.1547,0.1353,-0.0323,1,8,0.0008,0.9566,13.15,0,0.0000,0.0,0.0,0.00,0.00,0.00,0.0000,0.0000,0.0000,0.287,right_upper_arm,0.077,left_upper_arm,0.051,left_thigh,6.82,left_thigh,0.164,right_foot,7.19,left_foot,0.1195,left_thigh,0.68,0.26
72,0.2190,DESCENT,NONE,-0.0293,-0.0008,-0.0296,-0.1547,0.1353,-0.0270,1,8,0.0011,0.9557,13.38,0,0.0000,0.0,0.0,0.00,0.00,0.00,0.0000,0.0000,0.0000,0.287,right_upper_arm,0.077,left_upper_arm,0.050,left_thigh,6.79,left_thigh,0.167,right_foot,4.90,left_foot,0.1191,left_thigh,0.68,0.26
73,0.2220,DESCENT,NONE,-0.0293,-0.0008,-0.0296,-0.1547,0.1353,-0.0322,1,8,0.0008,0.9549,13.61,0,0.0000,0.0,0.0,0.00,0.00,0.00,0.0000,0.0000,0.0000,0.287,right_upper_arm,0.077,left_upper_arm,0.050,left_thigh,6.77,left_thigh,0.170,right_foot,7.19,left_foot,0.1186,left_thigh,0.68,0.27
74,0.2250,DESCENT,NONE,-0.0294,-0.0008,-0.0296,-0.1547,0.1353,-0.0269,1,8,0.0011,0.9540,13.84,0,0.0000,0.0,0.0,0.00,0.00,0.00,0.0000,0.0000,0.0000,0.286,right_upper_arm,0.077,left_upper_arm,0.050,left_thigh,6.74,left_thigh,0.173,right_foot,4.90,left_foot,0.1181,left_thigh,0.68,0.27
75,0.2280,DESCENT,NONE,-0.0294,-0.0007,-0.0296,-0.1547,0.1353,-0.0321,1,8,0.0008,0.9532,14.07,0,0.0000,0.0,0.0,0.00,0.00,0.00,0.0000,0.0000,0.0000,0.286,right_upper_arm,0.077,left_upper_arm,0.050,left_thigh,6.71,left_thigh,0.177,right_foot,7.19,left_foot,0.1176,left_thigh,0.67,0.27
76,0.2310,DESCENT,NONE,-0.0294,-0.0007,-0.0296,-0.1547,0.1353,-0.0267,1,8,0.0011,0.9523,14.29,0,0.0000,0.0,0.0,0.00,0.00,0.00,0.0000,0.0000,0.0000,0.286,right_upper_arm,0.077,left_upper_arm,0.049,left_thigh,6.68,left_thigh,0.180,right_foot,4.90,left_foot,0.1171,left_thigh,0.67,0.27
77,0.2340,DESCENT,NONE,-0.0294,-0.0007,-0.0296,-0.1547,0.1353,-0.0320,1,8,0.0008,0.9514,14.52,0,0.0000,0.0,0.0,0.00,0.00,0.00,0.0000,0.0000,0.0000,0.286,right_upper_arm,0.077,left_upper_arm,0.049,left_thigh,6.65,left_thigh,0.183,right_foot,7.19,left_foot,0.1166,left_thigh,0.67,0.27
78,0.2370,DESCENT,NONE,-0.0294,-0.0006,-0.0296,-0.1547,0.1353,-0.0266,1,8,0.0011,0.9505,14.75,0,0.0000,0.0,0.0,0.00,0.00,0.00,0.0000,0.0000,0.0000,0.285,right_upper_arm,0.076,left_upper_arm,0.049,left_thigh,6.62,left_thigh,0.186,right_foot,4.90,left_foot,0.1161,left_thigh,0.66,0.27
79,0.2400,DESCENT,NONE,-0.0294,-0.0006,-0.0296,-0.1547,0.1353,-0.0318,1,8,0.0009,0.9496,14.98,0,0.0000,0.0,0.0,0.00,0.00,0.00,0.0000,0.0000,0.0000,0.285,right_upper_arm,0.076,left_upper_arm,0.049,left_thigh,6.59,left_thigh,0.189,right_foot,7.19,left_foot,0.1155,left_thigh,0.67,0.27
80,0.2430,DESCENT,NONE,-0.0294,-0.0006,-0.0296,-0.1547,0.1353,-0.0265,1,8,0.0011,0.9486,15.20,0,0.0000,0.0,0.0,0.00,0.00,0.00,0.0000,0.0000,0.0000,0.285,right_upper_arm,0.076,left_upper_arm,0.048,left_thigh,6.55,left_thigh,0.192,right_foot,4.90,left_foot,0.1150,left_thigh,0.66,0.27
81,0.2460,DESCENT,NONE,-0.0294,-0.0006,-0.0296,-0.1547,0.1353,-0.0317,1,8,0.0009,0.9477,15.43,0,0.0000,0.0,0.0,0.00,0.00,0.00,0.0000,0.0000,0.0000,0.285,right_upper_arm,0.076,left_upper_arm,0.048,left_thigh,6.52,left_thigh,0.195,right_foot,7.19,left_foot,0.1144,left_thigh,0.66,0.27
82,0.2490,DESCENT,NONE,-0.0294,-0.0006,-0.0296,-0.1547,0.1353,-0.0263,1,8,0.0011,0.9467,15.65,0,0.0000,0.0,0.0,0.00,0.00,0.00,0.0000,0.0000,0.0000,0.284,right_upper_arm,0.076,left_upper_arm,0.048,left_thigh,6.49,left_thigh,0.198,right_foot,4.91,left_foot,0.1138,left_thigh,0.65,0.28
83,0.2520,DESCENT,NONE,-0.0294,-0.0006,-0.0296,-0.1547,0.1353,-0.0315,1,8,0.0009,0.9457,15.88,0,0.0000,0.0,0.0,0.00,0.00,0.00,0.0000,0.0000,0.0000,0.284,right_upper_arm,0.076,left_upper_arm,0.049,left_thigh,6.46,left_thigh,0.201,right_foot,7.03,left_foot,0.1132,left_thigh,0.65,0.28
84,0.2550,DESCENT,NONE,-0.0294,-0.0006,-0.0296,-0.1547,0.1353,-0.0273,1,8,0.0013,0.9447,16.10,0,0.0000,0.0,0.0,0.00,0.00,0.00,0.0000,0.0000,0.0000,0.283,right_upper_arm,0.076,left_upper_arm,0.049,left_thigh,6.45,left_thigh,0.204,right_foot,4.74,left_foot,0.1128,left_thigh,0.64,0.28
85,0.2580,DESCENT,NONE,-0.0294,-0.0006,-0.0296,-0.1547,0.1353,-0.0328,1,8,0.0010,0.9438,16.32,0,0.0000,0.0,0.0,0.00,0.00,0.00,0.0000,0.0000,0.0000,0.283,right_upper_arm,0.076,left_upper_arm,0.049,left_thigh,6.43,left_thigh,0.207,right_thigh,7.03,left_foot,0.1125,left_thigh,0.63,0.28
86,0.2610,DESCENT,NONE,-0.0294,-0.0005,-0.0296,-0.1547,0.1353,-0.0274,1,8,0.0011,0.9428,16.54,0,0.0000,0.0,0.0,0.00,0.00,0.00,0.0000,0.0000,0.0000,0.283,right_upper_arm,0.076,left_upper_arm,0.050,left_thigh,6.42,left_thigh,0.210,right_thigh,4.74,left_foot,0.1123,left_thigh,0.63,0.27
87,0.2640,DESCENT,NONE,-0.0295,-0.0004,-0.0296,-0.1547,0.1353,-0.0332,1,8,0.0010,0.9418,16.76,0,0.0000,0.0,0.0,0.00,0.00,0.00,0.0000,0.0000,0.0000,0.283,right_upper_arm,0.076,left_upper_arm,0.051,left_thigh,6.44,left_thigh,0.214,right_thigh,7.03,left_foot,0.1121,left_thigh,0.62,0.27
88,0.2670,DESCENT,NONE,-0.0295,-0.0002,-0.0295,-0.1547,0.1353,-0.0278,1,8,0.0012,0.9408,16.97,0,0.0000,0.0,0.0,0.00,0.00,0.00,0.0000,0.0000,0.0000,0.282,left_upper_arm,0.076,left_upper_arm,0.051,left_thigh,6.45,left_thigh,0.217,right_thigh,4.74,left_foot,0.1124,left_thigh,0.61,0.27
89,0.2700,DESCENT,NONE,-0.0295,0.0000,-0.0295,-0.1547,0.1353,-0.0327,1,8,0.0009,0.9398,17.19,0,0.0000,0.0,0.0,0.00,0.00,0.00,0.0000,0.0000,0.0000,0.282,right_upper_arm,0.076,left_upper_arm,0.053,left_thigh,6.46,left_thigh,0.220,right_thigh,7.03,left_foot,0.1126,left_thigh,0.60,0.27
90,0.2730,DESCENT,NONE,-0.0295,0.0002,-0.0294,-0.1547,0.1353,-0.0275,1,8,0.0012,0.9388,17.40,0,0.0000,0.0,0.0,0.00,0.00,0.00,0.0000,0.0000,0.0000,0.282,left_upper_arm,0.076,left_upper_arm,0.054,left_thigh,6.50,left_thigh,0.223,right_thigh,4.74,left_foot,0.1128,left_thigh,0.60,0.27
91,0.2760,DESCENT,NONE,-0.0295,0.0003,-0.0294,-0.1547,0.1353,-0.0324,1,8,0.0010,0.9378,17.61,0,0.0000,0.0,0.0,0.00,0.00,0.00,0.0000,0.0000,0.0000,0.282,right_upper_arm,0.076,left_upper_arm,0.054,left_thigh,6.54,left_thigh,0.227,right_thigh,6.90,left_foot,0.1135,left_thigh,0.59,0.27
92,0.2790,DESCENT,NONE,-0.0295,0.0004,-0.0293,-0.1547,0.1353,-0.0273,1,8,0.0012,0.9368,17.82,0,0.0000,0.0,0.0,0.00,0.00,0.00,0.0000,0.0000,0.0000,0.281,right_upper_arm,0.076,left_upper_arm,0.053,left_thigh,6.57,left_thigh,0.230,right_thigh,4.61,left_foot,0.1142,left_thigh,0.59,0.27
93,0.2820,DESCENT,NONE,-0.0294,0.0006,-0.0292,-0.1547,0.1353,-0.0322,1,8,0.0009,0.9358,18.03,0,0.0000,0.0,0.0,0.00,0.00,0.00,0.0000,0.0000,0.0000,0.282,right_upper_arm,0.075,left_upper_arm,0.055,left_thigh,6.62,left_thigh,0.233,right_thigh,6.90,left_foot,0.1148,left_thigh,0.58,0.27
94,0.2850,DESCENT,NONE,-0.0294,0.0008,-0.0292,-0.1547,0.1353,-0.0270,1,8,0.0012,0.9347,18.24,0,0.0000,0.0,0.0,0.00,0.00,0.00,0.0000,0.0000,0.0000,0.281,right_upper_arm,0.075,left_upper_arm,0.056,left_thigh,6.67,left_thigh,0.236,right_thigh,4.62,left_foot,0.1155,left_thigh,0.57,0.27
95,0.2880,DESCENT,NONE,-0.0294,0.0009,-0.0291,-0.1547,0.1353,-0.0320,1,8,0.0012,0.9336,18.45,0,0.0000,0.0,0.0,0.00,0.00,0.00,0.0000,0.0000,0.0000,0.281,right_upper_arm,0.075,left_upper_arm,0.056,left_thigh,6.72,left_thigh,0.240,right_thigh,6.27,left_foot,0.1164,left_thigh,0.57,0.27
96,0.2910,DESCENT,NONE,-0.0294,0.0010,-0.0291,-0.1547,0.1353,-0.0298,1,8,0.0014,0.9325,18.65,0,0.0000,0.0,0.0,0.00,0.00,0.00,0.0000,0.0000,0.0000,0.281,right_upper_arm,0.075,left_upper_arm,0.057,left_thigh,6.77,left_thigh,0.243,right_thigh,4.84,left_foot,0.1173,left_thigh,0.56,0.27
97,0.2940,DESCENT,NONE,-0.0294,0.0013,-0.0290,-0.1547,0.1353,-0.0358,1,8,0.0010,0.9314,18.86,0,0.0000,0.0,0.0,0.00,0.00,0.00,0.0000,0.0000,0.0000,0.281,right_upper_arm,0.075,left_upper_arm,0.058,left_thigh,6.84,left_thigh,0.246,right_thigh,7.13,left_foot,0.1181,left_thigh,0.56,0.27
98,0.2970,DESCENT,NONE,-0.0294,0.0018,-0.0288,-0.1547,0.1353,-0.0292,1,8,0.0011,0.9303,19.07,0,0.0000,0.0,0.0,0.00,0.00,0.00,0.0000,0.0000,0.0000,0.280,right_upper_arm,0.075,left_upper_arm,0.058,left_thigh,6.89,left_thigh,0.249,right_thigh,4.84,left_foot,0.1193,left_thigh,0.55,0.27
99,0.3000,DESCENT,NONE,-0.0294,0.0024,-0.0286,-0.1547,0.1353,-0.0342,1,8,0.0008,0.9291,19.27,0,0.0000,0.0,0.0,0.00,0.00,0.00,0.0000,0.0000,0.0000,0.280,right_upper_arm,0.075,left_upper_arm,0.059,left_thigh,6.95,left_thigh,0.253,right_thigh,7.13,left_foot,0.1203,left_thigh,0.55,0.28
100,0.3030,DESCENT,NONE,-0.0293,0.0028,-0.0284,-0.1547,0.1353,-0.0275,1,8,0.0010,0.9280,19.48,0,0.0000,0.0,0.0,0.00,0.00,0.00,0.0000,0.0000,0.0000,0.280,right_upper_arm,0.075,left_upper_arm,0.060,left_thigh,7.01,left_thigh,0.256,right_thigh,4.84,left_foot,0.1213,left_thigh,0.55,0.28
101,0.3060,DESCENT,NONE,-0.0293,0.0031,-0.0283,-0.1547,0.1353,-0.0320,1,8,0.0010,0.9268,19.68,0,0.0000,0.0,0.0,0.00,0.00,0.00,0.0000,0.0000,0.0000,0.280,right_upper_arm,0.075,left_upper_arm,0.060,left_thigh,7.08,left_thigh,0.260,right_thigh,6.37,right_foot,0.1224,left_thigh,0.54,0.28
102,0.3090,DESCENT,NONE,-0.0293,0.0032,-0.0283,-0.1547,0.1353,-0.0277,1,8,0.0013,0.9256,19.89,0,0.0000,0.0,0.0,0.00,0.00,0.00,0.0000,0.0000,0.0000,0.280,right_upper_arm,0.075,left_upper_arm,0.060,left_thigh,7.13,left_thigh,0.263,right_thigh,4.24,left_foot,0.1236,left_thigh,0.54,0.28
103,0.3120,DESCENT,NONE,-0.0293,0.0032,-0.0282,-0.1547,0.1353,-0.0327,1,8,0.0010,0.9244,20.09,0,0.0000,0.0,0.0,0.00,0.00,0.00,0.0000,0.0000,0.0000,0.280,right_upper_arm,0.075,left_upper_arm,0.061,left_thigh,7.20,left_thigh,0.266,right_thigh,6.53,left_foot,0.1245,left_thigh,0.54,0.28
104,0.3150,DESCENT,NONE,-0.0292,0.0033,-0.0282,-0.1547,0.1353,-0.0265,1,8,0.0012,0.9231,20.30,0,0.0000,0.0,0.0,0.00,0.00,0.00,0.0000,0.0000,0.0000,0.279,right_upper_arm,0.075,left_upper_arm,0.061,left_thigh,7.26,left_thigh,0.270,right_thigh,4.24,left_foot,0.1256,left_thigh,0.54,0.29
105,0.3180,DESCENT,NONE,-0.0292,0.0034,-0.0281,-0.1547,0.1353,-0.0314,1,8,0.0011,0.9219,20.51,0,0.0000,0.0,0.0,0.00,0.00,0.00,0.0000,0.0000,0.0000,0.279,right_upper_arm,0.075,left_upper_arm,0.062,left_thigh,7.32,left_thigh,0.273,right_thigh,6.18,left_foot,0.1268,left_thigh,0.54,0.29
106,0.3210,DESCENT,NONE,-0.0292,0.0034,-0.0281,-0.1547,0.1353,-0.0275,1,8,0.0014,0.9206,20.71,0,0.0000,0.0,0.0,0.00,0.00,0.00,0.0000,0.0000,0.0000,0.279,right_upper_arm,0.075,left_upper_arm,0.062,left_thigh,7.38,left_thigh,0.277,right_thigh,4.39,left_foot,0.1278,left_thigh,0.54,0.29
107,0.3240,DESCENT,NONE,-0.0291,0.0035,-0.0280,-0.1547,0.1353,-0.0331,1,8,0.0010,0.9192,20.92,0,0.0000,0.0,0.0,0.00,0.00,0.00,0.0000,0.0000,0.0000,0.279,right_upper_arm,0.075,left_upper_arm,0.063,left_thigh,7.45,left_thigh,0.281,right_thigh,6.68,left_foot,0.1288,left_thigh,0.53,0.29
108,0.3270,DESCENT,NONE,-0.0291,0.0036,-0.0279,-0.1547,0.1353,-0.0263,1,8,0.0012,0.9179,21.13,0,0.0000,0.0,0.0,0.00,0.00,0.00,0.0000,0.0000,0.0000,0.278,right_upper_arm,0.075,left_upper_arm,0.063,left_thigh,7.50,left_thigh,0.284,right_thigh,4.39,left_foot,0.1300,left_thigh,0.53,0.30
109,0.3300,DESCENT,NONE,-0.0291,0.0037,-0.0279,-0.1547,0.1353,-0.0310,1,8,0.0009,0.9165,21.35,0,0.0000,0.0,0.0,0.00,0.00,0.00,0.0000,0.0000,0.0000,0.278,right_upper_arm,0.075,left_upper_arm,0.063,left_thigh,7.55,left_thigh,0.288,right_thigh,6.68,left_foot,0.1310,left_thigh,0.54,0.30
110,0.3330,DESCENT,NONE,-0.0290,0.0037,-0.0278,-0.1547,0.1353,-0.0242,1,8,0.0012,0.9151,21.56,0,0.0000,0.0,0.0,0.00,0.00,0.00,0.0000,0.0000,0.0000,0.278,right_upper_arm,0.075,left_upper_arm,0.064,left_thigh,7.61,left_thigh,0.292,right_thigh,4.39,right_foot,0.1319,left_thigh,0.54,0.30
111,0.3360,DESCENT,NONE,-0.0290,0.0036,-0.0279,-0.1547,0.1353,-0.0287,1,8,0.0017,0.9137,21.77,0,0.0000,0.0,0.0,0.00,0.00,0.00,0.0000,0.0000,0.0000,0.278,right_upper_arm,0.075,left_upper_arm,0.064,left_thigh,7.67,left_thigh,0.295,right_thigh,5.08,left_foot,0.1329,left_thigh,0.53,0.31
112,0.3390,DESCENT,NONE,-0.0290,0.0032,-0.0279,-0.1547,0.1353,-0.0315,1,8,0.0012,0.9122,21.99,0,0.0000,0.0,0.0,0.00,0.00,0.00,0.0000,0.0000,0.0000,0.278,right_upper_arm,0.074,left_upper_arm,0.064,left_thigh,7.72,left_thigh,0.299,right_thigh,6.66,left_foot,0.1339,left_thigh,0.56,0.31
113,0.3420,DESCENT,NONE,-0.0289,0.0032,-0.0279,-0.1547,0.1353,-0.0247,1,8,0.0012,0.9108,22.20,0,0.0000,0.0,0.0,0.00,0.00,0.00,0.0000,0.0000,0.0000,0.278,right_upper_arm,0.074,left_upper_arm,0.064,left_thigh,7.77,left_thigh,0.303,right_thigh,4.37,left_foot,0.1348,left_thigh,0.55,0.32
114,0.3450,DESCENT,NONE,-0.0289,0.0032,-0.0279,-0.1547,0.1353,-0.0298,1,8,0.0010,0.9093,22.42,0,0.0000,0.0,0.0,0.00,0.00,0.00,0.0000,0.0000,0.0000,0.278,right_upper_arm,0.074,left_upper_arm,0.065,left_thigh,7.82,left_thigh,0.307,right_thigh,6.65,left_foot,0.1356,left_thigh,0.57,0.32
115,0.3480,DESCENT,NONE,-0.0289,0.0030,-0.0279,-0.1547,0.1353,-0.0228,1,8,0.0012,0.9077,22.64,0,0.0000,0.0,0.0,0.00,0.00,0.00,0.0000,0.0000,0.0000,0.277,right_upper_arm,0.074,left_upper_arm,0.064,left_thigh,7.86,left_thigh,0.311,right_thigh,4.36,left_foot,0.1365,left_thigh,0.57,0.32
116,0.3510,DESCENT,NONE,-0.0288,0.0027,-0.0280,-0.1547,0.1353,-0.0272,1,8,0.0016,0.9061,22.86,0,0.0000,0.0,0.0,0.00,0.00,0.00,0.0000,0.0000,0.0000,0.277,right_upper_arm,0.074,left_upper_arm,0.065,left_thigh,7.90,left_thigh,0.314,right_thigh,5.16,left_foot,0.1373,left_thigh,0.56,0.33
117,0.3540,DESCENT,NONE,-0.0288,0.0022,-0.0281,-0.1547,0.1353,-0.0296,1,8,0.0012,0.9046,23.08,0,0.0000,0.0,0.0,0.00,0.00,0.00,0.0000,0.0000,0.0000,0.277,right_upper_arm,0.074,left_upper_arm,0.065,left_thigh,7.95,left_thigh,0.318,right_thigh,6.38,left_foot,0.1380,left_thigh,0.58,0.33
118,0.3570,DESCENT,NONE,-0.0288,0.0020,-0.0282,-0.1547,0.1353,-0.0231,1,8,0.0013,0.9029,23.30,0,0.0000,0.0,0.0,0.00,0.00,0.00,0.0000,0.0000,0.0000,0.277,right_upper_arm,0.074,left_upper_arm,0.065,left_thigh,7.99,left_thigh,0.322,right_thigh,4.09,left_foot,0.1388,left_thigh,0.58,0.34
119,0.3600,DESCENT,NONE,-0.0288,0.0018,-0.0282,-0.1547,0.1353,-0.0278,1,8,0.0016,0.9013,23.52,0,0.0000,0.0,0.0,0.00,0.00,0.00,0.0000,0.0000,0.0000,0.277,right_upper_arm,0.074,left_upper_arm,0.065,left_thigh,8.02,left_thigh,0.326,right_thigh,5.21,left_foot,0.1395,left_thigh,0.58,0.34
120,0.3630,DESCENT,NONE,-0.0288,0.0015,-0.0283,-0.1547,0.1353,-0.0286,1,8,0.0013,0.8996,23.75,0,0.0000,0.0,0.0,0.00,0.00,0.00,0.0000,0.0000,0.0000,0.277,right_upper_arm,0.074,left_upper_arm,0.065,left_thigh,8.06,left_thigh,0.330,right_thigh,5.71,left_foot,0.1401,left_thigh,0.59,0.35
121,0.3660,DESCENT,NONE,-0.0288,0.0014,-0.0283,-0.1547,0.1353,-0.0261,1,8,0.0015,0.8979,23.97,0,0.0000,0.0,0.0,0.00,0.00,0.00,0.0000,0.0000,0.0000,0.276,right_upper_arm,0.074,left_upper_arm,0.065,left_thigh,8.09,left_thigh,0.335,right_thigh,3.60,right_foot,0.1407,left_thigh,0.59,0.35
122,0.3690,DESCENT,NONE,-0.0287,0.0013,-0.0283,-0.1547,0.1353,-0.0315,1,8,0.0012,0.8961,24.20,0,0.0000,0.0,0.0,0.00,0.00,0.00,0.0000,0.0000,0.0000,0.276,right_upper_arm,0.074,left_upper_arm,0.065,left_thigh,8.12,left_thigh,0.339,right_thigh,5.88,right_foot,0.1412,left_thigh,0.61,0.35
123,0.3720,DESCENT,NONE,-0.0287,0.0013,-0.0283,-0.1547,0.1353,-0.0250,1,8,0.0013,0.8943,24.43,0,0.0000,0.0,0.0,0.00,0.00,0.00,0.0000,0.0000,0.0000,0.276,right_upper_arm,0.074,left_upper_arm,0.065,left_thigh,8.14,left_thigh,0.343,right_thigh,3.60,left_foot,0.1418,left_thigh,0.60,0.36
124,0.3750,DESCENT,NONE,-0.0287,0.0013,-0.0283,-0.1547,0.1353,-0.0301,1,8,0.0011,0.8925,24.66,0,0.0000,0.0,0.0,0.00,0.00,0.00,0.0000,0.0000,0.0000,0.276,right_upper_arm,0.074,left_upper_arm,0.065,left_thigh,8.17,left_thigh,0.347,right_thigh,5.88,left_foot,0.1422,left_thigh,0.62,0.36
125,0.3780,DESCENT,NONE,-0.0287,0.0012,-0.0283,-0.1547,0.1353,-0.0243,1,8,0.0014,0.8907,24.88,0,0.0000,0.0,0.0,0.00,0.00,0.00,0.0000,0.0000,0.0000,0.276,right_upper_arm,0.074,left_upper_arm,0.065,left_thigh,8.18,left_thigh,0.351,right_thigh,3.60,left_foot,0.1426,left_thigh,0.61,0.37
126,0.3810,DESCENT,NONE,-0.0287,0.0010,-0.0284,-0.1547,0.1353,-0.0292,1,8,0.0012,0.8888,25.12,0,0.0000,0.0,0.0,0.00,0.00,0.00,0.0000,0.0000,0.0000,0.276,right_upper_arm,0.074,left_upper_arm,0.065,left_thigh,8.20,left_thigh,0.355,right_thigh,5.88,left_foot,0.1429,left_thigh,0.63,0.37
127,0.3840,DESCENT,NONE,-0.0287,0.0007,-0.0285,-0.1547,0.1353,-0.0235,1,8,0.0015,0.8869,25.35,0,0.0000,0.0,0.0,0.00,0.00,0.00,0.0000,0.0000,0.0000,0.275,right_upper_arm,0.074,left_upper_arm,0.065,left_thigh,8.22,left_thigh,0.360,right_thigh,3.60,left_foot,0.1432,left_thigh,0.62,0.37
128,0.3870,DESCENT,NONE,-0.0287,0.0004,-0.0286,-0.1547,0.1353,-0.0284,1,8,0.0013,0.8850,25.58,0,0.0000,0.0,0.0,0.00,0.00,0.00,0.0000,0.0000,0.0000,0.276,right_upper_arm,0.074,left_upper_arm,0.065,left_thigh,8.23,left_thigh,0.364,right_thigh,5.88,left_foot,0.1435,left_thigh,0.63,0.38
129,0.3900,DESCENT,NONE,-0.0287,0.0000,-0.0287,-0.1547,0.1353,-0.0229,1,8,0.0015,0.8831,25.81,0,0.0000,0.0,0.0,0.00,0.00,0.00,0.0000,0.0000,0.0000,0.275,right_upper_arm,0.074,left_upper_arm,0.064,left_thigh,8.24,left_thigh,0.368,right_thigh,3.60,left_foot,0.1437,left_thigh,0.63,0.38
130,0.3930,DESCENT,NONE,-0.0287,-0.0003,-0.0288,-0.1547,0.1353,-0.0278,1,8,0.0016,0.8811,26.05,0,0.0000,0.0,0.0,0.00,0.00,0.00,0.0000,0.0000,0.0000,0.275,right_upper_arm,0.074,left_upper_arm,0.065,left_thigh,8.24,left_thigh,0.373,right_thigh,5.05,left_foot,0.1438,left_thigh,0.63,0.39
131,0.3960,DESCENT,NONE,-0.0287,-0.0007,-0.0289,-0.1547,0.1353,-0.0270,1,8,0.0019,0.8791,26.28,0,0.0000,0.0,0.0,0.00,0.00,0.00,0.0000,0.0000,0.0000,0.275,right_upper_arm,0.074,left_upper_arm,0.064,left_thigh,8.25,left_thigh,0.377,right_thigh,3.61,left_foot,0.1439,left_thigh,0.62,0.39
132,0.3990,DESCENT,NONE,-0.0287,-0.0009,-0.0290,-0.1547,0.1353,-0.0330,1,8,0.0014,0.8770,26.51,0,0.0000,0.0,0.0,0.00,0.00,0.00,0.0000,0.0000,0.0000,0.275,right_upper_arm,0.074,left_upper_arm,0.065,left_thigh,8.25,left_thigh,0.381,right_thigh,5.89,left_foot,0.1440,left_thigh,0.65,0.39
133,0.4020,DESCENT,NONE,-0.0287,-0.0008,-0.0290,-0.1547,0.1353,-0.0264,1,8,0.0014,0.8750,26.75,0,0.0000,0.0,0.0,0.00,0.00,0.00,0.0000,0.0000,0.0000,0.275,right_upper_arm,0.074,left_upper_arm,0.064,left_thigh,8.25,left_thigh,0.386,right_thigh,3.61,left_foot,0.1441,left_thigh,0.64,0.40
134,0.4050,DESCENT,NONE,-0.0287,-0.0004,-0.0289,-0.1547,0.1353,-0.0316,1,8,0.0011,0.8729,26.98,0,0.0000,0.0,0.0,0.00,0.00,0.00,0.0000,0.0000,0.0000,0.275,right_upper_arm,0.074,left_upper_arm,0.064,left_thigh,8.25,left_thigh,0.390,right_thigh,5.89,right_foot,0.1441,left_thigh,0.66,0.40
135,0.4080,DESCENT,NONE,-0.0287,-0.0003,-0.0288,-0.1547,0.1353,-0.0246,1,8,0.0013,0.8708,27.22,0,0.0000,0.0,0.0,0.00,0.00,0.00,0.0000,0.0000,0.0000,0.274,right_upper_arm,0.073,left_upper_arm,0.063,left_thigh,8.23,left_thigh,0.395,right_thigh,3.61,left_foot,0.1440,left_thigh,0.65,0.41
136,0.4110,DESCENT,NONE,-0.0287,-0.0003,-0.0288,-0.1547,0.1353,-0.0292,1,8,0.0012,0.8686,27.46,0,0.0000,0.0,0.0,0.00,0.00,0.00,0.0000,0.0000,0.0000,0.274,right_upper_arm,0.073,left_upper_arm,0.063,left_thigh,8.22,left_thigh,0.399,right_thigh,5.89,left_foot,0.1438,left_thigh,0.67,0.41
137,0.4140,DESCENT,NONE,-0.0288,-0.0006,-0.0289,-0.1547,0.1353,-0.0220,1,8,0.0014,0.8665,27.69,0,0.0000,0.0,0.0,0.00,0.00,0.00,0.0000,0.0000,0.0000,0.274,right_upper_arm,0.073,left_upper_arm,0.062,left_thigh,8.20,left_thigh,0.404,right_thigh,3.61,left_foot,0.1436,left_thigh,0.66,0.41
138,0.4170,DESCENT,NONE,-0.0288,-0.0010,-0.0291,-0.1547,0.1353,-0.0266,1,8,0.0022,0.8642,27.93,0,0.0000,0.0,0.0,0.00,0.00,0.00,0.0000,0.0000,0.0000,0.274,right_upper_arm,0.073,left_upper_arm,0.062,left_thigh,8.19,left_thigh,0.408,right_thigh,2.85,left_foot,0.1433,left_thigh,0.64,0.42
139,0.4200,DESCENT,NONE,-0.0288,-0.0017,-0.0293,-0.1547,0.1353,-0.0328,1,8,0.0018,0.8620,28.16,0,0.0000,0.0,0.0,0.00,0.00,0.00,0.0000,0.0000,0.0000,0.274,right_upper_arm,0.073,left_upper_arm,0.063,left_thigh,8.18,left_thigh,0.413,right_thigh,5.13,left_foot,0.1430,left_thigh,0.66,0.42
140,0.4230,DESCENT,NONE,-0.0288,-0.0018,-0.0294,-0.1547,0.1353,-0.0264,1,8,0.0016,0.8598,28.40,0,0.0000,0.0,0.0,0.00,0.00,0.00,0.0000,0.0000,0.0000,0.274,right_upper_arm,0.073,left_upper_arm,0.062,left_thigh,8.15,left_thigh,0.417,right_thigh,2.85,left_foot,0.1428,left_thigh,0.66,0.42
141,0.4260,DESCENT,NONE,-0.0288,-0.0016,-0.0293,-0.1547,0.1353,-0.0319,1,8,0.0012,0.8575,28.64,0,0.0000,0.0,0.0,0.00,0.00,0.00,0.0000,0.0000,0.0000,0.274,right_upper_arm,0.073,left_upper_arm,0.061,left_thigh,8.13,left_thigh,0.422,right_thigh,5.13,left_foot,0.1424,left_thigh,0.68,0.43
142,0.4290,DESCENT,NONE,-0.0288,-0.0014,-0.0293,-0.1547,0.1353,-0.0255,1,8,0.0013,0.8552,28.87,0,0.0000,0.0,0.0,0.00,0.00,0.00,0.0000,0.0000,0.0000,0.273,right_upper_arm,0.073,left_upper_arm,0.061,left_thigh,8.10,left_thigh,0.426,right_thigh,2.85,left_foot,0.1420,left_thigh,0.67,0.43
143,0.4320,DESCENT,NONE,-0.0288,-0.0012,-0.0292,-0.1547,0.1353,-0.0304,1,8,0.0013,0.8529,29.11,0,0.0000,0.0,0.0,0.00,0.00,0.00,0.0000,0.0000,0.0000,0.273,right_upper_arm,0.073,left_upper_arm,0.060,left_thigh,8.07,left_thigh,0.431,right_thigh,5.13,left_foot,0.1415,left_thigh,0.69,0.43
144,0.4350,DESCENT,NONE,-0.0289,-0.0013,-0.0293,-0.1547,0.1353,-0.0245,1,8,0.0015,0.8505,29.35,0,0.0000,0.0,0.0,0.00,0.00,0.00,0.0000,0.0000,0.0000,0.273,right_upper_arm,0.073,left_upper_arm,0.059,left_thigh,8.03,left_thigh,0.436,right_thigh,2.85,left_foot,0.1409,left_thigh,0.67,0.44
145,0.4380,DESCENT,NONE,-0.0289,-0.0015,-0.0293,-0.1547,0.1353,-0.0295,1,8,0.0015,0.8481,29.59,0,0.0000,0.0,0.0,0.00,0.00,0.00,0.0000,0.0000,0.0000,0.273,right_upper_arm,0.073,left_upper_arm,0.060,left_thigh,8.00,left_thigh,0.440,right_thigh,5.01,left_foot,0.1402,left_thigh,0.68,0.44
146,0.4410,DESCENT,NONE,-0.0289,-0.0018,-0.0295,-0.1547,0.1353,-0.0246,1,8,0.0017,0.8457,29.82,0,0.0000,0.0,0.0,0.00,0.00,0.00,0.0000,0.0000,0.0000,0.273,right_upper_arm,0.073,left_upper_arm,0.058,left_thigh,7.95,left_thigh,0.445,right_thigh,2.73,left_foot,0.1396,left_thigh,0.68,0.44
147,0.4440,DESCENT,NONE,-0.0289,-0.0021,-0.0296,-0.1547,0.1353,-0.0297,1,8,0.0017,0.8433,30.06,0,0.0000,0.0,0.0,0.00,0.00,0.00,0.0000,0.0000,0.0000,0.273,right_upper_arm,0.073,left_upper_arm,0.058,left_thigh,7.91,left_thigh,0.449,right_thigh,4.40,left_foot,0.1389,left_thigh,0.68,0.44
148,0.4470,DESCENT,NONE,-0.0289,-0.0023,-0.0297,-0.1547,0.1353,-0.0277,1,8,0.0020,0.8408,30.29,0,0.0000,0.0,0.0,0.00,0.00,0.00,0.0000,0.0000,0.0000,0.273,right_upper_arm,0.073,left_upper_arm,0.058,left_thigh,7.87,left_thigh,0.454,right_thigh,2.13,left_foot,0.1381,left_thigh,0.67,0.45
149,0.4500,DESCENT,NONE,-0.0290,-0.0023,-0.0297,-0.1547,0.1353,-0.0337,1,8,0.0016,0.8384,30.53,0,0.0000,0.0,0.0,0.00,0.00,0.00,0.0000,0.0000,0.0000,0.273,right_upper_arm,0.073,left_upper_arm,0.058,left_thigh,7.83,left_thigh,0.459,right_thigh,4.40,left_foot,0.1374,left_thigh,0.69,0.45
150,0.4530,DESCENT,NONE,-0.0290,-0.0021,-0.0296,-0.1547,0.1353,-0.0285,1,8,0.0016,0.8359,30.76,0,0.0000,0.0,0.0,0.00,0.00,0.00,0.0000,0.0000,0.0000,0.273,right_upper_arm,0.073,left_upper_arm,0.056,left_thigh,7.77,left_thigh,0.463,right_thigh,2.75,left_foot,0.1367,left_thigh,0.68,0.45
151,0.4560,DESCENT,NONE,-0.0290,-0.0017,-0.0295,-0.1547,0.1353,-0.0339,1,8,0.0013,0.8334,30.99,0,0.0000,0.0,0.0,0.00,0.00,0.00,0.0000,0.0000,0.0000,0.273,right_upper_arm,0.073,left_upper_arm,0.056,left_thigh,7.72,left_thigh,0.468,right_thigh,5.02,left_foot,0.1357,left_thigh,0.70,0.45
152,0.4590,DESCENT,NONE,-0.0290,-0.0013,-0.0294,-0.1547,0.1353,-0.0270,1,8,0.0014,0.8308,31.22,0,0.0000,0.0,0.0,0.00,0.00,0.00,0.0000,0.0000,0.0000,0.272,right_upper_arm,0.073,left_upper_arm,0.055,left_thigh,7.66,left_thigh,0.472,right_thigh,2.75,left_foot,0.1348,left_thigh,0.69,0.46
153,0.4620,DESCENT,NONE,-0.0290,-0.0010,-0.0293,-0.1547,0.1353,-0.0320,1,8,0.0013,0.8283,31.46,0,0.0000,0.0,0.0,0.00,0.00,0.00,0.0000,0.0000,0.0000,0.272,right_upper_arm,0.073,left_upper_arm,0.054,left_thigh,7.60,left_thigh,0.477,right_thigh,5.02,left_foot,0.1338,left_thigh,0.71,0.46
154,0.4650,DESCENT,NONE,-0.0291,-0.0010,-0.0294,-0.1547,0.1353,-0.0248,1,8,0.0015,0.8257,31.69,0,0.0000,0.0,0.0,0.00,0.00,0.00,0.0000,0.0000,0.0000,0.272,right_upper_arm,0.073,left_upper_arm,0.053,left_thigh,7.53,left_thigh,0.482,right_thigh,2.75,left_foot,0.1328,left_thigh,0.69,0.46
155,0.4680,DESCENT,NONE,-0.0291,-0.0011,-0.0294,-0.1547,0.1353,-0.0296,1,8,0.0015,0.8232,31.92,0,0.0000,0.0,0.0,0.00,0.00,0.00,0.0000,0.0000,0.0000,0.272,right_upper_arm,0.073,left_upper_arm,0.053,left_thigh,7.47,left_thigh,0.486,right_thigh,4.94,left_foot,0.1315,left_thigh,0.70,0.46
156,0.4710,DESCENT,NONE,-0.0291,-0.0015,-0.0295,-0.1547,0.1353,-0.0235,1,8,0.0017,0.8206,32.15,0,0.0000,0.0,0.0,0.00,0.00,0.00,0.0000,0.0000,0.0000,0.272,right_upper_arm,0.073,left_upper_arm,0.052,left_thigh,7.40,left_thigh,0.491,right_thigh,2.67,left_foot,0.1304,left_thigh,0.69,0.46
157,0.4740,DESCENT,NONE,-0.0291,-0.0018,-0.0297,-0.1547,0.1353,-0.0283,1,8,0.0025,0.8180,32.38,0,0.0000,0.0,0.0,0.00,0.00,0.00,0.0000,0.0000,0.0000,0.272,right_upper_arm,0.073,left_upper_arm,0.051,left_thigh,7.32,left_thigh,0.496,right_thigh,2.42,left_foot,0.1292,left_thigh,0.67,0.47
158,0.4770,DESCENT,NONE,-0.0291,-0.0023,-0.0298,-0.1547,0.1353,-0.0348,1,8,0.0020,0.8153,32.61,0,0.0000,0.0,0.0,0.00,0.00,0.00,0.0000,0.0000,0.0000,0.272,right_upper_arm,0.073,left_upper_arm,0.051,left_thigh,7.25,left_thigh,0.500,right_thigh,4.69,left_foot,0.1279,left_thigh,0.69,0.47
159,0.4800,DESCENT,NONE,-0.0292,-0.0022,-0.0298,-0.1547,0.1353,-0.0287,1,8,0.0017,0.8127,32.84,0,0.0000,0.0,0.0,0.00,0.00,0.00,0.0000,0.0000,0.0000,0.272,right_upper_arm,0.073,left_upper_arm,0.052,abdomen,7.18,left_thigh,0.505,right_thigh,2.42,left_foot,0.1267,left_thigh,0.68,0.47
160,0.4830,DESCENT,NONE,-0.0292,-0.0016,-0.0297,-0.1547,0.1353,-0.0346,1,8,0.0014,0.8100,33.06,0,0.0000,0.0,0.0,0.00,0.00,0.00,0.0000,0.0000,0.0000,0.272,right_upper_arm,0.073,left_upper_arm,0.052,abdomen,7.10,left_thigh,0.509,right_thigh,4.69,left_foot,0.1255,left_thigh,0.70,0.47
161,0.4860,DESCENT,NONE,-0.0292,-0.0011,-0.0295,-0.1547,0.1353,-0.0276,1,8,0.0014,0.8074,33.29,0,0.0000,0.0,0.0,0.00,0.00,0.00,0.0000,0.0000,0.0000,0.271,right_upper_arm,0.072,left_upper_arm,0.053,abdomen,7.01,left_thigh,0.514,right_thigh,2.42,left_foot,0.1241,left_thigh,0.69,0.47
162,0.4890,DESCENT,NONE,-0.0292,-0.0007,-0.0294,-0.1547,0.1353,-0.0327,1,8,0.0013,0.8047,33.51,0,0.0000,0.0,0.0,0.00,0.00,0.00,0.0000,0.0000,0.0000,0.271,right_upper_arm,0.072,left_upper_arm,0.053,abdomen,6.93,left_thigh,0.518,right_thigh,4.69,left_foot,0.1225,left_thigh,0.70,0.47
163,0.4920,DESCENT,NONE,-0.0292,-0.0006,-0.0294,-0.1547,0.1353,-0.0259,1,8,0.0016,0.8020,33.73,0,0.0000,0.0,0.0,0.00,0.00,0.00,0.0000,0.0000,0.0000,0.271,right_upper_arm,0.072,left_upper_arm,0.055,abdomen,6.84,left_thigh,0.523,right_thigh,2.42,left_foot,0.1211,left_thigh,0.69,0.47
164,0.4950,DESCENT,NONE,-0.0292,-0.0006,-0.0294,-0.1547,0.1353,-0.0305,1,8,0.0015,0.7993,33.96,0,0.0000,0.0,0.0,0.00,0.00,0.00,0.0000,0.0000,0.0000,0.271,right_upper_arm,0.072,left_upper_arm,0.054,abdomen,6.75,left_thigh,0.527,right_thigh,4.69,left_foot,0.1195,left_thigh,0.70,0.47
165,0.4980,DESCENT,NONE,-0.0292,-0.0008,-0.0295,-0.1547,0.1353,-0.0240,1,8,0.0017,0.7966,34.18,0,0.0000,0.0,0.0,0.00,0.00,0.00,0.0000,0.0000,0.0000,0.271,right_upper_arm,0.072,left_upper_arm,0.055,abdomen,6.65,left_thigh,0.532,right_thigh,2.42,left_foot,0.1178,left_thigh,0.68,0.47
166,0.5010,DESCENT,NONE,-0.0292,-0.0011,-0.0296,-0.1547,0.1353,-0.0292,1,8,0.0021,0.7939,34.40,0,0.0000,0.0,0.0,0.00,0.00,0.00,0.0000,0.0000,0.0000,0.271,right_upper_arm,0.072,left_upper_arm,0.055,abdomen,6.56,left_thigh,0.537,right_thigh,3.87,left_foot,0.1162,left_thigh,0.68,0.47
167,0.5040,DESCENT,NONE,-0.0292,-0.0015,-0.0297,-0.1547,0.1353,-0.0281,1,8,0.0023,0.7912,34.61,0,0.0000,0.0,0.0,0.00,0.00,0.00,0.0000,0.0000,0.0000,0.271,right_upper_arm,0.072,left_upper_arm,0.056,abdomen,6.45,left_thigh,0.541,right_thigh,1.97,left_foot,0.1145,left_thigh,0.66,0.48
168,0.5070,DESCENT,NONE,-0.0293,-0.0016,-0.0298,-0.1547,0.1353,-0.0343,1,8,0.0018,0.7885,34.83,0,0.0000,0.0,0.0,0.00,0.00,0.00,0.0000,0.0000,0.0000,0.271,right_upper_arm,0.072,left_upper_arm,0.056,abdomen,6.35,left_thigh,0.545,right_thigh,4.24,left_foot,0.1127,left_thigh,0.68,0.48
169,0.5100,DESCENT,NONE,-0.0293,-0.0014,-0.0297,-0.1547,0.1353,-0.0283,1,8,0.0017,0.7857,35.05,0,0.0000,0.0,0.0,0.00,0.00,0.00,0.0000,0.0000,0.0000,0.271,right_upper_arm,0.072,left_upper_arm,0.057,abdomen,6.25,left_thigh,0.550,right_thigh,2.25,left_foot,0.1110,left_thigh,0.67,0.48
170,0.5130,DESCENT,NONE,-0.0293,-0.0009,-0.0296,-0.1547,0.1353,-0.0340,1,8,0.0015,0.7830,35.26,0,0.0000,0.0,0.0,0.00,0.00,0.00,0.0000,0.0000,0.0000,0.271,right_upper_arm,0.072,left_upper_arm,0.057,abdomen,6.49,right_foot,0.554,right_thigh,4.52,left_foot,0.1093,left_thigh,0.69,0.48
171,0.5160,DESCENT,NONE,-0.0293,-0.0005,-0.0295,-0.1547,0.1353,-0.0271,1,8,0.0015,0.7803,35.47,0,0.0000,0.0,0.0,0.00,0.00,0.00,0.0000,0.0000,0.0000,0.270,right_upper_arm,0.072,left_upper_arm,0.058,abdomen,6.03,left_thigh,0.559,right_thigh,2.25,left_foot,0.1074,left_thigh,0.67,0.47
172,0.5190,DESCENT,NONE,-0.0293,-0.0002,-0.0294,-0.1547,0.1353,-0.0322,1,8,0.0015,0.7775,35.68,0,0.0000,0.0,0.0,0.00,0.00,0.00,0.0000,0.0000,0.0000,0.271,right_upper_arm,0.072,left_upper_arm,0.058,abdomen,6.76,right_foot,0.563,right_thigh,4.52,left_foot,0.1053,left_thigh,0.68,0.47
173,0.5220,DESCENT,NONE,-0.0293,-0.0002,-0.0294,-0.1547,0.1353,-0.0257,1,8,0.0018,0.7748,35.89,0,0.0000,0.0,0.0,0.00,0.00,0.00,0.0000,0.0000,0.0000,0.270,right_upper_arm,0.072,left_upper_arm,0.060,abdomen,5.80,left_thigh,0.568,right_thigh,2.25,left_foot,0.1034,left_thigh,0.67,0.47
174,0.5250,DESCENT,NONE,-0.0293,-0.0002,-0.0294,-0.1547,0.1353,-0.0304,1,8,0.0016,0.7721,36.10,0,0.0000,0.0,0.0,0.00,0.00,0.00,0.0000,0.0000,0.0000,0.271,right_upper_arm,0.072,left_upper_arm,0.059,abdomen,6.92,right_foot,0.572,right_thigh,4.52,left_foot,0.1013,left_thigh,0.68,0.47
175,0.5280,DESCENT,NONE,-0.0293,-0.0004,-0.0295,-0.1547,0.1353,-0.0245,1,8,0.0019,0.7693,36.30,0,0.0000,0.0,0.0,0.00,0.00,0.00,0.0000,0.0000,0.0000,0.270,right_upper_arm,0.072,left_upper_arm,0.061,abdomen,5.90,right_foot,0.576,right_thigh,2.25,left_foot,0.1003,abdomen,0.65,0.47
176,0.5310,DESCENT,NONE,-0.0293,-0.0007,-0.0295,-0.1547,0.1353,-0.0299,1,8,0.0023,0.7666,36.51,0,0.0000,0.0,0.0,0.00,0.00,0.00,0.0000,0.0000,0.0000,0.270,right_upper_arm,0.072,left_upper_arm,0.061,abdomen,5.93,right_foot,0.581,right_thigh,3.46,left_foot,0.1014,abdomen,0.65,0.47
177,0.5340,DESCENT,NONE,-0.0293,-0.0010,-0.0296,-0.1547,0.1353,-0.0301,1,8,0.0021,0.7639,36.71,0,0.0000,0.0,0.0,0.00,0.00,0.00,0.0000,0.0000,0.0000,0.270,right_upper_arm,0.072,left_upper_arm,0.061,abdomen,5.91,abdomen,0.585,right_thigh,3.34,left_foot,0.1023,abdomen,0.65,0.47
178,0.5370,DESCENT,NONE,-0.0294,-0.0009,-0.0296,-0.1547,0.1353,-0.0313,1,8,0.0015,0.7611,36.91,0,0.0000,0.0,0.0,0.00,0.00,0.00,0.0000,0.0000,0.0000,0.270,right_upper_arm,0.072,left_upper_arm,0.061,abdomen,7.05,right_foot,0.589,right_thigh,4.47,left_foot,0.1032,abdomen,0.67,0.47
179,0.5400,DESCENT,NONE,-0.0294,-0.0006,-0.0295,-0.1547,0.1353,-0.0256,1,8,0.0017,0.7584,37.11,0,0.0000,0.0,0.0,0.00,0.00,0.00,0.0000,0.0000,0.0000,0.270,right_upper_arm,0.072,left_upper_arm,0.063,abdomen,6.02,abdomen,0.593,right_thigh,2.20,left_foot,0.1041,abdomen,0.64,0.47
180,0.5430,DESCENT,NONE,-0.0294,-0.0004,-0.0295,-0.1547,0.1353,-0.0309,1,8,0.0019,0.7557,37.30,0,0.0000,0.0,0.0,0.00,0.00,0.00,0.0000,0.0000,0.0000,0.270,right_upper_arm,0.072,left_upper_arm,0.063,abdomen,6.70,right_foot,0.597,right_thigh,4.05,left_foot,0.1052,abdomen,0.65,0.46
181,0.5460,DESCENT,NONE,-0.0294,-0.0006,-0.0295,-0.1547,0.1353,-0.0273,1,8,0.0021,0.7530,37.49,0,0.0000,0.0,0.0,0.00,0.00,0.00,0.0000,0.0000,0.0000,0.270,right_upper_arm,0.072,left_upper_arm,0.063,abdomen,6.13,abdomen,0.602,right_thigh,1.78,left_foot,0.1062,abdomen,0.63,0.46
182,0.5490,DESCENT,NONE,-0.0294,-0.0006,-0.0295,-0.1547,0.1353,-0.0331,1,8,0.0019,0.7503,37.69,0,0.0000,0.0,0.0,0.00,0.00,0.00,0.0000,0.0000,0.0000,0.270,right_upper_arm,0.072,left_upper_arm,0.063,abdomen,6.78,right_foot,0.606,right_thigh,4.05,left_foot,0.1071,abdomen,0.64,0.46
183,0.5520,DESCENT,NONE,-0.0294,-0.0005,-0.0295,-0.1547,0.1353,-0.0280,1,8,0.0022,0.7476,37.88,0,0.0000,0.0,0.0,0.00,0.00,0.00,0.0000,0.0000,0.0000,0.270,right_upper_arm,0.072,left_upper_arm,0.065,abdomen,6.25,abdomen,0.610,right_thigh,1.84,left_foot,0.1080,abdomen,0.64,0.46
184,0.5550,DESCENT,NONE,-0.0294,-0.0002,-0.0295,-0.1547,0.1353,-0.0323,1,8,0.0016,0.7449,38.07,0,0.0000,0.0,0.0,0.00,0.00,0.00,0.0000,0.0000,0.0000,0.270,right_upper_arm,0.072,left_upper_arm,0.063,abdomen,6.95,right_foot,0.614,right_thigh,4.11,left_foot,0.1091,abdomen,0.65,0.46
185,0.5580,DESCENT,NONE,-0.0294,0.0002,-0.0294,-0.1547,0.1353,-0.0263,1,8,0.0017,0.7421,38.25,0,0.0000,0.0,0.0,0.00,0.00,0.00,0.0000,0.0000,0.0000,0.270,right_upper_arm,0.072,left_upper_arm,0.065,abdomen,6.34,abdomen,0.618,right_thigh,1.84,left_foot,0.1097,abdomen,0.63,0.46
186,0.5610,DESCENT,NONE,-0.0294,0.0004,-0.0293,-0.1547,0.1353,-0.0325,1,8,0.0020,0.7393,38.44,0,0.0000,0.0,0.0,0.00,0.00,0.00,0.0000,0.0000,0.0000,0.270,right_upper_arm,0.072,left_upper_arm,0.065,abdomen,7.05,right_foot,0.622,right_thigh,4.11,left_foot,0.1106,abdomen,0.67,0.46
187,0.5640,DESCENT,NONE,-0.0294,0.0005,-0.0293,-0.1547,0.1353,-0.0248,1,8,0.0017,0.7365,38.63,0,0.0000,0.0,0.0,0.00,0.00,0.00,0.0000,0.0000,0.0000,0.271,right_upper_arm,0.072,left_upper_arm,0.064,abdomen,6.42,abdomen,0.627,right_thigh,1.84,right_foot,0.1115,abdomen,0.65,0.46
188,0.5670,DESCENT,NONE,-0.0294,0.0008,-0.0292,-0.1547,0.1353,-0.0308,1,8,0.0017,0.7337,38.81,0,0.0000,0.0,0.0,0.00,0.00,0.00,0.0000,0.0000,0.0000,0.270,right_upper_arm,0.072,left_upper_arm,0.065,abdomen,7.19,right_foot,0.631,right_thigh,4.11,left_foot,0.1122,abdomen,0.65,0.46
189,0.5700,DESCENT,NONE,-0.0294,0.0007,-0.0292,-0.1547,0.1353,-0.0261,1,8,0.0021,0.7308,38.99,0,0.0000,0.0,0.0,0.00,0.00,0.00,0.0000,0.0000,0.0000,0.270,right_upper_arm,0.072,left_upper_arm,0.067,abdomen,6.52,abdomen,0.635,right_thigh,1.84,left_foot,0.1128,abdomen,0.66,0.46
190,0.5730,DESCENT,NONE,-0.0294,0.0007,-0.0292,-0.1547,0.1353,-0.0310,1,8,0.0017,0.7280,39.17,0,0.0000,0.0,0.0,0.00,0.00,0.00,0.0000,0.0000,0.0000,0.270,right_upper_arm,0.071,left_upper_arm,0.066,abdomen,7.34,right_foot,0.639,right_thigh,4.11,left_foot,0.1138,abdomen,0.66,0.46
191,0.5760,DESCENT,NONE,-0.0294,0.0007,-0.0292,-0.1547,0.1353,-0.0260,1,8,0.0019,0.7251,39.34,0,0.0000,0.0,0.0,0.00,0.00,0.00,0.0000,0.0000,0.0000,0.270,right_upper_arm,0.071,left_upper_arm,0.068,abdomen,6.62,abdomen,0.643,right_thigh,1.84,left_foot,0.1145,abdomen,0.63,0.46
192,0.5790,DESCENT,NONE,-0.0294,0.0007,-0.0292,-0.1547,0.1353,-0.0330,1,8,0.0019,0.7223,39.51,0,0.0000,0.0,0.0,0.00,0.00,0.00,0.0000,0.0000,0.0000,0.269,left_upper_arm,0.071,left_upper_arm,0.069,abdomen,7.50,right_foot,0.647,right_thigh,4.11,left_foot,0.1156,abdomen,0.64,0.46
193,0.5820,DESCENT,NONE,-0.0294,0.0006,-0.0292,-0.1547,0.1353,-0.0285,1,8,0.0022,0.7195,39.68,0,0.0000,0.0,0.0,0.00,0.00,0.00,0.0000,0.0000,0.0000,0.269,left_upper_arm,0.071,left_upper_arm,0.072,abdomen,6.77,abdomen,0.651,right_thigh,2.39,left_foot,0.1167,abdomen,0.62,0.46
194,0.5850,DESCENT,NONE,-0.0294,0.0006,-0.0292,-0.1547,0.1353,-0.0342,1,8,0.0018,0.7167,39.85,0,0.0000,0.0,0.0,0.00,0.00,0.00,0.0000,0.0000,0.0000,0.269,left_upper_arm,0.071,left_upper_arm,0.072,abdomen,7.74,right_foot,0.655,right_thigh,4.41,left_foot,0.1182,abdomen,0.62,0.45
195,0.5880,DESCENT,NONE,-0.0294,0.0008,-0.0291,-0.1547,0.1353,-0.0289,1,8,0.0020,0.7141,40.02,0,0.0000,0.0,0.0,0.00,0.00,0.00,0.0000,0.0000,0.0000,0.269,left_upper_arm,0.071,left_upper_arm,0.074,abdomen,6.93,abdomen,0.659,right_thigh,2.39,left_foot,0.1194,abdomen,0.58,0.45
196,0.5910,DESCENT,NONE,-0.0293,0.0009,-0.0291,-0.1547,0.1353,-0.0354,1,8,0.0020,0.7115,40.18,0,0.0000,0.0,0.0,0.00,0.00,0.00,0.0000,0.0000,0.0000,0.269,left_upper_arm,0.071,left_upper_arm,0.075,abdomen,7.94,right_foot,0.662,right_thigh,4.31,left_foot,0.1210,abdomen,0.59,0.44
197,0.5940,DESCENT,NONE,-0.0293,0.0010,-0.0291,-0.1547,0.1353,-0.0299,1,8,0.0020,0.7090,40.34,0,0.0000,0.0,0.0,0.00,0.00,0.00,0.0000,0.0000,0.0000,0.268,left_upper_arm,0.071,left_upper_arm,0.077,abdomen,7.11,abdomen,0.665,right_thigh,2.03,left_foot,0.1225,abdomen,0.55,0.43
198,0.5970,DESCENT,NONE,-0.0293,0.0013,-0.0290,-0.1547,0.1353,-0.0361,1,8,0.0023,0.7066,40.50,0,0.0000,0.0,0.0,0.00,0.00,0.00,0.0000,0.0000,0.0000,0.268,left_upper_arm,0.071,left_upper_arm,0.077,abdomen,7.24,right_foot,0.669,right_thigh,3.36,left_foot,0.1242,abdomen,0.52,0.42
199,0.6000,DESCENT,NONE,-0.0293,0.0014,-0.0289,-0.1547,0.1353,-0.0358,1,8,0.0022,0.7043,40.65,0,0.0000,0.0,0.0,0.00,0.00,0.00,0.0000,0.0000,0.0000,0.268,left_upper_arm,0.071,left_upper_arm,0.079,abdomen,7.31,abdomen,0.672,right_thigh,3.17,right_foot,0.1259,abdomen,0.50,0.41
200,0.6030,DESCENT,NONE,-0.0293,0.0020,-0.0287,-0.1547,0.1353,-0.0376,1,8,0.0023,0.7021,40.80,0,0.0000,0.0,0.0,0.00,0.00,0.00,0.0000,0.0000,0.0000,0.268,left_upper_arm,0.071,left_upper_arm,0.080,abdomen,7.41,abdomen,0.675,right_thigh,2.76,left_foot,0.1276,abdomen,0.47,0.39
201,0.6060,DESCENT,NONE,-0.0293,0.0029,-0.0285,-0.1547,0.1353,-0.0405,1,8,0.0022,0.7001,40.95,0,0.0000,0.0,0.0,0.00,0.00,0.00,0.0000,0.0000,0.0000,0.268,left_upper_arm,0.071,left_upper_arm,0.081,abdomen,7.52,abdomen,0.677,right_thigh,2.96,left_foot,0.1294,abdomen,0.45,0.38
202,0.6090,DESCENT,NONE,-0.0292,0.0041,-0.0281,-0.1547,0.1353,-0.0401,1,8,0.0021,0.6982,41.09,0,0.0000,0.0,0.0,0.00,0.00,0.00,0.0000,0.0000,0.0000,0.268,left_upper_arm,0.071,left_upper_arm,0.082,abdomen,7.62,abdomen,0.680,right_thigh,2.57,left_foot,0.1312,abdomen,0.42,0.36
203,0.6120,DESCENT,NONE,-0.0292,0.0056,-0.0276,-0.1547,0.1353,-0.0426,1,8,0.0020,0.6964,41.22,0,0.0000,0.0,0.0,0.00,0.00,0.00,0.0000,0.0000,0.0000,0.268,left_upper_arm,0.071,left_upper_arm,0.083,abdomen,7.72,abdomen,0.682,right_thigh,2.44,left_foot,0.1331,abdomen,0.41,0.35
204,0.6150,DESCENT,NONE,-0.0291,0.0073,-0.0271,-0.1547,0.1353,-0.0441,1,8,0.0022,0.6947,41.36,0,0.0000,0.0,0.0,0.00,0.00,0.00,0.0000,0.0000,0.0000,0.268,left_upper_arm,0.071,left_upper_arm,0.084,abdomen,7.83,abdomen,0.684,right_thigh,2.03,left_foot,0.1349,abdomen,0.39,0.33
205,0.6180,DESCENT,NONE,-0.0290,0.0092,-0.0264,-0.1547,0.1353,-0.0466,1,8,0.0023,0.6932,41.48,0,0.0000,0.0,0.0,0.00,0.00,0.00,0.0000,0.0000,0.0000,0.268,left_upper_arm,0.071,left_upper_arm,0.084,abdomen,7.93,abdomen,0.686,right_thigh,1.49,left_foot,0.1367,abdomen,0.37,0.31
206,0.6210,DESCENT,NONE,-0.0289,0.0116,-0.0257,-0.1547,0.1353,-0.0498,1,8,0.0021,0.6918,41.60,0,0.0000,0.0,0.0,0.00,0.00,0.00,0.0000,0.0000,0.0000,0.268,left_upper_arm,0.071,left_upper_arm,0.084,abdomen,8.02,abdomen,0.688,right_thigh,1.32,left_foot,0.1384,abdomen,0.36,0.29
207,0.6240,DESCENT,NONE,-0.0288,0.0144,-0.0248,-0.1547,0.1353,-0.0517,1,8,0.0015,0.6906,41.72,0,0.0000,0.0,0.0,0.00,0.00,0.00,0.0000,0.0000,0.0000,0.267,left_upper_arm,0.071,left_upper_arm,0.085,abdomen,8.11,abdomen,0.690,right_thigh,3.58,left_foot,0.1400,abdomen,0.34,0.27
208,0.6270,DESCENT,NONE,-0.0286,0.0176,-0.0237,-0.1547,0.1353,-0.0457,1,8,0.0011,0.6895,41.83,0,0.0000,0.0,0.0,0.00,0.00,0.00,0.0000,0.0000,0.0000,0.267,left_upper_arm,0.071,left_upper_arm,0.086,abdomen,8.21,abdomen,0.692,right_thigh,2.54,left_foot,0.1416,abdomen,0.32,0.26
209,0.6300,DESCENT,NONE,-0.0284,0.0209,-0.0226,-0.1547,0.1353,-0.0444,1,8,0.0013,0.6886,41.94,0,0.0000,0.0,0.0,0.00,0.00,0.00,0.0000,0.0000,0.0000,0.267,left_upper_arm,0.071,left_upper_arm,0.086,abdomen,8.29,abdomen,0.693,right_thigh,2.09,left_foot,0.1433,abdomen,0.31,0.24
210,0.6330,DESCENT,NONE,-0.0282,0.0236,-0.0216,-0.1547,0.1353,-0.0469,1,8,0.0015,0.6878,42.04,0,0.0000,0.0,0.0,0.00,0.00,0.00,0.0000,0.0000,0.0000,0.267,left_upper_arm,0.071,left_upper_arm,0.087,abdomen,8.38,abdomen,0.694,right_thigh,4.37,right_foot,0.1448,abdomen,0.29,0.22
211,0.6360,DESCENT,NONE,-0.0279,0.0258,-0.0207,-0.1547,0.1353,-0.0401,1,8,0.0012,0.6872,42.14,0,0.0000,0.0,0.0,0.00,0.00,0.00,0.0000,0.0000,0.0000,0.267,left_upper_arm,0.071,left_upper_arm,0.087,abdomen,8.88,right_foot,0.695,right_thigh,6.66,left_foot,0.1463,abdomen,0.27,0.20
212,0.6390,DESCENT,NONE,-0.0276,0.0280,-0.0198,-0.1547,0.1353,-0.0323,1,8,0.0013,0.6867,42.23,0,0.0000,0.0,0.0,0.00,0.00,0.00,0.0000,0.0000,0.0000,0.268,left_upper_arm,0.071,left_upper_arm,0.087,abdomen,10.04,right_foot,0.696,right_thigh,8.95,right_foot,0.1476,abdomen,0.25,0.18
213,0.6420,DESCENT,NONE,-0.0273,0.0294,-0.0192,-0.1547,0.1353,-0.0238,1,8,0.0016,0.6863,42.32,0,0.0000,0.0,0.0,0.00,0.00,0.00,0.0000,0.0000,0.0000,0.268,right_upper_arm,0.071,left_upper_arm,0.086,abdomen,11.19,right_foot,0.697,right_thigh,10.90,left_foot,0.1488,abdomen,0.23,0.16
214,0.6450,DESCENT,NONE,-0.0270,0.0295,-0.0188,-0.1547,0.1353,-0.0162,1,8,0.0017,0.6860,42.41,0,0.0000,0.0,0.0,0.00,0.00,0.00,0.0000,0.0000,0.0000,0.268,right_upper_arm,0.071,left_upper_arm,0.087,abdomen,12.33,right_foot,0.698,right_thigh,11.82,right_foot,0.1498,abdomen,0.21,0.15
215,0.6480,DESCENT,NONE,-0.0268,0.0281,-0.0189,-0.1547,0.1353,-0.0071,1,8,0.0018,0.6858,42.50,0,0.0000,0.0,0.0,0.00,0.00,0.00,0.0000,0.0000,0.0000,0.268,right_upper_arm,0.071,left_upper_arm,0.086,abdomen,13.47,right_foot,0.699,right_thigh,9.53,left_foot,0.1508,abdomen,0.20,0.13
216,0.6510,DESCENT,NONE,-0.0265,0.0256,-0.0194,-0.1547,0.1353,0.0027,1,8,0.0026,0.6856,42.58,0,0.0000,0.0,0.0,0.00,0.00,0.00,0.0000,0.0000,0.0000,0.269,right_upper_arm,0.071,left_upper_arm,0.085,abdomen,12.31,right_foot,0.700,right_thigh,7.24,left_foot,0.1516,abdomen,0.19,0.12
217,0.6540,DESCENT,NONE,-0.0263,0.0219,-0.0202,-0.1547,0.1353,0.0007,1,8,0.0044,0.6855,42.67,0,0.0000,0.0,0.0,0.00,0.00,0.00,0.0000,0.0000,0.0000,0.269,right_upper_arm,0.071,left_upper_arm,0.084,abdomen,11.16,right_foot,0.701,right_thigh,4.95,left_foot,0.1521,abdomen,0.17,0.11
218,0.6570,DESCENT,NONE,-0.0261,0.0176,-0.0212,-0.1547,0.1353,-0.0040,1,8,0.0054,0.6854,42.74,0,0.0000,0.0,0.0,0.00,0.00,0.00,0.0000,0.0000,0.0000,0.270,right_upper_arm,0.071,left_upper_arm,0.081,abdomen,10.03,right_foot,0.702,right_thigh,2.67,left_foot,0.1522,abdomen,0.16,0.09
219,0.6600,DESCENT,NONE,-0.0260,0.0143,-0.0220,-0.1547,0.1353,-0.0103,1,8,0.0054,0.6852,42.82,0,0.0000,0.0,0.0,0.00,0.00,0.00,0.0000,0.0000,0.0000,0.270,right_upper_arm,0.071,left_upper_arm,0.079,abdomen,8.92,right_foot,0.703,right_thigh,3.72,left_foot,0.1520,abdomen,0.14,0.09
220,0.6630,DESCENT,NONE,-0.0258,0.0126,-0.0223,-0.1547,0.1353,-0.0187,1,8,0.0038,0.6850,42.88,0,0.0000,0.0,0.0,0.00,0.00,0.00,0.0000,0.0000,0.0000,0.270,right_upper_arm,0.072,left_upper_arm,0.079,abdomen,10.11,right_foot,0.703,right_thigh,6.01,left_foot,0.1515,abdomen,0.13,0.08
221,0.6660,DESCENT,NONE,-0.0257,0.0125,-0.0223,-0.1547,0.1353,-0.0140,1,8,0.0026,0.6847,42.94,0,0.0000,0.0,0.0,0.00,0.00,0.00,0.0000,0.0000,0.0000,0.270,right_upper_arm,0.072,left_upper_arm,0.079,abdomen,9.18,right_foot,0.704,right_thigh,5.05,left_foot,0.1509,abdomen,0.12,0.07
222,0.6690,DESCENT,NONE,-0.0256,0.0133,-0.0219,-0.1547,0.1353,-0.0179,1,8,0.0018,0.6844,42.98,0,0.0000,0.0,0.0,0.00,0.00,0.00,0.0000,0.0000,0.0000,0.270,right_upper_arm,0.072,left_upper_arm,0.078,abdomen,10.34,right_foot,0.705,right_thigh,7.34,left_foot,0.1505,abdomen,0.11,0.07
223,0.6720,DESCENT,NONE,-0.0255,0.0138,-0.0216,-0.1547,0.1353,-0.0109,1,8,0.0018,0.6840,43.02,0,0.0000,0.0,0.0,0.00,0.00,0.00,0.0000,0.0000,0.0000,0.270,right_upper_arm,0.071,left_upper_arm,0.077,abdomen,9.21,right_foot,0.706,right_thigh,5.05,left_foot,0.1499,abdomen,0.10,0.06
224,0.6750,DESCENT,NONE,-0.0253,0.0140,-0.0214,-0.1547,0.1353,-0.0153,1,8,0.0019,0.6835,43.05,0,0.0000,0.0,0.0,0.00,0.00,0.00,0.0000,0.0000,0.0000,0.270,right_upper_arm,0.071,left_upper_arm,0.076,abdomen,10.37,right_foot,0.707,right_thigh,6.93,left_foot,0.1494,abdomen,0.12,0.06
225,0.6780,DESCENT,NONE,-0.0252,0.0134,-0.0215,-0.1547,0.1353,-0.0081,1,8,0.0022,0.6830,43.07,0,0.0000,0.0,0.0,0.00,0.00,0.00,0.0000,0.0000,0.0000,0.270,right_upper_arm,0.071,left_upper_arm,0.076,abdomen,9.25,right_foot,0.708,right_thigh,4.64,left_foot,0.1487,abdomen,0.11,0.07
226,0.6810,DESCENT,NONE,-0.0251,0.0127,-0.0215,-0.1547,0.1353,-0.0119,1,8,0.0028,0.6824,43.10,0,0.0000,0.0,0.0,0.00,0.00,0.00,0.0000,0.0000,0.0000,0.270,right_upper_arm,0.071,left_upper_arm,0.074,abdomen,8.71,right_foot,0.709,right_thigh,4.73,left_foot,0.1479,abdomen,0.11,0.07
227,0.6840,DESCENT,NONE,-0.0250,0.0115,-0.0218,-0.1547,0.1353,-0.0152,1,8,0.0024,0.6817,43.11,0,0.0000,0.0,0.0,0.00,0.00,0.00,0.0000,0.0000,0.0000,0.270,right_upper_arm,0.072,left_upper_arm,0.073,abdomen,9.90,right_foot,0.710,right_thigh,6.00,right_foot,0.1470,abdomen,0.14,0.08
228,0.6870,DESCENT,NONE,-0.0249,0.0107,-0.0219,-0.1547,0.1353,-0.0087,1,8,0.0023,0.6809,43.13,0,0.0000,0.0,0.0,0.00,0.00,0.00,0.0000,0.0000,0.0000,0.269,right_upper_arm,0.071,left_upper_arm,0.073,abdomen,8.79,right_foot,0.711,right_thigh,3.72,left_foot,0.1460,abdomen,0.15,0.09
229,0.6900,DESCENT,NONE,-0.0248,0.0101,-0.0220,-0.1547,0.1353,-0.0133,1,8,0.0027,0.6801,43.14,0,0.0000,0.0,0.0,0.00,0.00,0.00,0.0000,0.0000,0.0000,0.269,right_upper_arm,0.071,left_upper_arm,0.072,abdomen,8.44,right_foot,0.713,right_thigh,4.49,left_foot,0.1450,abdomen,0.15,0.09
230,0.6930,DESCENT,NONE,-0.0247,0.0091,-0.0221,-0.1547,0.1353,-0.0158,1,8,0.0023,0.6792,43.15,0,0.0000,0.0,0.0,0.00,0.00,0.00,0.0000,0.0000,0.0000,0.269,right_upper_arm,0.071,left_upper_arm,0.071,abdomen,9.37,right_foot,0.714,right_thigh,5.41,left_foot,0.1440,abdomen,0.19,0.10
231,0.6960,DESCENT,NONE,-0.0246,0.0084,-0.0223,-0.1547,0.1353,-0.0108,1,8,0.0023,0.6782,43.15,0,0.0000,0.0,0.0,0.00,0.00,0.00,0.0000,0.0000,0.0000,0.269,right_upper_arm,0.071,left_upper_arm,0.071,abdomen,8.28,right_foot,0.715,right_thigh,3.13,left_foot,0.1429,abdomen,0.19,0.11
232,0.6990,DESCENT,NONE,-0.0245,0.0078,-0.0224,-0.1547,0.1353,-0.0158,1,8,0.0023,0.6771,43.16,0,0.0000,0.0,0.0,0.00,0.00,0.00,0.0000,0.0000,0.0000,0.269,right_upper_arm,0.071,left_upper_arm,0.070,abdomen,8.80,right_foot,0.717,right_thigh,4.84,left_foot,0.1419,abdomen,0.22,0.12
233,0.7020,DESCENT,NONE,-0.0244,0.0069,-0.0225,-0.1547,0.1353,-0.0130,1,8,0.0025,0.6759,43.16,0,0.0000,0.0,0.0,0.00,0.00,0.00,0.0000,0.0000,0.0000,0.269,right_upper_arm,0.071,left_upper_arm,0.070,abdomen,8.01,abdomen,0.718,right_thigh,3.07,left_foot,0.1408,abdomen,0.22,0.12
234,0.7050,DESCENT,NONE,-0.0244,0.0061,-0.0227,-0.1547,0.1353,-0.0190,1,8,0.0022,0.6746,43.16,0,0.0000,0.0,0.0,0.00,0.00,0.00,0.0000,0.0000,0.0000,0.269,right_upper_arm,0.071,left_upper_arm,0.069,abdomen,8.93,right_foot,0.720,right_thigh,5.35,right_foot,0.1398,abdomen,0.26,0.13
235,0.7080,DESCENT,NONE,-0.0243,0.0053,-0.0229,-0.1547,0.1353,-0.0128,1,8,0.0022,0.6733,43.16,0,0.0000,0.0,0.0,0.00,0.00,0.00,0.0000,0.0000,0.0000,0.268,right_upper_arm,0.071,left_upper_arm,0.069,abdomen,7.89,abdomen,0.721,right_thigh,3.07,left_foot,0.1387,abdomen,0.26,0.14
236,0.7110,DESCENT,NONE,-0.0243,0.0047,-0.0230,-0.1547,0.1353,-0.0179,1,8,0.0022,0.6719,43.17,0,0.0000,0.0,0.0,0.00,0.00,0.00,0.0000,0.0000,0.0000,0.268,right_upper_arm,0.071,left_upper_arm,0.068,abdomen,8.56,right_foot,0.723,right_thigh,4.55,left_foot,0.1378,abdomen,0.29,0.15
237,0.7140,DESCENT,NONE,-0.0243,0.0038,-0.0232,-0.1547,0.1353,-0.0145,1,8,0.0024,0.6704,43.17,0,0.0000,0.0,0.0,0.00,0.00,0.00,0.0000,0.0000,0.0000,0.268,right_upper_arm,0.071,left_upper_arm,0.069,abdomen,7.79,abdomen,0.725,right_thigh,2.53,left_foot,0.1368,abdomen,0.28,0.15
238,0.7170,DESCENT,NONE,-0.0242,0.0030,-0.0234,-0.1547,0.1353,-0.0203,1,8,0.0022,0.6689,43.18,0,0.0000,0.0,0.0,0.00,0.00,0.00,0.0000,0.0000,0.0000,0.268,right_upper_arm,0.071,left_upper_arm,0.068,abdomen,8.71,right_foot,0.726,right_thigh,4.81,left_foot,0.1359,abdomen,0.32,0.16
239,0.7200,DESCENT,NONE,-0.0242,0.0021,-0.0236,-0.1547,0.1353,-0.0139,1,8,0.0022,0.6673,43.18,0,0.0000,0.0,0.0,0.00,0.00,0.00,0.0000,0.0000,0.0000,0.268,right_upper_arm,0.071,left_upper_arm,0.068,abdomen,7.69,abdomen,0.728,right_thigh,2.53,left_foot,0.1350,abdomen,0.32,0.17
240,0.7230,DESCENT,NONE,-0.0242,0.0013,-0.0238,-0.1547,0.1353,-0.0194,1,8,0.0025,0.6656,43.19,0,0.0000,0.0,0.0,0.00,0.00,0.00,0.0000,0.0000,0.0000,0.268,right_upper_arm,0.071,left_upper_arm,0.068,abdomen,7.71,right_foot,0.730,right_thigh,3.63,right_foot,0.1342,abdomen,0.33,0.17
241,0.7260,DESCENT,NONE,-0.0242,0.0003,-0.0241,-0.1547,0.1353,-0.0196,1,8,0.0026,0.6639,43.20,0,0.0000,0.0,0.0,0.00,0.00,0.00,0.0000,0.0000,0.0000,0.268,right_upper_arm,0.071,left_upper_arm,0.068,abdomen,7.60,abdomen,0.732,right_thigh,3.23,left_foot,0.1334,abdomen,0.34,0.18
242,0.7290,DESCENT,NONE,-0.0242,-0.0005,-0.0243,-0.1547,0.1353,-0.0221,1,8,0.0021,0.6621,43.22,0,0.0000,0.0,0.0,0.00,0.00,0.00,0.0000,0.0000,0.0000,0.268,left_upper_arm,0.071,left_upper_arm,0.067,abdomen,8.11,right_foot,0.734,right_thigh,3.97,left_foot,0.1327,abdomen,0.38,0.19
243,0.7320,DESCENT,NONE,-0.0242,-0.0010,-0.0245,-0.1547,0.1353,-0.0183,1,8,0.0022,0.6602,43.23,0,0.0000,0.0,0.0,0.00,0.00,0.00,0.0000,0.0000,0.0000,0.268,left_upper_arm,0.071,left_upper_arm,0.068,abdomen,7.53,abdomen,0.736,right_thigh,2.03,right_foot,0.1320,abdomen,0.37,0.19
244,0.7350,DESCENT,NONE,-0.0242,-0.0015,-0.0246,-0.1547,0.1353,-0.0242,1,8,0.0020,0.6583,43.25,0,0.0000,0.0,0.0,0.00,0.00,0.00,0.0000,0.0000,0.0000,0.267,left_upper_arm,0.071,left_upper_arm,0.067,abdomen,8.27,right_foot,0.738,right_thigh,4.29,left_foot,0.1314,abdomen,0.41,0.20
245,0.7380,DESCENT,NONE,-0.0243,-0.0021,-0.0248,-0.1547,0.1353,-0.0180,1,8,0.0021,0.6563,43.27,0,0.0000,0.0,0.0,0.00,0.00,0.00,0.0000,0.0000,0.0000,0.267,left_upper_arm,0.071,left_upper_arm,0.068,abdomen,7.47,abdomen,0.740,right_thigh,2.01,left_foot,0.1308,abdomen,0.40,0.21
246,0.7410,DESCENT,NONE,-0.0243,-0.0026,-0.0250,-0.1547,0.1353,-0.0235,1,8,0.0023,0.6543,43.29,0,0.0000,0.0,0.0,0.00,0.00,0.00,0.0000,0.0000,0.0000,0.267,left_upper_arm,0.071,left_upper_arm,0.068,abdomen,7.56,right_foot,0.743,right_thigh,3.33,left_foot,0.1304,abdomen,0.42,0.22
247,0.7440,DESCENT,NONE,-0.0243,-0.0034,-0.0252,-0.1547,0.1353,-0.0220,1,8,0.0026,0.6523,43.32,0,0.0000,0.0,0.0,0.00,0.00,0.00,0.0000,0.0000,0.0000,0.267,left_upper_arm,0.071,left_upper_arm,0.068,abdomen,7.42,abdomen,0.745,right_thigh,2.36,left_foot,0.1300,abdomen,0.41,0.23
248,0.7470,DESCENT,NONE,-0.0244,-0.0039,-0.0254,-0.1547,0.1353,-0.0278,1,8,0.0022,0.6502,43.35,0,0.0000,0.0,0.0,0.00,0.00,0.00,0.0000,0.0000,0.0000,0.267,left_upper_arm,0.071,left_upper_arm,0.068,abdomen,7.84,right_foot,0.747,right_thigh,4.36,right_foot,0.1296,abdomen,0.44,0.23
249,0.7500,DESCENT,NONE,-0.0244,-0.0042,-0.0256,-0.1547,0.1353,-0.0218,1,8,0.0021,0.6480,43.38,0,0.0000,0.0,0.0,0.00,0.00,0.00,0.0000,0.0000,0.0000,0.267,left_upper_arm,0.071,left_upper_arm,0.069,abdomen,7.39,abdomen,0.750,right_thigh,2.07,left_foot,0.1292,abdomen,0.44,0.24
250,0.7530,DESCENT,NONE,-0.0245,-0.0042,-0.0256,-0.1547,0.1353,-0.0276,1,8,0.0019,0.6459,43.41,0,0.0000,0.0,0.0,0.00,0.00,0.00,0.0000,0.0000,0.0000,0.267,left_upper_arm,0.071,left_upper_arm,0.068,abdomen,8.00,right_foot,0.752,right_thigh,3.86,right_foot,0.1290,abdomen,0.47,0.25
251,0.7560,DESCENT,NONE,-0.0245,-0.0045,-0.0257,-0.1547,0.1353,-0.0213,1,8,0.0020,0.6436,43.45,0,0.0000,0.0,0.0,0.00,0.00,0.00,0.0000,0.0000,0.0000,0.267,left_upper_arm,0.071,left_upper_arm,0.069,abdomen,7.37,abdomen,0.755,right_thigh,1.59,left_foot,0.1287,abdomen,0.46,0.26
252,0.7590,DESCENT,NONE,-0.0246,-0.0047,-0.0258,-0.1547,0.1353,-0.0269,1,8,0.0022,0.6414,43.49,0,0.0000,0.0,0.0,0.00,0.00,0.00,0.0000,0.0000,0.0000,0.267,left_upper_arm,0.071,left_upper_arm,0.069,abdomen,7.59,right_foot,0.757,right_thigh,3.20,left_foot,0.1287,abdomen,0.48,0.26
253,0.7620,DESCENT,NONE,-0.0246,-0.0052,-0.0260,-0.1547,0.1353,-0.0239,1,8,0.0025,0.6391,43.53,0,0.0000,0.0,0.0,0.00,0.00,0.00,0.0000,0.0000,0.0000,0.267,left_upper_arm,0.071,left_upper_arm,0.070,abdomen,7.37,abdomen,0.760,right_thigh,1.85,left_foot,0.1286,abdomen,0.46,0.27
254,0.7650,DESCENT,NONE,-0.0247,-0.0055,-0.0262,-0.1547,0.1353,-0.0300,1,8,0.0022,0.6368,43.57,0,0.0000,0.0,0.0,0.00,0.00,0.00,0.0000,0.0000,0.0000,0.267,left_upper_arm,0.071,left_upper_arm,0.069,abdomen,7.75,right_foot,0.762,right_thigh,3.72,left_foot,0.1286,abdomen,0.50,0.28
255,0.7680,DESCENT,NONE,-0.0247,-0.0056,-0.0262,-0.1547,0.1353,-0.0240,1,8,0.0021,0.6345,43.62,0,0.0000,0.0,0.0,0.00,0.00,0.00,0.0000,0.0000,0.0000,0.267,left_upper_arm,0.071,left_upper_arm,0.070,abdomen,7.37,abdomen,0.765,right_thigh,1.56,right_foot,0.1285,abdomen,0.48,0.28
256,0.7710,DESCENT,NONE,-0.0248,-0.0055,-0.0263,-0.1547,0.1353,-0.0300,1,8,0.0020,0.6321,43.67,0,0.0000,0.0,0.0,0.00,0.00,0.00,0.0000,0.0000,0.0000,0.267,left_upper_arm,0.071,left_upper_arm,0.070,abdomen,7.89,right_foot,0.767,right_thigh,3.40,left_foot,0.1287,abdomen,0.52,0.29
257,0.7740,DESCENT,NONE,-0.0248,-0.0055,-0.0263,-0.1547,0.1353,-0.0236,1,8,0.0021,0.6297,43.72,0,0.0000,0.0,0.0,0.00,0.00,0.00,0.0000,0.0000,0.0000,0.267,left_upper_arm,0.071,left_upper_arm,0.071,abdomen,7.39,abdomen,0.770,right_thigh,1.28,left_foot,0.1288,abdomen,0.50,0.29
258,0.7770,DESCENT,NONE,-0.0249,-0.0055,-0.0264,-0.1547,0.1353,-0.0294,1,8,0.0022,0.6273,43.77,0,0.0000,0.0,0.0,0.00,0.00,0.00,0.0000,0.0000,0.0000,0.267,left_upper_arm,0.071,left_upper_arm,0.071,abdomen,7.46,right_foot,0.773,right_thigh,2.92,left_foot,0.1290,abdomen,0.51,0.30
259,0.7800,DESCENT,NONE,-0.0250,-0.0057,-0.0265,-0.1547,0.1353,-0.0265,1,8,0.0025,0.6249,43.82,0,0.0000,0.0,0.0,0.00,0.00,0.00,0.0000,0.0000,0.0000,0.267,left_upper_arm,0.071,left_upper_arm,0.072,abdomen,7.42,abdomen,0.775,right_thigh,1.91,left_foot,0.1292,abdomen,0.50,0.30
260,0.7830,DESCENT,NONE,-0.0250,-0.0056,-0.0265,-0.1547,0.1353,-0.0321,1,8,0.0021,0.6225,43.88,0,0.0000,0.0,0.0,0.00,0.00,0.00,0.0000,0.0000,0.0000,0.267,left_upper_arm,0.071,left_upper_arm,0.071,abdomen,7.69,right_foot,0.778,right_thigh,3.36,left_foot,0.1294,abdomen,0.53,0.31
261,0.7860,DESCENT,NONE,-0.0251,-0.0054,-0.0265,-0.1547,0.1353,-0.0261,1,8,0.0021,0.6200,43.94,0,0.0000,0.0,0.0,0.00,0.00,0.00,0.0000,0.0000,0.0000,0.266,left_upper_arm,0.071,left_upper_arm,0.073,abdomen,7.45,abdomen,0.781,right_thigh,1.65,right_foot,0.1296,abdomen,0.51,0.31
262,0.7890,DESCENT,NONE,-0.0251,-0.0049,-0.0264,-0.1547,0.1353,-0.0322,1,8,0.0019,0.6176,43.99,0,0.0000,0.0,0.0,0.00,0.00,0.00,0.0000,0.0000,0.0000,0.266,left_upper_arm,0.071,left_upper_arm,0.072,abdomen,7.83,right_foot,0.783,right_thigh,3.22,left_foot,0.1300,abdomen,0.54,0.31
263,0.7920,DESCENT,NONE,-0.0252,-0.0047,-0.0264,-0.1547,0.1353,-0.0261,1,8,0.0021,0.6151,44.05,0,0.0000,0.0,0.0,0.00,0.00,0.00,0.0000,0.0000,0.0000,0.266,left_upper_arm,0.071,left_upper_arm,0.074,abdomen,7.50,abdomen,0.786,right_thigh,1.62,left_foot,0.1303,abdomen,0.52,0.31
264,0.7950,DESCENT,NONE,-0.0252,-0.0043,-0.0264,-0.1547,0.1353,-0.0316,1,8,0.0021,0.6126,44.12,0,0.0000,0.0,0.0,0.00,0.00,0.00,0.0000,0.0000,0.0000,0.266,left_upper_arm,0.071,left_upper_arm,0.073,abdomen,7.57,right_foot,0.789,right_thigh,2.89,left_foot,0.1309,abdomen,0.53,0.32
265,0.7980,DESCENT,NONE,-0.0253,-0.0041,-0.0264,-0.1547,0.1353,-0.0276,1,8,0.0023,0.6102,44.18,0,0.0000,0.0,0.0,0.00,0.00,0.00,0.0000,0.0000,0.0000,0.266,left_upper_arm,0.071,left_upper_arm,0.074,abdomen,7.55,abdomen,0.792,right_thigh,1.88,right_foot,0.1312,abdomen,0.51,0.32
266,0.8010,DESCENT,NONE,-0.0253,-0.0038,-0.0263,-0.1547,0.1353,-0.0335,1,8,0.0021,0.6077,44.24,0,0.0000,0.0,0.0,0.00,0.00,0.00,0.0000,0.0000,0.0000,0.266,left_upper_arm,0.071,left_upper_arm,0.074,abdomen,7.79,right_foot,0.794,right_thigh,3.09,right_foot,0.1317,abdomen,0.54,0.32
267,0.8040,DESCENT,NONE,-0.0253,-0.0034,-0.0263,-0.1547,0.1353,-0.0271,1,8,0.0021,0.6052,44.30,0,0.0000,0.0,0.0,0.00,0.00,0.00,0.0000,0.0000,0.0000,0.266,left_upper_arm,0.071,left_upper_arm,0.075,abdomen,7.60,abdomen,0.797,right_thigh,1.67,left_foot,0.1322,abdomen,0.52,0.32
268,0.8070,DESCENT,NONE,-0.0254,-0.0028,-0.0261,-0.1547,0.1353,-0.0330,1,8,0.0021,0.6027,44.37,0,0.0000,0.0,0.0,0.00,0.00,0.00,0.0000,0.0000,0.0000,0.266,left_upper_arm,0.071,left_upper_arm,0.075,abdomen,7.63,abdomen,0.800,right_thigh,2.84,right_foot,0.1327,abdomen,0.53,0.32
269,0.8100,DESCENT,NONE,-0.0254,-0.0024,-0.0260,-0.1547,0.1353,-0.0288,1,8,0.0023,0.6002,44.43,0,0.0000,0.0,0.0,0.00,0.00,0.00,0.0000,0.0000,0.0000,0.266,left_upper_arm,0.071,left_upper_arm,0.076,abdomen,7.67,abdomen,0.803,right_thigh,1.95,left_foot,0.1332,abdomen,0.52,0.32
270,0.8130,DESCENT,NONE,-0.0254,-0.0018,-0.0259,-0.1547,0.1353,-0.0333,1,8,0.0021,0.5978,44.50,0,0.0000,0.0,0.0,0.00,0.00,0.00,0.0000,0.0000,0.0000,0.266,left_upper_arm,0.071,left_upper_arm,0.075,abdomen,7.69,abdomen,0.806,right_thigh,2.71,left_foot,0.1338,abdomen,0.53,0.32
271,0.8160,DESCENT,NONE,-0.0254,-0.0012,-0.0258,-0.1547,0.1353,-0.0296,1,8,0.0021,0.5953,44.56,0,0.0000,0.0,0.0,0.00,0.00,0.00,0.0000,0.0000,0.0000,0.266,left_upper_arm,0.071,left_upper_arm,0.076,abdomen,7.73,abdomen,0.808,right_thigh,2.01,left_foot,0.1343,abdomen,0.52,0.32
272,0.8190,DESCENT,NONE,-0.0254,-0.0005,-0.0256,-0.1547,0.1353,-0.0336,1,8,0.0021,0.5928,44.63,0,0.0000,0.0,0.0,0.00,0.00,0.00,0.0000,0.0000,0.0000,0.266,left_upper_arm,0.071,left_upper_arm,0.077,abdomen,7.76,abdomen,0.811,right_thigh,2.60,left_foot,0.1349,abdomen,0.52,0.32
273,0.8220,DESCENT,NONE,-0.0254,0.0002,-0.0254,-0.1547,0.1353,-0.0309,1,8,0.0021,0.5904,44.70,0,0.0000,0.0,0.0,0.00,0.00,0.00,0.0000,0.0000,0.0000,0.266,left_upper_arm,0.071,left_upper_arm,0.078,abdomen,7.80,abdomen,0.814,right_thigh,2.11,left_foot,0.1355,abdomen,0.51,0.32
274,0.8250,DESCENT,NONE,-0.0254,0.0010,-0.0252,-0.1547,0.1353,-0.0335,1,8,0.0021,0.5880,44.76,0,0.0000,0.0,0.0,0.00,0.00,0.00,0.0000,0.0000,0.0000,0.266,left_upper_arm,0.071,left_upper_arm,0.078,abdomen,7.84,abdomen,0.816,right_thigh,2.41,left_foot,0.1362,abdomen,0.51,0.32
275,0.8280,DESCENT,NONE,-0.0254,0.0018,-0.0250,-0.1547,0.1353,-0.0322,1,8,0.0021,0.5856,44.83,0,0.0000,0.0,0.0,0.00,0.00,0.00,0.0000,0.0000,0.0000,0.266,left_upper_arm,0.071,left_upper_arm,0.078,abdomen,7.88,abdomen,0.819,right_thigh,2.16,right_foot,0.1368,abdomen,0.50,0.32
276,0.8310,DESCENT,NONE,-0.0254,0.0026,-0.0247,-0.1547,0.1353,-0.0338,1,8,0.0022,0.5833,44.89,0,0.0000,0.0,0.0,0.00,0.00,0.00,0.0000,0.0000,0.0000,0.266,left_upper_arm,0.071,left_upper_arm,0.079,abdomen,7.92,abdomen,0.822,right_thigh,2.25,left_foot,0.1376,abdomen,0.49,0.31
277,0.8340,DESCENT,NONE,-0.0254,0.0035,-0.0244,-0.1547,0.1353,-0.0336,1,8,0.0022,0.5809,44.96,0,0.0000,0.0,0.0,0.00,0.00,0.00,0.0000,0.0000,0.0000,0.266,left_upper_arm,0.071,left_upper_arm,0.080,abdomen,7.97,abdomen,0.824,right_thigh,2.13,left_foot,0.1383,abdomen,0.48,0.31
278,0.8370,DESCENT,NONE,-0.0253,0.0045,-0.0241,-0.1547,0.1353,-0.0344,1,8,0.0022,0.5787,45.02,0,0.0000,0.0,0.0,0.00,0.00,0.00,0.0000,0.0000,0.0000,0.266,left_upper_arm,0.071,left_upper_arm,0.080,abdomen,8.01,abdomen,0.827,right_thigh,2.11,left_foot,0.1391,abdomen,0.47,0.31
279,0.8400,DESCENT,NONE,-0.0253,0.0056,-0.0238,-0.1547,0.1353,-0.0347,1,8,0.0022,0.5765,45.09,0,0.0000,0.0,0.0,0.00,0.00,0.00,0.0000,0.0000,0.0000,0.266,left_upper_arm,0.071,left_upper_arm,0.080,abdomen,8.06,abdomen,0.829,right_thigh,2.02,right_foot,0.1398,abdomen,0.46,0.30
280,0.8430,DESCENT,NONE,-0.0252,0.0067,-0.0235,-0.1547,0.1353,-0.0354,1,8,0.0022,0.5743,45.16,0,0.0000,0.0,0.0,0.00,0.00,0.00,0.0000,0.0000,0.0000,0.266,left_upper_arm,0.071,left_upper_arm,0.081,abdomen,8.10,abdomen,0.831,right_thigh,1.94,left_foot,0.1406,abdomen,0.45,0.30
281,0.8460,DESCENT,NONE,-0.0251,0.0080,-0.0231,-0.1547,0.1353,-0.0359,1,8,0.0022,0.5722,45.22,0,0.0000,0.0,0.0,0.00,0.00,0.00,0.0000,0.0000,0.0000,0.265,left_upper_arm,0.071,left_upper_arm,0.081,abdomen,8.14,abdomen,0.834,right_thigh,1.84,left_foot,0.1414,abdomen,0.44,0.29
282,0.8490,DESCENT,NONE,-0.0250,0.0093,-0.0226,-0.1547,0.1353,-0.0365,1,8,0.0022,0.5701,45.29,0,0.0000,0.0,0.0,0.00,0.00,0.00,0.0000,0.0000,0.0000,0.265,left_upper_arm,0.071,left_upper_arm,0.081,abdomen,8.18,abdomen,0.836,right_thigh,1.72,left_foot,0.1421,abdomen,0.43,0.29
283,0.8520,DESCENT,NONE,-0.0249,0.0108,-0.0221,-0.1547,0.1353,-0.0372,1,8,0.0022,0.5680,45.36,0,0.0000,0.0,0.0,0.00,0.00,0.00,0.0000,0.0000,0.0000,0.265,left_upper_arm,0.071,left_upper_arm,0.081,abdomen,8.22,abdomen,0.838,right_thigh,1.59,left_foot,0.1429,abdomen,0.41,0.29
284,0.8550,DESCENT,NONE,-0.0248,0.0125,-0.0216,-0.1547,0.1353,-0.0380,1,8,0.0022,0.5660,45.42,0,0.0000,0.0,0.0,0.00,0.00,0.00,0.0000,0.0000,0.0000,0.265,left_upper_arm,0.071,left_upper_arm,0.082,abdomen,8.26,abdomen,0.841,right_thigh,1.44,left_foot,0.1436,abdomen,0.40,0.28
285,0.8580,DESCENT,NONE,-0.0247,0.0143,-0.0210,-0.1547,0.1353,-0.0388,1,8,0.0022,0.5641,45.49,0,0.0000,0.0,0.0,0.00,0.00,0.00,0.0000,0.0000,0.0000,0.265,left_upper_arm,0.071,left_upper_arm,0.082,abdomen,8.30,abdomen,0.843,right_thigh,1.26,left_foot,0.1442,abdomen,0.39,0.28
286,0.8610,DESCENT,NONE,-0.0245,0.0162,-0.0203,-0.1547,0.1353,-0.0398,1,8,0.0022,0.5622,45.56,0,0.0000,0.0,0.0,0.00,0.00,0.00,0.0000,0.0000,0.0000,0.266,left_upper_arm,0.071,left_upper_arm,0.082,abdomen,8.33,abdomen,0.845,right_thigh,1.05,left_foot,0.1448,abdomen,0.38,0.27
287,0.8640,DESCENT,NONE,-0.0243,0.0184,-0.0196,-0.1547,0.1353,-0.0410,1,8,0.0023,0.5603,45.62,0,0.0000,0.0,0.0,0.00,0.00,0.00,0.0000,0.0000,0.0000,0.266,left_upper_arm,0.071,left_upper_arm,0.082,abdomen,8.36,abdomen,0.847,right_thigh,0.81,left_foot,0.1454,abdomen,0.36,0.27
288,0.8670,DESCENT,NONE,-0.0241,0.0207,-0.0188,-0.1547,0.1353,-0.0423,1,8,0.0023,0.5584,45.69,0,0.0000,0.0,0.0,0.00,0.00,0.00,0.0000,0.0000,0.0000,0.266,left_upper_arm,0.071,left_upper_arm,0.081,abdomen,8.38,abdomen,0.849,right_thigh,0.55,right_foot,0.1459,abdomen,0.35,0.26
289,0.8700,DESCENT,NONE,-0.0239,0.0233,-0.0179,-0.1547,0.1353,-0.0438,1,8,0.0023,0.5566,45.75,0,0.0000,0.0,0.0,0.00,0.00,0.00,0.0000,0.0000,0.0000,0.266,left_upper_arm,0.071,left_upper_arm,0.081,abdomen,8.40,abdomen,0.851,right_thigh,0.29,right_foot,0.1463,abdomen,0.33,0.26
290,0.8730,DESCENT,NONE,-0.0236,0.0262,-0.0169,-0.1547,0.1353,-0.0457,1,8,0.0022,0.5549,45.82,0,0.0000,0.0,0.0,0.00,0.00,0.00,0.0000,0.0000,0.0000,0.266,left_upper_arm,0.071,left_upper_arm,0.081,abdomen,8.42,abdomen,0.853,right_thigh,0.25,right_foot,0.1467,abdomen,0.32,0.25
291,0.8760,DESCENT,NONE,-0.0233,0.0293,-0.0158,-0.1547,0.1353,-0.0464,1,8,0.0019,0.5531,45.89,0,0.0000,0.0,0.0,0.00,0.00,0.00,0.0000,0.0000,0.0000,0.266,left_upper_arm,0.071,left_upper_arm,0.081,abdomen,8.44,abdomen,0.855,right_thigh,0.24,left_foot,0.1470,abdomen,0.32,0.25
292,0.8790,DESCENT,NONE,-0.0230,0.0328,-0.0146,-0.1547,0.1353,-0.0462,1,8,0.0017,0.5514,45.95,0,0.0000,0.0,0.0,0.00,0.00,0.00,0.0000,0.0000,0.0000,0.266,left_upper_arm,0.071,left_upper_arm,0.081,abdomen,8.45,abdomen,0.857,right_thigh,0.24,left_foot,0.1473,abdomen,0.31,0.25
293,0.8820,DESCENT,NONE,-0.0227,0.0363,-0.0134,-0.1547,0.1353,-0.0458,1,8,0.0016,0.5497,46.02,0,0.0000,0.0,0.0,0.00,0.00,0.00,0.0000,0.0000,0.0000,0.266,left_upper_arm,0.071,left_upper_arm,0.081,abdomen,8.47,abdomen,0.859,right_thigh,0.25,left_foot,0.1475,abdomen,0.31,0.25
294,0.8850,DESCENT,NONE,-0.0223,0.0399,-0.0121,-0.1547,0.1353,-0.0452,1,8,0.0016,0.5480,46.08,0,0.0000,0.0,0.0,0.00,0.00,0.00,0.0000,0.0000,0.0000,0.266,left_upper_arm,0.071,left_upper_arm,0.081,abdomen,8.48,abdomen,0.861,right_thigh,0.25,left_foot,0.1478,abdomen,0.30,0.24
295,0.8880,DESCENT,NONE,-0.0218,0.0433,-0.0108,-0.1547,0.1353,-0.0444,1,8,0.0016,0.5464,46.15,0,0.0000,0.0,0.0,0.00,0.00,0.00,0.0000,0.0000,0.0000,0.265,left_upper_arm,0.071,left_upper_arm,0.080,abdomen,8.48,abdomen,0.863,right_thigh,0.25,left_foot,0.1480,abdomen,0.29,0.24
296,0.8910,DESCENT,NONE,-0.0214,0.0465,-0.0095,-0.1547,0.1353,-0.0436,1,8,0.0017,0.5448,46.22,0,0.0000,0.0,0.0,0.00,0.00,0.00,0.0000,0.0000,0.0000,0.266,left_upper_arm,0.071,left_upper_arm,0.080,abdomen,8.49,abdomen,0.865,right_thigh,0.26,left_foot,0.1481,abdomen,0.28,0.24
297,0.8940,DESCENT,NONE,-0.0209,0.0497,-0.0082,-0.1547,0.1353,-0.0427,1,8,0.0018,0.5432,46.29,0,0.0000,0.0,0.0,0.00,0.00,0.00,0.0000,0.0000,0.0000,0.266,left_upper_arm,0.071,left_upper_arm,0.080,abdomen,8.49,abdomen,0.867,right_thigh,0.26,left_foot,0.1482,abdomen,0.27,0.24
298,0.8970,DESCENT,NONE,-0.0203,0.0527,-0.0069,-0.1547,0.1353,-0.0419,1,8,0.0018,0.5416,46.36,0,0.0000,0.0,0.0,0.00,0.00,0.00,0.0000,0.0000,0.0000,0.266,left_upper_arm,0.071,left_upper_arm,0.080,abdomen,8.49,abdomen,0.869,right_thigh,0.26,right_foot,0.1482,abdomen,0.26,0.24
299,0.9000,DESCENT,NONE,-0.0198,0.0557,-0.0057,-0.1547,0.1353,-0.0410,1,8,0.0019,0.5401,46.44,0,0.0000,0.0,0.0,0.00,0.00,0.00,0.0000,0.0000,0.0000,0.266,right_upper_arm,0.071,left_upper_arm,0.080,abdomen,8.49,abdomen,0.871,right_thigh,0.26,left_foot,0.1482,abdomen,0.25,0.24
300,0.9030,DESCENT,NONE,-0.0192,0.0585,-0.0044,-0.1547,0.1353,-0.0402,1,8,0.0019,0.5385,46.51,0,0.0000,0.0,0.0,0.00,0.00,0.00,0.0000,0.0000,0.0000,0.266,right_upper_arm,0.071,left_upper_arm,0.079,abdomen,8.48,abdomen,0.873,right_thigh,0.26,left_foot,0.1481,abdomen,0.25,0.24
301,0.9060,DESCENT,NONE,-0.0186,0.0613,-0.0031,-0.1547,0.1353,-0.0393,1,8,0.0019,0.5370,46.59,0,0.0000,0.0,0.0,0.00,0.00,0.00,0.0000,0.0000,0.0000,0.266,right_upper_arm,0.071,left_upper_arm,0.079,abdomen,8.48,abdomen,0.875,right_thigh,0.27,right_foot,0.1481,abdomen,0.24,0.25
302,0.9090,DESCENT,NONE,-0.0180,0.0641,-0.0017,-0.1547,0.1353,-0.0385,1,8,0.0020,0.5355,46.67,0,0.0000,0.0,0.0,0.00,0.00,0.00,0.0000,0.0000,0.0000,0.266,right_upper_arm,0.071,left_upper_arm,0.079,abdomen,8.47,abdomen,0.876,right_thigh,0.26,left_foot,0.1480,abdomen,0.23,0.25
303,0.9120,DESCENT,NONE,-0.0173,0.0668,-0.0004,-0.1547,0.1353,-0.0376,1,8,0.0020,0.5340,46.75,0,0.0000,0.0,0.0,0.00,0.00,0.00,0.0000,0.0000,0.0000,0.266,right_upper_arm,0.071,left_upper_arm,0.079,abdomen,8.46,abdomen,0.878,right_thigh,0.26,left_foot,0.1478,abdomen,0.23,0.25
304,0.9150,DESCENT,NONE,-0.0166,0.0694,0.0009,-0.1547,0.1353,-0.0367,1,8,0.0020,0.5325,46.84,0,0.0000,0.0,0.0,0.00,0.00,0.00,0.0000,0.0000,0.0000,0.266,right_upper_arm,0.071,left_upper_arm,0.079,abdomen,8.45,abdomen,0.880,right_thigh,0.25,left_foot,0.1477,abdomen,0.22,0.26
305,0.9180,DESCENT,NONE,-0.0159,0.0720,0.0023,-0.1547,0.1353,-0.0358,1,8,0.0021,0.5311,46.93,0,0.0000,0.0,0.0,0.00,0.00,0.00,0.0000,0.0000,0.0000,0.266,right_upper_arm,0.071,left_upper_arm,0.079,abdomen,8.45,abdomen,0.882,right_thigh,0.26,left_foot,0.1476,abdomen,0.21,0.26
306,0.9210,DESCENT,NONE,-0.0151,0.0746,0.0036,-0.1547,0.1353,-0.0350,1,8,0.0021,0.5296,47.02,0,0.0000,0.0,0.0,0.00,0.00,0.00,0.0000,0.0000,0.0000,0.266,right_upper_arm,0.071,left_upper_arm,0.079,abdomen,8.44,abdomen,0.884,right_thigh,0.27,right_foot,0.1474,abdomen,0.21,0.26
307,0.9240,DESCENT,NONE,-0.0144,0.0771,0.0050,-0.1547,0.1353,-0.0340,1,8,0.0021,0.5281,47.12,0,0.0000,0.0,0.0,0.00,0.00,0.00,0.0000,0.0000,0.0000,0.266,right_upper_arm,0.071,left_upper_arm,0.078,abdomen,8.43,abdomen,0.886,right_thigh,0.26,left_foot,0.1473,abdomen,0.21,0.27
308,0.9270,DESCENT,NONE,-0.0136,0.0796,0.0064,-0.1547,0.1353,-0.0331,1,8,0.0022,0.5267,47.22,0,0.0000,0.0,0.0,0.00,0.00,0.00,0.0000,0.0000,0.0000,0.266,right_upper_arm,0.071,left_upper_arm,0.078,abdomen,8.42,abdomen,0.888,right_thigh,0.27,left_foot,0.1471,abdomen,0.20,0.27
309,0.9300,DESCENT,NONE,-0.0128,0.0820,0.0078,-0.1547,0.1353,-0.0322,1,8,0.0022,0.5252,47.32,0,0.0000,0.0,0.0,0.00,0.00,0.00,0.0000,0.0000,0.0000,0.266,right_upper_arm,0.071,left_upper_arm,0.078,abdomen,8.41,abdomen,0.889,right_thigh,0.27,right_foot,0.1470,abdomen,0.20,0.28
310,0.9330,DESCENT,NONE,-0.0119,0.0844,0.0092,-0.1547,0.1353,-0.0313,1,8,0.0023,0.5238,47.42,0,0.0000,0.0,0.0,0.00,0.00,0.00,0.0000,0.0000,0.0000,0.266,right_upper_arm,0.071,left_upper_arm,0.078,abdomen,8.40,abdomen,0.891,right_thigh,0.27,right_foot,0.1468,abdomen,0.20,0.28
311,0.9360,DESCENT,NONE,-0.0111,0.0868,0.0107,-0.1547,0.1353,-0.0303,1,8,0.0023,0.5223,47.53,0,0.0000,0.0,0.0,0.00,0.00,0.00,0.0000,0.0000,0.0000,0.266,right_upper_arm,0.071,left_upper_arm,0.078,abdomen,8.40,abdomen,0.893,right_thigh,0.27,right_foot,0.1467,abdomen,0.21,0.29
312,0.9390,DESCENT,NONE,-0.0102,0.0892,0.0121,-0.1547,0.1353,-0.0294,1,8,0.0023,0.5209,47.64,0,0.0000,0.0,0.0,0.00,0.00,0.00,0.0000,0.0000,0.0000,0.265,right_upper_arm,0.071,left_upper_arm,0.078,abdomen,8.39,abdomen,0.895,right_thigh,0.26,left_foot,0.1466,abdomen,0.21,0.29
313,0.9420,DESCENT,NONE,-0.0093,0.0915,0.0136,-0.1547,0.1353,-0.0285,1,8,0.0024,0.5195,47.76,0,0.0000,0.0,0.0,0.00,0.00,0.00,0.0000,0.0000,0.0000,0.265,right_upper_arm,0.071,left_upper_arm,0.079,abdomen,8.39,abdomen,0.897,right_thigh,0.27,right_foot,0.1464,abdomen,0.22,0.30
314,0.9450,DESCENT,NONE,-0.0083,0.0938,0.0151,-0.1547,0.1353,-0.0275,1,8,0.0024,0.5180,47.88,0,0.0000,0.0,0.0,0.00,0.00,0.00,0.0000,0.0000,0.0000,0.265,right_upper_arm,0.071,left_upper_arm,0.079,abdomen,8.38,abdomen,0.899,right_thigh,0.26,left_foot,0.1464,abdomen,0.23,0.30
315,0.9480,DESCENT,NONE,-0.0074,0.0962,0.0166,-0.1547,0.1353,-0.0265,1,8,0.0025,0.5166,48.00,0,0.0000,0.0,0.0,0.00,0.00,0.00,0.0000,0.0000,0.0000,0.265,right_upper_arm,0.071,left_upper_arm,0.079,abdomen,8.38,abdomen,0.901,right_thigh,0.27,left_foot,0.1463,abdomen,0.23,0.31
316,0.9510,DESCENT,NONE,-0.0064,0.0985,0.0181,-0.1547,0.1353,-0.0256,1,8,0.0025,0.5152,48.13,0,0.0000,0.0,0.0,0.00,0.00,0.00,0.0000,0.0000,0.0000,0.265,right_upper_arm,0.071,left_upper_arm,0.079,abdomen,8.38,abdomen,0.903,right_thigh,0.27,left_foot,0.1462,abdomen,0.24,0.32
317,0.9540,DESCENT,NONE,-0.0054,0.1008,0.0197,-0.1547,0.1353,-0.0245,1,8,0.0025,0.5138,48.26,0,0.0000,0.0,0.0,0.00,0.00,0.00,0.0000,0.0000,0.0000,0.265,right_upper_arm,0.071,left_upper_arm,0.079,abdomen,8.37,abdomen,0.905,right_thigh,0.27,right_foot,0.1462,abdomen,0.25,0.32
318,0.9570,DESCENT,NONE,-0.0043,0.1031,0.0212,-0.1547,0.1353,-0.0235,1,8,0.0026,0.5124,48.40,0,0.0000,0.0,0.0,0.00,0.00,0.00,0.0000,0.0000,0.0000,0.265,right_upper_arm,0.071,left_upper_arm,0.079,abdomen,8.37,abdomen,0.906,right_thigh,0.26,left_foot,0.1462,abdomen,0.26,0.33
319,0.9600,DESCENT,NONE,-0.0033,0.1054,0.0228,-0.1547,0.1353,-0.0226,1,8,0.0026,0.5110,48.54,0,0.0000,0.0,0.0,0.00,0.00,0.00,0.0000,0.0000,0.0000,0.265,right_upper_arm,0.071,left_upper_arm,0.079,abdomen,8.37,abdomen,0.908,right_thigh,0.27,left_foot,0.1462,abdomen,0.26,0.33
320,0.9630,DESCENT,NONE,-0.0022,0.1077,0.0244,-0.1547,0.1353,-0.0215,1,8,0.0027,0.5096,48.68,0,0.0000,0.0,0.0,0.00,0.00,0.00,0.0000,0.0000,0.0000,0.265,right_upper_arm,0.071,left_upper_arm,0.079,abdomen,8.38,abdomen,0.910,right_thigh,0.26,left_foot,0.1462,abdomen,0.27,0.34
321,0.9660,DESCENT,NONE,-0.0011,0.1100,0.0261,-0.1547,0.1353,-0.0204,1,8,0.0027,0.5082,48.83,0,0.0000,0.0,0.0,0.00,0.00,0.00,0.0000,0.0000,0.0000,0.265,right_upper_arm,0.071,left_upper_arm,0.079,abdomen,8.38,abdomen,0.912,right_thigh,0.26,right_foot,0.1462,abdomen,0.28,0.35
322,0.9690,DESCENT,NONE,0.0000,0.1123,0.0277,-0.1547,0.1353,-0.0194,1,8,0.0028,0.5068,48.98,0,0.0000,0.0,0.0,0.00,0.00,0.00,0.0000,0.0000,0.0000,0.265,right_upper_arm,0.071,left_upper_arm,0.080,abdomen,8.38,abdomen,0.914,right_thigh,0.27,left_foot,0.1463,abdomen,0.29,0.35
323,0.9720,DESCENT,NONE,0.0011,0.1146,0.0294,-0.1547,0.1353,-0.0184,1,8,0.0028,0.5054,49.14,0,0.0000,0.0,0.0,0.00,0.00,0.00,0.0000,0.0000,0.0000,0.265,right_upper_arm,0.071,left_upper_arm,0.080,abdomen,8.39,abdomen,0.916,right_thigh,0.26,left_foot,0.1464,abdomen,0.30,0.36
324,0.9750,DESCENT,NONE,0.0023,0.1169,0.0311,-0.1547,0.1353,-0.0172,1,8,0.0029,0.5040,49.30,0,0.0000,0.0,0.0,0.00,0.00,0.00,0.0000,0.0000,0.0000,0.265,right_upper_arm,0.071,left_upper_arm,0.080,abdomen,8.40,abdomen,0.918,right_thigh,0.26,right_foot,0.1465,abdomen,0.30,0.36
325,0.9780,DESCENT,NONE,0.0035,0.1193,0.0328,-0.1547,0.1353,-0.0161,1,8,0.0029,0.5026,49.46,0,0.0000,0.0,0.0,0.00,0.00,0.00,0.0000,0.0000,0.0000,0.265,right_upper_arm,0.071,left_upper_arm,0.080,abdomen,8.43,left_foot,0.920,right_thigh,0.26,left_foot,0.1466,abdomen,0.31,0.37
326,0.9810,DESCENT,NONE,0.0047,0.1216,0.0346,-0.1547,0.1353,-0.0151,1,8,0.0030,0.5013,49.63,0,0.0000,0.0,0.0,0.00,0.00,0.00,0.0000,0.0000,0.0000,0.265,right_upper_arm,0.071,left_upper_arm,0.081,abdomen,8.57,left_foot,0.922,right_thigh,0.26,left_foot,0.1467,abdomen,0.32,0.38
327,0.9840,DESCENT,NONE,0.0059,0.1240,0.0364,-0.1547,0.1353,-0.0138,1,8,0.0030,0.4999,49.81,0,0.0000,0.0,0.0,0.00,0.00,0.00,0.0000,0.0000,0.0000,0.265,right_upper_arm,0.071,left_upper_arm,0.081,abdomen,8.70,left_foot,0.924,right_thigh,0.26,right_foot,0.1469,abdomen,0.33,0.38
328,0.9870,DESCENT,NONE,0.0072,0.1264,0.0382,-0.1547,0.1353,-0.0126,1,8,0.0031,0.4986,49.98,0,0.0000,0.0,0.0,0.00,0.00,0.00,0.0000,0.0000,0.0000,0.265,right_upper_arm,0.071,left_upper_arm,0.081,abdomen,8.84,left_foot,0.925,right_thigh,0.26,right_foot,0.1471,abdomen,0.34,0.39
329,0.9900,DESCENT,NONE,0.0085,0.1288,0.0400,-0.1547,0.1353,-0.0115,1,8,0.0031,0.4972,50.17,0,0.0000,0.0,0.0,0.00,0.00,0.00,0.0000,0.0000,0.0000,0.265,right_upper_arm,0.071,left_upper_arm,0.081,abdomen,8.99,left_foot,0.927,right_thigh,0.26,left_foot,0.1473,abdomen,0.34,0.40
330,0.9930,DESCENT,NONE,0.0098,0.1312,0.0418,-0.1547,0.1353,-0.0101,1,8,0.0032,0.4959,50.35,0,0.0000,0.0,0.0,0.00,0.00,0.00,0.0000,0.0000,0.0000,0.265,right_upper_arm,0.071,left_upper_arm,0.081,abdomen,9.13,left_foot,0.929,right_thigh,0.25,left_foot,0.1475,abdomen,0.35,0.40
331,0.9960,DESCENT,NONE,0.0111,0.1337,0.0437,-0.1547,0.1353,-0.0089,1,8,0.0032,0.4946,50.54,0,0.0000,0.0,0.0,0.00,0.00,0.00,0.0000,0.0000,0.0000,0.265,right_upper_arm,0.071,left_upper_arm,0.082,abdomen,9.28,left_foot,0.931,right_thigh,0.26,right_foot,0.1477,abdomen,0.36,0.41
332,1.0000,BOTTOM,NONE,0.0125,0.1361,0.0456,-0.1547,0.1353,-0.0078,1,8,0.0033,0.4933,50.74,0,0.0000,0.0,0.0,0.00,0.00,0.00,0.0000,0.0000,0.0000,0.265,right_upper_arm,0.071,left_upper_arm,0.082,abdomen,9.42,left_foot,0.933,right_thigh,0.25,left_foot,0.1480,abdomen,0.37,0.41
333,1.0000,BOTTOM,NONE,0.0139,0.1386,0.0476,-0.1547,0.1353,-0.0063,1,8,0.0038,0.4918,50.94,0,0.0000,0.0,0.0,0.00,0.00,0.00,0.0000,0.0000,0.0000,0.265,right_upper_arm,0.071,left_upper_arm,0.082,abdomen,9.60,left_foot,0.935,right_thigh,0.24,left_foot,0.1482,abdomen,0.40,0.42
334,1.0000,BOTTOM,NONE,0.0153,0.1410,0.0495,-0.1547,0.1353,0.0026,1,8,0.0026,0.4903,51.14,0,0.0000,0.0,0.0,0.00,0.00,0.00,0.0000,0.0000,0.0000,0.267,right_upper_arm,0.071,left_upper_arm,0.076,right_foot,9.80,left_foot,0.938,right_thigh,0.24,left_foot,0.1485,abdomen,0.39,0.43
335,1.0000,BOTTOM,NONE,0.0167,0.1438,0.0516,-0.1547,0.1353,0.0053,1,8,0.0029,0.4886,51.35,0,0.0000,0.0,0.0,0.00,0.00,0.00,0.0000,0.0000,0.0000,0.267,right_upper_arm,0.071,left_upper_arm,0.076,abdomen,9.97,left_foot,0.940,right_thigh,0.24,left_foot,0.1477,abdomen,0.36,0.44
336,1.0000,BOTTOM,NONE,0.0182,0.1456,0.0534,-0.1547,0.1353,0.0045,1,8,0.0035,0.4869,51.55,0,0.0000,0.0,0.0,0.00,0.00,0.00,0.0000,0.0000,0.0000,0.266,right_upper_arm,0.071,left_upper_arm,0.078,left_foot,10.16,left_foot,0.943,right_thigh,0.24,left_foot,0.1471,abdomen,0.37,0.45
337,1.0000,BOTTOM,NONE,0.0196,0.1472,0.0552,-0.1547,0.1353,0.0038,1,8,0.0038,0.4852,51.75,0,0.0000,0.0,0.0,0.00,0.00,0.00,0.0000,0.0000,0.0000,0.266,right_upper_arm,0.071,left_upper_arm,0.080,left_foot,10.36,left_foot,0.945,right_thigh,0.23,left_foot,0.1468,abdomen,0.38,0.46
338,1.0000,BOTTOM,NONE,0.0211,0.1489,0.0570,-0.1547,0.1353,0.0030,1,8,0.0040,0.4835,51.96,0,0.0000,0.0,0.0,0.00,0.00,0.00,0.0000,0.0000,0.0000,0.265,right_upper_arm,0.071,left_upper_arm,0.082,left_foot,10.57,left_foot,0.948,right_thigh,0.23,left_foot,0.1467,abdomen,0.39,0.47
339,1.0000,BOTTOM,NONE,0.0226,0.1508,0.0589,-0.1547,0.1353,0.0023,1,8,0.0041,0.4818,52.18,0,0.0000,0.0,0.0,0.00,0.00,0.00,0.0000,0.0000,0.0000,0.265,right_upper_arm,0.071,left_upper_arm,0.084,left_foot,10.79,left_foot,0.950,right_thigh,0.23,left_foot,0.1469,abdomen,0.41,0.48
340,1.0000,BOTTOM,NONE,0.0241,0.1529,0.0609,-0.1547,0.1353,0.0019,1,8,0.0042,0.4802,52.40,0,0.0000,0.0,0.0,0.00,0.00,0.00,0.0000,0.0000,0.0000,0.265,left_upper_arm,0.071,left_upper_arm,0.085,left_foot,11.01,left_foot,0.952,right_thigh,0.23,left_foot,0.1473,abdomen,0.43,0.48
341,1.0000,BOTTOM,NONE,0.0257,0.1553,0.0629,-0.1547,0.1353,0.0018,1,8,0.0042,0.4787,52.63,0,0.0000,0.0,0.0,0.00,0.00,0.00,0.0000,0.0000,0.0000,0.264,left_upper_arm,0.071,left_upper_arm,0.087,left_foot,11.23,left_foot,0.954,right_thigh,0.23,left_foot,0.1479,abdomen,0.46,0.49
342,1.0000,BOTTOM,NONE,0.0273,0.1579,0.0651,-0.1547,0.1353,0.0019,1,8,0.0043,0.4773,52.87,0,0.0000,0.0,0.0,0.00,0.00,0.00,0.0000,0.0000,0.0000,0.264,left_upper_arm,0.071,left_upper_arm,0.088,left_foot,11.45,left_foot,0.955,right_thigh,0.22,left_foot,0.1488,abdomen,0.49,0.50
343,1.0000,BOTTOM,NONE,0.0289,0.1608,0.0673,-0.1547,0.1353,0.0024,1,8,0.0043,0.4760,53.11,0,0.0000,0.0,0.0,0.00,0.00,0.00,0.0000,0.0000,0.0000,0.264,left_upper_arm,0.071,left_upper_arm,0.090,left_foot,11.67,left_foot,0.957,right_thigh,0.22,left_foot,0.1497,abdomen,0.52,0.50
344,1.0000,BOTTOM,NONE,0.0305,0.1638,0.0696,-0.1547,0.1353,0.0031,1,8,0.0044,0.4749,53.36,0,0.0000,0.0,0.0,0.00,0.00,0.00,0.0000,0.0000,0.0000,0.264,left_upper_arm,0.071,left_upper_arm,0.091,left_foot,11.89,left_foot,0.959,right_thigh,0.23,left_foot,0.1508,abdomen,0.55,0.51
345,1.0000,BOTTOM,NONE,0.0322,0.1669,0.0719,-0.1547,0.1353,0.0040,1,8,0.0045,0.4738,53.63,0,0.0000,0.0,0.0,0.00,0.00,0.00,0.0000,0.0000,0.0000,0.264,left_upper_arm,0.071,left_upper_arm,0.093,left_foot,12.12,left_foot,0.960,right_thigh,0.23,left_foot,0.1520,abdomen,0.57,0.51
346,1.0000,BOTTOM,NONE,0.0339,0.1703,0.0744,-0.1547,0.1353,0.0051,1,8,0.0045,0.4729,53.90,0,0.0000,0.0,0.0,0.00,0.00,0.00,0.0000,0.0000,0.0000,0.264,left_upper_arm,0.071,left_upper_arm,0.095,left_foot,12.34,left_foot,0.962,right_thigh,0.23,left_foot,0.1533,abdomen,0.59,0.52
347,1.0000,BOTTOM,NONE,0.0356,0.1738,0.0768,-0.1547,0.1353,0.0064,1,8,0.0046,0.4721,54.18,0,0.0000,0.0,0.0,0.00,0.00,0.00,0.0000,0.0000,0.0000,0.264,left_upper_arm,0.071,left_upper_arm,0.096,left_foot,12.57,left_foot,0.963,right_thigh,0.23,left_foot,0.1546,abdomen,0.61,0.52
348,1.0000,BOTTOM,NONE,0.0374,0.1774,0.0794,-0.1547,0.1353,0.0079,1,8,0.0047,0.4715,54.47,0,0.0000,0.0,0.0,0.00,0.00,0.00,0.0000,0.0000,0.0000,0.264,left_upper_arm,0.071,left_upper_arm,0.098,left_foot,12.80,left_foot,0.964,right_thigh,0.23,left_foot,0.1559,abdomen,0.63,0.52
349,1.0000,BOTTOM,NONE,0.0392,0.1811,0.0820,-0.1547,0.1353,0.0095,1,8,0.0047,0.4710,54.77,0,0.0000,0.0,0.0,0.00,0.00,0.00,0.0000,0.0000,0.0000,0.265,left_upper_arm,0.071,left_upper_arm,0.099,left_foot,13.03,left_foot,0.965,right_thigh,0.23,left_foot,0.1572,abdomen,0.64,0.52
350,1.0000,BOTTOM,NONE,0.0410,0.1850,0.0847,-0.1547,0.1353,0.0113,1,8,0.0048,0.4706,55.08,0,0.0000,0.0,0.0,0.00,0.00,0.00,0.0000,0.0000,0.0000,0.265,left_upper_arm,0.071,left_upper_arm,0.101,left_foot,13.26,left_foot,0.966,right_thigh,0.23,left_foot,0.1585,abdomen,0.65,0.52
351,1.0000,BOTTOM,NONE,0.0429,0.1890,0.0875,-0.1547,0.1353,0.0133,1,8,0.0049,0.4703,55.39,0,0.0000,0.0,0.0,0.00,0.00,0.00,0.0000,0.0000,0.0000,0.265,right_upper_arm,0.071,left_upper_arm,0.103,left_foot,13.49,left_foot,0.967,right_thigh,0.23,left_foot,0.1598,abdomen,0.66,0.53
352,1.0000,REVERSAL,NONE,0.0448,0.1930,0.0903,-0.1547,0.1353,0.0154,1,8,0.0049,0.4702,55.72,0,0.0000,0.0,0.0,0.00,0.00,0.00,0.0000,0.0000,0.0000,0.265,right_upper_arm,0.071,left_upper_arm,0.104,left_foot,13.73,left_foot,0.968,right_thigh,0.24,left_foot,0.1611,abdomen,0.67,0.53
353,1.0000,REVERSAL,NONE,0.0468,0.1971,0.0932,-0.1547,0.1353,0.0176,1,8,0.0050,0.4701,56.04,0,0.0000,0.0,0.0,0.00,0.00,0.00,0.0000,0.0000,0.0000,0.265,right_upper_arm,0.071,left_upper_arm,0.106,left_foot,13.97,left_foot,0.969,right_thigh,0.24,left_foot,0.1623,abdomen,0.67,0.53
354,1.0000,REVERSAL,NONE,0.0488,0.2011,0.0961,-0.1547,0.1353,0.0202,1,8,0.0072,0.4702,56.36,0,0.0000,0.0,0.0,0.00,0.00,0.00,0.0000,0.0000,0.0000,0.265,right_upper_arm,0.071,left_upper_arm,0.108,right_foot,14.21,left_foot,0.970,right_thigh,0.24,left_foot,0.1635,abdomen,0.72,0.52
355,1.0000,REVERSAL,NONE,0.0508,0.2052,0.0991,-0.1547,0.1353,0.0225,1,8,0.0073,0.4704,56.68,0,0.0000,0.0,0.0,0.00,0.00,0.00,0.0000,0.0000,0.0000,0.265,left_upper_arm,0.071,left_upper_arm,0.114,right_foot,14.46,left_foot,0.970,right_thigh,0.24,left_foot,0.1646,abdomen,0.71,0.51
356,1.0000,REVERSAL,NONE,0.0529,0.2103,0.1023,-0.1547,0.1353,0.0242,1,8,0.0068,0.4706,56.99,0,0.0000,0.0,0.0,0.00,0.00,0.00,0.0000,0.0000,0.0000,0.266,left_upper_arm,0.071,left_upper_arm,0.116,right_foot,14.71,left_foot,0.970,right_thigh,0.25,left_foot,0.1651,abdomen,0.69,0.50
357,1.0000,REVERSAL,NONE,0.0551,0.2161,0.1058,-0.1547,0.1353,0.0263,1,8,0.0063,0.4709,57.29,0,0.0000,0.0,0.0,0.00,0.00,0.00,0.0000,0.0000,0.0000,0.266,left_upper_arm,0.071,left_upper_arm,0.118,right_foot,14.98,left_foot,0.970,right_thigh,0.26,left_foot,0.1655,abdomen,0.67,0.49
358,1.0000,REVERSAL,NONE,0.0573,0.2221,0.1093,-0.1547,0.1353,0.0289,1,8,0.0072,0.4713,57.59,0,0.0000,0.0,0.0,0.00,0.00,0.00,0.0000,0.0000,0.0000,0.266,right_upper_arm,0.071,left_upper_arm,0.119,right_foot,15.26,left_foot,0.971,right_thigh,0.26,left_foot,0.1656,abdomen,0.64,0.48
359,1.0000,REVERSAL,NONE,0.0596,0.2281,0.1130,-0.1547,0.1353,0.0316,1,8,0.0072,0.4718,57.89,0,0.0000,0.0,0.0,0.00,0.00,0.00,0.0000,0.0000,0.0000,0.266,right_upper_arm,0.070,left_upper_arm,0.122,left_foot,15.56,left_foot,0.971,right_thigh,0.27,right_foot,0.1656,abdomen,0.60,0.48
360,1.0000,REVERSAL,NONE,0.0619,0.2342,0.1167,-0.1547,0.1353,0.0345,1,8,0.0066,0.4723,58.19,0,0.0000,0.0,0.0,0.00,0.00,0.00,0.0000,0.0000,0.0000,0.267,right_upper_arm,0.070,left_upper_arm,0.124,left_foot,15.87,left_foot,0.971,right_thigh,0.27,right_foot,0.1653,abdomen,0.56,0.47
361,1.0000,REVERSAL,NONE,0.0643,0.2401,0.1204,-0.1547,0.1353,0.0382,1,8,0.0061,0.4729,58.49,0,0.0000,0.0,0.0,0.00,0.00,0.00,0.0000,0.0000,0.0000,0.267,right_upper_arm,0.070,left_upper_arm,0.126,left_foot,16.18,left_foot,0.971,right_thigh,0.27,right_foot,0.1649,abdomen,0.56,0.47
362,1.0000,REVERSAL,NONE,0.0667,0.2452,0.1240,-0.1547,0.1353,0.0424,1,8,0.0058,0.4735,58.80,0,0.0000,0.0,0.0,0.00,0.00,0.00,0.0000,0.0000,0.0000,0.267,right_upper_arm,0.070,left_upper_arm,0.128,left_foot,16.48,left_foot,0.971,right_thigh,0.27,right_foot,0.1646,abdomen,0.57,0.47
363,1.0000,ASCENT,NONE,0.0692,0.2494,0.1275,-0.1547,0.1353,0.0471,1,8,0.0058,0.4742,59.12,0,0.0000,0.0,0.0,0.00,0.00,0.00,0.0000,0.0000,0.0000,0.267,right_upper_arm,0.070,left_upper_arm,0.129,left_foot,16.78,left_foot,0.973,left_foot,0.26,left_foot,0.1644,abdomen,0.59,0.47
364,0.9970,ASCENT,NONE,0.0718,0.2527,0.1307,-0.1547,0.1353,0.0520,1,8,0.0069,0.4747,59.43,0,0.0000,0.0,0.0,0.00,0.00,0.00,0.0000,0.0000,0.0000,0.268,right_upper_arm,0.070,left_upper_arm,0.134,left_foot,17.12,left_foot,0.980,left_foot,0.26,left_foot,0.1641,abdomen,0.69,0.47
365,0.9940,ASCENT,NONE,0.0743,0.2550,0.1338,-0.1547,0.1353,0.0709,1,8,0.0060,0.4751,59.72,0,0.0000,0.0,0.0,0.00,0.00,0.00,0.0000,0.0000,0.0000,0.270,right_upper_arm,0.070,left_upper_arm,0.139,left_foot,17.49,left_foot,0.987,left_foot,0.25,left_foot,0.1643,right_shank,0.67,0.47
366,0.9910,ASCENT,NONE,0.0769,0.2573,0.1368,-0.1547,0.1353,0.0758,1,8,0.0061,0.4754,60.02,0,0.0000,0.0,0.0,0.00,0.00,0.00,0.0000,0.0000,0.0000,0.270,right_upper_arm,0.071,left_upper_arm,0.141,right_foot,17.84,left_foot,0.994,left_foot,0.23,left_foot,0.1689,right_shank,0.63,0.47
367,0.9880,ASCENT,NONE,0.0794,0.2586,0.1397,-0.1547,0.1353,0.0758,1,8,0.0064,0.4756,60.33,0,0.0000,0.0,0.0,0.00,0.00,0.00,0.0000,0.0000,0.0000,0.269,right_upper_arm,0.071,left_upper_arm,0.143,right_foot,18.19,left_foot,1.000,left_foot,0.22,left_foot,0.1732,right_shank,0.60,0.48
368,0.9850,ASCENT,NONE,0.0820,0.2591,0.1423,-0.1547,0.1353,0.0754,1,8,0.0070,0.4758,60.64,0,0.0000,0.0,0.0,0.00,0.00,0.00,0.0000,0.0000,0.0000,0.269,right_upper_arm,0.071,left_upper_arm,0.146,right_foot,18.55,left_foot,1.000,left_foot,0.22,left_foot,0.1776,right_shank,0.60,0.49
369,0.9820,ASCENT,NONE,0.0846,0.2590,0.1448,-0.1547,0.1353,0.0770,1,8,0.0033,0.4760,60.92,0,0.0000,0.0,0.0,0.00,0.00,0.00,0.0000,0.0000,0.0000,0.268,right_upper_arm,0.071,left_upper_arm,0.149,left_foot,18.91,left_foot,1.000,left_foot,0.20,left_foot,0.1820,right_shank,0.53,0.49
370,0.9790,ASCENT,NONE,0.0872,0.2586,0.1473,-0.1547,0.1353,0.0914,1,8,0.0024,0.4763,61.16,0,0.0000,0.0,0.0,0.00,0.00,0.00,0.0000,0.0000,0.0000,0.268,right_upper_arm,0.070,left_upper_arm,0.152,right_foot,19.27,left_foot,1.000,left_foot,0.18,left_foot,0.1866,right_shank,0.62,0.47
371,0.9760,ASCENT,NONE,0.0898,0.2589,0.1499,-0.1547,0.1353,0.1094,1,8,0.0047,0.4767,61.37,0,0.0000,0.0,0.0,0.00,0.00,0.00,0.0000,0.0000,0.0000,0.268,right_upper_arm,0.070,left_upper_arm,0.152,right_foot,19.59,left_foot,1.000,left_foot,0.17,left_foot,0.1916,right_shank,0.69,0.44
372,0.9730,ASCENT,NONE,0.0924,0.2581,0.1522,-0.1547,0.1353,0.1276,1,8,0.0054,0.4773,61.55,0,0.0000,0.0,0.0,0.00,0.00,0.00,0.0000,0.0000,0.0000,0.268,right_upper_arm,0.070,left_upper_arm,0.151,right_foot,19.87,left_foot,1.000,left_foot,0.00,NONE,0.1969,right_shank,1.06,0.40
373,0.9700,ASCENT,NONE,0.0949,0.2540,0.1538,-0.1547,0.1353,0.1353,1,8,0.0053,0.4781,61.74,0,0.0000,0.0,0.0,0.00,0.00,0.00,0.0000,0.0000,0.0000,0.268,right_upper_arm,0.070,left_upper_arm,0.122,right_foot,19.71,left_foot,1.000,left_foot,0.00,NONE,0.2020,right_shank,0.87,0.38
374,0.9670,ASCENT,NONE,0.0974,0.2473,0.1547,-0.1547,0.1353,0.1353,1,8,0.0056,0.4792,61.95,0,0.0000,0.0,0.0,0.00,0.00,0.00,0.0000,0.0000,0.0000,0.267,right_upper_arm,0.070,left_upper_arm,0.121,right_foot,19.68,left_foot,1.000,left_foot,0.00,NONE,0.2070,right_shank,0.85,0.36
375,0.9640,ASCENT,NONE,0.0998,0.2391,0.1552,-0.1547,0.1353,0.1353,1,8,0.0059,0.4805,62.18,0,0.0000,0.0,0.0,0.00,0.00,0.00,0.0000,0.0000,0.0000,0.267,right_upper_arm,0.070,left_upper_arm,0.120,right_foot,19.64,left_foot,1.000,left_foot,0.00,NONE,0.2119,right_shank,0.80,0.34
376,0.9610,ASCENT,NONE,0.1021,0.2300,0.1554,-0.1546,0.1354,0.1354,1,8,0.0059,0.4821,62.44,0,0.0000,0.0,0.0,0.00,0.00,0.00,0.0000,0.0000,0.0000,0.267,right_upper_arm,0.070,left_upper_arm,0.120,right_foot,19.61,left_foot,1.000,left_foot,0.00,NONE,0.2162,right_shank,0.75,0.34
377,0.9580,ASCENT,NONE,0.1043,0.2205,0.1554,-0.1546,0.1354,0.1354,1,8,0.0058,0.4838,62.73,0,0.0000,0.0,0.0,0.00,0.00,0.00,0.0000,0.0000,0.0000,0.268,left_upper_arm,0.070,left_upper_arm,0.121,right_foot,19.58,left_foot,1.000,left_foot,0.00,NONE,0.2199,right_shank,0.68,0.33
378,0.9550,ASCENT,NONE,0.1064,0.2111,0.1554,-0.1546,0.1354,0.1354,1,8,0.0057,0.4856,63.03,0,0.0000,0.0,0.0,0.00,0.00,0.00,0.0000,0.0000,0.0000,0.268,left_upper_arm,0.070,left_upper_arm,0.122,right_foot,19.58,left_foot,1.000,left_foot,0.00,NONE,0.2227,right_shank,0.63,0.34
379,0.9520,ASCENT,NONE,0.1084,0.2021,0.1553,-0.1546,0.1354,0.1354,1,8,0.0056,0.4876,63.35,0,0.0000,0.0,0.0,0.00,0.00,0.00,0.0000,0.0000,0.0000,0.268,left_upper_arm,0.070,left_upper_arm,0.123,right_foot,19.59,left_foot,1.000,left_foot,0.00,NONE,0.2247,right_shank,0.62,0.34
380,0.9490,ASCENT,NONE,0.1103,0.1938,0.1554,-0.1546,0.1354,0.1354,1,8,0.0057,0.4896,63.67,0,0.0000,0.0,0.0,0.00,0.00,0.00,0.0000,0.0000,0.0000,0.269,left_upper_arm,0.070,left_upper_arm,0.124,right_foot,19.61,left_foot,1.000,left_foot,0.00,NONE,0.2262,right_shank,0.67,0.34
381,0.9460,ASCENT,NONE,0.1122,0.1863,0.1555,-0.1546,0.1353,0.1353,1,8,0.0055,0.4917,64.00,0,0.0000,0.0,0.0,0.00,0.00,0.00,0.0000,0.0000,0.0000,0.269,left_upper_arm,0.070,left_upper_arm,0.125,right_foot,19.64,left_foot,1.000,left_foot,0.00,NONE,0.2271,right_shank,0.67,0.34
382,0.9430,ASCENT,NONE,0.1140,0.1797,0.1558,-0.1546,0.1353,0.1353,1,8,0.0055,0.4938,64.33,0,0.0000,0.0,0.0,0.00,0.00,0.00,0.0000,0.0000,0.0000,0.268,left_upper_arm,0.071,left_upper_arm,0.125,right_foot,19.67,left_foot,1.000,left_foot,0.17,left_foot,0.2273,right_shank,0.69,0.34
383,0.9400,ASCENT,NONE,0.1157,0.1737,0.1562,-0.1546,0.1353,0.1353,1,8,0.0092,0.4960,64.66,0,0.0000,0.0,0.0,0.00,0.00,0.00,0.0000,0.0000,0.0000,0.268,left_upper_arm,0.071,left_upper_arm,0.125,right_foot,19.68,left_foot,1.000,left_foot,0.20,right_foot,0.2274,right_shank,0.70,0.34
384,0.9370,ASCENT,NONE,0.1174,0.1686,0.1567,-0.1546,0.1353,0.1353,1,8,0.0039,0.4981,64.99,0,0.0000,0.0,0.0,0.00,0.00,0.00,0.0000,0.0000,0.0000,0.268,left_upper_arm,0.071,left_upper_arm,0.125,left_foot,19.72,left_foot,1.000,left_foot,0.23,left_foot,0.2273,right_shank,0.70,0.34
385,0.9340,ASCENT,NONE,0.1191,0.1643,0.1573,-0.1546,0.1353,0.1353,1,8,0.0035,0.5003,65.32,0,0.0000,0.0,0.0,0.00,0.00,0.00,0.0000,0.0000,0.0000,0.269,left_upper_arm,0.071,left_upper_arm,0.126,left_foot,19.76,left_foot,1.000,left_foot,0.26,left_foot,0.2269,right_shank,0.70,0.34
386,0.9310,ASCENT,NONE,0.1207,0.1603,0.1581,-0.1546,0.1353,0.1353,1,8,0.0036,0.5024,65.65,0,0.0000,0.0,0.0,0.00,0.00,0.00,0.0000,0.0000,0.0000,0.269,left_upper_arm,0.071,left_upper_arm,0.126,right_foot,19.80,left_foot,1.000,left_foot,0.29,right_foot,0.2264,right_shank,0.70,0.34
387,0.9280,ASCENT,NONE,0.1222,0.1570,0.1589,-0.1546,0.1353,0.1353,1,8,0.0038,0.5046,65.97,0,0.0000,0.0,0.0,0.00,0.00,0.00,0.0000,0.0000,0.0000,0.269,left_upper_arm,0.071,left_upper_arm,0.126,right_foot,19.84,left_foot,1.000,left_foot,0.32,right_foot,0.2257,right_shank,0.70,0.33
388,0.9250,ASCENT,NONE,0.1238,0.1542,0.1598,-0.1546,0.1353,0.1353,1,8,0.0041,0.5067,66.29,0,0.0000,0.0,0.0,0.00,0.00,0.00,0.0000,0.0000,0.0000,0.268,left_upper_arm,0.071,left_upper_arm,0.126,right_foot,19.88,left_foot,1.000,left_foot,0.35,left_foot,0.2251,right_shank,0.71,0.33
389,0.9220,ASCENT,NONE,0.1253,0.1519,0.1608,-0.1546,0.1353,0.1353,1,8,0.0044,0.5089,66.60,0,0.0000,0.0,0.0,0.00,0.00,0.00,0.0000,0.0000,0.0000,0.268,left_upper_arm,0.071,left_upper_arm,0.126,right_foot,19.93,left_foot,1.000,left_foot,0.37,left_foot,0.2248,left_shank,0.71,0.32
390,0.9190,ASCENT,NONE,0.1268,0.1501,0.1619,-0.1546,0.1353,0.1353,1,8,0.0047,0.5110,66.91,0,0.0000,0.0,0.0,0.00,0.00,0.00,0.0000,0.0000,0.0000,0.268,left_upper_arm,0.071,left_upper_arm,0.127,right_foot,19.97,left_foot,1.000,left_foot,0.39,left_foot,0.2245,left_shank,0.70,0.32
391,0.9160,ASCENT,NONE,0.1283,0.1488,0.1631,-0.1546,0.1353,0.1353,1,8,0.0050,0.5131,67.21,0,0.0000,0.0,0.0,0.00,0.00,0.00,0.0000,0.0000,0.0000,0.268,left_upper_arm,0.071,left_upper_arm,0.127,right_foot,20.01,left_foot,1.000,left_foot,0.41,left_foot,0.2241,left_shank,0.69,0.31
392,0.9130,ASCENT,NONE,0.1298,0.1478,0.1644,-0.1546,0.1353,0.1352,1,8,0.0053,0.5152,67.51,0,0.0000,0.0,0.0,0.00,0.00,0.00,0.0000,0.0000,0.0000,0.268,left_upper_arm,0.071,left_upper_arm,0.127,right_foot,20.05,left_foot,1.000,left_foot,0.43,left_foot,0.2238,left_shank,0.68,0.31
393,0.9100,ASCENT,NONE,0.1312,0.1473,0.1657,-0.1545,0.1353,0.1352,1,8,0.0056,0.5173,67.80,0,0.0000,0.0,0.0,0.00,0.00,0.00,0.0000,0.0000,0.0000,0.268,left_upper_arm,0.071,left_upper_arm,0.127,right_foot,20.09,left_foot,1.000,left_foot,0.45,left_foot,0.2235,left_shank,0.69,0.30
394,0.9070,ASCENT,NONE,0.1327,0.1470,0.1672,-0.1545,0.1353,0.1352,1,8,0.0059,0.5194,68.08,0,0.0000,0.0,0.0,0.00,0.00,0.00,0.0000,0.0000,0.0000,0.268,left_upper_arm,0.071,left_upper_arm,0.127,right_foot,20.13,left_foot,1.000,left_foot,0.46,left_foot,0.2231,left_shank,0.71,0.30
395,0.9040,ASCENT,NONE,0.1342,0.1472,0.1687,-0.1545,0.1353,0.1352,1,8,0.0062,0.5214,68.36,0,0.0000,0.0,0.0,0.00,0.00,0.00,0.0000,0.0000,0.0000,0.268,left_upper_arm,0.071,left_upper_arm,0.127,right_foot,20.17,left_foot,1.000,left_foot,0.47,left_foot,0.2229,left_shank,0.74,0.29
396,0.9010,ASCENT,NONE,0.1357,0.1476,0.1703,-0.1545,0.1353,0.1352,1,8,0.0066,0.5235,68.62,0,0.0000,0.0,0.0,0.00,0.00,0.00,0.0000,0.0000,0.0000,0.268,left_upper_arm,0.071,left_upper_arm,0.127,right_foot,20.21,left_foot,1.000,left_foot,0.49,left_foot,0.2226,left_shank,0.76,0.28
397,0.8980,ASCENT,NONE,0.1371,0.1483,0.1720,-0.1545,0.1353,0.1352,1,7,0.0068,0.5256,68.89,0,0.0000,0.0,0.0,0.00,0.00,0.00,0.0000,0.0000,0.0000,0.268,left_upper_arm,0.071,left_upper_arm,0.127,right_foot,20.25,left_foot,1.000,left_foot,0.50,left_foot,0.2224,left_shank,0.78,0.28
398,0.8950,ASCENT,NONE,0.1386,0.1494,0.1737,-0.1545,0.1353,0.1352,1,7,0.0071,0.5276,69.14,0,0.0000,0.0,0.0,0.00,0.00,0.00,0.0000,0.0000,0.0000,0.268,left_upper_arm,0.071,left_upper_arm,0.128,right_foot,20.29,left_foot,1.000,left_foot,0.50,left_foot,0.2222,left_shank,0.80,0.28
399,0.8920,ASCENT,NONE,0.1401,0.1506,0.1756,-0.1545,0.1353,0.1352,1,6,0.0073,0.5296,69.39,0,0.0000,0.0,0.0,0.00,0.00,0.00,0.0000,0.0000,0.0000,0.268,left_upper_arm,0.071,left_upper_arm,0.128,right_foot,20.32,left_foot,1.000,left_foot,0.51,right_foot,0.2221,left_shank,0.81,0.28
