load_kg,tick,sq,left_heel_clearance,left_toe_clearance,right_heel_clearance,right_toe_clearance,left_foot_pitch,right_foot_pitch,posterior_impulse,anterior_impulse,total_impulse,posterior_fraction,posterior_contact_ap,anterior_contact_ap,contacts,max_per_foot_contacts,support_min,support_max,support_length,cop_ap,cop_fraction,has_cop,raw_ankle_deg,applied_ankle_deg,ankle_nominal_deg,ankle_balance_deg,ankle_final_deg,ankle_actual_deg,com_ap,com_ref_ap,world_trunk_pitch,ref_world_trunk_pitch,slip_left,slip_right
0,1,0.0030,-0.00020,-0.00026,-0.00023,-0.00030,-0.013,-0.014,5.6765,4.4254,10.1018,0.5619,-0.14504,0.14502,8,4,-0.15472,0.13528,0.29000,-0.02768,0.4381,1,4.650,6.871,-0.105,6.871,6.763,-0.560,-0.02928,-0.03181,2.234,4.053,0.00137,0.00155
0,2,0.0060,-0.00020,-0.00027,-0.00024,-0.00031,-0.013,-0.013,5.9057,4.1111,10.0167,0.5896,-0.14504,0.14503,8,4,-0.15472,0.13528,0.29000,-0.03570,0.4104,1,13.969,9.162,-0.213,9.162,8.947,-0.430,-0.02928,-0.03181,2.209,4.197,0.00137,0.00134
0,3,0.0090,-0.00019,-0.00025,-0.00023,-0.00029,-0.011,-0.011,5.8466,4.5063,10.3529,0.5647,-0.14503,0.14503,8,4,-0.15472,0.13528,0.29000,-0.02849,0.4353,1,4.188,6.871,-0.321,6.871,6.548,-0.329,-0.02928,-0.03181,2.191,4.340,0.00211,0.00224
0,4,0.0120,-0.00019,-0.00024,-0.00022,-0.00028,-0.010,-0.010,5.6359,4.1327,9.7686,0.5769,-0.14504,0.14503,8,4,-0.15472,0.13528,0.29000,-0.03203,0.4231,1,7.973,7.491,-0.432,7.490,7.058,-0.259,-0.02929,-0.03181,2.180,4.484,0.00137,0.00159
0,5,0.0150,-0.00018,-0.00023,-0.00022,-0.00026,-0.009,-0.009,5.5007,4.1596,9.6603,0.5694,-0.14504,0.14503,8,4,-0.15472,0.13528,0.29000,-0.02985,0.4306,1,6.947,6.263,-0.542,6.263,5.720,-0.190,-0.02929,-0.03181,2.174,4.627,0.00114,0.00136
0,6,0.0180,-0.00019,-0.00024,-0.00022,-0.00027,-0.010,-0.010,5.4566,3.8369,9.2935,0.5871,-0.14504,0.14503,8,4,-0.15472,0.13528,0.29000,-0.03499,0.4129,1,14.803,8.555,-0.654,8.555,7.901,-0.148,-0.02928,-0.03181,2.172,4.770,0.00031,0.00026
0,7,0.0210,-0.00019,-0.00025,-0.00023,-0.00028,-0.011,-0.011,5.4691,4.2221,9.6912,0.5643,-0.14504,0.14502,8,4,-0.15472,0.13528,0.29000,-0.02838,0.4357,1,9.824,8.339,-0.766,8.339,7.573,-0.105,-0.02925,-0.03181,2.176,4.914,0.00091,0.00102
0,8,0.0240,-0.00019,-0.00025,-0.00022,-0.00028,-0.011,-0.012,5.4279,4.4274,9.8553,0.5508,-0.14504,0.14502,8,4,-0.15472,0.13528,0.29000,-0.02444,0.4492,1,7.493,6.250,-0.880,6.250,5.369,-0.079,-0.02920,-0.03181,2.185,5.057,0.00072,0.00076
0,9,0.0270,-0.00020,-0.00026,-0.00023,-0.00029,-0.012,-0.012,5.3922,4.1531,9.5454,0.5649,-0.14503,0.14503,8,4,-0.15472,0.13528,0.29000,-0.02854,0.4351,1,13.021,8.541,-0.995,8.541,7.547,-0.069,-0.02915,-0.03181,2.202,5.201,0.00088,0.00094
0,10,0.0300,-0.00019,-0.00025,-0.00022,-0.00029,-0.012,-0.013,5.3498,4.5340,9.8838,0.5413,-0.14503,0.14503,8,4,-0.15472,0.13528,0.29000,-0.02169,0.4587,1,5.787,6.250,-1.109,6.249,5.141,-0.069,-0.02910,-0.03181,2.225,5.344,0.00068,0.00067
0,11,0.0330,-0.00020,-0.00026,-0.00023,-0.00029,-0.013,-0.013,5.3061,4.2443,9.5503,0.5556,-0.14503,0.14503,8,4,-0.15472,0.13528,0.29000,-0.02584,0.4444,1,10.286,8.541,-1.226,8.541,7.316,-0.097,-0.02905,-0.03181,2.256,5.487,0.00058,0.00056
0,12,0.0360,-0.00019,-0.00026,-0.00022,-0.00029,-0.013,-0.013,5.2807,4.5593,9.8400,0.5367,-0.14503,0.14503,8,4,-0.15472,0.13528,0.29000,-0.02035,0.4633,1,3.701,6.250,-1.343,6.250,4.907,-0.119,-0.02900,-0.03181,2.295,5.631,0.00076,0.00083
0,13,0.0390,-0.00019,-0.00025,-0.00022,-0.00028,-0.012,-0.012,5.2636,4.2669,9.5305,0.5523,-0.14503,0.14503,8,4,-0.15472,0.13528,0.29000,-0.02488,0.4477,1,7.985,5.979,-1.460,5.979,4.519,-0.168,-0.02896,-0.03181,2.341,5.774,0.00128,0.00140
0,14,0.0420,-0.00020,-0.00026,-0.00023,-0.00029,-0.012,-0.012,5.3555,3.9972,9.3527,0.5726,-0.14503,0.14503,8,4,-0.15472,0.13528,0.29000,-0.03078,0.4274,1,13.787,8.270,-1.579,8.270,6.692,-0.234,-0.02893,-0.03181,2.393,5.918,0.00071,0.00069
0,15,0.0450,-0.00020,-0.00026,-0.00023,-0.00029,-0.012,-0.012,5.4609,4.3985,9.8595,0.5539,-0.14503,0.14503,8,4,-0.15472,0.13528,0.29000,-0.02534,0.4461,1,7.507,5.979,-1.698,5.979,4.280,-0.291,-0.02890,-0.03181,2.452,6.061,0.00095,0.00090
0,16,0.0480,-0.00021,-0.00027,-0.00023,-0.00030,-0.013,-0.013,5.5366,4.1244,9.6610,0.5731,-0.14503,0.14503,8,4,-0.15472,0.13528,0.29000,-0.03091,0.4269,1,13.636,7.905,-1.818,7.905,6.087,-0.367,-0.02887,-0.03181,2.518,6.204,0.00050,0.00052
0,17,0.0510,-0.00020,-0.00027,-0.00023,-0.00029,-0.013,-0.013,5.5754,4.4897,10.0651,0.5539,-0.14503,0.14503,8,4,-0.15472,0.13528,0.29000,-0.02536,0.4461,1,7.440,5.613,-1.938,5.613,3.675,-0.435,-0.02884,-0.03181,2.591,6.352,0.00069,0.00067
0,18,0.0540,-0.00020,-0.00026,-0.00023,-0.00029,-0.012,-0.012,5.5630,4.1936,9.7566,0.5702,-0.14503,0.14503,8,4,-0.15472,0.13528,0.29000,-0.03007,0.4298,1,12.547,6.148,-2.060,6.148,4.088,-0.517,-0.02881,-0.03181,2.671,6.509,0.00101,0.00102
0,19,0.0570,-0.00021,-0.00027,-0.00023,-0.00030,-0.012,-0.012,5.5977,3.9932,9.5909,0.5836,-0.14503,0.14503,8,4,-0.15472,0.13528,0.29000,-0.03398,0.4164,1,16.637,7.507,-2.182,7.507,5.326,-0.612,-0.02879,-0.03181,2.755,6.665,0.00057,0.00056
0,20,0.0600,-0.00020,-0.00026,-0.00023,-0.00029,-0.012,-0.012,5.6036,4.3673,9.9710,0.5620,-0.14503,0.14503,8,4,-0.15472,0.13528,0.29000,-0.02770,0.4380,1,9.704,5.216,-2.303,5.216,2.912,-0.699,-0.02877,-0.03181,2.848,6.822,0.00069,0.00069
0,21,0.0630,-0.00020,-0.00026,-0.00023,-0.00028,-0.012,-0.012,5.5860,4.0675,9.6535,0.5787,-0.14503,0.14503,8,4,-0.15472,0.13528,0.29000,-0.03253,0.4213,1,15.221,5.863,-2.427,5.863,3.435,-0.798,-0.02874,-0.03181,2.942,6.979,0.00101,0.00102
0,22,0.0660,-0.00020,-0.00026,-0.00023,-0.00029,-0.012,-0.012,5.6331,3.9271,9.5603,0.5892,-0.14503,0.14503,8,4,-0.15472,0.13528,0.29000,-0.03559,0.4108,1,18.672,6.679,-2.551,6.679,4.127,-0.907,-0.02872,-0.03181,3.043,7.135,0.00062,0.00060
0,23,0.0690,-0.00020,-0.00026,-0.00023,-0.00028,-0.012,-0.012,5.6659,4.1790,9.8449,0.5755,-0.14503,0.14503,8,4,-0.15472,0.13528,0.29000,-0.03162,0.4245,1,14.656,4.902,-2.675,4.902,2.227,-1.010,-0.02869,-0.03181,3.149,7.292,0.00087,0.00086
0,24,0.0720,-0.00021,-0.00027,-0.00023,-0.00029,-0.012,-0.012,5.6943,3.8900,9.5843,0.5941,-0.14503,0.14503,8,4,-0.15472,0.13528,0.29000,-0.03702,0.4059,1,21.201,7.194,-2.800,7.194,4.394,-1.127,-0.02866,-0.03181,3.260,7.448,0.00041,0.00045
0,25,0.0750,-0.00021,-0.00027,-0.00023,-0.00030,-0.012,-0.012,5.7102,4.2738,9.9840,0.5719,-0.14503,0.14503,8,4,-0.15472,0.13528,0.29000,-0.03058,0.4281,1,14.676,6.635,-2.925,6.635,3.710,-1.232,-0.02863,-0.03181,3.377,7.605,0.00047,0.00051
0,26,0.0780,-0.00021,-0.00027,-0.00023,-0.00029,-0.012,-0.012,5.6542,4.1828,9.8370,0.5748,-0.14503,0.14503,8,4,-0.15472,0.13528,0.29000,-0.03141,0.4252,1,16.045,6.342,-3.050,6.342,3.292,-1.342,-0.02859,-0.03181,3.498,7.762,0.00061,0.00062
0,27,0.0810,-0.00021,-0.00028,-0.00023,-0.00030,-0.013,-0.013,5.6058,4.0931,9.6989,0.5780,-0.14503,0.14503,8,4,-0.15472,0.13528,0.29000,-0.03233,0.4220,1,17.180,8.370,-3.176,8.370,5.194,-1.460,-0.02856,-0.03181,3.626,7.918,0.00049,0.00053
0,28,0.0840,-0.00020,-0.00027,-0.00023,-0.00029,-0.013,-0.013,5.5259,4.4528,9.9787,0.5538,-0.14503,0.14503,8,4,-0.15472,0.13528,0.29000,-0.02531,0.4462,1,9.370,6.078,-3.303,6.078,2.776,-1.567,-0.02852,-0.03181,3.765,8.075,0.00052,0.00052
0,29,0.0870,-0.00020,-0.00027,-0.00023,-0.00029,-0.013,-0.013,5.4347,4.1378,9.5725,0.5677,-0.14503,0.14503,8,4,-0.15472,0.13528,0.29000,-0.02936,0.4323,1,13.435,6.549,-3.429,6.549,3.119,-1.684,-0.02849,-0.03181,3.911,8.231,0.00068,0.00073
0,30,0.0900,-0.00021,-0.00028,-0.00023,-0.00030,-0.014,-0.014,5.4136,4.1237,9.5374,0.5676,-0.14503,0.14503,8,4,-0.15472,0.13528,0.29000,-0.02933,0.4324,1,12.507,8.170,-3.555,8.170,4.614,-1.806,-0.02847,-0.03181,4.067,8.388,0.00046,0.00047
0,31,0.0930,-0.00020,-0.00027,-0.00023,-0.00030,-0.014,-0.014,5.3758,4.4920,9.8678,0.5448,-0.14503,0.14503,8,4,-0.15472,0.13528,0.29000,-0.02271,0.4552,1,4.236,5.878,-3.683,5.878,2.195,-1.917,-0.02845,-0.03181,4.229,8.545,0.00074,0.00076
0,32,0.0960,-0.00020,-0.00026,-0.00022,-0.00029,-0.013,-0.013,5.3434,4.1853,9.5287,0.5608,-0.14502,0.14503,8,4,-0.15472,0.13528,0.29000,-0.02734,0.4392,1,8.133,5.302,-3.811,5.302,1.491,-2.038,-0.02844,-0.03181,4.397,8.701,0.00136,0.00144
0,33,0.0990,-0.00021,-0.00027,-0.00023,-0.00029,-0.013,-0.013,5.4104,3.9011,9.3115,0.5810,-0.14502,0.14503,8,4,-0.15472,0.13528,0.29000,-0.03322,0.4190,1,13.326,7.594,-3.938,7.594,3.656,-2.172,-0.02844,-0.03181,4.571,8.858,0.00087,0.00085
0,34,0.1020,-0.00020,-0.00027,-0.00023,-0.00029,-0.012,-0.012,5.4954,4.2904,9.7858,0.5616,-0.14502,0.14503,8,4,-0.15472,0.13528,0.29000,-0.02757,0.4384,1,6.298,5.401,-4.066,5.401,1.335,-2.293,-0.02845,-0.03181,4.750,9.017,0.00109,0.00105
0,35,0.1050,-0.00021,-0.00028,-0.00023,-0.00030,-0.013,-0.013,5.5646,4.0003,9.5649,0.5818,-0.14502,0.14503,8,4,-0.15472,0.13528,0.29000,-0.03343,0.4182,1,12.439,7.693,-4.194,7.693,3.499,-2.423,-0.02846,-0.03181,4.935,9.178,0.00057,0.00055
0,36,0.1080,-0.00021,-0.00027,-0.00023,-0.00029,-0.012,-0.013,5.6070,4.3855,9.9924,0.5611,-0.14502,0.14503,8,4,-0.15472,0.13528,0.29000,-0.02744,0.4389,1,5.575,5.401,-4.322,5.401,1.078,-2.540,-0.02847,-0.03181,5.122,9.339,0.00083,0.00080
0,37,0.1110,-0.00021,-0.00028,-0.00024,-0.00030,-0.013,-0.013,5.5918,4.0784,9.6702,0.5783,-0.14502,0.14504,8,4,-0.15472,0.13528,0.29000,-0.03241,0.4217,1,10.895,7.693,-4.451,7.693,3.242,-2.667,-0.02848,-0.03181,5.315,9.500,0.00048,0.00053
0,38,0.1140,-0.00021,-0.00027,-0.00023,-0.00029,-0.013,-0.013,5.5545,4.4427,9.9972,0.5556,-0.14502,0.14504,8,4,-0.15472,0.13528,0.29000,-0.02585,0.4444,1,3.324,5.401,-4.579,5.401,0.822,-2.782,-0.02849,-0.03181,5.511,9.660,0.00073,0.00075
0,39,0.1170,-0.00021,-0.00027,-0.00023,-0.00029,-0.013,-0.013,5.4801,4.1209,9.6011,0.5708,-0.14502,0.14504,8,4,-0.15472,0.13528,0.29000,-0.03025,0.4292,1,7.754,6.690,-4.708,6.690,1.982,-2.907,-0.02851,-0.03181,5.711,9.821,0.00077,0.00081
0,40,0.1200,-0.00020,-0.00026,-0.00022,-0.00028,-0.012,-0.012,5.4549,4.1529,9.6078,0.5678,-0.14502,0.14504,8,4,-0.15472,0.13528,0.29000,-0.02937,0.4322,1,6.188,5.927,-4.836,5.927,1.091,-3.032,-0.02853,-0.03181,5.914,9.982,0.00104,0.00113
0,41,0.1230,-0.00021,-0.00027,-0.00023,-0.00029,-0.012,-0.013,5.4728,3.9264,9.3992,0.5823,-0.14502,0.14504,8,4,-0.15472,0.13528,0.29000,-0.03357,0.4177,1,10.450,8.219,-4.964,8.219,3.255,-3.164,-0.02855,-0.03181,6.122,10.143,0.00057,0.00057
0,42,0.1260,-0.00020,-0.00027,-0.00023,-0.00029,-0.012,-0.012,5.5046,4.3066,9.8112,0.5611,-0.14502,0.14504,8,4,-0.15472,0.13528,0.29000,-0.02743,0.4389,1,3.472,5.927,-5.093,5.927,0.834,-3.284,-0.02857,-0.03181,6.331,10.304,0.00086,0.00086
0,43,0.1290,-0.00021,-0.00027,-0.00023,-0.00030,-0.012,-0.013,5.5164,4.0080,9.5244,0.5792,-0.14502,0.14504,8,4,-0.15472,0.13528,0.29000,-0.03268,0.4208,1,9.198,8.219,-5.221,8.219,2.998,-3.414,-0.02859,-0.03181,6.544,10.464,0.00053,0.00055
0,44,0.1320,-0.00021,-0.00027,-0.00023,-0.00029,-0.012,-0.013,5.5184,4.3876,9.9060,0.5571,-0.14502,0.14504,8,4,-0.15472,0.13528,0.29000,-0.02627,0.4429,1,1.917,5.927,-5.349,5.927,0.577,-3.533,-0.02861,-0.03181,6.758,10.625,0.00079,0.00081
0,45,0.1350,-0.00021,-0.00027,-0.00023,-0.00029,-0.012,-0.013,5.4881,4.0759,9.5640,0.5738,-0.14502,0.14504,8,4,-0.15472,0.13528,0.29000,-0.03113,0.4262,1,7.073,7.073,-5.477,7.073,1.595,-3.662,-0.02864,-0.03181,6.975,10.786,0.00068,0.00069
0,46,0.1380,-0.00020,-0.00026,-0.00022,-0.00029,-0.012,-0.012,5.4784,4.2615,9.7399,0.5625,-0.14502,0.14504,8,4,-0.15472,0.13528,0.29000,-0.02784,0.4375,1,3.065,4.781,-5.605,4.781,-0.824,-3.786,-0.02866,-0.03181,7.193,10.947,0.00100,0.00106
0,47,0.1410,-0.00021,-0.00027,-0.00023,-0.00029,-0.012,-0.012,5.4793,3.9568,9.4361,0.5807,-0.14502,0.14504,8,4,-0.15472,0.13528,0.29000,-0.03311,0.4193,1,8.671,7.073,-5.733,7.073,1.339,-3.919,-0.02869,-0.03181,7.415,11.108,0.00067,0.00069
0,48,0.1440,-0.00020,-0.00026,-0.00022,-0.00028,-0.012,-0.012,5.5030,4.2602,9.7633,0.5636,-0.14502,0.14504,8,4,-0.15472,0.13528,0.29000,-0.02818,0.4364,1,3.084,4.781,-5.860,4.781,-1.079,-4.044,-0.02872,-0.03181,7.636,11.268,0.00095,0.00098
0,49,0.1470,-0.00021,-0.00027,-0.00023,-0.00029,-0.012,-0.012,5.5181,3.9604,9.4785,0.5822,-0.14502,0.14504,8,4,-0.15472,0.13528,0.29000,-0.03355,0.4178,1,9.082,7.073,-5.988,7.073,1.085,-4.178,-0.02874,-0.03181,7.860,11.429,0.00063,0.00064
0,50,0.1500,-0.00020,-0.00026,-0.00022,-0.00028,-0.011,-0.012,5.5398,4.2692,9.8090,0.5648,-0.14502,0.14504,8,4,-0.15472,0.13528,0.29000,-0.02850,0.4352,1,3.563,4.781,-6.115,4.781,-1.334,-4.303,-0.02877,-0.03181,8.084,11.590,0.00091,0.00093
0,51,0.1530,-0.00021,-0.00027,-0.00023,-0.00029,-0.012,-0.012,5.5434,3.9644,9.5078,0.5830,-0.14502,0.14504,8,4,-0.15472,0.13528,0.29000,-0.03380,0.4170,1,9.605,7.073,-6.242,7.073,0.831,-4.438,-0.02879,-0.03181,8.310,11.746,0.00061,0.00063
0,52,0.1560,-0.00020,-0.00026,-0.00022,-0.00028,-0.011,-0.012,5.5517,4.2711,9.8228,0.5652,-0.14502,0.14504,8,4,-0.15472,0.13528,0.29000,-0.02862,0.4348,1,4.012,4.781,-6.368,4.781,-1.587,-4.565,-0.02881,-0.03181,8.536,11.902,0.00088,0.00091
0,53,0.1590,-0.00021,-0.00027,-0.00023,-0.00029,-0.012,-0.012,5.5406,3.9656,9.5061,0.5828,-0.14502,0.14504,8,4,-0.15472,0.13528,0.29000,-0.03374,0.4172,1,9.896,7.073,-6.494,7.073,0.579,-4.700,-0.02883,-0.03181,8.764,12.058,0.00061,0.00063
0,54,0.1620,-0.00020,-0.00026,-0.00022,-0.00028,-0.011,-0.012,5.5384,4.2702,9.8087,0.5646,-0.14502,0.14504,8,4,-0.15472,0.13528,0.29000,-0.02847,0.4354,1,4.198,4.781,-6.620,4.781,-1.838,-4.827,-0.02885,-0.03181,8.991,12.214,0.00089,0.00094
0,55,0.1650,-0.00021,-0.00027,-0.00023,-0.00029,-0.012,-0.012,5.5241,3.9604,9.4846,0.5824,-0.14502,0.14504,8,4,-0.15472,0.13528,0.29000,-0.03362,0.4176,1,10.112,7.073,-6.745,7.073,0.326,-4.964,-0.02887,-0.03181,9.220,12.370,0.00063,0.00064
0,56,0.1680,-0.00020,-0.00026,-0.00022,-0.00028,-0.011,-0.012,5.5243,4.2670,9.7913,0.5642,-0.14502,0.14504,8,4,-0.15472,0.13528,0.29000,-0.02834,0.4358,1,4.393,4.781,-6.870,4.781,-2.089,-5.092,-0.02888,-0.03181,9.449,12.526,0.00091,0.00095
0,57,0.1710,-0.00021,-0.00026,-0.00023,-0.00029,-0.012,-0.012,5.5142,3.9619,9.4761,0.5819,-0.14502,0.14504,8,4,-0.15472,0.13528,0.29000,-0.03347,0.4181,1,10.276,7.073,-6.994,7.073,0.079,-5.229,-0.02889,-0.03181,9.679,12.682,0.00065,0.00067
0,58,0.1740,-0.00020,-0.00026,-0.00022,-0.00028,-0.011,-0.012,5.5176,4.2661,9.7837,0.5640,-0.14502,0.14504,8,4,-0.15472,0.13528,0.29000,-0.02827,0.4360,1,4.638,4.781,-7.118,4.781,-2.337,-5.359,-0.02891,-0.03181,9.909,12.838,0.00093,0.00097
0,59,0.1770,-0.00021,-0.00026,-0.00023,-0.00029,-0.011,-0.012,5.5117,3.9618,9.4735,0.5818,-0.14502,0.14504,8,4,-0.15472,0.13528,0.29000,-0.03344,0.4182,1,10.582,7.073,-7.241,7.073,-0.168,-5.497,-0.02892,-0.03181,10.140,12.994,0.00066,0.00068
0,60,0.1800,-0.00020,-0.00026,-0.00022,-0.00028,-0.011,-0.012,5.5197,4.2723,9.7920,0.5637,-0.14502,0.14504,8,4,-0.15472,0.13528,0.29000,-0.02819,0.4363,1,4.911,4.911,-7.364,4.911,-2.454,-5.627,-0.02893,-0.03181,10.370,13.150,0.00096,0.00100
0,61,0.1830,-0.00021,-0.00026,-0.00023,-0.00029,-0.011,-0.012,5.5129,3.9633,9.4762,0.5818,-0.14502,0.14504,8,4,-0.15472,0.13528,0.29000,-0.03343,0.4182,1,10.938,7.203,-7.486,7.203,-0.283,-5.766,-0.02893,-0.03181,10.603,13.306,0.00064,0.00066
0,62,0.1860,-0.00020,-0.00026,-0.00022,-0.00028,-0.011,-0.012,5.5153,4.3118,9.8270,0.5612,-0.14502,0.14504,8,4,-0.15472,0.13528,0.29000,-0.02748,0.4388,1,4.505,4.911,-7.607,4.911,-2.697,-5.896,-0.02894,-0.03181,10.833,13.462,0.00091,0.00094
0,63,0.1890,-0.00020,-0.00026,-0.00022,-0.00029,-0.011,-0.012,5.4978,4.0043,9.5021,0.5786,-0.14502,0.14504,8,4,-0.15472,0.13528,0.29000,-0.03251,0.4214,1,10.277,7.203,-7.729,7.203,-0.526,-6.034,-0.02894,-0.03181,11.066,13.618,0.00068,0.00069
0,64,0.1920,-0.00020,-0.00025,-0.00022,-0.00028,-0.011,-0.012,5.4929,4.3136,9.8065,0.5601,-0.14502,0.14504,8,4,-0.15472,0.13528,0.29000,-0.02716,0.4399,1,4.392,4.911,-7.849,4.911,-2.938,-6.165,-0.02895,-0.03181,11.297,13.774,0.00098,0.00103
0,65,0.1950,-0.00020,-0.00026,-0.00022,-0.00029,-0.011,-0.012,5.4742,4.0003,9.4745,0.5778,-0.14502,0.14504,8,4,-0.15472,0.13528,0.29000,-0.03228,0.4222,1,10.151,7.203,-7.968,7.203,-0.765,-6.304,-0.02895,-0.03181,11.531,13.930,0.00072,0.00074
0,66,0.1980,-0.00020,-0.00025,-0.00022,-0.00028,-0.011,-0.012,5.4752,4.3111,9.7863,0.5595,-0.14502,0.14504,8,4,-0.15472,0.13528,0.29000,-0.02697,0.4405,1,4.277,4.911,-8.087,4.911,-3.176,-6.435,-0.02895,-0.03181,11.762,14.086,0.00100,0.00104
0,67,0.2010,-0.00020,-0.00026,-0.00022,-0.00028,-0.011,-0.012,5.4676,4.0047,9.4724,0.5772,-0.14502,0.14504,8,4,-0.15472,0.13528,0.29000,-0.03211,0.4228,1,10.065,7.203,-8.205,7.203,-1.002,-6.574,-0.02896,-0.03181,11.996,14.237,0.00076,0.00078
0,68,0.2040,-0.00020,-0.00025,-0.00022,-0.00028,-0.011,-0.012,5.4721,4.3123,9.7843,0.5593,-0.14502,0.14504,8,4,-0.15472,0.13528,0.29000,-0.02691,0.4407,1,4.298,4.911,-8.322,4.911,-3.411,-6.706,-0.02896,-0.03181,12.227,14.380,0.00102,0.00106
0,69,0.2070,-0.00020,-0.00026,-0.00022,-0.00028,-0.011,-0.012,5.4688,4.0063,9.4751,0.5772,-0.14502,0.14504,8,4,-0.15472,0.13528,0.29000,-0.03210,0.4228,1,10.170,7.203,-8.438,7.203,-1.235,-6.846,-0.02896,-0.03181,12.461,14.522,0.00076,0.00077
0,70,0.2100,-0.00020,-0.00025,-0.00022,-0.00028,-0.011,-0.012,5.4797,4.3222,9.8018,0.5590,-0.14502,0.14504,8,4,-0.15472,0.13528,0.29000,-0.02684,0.4410,1,4.374,4.911,-8.555,4.911,-3.644,-6.978,-0.02896,-0.03181,12.692,14.664,0.00105,0.00109
0,71,0.2130,-0.00020,-0.00026,-0.00022,-0.00028,-0.011,-0.012,5.4711,4.0094,9.4805,0.5771,-0.14502,0.14504,8,4,-0.15472,0.13528,0.29000,-0.03207,0.4229,1,10.288,7.203,-8.668,7.203,-1.466,-7.118,-0.02896,-0.03181,12.926,14.806,0.00077,0.00078
0,72,0.2160,-0.00019,-0.00025,-0.00021,-0.00028,-0.011,-0.012,5.4789,4.3248,9.8037,0.5589,-0.14502,0.14504,8,4,-0.15472,0.13528,0.29000,-0.02679,0.4411,1,4.482,4.911,-8.782,4.911,-3.871,-7.251,-0.02896,-0.03181,13.157,14.948,0.00103,0.00107
0,73,0.2190,-0.00020,-0.00025,-0.00022,-0.00028,-0.011,-0.012,5.4748,4.0183,9.4931,0.5767,-0.14502,0.14504,8,4,-0.15472,0.13528,0.29000,-0.03197,0.4233,1,10.354,7.203,-8.896,7.203,-1.693,-7.390,-0.02896,-0.03181,13.389,15.091,0.00078,0.00080
0,74,0.2220,-0.00019,-0.00025,-0.00021,-0.00027,-0.011,-0.012,5.4833,4.3357,9.8190,0.5584,-0.14502,0.14504,8,4,-0.15472,0.13528,0.29000,-0.02667,0.4416,1,4.502,4.911,-9.007,4.911,-4.096,-7.522,-0.02896,-0.03181,13.620,15.233,0.00108,0.00112
0,75,0.2250,-0.00020,-0.00025,-0.00022,-0.00028,-0.011,-0.012,5.4700,4.0199,9.4899,0.5764,-0.14502,0.14504,8,4,-0.15472,0.13528,0.29000,-0.03188,0.4236,1,10.389,7.203,-9.117,7.203,-1.915,-7.662,-0.02896,-0.03181,13.852,15.375,0.00080,0.00082
0,76,0.2280,-0.00019,-0.00025,-0.00021,-0.00027,-0.011,-0.012,5.4745,4.3368,9.8113,0.5580,-0.14502,0.14504,8,4,-0.15472,0.13528,0.29000,-0.02653,0.4420,1,4.513,4.911,-9.228,4.911,-4.317,-7.795,-0.02895,-0.03181,14.082,15.517,0.00105,0.00110
0,77,0.2310,-0.00020,-0.00025,-0.00022,-0.00028,-0.011,-0.012,5.4685,4.0287,9.4972,0.5758,-0.14502,0.14504,8,4,-0.15472,0.13528,0.29000,-0.03170,0.4242,1,10.369,7.203,-9.337,7.203,-2.134,-7.934,-0.02895,-0.03181,14.314,15.659,0.00083,0.00086
0,78,0.2340,-0.00019,-0.00024,-0.00021,-0.00027,-0.011,-0.012,5.4673,4.3392,9.8065,0.5575,-0.14502,0.14504,8,4,-0.15472,0.13528,0.29000,-0.02640,0.4425,1,4.502,4.911,-9.444,4.911,-4.533,-8.066,-0.02895,-0.03181,14.543,15.802,0.00107,0.00111
0,79,0.2370,-0.00019,-0.00025,-0.00021,-0.00028,-0.011,-0.012,5.4597,4.0295,9.4892,0.5754,-0.14502,0.14504,8,4,-0.15472,0.13528,0.29000,-0.03157,0.4246,1,10.370,7.203,-9.550,7.203,-2.348,-8.206,-0.02894,-0.03181,14.773,15.944,0.00082,0.00084
0,80,0.2400,-0.00019,-0.00024,-0.00021,-0.00027,-0.010,-0.012,5.4694,4.3513,9.8207,0.5569,-0.14502,0.14504,8,4,-0.15472,0.13528,0.29000,-0.02623,0.4431,1,4.450,4.911,-9.657,4.911,-4.746,-8.337,-0.02894,-0.03181,15.002,16.086,0.00111,0.00116
0,81,0.2430,-0.00019,-0.00025,-0.00021,-0.00027,-0.011,-0.012,5.4551,4.0335,9.4886,0.5749,-0.14502,0.14504,8,4,-0.15472,0.13528,0.29000,-0.03144,0.4251,1,10.326,7.203,-9.760,7.203,-2.557,-8.477,-0.02893,-0.03181,15.232,16.228,0.00084,0.00086
0,82,0.2460,-0.00019,-0.00024,-0.00021,-0.00027,-0.010,-0.012,5.4616,4.3544,9.8160,0.5564,-0.14502,0.14504,8,4,-0.15472,0.13528,0.29000,-0.02607,0.4436,1,4.383,4.911,-9.863,4.911,-4.952,-8.609,-0.02893,-0.03181,15.459,16.370,0.00109,0.00114
0,83,0.2490,-0.00019,-0.00025,-0.00021,-0.00027,-0.011,-0.012,5.4595,4.0461,9.5056,0.5743,-0.14502,0.14504,8,4,-0.15472,0.13528,0.29000,-0.03128,0.4257,1,10.249,7.203,-9.966,7.203,-2.763,-8.747,-0.02892,-0.03181,15.687,16.513,0.00087,0.00089
0,84,0.2520,-0.00019,-0.00024,-0.00021,-0.00027,-0.010,-0.012,5.4707,4.3708,9.8415,0.5559,-0.14502,0.14504,8,4,-0.15472,0.13528,0.29000,-0.02592,0.4441,1,4.271,4.911,-10.068,4.911,-5.158,-8.878,-0.02892,-0.03181,15.912,16.655,0.00112,0.00116
0,85,0.2550,-0.00019,-0.00025,-0.00021,-0.00027,-0.011,-0.012,5.4888,4.0600,9.5488,0.5748,-0.14502,0.14504,8,4,-0.15472,0.13528,0.29000,-0.03142,0.4252,1,10.430,7.203,-10.171,7.203,-2.968,-9.013,-0.02891,-0.03181,16.137,16.797,0.00093,0.00095
0,86,0.2580,-0.00019,-0.00024,-0.00021,-0.00027,-0.010,-0.012,5.5053,4.3878,9.8931,0.5565,-0.14502,0.14504,8,4,-0.15472,0.13528,0.29000,-0.02610,0.4435,1,4.470,4.911,-10.273,4.911,-5.362,-9.142,-0.02891,-0.03181,16.360,16.939,0.00117,0.00122
0,87,0.2610,-0.00019,-0.00025,-0.00021,-0.00027,-0.011,-0.012,5.4909,4.0745,9.5654,0.5740,-0.14502,0.14504,8,4,-0.15472,0.13528,0.29000,-0.03119,0.4260,1,10.225,7.203,-10.376,7.203,-3.173,-9.277,-0.02890,-0.03181,16.581,17.081,0.00087,0.00089
0,88,0.2640,-0.00019,-0.00024,-0.00021,-0.00027,-0.010,-0.012,5.5387,4.4003,9.9390,0.5573,-0.14502,0.14504,8,4,-0.15472,0.13528,0.29000,-0.02633,0.4427,1,4.859,4.911,-10.481,4.911,-5.571,-9.400,-0.02890,-0.03181,16.799,17.224,0.00122,0.00127
0,89,0.2670,-0.00019,-0.00024,-0.00021,-0.00027,-0.010,-0.012,5.5366,4.0955,9.6321,0.5748,-0.14502,0.14504,8,4,-0.15472,0.13528,0.29000,-0.03141,0.4252,1,10.563,7.203,-10.587,7.203,-3.384,-9.531,-0.02889,-0.03181,17.019,17.366,0.00096,0.00099
0,90,0.2700,-0.00018,-0.00024,-0.00020,-0.00026,-0.010,-0.012,5.5111,4.4082,9.9193,0.5556,-0.14502,0.14503,8,4,-0.15472,0.13528,0.29000,-0.02584,0.4444,1,4.430,4.911,-10.692,4.911,-5.781,-9.655,-0.02888,-0.03181,17.234,17.508,0.00111,0.00116
0,91,0.2730,-0.00019,-0.00024,-0.00021,-0.00027,-0.010,-0.012,5.5176,4.0923,9.6099,0.5742,-0.14502,0.14504,8,4,-0.15472,0.13528,0.29000,-0.03122,0.4258,1,10.616,7.203,-10.800,7.203,-3.597,-9.781,-0.02888,-0.03181,17.450,17.650,0.00097,0.00100
0,92,0.2760,-0.00018,-0.00023,-0.00020,-0.00026,-0.010,-0.012,5.5055,4.4142,9.9197,0.5550,-0.14502,0.14503,8,4,-0.15472,0.13528,0.29000,-0.02567,0.4450,1,4.454,4.911,-10.908,4.911,-5.997,-9.902,-0.02887,-0.03181,17.663,17.792,0.00118,0.00125
0,93,0.2790,-0.00018,-0.00024,-0.00020,-0.00026,-0.010,-0.012,5.4525,4.0920,9.5445,0.5713,-0.14502,0.14503,8,4,-0.15472,0.13528,0.29000,-0.03039,0.4287,1,9.861,7.203,-11.015,7.203,-3.813,-10.030,-0.02886,-0.03181,17.879,17.935,0.00091,0.00096
0,94,0.2820,-0.00018,-0.00023,-0.00020,-0.00026,-0.010,-0.012,5.4092,4.4009,9.8101,0.5514,-0.14502,0.14503,8,4,-0.15472,0.13528,0.29000,-0.02462,0.4486,1,3.517,4.911,-11.125,4.911,-6.214,-10.152,-0.02885,-0.03181,18.089,18.077,0.00109,0.00115
0,95,0.2850,-0.00018,-0.00023,-0.00020,-0.00026,-0.010,-0.012,5.4098,4.0899,9.4997,0.5695,-0.14502,0.14503,8,4,-0.15472,0.13528,0.29000,-0.02987,0.4305,1,9.460,7.128,-11.235,7.128,-4.107,-10.277,-0.02884,-0.03181,18.302,18.219,0.00100,0.00104
0,96,0.2880,-0.00018,-0.00022,-0.00020,-0.00025,-0.010,-0.012,5.4086,4.3950,9.8036,0.5517,-0.14502,0.14503,8,4,-0.15472,0.13528,0.29000,-0.02471,0.4483,1,3.603,4.836,-11.345,4.836,-6.509,-10.399,-0.02883,-0.03181,18.512,18.361,0.00123,0.00131
0,97,0.2910,-0.00018,-0.00022,-0.00020,-0.00025,-0.009,-0.011,5.3777,4.0825,9.4603,0.5685,-0.14502,0.14503,8,4,-0.15472,0.13528,0.29000,-0.02957,0.4315,1,9.033,6.195,-11.456,6.195,-5.262,-10.529,-0.02882,-0.03181,18.720,18.503,0.00127,0.00133
0,98,0.2940,-0.00018,-0.00022,-0.00020,-0.00025,-0.009,-0.011,5.4489,4.1376,9.5865,0.5684,-0.14502,0.14503,8,4,-0.15472,0.13528,0.29000,-0.02955,0.4316,1,9.025,5.956,-11.569,5.956,-5.613,-10.658,-0.02882,-0.03181,18.928,18.646,0.00133,0.00139
0,99,0.2970,-0.00017,-0.00022,-0.00019,-0.00025,-0.009,-0.011,5.4887,4.0872,9.5760,0.5732,-0.14502,0.14503,8,4,-0.15472,0.13528,0.29000,-0.03094,0.4268,1,10.862,5.802,-11.681,5.802,-5.879,-10.791,-0.02881,-0.03181,19.136,18.788,0.00127,0.00132
0,100,0.3000,-0.00018,-0.00023,-0.00020,-0.00026,-0.009,-0.011,5.5136,4.0564,9.5701,0.5761,-0.14502,0.14503,8,4,-0.15472,0.13528,0.29000,-0.03180,0.4239,1,12.395,7.033,-11.793,7.033,-4.760,-10.927,-0.02879,-0.03181,19.344,18.930,0.00072,0.00076
0,101,0.3030,-0.00017,-0.00022,-0.00019,-0.00025,-0.009,-0.011,5.5040,4.4291,9.9331,0.5541,-0.14502,0.14503,8,4,-0.15472,0.13528,0.29000,-0.02541,0.4459,1,6.038,4.741,-11.908,4.741,-7.167,-11.050,-0.02877,-0.03181,19.550,19.088,0.00094,0.00098
0,102,0.3060,-0.00017,-0.00022,-0.00019,-0.00025,-0.009,-0.011,5.4405,4.1174,9.5579,0.5692,-0.14502,0.14503,8,4,-0.15472,0.13528,0.29000,-0.02979,0.4308,1,11.350,5.748,-12.022,5.748,-6.274,-11.183,-0.02875,-0.03181,19.756,19.246,0.00122,0.00131
0,103,0.3090,-0.00017,-0.00022,-0.00019,-0.00025,-0.009,-0.011,5.4330,4.0578,9.4909,0.5724,-0.14502,0.14503,8,4,-0.15472,0.13528,0.29000,-0.03073,0.4276,1,12.442,6.485,-12.136,6.485,-5.651,-11.322,-0.02873,-0.03181,19.965,19.403,0.00098,0.00105
0,104,0.3120,-0.00017,-0.00021,-0.00019,-0.00024,-0.009,-0.011,5.3943,4.2810,9.6753,0.5575,-0.14502,0.14503,8,4,-0.15472,0.13528,0.29000,-0.02640,0.4425,1,7.858,4.239,-12.252,4.239,-8.012,-11.457,-0.02870,-0.03181,20.170,19.561,0.00118,0.00127
0,105,0.3150,-0.00017,-0.00022,-0.00019,-0.00025,-0.009,-0.011,5.4119,3.9817,9.3937,0.5761,-0.14502,0.14503,8,4,-0.15472,0.13528,0.29000,-0.03180,0.4239,1,14.129,6.531,-12.367,6.531,-5.836,-11.597,-0.02868,-0.03181,20.375,19.719,0.00111,0.00114
0,106,0.3180,-0.00017,-0.00021,-0.00019,-0.00024,-0.009,-0.011,5.4267,4.3302,9.7569,0.5562,-0.14502,0.14503,8,4,-0.15472,0.13528,0.29000,-0.02602,0.4438,1,7.834,4.239,-12.483,4.239,-8.244,-11.735,-0.02866,-0.03181,20.581,19.877,0.00117,0.00124
0,107,0.3210,-0.00017,-0.00022,-0.00019,-0.00025,-0.009,-0.011,5.3965,4.0223,9.4188,0.5730,-0.14502,0.14503,8,4,-0.15472,0.13528,0.29000,-0.03088,0.4270,1,13.633,6.379,-12.600,6.379,-6.221,-11.879,-0.02863,-0.03181,20.787,20.035,0.00100,0.00104
0,108,0.3240,-0.00016,-0.00021,-0.00018,-0.00024,-0.009,-0.011,5.4145,4.3039,9.7183,0.5571,-0.14502,0.14503,8,4,-0.15472,0.13528,0.29000,-0.02629,0.4429,1,8.732,4.468,-12.717,4.468,-8.249,-12.018,-0.02860,-0.03181,20.993,20.192,0.00121,0.00128
0,109,0.3270,-0.00017,-0.00021,-0.00019,-0.00024,-0.009,-0.011,5.4044,4.0059,9.4103,0.5743,-0.14502,0.14503,8,4,-0.15472,0.13528,0.29000,-0.03127,0.4257,1,14.515,5.984,-12.834,5.984,-6.850,-12.166,-0.02857,-0.03181,21.198,20.350,0.00124,0.00129
0,110,0.3300,-0.00016,-0.00020,-0.00018,-0.00023,-0.008,-0.011,5.4157,4.2182,9.6339,0.5622,-0.14502,0.14503,8,4,-0.15472,0.13528,0.29000,-0.02774,0.4378,1,10.721,5.024,-12.951,5.024,-7.928,-12.313,-0.02854,-0.03181,21.404,20.508,0.00126,0.00135
0,111,0.3330,-0.00017,-0.00021,-0.00019,-0.00024,-0.009,-0.011,5.4472,3.9446,9.3918,0.5800,-0.14502,0.14503,8,4,-0.15472,0.13528,0.29000,-0.03292,0.4200,1,16.932,7.315,-13.070,7.315,-5.754,-12.464,-0.02851,-0.03181,21.609,20.666,0.00109,0.00111
0,112,0.3360,-0.00016,-0.00021,-0.00018,-0.00023,-0.009,-0.011,5.4534,4.3464,9.7998,0.5565,-0.14502,0.14503,8,4,-0.15472,0.13528,0.29000,-0.02610,0.4435,1,9.710,5.024,-13.188,5.024,-8.165,-12.612,-0.02847,-0.03181,21.816,20.824,0.00103,0.00109
0,113,0.3390,-0.00016,-0.00021,-0.00018,-0.00024,-0.009,-0.011,5.3996,4.0336,9.4333,0.5724,-0.14502,0.14503,8,4,-0.15472,0.13528,0.29000,-0.03072,0.4276,1,15.432,6.136,-13.307,6.136,-7.170,-12.764,-0.02844,-0.03181,22.022,20.981,0.00104,0.00108
0,114,0.3420,-0.00016,-0.00020,-0.00018,-0.00023,-0.009,-0.011,5.3716,4.3106,9.6822,0.5548,-0.14502,0.14503,8,4,-0.15472,0.13528,0.29000,-0.02561,0.4452,1,9.899,5.283,-13.425,5.283,-8.143,-12.914,-0.02840,-0.03181,22.230,21.139,0.00105,0.00113
0,115,0.3450,-0.00016,-0.00021,-0.00018,-0.00024,-0.009,-0.011,5.3493,4.0593,9.4086,0.5686,-0.14502,0.14503,8,4,-0.15472,0.13528,0.29000,-0.02960,0.4314,1,14.559,6.428,-13.545,6.428,-7.117,-13.068,-0.02836,-0.03181,22.440,21.297,0.00102,0.00107
0,116,0.3480,-0.00016,-0.00020,-0.00017,-0.00023,-0.009,-0.011,5.3190,4.4180,9.7371,0.5463,-0.14502,0.14503,8,4,-0.15472,0.13528,0.29000,-0.02314,0.4537,1,7.195,4.136,-13.664,4.136,-9.528,-13.218,-0.02832,-0.03181,22.652,21.455,0.00111,0.00120
0,117,0.3510,-0.00016,-0.00020,-0.00018,-0.00023,-0.009,-0.011,5.2623,4.1064,9.3686,0.5617,-0.14502,0.14503,8,4,-0.15472,0.13528,0.29000,-0.02761,0.4383,1,12.025,5.979,-13.783,5.979,-7.805,-13.373,-0.02829,-0.03181,22.867,21.614,0.00112,0.00120
0,118,0.3540,-0.00015,-0.00020,-0.00017,-0.00023,-0.009,-0.011,5.2640,4.2958,9.5598,0.5506,-0.14502,0.14503,8,4,-0.15472,0.13528,0.29000,-0.02441,0.4494,1,7.927,4.688,-13.903,4.688,-9.215,-13.525,-0.02826,-0.03181,23.082,21.777,0.00149,0.00160
0,119,0.3570,-0.00016,-0.00020,-0.00018,-0.00023,-0.009,-0.011,5.2838,4.0049,9.2887,0.5688,-0.14502,0.14503,8,4,-0.15472,0.13528,0.29000,-0.02968,0.4312,1,13.301,6.980,-14.023,6.980,-7.043,-13.686,-0.02823,-0.03181,23.302,21.939,0.00124,0.00129
0,120,0.3600,-0.00015,-0.00020,-0.00017,-0.00023,-0.009,-0.011,5.2908,4.4042,9.6950,0.5457,-0.14502,0.14503,8,4,-0.15472,0.13528,0.29000,-0.02298,0.4543,1,5.401,4.688,-14.143,4.688,-9.455,-13.840,-0.02821,-0.03181,23.522,22.102,0.00130,0.00135
0,121,0.3630,-0.00016,-0.00020,-0.00018,-0.00023,-0.009,-0.011,5.2655,4.0945,9.3600,0.5626,-0.14502,0.14503,8,4,-0.15472,0.13528,0.29000,-0.02786,0.4374,1,10.642,6.980,-14.263,6.980,-7.283,-13.999,-0.02819,-0.03181,23.747,22.265,0.00103,0.00106
0,122,0.3660,-0.00015,-0.00020,-0.00017,-0.00023,-0.009,-0.011,5.2489,4.4866,9.7356,0.5392,-0.14502,0.14503,8,4,-0.15472,0.13528,0.29000,-0.02107,0.4608,1,2.614,4.688,-14.383,4.688,-9.695,-14.151,-0.02817,-0.03181,23.971,22.427,0.00124,0.00129
0,123,0.3690,-0.00015,-0.00019,-0.00017,-0.00022,-0.009,-0.011,5.2059,4.1769,9.3828,0.5548,-0.14502,0.14503,8,4,-0.15472,0.13528,0.29000,-0.02562,0.4452,1,7.110,5.208,-14.504,5.208,-9.295,-14.308,-0.02816,-0.03181,24.196,22.590,0.00157,0.00167
0,124,0.3720,-0.00015,-0.00020,-0.00017,-0.00023,-0.009,-0.011,5.2500,4.1395,9.3895,0.5591,-0.14502,0.14503,8,4,-0.15472,0.13528,0.29000,-0.02687,0.4409,1,7.609,5.668,-14.624,5.668,-8.956,-14.470,-0.02815,-0.03181,24.424,22.752,0.00141,0.00148
0,125,0.3750,-0.00015,-0.00019,-0.00017,-0.00022,-0.008,-0.011,5.2744,4.2933,9.5677,0.5513,-0.14502,0.14503,8,4,-0.15472,0.13528,0.29000,-0.02459,0.4487,1,4.498,3.376,-14.744,3.376,-11.368,-14.629,-0.02815,-0.03181,24.652,22.915,0.00164,0.00172
0,126,0.3780,-0.00015,-0.00020,-0.00017,-0.00022,-0.008,-0.011,5.3190,4.0034,9.3224,0.5706,-0.14502,0.14503,8,4,-0.15472,0.13528,0.29000,-0.03018,0.4294,1,10.383,5.668,-14.865,5.668,-9.196,-14.794,-0.02815,-0.03181,24.883,23.078,0.00133,0.00136
0,127,0.3810,-0.00015,-0.00019,-0.00016,-0.00022,-0.008,-0.010,5.3436,4.3325,9.6761,0.5522,-0.14502,0.14503,8,4,-0.15472,0.13528,0.29000,-0.02487,0.4478,1,4.253,3.376,-14.985,3.376,-11.608,-14.953,-0.02815,-0.03181,25.113,23.240,0.00139,0.00143
0,128,0.3840,-0.00015,-0.00019,-0.00017,-0.00022,-0.008,-0.011,5.3509,4.0295,9.3803,0.5704,-0.14502,0.14503,8,4,-0.15472,0.13528,0.29000,-0.03014,0.4296,1,10.154,5.668,-15.105,5.668,-9.437,-15.117,-0.02816,-0.03181,25.346,23.403,0.00117,0.00120
0,129,0.3870,-0.00015,-0.00019,-0.00016,-0.00022,-0.008,-0.010,5.3509,4.3565,9.7074,0.5512,-0.14502,0.14503,8,4,-0.15472,0.13528,0.29000,-0.02457,0.4488,1,3.802,3.376,-15.225,3.376,-11.849,-15.276,-0.02816,-0.03181,25.577,23.565,0.00132,0.00138
0,130,0.3900,-0.00015,-0.00019,-0.00017,-0.00022,-0.008,-0.011,5.3338,4.0515,9.3853,0.5683,-0.14502,0.14503,8,4,-0.15472,0.13528,0.29000,-0.02953,0.4317,1,9.239,5.668,-15.345,5.668,-9.677,-15.440,-0.02816,-0.03181,25.812,23.728,0.00118,0.00123
0,131,0.3930,-0.00015,-0.00019,-0.00016,-0.00021,-0.008,-0.011,5.3220,4.3763,9.6983,0.5488,-0.14502,0.14503,8,4,-0.15472,0.13528,0.29000,-0.02386,0.4512,1,2.595,3.376,-15.465,3.376,-12.089,-15.599,-0.02817,-0.03181,26.046,23.891,0.00136,0.00145
0,132,0.3960,-0.00015,-0.00019,-0.00016,-0.00022,-0.008,-0.011,5.3056,4.0700,9.3756,0.5659,-0.14502,0.14503,8,4,-0.15472,0.13528,0.29000,-0.02883,0.4341,1,7.863,5.668,-15.585,5.668,-9.917,-15.763,-0.02818,-0.03181,26.283,24.053,0.00124,0.00130
0,133,0.3990,-0.00014,-0.00019,-0.00016,-0.00021,-0.008,-0.011,5.2988,4.3955,9.6942,0.5466,-0.14502,0.14503,8,4,-0.15472,0.13528,0.29000,-0.02323,0.4534,1,1.142,3.376,-15.705,3.376,-12.328,-15.922,-0.02819,-0.03181,26.518,24.216,0.00143,0.00151
0,134,0.4020,-0.00015,-0.00019,-0.00016,-0.00022,-0.008,-0.011,5.2869,4.0902,9.3771,0.5638,-0.14502,0.14503,8,4,-0.15472,0.13528,0.29000,-0.02822,0.4362,1,6.324,5.668,-15.824,5.668,-10.156,-16.087,-0.02820,-0.03181,26.757,24.376,0.00130,0.00136
0,135,0.4050,-0.00014,-0.00018,-0.00016,-0.00021,-0.008,-0.011,5.2795,4.4133,9.6928,0.5447,-0.14502,0.14503,8,4,-0.15472,0.13528,0.29000,-0.02268,0.4553,1,-0.422,3.376,-15.943,3.376,-12.567,-16.246,-0.02822,-0.03181,26.993,24.534,0.00147,0.00154
0,136,0.4080,-0.00014,-0.00018,-0.00016,-0.00021,-0.008,-0.010,5.2699,4.1073,9.3772,0.5620,-0.14502,0.14503,8,4,-0.15472,0.13528,0.29000,-0.02770,0.4380,1,4.730,4.319,-16.062,4.319,-11.744,-16.410,-0.02824,-0.03181,27.230,24.692,0.00180,0.00190
0,137,0.4110,-0.00015,-0.00019,-0.00016,-0.00021,-0.008,-0.010,5.3562,4.0494,9.4056,0.5695,-0.14502,0.14503,8,4,-0.15472,0.13528,0.29000,-0.02987,0.4305,1,6.569,5.989,-16.181,5.989,-10.192,-16.578,-0.02826,-0.03181,27.471,24.851,0.00130,0.00134
0,138,0.4140,-0.00014,-0.00018,-0.00016,-0.00021,-0.008,-0.010,5.3364,4.4337,9.7701,0.5462,-0.14502,0.14503,8,4,-0.15472,0.13528,0.29000,-0.02311,0.4538,1,-1.106,3.697,-16.299,3.697,-12.602,-16.738,-0.02829,-0.03181,27.709,25.009,0.00132,0.00136
0,139,0.4170,-0.00014,-0.00018,-0.00015,-0.00020,-0.007,-0.010,5.3070,4.1188,9.4258,0.5630,-0.14502,0.14503,8,4,-0.15472,0.13528,0.29000,-0.02800,0.4370,1,4.284,3.893,-16.418,3.893,-12.525,-16.901,-0.02831,-0.03181,27.946,25.168,0.00178,0.00187
0,140,0.4200,-0.00015,-0.00018,-0.00016,-0.00021,-0.007,-0.010,5.4017,3.9633,9.3650,0.5768,-0.14502,0.14503,8,4,-0.15472,0.13528,0.29000,-0.03199,0.4232,1,8.330,6.185,-16.536,6.185,-10.351,-17.071,-0.02834,-0.03181,28.185,25.326,0.00137,0.00142
0,141,0.4230,-0.00014,-0.00018,-0.00015,-0.00020,-0.007,-0.010,5.4151,4.3613,9.7765,0.5539,-0.14502,0.14503,8,4,-0.15472,0.13528,0.29000,-0.02535,0.4461,1,0.886,3.893,-16.653,3.893,-12.760,-17.233,-0.02836,-0.03181,28.423,25.484,0.00138,0.00144
0,142,0.4260,-0.00015,-0.00018,-0.00016,-0.00021,-0.008,-0.010,5.3905,4.0459,9.4363,0.5712,-0.14502,0.14503,8,4,-0.15472,0.13528,0.29000,-0.03038,0.4288,1,6.691,6.051,-16.770,6.051,-10.719,-17.399,-0.02839,-0.03181,28.662,25.643,0.00115,0.00119
0,143,0.4290,-0.00014,-0.00018,-0.00015,-0.00020,-0.008,-0.010,5.3613,4.4363,9.7976,0.5472,-0.14502,0.14503,8,4,-0.15472,0.13528,0.29000,-0.02341,0.4528,1,-1.192,3.759,-16.887,3.759,-13.128,-17.557,-0.02841,-0.03181,28.900,25.801,0.00131,0.00138
0,144,0.4320,-0.00014,-0.00017,-0.00015,-0.00020,-0.007,-0.010,5.3254,4.1245,9.4499,0.5635,-0.14502,0.14503,8,4,-0.15472,0.13528,0.29000,-0.02814,0.4365,1,3.894,3.509,-17.003,3.509,-13.494,-17.719,-0.02843,-0.03181,29.135,25.960,0.00194,0.00208
0,145,0.4350,-0.00014,-0.00018,-0.00015,-0.00020,-0.007,-0.010,5.4171,3.9120,9.3291,0.5807,-0.14502,0.14503,8,4,-0.15472,0.13528,0.29000,-0.03311,0.4193,1,8.870,5.801,-17.119,5.801,-11.318,-17.891,-0.02846,-0.03181,29.374,26.118,0.00155,0.00163
0,146,0.4380,-0.00014,-0.00017,-0.00015,-0.00020,-0.007,-0.009,5.4464,4.3114,9.7579,0.5582,-0.14502,0.14503,8,4,-0.15472,0.13528,0.29000,-0.02658,0.4418,1,1.528,3.509,-17.234,3.509,-13.725,-18.055,-0.02849,-0.03181,29.610,26.276,0.00150,0.00155
0,147,0.4410,-0.00014,-0.00018,-0.00015,-0.00020,-0.007,-0.010,5.4564,4.0028,9.4592,0.5768,-0.14502,0.14503,8,4,-0.15472,0.13528,0.29000,-0.03200,0.4232,1,7.910,5.801,-17.349,5.801,-11.548,-18.222,-0.02852,-0.03181,29.848,26.435,0.00123,0.00125
0,148,0.4440,-0.00014,-0.00017,-0.00015,-0.00020,-0.007,-0.010,5.4214,4.3894,9.8108,0.5526,-0.14502,0.14503,8,4,-0.15472,0.13528,0.29000,-0.02497,0.4474,1,0.189,3.509,-17.463,3.509,-13.954,-18.381,-0.02854,-0.03181,30.084,26.593,0.00131,0.00136
0,149,0.4470,-0.00014,-0.00018,-0.00015,-0.00021,-0.008,-0.010,5.3856,4.0737,9.4592,0.5693,-0.14502,0.14503,8,4,-0.15472,0.13528,0.29000,-0.02983,0.4307,1,5.723,5.116,-17.577,5.116,-12.462,-18.544,-0.02856,-0.03181,30.321,26.752,0.00125,0.00130
0,150,0.4500,-0.00014,-0.00017,-0.00015,-0.00020,-0.007,-0.010,5.3679,4.4362,9.8041,0.5475,-0.14502,0.14503,8,4,-0.15472,0.13528,0.29000,-0.02350,0.4525,1,-1.681,2.824,-17.691,2.824,-14.867,-18.700,-0.02858,-0.03181,30.556,26.910,0.00147,0.00155
0,151,0.4530,-0.00013,-0.00017,-0.00014,-0.00019,-0.007,-0.009,5.3529,4.1290,9.4819,0.5645,-0.14502,0.14503,8,4,-0.15472,0.13528,0.29000,-0.02843,0.4355,1,3.436,3.061,-17.803,3.061,-14.743,-18.861,-0.02861,-0.03181,30.788,27.055,0.00220,0.00236
0,152,0.4560,-0.00014,-0.00017,-0.00015,-0.00020,-0.006,-0.009,5.4678,3.8688,9.3366,0.5856,-0.14502,0.14503,8,4,-0.15472,0.13528,0.29000,-0.03455,0.4144,1,9.639,5.353,-17.915,5.353,-12.563,-19.034,-0.02864,-0.03181,31.024,27.199,0.00177,0.00185
0,153,0.4590,-0.00014,-0.00017,-0.00015,-0.00019,-0.006,-0.009,5.5207,4.2699,9.7907,0.5639,-0.14502,0.14503,8,4,-0.15472,0.13528,0.29000,-0.02824,0.4361,1,2.642,3.061,-18.028,3.061,-14.967,-19.198,-0.02867,-0.03181,31.256,27.344,0.00161,0.00165
0,154,0.4620,-0.00014,-0.00017,-0.00015,-0.00020,-0.006,-0.009,5.5484,3.9602,9.5086,0.5835,-0.14502,0.14503,8,4,-0.15472,0.13528,0.29000,-0.03394,0.4165,1,9.602,5.353,-18.138,5.353,-12.786,-19.363,-0.02869,-0.03181,31.490,27.488,0.00128,0.00129
0,155,0.4650,-0.00014,-0.00017,-0.00015,-0.00019,-0.007,-0.009,5.5125,4.3430,9.8555,0.5593,-0.14502,0.14503,8,4,-0.15472,0.13528,0.29000,-0.02693,0.4407,1,2.229,3.061,-18.248,3.061,-15.187,-19.520,-0.02871,-0.03181,31.720,27.633,0.00131,0.00135
0,156,0.4680,-0.00014,-0.00018,-0.00015,-0.00020,-0.007,-0.010,5.4803,4.0251,9.5054,0.5765,-0.14502,0.14503,8,4,-0.15472,0.13528,0.29000,-0.03192,0.4235,1,8.265,5.353,-18.358,5.353,-13.005,-19.680,-0.02873,-0.03181,31.952,27.778,0.00122,0.00128
0,157,0.4710,-0.00013,-0.00017,-0.00014,-0.00019,-0.007,-0.010,5.4592,4.4202,9.8794,0.5526,-0.14502,0.14503,8,4,-0.15472,0.13528,0.29000,-0.02497,0.4474,1,0.488,3.061,-18.467,3.061,-15.406,-19.833,-0.02874,-0.03181,32.181,27.922,0.00144,0.00153
0,158,0.4740,-0.00014,-0.00017,-0.00015,-0.00020,-0.007,-0.010,5.3970,4.0977,9.4946,0.5684,-0.14502,0.14503,8,4,-0.15472,0.13528,0.29000,-0.02956,0.4316,1,5.500,4.841,-18.575,4.841,-13.733,-19.992,-0.02876,-0.03181,32.412,28.067,0.00139,0.00146
0,159,0.4770,-0.00013,-0.00017,-0.00014,-0.00019,-0.007,-0.010,5.3740,4.4453,9.8193,0.5473,-0.14502,0.14503,8,4,-0.15472,0.13528,0.29000,-0.02343,0.4527,1,-1.808,2.550,-18.682,2.549,-16.132,-20.144,-0.02878,-0.03181,32.640,28.211,0.00163,0.00172
0,160,0.4800,-0.00013,-0.00016,-0.00014,-0.00019,-0.007,-0.010,5.3796,4.1387,9.5183,0.5652,-0.14502,0.14503,8,4,-0.15472,0.13528,0.29000,-0.02862,0.4348,1,3.531,3.097,-18.789,3.097,-15.693,-20.300,-0.02880,-0.03181,32.867,28.356,0.00225,0.00237
0,161,0.4830,-0.00014,-0.00017,-0.00015,-0.00019,-0.006,-0.009,5.5253,3.9821,9.5074,0.5812,-0.14501,0.14503,8,4,-0.15472,0.13528,0.29000,-0.03326,0.4188,1,8.068,5.389,-18.894,5.389,-13.505,-20.464,-0.02882,-0.03181,33.095,28.501,0.00183,0.00188
0,162,0.4860,-0.00013,-0.00017,-0.00014,-0.00019,-0.006,-0.009,5.5195,4.3614,9.8810,0.5586,-0.14502,0.14503,8,4,-0.15472,0.13528,0.29000,-0.02671,0.4414,1,0.746,3.097,-18.999,3.097,-15.902,-20.620,-0.02885,-0.03181,33.320,28.645,0.00163,0.00167
0,163,0.4890,-0.00014,-0.00017,-0.00015,-0.00020,-0.007,-0.010,5.5197,4.0372,9.5569,0.5776,-0.14502,0.14503,8,4,-0.15472,0.13528,0.29000,-0.03221,0.4224,1,7.326,5.389,-19.104,5.389,-13.715,-20.774,-0.02887,-0.03181,33.546,28.790,0.00136,0.00138
0,164,0.4920,-0.00013,-0.00017,-0.00014,-0.00019,-0.007,-0.010,5.5176,4.4275,9.9451,0.5548,-0.14502,0.14503,8,4,-0.15472,0.13528,0.29000,-0.02561,0.4452,1,0.125,3.097,-19.207,3.097,-16.110,-20.921,-0.02889,-0.03181,33.768,28.934,0.00150,0.00156
0,165,0.4950,-0.00014,-0.00017,-0.00015,-0.00020,-0.007,-0.010,5.4572,4.0989,9.5561,0.5711,-0.14502,0.14503,8,4,-0.15472,0.13528,0.29000,-0.03033,0.4289,1,5.523,4.803,-19.309,4.803,-14.505,-21.072,-0.02891,-0.03181,33.992,29.079,0.00136,0.00142
0,166,0.4980,-0.00013,-0.00017,-0.00014,-0.00019,-0.007,-0.010,5.4249,4.4816,9.9065,0.5476,-0.14502,0.14503,8,4,-0.15472,0.13528,0.29000,-0.02353,0.4524,1,-2.319,2.511,-19.410,2.511,-16.899,-21.215,-0.02893,-0.03181,34.212,29.224,0.00158,0.00165
0,167,0.5010,-0.00013,-0.00016,-0.00014,-0.00018,-0.006,-0.009,5.4207,4.1700,9.5907,0.5652,-0.14501,0.14503,8,4,-0.15472,0.13528,0.29000,-0.02863,0.4348,1,3.062,2.654,-19.511,2.654,-16.857,-21.362,-0.02895,-0.03181,34.430,29.360,0.00240,0.00256
0,168,0.5040,-0.00014,-0.00017,-0.00014,-0.00019,-0.006,-0.009,5.5358,3.9032,9.4390,0.5865,-0.14501,0.14503,8,4,-0.15472,0.13528,0.29000,-0.03480,0.4135,1,9.333,4.946,-19.610,4.945,-14.664,-21.522,-0.02897,-0.03181,34.649,29.482,0.00197,0.00205
0,169,0.5070,-0.00013,-0.00016,-0.00014,-0.00018,-0.006,-0.009,5.5929,4.2970,9.8899,0.5655,-0.14501,0.14503,8,4,-0.15472,0.13528,0.29000,-0.02872,0.4345,1,2.617,2.654,-19.709,2.654,-17.055,-21.671,-0.02900,-0.03181,34.864,29.603,0.00179,0.00183
0,170,0.5100,-0.00014,-0.00017,-0.00015,-0.00019,-0.006,-0.009,5.6427,3.9850,9.6277,0.5861,-0.14501,0.14503,8,4,-0.15472,0.13528,0.29000,-0.03468,0.4139,1,9.939,4.946,-19.807,4.945,-14.862,-21.821,-0.02902,-0.03181,35.079,29.724,0.00145,0.00145
0,171,0.5130,-0.00013,-0.00016,-0.00014,-0.00019,-0.006,-0.009,5.6595,4.3756,10.0352,0.5640,-0.14501,0.14503,8,4,-0.15472,0.13528,0.29000,-0.02827,0.4360,1,3.316,2.854,-19.902,2.854,-17.048,-21.962,-0.02903,-0.03181,35.290,29.845,0.00152,0.00157
0,172,0.5160,-0.00014,-0.00017,-0.00014,-0.00019,-0.006,-0.010,5.6007,4.0415,9.6422,0.5809,-0.14502,0.14503,8,4,-0.15472,0.13528,0.29000,-0.03317,0.4191,1,9.372,5.146,-19.998,5.146,-14.852,-22.108,-0.02904,-0.03181,35.502,29.966,0.00135,0.00140
0,173,0.5190,-0.00013,-0.00016,-0.00014,-0.00019,-0.006,-0.010,5.5685,4.4203,9.9888,0.5575,-0.14502,0.14503,8,4,-0.15472,0.13528,0.29000,-0.02639,0.4425,1,2.030,2.854,-20.093,2.854,-17.239,-22.244,-0.02904,-0.03181,35.710,30.088,0.00155,0.00162
0,174,0.5220,-0.00014,-0.00017,-0.00014,-0.00019,-0.007,-0.010,5.5684,4.1079,9.6763,0.5755,-0.14502,0.14503,8,4,-0.15472,0.13528,0.29000,-0.03160,0.4245,1,8.002,5.146,-20.186,5.146,-15.040,-22.384,-0.02905,-0.03181,35.919,30.209,0.00155,0.00162
0,175,0.5250,-0.00013,-0.00016,-0.00014,-0.00019,-0.007,-0.010,5.5007,4.4780,9.9787,0.5512,-0.14502,0.14503,8,4,-0.15472,0.13528,0.29000,-0.02458,0.4488,1,-0.077,2.854,-20.277,2.854,-17.423,-22.519,-0.02905,-0.03181,36.125,30.330,0.00167,0.00176
0,176,0.5280,-0.00014,-0.00017,-0.00014,-0.00019,-0.007,-0.010,5.4836,4.1518,9.6354,0.5691,-0.14502,0.14503,8,4,-0.15472,0.13528,0.29000,-0.02976,0.4309,1,5.585,4.764,-20.369,4.764,-15.605,-22.655,-0.02906,-0.03181,36.331,30.451,0.00163,0.00168
0,177,0.5310,-0.00013,-0.00016,-0.00014,-0.00019,-0.007,-0.010,5.4936,4.5418,10.0355,0.5474,-0.14502,0.14503,8,4,-0.15472,0.13528,0.29000,-0.02347,0.4526,1,-1.904,2.473,-20.459,2.472,-17.987,-22.784,-0.02907,-0.03181,36.535,30.572,0.00185,0.00194
0,178,0.5340,-0.00013,-0.00016,-0.00013,-0.00018,-0.006,-0.009,5.4366,4.2042,9.6408,0.5639,-0.14502,0.14503,8,4,-0.15472,0.13528,0.29000,-0.02825,0.4361,1,3.063,2.183,-20.547,2.183,-18.364,-22.919,-0.02908,-0.03181,36.735,30.694,0.00254,0.00267
0,179,0.5370,-0.00014,-0.00016,-0.00014,-0.00019,-0.006,-0.009,5.6057,3.9414,9.5472,0.5872,-0.14501,0.14503,8,4,-0.15472,0.13528,0.29000,-0.03500,0.4128,1,10.069,4.475,-20.634,4.475,-16.160,-23.062,-0.02910,-0.03181,36.936,30.815,0.00217,0.00221
0,180,0.5400,-0.00013,-0.00016,-0.00014,-0.00018,-0.006,-0.009,5.7003,4.3426,10.0429,0.5676,-0.14501,0.14503,8,4,-0.15472,0.13528,0.29000,-0.02932,0.4324,1,3.838,3.006,-20.722,3.005,-17.716,-23.196,-0.02912,-0.03181,37.132,30.936,0.00184,0.00185
0,181,0.5430,-0.00014,-0.00017,-0.00014,-0.00019,-0.006,-0.009,5.7386,4.1005,9.8391,0.5832,-0.14501,0.14503,8,4,-0.15472,0.13528,0.29000,-0.03386,0.4168,1,9.660,5.297,-20.805,5.297,-15.508,-23.328,-0.02912,-0.03181,37.328,31.057,0.00148,0.00148
0,182,0.5460,-0.00013,-0.00016,-0.00014,-0.00019,-0.006,-0.009,5.6542,4.4498,10.1040,0.5596,-0.14502,0.14503,8,4,-0.15472,0.13528,0.29000,-0.02700,0.4404,1,2.600,3.006,-20.889,3.005,-17.883,-23.452,-0.02913,-0.03181,37.520,31.178,0.00150,0.00154
0,183,0.5490,-0.00014,-0.00017,-0.00014,-0.00019,-0.007,-0.010,5.6247,4.1162,9.7409,0.5774,-0.14502,0.14503,8,4,-0.15472,0.13528,0.29000,-0.03217,0.4226,1,8.924,5.297,-20.972,5.297,-15.675,-23.576,-0.02913,-0.03181,37.710,31.300,0.00149,0.00154
0,184,0.5520,-0.00013,-0.00016,-0.00013,-0.00018,-0.006,-0.009,5.6246,4.5047,10.1293,0.5553,-0.14502,0.14503,8,4,-0.15472,0.13528,0.29000,-0.02575,0.4447,1,1.759,3.006,-21.047,3.005,-18.042,-23.693,-0.02912,-0.03181,37.901,31.373,0.00182,0.00197
0,185,0.5550,-0.00013,-0.00016,-0.00013,-0.00018,-0.006,-0.009,5.4124,4.1174,9.5298,0.5679,-0.14502,0.14503,8,4,-0.15472,0.13528,0.29000,-0.02942,0.4321,1,5.831,3.715,-21.118,3.715,-17.403,-23.822,-0.02912,-0.03181,38.090,31.423,0.00180,0.00193
0,186,0.5580,-0.00013,-0.00016,-0.00013,-0.00018,-0.006,-0.009,5.4283,4.2397,9.6681,0.5615,-0.14502,0.14503,8,4,-0.15472,0.13528,0.29000,-0.02755,0.4385,1,3.557,2.755,-21.188,2.754,-18.434,-23.944,-0.02912,-0.03181,38.275,31.473,0.00217,0.00226
0,187,0.5610,-0.00013,-0.00015,-0.00013,-0.00018,-0.005,-0.009,5.5889,4.0026,9.5914,0.5827,-0.14501,0.14503,8,4,-0.15472,0.13528,0.29000,-0.03370,0.4173,1,10.379,5.046,-21.253,5.046,-16.206,-24.073,-0.02912,-0.03181,38.465,31.523,0.00210,0.00223
0,188,0.5640,-0.00012,-0.00015,-0.00013,-0.00017,-0.005,-0.009,5.3633,4.3020,9.6653,0.5549,-0.14502,0.14502,8,4,-0.15472,0.13528,0.29000,-0.02564,0.4451,1,1.526,2.755,-21.305,2.754,-18.550,-24.204,-0.02912,-0.03181,38.650,31.572,0.00160,0.00167
0,189,0.5670,-0.00013,-0.00016,-0.00013,-0.00018,-0.006,-0.009,5.3646,3.9489,9.3136,0.5760,-0.14502,0.14503,8,4,-0.15472,0.13528,0.29000,-0.03176,0.4240,1,9.077,5.046,-21.357,5.046,-16.310,-24.328,-0.02911,-0.03181,38.832,31.622,0.00154,0.00154
0,190,0.5700,-0.00012,-0.00015,-0.00013,-0.00017,-0.006,-0.009,5.5129,4.3747,9.8876,0.5576,-0.14502,0.14502,8,4,-0.15472,0.13528,0.29000,-0.02641,0.4424,1,3.301,2.755,-21.409,2.754,-18.654,-24.446,-0.02910,-0.03181,39.013,31.672,0.00189,0.00195
0,191,0.5730,-0.00013,-0.00016,-0.00013,-0.00018,-0.006,-0.009,5.4095,4.0165,9.4260,0.5739,-0.14502,0.14503,8,4,-0.15472,0.13528,0.29000,-0.03115,0.4261,1,8.786,5.046,-21.446,5.046,-16.400,-24.577,-0.02909,-0.03181,39.193,31.722,0.00154,0.00157
0,192,0.5760,-0.00013,-0.00016,-0.00013,-0.00018,-0.006,-0.010,5.4666,4.3953,9.8618,0.5543,-0.14502,0.14503,8,4,-0.15472,0.13528,0.29000,-0.02547,0.4457,1,2.537,2.755,-21.484,2.754,-18.729,-24.695,-0.02908,-0.03181,39.366,31.772,0.00181,0.00183
0,193,0.5790,-0.00014,-0.00017,-0.00014,-0.00019,-0.007,-0.010,5.6494,4.1228,9.7722,0.5781,-0.14502,0.14503,8,4,-0.15472,0.13528,0.29000,-0.03237,0.4219,1,10.253,5.046,-21.521,5.046,-16.475,-24.817,-0.02907,-0.03181,39.538,31.821,0.00186,0.00184
0,194,0.5820,-0.00014,-0.00017,-0.00014,-0.00019,-0.006,-0.010,5.8125,4.5467,10.3593,0.5611,-0.14502,0.14503,8,4,-0.15472,0.13528,0.29000,-0.02744,0.4389,1,4.476,2.755,-21.551,2.754,-18.797,-24.932,-0.02906,-0.03181,39.709,31.871,0.00212,0.00216
0,195,0.5850,-0.00014,-0.00018,-0.00015,-0.00020,-0.007,-0.010,5.7927,4.1937,9.9865,0.5801,-0.14502,0.14503,8,4,-0.15472,0.13528,0.29000,-0.03294,0.4199,1,10.580,4.394,-21.578,4.394,-17.184,-25.054,-0.02905,-0.03181,39.878,31.921,0.00181,0.00183
0,196,0.5880,-0.00014,-0.00018,-0.00015,-0.00020,-0.007,-0.010,5.8574,4.5635,10.4209,0.5621,-0.14502,0.14503,8,4,-0.15472,0.13528,0.29000,-0.02772,0.4379,1,4.697,2.304,-21.605,2.304,-19.301,-25.160,-0.02904,-0.03181,40.043,31.971,0.00201,0.00202
0,197,0.5910,-0.00015,-0.00018,-0.00015,-0.00020,-0.007,-0.010,5.9949,4.2613,10.2562,0.5845,-0.14502,0.14504,8,4,-0.15472,0.13528,0.29000,-0.03423,0.4155,1,12.012,4.213,-21.629,4.213,-17.416,-25.268,-0.02903,-0.03181,40.207,32.021,0.00206,0.00207
0,198,0.5940,-0.00015,-0.00018,-0.00015,-0.00020,-0.006,-0.010,6.0282,4.5848,10.6130,0.5680,-0.14502,0.14504,8,4,-0.15472,0.13528,0.29000,-0.02944,0.4320,1,6.540,2.115,-21.649,2.114,-19.535,-25.369,-0.02903,-0.03181,40.367,32.070,0.00212,0.00215
0,199,0.5970,-0.00015,-0.00018,-0.00015,-0.00020,-0.006,-0.010,6.1197,4.2581,10.3778,0.5897,-0.14501,0.14504,8,4,-0.15472,0.13528,0.29000,-0.03573,0.4103,1,13.809,3.545,-21.669,3.545,-18.125,-25.469,-0.02902,-0.03181,40.524,32.120,0.00233,0.00233
0,200,0.6000,-0.00015,-0.00018,-0.00015,-0.00020,-0.006,-0.009,6.2832,4.4487,10.7319,0.5855,-0.14501,0.14504,8,4,-0.15472,0.13528,0.29000,-0.03451,0.4145,1,12.618,3.049,-21.689,3.049,-18.640,-25.564,-0.02901,-0.03181,40.678,32.170,0.00226,0.00228
0,201,0.6030,-0.00016,-0.00018,-0.00016,-0.00020,-0.005,-0.009,6.3859,4.3100,10.6959,0.5970,-0.14500,0.14504,8,4,-0.15472,0.13528,0.29000,-0.03786,0.4030,1,17.083,2.927,-21.707,2.927,-18.780,-25.655,-0.02899,-0.03181,40.826,32.191,0.00240,0.00240
0,202,0.6060,-0.00016,-0.00018,-0.00016,-0.00020,-0.005,-0.009,6.5168,4.3071,10.8239,0.6021,-0.14500,0.14504,8,4,-0.15472,0.13528,0.29000,-0.03932,0.3979,1,19.680,2.870,-21.724,2.870,-18.854,-25.744,-0.02896,-0.03181,40.968,32.212,0.00226,0.00226
0,203,0.6090,-0.00016,-0.00018,-0.00016,-0.00020,-0.005,-0.008,6.6121,4.3097,10.9217,0.6054,-0.14500,0.14504,8,4,-0.15472,0.13528,0.29000,-0.04029,0.3946,1,22.240,2.650,-21.742,2.650,-19.092,-25.827,-0.02893,-0.03181,41.105,32.233,0.00213,0.00214
0,204,0.6120,-0.00016,-0.00018,-0.00016,-0.00020,-0.004,-0.008,6.6827,4.2553,10.9380,0.6110,-0.14500,0.14504,8,4,-0.15472,0.13528,0.29000,-0.04190,0.3890,1,25.934,2.393,-21.760,2.393,-19.367,-25.906,-0.02887,-0.03181,41.235,32.254,0.00206,0.00206
0,205,0.6150,-0.00016,-0.00018,-0.00016,-0.00020,-0.004,-0.007,6.8148,4.2066,11.0214,0.6183,-0.14500,0.14504,8,4,-0.15472,0.13528,0.29000,-0.04403,0.3817,1,30.521,2.011,-21.779,2.011,-19.768,-25.981,-0.02880,-0.03181,41.358,32.275,0.00220,0.00224
0,206,0.6180,-0.00016,-0.00018,-0.00016,-0.00020,-0.003,-0.007,6.9029,4.1203,11.0232,0.6262,-0.14500,0.14504,8,4,-0.15472,0.13528,0.29000,-0.04632,0.3738,1,35.583,1.399,-21.797,1.399,-20.398,-26.056,-0.02870,-0.03181,41.475,32.296,0.00232,0.00240
0,207,0.6210,-0.00016,-0.00018,-0.00016,-0.00019,-0.002,-0.006,6.9817,3.9584,10.9401,0.6382,-0.14500,0.14504,8,4,-0.15472,0.13528,0.29000,-0.04979,0.3618,1,42.466,0.720,-21.818,0.719,-21.098,-26.134,-0.02858,-0.03181,41.583,32.317,0.00235,0.00239
0,208,0.6240,-0.00017,-0.00018,-0.00017,-0.00020,-0.002,-0.006,7.2332,3.8236,11.0568,0.6542,-0.14500,0.14504,8,4,-0.15472,0.13528,0.29000,-0.05443,0.3458,1,51.296,3.011,-21.842,3.011,-18.830,-26.211,-0.02843,-0.03181,41.684,32.338,0.00184,0.00183
0,209,0.6270,-0.00017,-0.00018,-0.00017,-0.00020,-0.002,-0.006,7.2307,4.1803,11.4110,0.6337,-0.14500,0.14504,8,4,-0.15472,0.13528,0.29000,-0.04848,0.3663,1,48.970,4.616,-21.865,4.616,-17.250,-26.278,-0.02824,-0.03181,41.777,32.359,0.00097,0.00097
0,210,0.6300,-0.00017,-0.00019,-0.00017,-0.00021,-0.004,-0.008,6.9426,4.4360,11.3786,0.6101,-0.14500,0.14504,8,4,-0.15472,0.13528,0.29000,-0.04166,0.3899,1,46.239,3.804,-21.889,3.804,-18.085,-26.325,-0.02801,-0.03181,41.858,32.380,0.00144,0.00160
0,211,0.6330,-0.00017,-0.00019,-0.00017,-0.00021,-0.005,-0.009,6.8287,4.6353,11.4640,0.5957,-0.14501,0.14504,8,4,-0.15472,0.13528,0.29000,-0.03746,0.4043,1,45.744,4.099,-21.923,4.099,-17.824,-26.355,-0.02775,-0.03181,41.932,32.401,0.00136,0.00144
0,212,0.6360,-0.00016,-0.00018,-0.00016,-0.00020,-0.005,-0.009,6.5927,4.7040,11.2967,0.5836,-0.14501,0.14504,8,4,-0.15472,0.13528,0.29000,-0.03396,0.4164,1,44.642,1.807,-21.956,1.807,-20.149,-26.390,-0.02746,-0.03181,42.001,32.422,0.00182,0.00201
0,213,0.6390,-0.00016,-0.00018,-0.00016,-0.00020,-0.005,-0.009,6.4191,4.3564,10.7755,0.5957,-0.14501,0.14504,8,4,-0.15472,0.13528,0.29000,-0.03748,0.4043,1,50.586,4.099,-21.989,4.099,-17.890,-26.440,-0.02717,-0.03181,42.066,32.443,0.00207,0.00232
0,214,0.6420,-0.00016,-0.00019,-0.00016,-0.00021,-0.006,-0.010,6.2409,4.6647,10.9055,0.5723,-0.14502,0.14504,8,4,-0.15472,0.13528,0.29000,-0.03068,0.4277,1,44.864,6.390,-22.027,6.390,-15.637,-26.487,-0.02686,-0.03181,42.124,32.464,0.00145,0.00151
0,215,0.6450,-0.00016,-0.00019,-0.00016,-0.00021,-0.007,-0.011,6.0788,4.9690,11.0478,0.5502,-0.14503,0.14504,8,4,-0.15472,0.13528,0.29000,-0.02429,0.4498,1,39.974,8.682,-22.068,8.682,-13.386,-26.513,-0.02654,-0.03181,42.176,32.485,0.00140,0.00142
0,216,0.6480,-0.00015,-0.00019,-0.00015,-0.00022,-0.008,-0.013,5.7203,5.2364,10.9567,0.5221,-0.14505,0.14504,8,4,-0.15472,0.13528,0.29000,-0.01612,0.4779,1,32.442,10.974,-22.109,10.974,-11.135,-26.529,-0.02622,-0.03181,42.222,32.506,0.00147,0.00149
0,217,0.6510,-0.00014,-0.00020,-0.00015,-0.00022,-0.010,-0.014,5.2385,5.4686,10.7072,0.4893,-0.14507,0.14504,8,4,-0.15472,0.13528,0.29000,-0.00660,0.5107,1,22.360,13.266,-22.151,13.266,-8.886,-26.535,-0.02590,-0.03181,42.264,32.535,0.00166,0.00171
0,218,0.6540,-0.00013,-0.00020,-0.00014,-0.00022,-0.013,-0.017,4.8326,5.7296,10.5622,0.4575,-0.14509,0.14503,8,4,-0.15472,0.13528,0.29000,0.00260,0.5425,1,11.195,10.974,-22.196,10.974,-11.222,-26.529,-0.02559,-0.03181,42.317,32.578,0.00176,0.00172
0,219,0.6570,-0.00012,-0.00019,-0.00012,-0.00021,-0.014,-0.018,4.3167,5.9452,10.2619,0.4206,-0.14510,0.14503,8,4,-0.15472,0.13528,0.29000,0.01329,0.5794,1,-3.293,8.682,-22.240,8.682,-13.558,-26.505,-0.02532,-0.03181,42.373,32.622,0.00215,0.00238
0,220,0.6600,-0.00011,-0.00018,-0.00012,-0.00021,-0.013,-0.017,3.9782,5.5367,9.5149,0.4181,-0.14509,0.14503,8,4,-0.15472,0.13528,0.29000,0.01403,0.5819,1,-8.714,6.390,-22.285,6.390,-15.894,-26.494,-0.02509,-0.03181,42.432,32.666,0.00393,0.00429
0,221,0.6630,-0.00011,-0.00017,-0.00012,-0.00019,-0.011,-0.015,4.0625,5.2638,9.3263,0.4356,-0.14507,0.14503,8,4,-0.15472,0.13528,0.29000,0.00896,0.5644,1,-8.856,4.099,-22.332,4.099,-18.234,-26.505,-0.02493,-0.03181,42.491,32.710,0.00541,0.00575
0,222,0.6660,-0.00011,-0.00016,-0.00012,-0.00018,-0.009,-0.012,4.2494,4.9925,9.2419,0.4598,-0.14505,0.14503,8,4,-0.15472,0.13528,0.29000,0.00194,0.5402,1,-6.248,1.807,-22.380,1.807,-20.573,-26.534,-0.02482,-0.03181,42.548,32.754,0.00575,0.00598
0,223,0.6690,-0.00011,-0.00015,-0.00012,-0.00017,-0.007,-0.010,4.4722,4.6936,9.1659,0.4879,-0.14503,0.14503,8,4,-0.15472,0.13528,0.29000,-0.00622,0.5121,1,-0.708,-0.485,-22.427,-0.485,-22.912,-26.572,-0.02475,-0.03181,42.600,32.797,0.00535,0.00544
0,224,0.6720,-0.00012,-0.00014,-0.00012,-0.00016,-0.005,-0.008,4.7156,4.3891,9.1047,0.5179,-0.14501,0.14502,8,4,-0.15472,0.13528,0.29000,-0.01492,0.4821,1,7.286,1.807,-22.476,1.807,-20.670,-26.614,-0.02470,-0.03181,42.643,32.841,0.00458,0.00454
0,225,0.6750,-0.00012,-0.00014,-0.00013,-0.00016,-0.004,-0.007,5.0221,4.1087,9.1308,0.5500,-0.14501,0.14502,8,4,-0.15472,0.13528,0.29000,-0.02422,0.4500,1,17.599,4.099,-22.526,4.099,-18.428,-26.658,-0.02465,-0.03181,42.674,32.885,0.00348,0.00331
0,226,0.6780,-0.00013,-0.00015,-0.00013,-0.00017,-0.004,-0.008,5.1492,4.3279,9.4771,0.5433,-0.14502,0.14502,8,4,-0.15472,0.13528,0.29000,-0.02228,0.4567,1,16.631,6.390,-22.576,6.390,-16.186,-26.701,-0.02459,-0.03181,42.693,32.929,0.00159,0.00148
0,227,0.6810,-0.00013,-0.00016,-0.00013,-0.00018,-0.006,-0.010,4.9980,4.6234,9.6213,0.5195,-0.14503,0.14502,8,4,-0.15472,0.13528,0.29000,-0.01536,0.4805,1,11.047,8.682,-22.627,8.682,-13.945,-26.726,-0.02451,-0.03181,42.710,32.973,0.00159,0.00175
0,228,0.6840,-0.00012,-0.00016,-0.00012,-0.00018,-0.008,-0.012,4.7079,4.8894,9.5972,0.4905,-0.14505,0.14502,8,4,-0.15472,0.13528,0.29000,-0.00698,0.5095,1,3.266,6.390,-22.679,6.390,-16.289,-26.729,-0.02442,-0.03181,42.724,33.016,0.00176,0.00187
0,229,0.6870,-0.00011,-0.00015,-0.00011,-0.00017,-0.009,-0.012,4.4256,4.8130,9.2386,0.4790,-0.14506,0.14502,8,4,-0.15472,0.13528,0.29000,-0.00364,0.5210,1,-0.834,4.099,-22.731,4.099,-18.633,-26.739,-0.02433,-0.03181,42.737,33.060,0.00188,0.00207
0,230,0.6900,-0.00011,-0.00015,-0.00011,-0.00017,-0.008,-0.011,4.3662,4.5272,8.8934,0.4909,-0.14505,0.14502,8,4,-0.15472,0.13528,0.29000,-0.00709,0.5091,1,0.837,1.807,-22.783,1.807,-20.977,-26.772,-0.02426,-0.03181,42.752,33.104,0.00319,0.00348
0,231,0.6930,-0.00011,-0.00014,-0.00011,-0.00017,-0.007,-0.010,4.5560,4.2996,8.8556,0.5145,-0.14503,0.14502,8,4,-0.15472,0.13528,0.29000,-0.01392,0.4855,1,5.717,4.099,-22.837,4.099,-18.739,-26.830,-0.02422,-0.03181,42.768,33.148,0.00376,0.00398
0,232,0.6960,-0.00011,-0.00015,-0.00012,-0.00017,-0.006,-0.010,4.7290,4.3322,9.0612,0.5219,-0.14503,0.14502,8,4,-0.15472,0.13528,0.29000,-0.01607,0.4781,1,6.106,4.862,-22.891,4.862,-18.029,-26.896,-0.02420,-0.03181,42.785,33.192,0.00292,0.00295
0,233,0.6990,-0.00011,-0.00014,-0.00012,-0.00016,-0.006,-0.009,4.7359,4.5434,9.2793,0.5104,-0.14503,0.14502,8,4,-0.15472,0.13528,0.29000,-0.01273,0.4896,1,1.527,2.570,-22.945,2.570,-20.374,-26.952,-0.02420,-0.03181,42.799,33.235,0.00254,0.00252
0,234,0.7020,-0.00012,-0.00015,-0.00012,-0.00017,-0.006,-0.010,4.7686,4.2086,8.9772,0.5312,-0.14503,0.14502,8,4,-0.15472,0.13528,0.29000,-0.01876,0.4688,1,7.875,4.862,-22.999,4.862,-18.137,-27.012,-0.02419,-0.03181,42.813,33.282,0.00207,0.00202
0,235,0.7050,-0.00011,-0.00015,-0.00012,-0.00016,-0.006,-0.010,4.7908,4.5500,9.3408,0.5129,-0.14503,0.14502,8,4,-0.15472,0.13528,0.29000,-0.01346,0.4871,1,1.414,2.570,-23.054,2.570,-20.484,-27.064,-0.02419,-0.03181,42.826,33.329,0.00207,0.00209
0,236,0.7080,-0.00012,-0.00015,-0.00012,-0.00017,-0.007,-0.010,4.7923,4.2276,9.0198,0.5313,-0.14503,0.14502,8,4,-0.15472,0.13528,0.29000,-0.01880,0.4687,1,6.843,4.862,-23.109,4.862,-18.247,-27.125,-0.02419,-0.03181,42.840,33.376,0.00196,0.00199
0,237,0.7110,-0.00011,-0.00015,-0.00012,-0.00017,-0.007,-0.010,4.7665,4.5668,9.3333,0.5107,-0.14504,0.14502,8,4,-0.15472,0.13528,0.29000,-0.01282,0.4893,1,-0.761,2.570,-23.164,2.570,-20.594,-27.182,-0.02421,-0.03181,42.854,33.424,0.00208,0.00216
0,238,0.7140,-0.00011,-0.00015,-0.00012,-0.00017,-0.007,-0.010,4.7833,4.2490,9.0322,0.5296,-0.14503,0.14502,8,4,-0.15472,0.13528,0.29000,-0.01830,0.4704,1,4.407,3.544,-23.220,3.544,-19.676,-27.246,-0.02423,-0.03181,42.870,33.471,0.00259,0.00268
0,239,0.7170,-0.00012,-0.00015,-0.00012,-0.00017,-0.007,-0.010,4.8934,4.2356,9.1290,0.5360,-0.14503,0.14502,8,4,-0.15472,0.13528,0.29000,-0.02017,0.4640,1,5.204,4.191,-23.276,4.191,-19.085,-27.319,-0.02426,-0.03181,42.888,33.519,0.00229,0.00234
0,240,0.7200,-0.00011,-0.00015,-0.00012,-0.00017,-0.006,-0.010,4.8925,4.4323,9.3249,0.5247,-0.14503,0.14502,8,4,-0.15472,0.13528,0.29000,-0.01687,0.4753,1,0.615,1.899,-23.332,1.899,-21.433,-27.387,-0.02430,-0.03181,42.907,33.566,0.00235,0.00240
0,241,0.7230,-0.00012,-0.00015,-0.00012,-0.00017,-0.006,-0.010,4.9575,4.1203,9.0778,0.5461,-0.14503,0.14502,8,4,-0.15472,0.13528,0.29000,-0.02309,0.4539,1,6.831,4.191,-23.388,4.191,-19.197,-27.462,-0.02435,-0.03181,42.928,33.613,0.00214,0.00216
0,242,0.7260,-0.00012,-0.00015,-0.00012,-0.00017,-0.006,-0.010,4.9732,4.4625,9.4357,0.5271,-0.14503,0.14502,8,4,-0.15472,0.13528,0.29000,-0.01757,0.4729,1,-0.157,1.899,-23.444,1.899,-21.545,-27.531,-0.02440,-0.03181,42.951,33.661,0.00214,0.00218
0,243,0.7290,-0.00012,-0.00015,-0.00012,-0.00017,-0.007,-0.010,4.9872,4.1362,9.1234,0.5466,-0.14503,0.14502,8,4,-0.15472,0.13528,0.29000,-0.02324,0.4534,1,5.567,4.191,-23.500,4.191,-19.309,-27.605,-0.02446,-0.03181,42.975,33.708,0.00201,0.00203
0,244,0.7320,-0.00012,-0.00015,-0.00012,-0.00017,-0.007,-0.010,4.9861,4.4752,9.4613,0.5270,-0.14503,0.14502,8,4,-0.15472,0.13528,0.29000,-0.01755,0.4730,1,-1.672,1.899,-23.556,1.899,-21.657,-27.674,-0.02452,-0.03181,43.002,33.756,0.00211,0.00216
0,245,0.7350,-0.00012,-0.00015,-0.00012,-0.00017,-0.006,-0.010,5.0034,4.1515,9.1549,0.5465,-0.14503,0.14502,8,4,-0.15472,0.13528,0.29000,-0.02321,0.4535,1,3.872,3.136,-23.612,3.136,-20.476,-27.748,-0.02459,-0.03181,43.031,33.803,0.00245,0.00251
0,246,0.7380,-0.00012,-0.00015,-0.00012,-0.00017,-0.006,-0.009,5.1005,4.2065,9.3070,0.5480,-0.14502,0.14502,8,4,-0.15472,0.13528,0.29000,-0.02365,0.4520,1,3.323,2.693,-23.667,2.692,-20.975,-27.827,-0.02467,-0.03181,43.063,33.850,0.00251,0.00258
0,247,0.7410,-0.00013,-0.00016,-0.00013,-0.00017,-0.006,-0.009,5.1814,4.0979,9.2793,0.5584,-0.14502,0.14502,8,4,-0.15472,0.13528,0.29000,-0.02665,0.4416,1,6.018,4.879,-23.723,4.879,-18.844,-27.910,-0.02475,-0.03181,43.096,33.898,0.00195,0.00196
0,248,0.7440,-0.00012,-0.00015,-0.00012,-0.00017,-0.006,-0.009,5.1487,4.4435,9.5923,0.5368,-0.14503,0.14502,8,4,-0.15472,0.13528,0.29000,-0.02038,0.4632,1,-1.373,2.587,-23.778,2.587,-21.191,-27.980,-0.02483,-0.03181,43.131,33.945,0.00192,0.00195
0,249,0.7470,-0.00013,-0.00016,-0.00013,-0.00018,-0.007,-0.010,5.1477,4.1083,9.2559,0.5561,-0.14503,0.14502,8,4,-0.15472,0.13528,0.29000,-0.02600,0.4439,1,4.578,3.713,-23.834,3.713,-20.120,-28.055,-0.02492,-0.03181,43.169,33.993,0.00194,0.00197
0,250,0.7500,-0.00012,-0.00015,-0.00012,-0.00017,-0.006,-0.010,5.1604,4.3994,9.5598,0.5398,-0.14503,0.14502,8,4,-0.15472,0.13528,0.29000,-0.02126,0.4602,1,-1.456,1.422,-23.889,1.422,-22.468,-28.125,-0.02500,-0.03181,43.208,34.040,0.00216,0.00223
0,251,0.7530,-0.00013,-0.00016,-0.00013,-0.00018,-0.006,-0.010,5.1815,4.0783,9.2597,0.5596,-0.14502,0.14502,8,4,-0.15472,0.13528,0.29000,-0.02699,0.4404,1,4.288,3.479,-23.943,3.479,-20.464,-28.203,-0.02510,-0.03181,43.251,34.081,0.00216,0.00221
0,252,0.7560,-0.00012,-0.00016,-0.00012,-0.00017,-0.006,-0.009,5.2159,4.3545,9.5704,0.5450,-0.14502,0.14502,8,4,-0.15472,0.13528,0.29000,-0.02277,0.4550,1,-1.222,1.187,-23.998,1.187,-22.810,-28.277,-0.02520,-0.03181,43.294,34.122,0.00230,0.00236
0,253,0.7590,-0.00013,-0.00016,-0.00013,-0.00018,-0.006,-0.009,5.2774,4.0403,9.3177,0.5664,-0.14502,0.14503,8,4,-0.15472,0.13528,0.29000,-0.02897,0.4336,1,5.186,3.479,-24.052,3.479,-20.573,-28.356,-0.02530,-0.03181,43.341,34.162,0.00213,0.00215
0,254,0.7620,-0.00013,-0.00016,-0.00013,-0.00017,-0.006,-0.009,5.3077,4.3811,9.6888,0.5478,-0.14502,0.14503,8,4,-0.15472,0.13528,0.29000,-0.02359,0.4522,1,-1.373,1.187,-24.105,1.187,-22.918,-28.428,-0.02540,-0.03181,43.388,34.203,0.00216,0.00221
0,255,0.7650,-0.00013,-0.00016,-0.00013,-0.00018,-0.006,-0.009,5.3182,4.0463,9.3645,0.5679,-0.14502,0.14503,8,4,-0.15472,0.13528,0.29000,-0.02941,0.4321,1,4.870,3.479,-24.158,3.479,-20.679,-28.505,-0.02550,-0.03181,43.438,34.244,0.00199,0.00200
0,256,0.7680,-0.00013,-0.00016,-0.00013,-0.00017,-0.006,-0.009,5.3281,4.3813,9.7094,0.5488,-0.14502,0.14503,8,4,-0.15472,0.13528,0.29000,-0.02386,0.4512,1,-1.755,1.187,-24.211,1.187,-23.024,-28.573,-0.02561,-0.03181,43.488,34.285,0.00208,0.00212
0,257,0.7710,-0.00013,-0.00016,-0.00013,-0.00018,-0.006,-0.009,5.3621,4.0576,9.4197,0.5692,-0.14502,0.14503,8,4,-0.15472,0.13528,0.29000,-0.02980,0.4308,1,4.623,3.479,-24.263,3.479,-20.784,-28.647,-0.02571,-0.03181,43.541,34.326,0.00202,0.00205
0,258,0.7740,-0.00013,-0.00016,-0.00013,-0.00018,-0.006,-0.009,5.3453,4.3869,9.7322,0.5492,-0.14502,0.14503,8,4,-0.15472,0.13528,0.29000,-0.02400,0.4508,1,-2.326,1.187,-24.314,1.187,-23.127,-28.715,-0.02582,-0.03181,43.594,34.366,0.00209,0.00214
0,259,0.7770,-0.00013,-0.00017,-0.00013,-0.00018,-0.006,-0.009,5.3689,4.0573,9.4261,0.5696,-0.14502,0.14503,8,4,-0.15472,0.13528,0.29000,-0.02990,0.4304,1,4.003,3.240,-24.365,3.240,-21.125,-28.787,-0.02592,-0.03181,43.649,34.407,0.00212,0.00214
0,260,0.7800,-0.00013,-0.00016,-0.00013,-0.00018,-0.006,-0.009,5.4171,4.3363,9.7534,0.5554,-0.14502,0.14503,8,4,-0.15472,0.13528,0.29000,-0.02579,0.4446,1,-1.050,0.948,-24.416,0.948,-23.468,-28.855,-0.02603,-0.03181,43.705,34.448,0.00230,0.00237
0,261,0.7830,-0.00014,-0.00017,-0.00014,-0.00018,-0.006,-0.009,5.4373,4.0070,9.4444,0.5757,-0.14502,0.14503,8,4,-0.15472,0.13528,0.29000,-0.03168,0.4243,1,5.323,3.240,-24.464,3.240,-21.224,-28.930,-0.02613,-0.03181,43.763,34.489,0.00208,0.00210
0,262,0.7860,-0.00013,-0.00016,-0.00013,-0.00018,-0.006,-0.009,5.4602,4.3422,9.8024,0.5570,-0.14502,0.14503,8,4,-0.15472,0.13528,0.29000,-0.02626,0.4430,1,-0.929,0.948,-24.513,0.948,-23.565,-28.996,-0.02624,-0.03181,43.820,34.530,0.00212,0.00215
0,263,0.7890,-0.00014,-0.00017,-0.00014,-0.00018,-0.006,-0.009,5.5129,4.0194,9.5323,0.5783,-0.14502,0.14503,8,4,-0.15472,0.13528,0.29000,-0.03244,0.4217,1,6.032,3.240,-24.561,3.240,-21.321,-29.067,-0.02634,-0.03181,43.878,34.570,0.00201,0.00201
0,264,0.7920,-0.00014,-0.00016,-0.00013,-0.00018,-0.006,-0.009,5.5450,4.3633,9.9084,0.5596,-0.14502,0.14503,8,4,-0.15472,0.13528,0.29000,-0.02701,0.4404,1,-0.127,0.948,-24.608,0.948,-23.660,-29.130,-0.02644,-0.03181,43.937,34.611,0.00212,0.00217
0,265,0.7950,-0.00014,-0.00017,-0.00014,-0.00018,-0.006,-0.009,5.5317,4.0207,9.5523,0.5791,-0.14502,0.14503,8,4,-0.15472,0.13528,0.29000,-0.03266,0.4209,1,6.287,3.240,-24.654,3.240,-21.414,-29.199,-0.02654,-0.03181,43.996,34.652,0.00196,0.00198
0,266,0.7980,-0.00014,-0.00017,-0.00014,-0.00018,-0.006,-0.009,5.5398,4.3548,9.8947,0.5599,-0.14502,0.14503,8,4,-0.15472,0.13528,0.29000,-0.02708,0.4401,1,0.034,0.948,-24.699,0.948,-23.751,-29.260,-0.02663,-0.03181,44.056,34.693,0.00208,0.00212
0,267,0.8010,-0.00014,-0.00017,-0.00014,-0.00019,-0.006,-0.009,5.5874,4.0331,9.6206,0.5808,-0.14502,0.14503,8,4,-0.15472,0.13528,0.29000,-0.03315,0.4192,1,6.936,3.240,-24.744,3.240,-21.504,-29.326,-0.02672,-0.03181,44.116,34.729,0.00206,0.00208
0,268,0.8040,-0.00014,-0.00017,-0.00014,-0.00018,-0.006,-0.009,5.5533,4.3575,9.9108,0.5603,-0.14502,0.14503,8,4,-0.15472,0.13528,0.29000,-0.02721,0.4397,1,0.260,0.948,-24.786,0.948,-23.838,-29.386,-0.02681,-0.03181,44.176,34.755,0.00208,0.00213
0,269,0.8070,-0.00014,-0.00017,-0.00014,-0.00019,-0.006,-0.009,5.5792,4.0233,9.6025,0.5810,-0.14502,0.14504,8,4,-0.15472,0.13528,0.29000,-0.03321,0.4190,1,7.167,3.240,-24.829,3.240,-21.589,-29.451,-0.02689,-0.03181,44.236,34.782,0.00202,0.00202
0,270,0.8100,-0.00014,-0.00017,-0.00014,-0.00018,-0.006,-0.009,5.6205,4.3728,9.9933,0.5624,-0.14502,0.14504,8,4,-0.15472,0.13528,0.29000,-0.02782,0.4376,1,1.152,0.948,-24.871,0.948,-23.923,-29.507,-0.02698,-0.03181,44.297,34.808,0.00219,0.00224
0,271,0.8130,-0.00014,-0.00017,-0.00014,-0.00019,-0.006,-0.009,5.5954,4.0261,9.6216,0.5816,-0.14502,0.14504,8,4,-0.15472,0.13528,0.29000,-0.03337,0.4184,1,7.560,3.240,-24.910,3.240,-21.670,-29.572,-0.02705,-0.03181,44.357,34.834,0.00200,0.00201
0,272,0.8160,-0.00014,-0.00017,-0.00014,-0.00019,-0.006,-0.009,5.6085,4.3610,9.9695,0.5626,-0.14502,0.14504,8,4,-0.15472,0.13528,0.29000,-0.02786,0.4374,1,1.525,1.147,-24.948,1.147,-23.802,-29.627,-0.02713,-0.03181,44.416,34.861,0.00213,0.00215
0,273,0.8190,-0.00015,-0.00018,-0.00015,-0.00019,-0.006,-0.009,5.6714,4.0420,9.7134,0.5839,-0.14502,0.14504,8,4,-0.15472,0.13528,0.29000,-0.03404,0.4161,1,8.707,3.439,-24.987,3.439,-21.548,-29.688,-0.02719,-0.03181,44.475,34.887,0.00204,0.00202
0,274,0.8220,-0.00014,-0.00017,-0.00014,-0.00019,-0.006,-0.009,5.7085,4.4143,10.1229,0.5639,-0.14502,0.14504,8,4,-0.15472,0.13528,0.29000,-0.02826,0.4361,1,2.357,1.630,-25.024,1.630,-23.394,-29.740,-0.02726,-0.03181,44.534,34.914,0.00215,0.00218
0,275,0.8250,-0.00015,-0.00018,-0.00015,-0.00019,-0.006,-0.009,5.7161,4.0744,9.7904,0.5838,-0.14502,0.14504,8,4,-0.15472,0.13528,0.29000,-0.03403,0.4162,1,9.132,3.922,-25.061,3.922,-21.139,-29.799,-0.02732,-0.03181,44.592,34.940,0.00201,0.00200
0,276,0.8280,-0.00015,-0.00018,-0.00014,-0.00019,-0.006,-0.009,5.7265,4.4341,10.1606,0.5636,-0.14502,0.14504,8,4,-0.15472,0.13528,0.29000,-0.02816,0.4364,1,2.730,1.805,-25.097,1.804,-23.293,-29.847,-0.02738,-0.03181,44.650,34.966,0.00213,0.00215
0,277,0.8310,-0.00015,-0.00018,-0.00015,-0.00020,-0.006,-0.010,5.7631,4.1054,9.8685,0.5840,-0.14502,0.14504,8,4,-0.15472,0.13528,0.29000,-0.03408,0.4160,1,9.652,4.097,-25.134,4.097,-21.037,-29.902,-0.02743,-0.03181,44.707,34.993,0.00205,0.00204
0,278,0.8340,-0.00015,-0.00018,-0.00015,-0.00019,-0.006,-0.009,5.7881,4.4699,10.2580,0.5643,-0.14502,0.14504,8,4,-0.15472,0.13528,0.29000,-0.02835,0.4357,1,3.370,2.070,-25.170,2.070,-23.100,-29.948,-0.02748,-0.03181,44.764,35.019,0.00219,0.00221
0,279,0.8370,-0.00015,-0.00019,-0.00015,-0.00020,-0.006,-0.010,5.8155,4.1382,9.9538,0.5843,-0.14502,0.14504,8,4,-0.15472,0.13528,0.29000,-0.03415,0.4157,1,10.145,4.362,-25.206,4.362,-20.844,-29.999,-0.02752,-0.03181,44.820,35.046,0.00211,0.00210
0,280,0.8400,-0.00015,-0.00018,-0.00015,-0.00019,-0.006,-0.010,5.8179,4.4961,10.3140,0.5641,-0.14502,0.14504,8,4,-0.15472,0.13528,0.29000,-0.02830,0.4359,1,3.728,2.182,-25.242,2.182,-23.060,-30.042,-0.02756,-0.03181,44.877,35.072,0.00221,0.00223
0,281,0.8430,-0.00015,-0.00019,-0.00015,-0.00020,-0.006,-0.010,5.8363,4.1580,9.9943,0.5840,-0.14502,0.14504,8,4,-0.15472,0.13528,0.29000,-0.03407,0.4160,1,10.494,4.474,-25.278,4.474,-20.804,-30.090,-0.02760,-0.03181,44.932,35.098,0.00213,0.00213
0,282,0.8460,-0.00015,-0.00018,-0.00015,-0.00020,-0.006,-0.010,5.8305,4.5133,10.3437,0.5637,-0.14502,0.14504,8,4,-0.15472,0.13528,0.29000,-0.02818,0.4363,1,4.060,2.352,-25.314,2.352,-22.962,-30.128,-0.02763,-0.03181,44.987,35.125,0.00224,0.00227
0,283,0.8490,-0.00015,-0.00019,-0.00015,-0.00020,-0.006,-0.010,5.8316,4.1720,10.0036,0.5830,-0.14502,0.14504,8,4,-0.15472,0.13528,0.29000,-0.03378,0.4170,1,10.650,4.644,-25.350,4.644,-20.706,-30.173,-0.02766,-0.03181,45.041,35.151,0.00214,0.00214
0,284,0.8520,-0.00015,-0.00018,-0.00015,-0.00020,-0.006,-0.010,5.8150,4.5232,10.3382,0.5625,-0.14502,0.14504,8,4,-0.15472,0.13528,0.29000,-0.02784,0.4375,1,4.185,2.516,-25.386,2.516,-22.870,-30.207,-0.02769,-0.03181,45.095,35.172,0.00224,0.00228
0,285,0.8550,-0.00015,-0.00019,-0.00015,-0.00020,-0.006,-0.010,5.8146,4.1804,9.9951,0.5818,-0.14502,0.14504,8,4,-0.15472,0.13528,0.29000,-0.03343,0.4182,1,10.795,4.808,-25.421,4.808,-20.614,-30.249,-0.02771,-0.03181,45.147,35.191,0.00216,0.00216
0,286,0.8580,-0.00015,-0.00018,-0.00015,-0.00019,-0.006,-0.010,5.7944,4.5313,10.3256,0.5612,-0.14502,0.14504,8,4,-0.15472,0.13528,0.29000,-0.02746,0.4388,1,4.305,2.707,-25.457,2.707,-22.750,-30.281,-0.02773,-0.03181,45.199,35.210,0.00224,0.00227
0,287,0.8610,-0.00015,-0.00019,-0.00015,-0.00020,-0.006,-0.010,5.7781,4.2052,9.9833,0.5788,-0.14502,0.14504,8,4,-0.15472,0.13528,0.29000,-0.03257,0.4212,1,10.384,4.999,-25.492,4.999,-20.493,-30.319,-0.02775,-0.03181,45.249,35.228,0.00212,0.00213
0,288,0.8640,-0.00015,-0.00018,-0.00014,-0.00019,-0.006,-0.010,5.7475,4.5510,10.2986,0.5581,-0.14502,0.14504,8,4,-0.15472,0.13528,0.29000,-0.02657,0.4419,1,3.856,2.707,-25.527,2.707,-22.820,-30.347,-0.02776,-0.03181,45.297,35.247,0.00225,0.00229
0,289,0.8670,-0.00015,-0.00018,-0.00015,-0.00020,-0.006,-0.010,5.7322,4.2077,9.9399,0.5767,-0.14502,0.14504,8,4,-0.15472,0.13528,0.29000,-0.03196,0.4233,1,10.194,4.999,-25.563,4.999,-20.564,-30.384,-0.02777,-0.03181,45.344,35.265,0.00218,0.00219
0,290,0.8700,-0.00015,-0.00018,-0.00014,-0.00019,-0.006,-0.010,5.7025,4.5570,10.2594,0.5558,-0.14502,0.14504,8,4,-0.15472,0.13528,0.29000,-0.02591,0.4442,1,3.541,2.707,-25.598,2.707,-22.891,-30.411,-0.02778,-0.03181,45.390,35.284,0.00230,0.00234
0,291,0.8730,-0.00015,-0.00018,-0.00015,-0.00020,-0.006,-0.010,5.6884,4.2124,9.9008,0.5745,-0.14502,0.14504,8,4,-0.15472,0.13528,0.29000,-0.03133,0.4255,1,9.879,4.999,-25.633,4.999,-20.634,-30.446,-0.02778,-0.03181,45.434,35.303,0.00221,0.00222
0,292,0.8760,-0.00015,-0.00018,-0.00014,-0.00019,-0.006,-0.010,5.6601,4.5617,10.2218,0.5537,-0.14502,0.14504,8,4,-0.15472,0.13528,0.29000,-0.02530,0.4463,1,3.216,2.707,-25.668,2.707,-22.961,-30.471,-0.02778,-0.03181,45.476,35.321,0.00232,0.00236
0,293,0.8790,-0.00015,-0.00018,-0.00015,-0.00019,-0.006,-0.010,5.6447,4.2183,9.8631,0.5723,-0.14502,0.14504,8,4,-0.15472,0.13528,0.29000,-0.03069,0.4277,1,9.485,4.999,-25.702,4.999,-20.704,-30.505,-0.02778,-0.03181,45.515,35.340,0.00222,0.00222
0,294,0.8820,-0.00014,-0.00018,-0.00014,-0.00019,-0.006,-0.010,5.6157,4.5674,10.1831,0.5515,-0.14502,0.14504,8,4,-0.15472,0.13528,0.29000,-0.02465,0.4485,1,2.785,2.707,-25.737,2.707,-23.030,-30.530,-0.02778,-0.03181,45.553,35.358,0.00232,0.00236
0,295,0.8850,-0.00015,-0.00018,-0.00014,-0.00019,-0.006,-0.010,5.6000,4.2231,9.8231,0.5701,-0.14502,0.14504,8,4,-0.15472,0.13528,0.29000,-0.03004,0.4299,1,9.024,4.999,-25.772,4.999,-20.773,-30.562,-0.02777,-0.03181,45.589,35.377,0.00222,0.00223
0,296,0.8880,-0.00014,-0.00017,-0.00014,-0.00019,-0.006,-0.010,5.5716,4.5724,10.1440,0.5492,-0.14502,0.14503,8,4,-0.15472,0.13528,0.29000,-0.02400,0.4508,1,2.273,2.707,-25.806,2.707,-23.099,-30.586,-0.02777,-0.03181,45.623,35.396,0.00233,0.00237
0,297,0.8910,-0.00015,-0.00018,-0.00014,-0.00019,-0.007,-0.010,5.5570,4.2302,9.7872,0.5678,-0.14502,0.14503,8,4,-0.15472,0.13528,0.29000,-0.02938,0.4322,1,8.429,4.999,-25.840,4.999,-20.841,-30.618,-0.02777,-0.03181,45.654,35.414,0.00224,0.00224
0,298,0.8940,-0.00014,-0.00017,-0.00014,-0.00019,-0.006,-0.010,5.5279,4.5783,10.1063,0.5470,-0.14502,0.14503,8,4,-0.15472,0.13528,0.29000,-0.02334,0.4530,1,1.624,2.707,-25.874,2.707,-23.167,-30.641,-0.02776,-0.03181,45.683,35.433,0.00234,0.00238
0,299,0.8970,-0.00014,-0.00018,-0.00014,-0.00019,-0.007,-0.010,5.5144,4.2364,9.7508,0.5655,-0.14502,0.14503,8,4,-0.15472,0.13528,0.29000,-0.02872,0.4345,1,7.713,4.999,-25.909,4.999,-20.910,-30.673,-0.02775,-0.03181,45.709,35.451,0.00225,0.00225
0,300,0.9000,-0.00014,-0.00017,-0.00014,-0.00019,-0.007,-0.010,5.4897,4.5866,10.0764,0.5448,-0.14503,0.14503,8,4,-0.15472,0.13528,0.29000,-0.02271,0.4552,1,0.857,2.707,-25.943,2.707,-23.236,-30.695,-0.02775,-0.03181,45.734,35.470,0.00236,0.00240
0,301,0.9030,-0.00014,-0.00018,-0.00014,-0.00019,-0.007,-0.010,5.4749,4.2435,9.7185,0.5634,-0.14502,0.14503,8,4,-0.15472,0.13528,0.29000,-0.02809,0.4366,1,6.862,4.999,-25.976,4.999,-20.977,-30.727,-0.02775,-0.03181,45.756,35.486,0.00226,0.00227
0,302,0.9060,-0.00014,-0.00017,-0.00013,-0.00018,-0.007,-0.010,5.4512,4.5931,10.0443,0.5427,-0.14503,0.14503,8,4,-0.15472,0.13528,0.29000,-0.02211,0.4573,1,-0.050,2.707,-26.010,2.707,-23.303,-30.748,-0.02774,-0.03181,45.777,35.501,0.00237,0.00241
0,303,0.9090,-0.00014,-0.00018,-0.00014,-0.00019,-0.007,-0.010,5.4433,4.2526,9.6959,0.5614,-0.14503,0.14503,8,4,-0.15472,0.13528,0.29000,-0.02753,0.4386,1,5.916,4.584,-26.044,4.584,-21.460,-30.779,-0.02774,-0.03181,45.795,35.517,0.00228,0.00228
0,304,0.9120,-0.00014,-0.00017,-0.00013,-0.00018,-0.007,-0.010,5.4237,4.6031,10.0268,0.5409,-0.14503,0.14503,8,4,-0.15472,0.13528,0.29000,-0.02158,0.4591,1,-1.036,2.292,-26.077,2.292,-23.785,-30.800,-0.02775,-0.03181,45.811,35.532,0.00239,0.00243
0,305,0.9150,-0.00014,-0.00017,-0.00013,-0.00018,-0.007,-0.010,5.4121,4.2602,9.6723,0.5595,-0.14502,0.14503,8,4,-0.15472,0.13528,0.29000,-0.02699,0.4405,1,4.822,3.735,-26.111,3.735,-22.376,-30.830,-0.02775,-0.03181,45.826,35.548,0.00261,0.00265
0,306,0.9180,-0.00014,-0.00017,-0.00013,-0.00018,-0.006,-0.009,5.4620,4.4065,9.8685,0.5535,-0.14502,0.14503,8,4,-0.15472,0.13528,0.29000,-0.02523,0.4465,1,2.471,1.914,-26.144,1.913,-24.230,-30.860,-0.02776,-0.03181,45.840,35.564,0.00289,0.00296
0,307,0.9210,-0.00014,-0.00017,-0.00014,-0.00018,-0.006,-0.009,5.5478,4.0988,9.6466,0.5751,-0.14502,0.14503,8,4,-0.15472,0.13528,0.29000,-0.03150,0.4249,1,9.398,4.206,-26.177,4.205,-21.971,-30.901,-0.02777,-0.03181,45.850,35.579,0.00254,0.00255
0,308,0.9240,-0.00014,-0.00016,-0.00013,-0.00018,-0.006,-0.009,5.5610,4.4476,10.0086,0.5556,-0.14502,0.14503,8,4,-0.15472,0.13528,0.29000,-0.02585,0.4444,1,3.227,2.500,-26.210,2.500,-23.710,-30.930,-0.02778,-0.03181,45.860,35.595,0.00236,0.00238
0,309,0.9270,-0.00014,-0.00017,-0.00014,-0.00018,-0.006,-0.009,5.5712,4.1011,9.6722,0.5760,-0.14502,0.14503,8,4,-0.15472,0.13528,0.29000,-0.03176,0.4240,1,10.338,4.792,-26.243,4.792,-21.451,-30.965,-0.02778,-0.03181,45.865,35.610,0.00210,0.00208
0,310,0.9300,-0.00014,-0.00017,-0.00013,-0.00018,-0.006,-0.009,5.5591,4.4488,10.0079,0.5555,-0.14502,0.14503,8,4,-0.15472,0.13528,0.29000,-0.02581,0.4445,1,4.038,3.129,-26.276,3.129,-23.147,-30.989,-0.02777,-0.03181,45.869,35.626,0.00199,0.00202
0,311,0.9330,-0.00014,-0.00017,-0.00013,-0.00018,-0.006,-0.010,5.5100,4.2045,9.7145,0.5672,-0.14502,0.14503,8,4,-0.15472,0.13528,0.29000,-0.02920,0.4328,1,8.290,5.421,-26.308,5.421,-20.887,-31.017,-0.02776,-0.03181,45.870,35.642,0.00182,0.00183
0,312,0.9360,-0.00013,-0.00017,-0.00013,-0.00018,-0.007,-0.010,5.4445,4.5398,9.9843,0.5453,-0.14503,0.14502,8,4,-0.15472,0.13528,0.29000,-0.02286,0.4547,1,1.307,3.129,-26.340,3.129,-23.212,-31.034,-0.02775,-0.03181,45.871,35.657,0.00207,0.00211
0,313,0.9390,-0.00014,-0.00017,-0.00013,-0.00018,-0.007,-0.010,5.4232,4.2032,9.6264,0.5634,-0.14503,0.14503,8,4,-0.15472,0.13528,0.29000,-0.02810,0.4366,1,7.132,5.421,-26.373,5.421,-20.952,-31.062,-0.02774,-0.03181,45.870,35.673,0.00212,0.00215
0,314,0.9420,-0.00013,-0.00017,-0.00013,-0.00018,-0.007,-0.010,5.4029,4.5601,9.9630,0.5423,-0.14503,0.14502,8,4,-0.15472,0.13528,0.29000,-0.02198,0.4577,1,-0.089,3.129,-26.405,3.129,-23.276,-31.082,-0.02774,-0.03181,45.869,35.688,0.00235,0.00241
0,315,0.9450,-0.00013,-0.00017,-0.00013,-0.00018,-0.007,-0.010,5.3926,4.2219,9.6145,0.5609,-0.14503,0.14502,8,4,-0.15472,0.13528,0.29000,-0.02738,0.4391,1,5.627,4.361,-26.437,4.361,-22.076,-31.113,-0.02774,-0.03181,45.866,35.704,0.00232,0.00234
0,316,0.9480,-0.00013,-0.00017,-0.00013,-0.00018,-0.007,-0.010,5.3897,4.5533,9.9430,0.5421,-0.14503,0.14502,8,4,-0.15472,0.13528,0.29000,-0.02192,0.4579,1,-0.981,2.069,-26.469,2.069,-24.400,-31.135,-0.02774,-0.03181,45.864,35.720,0.00246,0.00251
0,317,0.9510,-0.00013,-0.00017,-0.00013,-0.00018,-0.007,-0.010,5.4075,4.2180,9.6256,0.5618,-0.14503,0.14502,8,4,-0.15472,0.13528,0.29000,-0.02764,0.4382,1,5.073,3.933,-26.501,3.933,-22.568,-31.166,-0.02775,-0.03181,45.860,35.735,0.00256,0.00258
0,318,0.9540,-0.00013,-0.00016,-0.00013,-0.00017,-0.006,-0.009,5.4402,4.4355,9.8758,0.5509,-0.14502,0.14502,8,4,-0.15472,0.13528,0.29000,-0.02447,0.4491,1,1.060,1.641,-26.532,1.641,-24.891,-31.192,-0.02776,-0.03181,45.857,35.749,0.00271,0.00277
0,319,0.9570,-0.00014,-0.00017,-0.00013,-0.00018,-0.006,-0.009,5.5037,4.1137,9.6174,0.5723,-0.14502,0.14502,8,4,-0.15472,0.13528,0.29000,-0.03068,0.4277,1,7.821,3.933,-26.564,3.933,-22.631,-31.228,-0.02778,-0.03181,45.852,35.764,0.00245,0.00245
0,320,0.9600,-0.00013,-0.00016,-0.00013,-0.00017,-0.006,-0.009,5.5317,4.4474,9.9791,0.5543,-0.14502,0.14502,8,4,-0.15472,0.13528,0.29000,-0.02547,0.4457,1,1.921,1.641,-26.596,1.641,-24.955,-31.253,-0.02779,-0.03181,45.846,35.778,0.00240,0.00243
0,321,0.9630,-0.00014,-0.00017,-0.00013,-0.00018,-0.006,-0.009,5.5431,4.1024,9.6454,0.5747,-0.14502,0.14502,8,4,-0.15472,0.13528,0.29000,-0.03138,0.4253,1,8.734,3.933,-26.627,3.933,-22.694,-31.284,-0.02781,-0.03181,45.837,35.792,0.00217,0.00217
0,322,0.9660,-0.00013,-0.00016,-0.00013,-0.00017,-0.006,-0.009,5.5450,4.4307,9.9757,0.5559,-0.14502,0.14502,8,4,-0.15472,0.13528,0.29000,-0.02592,0.4441,1,2.740,2.127,-26.658,2.127,-24.531,-31.304,-0.02782,-0.03181,45.829,35.807,0.00222,0.00225
0,323,0.9690,-0.00014,-0.00017,-0.00013,-0.00018,-0.006,-0.009,5.5606,4.0934,9.6540,0.5760,-0.14502,0.14502,8,4,-0.15472,0.13528,0.29000,-0.03176,0.4240,1,9.529,4.419,-26.689,4.419,-22.270,-31.334,-0.02782,-0.03181,45.818,35.821,0.00209,0.00210
0,324,0.9720,-0.00013,-0.00016,-0.00013,-0.00017,-0.006,-0.009,5.5582,4.4445,10.0028,0.5557,-0.14502,0.14502,8,4,-0.15472,0.13528,0.29000,-0.02586,0.4443,1,3.016,2.342,-26.719,2.342,-24.377,-31.352,-0.02783,-0.03181,45.809,35.836,0.00220,0.00225
0,325,0.9750,-0.00014,-0.00017,-0.00013,-0.00018,-0.006,-0.009,5.5490,4.1016,9.6506,0.5750,-0.14502,0.14502,8,4,-0.15472,0.13528,0.29000,-0.03147,0.4250,1,9.486,4.634,-26.750,4.634,-22.116,-31.380,-0.02783,-0.03181,45.797,35.850,0.00209,0.00210
0,326,0.9780,-0.00013,-0.00016,-0.00013,-0.00017,-0.006,-0.009,5.5394,4.4499,9.9893,0.5545,-0.14502,0.14502,8,4,-0.15472,0.13528,0.29000,-0.02553,0.4455,1,2.865,2.342,-26.781,2.342,-24.438,-31.398,-0.02784,-0.03181,45.786,35.864,0.00221,0.00225
0,327,0.9810,-0.00014,-0.00017,-0.00013,-0.00018,-0.006,-0.009,5.5484,4.1126,9.6610,0.5743,-0.14502,0.14502,8,4,-0.15472,0.13528,0.29000,-0.03127,0.4257,1,9.407,4.634,-26.811,4.634,-22.177,-31.425,-0.02784,-0.03181,45.774,35.879,0.00215,0.00216
0,328,0.9840,-0.00013,-0.00016,-0.00013,-0.00017,-0.006,-0.009,5.5297,4.4593,9.9890,0.5536,-0.14502,0.14502,8,4,-0.15472,0.13528,0.29000,-0.02526,0.4464,1,2.617,2.342,-26.841,2.342,-24.499,-31.442,-0.02784,-0.03181,45.762,35.893,0.00223,0.00228
0,329,0.9870,-0.00014,-0.00017,-0.00013,-0.00018,-0.006,-0.009,5.5339,4.1181,9.6520,0.5733,-0.14502,0.14502,8,4,-0.15472,0.13528,0.29000,-0.03099,0.4267,1,9.115,4.634,-26.871,4.634,-22.237,-31.468,-0.02784,-0.03181,45.749,35.908,0.00215,0.00215
0,330,0.9900,-0.00013,-0.00016,-0.00013,-0.00017,-0.006,-0.009,5.5366,4.4693,10.0059,0.5533,-0.14502,0.14502,8,4,-0.15472,0.13528,0.29000,-0.02519,0.4467,1,2.522,2.342,-26.901,2.342,-24.559,-31.483,-0.02784,-0.03181,45.737,35.922,0.00228,0.00233
0,331,0.9930,-0.00014,-0.00017,-0.00013,-0.00018,-0.006,-0.009,5.5294,4.1259,9.6553,0.5727,-0.14502,0.14502,8,4,-0.15472,0.13528,0.29000,-0.03080,0.4273,1,8.835,4.634,-26.931,4.634,-22.297,-31.508,-0.02784,-0.03181,45.724,35.936,0.00216,0.00216
0,332,0.9960,-0.00013,-0.00016,-0.00013,-0.00017,-0.006,-0.009,5.5256,4.4723,9.9979,0.5527,-0.14502,0.14502,8,4,-0.15472,0.13528,0.29000,-0.02499,0.4473,1,2.231,2.342,-26.961,2.342,-24.618,-31.522,-0.02784,-0.03181,45.711,35.951,0.00227,0.00230
0,333,0.9990,-0.00014,-0.00017,-0.00013,-0.00018,-0.007,-0.009,5.5411,4.1342,9.6753,0.5727,-0.14502,0.14502,8,4,-0.15472,0.13528,0.29000,-0.03080,0.4273,1,8.747,4.634,-26.990,4.634,-22.356,-31.545,-0.02784,-0.03181,45.697,35.965,0.00219,0.00218
0,334,1.0000,-0.00013,-0.00017,-0.00013,-0.00018,-0.007,-0.009,5.5460,4.4842,10.0301,0.5529,-0.14502,0.14502,8,4,-0.15472,0.13528,0.29000,-0.02507,0.4471,1,2.181,2.342,-27.000,2.342,-24.658,-31.557,-0.02785,-0.03181,45.684,35.970,0.00225,0.00227
0,335,1.0000,-0.00014,-0.00018,-0.00014,-0.00018,-0.007,-0.010,5.6091,4.1548,9.7639,0.5745,-0.14502,0.14503,8,4,-0.15472,0.13528,0.29000,-0.03132,0.4255,1,9.168,4.634,-27.000,4.634,-22.366,-31.579,-0.02785,-0.03181,45.669,35.970,0.00219,0.00216
0,336,1.0000,-0.00014,-0.00017,-0.00013,-0.00018,-0.007,-0.010,5.7050,4.5277,10.2327,0.5575,-0.14502,0.14503,8,4,-0.15472,0.13528,0.29000,-0.02640,0.4425,1,3.477,2.703,-27.000,2.703,-24.297,-31.590,-0.02785,-0.03181,45.656,35.970,0.00235,0.00234
0,337,1.0000,-0.00015,-0.00018,-0.00014,-0.00019,-0.007,-0.010,5.8109,4.2130,10.0239,0.5797,-0.14502,0.14503,8,4,-0.15472,0.13528,0.29000,-0.03283,0.4203,1,10.619,4.995,-27.000,4.995,-22.005,-31.611,-0.02786,-0.03181,45.642,35.970,0.00228,0.00224
0,338,1.0000,-0.00015,-0.00018,-0.00014,-0.00019,-0.007,-0.010,5.8929,4.5797,10.4726,0.5627,-0.14502,0.14503,8,4,-0.15472,0.13528,0.29000,-0.02790,0.4373,1,4.925,3.825,-27.000,3.825,-23.175,-31.621,-0.02787,-0.03181,45.629,35.970,0.00212,0.00211
0,339,1.0000,-0.00015,-0.00019,-0.00015,-0.00020,-0.008,-0.010,5.9093,4.4249,10.3343,0.5718,-0.14503,0.14503,8,4,-0.15472,0.13528,0.29000,-0.03055,0.4282,1,7.896,5.761,-27.000,5.761,-21.239,-31.630,-0.02787,-0.03181,45.616,35.970,0.00192,0.00189
0,340,1.0000,-0.00015,-0.00019,-0.00014,-0.00020,-0.008,-0.011,5.8831,4.7494,10.6325,0.5533,-0.14503,0.14503,8,4,-0.15472,0.13528,0.29000,-0.02518,0.4467,1,1.653,3.469,-27.000,3.469,-23.531,-31.625,-0.02788,-0.03181,45.606,35.970,0.00219,0.00220
0,341,1.0000,-0.00015,-0.00019,-0.00014,-0.00020,-0.008,-0.011,5.8974,4.4108,10.3083,0.5721,-0.14503,0.14503,8,4,-0.15472,0.13528,0.29000,-0.03063,0.4279,1,7.341,4.464,-27.000,4.464,-22.536,-31.632,-0.02790,-0.03181,45.599,35.970,0.00250,0.00250
0,342,1.0000,-0.00015,-0.00019,-0.00014,-0.00019,-0.007,-0.010,5.9549,4.6309,10.5858,0.5625,-0.14502,0.14503,8,4,-0.15472,0.13528,0.29000,-0.02785,0.4375,1,3.525,2.484,-27.000,2.484,-24.516,-31.636,-0.02792,-0.03181,45.597,35.970,0.00285,0.00290
0,343,1.0000,-0.00015,-0.00019,-0.00015,-0.00020,-0.007,-0.010,6.0375,4.3142,10.3517,0.5832,-0.14502,0.14503,8,4,-0.15472,0.13528,0.29000,-0.03386,0.4168,1,9.769,4.776,-27.000,4.776,-22.224,-31.652,-0.02795,-0.03181,45.596,35.970,0.00266,0.00265
0,344,1.0000,-0.00015,-0.00019,-0.00015,-0.00019,-0.007,-0.010,6.0751,4.6579,10.7330,0.5660,-0.14502,0.14503,8,4,-0.15472,0.13528,0.29000,-0.02886,0.4340,1,3.886,2.737,-27.000,2.737,-24.263,-31.654,-0.02798,-0.03181,45.598,35.970,0.00259,0.00260
0,345,1.0000,-0.00016,-0.00019,-0.00015,-0.00020,-0.007,-0.010,6.0999,4.3053,10.4052,0.5862,-0.14502,0.14503,8,4,-0.15472,0.13528,0.29000,-0.03473,0.4138,1,10.532,5.029,-27.000,5.029,-21.971,-31.664,-0.02800,-0.03181,45.600,35.970,0.00236,0.00232
0,346,1.0000,-0.00015,-0.00019,-0.00015,-0.00019,-0.007,-0.009,6.0991,4.6383,10.7374,0.5680,-0.14502,0.14503,8,4,-0.15472,0.13528,0.29000,-0.02945,0.4320,1,4.697,3.204,-27.000,3.204,-23.796,-31.659,-0.02803,-0.03181,45.605,35.970,0.00237,0.00238
0,347,1.0000,-0.00016,-0.00019,-0.00015,-0.00020,-0.007,-0.009,6.0933,4.2845,10.3778,0.5872,-0.14502,0.14503,8,4,-0.15472,0.13528,0.29000,-0.03499,0.4128,1,11.196,5.496,-27.000,5.496,-21.504,-31.663,-0.02805,-0.03181,45.609,35.970,0.00223,0.00221
0,348,1.0000,-0.00015,-0.00018,-0.00014,-0.00019,-0.007,-0.009,6.0714,4.6189,10.6903,0.5679,-0.14502,0.14503,8,4,-0.15472,0.13528,0.29000,-0.02942,0.4321,1,5.136,3.407,-27.000,3.407,-23.593,-31.656,-0.02807,-0.03181,45.616,35.970,0.00227,0.00229
0,349,1.0000,-0.00015,-0.00019,-0.00015,-0.00020,-0.007,-0.009,6.0438,4.2902,10.3340,0.5849,-0.14502,0.14503,8,4,-0.15472,0.13528,0.29000,-0.03433,0.4151,1,10.962,5.699,-27.000,5.699,-21.301,-31.657,-0.02809,-0.03181,45.622,35.970,0.00215,0.00214
0,350,1.0000,-0.00015,-0.00018,-0.00014,-0.00019,-0.007,-0.009,6.0029,4.6216,10.6246,0.5650,-0.14502,0.14503,8,4,-0.15472,0.13528,0.29000,-0.02857,0.4350,1,4.706,3.407,-27.000,3.407,-23.593,-31.647,-0.02810,-0.03181,45.631,35.970,0.00228,0.00231
0,351,1.0000,-0.00015,-0.00019,-0.00015,-0.00019,-0.007,-0.009,5.9730,4.2701,10.2431,0.5831,-0.14502,0.14503,8,4,-0.15472,0.13528,0.29000,-0.03382,0.4169,1,10.879,5.699,-27.000,5.699,-21.301,-31.649,-0.02810,-0.03181,45.639,35.970,0.00222,0.00221
0,352,1.0000,-0.00015,-0.00018,-0.00014,-0.00019,-0.006,-0.009,5.9367,4.6065,10.5432,0.5631,-0.14502,0.14503,8,4,-0.15472,0.13528,0.29000,-0.02801,0.4369,1,4.509,3.407,-27.000,3.407,-23.593,-31.639,-0.02811,-0.03181,45.649,35.970,0.00233,0.00236
0,353,1.0000,-0.00015,-0.00018,-0.00014,-0.00019,-0.007,-0.009,5.9079,4.2559,10.1638,0.5813,-0.14502,0.14503,8,4,-0.15472,0.13528,0.29000,-0.03329,0.4187,1,10.692,5.699,-27.000,5.699,-21.301,-31.642,-0.02811,-0.03181,45.657,35.970,0.00224,0.00223
0,354,1.0000,-0.00015,-0.00018,-0.00014,-0.00019,-0.006,-0.009,5.8720,4.5919,10.4639,0.5612,-0.14502,0.14503,8,4,-0.15472,0.13528,0.29000,-0.02746,0.4388,1,4.310,3.407,-27.000,3.407,-23.593,-31.633,-0.02811,-0.03181,45.667,35.970,0.00234,0.00237
0,355,1.0000,-0.00015,-0.00018,-0.00014,-0.00019,-0.006,-0.009,5.8428,4.2411,10.0839,0.5794,-0.14502,0.14503,8,4,-0.15472,0.13528,0.29000,-0.03275,0.4206,1,10.529,5.699,-27.000,5.699,-21.301,-31.636,-0.02811,-0.03181,45.675,35.970,0.00224,0.00223
0,356,1.0000,-0.00014,-0.00018,-0.00014,-0.00018,-0.006,-0.009,5.8065,4.5773,10.3838,0.5592,-0.14502,0.14503,8,4,-0.15472,0.13528,0.29000,-0.02688,0.4408,1,4.116,3.407,-27.000,3.407,-23.593,-31.628,-0.02810,-0.03181,45.683,35.970,0.00233,0.00236
0,357,1.0000,-0.00015,-0.00018,-0.00014,-0.00019,-0.006,-0.009,5.7769,4.2269,10.0038,0.5775,-0.14502,0.14503,8,4,-0.15472,0.13528,0.29000,-0.03219,0.4225,1,10.343,5.699,-27.000,5.699,-21.301,-31.631,-0.02809,-0.03181,45.690,35.970,0.00223,0.00222
0,358,1.0000,-0.00014,-0.00017,-0.00014,-0.00018,-0.006,-0.009,5.7409,4.5639,10.3047,0.5571,-0.14502,0.14503,8,4,-0.15472,0.13528,0.29000,-0.02628,0.4429,1,3.875,3.407,-27.000,3.407,-23.593,-31.624,-0.02808,-0.03181,45.697,35.970,0.00232,0.00235
0,359,1.0000,-0.00015,-0.00018,-0.00014,-0.00019,-0.006,-0.009,5.7124,4.2146,9.9270,0.5754,-0.14502,0.14503,8,4,-0.15472,0.13528,0.29000,-0.03160,0.4246,1,10.097,5.699,-27.000,5.699,-21.301,-31.628,-0.02807,-0.03181,45.702,35.970,0.00222,0.00221
0,360,1.0000,-0.00014,-0.00017,-0.00013,-0.00018,-0.006,-0.009,5.6780,4.5526,10.2306,0.5550,-0.14502,0.14503,8,4,-0.15472,0.13528,0.29000,-0.02567,0.4450,1,3.571,3.407,-27.000,3.407,-23.593,-31.622,-0.02805,-0.03181,45.707,35.970,0.00232,0.00235
0,361,1.0000,-0.00014,-0.00018,-0.00014,-0.00018,-0.007,-0.009,5.6517,4.2044,9.8560,0.5734,-0.14502,0.14503,8,4,-0.15472,0.13528,0.29000,-0.03101,0.4266,1,9.781,5.699,-27.000,5.699,-21.301,-31.627,-0.02804,-0.03181,45.709,35.970,0.00222,0.00222
0,362,1.0000,-0.00014,-0.00017,-0.00013,-0.00018,-0.006,-0.009,5.6203,4.5435,10.1638,0.5530,-0.14502,0.14503,8,4,-0.15472,0.13528,0.29000,-0.02508,0.4470,1,3.206,3.407,-27.000,3.407,-23.593,-31.621,-0.02802,-0.03181,45.712,35.970,0.00232,0.00235
0,363,1.0000,-0.00014,-0.00018,-0.00014,-0.00018,-0.007,-0.009,5.5971,4.1962,9.7933,0.5715,-0.14502,0.14503,8,4,-0.15472,0.13528,0.29000,-0.03046,0.4285,1,9.406,5.699,-27.000,5.699,-21.301,-31.627,-0.02800,-0.03181,45.712,35.970,0.00223,0.00222
0,364,1.0000,-0.00014,-0.00017,-0.00013,-0.00018,-0.007,-0.009,5.5689,4.5362,10.1052,0.5511,-0.14502,0.14503,8,4,-0.15472,0.13528,0.29000,-0.02454,0.4489,1,2.784,3.407,-27.000,3.407,-23.593,-31.623,-0.02798,-0.03181,45.713,35.970,0.00233,0.00236
0,365,1.0000,-0.00014,-0.00017,-0.00014,-0.00018,-0.007,-0.009,5.5493,4.1899,9.7392,0.5698,-0.14502,0.14503,8,4,-0.15472,0.13528,0.29000,-0.02996,0.4302,1,8.975,5.453,-27.000,5.453,-21.547,-31.630,-0.02796,-0.03181,45.710,35.970,0.00223,0.00223
0,366,1.0000,-0.00014,-0.00017,-0.00013,-0.00018,-0.007,-0.009,5.5249,4.5307,10.0555,0.5494,-0.14503,0.14503,8,4,-0.15472,0.13528,0.29000,-0.02406,0.4506,1,2.315,3.161,-27.000,3.161,-23.839,-31.626,-0.02794,-0.03181,45.709,35.970,0.00233,0.00236
0,367,1.0000,-0.00014,-0.00017,-0.00013,-0.00018,-0.007,-0.009,5.5089,4.1850,9.6940,0.5683,-0.14502,0.14503,8,4,-0.15472,0.13528,0.29000,-0.02952,0.4317,1,8.495,5.164,-27.000,5.164,-21.836,-31.634,-0.02792,-0.03181,45.704,35.970,0.00224,0.00223
0,368,1.0000,-0.00014,-0.00017,-0.00013,-0.00018,-0.007,-0.009,5.4880,4.5264,10.0144,0.5480,-0.14503,0.14503,8,4,-0.15472,0.13528,0.29000,-0.02364,0.4520,1,1.801,2.872,-27.000,2.872,-24.128,-31.630,-0.02791,-0.03181,45.700,35.970,0.00234,0.00237
0,369,1.0000,-0.00014,-0.00017,-0.00013,-0.00018,-0.007,-0.010,5.4759,4.1813,9.6572,0.5670,-0.14503,0.14503,8,4,-0.15472,0.13528,0.29000,-0.02916,0.4330,1,7.973,4.854,-27.000,4.854,-22.146,-31.638,-0.02789,-0.03181,45.693,35.970,0.00225,0.00224
0,370,1.0000,-0.00014,-0.00017,-0.00013,-0.00018,-0.007,-0.009,5.4586,4.5234,9.9820,0.5468,-0.14503,0.14503,8,4,-0.15472,0.13528,0.29000,-0.02330,0.4532,1,1.245,2.562,-27.000,2.562,-24.438,-31.635,-0.02788,-0.03181,45.688,35.970,0.00235,0.00238
0,371,1.0000,-0.00014,-0.00017,-0.00013,-0.00018,-0.007,-0.010,5.4500,4.1786,9.6285,0.5660,-0.14503,0.14503,8,4,-0.15472,0.13528,0.29000,-0.02887,0.4340,1,7.410,4.520,-27.000,4.520,-22.480,-31.644,-0.02787,-0.03181,45.679,35.970,0.00227,0.00226
0,372,1.0000,-0.00013,-0.00017,-0.00013,-0.00018,-0.007,-0.010,5.4390,4.5121,9.9511,0.5466,-0.14503,0.14503,8,4,-0.15472,0.13528,0.29000,-0.02323,0.4534,1,0.862,2.228,-27.000,2.228,-24.772,-31.641,-0.02786,-0.03181,45.672,35.970,0.00237,0.00240
0,373,1.0000,-0.00014,-0.00017,-0.00013,-0.00018,-0.007,-0.010,5.4376,4.1691,9.6068,0.5660,-0.14502,0.14503,8,4,-0.15472,0.13528,0.29000,-0.02886,0.4340,1,7.063,4.319,-27.000,4.319,-22.681,-31.650,-0.02785,-0.03181,45.662,35.970,0.00235,0.00235
0,374,1.0000,-0.00013,-0.00017,-0.00013,-0.00018,-0.007,-0.009,5.4461,4.4597,9.9057,0.5498,-0.14502,0.14503,8,4,-0.15472,0.13528,0.29000,-0.02416,0.4502,1,1.532,2.027,-27.000,2.027,-24.973,-31.650,-0.02785,-0.03181,45.654,35.970,0.00248,0.00252
0,375,1.0000,-0.00014,-0.00017,-0.00013,-0.00018,-0.007,-0.009,5.4678,4.1243,9.5921,0.5700,-0.14502,0.14503,8,4,-0.15472,0.13528,0.29000,-0.03003,0.4300,1,8.013,4.319,-27.000,4.319,-22.681,-31.662,-0.02784,-0.03181,45.643,35.970,0.00232,0.00231
0,376,1.0000,-0.00014,-0.00017,-0.00013,-0.00018,-0.006,-0.009,5.4694,4.4671,9.9365,0.5504,-0.14502,0.14503,8,4,-0.15472,0.13528,0.29000,-0.02435,0.4496,1,1.506,2.027,-27.000,2.027,-24.973,-31.662,-0.02784,-0.03181,45.633,35.970,0.00234,0.00237
0,377,1.0000,-0.00014,-0.00017,-0.00013,-0.00018,-0.007,-0.009,5.4731,4.1213,9.5944,0.5704,-0.14502,0.14503,8,4,-0.15472,0.13528,0.29000,-0.03015,0.4296,1,8.039,4.319,-27.000,4.319,-22.681,-31.672,-0.02784,-0.03181,45.621,35.970,0.00220,0.00219
0,378,1.0000,-0.00014,-0.00017,-0.00013,-0.00018,-0.007,-0.009,5.4667,4.4631,9.9298,0.5505,-0.14502,0.14503,8,4,-0.15472,0.13528,0.29000,-0.02437,0.4495,1,1.466,2.027,-27.000,2.027,-24.973,-31.670,-0.02784,-0.03181,45.610,35.970,0.00228,0.00230
0,379,1.0000,-0.00014,-0.00017,-0.00013,-0.00018,-0.007,-0.009,5.4663,4.1188,9.5850,0.5703,-0.14502,0.14503,8,4,-0.15472,0.13528,0.29000,-0.03010,0.4297,1,7.891,4.319,-27.000,4.319,-22.681,-31.679,-0.02784,-0.03181,45.598,35.970,0.00218,0.00217
0,380,1.0000,-0.00014,-0.00017,-0.00013,-0.00018,-0.007,-0.009,5.4591,4.4623,9.9214,0.5502,-0.14503,0.14503,8,4,-0.15472,0.13528,0.29000,-0.02429,0.4498,1,1.219,2.027,-27.000,2.027,-24.973,-31.676,-0.02785,-0.03181,45.586,35.970,0.00228,0.00231
0,381,1.0000,-0.00014,-0.00017,-0.00013,-0.00018,-0.007,-0.009,5.4600,4.1192,9.5792,0.5700,-0.14502,0.14503,8,4,-0.15472,0.13528,0.29000,-0.03002,0.4300,1,7.585,4.319,-27.000,4.319,-22.681,-31.685,-0.02785,-0.03181,45.573,35.970,0.00220,0.00219
0,382,1.0000,-0.00014,-0.00017,-0.00013,-0.00018,-0.007,-0.009,5.4550,4.4633,9.9183,0.5500,-0.14503,0.14503,8,4,-0.15472,0.13528,0.29000,-0.02422,0.4500,1,0.880,2.027,-27.000,2.027,-24.973,-31.682,-0.02785,-0.03181,45.562,35.970,0.00230,0.00233
0,383,1.0000,-0.00014,-0.00017,-0.00013,-0.00018,-0.007,-0.010,5.4583,4.1202,9.5785,0.5698,-0.14502,0.14503,8,4,-0.15472,0.13528,0.29000,-0.02998,0.4302,1,7.235,4.319,-27.000,4.319,-22.681,-31.691,-0.02786,-0.03181,45.549,35.970,0.00221,0.00220
0,384,1.0000,-0.00014,-0.00017,-0.00013,-0.00018,-0.007,-0.009,5.4553,4.4641,9.9194,0.5500,-0.14503,0.14503,8,4,-0.15472,0.13528,0.29000,-0.02421,0.4500,1,0.530,2.027,-27.000,2.027,-24.973,-31.688,-0.02787,-0.03181,45.538,35.970,0.00231,0.00234
0,385,1.0000,-0.00014,-0.00017,-0.00013,-0.00018,-0.007,-0.010,5.4603,4.1208,9.5811,0.5699,-0.14502,0.14503,8,4,-0.15472,0.13528,0.29000,-0.02999,0.4301,1,6.886,4.276,-27.000,4.276,-22.724,-31.696,-0.02788,-0.03181,45.526,35.970,0.00224,0.00223
0,386,1.0000,-0.00014,-0.00017,-0.00013,-0.00018,-0.007,-0.009,5.4624,4.4531,9.9155,0.5509,-0.14502,0.14503,8,4,-0.15472,0.13528,0.29000,-0.02448,0.4491,1,0.445,1.984,-27.000,1.984,-25.016,-31.693,-0.02789,-0.03181,45.515,35.970,0.00234,0.00237
0,387,1.0000,-0.00014,-0.00017,-0.00013,-0.00018,-0.007,-0.009,5.4734,4.1114,9.5848,0.5710,-0.14502,0.14503,8,4,-0.15472,0.13528,0.29000,-0.03032,0.4290,1,6.861,4.269,-27.000,4.269,-22.731,-31.701,-0.02791,-0.03181,45.503,35.970,0.00224,0.00223
0,388,1.0000,-0.00014,-0.00017,-0.00013,-0.00018,-0.007,-0.009,5.4753,4.4529,9.9282,0.5515,-0.14502,0.14503,8,4,-0.15472,0.13528,0.29000,-0.02465,0.4485,1,0.259,1.977,-27.000,1.977,-25.023,-31.697,-0.02793,-0.03181,45.493,35.970,0.00232,0.00235
0,389,1.0000,-0.00014,-0.00017,-0.00013,-0.00018,-0.007,-0.009,5.4836,4.1090,9.5927,0.5716,-0.14502,0.14503,8,4,-0.15472,0.13528,0.29000,-0.03050,0.4284,1,6.703,4.177,-27.000,4.177,-22.823,-31.705,-0.02794,-0.03181,45.481,35.970,0.00225,0.00224
0,390,1.0000,-0.00014,-0.00017,-0.00013,-0.00018,-0.007,-0.009,5.4915,4.4281,9.9197,0.5536,-0.14502,0.14503,8,4,-0.15472,0.13528,0.29000,-0.02526,0.4464,1,0.605,1.885,-27.000,1.885,-25.115,-31.701,-0.02796,-0.03181,45.472,35.970,0.00235,0.00238
0,391,1.0000,-0.00014,-0.00018,-0.00014,-0.00018,-0.007,-0.009,5.5090,4.0881,9.5972,0.5740,-0.14502,0.14503,8,4,-0.15472,0.13528,0.29000,-0.03119,0.4260,1,7.160,4.177,-27.000,4.177,-22.823,-31.709,-0.02798,-0.03181,45.461,35.970,0.00223,0.00222
0,392,1.0000,-0.00014,-0.00017,-0.00013,-0.00018,-0.007,-0.009,5.5127,4.4312,9.9439,0.5544,-0.14502,0.14503,8,4,-0.15472,0.13528,0.29000,-0.02549,0.4456,1,0.607,1.885,-27.000,1.885,-25.115,-31.705,-0.02801,-0.03181,45.452,35.970,0.00229,0.00232
0,393,1.0000,-0.00014,-0.00018,-0.00014,-0.00018,-0.007,-0.009,5.5212,4.0865,9.6077,0.5747,-0.14502,0.14503,8,4,-0.15472,0.13528,0.29000,-0.03137,0.4253,1,7.187,4.177,-27.000,4.177,-22.823,-31.711,-0.02803,-0.03181,45.442,35.970,0.00218,0.00217
0,394,1.0000,-0.00014,-0.00017,-0.00013,-0.00018,-0.007,-0.009,5.5206,4.4291,9.9497,0.5548,-0.14502,0.14503,8,4,-0.15472,0.13528,0.29000,-0.02562,0.4452,1,0.610,1.885,-27.000,1.885,-25.115,-31.706,-0.02805,-0.03181,45.434,35.970,0.00226,0.00229
0,395,1.0000,-0.00014,-0.00018,-0.00014,-0.00018,-0.007,-0.009,5.5264,4.0850,9.6114,0.5750,-0.14502,0.14503,8,4,-0.15472,0.13528,0.29000,-0.03147,0.4250,1,7.147,4.177,-27.000,4.177,-22.823,-31.712,-0.02807,-0.03181,45.424,35.970,0.00217,0.00216
0,396,1.0000,-0.00014,-0.00017,-0.00013,-0.00018,-0.007,-0.009,5.5246,4.4280,9.9527,0.5551,-0.14502,0.14503,8,4,-0.15472,0.13528,0.29000,-0.02570,0.4449,1,0.537,1.885,-27.000,1.885,-25.115,-31.706,-0.02810,-0.03181,45.417,35.970,0.00226,0.00229
0,397,1.0000,-0.00014,-0.00018,-0.00014,-0.00018,-0.007,-0.009,5.5305,4.0843,9.6148,0.5752,-0.14502,0.14503,8,4,-0.15472,0.13528,0.29000,-0.03153,0.4248,1,7.058,4.177,-27.000,4.177,-22.823,-31.711,-0.02812,-0.03181,45.408,35.970,0.00217,0.00216
0,398,1.0000,-0.00014,-0.00017,-0.00013,-0.00018,-0.007,-0.009,5.5290,4.4276,9.9566,0.5553,-0.14502,0.14503,8,4,-0.15472,0.13528,0.29000,-0.02576,0.4447,1,0.441,1.885,-27.000,1.885,-25.115,-31.705,-0.02814,-0.03181,45.401,35.970,0.00227,0.00230
0,399,1.0000,-0.00014,-0.00018,-0.00014,-0.00018,-0.007,-0.009,5.5351,4.0838,9.6189,0.5754,-0.14502,0.14503,8,4,-0.15472,0.13528,0.29000,-0.03160,0.4246,1,6.963,4.177,-27.000,4.177,-22.823,-31.710,-0.02817,-0.03181,45.393,35.970,0.00217,0.00216
0,400,1.0000,-0.00014,-0.00017,-0.00013,-0.00018,-0.007,-0.009,5.5337,4.4270,9.9608,0.5556,-0.14502,0.14503,8,4,-0.15472,0.13528,0.29000,-0.02583,0.4444,1,0.350,1.885,-27.000,1.885,-25.115,-31.704,-0.02819,-0.03181,45.387,35.970,0.00227,0.00230
0,401,1.0000,-0.00014,-0.00018,-0.00014,-0.00018,-0.007,-0.009,5.5399,4.0830,9.6229,0.5757,-0.14502,0.14503,8,4,-0.15472,0.13528,0.29000,-0.03167,0.4243,1,6.880,4.177,-27.000,4.177,-22.823,-31.709,-0.02822,-0.03181,45.379,35.970,0.00218,0.00216
0,402,1.0000,-0.00014,-0.00017,-0.00013,-0.00018,-0.007,-0.009,5.5385,4.4261,9.9646,0.5558,-0.14502,0.14503,8,4,-0.15472,0.13528,0.29000,-0.02591,0.4442,1,0.274,1.885,-27.000,1.885,-25.115,-31.702,-0.02824,-0.03181,45.374,35.970,0.00227,0.00230
0,403,1.0000,-0.00014,-0.00018,-0.00014,-0.00018,-0.007,-0.009,5.5446,4.0820,9.6265,0.5760,-0.14502,0.14503,8,4,-0.15472,0.13528,0.29000,-0.03175,0.4240,1,6.812,4.177,-27.000,4.177,-22.823,-31.706,-0.02827,-0.03181,45.367,35.970,0.00217,0.00216
0,404,1.0000,-0.00014,-0.00017,-0.00013,-0.00018,-0.007,-0.009,5.5431,4.4250,9.9681,0.5561,-0.14502,0.14503,8,4,-0.15472,0.13528,0.29000,-0.02598,0.4439,1,0.210,1.885,-27.000,1.885,-25.115,-31.699,-0.02829,-0.03181,45.363,35.970,0.00227,0.00230
0,405,1.0000,-0.00014,-0.00018,-0.00014,-0.00018,-0.007,-0.009,5.5488,4.0807,9.6295,0.5762,-0.14502,0.14503,8,4,-0.15472,0.13528,0.29000,-0.03183,0.4238,1,6.754,4.177,-27.000,4.177,-22.823,-31.703,-0.02832,-0.03181,45.357,35.970,0.00217,0.00216
0,406,1.0000,-0.00014,-0.00017,-0.00013,-0.00018,-0.007,-0.009,5.5472,4.4237,9.9709,0.5563,-0.14502,0.14503,8,4,-0.15472,0.13528,0.29000,-0.02606,0.4437,1,0.157,1.885,-27.000,1.885,-25.115,-31.696,-0.02834,-0.03181,45.353,35.970,0.00227,0.00229
0,407,1.0000,-0.00014,-0.00018,-0.00014,-0.00019,-0.007,-0.009,5.5526,4.0795,9.6321,0.5765,-0.14502,0.14503,8,4,-0.15472,0.13528,0.29000,-0.03190,0.4235,1,6.703,4.177,-27.000,4.177,-22.823,-31.699,-0.02837,-0.03181,45.347,35.970,0.00217,0.00216
0,408,1.0000,-0.00014,-0.00017,-0.00013,-0.00018,-0.007,-0.009,5.5508,4.4224,9.9732,0.5566,-0.14502,0.14503,8,4,-0.15472,0.13528,0.29000,-0.02612,0.4434,1,0.111,1.885,-27.000,1.885,-25.115,-31.692,-0.02839,-0.03181,45.344,35.970,0.00226,0.00229
0,409,1.0000,-0.00014,-0.00018,-0.00014,-0.00019,-0.007,-0.009,5.5560,4.0781,9.6342,0.5767,-0.14502,0.14503,8,4,-0.15472,0.13528,0.29000,-0.03196,0.4233,1,6.663,4.177,-27.000,4.177,-22.823,-31.695,-0.02842,-0.03181,45.339,35.970,0.00217,0.00216
0,410,1.0000,-0.00014,-0.00017,-0.00013,-0.00018,-0.007,-0.009,5.5540,4.4210,9.9750,0.5568,-0.14502,0.14503,8,4,-0.15472,0.13528,0.29000,-0.02619,0.4432,1,0.075,1.885,-27.000,1.885,-25.115,-31.688,-0.02844,-0.03181,45.336,35.970,0.00226,0.00229
0,411,1.0000,-0.00014,-0.00018,-0.00014,-0.00019,-0.007,-0.009,5.5591,4.0767,9.6358,0.5769,-0.14502,0.14503,8,4,-0.15472,0.13528,0.29000,-0.03203,0.4231,1,6.633,4.158,-27.000,4.158,-22.842,-31.691,-0.02847,-0.03181,45.331,35.970,0.00218,0.00217
0,412,1.0000,-0.00014,-0.00017,-0.00013,-0.00018,-0.007,-0.009,5.5585,4.4148,9.9733,0.5573,-0.14502,0.14503,8,4,-0.15472,0.13528,0.29000,-0.02635,0.4427,1,0.158,1.866,-27.000,1.866,-25.134,-31.683,-0.02849,-0.03181,45.329,35.970,0.00227,0.00230
0,413,1.0000,-0.00014,-0.00018,-0.00014,-0.00019,-0.007,-0.009,5.5655,4.0714,9.6369,0.5775,-0.14502,0.14503,8,4,-0.15472,0.13528,0.29000,-0.03220,0.4225,1,6.743,4.158,-27.000,4.158,-22.842,-31.687,-0.02852,-0.03181,45.325,35.970,0.00217,0.00216
0,414,1.0000,-0.00014,-0.00017,-0.00013,-0.00018,-0.007,-0.009,5.5640,4.4144,9.9783,0.5576,-0.14502,0.14503,8,4,-0.15472,0.13528,0.29000,-0.02642,0.4424,1,0.181,1.866,-27.000,1.866,-25.134,-31.679,-0.02854,-0.03181,45.322,35.970,0.00226,0.00229
0,415,1.0000,-0.00014,-0.00018,-0.00014,-0.00019,-0.007,-0.009,5.5690,4.0700,9.6390,0.5778,-0.14502,0.14503,8,4,-0.15472,0.13528,0.29000,-0.03227,0.4222,1,6.778,4.158,-27.000,4.158,-22.842,-31.682,-0.02857,-0.03181,45.318,35.970,0.00216,0.00215
0,416,1.0000,-0.00014,-0.00017,-0.00013,-0.00018,-0.007,-0.009,5.5663,4.4129,9.9792,0.5578,-0.14502,0.14503,8,4,-0.15472,0.13528,0.29000,-0.02648,0.4422,1,0.212,1.866,-27.000,1.866,-25.134,-31.674,-0.02859,-0.03181,45.316,35.970,0.00226,0.00228
0,417,1.0000,-0.00014,-0.00018,-0.00014,-0.00019,-0.007,-0.009,5.5706,4.0687,9.6392,0.5779,-0.14502,0.14503,8,4,-0.15472,0.13528,0.29000,-0.03231,0.4221,1,6.805,4.158,-27.000,4.158,-22.842,-31.677,-0.02861,-0.03181,45.313,35.970,0.00216,0.00215
0,418,1.0000,-0.00014,-0.00017,-0.00013,-0.00018,-0.007,-0.009,5.5674,4.4117,9.9792,0.5579,-0.14502,0.14503,8,4,-0.15472,0.13528,0.29000,-0.02651,0.4421,1,0.231,1.866,-27.000,1.866,-25.134,-31.669,-0.02863,-0.03181,45.311,35.970,0.00225,0.00228
0,419,1.0000,-0.00014,-0.00018,-0.00014,-0.00019,-0.007,-0.009,5.5716,4.0676,9.6392,0.5780,-0.14502,0.14503,8,4,-0.15472,0.13528,0.29000,-0.03234,0.4220,1,6.823,4.158,-27.000,4.158,-22.842,-31.673,-0.02865,-0.03181,45.308,35.970,0.00216,0.00215
0,420,1.0000,-0.00014,-0.00017,-0.00013,-0.00018,-0.007,-0.009,5.5684,4.4108,9.9792,0.5580,-0.14502,0.14503,8,4,-0.15472,0.13528,0.29000,-0.02654,0.4420,1,0.247,1.866,-27.000,1.866,-25.134,-31.665,-0.02868,-0.03181,45.306,35.970,0.00226,0.00228
25,1,0.0030,-0.00023,-0.00032,-0.00030,-0.00035,-0.019,-0.010,8.2902,3.9265,12.2166,0.6786,-0.14493,0.14601,8,4,-0.15472,0.13528,0.29000,-0.06151,0.3214,1,6.413,2.002,-0.105,2.001,1.894,-4.624,-0.04732,-0.04845,-5.596,4.053,0.00317,0.00176
25,2,0.0060,-0.00023,-0.00031,-0.00030,-0.00034,-0.017,-0.009,8.6146,4.3689,12.9835,0.6635,-0.14492,0.14601,8,4,-0.15472,0.13528,0.29000,-0.05714,0.3365,1,2.134,0.898,-0.213,0.897,0.682,-4.506,-0.04739,-0.04845,-5.663,4.197,0.00183,0.00048
25,3,0.0090,-0.00022,-0.00029,-0.00029,-0.00032,-0.014,-0.006,8.3781,4.2819,12.6600,0.6618,-0.14492,0.14602,8,4,-0.15472,0.13528,0.29000,-0.05663,0.3382,1,-0.039,-0.030,-0.321,0.000,-0.352,-4.426,-0.04747,-0.04845,-5.717,4.340,0.00137,0.00051
25,4,0.0120,-0.00022,-0.00029,-0.00029,-0.00032,-0.014,-0.006,8.1517,3.8775,12.0292,0.6777,-0.14493,0.14602,8,4,-0.15472,0.13528,0.29000,-0.06124,0.3223,1,5.880,2.262,-0.432,2.262,1.829,-4.365,-0.04755,-0.04845,-5.759,4.484,0.00167,0.00078
25,5,0.0150,-0.00021,-0.00028,-0.00028,-0.00031,-0.013,-0.006,8.0297,4.2551,12.2848,0.6536,-0.14493,0.14602,8,4,-0.15472,0.13528,0.29000,-0.05427,0.3464,1,-0.078,-0.030,-0.542,0.000,-0.573,-4.299,-0.04762,-0.04845,-5.789,4.627,0.00142,0.00071
25,6,0.0180,-0.00022,-0.00029,-0.00029,-0.00032,-0.014,-0.007,7.9621,3.8958,11.8579,0.6715,-0.14493,0.14602,8,4,-0.15472,0.13528,0.29000,-0.05944,0.3285,1,7.241,2.262,-0.654,2.262,1.608,-4.255,-0.04767,-0.04845,-5.808,4.770,0.00173,0.00093
25,7,0.0210,-0.00021,-0.00029,-0.00028,-0.00032,-0.014,-0.007,7.9384,4.3310,12.2694,0.6470,-0.14493,0.14602,8,4,-0.15472,0.13528,0.29000,-0.05235,0.3530,1,0.831,0.369,-0.766,0.369,-0.398,-4.216,-0.04771,-0.04845,-5.817,4.914,0.00157,0.00075
25,8,0.0240,-0.00022,-0.00030,-0.00029,-0.00033,-0.015,-0.008,7.9267,4.0034,11.9301,0.6644,-0.14493,0.14601,8,4,-0.15472,0.13528,0.29000,-0.05740,0.3356,1,7.507,2.661,-0.880,2.661,1.780,-4.199,-0.04774,-0.04845,-5.816,5.057,0.00173,0.00093
25,9,0.0270,-0.00022,-0.00030,-0.00028,-0.00033,-0.015,-0.008,7.9248,4.4487,12.3735,0.6405,-0.14493,0.14601,8,4,-0.15472,0.13528,0.29000,-0.05045,0.3595,1,0.668,0.369,-0.995,0.369,-0.626,-4.186,-0.04776,-0.04845,-5.805,5.201,0.00155,0.00073
25,10,0.0300,-0.00023,-0.00031,-0.00029,-0.00034,-0.016,-0.009,7.9163,4.1183,12.0347,0.6578,-0.14493,0.14601,8,4,-0.15472,0.13528,0.29000,-0.05548,0.3422,1,6.839,2.661,-1.109,2.661,1.552,-4.197,-0.04778,-0.04845,-5.786,5.344,0.00180,0.00098
25,11,0.0330,-0.00022,-0.00030,-0.00029,-0.00033,-0.016,-0.009,7.9178,4.5618,12.4796,0.6345,-0.14493,0.14601,8,4,-0.15472,0.13528,0.29000,-0.04871,0.3655,1,-0.127,0.369,-1.226,0.369,-0.857,-4.207,-0.04780,-0.04845,-5.758,5.487,0.00150,0.00072
25,12,0.0360,-0.00023,-0.00031,-0.00029,-0.00034,-0.017,-0.010,7.8887,4.2228,12.1116,0.6513,-0.14493,0.14601,8,4,-0.15472,0.13528,0.29000,-0.05361,0.3487,1,5.501,2.368,-1.343,2.368,1.025,-4.238,-0.04781,-0.04845,-5.720,5.631,0.00179,0.00098
25,13,0.0390,-0.00022,-0.00031,-0.00029,-0.00034,-0.017,-0.010,7.8665,4.6562,12.5227,0.6282,-0.14493,0.14601,8,4,-0.15472,0.13528,0.29000,-0.04689,0.3718,1,-1.795,0.076,-1.460,0.069,-1.384,-4.268,-0.04782,-0.04845,-5.673,5.774,0.00160,0.00078
25,14,0.0420,-0.00023,-0.00031,-0.00029,-0.00034,-0.017,-0.010,7.8354,4.3143,12.1497,0.6449,-0.14493,0.14601,8,4,-0.15472,0.13528,0.29000,-0.05174,0.3551,1,3.429,1.644,-1.579,1.644,0.056,-4.317,-0.04784,-0.04845,-5.616,5.918,0.00166,0.00086
25,15,0.0450,-0.00022,-0.00031,-0.00028,-0.00033,-0.017,-0.010,7.8490,4.5095,12.3585,0.6351,-0.14493,0.14601,8,4,-0.15472,0.13528,0.29000,-0.04890,0.3649,1,0.070,0.036,-1.698,0.040,-1.663,-4.367,-0.04785,-0.04845,-5.550,6.061,0.00141,0.00064
25,16,0.0480,-0.00023,-0.00032,-0.00029,-0.00034,-0.017,-0.010,7.8750,4.1768,12.0518,0.6534,-0.14492,0.14601,8,4,-0.15472,0.13528,0.29000,-0.05421,0.3466,1,5.648,2.327,-1.818,2.327,0.510,-4.434,-0.04787,-0.04845,-5.475,6.204,0.00173,0.00095
25,17,0.0510,-0.00023,-0.00031,-0.00029,-0.00034,-0.017,-0.010,7.9025,4.6160,12.5185,0.6313,-0.14492,0.14601,8,4,-0.15472,0.13528,0.29000,-0.04779,0.3687,1,-1.623,0.036,-1.938,0.040,-1.902,-4.496,-0.04789,-0.04845,-5.393,6.352,0.00161,0.00079
25,18,0.0540,-0.00024,-0.00032,-0.00029,-0.00035,-0.017,-0.011,7.9138,4.2794,12.1932,0.6490,-0.14492,0.14601,8,4,-0.15472,0.13528,0.29000,-0.05294,0.3510,1,3.818,2.327,-2.060,2.327,0.265,-4.572,-0.04791,-0.04845,-5.302,6.509,0.00185,0.00105
25,19,0.0570,-0.00023,-0.00032,-0.00029,-0.00034,-0.017,-0.011,7.9056,4.7098,12.6154,0.6267,-0.14492,0.14601,8,4,-0.15472,0.13528,0.29000,-0.04645,0.3733,1,-3.652,0.036,-2.182,0.040,-2.146,-4.643,-0.04793,-0.04845,-5.203,6.665,0.00159,0.00080
25,20,0.0600,-0.00023,-0.00032,-0.00029,-0.00034,-0.017,-0.010,7.8640,4.3573,12.2212,0.6435,-0.14492,0.14601,8,4,-0.15472,0.13528,0.29000,-0.05132,0.3565,1,1.299,0.930,-2.303,0.930,-1.373,-4.727,-0.04795,-0.04845,-5.095,6.822,0.00151,0.00075
25,21,0.0630,-0.00024,-0.00032,-0.00029,-0.00034,-0.017,-0.011,7.8827,4.3051,12.1878,0.6468,-0.14492,0.14601,8,4,-0.15472,0.13528,0.29000,-0.05228,0.3532,1,1.948,1.507,-2.427,1.507,-0.920,-4.817,-0.04797,-0.04845,-4.979,6.979,0.00157,0.00086
25,22,0.0660,-0.00023,-0.00032,-0.00029,-0.00034,-0.017,-0.010,7.9013,4.5058,12.4071,0.6368,-0.14492,0.14601,8,4,-0.15472,0.13528,0.29000,-0.04940,0.3632,1,-1.581,-0.785,-2.551,-0.784,-3.336,-4.904,-0.04800,-0.04845,-4.854,7.135,0.00136,0.00066
25,23,0.0690,-0.00024,-0.00033,-0.00029,-0.00034,-0.017,-0.011,7.9261,4.1673,12.0934,0.6554,-0.14492,0.14601,8,4,-0.15472,0.13528,0.29000,-0.05479,0.3446,1,3.989,1.507,-2.675,1.507,-1.167,-5.003,-0.04803,-0.04845,-4.722,7.292,0.00147,0.00081
25,24,0.0720,-0.00024,-0.00032,-0.00029,-0.00034,-0.016,-0.010,7.9570,4.5194,12.4764,0.6378,-0.14492,0.14601,8,4,-0.15472,0.13528,0.29000,-0.04967,0.3622,1,-1.888,-0.785,-2.800,-0.784,-3.584,-5.096,-0.04806,-0.04845,-4.583,7.448,0.00124,0.00065
25,25,0.0750,-0.00024,-0.00033,-0.00029,-0.00035,-0.017,-0.011,7.9695,4.1760,12.1456,0.6562,-0.14492,0.14602,8,4,-0.15472,0.13528,0.29000,-0.05501,0.3438,1,3.818,1.507,-2.925,1.507,-1.417,-5.198,-0.04809,-0.04845,-4.437,7.605,0.00156,0.00089
25,26,0.0780,-0.00024,-0.00032,-0.00029,-0.00034,-0.016,-0.010,7.9713,4.5197,12.4910,0.6382,-0.14492,0.14602,8,4,-0.15472,0.13528,0.29000,-0.04979,0.3618,1,-2.090,-0.785,-3.050,-0.784,-3.835,-5.294,-0.04812,-0.04845,-4.285,7.762,0.00143,0.00072
25,27,0.0810,-0.00025,-0.00033,-0.00029,-0.00035,-0.017,-0.011,7.9554,4.1687,12.1242,0.6562,-0.14492,0.14602,8,4,-0.15472,0.13528,0.29000,-0.05501,0.3438,1,3.529,1.507,-3.176,1.507,-1.668,-5.401,-0.04815,-0.04845,-4.127,7.918,0.00172,0.00097
25,28,0.0840,-0.00024,-0.00032,-0.00029,-0.00034,-0.016,-0.011,7.9506,4.5101,12.4607,0.6381,-0.14492,0.14602,8,4,-0.15472,0.13528,0.29000,-0.04976,0.3619,1,-2.399,-0.785,-3.303,-0.784,-4.087,-5.500,-0.04818,-0.04845,-3.962,8.075,0.00151,0.00075
25,29,0.0870,-0.00025,-0.00033,-0.00029,-0.00035,-0.016,-0.011,7.9314,4.1583,12.0897,0.6560,-0.14492,0.14602,8,4,-0.15472,0.13528,0.29000,-0.05497,0.3440,1,3.144,1.289,-3.429,1.289,-2.140,-5.609,-0.04821,-0.04845,-3.791,8.231,0.00171,0.00094
25,30,0.0900,-0.00024,-0.00032,-0.00029,-0.00034,-0.016,-0.011,7.9285,4.4252,12.3537,0.6418,-0.14492,0.14602,8,4,-0.15472,0.13528,0.29000,-0.05084,0.3582,1,-1.599,-0.768,-3.555,-0.767,-4.324,-5.714,-0.04824,-0.04845,-3.613,8.388,0.00151,0.00073
25,31,0.0930,-0.00025,-0.00033,-0.00029,-0.00035,-0.016,-0.011,7.9315,4.0767,12.0083,0.6605,-0.14492,0.14602,8,4,-0.15472,0.13528,0.29000,-0.05627,0.3395,1,4.243,1.524,-3.683,1.524,-2.159,-5.828,-0.04827,-0.04845,-3.428,8.545,0.00179,0.00102
25,32,0.0960,-0.00025,-0.00033,-0.00029,-0.00034,-0.016,-0.011,7.9405,4.4991,12.4396,0.6383,-0.14491,0.14602,8,4,-0.15472,0.13528,0.29000,-0.04983,0.3617,1,-2.954,-0.768,-3.811,-0.767,-4.579,-5.932,-0.04830,-0.04845,-3.239,8.701,0.00157,0.00079
25,33,0.0990,-0.00025,-0.00033,-0.00029,-0.00035,-0.016,-0.011,7.9227,4.1463,12.0689,0.6565,-0.14491,0.14602,8,4,-0.15472,0.13528,0.29000,-0.05509,0.3435,1,2.697,1.524,-3.938,1.524,-2.414,-6.046,-0.04833,-0.04845,-3.044,8.858,0.00180,0.00102
25,34,0.1020,-0.00025,-0.00033,-0.00029,-0.00034,-0.016,-0.011,7.9095,4.4836,12.3930,0.6382,-0.14491,0.14602,8,4,-0.15472,0.13528,0.29000,-0.04980,0.3618,1,-3.290,-0.768,-4.066,-0.767,-4.834,-6.153,-0.04836,-0.04845,-2.844,9.017,0.00158,0.00079
25,35,0.1050,-0.00025,-0.00034,-0.00029,-0.00035,-0.016,-0.011,7.8941,4.1284,12.0226,0.6566,-0.14491,0.14602,8,4,-0.15472,0.13528,0.29000,-0.05514,0.3434,1,2.425,1.524,-4.194,1.524,-2.670,-6.268,-0.04839,-0.04845,-2.638,9.178,0.00179,0.00100
25,36,0.1080,-0.00025,-0.00033,-0.00029,-0.00034,-0.016,-0.011,7.8854,4.4661,12.3514,0.6384,-0.14491,0.14603,8,4,-0.15472,0.13528,0.29000,-0.04986,0.3616,1,-3.588,-0.768,-4.322,-0.767,-5.090,-6.375,-0.04843,-0.04845,-2.427,9.339,0.00157,0.00078
25,37,0.1110,-0.00026,-0.00034,-0.00029,-0.00035,-0.016,-0.011,7.8717,4.1114,11.9831,0.6569,-0.14491,0.14603,8,4,-0.15472,0.13528,0.29000,-0.05522,0.3431,1,2.153,1.524,-4.451,1.524,-2.927,-6.491,-0.04846,-0.04845,-2.212,9.500,0.00178,0.00100
25,38,0.1140,-0.00025,-0.00033,-0.00029,-0.00034,-0.015,-0.011,7.8738,4.4493,12.3231,0.6389,-0.14491,0.14603,8,4,-0.15472,0.13528,0.29000,-0.05001,0.3611,1,-3.748,-0.768,-4.579,-0.767,-5.347,-6.599,-0.04849,-0.04845,-1.992,9.660,0.00156,0.00077
25,39,0.1170,-0.00026,-0.00034,-0.00029,-0.00035,-0.016,-0.011,7.8679,4.0962,11.9642,0.6576,-0.14491,0.14603,8,4,-0.15472,0.13528,0.29000,-0.05543,0.3424,1,2.087,1.524,-4.708,1.524,-3.184,-6.716,-0.04853,-0.04845,-1.766,9.821,0.00178,0.00099
25,40,0.1200,-0.00025,-0.00033,-0.00029,-0.00034,-0.015,-0.011,7.8700,4.4353,12.3053,0.6396,-0.14491,0.14603,8,4,-0.15472,0.13528,0.29000,-0.05019,0.3604,1,-3.794,-0.768,-4.836,-0.767,-5.604,-6.825,-0.04856,-0.04845,-1.538,9.982,0.00157,0.00077
25,41,0.1230,-0.00026,-0.00034,-0.00029,-0.00035,-0.015,-0.011,7.8659,4.0817,11.9476,0.6584,-0.14491,0.14603,8,4,-0.15472,0.13528,0.29000,-0.05565,0.3416,1,2.174,1.524,-4.964,1.524,-3.440,-6.943,-0.04859,-0.04845,-1.305,10.143,0.00179,0.00099
25,42,0.1260,-0.00026,-0.00033,-0.00029,-0.00034,-0.015,-0.011,7.8721,4.4200,12.2921,0.6404,-0.14491,0.14603,8,4,-0.15472,0.13528,0.29000,-0.05044,0.3596,1,-3.591,-0.768,-5.093,-0.767,-5.861,-7.052,-0.04862,-0.04845,-1.068,10.304,0.00158,0.00077
25,43,0.1290,-0.00026,-0.00034,-0.00029,-0.00035,-0.015,-0.011,7.8694,4.0667,11.9360,0.6593,-0.14491,0.14603,8,4,-0.15472,0.13528,0.29000,-0.05591,0.3407,1,2.469,1.524,-5.221,1.524,-3.697,-7.170,-0.04865,-0.04845,-0.828,10.464,0.00180,0.00099
25,44,0.1320,-0.00026,-0.00033,-0.00029,-0.00034,-0.015,-0.011,7.8711,4.4058,12.2769,0.6411,-0.14491,0.14603,8,4,-0.15472,0.13528,0.29000,-0.05065,0.3589,1,-3.288,-0.768,-5.349,-0.767,-6.117,-7.280,-0.04868,-0.04845,-0.585,10.625,0.00159,0.00077
25,45,0.1350,-0.00026,-0.00034,-0.00029,-0.00035,-0.015,-0.011,7.8699,4.0497,11.9197,0.6602,-0.14491,0.14603,8,4,-0.15472,0.13528,0.29000,-0.05619,0.3398,1,2.944,1.524,-5.477,1.524,-3.953,-7.398,-0.04871,-0.04845,-0.338,10.786,0.00181,0.00099
25,46,0.1380,-0.00026,-0.00033,-0.00029,-0.00034,-0.015,-0.011,7.8718,4.3896,12.2614,0.6420,-0.14491,0.14604,8,4,-0.15472,0.13528,0.29000,-0.05090,0.3580,1,-2.768,-0.768,-5.605,-0.767,-6.373,-7.508,-0.04874,-0.04845,-0.090,10.947,0.00161,0.00078
25,47,0.1410,-0.00027,-0.00034,-0.00029,-0.00035,-0.015,-0.011,7.8679,4.0350,11.9029,0.6610,-0.14491,0.14604,8,4,-0.15472,0.13528,0.29000,-0.05641,0.3390,1,3.509,1.524,-5.733,1.524,-4.209,-7.626,-0.04876,-0.04845,0.163,11.108,0.00183,0.00100
25,48,0.1440,-0.00026,-0.00033,-0.00029,-0.00034,-0.014,-0.011,7.8708,4.3725,12.2433,0.6429,-0.14491,0.14604,8,4,-0.15472,0.13528,0.29000,-0.05115,0.3571,1,-2.086,-0.768,-5.860,-0.767,-6.628,-7.737,-0.04879,-0.04845,0.417,11.268,0.00162,0.00078
25,49,0.1470,-0.00027,-0.00034,-0.00029,-0.00035,-0.015,-0.011,7.8688,4.0185,11.8873,0.6620,-0.14491,0.14604,8,4,-0.15472,0.13528,0.29000,-0.05668,0.3381,1,4.292,1.524,-5.988,1.524,-4.464,-7.855,-0.04881,-0.04845,0.674,11.429,0.00185,0.00100
25,50,0.1500,-0.00026,-0.00033,-0.00029,-0.00034,-0.014,-0.011,7.8699,4.3591,12.2290,0.6435,-0.14491,0.14604,8,4,-0.15472,0.13528,0.29000,-0.05135,0.3565,1,-1.314,-0.768,-6.115,-0.767,-6.883,-7.966,-0.04882,-0.04845,0.933,11.590,0.00164,0.00078
25,51,0.1530,-0.00027,-0.00034,-0.00029,-0.00035,-0.014,-0.011,7.8694,4.0016,11.8710,0.6629,-0.14491,0.14604,8,4,-0.15472,0.13528,0.29000,-0.05696,0.3371,1,5.238,1.524,-6.242,1.524,-4.718,-8.084,-0.04884,-0.04845,1.195,11.746,0.00186,0.00100
25,52,0.1560,-0.00026,-0.00033,-0.00029,-0.00034,-0.014,-0.011,7.8725,4.3437,12.2161,0.6444,-0.14491,0.14604,8,4,-0.15472,0.13528,0.29000,-0.05160,0.3556,1,-0.310,-0.284,-6.368,-0.283,-6.651,-8.196,-0.04885,-0.04845,1.457,11.902,0.00166,0.00079
25,53,0.1590,-0.00027,-0.00034,-0.00029,-0.00035,-0.014,-0.011,7.8719,3.9895,11.8614,0.6637,-0.14491,0.14604,8,4,-0.15472,0.13528,0.29000,-0.05718,0.3363,1,6.281,2.008,-6.494,2.008,-4.486,-8.314,-0.04886,-0.04845,1.723,12.058,0.00194,0.00107
25,54,0.1620,-0.00026,-0.00034,-0.00029,-0.00034,-0.014,-0.011,7.8630,4.4156,12.2786,0.6404,-0.14491,0.14604,8,4,-0.15472,0.13528,0.29000,-0.05043,0.3596,1,-0.749,-0.284,-6.620,-0.283,-6.903,-8.424,-0.04887,-0.04845,1.989,12.214,0.00174,0.00084
25,55,0.1650,-0.00027,-0.00034,-0.00029,-0.00035,-0.014,-0.012,7.8413,4.0525,11.8938,0.6593,-0.14491,0.14604,8,4,-0.15472,0.13528,0.29000,-0.05591,0.3407,1,5.717,2.008,-6.745,2.008,-4.736,-8.541,-0.04887,-0.04845,2.258,12.370,0.00200,0.00111
25,56,0.1680,-0.00026,-0.00034,-0.00029,-0.00035,-0.014,-0.011,7.8139,4.4682,12.2822,0.6362,-0.14491,0.14604,8,4,-0.15472,0.13528,0.29000,-0.04922,0.3638,1,-1.352,-0.284,-6.870,-0.283,-7.153,-8.649,-0.04887,-0.04845,2.528,12.526,0.00179,0.00087
25,57,0.1710,-0.00027,-0.00034,-0.00029,-0.00035,-0.015,-0.012,7.7791,4.1051,11.8842,0.6546,-0.14491,0.14604,8,4,-0.15472,0.13528,0.29000,-0.05455,0.3454,1,4.789,2.008,-6.994,2.008,-4.986,-8.764,-0.04887,-0.04845,2.801,12.682,0.00198,0.00106
25,58,0.1740,-0.00026,-0.00034,-0.00029,-0.00034,-0.014,-0.012,7.7522,4.4368,12.1890,0.6360,-0.14491,0.14604,8,4,-0.15472,0.13528,0.29000,-0.04916,0.3640,1,-1.017,-0.284,-7.118,-0.283,-7.401,-8.872,-0.04887,-0.04845,3.074,12.838,0.00175,0.00082
25,59,0.1770,-0.00027,-0.00034,-0.00029,-0.00035,-0.014,-0.012,7.7378,4.0771,11.8149,0.6549,-0.14491,0.14604,8,4,-0.15472,0.13528,0.29000,-0.05465,0.3451,1,5.199,2.008,-7.241,2.008,-5.233,-8.988,-0.04887,-0.04845,3.350,12.994,0.00195,0.00102
25,60,0.1800,-0.00026,-0.00033,-0.00028,-0.00034,-0.014,-0.011,7.7342,4.4192,12.1534,0.6364,-0.14491,0.14604,8,4,-0.15472,0.13528,0.29000,-0.04927,0.3636,1,-0.616,-0.284,-7.364,-0.283,-7.648,-9.096,-0.04886,-0.04845,3.626,13.150,0.00171,0.00079
25,61,0.1830,-0.00027,-0.00034,-0.00029,-0.00035,-0.014,-0.012,7.7367,4.0580,11.7947,0.6559,-0.14491,0.14604,8,4,-0.15472,0.13528,0.29000,-0.05494,0.3441,1,5.845,2.008,-7.486,2.008,-5.478,-9.212,-0.04886,-0.04845,3.905,13.306,0.00193,0.00100
25,62,0.1860,-0.00026,-0.00033,-0.00028,-0.00034,-0.014,-0.011,7.7474,4.4043,12.1517,0.6376,-0.14491,0.14604,8,4,-0.15472,0.13528,0.29000,-0.04961,0.3624,1,0.185,0.180,-7.607,0.177,-7.427,-9.321,-0.04885,-0.04845,4.184,13.462,0.00172,0.00079
25,63,0.1890,-0.00027,-0.00034,-0.00029,-0.00035,-0.014,-0.012,7.7613,4.0507,11.8120,0.6571,-0.14491,0.14604,8,4,-0.15472,0.13528,0.29000,-0.05527,0.3429,1,6.758,2.472,-7.729,2.472,-5.257,-9.437,-0.04884,-0.04845,4.465,13.618,0.00200,0.00106
25,64,0.1920,-0.00026,-0.00033,-0.00029,-0.00034,-0.014,-0.012,7.7620,4.4790,12.2410,0.6341,-0.14491,0.14604,8,4,-0.15472,0.13528,0.29000,-0.04861,0.3659,1,-0.273,0.180,-7.849,0.177,-7.669,-9.544,-0.04883,-0.04845,4.746,13.774,0.00180,0.00084
25,65,0.1950,-0.00027,-0.00034,-0.00029,-0.00035,-0.014,-0.012,7.7490,4.1132,11.8622,0.6533,-0.14491,0.14604,8,4,-0.15472,0.13528,0.29000,-0.05416,0.3467,1,6.221,2.472,-7.968,2.472,-5.496,-9.658,-0.04882,-0.04845,5.029,13.930,0.00208,0.00111
25,66,0.1980,-0.00026,-0.00033,-0.00028,-0.00034,-0.014,-0.012,7.7272,4.5299,12.2571,0.6304,-0.14491,0.14604,8,4,-0.15472,0.13528,0.29000,-0.04754,0.3696,1,-0.813,0.180,-8.087,0.177,-7.907,-9.764,-0.04881,-0.04845,5.310,14.086,0.00187,0.00088
25,67,0.2010,-0.00027,-0.00034,-0.00029,-0.00035,-0.014,-0.012,7.7018,4.1662,11.8679,0.6490,-0.14491,0.14604,8,4,-0.15472,0.13528,0.29000,-0.05292,0.3510,1,5.353,2.472,-8.205,2.471,-5.733,-9.876,-0.04879,-0.04845,5.594,14.237,0.00206,0.00107
25,68,0.2040,-0.00026,-0.00033,-0.00028,-0.00034,-0.014,-0.012,7.6738,4.4994,12.1733,0.6304,-0.14491,0.14604,8,4,-0.15472,0.13528,0.29000,-0.04753,0.3696,1,-0.492,0.180,-8.322,0.177,-8.142,-9.982,-0.04878,-0.04845,5.878,14.380,0.00184,0.00084
25,69,0.2070,-0.00027,-0.00034,-0.00029,-0.00035,-0.014,-0.012,7.6637,4.1376,11.8013,0.6494,-0.14491,0.14604,8,4,-0.15472,0.13528,0.29000,-0.05304,0.3506,1,5.747,2.472,-8.438,2.472,-5.967,-10.094,-0.04876,-0.04845,6.163,14.522,0.00204,0.00104
25,70,0.2100,-0.00026,-0.00033,-0.00028,-0.00034,-0.014,-0.012,7.6597,4.4838,12.1435,0.6308,-0.14491,0.14604,8,4,-0.15472,0.13528,0.29000,-0.04764,0.3692,1,-0.130,0.180,-8.555,0.177,-8.375,-10.199,-0.04875,-0.04845,6.448,14.664,0.00180,0.00080
25,71,0.2130,-0.00026,-0.00033,-0.00028,-0.00035,-0.014,-0.012,7.6611,4.1177,11.7788,0.6504,-0.14491,0.14604,8,4,-0.15472,0.13528,0.29000,-0.05334,0.3496,1,6.337,2.472,-8.668,2.472,-6.197,-10.312,-0.04873,-0.04845,6.735,14.806,0.00202,0.00102
25,72,0.2160,-0.00026,-0.00033,-0.00028,-0.00034,-0.013,-0.012,7.6695,4.4679,12.1374,0.6319,-0.14491,0.14604,8,4,-0.15472,0.13528,0.29000,-0.04797,0.3681,1,0.602,0.602,-8.782,0.601,-8.180,-10.418,-0.04871,-0.04845,7.020,14.948,0.00181,0.00081
25,73,0.2190,-0.00026,-0.00033,-0.00028,-0.00035,-0.014,-0.012,7.6873,4.1125,11.7998,0.6515,-0.14491,0.14604,8,4,-0.15472,0.13528,0.29000,-0.05365,0.3485,1,7.163,2.894,-8.896,2.894,-6.002,-10.529,-0.04869,-0.04845,7.308,15.091,0.00209,0.00108
25,74,0.2220,-0.00026,-0.00033,-0.00028,-0.00034,-0.013,-0.012,7.6877,4.5408,12.2285,0.6287,-0.14491,0.14604,8,4,-0.15472,0.13528,0.29000,-0.04703,0.3713,1,0.125,0.602,-9.007,0.601,-8.405,-10.633,-0.04867,-0.04845,7.593,15.233,0.00188,0.00085
25,75,0.2250,-0.00026,-0.00033,-0.00028,-0.00035,-0.014,-0.012,7.6756,4.1703,11.8459,0.6480,-0.14491,0.14604,8,4,-0.15472,0.13528,0.29000,-0.05263,0.3520,1,6.618,2.894,-9.117,2.894,-6.224,-10.744,-0.04865,-0.04845,7.881,15.375,0.00216,0.00113
25,76,0.2280,-0.00026,-0.00033,-0.00028,-0.00034,-0.013,-0.012,7.6556,4.5838,12.2394,0.6255,-0.14491,0.14604,8,4,-0.15472,0.13528,0.29000,-0.04611,0.3745,1,-0.351,0.602,-9.228,0.601,-8.626,-10.846,-0.04863,-0.04845,8.166,15.517,0.00195,0.00089
25,77,0.2310,-0.00026,-0.00033,-0.00028,-0.00034,-0.014,-0.012,7.6393,4.2192,11.8586,0.6442,-0.14491,0.14604,8,4,-0.15472,0.13528,0.29000,-0.05154,0.3558,1,5.837,2.894,-9.337,2.894,-6.443,-10.954,-0.04860,-0.04845,8.453,15.659,0.00214,0.00109
25,78,0.2340,-0.00025,-0.00032,-0.00027,-0.00033,-0.013,-0.012,7.6108,4.5561,12.1669,0.6255,-0.14491,0.14604,8,4,-0.15472,0.13528,0.29000,-0.04612,0.3745,1,-0.086,0.602,-9.444,0.601,-8.842,-11.057,-0.04858,-0.04845,8.739,15.802,0.00192,0.00086
25,79,0.2370,-0.00026,-0.00033,-0.00028,-0.00034,-0.013,-0.012,7.6077,4.1927,11.8004,0.6447,-0.14491,0.14604,8,4,-0.15472,0.13528,0.29000,-0.05168,0.3553,1,6.190,2.894,-9.550,2.894,-6.657,-11.165,-0.04855,-0.04845,9.026,15.944,0.00212,0.00107
25,80,0.2400,-0.00025,-0.00032,-0.00027,-0.00033,-0.013,-0.012,7.6069,4.5461,12.1530,0.6259,-0.14491,0.14604,8,4,-0.15472,0.13528,0.29000,-0.04624,0.3741,1,0.238,0.602,-9.657,0.601,-9.055,-11.266,-0.04853,-0.04845,9.312,16.086,0.00188,0.00082
25,81,0.2430,-0.00026,-0.00032,-0.00028,-0.00034,-0.013,-0.012,7.6083,4.1751,11.7834,0.6457,-0.14491,0.14604,8,4,-0.15472,0.13528,0.29000,-0.05197,0.3543,1,6.721,2.894,-9.760,2.894,-6.866,-11.375,-0.04850,-0.04845,9.599,16.228,0.00212,0.00106
25,82,0.2460,-0.00025,-0.00032,-0.00027,-0.00033,-0.013,-0.012,7.6150,4.5311,12.1461,0.6270,-0.14491,0.14604,8,4,-0.15472,0.13528,0.29000,-0.04654,0.3730,1,0.897,0.897,-9.863,0.896,-8.966,-11.477,-0.04848,-0.04845,9.884,16.370,0.00190,0.00084
25,83,0.2490,-0.00026,-0.00032,-0.00028,-0.00034,-0.013,-0.012,7.6375,4.1739,11.8114,0.6466,-0.14491,0.14604,8,4,-0.15472,0.13528,0.29000,-0.05224,0.3534,1,7.456,3.189,-9.966,3.188,-6.777,-11.584,-0.04845,-0.04845,10.170,16.513,0.00218,0.00113
25,84,0.2520,-0.00025,-0.00032,-0.00027,-0.00033,-0.013,-0.012,7.6375,4.6019,12.2394,0.6240,-0.14491,0.14604,8,4,-0.15472,0.13528,0.29000,-0.04568,0.3760,1,0.431,0.897,-10.068,0.896,-9.171,-11.684,-0.04843,-0.04845,10.452,16.655,0.00197,0.00089
25,85,0.2550,-0.00026,-0.00032,-0.00027,-0.00034,-0.013,-0.012,7.6657,4.2386,11.9043,0.6439,-0.14491,0.14604,8,4,-0.15472,0.13528,0.29000,-0.05146,0.3561,1,7.099,3.189,-10.171,3.188,-6.982,-11.788,-0.04840,-0.04845,10.736,16.797,0.00221,0.00112
25,86,0.2580,-0.00025,-0.00031,-0.00027,-0.00033,-0.013,-0.012,7.6584,4.6265,12.2849,0.6234,-0.14491,0.14604,8,4,-0.15472,0.13528,0.29000,-0.04551,0.3766,1,0.679,0.897,-10.273,0.896,-9.376,-11.885,-0.04837,-0.04845,11.016,16.939,0.00200,0.00089
25,87,0.2610,-0.00025,-0.00032,-0.00027,-0.00034,-0.013,-0.012,7.6464,4.2595,11.9058,0.6422,-0.14491,0.14604,8,4,-0.15472,0.13528,0.29000,-0.05097,0.3578,1,6.979,3.189,-10.376,3.188,-7.188,-11.988,-0.04834,-0.04845,11.294,17.081,0.00222,0.00113
25,88,0.2640,-0.00025,-0.00031,-0.00027,-0.00033,-0.012,-0.012,7.6883,4.6203,12.3086,0.6246,-0.14491,0.14604,8,4,-0.15472,0.13528,0.29000,-0.04586,0.3754,1,1.527,1.527,-10.481,1.527,-8.954,-12.080,-0.04831,-0.04845,11.570,17.224,0.00195,0.00085
25,89,0.2670,-0.00025,-0.00032,-0.00027,-0.00033,-0.012,-0.012,7.6952,4.2622,11.9575,0.6436,-0.14491,0.14604,8,4,-0.15472,0.13528,0.29000,-0.05135,0.3564,1,7.804,3.819,-10.587,3.819,-6.767,-12.180,-0.04828,-0.04845,11.847,17.366,0.00226,0.00116
25,90,0.2700,-0.00025,-0.00031,-0.00027,-0.00033,-0.012,-0.012,7.6492,4.6779,12.3271,0.6205,-0.14491,0.14604,8,4,-0.15472,0.13528,0.29000,-0.04467,0.3795,1,0.712,1.527,-10.692,1.527,-9.164,-12.273,-0.04824,-0.04845,12.118,17.508,0.00207,0.00095
25,91,0.2730,-0.00025,-0.00032,-0.00027,-0.00033,-0.013,-0.012,7.6687,4.3125,11.9812,0.6401,-0.14491,0.14604,8,4,-0.15472,0.13528,0.29000,-0.05034,0.3599,1,7.305,3.819,-10.800,3.819,-6.980,-12.366,-0.04821,-0.04845,12.392,17.650,0.00232,0.00121
25,92,0.2760,-0.00024,-0.00031,-0.00026,-0.00032,-0.012,-0.012,7.6200,4.7340,12.3540,0.6168,-0.14491,0.14604,8,4,-0.15472,0.13528,0.29000,-0.04359,0.3832,1,-0.055,1.527,-10.908,1.527,-9.380,-12.455,-0.04818,-0.04845,12.663,17.792,0.00211,0.00097
25,93,0.2790,-0.00025,-0.00031,-0.00026,-0.00033,-0.013,-0.013,7.5566,4.3547,11.9113,0.6344,-0.14491,0.14604,8,4,-0.15472,0.13528,0.29000,-0.04870,0.3656,1,5.751,3.819,-11.015,3.819,-7.196,-12.548,-0.04814,-0.04845,12.936,17.935,0.00239,0.00127
25,94,0.2820,-0.00024,-0.00030,-0.00026,-0.00032,-0.013,-0.013,7.4725,4.7599,12.2324,0.6109,-0.14492,0.14604,8,4,-0.15472,0.13528,0.29000,-0.04187,0.3891,1,-1.828,1.527,-11.125,1.527,-9.597,-12.635,-0.04811,-0.04845,13.205,18.077,0.00214,0.00100
25,95,0.2850,-0.00024,-0.00031,-0.00026,-0.00032,-0.013,-0.013,7.4687,4.3925,11.8612,0.6297,-0.14492,0.14604,8,4,-0.15472,0.13528,0.29000,-0.04733,0.3703,1,4.074,3.657,-11.235,3.657,-7.578,-12.725,-0.04807,-0.04845,13.477,18.219,0.00225,0.00112
25,96,0.2880,-0.00023,-0.00030,-0.00025,-0.00031,-0.012,-0.012,7.4372,4.6880,12.1253,0.6134,-0.14492,0.14604,8,4,-0.15472,0.13528,0.29000,-0.04260,0.3866,1,-1.521,1.365,-11.345,1.365,-9.980,-12.813,-0.04805,-0.04845,13.747,18.361,0.00200,0.00087
25,97,0.2910,-0.00024,-0.00030,-0.00025,-0.00032,-0.012,-0.012,7.4189,4.3212,11.7401,0.6319,-0.14492,0.14604,8,4,-0.15472,0.13528,0.29000,-0.04798,0.3681,1,4.253,3.408,-11.456,3.408,-8.048,-12.908,-0.04802,-0.04845,14.017,18.503,0.00217,0.00106
25,98,0.2940,-0.00023,-0.00029,-0.00025,-0.00031,-0.012,-0.012,7.4576,4.5958,12.0534,0.6187,-0.14492,0.14604,8,4,-0.15472,0.13528,0.29000,-0.04415,0.3813,1,-0.123,1.116,-11.569,1.116,-10.452,-12.997,-0.04799,-0.04845,14.285,18.646,0.00191,0.00081
25,99,0.2970,-0.00024,-0.00029,-0.00025,-0.00031,-0.011,-0.012,7.4879,4.2466,11.7345,0.6381,-0.14492,0.14604,8,4,-0.15472,0.13528,0.29000,-0.04977,0.3619,1,6.107,3.408,-11.681,3.408,-8.273,-13.095,-0.04797,-0.04845,14.555,18.788,0.00220,0.00111
25,100,0.3000,-0.00023,-0.00029,-0.00025,-0.00031,-0.011,-0.012,7.4746,4.5998,12.0744,0.6190,-0.14492,0.14604,8,4,-0.15472,0.13528,0.29000,-0.04424,0.3810,1,0.166,1.116,-11.793,1.116,-10.677,-13.189,-0.04795,-0.04845,14.821,18.930,0.00202,0.00093
25,101,0.3030,-0.00023,-0.00029,-0.00025,-0.00031,-0.011,-0.012,7.5227,4.2498,11.7725,0.6390,-0.14492,0.14604,8,4,-0.15472,0.13528,0.29000,-0.05003,0.3610,1,6.876,3.408,-11.908,3.408,-8.499,-13.286,-0.04792,-0.04845,15.090,19.088,0.00227,0.00118
25,102,0.3060,-0.00023,-0.00028,-0.00024,-0.00030,-0.011,-0.011,7.5116,4.6102,12.1219,0.6197,-0.14492,0.14604,8,4,-0.15472,0.13528,0.29000,-0.04443,0.3803,1,0.867,1.116,-12.022,1.116,-10.906,-13.382,-0.04789,-0.04845,15.356,19.246,0.00207,0.00097
25,103,0.3090,-0.00023,-0.00029,-0.00025,-0.00031,-0.011,-0.012,7.4939,4.2496,11.7435,0.6381,-0.14492,0.14604,8,4,-0.15472,0.13528,0.29000,-0.04978,0.3619,1,7.112,3.408,-12.136,3.408,-8.728,-13.484,-0.04786,-0.04845,15.625,19.403,0.00234,0.00125
25,104,0.3120,-0.00022,-0.00028,-0.00024,-0.00030,-0.011,-0.011,7.4530,4.5994,12.0524,0.6184,-0.14492,0.14604,8,4,-0.15472,0.13528,0.29000,-0.04405,0.3816,1,1.000,1.116,-12.252,1.116,-11.135,-13.582,-0.04783,-0.04845,15.891,19.561,0.00212,0.00101
25,105,0.3150,-0.00023,-0.00028,-0.00024,-0.00030,-0.011,-0.012,7.4792,4.2483,11.7274,0.6377,-0.14492,0.14604,8,4,-0.15472,0.13528,0.29000,-0.04967,0.3623,1,7.443,3.408,-12.367,3.408,-8.959,-13.685,-0.04780,-0.04845,16.159,19.719,0.00233,0.00124
25,106,0.3180,-0.00022,-0.00028,-0.00024,-0.00030,-0.011,-0.011,7.4595,4.6075,12.0670,0.6182,-0.14492,0.14604,8,4,-0.15472,0.13528,0.29000,-0.04399,0.3818,1,1.238,1.116,-12.483,1.116,-11.367,-13.786,-0.04777,-0.04845,16.426,19.877,0.00211,0.00100
25,107,0.3210,-0.00023,-0.00028,-0.00024,-0.00030,-0.011,-0.012,7.4450,4.2492,11.6943,0.6366,-0.14492,0.14604,8,4,-0.15472,0.13528,0.29000,-0.04934,0.3634,1,7.354,3.408,-12.600,3.408,-9.191,-13.894,-0.04774,-0.04845,16.694,20.035,0.00235,0.00128
25,108,0.3240,-0.00022,-0.00027,-0.00023,-0.00029,-0.010,-0.011,7.4515,4.6090,12.0605,0.6178,-0.14492,0.14604,8,4,-0.15472,0.13528,0.29000,-0.04389,0.3822,1,1.420,1.116,-12.717,1.116,-11.600,-13.996,-0.04771,-0.04845,16.961,20.192,0.00211,0.00101
25,109,0.3270,-0.00022,-0.00028,-0.00024,-0.00030,-0.011,-0.012,7.4528,4.2581,11.7108,0.6364,-0.14492,0.14604,8,4,-0.15472,0.13528,0.29000,-0.04927,0.3636,1,7.484,3.408,-12.834,3.408,-9.426,-14.107,-0.04768,-0.04845,17.231,20.350,0.00236,0.00129
25,110,0.3300,-0.00022,-0.00027,-0.00023,-0.00029,-0.010,-0.011,7.4184,4.6102,12.0286,0.6167,-0.14492,0.14604,8,4,-0.15472,0.13528,0.29000,-0.04357,0.3833,1,1.244,1.116,-12.951,1.116,-11.835,-14.214,-0.04765,-0.04845,17.498,20.508,0.00214,0.00105
25,111,0.3330,-0.00022,-0.00027,-0.00023,-0.00029,-0.011,-0.012,7.4422,4.2593,11.7015,0.6360,-0.14492,0.14604,8,4,-0.15472,0.13528,0.29000,-0.04916,0.3640,1,7.552,3.408,-13.070,3.408,-9.662,-14.325,-0.04762,-0.04845,17.768,20.666,0.00236,0.00131
25,112,0.3360,-0.00021,-0.00026,-0.00023,-0.00029,-0.010,-0.011,7.4214,4.6181,12.0395,0.6164,-0.14492,0.14604,8,4,-0.15472,0.13528,0.29000,-0.04348,0.3836,1,1.256,1.116,-13.188,1.116,-12.072,-14.434,-0.04759,-0.04845,18.036,20.824,0.00215,0.00107
25,113,0.3390,-0.00022,-0.00027,-0.00023,-0.00029,-0.010,-0.012,7.4109,4.2618,11.6727,0.6349,-0.14492,0.14604,8,4,-0.15472,0.13528,0.29000,-0.04884,0.3651,1,7.271,3.408,-13.307,3.408,-9.898,-14.550,-0.04756,-0.04845,18.308,20.981,0.00240,0.00135
25,114,0.3420,-0.00021,-0.00026,-0.00023,-0.00028,-0.010,-0.011,7.3772,4.6144,11.9917,0.6152,-0.14492,0.14603,8,4,-0.15472,0.13528,0.29000,-0.04313,0.3848,1,0.935,1.116,-13.425,1.116,-12.309,-14.662,-0.04753,-0.04845,18.578,21.139,0.00217,0.00110
25,115,0.3450,-0.00021,-0.00027,-0.00023,-0.00029,-0.010,-0.012,7.4004,4.2651,11.6655,0.6344,-0.14492,0.14604,8,4,-0.15472,0.13528,0.29000,-0.04869,0.3656,1,7.116,3.408,-13.545,3.408,-10.136,-14.779,-0.04750,-0.04845,18.850,21.297,0.00239,0.00136
25,116,0.3480,-0.00021,-0.00026,-0.00022,-0.00028,-0.010,-0.011,7.3834,4.6247,12.0081,0.6149,-0.14492,0.14603,8,4,-0.15472,0.13528,0.29000,-0.04303,0.3851,1,0.742,1.116,-13.664,1.116,-12.548,-14.893,-0.04747,-0.04845,19.122,21.455,0.00216,0.00111
25,117,0.3510,-0.00021,-0.00026,-0.00023,-0.00028,-0.010,-0.012,7.3813,4.2709,11.6522,0.6335,-0.14492,0.14603,8,4,-0.15472,0.13528,0.29000,-0.04843,0.3665,1,6.704,3.408,-13.783,3.408,-10.375,-15.013,-0.04744,-0.04845,19.396,21.614,0.00240,0.00138
25,118,0.3540,-0.00021,-0.00026,-0.00022,-0.00028,-0.010,-0.011,7.3801,4.6303,12.0104,0.6145,-0.14492,0.14603,8,4,-0.15472,0.13528,0.29000,-0.04292,0.3855,1,0.500,1.116,-13.903,1.116,-12.787,-15.129,-0.04742,-0.04845,19.668,21.777,0.00217,0.00112
25,119,0.3570,-0.00021,-0.00026,-0.00022,-0.00028,-0.010,-0.012,7.3876,4.2804,11.6679,0.6332,-0.14492,0.14603,8,4,-0.15472,0.13528,0.29000,-0.04833,0.3668,1,6.427,3.408,-14.023,3.408,-10.615,-15.251,-0.04739,-0.04845,19.944,21.939,0.00242,0.00141
25,120,0.3600,-0.00020,-0.00025,-0.00022,-0.00027,-0.010,-0.011,7.3608,4.6350,11.9958,0.6136,-0.14492,0.14603,8,4,-0.15472,0.13528,0.29000,-0.04267,0.3864,1,0.018,1.116,-14.143,1.116,-13.027,-15.369,-0.04737,-0.04845,20.218,22.102,0.00219,0.00116
25,121,0.3630,-0.00021,-0.00026,-0.00022,-0.00028,-0.010,-0.012,7.3606,4.2810,11.6416,0.6323,-0.14492,0.14603,8,4,-0.15472,0.13528,0.29000,-0.04808,0.3677,1,5.930,3.408,-14.263,3.408,-10.855,-15.493,-0.04735,-0.04845,20.495,22.265,0.00243,0.00144
25,122,0.3660,-0.00020,-0.00025,-0.00021,-0.00027,-0.010,-0.011,7.3545,4.6397,11.9942,0.6132,-0.14492,0.14603,8,4,-0.15472,0.13528,0.29000,-0.04254,0.3868,1,-0.390,1.116,-14.383,1.116,-13.267,-15.612,-0.04733,-0.04845,20.770,22.427,0.00218,0.00117
25,123,0.3690,-0.00020,-0.00025,-0.00022,-0.00028,-0.010,-0.012,7.3656,4.2900,11.6556,0.6319,-0.14492,0.14603,8,4,-0.15472,0.13528,0.29000,-0.04798,0.3681,1,5.495,3.408,-14.504,3.408,-11.095,-15.738,-0.04731,-0.04845,21.048,22.590,0.00243,0.00146
25,124,0.3720,-0.00020,-0.00025,-0.00021,-0.00027,-0.009,-0.011,7.3440,4.6460,11.9900,0.6125,-0.14492,0.14603,8,4,-0.15472,0.13528,0.29000,-0.04235,0.3875,1,-0.962,1.116,-14.624,1.116,-13.507,-15.859,-0.04729,-0.04845,21.325,22.752,0.00220,0.00120
25,125,0.3750,-0.00020,-0.00025,-0.00021,-0.00027,-0.010,-0.012,7.3637,4.2953,11.6589,0.6316,-0.14492,0.14603,8,4,-0.15472,0.13528,0.29000,-0.04788,0.3684,1,5.016,3.408,-14.744,3.408,-11.336,-15.985,-0.04728,-0.04845,21.604,22.915,0.00244,0.00149
25,126,0.3780,-0.00020,-0.00024,-0.00021,-0.00027,-0.009,-0.011,7.3472,4.6533,12.0004,0.6122,-0.14492,0.14603,8,4,-0.15472,0.13528,0.29000,-0.04227,0.3878,1,-1.456,1.116,-14.865,1.116,-13.748,-16.108,-0.04726,-0.04845,21.882,23.078,0.00221,0.00123
25,127,0.3810,-0.00020,-0.00025,-0.00021,-0.00027,-0.009,-0.011,7.3555,4.3006,11.6561,0.6310,-0.14492,0.14603,8,4,-0.15472,0.13528,0.29000,-0.04772,0.3690,1,4.410,3.408,-14.985,3.408,-11.577,-16.236,-0.04725,-0.04845,22.163,23.240,0.00246,0.00152
25,128,0.3840,-0.00019,-0.00024,-0.00021,-0.00026,-0.009,-0.011,7.3424,4.6571,11.9995,0.6119,-0.14492,0.14603,8,4,-0.15472,0.13528,0.29000,-0.04217,0.3881,1,-2.013,1.116,-15.105,1.116,-13.989,-16.359,-0.04724,-0.04845,22.442,23.403,0.00221,0.00125
25,129,0.3870,-0.00020,-0.00024,-0.00021,-0.00027,-0.009,-0.011,7.3558,4.3059,11.6617,0.6308,-0.14492,0.14603,8,4,-0.15472,0.13528,0.29000,-0.04764,0.3692,1,3.841,3.408,-15.225,3.408,-11.817,-16.488,-0.04723,-0.04845,22.724,23.565,0.00246,0.00154
25,130,0.3900,-0.00019,-0.00024,-0.00020,-0.00026,-0.009,-0.011,7.3367,4.6622,11.9990,0.6114,-0.14492,0.14603,8,4,-0.15472,0.13528,0.29000,-0.04204,0.3886,1,-2.663,1.116,-15.345,1.116,-14.229,-16.612,-0.04723,-0.04845,23.004,23.728,0.00221,0.00128
25,131,0.3930,-0.00019,-0.00024,-0.00021,-0.00026,-0.009,-0.011,7.3499,4.3099,11.6599,0.6304,-0.14492,0.14603,8,4,-0.15472,0.13528,0.29000,-0.04752,0.3696,1,3.190,3.036,-15.465,3.036,-12.429,-16.741,-0.04722,-0.04845,23.286,23.891,0.00235,0.00144
25,132,0.3960,-0.00019,-0.00023,-0.00020,-0.00025,-0.008,-0.011,7.3638,4.5445,11.9083,0.6184,-0.14492,0.14603,8,4,-0.15472,0.13528,0.29000,-0.04405,0.3816,1,-0.962,0.744,-15.585,0.744,-14.840,-16.868,-0.04722,-0.04845,23.566,24.053,0.00210,0.00118
25,133,0.3990,-0.00019,-0.00024,-0.00021,-0.00026,-0.008,-0.011,7.4184,4.2034,11.6218,0.6383,-0.14492,0.14603,8,4,-0.15472,0.13528,0.29000,-0.04983,0.3617,1,5.369,3.036,-15.705,3.036,-12.668,-17.001,-0.04722,-0.04845,23.848,24.216,0.00239,0.00153
25,134,0.4020,-0.00019,-0.00023,-0.00020,-0.00025,-0.008,-0.010,7.4254,4.5659,11.9913,0.6192,-0.14492,0.14603,8,4,-0.15472,0.13528,0.29000,-0.04430,0.3808,1,-0.738,0.744,-15.824,0.744,-15.080,-17.130,-0.04722,-0.04845,24.128,24.376,0.00220,0.00131
25,135,0.4050,-0.00019,-0.00023,-0.00020,-0.00026,-0.008,-0.011,7.4520,4.2154,11.6674,0.6387,-0.14492,0.14603,8,4,-0.15472,0.13528,0.29000,-0.04994,0.3613,1,5.690,3.036,-15.943,3.036,-12.907,-17.263,-0.04722,-0.04845,24.411,24.534,0.00248,0.00164
25,136,0.4080,-0.00019,-0.00023,-0.00020,-0.00025,-0.008,-0.010,7.4426,4.5760,12.0186,0.6193,-0.14492,0.14603,8,4,-0.15472,0.13528,0.29000,-0.04430,0.3807,1,-0.474,0.744,-16.062,0.744,-15.318,-17.391,-0.04721,-0.04845,24.690,24.692,0.00226,0.00139
25,137,0.4110,-0.00019,-0.00023,-0.00020,-0.00025,-0.008,-0.011,7.4656,4.2272,11.6928,0.6385,-0.14492,0.14603,8,4,-0.15472,0.13528,0.29000,-0.04988,0.3615,1,5.845,3.036,-16.181,3.036,-13.145,-17.524,-0.04721,-0.04845,24.973,24.851,0.00250,0.00167
25,138,0.4140,-0.00019,-0.00022,-0.00020,-0.00025,-0.008,-0.010,7.4422,4.5833,12.0255,0.6189,-0.14492,0.14603,8,4,-0.15472,0.13528,0.29000,-0.04419,0.3811,1,-0.433,0.744,-16.299,0.744,-15.555,-17.653,-0.04720,-0.04845,25.252,25.009,0.00226,0.00141
25,139,0.4170,-0.00019,-0.00023,-0.00020,-0.00025,-0.008,-0.011,7.4616,4.2319,11.6935,0.6381,-0.14492,0.14603,8,4,-0.15472,0.13528,0.29000,-0.04977,0.3619,1,5.850,3.036,-16.418,3.036,-13.381,-17.786,-0.04720,-0.04845,25.534,25.168,0.00251,0.00170
25,140,0.4200,-0.00018,-0.00022,-0.00019,-0.00025,-0.007,-0.010,7.4510,4.5927,12.0436,0.6187,-0.14492,0.14603,8,4,-0.15472,0.13528,0.29000,-0.04413,0.3813,1,-0.418,0.744,-16.536,0.744,-15.791,-17.914,-0.04719,-0.04845,25.814,25.326,0.00226,0.00143
25,141,0.4230,-0.00019,-0.00023,-0.00020,-0.00025,-0.008,-0.011,7.4770,4.2429,11.7199,0.6380,-0.14492,0.14603,8,4,-0.15472,0.13528,0.29000,-0.04973,0.3620,1,5.851,3.036,-16.653,3.036,-13.616,-18.047,-0.04719,-0.04845,26.096,25.484,0.00251,0.00172
25,142,0.4260,-0.00018,-0.00022,-0.00019,-0.00024,-0.007,-0.010,7.4508,4.5972,12.0481,0.6184,-0.14492,0.14603,8,4,-0.15472,0.13528,0.29000,-0.04406,0.3816,1,-0.466,0.744,-16.770,0.744,-16.025,-18.176,-0.04718,-0.04845,26.376,25.643,0.00226,0.00146
25,143,0.4290,-0.00019,-0.00022,-0.00020,-0.00025,-0.007,-0.011,7.4735,4.2443,11.7177,0.6378,-0.14492,0.14603,8,4,-0.15472,0.13528,0.29000,-0.04968,0.3622,1,5.831,3.036,-16.887,3.036,-13.851,-18.309,-0.04718,-0.04845,26.657,25.801,0.00251,0.00175
25,144,0.4320,-0.00018,-0.00022,-0.00019,-0.00024,-0.007,-0.010,7.4652,4.6049,12.0701,0.6185,-0.14492,0.14603,8,4,-0.15472,0.13528,0.29000,-0.04408,0.3815,1,-0.415,0.744,-17.003,0.744,-16.259,-18.436,-0.04717,-0.04845,26.936,25.960,0.00226,0.00147
25,145,0.4350,-0.00018,-0.00022,-0.00019,-0.00025,-0.007,-0.010,7.4735,4.2467,11.7203,0.6377,-0.14492,0.14603,8,4,-0.15472,0.13528,0.29000,-0.04964,0.3623,1,5.799,3.036,-17.119,3.036,-14.082,-18.569,-0.04717,-0.04845,27.217,26.118,0.00251,0.00177
25,146,0.4380,-0.00018,-0.00022,-0.00019,-0.00024,-0.007,-0.010,7.4600,4.6045,12.0646,0.6183,-0.14492,0.14603,8,4,-0.15472,0.13528,0.29000,-0.04404,0.3817,1,-0.433,0.744,-17.234,0.744,-16.490,-18.696,-0.04716,-0.04845,27.496,26.276,0.00226,0.00150
25,147,0.4410,-0.00018,-0.00022,-0.00019,-0.00024,-0.007,-0.010,7.4949,4.2542,11.7491,0.6379,-0.14492,0.14603,8,4,-0.15472,0.13528,0.29000,-0.04971,0.3621,1,5.911,3.036,-17.349,3.036,-14.313,-18.827,-0.04716,-0.04845,27.777,26.435,0.00251,0.00179
25,148,0.4440,-0.00018,-0.00021,-0.00019,-0.00024,-0.007,-0.010,7.4622,4.6065,12.0687,0.6183,-0.14492,0.14603,8,4,-0.15472,0.13528,0.29000,-0.04403,0.3817,1,-0.432,0.744,-17.463,0.744,-16.719,-18.954,-0.04715,-0.04845,28.055,26.593,0.00227,0.00153
25,149,0.4470,-0.00018,-0.00022,-0.00019,-0.00024,-0.007,-0.010,7.4913,4.2520,11.7433,0.6379,-0.14492,0.14603,8,4,-0.15472,0.13528,0.29000,-0.04972,0.3621,1,5.961,3.036,-17.577,3.036,-14.541,-19.084,-0.04715,-0.04845,28.334,26.752,0.00252,0.00183
25,150,0.4500,-0.00018,-0.00021,-0.00018,-0.00024,-0.007,-0.010,7.4912,4.6149,12.1061,0.6188,-0.14492,0.14603,8,4,-0.15472,0.13528,0.29000,-0.04417,0.3812,1,-0.220,0.744,-17.691,0.744,-16.947,-19.209,-0.04714,-0.04845,28.611,26.910,0.00227,0.00156
25,151,0.4530,-0.00018,-0.00021,-0.00019,-0.00024,-0.007,-0.010,7.5326,4.2650,11.7976,0.6385,-0.14492,0.14603,8,4,-0.15472,0.13528,0.29000,-0.04988,0.3615,1,6.188,3.036,-17.803,3.036,-14.767,-19.338,-0.04714,-0.04845,28.889,27.055,0.00252,0.00184
25,152,0.4560,-0.00018,-0.00021,-0.00018,-0.00023,-0.006,-0.010,7.4973,4.6157,12.1130,0.6189,-0.14492,0.14603,8,4,-0.15472,0.13528,0.29000,-0.04421,0.3811,1,-0.097,0.744,-17.915,0.744,-17.171,-19.463,-0.04713,-0.04845,29.165,27.199,0.00228,0.00159
25,153,0.4590,-0.00018,-0.00021,-0.00019,-0.00024,-0.007,-0.010,7.5281,4.2593,11.7874,0.6387,-0.14492,0.14603,8,4,-0.15472,0.13528,0.29000,-0.04993,0.3613,1,6.374,3.036,-18.028,3.036,-14.991,-19.590,-0.04712,-0.04845,29.442,27.344,0.00254,0.00188
25,154,0.4620,-0.00017,-0.00021,-0.00018,-0.00023,-0.006,-0.010,7.5287,4.6221,12.1508,0.6196,-0.14492,0.14603,8,4,-0.15472,0.13528,0.29000,-0.04441,0.3804,1,0.261,0.744,-18.138,0.744,-17.394,-19.712,-0.04712,-0.04845,29.716,27.488,0.00226,0.00158
25,155,0.4650,-0.00018,-0.00021,-0.00018,-0.00023,-0.006,-0.010,7.5330,4.2577,11.7907,0.6389,-0.14492,0.14603,8,4,-0.15472,0.13528,0.29000,-0.05000,0.3611,1,6.586,3.036,-18.248,3.036,-15.212,-19.839,-0.04711,-0.04845,29.992,27.633,0.00253,0.00190
25,156,0.4680,-0.00017,-0.00020,-0.00018,-0.00023,-0.006,-0.010,7.5231,4.6153,12.1384,0.6198,-0.14492,0.14603,8,4,-0.15472,0.13528,0.29000,-0.04445,0.3802,1,0.515,0.744,-18.358,0.744,-17.614,-19.960,-0.04710,-0.04845,30.264,27.778,0.00227,0.00163
25,157,0.4710,-0.00018,-0.00021,-0.00018,-0.00023,-0.006,-0.010,7.5733,4.2650,11.8384,0.6397,-0.14491,0.14603,8,4,-0.15472,0.13528,0.29000,-0.05024,0.3603,1,7.076,3.036,-18.467,3.036,-15.431,-20.084,-0.04709,-0.04845,30.538,27.922,0.00253,0.00190
25,158,0.4740,-0.00017,-0.00020,-0.00018,-0.00023,-0.006,-0.010,7.5315,4.6142,12.1457,0.6201,-0.14492,0.14603,8,4,-0.15472,0.13528,0.29000,-0.04455,0.3799,1,0.829,0.744,-18.575,0.744,-17.830,-20.205,-0.04709,-0.04845,30.809,28.067,0.00228,0.00165
25,159,0.4770,-0.00017,-0.00020,-0.00018,-0.00023,-0.006,-0.010,7.5697,4.2564,11.8262,0.6401,-0.14491,0.14603,8,4,-0.15472,0.13528,0.29000,-0.05034,0.3599,1,7.486,3.036,-18.682,3.036,-15.646,-20.328,-0.04708,-0.04845,31.080,28.211,0.00255,0.00195
25,160,0.4800,-0.00017,-0.00020,-0.00018,-0.00022,-0.006,-0.010,7.5798,4.6229,12.2028,0.6212,-0.14491,0.14603,8,4,-0.15472,0.13528,0.29000,-0.04485,0.3788,1,1.502,1.309,-18.789,1.309,-17.481,-20.445,-0.04706,-0.04845,31.348,28.356,0.00228,0.00168
25,161,0.4830,-0.00017,-0.00020,-0.00018,-0.00023,-0.006,-0.010,7.6356,4.2725,11.9081,0.6412,-0.14491,0.14603,8,4,-0.15472,0.13528,0.29000,-0.05067,0.3588,1,8.178,3.600,-18.894,3.600,-15.294,-20.566,-0.04705,-0.04845,31.617,28.501,0.00261,0.00203
25,162,0.4860,-0.00017,-0.00020,-0.00017,-0.00022,-0.006,-0.010,7.5706,4.6880,12.2585,0.6176,-0.14491,0.14603,8,4,-0.15472,0.13528,0.29000,-0.04382,0.3824,1,0.718,1.309,-18.999,1.309,-17.691,-20.681,-0.04704,-0.04845,31.884,28.645,0.00237,0.00178
25,163,0.4890,-0.00017,-0.00020,-0.00018,-0.00023,-0.006,-0.010,7.5866,4.3210,11.9076,0.6371,-0.14491,0.14603,8,4,-0.15472,0.13528,0.29000,-0.04948,0.3629,1,7.228,3.600,-19.104,3.600,-15.503,-20.798,-0.04702,-0.04845,32.151,28.790,0.00267,0.00211
25,164,0.4920,-0.00017,-0.00020,-0.00017,-0.00022,-0.006,-0.010,7.5651,4.7520,12.3171,0.6142,-0.14491,0.14603,8,4,-0.15472,0.13528,0.29000,-0.04284,0.3858,1,-0.179,1.309,-19.207,1.309,-17.898,-20.907,-0.04701,-0.04845,32.415,28.934,0.00236,0.00177
25,165,0.4950,-0.00017,-0.00020,-0.00017,-0.00023,-0.006,-0.011,7.5377,4.3723,11.9100,0.6329,-0.14491,0.14603,8,4,-0.15472,0.13528,0.29000,-0.04826,0.3671,1,5.813,3.600,-19.309,3.600,-15.708,-21.021,-0.04699,-0.04845,32.681,29.079,0.00265,0.00210
25,166,0.4980,-0.00016,-0.00020,-0.00017,-0.00022,-0.006,-0.011,7.5066,4.7728,12.2794,0.6113,-0.14491,0.14603,8,4,-0.15472,0.13528,0.29000,-0.04200,0.3887,1,-1.300,1.309,-19.410,1.309,-18.102,-21.128,-0.04698,-0.04845,32.943,29.224,0.00235,0.00178
25,167,0.5010,-0.00017,-0.00020,-0.00017,-0.00023,-0.006,-0.011,7.5516,4.4147,11.9663,0.6311,-0.14491,0.14603,8,4,-0.15472,0.13528,0.29000,-0.04773,0.3689,1,4.886,3.600,-19.511,3.600,-15.911,-21.237,-0.04697,-0.04845,33.206,29.360,0.00256,0.00200
25,168,0.5040,-0.00016,-0.00019,-0.00017,-0.00022,-0.006,-0.010,7.4930,4.7573,12.2504,0.6117,-0.14491,0.14603,8,4,-0.15472,0.13528,0.29000,-0.04210,0.3883,1,-1.660,1.309,-19.610,1.309,-18.301,-21.344,-0.04696,-0.04845,33.466,29.482,0.00229,0.00173
25,169,0.5070,-0.00016,-0.00019,-0.00017,-0.00022,-0.005,-0.010,7.5382,4.3928,11.9309,0.6318,-0.14491,0.14603,8,4,-0.15472,0.13528,0.29000,-0.04795,0.3682,1,4.711,2.247,-19.709,2.247,-17.461,-21.451,-0.04695,-0.04845,33.724,29.603,0.00208,0.00153
25,170,0.5100,-0.00017,-0.00019,-0.00017,-0.00022,-0.005,-0.009,7.6953,4.3308,12.0261,0.6399,-0.14491,0.14603,8,4,-0.15472,0.13528,0.29000,-0.05028,0.3601,1,7.176,3.235,-19.807,3.235,-16.572,-21.565,-0.04695,-0.04845,33.980,29.724,0.00249,0.00199
25,171,0.5130,-0.00016,-0.00019,-0.00017,-0.00021,-0.004,-0.009,7.7069,4.6668,12.3737,0.6228,-0.14491,0.14603,8,4,-0.15472,0.13528,0.29000,-0.04534,0.3772,1,2.117,0.943,-19.902,0.943,-18.959,-21.669,-0.04694,-0.04845,34.234,29.845,0.00227,0.00174
25,172,0.5160,-0.00017,-0.00019,-0.00017,-0.00022,-0.004,-0.009,7.7086,4.2881,11.9967,0.6426,-0.14491,0.14603,8,4,-0.15472,0.13528,0.29000,-0.05106,0.3574,1,8.930,3.235,-19.998,3.235,-16.763,-21.777,-0.04693,-0.04845,34.486,29.966,0.00259,0.00210
25,173,0.5190,-0.00016,-0.00018,-0.00017,-0.00021,-0.004,-0.009,7.7031,4.6470,12.3501,0.6237,-0.14491,0.14603,8,4,-0.15472,0.13528,0.29000,-0.04560,0.3763,1,3.295,1.220,-20.093,1.220,-18.873,-21.877,-0.04691,-0.04845,34.734,30.088,0.00232,0.00182
25,174,0.5220,-0.00017,-0.00019,-0.00017,-0.00021,-0.004,-0.009,7.7728,4.2937,12.0666,0.6442,-0.14491,0.14603,8,4,-0.15472,0.13528,0.29000,-0.05153,0.3558,1,10.338,3.512,-20.186,3.512,-16.674,-21.981,-0.04689,-0.04845,34.983,30.209,0.00265,0.00215
25,175,0.5250,-0.00016,-0.00018,-0.00016,-0.00021,-0.004,-0.009,7.6952,4.6982,12.3935,0.6209,-0.14491,0.14603,8,4,-0.15472,0.13528,0.29000,-0.04478,0.3791,1,3.221,1.220,-20.277,1.220,-19.057,-22.079,-0.04687,-0.04845,35.228,30.330,0.00240,0.00190
25,176,0.5280,-0.00016,-0.00018,-0.00017,-0.00021,-0.004,-0.009,7.7258,4.3280,12.0538,0.6409,-0.14491,0.14603,8,4,-0.15472,0.13528,0.29000,-0.05059,0.3591,1,10.148,2.926,-20.369,2.926,-17.443,-22.179,-0.04685,-0.04845,35.471,30.451,0.00247,0.00198
25,177,0.5310,-0.00016,-0.00018,-0.00016,-0.00020,-0.003,-0.008,7.7931,4.5428,12.3359,0.6317,-0.14491,0.14604,8,4,-0.15472,0.13528,0.29000,-0.04792,0.3683,1,7.468,1.959,-20.459,1.959,-18.500,-22.278,-0.04682,-0.04845,35.712,30.572,0.00216,0.00166
25,178,0.5340,-0.00016,-0.00018,-0.00017,-0.00021,-0.003,-0.008,7.8284,4.2063,12.0347,0.6505,-0.14491,0.14604,8,4,-0.15472,0.13528,0.29000,-0.05336,0.3495,1,14.076,3.311,-20.547,3.311,-17.235,-22.384,-0.04679,-0.04845,35.950,30.694,0.00257,0.00211
25,179,0.5370,-0.00016,-0.00018,-0.00016,-0.00020,-0.003,-0.008,7.8297,4.6277,12.4574,0.6285,-0.14491,0.14604,8,4,-0.15472,0.13528,0.29000,-0.04699,0.3715,1,7.824,1.838,-20.634,1.838,-18.796,-22.480,-0.04675,-0.04845,36.184,30.815,0.00238,0.00192
25,180,0.5400,-0.00016,-0.00018,-0.00017,-0.00021,-0.003,-0.008,7.8962,4.2694,12.1656,0.6491,-0.14491,0.14604,8,4,-0.15472,0.13528,0.29000,-0.05295,0.3509,1,15.353,2.821,-20.722,2.821,-17.901,-22.577,-0.04671,-0.04845,36.414,30.936,0.00247,0.00202
25,181,0.5430,-0.00016,-0.00017,-0.00016,-0.00020,-0.003,-0.008,7.9667,4.5321,12.4988,0.6374,-0.14491,0.14604,8,4,-0.15472,0.13528,0.29000,-0.04956,0.3626,1,12.326,1.948,-20.805,1.948,-18.857,-22.675,-0.04666,-0.04845,36.643,31.057,0.00229,0.00182
25,182,0.5460,-0.00016,-0.00017,-0.00016,-0.00020,-0.002,-0.007,7.9677,4.2178,12.1856,0.6539,-0.14491,0.14604,8,4,-0.15472,0.13528,0.29000,-0.05434,0.3461,1,18.711,2.435,-20.889,2.434,-18.454,-22.776,-0.04661,-0.04845,36.866,31.178,0.00237,0.00193
25,183,0.5490,-0.00016,-0.00017,-0.00016,-0.00020,-0.002,-0.007,8.0274,4.4002,12.4276,0.6459,-0.14491,0.14604,8,4,-0.15472,0.13528,0.29000,-0.05204,0.3541,1,17.292,2.464,-20.972,2.464,-18.509,-22.874,-0.04654,-0.04845,37.086,31.300,0.00248,0.00206
25,184,0.5520,-0.00016,-0.00016,-0.00016,-0.00019,-0.001,-0.006,8.0653,4.4167,12.4820,0.6462,-0.14491,0.14605,8,4,-0.15472,0.13528,0.29000,-0.05210,0.3538,1,18.790,1.501,-21.047,1.501,-19.546,-22.970,-0.04647,-0.04845,37.303,31.373,0.00208,0.00159
25,185,0.5550,-0.00016,-0.00016,-0.00016,-0.00018,0.000,-0.005,7.9543,4.0412,11.9955,0.6631,-0.14492,0.14605,8,4,-0.15472,0.13528,0.29000,-0.05702,0.3369,1,25.659,1.351,-21.118,1.350,-19.767,-23.080,-0.04639,-0.04845,37.515,31.423,0.00209,0.00165
25,186,0.5580,-0.00016,-0.00016,-0.00016,-0.00019,0.000,-0.005,8.0711,4.0165,12.0876,0.6677,-0.14492,0.14605,8,4,-0.15472,0.13528,0.29000,-0.05836,0.3323,1,29.109,3.643,-21.188,3.642,-17.546,-23.189,-0.04629,-0.04845,37.723,31.473,0.00265,0.00228
25,187,0.5610,-0.00016,-0.00016,-0.00016,-0.00019,-0.001,-0.006,8.0956,4.4474,12.5430,0.6454,-0.14492,0.14604,8,4,-0.15472,0.13528,0.29000,-0.05189,0.3546,1,24.195,3.676,-21.253,3.676,-17.576,-23.285,-0.04618,-0.04845,37.932,31.523,0.00308,0.00266
25,188,0.5640,-0.00015,-0.00016,-0.00015,-0.00018,-0.002,-0.008,7.5908,4.6691,12.2599,0.6192,-0.14492,0.14603,8,4,-0.15472,0.13528,0.29000,-0.04427,0.3808,1,17.685,1.384,-21.305,1.384,-19.920,-23.378,-0.04605,-0.04845,38.135,31.572,0.00273,0.00231
25,189,0.5670,-0.00015,-0.00016,-0.00015,-0.00019,-0.003,-0.008,7.5681,4.2851,11.8532,0.6385,-0.14492,0.14603,8,4,-0.15472,0.13528,0.29000,-0.04988,0.3615,1,25.183,3.178,-21.357,3.178,-18.179,-23.470,-0.04591,-0.04845,38.335,31.622,0.00263,0.00222
25,190,0.5700,-0.00015,-0.00016,-0.00015,-0.00019,-0.003,-0.009,7.7289,4.5704,12.2993,0.6284,-0.14492,0.14603,8,4,-0.15472,0.13528,0.29000,-0.04695,0.3716,1,22.487,3.666,-21.409,3.666,-17.743,-23.566,-0.04577,-0.04845,38.536,31.672,0.00264,0.00220
25,191,0.5730,-0.00014,-0.00016,-0.00014,-0.00019,-0.003,-0.009,7.5059,4.6690,12.1749,0.6165,-0.14492,0.14603,8,4,-0.15472,0.13528,0.29000,-0.04351,0.3835,1,19.333,1.439,-21.446,1.439,-20.007,-23.666,-0.04563,-0.04845,38.732,31.722,0.00228,0.00187
25,192,0.5760,-0.00015,-0.00017,-0.00015,-0.00020,-0.004,-0.009,7.6559,4.3264,11.9823,0.6389,-0.14492,0.14603,8,4,-0.15472,0.13528,0.29000,-0.05001,0.3611,1,27.225,3.731,-21.484,3.731,-17.752,-23.767,-0.04549,-0.04845,38.926,31.772,0.00259,0.00221
25,193,0.5790,-0.00015,-0.00017,-0.00015,-0.00020,-0.004,-0.010,7.8228,4.7972,12.6199,0.6199,-0.14492,0.14603,8,4,-0.15472,0.13528,0.29000,-0.04448,0.3801,1,21.605,3.158,-21.521,3.158,-18.363,-23.862,-0.04534,-0.04845,39.115,31.821,0.00253,0.00214
25,194,0.5820,-0.00015,-0.00016,-0.00015,-0.00019,-0.003,-0.008,7.9774,4.6442,12.6215,0.6320,-0.14492,0.14604,8,4,-0.15472,0.13528,0.29000,-0.04801,0.3680,1,26.177,0.866,-21.551,0.866,-20.685,-23.957,-0.04520,-0.04845,39.303,31.871,0.00201,0.00154
25,195,0.5850,-0.00015,-0.00016,-0.00015,-0.00018,-0.001,-0.006,8.1049,4.2903,12.3951,0.6539,-0.14491,0.14605,8,4,-0.15472,0.13528,0.29000,-0.05434,0.3461,1,33.734,0.000,-21.578,0.000,-21.578,-24.067,-0.04505,-0.04845,39.487,31.921,0.00168,0.00124
25,196,0.5880,-0.00016,-0.00016,-0.00016,-0.00018,0.001,-0.004,8.4676,4.0038,12.4714,0.6790,-0.14491,0.14606,8,4,-0.15472,0.13528,0.29000,-0.06162,0.3210,1,43.199,0.850,-21.605,0.849,-20.755,-24.183,-0.04490,-0.04845,39.665,31.971,0.00185,0.00144
25,197,0.5910,-0.00017,-0.00015,-0.00016,-0.00018,0.003,-0.003,8.8106,4.0747,12.8854,0.6838,-0.14491,0.14607,8,4,-0.15472,0.13528,0.29000,-0.06301,0.3162,1,47.144,0.000,-21.629,0.000,-21.629,-24.297,-0.04473,-0.04845,39.839,32.021,0.00186,0.00145
25,198,0.5940,-0.00017,-0.00015,-0.00017,-0.00018,0.004,-0.001,9.0222,3.8227,12.8449,0.7024,-0.14491,0.14608,8,4,-0.15472,0.13528,0.29000,-0.06841,0.2976,1,56.471,0.000,-21.649,0.000,-21.649,-24.415,-0.04454,-0.04845,40.006,32.070,0.00217,0.00178
25,199,0.5970,-0.00018,-0.00015,-0.00018,-0.00018,0.005,-0.001,9.2500,3.8867,13.1367,0.7041,-0.14491,0.14608,8,4,-0.15472,0.13528,0.29000,-0.06892,0.2959,1,61.073,0.000,-21.669,0.000,-21.669,-24.526,-0.04432,-0.04845,40.166,32.120,0.00247,0.00209
25,200,0.6000,-0.00018,-0.00016,-0.00018,-0.00018,0.005,0.000,9.4167,3.9396,13.3563,0.7050,-0.14491,0.14609,8,4,-0.15472,0.13528,0.29000,-0.06918,0.2950,1,65.882,0.000,-21.689,0.000,-21.689,-24.632,-0.04406,-0.04845,40.321,32.170,0.00266,0.00227
25,201,0.6030,-0.00019,-0.00016,-0.00018,-0.00018,0.006,0.000,9.5231,3.9748,13.4979,0.7055,-0.14491,0.14609,8,4,-0.15472,0.13528,0.29000,-0.06932,0.2945,1,70.725,0.000,-21.707,0.000,-21.707,-24.734,-0.04377,-0.04845,40.470,32.191,0.00278,0.00237
25,202,0.6060,-0.00019,-0.00016,-0.00018,-0.00018,0.006,0.000,9.6071,4.0169,13.6240,0.7052,-0.14491,0.14609,8,4,-0.15472,0.13528,0.29000,-0.06922,0.2948,1,75.379,0.000,-21.724,0.000,-21.724,-24.834,-0.04344,-0.04845,40.614,32.212,0.00282,0.00240
25,203,0.6090,-0.00019,-0.00016,-0.00018,-0.00019,0.006,0.000,9.6703,4.0555,13.7257,0.7045,-0.14490,0.14609,8,4,-0.15472,0.13528,0.29000,-0.06903,0.2955,1,80.027,0.000,-21.742,0.000,-21.742,-24.933,-0.04307,-0.04845,40.753,32.233,0.00282,0.00240
25,204,0.6120,-0.00019,-0.00016,-0.00019,-0.00019,0.006,0.000,9.7130,4.0886,13.8017,0.7038,-0.14490,0.14609,8,4,-0.15472,0.13528,0.29000,-0.06881,0.2962,1,84.737,0.000,-21.760,0.000,-21.760,-25.031,-0.04268,-0.04845,40.886,32.254,0.00284,0.00243
25,205,0.6150,-0.00019,-0.00016,-0.00019,-0.00019,0.006,0.000,9.8114,4.1332,13.9446,0.7036,-0.14490,0.14609,8,4,-0.15472,0.13528,0.29000,-0.06876,0.2964,1,89.785,0.000,-21.779,0.000,-21.779,-25.126,-0.04224,-0.04845,41.015,32.275,0.00279,0.00238
25,206,0.6180,-0.00019,-0.00016,-0.00019,-0.00019,0.006,0.000,9.8322,4.1637,13.9959,0.7025,-0.14490,0.14609,8,4,-0.15472,0.13528,0.29000,-0.06845,0.2975,1,94.636,0.000,-21.797,0.000,-21.797,-25.221,-0.04178,-0.04845,41.140,32.296,0.00277,0.00236
25,207,0.6210,-0.00019,-0.00016,-0.00019,-0.00019,0.006,0.000,9.8072,4.1762,13.9834,0.7013,-0.14490,0.14609,8,4,-0.15472,0.13528,0.29000,-0.06811,0.2987,1,99.715,0.000,-21.818,0.000,-21.818,-25.315,-0.04127,-0.04845,41.259,32.317,0.00281,0.00244
25,208,0.6240,-0.00019,-0.00016,-0.00019,-0.00019,0.007,0.000,9.9312,4.2324,14.1636,0.7012,-0.14490,0.14609,8,4,-0.15472,0.13528,0.29000,-0.06806,0.2988,1,105.319,0.000,-21.842,0.000,-21.842,-25.404,-0.04073,-0.04845,41.372,32.338,0.00273,0.00233
25,209,0.6270,-0.00019,-0.00015,-0.00019,-0.00018,0.007,0.001,9.9076,4.2560,14.1636,0.6995,-0.14490,0.14609,8,4,-0.15472,0.13528,0.29000,-0.06758,0.3005,1,110.511,0.000,-21.865,0.000,-21.866,-25.497,-0.04015,-0.04845,41.481,32.359,0.00271,0.00230
25,210,0.6300,-0.00019,-0.00016,-0.00019,-0.00019,0.007,0.001,9.8068,4.2480,14.0548,0.6978,-0.14490,0.14609,8,4,-0.15472,0.13528,0.29000,-0.06707,0.3022,1,116.029,0.000,-21.889,0.000,-21.889,-25.589,-0.03953,-0.04845,41.583,32.380,0.00279,0.00244
25,211,0.6330,-0.00019,-0.00016,-0.00019,-0.00018,0.008,0.001,9.9551,4.3183,14.2734,0.6975,-0.14490,0.14610,8,4,-0.15472,0.13528,0.29000,-0.06698,0.3025,1,122.246,0.000,-21.923,0.000,-21.923,-25.673,-0.03888,-0.04845,41.679,32.401,0.00267,0.00228
25,212,0.6360,-0.00019,-0.00015,-0.00019,-0.00018,0.008,0.002,9.8828,4.3366,14.2194,0.6950,-0.14490,0.14610,8,4,-0.15472,0.13528,0.29000,-0.06628,0.3050,1,127.788,0.000,-21.956,0.000,-21.956,-25.765,-0.03818,-0.04845,41.770,32.422,0.00264,0.00224
25,213,0.6390,-0.00019,-0.00015,-0.00018,-0.00018,0.008,0.001,9.7013,4.3091,14.0104,0.6924,-0.14490,0.14609,8,4,-0.15472,0.13528,0.29000,-0.06553,0.3076,1,133.721,2.292,-21.989,2.292,-19.697,-25.857,-0.03744,-0.04845,41.856,32.443,0.00302,0.00264
25,214,0.6420,-0.00019,-0.00016,-0.00018,-0.00019,0.006,-0.001,9.3796,4.6482,14.0278,0.6686,-0.14491,0.14608,8,4,-0.15472,0.13528,0.29000,-0.05863,0.3314,1,132.993,4.584,-22.027,4.583,-17.444,-25.937,-0.03666,-0.04845,41.934,32.464,0.00351,0.00320
25,215,0.6450,-0.00018,-0.00016,-0.00017,-0.00019,0.004,-0.003,9.1326,5.0184,14.1510,0.6454,-0.14491,0.14607,8,4,-0.15472,0.13528,0.29000,-0.05188,0.3546,1,132.126,6.875,-22.068,6.876,-15.193,-25.999,-0.03584,-0.04845,42.008,32.485,0.00368,0.00333
25,216,0.6480,-0.00017,-0.00016,-0.00016,-0.00019,0.001,-0.006,8.6764,5.3469,14.0234,0.6187,-0.14491,0.14605,8,4,-0.15472,0.13528,0.29000,-0.04415,0.3813,1,129.066,9.167,-22.109,9.167,-12.942,-26.057,-0.03498,-0.04845,42.080,32.506,0.00376,0.00338
25,217,0.6510,-0.00016,-0.00017,-0.00015,-0.00020,-0.002,-0.009,8.1257,5.6408,13.7665,0.5903,-0.14491,0.14603,8,4,-0.15472,0.13528,0.29000,-0.03589,0.4097,1,124.437,11.459,-22.151,11.459,-10.692,-26.108,-0.03411,-0.04845,42.150,32.535,0.00377,0.00339
25,218,0.6540,-0.00015,-0.00017,-0.00014,-0.00020,-0.005,-0.012,7.6676,5.9628,13.6304,0.5625,-0.14492,0.14601,8,4,-0.15472,0.13528,0.29000,-0.02786,0.4375,1,118.865,13.751,-22.196,13.751,-8.445,-26.150,-0.03323,-0.04845,42.218,32.578,0.00364,0.00323
25,219,0.6570,-0.00013,-0.00017,-0.00013,-0.00021,-0.008,-0.015,7.1408,6.2659,13.4067,0.5326,-0.14492,0.14599,8,4,-0.15472,0.13528,0.29000,-0.01918,0.4674,1,111.298,15.000,-22.240,15.000,-7.240,-26.189,-0.03236,-0.04845,42.287,32.622,0.00354,0.00311
25,220,0.6600,-0.00012,-0.00018,-0.00012,-0.00021,-0.011,-0.018,6.5903,6.5506,13.1409,0.5015,-0.14492,0.14597,8,4,-0.15472,0.13528,0.29000,-0.01016,0.4985,1,102.222,15.000,-22.285,15.000,-7.285,-26.221,-0.03149,-0.04845,42.355,32.666,0.00347,0.00304
25,221,0.6630,-0.00011,-0.00018,-0.00011,-0.00022,-0.014,-0.021,6.1407,6.8595,13.0002,0.4724,-0.14493,0.14596,8,4,-0.15472,0.13528,0.29000,-0.00170,0.5276,1,92.590,15.000,-22.332,15.000,-7.332,-26.244,-0.03066,-0.04845,42.425,32.710,0.00335,0.00289
25,222,0.6660,-0.00010,-0.00018,-0.00010,-0.00022,-0.017,-0.024,5.6353,7.1505,12.7858,0.4407,-0.14493,0.14594,8,4,-0.15472,0.13528,0.29000,0.00747,0.5593,1,80.873,15.000,-22.380,15.000,-7.380,-26.261,-0.02985,-0.04845,42.497,32.754,0.00327,0.00278
25,223,0.6690,-0.00009,-0.00019,-0.00009,-0.00023,-0.020,-0.027,5.1122,7.4234,12.5356,0.4078,-0.14493,0.14592,8,4,-0.15472,0.13528,0.29000,0.01701,0.5922,1,67.559,15.000,-22.427,15.000,-7.427,-26.270,-0.02910,-0.04845,42.570,32.797,0.00319,0.00269
25,224,0.6720,-0.00008,-0.00019,-0.00008,-0.00024,-0.023,-0.030,4.6048,7.6941,12.2989,0.3744,-0.14494,0.14591,8,4,-0.15472,0.13528,0.29000,0.02670,0.6256,1,52.823,15.000,-22.476,15.000,-7.476,-26.270,-0.02840,-0.04845,42.646,32.841,0.00316,0.00265
25,225,0.6750,-0.00007,-0.00019,-0.00007,-0.00024,-0.025,-0.033,4.1882,7.9857,12.1740,0.3440,-0.14494,0.14589,8,4,-0.15472,0.13528,0.29000,0.03551,0.6560,1,37.765,15.000,-22.526,15.000,-7.526,-26.258,-0.02776,-0.04845,42.726,32.885,0.00291,0.00235
25,226,0.6780,-0.00006,-0.00019,-0.00006,-0.00024,-0.027,-0.034,3.7833,8.1187,11.9021,0.3179,-0.14494,0.14588,8,4,-0.15472,0.13528,0.29000,0.04310,0.6821,1,22.695,15.000,-22.576,15.000,-7.576,-26.242,-0.02720,-0.04845,42.809,32.929,0.00243,0.00183
25,227,0.6810,-0.00004,-0.00018,-0.00005,-0.00023,-0.028,-0.035,3.5019,8.0294,11.5313,0.3037,-0.14495,0.14587,8,4,-0.15472,0.13528,0.29000,0.04721,0.6963,1,10.412,12.708,-22.627,12.708,-9.919,-26.229,-0.02672,-0.04845,42.908,32.973,0.00215,0.00150
25,228,0.6840,-0.00003,-0.00017,-0.00004,-0.00021,-0.028,-0.035,3.4044,7.5924,10.9968,0.3096,-0.14495,0.14587,8,4,-0.15472,0.13528,0.29000,0.04550,0.6904,1,4.024,10.416,-22.679,10.416,-12.263,-26.207,-0.02633,-0.04845,43.028,33.016,0.00153,0.00087
25,229,0.6870,-0.00003,-0.00016,-0.00004,-0.00020,-0.026,-0.032,3.4112,7.1672,10.5784,0.3225,-0.14496,0.14589,8,4,-0.15472,0.13528,0.29000,0.04177,0.6775,1,-0.919,8.125,-22.731,8.125,-14.607,-26.189,-0.02603,-0.04845,43.157,33.060,0.00083,0.00041
25,230,0.6900,-0.00003,-0.00014,-0.00004,-0.00019,-0.022,-0.029,3.5905,6.7957,10.3862,0.3457,-0.14496,0.14591,8,4,-0.15472,0.13528,0.29000,0.03503,0.6543,1,-2.216,5.833,-22.783,5.833,-16.951,-26.184,-0.02582,-0.04845,43.287,33.104,0.00054,0.00053
25,231,0.6930,-0.00004,-0.00013,-0.00005,-0.00017,-0.018,-0.025,3.9383,6.4665,10.4048,0.3785,-0.14496,0.14593,8,4,-0.15472,0.13528,0.29000,0.02551,0.6215,1,0.877,3.541,-22.837,3.541,-19.296,-26.188,-0.02568,-0.04845,43.417,33.148,0.00046,0.00057
25,232,0.6960,-0.00005,-0.00012,-0.00006,-0.00016,-0.014,-0.021,4.2853,6.1365,10.4218,0.4112,-0.14496,0.14596,8,4,-0.15472,0.13528,0.29000,0.01604,0.5888,1,5.420,3.974,-22.891,3.974,-18.917,-26.201,-0.02561,-0.04845,43.542,33.192,0.00048,0.00049
25,233,0.6990,-0.00006,-0.00011,-0.00006,-0.00015,-0.011,-0.017,4.6262,5.8064,10.4325,0.4434,-0.14496,0.14598,8,4,-0.15472,0.13528,0.29000,0.00668,0.5566,1,11.343,6.266,-22.945,6.266,-16.679,-26.218,-0.02557,-0.04845,43.661,33.235,0.00057,0.00041
25,234,0.7020,-0.00007,-0.00012,-0.00008,-0.00015,-0.008,-0.014,4.9706,5.4875,10.4582,0.4753,-0.14496,0.14599,8,4,-0.15472,0.13528,0.29000,-0.00255,0.5247,1,18.470,8.558,-22.999,8.558,-14.441,-26.242,-0.02556,-0.04845,43.762,33.282,0.00113,0.00070
25,235,0.7050,-0.00008,-0.00012,-0.00008,-0.00016,-0.009,-0.015,5.1863,5.9445,11.1308,0.4659,-0.14496,0.14599,8,4,-0.15472,0.13528,0.29000,0.00016,0.5341,1,13.410,9.908,-23.054,9.908,-13.146,-26.265,-0.02557,-0.04845,43.859,33.329,0.00248,0.00202
25,236,0.7080,-0.00007,-0.00012,-0.00007,-0.00015,-0.010,-0.016,5.0294,6.2738,11.3032,0.4450,-0.14496,0.14597,8,4,-0.15472,0.13528,0.29000,0.00624,0.5550,1,5.435,7.616,-23.109,7.616,-15.493,-26.258,-0.02559,-0.04845,43.957,33.376,0.00250,0.00196
25,237,0.7110,-0.00006,-0.00012,-0.00007,-0.00015,-0.010,-0.016,4.9573,5.8642,10.8215,0.4581,-0.14496,0.14597,8,4,-0.15472,0.13528,0.29000,0.00243,0.5419,1,7.162,5.324,-23.164,5.324,-17.840,-26.254,-0.02562,-0.04845,44.054,33.424,0.00188,0.00129
25,238,0.7140,-0.00007,-0.00012,-0.00007,-0.00015,-0.009,-0.015,5.1672,5.5679,10.7351,0.4813,-0.14496,0.14598,8,4,-0.15472,0.13528,0.29000,-0.00431,0.5187,1,11.193,7.616,-23.220,7.616,-15.604,-26.272,-0.02568,-0.04845,44.150,33.471,0.00173,0.00116
25,239,0.7170,-0.00007,-0.00011,-0.00007,-0.00015,-0.008,-0.014,5.3418,5.6390,10.9808,0.4865,-0.14495,0.14599,8,4,-0.15472,0.13528,0.29000,-0.00579,0.5135,1,9.822,7.271,-23.276,7.271,-16.005,-26.298,-0.02577,-0.04845,44.245,33.519,0.00172,0.00119
25,240,0.7200,-0.00008,-0.00012,-0.00008,-0.00015,-0.008,-0.014,5.4733,5.5425,11.0158,0.4969,-0.14495,0.14599,8,4,-0.15472,0.13528,0.29000,-0.00881,0.5031,1,10.796,7.994,-23.332,7.994,-15.337,-26.327,-0.02588,-0.04845,44.337,33.566,0.00210,0.00162
25,241,0.7230,-0.00008,-0.00011,-0.00008,-0.00015,-0.008,-0.014,5.5166,5.7870,11.3037,0.4880,-0.14495,0.14599,8,4,-0.15472,0.13528,0.29000,-0.00625,0.5120,1,5.824,5.702,-23.388,5.702,-17.685,-26.350,-0.02600,-0.04845,44.427,33.613,0.00187,0.00139
25,242,0.7260,-0.00008,-0.00012,-0.00008,-0.00015,-0.007,-0.013,5.6350,5.4353,11.0704,0.5090,-0.14495,0.14599,8,4,-0.15472,0.13528,0.29000,-0.01233,0.4910,1,10.406,7.703,-23.444,7.703,-15.741,-26.380,-0.02614,-0.04845,44.515,33.661,0.00212,0.00163
25,243,0.7290,-0.00008,-0.00012,-0.00008,-0.00015,-0.007,-0.013,5.6950,5.7244,11.4194,0.4987,-0.14495,0.14600,8,4,-0.15472,0.13528,0.29000,-0.00935,0.5013,1,4.881,5.411,-23.500,5.411,-18.089,-26.408,-0.02629,-0.04845,44.602,33.708,0.00186,0.00138
25,244,0.7320,-0.00009,-0.00012,-0.00009,-0.00015,-0.007,-0.013,5.8153,5.3723,11.1876,0.5198,-0.14495,0.14600,8,4,-0.15472,0.13528,0.29000,-0.01546,0.4802,1,9.646,7.131,-23.556,7.131,-16.424,-26.444,-0.02645,-0.04845,44.688,33.756,0.00202,0.00154
25,245,0.7350,-0.00009,-0.00011,-0.00008,-0.00014,-0.006,-0.012,5.9173,5.5755,11.4929,0.5149,-0.14495,0.14600,8,4,-0.15472,0.13528,0.29000,-0.01403,0.4851,1,6.068,4.839,-23.612,4.839,-18.772,-26.479,-0.02663,-0.04845,44.771,33.803,0.00177,0.00129
25,246,0.7380,-0.00009,-0.00012,-0.00009,-0.00015,-0.006,-0.012,6.0739,5.2339,11.3077,0.5371,-0.14495,0.14601,8,4,-0.15472,0.13528,0.29000,-0.02049,0.4629,1,11.558,7.131,-23.667,7.131,-16.536,-26.523,-0.02682,-0.04845,44.854,33.850,0.00218,0.00171
25,247,0.7410,-0.00009,-0.00012,-0.00009,-0.00015,-0.005,-0.011,6.1179,5.6132,11.7311,0.5215,-0.14495,0.14601,8,4,-0.15472,0.13528,0.29000,-0.01596,0.4785,1,5.011,4.839,-23.723,4.839,-18.884,-26.558,-0.02702,-0.04845,44.934,33.898,0.00197,0.00150
25,248,0.7440,-0.00009,-0.00012,-0.00009,-0.00015,-0.005,-0.011,6.2048,5.2453,11.4501,0.5419,-0.14494,0.14601,8,4,-0.15472,0.13528,0.29000,-0.02187,0.4581,1,10.217,6.001,-23.778,6.001,-17.777,-26.599,-0.02723,-0.04845,45.013,33.945,0.00191,0.00143
25,249,0.7470,-0.00010,-0.00012,-0.00010,-0.00015,-0.004,-0.010,6.3533,5.2742,11.6275,0.5464,-0.14494,0.14602,8,4,-0.15472,0.13528,0.29000,-0.02318,0.4536,1,10.241,6.367,-23.834,6.367,-17.466,-26.645,-0.02744,-0.04845,45.091,33.993,0.00216,0.00170
25,250,0.7500,-0.00010,-0.00012,-0.00010,-0.00014,-0.004,-0.010,6.3995,5.3997,11.7992,0.5424,-0.14494,0.14602,8,4,-0.15472,0.13528,0.29000,-0.02201,0.4576,1,7.902,4.666,-23.889,4.666,-19.224,-26.686,-0.02765,-0.04845,45.167,34.040,0.00189,0.00141
25,251,0.7530,-0.00011,-0.00012,-0.00010,-0.00015,-0.004,-0.010,6.5285,5.0506,11.5791,0.5638,-0.14494,0.14602,8,4,-0.15472,0.13528,0.29000,-0.02823,0.4362,1,13.828,6.957,-23.943,6.957,-16.986,-26.736,-0.02787,-0.04845,45.241,34.081,0.00228,0.00182
25,252,0.7560,-0.00010,-0.00012,-0.00010,-0.00015,-0.004,-0.010,6.5617,5.4683,12.0301,0.5454,-0.14494,0.14602,8,4,-0.15472,0.13528,0.29000,-0.02290,0.4546,1,7.079,4.666,-23.998,4.666,-19.332,-26.778,-0.02809,-0.04845,45.313,34.122,0.00214,0.00168
25,253,0.7590,-0.00011,-0.00012,-0.00010,-0.00015,-0.003,-0.009,6.6376,5.0984,11.7360,0.5656,-0.14494,0.14602,8,4,-0.15472,0.13528,0.29000,-0.02874,0.4344,1,12.940,5.428,-24.052,5.428,-18.624,-26.823,-0.02831,-0.04845,45.385,34.162,0.00209,0.00161
25,254,0.7620,-0.00011,-0.00013,-0.00011,-0.00015,-0.003,-0.009,6.7648,5.1512,11.9160,0.5677,-0.14494,0.14602,8,4,-0.15472,0.13528,0.29000,-0.02935,0.4323,1,12.816,6.468,-24.105,6.468,-17.638,-26.872,-0.02853,-0.04845,45.456,34.203,0.00256,0.00209
25,255,0.7650,-0.00011,-0.00012,-0.00010,-0.00015,-0.004,-0.010,6.6855,5.4671,12.1526,0.5501,-0.14494,0.14602,8,4,-0.15472,0.13528,0.29000,-0.02426,0.4499,1,6.646,4.176,-24.158,4.176,-19.982,-26.909,-0.02875,-0.04845,45.525,34.244,0.00227,0.00180
25,256,0.7680,-0.00011,-0.00012,-0.00010,-0.00015,-0.003,-0.009,6.7405,5.0948,11.8353,0.5695,-0.14494,0.14603,8,4,-0.15472,0.13528,0.29000,-0.02988,0.4305,1,12.175,4.819,-24.211,4.819,-19.392,-26.951,-0.02897,-0.04845,45.595,34.285,0.00192,0.00143
25,257,0.7710,-0.00012,-0.00013,-0.00011,-0.00015,-0.002,-0.008,6.9381,4.9674,11.9055,0.5828,-0.14493,0.14603,8,4,-0.15472,0.13528,0.29000,-0.03372,0.4172,1,15.582,7.111,-24.263,7.111,-17.152,-27.005,-0.02919,-0.04845,45.661,34.326,0.00230,0.00183
25,258,0.7740,-0.00011,-0.00013,-0.00011,-0.00015,-0.002,-0.008,6.9185,5.3617,12.2802,0.5634,-0.14494,0.14603,8,4,-0.15472,0.13528,0.29000,-0.02810,0.4366,1,9.024,4.819,-24.314,4.819,-19.495,-27.051,-0.02941,-0.04845,45.726,34.366,0.00219,0.00173
25,259,0.7770,-0.00012,-0.00013,-0.00011,-0.00016,-0.002,-0.008,6.9751,4.9782,11.9533,0.5835,-0.14493,0.14603,8,4,-0.15472,0.13528,0.29000,-0.03394,0.4165,1,15.464,5.521,-24.365,5.521,-18.844,-27.096,-0.02962,-0.04845,45.789,34.407,0.00227,0.00180
25,260,0.7800,-0.00012,-0.00013,-0.00011,-0.00016,-0.003,-0.009,7.0517,5.2094,12.2611,0.5751,-0.14493,0.14603,8,4,-0.15472,0.13528,0.29000,-0.03151,0.4249,1,12.422,5.890,-24.416,5.890,-18.526,-27.142,-0.02983,-0.04845,45.851,34.448,0.00260,0.00212
25,261,0.7830,-0.00011,-0.00013,-0.00011,-0.00015,-0.003,-0.009,6.9541,5.2860,12.2401,0.5681,-0.14493,0.14603,8,4,-0.15472,0.13528,0.29000,-0.02948,0.4319,1,10.107,3.678,-24.464,3.678,-20.787,-27.178,-0.03003,-0.04845,45.914,34.489,0.00222,0.00173
25,262,0.7860,-0.00012,-0.00014,-0.00012,-0.00016,-0.003,-0.009,7.0462,4.9288,11.9750,0.5884,-0.14493,0.14603,8,4,-0.15472,0.13528,0.29000,-0.03536,0.4116,1,16.241,5.970,-24.513,5.969,-18.543,-27.223,-0.03023,-0.04845,45.974,34.530,0.00247,0.00197
25,263,0.7890,-0.00012,-0.00013,-0.00011,-0.00016,-0.003,-0.009,7.0836,5.3469,12.4305,0.5699,-0.14493,0.14603,8,4,-0.15472,0.13528,0.29000,-0.02998,0.4301,1,9.850,4.879,-24.561,4.879,-19.683,-27.263,-0.03043,-0.04845,46.034,34.570,0.00229,0.00179
25,264,0.7920,-0.00012,-0.00013,-0.00012,-0.00016,-0.002,-0.008,7.1565,4.9762,12.1327,0.5899,-0.14493,0.14604,8,4,-0.15472,0.13528,0.29000,-0.03578,0.4101,1,16.174,5.565,-24.608,5.565,-19.043,-27.306,-0.03062,-0.04845,46.091,34.611,0.00234,0.00183
25,265,0.7950,-0.00012,-0.00014,-0.00012,-0.00016,-0.003,-0.009,7.1605,5.2095,12.3701,0.5789,-0.14493,0.14603,8,4,-0.15472,0.13528,0.29000,-0.03259,0.4211,1,12.328,5.693,-24.654,5.693,-18.960,-27.350,-0.03082,-0.04845,46.149,34.652,0.00261,0.00212
25,266,0.7980,-0.00012,-0.00013,-0.00012,-0.00016,-0.002,-0.008,7.1206,5.2178,12.3383,0.5771,-0.14493,0.14603,8,4,-0.15472,0.13528,0.29000,-0.03208,0.4229,1,11.810,4.740,-24.699,4.740,-19.959,-27.382,-0.03100,-0.04845,46.207,34.693,0.00224,0.00174
25,267,0.8010,-0.00013,-0.00014,-0.00012,-0.00016,-0.002,-0.008,7.2395,4.9207,12.1602,0.5953,-0.14493,0.14604,8,4,-0.15472,0.13528,0.29000,-0.03737,0.4047,1,17.375,7.032,-24.744,7.032,-17.712,-27.425,-0.03119,-0.04845,46.262,34.729,0.00248,0.00197
25,268,0.8040,-0.00012,-0.00014,-0.00012,-0.00016,-0.003,-0.008,7.1905,5.3097,12.5002,0.5752,-0.14493,0.14603,8,4,-0.15472,0.13528,0.29000,-0.03154,0.4248,1,10.687,5.267,-24.786,5.267,-19.520,-27.462,-0.03137,-0.04845,46.316,34.755,0.00247,0.00197
25,269,0.8070,-0.00013,-0.00014,-0.00012,-0.00017,-0.003,-0.009,7.1931,5.0566,12.2496,0.5872,-0.14493,0.14603,8,4,-0.15472,0.13528,0.29000,-0.03501,0.4128,1,14.641,5.793,-24.829,5.793,-19.035,-27.495,-0.03154,-0.04845,46.369,34.782,0.00252,0.00201
25,270,0.8100,-0.00013,-0.00014,-0.00012,-0.00016,-0.003,-0.009,7.2356,5.2497,12.4854,0.5795,-0.14493,0.14603,8,4,-0.15472,0.13528,0.29000,-0.03278,0.4205,1,11.872,5.722,-24.871,5.722,-19.149,-27.527,-0.03171,-0.04845,46.422,34.808,0.00256,0.00203
25,271,0.8130,-0.00012,-0.00014,-0.00012,-0.00016,-0.003,-0.008,7.1564,5.1821,12.3384,0.5800,-0.14493,0.14603,8,4,-0.15472,0.13528,0.29000,-0.03292,0.4200,1,11.843,4.602,-24.910,4.602,-20.307,-27.557,-0.03188,-0.04845,46.475,34.834,0.00212,0.00158
25,272,0.8160,-0.00013,-0.00014,-0.00013,-0.00017,-0.002,-0.008,7.3026,4.8386,12.1412,0.6015,-0.14493,0.14604,8,4,-0.15472,0.13528,0.29000,-0.03915,0.3985,1,18.470,6.894,-24.948,6.894,-18.054,-27.598,-0.03205,-0.04845,46.525,34.861,0.00243,0.00191
25,273,0.8190,-0.00014,-0.00015,-0.00013,-0.00018,-0.003,-0.009,7.3711,5.2623,12.6334,0.5835,-0.14493,0.14603,8,4,-0.15472,0.13528,0.29000,-0.03392,0.4165,1,12.612,7.160,-24.987,7.160,-17.827,-27.632,-0.03221,-0.04845,46.573,34.887,0.00320,0.00270
25,274,0.8220,-0.00013,-0.00015,-0.00012,-0.00017,-0.004,-0.010,7.1937,5.5803,12.7741,0.5632,-0.14493,0.14602,8,4,-0.15472,0.13528,0.29000,-0.02803,0.4368,1,6.281,4.868,-25.024,4.868,-20.156,-27.641,-0.03237,-0.04845,46.622,34.914,0.00277,0.00222
25,275,0.8250,-0.00013,-0.00015,-0.00012,-0.00017,-0.004,-0.010,7.1560,5.1774,12.3334,0.5802,-0.14493,0.14603,8,4,-0.15472,0.13528,0.29000,-0.03298,0.4198,1,11.129,3.548,-25.061,3.548,-21.513,-27.659,-0.03252,-0.04845,46.673,34.940,0.00204,0.00146
25,276,0.8280,-0.00014,-0.00015,-0.00013,-0.00017,-0.003,-0.009,7.3937,4.8809,12.2746,0.6024,-0.14492,0.14604,8,4,-0.15472,0.13528,0.29000,-0.03940,0.3976,1,17.327,5.840,-25.097,5.839,-19.258,-27.698,-0.03268,-0.04845,46.720,34.966,0.00229,0.00174
25,277,0.8310,-0.00014,-0.00016,-0.00013,-0.00018,-0.003,-0.009,7.4902,5.2687,12.7589,0.5871,-0.14492,0.14603,8,4,-0.15472,0.13528,0.29000,-0.03497,0.4129,1,12.148,6.667,-25.134,6.667,-18.467,-27.730,-0.03284,-0.04845,46.766,34.993,0.00297,0.00245
25,278,0.8340,-0.00013,-0.00015,-0.00013,-0.00018,-0.004,-0.010,7.3754,5.4733,12.8487,0.5740,-0.14492,0.14603,8,4,-0.15472,0.13528,0.29000,-0.03118,0.4260,1,8.185,4.375,-25.170,4.375,-20.795,-27.739,-0.03300,-0.04845,46.812,35.019,0.00258,0.00203
25,279,0.8370,-0.00014,-0.00015,-0.00013,-0.00017,-0.003,-0.008,7.4168,5.0915,12.5082,0.5930,-0.14492,0.14604,8,4,-0.15472,0.13528,0.29000,-0.03667,0.4070,1,13.915,4.508,-25.206,4.508,-20.698,-27.757,-0.03314,-0.04845,46.859,35.046,0.00192,0.00135
25,280,0.8400,-0.00015,-0.00015,-0.00014,-0.00018,-0.002,-0.007,7.6656,4.8177,12.4833,0.6141,-0.14492,0.14605,8,4,-0.15472,0.13528,0.29000,-0.04280,0.3859,1,20.257,6.800,-25.242,6.800,-18.443,-27.795,-0.03330,-0.04845,46.901,35.072,0.00236,0.00180
25,281,0.8430,-0.00015,-0.00016,-0.00014,-0.00018,-0.002,-0.008,7.7271,5.2220,12.9491,0.5967,-0.14492,0.14604,8,4,-0.15472,0.13528,0.29000,-0.03777,0.4033,1,15.030,7.410,-25.278,7.410,-17.869,-27.821,-0.03344,-0.04845,46.939,35.098,0.00313,0.00261
25,282,0.8460,-0.00014,-0.00016,-0.00013,-0.00018,-0.003,-0.009,7.5337,5.5284,13.0621,0.5768,-0.14492,0.14603,8,4,-0.15472,0.13528,0.29000,-0.03198,0.4232,1,9.294,5.118,-25.314,5.118,-20.196,-27.822,-0.03358,-0.04845,46.979,35.125,0.00286,0.00230
25,283,0.8490,-0.00014,-0.00015,-0.00013,-0.00017,-0.002,-0.008,7.4924,5.1209,12.6133,0.5940,-0.14492,0.14604,8,4,-0.15472,0.13528,0.29000,-0.03698,0.4060,1,14.880,3.726,-25.350,3.726,-21.624,-27.829,-0.03370,-0.04845,47.019,35.151,0.00207,0.00146
25,284,0.8520,-0.00015,-0.00016,-0.00014,-0.00018,-0.002,-0.007,7.7062,4.8267,12.5329,0.6149,-0.14492,0.14605,8,4,-0.15472,0.13528,0.29000,-0.04303,0.3851,1,21.229,6.018,-25.386,6.018,-19.368,-27.861,-0.03383,-0.04845,47.056,35.172,0.00245,0.00187
25,285,0.8550,-0.00015,-0.00016,-0.00014,-0.00018,-0.003,-0.008,7.7429,5.2292,12.9721,0.5969,-0.14492,0.14604,8,4,-0.15472,0.13528,0.29000,-0.03782,0.4031,1,15.852,8.239,-25.421,8.239,-17.182,-27.882,-0.03395,-0.04845,47.089,35.191,0.00318,0.00264
25,286,0.8580,-0.00014,-0.00016,-0.00013,-0.00018,-0.004,-0.009,7.5255,5.5301,13.0556,0.5764,-0.14492,0.14603,8,4,-0.15472,0.13528,0.29000,-0.03188,0.4236,1,9.988,5.947,-25.457,5.947,-19.510,-27.879,-0.03406,-0.04845,47.123,35.210,0.00290,0.00232
25,287,0.8610,-0.00014,-0.00016,-0.00013,-0.00018,-0.003,-0.009,7.4609,5.1318,12.5927,0.5925,-0.14492,0.14604,8,4,-0.15472,0.13528,0.29000,-0.03654,0.4075,1,15.221,5.278,-25.492,5.278,-20.215,-27.882,-0.03416,-0.04845,47.156,35.228,0.00224,0.00163
25,288,0.8640,-0.00015,-0.00016,-0.00014,-0.00018,-0.003,-0.008,7.6104,4.9688,12.5792,0.6050,-0.14492,0.14604,8,4,-0.15472,0.13528,0.29000,-0.04017,0.3950,1,18.862,7.570,-25.527,7.569,-17.958,-27.905,-0.03427,-0.04845,47.187,35.247,0.00263,0.00204
25,289,0.8670,-0.00015,-0.00017,-0.00014,-0.00019,-0.004,-0.010,7.5800,5.3527,12.9326,0.5861,-0.14492,0.14603,8,4,-0.15472,0.13528,0.29000,-0.03469,0.4139,1,13.014,7.680,-25.563,7.680,-17.883,-27.916,-0.03437,-0.04845,47.214,35.265,0.00338,0.00282
25,290,0.8700,-0.00014,-0.00016,-0.00013,-0.00018,-0.005,-0.011,7.3111,5.6350,12.9461,0.5647,-0.14492,0.14602,8,4,-0.15472,0.13528,0.29000,-0.02849,0.4353,1,6.451,5.388,-25.598,5.388,-20.210,-27.901,-0.03446,-0.04845,47.244,35.284,0.00290,0.00231
25,291,0.8730,-0.00014,-0.00016,-0.00013,-0.00018,-0.005,-0.010,7.2414,5.2280,12.4693,0.5807,-0.14492,0.14603,8,4,-0.15472,0.13528,0.29000,-0.03313,0.4193,1,11.033,5.601,-25.633,5.601,-20.032,-27.898,-0.03455,-0.04845,47.276,35.303,0.00217,0.00154
25,292,0.8760,-0.00014,-0.00016,-0.00013,-0.00018,-0.004,-0.009,7.4081,4.9809,12.3890,0.5980,-0.14492,0.14603,8,4,-0.15472,0.13528,0.29000,-0.03813,0.4020,1,15.662,7.893,-25.668,7.893,-17.775,-27.916,-0.03466,-0.04845,47.303,35.321,0.00243,0.00183
25,293,0.8790,-0.00014,-0.00016,-0.00013,-0.00018,-0.004,-0.009,7.4166,5.3796,12.7962,0.5796,-0.14492,0.14603,8,4,-0.15472,0.13528,0.29000,-0.03280,0.4204,1,9.446,6.350,-25.702,6.350,-19.352,-27.927,-0.03476,-0.04845,47.328,35.340,0.00256,0.00198
25,294,0.8820,-0.00014,-0.00017,-0.00013,-0.00018,-0.004,-0.010,7.3657,5.1835,12.5492,0.5869,-0.14492,0.14603,8,4,-0.15472,0.13528,0.29000,-0.03493,0.4131,1,11.952,7.755,-25.737,7.755,-17.982,-27.932,-0.03486,-0.04845,47.351,35.358,0.00302,0.00244
25,295,0.8850,-0.00014,-0.00016,-0.00013,-0.00018,-0.005,-0.011,7.2244,5.5240,12.7484,0.5667,-0.14492,0.14602,8,4,-0.15472,0.13528,0.29000,-0.02906,0.4333,1,5.206,5.464,-25.772,5.464,-20.308,-27.921,-0.03496,-0.04845,47.373,35.377,0.00260,0.00200
25,296,0.8880,-0.00014,-0.00016,-0.00013,-0.00018,-0.005,-0.010,7.2091,5.1329,12.3420,0.5841,-0.14492,0.14602,8,4,-0.15472,0.13528,0.29000,-0.03411,0.4159,1,10.303,6.902,-25.806,6.902,-18.904,-27.923,-0.03505,-0.04845,47.394,35.396,0.00257,0.00194
25,297,0.8910,-0.00014,-0.00016,-0.00013,-0.00018,-0.004,-0.010,7.2305,5.3077,12.5382,0.5767,-0.14492,0.14603,8,4,-0.15472,0.13528,0.29000,-0.03196,0.4233,1,7.208,4.825,-25.840,4.825,-21.015,-27.925,-0.03516,-0.04845,47.414,35.414,0.00214,0.00151
25,298,0.8940,-0.00014,-0.00016,-0.00013,-0.00018,-0.004,-0.009,7.3261,4.9482,12.2743,0.5969,-0.14492,0.14603,8,4,-0.15472,0.13528,0.29000,-0.03781,0.4031,1,13.306,7.117,-25.874,7.117,-18.758,-27.941,-0.03526,-0.04845,47.429,35.433,0.00254,0.00193
25,299,0.8970,-0.00014,-0.00016,-0.00013,-0.00017,-0.003,-0.009,7.3108,5.3333,12.6441,0.5782,-0.14493,0.14603,8,4,-0.15472,0.13528,0.29000,-0.03240,0.4218,1,7.144,4.825,-25.909,4.825,-21.084,-27.945,-0.03537,-0.04845,47.443,35.451,0.00231,0.00171
25,300,0.9000,-0.00014,-0.00016,-0.00013,-0.00018,-0.003,-0.009,7.3387,4.9428,12.2816,0.5975,-0.14492,0.14603,8,4,-0.15472,0.13528,0.29000,-0.03801,0.4025,1,13.457,7.117,-25.943,7.117,-18.826,-27.956,-0.03547,-0.04845,47.452,35.470,0.00270,0.00209
25,301,0.9030,-0.00014,-0.00016,-0.00013,-0.00017,-0.004,-0.009,7.2913,5.3237,12.6149,0.5780,-0.14493,0.14603,8,4,-0.15472,0.13528,0.29000,-0.03234,0.4220,1,7.135,4.825,-25.976,4.825,-21.151,-27.957,-0.03557,-0.04845,47.459,35.486,0.00242,0.00181
25,302,0.9060,-0.00014,-0.00016,-0.00013,-0.00018,-0.004,-0.009,7.3052,4.9362,12.2413,0.5968,-0.14493,0.14603,8,4,-0.15472,0.13528,0.29000,-0.03778,0.4032,1,13.256,7.117,-26.010,7.117,-18.893,-27.966,-0.03566,-0.04845,47.462,35.501,0.00277,0.00215
25,303,0.9090,-0.00014,-0.00016,-0.00013,-0.00017,-0.004,-0.009,7.2565,5.3216,12.5781,0.5769,-0.14493,0.14603,8,4,-0.15472,0.13528,0.29000,-0.03202,0.4231,1,6.767,4.825,-26.044,4.825,-21.219,-27.966,-0.03575,-0.04845,47.465,35.517,0.00244,0.00182
25,304,0.9120,-0.00014,-0.00016,-0.00013,-0.00018,-0.004,-0.009,7.2718,4.9379,12.2097,0.5956,-0.14493,0.14603,8,4,-0.15472,0.13528,0.29000,-0.03744,0.4044,1,12.743,7.117,-26.077,7.117,-18.960,-27.977,-0.03584,-0.04845,47.464,35.532,0.00276,0.00214
25,305,0.9150,-0.00014,-0.00016,-0.00013,-0.00017,-0.004,-0.009,7.2219,5.3018,12.5238,0.5767,-0.14493,0.14603,8,4,-0.15472,0.13528,0.29000,-0.03195,0.4233,1,6.461,4.825,-26.111,4.825,-21.286,-27.978,-0.03593,-0.04845,47.461,35.548,0.00241,0.00178
25,306,0.9180,-0.00014,-0.00016,-0.00013,-0.00018,-0.004,-0.009,7.2460,4.9219,12.1679,0.5955,-0.14493,0.14603,8,4,-0.15472,0.13528,0.29000,-0.03741,0.4045,1,12.407,7.117,-26.144,7.117,-19.027,-27.990,-0.03601,-0.04845,47.456,35.564,0.00273,0.00210
25,307,0.9210,-0.00014,-0.00016,-0.00013,-0.00017,-0.004,-0.009,7.2127,5.2879,12.5005,0.5770,-0.14493,0.14603,8,4,-0.15472,0.13528,0.29000,-0.03205,0.4230,1,6.216,4.825,-26.177,4.825,-21.352,-27.993,-0.03610,-0.04845,47.449,35.579,0.00238,0.00175
25,308,0.9240,-0.00014,-0.00016,-0.00013,-0.00018,-0.004,-0.009,7.2357,4.9062,12.1419,0.5959,-0.14493,0.14603,8,4,-0.15472,0.13528,0.29000,-0.03754,0.4041,1,12.174,7.117,-26.210,7.117,-19.093,-28.007,-0.03618,-0.04845,47.439,35.595,0.00272,0.00209
25,309,0.9270,-0.00014,-0.00016,-0.00013,-0.00017,-0.004,-0.009,7.2035,5.2710,12.4745,0.5775,-0.14493,0.14603,8,4,-0.15472,0.13528,0.29000,-0.03218,0.4225,1,6.000,4.825,-26.243,4.825,-21.418,-28.011,-0.03627,-0.04845,47.429,35.610,0.00238,0.00174
25,310,0.9300,-0.00014,-0.00016,-0.00013,-0.00018,-0.004,-0.009,7.2376,4.8930,12.1307,0.5966,-0.14493,0.14603,8,4,-0.15472,0.13528,0.29000,-0.03774,0.4034,1,12.034,7.117,-26.276,7.117,-19.159,-28.026,-0.03635,-0.04845,47.414,35.626,0.00272,0.00208
25,311,0.9330,-0.00014,-0.00016,-0.00013,-0.00018,-0.004,-0.009,7.1993,5.2555,12.4548,0.5780,-0.14493,0.14603,8,4,-0.15472,0.13528,0.29000,-0.03235,0.4220,1,5.803,4.825,-26.308,4.825,-21.483,-28.030,-0.03644,-0.04845,47.399,35.642,0.00239,0.00174
25,312,0.9360,-0.00014,-0.00017,-0.00013,-0.00018,-0.004,-0.009,7.2321,4.8765,12.1086,0.5973,-0.14493,0.14603,8,4,-0.15472,0.13528,0.29000,-0.03793,0.4027,1,11.856,7.117,-26.340,7.117,-19.224,-28.046,-0.03652,-0.04845,47.381,35.657,0.00273,0.00208
25,313,0.9390,-0.00014,-0.00016,-0.00013,-0.00018,-0.004,-0.009,7.2072,5.2436,12.4508,0.5789,-0.14493,0.14603,8,4,-0.15472,0.13528,0.29000,-0.03259,0.4211,1,5.681,4.825,-26.373,4.825,-21.548,-28.050,-0.03660,-0.04845,47.362,35.673,0.00240,0.00174
25,314,0.9420,-0.00014,-0.00017,-0.00013,-0.00018,-0.005,-0.009,7.2446,4.8665,12.1111,0.5982,-0.14493,0.14603,8,4,-0.15472,0.13528,0.29000,-0.03819,0.4018,1,11.739,7.117,-26.405,7.117,-19.288,-28.066,-0.03668,-0.04845,47.340,35.688,0.00273,0.00207
25,315,0.9450,-0.00014,-0.00016,-0.00013,-0.00018,-0.004,-0.009,7.2087,5.2290,12.4377,0.5796,-0.14493,0.14603,8,4,-0.15472,0.13528,0.29000,-0.03280,0.4204,1,5.491,4.825,-26.437,4.825,-21.612,-28.072,-0.03676,-0.04845,47.317,35.704,0.00240,0.00174
25,316,0.9480,-0.00014,-0.00017,-0.00013,-0.00018,-0.005,-0.009,7.2441,4.8502,12.0943,0.5990,-0.14493,0.14603,8,4,-0.15472,0.13528,0.29000,-0.03842,0.4010,1,11.569,7.117,-26.469,7.117,-19.352,-28.088,-0.03685,-0.04845,47.292,35.720,0.00275,0.00208
25,317,0.9510,-0.00014,-0.00016,-0.00013,-0.00018,-0.005,-0.009,7.2232,5.2175,12.4407,0.5806,-0.14493,0.14603,8,4,-0.15472,0.13528,0.29000,-0.03310,0.4194,1,5.391,4.825,-26.501,4.825,-21.676,-28.093,-0.03693,-0.04845,47.266,35.735,0.00240,0.00172
25,318,0.9540,-0.00014,-0.00017,-0.00013,-0.00018,-0.005,-0.009,7.2496,4.8361,12.0856,0.5999,-0.14493,0.14603,8,4,-0.15472,0.13528,0.29000,-0.03868,0.4001,1,11.405,7.117,-26.532,7.117,-19.416,-28.109,-0.03701,-0.04845,47.237,35.749,0.00275,0.00208
25,319,0.9570,-0.00014,-0.00017,-0.00013,-0.00018,-0.005,-0.009,7.2266,5.2011,12.4278,0.5815,-0.14493,0.14603,8,4,-0.15472,0.13528,0.29000,-0.03335,0.4185,1,5.231,4.825,-26.564,4.825,-21.739,-28.114,-0.03709,-0.04845,47.209,35.764,0.00241,0.00173
25,320,0.9600,-0.00015,-0.00017,-0.00014,-0.00018,-0.005,-0.009,7.2698,4.8250,12.0948,0.6011,-0.14493,0.14603,8,4,-0.15472,0.13528,0.29000,-0.03903,0.3989,1,11.355,7.117,-26.596,7.117,-19.479,-28.130,-0.03717,-0.04845,47.178,35.778,0.00274,0.00206
25,321,0.9630,-0.00014,-0.00017,-0.00013,-0.00018,-0.005,-0.009,7.2366,5.1868,12.4234,0.5825,-0.14493,0.14603,8,4,-0.15472,0.13528,0.29000,-0.03364,0.4175,1,5.097,4.825,-26.627,4.825,-21.802,-28.135,-0.03725,-0.04845,47.146,35.792,0.00241,0.00173
25,322,0.9660,-0.00015,-0.00017,-0.00014,-0.00018,-0.005,-0.009,7.2765,4.8080,12.0845,0.6021,-0.14493,0.14603,8,4,-0.15472,0.13528,0.29000,-0.03934,0.3979,1,11.253,7.117,-26.658,7.117,-19.541,-28.151,-0.03733,-0.04845,47.113,35.807,0.00276,0.00208
25,323,0.9690,-0.00014,-0.00017,-0.00013,-0.00018,-0.005,-0.009,7.2628,5.1757,12.4385,0.5839,-0.14493,0.14603,8,4,-0.15472,0.13528,0.29000,-0.03405,0.4161,1,5.112,4.825,-26.689,4.825,-21.864,-28.155,-0.03741,-0.04845,47.079,35.821,0.00242,0.00173
25,324,0.9720,-0.00015,-0.00017,-0.00014,-0.00019,-0.005,-0.009,7.3085,4.7995,12.1080,0.6036,-0.14492,0.14603,8,4,-0.15472,0.13528,0.29000,-0.03977,0.3964,1,11.285,7.117,-26.719,7.117,-19.603,-28.170,-0.03749,-0.04845,47.043,35.836,0.00276,0.00206
25,325,0.9750,-0.00015,-0.00017,-0.00013,-0.00018,-0.005,-0.009,7.2769,5.1605,12.4374,0.5851,-0.14493,0.14603,8,4,-0.15472,0.13528,0.29000,-0.03439,0.4149,1,5.052,4.825,-26.750,4.825,-21.925,-28.174,-0.03758,-0.04845,47.008,35.850,0.00242,0.00172
25,326,0.9780,-0.00015,-0.00018,-0.00014,-0.00019,-0.005,-0.009,7.3183,4.7811,12.0994,0.6048,-0.14492,0.14603,8,4,-0.15472,0.13528,0.29000,-0.04013,0.3952,1,11.266,7.117,-26.781,7.117,-19.664,-28.189,-0.03766,-0.04845,46.970,35.864,0.00277,0.00207
25,327,0.9810,-0.00015,-0.00017,-0.00014,-0.00018,-0.005,-0.009,7.3070,5.1482,12.4552,0.5867,-0.14492,0.14603,8,4,-0.15472,0.13528,0.29000,-0.03485,0.4133,1,5.162,4.825,-26.811,4.825,-21.986,-28.191,-0.03774,-0.04845,46.933,35.879,0.00241,0.00170
25,328,0.9840,-0.00015,-0.00017,-0.00016,-0.00019,-0.005,-0.006,7.3350,4.7671,12.1021,0.6061,-0.14490,0.14603,8,4,-0.15472,0.13528,0.29000,-0.04049,0.3939,1,11.268,7.117,-26.841,7.117,-19.724,-28.205,-0.03782,-0.04845,46.868,35.893,0.00377,0.00153
25,329,0.9870,-0.00014,-0.00017,-0.00019,-0.00019,-0.005,0.000,7.5238,5.2629,12.7867,0.5884,-0.14488,0.14603,8,4,-0.15472,0.13528,0.29000,-0.03536,0.4116,1,5.361,4.825,-26.871,4.825,-22.046,-28.213,-0.03790,-0.04845,46.785,35.908,0.00343,0.00143
25,330,0.9900,-0.00014,-0.00018,-0.00021,-0.00019,-0.006,0.004,7.7976,4.9989,12.7965,0.6094,-0.14487,0.14603,8,4,-0.15472,0.13528,0.29000,-0.04143,0.3906,1,13.268,7.117,-26.901,7.117,-19.785,-28.231,-0.03797,-0.04845,46.678,35.922,0.00327,0.00095
25,331,0.9930,-0.00013,-0.00018,-0.00022,-0.00019,-0.008,0.007,7.8568,5.4034,13.2602,0.5925,-0.14486,0.14602,8,4,-0.15472,0.13528,0.29000,-0.03655,0.4075,1,9.733,6.540,-26.931,6.540,-20.391,-28.242,-0.03801,-0.04845,46.556,35.936,0.00248,0.00038
25,332,0.9960,-0.00013,-0.00019,-0.00023,-0.00019,-0.010,0.008,7.8449,5.2111,13.0560,0.6009,-0.14487,0.14601,8,4,-0.15472,0.13528,0.29000,-0.03897,0.3991,1,14.829,8.832,-26.961,8.832,-18.129,-28.262,-0.03803,-0.04845,46.414,35.951,0.00229,0.00027
25,333,0.9990,-0.00012,-0.00019,-0.00022,-0.00018,-0.013,0.007,7.7207,5.5992,13.3198,0.5796,-0.14488,0.14600,8,4,-0.15472,0.13528,0.29000,-0.03281,0.4204,1,10.084,6.816,-26.990,6.815,-20.175,-28.280,-0.03802,-0.04845,46.267,35.965,0.00170,0.00081
25,334,1.0000,-0.00013,-0.00020,-0.00022,-0.00019,-0.014,0.005,7.6087,5.2882,12.8969,0.5900,-0.14490,0.14601,8,4,-0.15472,0.13528,0.29000,-0.03581,0.4100,1,15.212,9.107,-27.000,9.107,-17.893,-28.312,-0.03798,-0.04845,46.100,35.970,0.00116,0.00134
25,335,1.0000,-0.00013,-0.00020,-0.00020,-0.00019,-0.014,0.002,7.5060,5.6965,13.2026,0.5685,-0.14492,0.14601,8,4,-0.15472,0.13528,0.29000,-0.02959,0.4315,1,9.297,6.816,-27.000,6.815,-20.184,-28.372,-0.03793,-0.04845,45.931,35.970,0.00132,0.00168
25,336,1.0000,-0.00014,-0.00021,-0.00019,-0.00020,-0.014,-0.001,7.5489,5.3548,12.9037,0.5850,-0.14494,0.14601,8,4,-0.15472,0.13528,0.29000,-0.03437,0.4150,1,15.355,9.107,-27.000,9.107,-17.893,-28.460,-0.03788,-0.04845,45.756,35.970,0.00143,0.00170
25,337,1.0000,-0.00014,-0.00021,-0.00017,-0.00020,-0.015,-0.005,7.5202,5.7696,13.2898,0.5659,-0.14496,0.14601,8,4,-0.15472,0.13528,0.29000,-0.02882,0.4341,1,9.328,6.816,-27.000,6.815,-20.184,-28.545,-0.03783,-0.04845,45.592,35.970,0.00148,0.00170
25,338,1.0000,-0.00014,-0.00022,-0.00016,-0.00021,-0.015,-0.008,7.4847,5.3818,12.8664,0.5817,-0.14498,0.14601,8,4,-0.15472,0.13528,0.29000,-0.03342,0.4183,1,14.212,9.091,-27.000,9.091,-17.909,-28.628,-0.03778,-0.04845,45.429,35.970,0.00141,0.00174
25,339,1.0000,-0.00013,-0.00022,-0.00015,-0.00020,-0.016,-0.011,7.3770,5.7542,13.1311,0.5618,-0.14499,0.14600,8,4,-0.15472,0.13528,0.29000,-0.02764,0.4382,1,6.594,6.799,-27.000,6.799,-20.201,-28.697,-0.03774,-0.04845,45.282,35.970,0.00130,0.00171
25,340,1.0000,-0.00013,-0.00021,-0.00014,-0.00020,-0.016,-0.013,7.3518,5.3675,12.7194,0.5780,-0.14500,0.14600,8,4,-0.15472,0.13528,0.29000,-0.03234,0.4220,1,10.267,6.416,-27.000,6.416,-20.584,-28.767,-0.03772,-0.04845,45.158,35.970,0.00115,0.00129
25,341,1.0000,-0.00014,-0.00021,-0.00013,-0.00020,-0.015,-0.013,7.4068,5.2539,12.6607,0.5850,-0.14501,0.14601,8,4,-0.15472,0.13528,0.29000,-0.03437,0.4150,1,10.288,6.364,-27.000,6.364,-20.636,-28.838,-0.03773,-0.04845,45.043,35.970,0.00156,0.00150
25,342,1.0000,-0.00014,-0.00021,-0.00012,-0.00019,-0.013,-0.013,7.4044,5.2484,12.6528,0.5852,-0.14501,0.14602,8,4,-0.15472,0.13528,0.29000,-0.03443,0.4148,1,8.092,4.910,-27.000,4.910,-22.090,-28.909,-0.03776,-0.04845,44.946,35.970,0.00150,0.00104
25,343,1.0000,-0.00015,-0.00021,-0.00013,-0.00020,-0.011,-0.013,7.6170,4.9286,12.5455,0.6071,-0.14501,0.14603,8,4,-0.15472,0.13528,0.29000,-0.04079,0.3929,1,13.432,7.202,-27.000,7.202,-19.798,-28.995,-0.03782,-0.04845,44.848,35.970,0.00201,0.00142
25,344,1.0000,-0.00015,-0.00020,-0.00013,-0.00019,-0.010,-0.012,7.6327,5.3111,12.9438,0.5897,-0.14501,0.14603,8,4,-0.15472,0.13528,0.29000,-0.03573,0.4103,1,6.104,4.910,-27.000,4.910,-22.090,-29.053,-0.03789,-0.04845,44.761,35.970,0.00216,0.00132
25,345,1.0000,-0.00016,-0.00021,-0.00013,-0.00019,-0.010,-0.012,7.7522,4.9382,12.6904,0.6109,-0.14501,0.14604,8,4,-0.15472,0.13528,0.29000,-0.04187,0.3891,1,11.922,6.969,-27.000,6.969,-20.031,-29.117,-0.03798,-0.04845,44.671,35.970,0.00265,0.00187
25,346,1.0000,-0.00016,-0.00020,-0.00013,-0.00019,-0.009,-0.012,7.7253,5.2979,13.0231,0.5932,-0.14501,0.14603,8,4,-0.15472,0.13528,0.29000,-0.03675,0.4068,1,5.072,4.677,-27.000,4.677,-22.323,-29.166,-0.03807,-0.04845,44.593,35.970,0.00266,0.00168
25,347,1.0000,-0.00016,-0.00021,-0.00013,-0.00019,-0.008,-0.012,7.7909,4.9121,12.7029,0.6133,-0.14501,0.14604,8,4,-0.15472,0.13528,0.29000,-0.04258,0.3867,1,10.777,6.164,-27.000,6.164,-20.836,-29.215,-0.03818,-0.04845,44.515,35.970,0.00297,0.00211
25,348,1.0000,-0.00016,-0.00020,-0.00013,-0.00018,-0.008,-0.011,7.7534,5.2104,12.9638,0.5981,-0.14500,0.14604,8,4,-0.15472,0.13528,0.29000,-0.03816,0.4019,1,4.862,3.872,-27.000,3.872,-23.128,-29.253,-0.03828,-0.04845,44.451,35.970,0.00293,0.00186
25,349,1.0000,-0.00017,-0.00020,-0.00013,-0.00019,-0.007,-0.011,7.8123,4.8293,12.6416,0.6180,-0.14500,0.14604,8,4,-0.15472,0.13528,0.29000,-0.04393,0.3820,1,10.605,5.958,-27.000,5.958,-21.042,-29.295,-0.03840,-0.04845,44.387,35.970,0.00316,0.00220
25,350,1.0000,-0.00016,-0.00020,-0.00013,-0.00018,-0.007,-0.011,7.7694,5.1255,12.8949,0.6025,-0.14499,0.14604,8,4,-0.15472,0.13528,0.29000,-0.03945,0.3975,1,4.747,3.666,-27.000,3.666,-23.334,-29.323,-0.03852,-0.04845,44.335,35.970,0.00305,0.00189
25,351,1.0000,-0.00017,-0.00020,-0.00014,-0.00019,-0.007,-0.011,7.8249,4.7433,12.5682,0.6226,-0.14499,0.14604,8,4,-0.15472,0.13528,0.29000,-0.04527,0.3774,1,10.691,5.915,-27.000,5.915,-21.085,-29.356,-0.03864,-0.04845,44.282,35.970,0.00322,0.00224
25,352,1.0000,-0.00017,-0.00020,-0.00013,-0.00019,-0.006,-0.010,7.7703,5.0893,12.8596,0.6042,-0.14498,0.14604,8,4,-0.15472,0.13528,0.29000,-0.03995,0.3958,1,4.069,3.623,-27.000,3.623,-23.377,-29.374,-0.03877,-0.04845,44.241,35.970,0.00308,0.00192
25,353,1.0000,-0.00017,-0.00020,-0.00014,-0.00019,-0.006,-0.010,7.8117,4.7037,12.5154,0.6242,-0.14498,0.14604,8,4,-0.15472,0.13528,0.29000,-0.04573,0.3758,1,10.131,5.531,-27.000,5.531,-21.469,-29.396,-0.03890,-0.04845,44.200,35.970,0.00317,0.00222
25,354,1.0000,-0.00017,-0.00020,-0.00014,-0.00019,-0.005,-0.010,7.7806,4.9431,12.7237,0.6115,-0.14497,0.14604,8,4,-0.15472,0.13528,0.29000,-0.04206,0.3885,1,5.500,3.240,-27.000,3.240,-23.760,-29.409,-0.03903,-0.04845,44.171,35.970,0.00292,0.00214
25,355,1.0000,-0.00018,-0.00020,-0.00015,-0.00019,-0.005,-0.009,7.8441,4.5653,12.4094,0.6321,-0.14497,0.14605,8,4,-0.15472,0.13528,0.29000,-0.04803,0.3679,1,11.930,5.531,-27.000,5.531,-21.469,-29.429,-0.03916,-0.04845,44.142,35.970,0.00310,0.00226
25,356,1.0000,-0.00018,-0.00020,-0.00014,-0.00019,-0.005,-0.009,7.7917,4.9201,12.7117,0.6130,-0.14496,0.14605,8,4,-0.15472,0.13528,0.29000,-0.04247,0.3870,1,5.444,3.240,-27.000,3.240,-23.760,-29.430,-0.03929,-0.04845,44.121,35.970,0.00293,0.00225
25,357,1.0000,-0.00019,-0.00021,-0.00015,-0.00019,-0.005,-0.008,7.8357,4.5446,12.3803,0.6329,-0.14495,0.14605,8,4,-0.15472,0.13528,0.29000,-0.04826,0.3671,1,11.940,5.531,-27.000,5.531,-21.469,-29.440,-0.03941,-0.04845,44.095,35.970,0.00315,0.00184
25,358,1.0000,-0.00018,-0.00021,-0.00015,-0.00019,-0.005,-0.008,7.7814,4.9018,12.6832,0.6135,-0.14494,0.14605,8,4,-0.15472,0.13528,0.29000,-0.04264,0.3865,1,5.597,3.240,-27.000,3.240,-23.760,-29.440,-0.03953,-0.04845,44.080,35.970,0.00296,0.00208
25,359,1.0000,-0.00019,-0.00022,-0.00016,-0.00020,-0.005,-0.008,7.8174,4.5216,12.3390,0.6335,-0.14493,0.14605,8,4,-0.15472,0.13528,0.29000,-0.04845,0.3665,1,12.290,5.531,-27.000,5.531,-21.469,-29.444,-0.03965,-0.04845,44.061,35.970,0.00312,0.00153
25,360,1.0000,-0.00019,-0.00021,-0.00016,-0.00020,-0.005,-0.008,7.7538,4.8765,12.6302,0.6139,-0.14493,0.14605,8,4,-0.15472,0.13528,0.29000,-0.04275,0.3861,1,5.969,3.240,-27.000,3.240,-23.760,-29.435,-0.03976,-0.04845,44.051,35.970,0.00326,0.00187
25,361,1.0000,-0.00020,-0.00022,-0.00016,-0.00020,-0.005,-0.007,7.7826,4.5027,12.2853,0.6335,-0.14491,0.14605,8,4,-0.15472,0.13528,0.29000,-0.04843,0.3665,1,12.570,5.531,-27.000,5.531,-21.469,-29.436,-0.03987,-0.04845,44.038,35.970,0.00310,0.00142
25,362,1.0000,-0.00019,-0.00022,-0.00016,-0.00020,-0.005,-0.007,7.7157,4.8587,12.5743,0.6136,-0.14491,0.14605,8,4,-0.15472,0.13528,0.29000,-0.04266,0.3864,1,6.216,3.280,-27.000,3.280,-23.720,-29.425,-0.03997,-0.04845,44.032,35.970,0.00355,0.00172
25,363,1.0000,-0.00020,-0.00023,-0.00017,-0.00021,-0.005,-0.007,7.7450,4.4865,12.2315,0.6332,-0.14490,0.14605,8,4,-0.15472,0.13528,0.29000,-0.04835,0.3668,1,12.867,5.572,-27.000,5.572,-21.428,-29.425,-0.04006,-0.04845,44.023,35.970,0.00297,0.00147
25,364,1.0000,-0.00020,-0.00023,-0.00017,-0.00021,-0.006,-0.007,7.6824,4.8435,12.5260,0.6133,-0.14490,0.14605,8,4,-0.15472,0.13528,0.29000,-0.04258,0.3867,1,6.549,3.446,-27.000,3.446,-23.554,-29.412,-0.04015,-0.04845,44.023,35.970,0.00291,0.00149
25,365,1.0000,-0.00021,-0.00024,-0.00018,-0.00021,-0.006,-0.007,7.7132,4.4708,12.1839,0.6331,-0.14490,0.14605,8,4,-0.15472,0.13528,0.29000,-0.04831,0.3669,1,13.276,5.738,-27.000,5.738,-21.262,-29.409,-0.04024,-0.04845,44.018,35.970,0.00297,0.00171
25,366,1.0000,-0.00021,-0.00023,-0.00017,-0.00021,-0.006,-0.008,7.6485,4.8345,12.4830,0.6127,-0.14490,0.14605,8,4,-0.15472,0.13528,0.29000,-0.04241,0.3873,1,6.839,3.584,-27.000,3.584,-23.416,-29.400,-0.04032,-0.04845,44.020,35.970,0.00281,0.00160
25,367,1.0000,-0.00021,-0.00024,-0.00018,-0.00022,-0.006,-0.008,7.6855,4.4637,12.1491,0.6326,-0.14489,0.14605,8,4,-0.15472,0.13528,0.29000,-0.04817,0.3674,1,13.692,5.876,-27.000,5.876,-21.124,-29.399,-0.04039,-0.04845,44.018,35.970,0.00272,0.00166
25,368,1.0000,-0.00021,-0.00024,-0.00018,-0.00022,-0.006,-0.008,7.6293,4.8244,12.4537,0.6126,-0.14489,0.14605,8,4,-0.15472,0.13528,0.29000,-0.04238,0.3874,1,7.436,3.893,-27.000,3.892,-23.107,-29.385,-0.04046,-0.04845,44.022,35.970,0.00271,0.00160
25,369,1.0000,-0.00022,-0.00025,-0.00019,-0.00023,-0.006,-0.008,7.6654,4.4543,12.1197,0.6325,-0.14488,0.14606,8,4,-0.15472,0.13528,0.29000,-0.04814,0.3675,1,14.291,6.184,-27.000,6.184,-20.816,-29.383,-0.04052,-0.04845,44.022,35.970,0.00271,0.00171
25,370,1.0000,-0.00022,-0.00025,-0.00019,-0.00023,-0.006,-0.008,7.6074,4.8187,12.4262,0.6122,-0.14488,0.14606,8,4,-0.15472,0.13528,0.29000,-0.04226,0.3878,1,7.966,4.161,-27.000,4.161,-22.839,-29.371,-0.04058,-0.04845,44.028,35.970,0.00265,0.00161
25,371,1.0000,-0.00023,-0.00026,-0.00020,-0.00024,-0.006,-0.008,7.6463,4.4494,12.0956,0.6322,-0.14488,0.14606,8,4,-0.15472,0.13528,0.29000,-0.04804,0.3678,1,14.899,6.453,-27.000,6.453,-20.547,-29.370,-0.04063,-0.04845,44.029,35.970,0.00262,0.00170
25,372,1.0000,-0.00023,-0.00026,-0.00020,-0.00024,-0.006,-0.008,7.5976,4.8175,12.4150,0.6120,-0.14487,0.14606,8,4,-0.15472,0.13528,0.29000,-0.04219,0.3880,1,8.637,4.507,-27.000,4.507,-22.493,-29.359,-0.04067,-0.04845,44.035,35.970,0.00263,0.00164
25,373,1.0000,-0.00023,-0.00027,-0.00020,-0.00025,-0.006,-0.008,7.6200,4.4808,12.1008,0.6297,-0.14487,0.14606,8,4,-0.15472,0.13528,0.29000,-0.04733,0.3703,1,14.868,6.799,-27.000,6.799,-20.201,-29.357,-0.04071,-0.04845,44.036,35.970,0.00262,0.00174
25,374,1.0000,-0.00023,-0.00026,-0.00020,-0.00024,-0.006,-0.009,7.5655,4.8491,12.4146,0.6094,-0.14487,0.14606,8,4,-0.15472,0.13528,0.29000,-0.04145,0.3906,1,8.570,4.507,-27.000,4.507,-22.493,-29.346,-0.04074,-0.04845,44.044,35.970,0.00259,0.00166
25,375,1.0000,-0.00024,-0.00027,-0.00021,-0.00025,-0.006,-0.009,7.5920,4.4743,12.0663,0.6292,-0.14486,0.14606,8,4,-0.15472,0.13528,0.29000,-0.04718,0.3708,1,15.422,6.799,-27.000,6.799,-20.201,-29.345,-0.04077,-0.04845,44.046,35.970,0.00258,0.00174
25,376,1.0000,-0.00024,-0.00027,-0.00021,-0.00025,-0.007,-0.009,7.5446,4.8476,12.3922,0.6088,-0.14486,0.14606,8,4,-0.15472,0.13528,0.29000,-0.04128,0.3912,1,9.058,4.722,-27.000,4.722,-22.278,-29.337,-0.04079,-0.04845,44.053,35.970,0.00252,0.00169
25,377,1.0000,-0.00024,-0.00028,-0.00021,-0.00026,-0.007,-0.009,7.5578,4.5391,12.0969,0.6248,-0.14486,0.14606,8,4,-0.15472,0.13528,0.29000,-0.04590,0.3752,1,14.657,7.014,-27.000,7.014,-19.986,-29.336,-0.04081,-0.04845,44.054,35.970,0.00253,0.00175
25,378,1.0000,-0.00024,-0.00028,-0.00021,-0.00026,-0.007,-0.010,7.5025,4.9081,12.4107,0.6045,-0.14486,0.14606,8,4,-0.15472,0.13528,0.29000,-0.04003,0.3955,1,8.320,4.722,-27.000,4.722,-22.278,-29.325,-0.04083,-0.04845,44.061,35.970,0.00245,0.00170
25,379,1.0000,-0.00025,-0.00028,-0.00021,-0.00026,-0.007,-0.010,7.5239,4.5336,12.0575,0.6240,-0.14486,0.14606,8,4,-0.15472,0.13528,0.29000,-0.04568,0.3760,1,14.946,7.014,-27.000,7.014,-19.986,-29.325,-0.04084,-0.04845,44.063,35.970,0.00253,0.00176
25,380,1.0000,-0.00024,-0.00028,-0.00021,-0.00026,-0.007,-0.010,7.4773,4.9091,12.3863,0.6037,-0.14486,0.14606,8,4,-0.15472,0.13528,0.29000,-0.03978,0.3963,1,8.477,4.722,-27.000,4.722,-22.278,-29.318,-0.04085,-0.04845,44.071,35.970,0.00239,0.00166
25,381,1.0000,-0.00025,-0.00029,-0.00022,-0.00027,-0.007,-0.010,7.5084,4.5351,12.0435,0.6234,-0.14485,0.14606,8,4,-0.15472,0.13528,0.29000,-0.04552,0.3766,1,15.170,7.014,-27.000,7.014,-19.986,-29.320,-0.04086,-0.04845,44.074,35.970,0.00252,0.00173
25,382,1.0000,-0.00025,-0.00028,-0.00021,-0.00026,-0.007,-0.010,7.4692,4.9127,12.3819,0.6032,-0.14485,0.14606,8,4,-0.15472,0.13528,0.29000,-0.03966,0.3968,1,8.725,4.722,-27.000,4.722,-22.278,-29.317,-0.04086,-0.04845,44.082,35.970,0.00237,0.00162
25,383,1.0000,-0.00025,-0.00029,-0.00022,-0.00027,-0.007,-0.010,7.5050,4.5360,12.0411,0.6233,-0.14485,0.14606,8,4,-0.15472,0.13528,0.29000,-0.04547,0.3767,1,15.520,7.014,-27.000,7.014,-19.986,-29.320,-0.04086,-0.04845,44.084,35.970,0.00249,0.00169
25,384,1.0000,-0.00025,-0.00029,-0.00021,-0.00027,-0.007,-0.010,7.4696,4.9149,12.3846,0.6031,-0.14485,0.14606,8,4,-0.15472,0.13528,0.29000,-0.03963,0.3969,1,9.112,4.745,-27.000,4.745,-22.255,-29.317,-0.04086,-0.04845,44.092,35.970,0.00234,0.00159
25,385,1.0000,-0.00026,-0.00029,-0.00022,-0.00027,-0.007,-0.010,7.5053,4.5453,12.0506,0.6228,-0.14485,0.14606,8,4,-0.15472,0.13528,0.29000,-0.04534,0.3772,1,15.807,7.037,-27.000,7.037,-19.963,-29.322,-0.04086,-0.04845,44.094,35.970,0.00246,0.00167
25,386,1.0000,-0.00025,-0.00029,-0.00022,-0.00027,-0.007,-0.010,7.4695,4.9249,12.3944,0.6026,-0.14485,0.14606,8,4,-0.15472,0.13528,0.29000,-0.03949,0.3974,1,9.417,4.900,-27.000,4.900,-22.100,-29.319,-0.04085,-0.04845,44.101,35.970,0.00232,0.00158
25,387,1.0000,-0.00026,-0.00029,-0.00022,-0.00027,-0.007,-0.011,7.4918,4.5955,12.0873,0.6198,-0.14485,0.14606,8,4,-0.15472,0.13528,0.29000,-0.04446,0.3802,1,15.310,7.191,-27.000,7.191,-19.809,-29.323,-0.04084,-0.04845,44.101,35.970,0.00242,0.00167
25,388,1.0000,-0.00025,-0.00029,-0.00021,-0.00027,-0.007,-0.011,7.4472,4.9725,12.4198,0.5996,-0.14485,0.14606,8,4,-0.15472,0.13528,0.29000,-0.03861,0.4004,1,8.901,4.900,-27.000,4.900,-22.100,-29.319,-0.04083,-0.04845,44.107,35.970,0.00231,0.00158
25,389,1.0000,-0.00026,-0.00029,-0.00022,-0.00027,-0.007,-0.011,7.4720,4.5943,12.0663,0.6192,-0.14485,0.14606,8,4,-0.15472,0.13528,0.29000,-0.04430,0.3808,1,15.510,7.191,-27.000,7.191,-19.809,-29.323,-0.04082,-0.04845,44.107,35.970,0.00244,0.00166
25,390,1.0000,-0.00025,-0.00029,-0.00021,-0.00027,-0.007,-0.011,7.4302,4.9748,12.4049,0.5990,-0.14486,0.14605,8,4,-0.15472,0.13528,0.29000,-0.03842,0.4010,1,8.983,4.900,-27.000,4.900,-22.100,-29.321,-0.04081,-0.04845,44.114,35.970,0.00229,0.00154
25,391,1.0000,-0.00026,-0.00029,-0.00022,-0.00027,-0.007,-0.011,7.4615,4.5973,12.0588,0.6188,-0.14485,0.14606,8,4,-0.15472,0.13528,0.29000,-0.04416,0.3812,1,15.611,7.191,-27.000,7.191,-19.809,-29.326,-0.04079,-0.04845,44.114,35.970,0.00239,0.00160
25,392,1.0000,-0.00025,-0.00029,-0.00021,-0.00027,-0.007,-0.011,7.4248,4.9784,12.4031,0.5986,-0.14486,0.14605,8,4,-0.15472,0.13528,0.29000,-0.03832,0.4014,1,9.098,4.900,-27.000,4.900,-22.100,-29.325,-0.04078,-0.04845,44.120,35.970,0.00225,0.00148
25,393,1.0000,-0.00025,-0.00029,-0.00022,-0.00027,-0.007,-0.011,7.4592,4.6008,12.0600,0.6185,-0.14486,0.14606,8,4,-0.15472,0.13528,0.29000,-0.04409,0.3815,1,15.743,7.191,-27.000,7.191,-19.809,-29.330,-0.04076,-0.04845,44.121,35.970,0.00236,0.00156
25,394,1.0000,-0.00025,-0.00028,-0.00021,-0.00027,-0.007,-0.011,7.4247,4.9822,12.4069,0.5984,-0.14486,0.14605,8,4,-0.15472,0.13528,0.29000,-0.03826,0.4016,1,9.249,4.900,-27.000,4.900,-22.100,-29.330,-0.04074,-0.04845,44.127,35.970,0.00222,0.00144
25,395,1.0000,-0.00025,-0.00029,-0.00021,-0.00027,-0.007,-0.011,7.4602,4.6047,12.0649,0.6183,-0.14486,0.14605,8,4,-0.15472,0.13528,0.29000,-0.04404,0.3817,1,15.905,7.191,-27.000,7.191,-19.809,-29.335,-0.04073,-0.04845,44.127,35.970,0.00231,0.00152
25,396,1.0000,-0.00025,-0.00028,-0.00021,-0.00026,-0.007,-0.011,7.4269,4.9860,12.4129,0.5983,-0.14486,0.14605,8,4,-0.15472,0.13528,0.29000,-0.03823,0.4017,1,9.434,4.900,-27.000,4.900,-22.100,-29.334,-0.04071,-0.04845,44.133,35.970,0.00221,0.00140
25,397,1.0000,-0.00025,-0.00028,-0.00021,-0.00027,-0.007,-0.011,7.4624,4.6069,12.0693,0.6183,-0.14486,0.14605,8,4,-0.15472,0.13528,0.29000,-0.04402,0.3817,1,16.113,7.191,-27.000,7.191,-19.809,-29.339,-0.04069,-0.04845,44.132,35.970,0.00231,0.00152
25,398,1.0000,-0.00024,-0.00028,-0.00020,-0.00026,-0.007,-0.011,7.4249,4.9893,12.4142,0.5981,-0.14487,0.14605,8,4,-0.15472,0.13528,0.29000,-0.03817,0.4019,1,9.582,4.956,-27.000,4.956,-22.044,-29.337,-0.04067,-0.04845,44.138,35.970,0.00220,0.00138
25,399,1.0000,-0.00025,-0.00028,-0.00021,-0.00026,-0.007,-0.011,7.4595,4.6261,12.0856,0.6172,-0.14486,0.14605,8,4,-0.15472,0.13528,0.29000,-0.04371,0.3828,1,16.000,7.248,-27.000,7.248,-19.752,-29.342,-0.04065,-0.04845,44.136,35.970,0.00231,0.00152
25,400,1.0000,-0.00024,-0.00027,-0.00020,-0.00026,-0.007,-0.011,7.4149,5.0084,12.4233,0.5969,-0.14487,0.14605,8,4,-0.15472,0.13528,0.29000,-0.03781,0.4031,1,9.401,4.956,-27.000,4.956,-22.044,-29.340,-0.04063,-0.04845,44.142,35.970,0.00219,0.00136
25,401,1.0000,-0.00024,-0.00028,-0.00020,-0.00026,-0.007,-0.011,7.4531,4.6270,12.0800,0.6170,-0.14487,0.14605,8,4,-0.15472,0.13528,0.29000,-0.04364,0.3830,1,16.124,7.248,-27.000,7.248,-19.752,-29.346,-0.04061,-0.04845,44.140,35.970,0.00230,0.00149
25,402,1.0000,-0.00023,-0.00027,-0.00020,-0.00025,-0.007,-0.011,7.4099,5.0112,12.4212,0.5966,-0.14487,0.14605,8,4,-0.15472,0.13528,0.29000,-0.03772,0.4034,1,9.473,4.956,-27.000,4.956,-22.044,-29.343,-0.04058,-0.04845,44.146,35.970,0.00217,0.00132
25,403,1.0000,-0.00024,-0.00027,-0.00020,-0.00025,-0.007,-0.011,7.4494,4.6291,12.0785,0.6168,-0.14487,0.14605,8,4,-0.15472,0.13528,0.29000,-0.04358,0.3832,1,16.197,7.248,-27.000,7.248,-19.752,-29.348,-0.04056,-0.04845,44.144,35.970,0.00228,0.00145
25,404,1.0000,-0.00023,-0.00026,-0.00019,-0.00025,-0.007,-0.011,7.4072,5.0136,12.4208,0.5964,-0.14488,0.14605,8,4,-0.15472,0.13528,0.29000,-0.03766,0.4036,1,9.535,4.956,-27.000,4.956,-22.044,-29.345,-0.04054,-0.04845,44.150,35.970,0.00216,0.00128
25,405,1.0000,-0.00023,-0.00027,-0.00020,-0.00025,-0.007,-0.011,7.4476,4.6314,12.0790,0.6166,-0.14488,0.14605,8,4,-0.15472,0.13528,0.29000,-0.04353,0.3834,1,16.259,7.248,-27.000,7.248,-19.752,-29.349,-0.04052,-0.04845,44.148,35.970,0.00228,0.00142
25,406,1.0000,-0.00022,-0.00026,-0.00019,-0.00024,-0.007,-0.011,7.4063,5.0156,12.4219,0.5962,-0.14488,0.14604,8,4,-0.15472,0.13528,0.29000,-0.03763,0.4038,1,9.608,4.956,-27.000,4.956,-22.044,-29.346,-0.04050,-0.04845,44.154,35.970,0.00214,0.00124
25,407,1.0000,-0.00023,-0.00026,-0.00019,-0.00025,-0.007,-0.011,7.4470,4.6337,12.0807,0.6164,-0.14488,0.14605,8,4,-0.15472,0.13528,0.29000,-0.04349,0.3836,1,16.328,7.248,-27.000,7.248,-19.752,-29.350,-0.04047,-0.04845,44.152,35.970,0.00226,0.00139
25,408,1.0000,-0.00022,-0.00025,-0.00019,-0.00024,-0.007,-0.011,7.4071,5.0172,12.4243,0.5962,-0.14489,0.14604,8,4,-0.15472,0.13528,0.29000,-0.03761,0.4038,1,9.707,4.999,-27.000,4.999,-22.001,-29.347,-0.04045,-0.04845,44.157,35.970,0.00211,0.00122
25,409,1.0000,-0.00022,-0.00025,-0.00019,-0.00024,-0.007,-0.010,7.4428,4.6491,12.0919,0.6155,-0.14489,0.14604,8,4,-0.15472,0.13528,0.29000,-0.04322,0.3845,1,16.144,7.291,-27.000,7.291,-19.709,-29.350,-0.04043,-0.04845,44.156,35.970,0.00225,0.00133
25,410,1.0000,-0.00021,-0.00025,-0.00018,-0.00023,-0.007,-0.010,7.4048,5.0307,12.4355,0.5955,-0.14489,0.14604,8,4,-0.15472,0.13528,0.29000,-0.03740,0.4045,1,9.589,4.999,-27.000,4.999,-22.001,-29.346,-0.04041,-0.04845,44.161,35.970,0.00210,0.00120
25,411,1.0000,-0.00021,-0.00025,-0.00018,-0.00024,-0.007,-0.010,7.4352,4.6513,12.0865,0.6152,-0.14489,0.14604,8,4,-0.15472,0.13528,0.29000,-0.04312,0.3848,1,16.106,7.291,-27.000,7.291,-19.709,-29.349,-0.04039,-0.04845,44.160,35.970,0.00224,0.00129
25,412,1.0000,-0.00021,-0.00024,-0.00018,-0.00023,-0.007,-0.010,7.4020,5.0325,12.4345,0.5953,-0.14490,0.14604,8,4,-0.15472,0.13528,0.29000,-0.03735,0.4047,1,9.597,4.999,-27.000,4.999,-22.001,-29.345,-0.04036,-0.04845,44.165,35.970,0.00212,0.00117
25,413,1.0000,-0.00021,-0.00024,-0.00018,-0.00023,-0.007,-0.010,7.4306,4.6536,12.0842,0.6149,-0.14490,0.14604,8,4,-0.15472,0.13528,0.29000,-0.04304,0.3851,1,16.068,7.291,-27.000,7.291,-19.709,-29.348,-0.04034,-0.04845,44.165,35.970,0.00225,0.00125
25,414,1.0000,-0.00020,-0.00023,-0.00017,-0.00022,-0.007,-0.010,7.3988,5.0346,12.4333,0.5951,-0.14490,0.14604,8,4,-0.15472,0.13528,0.29000,-0.03729,0.4049,1,9.581,4.999,-27.000,4.999,-22.001,-29.343,-0.04032,-0.04845,44.170,35.970,0.00211,0.00114
25,415,1.0000,-0.00020,-0.00024,-0.00018,-0.00023,-0.007,-0.010,7.4284,4.6556,12.0840,0.6147,-0.14490,0.14604,8,4,-0.15472,0.13528,0.29000,-0.04299,0.3853,1,16.065,7.291,-27.000,7.291,-19.709,-29.345,-0.04030,-0.04845,44.170,35.970,0.00217,0.00120
25,416,1.0000,-0.00019,-0.00023,-0.00017,-0.00022,-0.007,-0.010,7.3976,5.0362,12.4338,0.5950,-0.14491,0.14603,8,4,-0.15472,0.13528,0.29000,-0.03726,0.4050,1,9.600,4.999,-27.000,4.999,-22.001,-29.338,-0.04028,-0.04845,44.175,35.970,0.00209,0.00111
25,417,1.0000,-0.00020,-0.00023,-0.00017,-0.00022,-0.007,-0.009,7.4274,4.6598,12.0872,0.6145,-0.14491,0.14604,8,4,-0.15472,0.13528,0.29000,-0.04292,0.3855,1,16.051,7.291,-27.000,7.291,-19.709,-29.341,-0.04026,-0.04845,44.175,35.970,0.00214,0.00118
25,418,1.0000,-0.00019,-0.00022,-0.00017,-0.00021,-0.007,-0.009,7.3964,5.0399,12.4363,0.5947,-0.14491,0.14603,8,4,-0.15472,0.13528,0.29000,-0.03720,0.4053,1,9.602,4.999,-27.000,4.999,-22.001,-29.334,-0.04024,-0.04845,44.179,35.970,0.00211,0.00109
25,419,1.0000,-0.00019,-0.00022,-0.00017,-0.00022,-0.007,-0.009,7.4259,4.6628,12.0887,0.6143,-0.14491,0.14603,8,4,-0.15472,0.13528,0.29000,-0.04286,0.3857,1,16.062,7.291,-27.000,7.291,-19.709,-29.336,-0.04022,-0.04845,44.179,35.970,0.00212,0.00117
25,420,1.0000,-0.00018,-0.00022,-0.00016,-0.00021,-0.007,-0.009,7.3937,5.0424,12.4361,0.5945,-0.14492,0.14603,8,4,-0.15472,0.13528,0.29000,-0.03713,0.4055,1,9.609,4.999,-27.000,4.999,-22.001,-29.329,-0.04020,-0.04845,44.184,35.970,0.00209,0.00105
