load_kg,tick,sq,joint,demand,max_force_nm,err_x_deg,capacity_scale,solver_torque_x_nm,nominal_deg,final_deg,actual_deg
0,1,0.0030,abdomen,0.0187,1482.00,1.803,5.700,-0.023,0.000,0.000,-1.760
0,1,0.0030,thorax,0.0187,1482.00,1.627,5.700,0.000,0.056,0.056,-1.562
0,1,0.0030,left_thigh,0.0269,2052.00,-0.407,5.700,0.000,-0.319,-0.319,0.079
0,1,0.0030,left_foot,0.0398,1710.00,7.430,9.500,0.167,-0.105,6.763,-0.560
0,2,0.0060,abdomen,0.0154,1482.00,1.756,5.700,-0.024,0.088,0.056,-1.702
0,2,0.0060,thorax,0.0186,1482.00,1.637,5.700,0.000,0.131,0.088,-1.539
0,2,0.0060,left_thigh,0.0476,2052.00,-0.869,5.700,0.000,-0.639,-0.573,0.293
0,2,0.0060,left_foot,0.0394,1710.00,8.447,9.500,0.147,-0.213,8.947,-0.430
0,3,0.0090,abdomen,0.0190,1482.00,1.809,5.700,-0.019,0.125,0.125,-1.678
0,3,0.0090,thorax,0.0215,1482.00,1.733,5.700,0.000,0.194,0.194,-1.537
0,3,0.0090,left_thigh,0.0506,2052.00,-1.445,5.700,0.000,-0.959,-0.959,0.485
0,3,0.0090,left_foot,0.0327,1710.00,7.200,9.500,0.085,-0.321,6.548,-0.329
0,4,0.0120,abdomen,0.0207,1482.00,1.843,5.700,-0.022,0.172,0.172,-1.667
0,4,0.0120,thorax,0.0234,1482.00,1.807,5.700,0.000,0.262,0.262,-1.544
0,4,0.0120,left_thigh,0.0515,2052.00,-1.918,5.700,0.000,-1.283,-1.283,0.634
0,4,0.0120,left_foot,0.0353,1710.00,7.317,9.500,0.109,-0.432,7.058,-0.259
0,5,0.0150,abdomen,0.0214,1482.00,1.879,5.700,-0.023,0.220,0.220,-1.658
0,5,0.0150,thorax,0.0244,1482.00,1.884,5.700,0.000,0.331,0.331,-1.553
0,5,0.0150,left_thigh,0.0520,2052.00,-2.357,5.700,0.000,-1.609,-1.609,0.749
0,5,0.0150,left_foot,0.0278,1710.00,6.105,9.500,0.180,-0.542,5.720,-0.190
0,6,0.0180,abdomen,0.0213,1482.00,1.849,5.700,-0.024,0.265,0.198,-1.651
0,6,0.0180,thorax,0.0242,1482.00,1.891,5.700,0.000,0.400,0.331,-1.560
0,6,0.0180,left_thigh,0.0513,2052.00,-2.623,5.700,0.000,-1.934,-1.797,0.826
0,6,0.0180,left_foot,0.0368,1710.00,7.208,9.500,0.197,-0.654,7.901,-0.148
0,7,0.0210,abdomen,0.0227,1482.00,1.957,5.700,-0.024,0.312,0.312,-1.644
0,7,0.0210,thorax,0.0259,1482.00,2.036,5.700,0.000,0.468,0.468,-1.567
0,7,0.0210,left_thigh,0.0534,2052.00,-3.138,5.700,0.000,-2.262,-2.262,0.876
0,7,0.0210,left_foot,0.0400,1710.00,7.683,9.500,0.238,-0.766,7.573,-0.105
0,8,0.0240,abdomen,0.0237,1482.00,2.004,5.700,-0.025,0.360,0.360,-1.643
0,8,0.0240,thorax,0.0266,1482.00,2.114,5.700,0.000,0.540,0.540,-1.573
0,8,0.0240,left_thigh,0.0532,2052.00,-3.480,5.700,0.000,-2.593,-2.593,0.886
0,8,0.0240,left_foot,0.0329,1710.00,6.504,9.500,0.221,-0.880,5.369,-0.079
0,9,0.0270,abdomen,0.0242,1482.00,2.038,5.700,-0.024,0.407,0.392,-1.645
0,9,0.0270,thorax,0.0268,1482.00,2.174,5.700,0.000,0.612,0.596,-1.577
0,9,0.0270,left_thigh,0.0534,2052.00,-3.766,5.700,0.000,-2.924,-2.895,0.870
0,9,0.0270,left_foot,0.0423,1710.00,7.620,9.500,0.154,-0.995,7.547,-0.069
0,10,0.0300,abdomen,0.0251,1482.00,2.104,5.700,-0.022,0.455,0.455,-1.648
0,10,0.0300,thorax,0.0278,1482.00,2.262,5.700,0.000,0.683,0.683,-1.579
0,10,0.0300,left_thigh,0.0542,2052.00,-4.085,5.700,0.000,-3.255,-3.255,0.829
0,10,0.0300,left_foot,0.0348,1710.00,6.475,9.500,0.145,-1.109,5.141,-0.069
0,11,0.0330,abdomen,0.0256,1482.00,2.157,5.700,-0.022,0.505,0.505,-1.652
0,11,0.0330,thorax,0.0282,1482.00,2.335,5.700,0.000,0.757,0.757,-1.577
0,11,0.0330,left_thigh,0.0547,2052.00,-4.358,5.700,0.000,-3.592,-3.592,0.766
0,11,0.0330,left_foot,0.0425,1710.00,7.413,9.500,0.094,-1.226,7.316,-0.097
0,12,0.0360,abdomen,0.0260,1482.00,2.209,5.700,-0.020,0.554,0.554,-1.655
0,12,0.0360,thorax,0.0286,1482.00,2.405,5.700,0.000,0.832,0.832,-1.574
0,12,0.0360,left_thigh,0.0548,2052.00,-4.607,5.700,0.000,-3.928,-3.928,0.680
0,12,0.0360,left_foot,0.0353,1710.00,6.291,9.500,0.092,-1.343,4.907,-0.119
0,13,0.0390,abdomen,0.0262,1482.00,2.260,5.700,-0.020,0.604,0.604,-1.656
0,13,0.0390,thorax,0.0287,1482.00,2.471,5.700,0.000,0.906,0.906,-1.565
0,13,0.0390,left_thigh,0.0550,2052.00,-4.836,5.700,0.000,-4.264,-4.264,0.571
0,13,0.0390,left_foot,0.0295,1710.00,5.191,9.500,0.058,-1.460,4.519,-0.168
0,14,0.0420,abdomen,0.0261,1482.00,2.261,5.700,-0.019,0.654,0.605,-1.655
0,14,0.0420,thorax,0.0286,1482.00,2.485,5.700,0.000,0.981,0.932,-1.552
0,14,0.0420,left_thigh,0.0550,2052.00,-4.954,5.700,0.000,-4.604,-4.507,0.444
0,14,0.0420,left_foot,0.0386,1710.00,6.404,9.500,0.062,-1.579,6.692,-0.234
0,15,0.0450,abdomen,0.0266,1482.00,2.354,5.700,-0.020,0.704,0.704,-1.649
0,15,0.0450,thorax,0.0296,1482.00,2.595,5.700,0.000,1.057,1.057,-1.537
0,15,0.0450,left_thigh,0.0563,2052.00,-5.255,5.700,0.000,-4.945,-4.945,0.309
0,15,0.0450,left_foot,0.0309,1710.00,5.315,9.500,0.111,-1.698,4.280,-0.291
0,16,0.0480,abdomen,0.0266,1482.00,2.359,5.700,-0.022,0.756,0.715,-1.643
0,16,0.0480,thorax,0.0292,1482.00,2.612,5.700,0.000,1.134,1.094,-1.518
0,16,0.0480,left_thigh,0.0554,2052.00,-5.356,5.700,0.000,-5.286,-5.206,0.148
0,16,0.0480,left_foot,0.0396,1710.00,6.454,9.500,0.106,-1.818,6.087,-0.367
0,17,0.0510,abdomen,0.0271,1482.00,2.439,5.700,-0.022,0.807,0.807,-1.632
0,17,0.0510,thorax,0.0300,1482.00,2.707,5.700,0.000,1.210,1.210,-1.496
0,17,0.0510,left_thigh,0.0565,2052.00,-5.605,5.700,0.000,-5.629,-5.629,0.000
0,17,0.0510,left_foot,0.0319,1710.00,5.376,9.500,0.136,-1.938,3.675,-0.435
0,18,0.0540,abdomen,0.0272,1482.00,2.479,5.700,-0.023,0.859,0.859,-1.619
0,18,0.0540,thorax,0.0300,1482.00,2.758,5.700,0.000,1.289,1.289,-1.469
0,18,0.0540,left_thigh,0.0566,2052.00,-5.762,5.700,0.000,-5.975,-5.975,-0.213
0,18,0.0540,left_foot,0.0277,1710.00,4.605,9.500,0.113,-2.060,4.088,-0.517
0,19,0.0570,abdomen,0.0262,1482.00,2.417,5.700,-0.022,0.911,0.814,-1.602
0,19,0.0570,thorax,0.0289,1482.00,2.707,5.700,0.000,1.367,1.270,-1.436
0,19,0.0570,left_thigh,0.0553,2052.00,-5.713,5.700,0.000,-6.320,-6.126,-0.413
0,19,0.0570,left_foot,0.0368,1710.00,5.847,9.500,0.115,-2.182,5.326,-0.612
0,20,0.0600,abdomen,0.0268,1482.00,2.542,5.700,-0.022,0.963,0.963,-1.578
0,20,0.0600,thorax,0.0301,1482.00,2.847,5.700,0.000,1.445,1.445,-1.402
0,20,0.0600,left_thigh,0.0574,2052.00,-6.047,5.700,0.000,-6.666,-6.666,-0.618
0,20,0.0600,left_foot,0.0292,1710.00,4.787,9.500,0.148,-2.303,2.912,-0.699
0,21,0.0630,abdomen,0.0263,1482.00,2.474,5.700,-0.024,1.016,0.918,-1.555
0,21,0.0630,thorax,0.0291,1482.00,2.789,5.700,0.000,1.525,1.427,-1.361
0,21,0.0630,left_thigh,0.0555,2052.00,-5.972,5.700,0.000,-7.016,-6.819,-0.848
0,21,0.0630,left_foot,0.0263,1710.00,4.234,9.500,0.131,-2.427,3.435,-0.798
0,22,0.0660,abdomen,0.0257,1482.00,2.495,5.700,-0.022,1.070,0.972,-1.524
0,22,0.0660,thorax,0.0290,1482.00,2.824,5.700,0.000,1.605,1.507,-1.317
0,22,0.0660,left_thigh,0.0568,2052.00,-6.098,5.700,0.000,-7.366,-7.169,-1.071
0,22,0.0660,left_foot,0.0321,1710.00,5.035,9.500,0.135,-2.551,4.127,-0.907
0,23,0.0690,abdomen,0.0259,1482.00,2.527,5.700,-0.023,1.123,1.036,-1.490
0,23,0.0690,thorax,0.0293,1482.00,2.869,5.700,0.000,1.684,1.598,-1.270
0,23,0.0690,left_thigh,0.0568,2052.00,-6.235,5.700,0.000,-7.716,-7.543,-1.308
0,23,0.0690,left_foot,0.0249,1710.00,3.992,9.500,0.167,-2.675,2.227,-1.010
0,24,0.0720,abdomen,0.0257,1482.00,2.526,5.700,-0.024,1.176,1.070,-1.455
0,24,0.0720,thorax,0.0291,1482.00,2.879,5.700,0.000,1.765,1.658,-1.220
0,24,0.0720,left_thigh,0.0568,2052.00,-6.301,5.700,0.000,-8.068,-7.856,-1.555
0,24,0.0720,left_foot,0.0340,1710.00,5.254,9.500,0.158,-2.800,4.394,-1.127
0,25,0.0750,abdomen,0.0257,1482.00,2.550,5.700,-0.024,1.230,1.134,-1.416
0,25,0.0750,thorax,0.0293,1482.00,2.918,5.700,0.000,1.846,1.750,-1.168
0,25,0.0750,left_thigh,0.0571,2052.00,-6.421,5.700,0.000,-8.422,-8.231,-1.810
0,25,0.0750,left_foot,0.0312,1710.00,4.942,9.500,0.189,-2.925,3.710,-1.232
0,26,0.0780,abdomen,0.0253,1482.00,2.543,5.700,-0.025,1.284,1.169,-1.374
0,26,0.0780,thorax,0.0289,1482.00,2.923,5.700,0.000,1.927,1.811,-1.112
0,26,0.0780,left_thigh,0.0567,2052.00,-6.469,5.700,0.000,-8.776,-8.545,-2.076
0,26,0.0780,left_foot,0.0296,1710.00,4.635,9.500,0.163,-3.050,3.292,-1.342
0,27,0.0810,abdomen,0.0251,1482.00,2.551,5.700,-0.023,1.338,1.223,-1.328
0,27,0.0810,thorax,0.0288,1482.00,2.944,5.700,0.000,2.008,1.892,-1.052
0,27,0.0810,left_thigh,0.0572,2052.00,-6.552,5.700,0.000,-9.131,-8.899,-2.347
0,27,0.0810,left_foot,0.0382,1710.00,5.899,9.500,0.143,-3.176,5.194,-1.460
0,28,0.0840,abdomen,0.0259,1482.00,2.673,5.700,-0.023,1.393,1.393,-1.280
0,28,0.0840,thorax,0.0299,1482.00,3.079,5.700,0.000,2.089,2.089,-0.990
0,28,0.0840,left_thigh,0.0589,2052.00,-6.861,5.700,0.000,-9.488,-9.488,-2.627
0,28,0.0840,left_foot,0.0306,1710.00,4.858,9.500,0.147,-3.303,2.776,-1.567
0,29,0.0870,abdomen,0.0256,1482.00,2.645,5.700,-0.023,1.447,1.413,-1.231
0,29,0.0870,thorax,0.0291,1482.00,3.060,5.700,0.000,2.171,2.137,-0.923
0,29,0.0870,left_thigh,0.0573,2052.00,-6.850,5.700,0.000,-9.845,-9.778,-2.927
0,29,0.0870,left_foot,0.0310,1710.00,4.804,9.500,0.099,-3.429,3.119,-1.684
0,30,0.0900,abdomen,0.0253,1482.00,2.678,5.700,-0.021,1.501,1.501,-1.176
0,30,0.0900,thorax,0.0292,1482.00,3.103,5.700,0.000,2.253,2.253,-0.850
0,30,0.0900,left_thigh,0.0580,2052.00,-6.972,5.700,0.000,-10.203,-10.203,-3.230
0,30,0.0900,left_foot,0.0396,1710.00,6.073,9.500,0.083,-3.555,4.614,-1.806
0,31,0.0930,abdomen,0.0250,1482.00,2.675,5.700,-0.021,1.557,1.557,-1.118
0,31,0.0930,thorax,0.0291,1482.00,3.111,5.700,0.000,2.335,2.335,-0.776
0,31,0.0930,left_thigh,0.0575,2052.00,-7.015,5.700,0.000,-10.563,-10.563,-3.548
0,31,0.0930,left_foot,0.0320,1710.00,5.037,9.500,0.087,-3.683,2.195,-1.917
0,32,0.0960,abdomen,0.0243,1482.00,2.666,5.700,-0.021,1.611,1.611,-1.054
0,32,0.0960,thorax,0.0285,1482.00,3.114,5.700,0.000,2.417,2.417,-0.697
0,32,0.0960,left_thigh,0.0576,2052.00,-7.055,5.700,0.000,-10.924,-10.924,-3.868
0,32,0.0960,left_foot,0.0259,1710.00,4.012,9.500,0.047,-3.811,1.491,-2.038
0,33,0.0990,abdomen,0.0236,1482.00,2.635,5.700,-0.020,1.666,1.648,-0.987
0,33,0.0990,thorax,0.0279,1482.00,3.094,5.700,0.000,2.499,2.481,-0.613
0,33,0.0990,left_thigh,0.0575,2052.00,-7.057,5.700,0.000,-11.285,-11.248,-4.191
0,33,0.0990,left_foot,0.0350,1710.00,5.292,9.500,0.047,-3.938,3.656,-2.172
0,34,0.1020,abdomen,0.0232,1482.00,2.636,5.700,-0.020,1.721,1.721,-0.914
0,34,0.1020,thorax,0.0280,1482.00,3.110,5.700,0.000,2.581,2.581,-0.528
0,34,0.1020,left_thigh,0.0577,2052.00,-7.127,5.700,0.000,-11.647,-11.647,-4.520
0,34,0.1020,left_foot,0.0274,1710.00,4.267,9.500,0.096,-4.066,1.335,-2.293
0,35,0.1050,abdomen,0.0227,1482.00,2.614,5.700,-0.023,1.776,1.776,-0.838
0,35,0.1050,thorax,0.0276,1482.00,3.104,5.700,0.000,2.664,2.664,-0.439
0,35,0.1050,left_thigh,0.0576,2052.00,-7.157,5.700,0.000,-12.011,-12.011,-4.854
0,35,0.1050,left_foot,0.0364,1710.00,5.543,9.500,0.098,-4.194,3.499,-2.423
0,36,0.1080,abdomen,0.0221,1482.00,2.588,5.700,-0.023,1.830,1.830,-0.758
0,36,0.1080,thorax,0.0273,1482.00,3.095,5.700,0.000,2.746,2.746,-0.349
0,36,0.1080,left_thigh,0.0571,2052.00,-7.178,5.700,0.000,-12.374,-12.374,-5.196
0,36,0.1080,left_foot,0.0288,1710.00,4.514,9.500,0.134,-4.322,1.078,-2.540
0,37,0.1110,abdomen,0.0215,1482.00,2.559,5.700,-0.024,1.885,1.885,-0.674
0,37,0.1110,thorax,0.0267,1482.00,3.083,5.700,0.000,2.828,2.828,-0.253
0,37,0.1110,left_thigh,0.0572,2052.00,-7.197,5.700,0.000,-12.739,-12.739,-5.541
0,37,0.1110,left_foot,0.0378,1710.00,5.788,9.500,0.114,-4.451,3.242,-2.667
0,38,0.1140,abdomen,0.0208,1482.00,2.526,5.700,-0.023,1.940,1.940,-0.586
0,38,0.1140,thorax,0.0264,1482.00,3.068,5.700,0.000,2.910,2.910,-0.158
0,38,0.1140,left_thigh,0.0570,2052.00,-7.214,5.700,0.000,-13.105,-13.105,-5.891
0,38,0.1140,left_foot,0.0301,1710.00,4.757,9.500,0.133,-4.579,0.822,-2.782
0,39,0.1170,abdomen,0.0202,1482.00,2.489,5.700,-0.024,1.994,1.994,-0.494
0,39,0.1170,thorax,0.0258,1482.00,3.050,5.700,0.000,2.992,2.992,-0.056
0,39,0.1170,left_thigh,0.0569,2052.00,-7.228,5.700,0.000,-13.471,-13.471,-6.243
0,39,0.1170,left_foot,0.0316,1710.00,4.890,9.500,0.098,-4.708,1.982,-2.907
0,40,0.1200,abdomen,0.0196,1482.00,2.451,5.700,-0.022,2.049,2.049,-0.402
0,40,0.1200,thorax,0.0254,1482.00,3.029,5.700,0.000,3.074,3.074,0.040
0,40,0.1200,left_thigh,0.0568,2052.00,-7.239,5.700,0.000,-13.837,-13.837,-6.598
0,40,0.1200,left_foot,0.0265,1710.00,4.123,9.500,0.101,-4.836,1.091,-3.032
0,41,0.1230,abdomen,0.0190,1482.00,2.410,5.700,-0.022,2.103,2.103,-0.306
0,41,0.1230,thorax,0.0249,1482.00,3.005,5.700,0.000,3.155,3.155,0.148
0,41,0.1230,left_thigh,0.0569,2052.00,-7.250,5.700,0.000,-14.205,-14.205,-6.955
0,41,0.1230,left_foot,0.0354,1710.00,5.401,9.500,0.099,-4.964,3.255,-3.164
0,42,0.1260,abdomen,0.0183,1482.00,2.365,5.700,-0.022,2.158,2.158,-0.206
0,42,0.1260,thorax,0.0246,1482.00,2.980,5.700,0.000,3.236,3.236,0.256
0,42,0.1260,left_thigh,0.0565,2052.00,-7.257,5.700,0.000,-14.574,-14.574,-7.317
0,42,0.1260,left_foot,0.0279,1710.00,4.375,9.500,0.132,-5.093,0.834,-3.284
0,43,0.1290,abdomen,0.0177,1482.00,2.318,5.700,-0.024,2.212,2.212,-0.105
0,43,0.1290,thorax,0.0241,1482.00,2.953,5.700,0.000,3.318,3.318,0.365
0,43,0.1290,left_thigh,0.0564,2052.00,-7.261,5.700,0.000,-14.942,-14.942,-7.681
0,43,0.1290,left_foot,0.0369,1710.00,5.651,9.500,0.111,-5.221,2.998,-3.414
0,44,0.1320,abdomen,0.0169,1482.00,2.269,5.700,-0.023,2.266,2.266,0.000
0,44,0.1320,thorax,0.0237,1482.00,2.925,5.700,0.000,3.398,3.398,0.473
0,44,0.1320,left_thigh,0.0561,2052.00,-7.261,5.700,0.000,-15.312,-15.312,-8.051
0,44,0.1320,left_foot,0.0294,1710.00,4.624,9.500,0.133,-5.349,0.577,-3.533
0,45,0.1350,abdomen,0.0163,1482.00,2.217,5.700,-0.024,2.319,2.319,0.097
0,45,0.1350,thorax,0.0231,1482.00,2.893,5.700,0.000,3.479,3.479,0.586
0,45,0.1350,left_thigh,0.0562,2052.00,-7.262,5.700,0.000,-15.682,-15.682,-8.420
0,45,0.1350,left_foot,0.0342,1710.00,5.258,9.500,0.104,-5.477,1.595,-3.662
0,46,0.1380,abdomen,0.0157,1482.00,2.164,5.700,-0.022,2.373,2.373,0.209
0,46,0.1380,thorax,0.0227,1482.00,2.860,5.700,0.000,3.559,3.559,0.699
0,46,0.1380,left_thigh,0.0559,2052.00,-7.260,5.700,0.000,-16.052,-16.052,-8.793
0,46,0.1380,left_foot,0.0271,1710.00,4.235,9.500,0.115,-5.605,-0.824,-3.786
0,47,0.1410,abdomen,0.0150,1482.00,2.110,5.700,-0.023,2.426,2.426,0.314
0,47,0.1410,thorax,0.0221,1482.00,2.826,5.700,0.000,3.639,3.639,0.813
0,47,0.1410,left_thigh,0.0560,2052.00,-7.258,5.700,0.000,-16.423,-16.423,-9.165
0,47,0.1410,left_foot,0.0345,1710.00,5.259,9.500,0.101,-5.733,1.339,-3.919
0,48,0.1440,abdomen,0.0143,1482.00,2.053,5.700,-0.022,2.479,2.479,0.426
0,48,0.1440,thorax,0.0217,1482.00,2.790,5.700,0.000,3.718,3.718,0.928
0,48,0.1440,left_thigh,0.0557,2052.00,-7.254,5.700,0.000,-16.795,-16.795,-9.542
0,48,0.1440,left_foot,0.0272,1710.00,4.238,9.500,0.129,-5.860,-1.079,-4.044
0,49,0.1470,abdomen,0.0137,1482.00,1.996,5.700,-0.024,2.531,2.531,0.535
0,49,0.1470,thorax,0.0212,1482.00,2.753,5.700,0.000,3.797,3.797,1.044
0,49,0.1470,left_thigh,0.0557,2052.00,-7.249,5.700,0.000,-17.167,-17.167,-9.918
0,49,0.1470,left_foot,0.0345,1710.00,5.263,9.500,0.115,-5.988,1.085,-4.178
0,50,0.1500,abdomen,0.0130,1482.00,1.936,5.700,-0.023,2.584,2.584,0.648
0,50,0.1500,thorax,0.0208,1482.00,2.716,5.700,0.000,3.876,3.876,1.160
0,50,0.1500,left_thigh,0.0553,2052.00,-7.240,5.700,0.000,-17.539,-17.539,-10.300
0,50,0.1500,left_foot,0.0273,1710.00,4.242,9.500,0.140,-6.115,-1.334,-4.303
0,51,0.1530,abdomen,0.0124,1482.00,1.875,5.700,-0.024,2.635,2.635,0.760
0,51,0.1530,thorax,0.0201,1482.00,2.675,5.700,0.000,3.953,3.953,1.278
0,51,0.1530,left_thigh,0.0554,2052.00,-7.233,5.700,0.000,-17.912,-17.912,-10.680
0,51,0.1530,left_foot,0.0346,1710.00,5.269,9.500,0.122,-6.242,0.831,-4.438
0,52,0.1560,abdomen,0.0117,1482.00,1.813,5.700,-0.023,2.687,2.687,0.874
0,52,0.1560,thorax,0.0198,1482.00,2.635,5.700,0.000,4.030,4.030,1.395
0,52,0.1560,left_thigh,0.0550,2052.00,-7.222,5.700,0.000,-18.286,-18.286,-11.064
0,52,0.1560,left_foot,0.0274,1710.00,4.250,9.500,0.144,-6.368,-1.587,-4.565
0,53,0.1590,abdomen,0.0112,1482.00,1.751,5.700,-0.024,2.739,2.739,0.988
0,53,0.1590,thorax,0.0193,1482.00,2.594,5.700,0.000,4.108,4.108,1.514
0,53,0.1590,left_thigh,0.0549,2052.00,-7.211,5.700,0.000,-18.659,-18.659,-11.448
0,53,0.1590,left_foot,0.0347,1710.00,5.279,9.500,0.123,-6.494,0.579,-4.700
0,54,0.1620,abdomen,0.0104,1482.00,1.687,5.700,-0.023,2.789,2.789,1.103
0,54,0.1620,thorax,0.0188,1482.00,2.552,5.700,0.000,4.184,4.184,1.632
0,54,0.1620,left_thigh,0.0546,2052.00,-7.197,5.700,0.000,-19.033,-19.033,-11.836
0,54,0.1620,left_foot,0.0275,1710.00,4.260,9.500,0.142,-6.620,-1.838,-4.827
0,55,0.1650,abdomen,0.0099,1482.00,1.622,5.700,-0.024,2.839,2.839,1.217
0,55,0.1650,thorax,0.0182,1482.00,2.507,5.700,0.000,4.259,4.259,1.751
0,55,0.1650,left_thigh,0.0547,2052.00,-7.185,5.700,0.000,-19.407,-19.407,-12.222
0,55,0.1650,left_foot,0.0349,1710.00,5.292,9.500,0.119,-6.745,0.326,-4.964
0,56,0.1680,abdomen,0.0093,1482.00,1.557,5.700,-0.023,2.890,2.890,1.333
0,56,0.1680,thorax,0.0179,1482.00,2.464,5.700,0.000,4.334,4.334,1.870
0,56,0.1680,left_thigh,0.0542,2052.00,-7.170,5.700,0.000,-19.781,-19.781,-12.611
0,56,0.1680,left_foot,0.0276,1710.00,4.274,9.500,0.139,-6.870,-2.089,-5.092
0,57,0.1710,abdomen,0.0086,1482.00,1.492,5.700,-0.024,2.939,2.939,1.447
0,57,0.1710,thorax,0.0172,1482.00,2.419,5.700,0.000,4.408,4.408,1.989
0,57,0.1710,left_thigh,0.0543,2052.00,-7.156,5.700,0.000,-20.156,-20.156,-13.000
0,57,0.1710,left_foot,0.0351,1710.00,5.307,9.500,0.116,-6.994,0.079,-5.229
0,58,0.1740,abdomen,0.0080,1482.00,1.423,5.700,-0.023,2.988,2.988,1.564
0,58,0.1740,thorax,0.0168,1482.00,2.372,5.700,0.000,4.481,4.481,2.109
0,58,0.1740,left_thigh,0.0539,2052.00,-7.139,5.700,0.000,-20.531,-20.531,-13.392
0,58,0.1740,left_foot,0.0279,1710.00,4.291,9.500,0.135,-7.118,-2.337,-5.359
0,59,0.1770,abdomen,0.0075,1482.00,1.357,5.700,-0.024,3.036,3.036,1.680
0,59,0.1770,thorax,0.0163,1482.00,2.325,5.700,0.000,4.554,4.554,2.229
0,59,0.1770,left_thigh,0.0539,2052.00,-7.123,5.700,0.000,-20.906,-20.906,-13.783
0,59,0.1770,left_foot,0.0353,1710.00,5.328,9.500,0.114,-7.241,-0.168,-5.497
0,60,0.1800,abdomen,0.0068,1482.00,1.289,5.700,-0.023,3.085,3.085,1.796
0,60,0.1800,thorax,0.0157,1482.00,2.279,5.700,0.000,4.627,4.627,2.347
0,60,0.1800,left_thigh,0.0535,2052.00,-7.104,5.700,0.000,-21.281,-21.281,-14.177
0,60,0.1800,left_foot,0.0282,1710.00,4.312,9.500,0.133,-7.364,-2.454,-5.627
0,61,0.1830,abdomen,0.0062,1482.00,1.220,5.700,-0.024,3.131,3.131,1.911
0,61,0.1830,thorax,0.0150,1482.00,2.229,5.700,0.000,4.697,4.697,2.468
0,61,0.1830,left_thigh,0.0535,2052.00,-7.087,5.700,0.000,-21.656,-21.656,-14.569
0,61,0.1830,left_foot,0.0365,1710.00,5.483,9.500,0.112,-7.486,-0.283,-5.766
0,62,0.1860,abdomen,0.0057,1482.00,1.149,5.700,-0.023,3.178,3.178,2.029
0,62,0.1860,thorax,0.0147,1482.00,2.180,5.700,0.000,4.767,4.767,2.587
0,62,0.1860,left_thigh,0.0530,2052.00,-7.066,5.700,0.000,-22.031,-22.031,-14.966
0,62,0.1860,left_foot,0.0292,1710.00,4.467,9.500,0.133,-7.607,-2.697,-5.896
0,63,0.1890,abdomen,0.0053,1482.00,1.080,5.700,-0.024,3.225,3.225,2.145
0,63,0.1890,thorax,0.0142,1482.00,2.131,5.700,0.000,4.837,4.837,2.706
0,63,0.1890,left_thigh,0.0530,2052.00,-7.046,5.700,0.000,-22.406,-22.406,-15.361
0,63,0.1890,left_foot,0.0365,1710.00,5.508,9.500,0.107,-7.729,-0.526,-6.034
0,64,0.1920,abdomen,0.0048,1482.00,1.009,5.700,-0.022,3.270,3.270,2.261
0,64,0.1920,thorax,0.0136,1482.00,2.081,5.700,0.000,4.905,4.905,2.824
0,64,0.1920,left_thigh,0.0526,2052.00,-7.023,5.700,0.000,-22.782,-22.782,-15.759
0,64,0.1920,left_foot,0.0295,1710.00,4.492,9.500,0.122,-7.849,-2.938,-6.165
0,65,0.1950,abdomen,0.0044,1482.00,0.938,5.700,-0.023,3.315,3.315,2.377
0,65,0.1950,thorax,0.0129,1482.00,2.028,5.700,0.000,4.971,4.971,2.943
0,65,0.1950,left_thigh,0.0526,2052.00,-7.002,5.700,0.000,-23.157,-23.157,-16.155
0,65,0.1950,left_foot,0.0369,1710.00,5.539,9.500,0.098,-7.968,-0.765,-6.304
0,66,0.1980,abdomen,0.0042,1482.00,0.865,5.700,-0.022,3.359,3.359,2.494
0,66,0.1980,thorax,0.0126,1482.00,1.977,5.700,0.000,5.038,5.038,3.062
0,66,0.1980,left_thigh,0.0522,2052.00,-6.978,5.700,0.000,-23.532,-23.532,-16.554
0,66,0.1980,left_foot,0.0297,1710.00,4.524,9.500,0.116,-8.087,-3.176,-6.435
0,67,0.2010,abdomen,0.0040,1482.00,0.795,5.700,-0.023,3.403,3.403,2.608
0,67,0.2010,thorax,0.0118,1482.00,1.924,5.700,0.000,5.104,5.104,3.180
0,67,0.2010,left_thigh,0.0522,2052.00,-6.956,5.700,0.000,-23.907,-23.907,-16.951
0,67,0.2010,left_foot,0.0372,1710.00,5.571,9.500,0.094,-8.205,-1.002,-6.574
0,68,0.2040,abdomen,0.0041,1482.00,0.720,5.700,-0.022,3.445,3.445,2.725
0,68,0.2040,thorax,0.0113,1482.00,1.870,5.700,0.000,5.167,5.167,3.298
0,68,0.2040,left_thigh,0.0517,2052.00,-6.931,5.700,0.000,-24.282,-24.282,-17.352
0,68,0.2040,left_foot,0.0301,1710.00,4.557,9.500,0.112,-8.322,-3.411,-6.706
0,69,0.2070,abdomen,0.0040,1482.00,0.648,5.700,-0.023,3.488,3.488,2.840
0,69,0.2070,thorax,0.0107,1482.00,1.815,5.700,0.000,5.231,5.231,3.416
0,69,0.2070,left_thigh,0.0517,2052.00,-6.907,5.700,0.000,-24.657,-24.657,-17.750
0,69,0.2070,left_foot,0.0375,1710.00,5.610,9.500,0.093,-8.438,-1.235,-6.846
0,70,0.2100,abdomen,0.0045,1482.00,0.573,5.700,-0.022,3.530,3.530,2.956
0,70,0.2100,thorax,0.0101,1482.00,1.762,5.700,0.000,5.294,5.294,3.532
0,70,0.2100,left_thigh,0.0512,2052.00,-6.880,5.700,0.000,-25.032,-25.032,-18.152
0,70,0.2100,left_foot,0.0305,1710.00,4.596,9.500,0.112,-8.555,-3.644,-6.978
0,71,0.2130,abdomen,0.0046,1482.00,0.499,5.700,-0.023,3.570,3.570,3.071
0,71,0.2130,thorax,0.0093,1482.00,1.703,5.700,0.000,5.353,5.353,3.650
0,71,0.2130,left_thigh,0.0512,2052.00,-6.855,5.700,0.000,-25.407,-25.407,-18.552
0,71,0.2130,left_foot,0.0380,1710.00,5.652,9.500,0.091,-8.668,-1.466,-7.118
0,72,0.2160,abdomen,0.0053,1482.00,0.422,5.700,-0.022,3.609,3.609,3.187
0,72,0.2160,thorax,0.0090,1482.00,1.646,5.700,0.000,5.413,5.413,3.767
0,72,0.2160,left_thigh,0.0507,2052.00,-6.827,5.700,0.000,-25.781,-25.781,-18.954
0,72,0.2160,left_foot,0.0308,1710.00,4.639,9.500,0.111,-8.782,-3.871,-7.251
0,73,0.2190,abdomen,0.0054,1482.00,0.348,5.700,-0.023,3.649,3.649,3.301
0,73,0.2190,thorax,0.0085,1482.00,1.590,5.700,0.000,5.472,5.472,3.882
0,73,0.2190,left_thigh,0.0507,2052.00,-6.800,5.700,0.000,-26.155,-26.155,-19.355
0,73,0.2190,left_foot,0.0382,1710.00,5.697,9.500,0.090,-8.896,-1.693,-7.390
0,74,0.2220,abdomen,0.0064,1482.00,0.271,5.700,-0.022,3.687,3.687,3.416
0,74,0.2220,thorax,0.0078,1482.00,1.533,5.700,0.000,5.529,5.529,3.996
0,74,0.2220,left_thigh,0.0502,2052.00,-6.771,5.700,0.000,-26.529,-26.529,-19.758
0,74,0.2220,left_foot,0.0312,1710.00,4.683,9.500,0.107,-9.007,-4.096,-7.522
0,75,0.2250,abdomen,0.0067,1482.00,0.195,5.700,-0.023,3.723,3.723,3.529
0,75,0.2250,thorax,0.0070,1482.00,1.473,5.700,0.000,5.584,5.584,4.112
0,75,0.2250,left_thigh,0.0502,2052.00,-6.743,5.700,0.000,-26.902,-26.902,-20.160
0,75,0.2250,left_foot,0.0388,1710.00,5.748,9.500,0.086,-9.117,-1.915,-7.662
0,76,0.2280,abdomen,0.0075,1482.00,0.117,5.700,-0.022,3.760,3.760,3.643
0,76,0.2280,thorax,0.0067,1482.00,1.415,5.700,0.000,5.640,5.640,4.225
0,76,0.2280,left_thigh,0.0497,2052.00,-6.712,5.700,0.000,-27.276,-27.276,-20.564
0,76,0.2280,left_foot,0.0316,1710.00,4.734,9.500,0.105,-9.228,-4.317,-7.795
0,77,0.2310,abdomen,0.0080,1482.00,0.041,5.700,-0.023,3.796,3.796,3.755
0,77,0.2310,thorax,0.0057,1482.00,1.356,5.700,0.000,5.693,5.693,4.338
0,77,0.2310,left_thigh,0.0496,2052.00,-6.683,5.700,0.000,-27.649,-27.649,-20.965
0,77,0.2310,left_foot,0.0393,1710.00,5.799,9.500,0.084,-9.337,-2.134,-7.934
0,78,0.2340,abdomen,0.0090,1482.00,-0.039,5.700,-0.022,3.830,3.830,3.869
0,78,0.2340,thorax,0.0052,1482.00,1.293,5.700,0.000,5.744,5.744,4.451
0,78,0.2340,left_thigh,0.0491,2052.00,-6.651,5.700,0.000,-28.021,-28.021,-21.370
0,78,0.2340,left_foot,0.0322,1710.00,4.786,9.500,0.101,-9.444,-4.533,-8.066
0,79,0.2370,abdomen,0.0093,1482.00,-0.116,5.700,-0.023,3.864,3.864,3.980
0,79,0.2370,thorax,0.0046,1482.00,1.231,5.700,0.000,5.795,5.795,4.563
0,79,0.2370,left_thigh,0.0491,2052.00,-6.621,5.700,0.000,-28.393,-28.393,-21.772
0,79,0.2370,left_foot,0.0396,1710.00,5.858,9.500,0.081,-9.550,-2.348,-8.206
0,80,0.2400,abdomen,0.0105,1482.00,-0.194,5.700,-0.022,3.897,3.898,4.092
0,80,0.2400,thorax,0.0038,1482.00,1.172,5.700,0.000,5.845,5.845,4.673
0,80,0.2400,left_thigh,0.0485,2052.00,-6.588,5.700,0.000,-28.765,-28.765,-22.177
0,80,0.2400,left_foot,0.0327,1710.00,4.843,9.500,0.098,-9.657,-4.746,-8.337
0,81,0.2430,abdomen,0.0109,1482.00,-0.274,5.700,-0.023,3.928,3.928,4.202
0,81,0.2430,thorax,0.0031,1482.00,1.106,5.700,0.000,5.891,5.891,4.785
0,81,0.2430,left_thigh,0.0485,2052.00,-6.556,5.700,0.000,-29.135,-29.135,-22.580
0,81,0.2430,left_foot,0.0403,1710.00,5.920,9.500,0.077,-9.760,-2.557,-8.477
0,82,0.2460,abdomen,0.0118,1482.00,-0.355,5.700,-0.022,3.959,3.959,4.314
0,82,0.2460,thorax,0.0027,1482.00,1.042,5.700,0.000,5.937,5.937,4.895
0,82,0.2460,left_thigh,0.0479,2052.00,-6.521,5.700,0.000,-29.506,-29.506,-22.985
0,82,0.2460,left_foot,0.0331,1710.00,4.905,9.500,0.095,-9.863,-4.952,-8.609
0,83,0.2490,abdomen,0.0121,1482.00,-0.433,5.700,-0.023,3.989,3.989,4.422
0,83,0.2490,thorax,0.0022,1482.00,0.979,5.700,0.000,5.983,5.983,5.003
0,83,0.2490,left_thigh,0.0480,2052.00,-6.489,5.700,0.000,-29.877,-29.877,-23.387
0,83,0.2490,left_foot,0.0406,1710.00,5.984,9.500,0.074,-9.966,-2.763,-8.747
0,84,0.2520,abdomen,0.0132,1482.00,-0.513,5.700,-0.021,4.018,4.018,4.532
0,84,0.2520,thorax,0.0016,1482.00,0.917,5.700,0.000,6.026,6.026,5.109
0,84,0.2520,left_thigh,0.0482,2052.00,-6.461,5.700,0.000,-30.253,-30.253,-23.792
0,84,0.2520,left_foot,0.0334,1710.00,4.969,9.500,0.091,-10.068,-5.158,-8.878
0,85,0.2550,abdomen,0.0138,1482.00,-0.593,5.700,-0.023,4.047,4.047,4.640
0,85,0.2550,thorax,0.0009,1482.00,0.852,5.700,0.000,6.069,6.069,5.217
0,85,0.2550,left_thigh,0.0490,2052.00,-6.446,5.700,0.000,-30.634,-30.634,-24.187
0,85,0.2550,left_foot,0.0408,1710.00,6.045,9.500,0.071,-10.171,-2.968,-9.013
0,86,0.2580,abdomen,0.0147,1482.00,-0.675,5.700,-0.022,4.075,4.075,4.750
0,86,0.2580,thorax,0.0007,1482.00,0.790,5.700,0.000,6.112,6.112,5.321
0,86,0.2580,left_thigh,0.0485,2052.00,-6.428,5.700,0.000,-31.014,-31.014,-24.586
0,86,0.2580,left_foot,0.0337,1710.00,5.028,9.500,0.089,-10.273,-5.362,-9.142
0,87,0.2610,abdomen,0.0150,1482.00,-0.751,5.700,-0.023,4.103,4.103,4.855
0,87,0.2610,thorax,0.0005,1482.00,0.729,5.700,0.000,6.154,6.154,5.424
0,87,0.2610,left_thigh,0.0502,2052.00,-6.419,5.700,0.000,-31.401,-31.401,-24.982
0,87,0.2610,left_foot,0.0409,1710.00,6.104,9.500,0.071,-10.376,-3.173,-9.277
0,88,0.2640,abdomen,0.0163,1482.00,-0.835,5.700,-0.022,4.131,4.131,4.966
0,88,0.2640,thorax,0.0008,1482.00,0.668,5.700,0.000,6.195,6.195,5.528
0,88,0.2640,left_thigh,0.0511,2052.00,-6.433,5.700,0.000,-31.801,-31.801,-25.368
0,88,0.2640,left_foot,0.0334,1710.00,5.080,9.500,0.091,-10.481,-5.571,-9.400
0,89,0.2670,abdomen,0.0164,1482.00,-0.911,5.700,-0.023,4.159,4.159,5.070
0,89,0.2670,thorax,0.0011,1482.00,0.608,5.700,0.000,6.237,6.237,5.629
0,89,0.2670,left_thigh,0.0513,2052.00,-6.449,5.700,0.000,-32.202,-32.202,-25.753
0,89,0.2670,left_foot,0.0409,1710.00,6.147,9.500,0.070,-10.587,-3.384,-9.531
0,90,0.2700,abdomen,0.0172,1482.00,-0.989,5.700,-0.022,4.186,4.186,5.175
0,90,0.2700,thorax,0.0014,1482.00,0.552,5.700,0.000,6.278,6.278,5.727
0,90,0.2700,left_thigh,0.0523,2052.00,-6.458,5.700,0.000,-32.602,-32.602,-26.144
0,90,0.2700,left_foot,0.0335,1710.00,5.125,9.500,0.090,-10.692,-5.781,-9.655
0,91,0.2730,abdomen,0.0177,1482.00,-1.066,5.700,-0.023,4.213,4.213,5.279
0,91,0.2730,thorax,0.0020,1482.00,0.493,5.700,0.000,6.319,6.319,5.826
0,91,0.2730,left_thigh,0.0538,2052.00,-6.500,5.700,0.000,-33.021,-33.021,-26.521
0,91,0.2730,left_foot,0.0406,1710.00,6.184,9.500,0.072,-10.800,-3.597,-9.781
0,92,0.2760,abdomen,0.0184,1482.00,-1.142,5.700,-0.022,4.240,4.240,5.382
0,92,0.2760,thorax,0.0022,1482.00,0.438,5.700,0.000,6.359,6.359,5.921
0,92,0.2760,left_thigh,0.0534,2052.00,-6.536,5.700,0.000,-33.440,-33.440,-26.905
0,92,0.2760,left_foot,0.0335,1710.00,5.159,9.500,0.086,-10.908,-5.997,-9.902
0,93,0.2790,abdomen,0.0184,1482.00,-1.212,5.700,-0.023,4.267,4.267,5.479
0,93,0.2790,thorax,0.0025,1482.00,0.385,5.700,0.000,6.400,6.400,6.015
0,93,0.2790,left_thigh,0.0536,2052.00,-6.569,5.700,0.000,-33.859,-33.859,-27.290
0,93,0.2790,left_foot,0.0409,1710.00,6.217,9.500,0.067,-11.015,-3.813,-10.030
0,94,0.2820,abdomen,0.0192,1482.00,-1.282,5.700,-0.021,4.294,4.294,5.576
0,94,0.2820,thorax,0.0027,1482.00,0.334,5.700,0.000,6.439,6.439,6.105
0,94,0.2820,left_thigh,0.0546,2052.00,-6.607,5.700,0.000,-34.290,-34.290,-27.683
0,94,0.2820,left_foot,0.0336,1710.00,5.193,9.500,0.082,-11.125,-6.214,-10.152
0,95,0.2850,abdomen,0.0196,1482.00,-1.351,5.700,-0.022,4.320,4.320,5.672
0,95,0.2850,thorax,0.0033,1482.00,0.282,5.700,0.000,6.479,6.479,6.197
0,95,0.2850,left_thigh,0.0559,2052.00,-6.661,5.700,0.000,-34.726,-34.726,-28.065
0,95,0.2850,left_foot,0.0402,1710.00,6.170,9.500,0.059,-11.235,-4.107,-10.277
0,96,0.2880,abdomen,0.0202,1482.00,-1.420,5.700,-0.021,4.346,4.346,5.766
0,96,0.2880,thorax,0.0034,1482.00,0.233,5.700,0.000,6.518,6.518,6.285
0,96,0.2880,left_thigh,0.0556,2052.00,-6.708,5.700,0.000,-35.163,-35.163,-28.455
0,96,0.2880,left_foot,0.0333,1710.00,5.146,9.500,0.069,-11.345,-6.509,-10.399
0,97,0.2910,abdomen,0.0203,1482.00,-1.482,5.700,-0.022,4.372,4.372,5.855
0,97,0.2910,thorax,0.0038,1482.00,0.186,5.700,0.000,6.557,6.557,6.371
0,97,0.2910,left_thigh,0.0571,2052.00,-6.757,5.700,0.000,-35.604,-35.604,-28.848
0,97,0.2910,left_foot,0.0344,1710.00,5.267,9.500,0.051,-11.456,-5.262,-10.529
0,98,0.2940,abdomen,0.0210,1482.00,-1.547,5.700,-0.021,4.398,4.398,5.945
0,98,0.2940,thorax,0.0041,1482.00,0.139,5.700,0.000,6.596,6.596,6.456
0,98,0.2940,left_thigh,0.0580,2052.00,-6.823,5.700,0.000,-36.056,-36.056,-29.233
0,98,0.2940,left_foot,0.0329,1710.00,5.045,9.500,0.066,-11.569,-5.613,-10.658
0,99,0.2970,abdomen,0.0212,1482.00,-1.608,5.700,-0.022,4.424,4.424,6.032
0,99,0.2970,thorax,0.0042,1482.00,0.095,5.700,0.000,6.634,6.634,6.539
0,99,0.2970,left_thigh,0.0580,2052.00,-6.883,5.700,0.000,-36.508,-36.508,-29.626
0,99,0.2970,left_foot,0.0323,1710.00,4.912,9.500,0.077,-11.681,-5.879,-10.791
0,100,0.3000,abdomen,0.0215,1482.00,-1.667,5.700,-0.022,4.449,4.449,6.116
0,100,0.3000,thorax,0.0045,1482.00,0.053,5.700,0.000,6.672,6.672,6.619
0,100,0.3000,left_thigh,0.0590,2052.00,-6.936,5.700,0.000,-36.960,-36.960,-30.024
0,100,0.3000,left_foot,0.0406,1710.00,6.166,9.500,0.093,-11.793,-4.760,-10.927
0,101,0.3030,abdomen,0.0228,1482.00,-1.733,5.700,-0.022,4.474,4.474,6.208
0,101,0.3030,thorax,0.0049,1482.00,0.010,5.700,0.000,6.710,6.710,6.700
0,101,0.3030,left_thigh,0.0593,2052.00,-7.001,5.700,0.000,-37.426,-37.426,-30.425
0,101,0.3030,left_foot,0.0331,1710.00,5.143,9.500,0.113,-11.908,-7.167,-11.050
0,102,0.3060,abdomen,0.0227,1482.00,-1.793,5.700,-0.023,4.499,4.499,6.292
0,102,0.3060,thorax,0.0053,1482.00,-0.032,5.700,0.000,6.747,6.747,6.779
0,102,0.3060,left_thigh,0.0596,2052.00,-7.064,5.700,0.000,-37.893,-37.893,-30.829
0,102,0.3060,left_foot,0.0321,1710.00,4.909,9.500,0.073,-12.022,-6.274,-11.183
0,103,0.3090,abdomen,0.0227,1482.00,-1.847,5.700,-0.021,4.524,4.524,6.371
0,103,0.3090,thorax,0.0054,1482.00,-0.072,5.700,0.000,6.785,6.784,6.857
0,103,0.3090,left_thigh,0.0598,2052.00,-7.123,5.700,0.000,-38.359,-38.359,-31.236
0,103,0.3090,left_foot,0.0375,1710.00,5.671,9.500,0.065,-12.136,-5.651,-11.322
0,104,0.3120,abdomen,0.0234,1482.00,-1.903,5.700,-0.021,4.549,4.549,6.451
0,104,0.3120,thorax,0.0055,1482.00,-0.110,5.700,0.000,6.821,6.821,6.931
0,104,0.3120,left_thigh,0.0604,2052.00,-7.180,5.700,0.000,-38.833,-38.833,-31.653
0,104,0.3120,left_foot,0.0305,1710.00,4.659,9.500,0.076,-12.252,-8.012,-11.457
0,105,0.3150,abdomen,0.0242,1482.00,-2.014,5.700,-0.022,4.573,4.514,6.529
0,105,0.3150,thorax,0.0065,1482.00,-0.207,5.700,0.000,6.858,6.799,7.006
0,105,0.3150,left_thigh,0.0606,2052.00,-7.132,5.700,0.000,-39.312,-39.196,-32.064
0,105,0.3150,left_foot,0.0381,1710.00,5.760,9.500,0.057,-12.367,-5.836,-11.597
0,106,0.3180,abdomen,0.0245,1482.00,-2.013,5.700,-0.020,4.597,4.597,6.610
0,106,0.3180,thorax,0.0060,1482.00,-0.185,5.700,0.000,6.894,6.894,7.079
0,106,0.3180,left_thigh,0.0617,2052.00,-7.313,5.700,0.000,-39.791,-39.791,-32.479
0,106,0.3180,left_foot,0.0313,1710.00,4.752,9.500,0.072,-12.483,-8.244,-11.735
0,107,0.3210,abdomen,0.0246,1482.00,-2.100,5.700,-0.022,4.621,4.582,6.683
0,107,0.3210,thorax,0.0067,1482.00,-0.259,5.700,0.000,6.930,6.891,7.150
0,107,0.3210,left_thigh,0.0616,2052.00,-7.292,5.700,0.000,-40.274,-40.196,-32.904
0,107,0.3210,left_foot,0.0376,1710.00,5.658,9.500,0.059,-12.600,-6.221,-11.879
0,108,0.3240,abdomen,0.0254,1482.00,-2.117,5.700,-0.020,4.645,4.645,6.762
0,108,0.3240,thorax,0.0066,1482.00,-0.256,5.700,0.000,6.966,6.966,7.221
0,108,0.3240,left_thigh,0.0629,2052.00,-7.439,5.700,0.000,-40.764,-40.764,-33.326
0,108,0.3240,left_foot,0.0307,1710.00,4.650,9.500,0.070,-12.717,-8.249,-12.018
0,109,0.3270,abdomen,0.0258,1482.00,-2.245,5.700,-0.022,4.669,4.588,6.833
0,109,0.3270,thorax,0.0076,1482.00,-0.371,5.700,0.000,7.001,6.920,7.291
0,109,0.3270,left_thigh,0.0616,2052.00,-7.338,5.700,0.000,-41.254,-41.093,-33.755
0,109,0.3270,left_foot,0.0355,1710.00,5.316,9.500,0.052,-12.834,-6.850,-12.166
0,110,0.3300,abdomen,0.0260,1482.00,-2.216,5.700,-0.020,4.692,4.692,6.908
0,110,0.3300,thorax,0.0070,1482.00,-0.322,5.700,0.000,7.037,7.037,7.359
0,110,0.3300,left_thigh,0.0641,2052.00,-7.560,5.700,0.000,-41.744,-41.744,-34.184
0,110,0.3300,left_foot,0.0293,1710.00,4.385,9.500,0.063,-12.951,-7.928,-12.313
0,111,0.3330,abdomen,0.0267,1482.00,-2.369,5.700,-0.022,4.715,4.608,6.977
0,111,0.3330,thorax,0.0084,1482.00,-0.463,5.700,0.000,7.071,6.964,7.427
0,111,0.3330,left_thigh,0.0626,2052.00,-7.411,5.700,0.000,-42.244,-42.029,-34.618
0,111,0.3330,left_foot,0.0381,1710.00,5.682,9.500,0.061,-13.070,-5.754,-12.464
0,112,0.3360,abdomen,0.0271,1482.00,-2.316,5.700,-0.020,4.738,4.738,7.054
0,112,0.3360,thorax,0.0074,1482.00,-0.387,5.700,0.000,7.106,7.106,7.493
0,112,0.3360,left_thigh,0.0646,2052.00,-7.691,5.700,0.000,-42.744,-42.744,-35.053
0,112,0.3360,left_foot,0.0313,1710.00,4.683,9.500,0.080,-13.188,-8.165,-12.612
0,113,0.3390,abdomen,0.0275,1482.00,-2.475,5.700,-0.023,4.761,4.646,7.121
0,113,0.3390,thorax,0.0088,1482.00,-0.533,5.700,0.000,7.140,7.025,7.558
0,113,0.3390,left_thigh,0.0621,2052.00,-7.510,5.700,0.000,-43.244,-43.013,-35.503
0,113,0.3390,left_foot,0.0376,1710.00,5.593,9.500,0.062,-13.307,-7.170,-12.764
0,114,0.3420,abdomen,0.0277,1482.00,-2.411,5.700,-0.020,4.784,4.784,7.195
0,114,0.3420,thorax,0.0079,1482.00,-0.448,5.700,0.000,7.174,7.174,7.622
0,114,0.3420,left_thigh,0.0652,2052.00,-7.799,5.700,0.000,-43.749,-43.749,-35.950
0,114,0.3420,left_foot,0.0320,1710.00,4.771,9.500,0.061,-13.425,-8.143,-12.914
0,115,0.3450,abdomen,0.0281,1482.00,-2.548,5.700,-0.022,4.806,4.712,7.260
0,115,0.3450,thorax,0.0092,1482.00,-0.574,5.700,0.000,7.208,7.113,7.687
0,115,0.3450,left_thigh,0.0635,2052.00,-7.662,5.700,0.000,-44.257,-44.067,-36.406
0,115,0.3450,left_foot,0.0400,1710.00,5.951,9.500,0.042,-13.545,-7.117,-13.068
0,116,0.3480,abdomen,0.0285,1482.00,-2.504,5.700,-0.020,4.829,4.829,7.333
0,116,0.3480,thorax,0.0084,1482.00,-0.510,5.700,0.000,7.241,7.241,7.751
0,116,0.3480,left_thigh,0.0653,2052.00,-7.903,5.700,0.000,-44.765,-44.765,-36.862
0,116,0.3480,left_foot,0.0332,1710.00,4.955,9.500,0.040,-13.664,-9.528,-13.218
0,117,0.3510,abdomen,0.0280,1482.00,-2.545,5.700,-0.021,4.851,4.851,7.396
0,117,0.3510,thorax,0.0088,1482.00,-0.540,5.700,0.000,7.275,7.275,7.814
0,117,0.3510,left_thigh,0.0652,2052.00,-7.944,5.700,0.000,-45.275,-45.275,-37.331
0,117,0.3510,left_foot,0.0375,1710.00,5.568,9.500,0.014,-13.783,-7.805,-13.373
0,118,0.3540,abdomen,0.0289,1482.00,-2.590,5.700,-0.019,4.873,4.873,7.464
0,118,0.3540,thorax,0.0091,1482.00,-0.571,5.700,0.000,7.307,7.307,7.878
0,118,0.3540,left_thigh,0.0653,2052.00,-7.987,5.700,0.000,-45.790,-45.790,-37.803
0,118,0.3540,left_foot,0.0308,1710.00,4.573,9.500,0.011,-13.903,-9.215,-13.525
0,119,0.3570,abdomen,0.0290,1482.00,-2.657,5.700,-0.020,4.895,4.869,7.526
0,119,0.3570,thorax,0.0095,1482.00,-0.627,5.700,0.000,7.340,7.315,7.941
0,119,0.3570,left_thigh,0.0651,2052.00,-7.978,5.700,0.000,-46.304,-46.253,-38.276
0,119,0.3570,left_foot,0.0399,1710.00,5.880,9.500,-0.004,-14.023,-7.043,-13.686
0,120,0.3600,abdomen,0.0300,1482.00,-2.679,5.700,-0.018,4.917,4.917,7.596
0,120,0.3600,thorax,0.0095,1482.00,-0.631,5.700,0.000,7.373,7.373,8.003
0,120,0.3600,left_thigh,0.0651,2052.00,-8.062,5.700,0.000,-46.819,-46.819,-38.757
0,120,0.3600,left_foot,0.0330,1710.00,4.888,9.500,0.018,-14.143,-9.455,-13.840
0,121,0.3630,abdomen,0.0300,1482.00,-2.723,5.700,-0.021,4.938,4.938,7.661
0,121,0.3630,thorax,0.0099,1482.00,-0.661,5.700,0.000,7.405,7.405,8.066
0,121,0.3630,left_thigh,0.0654,2052.00,-8.095,5.700,0.000,-47.339,-47.339,-39.244
0,121,0.3630,left_foot,0.0419,1710.00,6.193,9.500,0.004,-14.263,-7.283,-13.999
0,122,0.3660,abdomen,0.0313,1482.00,-2.775,5.700,-0.019,4.959,4.959,7.735
0,122,0.3660,thorax,0.0103,1482.00,-0.693,5.700,0.000,7.437,7.437,8.130
0,122,0.3660,left_thigh,0.0651,2052.00,-8.122,5.700,0.000,-47.859,-47.859,-39.737
0,122,0.3660,left_foot,0.0349,1710.00,5.199,9.500,0.012,-14.383,-9.695,-14.151
0,123,0.3690,abdomen,0.0313,1482.00,-2.823,5.700,-0.020,4.980,4.980,7.803
0,123,0.3690,thorax,0.0107,1482.00,-0.726,5.700,0.000,7.468,7.468,8.195
0,123,0.3690,left_thigh,0.0653,2052.00,-8.147,5.700,0.000,-48.379,-48.379,-40.232
0,123,0.3690,left_foot,0.0340,1710.00,5.012,9.500,-0.019,-14.504,-9.295,-14.308
0,124,0.3720,abdomen,0.0316,1482.00,-2.869,5.700,-0.018,5.001,5.001,7.870
0,124,0.3720,thorax,0.0110,1482.00,-0.759,5.700,0.000,7.500,7.500,8.258
0,124,0.3720,left_thigh,0.0656,2052.00,-8.174,5.700,0.000,-48.901,-48.901,-40.728
0,124,0.3720,left_foot,0.0376,1710.00,5.514,9.500,-0.020,-14.624,-8.956,-14.470
0,125,0.3750,abdomen,0.0325,1482.00,-2.919,5.700,-0.019,5.022,5.022,7.941
0,125,0.3750,thorax,0.0113,1482.00,-0.792,5.700,0.000,7.531,7.531,8.322
0,125,0.3750,left_thigh,0.0654,2052.00,-8.196,5.700,0.000,-49.425,-49.425,-41.229
0,125,0.3750,left_foot,0.0309,1710.00,4.527,9.500,-0.003,-14.744,-11.368,-14.629
0,126,0.3780,abdomen,0.0326,1482.00,-2.966,5.700,-0.020,5.043,5.043,8.009
0,126,0.3780,thorax,0.0116,1482.00,-0.824,5.700,0.000,7.562,7.562,8.386
0,126,0.3780,left_thigh,0.0655,2052.00,-8.218,5.700,0.001,-49.948,-49.948,-41.730
0,126,0.3780,left_foot,0.0383,1710.00,5.597,9.500,-0.003,-14.865,-9.196,-14.794
0,127,0.3810,abdomen,0.0337,1482.00,-3.020,5.700,-0.019,5.063,5.063,8.083
0,127,0.3810,thorax,0.0120,1482.00,-0.857,5.700,0.000,7.593,7.593,8.450
0,127,0.3810,left_thigh,0.0650,2052.00,-8.232,5.700,0.001,-50.472,-50.472,-42.241
0,127,0.3810,left_foot,0.0315,1710.00,4.611,9.500,0.025,-14.985,-11.608,-14.953
0,128,0.3840,abdomen,0.0339,1482.00,-3.071,5.700,-0.021,5.084,5.084,8.154
0,128,0.3840,thorax,0.0124,1482.00,-0.892,5.700,0.000,7.623,7.623,8.515
0,128,0.3840,left_thigh,0.0653,2052.00,-8.248,5.700,0.001,-50.998,-50.998,-42.750
0,128,0.3840,left_foot,0.0388,1710.00,5.680,9.500,0.016,-15.105,-9.437,-15.117
0,129,0.3870,abdomen,0.0350,1482.00,-3.127,5.700,-0.020,5.104,5.104,8.231
0,129,0.3870,thorax,0.0128,1482.00,-0.926,5.700,0.000,7.653,7.653,8.580
0,129,0.3870,left_thigh,0.0647,2052.00,-8.256,5.700,0.001,-51.524,-51.524,-43.268
0,129,0.3870,left_foot,0.0320,1710.00,4.693,9.500,0.031,-15.225,-11.849,-15.276
0,130,0.3900,abdomen,0.0350,1482.00,-3.179,5.700,-0.021,5.124,5.124,8.303
0,130,0.3900,thorax,0.0131,1482.00,-0.961,5.700,0.000,7.683,7.683,8.645
0,130,0.3900,left_thigh,0.0648,2052.00,-8.264,5.700,0.001,-52.050,-52.050,-43.786
0,130,0.3900,left_foot,0.0393,1710.00,5.763,9.500,0.010,-15.345,-9.677,-15.440
0,131,0.3930,abdomen,0.0361,1482.00,-3.236,5.700,-0.019,5.144,5.144,8.380
0,131,0.3930,thorax,0.0135,1482.00,-0.997,5.700,0.000,7.713,7.713,8.710
0,131,0.3930,left_thigh,0.0643,2052.00,-8.266,5.700,0.001,-52.576,-52.576,-44.310
0,131,0.3930,left_foot,0.0325,1710.00,4.776,9.500,0.019,-15.465,-12.089,-15.599
0,132,0.3960,abdomen,0.0361,1482.00,-3.289,5.700,-0.021,5.163,5.163,8.452
0,132,0.3960,thorax,0.0139,1482.00,-1.033,5.700,0.000,7.742,7.742,8.775
0,132,0.3960,left_thigh,0.0645,2052.00,-8.270,5.700,0.001,-53.103,-53.103,-44.833
0,132,0.3960,left_foot,0.0399,1710.00,5.846,9.500,-0.003,-15.585,-9.917,-15.763
0,133,0.3990,abdomen,0.0372,1482.00,-3.346,5.700,-0.019,5.183,5.183,8.529
0,133,0.3990,thorax,0.0142,1482.00,-1.069,5.700,0.000,7.772,7.772,8.840
0,133,0.3990,left_thigh,0.0639,2052.00,-8.266,5.700,0.001,-53.629,-53.629,-45.363
0,133,0.3990,left_foot,0.0331,1710.00,4.859,9.500,0.006,-15.705,-12.328,-15.922
0,134,0.4020,abdomen,0.0373,1482.00,-3.399,5.700,-0.021,5.202,5.202,8.601
0,134,0.4020,thorax,0.0146,1482.00,-1.105,5.700,0.000,7.801,7.801,8.906
0,134,0.4020,left_thigh,0.0640,2052.00,-8.264,5.700,0.001,-54.155,-54.155,-45.891
0,134,0.4020,left_foot,0.0405,1710.00,5.930,9.500,-0.013,-15.824,-10.156,-16.087
0,135,0.4050,abdomen,0.0383,1482.00,-3.458,5.700,-0.019,5.221,5.221,8.679
0,135,0.4050,thorax,0.0150,1482.00,-1.141,5.700,0.000,7.829,7.829,8.971
0,135,0.4050,left_thigh,0.0634,2052.00,-8.255,5.700,0.001,-54.681,-54.681,-46.426
0,135,0.4050,left_foot,0.0337,1710.00,4.943,9.500,-0.002,-15.943,-12.567,-16.246
0,136,0.4080,abdomen,0.0384,1482.00,-3.511,5.700,-0.021,5.241,5.241,8.752
0,136,0.4080,thorax,0.0153,1482.00,-1.178,5.700,0.000,7.858,7.858,9.036
0,136,0.4080,left_thigh,0.0635,2052.00,-8.247,5.700,0.001,-55.206,-55.206,-46.960
0,136,0.4080,left_foot,0.0321,1710.00,4.666,9.500,-0.019,-16.062,-11.744,-16.410
0,137,0.4110,abdomen,0.0388,1482.00,-3.563,5.700,-0.019,5.259,5.259,8.823
0,137,0.4110,thorax,0.0156,1482.00,-1.213,5.700,0.000,7.887,7.887,9.100
0,137,0.4110,left_thigh,0.0633,2052.00,-8.239,5.700,0.001,-55.731,-55.731,-47.492
0,137,0.4110,left_foot,0.0412,1710.00,5.981,9.500,-0.011,-16.181,-10.192,-16.578
0,138,0.4140,abdomen,0.0401,1482.00,-3.624,5.700,-0.019,5.278,5.278,8.902
0,138,0.4140,thorax,0.0159,1482.00,-1.249,5.700,0.000,7.915,7.915,9.164
0,138,0.4140,left_thigh,0.0623,2052.00,-8.219,5.700,0.001,-56.254,-56.254,-48.035
0,138,0.4140,left_foot,0.0341,1710.00,4.995,9.500,0.019,-16.299,-12.602,-16.738
0,139,0.4170,abdomen,0.0402,1482.00,-3.681,5.700,-0.022,5.297,5.297,8.978
0,139,0.4170,thorax,0.0164,1482.00,-1.287,5.700,0.000,7.943,7.942,9.229
0,139,0.4170,left_thigh,0.0624,2052.00,-8.201,5.700,0.001,-56.778,-56.778,-48.577
0,139,0.4170,left_foot,0.0302,1710.00,4.376,9.500,-0.001,-16.418,-12.525,-16.901
0,140,0.4200,abdomen,0.0403,1482.00,-3.733,5.700,-0.020,5.315,5.315,9.048
0,140,0.4200,thorax,0.0166,1482.00,-1.323,5.700,0.000,7.970,7.970,9.293
0,140,0.4200,left_thigh,0.0625,2052.00,-8.187,5.700,0.001,-57.301,-57.301,-49.114
0,140,0.4200,left_foot,0.0393,1710.00,5.692,9.500,-0.002,-16.536,-10.351,-17.071
0,141,0.4230,abdomen,0.0417,1482.00,-3.794,5.700,-0.019,5.334,5.334,9.128
0,141,0.4230,thorax,0.0170,1482.00,-1.359,5.700,0.000,7.998,7.998,9.356
0,141,0.4230,left_thigh,0.0613,2052.00,-8.160,5.700,0.001,-57.821,-57.821,-49.660
0,141,0.4230,left_foot,0.0324,1710.00,4.707,9.500,0.030,-16.653,-12.760,-17.233
0,142,0.4260,abdomen,0.0417,1482.00,-3.850,5.700,-0.022,5.352,5.352,9.202
0,142,0.4260,thorax,0.0174,1482.00,-1.395,5.700,0.000,8.025,8.025,9.420
0,142,0.4260,left_thigh,0.0612,2052.00,-8.134,5.700,0.001,-58.340,-58.340,-50.206
0,142,0.4260,left_foot,0.0413,1710.00,6.019,9.500,0.015,-16.770,-10.719,-17.399
0,143,0.4290,abdomen,0.0430,1482.00,-3.913,5.700,-0.020,5.370,5.370,9.283
0,143,0.4290,thorax,0.0178,1482.00,-1.433,5.700,0.000,8.052,8.052,9.485
0,143,0.4290,left_thigh,0.0605,2052.00,-8.102,5.700,0.001,-58.860,-58.860,-50.758
0,143,0.4290,left_foot,0.0343,1710.00,5.030,9.500,0.024,-16.887,-13.128,-17.557
0,144,0.4320,abdomen,0.0431,1482.00,-3.971,5.700,-0.022,5.388,5.388,9.359
0,144,0.4320,thorax,0.0182,1482.00,-1.471,5.700,0.000,8.079,8.079,9.550
0,144,0.4320,left_thigh,0.0602,2052.00,-8.070,5.700,0.001,-59.376,-59.376,-51.306
0,144,0.4320,left_foot,0.0293,1710.00,4.224,9.500,-0.010,-17.003,-13.494,-17.719
0,145,0.4350,abdomen,0.0428,1482.00,-4.021,5.700,-0.020,5.406,5.406,9.427
0,145,0.4350,thorax,0.0183,1482.00,-1.507,5.700,0.000,8.105,8.105,9.612
0,145,0.4350,left_thigh,0.0602,2052.00,-8.039,5.700,0.001,-59.890,-59.890,-51.851
0,145,0.4350,left_foot,0.0387,1710.00,5.543,9.500,-0.015,-17.119,-11.318,-17.891
0,146,0.4380,abdomen,0.0443,1482.00,-4.080,5.700,-0.019,5.423,5.423,9.504
0,146,0.4380,thorax,0.0186,1482.00,-1.542,5.700,0.000,8.132,8.132,9.674
0,146,0.4380,left_thigh,0.0593,2052.00,-8.001,5.700,0.001,-60.404,-60.404,-52.403
0,146,0.4380,left_foot,0.0316,1710.00,4.561,9.500,0.025,-17.234,-13.725,-18.055
0,147,0.4410,abdomen,0.0445,1482.00,-4.136,5.700,-0.022,5.441,5.441,9.577
0,147,0.4410,thorax,0.0191,1482.00,-1.578,5.700,0.000,8.158,8.158,9.736
0,147,0.4410,left_thigh,0.0587,2052.00,-7.964,5.700,0.001,-60.916,-60.916,-52.953
0,147,0.4410,left_foot,0.0405,1710.00,5.873,9.500,0.020,-17.349,-11.548,-18.222
0,148,0.4440,abdomen,0.0456,1482.00,-4.198,5.700,-0.020,5.458,5.458,9.656
0,148,0.4440,thorax,0.0194,1482.00,-1.615,5.700,0.000,8.184,8.184,9.799
0,148,0.4440,left_thigh,0.0576,2052.00,-7.912,5.700,0.001,-61.423,-61.423,-53.511
0,148,0.4440,left_foot,0.0336,1710.00,4.886,9.500,0.034,-17.463,-13.954,-18.381
0,149,0.4470,abdomen,0.0456,1482.00,-4.255,5.700,-0.022,5.475,5.475,9.731
0,149,0.4470,thorax,0.0198,1482.00,-1.652,5.700,0.000,8.210,8.210,9.862
0,149,0.4470,left_thigh,0.0576,2052.00,-7.866,5.700,0.001,-61.931,-61.931,-54.065
0,149,0.4470,left_foot,0.0417,1710.00,6.081,9.500,0.005,-17.577,-12.462,-18.544
0,150,0.4500,abdomen,0.0469,1482.00,-4.318,5.700,-0.019,5.493,5.493,9.811
0,150,0.4500,thorax,0.0202,1482.00,-1.689,5.700,0.000,8.236,8.236,9.925
0,150,0.4500,left_thigh,0.0570,2052.00,-7.816,5.700,0.001,-62.438,-62.438,-54.622
0,150,0.4500,left_foot,0.0348,1710.00,5.092,9.500,0.003,-17.691,-14.867,-18.700
0,151,0.4530,abdomen,0.0469,1482.00,-4.375,5.700,-0.021,5.509,5.509,9.885
0,151,0.4530,thorax,0.0206,1482.00,-1.727,5.700,0.000,8.261,8.261,9.988
0,151,0.4530,left_thigh,0.0565,2052.00,-7.764,5.700,0.001,-62.937,-62.937,-55.173
0,151,0.4530,left_foot,0.0288,1710.00,4.118,9.500,-0.028,-17.803,-14.743,-18.861
0,152,0.4560,abdomen,0.0465,1482.00,-4.423,5.700,-0.020,5.526,5.526,9.950
0,152,0.4560,thorax,0.0206,1482.00,-1.762,5.700,0.000,8.287,8.287,10.048
0,152,0.4560,left_thigh,0.0563,2052.00,-7.715,5.700,0.001,-63.436,-63.436,-55.721
0,152,0.4560,left_foot,0.0382,1710.00,5.437,9.500,-0.027,-17.915,-12.563,-19.034
0,153,0.4590,abdomen,0.0480,1482.00,-4.481,5.700,-0.019,5.543,5.543,10.025
0,153,0.4590,thorax,0.0209,1482.00,-1.796,5.700,0.000,8.312,8.312,10.108
0,153,0.4590,left_thigh,0.0554,2052.00,-7.661,5.700,0.001,-63.935,-63.935,-56.275
0,153,0.4590,left_foot,0.0311,1710.00,4.454,9.500,0.026,-18.028,-14.967,-19.198
0,154,0.4620,abdomen,0.0482,1482.00,-4.537,5.700,-0.023,5.560,5.560,10.097
0,154,0.4620,thorax,0.0213,1482.00,-1.831,5.700,0.000,8.336,8.336,10.168
0,154,0.4620,left_thigh,0.0545,2052.00,-7.603,5.700,0.001,-64.428,-64.428,-56.825
0,154,0.4620,left_foot,0.0400,1710.00,5.765,9.500,0.030,-18.138,-12.786,-19.363
0,155,0.4650,abdomen,0.0493,1482.00,-4.599,5.700,-0.021,5.576,5.576,10.175
0,155,0.4650,thorax,0.0217,1482.00,-1.867,5.700,0.000,8.361,8.361,10.228
0,155,0.4650,left_thigh,0.0532,2052.00,-7.533,5.700,0.001,-64.917,-64.917,-57.385
0,155,0.4650,left_foot,0.0330,1710.00,4.776,9.500,0.051,-18.248,-15.187,-19.520
0,156,0.4680,abdomen,0.0494,1482.00,-4.656,5.700,-0.023,5.592,5.593,10.249
0,156,0.4680,thorax,0.0221,1482.00,-1.903,5.700,0.000,8.386,8.386,10.289
0,156,0.4680,left_thigh,0.0532,2052.00,-7.468,5.700,0.001,-65.406,-65.406,-57.938
0,156,0.4680,left_foot,0.0417,1710.00,6.082,9.500,0.022,-18.358,-13.005,-19.680
0,157,0.4710,abdomen,0.0507,1482.00,-4.719,5.700,-0.020,5.609,5.609,10.329
0,157,0.4710,thorax,0.0226,1482.00,-1.941,5.700,0.000,8.410,8.410,10.351
0,157,0.4710,left_thigh,0.0516,2052.00,-7.398,5.700,0.001,-65.892,-65.892,-58.494
0,157,0.4710,left_foot,0.0349,1710.00,5.089,9.500,0.020,-18.467,-15.406,-19.833
0,158,0.4740,abdomen,0.0503,1482.00,-4.774,5.700,-0.022,5.625,5.625,10.399
0,158,0.4740,thorax,0.0228,1482.00,-1.977,5.700,0.000,8.434,8.434,10.411
0,158,0.4740,left_thigh,0.0511,2052.00,-7.320,5.700,0.001,-66.370,-66.370,-59.050
0,158,0.4740,left_foot,0.0430,1710.00,6.258,9.500,-0.016,-18.575,-13.733,-19.992
0,159,0.4770,abdomen,0.0516,1482.00,-4.835,5.700,-0.019,5.641,5.641,10.476
0,159,0.4770,thorax,0.0232,1482.00,-2.014,5.700,0.000,8.458,8.458,10.472
0,159,0.4770,left_thigh,0.0504,2052.00,-7.241,5.700,0.001,-66.847,-66.847,-59.607
0,159,0.4770,left_foot,0.0360,1710.00,5.264,9.500,-0.017,-18.682,-16.132,-20.144
0,160,0.4800,abdomen,0.0516,1482.00,-4.890,5.700,-0.021,5.657,5.657,10.547
0,160,0.4800,thorax,0.0235,1482.00,-2.050,5.700,0.000,8.482,8.482,10.532
0,160,0.4800,left_thigh,0.0505,2052.00,-7.171,5.700,0.001,-67.325,-67.325,-60.155
0,160,0.4800,left_foot,0.0319,1710.00,4.607,9.500,-0.044,-18.789,-15.693,-20.300
0,161,0.4830,abdomen,0.0517,1482.00,-4.941,5.700,-0.020,5.673,5.673,10.614
0,161,0.4830,thorax,0.0237,1482.00,-2.085,5.700,0.000,8.506,8.506,10.591
0,161,0.4830,left_thigh,0.0496,2052.00,-7.096,5.700,0.001,-67.790,-67.790,-60.695
0,161,0.4830,left_foot,0.0412,1710.00,5.917,9.500,-0.038,-18.894,-13.505,-20.464
0,162,0.4860,abdomen,0.0529,1482.00,-5.000,5.700,-0.019,5.688,5.688,10.688
0,162,0.4860,thorax,0.0239,1482.00,-2.119,5.700,0.000,8.529,8.529,10.648
0,162,0.4860,left_thigh,0.0480,2052.00,-7.009,5.700,0.001,-68.256,-68.256,-61.247
0,162,0.4860,left_foot,0.0341,1710.00,4.927,9.500,0.009,-18.999,-15.902,-20.620
0,163,0.4890,abdomen,0.0531,1482.00,-5.055,5.700,-0.023,5.704,5.704,10.760
0,163,0.4890,thorax,0.0243,1482.00,-2.154,5.700,0.000,8.552,8.552,10.707
0,163,0.4890,left_thigh,0.0479,2052.00,-6.928,5.700,0.001,-68.721,-68.721,-61.793
0,163,0.4890,left_foot,0.0427,1710.00,6.228,9.500,0.008,-19.104,-13.715,-20.774
0,164,0.4920,abdomen,0.0546,1482.00,-5.120,5.700,-0.020,5.719,5.719,10.839
0,164,0.4920,thorax,0.0249,1482.00,-2.191,5.700,0.000,8.575,8.575,10.767
0,164,0.4920,left_thigh,0.0459,2052.00,-6.836,5.700,0.001,-69.176,-69.176,-62.340
0,164,0.4920,left_foot,0.0357,1710.00,5.229,9.500,0.021,-19.207,-16.110,-20.921
0,165,0.4950,abdomen,0.0541,1482.00,-5.175,5.700,-0.023,5.734,5.734,10.909
0,165,0.4950,thorax,0.0251,1482.00,-2.227,5.700,0.000,8.598,8.598,10.825
0,165,0.4950,left_thigh,0.0452,2052.00,-6.739,5.700,0.001,-69.627,-69.627,-62.888
0,165,0.4950,left_foot,0.0446,1710.00,6.527,9.500,-0.009,-19.309,-14.505,-21.072
0,166,0.4980,abdomen,0.0555,1482.00,-5.237,5.700,-0.020,5.750,5.750,10.987
0,166,0.4980,thorax,0.0255,1482.00,-2.264,5.700,0.000,8.621,8.621,10.885
0,166,0.4980,left_thigh,0.0444,2052.00,-6.642,5.700,0.001,-70.078,-70.078,-63.436
0,166,0.4980,left_foot,0.0374,1710.00,5.523,9.500,-0.008,-19.410,-16.899,-21.215
0,167,0.5010,abdomen,0.0555,1482.00,-5.294,5.700,-0.022,5.765,5.765,11.059
0,167,0.5010,thorax,0.0259,1482.00,-2.301,5.700,0.000,8.644,8.644,10.945
0,167,0.5010,left_thigh,0.0433,2052.00,-6.549,5.700,0.001,-70.523,-70.523,-63.974
0,167,0.5010,left_foot,0.0313,1710.00,4.524,9.500,-0.042,-19.511,-16.857,-21.362
0,168,0.5040,abdomen,0.0549,1482.00,-5.339,5.700,-0.020,5.780,5.780,11.119
0,168,0.5040,thorax,0.0258,1482.00,-2.334,5.700,0.000,8.666,8.666,11.000
0,168,0.5040,left_thigh,0.0427,2052.00,-6.448,5.700,0.001,-70.958,-70.958,-64.510
0,168,0.5040,left_foot,0.0407,1710.00,5.830,9.500,-0.043,-19.610,-14.664,-21.522
0,169,0.5070,abdomen,0.0565,1482.00,-5.396,5.700,-0.019,5.795,5.795,11.191
0,169,0.5070,thorax,0.0261,1482.00,-2.366,5.700,0.000,8.689,8.689,11.055
0,169,0.5070,left_thigh,0.0417,2052.00,-6.345,5.700,0.001,-71.393,-71.393,-65.048
0,169,0.5070,left_foot,0.0334,1710.00,4.833,9.500,0.012,-19.709,-17.055,-21.671
0,170,0.5100,abdomen,0.0567,1482.00,-5.451,5.700,-0.023,5.810,5.810,11.260
0,170,0.5100,thorax,0.0265,1482.00,-2.400,5.700,0.000,8.711,8.711,11.111
0,170,0.5100,left_thigh,0.0416,2052.00,-6.250,5.700,0.001,-71.828,-71.828,-65.578
0,170,0.5100,left_foot,0.0420,1710.00,6.129,9.500,0.019,-19.807,-14.862,-21.821
0,171,0.5130,abdomen,0.0583,1482.00,-5.515,5.700,-0.021,5.824,5.824,11.340
0,171,0.5130,thorax,0.0271,1482.00,-2.436,5.700,0.000,8.733,8.733,11.169
0,171,0.5130,left_thigh,0.0393,2052.00,-6.137,5.700,0.001,-72.246,-72.246,-66.109
0,171,0.5130,left_foot,0.0350,1710.00,5.124,9.500,0.043,-19.902,-17.048,-21.962
0,172,0.5160,abdomen,0.0577,1482.00,-5.569,5.700,-0.024,5.839,5.839,11.409
0,172,0.5160,thorax,0.0273,1482.00,-2.471,5.700,0.000,8.755,8.755,11.226
0,172,0.5160,left_thigh,0.0384,2052.00,-6.023,5.700,0.001,-72.663,-72.663,-66.641
0,172,0.5160,left_foot,0.0438,1710.00,6.415,9.500,0.017,-19.998,-14.852,-22.108
0,173,0.5190,abdomen,0.0592,1482.00,-5.632,5.700,-0.021,5.854,5.853,11.485
0,173,0.5190,thorax,0.0277,1482.00,-2.507,5.700,0.000,8.777,8.777,11.283
0,173,0.5190,left_thigh,0.0376,2052.00,-5.910,5.700,0.001,-73.081,-73.081,-67.172
0,173,0.5190,left_foot,0.0366,1710.00,5.406,9.500,0.021,-20.093,-17.239,-22.244
0,174,0.5220,abdomen,0.0591,1482.00,-5.688,5.700,-0.023,5.868,5.868,11.556
0,174,0.5220,thorax,0.0281,1482.00,-2.543,5.700,0.000,8.798,8.798,11.341
0,174,0.5220,left_thigh,0.0362,2052.00,-5.795,5.700,0.001,-73.486,-73.486,-67.691
0,174,0.5220,left_foot,0.0455,1710.00,6.691,9.500,-0.015,-20.186,-15.040,-22.384
0,175,0.5250,abdomen,0.0599,1482.00,-5.746,5.700,-0.020,5.882,5.882,11.628
0,175,0.5250,thorax,0.0283,1482.00,-2.578,5.700,0.000,8.820,8.820,11.397
0,175,0.5250,left_thigh,0.0344,2052.00,-5.665,5.700,0.001,-73.885,-73.885,-68.220
0,175,0.5250,left_foot,0.0385,1710.00,5.680,9.500,-0.014,-20.277,-17.423,-22.519
0,176,0.5280,abdomen,0.0599,1482.00,-5.799,5.700,-0.022,5.896,5.896,11.695
0,176,0.5280,thorax,0.0286,1482.00,-2.612,5.700,0.000,8.841,8.841,11.453
0,176,0.5280,left_thigh,0.0344,2052.00,-5.546,5.700,0.001,-74.284,-74.284,-68.738
0,176,0.5280,left_foot,0.0471,1710.00,6.963,9.500,-0.041,-20.369,-15.605,-22.655
0,177,0.5310,abdomen,0.0614,1482.00,-5.860,5.700,-0.019,5.911,5.911,11.771
0,177,0.5310,thorax,0.0291,1482.00,-2.648,5.700,0.000,8.862,8.862,11.510
0,177,0.5310,left_thigh,0.0321,2052.00,-5.422,5.700,0.001,-74.676,-74.676,-69.254
0,177,0.5310,left_foot,0.0401,1710.00,5.946,9.500,-0.038,-20.459,-17.987,-22.784
0,178,0.5340,abdomen,0.0607,1482.00,-5.910,5.700,-0.022,5.924,5.924,11.835
0,178,0.5340,thorax,0.0292,1482.00,-2.682,5.700,0.000,8.883,8.883,11.565
0,178,0.5340,left_thigh,0.0310,2052.00,-5.284,5.700,0.001,-75.054,-75.054,-69.771
0,178,0.5340,left_foot,0.0338,1710.00,4.935,9.500,-0.061,-20.547,-18.364,-22.919
0,179,0.5370,abdomen,0.0606,1482.00,-5.955,5.700,-0.020,5.938,5.938,11.893
0,179,0.5370,thorax,0.0292,1482.00,-2.713,5.700,0.000,8.904,8.904,11.617
0,179,0.5370,left_thigh,0.0312,2052.00,-5.161,5.700,0.001,-75.433,-75.433,-70.272
0,179,0.5370,left_foot,0.0429,1710.00,6.224,9.500,-0.054,-20.634,-16.160,-23.062
0,180,0.5400,abdomen,0.0623,1482.00,-6.012,5.700,-0.020,5.952,5.952,11.964
0,180,0.5400,thorax,0.0296,1482.00,-2.745,5.700,0.000,8.925,8.925,11.670
0,180,0.5400,left_thigh,0.0302,2052.00,-5.038,5.700,0.001,-75.811,-75.811,-70.774
0,180,0.5400,left_foot,0.0373,1710.00,5.479,9.500,0.004,-20.722,-17.716,-23.196
0,181,0.5430,abdomen,0.0628,1482.00,-6.069,5.700,-0.024,5.966,5.966,12.035
0,181,0.5430,thorax,0.0301,1482.00,-2.779,5.700,0.000,8.945,8.945,11.724
0,181,0.5430,left_thigh,0.0281,2052.00,-4.902,5.700,0.001,-76.168,-76.168,-71.267
0,181,0.5430,left_foot,0.0459,1710.00,6.757,9.500,0.017,-20.805,-15.508,-23.328
0,182,0.5460,abdomen,0.0636,1482.00,-6.129,5.700,-0.022,5.980,5.980,12.109
0,182,0.5460,thorax,0.0304,1482.00,-2.813,5.700,0.000,8.966,8.966,11.778
0,182,0.5460,left_thigh,0.0261,2052.00,-4.754,5.700,0.001,-76.524,-76.524,-71.771
0,182,0.5460,left_foot,0.0386,1710.00,5.734,9.500,0.035,-20.889,-17.883,-23.452
0,183,0.5490,abdomen,0.0636,1482.00,-6.183,5.700,-0.024,5.993,5.993,12.177
0,183,0.5490,thorax,0.0308,1482.00,-2.847,5.700,0.000,8.986,8.986,11.833
0,183,0.5490,left_thigh,0.0261,2052.00,-4.619,5.700,0.001,-76.881,-76.881,-72.263
0,183,0.5490,left_foot,0.0470,1710.00,7.005,9.500,0.002,-20.972,-15.675,-23.576
0,184,0.5520,abdomen,0.0654,1482.00,-6.247,5.700,-0.021,6.005,6.005,12.252
0,184,0.5520,thorax,0.0318,1482.00,-2.886,5.700,0.000,9.003,9.003,11.889
0,184,0.5520,left_thigh,0.0203,2052.00,-4.446,5.700,0.001,-77.196,-77.196,-72.750
0,184,0.5520,left_foot,0.0407,1710.00,5.975,9.500,-0.004,-21.047,-18.042,-23.693
0,185,0.5550,abdomen,0.0632,1482.00,-6.287,5.700,-0.022,6.015,6.015,12.302
0,185,0.5550,thorax,0.0315,1482.00,-2.921,5.700,0.000,9.019,9.019,11.939
0,185,0.5550,left_thigh,0.0169,2052.00,-4.229,5.700,0.001,-77.489,-77.489,-73.261
0,185,0.5550,left_foot,0.0443,1710.00,6.418,9.500,-0.038,-21.118,-17.403,-23.822
0,186,0.5580,abdomen,0.0642,1482.00,-6.332,5.700,-0.020,6.025,6.025,12.358
0,186,0.5580,thorax,0.0318,1482.00,-2.955,5.700,0.000,9.034,9.034,11.989
0,186,0.5580,left_thigh,0.0162,2052.00,-4.024,5.700,0.001,-77.783,-77.783,-73.760
0,186,0.5580,left_foot,0.0380,1710.00,5.510,9.500,-0.031,-21.188,-18.434,-23.944
0,187,0.5610,abdomen,0.0651,1482.00,-6.379,5.700,-0.021,6.034,6.034,12.413
0,187,0.5610,thorax,0.0329,1482.00,-2.991,5.700,0.000,9.047,9.047,12.038
0,187,0.5610,left_thigh,0.0091,2052.00,-3.806,5.700,0.001,-78.047,-78.047,-74.241
0,187,0.5610,left_foot,0.0481,1710.00,6.785,9.500,-0.037,-21.253,-16.206,-24.073
0,188,0.5640,abdomen,0.0640,1482.00,-6.415,5.700,-0.019,6.039,6.039,12.454
0,188,0.5640,thorax,0.0327,1482.00,-3.028,5.700,0.000,9.054,9.054,12.082
0,188,0.5640,left_thigh,0.0035,2052.00,-3.482,5.700,0.001,-78.251,-78.251,-74.770
0,188,0.5640,left_foot,0.0415,1710.00,5.769,9.500,-0.004,-21.305,-18.550,-24.204
0,189,0.5670,abdomen,0.0647,1482.00,-6.455,5.700,-0.022,6.043,6.043,12.498
0,189,0.5670,thorax,0.0333,1482.00,-3.067,5.700,0.000,9.061,9.061,12.128
0,189,0.5670,left_thigh,0.0029,2052.00,-3.178,5.700,0.001,-78.456,-78.456,-75.279
0,189,0.5670,left_foot,0.0496,1710.00,7.039,9.500,-0.004,-21.357,-16.310,-24.328
0,190,0.5700,abdomen,0.0675,1482.00,-6.512,5.700,-0.019,6.048,6.048,12.560
0,190,0.5700,thorax,0.0347,1482.00,-3.110,5.700,0.000,9.068,9.068,12.178
0,190,0.5700,left_thigh,0.0049,2052.00,-2.887,5.700,0.001,-78.660,-78.660,-75.774
0,190,0.5700,left_foot,0.0434,1710.00,6.010,9.500,-0.002,-21.409,-18.654,-24.446
0,191,0.5730,abdomen,0.0658,1482.00,-6.553,5.700,-0.022,6.048,6.048,12.602
0,191,0.5730,thorax,0.0348,1482.00,-3.155,5.700,0.000,9.069,9.069,12.224
0,191,0.5730,left_thigh,0.0090,2052.00,-2.509,5.700,0.001,-78.797,-78.797,-76.288
0,191,0.5730,left_foot,0.0527,1710.00,7.288,9.500,-0.030,-21.446,-16.400,-24.577
0,192,0.5760,abdomen,0.0684,1482.00,-6.614,5.700,-0.019,6.049,6.049,12.663
0,192,0.5760,thorax,0.0356,1482.00,-3.204,5.700,0.000,9.069,9.069,12.274
0,192,0.5760,left_thigh,0.0106,2052.00,-2.147,5.700,0.001,-78.933,-78.933,-76.787
0,192,0.5760,left_foot,0.0450,1710.00,6.259,9.500,-0.015,-21.484,-18.729,-24.695
0,193,0.5790,abdomen,0.0694,1482.00,-6.679,5.700,-0.022,6.049,6.049,12.728
0,193,0.5790,thorax,0.0364,1482.00,-3.257,5.700,0.000,9.070,9.070,12.327
0,193,0.5790,left_thigh,0.0110,2052.00,-1.811,5.700,0.001,-79.070,-79.070,-77.259
0,193,0.5790,left_foot,0.0537,1710.00,7.527,9.500,-0.046,-21.521,-16.475,-24.817
0,194,0.5820,abdomen,0.0723,1482.00,-6.763,5.700,-0.020,6.048,6.048,12.811
0,194,0.5820,thorax,0.0379,1482.00,-3.316,5.700,0.000,9.068,9.068,12.384
0,194,0.5820,left_thigh,0.0161,2052.00,-1.460,5.700,0.001,-79.175,-79.175,-77.715
0,194,0.5820,left_foot,0.0470,1710.00,6.496,9.500,-0.036,-21.551,-18.797,-24.932
0,195,0.5850,abdomen,0.0716,1482.00,-6.835,5.700,-0.024,6.045,6.045,12.880
0,195,0.5850,thorax,0.0383,1482.00,-3.376,5.700,0.000,9.064,9.064,12.440
0,195,0.5850,left_thigh,0.0189,2052.00,-1.092,5.700,0.001,-79.264,-79.264,-78.173
0,195,0.5850,left_foot,0.0558,1710.00,7.765,9.500,-0.049,-21.578,-17.184,-25.054
0,196,0.5880,abdomen,0.0741,1482.00,-6.923,5.700,-0.021,6.042,6.042,12.966
0,196,0.5880,thorax,0.0392,1482.00,-3.439,5.700,0.000,9.060,9.060,12.499
0,196,0.5880,left_thigh,0.0204,2052.00,-0.740,5.700,0.001,-79.353,-79.353,-78.614
0,196,0.5880,left_foot,0.0479,1710.00,6.725,9.500,-0.023,-21.605,-19.301,-25.160
0,197,0.5910,abdomen,0.0752,1482.00,-7.013,5.700,-0.025,6.039,6.039,13.053
0,197,0.5910,thorax,0.0404,1482.00,-3.505,5.700,0.000,9.055,9.055,12.560
0,197,0.5910,left_thigh,0.0228,2052.00,-0.407,5.700,0.001,-79.434,-79.434,-79.028
0,197,0.5910,left_foot,0.0558,1710.00,7.852,9.500,-0.043,-21.629,-17.416,-25.268
0,198,0.5940,abdomen,0.0766,1482.00,-7.109,5.700,-0.022,6.035,6.035,13.144
0,198,0.5940,thorax,0.0411,1482.00,-3.574,5.700,0.000,9.049,9.049,12.622
0,198,0.5940,left_thigh,0.0253,2052.00,-0.058,5.700,0.001,-79.497,-79.497,-79.439
0,198,0.5940,left_foot,0.0484,1710.00,6.806,9.500,-0.024,-21.649,-19.535,-25.369
0,199,0.5970,abdomen,0.0776,1482.00,-7.229,5.700,-0.026,6.031,6.004,13.234
0,199,0.5970,thorax,0.0420,1482.00,-3.670,5.700,0.000,9.042,9.016,12.685
0,199,0.5970,left_thigh,0.0261,2052.00,0.316,5.700,0.001,-79.560,-79.507,-79.824
0,199,0.5970,left_foot,0.0518,1710.00,7.343,9.500,-0.027,-21.669,-18.125,-25.469
0,200,0.6000,abdomen,0.0793,1482.00,-7.307,5.700,-0.024,6.026,6.026,13.333
0,200,0.6000,thorax,0.0426,1482.00,-3.713,5.700,0.000,9.036,9.036,12.749
0,200,0.6000,left_thigh,0.0266,2052.00,0.561,5.700,0.001,-79.624,-79.624,-80.185
0,200,0.6000,left_foot,0.0488,1710.00,6.923,9.500,-0.001,-21.689,-18.640,-25.564
0,201,0.6030,abdomen,0.0805,1482.00,-7.472,5.700,-0.027,6.022,5.958,13.430
0,201,0.6030,thorax,0.0439,1482.00,-3.848,5.700,0.000,9.029,8.965,12.812
0,201,0.6030,left_thigh,0.0285,2052.00,0.976,5.700,0.001,-79.682,-79.554,-80.530
0,201,0.6030,left_foot,0.0482,1710.00,6.874,9.500,0.023,-21.707,-18.780,-25.655
0,202,0.6060,abdomen,0.0821,1482.00,-7.588,5.700,-0.028,6.017,5.945,13.533
0,202,0.6060,thorax,0.0445,1482.00,-3.926,5.700,0.000,9.022,8.949,12.875
0,202,0.6060,left_thigh,0.0285,2052.00,1.251,5.700,0.001,-79.740,-79.596,-80.847
0,202,0.6060,left_foot,0.0481,1710.00,6.889,9.500,0.055,-21.724,-18.854,-25.744
0,203,0.6090,abdomen,0.0832,1482.00,-7.708,5.700,-0.029,6.012,5.927,13.636
0,203,0.6090,thorax,0.0452,1482.00,-4.008,5.700,0.000,9.014,8.929,12.937
0,203,0.6090,left_thigh,0.0290,2052.00,1.516,5.700,0.001,-79.798,-79.628,-81.145
0,203,0.6090,left_foot,0.0466,1710.00,6.735,9.500,0.095,-21.742,-19.092,-25.827
0,204,0.6120,abdomen,0.0840,1482.00,-7.830,5.700,-0.031,6.008,5.907,13.737
0,204,0.6120,thorax,0.0457,1482.00,-4.091,5.700,0.000,9.008,8.907,12.997
0,204,0.6120,left_thigh,0.0281,2052.00,1.757,5.700,0.001,-79.867,-79.664,-81.422
0,204,0.6120,left_foot,0.0449,1710.00,6.538,9.500,0.128,-21.760,-19.367,-25.906
0,205,0.6150,abdomen,0.0853,1482.00,-7.955,5.700,-0.032,6.004,5.884,13.839
0,205,0.6150,thorax,0.0464,1482.00,-4.174,5.700,0.000,9.002,8.882,13.056
0,205,0.6150,left_thigh,0.0275,2052.00,1.968,5.700,0.001,-79.941,-79.701,-81.669
0,205,0.6150,left_foot,0.0424,1710.00,6.212,9.500,0.157,-21.779,-19.768,-25.981
0,206,0.6180,abdomen,0.0857,1482.00,-8.076,5.700,-0.033,6.000,5.859,13.935
0,206,0.6180,thorax,0.0468,1482.00,-4.257,5.700,0.000,8.997,8.855,13.112
0,206,0.6180,left_thigh,0.0275,2052.00,2.165,5.700,0.000,-80.015,-79.732,-81.898
0,206,0.6180,left_foot,0.0388,1710.00,5.658,9.500,0.184,-21.797,-20.398,-26.056
0,207,0.6210,abdomen,0.0856,1482.00,-8.192,5.700,-0.034,5.997,5.830,14.022
0,207,0.6210,thorax,0.0467,1482.00,-4.337,5.700,0.000,8.992,8.825,13.162
0,207,0.6210,left_thigh,0.0246,2052.00,2.339,5.700,0.000,-80.102,-79.768,-82.107
0,207,0.6210,left_foot,0.0344,1710.00,5.035,9.500,0.221,-21.818,-21.098,-26.134
0,208,0.6240,abdomen,0.0869,1482.00,-8.313,5.700,-0.036,5.995,5.797,14.111
0,208,0.6240,thorax,0.0471,1482.00,-4.417,5.700,0.000,8.989,8.791,13.208
0,208,0.6240,left_thigh,0.0224,2052.00,2.457,5.700,0.000,-80.213,-79.817,-82.274
0,208,0.6240,left_foot,0.0424,1710.00,6.258,9.500,0.277,-21.842,-18.830,-26.211
0,209,0.6270,abdomen,0.0881,1482.00,-8.442,5.700,-0.036,5.994,5.759,14.201
0,209,0.6270,thorax,0.0476,1482.00,-4.500,5.700,0.000,8.987,8.752,13.251
0,209,0.6270,left_thigh,0.0230,2052.00,2.582,5.700,0.000,-80.324,-79.854,-82.436
0,209,0.6270,left_foot,0.0497,1710.00,7.471,9.500,0.357,-21.865,-17.250,-26.278
0,210,0.6300,abdomen,0.0888,1482.00,-8.575,5.700,-0.038,5.992,5.715,14.290
0,210,0.6300,thorax,0.0477,1482.00,-4.586,5.700,0.000,8.984,8.708,13.293
0,210,0.6300,left_thigh,0.0193,2052.00,2.712,5.700,0.000,-80.436,-79.882,-82.595
0,210,0.6300,left_foot,0.0529,1710.00,8.239,9.500,0.373,-21.889,-18.085,-26.325
0,211,0.6330,abdomen,0.0911,1482.00,-8.707,5.700,-0.039,5.994,5.682,14.390
0,211,0.6330,thorax,0.0487,1482.00,-4.663,5.700,0.000,8.987,8.675,13.338
0,211,0.6330,left_thigh,0.0160,2052.00,2.727,5.700,0.000,-80.605,-79.981,-82.709
0,211,0.6330,left_foot,0.0537,1710.00,8.530,9.500,0.303,-21.923,-17.824,-26.355
0,212,0.6360,abdomen,0.0903,1482.00,-8.807,5.700,-0.036,5.996,5.661,14.469
0,212,0.6360,thorax,0.0487,1482.00,-4.721,5.700,0.000,8.990,8.655,13.377
0,212,0.6360,left_thigh,0.0149,2052.00,2.707,5.700,0.000,-80.774,-80.106,-82.814
0,212,0.6360,left_foot,0.0466,1710.00,7.419,9.500,0.176,-21.956,-20.149,-26.390
0,213,0.6390,abdomen,0.0879,1482.00,-8.868,5.700,-0.033,5.997,5.648,14.517
0,213,0.6390,thorax,0.0478,1482.00,-4.761,5.700,0.000,8.992,8.643,13.404
0,213,0.6390,left_thigh,0.0134,2052.00,2.658,5.700,0.000,-80.944,-80.245,-82.904
0,213,0.6390,left_foot,0.0551,1710.00,8.549,9.500,0.080,-21.989,-17.890,-26.440
0,214,0.6420,abdomen,0.0870,1482.00,-8.915,5.700,-0.028,6.001,5.638,14.553
0,214,0.6420,thorax,0.0467,1482.00,-4.786,5.700,0.000,8.997,8.634,13.421
0,214,0.6420,left_thigh,0.0093,2052.00,2.575,5.700,0.000,-81.145,-80.419,-82.994
0,214,0.6420,left_foot,0.0621,1710.00,9.742,9.500,0.079,-22.027,-15.637,-26.487
0,215,0.6450,abdomen,0.0883,1482.00,-8.972,5.700,-0.030,6.005,5.625,14.597
0,215,0.6450,thorax,0.0468,1482.00,-4.813,5.700,0.000,9.004,8.624,13.437
0,215,0.6450,left_thigh,0.0068,2052.00,2.460,5.700,0.000,-81.362,-80.601,-83.062
0,215,0.6450,left_foot,0.0686,1710.00,10.913,9.500,0.069,-22.068,-13.386,-26.513
0,216,0.6480,abdomen,0.0877,1482.00,-9.013,5.700,-0.028,6.010,5.618,14.631
0,216,0.6480,thorax,0.0467,1482.00,-4.830,5.700,0.000,9.011,8.619,13.449
0,216,0.6480,left_thigh,0.0064,2052.00,2.340,5.700,0.000,-81.579,-80.796,-83.137
0,216,0.6480,left_foot,0.0757,1710.00,12.076,9.500,-0.003,-22.109,-11.135,-26.529
0,217,0.6510,abdomen,0.0866,1482.00,-9.031,5.700,-0.025,6.014,5.621,14.652
0,217,0.6510,thorax,0.0461,1482.00,-4.833,5.700,0.000,9.018,8.624,13.457
0,217,0.6510,left_thigh,0.0044,2052.00,2.202,5.700,0.000,-81.803,-81.016,-83.219
0,217,0.6510,left_foot,0.0823,1710.00,13.227,9.500,-0.107,-22.151,-8.886,-26.535
0,218,0.6540,abdomen,0.0825,1482.00,-8.645,5.700,-0.022,6.020,6.020,14.665
0,218,0.6540,thorax,0.0421,1482.00,-4.437,5.700,0.000,9.026,9.026,13.463
0,218,0.6540,left_thigh,0.0047,2052.00,1.252,5.700,0.000,-82.042,-82.042,-83.295
0,218,0.6540,left_foot,0.0892,1710.00,14.368,9.500,-0.240,-22.196,-11.222,-26.529
0,219,0.6570,abdomen,0.0793,1482.00,-8.621,5.700,-0.017,6.025,6.025,14.646
0,219,0.6570,thorax,0.0418,1482.00,-4.433,5.700,0.000,9.034,9.034,13.466
0,219,0.6570,left_thigh,0.0026,2052.00,1.139,5.700,0.000,-82.281,-82.281,-83.420
0,219,0.6570,left_foot,0.0802,1710.00,13.198,9.500,-0.376,-22.240,-13.558,-26.505
0,220,0.6600,abdomen,0.0769,1482.00,-8.574,5.700,-0.014,6.030,6.030,14.605
0,220,0.6600,thorax,0.0408,1482.00,-4.421,5.700,0.000,9.041,9.041,13.463
0,220,0.6600,left_thigh,0.0045,2052.00,1.024,5.700,0.000,-82.520,-82.520,-83.544
0,220,0.6600,left_foot,0.0732,1710.00,12.041,9.500,-0.515,-22.285,-15.894,-26.494
0,221,0.6630,abdomen,0.0754,1482.00,-8.514,5.700,-0.009,6.036,6.036,14.551
0,221,0.6630,thorax,0.0398,1482.00,-4.400,5.700,0.000,9.051,9.051,13.450
0,221,0.6630,left_thigh,0.0068,2052.00,0.871,5.700,0.000,-82.778,-82.778,-83.650
0,221,0.6630,left_foot,0.0670,1710.00,10.905,9.500,-0.573,-22.332,-18.234,-26.505
0,222,0.6660,abdomen,0.0737,1482.00,-8.444,5.700,-0.008,6.042,6.042,14.487
0,222,0.6660,thorax,0.0386,1482.00,-4.370,5.700,0.000,9.060,9.060,13.429
0,222,0.6660,left_thigh,0.0079,2052.00,0.719,5.700,0.000,-83.036,-83.036,-83.755
0,222,0.6660,left_foot,0.0608,1710.00,9.789,9.500,-0.523,-22.380,-20.573,-26.534
0,223,0.6690,abdomen,0.0725,1482.00,-8.371,5.700,-0.011,6.049,6.049,14.420
0,223,0.6690,thorax,0.0376,1482.00,-4.333,5.700,0.000,9.069,9.069,13.402
0,223,0.6690,left_thigh,0.0085,2052.00,0.571,5.700,0.000,-83.294,-83.294,-83.865
0,223,0.6690,left_foot,0.0541,1710.00,8.681,9.500,-0.401,-22.427,-22.912,-26.572
0,224,0.6720,abdomen,0.0714,1482.00,-8.298,5.700,-0.014,6.055,6.055,14.353
0,224,0.6720,thorax,0.0368,1482.00,-4.293,5.700,0.000,9.079,9.079,13.371
0,224,0.6720,left_thigh,0.0102,2052.00,0.418,5.700,0.000,-83.563,-83.563,-83.982
0,224,0.6720,left_foot,0.0471,1710.00,7.577,9.500,-0.258,-22.476,-20.670,-26.614
0,225,0.6750,abdomen,0.0726,1482.00,-8.392,5.700,-0.017,6.062,5.900,14.292
0,225,0.6750,thorax,0.0380,1482.00,-4.414,5.700,0.000,9.089,8.927,13.341
0,225,0.6750,left_thigh,0.0090,2052.00,0.582,5.700,0.000,-83.837,-83.514,-84.096
0,225,0.6750,left_foot,0.0517,1710.00,8.230,9.500,-0.125,-22.526,-18.428,-26.658
0,226,0.6780,abdomen,0.0739,1482.00,-8.353,5.700,-0.019,6.068,5.897,14.250
0,226,0.6780,thorax,0.0378,1482.00,-4.384,5.700,0.000,9.099,8.927,13.311
0,226,0.6780,left_thigh,0.0099,2052.00,0.442,5.700,0.000,-84.112,-83.768,-84.211
0,226,0.6780,left_foot,0.0594,1710.00,9.419,9.500,-0.009,-22.576,-16.186,-26.701
0,227,0.6810,abdomen,0.0726,1482.00,-8.143,5.700,-0.022,6.075,6.076,14.219
0,227,0.6810,thorax,0.0363,1482.00,-4.177,5.700,0.000,9.109,9.109,13.286
0,227,0.6810,left_thigh,0.0132,2052.00,-0.047,5.700,0.000,-84.391,-84.391,-84.344
0,227,0.6810,left_foot,0.0660,1710.00,10.590,9.500,0.054,-22.627,-13.945,-26.726
0,228,0.6840,abdomen,0.0723,1482.00,-8.105,5.700,-0.022,6.083,6.083,14.188
0,228,0.6840,thorax,0.0368,1482.00,-4.148,5.700,0.000,9.120,9.120,13.269
0,228,0.6840,left_thigh,0.0121,2052.00,-0.175,5.700,0.000,-84.679,-84.679,-84.505
0,228,0.6840,left_foot,0.0636,1710.00,10.440,9.500,0.013,-22.679,-16.289,-26.729
0,229,0.6870,abdomen,0.0712,1482.00,-8.058,5.700,-0.020,6.090,6.090,14.148
0,229,0.6870,thorax,0.0366,1482.00,-4.122,5.700,0.000,9.131,9.131,13.253
0,229,0.6870,left_thigh,0.0126,2052.00,-0.294,5.700,0.000,-84.968,-84.968,-84.674
0,229,0.6870,left_foot,0.0565,1710.00,9.303,9.500,-0.124,-22.731,-18.633,-26.739
0,230,0.6900,abdomen,0.0692,1482.00,-7.993,5.700,-0.016,6.097,6.097,14.091
0,230,0.6900,thorax,0.0358,1482.00,-4.091,5.700,0.000,9.142,9.142,13.233
0,230,0.6900,left_thigh,0.0146,2052.00,-0.417,5.700,0.000,-85.256,-85.256,-84.840
0,230,0.6900,left_foot,0.0507,1710.00,8.191,9.500,-0.236,-22.783,-20.977,-26.772
0,231,0.6930,abdomen,0.0680,1482.00,-7.922,5.700,-0.013,6.105,6.105,14.027
0,231,0.6930,thorax,0.0349,1482.00,-4.054,5.700,0.000,9.154,9.154,13.207
0,231,0.6930,left_thigh,0.0163,2052.00,-0.558,5.700,0.000,-85.556,-85.556,-84.998
0,231,0.6930,left_foot,0.0515,1710.00,8.091,9.500,-0.266,-22.837,-18.739,-26.830
0,232,0.6960,abdomen,0.0676,1482.00,-7.853,5.700,-0.013,6.113,6.113,13.966
0,232,0.6960,thorax,0.0342,1482.00,-4.013,5.700,0.000,9.165,9.165,13.179
0,232,0.6960,left_thigh,0.0166,2052.00,-0.691,5.700,0.000,-85.855,-85.855,-85.165
0,232,0.6960,left_foot,0.0572,1710.00,8.867,9.500,-0.219,-22.891,-18.029,-26.896
0,233,0.6990,abdomen,0.0682,1482.00,-7.796,5.700,-0.015,6.121,6.121,13.917
0,233,0.6990,thorax,0.0341,1482.00,-3.975,5.700,0.000,9.177,9.177,13.152
0,233,0.6990,left_thigh,0.0161,2052.00,-0.807,5.700,0.000,-86.155,-86.155,-85.349
0,233,0.6990,left_foot,0.0494,1710.00,7.777,9.500,-0.151,-22.945,-20.374,-26.952
0,234,0.7020,abdomen,0.0673,1482.00,-7.738,5.700,-0.018,6.129,6.129,13.867
0,234,0.7020,thorax,0.0339,1482.00,-3.939,5.700,0.000,9.189,9.189,13.128
0,234,0.7020,left_thigh,0.0172,2052.00,-0.922,5.700,0.000,-86.460,-86.460,-85.539
0,234,0.7020,left_foot,0.0569,1710.00,8.874,9.500,-0.127,-22.999,-18.137,-27.012
0,235,0.7050,abdomen,0.0683,1482.00,-7.694,5.700,-0.016,6.137,6.137,13.831
0,235,0.7050,thorax,0.0340,1482.00,-3.907,5.700,0.000,9.201,9.201,13.108
0,235,0.7050,left_thigh,0.0172,2052.00,-1.030,5.700,0.000,-86.769,-86.769,-85.739
0,235,0.7050,left_foot,0.0492,1710.00,7.781,9.500,-0.106,-23.054,-20.484,-27.064
0,236,0.7080,abdomen,0.0673,1482.00,-7.645,5.700,-0.018,6.145,6.145,13.790
0,236,0.7080,thorax,0.0339,1482.00,-3.876,5.700,0.000,9.213,9.213,13.089
0,236,0.7080,left_thigh,0.0177,2052.00,-1.133,5.700,0.000,-87.077,-87.077,-85.944
0,236,0.7080,left_foot,0.0570,1710.00,8.878,9.500,-0.123,-23.109,-18.247,-27.125
0,237,0.7110,abdomen,0.0679,1482.00,-7.605,5.700,-0.015,6.153,6.153,13.758
0,237,0.7110,thorax,0.0339,1482.00,-3.848,5.700,0.000,9.225,9.225,13.073
0,237,0.7110,left_thigh,0.0178,2052.00,-1.226,5.700,0.000,-87.388,-87.388,-86.162
0,237,0.7110,left_foot,0.0494,1710.00,7.788,9.500,-0.123,-23.164,-20.594,-27.182
0,238,0.7140,abdomen,0.0672,1482.00,-7.562,5.700,-0.018,6.161,6.161,13.723
0,238,0.7140,thorax,0.0337,1482.00,-3.820,5.700,0.000,9.237,9.237,13.058
0,238,0.7140,left_thigh,0.0186,2052.00,-1.322,5.700,0.000,-87.702,-87.702,-86.380
0,238,0.7140,left_foot,0.0485,1710.00,7.569,9.500,-0.146,-23.220,-19.676,-27.246
0,239,0.7170,abdomen,0.0669,1482.00,-7.518,5.700,-0.015,6.169,6.169,13.688
0,239,0.7170,thorax,0.0335,1482.00,-3.793,5.700,0.000,9.250,9.250,13.043
0,239,0.7170,left_thigh,0.0189,2052.00,-1.413,5.700,0.000,-88.016,-88.016,-86.604
0,239,0.7170,left_foot,0.0535,1710.00,8.233,9.500,-0.147,-23.276,-19.085,-27.319
0,240,0.7200,abdomen,0.0674,1482.00,-7.485,5.700,-0.016,6.177,6.177,13.662
0,240,0.7200,thorax,0.0335,1482.00,-3.768,5.700,0.000,9.262,9.262,13.030
0,240,0.7200,left_thigh,0.0188,2052.00,-1.492,5.700,0.000,-88.331,-88.331,-86.839
0,240,0.7200,left_foot,0.0460,1710.00,7.155,9.500,-0.124,-23.332,-21.433,-27.387
0,241,0.7230,abdomen,0.0668,1482.00,-7.448,5.700,-0.018,6.186,6.186,13.634
0,241,0.7230,thorax,0.0334,1482.00,-3.745,5.700,0.000,9.274,9.274,13.019
0,241,0.7230,left_thigh,0.0194,2052.00,-1.573,5.700,0.000,-88.649,-88.649,-87.076
0,241,0.7230,left_foot,0.0538,1710.00,8.265,9.500,-0.123,-23.388,-19.197,-27.462
0,242,0.7260,abdomen,0.0677,1482.00,-7.424,5.700,-0.016,6.194,6.194,13.618
0,242,0.7260,thorax,0.0335,1482.00,-3.724,5.700,0.000,9.287,9.287,13.011
0,242,0.7260,left_thigh,0.0189,2052.00,-1.642,5.700,0.000,-88.966,-88.966,-87.325
0,242,0.7260,left_foot,0.0462,1710.00,7.187,9.500,-0.104,-23.444,-21.545,-27.531
0,243,0.7290,abdomen,0.0671,1482.00,-7.395,5.700,-0.018,6.202,6.202,13.598
0,243,0.7290,thorax,0.0335,1482.00,-3.705,5.700,0.000,9.299,9.299,13.005
0,243,0.7290,left_thigh,0.0192,2052.00,-1.707,5.700,0.000,-89.284,-89.284,-87.577
0,243,0.7290,left_foot,0.0540,1710.00,8.296,9.500,-0.113,-23.500,-19.309,-27.605
0,244,0.7320,abdomen,0.0680,1482.00,-7.378,5.700,-0.016,6.211,6.211,13.588
0,244,0.7320,thorax,0.0337,1482.00,-3.690,5.700,0.000,9.312,9.312,13.001
0,244,0.7320,left_thigh,0.0188,2052.00,-1.762,5.700,0.000,-89.603,-89.603,-87.841
0,244,0.7320,left_foot,0.0464,1710.00,7.218,9.500,-0.105,-23.556,-21.657,-27.674
0,245,0.7350,abdomen,0.0674,1482.00,-7.356,5.700,-0.018,6.219,6.219,13.575
0,245,0.7350,thorax,0.0337,1482.00,-3.676,5.700,0.000,9.324,9.324,13.000
0,245,0.7350,left_thigh,0.0191,2052.00,-1.816,5.700,0.000,-89.921,-89.921,-88.105
0,245,0.7350,left_foot,0.0472,1710.00,7.272,9.500,-0.121,-23.612,-20.476,-27.748
0,246,0.7380,abdomen,0.0676,1482.00,-7.337,5.700,-0.016,6.227,6.227,13.564
0,246,0.7380,thorax,0.0336,1482.00,-3.662,5.700,0.000,9.336,9.336,12.998
0,246,0.7380,left_thigh,0.0192,2052.00,-1.866,5.700,0.000,-90.240,-90.240,-88.374
0,246,0.7380,left_foot,0.0447,1710.00,6.852,9.500,-0.115,-23.667,-20.975,-27.827
0,247,0.7410,abdomen,0.0675,1482.00,-7.320,5.700,-0.018,6.235,6.235,13.555
0,247,0.7410,thorax,0.0336,1482.00,-3.650,5.700,0.000,9.348,9.348,12.998
0,247,0.7410,left_thigh,0.0190,2052.00,-1.910,5.700,0.000,-90.558,-90.558,-88.648
0,247,0.7410,left_foot,0.0531,1710.00,8.081,9.500,-0.096,-23.723,-18.844,-27.910
0,248,0.7440,abdomen,0.0687,1482.00,-7.316,5.700,-0.017,6.243,6.243,13.559
0,248,0.7440,thorax,0.0340,1482.00,-3.642,5.700,0.000,9.360,9.360,13.002
0,248,0.7440,left_thigh,0.0182,2052.00,-1.940,5.700,0.000,-90.875,-90.875,-88.935
0,248,0.7440,left_foot,0.0452,1710.00,7.005,9.500,-0.067,-23.778,-21.191,-27.980
0,249,0.7470,abdomen,0.0682,1482.00,-7.308,5.700,-0.020,6.251,6.251,13.560
0,249,0.7470,thorax,0.0341,1482.00,-3.636,5.700,0.000,9.373,9.373,13.008
0,249,0.7470,left_thigh,0.0184,2052.00,-1.970,5.700,0.001,-91.192,-91.192,-89.222
0,249,0.7470,left_foot,0.0516,1710.00,7.934,9.500,-0.085,-23.834,-20.120,-28.055
0,250,0.7500,abdomen,0.0692,1482.00,-7.309,5.700,-0.017,6.259,6.259,13.569
0,250,0.7500,thorax,0.0344,1482.00,-3.632,5.700,0.000,9.385,9.385,13.017
0,250,0.7500,left_thigh,0.0177,2052.00,-1.992,5.700,0.001,-91.508,-91.508,-89.517
0,250,0.7500,left_foot,0.0443,1710.00,6.859,9.500,-0.086,-23.889,-22.468,-28.125
0,251,0.7530,abdomen,0.0685,1482.00,-7.304,5.700,-0.019,6.267,6.267,13.571
0,251,0.7530,thorax,0.0344,1482.00,-3.629,5.700,0.000,9.396,9.396,13.026
0,251,0.7530,left_thigh,0.0177,2052.00,-2.008,5.700,0.001,-91.821,-91.821,-89.813
0,251,0.7530,left_foot,0.0506,1710.00,7.739,9.500,-0.102,-23.943,-20.464,-28.203
0,252,0.7560,abdomen,0.0695,1482.00,-7.307,5.700,-0.017,6.275,6.275,13.582
0,252,0.7560,thorax,0.0346,1482.00,-3.629,5.700,0.000,9.408,9.408,13.037
0,252,0.7560,left_thigh,0.0172,2052.00,-2.017,5.700,0.001,-92.133,-92.133,-90.116
0,252,0.7560,left_foot,0.0432,1710.00,6.666,9.500,-0.089,-23.998,-22.810,-28.277
0,253,0.7590,abdomen,0.0691,1482.00,-7.307,5.700,-0.019,6.283,6.283,13.590
0,253,0.7590,thorax,0.0346,1482.00,-3.629,5.700,0.000,9.420,9.420,13.048
0,253,0.7590,left_thigh,0.0175,2052.00,-2.028,5.700,0.001,-92.446,-92.446,-90.418
0,253,0.7590,left_foot,0.0510,1710.00,7.783,9.500,-0.092,-24.052,-20.573,-28.356
0,254,0.7620,abdomen,0.0704,1482.00,-7.319,5.700,-0.017,6.290,6.290,13.609
0,254,0.7620,thorax,0.0350,1482.00,-3.632,5.700,0.000,9.431,9.431,13.063
0,254,0.7620,left_thigh,0.0163,2052.00,-2.026,5.700,0.001,-92.753,-92.753,-90.727
0,254,0.7620,left_foot,0.0434,1710.00,6.709,9.500,-0.068,-24.105,-22.918,-28.428
0,255,0.7650,abdomen,0.0698,1482.00,-7.325,5.700,-0.020,6.297,6.297,13.622
0,255,0.7650,thorax,0.0351,1482.00,-3.636,5.700,0.000,9.442,9.442,13.077
0,255,0.7650,left_thigh,0.0161,2052.00,-2.020,5.700,0.001,-93.059,-93.059,-91.039
0,255,0.7650,left_foot,0.0512,1710.00,7.825,9.500,-0.074,-24.158,-20.679,-28.505
0,256,0.7680,abdomen,0.0710,1482.00,-7.341,5.700,-0.017,6.305,6.305,13.646
0,256,0.7680,thorax,0.0355,1482.00,-3.642,5.700,0.000,9.453,9.453,13.095
0,256,0.7680,left_thigh,0.0155,2052.00,-2.007,5.700,0.001,-93.364,-93.364,-91.357
0,256,0.7680,left_foot,0.0435,1710.00,6.748,9.500,-0.058,-24.211,-23.024,-28.573
0,257,0.7710,abdomen,0.0707,1482.00,-7.353,5.700,-0.020,6.312,6.312,13.665
0,257,0.7710,thorax,0.0357,1482.00,-3.650,5.700,0.000,9.463,9.464,13.114
0,257,0.7710,left_thigh,0.0149,2052.00,-1.994,5.700,0.001,-93.666,-93.666,-91.673
0,257,0.7710,left_foot,0.0514,1710.00,7.863,9.500,-0.072,-24.263,-20.784,-28.647
0,258,0.7740,abdomen,0.0716,1482.00,-7.373,5.700,-0.018,6.319,6.319,13.691
0,258,0.7740,thorax,0.0360,1482.00,-3.660,5.700,0.000,9.474,9.474,13.134
0,258,0.7740,left_thigh,0.0138,2052.00,-1.963,5.700,0.001,-93.962,-93.962,-91.999
0,258,0.7740,left_foot,0.0438,1710.00,6.784,9.500,-0.060,-24.314,-23.127,-28.715
0,259,0.7770,abdomen,0.0712,1482.00,-7.387,5.700,-0.020,6.326,6.326,13.713
0,259,0.7770,thorax,0.0361,1482.00,-3.670,5.700,0.000,9.484,9.484,13.154
0,259,0.7770,left_thigh,0.0139,2052.00,-1.936,5.700,0.001,-94.258,-94.258,-92.322
0,259,0.7770,left_foot,0.0499,1710.00,7.662,9.500,-0.073,-24.365,-21.125,-28.787
0,260,0.7800,abdomen,0.0725,1482.00,-7.410,5.700,-0.018,6.332,6.332,13.743
0,260,0.7800,thorax,0.0365,1482.00,-3.682,5.700,0.000,9.494,9.494,13.177
0,260,0.7800,left_thigh,0.0125,2052.00,-1.906,5.700,0.001,-94.553,-94.553,-92.647
0,260,0.7800,left_foot,0.0426,1710.00,6.584,9.500,-0.061,-24.416,-23.468,-28.855
0,261,0.7830,abdomen,0.0717,1482.00,-7.425,5.700,-0.020,6.339,6.339,13.764
0,261,0.7830,thorax,0.0365,1482.00,-3.694,5.700,0.000,9.503,9.503,13.198
0,261,0.7830,left_thigh,0.0120,2052.00,-1.862,5.700,0.001,-94.837,-94.837,-92.976
0,261,0.7830,left_foot,0.0505,1710.00,7.706,9.500,-0.066,-24.464,-21.224,-28.930
0,262,0.7860,abdomen,0.0731,1482.00,-7.452,5.700,-0.018,6.345,6.345,13.797
0,262,0.7860,thorax,0.0369,1482.00,-3.709,5.700,0.000,9.513,9.513,13.221
0,262,0.7860,left_thigh,0.0113,2052.00,-1.813,5.700,0.001,-95.120,-95.120,-93.308
0,262,0.7860,left_foot,0.0427,1710.00,6.625,9.500,-0.039,-24.513,-23.565,-28.996
0,263,0.7890,abdomen,0.0728,1482.00,-7.474,5.700,-0.021,6.351,6.351,13.825
0,263,0.7890,thorax,0.0370,1482.00,-3.723,5.700,0.000,9.522,9.522,13.245
0,263,0.7890,left_thigh,0.0114,2052.00,-1.769,5.700,0.001,-95.404,-95.404,-93.635
0,263,0.7890,left_foot,0.0505,1710.00,7.745,9.500,-0.048,-24.561,-21.321,-29.067
0,264,0.7920,abdomen,0.0743,1482.00,-7.507,5.700,-0.019,6.357,6.357,13.864
0,264,0.7920,thorax,0.0376,1482.00,-3.742,5.700,0.000,9.530,9.530,13.272
0,264,0.7920,left_thigh,0.0096,2052.00,-1.713,5.700,0.001,-95.677,-95.677,-93.965
0,264,0.7920,left_foot,0.0429,1710.00,6.662,9.500,-0.030,-24.608,-23.660,-29.130
0,265,0.7950,abdomen,0.0734,1482.00,-7.530,5.700,-0.021,6.362,6.362,13.892
0,265,0.7950,thorax,0.0376,1482.00,-3.759,5.700,0.000,9.538,9.538,13.297
0,265,0.7950,left_thigh,0.0090,2052.00,-1.649,5.700,0.001,-95.946,-95.946,-94.298
0,265,0.7950,left_foot,0.0508,1710.00,7.785,9.500,-0.043,-24.654,-21.414,-29.199
0,266,0.7980,abdomen,0.0748,1482.00,-7.564,5.700,-0.019,6.367,6.367,13.931
0,266,0.7980,thorax,0.0380,1482.00,-3.778,5.700,0.000,9.546,9.546,13.324
0,266,0.7980,left_thigh,0.0083,2052.00,-1.582,5.700,0.001,-96.214,-96.214,-94.632
0,266,0.7980,left_foot,0.0430,1710.00,6.699,9.500,-0.025,-24.699,-23.751,-29.260
0,267,0.8010,abdomen,0.0746,1482.00,-7.592,5.700,-0.022,6.372,6.372,13.965
0,267,0.8010,thorax,0.0383,1482.00,-3.798,5.700,0.000,9.554,9.554,13.352
0,267,0.8010,left_thigh,0.0071,2052.00,-1.518,5.700,0.001,-96.477,-96.477,-94.960
0,267,0.8010,left_foot,0.0511,1710.00,7.822,9.500,-0.042,-24.744,-21.504,-29.326
0,268,0.8040,abdomen,0.0753,1482.00,-7.625,5.700,-0.019,6.377,6.377,14.002
0,268,0.8040,thorax,0.0386,1482.00,-3.819,5.700,0.000,9.561,9.561,13.379
0,268,0.8040,left_thigh,0.0056,2052.00,-1.430,5.700,0.001,-96.728,-96.728,-95.299
0,268,0.8040,left_foot,0.0434,1710.00,6.736,9.500,-0.027,-24.786,-23.838,-29.386
0,269,0.8070,abdomen,0.0750,1482.00,-7.653,5.700,-0.022,6.381,6.381,14.034
0,269,0.8070,thorax,0.0387,1482.00,-3.839,5.700,0.000,9.568,9.567,13.407
0,269,0.8070,left_thigh,0.0057,2052.00,-1.350,5.700,0.001,-96.979,-96.979,-95.630
0,269,0.8070,left_foot,0.0512,1710.00,7.861,9.500,-0.039,-24.829,-21.589,-29.451
0,270,0.8100,abdomen,0.0766,1482.00,-7.691,5.700,-0.019,6.386,6.386,14.077
0,270,0.8100,thorax,0.0393,1482.00,-3.862,5.700,0.000,9.574,9.574,13.436
0,270,0.8100,left_thigh,0.0038,2052.00,-1.270,5.700,0.001,-97.230,-97.230,-95.961
0,270,0.8100,left_foot,0.0437,1710.00,6.772,9.500,-0.024,-24.871,-23.923,-29.507
0,271,0.8130,abdomen,0.0755,1482.00,-7.718,5.700,-0.022,6.389,6.389,14.107
0,271,0.8130,thorax,0.0393,1482.00,-3.884,5.700,0.000,9.579,9.579,13.463
0,271,0.8130,left_thigh,0.0030,2052.00,-1.166,5.700,0.001,-97.461,-97.461,-96.295
0,271,0.8130,left_foot,0.0517,1710.00,7.902,9.500,-0.038,-24.910,-21.670,-29.572
0,272,0.8160,abdomen,0.0770,1482.00,-7.755,5.700,-0.019,6.393,6.393,14.148
0,272,0.8160,thorax,0.0397,1482.00,-3.907,5.700,0.000,9.585,9.585,13.492
0,272,0.8160,left_thigh,0.0026,2052.00,-1.063,5.700,0.001,-97.692,-97.692,-96.629
0,272,0.8160,left_foot,0.0438,1710.00,6.810,9.500,-0.018,-24.948,-23.802,-29.627
0,273,0.8190,abdomen,0.0768,1482.00,-7.788,5.700,-0.022,6.396,6.396,14.184
0,273,0.8190,thorax,0.0399,1482.00,-3.931,5.700,0.000,9.590,9.590,13.520
0,273,0.8190,left_thigh,0.0026,2052.00,-0.971,5.700,0.001,-97.923,-97.923,-96.953
0,273,0.8190,left_foot,0.0523,1710.00,8.018,9.500,-0.034,-24.987,-21.548,-29.688
0,274,0.8220,abdomen,0.0785,1482.00,-7.832,5.700,-0.019,6.399,6.399,14.232
0,274,0.8220,thorax,0.0405,1482.00,-3.957,5.700,0.000,9.594,9.594,13.551
0,274,0.8220,left_thigh,0.0024,2052.00,-0.872,5.700,0.001,-98.147,-98.147,-97.276
0,274,0.8220,left_foot,0.0445,1710.00,6.924,9.500,-0.017,-25.024,-23.394,-29.740
0,275,0.8250,abdomen,0.0778,1482.00,-7.867,5.700,-0.023,6.402,6.402,14.269
0,275,0.8250,thorax,0.0406,1482.00,-3.983,5.700,0.000,9.598,9.598,13.581
0,275,0.8250,left_thigh,0.0024,2052.00,-0.774,5.700,0.001,-98.368,-98.368,-97.595
0,275,0.8250,left_foot,0.0529,1710.00,8.130,9.500,-0.033,-25.061,-21.139,-29.799
0,276,0.8280,abdomen,0.0793,1482.00,-7.913,5.700,-0.020,6.404,6.404,14.318
0,276,0.8280,thorax,0.0411,1482.00,-4.011,5.700,0.000,9.602,9.602,13.613
0,276,0.8280,left_thigh,0.0027,2052.00,-0.676,5.700,0.001,-98.589,-98.589,-97.913
0,276,0.8280,left_foot,0.0449,1710.00,7.033,9.500,-0.016,-25.097,-23.293,-29.847
0,277,0.8310,abdomen,0.0790,1482.00,-7.952,5.700,-0.023,6.407,6.407,14.359
0,277,0.8310,thorax,0.0413,1482.00,-4.038,5.700,0.000,9.606,9.606,13.644
0,277,0.8310,left_thigh,0.0025,2052.00,-0.590,5.700,0.001,-98.811,-98.811,-98.221
0,277,0.8310,left_foot,0.0534,1710.00,8.233,9.500,-0.035,-25.134,-21.037,-29.902
0,278,0.8340,abdomen,0.0806,1482.00,-8.002,5.700,-0.020,6.409,6.409,14.411
0,278,0.8340,thorax,0.0419,1482.00,-4.068,5.700,0.000,9.609,9.609,13.677
0,278,0.8340,left_thigh,0.0029,2052.00,-0.507,5.700,0.001,-99.034,-99.034,-98.527
0,278,0.8340,left_foot,0.0454,1710.00,7.132,9.500,-0.021,-25.170,-23.100,-29.948
0,279,0.8370,abdomen,0.0801,1482.00,-8.043,5.700,-0.023,6.411,6.411,14.454
0,279,0.8370,thorax,0.0420,1482.00,-4.097,5.700,0.000,9.612,9.612,13.709
0,279,0.8370,left_thigh,0.0027,2052.00,-0.434,5.700,0.001,-99.257,-99.257,-98.823
0,279,0.8370,left_foot,0.0537,1710.00,8.330,9.500,-0.038,-25.206,-20.844,-29.999
0,280,0.8400,abdomen,0.0815,1482.00,-8.093,5.700,-0.020,6.413,6.413,14.506
0,280,0.8400,thorax,0.0425,1482.00,-4.127,5.700,0.000,9.615,9.615,13.742
0,280,0.8400,left_thigh,0.0030,2052.00,-0.360,5.700,0.001,-99.479,-99.479,-99.119
0,280,0.8400,left_foot,0.0457,1710.00,7.226,9.500,-0.022,-25.242,-23.060,-30.042
0,281,0.8430,abdomen,0.0810,1482.00,-8.135,5.700,-0.023,6.414,6.414,14.550
0,281,0.8430,thorax,0.0426,1482.00,-4.157,5.700,0.000,9.617,9.617,13.774
0,281,0.8430,left_thigh,0.0027,2052.00,-0.299,5.700,0.001,-99.703,-99.703,-99.405
0,281,0.8430,left_foot,0.0541,1710.00,8.420,9.500,-0.038,-25.278,-20.804,-30.090
0,282,0.8460,abdomen,0.0823,1482.00,-8.185,5.700,-0.020,6.416,6.416,14.601
0,282,0.8460,thorax,0.0430,1482.00,-4.187,5.700,0.000,9.619,9.619,13.806
0,282,0.8460,left_thigh,0.0031,2052.00,-0.237,5.700,0.001,-99.927,-99.927,-99.690
0,282,0.8460,left_foot,0.0460,1710.00,7.313,9.500,-0.022,-25.314,-22.962,-30.128
0,283,0.8490,abdomen,0.0817,1482.00,-8.225,5.700,-0.023,6.417,6.417,14.642
0,283,0.8490,thorax,0.0431,1482.00,-4.216,5.700,0.000,9.621,9.621,13.837
0,283,0.8490,left_thigh,0.0029,2052.00,-0.185,5.700,0.001,-100.151,-100.151,-99.967
0,283,0.8490,left_foot,0.0544,1710.00,8.503,9.500,-0.039,-25.350,-20.706,-30.173
0,284,0.8520,abdomen,0.0829,1482.00,-8.272,5.700,-0.020,6.418,6.418,14.691
0,284,0.8520,thorax,0.0434,1482.00,-4.245,5.700,0.000,9.623,9.623,13.868
0,284,0.8520,left_thigh,0.0032,2052.00,-0.132,5.700,0.001,-100.376,-100.376,-100.245
0,284,0.8520,left_foot,0.0463,1710.00,7.393,9.500,-0.023,-25.386,-22.870,-30.207
0,285,0.8550,abdomen,0.0822,1482.00,-8.309,5.700,-0.023,6.419,6.419,14.729
0,285,0.8550,thorax,0.0435,1482.00,-4.272,5.700,0.000,9.624,9.624,13.896
0,285,0.8550,left_thigh,0.0029,2052.00,-0.089,5.700,0.001,-100.601,-100.601,-100.513
0,285,0.8550,left_foot,0.0546,1710.00,8.580,9.500,-0.040,-25.421,-20.614,-30.249
0,286,0.8580,abdomen,0.0833,1482.00,-8.353,5.700,-0.020,6.420,6.420,14.774
0,286,0.8580,thorax,0.0438,1482.00,-4.299,5.700,0.000,9.626,9.626,13.925
0,286,0.8580,left_thigh,0.0032,2052.00,-0.045,5.700,0.001,-100.826,-100.826,-100.782
0,286,0.8580,left_foot,0.0470,1710.00,7.531,9.500,-0.024,-25.457,-22.750,-30.281
0,287,0.8610,abdomen,0.0826,1482.00,-8.386,5.700,-0.023,6.421,6.421,14.808
0,287,0.8610,thorax,0.0438,1482.00,-4.324,5.700,0.000,9.627,9.627,13.952
0,287,0.8610,left_thigh,0.0029,2052.00,-0.008,5.700,0.001,-101.051,-101.051,-101.043
0,287,0.8610,left_foot,0.0553,1710.00,8.715,9.500,-0.042,-25.492,-20.493,-30.319
0,288,0.8640,abdomen,0.0836,1482.00,-8.427,5.700,-0.020,6.422,6.422,14.849
0,288,0.8640,thorax,0.0441,1482.00,-4.350,5.700,0.000,9.628,9.628,13.978
0,288,0.8640,left_thigh,0.0032,2052.00,0.028,5.700,0.001,-101.276,-101.276,-101.305
0,288,0.8640,left_foot,0.0472,1710.00,7.597,9.500,-0.029,-25.527,-22.820,-30.347
0,289,0.8670,abdomen,0.0828,1482.00,-8.456,5.700,-0.023,6.422,6.422,14.878
0,289,0.8670,thorax,0.0440,1482.00,-4.373,5.700,0.000,9.629,9.629,14.002
0,289,0.8670,left_thigh,0.0029,2052.00,0.057,5.700,0.001,-101.502,-101.502,-101.560
0,289,0.8670,left_foot,0.0556,1710.00,8.779,9.500,-0.050,-25.563,-20.564,-30.384
0,290,0.8700,abdomen,0.0838,1482.00,-8.491,5.700,-0.020,6.423,6.423,14.914
0,290,0.8700,thorax,0.0442,1482.00,-4.396,5.700,0.000,9.630,9.630,14.025
0,290,0.8700,left_thigh,0.0032,2052.00,0.088,5.700,0.001,-101.727,-101.727,-101.816
0,290,0.8700,left_foot,0.0476,1710.00,7.659,9.500,-0.038,-25.598,-22.891,-30.411
0,291,0.8730,abdomen,0.0828,1482.00,-8.515,5.700,-0.023,6.423,6.423,14.938
0,291,0.8730,thorax,0.0441,1482.00,-4.416,5.700,0.000,9.630,9.630,14.046
0,291,0.8730,left_thigh,0.0029,2052.00,0.111,5.700,0.001,-101.953,-101.953,-102.064
0,291,0.8730,left_foot,0.0559,1710.00,8.840,9.500,-0.056,-25.633,-20.634,-30.446
0,292,0.8760,abdomen,0.0838,1482.00,-8.545,5.700,-0.019,6.423,6.423,14.968
0,292,0.8760,thorax,0.0443,1482.00,-4.436,5.700,0.000,9.630,9.630,14.066
0,292,0.8760,left_thigh,0.0032,2052.00,0.136,5.700,0.000,-102.178,-102.178,-102.315
0,292,0.8760,left_foot,0.0479,1710.00,7.720,9.500,-0.043,-25.668,-22.961,-30.471
0,293,0.8790,abdomen,0.0828,1482.00,-8.564,5.700,-0.022,6.423,6.423,14.988
0,293,0.8790,thorax,0.0442,1482.00,-4.453,5.700,0.000,9.630,9.630,14.084
0,293,0.8790,left_thigh,0.0029,2052.00,0.154,5.700,0.001,-102.404,-102.404,-102.558
0,293,0.8790,left_foot,0.0563,1710.00,8.900,9.500,-0.061,-25.702,-20.704,-30.505
0,294,0.8820,abdomen,0.0838,1482.00,-8.590,5.700,-0.019,6.423,6.423,15.014
0,294,0.8820,thorax,0.0444,1482.00,-4.470,5.700,0.000,9.630,9.630,14.101
0,294,0.8820,left_thigh,0.0032,2052.00,0.175,5.700,0.000,-102.629,-102.629,-102.804
0,294,0.8820,left_foot,0.0482,1710.00,7.778,9.500,-0.049,-25.737,-23.030,-30.530
0,295,0.8850,abdomen,0.0828,1482.00,-8.605,5.700,-0.022,6.423,6.423,15.028
0,295,0.8850,thorax,0.0442,1482.00,-4.485,5.700,0.000,9.630,9.630,14.115
0,295,0.8850,left_thigh,0.0029,2052.00,0.189,5.700,0.001,-102.854,-102.854,-103.043
0,295,0.8850,left_foot,0.0566,1710.00,8.957,9.500,-0.067,-25.772,-20.773,-30.562
0,296,0.8880,abdomen,0.0837,1482.00,-8.626,5.700,-0.019,6.423,6.423,15.050
0,296,0.8880,thorax,0.0443,1482.00,-4.499,5.700,0.000,9.630,9.630,14.129
0,296,0.8880,left_thigh,0.0032,2052.00,0.206,5.700,0.000,-103.079,-103.079,-103.285
0,296,0.8880,left_foot,0.0485,1710.00,7.834,9.500,-0.055,-25.806,-23.099,-30.586
0,297,0.8910,abdomen,0.0827,1482.00,-8.637,5.700,-0.022,6.423,6.423,15.060
0,297,0.8910,thorax,0.0442,1482.00,-4.511,5.700,0.000,9.630,9.630,14.140
0,297,0.8910,left_thigh,0.0029,2052.00,0.217,5.700,0.000,-103.304,-103.304,-103.521
0,297,0.8910,left_foot,0.0569,1710.00,9.012,9.500,-0.074,-25.840,-20.841,-30.618
0,298,0.8940,abdomen,0.0836,1482.00,-8.654,5.700,-0.018,6.422,6.422,15.077
0,298,0.8940,thorax,0.0443,1482.00,-4.523,5.700,0.000,9.629,9.629,14.152
0,298,0.8940,left_thigh,0.0032,2052.00,0.232,5.700,0.000,-103.528,-103.528,-103.760
0,298,0.8940,left_foot,0.0488,1710.00,7.889,9.500,-0.063,-25.874,-23.167,-30.641
0,299,0.8970,abdomen,0.0825,1482.00,-8.661,5.700,-0.021,6.422,6.422,15.083
0,299,0.8970,thorax,0.0441,1482.00,-4.532,5.700,0.000,9.628,9.628,14.161
0,299,0.8970,left_thigh,0.0029,2052.00,0.240,5.700,0.000,-103.752,-103.752,-103.993
0,299,0.8970,left_foot,0.0573,1710.00,9.066,9.500,-0.082,-25.909,-20.910,-30.673
0,300,0.9000,abdomen,0.0835,1482.00,-8.675,5.700,-0.018,6.422,6.422,15.097
0,300,0.9000,thorax,0.0443,1482.00,-4.542,5.700,0.000,9.628,9.628,14.170
0,300,0.9000,left_thigh,0.0032,2052.00,0.252,5.700,0.000,-103.977,-103.977,-104.229
0,300,0.9000,left_foot,0.0492,1710.00,7.943,9.500,-0.072,-25.943,-23.236,-30.695
0,301,0.9030,abdomen,0.0824,1482.00,-8.678,5.700,-0.021,6.421,6.421,15.099
0,301,0.9030,thorax,0.0441,1482.00,-4.549,5.700,0.000,9.627,9.627,14.176
0,301,0.9030,left_thigh,0.0029,2052.00,0.259,5.700,0.000,-104.200,-104.200,-104.459
0,301,0.9030,left_foot,0.0576,1710.00,9.120,9.500,-0.090,-25.976,-20.977,-30.727
0,302,0.9060,abdomen,0.0833,1482.00,-8.689,5.700,-0.018,6.420,6.420,15.110
0,302,0.9060,thorax,0.0442,1482.00,-4.557,5.700,0.000,9.626,9.626,14.183
0,302,0.9060,left_thigh,0.0032,2052.00,0.270,5.700,0.000,-104.423,-104.423,-104.694
0,302,0.9060,left_foot,0.0495,1710.00,7.995,9.500,-0.080,-26.010,-23.303,-30.748
0,303,0.9090,abdomen,0.0823,1482.00,-8.690,5.700,-0.020,6.420,6.420,15.110
0,303,0.9090,thorax,0.0440,1482.00,-4.562,5.700,0.000,9.625,9.625,14.187
0,303,0.9090,left_thigh,0.0029,2052.00,0.275,5.700,0.000,-104.646,-104.646,-104.922
0,303,0.9090,left_foot,0.0579,1710.00,9.172,9.500,-0.098,-26.044,-21.460,-30.779
0,304,0.9120,abdomen,0.0832,1482.00,-8.699,5.700,-0.017,6.419,6.419,15.118
0,304,0.9120,thorax,0.0441,1482.00,-4.568,5.700,0.000,9.624,9.624,14.192
0,304,0.9120,left_thigh,0.0032,2052.00,0.285,5.700,0.000,-104.868,-104.868,-105.154
0,304,0.9120,left_foot,0.0498,1710.00,8.047,9.500,-0.089,-26.077,-23.785,-30.800
0,305,0.9150,abdomen,0.0821,1482.00,-8.697,5.700,-0.020,6.418,6.418,15.115
0,305,0.9150,thorax,0.0439,1482.00,-4.572,5.700,0.000,9.622,9.622,14.194
0,305,0.9150,left_thigh,0.0030,2052.00,0.291,5.700,0.000,-105.089,-105.089,-105.381
0,305,0.9150,left_foot,0.0531,1710.00,8.454,9.500,-0.106,-26.111,-22.376,-30.830
0,306,0.9180,abdomen,0.0823,1482.00,-8.697,5.700,-0.018,6.417,6.417,15.115
0,306,0.9180,thorax,0.0438,1482.00,-4.574,5.700,0.000,9.621,9.621,14.195
0,306,0.9180,left_thigh,0.0030,2052.00,0.296,5.700,0.000,-105.311,-105.311,-105.607
0,306,0.9180,left_foot,0.0457,1710.00,7.339,9.500,-0.097,-26.144,-24.230,-30.860
0,307,0.9210,abdomen,0.0814,1482.00,-8.689,5.700,-0.020,6.416,6.416,15.105
0,307,0.9210,thorax,0.0435,1482.00,-4.573,5.700,0.000,9.620,9.620,14.193
0,307,0.9210,left_thigh,0.0028,2052.00,0.295,5.700,0.000,-105.532,-105.532,-105.827
0,307,0.9210,left_foot,0.0544,1710.00,8.526,9.500,-0.087,-26.177,-21.971,-30.901
0,308,0.9240,abdomen,0.0824,1482.00,-8.691,5.700,-0.018,6.416,6.416,15.106
0,308,0.9240,thorax,0.0436,1482.00,-4.573,5.700,0.000,9.619,9.619,14.191
0,308,0.9240,left_thigh,0.0032,2052.00,0.303,5.700,0.000,-105.751,-105.751,-106.054
0,308,0.9240,left_foot,0.0461,1710.00,7.408,9.500,-0.044,-26.210,-23.710,-30.930
0,309,0.9270,abdomen,0.0814,1482.00,-8.685,5.700,-0.021,6.415,6.415,15.099
0,309,0.9270,thorax,0.0434,1482.00,-4.572,5.700,0.000,9.617,9.617,14.189
0,309,0.9270,left_thigh,0.0030,2052.00,0.306,5.700,0.000,-105.970,-105.970,-106.276
0,309,0.9270,left_foot,0.0544,1710.00,8.589,9.500,-0.042,-26.243,-21.451,-30.965
0,310,0.9300,abdomen,0.0824,1482.00,-8.688,5.700,-0.018,6.414,6.414,15.102
0,310,0.9300,thorax,0.0436,1482.00,-4.572,5.700,0.000,9.616,9.616,14.188
0,310,0.9300,left_thigh,0.0034,2052.00,0.313,5.700,0.000,-106.190,-106.190,-106.503
0,310,0.9300,left_foot,0.0487,1710.00,7.842,9.500,-0.023,-26.276,-23.147,-30.989
0,311,0.9330,abdomen,0.0816,1482.00,-8.684,5.700,-0.021,6.413,6.413,15.097
0,311,0.9330,thorax,0.0435,1482.00,-4.572,5.700,0.000,9.614,9.614,14.186
0,311,0.9330,left_thigh,0.0033,2052.00,0.321,5.700,0.000,-106.407,-106.407,-106.728
0,311,0.9330,left_foot,0.0568,1710.00,9.016,9.500,-0.043,-26.308,-20.887,-31.017
0,312,0.9360,abdomen,0.0825,1482.00,-8.688,5.700,-0.018,6.412,6.412,15.100
0,312,0.9360,thorax,0.0437,1482.00,-4.573,5.700,0.000,9.613,9.613,14.186
0,312,0.9360,left_thigh,0.0036,2052.00,0.333,5.700,0.000,-106.624,-106.624,-106.957
0,312,0.9360,left_foot,0.0486,1710.00,7.886,9.500,-0.049,-26.340,-23.212,-31.034
0,313,0.9390,abdomen,0.0814,1482.00,-8.681,5.700,-0.020,6.411,6.411,15.092
0,313,0.9390,thorax,0.0435,1482.00,-4.573,5.700,0.000,9.612,9.612,14.184
0,313,0.9390,left_thigh,0.0032,2052.00,0.339,5.700,0.000,-106.841,-106.841,-107.180
0,313,0.9390,left_foot,0.0571,1710.00,9.060,9.500,-0.089,-26.373,-20.952,-31.062
0,314,0.9420,abdomen,0.0823,1482.00,-8.683,5.700,-0.016,6.410,6.410,15.093
0,314,0.9420,thorax,0.0436,1482.00,-4.573,5.700,0.000,9.610,9.610,14.183
0,314,0.9420,left_thigh,0.0037,2052.00,0.351,5.700,0.000,-107.056,-107.056,-107.406
0,314,0.9420,left_foot,0.0491,1710.00,7.934,9.500,-0.093,-26.405,-23.276,-31.082
0,315,0.9450,abdomen,0.0811,1482.00,-8.673,5.700,-0.019,6.409,6.409,15.082
0,315,0.9450,thorax,0.0433,1482.00,-4.571,5.700,0.000,9.609,9.609,14.179
0,315,0.9450,left_thigh,0.0034,2052.00,0.358,5.700,0.000,-107.270,-107.270,-107.628
0,315,0.9450,left_foot,0.0571,1710.00,9.037,9.500,-0.117,-26.437,-22.076,-31.113
0,316,0.9480,abdomen,0.0820,1482.00,-8.672,5.700,-0.016,6.408,6.408,15.080
0,316,0.9480,thorax,0.0434,1482.00,-4.569,5.700,0.000,9.607,9.607,14.177
0,316,0.9480,left_thigh,0.0037,2052.00,0.370,5.700,0.000,-107.484,-107.484,-107.854
0,316,0.9480,left_foot,0.0490,1710.00,7.912,9.500,-0.108,-26.469,-24.400,-31.135
0,317,0.9510,abdomen,0.0811,1482.00,-8.663,5.700,-0.019,6.407,6.407,15.070
0,317,0.9510,thorax,0.0432,1482.00,-4.566,5.700,0.000,9.606,9.606,14.172
0,317,0.9510,left_thigh,0.0036,2052.00,0.376,5.700,0.000,-107.697,-107.697,-108.073
0,317,0.9510,left_foot,0.0542,1710.00,8.597,9.500,-0.121,-26.501,-22.568,-31.166
0,318,0.9540,abdomen,0.0815,1482.00,-8.658,5.700,-0.016,6.406,6.406,15.064
0,318,0.9540,thorax,0.0432,1482.00,-4.563,5.700,0.000,9.604,9.604,14.168
0,318,0.9540,left_thigh,0.0039,2052.00,0.389,5.700,0.000,-107.907,-107.907,-108.296
0,318,0.9540,left_foot,0.0465,1710.00,7.478,9.500,-0.106,-26.532,-24.891,-31.192
0,319,0.9570,abdomen,0.0806,1482.00,-8.646,5.700,-0.019,6.405,6.405,15.051
0,319,0.9570,thorax,0.0429,1482.00,-4.558,5.700,0.000,9.603,9.603,14.161
0,319,0.9570,left_thigh,0.0036,2052.00,0.395,5.700,0.000,-108.118,-108.118,-108.514
0,319,0.9570,left_foot,0.0546,1710.00,8.597,9.500,-0.100,-26.564,-22.631,-31.228
0,320,0.9600,abdomen,0.0817,1482.00,-8.645,5.700,-0.017,6.404,6.404,15.049
0,320,0.9600,thorax,0.0431,1482.00,-4.555,5.700,0.000,9.602,9.602,14.156
0,320,0.9600,left_thigh,0.0042,2052.00,0.406,5.700,0.000,-108.329,-108.329,-108.735
0,320,0.9600,left_foot,0.0464,1710.00,7.475,9.500,-0.066,-26.596,-24.955,-31.253
0,321,0.9630,abdomen,0.0806,1482.00,-8.635,5.700,-0.020,6.403,6.403,15.038
0,321,0.9630,thorax,0.0429,1482.00,-4.550,5.700,0.000,9.600,9.600,14.150
0,321,0.9630,left_thigh,0.0041,2052.00,0.419,5.700,0.000,-108.536,-108.536,-108.955
0,321,0.9630,left_foot,0.0543,1710.00,8.590,9.500,-0.067,-26.627,-22.694,-31.284
0,322,0.9660,abdomen,0.0817,1482.00,-8.635,5.700,-0.017,6.403,6.403,15.037
0,322,0.9660,thorax,0.0431,1482.00,-4.547,5.700,0.000,9.599,9.599,14.146
0,322,0.9660,left_thigh,0.0045,2052.00,0.435,5.700,0.000,-108.743,-108.743,-109.178
0,322,0.9660,left_foot,0.0460,1710.00,7.464,9.500,-0.046,-26.658,-24.531,-31.304
0,323,0.9690,abdomen,0.0807,1482.00,-8.626,5.700,-0.020,6.402,6.402,15.028
0,323,0.9690,thorax,0.0429,1482.00,-4.543,5.700,0.000,9.598,9.598,14.141
0,323,0.9690,left_thigh,0.0041,2052.00,0.445,5.700,0.000,-108.950,-108.950,-109.395
0,323,0.9690,left_foot,0.0545,1710.00,8.639,9.500,-0.060,-26.689,-22.270,-31.334
0,324,0.9720,abdomen,0.0817,1482.00,-8.628,5.700,-0.017,6.401,6.401,15.029
0,324,0.9720,thorax,0.0431,1482.00,-4.541,5.700,0.000,9.597,9.597,14.138
0,324,0.9720,left_thigh,0.0048,2052.00,0.462,5.700,0.000,-109.154,-109.154,-109.616
0,324,0.9720,left_foot,0.0463,1710.00,7.512,9.500,-0.047,-26.719,-24.377,-31.352
0,325,0.9750,abdomen,0.0806,1482.00,-8.619,5.700,-0.020,6.400,6.401,15.019
0,325,0.9750,thorax,0.0428,1482.00,-4.536,5.700,0.000,9.596,9.596,14.132
0,325,0.9750,left_thigh,0.0046,2052.00,0.477,5.700,0.000,-109.357,-109.357,-109.834
0,325,0.9750,left_foot,0.0547,1710.00,8.686,9.500,-0.065,-26.750,-22.116,-31.380
0,326,0.9780,abdomen,0.0816,1482.00,-8.619,5.700,-0.017,6.400,6.400,15.019
0,326,0.9780,thorax,0.0430,1482.00,-4.534,5.700,0.000,9.595,9.595,14.129
0,326,0.9780,left_thigh,0.0050,2052.00,0.496,5.700,0.000,-109.560,-109.560,-110.056
0,326,0.9780,left_foot,0.0465,1710.00,7.557,9.500,-0.054,-26.781,-24.438,-31.398
0,327,0.9810,abdomen,0.0806,1482.00,-8.611,5.700,-0.019,6.399,6.399,15.011
0,327,0.9810,thorax,0.0428,1482.00,-4.530,5.700,0.000,9.594,9.594,14.124
0,327,0.9810,left_thigh,0.0050,2052.00,0.510,5.700,0.000,-109.761,-109.761,-110.271
0,327,0.9810,left_foot,0.0550,1710.00,8.731,9.500,-0.073,-26.811,-22.177,-31.425
0,328,0.9840,abdomen,0.0815,1482.00,-8.611,5.700,-0.016,6.399,6.399,15.010
0,328,0.9840,thorax,0.0429,1482.00,-4.527,5.700,0.000,9.594,9.594,14.121
0,328,0.9840,left_thigh,0.0056,2052.00,0.533,5.700,0.000,-109.959,-109.959,-110.493
0,328,0.9840,left_foot,0.0467,1710.00,7.602,9.500,-0.063,-26.841,-24.499,-31.442
0,329,0.9870,abdomen,0.0805,1482.00,-8.602,5.700,-0.019,6.398,6.398,15.001
0,329,0.9870,thorax,0.0427,1482.00,-4.523,5.700,0.000,9.593,9.593,14.116
0,329,0.9870,left_thigh,0.0052,2052.00,0.551,5.700,0.000,-110.158,-110.158,-110.709
0,329,0.9870,left_foot,0.0552,1710.00,8.774,9.500,-0.079,-26.871,-22.237,-31.468
0,330,0.9900,abdomen,0.0816,1482.00,-8.604,5.700,-0.016,6.398,6.398,15.002
0,330,0.9900,thorax,0.0428,1482.00,-4.520,5.700,0.000,9.592,9.592,14.113
0,330,0.9900,left_thigh,0.0060,2052.00,0.571,5.700,0.000,-110.356,-110.356,-110.928
0,330,0.9900,left_foot,0.0469,1710.00,7.643,9.500,-0.068,-26.901,-24.559,-31.483
0,331,0.9930,abdomen,0.0804,1482.00,-8.594,5.700,-0.019,6.398,6.398,14.992
0,331,0.9930,thorax,0.0425,1482.00,-4.516,5.700,0.000,9.592,9.592,14.108
0,331,0.9930,left_thigh,0.0059,2052.00,0.594,5.700,0.001,-110.549,-110.549,-111.143
0,331,0.9930,left_foot,0.0554,1710.00,8.815,9.500,-0.084,-26.931,-22.297,-31.508
0,332,0.9960,abdomen,0.0815,1482.00,-8.595,5.700,-0.016,6.398,6.398,14.993
0,332,0.9960,thorax,0.0427,1482.00,-4.513,5.700,0.000,9.592,9.592,14.105
0,332,0.9960,left_thigh,0.0064,2052.00,0.620,5.700,0.000,-110.743,-110.743,-111.362
0,332,0.9960,left_foot,0.0471,1710.00,7.682,9.500,-0.071,-26.961,-24.618,-31.522
0,333,0.9990,abdomen,0.0805,1482.00,-8.588,5.700,-0.019,6.398,6.397,14.986
0,333,0.9990,thorax,0.0426,1482.00,-4.509,5.700,0.000,9.592,9.592,14.101
0,333,0.9990,left_thigh,0.0060,2052.00,0.639,5.700,0.001,-110.936,-110.936,-111.575
0,333,0.9990,left_foot,0.0555,1710.00,8.852,9.500,-0.087,-26.990,-22.356,-31.545
0,334,1.0000,abdomen,0.0816,1482.00,-8.591,5.700,-0.016,6.397,6.397,14.988
0,334,1.0000,thorax,0.0428,1482.00,-4.507,5.700,0.000,9.592,9.592,14.099
0,334,1.0000,left_thigh,0.0073,2052.00,0.790,5.700,0.000,-111.000,-111.000,-111.791
0,334,1.0000,left_foot,0.0472,1710.00,7.718,9.500,-0.075,-27.000,-24.658,-31.557
0,335,1.0000,abdomen,0.0812,1482.00,-8.589,5.700,-0.019,6.397,6.397,14.987
0,335,1.0000,thorax,0.0428,1482.00,-4.506,5.700,0.000,9.592,9.592,14.097
0,335,1.0000,left_thigh,0.0077,2052.00,0.992,5.700,0.001,-111.000,-111.000,-111.992
0,335,1.0000,left_foot,0.0556,1710.00,8.885,9.500,-0.090,-27.000,-22.366,-31.579
0,336,1.0000,abdomen,0.0831,1482.00,-8.605,5.700,-0.016,6.397,6.397,15.002
0,336,1.0000,thorax,0.0434,1482.00,-4.509,5.700,0.000,9.592,9.592,14.101
0,336,1.0000,left_thigh,0.0085,2052.00,1.185,5.700,0.000,-111.000,-111.000,-112.185
0,336,1.0000,left_foot,0.0473,1710.00,7.750,9.500,-0.079,-27.000,-24.297,-31.590
0,337,1.0000,abdomen,0.0828,1482.00,-8.617,5.700,-0.019,6.397,6.397,15.015
0,337,1.0000,thorax,0.0435,1482.00,-4.514,5.700,0.000,9.592,9.592,14.105
0,337,1.0000,left_thigh,0.0085,2052.00,1.361,5.700,0.000,-111.000,-111.000,-112.361
0,337,1.0000,left_foot,0.0557,1710.00,8.917,9.500,-0.093,-27.000,-22.005,-31.611
0,338,1.0000,abdomen,0.0846,1482.00,-8.644,5.700,-0.017,6.397,6.397,15.042
0,338,1.0000,thorax,0.0441,1482.00,-4.523,5.700,0.000,9.592,9.592,14.115
0,338,1.0000,left_thigh,0.0092,2052.00,1.529,5.700,0.000,-111.000,-111.000,-112.529
0,338,1.0000,left_foot,0.0517,1710.00,8.446,9.500,-0.075,-27.000,-23.175,-31.621
0,339,1.0000,abdomen,0.0849,1482.00,-8.672,5.700,-0.019,6.397,6.397,15.069
0,339,1.0000,thorax,0.0445,1482.00,-4.535,5.700,0.000,9.592,9.592,14.127
0,339,1.0000,left_thigh,0.0094,2052.00,1.684,5.700,0.000,-111.000,-111.000,-112.685
0,339,1.0000,left_foot,0.0594,1710.00,9.602,9.500,-0.084,-27.000,-21.239,-31.630
0,340,1.0000,abdomen,0.0865,1482.00,-8.711,5.700,-0.017,6.397,6.397,15.108
0,340,1.0000,thorax,0.0451,1482.00,-4.552,5.700,0.000,9.592,9.592,14.143
0,340,1.0000,left_thigh,0.0101,2052.00,1.834,5.700,0.000,-111.000,-111.000,-112.835
0,340,1.0000,left_foot,0.0507,1710.00,8.450,9.500,-0.089,-27.000,-23.531,-31.625
0,341,1.0000,abdomen,0.0858,1482.00,-8.740,5.700,-0.020,6.397,6.397,15.138
0,341,1.0000,thorax,0.0452,1482.00,-4.568,5.700,0.000,9.592,9.592,14.160
0,341,1.0000,left_thigh,0.0098,2052.00,1.967,5.700,0.000,-111.000,-111.000,-112.968
0,341,1.0000,left_foot,0.0558,1710.00,9.096,9.500,-0.128,-27.000,-22.536,-31.632
0,342,1.0000,abdomen,0.0867,1482.00,-8.774,5.700,-0.017,6.397,6.397,15.172
0,342,1.0000,thorax,0.0454,1482.00,-4.585,5.700,0.000,9.592,9.592,14.177
0,342,1.0000,left_thigh,0.0100,2052.00,2.091,5.700,0.000,-111.000,-111.000,-113.092
0,342,1.0000,left_foot,0.0479,1710.00,7.953,9.500,-0.130,-27.000,-24.516,-31.636
0,343,1.0000,abdomen,0.0859,1482.00,-8.799,5.700,-0.019,6.397,6.397,15.197
0,343,1.0000,thorax,0.0453,1482.00,-4.599,5.700,0.000,9.592,9.592,14.191
0,343,1.0000,left_thigh,0.0096,2052.00,2.199,5.700,0.000,-111.000,-111.000,-113.200
0,343,1.0000,left_foot,0.0565,1710.00,9.116,9.500,-0.128,-27.000,-22.224,-31.652
0,344,1.0000,abdomen,0.0873,1482.00,-8.835,5.700,-0.017,6.397,6.397,15.232
0,344,1.0000,thorax,0.0456,1482.00,-4.615,5.700,0.000,9.592,9.592,14.207
0,344,1.0000,left_thigh,0.0102,2052.00,2.303,5.700,0.000,-111.000,-111.000,-113.304
0,344,1.0000,left_foot,0.0479,1710.00,7.971,9.500,-0.086,-27.000,-24.263,-31.654
0,345,1.0000,abdomen,0.0866,1482.00,-8.861,5.700,-0.021,6.397,6.397,15.259
0,345,1.0000,thorax,0.0456,1482.00,-4.630,5.700,0.000,9.592,9.592,14.221
0,345,1.0000,left_thigh,0.0099,2052.00,2.395,5.700,0.000,-111.000,-111.000,-113.395
0,345,1.0000,left_foot,0.0561,1710.00,9.127,9.500,-0.077,-27.000,-21.971,-31.664
0,346,1.0000,abdomen,0.0878,1482.00,-8.896,5.700,-0.018,6.397,6.397,15.294
0,346,1.0000,thorax,0.0460,1482.00,-4.646,5.700,0.000,9.592,9.592,14.238
0,346,1.0000,left_thigh,0.0104,2052.00,2.483,5.700,0.000,-111.000,-111.000,-113.483
0,346,1.0000,left_foot,0.0475,1710.00,7.976,9.500,-0.046,-27.000,-23.796,-31.659
0,347,1.0000,abdomen,0.0868,1482.00,-8.920,5.700,-0.021,6.397,6.397,15.318
0,347,1.0000,thorax,0.0459,1482.00,-4.660,5.700,0.000,9.592,9.592,14.252
0,347,1.0000,left_thigh,0.0100,2052.00,2.558,5.700,0.000,-111.000,-111.000,-113.559
0,347,1.0000,left_foot,0.0558,1710.00,9.127,9.500,-0.053,-27.000,-21.504,-31.663
0,348,1.0000,abdomen,0.0878,1482.00,-8.951,5.700,-0.018,6.397,6.397,15.349
0,348,1.0000,thorax,0.0461,1482.00,-4.675,5.700,0.000,9.592,9.592,14.267
0,348,1.0000,left_thigh,0.0104,2052.00,2.631,5.700,0.000,-111.000,-111.000,-113.631
0,348,1.0000,left_foot,0.0478,1710.00,8.062,9.500,-0.033,-27.000,-23.593,-31.656
0,349,1.0000,abdomen,0.0868,1482.00,-8.970,5.700,-0.021,6.397,6.397,15.368
0,349,1.0000,thorax,0.0459,1482.00,-4.687,5.700,0.000,9.592,9.592,14.279
0,349,1.0000,left_thigh,0.0099,2052.00,2.692,5.700,0.000,-111.000,-111.000,-113.693
0,349,1.0000,left_foot,0.0561,1710.00,9.210,9.500,-0.048,-27.000,-21.301,-31.657
0,350,1.0000,abdomen,0.0877,1482.00,-8.996,5.700,-0.018,6.397,6.397,15.393
0,350,1.0000,thorax,0.0461,1482.00,-4.700,5.700,0.000,9.592,9.592,14.292
0,350,1.0000,left_thigh,0.0103,2052.00,2.752,5.700,0.000,-111.000,-111.000,-113.752
0,350,1.0000,left_foot,0.0476,1710.00,8.054,9.500,-0.035,-27.000,-23.593,-31.647
0,351,1.0000,abdomen,0.0865,1482.00,-9.008,5.700,-0.021,6.397,6.397,15.406
0,351,1.0000,thorax,0.0458,1482.00,-4.709,5.700,0.000,9.592,9.592,14.301
0,351,1.0000,left_thigh,0.0097,2052.00,2.800,5.700,0.000,-111.000,-111.000,-113.800
0,351,1.0000,left_foot,0.0561,1710.00,9.201,9.500,-0.055,-27.000,-21.301,-31.649
0,352,1.0000,abdomen,0.0873,1482.00,-9.026,5.700,-0.018,6.397,6.397,15.424
0,352,1.0000,thorax,0.0459,1482.00,-4.719,5.700,0.000,9.592,9.592,14.310
0,352,1.0000,left_thigh,0.0100,2052.00,2.847,5.700,0.000,-111.000,-111.000,-113.847
0,352,1.0000,left_foot,0.0476,1710.00,8.046,9.500,-0.042,-27.000,-23.593,-31.639
0,353,1.0000,abdomen,0.0860,1482.00,-9.032,5.700,-0.020,6.397,6.397,15.429
0,353,1.0000,thorax,0.0456,1482.00,-4.724,5.700,0.000,9.592,9.592,14.316
0,353,1.0000,left_thigh,0.0095,2052.00,2.883,5.700,0.000,-111.000,-111.000,-113.884
0,353,1.0000,left_foot,0.0561,1710.00,9.194,9.500,-0.059,-27.000,-21.301,-31.642
0,354,1.0000,abdomen,0.0868,1482.00,-9.043,5.700,-0.017,6.397,6.397,15.441
0,354,1.0000,thorax,0.0457,1482.00,-4.730,5.700,0.000,9.592,9.592,14.322
0,354,1.0000,left_thigh,0.0098,2052.00,2.919,5.700,0.000,-111.000,-111.000,-113.920
0,354,1.0000,left_foot,0.0477,1710.00,8.040,9.500,-0.045,-27.000,-23.593,-31.633
0,355,1.0000,abdomen,0.0855,1482.00,-9.042,5.700,-0.020,6.397,6.397,15.440
0,355,1.0000,thorax,0.0454,1482.00,-4.733,5.700,0.000,9.592,9.592,14.324
0,355,1.0000,left_thigh,0.0092,2052.00,2.946,5.700,0.000,-111.000,-111.000,-113.946
0,355,1.0000,left_foot,0.0561,1710.00,9.189,9.500,-0.060,-27.000,-21.301,-31.636
0,356,1.0000,abdomen,0.0862,1482.00,-9.048,5.700,-0.017,6.397,6.397,15.445
0,356,1.0000,thorax,0.0454,1482.00,-4.735,5.700,0.000,9.592,9.592,14.327
0,356,1.0000,left_thigh,0.0095,2052.00,2.973,5.700,0.000,-111.000,-111.000,-113.974
0,356,1.0000,left_foot,0.0477,1710.00,8.034,9.500,-0.046,-27.000,-23.593,-31.628
0,357,1.0000,abdomen,0.0849,1482.00,-9.041,5.700,-0.020,6.397,6.397,15.439
0,357,1.0000,thorax,0.0451,1482.00,-4.735,5.700,0.000,9.592,9.592,14.326
0,357,1.0000,left_thigh,0.0090,2052.00,2.992,5.700,0.000,-111.000,-111.000,-113.992
0,357,1.0000,left_foot,0.0561,1710.00,9.184,9.500,-0.062,-27.000,-21.301,-31.631
0,358,1.0000,abdomen,0.0856,1482.00,-9.041,5.700,-0.017,6.397,6.397,15.439
0,358,1.0000,thorax,0.0451,1482.00,-4.734,5.700,0.000,9.592,9.592,14.326
0,358,1.0000,left_thigh,0.0093,2052.00,3.011,5.700,0.000,-111.000,-111.000,-114.012
0,358,1.0000,left_foot,0.0477,1710.00,8.030,9.500,-0.049,-27.000,-23.593,-31.624
0,359,1.0000,abdomen,0.0842,1482.00,-9.029,5.700,-0.019,6.397,6.397,15.427
0,359,1.0000,thorax,0.0447,1482.00,-4.730,5.700,0.000,9.592,9.592,14.322
0,359,1.0000,left_thigh,0.0087,2052.00,3.023,5.700,0.000,-111.000,-111.000,-114.023
0,359,1.0000,left_foot,0.0562,1710.00,9.181,9.500,-0.066,-27.000,-21.301,-31.628
0,360,1.0000,abdomen,0.0850,1482.00,-9.024,5.700,-0.016,6.397,6.397,15.422
0,360,1.0000,thorax,0.0448,1482.00,-4.727,5.700,0.000,9.592,9.592,14.319
0,360,1.0000,left_thigh,0.0090,2052.00,3.036,5.700,0.000,-111.000,-111.000,-114.037
0,360,1.0000,left_foot,0.0478,1710.00,8.028,9.500,-0.054,-27.000,-23.593,-31.622
0,361,1.0000,abdomen,0.0836,1482.00,-9.008,5.700,-0.019,6.397,6.397,15.406
0,361,1.0000,thorax,0.0444,1482.00,-4.721,5.700,0.000,9.592,9.592,14.313
0,361,1.0000,left_thigh,0.0085,2052.00,3.042,5.700,0.000,-111.000,-111.000,-114.043
0,361,1.0000,left_foot,0.0563,1710.00,9.180,9.500,-0.071,-27.000,-21.301,-31.627
0,362,1.0000,abdomen,0.0843,1482.00,-8.999,5.700,-0.016,6.397,6.397,15.397
0,362,1.0000,thorax,0.0444,1482.00,-4.716,5.700,0.000,9.592,9.592,14.307
0,362,1.0000,left_thigh,0.0088,2052.00,3.051,5.700,0.000,-111.000,-111.000,-114.051
0,362,1.0000,left_foot,0.0479,1710.00,8.028,9.500,-0.060,-27.000,-23.593,-31.621
0,363,1.0000,abdomen,0.0830,1482.00,-8.979,5.700,-0.019,6.397,6.397,15.377
0,363,1.0000,thorax,0.0440,1482.00,-4.707,5.700,0.000,9.592,9.592,14.299
0,363,1.0000,left_thigh,0.0082,2052.00,3.052,5.700,0.000,-111.000,-111.000,-114.053
0,363,1.0000,left_foot,0.0564,1710.00,9.180,9.500,-0.077,-27.000,-21.301,-31.627
0,364,1.0000,abdomen,0.0838,1482.00,-8.968,5.700,-0.016,6.397,6.397,15.365
0,364,1.0000,thorax,0.0441,1482.00,-4.700,5.700,0.000,9.592,9.592,14.292
0,364,1.0000,left_thigh,0.0085,2052.00,3.057,5.700,0.000,-111.000,-111.000,-114.057
0,364,1.0000,left_foot,0.0480,1710.00,8.029,9.500,-0.066,-27.000,-23.593,-31.623
0,365,1.0000,abdomen,0.0824,1482.00,-8.945,5.700,-0.018,6.397,6.397,15.343
0,365,1.0000,thorax,0.0437,1482.00,-4.690,5.700,0.000,9.592,9.592,14.282
0,365,1.0000,left_thigh,0.0080,2052.00,3.055,5.700,0.000,-111.000,-111.000,-114.056
0,365,1.0000,left_foot,0.0564,1710.00,9.183,9.500,-0.083,-27.000,-21.547,-31.630
0,366,1.0000,abdomen,0.0832,1482.00,-8.931,5.700,-0.016,6.397,6.397,15.329
0,366,1.0000,thorax,0.0438,1482.00,-4.681,5.700,0.000,9.592,9.592,14.273
0,366,1.0000,left_thigh,0.0083,2052.00,3.057,5.700,0.000,-111.000,-111.000,-114.057
0,366,1.0000,left_foot,0.0481,1710.00,8.032,9.500,-0.073,-27.000,-23.839,-31.626
0,367,1.0000,abdomen,0.0819,1482.00,-8.907,5.700,-0.018,6.397,6.397,15.304
0,367,1.0000,thorax,0.0434,1482.00,-4.670,5.700,0.000,9.592,9.592,14.262
0,367,1.0000,left_thigh,0.0078,2052.00,3.052,5.700,0.000,-111.000,-111.000,-114.053
0,367,1.0000,left_foot,0.0565,1710.00,9.187,9.500,-0.089,-27.000,-21.836,-31.634
0,368,1.0000,abdomen,0.0827,1482.00,-8.891,5.700,-0.015,6.397,6.397,15.289
0,368,1.0000,thorax,0.0435,1482.00,-4.661,5.700,0.000,9.592,9.592,14.252
0,368,1.0000,left_thigh,0.0081,2052.00,3.052,5.700,0.000,-111.000,-111.000,-114.052
0,368,1.0000,left_foot,0.0481,1710.00,8.037,9.500,-0.079,-27.000,-24.128,-31.630
0,369,1.0000,abdomen,0.0814,1482.00,-8.866,5.700,-0.018,6.397,6.397,15.264
0,369,1.0000,thorax,0.0431,1482.00,-4.649,5.700,0.000,9.592,9.592,14.240
0,369,1.0000,left_thigh,0.0076,2052.00,3.046,5.700,0.000,-111.000,-111.000,-114.046
0,369,1.0000,left_foot,0.0566,1710.00,9.192,9.500,-0.095,-27.000,-22.146,-31.638
0,370,1.0000,abdomen,0.0823,1482.00,-8.850,5.700,-0.015,6.397,6.397,15.248
0,370,1.0000,thorax,0.0432,1482.00,-4.639,5.700,0.000,9.592,9.592,14.230
0,370,1.0000,left_thigh,0.0080,2052.00,3.044,5.700,0.000,-111.000,-111.000,-114.044
0,370,1.0000,left_foot,0.0482,1710.00,8.043,9.500,-0.084,-27.000,-24.438,-31.635
0,371,1.0000,abdomen,0.0810,1482.00,-8.824,5.700,-0.018,6.397,6.397,15.222
0,371,1.0000,thorax,0.0429,1482.00,-4.626,5.700,0.000,9.592,9.592,14.218
0,371,1.0000,left_thigh,0.0075,2052.00,3.036,5.700,0.000,-111.000,-111.000,-114.037
0,371,1.0000,left_foot,0.0564,1710.00,9.163,9.500,-0.100,-27.000,-22.480,-31.644
0,372,1.0000,abdomen,0.0818,1482.00,-8.808,5.700,-0.015,6.397,6.397,15.206
0,372,1.0000,thorax,0.0430,1482.00,-4.616,5.700,0.000,9.592,9.592,14.207
0,372,1.0000,left_thigh,0.0078,2052.00,3.033,5.700,0.000,-111.000,-111.000,-114.034
0,372,1.0000,left_foot,0.0481,1710.00,8.015,9.500,-0.089,-27.000,-24.772,-31.641
0,373,1.0000,abdomen,0.0806,1482.00,-8.782,5.700,-0.017,6.397,6.397,15.180
0,373,1.0000,thorax,0.0426,1482.00,-4.604,5.700,0.000,9.592,9.592,14.195
0,373,1.0000,left_thigh,0.0073,2052.00,3.025,5.700,0.000,-111.000,-111.000,-114.025
0,373,1.0000,left_foot,0.0552,1710.00,8.969,9.500,-0.103,-27.000,-22.681,-31.650
0,374,1.0000,abdomen,0.0813,1482.00,-8.765,5.700,-0.015,6.397,6.397,15.163
0,374,1.0000,thorax,0.0427,1482.00,-4.593,5.700,0.000,9.592,9.592,14.184
0,374,1.0000,left_thigh,0.0076,2052.00,3.020,5.700,0.000,-111.000,-111.000,-114.021
0,374,1.0000,left_foot,0.0470,1710.00,7.823,9.500,-0.091,-27.000,-24.973,-31.650
0,375,1.0000,abdomen,0.0802,1482.00,-8.739,5.700,-0.017,6.397,6.397,15.136
0,375,1.0000,thorax,0.0424,1482.00,-4.580,5.700,0.000,9.592,9.592,14.171
0,375,1.0000,left_thigh,0.0071,2052.00,3.011,5.700,0.000,-111.000,-111.000,-114.011
0,375,1.0000,left_foot,0.0555,1710.00,8.981,9.500,-0.098,-27.000,-22.681,-31.662
0,376,1.0000,abdomen,0.0811,1482.00,-8.724,5.700,-0.015,6.397,6.397,15.121
0,376,1.0000,thorax,0.0425,1482.00,-4.569,5.700,0.000,9.592,9.592,14.160
0,376,1.0000,left_thigh,0.0075,2052.00,3.006,5.700,0.000,-111.000,-111.000,-114.007
0,376,1.0000,left_foot,0.0470,1710.00,7.834,9.500,-0.077,-27.000,-24.973,-31.662
0,377,1.0000,abdomen,0.0800,1482.00,-8.700,5.700,-0.018,6.397,6.397,15.097
0,377,1.0000,thorax,0.0422,1482.00,-4.557,5.700,0.000,9.592,9.592,14.148
0,377,1.0000,left_thigh,0.0071,2052.00,2.997,5.700,0.000,-111.000,-111.000,-113.998
0,377,1.0000,left_foot,0.0554,1710.00,8.990,9.500,-0.086,-27.000,-22.681,-31.672
0,378,1.0000,abdomen,0.0810,1482.00,-8.686,5.700,-0.015,6.397,6.397,15.084
0,378,1.0000,thorax,0.0424,1482.00,-4.547,5.700,0.000,9.592,9.592,14.138
0,378,1.0000,left_thigh,0.0075,2052.00,2.993,5.700,0.000,-111.000,-111.000,-113.994
0,378,1.0000,left_foot,0.0470,1710.00,7.842,9.500,-0.072,-27.000,-24.973,-31.670
0,379,1.0000,abdomen,0.0798,1482.00,-8.664,5.700,-0.018,6.397,6.397,15.062
0,379,1.0000,thorax,0.0421,1482.00,-4.536,5.700,0.000,9.592,9.592,14.127
0,379,1.0000,left_thigh,0.0070,2052.00,2.985,5.700,0.000,-111.000,-111.000,-113.985
0,379,1.0000,left_foot,0.0554,1710.00,8.997,9.500,-0.086,-27.000,-22.681,-31.679
0,380,1.0000,abdomen,0.0808,1482.00,-8.652,5.700,-0.015,6.397,6.397,15.050
0,380,1.0000,thorax,0.0423,1482.00,-4.527,5.700,0.000,9.592,9.592,14.118
0,380,1.0000,left_thigh,0.0074,2052.00,2.982,5.700,0.000,-111.000,-111.000,-113.982
0,380,1.0000,left_foot,0.0470,1710.00,7.848,9.500,-0.075,-27.000,-24.973,-31.676
0,381,1.0000,abdomen,0.0796,1482.00,-8.631,5.700,-0.017,6.397,6.397,15.028
0,381,1.0000,thorax,0.0420,1482.00,-4.516,5.700,0.000,9.592,9.592,14.108
0,381,1.0000,left_thigh,0.0070,2052.00,2.974,5.700,0.000,-111.000,-111.000,-113.974
0,381,1.0000,left_foot,0.0554,1710.00,9.004,9.500,-0.091,-27.000,-22.681,-31.685
0,382,1.0000,abdomen,0.0806,1482.00,-8.620,5.700,-0.015,6.397,6.397,15.018
0,382,1.0000,thorax,0.0422,1482.00,-4.508,5.700,0.000,9.592,9.592,14.100
0,382,1.0000,left_thigh,0.0074,2052.00,2.971,5.700,0.000,-111.000,-111.000,-113.971
0,382,1.0000,left_foot,0.0470,1710.00,7.855,9.500,-0.080,-27.000,-24.973,-31.682
0,383,1.0000,abdomen,0.0795,1482.00,-8.600,5.700,-0.017,6.397,6.397,14.998
0,383,1.0000,thorax,0.0419,1482.00,-4.499,5.700,0.000,9.592,9.592,14.090
0,383,1.0000,left_thigh,0.0069,2052.00,2.963,5.700,0.000,-111.000,-111.000,-113.964
0,383,1.0000,left_foot,0.0555,1710.00,9.009,9.500,-0.094,-27.000,-22.681,-31.691
0,384,1.0000,abdomen,0.0805,1482.00,-8.591,5.700,-0.015,6.397,6.397,14.989
0,384,1.0000,thorax,0.0421,1482.00,-4.491,5.700,0.000,9.592,9.592,14.083
0,384,1.0000,left_thigh,0.0073,2052.00,2.961,5.700,0.000,-111.000,-111.000,-113.961
0,384,1.0000,left_foot,0.0470,1710.00,7.861,9.500,-0.082,-27.000,-24.973,-31.688
0,385,1.0000,abdomen,0.0794,1482.00,-8.573,5.700,-0.017,6.397,6.397,14.971
0,385,1.0000,thorax,0.0419,1482.00,-4.483,5.700,0.000,9.592,9.592,14.074
0,385,1.0000,left_thigh,0.0069,2052.00,2.954,5.700,0.000,-111.000,-111.000,-113.954
0,385,1.0000,left_foot,0.0552,1710.00,8.971,9.500,-0.096,-27.000,-22.724,-31.696
0,386,1.0000,abdomen,0.0804,1482.00,-8.565,5.700,-0.015,6.397,6.397,14.963
0,386,1.0000,thorax,0.0420,1482.00,-4.476,5.700,0.000,9.592,9.592,14.068
0,386,1.0000,left_thigh,0.0073,2052.00,2.952,5.700,0.000,-111.000,-111.000,-113.952
0,386,1.0000,left_foot,0.0468,1710.00,7.822,9.500,-0.084,-27.000,-25.016,-31.693
0,387,1.0000,abdomen,0.0793,1482.00,-8.549,5.700,-0.017,6.397,6.397,14.946
0,387,1.0000,thorax,0.0418,1482.00,-4.468,5.700,0.000,9.592,9.592,14.060
0,387,1.0000,left_thigh,0.0068,2052.00,2.945,5.700,0.000,-111.000,-111.000,-113.946
0,387,1.0000,left_foot,0.0552,1710.00,8.969,9.500,-0.095,-27.000,-22.731,-31.701
0,388,1.0000,abdomen,0.0804,1482.00,-8.543,5.700,-0.015,6.397,6.397,14.940
0,388,1.0000,thorax,0.0420,1482.00,-4.463,5.700,0.000,9.592,9.592,14.054
0,388,1.0000,left_thigh,0.0073,2052.00,2.944,5.700,0.000,-111.000,-111.000,-113.944
0,388,1.0000,left_foot,0.0467,1710.00,7.820,9.500,-0.081,-27.000,-25.023,-31.697
0,389,1.0000,abdomen,0.0793,1482.00,-8.528,5.700,-0.017,6.397,6.397,14.926
0,389,1.0000,thorax,0.0418,1482.00,-4.456,5.700,0.000,9.592,9.592,14.047
0,389,1.0000,left_thigh,0.0068,2052.00,2.938,5.700,0.000,-111.000,-111.000,-113.939
0,389,1.0000,left_foot,0.0545,1710.00,8.882,9.500,-0.092,-27.000,-22.823,-31.705
0,390,1.0000,abdomen,0.0803,1482.00,-8.523,5.700,-0.015,6.397,6.397,14.921
0,390,1.0000,thorax,0.0420,1482.00,-4.451,5.700,0.000,9.592,9.592,14.042
0,390,1.0000,left_thigh,0.0072,2052.00,2.937,5.700,0.000,-111.000,-111.000,-113.938
0,390,1.0000,left_foot,0.0462,1710.00,7.732,9.500,-0.078,-27.000,-25.115,-31.701
0,391,1.0000,abdomen,0.0792,1482.00,-8.509,5.700,-0.017,6.397,6.397,14.907
0,391,1.0000,thorax,0.0417,1482.00,-4.444,5.700,0.000,9.592,9.592,14.036
0,391,1.0000,left_thigh,0.0068,2052.00,2.932,5.700,0.000,-111.000,-111.000,-113.932
0,391,1.0000,left_foot,0.0546,1710.00,8.886,9.500,-0.088,-27.000,-22.823,-31.709
0,392,1.0000,abdomen,0.0803,1482.00,-8.506,5.700,-0.015,6.397,6.397,14.904
0,392,1.0000,thorax,0.0419,1482.00,-4.440,5.700,0.000,9.592,9.592,14.032
0,392,1.0000,left_thigh,0.0072,2052.00,2.931,5.700,0.000,-111.000,-111.000,-113.932
0,392,1.0000,left_foot,0.0461,1710.00,7.736,9.500,-0.070,-27.000,-25.115,-31.705
0,393,1.0000,abdomen,0.0793,1482.00,-8.495,5.700,-0.018,6.397,6.397,14.892
0,393,1.0000,thorax,0.0417,1482.00,-4.435,5.700,0.000,9.592,9.592,14.026
0,393,1.0000,left_thigh,0.0068,2052.00,2.927,5.700,0.000,-111.000,-111.000,-113.927
0,393,1.0000,left_foot,0.0545,1710.00,8.889,9.500,-0.081,-27.000,-22.823,-31.711
0,394,1.0000,abdomen,0.0803,1482.00,-8.493,5.700,-0.015,6.397,6.397,14.891
0,394,1.0000,thorax,0.0420,1482.00,-4.432,5.700,0.000,9.592,9.592,14.023
0,394,1.0000,left_thigh,0.0073,2052.00,2.927,5.700,0.000,-111.000,-111.000,-113.927
0,394,1.0000,left_foot,0.0461,1710.00,7.737,9.500,-0.066,-27.000,-25.115,-31.706
0,395,1.0000,abdomen,0.0793,1482.00,-8.483,5.700,-0.018,6.397,6.397,14.881
0,395,1.0000,thorax,0.0418,1482.00,-4.427,5.700,0.000,9.592,9.592,14.019
0,395,1.0000,left_thigh,0.0068,2052.00,2.923,5.700,0.000,-111.000,-111.000,-113.923
0,395,1.0000,left_foot,0.0545,1710.00,8.889,9.500,-0.079,-27.000,-22.823,-31.712
0,396,1.0000,abdomen,0.0804,1482.00,-8.483,5.700,-0.015,6.397,6.397,14.880
0,396,1.0000,thorax,0.0420,1482.00,-4.425,5.700,0.000,9.592,9.592,14.017
0,396,1.0000,left_thigh,0.0073,2052.00,2.924,5.700,0.000,-111.000,-111.000,-113.924
0,396,1.0000,left_foot,0.0460,1710.00,7.737,9.500,-0.066,-27.000,-25.115,-31.706
0,397,1.0000,abdomen,0.0793,1482.00,-8.473,5.700,-0.018,6.397,6.397,14.871
0,397,1.0000,thorax,0.0418,1482.00,-4.421,5.700,0.000,9.592,9.592,14.013
0,397,1.0000,left_thigh,0.0069,2052.00,2.920,5.700,0.000,-111.000,-111.000,-113.920
0,397,1.0000,left_foot,0.0544,1710.00,8.888,9.500,-0.080,-27.000,-22.823,-31.711
0,398,1.0000,abdomen,0.0804,1482.00,-8.474,5.700,-0.015,6.397,6.397,14.872
0,398,1.0000,thorax,0.0420,1482.00,-4.419,5.700,0.000,9.592,9.592,14.011
0,398,1.0000,left_thigh,0.0073,2052.00,2.921,5.700,0.000,-111.000,-111.000,-113.922
0,398,1.0000,left_foot,0.0460,1710.00,7.736,9.500,-0.066,-27.000,-25.115,-31.705
0,399,1.0000,abdomen,0.0793,1482.00,-8.466,5.700,-0.018,6.397,6.397,14.863
0,399,1.0000,thorax,0.0418,1482.00,-4.416,5.700,0.000,9.592,9.592,14.008
0,399,1.0000,left_thigh,0.0069,2052.00,2.918,5.700,0.000,-111.000,-111.000,-113.918
0,399,1.0000,left_foot,0.0544,1710.00,8.887,9.500,-0.080,-27.000,-22.823,-31.710
0,400,1.0000,abdomen,0.0804,1482.00,-8.467,5.700,-0.015,6.397,6.397,14.865
0,400,1.0000,thorax,0.0420,1482.00,-4.415,5.700,0.000,9.592,9.592,14.007
0,400,1.0000,left_thigh,0.0073,2052.00,2.919,5.700,0.000,-111.000,-111.000,-113.920
0,400,1.0000,left_foot,0.0460,1710.00,7.735,9.500,-0.066,-27.000,-25.115,-31.704
0,401,1.0000,abdomen,0.0794,1482.00,-8.460,5.700,-0.018,6.397,6.397,14.857
0,401,1.0000,thorax,0.0418,1482.00,-4.412,5.700,0.000,9.592,9.592,14.004
0,401,1.0000,left_thigh,0.0069,2052.00,2.916,5.700,0.000,-111.000,-111.000,-113.917
0,401,1.0000,left_foot,0.0544,1710.00,8.886,9.500,-0.079,-27.000,-22.823,-31.709
0,402,1.0000,abdomen,0.0804,1482.00,-8.462,5.700,-0.015,6.397,6.397,14.860
0,402,1.0000,thorax,0.0420,1482.00,-4.412,5.700,0.000,9.592,9.592,14.003
0,402,1.0000,left_thigh,0.0073,2052.00,2.918,5.700,0.000,-111.000,-111.000,-113.919
0,402,1.0000,left_foot,0.0459,1710.00,7.733,9.500,-0.065,-27.000,-25.115,-31.702
0,403,1.0000,abdomen,0.0794,1482.00,-8.455,5.700,-0.018,6.397,6.397,14.853
0,403,1.0000,thorax,0.0418,1482.00,-4.409,5.700,0.000,9.592,9.592,14.001
0,403,1.0000,left_thigh,0.0069,2052.00,2.916,5.700,0.000,-111.000,-111.000,-113.916
0,403,1.0000,left_foot,0.0543,1710.00,8.883,9.500,-0.079,-27.000,-22.823,-31.706
0,404,1.0000,abdomen,0.0805,1482.00,-8.458,5.700,-0.015,6.397,6.397,14.856
0,404,1.0000,thorax,0.0420,1482.00,-4.409,5.700,0.000,9.592,9.592,14.001
0,404,1.0000,left_thigh,0.0073,2052.00,2.918,5.700,0.000,-111.000,-111.000,-113.918
0,404,1.0000,left_foot,0.0459,1710.00,7.730,9.500,-0.064,-27.000,-25.115,-31.699
0,405,1.0000,abdomen,0.0794,1482.00,-8.452,5.700,-0.018,6.397,6.397,14.850
0,405,1.0000,thorax,0.0418,1482.00,-4.407,5.700,0.000,9.592,9.592,13.999
0,405,1.0000,left_thigh,0.0069,2052.00,2.915,5.700,0.000,-111.000,-111.000,-113.916
0,405,1.0000,left_foot,0.0543,1710.00,8.880,9.500,-0.078,-27.000,-22.823,-31.703
0,406,1.0000,abdomen,0.0805,1482.00,-8.456,5.700,-0.015,6.397,6.397,14.853
0,406,1.0000,thorax,0.0421,1482.00,-4.407,5.700,0.000,9.592,9.592,13.999
0,406,1.0000,left_thigh,0.0073,2052.00,2.918,5.700,0.000,-111.000,-111.000,-113.918
0,406,1.0000,left_foot,0.0458,1710.00,7.726,9.500,-0.063,-27.000,-25.115,-31.696
0,407,1.0000,abdomen,0.0795,1482.00,-8.450,5.700,-0.018,6.397,6.397,14.848
0,407,1.0000,thorax,0.0419,1482.00,-4.406,5.700,0.000,9.592,9.592,13.997
0,407,1.0000,left_thigh,0.0069,2052.00,2.915,5.700,0.000,-111.000,-111.000,-113.916
0,407,1.0000,left_foot,0.0542,1710.00,8.876,9.500,-0.077,-27.000,-22.823,-31.699
0,408,1.0000,abdomen,0.0805,1482.00,-8.454,5.700,-0.015,6.397,6.397,14.852
0,408,1.0000,thorax,0.0421,1482.00,-4.406,5.700,0.000,9.592,9.592,13.998
0,408,1.0000,left_thigh,0.0073,2052.00,2.918,5.700,0.000,-111.000,-111.000,-113.918
0,408,1.0000,left_foot,0.0458,1710.00,7.723,9.500,-0.063,-27.000,-25.115,-31.692
0,409,1.0000,abdomen,0.0795,1482.00,-8.449,5.700,-0.018,6.397,6.397,14.846
0,409,1.0000,thorax,0.0419,1482.00,-4.405,5.700,0.000,9.592,9.592,13.997
0,409,1.0000,left_thigh,0.0069,2052.00,2.916,5.700,0.000,-111.000,-111.000,-113.916
0,409,1.0000,left_foot,0.0542,1710.00,8.872,9.500,-0.076,-27.000,-22.823,-31.695
0,410,1.0000,abdomen,0.0806,1482.00,-8.453,5.700,-0.015,6.397,6.397,14.851
0,410,1.0000,thorax,0.0421,1482.00,-4.406,5.700,0.000,9.592,9.592,13.997
0,410,1.0000,left_thigh,0.0073,2052.00,2.918,5.700,0.000,-111.000,-111.000,-113.918
0,410,1.0000,left_foot,0.0458,1710.00,7.718,9.500,-0.062,-27.000,-25.115,-31.688
0,411,1.0000,abdomen,0.0795,1482.00,-8.448,5.700,-0.018,6.397,6.397,14.846
0,411,1.0000,thorax,0.0419,1482.00,-4.405,5.700,0.000,9.592,9.592,13.996
0,411,1.0000,left_thigh,0.0069,2052.00,2.916,5.700,0.000,-111.000,-111.000,-113.916
0,411,1.0000,left_foot,0.0540,1710.00,8.849,9.500,-0.075,-27.000,-22.842,-31.691
0,412,1.0000,abdomen,0.0806,1482.00,-8.453,5.700,-0.015,6.397,6.397,14.851
0,412,1.0000,thorax,0.0421,1482.00,-4.405,5.700,0.000,9.592,9.592,13.997
0,412,1.0000,left_thigh,0.0073,2052.00,2.919,5.700,0.000,-111.000,-111.000,-113.919
0,412,1.0000,left_foot,0.0456,1710.00,7.695,9.500,-0.061,-27.000,-25.134,-31.683
0,413,1.0000,abdomen,0.0795,1482.00,-8.448,5.700,-0.018,6.397,6.397,14.846
0,413,1.0000,thorax,0.0419,1482.00,-4.404,5.700,0.000,9.592,9.592,13.996
0,413,1.0000,left_thigh,0.0069,2052.00,2.916,5.700,0.000,-111.000,-111.000,-113.917
0,413,1.0000,left_foot,0.0540,1710.00,8.845,9.500,-0.074,-27.000,-22.842,-31.687
0,414,1.0000,abdomen,0.0806,1482.00,-8.453,5.700,-0.015,6.397,6.397,14.851
0,414,1.0000,thorax,0.0421,1482.00,-4.405,5.700,0.000,9.592,9.592,13.997
0,414,1.0000,left_thigh,0.0073,2052.00,2.919,5.700,0.000,-111.000,-111.000,-113.919
0,414,1.0000,left_foot,0.0456,1710.00,7.691,9.500,-0.059,-27.000,-25.134,-31.679
0,415,1.0000,abdomen,0.0795,1482.00,-8.448,5.700,-0.018,6.397,6.397,14.846
0,415,1.0000,thorax,0.0419,1482.00,-4.405,5.700,0.000,9.592,9.592,13.996
0,415,1.0000,left_thigh,0.0069,2052.00,2.917,5.700,0.000,-111.000,-111.000,-113.917
0,415,1.0000,left_foot,0.0540,1710.00,8.840,9.500,-0.072,-27.000,-22.842,-31.682
0,416,1.0000,abdomen,0.0806,1482.00,-8.453,5.700,-0.015,6.397,6.397,14.851
0,416,1.0000,thorax,0.0421,1482.00,-4.406,5.700,0.000,9.592,9.592,13.997
0,416,1.0000,left_thigh,0.0074,2052.00,2.920,5.700,0.000,-111.000,-111.000,-113.920
0,416,1.0000,left_foot,0.0455,1710.00,7.686,9.500,-0.057,-27.000,-25.134,-31.674
0,417,1.0000,abdomen,0.0796,1482.00,-8.449,5.700,-0.018,6.397,6.397,14.847
0,417,1.0000,thorax,0.0419,1482.00,-4.405,5.700,0.000,9.592,9.592,13.996
0,417,1.0000,left_thigh,0.0069,2052.00,2.917,5.700,0.000,-111.000,-111.000,-113.918
0,417,1.0000,left_foot,0.0539,1710.00,8.835,9.500,-0.071,-27.000,-22.842,-31.677
0,418,1.0000,abdomen,0.0806,1482.00,-8.454,5.700,-0.015,6.397,6.397,14.852
0,418,1.0000,thorax,0.0421,1482.00,-4.406,5.700,0.000,9.592,9.592,13.997
0,418,1.0000,left_thigh,0.0074,2052.00,2.920,5.700,0.000,-111.000,-111.000,-113.920
0,418,1.0000,left_foot,0.0455,1710.00,7.681,9.500,-0.057,-27.000,-25.134,-31.669
0,419,1.0000,abdomen,0.0796,1482.00,-8.450,5.700,-0.018,6.397,6.397,14.847
0,419,1.0000,thorax,0.0419,1482.00,-4.405,5.700,0.000,9.592,9.592,13.997
0,419,1.0000,left_thigh,0.0069,2052.00,2.918,5.700,0.000,-111.000,-111.000,-113.918
0,419,1.0000,left_foot,0.0539,1710.00,8.831,9.500,-0.071,-27.000,-22.842,-31.673
0,420,1.0000,abdomen,0.0806,1482.00,-8.455,5.700,-0.015,6.397,6.397,14.852
0,420,1.0000,thorax,0.0421,1482.00,-4.406,5.700,0.000,9.592,9.592,13.998
0,420,1.0000,left_thigh,0.0074,2052.00,2.921,5.700,0.000,-111.000,-111.000,-113.921
0,420,1.0000,left_foot,0.0455,1710.00,7.676,9.500,-0.057,-27.000,-25.134,-31.665
25,1,0.0030,abdomen,0.0633,1852.50,8.124,7.125,-0.054,0.000,0.040,-8.081
25,1,0.0030,thorax,0.0555,1852.50,6.626,7.125,0.000,0.056,0.056,-6.561
25,1,0.0030,left_thigh,0.0380,2565.00,-2.843,7.125,0.000,-0.319,-0.319,2.523
25,1,0.0030,left_foot,0.0223,2137.50,5.480,11.875,0.261,-0.105,1.894,-4.624
25,2,0.0060,abdomen,0.0611,1852.50,8.148,7.125,-0.053,0.088,0.088,-8.061
25,2,0.0060,thorax,0.0554,1852.50,6.681,7.125,0.000,0.131,0.131,-6.550
25,2,0.0060,left_thigh,0.0549,2565.00,-3.385,7.125,0.000,-0.639,-0.639,2.745
25,2,0.0060,left_foot,0.0142,2137.50,5.189,11.875,0.309,-0.213,0.682,-4.506
25,3,0.0090,abdomen,0.0632,1852.50,8.202,7.125,-0.047,0.125,0.131,-8.072
25,3,0.0090,thorax,0.0574,1852.50,6.752,7.125,0.000,0.194,0.194,-6.557
25,3,0.0090,left_thigh,0.0565,2565.00,-3.904,7.125,0.000,-0.959,-0.959,2.944
25,3,0.0090,left_foot,0.0092,2137.50,4.074,11.875,0.179,-0.321,-0.352,-4.426
25,4,0.0120,abdomen,0.0641,1852.50,8.262,7.125,-0.050,0.172,0.172,-8.087
25,4,0.0120,thorax,0.0585,1852.50,6.831,7.125,0.000,0.262,0.262,-6.568
25,4,0.0120,left_thigh,0.0572,2565.00,-4.386,7.125,0.000,-1.283,-1.283,3.103
25,4,0.0120,left_foot,0.0158,2137.50,5.159,11.875,0.224,-0.432,1.829,-4.365
25,5,0.0150,abdomen,0.0648,1852.50,8.321,7.125,-0.051,0.220,0.220,-8.100
25,5,0.0150,thorax,0.0593,1852.50,6.912,7.125,0.000,0.331,0.331,-6.581
25,5,0.0150,left_thigh,0.0575,2565.00,-4.830,7.125,0.000,-1.609,-1.609,3.221
25,5,0.0150,left_foot,0.0096,2137.50,3.946,11.875,0.310,-0.542,-0.573,-4.299
25,6,0.0180,abdomen,0.0650,1852.50,8.378,7.125,-0.053,0.265,0.265,-8.112
25,6,0.0180,thorax,0.0595,1852.50,6.990,7.125,0.000,0.400,0.400,-6.590
25,6,0.0180,left_thigh,0.0577,2565.00,-5.237,7.125,0.000,-1.934,-1.934,3.303
25,6,0.0180,left_foot,0.0167,2137.50,5.049,11.875,0.290,-0.654,1.608,-4.255
25,7,0.0210,abdomen,0.0658,1852.50,8.436,7.125,-0.052,0.312,0.312,-8.124
25,7,0.0210,thorax,0.0603,1852.50,7.066,7.125,0.000,0.468,0.468,-6.596
25,7,0.0210,left_thigh,0.0581,2565.00,-5.608,7.125,0.000,-2.262,-2.262,3.347
25,7,0.0210,left_foot,0.0107,2137.50,3.864,11.875,0.318,-0.766,-0.398,-4.216
25,8,0.0240,abdomen,0.0660,1852.50,8.494,7.125,-0.053,0.360,0.360,-8.134
25,8,0.0240,thorax,0.0605,1852.50,7.141,7.125,0.000,0.540,0.540,-6.600
25,8,0.0240,left_thigh,0.0586,2565.00,-5.956,7.125,0.000,-2.593,-2.593,3.363
25,8,0.0240,left_foot,0.0178,2137.50,4.993,11.875,0.273,-0.880,1.780,-4.199
25,9,0.0270,abdomen,0.0666,1852.50,8.553,7.125,-0.050,0.407,0.407,-8.145
25,9,0.0270,thorax,0.0610,1852.50,7.214,7.125,0.000,0.612,0.612,-6.602
25,9,0.0270,left_thigh,0.0586,2565.00,-6.273,7.125,0.000,-2.924,-2.924,3.348
25,9,0.0270,left_foot,0.0121,2137.50,3.834,11.875,0.287,-0.995,-0.626,-4.186
25,10,0.0300,abdomen,0.0668,1852.50,8.610,7.125,-0.052,0.455,0.455,-8.154
25,10,0.0300,thorax,0.0614,1852.50,7.284,7.125,0.000,0.683,0.683,-6.600
25,10,0.0300,left_thigh,0.0591,2565.00,-6.563,7.125,0.000,-3.255,-3.255,3.307
25,10,0.0300,left_foot,0.0192,2137.50,4.991,11.875,0.243,-1.109,1.552,-4.197
25,11,0.0330,abdomen,0.0673,1852.50,8.668,7.125,-0.051,0.505,0.504,-8.163
25,11,0.0330,thorax,0.0619,1852.50,7.354,7.125,0.000,0.757,0.757,-6.596
25,11,0.0330,left_thigh,0.0593,2565.00,-6.835,7.125,0.000,-3.592,-3.592,3.243
25,11,0.0330,left_foot,0.0132,2137.50,3.855,11.875,0.264,-1.226,-0.857,-4.207
25,12,0.0360,abdomen,0.0673,1852.50,8.723,7.125,-0.052,0.554,0.554,-8.168
25,12,0.0360,thorax,0.0620,1852.50,7.420,7.125,0.000,0.832,0.832,-6.588
25,12,0.0360,left_thigh,0.0595,2565.00,-7.084,7.125,0.000,-3.928,-3.928,3.156
25,12,0.0360,left_foot,0.0205,2137.50,5.032,11.875,0.219,-1.343,1.025,-4.238
25,13,0.0390,abdomen,0.0677,1852.50,8.775,7.125,-0.050,0.604,0.604,-8.172
25,13,0.0390,thorax,0.0623,1852.50,7.483,7.125,0.000,0.906,0.906,-6.577
25,13,0.0390,left_thigh,0.0594,2565.00,-7.309,7.125,0.000,-4.264,-4.264,3.045
25,13,0.0390,left_foot,0.0146,2137.50,3.916,11.875,0.236,-1.460,-1.384,-4.268
25,14,0.0420,abdomen,0.0676,1852.50,8.825,7.125,-0.051,0.654,0.654,-8.171
25,14,0.0420,thorax,0.0624,1852.50,7.542,7.125,0.000,0.981,0.981,-6.561
25,14,0.0420,left_thigh,0.0598,2565.00,-7.518,7.125,0.000,-4.604,-4.604,2.914
25,14,0.0420,left_foot,0.0179,2137.50,4.382,11.875,0.193,-1.579,0.056,-4.317
25,15,0.0450,abdomen,0.0677,1852.50,8.870,7.125,-0.050,0.704,0.704,-8.165
25,15,0.0450,thorax,0.0624,1852.50,7.597,7.125,0.000,1.057,1.057,-6.539
25,15,0.0450,left_thigh,0.0600,2565.00,-7.713,7.125,0.000,-4.945,-4.945,2.767
25,15,0.0450,left_foot,0.0123,2137.50,3.286,11.875,0.203,-1.698,-1.663,-4.367
25,16,0.0480,abdomen,0.0675,1852.50,8.909,7.125,-0.050,0.756,0.756,-8.153
25,16,0.0480,thorax,0.0623,1852.50,7.646,7.125,0.000,1.134,1.134,-6.512
25,16,0.0480,left_thigh,0.0601,2565.00,-7.891,7.125,0.000,-5.286,-5.286,2.604
25,16,0.0480,left_foot,0.0195,2137.50,4.499,11.875,0.181,-1.818,0.510,-4.434
25,17,0.0510,abdomen,0.0678,1852.50,8.946,7.125,-0.049,0.807,0.807,-8.139
25,17,0.0510,thorax,0.0626,1852.50,7.692,7.125,0.000,1.210,1.210,-6.481
25,17,0.0510,left_thigh,0.0602,2565.00,-8.052,7.125,0.000,-5.629,-5.629,2.423
25,17,0.0510,left_foot,0.0135,2137.50,3.416,11.875,0.218,-1.938,-1.902,-4.496
25,18,0.0540,abdomen,0.0674,1852.50,8.978,7.125,-0.051,0.859,0.859,-8.119
25,18,0.0540,thorax,0.0624,1852.50,7.735,7.125,0.000,1.289,1.289,-6.446
25,18,0.0540,left_thigh,0.0605,2565.00,-8.205,7.125,0.000,-5.975,-5.974,2.231
25,18,0.0540,left_foot,0.0206,2137.50,4.638,11.875,0.193,-2.060,0.265,-4.572
25,19,0.0570,abdomen,0.0675,1852.50,9.007,7.125,-0.050,0.911,0.911,-8.095
25,19,0.0570,thorax,0.0626,1852.50,7.774,7.125,0.000,1.367,1.367,-6.407
25,19,0.0570,left_thigh,0.0603,2565.00,-8.342,7.125,0.000,-6.320,-6.320,2.022
25,19,0.0570,left_foot,0.0147,2137.50,3.563,11.875,0.220,-2.182,-2.146,-4.643
25,20,0.0600,abdomen,0.0671,1852.50,9.029,7.125,-0.052,0.963,0.963,-8.066
25,20,0.0600,thorax,0.0623,1852.50,7.808,7.125,0.000,1.445,1.445,-6.363
25,20,0.0600,left_thigh,0.0603,2565.00,-8.466,7.125,0.000,-6.666,-6.666,1.800
25,20,0.0600,left_foot,0.0142,2137.50,3.353,11.875,0.186,-2.303,-1.373,-4.727
25,21,0.0630,abdomen,0.0668,1852.50,9.047,7.125,-0.049,1.016,1.016,-8.030
25,21,0.0630,thorax,0.0621,1852.50,7.837,7.125,0.000,1.525,1.525,-6.312
25,21,0.0630,left_thigh,0.0605,2565.00,-8.581,7.125,0.000,-7.016,-7.016,1.566
25,21,0.0630,left_foot,0.0173,2137.50,3.897,11.875,0.193,-2.427,-0.920,-4.817
25,22,0.0660,abdomen,0.0666,1852.50,9.060,7.125,-0.050,1.070,1.070,-7.990
25,22,0.0660,thorax,0.0620,1852.50,7.862,7.125,0.000,1.605,1.605,-6.257
25,22,0.0660,left_thigh,0.0605,2565.00,-8.687,7.125,0.000,-7.366,-7.366,1.321
25,22,0.0660,left_foot,0.0116,2137.50,2.837,11.875,0.210,-2.551,-3.336,-4.904
25,23,0.0690,abdomen,0.0661,1852.50,9.065,7.125,-0.051,1.123,1.123,-7.942
25,23,0.0690,thorax,0.0616,1852.50,7.881,7.125,0.000,1.684,1.684,-6.197
25,23,0.0690,left_thigh,0.0605,2565.00,-8.782,7.125,0.000,-7.716,-7.716,1.066
25,23,0.0690,left_foot,0.0174,2137.50,3.835,11.875,0.194,-2.675,-1.167,-5.003
25,24,0.0720,abdomen,0.0660,1852.50,9.068,7.125,-0.050,1.176,1.176,-7.891
25,24,0.0720,thorax,0.0616,1852.50,7.897,7.125,0.000,1.765,1.765,-6.132
25,24,0.0720,left_thigh,0.0605,2565.00,-8.867,7.125,0.000,-8.068,-8.068,0.798
25,24,0.0720,left_foot,0.0115,2137.50,2.782,11.875,0.234,-2.800,-3.584,-5.096
25,25,0.0750,abdomen,0.0654,1852.50,9.063,7.125,-0.054,1.230,1.230,-7.833
25,25,0.0750,thorax,0.0612,1852.50,7.909,7.125,0.000,1.846,1.846,-6.063
25,25,0.0750,left_thigh,0.0606,2565.00,-8.947,7.125,0.000,-8.422,-8.422,0.525
25,25,0.0750,left_foot,0.0172,2137.50,3.780,11.875,0.220,-2.925,-1.417,-5.198
25,26,0.0780,abdomen,0.0652,1852.50,9.056,7.125,-0.053,1.284,1.284,-7.771
25,26,0.0780,thorax,0.0611,1852.50,7.918,7.125,0.000,1.927,1.927,-5.991
25,26,0.0780,left_thigh,0.0604,2565.00,-9.017,7.125,0.000,-8.776,-8.776,0.241
25,26,0.0780,left_foot,0.0114,2137.50,2.731,11.875,0.256,-3.050,-3.835,-5.294
25,27,0.0810,abdomen,0.0646,1852.50,9.043,7.125,-0.055,1.338,1.338,-7.705
25,27,0.0810,thorax,0.0607,1852.50,7.922,7.125,0.000,2.008,2.008,-5.915
25,27,0.0810,left_thigh,0.0605,2565.00,-9.080,7.125,0.000,-9.131,-9.131,-0.040
25,27,0.0810,left_foot,0.0171,2137.50,3.733,11.875,0.236,-3.176,-1.668,-5.401
25,28,0.0840,abdomen,0.0643,1852.50,9.026,7.125,-0.054,1.393,1.393,-7.633
25,28,0.0840,thorax,0.0605,1852.50,7.924,7.125,0.000,2.089,2.089,-5.835
25,28,0.0840,left_thigh,0.0604,2565.00,-9.139,7.125,0.000,-9.488,-9.488,-0.349
25,28,0.0840,left_foot,0.0112,2137.50,2.685,11.875,0.269,-3.303,-4.087,-5.500
25,29,0.0870,abdomen,0.0636,1852.50,9.004,7.125,-0.056,1.447,1.447,-7.556
25,29,0.0870,thorax,0.0600,1852.50,7.920,7.125,0.000,2.171,2.171,-5.749
25,29,0.0870,left_thigh,0.0604,2565.00,-9.191,7.125,0.000,-9.845,-9.845,-0.654
25,29,0.0870,left_foot,0.0158,2137.50,3.469,11.875,0.241,-3.429,-2.140,-5.609
25,30,0.0900,abdomen,0.0632,1852.50,8.977,7.125,-0.054,1.501,1.501,-7.475
25,30,0.0900,thorax,0.0597,1852.50,7.913,7.125,0.000,2.253,2.253,-5.661
25,30,0.0900,left_thigh,0.0601,2565.00,-9.235,7.125,0.000,-10.203,-10.203,-0.968
25,30,0.0900,left_foot,0.0101,2137.50,2.427,11.875,0.266,-3.555,-4.324,-5.714
25,31,0.0930,abdomen,0.0625,1852.50,8.945,7.125,-0.055,1.557,1.557,-7.388
25,31,0.0930,thorax,0.0592,1852.50,7.902,7.125,0.000,2.335,2.335,-5.567
25,31,0.0930,left_thigh,0.0602,2565.00,-9.276,7.125,0.000,-10.563,-10.563,-1.288
25,31,0.0930,left_foot,0.0170,2137.50,3.669,11.875,0.246,-3.683,-2.159,-5.828
25,32,0.0960,abdomen,0.0621,1852.50,8.909,7.125,-0.054,1.611,1.611,-7.298
25,32,0.0960,thorax,0.0590,1852.50,7.888,7.125,0.000,2.417,2.417,-5.471
25,32,0.0960,left_thigh,0.0600,2565.00,-9.310,7.125,0.000,-10.924,-10.924,-1.613
25,32,0.0960,left_foot,0.0111,2137.50,2.627,11.875,0.283,-3.811,-4.579,-5.932
25,33,0.0990,abdomen,0.0614,1852.50,8.869,7.125,-0.057,1.666,1.666,-7.203
25,33,0.0990,thorax,0.0585,1852.50,7.871,7.125,0.000,2.499,2.499,-5.372
25,33,0.0990,left_thigh,0.0599,2565.00,-9.340,7.125,0.000,-11.285,-11.285,-1.945
25,33,0.0990,left_foot,0.0168,2137.50,3.632,11.875,0.253,-3.938,-2.414,-6.046
25,34,0.1020,abdomen,0.0609,1852.50,8.825,7.125,-0.055,1.721,1.721,-7.104
25,34,0.1020,thorax,0.0582,1852.50,7.851,7.125,0.000,2.581,2.581,-5.270
25,34,0.1020,left_thigh,0.0597,2565.00,-9.363,7.125,0.000,-11.647,-11.647,-2.284
25,34,0.1020,left_foot,0.0110,2137.50,2.592,11.875,0.281,-4.066,-4.834,-6.153
25,35,0.1050,abdomen,0.0601,1852.50,8.776,7.125,-0.057,1.776,1.776,-7.000
25,35,0.1050,thorax,0.0576,1852.50,7.827,7.125,0.000,2.664,2.664,-5.163
25,35,0.1050,left_thigh,0.0598,2565.00,-9.386,7.125,0.000,-12.011,-12.011,-2.625
25,35,0.1050,left_foot,0.0166,2137.50,3.597,11.875,0.253,-4.194,-2.670,-6.268
25,36,0.1080,abdomen,0.0596,1852.50,8.724,7.125,-0.055,1.830,1.830,-6.893
25,36,0.1080,thorax,0.0572,1852.50,7.800,7.125,0.000,2.746,2.746,-5.054
25,36,0.1080,left_thigh,0.0594,2565.00,-9.401,7.125,0.000,-12.374,-12.374,-2.973
25,36,0.1080,left_foot,0.0108,2137.50,2.559,11.875,0.280,-4.322,-5.090,-6.375
25,37,0.1110,abdomen,0.0587,1852.50,8.667,7.125,-0.057,1.885,1.885,-6.782
25,37,0.1110,thorax,0.0566,1852.50,7.770,7.125,0.000,2.828,2.828,-4.942
25,37,0.1110,left_thigh,0.0595,2565.00,-9.414,7.125,0.000,-12.739,-12.739,-3.325
25,37,0.1110,left_foot,0.0164,2137.50,3.564,11.875,0.254,-4.451,-2.927,-6.491
25,38,0.1140,abdomen,0.0581,1852.50,8.607,7.125,-0.055,1.940,1.940,-6.667
25,38,0.1140,thorax,0.0562,1852.50,7.737,7.125,0.000,2.910,2.910,-4.827
25,38,0.1140,left_thigh,0.0592,2565.00,-9.423,7.125,0.000,-13.105,-13.105,-3.681
25,38,0.1140,left_foot,0.0106,2137.50,2.527,11.875,0.284,-4.579,-5.347,-6.599
25,39,0.1170,abdomen,0.0573,1852.50,8.542,7.125,-0.057,1.994,1.994,-6.548
25,39,0.1170,thorax,0.0556,1852.50,7.700,7.125,0.001,2.992,2.992,-4.708
25,39,0.1170,left_thigh,0.0591,2565.00,-9.430,7.125,0.000,-13.471,-13.471,-4.041
25,39,0.1170,left_foot,0.0162,2137.50,3.532,11.875,0.260,-4.708,-3.184,-6.716
25,40,0.1200,abdomen,0.0567,1852.50,8.475,7.125,-0.056,2.049,2.049,-6.426
25,40,0.1200,thorax,0.0552,1852.50,7.662,7.125,0.001,3.074,3.074,-4.588
25,40,0.1200,left_thigh,0.0587,2565.00,-9.430,7.125,0.000,-13.837,-13.837,-4.407
25,40,0.1200,left_foot,0.0105,2137.50,2.496,11.875,0.292,-4.836,-5.604,-6.825
25,41,0.1230,abdomen,0.0558,1852.50,8.404,7.125,-0.058,2.103,2.103,-6.300
25,41,0.1230,thorax,0.0545,1852.50,7.620,7.125,0.001,3.155,3.155,-4.465
25,41,0.1230,left_thigh,0.0587,2565.00,-9.430,7.125,0.000,-14.205,-14.205,-4.775
25,41,0.1230,left_foot,0.0161,2137.50,3.502,11.875,0.269,-4.964,-3.440,-6.943
25,42,0.1260,abdomen,0.0551,1852.50,8.329,7.125,-0.057,2.158,2.158,-6.171
25,42,0.1260,thorax,0.0540,1852.50,7.576,7.125,0.001,3.236,3.236,-4.340
25,42,0.1260,left_thigh,0.0584,2565.00,-9.425,7.125,0.000,-14.574,-14.574,-5.148
25,42,0.1260,left_foot,0.0103,2137.50,2.466,11.875,0.301,-5.093,-5.861,-7.052
25,43,0.1290,abdomen,0.0543,1852.50,8.251,7.125,-0.059,2.212,2.212,-6.039
25,43,0.1290,thorax,0.0534,1852.50,7.529,7.125,0.001,3.318,3.318,-4.212
25,43,0.1290,left_thigh,0.0582,2565.00,-9.419,7.125,0.000,-14.942,-14.942,-5.523
25,43,0.1290,left_foot,0.0159,2137.50,3.473,11.875,0.278,-5.221,-3.697,-7.170
25,44,0.1320,abdomen,0.0536,1852.50,8.171,7.125,-0.057,2.266,2.266,-5.905
25,44,0.1320,thorax,0.0529,1852.50,7.481,7.125,0.001,3.398,3.398,-4.082
25,44,0.1320,left_thigh,0.0579,2565.00,-9.408,7.125,0.000,-15.312,-15.312,-5.903
25,44,0.1320,left_foot,0.0102,2137.50,2.437,11.875,0.311,-5.349,-6.117,-7.280
25,45,0.1350,abdomen,0.0526,1852.50,8.087,7.125,-0.060,2.319,2.319,-5.768
25,45,0.1350,thorax,0.0522,1852.50,7.429,7.125,0.001,3.479,3.479,-3.950
25,45,0.1350,left_thigh,0.0579,2565.00,-9.398,7.125,0.000,-15.682,-15.682,-6.284
25,45,0.1350,left_foot,0.0157,2137.50,3.444,11.875,0.287,-5.477,-3.953,-7.398
25,46,0.1380,abdomen,0.0520,1852.50,8.001,7.125,-0.058,2.373,2.373,-5.628
25,46,0.1380,thorax,0.0517,1852.50,7.376,7.125,0.001,3.559,3.559,-3.817
25,46,0.1380,left_thigh,0.0574,2565.00,-9.383,7.125,0.000,-16.052,-16.052,-6.669
25,46,0.1380,left_foot,0.0100,2137.50,2.408,11.875,0.320,-5.605,-6.373,-7.508
25,47,0.1410,abdomen,0.0510,1852.50,7.913,7.125,-0.060,2.426,2.426,-5.486
25,47,0.1410,thorax,0.0510,1852.50,7.321,7.125,0.001,3.639,3.639,-3.682
25,47,0.1410,left_thigh,0.0574,2565.00,-9.367,7.125,0.000,-16.423,-16.423,-7.056
25,47,0.1410,left_foot,0.0156,2137.50,3.417,11.875,0.296,-5.733,-4.209,-7.626
25,48,0.1440,abdomen,0.0503,1852.50,7.821,7.125,-0.058,2.479,2.479,-5.342
25,48,0.1440,thorax,0.0505,1852.50,7.263,7.125,0.001,3.718,3.718,-3.545
25,48,0.1440,left_thigh,0.0570,2565.00,-9.349,7.125,0.000,-16.795,-16.795,-7.446
25,48,0.1440,left_foot,0.0099,2137.50,2.382,11.875,0.328,-5.860,-6.628,-7.737
25,49,0.1470,abdomen,0.0494,1852.50,7.727,7.125,-0.061,2.531,2.531,-5.196
25,49,0.1470,thorax,0.0498,1852.50,7.203,7.125,0.001,3.797,3.797,-3.406
25,49,0.1470,left_thigh,0.0569,2565.00,-9.330,7.125,0.000,-17.167,-17.167,-7.838
25,49,0.1470,left_foot,0.0154,2137.50,3.391,11.875,0.303,-5.988,-4.464,-7.855
25,50,0.1500,abdomen,0.0486,1852.50,7.632,7.125,-0.059,2.584,2.584,-5.048
25,50,0.1500,thorax,0.0492,1852.50,7.144,7.125,0.001,3.876,3.876,-3.267
25,50,0.1500,left_thigh,0.0565,2565.00,-9.306,7.125,0.000,-17.539,-17.539,-8.234
25,50,0.1500,left_foot,0.0098,2137.50,2.356,11.875,0.335,-6.115,-6.883,-7.966
25,51,0.1530,abdomen,0.0477,1852.50,7.533,7.125,-0.061,2.635,2.635,-4.898
25,51,0.1530,thorax,0.0484,1852.50,7.079,7.125,0.001,3.953,3.953,-3.126
25,51,0.1530,left_thigh,0.0565,2565.00,-9.284,7.125,0.000,-17.912,-17.912,-8.629
25,51,0.1530,left_foot,0.0153,2137.50,3.367,11.875,0.310,-6.242,-4.718,-8.084
25,52,0.1560,abdomen,0.0469,1852.50,7.433,7.125,-0.060,2.687,2.687,-4.746
25,52,0.1560,thorax,0.0480,1852.50,7.015,7.125,0.001,4.030,4.030,-2.984
25,52,0.1560,left_thigh,0.0560,2565.00,-9.257,7.125,0.000,-18.286,-18.286,-9.028
25,52,0.1560,left_foot,0.0096,2137.50,2.332,11.875,0.342,-6.368,-6.651,-8.196
25,53,0.1590,abdomen,0.0461,1852.50,7.332,7.125,-0.062,2.739,2.739,-4.593
25,53,0.1590,thorax,0.0473,1852.50,6.949,7.125,0.001,4.108,4.108,-2.841
25,53,0.1590,left_thigh,0.0559,2565.00,-9.231,7.125,0.000,-18.659,-18.659,-9.428
25,53,0.1590,left_foot,0.0165,2137.50,3.597,11.875,0.316,-6.494,-4.486,-8.314
25,54,0.1620,abdomen,0.0452,1852.50,7.228,7.125,-0.060,2.789,2.789,-4.439
25,54,0.1620,thorax,0.0467,1852.50,6.882,7.125,0.001,4.184,4.184,-2.699
25,54,0.1620,left_thigh,0.0554,2565.00,-9.200,7.125,0.000,-19.033,-19.033,-9.833
25,54,0.1620,left_foot,0.0107,2137.50,2.560,11.875,0.352,-6.620,-6.903,-8.424
25,55,0.1650,abdomen,0.0443,1852.50,7.123,7.125,-0.063,2.839,2.839,-4.283
25,55,0.1650,thorax,0.0459,1852.50,6.813,7.125,0.001,4.259,4.259,-2.554
25,55,0.1650,left_thigh,0.0553,2565.00,-9.170,7.125,0.000,-19.407,-19.407,-10.237
25,55,0.1650,left_foot,0.0175,2137.50,3.804,11.875,0.316,-6.745,-4.736,-8.541
25,56,0.1680,abdomen,0.0435,1852.50,7.016,7.125,-0.061,2.890,2.890,-4.126
25,56,0.1680,thorax,0.0455,1852.50,6.743,7.125,0.001,4.334,4.334,-2.409
25,56,0.1680,left_thigh,0.0548,2565.00,-9.136,7.125,0.000,-19.781,-19.781,-10.646
25,56,0.1680,left_foot,0.0117,2137.50,2.766,11.875,0.343,-6.870,-7.153,-8.649
25,57,0.1710,abdomen,0.0425,1852.50,6.908,7.125,-0.063,2.939,2.939,-3.969
25,57,0.1710,thorax,0.0446,1852.50,6.672,7.125,0.000,4.408,4.408,-2.264
25,57,0.1710,left_thigh,0.0547,2565.00,-9.102,7.125,0.000,-20.156,-20.156,-11.054
25,57,0.1710,left_foot,0.0173,2137.50,3.778,11.875,0.302,-6.994,-4.986,-8.764
25,58,0.1740,abdomen,0.0416,1852.50,6.797,7.125,-0.060,2.988,2.988,-3.809
25,58,0.1740,thorax,0.0440,1852.50,6.598,7.125,0.000,4.481,4.481,-2.117
25,58,0.1740,left_thigh,0.0543,2565.00,-9.066,7.125,0.000,-20.531,-20.531,-11.465
25,58,0.1740,left_foot,0.0116,2137.50,2.740,11.875,0.320,-7.118,-7.401,-8.872
25,59,0.1770,abdomen,0.0407,1852.50,6.686,7.125,-0.062,3.036,3.036,-3.650
25,59,0.1770,thorax,0.0432,1852.50,6.523,7.125,0.000,4.554,4.554,-1.969
25,59,0.1770,left_thigh,0.0542,2565.00,-9.031,7.125,0.000,-20.906,-20.906,-11.875
25,59,0.1770,left_foot,0.0172,2137.50,3.755,11.875,0.286,-7.241,-5.233,-8.988
25,60,0.1800,abdomen,0.0397,1852.50,6.573,7.125,-0.059,3.085,3.085,-3.488
25,60,0.1800,thorax,0.0425,1852.50,6.448,7.125,0.000,4.627,4.627,-1.821
25,60,0.1800,left_thigh,0.0537,2565.00,-8.992,7.125,0.000,-21.281,-21.281,-12.288
25,60,0.1800,left_foot,0.0116,2137.50,2.718,11.875,0.312,-7.364,-7.648,-9.096
25,61,0.1830,abdomen,0.0387,1852.50,6.457,7.125,-0.061,3.131,3.131,-3.326
25,61,0.1830,thorax,0.0417,1852.50,6.368,7.125,0.000,4.697,4.697,-1.671
25,61,0.1830,left_thigh,0.0536,2565.00,-8.955,7.125,0.000,-21.656,-21.656,-12.701
25,61,0.1830,left_foot,0.0172,2137.50,3.734,11.875,0.283,-7.486,-5.478,-9.212
25,62,0.1860,abdomen,0.0378,1852.50,6.340,7.125,-0.060,3.178,3.178,-3.162
25,62,0.1860,thorax,0.0411,1852.50,6.288,7.125,0.000,4.767,4.767,-1.521
25,62,0.1860,left_thigh,0.0531,2565.00,-8.914,7.125,0.000,-22.031,-22.031,-13.117
25,62,0.1860,left_foot,0.0115,2137.50,2.698,11.875,0.315,-7.607,-7.427,-9.321
25,63,0.1890,abdomen,0.0370,1852.50,6.223,7.125,-0.062,3.225,3.225,-2.998
25,63,0.1890,thorax,0.0404,1852.50,6.208,7.125,0.000,4.837,4.837,-1.371
25,63,0.1890,left_thigh,0.0529,2565.00,-8.874,7.125,0.000,-22.406,-22.406,-13.532
25,63,0.1890,left_foot,0.0183,2137.50,3.959,11.875,0.291,-7.729,-5.257,-9.437
25,64,0.1920,abdomen,0.0359,1852.50,6.103,7.125,-0.060,3.270,3.270,-2.833
25,64,0.1920,thorax,0.0397,1852.50,6.127,7.125,0.000,4.905,4.905,-1.223
25,64,0.1920,left_thigh,0.0523,2565.00,-8.830,7.125,0.000,-22.782,-22.782,-13.952
25,64,0.1920,left_foot,0.0126,2137.50,2.920,11.875,0.327,-7.849,-7.669,-9.544
25,65,0.1950,abdomen,0.0350,1852.50,5.982,7.125,-0.063,3.315,3.315,-2.667
25,65,0.1950,thorax,0.0389,1852.50,6.044,7.125,0.000,4.971,4.971,-1.072
25,65,0.1950,left_thigh,0.0522,2565.00,-8.787,7.125,0.000,-23.157,-23.157,-14.370
25,65,0.1950,left_foot,0.0194,2137.50,4.162,11.875,0.295,-7.968,-5.496,-9.658
25,66,0.1980,abdomen,0.0341,1852.50,5.860,7.125,-0.061,3.359,3.359,-2.500
25,66,0.1980,thorax,0.0384,1852.50,5.961,7.125,0.000,5.038,5.038,-0.922
25,66,0.1980,left_thigh,0.0516,2565.00,-8.740,7.125,0.000,-23.532,-23.532,-14.792
25,66,0.1980,left_foot,0.0135,2137.50,3.122,11.875,0.323,-8.087,-7.907,-9.764
25,67,0.2010,abdomen,0.0330,1852.50,5.738,7.125,-0.063,3.403,3.403,-2.335
25,67,0.2010,thorax,0.0373,1852.50,5.876,7.125,0.000,5.104,5.104,-0.772
25,67,0.2010,left_thigh,0.0515,2565.00,-8.694,7.125,0.000,-23.907,-23.907,-15.213
25,67,0.2010,left_foot,0.0192,2137.50,4.142,11.875,0.284,-8.205,-5.733,-9.876
25,68,0.2040,abdomen,0.0320,1852.50,5.612,7.125,-0.060,3.445,3.445,-2.167
25,68,0.2040,thorax,0.0366,1852.50,5.789,7.125,0.000,5.167,5.167,-0.622
25,68,0.2040,left_thigh,0.0510,2565.00,-8.646,7.125,0.000,-24.282,-24.282,-15.636
25,68,0.2040,left_foot,0.0135,2137.50,3.102,11.875,0.302,-8.322,-8.142,-9.982
25,69,0.2070,abdomen,0.0312,1852.50,5.488,7.125,-0.062,3.488,3.488,-2.000
25,69,0.2070,thorax,0.0359,1852.50,5.701,7.125,0.000,5.231,5.231,-0.470
25,69,0.2070,left_thigh,0.0509,2565.00,-8.600,7.125,0.000,-24.657,-24.657,-16.057
25,69,0.2070,left_foot,0.0191,2137.50,4.127,11.875,0.270,-8.438,-5.967,-10.094
25,70,0.2100,abdomen,0.0300,1852.50,5.362,7.125,-0.059,3.530,3.530,-1.832
25,70,0.2100,thorax,0.0350,1852.50,5.614,7.125,0.000,5.294,5.294,-0.319
25,70,0.2100,left_thigh,0.0503,2565.00,-8.550,7.125,0.000,-25.032,-25.032,-16.482
25,70,0.2100,left_foot,0.0135,2137.50,3.087,11.875,0.294,-8.555,-8.375,-10.199
25,71,0.2130,abdomen,0.0291,1852.50,5.234,7.125,-0.061,3.570,3.570,-1.664
25,71,0.2130,thorax,0.0341,1852.50,5.521,7.125,0.000,5.353,5.353,-0.168
25,71,0.2130,left_thigh,0.0502,2565.00,-8.502,7.125,0.000,-25.407,-25.407,-16.904
25,71,0.2130,left_foot,0.0192,2137.50,4.115,11.875,0.266,-8.668,-6.197,-10.312
25,72,0.2160,abdomen,0.0281,1852.50,5.104,7.125,-0.059,3.609,3.609,-1.495
25,72,0.2160,thorax,0.0336,1852.50,5.429,7.125,0.000,5.413,5.413,0.000
25,72,0.2160,left_thigh,0.0496,2565.00,-8.451,7.125,0.000,-25.781,-25.781,-17.330
25,72,0.2160,left_foot,0.0135,2137.50,3.075,11.875,0.297,-8.782,-8.180,-10.418
25,73,0.2190,abdomen,0.0272,1852.50,4.976,7.125,-0.062,3.649,3.649,-1.327
25,73,0.2190,thorax,0.0328,1852.50,5.338,7.125,0.000,5.472,5.472,0.131
25,73,0.2190,left_thigh,0.0495,2565.00,-8.402,7.125,0.000,-26.155,-26.155,-17.754
25,73,0.2190,left_foot,0.0203,2137.50,4.333,11.875,0.272,-8.896,-6.002,-10.529
25,74,0.2220,abdomen,0.0260,1852.50,4.844,7.125,-0.060,3.687,3.687,-1.158
25,74,0.2220,thorax,0.0320,1852.50,5.246,7.125,0.000,5.529,5.529,0.283
25,74,0.2220,left_thigh,0.0488,2565.00,-8.347,7.125,0.000,-26.529,-26.529,-18.182
25,74,0.2220,left_foot,0.0146,2137.50,3.291,11.875,0.307,-9.007,-8.405,-10.633
25,75,0.2250,abdomen,0.0251,1852.50,4.713,7.125,-0.062,3.723,3.723,-0.989
25,75,0.2250,thorax,0.0311,1852.50,5.151,7.125,0.000,5.584,5.584,0.433
25,75,0.2250,left_thigh,0.0487,2565.00,-8.295,7.125,0.000,-26.902,-26.902,-18.607
25,75,0.2250,left_foot,0.0213,2137.50,4.520,11.875,0.274,-9.117,-6.224,-10.744
25,76,0.2280,abdomen,0.0241,1852.50,4.580,7.125,-0.060,3.760,3.760,-0.819
25,76,0.2280,thorax,0.0305,1852.50,5.057,7.125,0.000,5.640,5.640,0.583
25,76,0.2280,left_thigh,0.0481,2565.00,-8.239,7.125,0.000,-27.276,-27.276,-19.037
25,76,0.2280,left_foot,0.0155,2137.50,3.476,11.875,0.302,-9.228,-8.626,-10.846
25,77,0.2310,abdomen,0.0230,1852.50,4.448,7.125,-0.062,3.796,3.796,-0.651
25,77,0.2310,thorax,0.0294,1852.50,4.962,7.125,0.000,5.693,5.693,0.731
25,77,0.2310,left_thigh,0.0479,2565.00,-8.185,7.125,0.000,-27.649,-27.649,-19.463
25,77,0.2310,left_foot,0.0213,2137.50,4.511,11.875,0.264,-9.337,-6.443,-10.954
25,78,0.2340,abdomen,0.0220,1852.50,4.312,7.125,-0.059,3.830,3.830,-0.481
25,78,0.2340,thorax,0.0287,1852.50,4.864,7.125,0.000,5.744,5.744,0.880
25,78,0.2340,left_thigh,0.0473,2565.00,-8.128,7.125,0.000,-28.021,-28.021,-19.893
25,78,0.2340,left_foot,0.0156,2137.50,3.468,11.875,0.282,-9.444,-8.842,-11.057
25,79,0.2370,abdomen,0.0211,1852.50,4.179,7.125,-0.061,3.864,3.864,-0.314
25,79,0.2370,thorax,0.0279,1852.50,4.765,7.125,0.000,5.795,5.795,1.029
25,79,0.2370,left_thigh,0.0472,2565.00,-8.073,7.125,0.000,-28.393,-28.393,-20.319
25,79,0.2370,left_foot,0.0213,2137.50,4.508,11.875,0.251,-9.550,-6.657,-11.165
25,80,0.2400,abdomen,0.0199,1852.50,4.044,7.125,-0.058,3.897,3.898,-0.143
25,80,0.2400,thorax,0.0269,1852.50,4.669,7.125,0.000,5.845,5.845,1.176
25,80,0.2400,left_thigh,0.0465,2565.00,-8.016,7.125,0.000,-28.765,-28.765,-20.749
25,80,0.2400,left_foot,0.0157,2137.50,3.464,11.875,0.275,-9.657,-9.055,-11.266
25,81,0.2430,abdomen,0.0190,1852.50,3.907,7.125,-0.060,3.928,3.928,0.000
25,81,0.2430,thorax,0.0260,1852.50,4.566,7.125,0.000,5.891,5.891,1.325
25,81,0.2430,left_thigh,0.0464,2565.00,-7.960,7.125,0.000,-29.135,-29.135,-21.176
25,81,0.2430,left_foot,0.0215,2137.50,4.509,11.875,0.248,-9.760,-6.866,-11.375
25,82,0.2460,abdomen,0.0179,1852.50,3.769,7.125,-0.058,3.959,3.959,0.190
25,82,0.2460,thorax,0.0254,1852.50,4.465,7.125,0.000,5.937,5.937,1.472
25,82,0.2460,left_thigh,0.0458,2565.00,-7.900,7.125,0.000,-29.506,-29.506,-21.606
25,82,0.2460,left_foot,0.0157,2137.50,3.465,11.875,0.279,-9.863,-8.966,-11.477
25,83,0.2490,abdomen,0.0171,1852.50,3.634,7.125,-0.061,3.989,3.989,0.356
25,83,0.2490,thorax,0.0246,1852.50,4.364,7.125,0.000,5.983,5.983,1.618
25,83,0.2490,left_thigh,0.0457,2565.00,-7.844,7.125,0.000,-29.877,-29.877,-22.033
25,83,0.2490,left_foot,0.0225,2137.50,4.719,11.875,0.254,-9.966,-6.777,-11.584
25,84,0.2520,abdomen,0.0159,1852.50,3.495,7.125,-0.058,4.018,4.018,0.523
25,84,0.2520,thorax,0.0239,1852.50,4.265,7.125,0.000,6.026,6.026,1.762
25,84,0.2520,left_thigh,0.0456,2565.00,-7.790,7.125,0.000,-30.253,-30.253,-22.464
25,84,0.2520,left_foot,0.0167,2137.50,3.673,11.875,0.287,-10.068,-9.171,-11.684
25,85,0.2550,abdomen,0.0149,1852.50,3.356,7.125,-0.061,4.047,4.047,0.690
25,85,0.2550,thorax,0.0229,1852.50,4.162,7.125,0.000,6.069,6.069,1.906
25,85,0.2550,left_thigh,0.0461,2565.00,-7.749,7.125,0.000,-30.634,-30.634,-22.884
25,85,0.2550,left_foot,0.0227,2137.50,4.806,11.875,0.256,-10.171,-6.982,-11.788
25,86,0.2580,abdomen,0.0140,1852.50,3.217,7.125,-0.059,4.075,4.075,0.858
25,86,0.2580,thorax,0.0224,1852.50,4.063,7.125,0.000,6.112,6.112,2.048
25,86,0.2580,left_thigh,0.0455,2565.00,-7.705,7.125,0.000,-31.014,-31.014,-23.309
25,86,0.2580,left_foot,0.0169,2137.50,3.757,11.875,0.282,-10.273,-9.376,-11.885
25,87,0.2610,abdomen,0.0132,1852.50,3.082,7.125,-0.061,4.103,4.103,1.021
25,87,0.2610,thorax,0.0216,1852.50,3.965,7.125,0.000,6.154,6.154,2.189
25,87,0.2610,left_thigh,0.0468,2565.00,-7.670,7.125,0.000,-31.401,-31.401,-23.731
25,87,0.2610,left_foot,0.0224,2137.50,4.801,11.875,0.252,-10.376,-7.188,-11.988
25,88,0.2640,abdomen,0.0119,1852.50,2.941,7.125,-0.059,4.131,4.131,1.190
25,88,0.2640,thorax,0.0209,1852.50,3.866,7.125,0.000,6.195,6.195,2.330
25,88,0.2640,left_thigh,0.0473,2565.00,-7.659,7.125,0.000,-31.801,-31.801,-24.142
25,88,0.2640,left_foot,0.0164,2137.50,3.747,11.875,0.279,-10.481,-8.954,-12.080
25,89,0.2670,abdomen,0.0114,1852.50,2.807,7.125,-0.061,4.159,4.159,1.352
25,89,0.2670,thorax,0.0203,1852.50,3.769,7.125,0.000,6.237,6.237,2.468
25,89,0.2670,left_thigh,0.0474,2565.00,-7.650,7.125,0.000,-32.202,-32.202,-24.552
25,89,0.2670,left_foot,0.0232,2137.50,4.993,11.875,0.249,-10.587,-6.767,-12.180
25,90,0.2700,abdomen,0.0104,1852.50,2.671,7.125,-0.058,4.186,4.186,1.515
25,90,0.2700,thorax,0.0198,1852.50,3.675,7.125,0.000,6.278,6.278,2.603
25,90,0.2700,left_thigh,0.0479,2565.00,-7.634,7.125,0.000,-32.602,-32.602,-24.969
25,90,0.2700,left_foot,0.0172,2137.50,3.939,11.875,0.284,-10.692,-9.164,-12.273
25,91,0.2730,abdomen,0.0095,1852.50,2.536,7.125,-0.061,4.213,4.213,1.677
25,91,0.2730,thorax,0.0190,1852.50,3.579,7.125,0.000,6.319,6.319,2.739
25,91,0.2730,left_thigh,0.0490,2565.00,-7.650,7.125,0.000,-33.021,-33.021,-25.371
25,91,0.2730,left_foot,0.0237,2137.50,5.179,11.875,0.252,-10.800,-6.980,-12.366
25,92,0.2760,abdomen,0.0087,1852.50,2.402,7.125,-0.058,4.240,4.240,1.838
25,92,0.2760,thorax,0.0186,1852.50,3.487,7.125,0.000,6.359,6.359,2.872
25,92,0.2760,left_thigh,0.0485,2565.00,-7.659,7.125,0.000,-33.440,-33.440,-25.781
25,92,0.2760,left_foot,0.0179,2137.50,4.121,11.875,0.272,-10.908,-9.380,-12.455
25,93,0.2790,abdomen,0.0082,1852.50,2.273,7.125,-0.060,4.267,4.267,1.994
25,93,0.2790,thorax,0.0180,1852.50,3.396,7.125,0.000,6.400,6.400,3.004
25,93,0.2790,left_thigh,0.0486,2565.00,-7.666,7.125,0.000,-33.859,-33.859,-26.193
25,93,0.2790,left_foot,0.0246,2137.50,5.352,11.875,0.234,-11.015,-7.196,-12.548
25,94,0.2820,abdomen,0.0073,1852.50,2.143,7.125,-0.056,4.294,4.294,2.150
25,94,0.2820,thorax,0.0174,1852.50,3.307,7.125,0.000,6.439,6.439,3.132
25,94,0.2820,left_thigh,0.0491,2565.00,-7.678,7.125,0.000,-34.290,-34.290,-26.612
25,94,0.2820,left_foot,0.0186,2137.50,4.293,11.875,0.250,-11.125,-9.597,-12.635
25,95,0.2850,abdomen,0.0065,1852.50,2.015,7.125,-0.058,4.320,4.320,2.305
25,95,0.2850,thorax,0.0166,1852.50,3.216,7.125,0.000,6.479,6.479,3.262
25,95,0.2850,left_thigh,0.0500,2565.00,-7.706,7.125,0.000,-34.726,-34.726,-27.021
25,95,0.2850,left_foot,0.0232,2137.50,5.147,11.875,0.205,-11.235,-7.578,-12.725
25,96,0.2880,abdomen,0.0058,1852.50,1.888,7.125,-0.054,4.346,4.346,2.458
25,96,0.2880,thorax,0.0162,1852.50,3.129,7.125,0.000,6.518,6.518,3.390
25,96,0.2880,left_thigh,0.0497,2565.00,-7.727,7.125,0.000,-35.163,-35.163,-27.436
25,96,0.2880,left_foot,0.0175,2137.50,4.089,11.875,0.213,-11.345,-9.980,-12.813
25,97,0.2910,abdomen,0.0053,1852.50,1.766,7.125,-0.056,4.372,4.372,2.606
25,97,0.2910,thorax,0.0155,1852.50,3.042,7.125,0.000,6.557,6.557,3.515
25,97,0.2910,left_thigh,0.0507,2565.00,-7.751,7.125,0.000,-35.604,-35.604,-27.853
25,97,0.2910,left_foot,0.0217,2137.50,4.860,11.875,0.188,-11.456,-8.048,-12.908
25,98,0.2940,abdomen,0.0044,1852.50,1.640,7.125,-0.053,4.398,4.398,2.758
25,98,0.2940,thorax,0.0149,1852.50,2.955,7.125,0.000,6.596,6.596,3.641
25,98,0.2940,left_thigh,0.0511,2565.00,-7.790,7.125,0.000,-36.056,-36.056,-28.266
25,98,0.2940,left_foot,0.0160,2137.50,3.803,11.875,0.215,-11.569,-10.452,-12.997
25,99,0.2970,abdomen,0.0040,1852.50,1.520,7.125,-0.055,4.424,4.424,2.904
25,99,0.2970,thorax,0.0144,1852.50,2.870,7.125,0.000,6.634,6.634,3.764
25,99,0.2970,left_thigh,0.0512,2565.00,-7.825,7.125,0.000,-36.508,-36.508,-28.683
25,99,0.2970,left_foot,0.0217,2137.50,4.822,11.875,0.200,-11.681,-8.273,-13.095
25,100,0.3000,abdomen,0.0035,1852.50,1.398,7.125,-0.053,4.449,4.449,3.051
25,100,0.3000,thorax,0.0139,1852.50,2.787,7.125,0.000,6.672,6.672,3.885
25,100,0.3000,left_thigh,0.0515,2565.00,-7.850,7.125,0.000,-36.960,-36.960,-29.110
25,100,0.3000,left_foot,0.0159,2137.50,3.770,11.875,0.241,-11.793,-10.677,-13.189
25,101,0.3030,abdomen,0.0032,1852.50,1.277,7.125,-0.056,4.474,4.474,3.197
25,101,0.3030,thorax,0.0132,1852.50,2.703,7.125,0.000,6.710,6.710,4.007
25,101,0.3030,left_thigh,0.0523,2565.00,-7.896,7.125,0.000,-37.426,-37.426,-29.530
25,101,0.3030,left_foot,0.0214,2137.50,4.787,11.875,0.223,-11.908,-8.499,-13.286
25,102,0.3060,abdomen,0.0031,1852.50,1.156,7.125,-0.054,4.499,4.499,3.343
25,102,0.3060,thorax,0.0128,1852.50,2.622,7.125,0.000,6.747,6.747,4.125
25,102,0.3060,left_thigh,0.0518,2565.00,-7.932,7.125,0.000,-37.893,-37.893,-29.960
25,102,0.3060,left_foot,0.0158,2137.50,3.736,11.875,0.251,-12.022,-10.906,-13.382
25,103,0.3090,abdomen,0.0030,1852.50,1.040,7.125,-0.056,4.524,4.524,3.484
25,103,0.3090,thorax,0.0123,1852.50,2.542,7.125,0.000,6.785,6.784,4.243
25,103,0.3090,left_thigh,0.0518,2565.00,-7.965,7.125,0.000,-38.359,-38.359,-30.394
25,103,0.3090,left_foot,0.0214,2137.50,4.756,11.875,0.227,-12.136,-8.728,-13.484
25,104,0.3120,abdomen,0.0033,1852.50,0.923,7.125,-0.053,4.549,4.549,3.626
25,104,0.3120,thorax,0.0118,1852.50,2.463,7.125,0.000,6.821,6.821,4.358
25,104,0.3120,left_thigh,0.0521,2565.00,-7.996,7.125,0.000,-38.833,-38.833,-30.838
25,104,0.3120,left_foot,0.0158,2137.50,3.708,11.875,0.250,-12.252,-11.135,-13.582
25,105,0.3150,abdomen,0.0036,1852.50,0.807,7.125,-0.056,4.573,4.573,3.765
25,105,0.3150,thorax,0.0111,1852.50,2.383,7.125,0.000,6.858,6.858,4.474
25,105,0.3150,left_thigh,0.0528,2565.00,-8.037,7.125,0.000,-39.312,-39.312,-31.275
25,105,0.3150,left_foot,0.0213,2137.50,4.726,11.875,0.219,-12.367,-8.959,-13.685
25,106,0.3180,abdomen,0.0042,1852.50,0.691,7.125,-0.052,4.597,4.597,3.906
25,106,0.3180,thorax,0.0107,1852.50,2.306,7.125,0.000,6.894,6.894,4.588
25,106,0.3180,left_thigh,0.0523,2565.00,-8.069,7.125,0.000,-39.791,-39.791,-31.722
25,106,0.3180,left_foot,0.0157,2137.50,3.681,11.875,0.239,-12.483,-11.367,-13.786
25,107,0.3210,abdomen,0.0044,1852.50,0.580,7.125,-0.055,4.621,4.621,4.041
25,107,0.3210,thorax,0.0101,1852.50,2.230,7.125,0.000,6.930,6.930,4.700
25,107,0.3210,left_thigh,0.0531,2565.00,-8.101,7.125,0.001,-40.274,-40.274,-32.173
25,107,0.3210,left_foot,0.0213,2137.50,4.703,11.875,0.211,-12.600,-9.191,-13.894
25,108,0.3240,abdomen,0.0054,1852.50,0.465,7.125,-0.052,4.645,4.645,4.180
25,108,0.3240,thorax,0.0096,1852.50,2.153,7.125,0.000,6.966,6.966,4.812
25,108,0.3240,left_thigh,0.0532,2565.00,-8.139,7.125,0.001,-40.764,-40.764,-32.625
25,108,0.3240,left_foot,0.0156,2137.50,3.659,11.875,0.234,-12.717,-11.600,-13.996
25,109,0.3270,abdomen,0.0057,1852.50,0.355,7.125,-0.054,4.669,4.669,4.314
25,109,0.3270,thorax,0.0091,1852.50,2.077,7.125,0.000,7.001,7.001,4.924
25,109,0.3270,left_thigh,0.0533,2565.00,-8.174,7.125,0.001,-41.254,-41.254,-33.080
25,109,0.3270,left_foot,0.0213,2137.50,4.681,11.875,0.203,-12.834,-9.426,-14.107
25,110,0.3300,abdomen,0.0066,1852.50,0.243,7.125,-0.051,4.692,4.692,4.450
25,110,0.3300,thorax,0.0086,1852.50,2.004,7.125,0.000,7.037,7.037,5.033
25,110,0.3300,left_thigh,0.0533,2565.00,-8.199,7.125,0.001,-41.744,-41.744,-33.546
25,110,0.3300,left_foot,0.0157,2137.50,3.641,11.875,0.228,-12.951,-11.835,-14.214
25,111,0.3330,abdomen,0.0071,1852.50,0.133,7.125,-0.054,4.715,4.715,4.583
25,111,0.3330,thorax,0.0080,1852.50,1.928,7.125,0.000,7.071,7.071,5.143
25,111,0.3330,left_thigh,0.0539,2565.00,-8.237,7.125,0.001,-42.244,-42.244,-34.007
25,111,0.3330,left_foot,0.0212,2137.50,4.664,11.875,0.200,-13.070,-9.662,-14.325
25,112,0.3360,abdomen,0.0080,1852.50,0.021,7.125,-0.050,4.738,4.738,4.717
25,112,0.3360,thorax,0.0076,1852.50,1.855,7.125,0.000,7.106,7.106,5.251
25,112,0.3360,left_thigh,0.0534,2565.00,-8.266,7.125,0.001,-42.744,-42.744,-34.478
25,112,0.3360,left_foot,0.0157,2137.50,3.627,11.875,0.220,-13.188,-12.072,-14.434
25,113,0.3390,abdomen,0.0083,1852.50,-0.086,7.125,-0.053,4.761,4.761,4.847
25,113,0.3390,thorax,0.0070,1852.50,1.782,7.125,0.000,7.140,7.140,5.358
25,113,0.3390,left_thigh,0.0534,2565.00,-8.292,7.125,0.001,-43.244,-43.244,-34.952
25,113,0.3390,left_foot,0.0213,2137.50,4.652,11.875,0.193,-13.307,-9.898,-14.550
25,114,0.3420,abdomen,0.0093,1852.50,-0.196,7.125,-0.050,4.784,4.784,4.980
25,114,0.3420,thorax,0.0066,1852.50,1.710,7.125,0.000,7.174,7.174,5.464
25,114,0.3420,left_thigh,0.0534,2565.00,-8.314,7.125,0.001,-43.749,-43.749,-35.435
25,114,0.3420,left_foot,0.0157,2137.50,3.617,11.875,0.215,-13.425,-12.309,-14.662
25,115,0.3450,abdomen,0.0098,1852.50,-0.303,7.125,-0.052,4.806,4.806,5.109
25,115,0.3450,thorax,0.0059,1852.50,1.637,7.125,0.000,7.208,7.208,5.571
25,115,0.3450,left_thigh,0.0539,2565.00,-8.342,7.125,0.001,-44.257,-44.257,-35.915
25,115,0.3450,left_foot,0.0213,2137.50,4.642,11.875,0.185,-13.545,-10.136,-14.779
25,116,0.3480,abdomen,0.0108,1852.50,-0.412,7.125,-0.049,4.829,4.829,5.241
25,116,0.3480,thorax,0.0055,1852.50,1.565,7.125,-0.001,7.241,7.241,5.676
25,116,0.3480,left_thigh,0.0533,2565.00,-8.360,7.125,0.001,-44.765,-44.765,-36.404
25,116,0.3480,left_foot,0.0158,2137.50,3.610,11.875,0.206,-13.664,-12.548,-14.893
25,117,0.3510,abdomen,0.0112,1852.50,-0.517,7.125,-0.051,4.851,4.851,5.368
25,117,0.3510,thorax,0.0049,1852.50,1.493,7.125,-0.001,7.275,7.275,5.781
25,117,0.3510,left_thigh,0.0538,2565.00,-8.379,7.125,0.001,-45.275,-45.275,-36.896
25,117,0.3510,left_foot,0.0214,2137.50,4.638,11.875,0.179,-13.783,-10.375,-15.013
25,118,0.3540,abdomen,0.0124,1852.50,-0.628,7.125,-0.048,4.873,4.873,5.500
25,118,0.3540,thorax,0.0044,1852.50,1.421,7.125,-0.001,7.307,7.307,5.886
25,118,0.3540,left_thigh,0.0535,2565.00,-8.398,7.125,0.001,-45.790,-45.790,-37.392
25,118,0.3540,left_foot,0.0158,2137.50,3.607,11.875,0.201,-13.903,-12.787,-15.129
25,119,0.3570,abdomen,0.0127,1852.50,-0.733,7.125,-0.051,4.895,4.895,5.628
25,119,0.3570,thorax,0.0039,1852.50,1.350,7.125,-0.001,7.340,7.340,5.990
25,119,0.3570,left_thigh,0.0536,2565.00,-8.414,7.125,0.001,-46.304,-46.304,-37.890
25,119,0.3570,left_foot,0.0215,2137.50,4.636,11.875,0.173,-14.023,-10.615,-15.251
25,120,0.3600,abdomen,0.0137,1852.50,-0.842,7.125,-0.048,4.917,4.917,5.758
25,120,0.3600,thorax,0.0034,1852.50,1.279,7.125,-0.001,7.373,7.373,6.094
25,120,0.3600,left_thigh,0.0530,2565.00,-8.422,7.125,0.001,-46.819,-46.819,-38.397
25,120,0.3600,left_foot,0.0159,2137.50,3.608,11.875,0.196,-14.143,-13.027,-15.369
25,121,0.3630,abdomen,0.0142,1852.50,-0.946,7.125,-0.050,4.938,4.938,5.884
25,121,0.3630,thorax,0.0029,1852.50,1.208,7.125,-0.001,7.405,7.405,6.197
25,121,0.3630,left_thigh,0.0534,2565.00,-8.434,7.125,0.001,-47.339,-47.339,-38.906
25,121,0.3630,left_foot,0.0215,2137.50,4.638,11.875,0.169,-14.263,-10.855,-15.493
25,122,0.3660,abdomen,0.0153,1852.50,-1.056,7.125,-0.047,4.959,4.959,6.015
25,122,0.3660,thorax,0.0024,1852.50,1.137,7.125,-0.001,7.437,7.437,6.300
25,122,0.3660,left_thigh,0.0530,2565.00,-8.440,7.125,0.001,-47.859,-47.859,-39.419
25,122,0.3660,left_foot,0.0160,2137.50,3.611,11.875,0.190,-14.383,-13.267,-15.612
25,123,0.3690,abdomen,0.0157,1852.50,-1.161,7.125,-0.050,4.980,4.980,6.141
25,123,0.3690,thorax,0.0019,1852.50,1.066,7.125,-0.001,7.468,7.468,6.402
25,123,0.3690,left_thigh,0.0531,2565.00,-8.446,7.125,0.001,-48.379,-48.379,-39.933
25,123,0.3690,left_foot,0.0216,2137.50,4.642,11.875,0.162,-14.504,-11.095,-15.738
25,124,0.3720,abdomen,0.0169,1852.50,-1.270,7.125,-0.047,5.001,5.001,6.271
25,124,0.3720,thorax,0.0014,1852.50,0.995,7.125,-0.001,7.500,7.500,6.504
25,124,0.3720,left_thigh,0.0527,2565.00,-8.445,7.125,0.001,-48.901,-48.901,-40.456
25,124,0.3720,left_foot,0.0161,2137.50,3.618,11.875,0.184,-14.624,-13.507,-15.859
25,125,0.3750,abdomen,0.0173,1852.50,-1.375,7.125,-0.049,5.022,5.022,6.398
25,125,0.3750,thorax,0.0010,1852.50,0.924,7.125,-0.001,7.531,7.531,6.607
25,125,0.3750,left_thigh,0.0529,2565.00,-8.448,7.125,0.001,-49.425,-49.425,-40.977
25,125,0.3750,left_foot,0.0217,2137.50,4.649,11.875,0.158,-14.744,-11.336,-15.985
25,126,0.3780,abdomen,0.0184,1852.50,-1.485,7.125,-0.046,5.043,5.043,6.528
25,126,0.3780,thorax,0.0009,1852.50,0.853,7.125,-0.001,7.562,7.562,6.709
25,126,0.3780,left_thigh,0.0523,2565.00,-8.443,7.125,0.001,-49.948,-49.948,-41.505
25,126,0.3780,left_foot,0.0162,2137.50,3.625,11.875,0.180,-14.865,-13.748,-16.108
25,127,0.3810,abdomen,0.0189,1852.50,-1.590,7.125,-0.049,5.063,5.063,6.654
25,127,0.3810,thorax,0.0011,1852.50,0.782,7.125,-0.001,7.593,7.593,6.811
25,127,0.3810,left_thigh,0.0525,2565.00,-8.438,7.125,0.001,-50.472,-50.472,-42.034
25,127,0.3810,left_foot,0.0218,2137.50,4.659,11.875,0.154,-14.985,-11.577,-16.236
25,128,0.3840,abdomen,0.0201,1852.50,-1.701,7.125,-0.046,5.084,5.084,6.785
25,128,0.3840,thorax,0.0014,1852.50,0.711,7.125,-0.001,7.623,7.623,6.912
25,128,0.3840,left_thigh,0.0519,2565.00,-8.429,7.125,0.001,-50.998,-50.998,-42.570
25,128,0.3840,left_foot,0.0163,2137.50,3.636,11.875,0.175,-15.105,-13.989,-16.359
25,129,0.3870,abdomen,0.0204,1852.50,-1.807,7.125,-0.048,5.104,5.104,6.910
25,129,0.3870,thorax,0.0019,1852.50,0.639,7.125,-0.001,7.653,7.653,7.014
25,129,0.3870,left_thigh,0.0520,2565.00,-8.420,7.125,0.001,-51.524,-51.524,-43.104
25,129,0.3870,left_foot,0.0219,2137.50,4.670,11.875,0.149,-15.225,-11.817,-16.488
25,130,0.3900,abdomen,0.0216,1852.50,-1.917,7.125,-0.045,5.124,5.124,7.041
25,130,0.3900,thorax,0.0023,1852.50,0.568,7.125,-0.001,7.683,7.683,7.115
25,130,0.3900,left_thigh,0.0513,2565.00,-8.403,7.125,0.001,-52.050,-52.050,-43.647
25,130,0.3900,left_foot,0.0164,2137.50,3.649,11.875,0.171,-15.345,-14.229,-16.612
25,131,0.3930,abdomen,0.0220,1852.50,-2.023,7.125,-0.048,5.144,5.144,7.167
25,131,0.3930,thorax,0.0029,1852.50,0.497,7.125,-0.001,7.713,7.713,7.216
25,131,0.3930,left_thigh,0.0514,2565.00,-8.388,7.125,0.001,-52.576,-52.576,-44.188
25,131,0.3930,left_foot,0.0201,2137.50,4.312,11.875,0.145,-15.465,-12.429,-16.741
25,132,0.3960,abdomen,0.0231,1852.50,-2.132,7.125,-0.045,5.163,5.163,7.295
25,132,0.3960,thorax,0.0034,1852.50,0.425,7.125,-0.001,7.742,7.742,7.317
25,132,0.3960,left_thigh,0.0509,2565.00,-8.368,7.125,0.001,-53.103,-53.103,-44.734
25,132,0.3960,left_foot,0.0147,2137.50,3.293,11.875,0.164,-15.585,-14.840,-16.868
25,133,0.3990,abdomen,0.0235,1852.50,-2.236,7.125,-0.047,5.183,5.183,7.420
25,133,0.3990,thorax,0.0040,1852.50,0.354,7.125,-0.001,7.772,7.772,7.417
25,133,0.3990,left_thigh,0.0510,2565.00,-8.350,7.125,0.001,-53.629,-53.629,-45.279
25,133,0.3990,left_foot,0.0203,2137.50,4.333,11.875,0.153,-15.705,-12.668,-17.001
25,134,0.4020,abdomen,0.0247,1852.50,-2.347,7.125,-0.045,5.202,5.202,7.549
25,134,0.4020,thorax,0.0045,1852.50,0.284,7.125,-0.001,7.801,7.801,7.517
25,134,0.4020,left_thigh,0.0502,2565.00,-8.324,7.125,0.001,-54.155,-54.155,-45.831
25,134,0.4020,left_foot,0.0149,2137.50,3.315,11.875,0.192,-15.824,-15.080,-17.130
25,135,0.4050,abdomen,0.0251,1852.50,-2.453,7.125,-0.048,5.221,5.221,7.674
25,135,0.4050,thorax,0.0051,1852.50,0.213,7.125,-0.001,7.829,7.829,7.617
25,135,0.4050,left_thigh,0.0502,2565.00,-8.298,7.125,0.001,-54.681,-54.681,-46.383
25,135,0.4050,left_foot,0.0205,2137.50,4.356,11.875,0.175,-15.943,-12.907,-17.263
25,136,0.4080,abdomen,0.0263,1852.50,-2.564,7.125,-0.045,5.241,5.241,7.805
25,136,0.4080,thorax,0.0056,1852.50,0.142,7.125,-0.001,7.858,7.858,7.716
25,136,0.4080,left_thigh,0.0495,2565.00,-8.266,7.125,0.001,-55.206,-55.206,-46.941
25,136,0.4080,left_foot,0.0150,2137.50,3.338,11.875,0.203,-16.062,-15.318,-17.391
25,137,0.4110,abdomen,0.0267,1852.50,-2.670,7.125,-0.048,5.259,5.259,7.930
25,137,0.4110,thorax,0.0062,1852.50,0.071,7.125,-0.001,7.887,7.887,7.816
25,137,0.4110,left_thigh,0.0494,2565.00,-8.235,7.125,0.001,-55.731,-55.731,-47.497
25,137,0.4110,left_foot,0.0206,2137.50,4.379,11.875,0.176,-16.181,-13.145,-17.524
25,138,0.4140,abdomen,0.0279,1852.50,-2.782,7.125,-0.045,5.278,5.278,8.060
25,138,0.4140,thorax,0.0067,1852.50,0.000,7.125,-0.001,7.915,7.915,7.914
25,138,0.4140,left_thigh,0.0486,2565.00,-8.195,7.125,0.001,-56.254,-56.254,-48.060
25,138,0.4140,left_foot,0.0152,2137.50,3.362,11.875,0.198,-16.299,-15.555,-17.653
25,139,0.4170,abdomen,0.0282,1852.50,-2.888,7.125,-0.047,5.297,5.297,8.185
25,139,0.4170,thorax,0.0072,1852.50,-0.071,7.125,-0.001,7.943,7.942,8.013
25,139,0.4170,left_thigh,0.0486,2565.00,-8.158,7.125,0.001,-56.778,-56.778,-48.620
25,139,0.4170,left_foot,0.0208,2137.50,4.404,11.875,0.171,-16.418,-13.381,-17.786
25,140,0.4200,abdomen,0.0295,1852.50,-2.999,7.125,-0.044,5.315,5.315,8.315
25,140,0.4200,thorax,0.0077,1852.50,-0.142,7.125,-0.001,7.970,7.970,8.112
25,140,0.4200,left_thigh,0.0479,2565.00,-8.115,7.125,0.001,-57.301,-57.301,-49.186
25,140,0.4200,left_foot,0.0153,2137.50,3.386,11.875,0.192,-16.536,-15.791,-17.914
25,141,0.4230,abdomen,0.0299,1852.50,-3.106,7.125,-0.047,5.334,5.334,8.440
25,141,0.4230,thorax,0.0083,1852.50,-0.213,7.125,-0.001,7.998,7.998,8.210
25,141,0.4230,left_thigh,0.0477,2565.00,-8.072,7.125,0.001,-57.821,-57.821,-49.749
25,141,0.4230,left_foot,0.0209,2137.50,4.430,11.875,0.165,-16.653,-13.616,-18.047
25,142,0.4260,abdomen,0.0310,1852.50,-3.217,7.125,-0.044,5.352,5.352,8.569
25,142,0.4260,thorax,0.0088,1852.50,-0.283,7.125,-0.001,8.025,8.025,8.308
25,142,0.4260,left_thigh,0.0468,2565.00,-8.021,7.125,0.001,-58.340,-58.340,-50.319
25,142,0.4260,left_foot,0.0154,2137.50,3.413,11.875,0.188,-16.770,-16.025,-18.176
25,143,0.4290,abdomen,0.0314,1852.50,-3.323,7.125,-0.047,5.370,5.370,8.693
25,143,0.4290,thorax,0.0094,1852.50,-0.354,7.125,-0.001,8.052,8.052,8.406
25,143,0.4290,left_thigh,0.0468,2565.00,-7.974,7.125,0.001,-58.860,-58.860,-50.886
25,143,0.4290,left_foot,0.0210,2137.50,4.458,11.875,0.162,-16.887,-13.851,-18.309
25,144,0.4320,abdomen,0.0327,1852.50,-3.435,7.125,-0.043,5.388,5.388,8.823
25,144,0.4320,thorax,0.0100,1852.50,-0.425,7.125,-0.001,8.079,8.079,8.504
25,144,0.4320,left_thigh,0.0458,2565.00,-7.919,7.125,0.001,-59.376,-59.376,-51.457
25,144,0.4320,left_foot,0.0156,2137.50,3.439,11.875,0.184,-17.003,-16.259,-18.436
25,145,0.4350,abdomen,0.0330,1852.50,-3.541,7.125,-0.046,5.406,5.406,8.947
25,145,0.4350,thorax,0.0105,1852.50,-0.496,7.125,-0.001,8.105,8.105,8.602
25,145,0.4350,left_thigh,0.0456,2565.00,-7.863,7.125,0.001,-59.890,-59.890,-52.027
25,145,0.4350,left_foot,0.0212,2137.50,4.486,11.875,0.158,-17.119,-14.082,-18.569
25,146,0.4380,abdomen,0.0343,1852.50,-3.652,7.125,-0.043,5.423,5.423,9.076
25,146,0.4380,thorax,0.0110,1852.50,-0.567,7.125,-0.001,8.132,8.132,8.699
25,146,0.4380,left_thigh,0.0448,2565.00,-7.802,7.125,0.001,-60.404,-60.404,-52.602
25,146,0.4380,left_foot,0.0157,2137.50,3.467,11.875,0.182,-17.234,-16.490,-18.696
25,147,0.4410,abdomen,0.0347,1852.50,-3.759,7.125,-0.046,5.441,5.441,9.200
25,147,0.4410,thorax,0.0116,1852.50,-0.638,7.125,-0.001,8.158,8.158,8.796
25,147,0.4410,left_thigh,0.0444,2565.00,-7.744,7.125,0.001,-60.916,-60.916,-53.172
25,147,0.4410,left_foot,0.0214,2137.50,4.513,11.875,0.155,-17.349,-14.313,-18.827
25,148,0.4440,abdomen,0.0358,1852.50,-3.870,7.125,-0.042,5.458,5.458,9.329
25,148,0.4440,thorax,0.0121,1852.50,-0.709,7.125,-0.001,8.184,8.184,8.893
25,148,0.4440,left_thigh,0.0434,2565.00,-7.673,7.125,0.001,-61.423,-61.423,-53.751
25,148,0.4440,left_foot,0.0159,2137.50,3.494,11.875,0.178,-17.463,-16.719,-18.954
25,149,0.4470,abdomen,0.0362,1852.50,-3.977,7.125,-0.046,5.475,5.475,9.452
25,149,0.4470,thorax,0.0127,1852.50,-0.780,7.125,-0.001,8.210,8.210,8.990
25,149,0.4470,left_thigh,0.0434,2565.00,-7.607,7.125,0.001,-61.931,-61.931,-54.324
25,149,0.4470,left_foot,0.0215,2137.50,4.542,11.875,0.154,-17.577,-14.541,-19.084
25,150,0.4500,abdomen,0.0376,1852.50,-4.089,7.125,-0.042,5.493,5.493,9.582
25,150,0.4500,thorax,0.0132,1852.50,-0.851,7.125,-0.001,8.236,8.236,9.087
25,150,0.4500,left_thigh,0.0427,2565.00,-7.538,7.125,0.001,-62.438,-62.438,-54.900
25,150,0.4500,left_foot,0.0159,2137.50,3.521,11.875,0.178,-17.691,-16.947,-19.209
25,151,0.4530,abdomen,0.0380,1852.50,-4.197,7.125,-0.045,5.509,5.509,9.707
25,151,0.4530,thorax,0.0139,1852.50,-0.922,7.125,-0.001,8.261,8.261,9.184
25,151,0.4530,left_thigh,0.0421,2565.00,-7.466,7.125,0.001,-62.937,-62.937,-55.472
25,151,0.4530,left_foot,0.0216,2137.50,4.570,11.875,0.152,-17.803,-14.767,-19.338
25,152,0.4560,abdomen,0.0391,1852.50,-4.309,7.125,-0.042,5.526,5.526,9.835
25,152,0.4560,thorax,0.0144,1852.50,-0.993,7.125,-0.001,8.287,8.287,9.280
25,152,0.4560,left_thigh,0.0410,2565.00,-7.385,7.125,0.001,-63.436,-63.436,-56.051
25,152,0.4560,left_foot,0.0161,2137.50,3.549,11.875,0.177,-17.915,-17.171,-19.463
25,153,0.4590,abdomen,0.0395,1852.50,-4.416,7.125,-0.045,5.543,5.543,9.959
25,153,0.4590,thorax,0.0149,1852.50,-1.064,7.125,-0.001,8.312,8.312,9.376
25,153,0.4590,left_thigh,0.0410,2565.00,-7.311,7.125,0.001,-63.935,-63.935,-56.625
25,153,0.4590,left_foot,0.0217,2137.50,4.598,11.875,0.153,-18.028,-14.991,-19.590
25,154,0.4620,abdomen,0.0409,1852.50,-4.529,7.125,-0.042,5.560,5.560,10.089
25,154,0.4620,thorax,0.0155,1852.50,-1.136,7.125,-0.001,8.336,8.336,9.472
25,154,0.4620,left_thigh,0.0396,2565.00,-7.227,7.125,0.001,-64.428,-64.428,-57.201
25,154,0.4620,left_foot,0.0162,2137.50,3.574,11.875,0.177,-18.138,-17.394,-19.712
25,155,0.4650,abdomen,0.0410,1852.50,-4.635,7.125,-0.045,5.576,5.576,10.211
25,155,0.4650,thorax,0.0160,1852.50,-1.207,7.125,-0.001,8.361,8.361,9.568
25,155,0.4650,left_thigh,0.0392,2565.00,-7.140,7.125,0.002,-64.917,-64.917,-57.777
25,155,0.4650,left_foot,0.0219,2137.50,4.627,11.875,0.151,-18.248,-15.212,-19.839
25,156,0.4680,abdomen,0.0424,1852.50,-4.747,7.125,-0.041,5.592,5.592,10.340
25,156,0.4680,thorax,0.0166,1852.50,-1.278,7.125,-0.001,8.386,8.386,9.663
25,156,0.4680,left_thigh,0.0384,2565.00,-7.051,7.125,0.001,-65.406,-65.406,-58.355
25,156,0.4680,left_foot,0.0162,2137.50,3.601,11.875,0.178,-18.358,-17.614,-19.960
25,157,0.4710,abdomen,0.0428,1852.50,-4.855,7.125,-0.045,5.609,5.609,10.464
25,157,0.4710,thorax,0.0172,1852.50,-1.349,7.125,-0.001,8.410,8.410,9.759
25,157,0.4710,left_thigh,0.0377,2565.00,-6.966,7.125,0.002,-65.892,-65.892,-58.927
25,157,0.4710,left_foot,0.0220,2137.50,4.653,11.875,0.152,-18.467,-15.431,-20.084
25,158,0.4740,abdomen,0.0439,1852.50,-4.966,7.125,-0.041,5.625,5.625,10.591
25,158,0.4740,thorax,0.0176,1852.50,-1.420,7.125,-0.001,8.434,8.434,9.854
25,158,0.4740,left_thigh,0.0364,2565.00,-6.863,7.125,0.002,-66.370,-66.370,-59.507
25,158,0.4740,left_foot,0.0164,2137.50,3.627,11.875,0.177,-18.575,-17.830,-20.205
25,159,0.4770,abdomen,0.0443,1852.50,-5.072,7.125,-0.045,5.641,5.641,10.713
25,159,0.4770,thorax,0.0182,1852.50,-1.490,7.125,-0.001,8.458,8.458,9.949
25,159,0.4770,left_thigh,0.0364,2565.00,-6.769,7.125,0.002,-66.847,-66.847,-60.079
25,159,0.4770,left_foot,0.0221,2137.50,4.681,11.875,0.154,-18.682,-15.646,-20.328
25,160,0.4800,abdomen,0.0457,1852.50,-5.185,7.125,-0.041,5.657,5.657,10.843
25,160,0.4800,thorax,0.0188,1852.50,-1.561,7.125,-0.001,8.482,8.482,10.043
25,160,0.4800,left_thigh,0.0356,2565.00,-6.673,7.125,0.002,-67.325,-67.325,-60.653
25,160,0.4800,left_foot,0.0164,2137.50,3.652,11.875,0.179,-18.789,-17.481,-20.445
25,161,0.4830,abdomen,0.0461,1852.50,-5.294,7.125,-0.045,5.673,5.673,10.967
25,161,0.4830,thorax,0.0194,1852.50,-1.633,7.125,-0.001,8.506,8.506,10.138
25,161,0.4830,left_thigh,0.0348,2565.00,-6.572,7.125,0.002,-67.790,-67.790,-61.219
25,161,0.4830,left_foot,0.0233,2137.50,4.919,11.875,0.154,-18.894,-15.294,-20.566
25,162,0.4860,abdomen,0.0472,1852.50,-5.407,7.125,-0.041,5.688,5.688,11.096
25,162,0.4860,thorax,0.0199,1852.50,-1.704,7.125,-0.001,8.529,8.529,10.233
25,162,0.4860,left_thigh,0.0334,2565.00,-6.461,7.125,0.002,-68.256,-68.256,-61.795
25,162,0.4860,left_foot,0.0176,2137.50,3.888,11.875,0.183,-18.999,-17.691,-20.681
25,163,0.4890,abdomen,0.0476,1852.50,-5.515,7.125,-0.045,5.704,5.704,11.219
25,163,0.4890,thorax,0.0204,1852.50,-1.775,7.125,-0.001,8.552,8.552,10.327
25,163,0.4890,left_thigh,0.0334,2565.00,-6.358,7.125,0.002,-68.721,-68.721,-62.363
25,163,0.4890,left_foot,0.0243,2137.50,5.152,11.875,0.151,-19.104,-15.503,-20.798
25,164,0.4920,abdomen,0.0492,1852.50,-5.631,7.125,-0.040,5.719,5.719,11.350
25,164,0.4920,thorax,0.0211,1852.50,-1.846,7.125,-0.001,8.575,8.575,10.422
25,164,0.4920,left_thigh,0.0316,2565.00,-6.244,7.125,0.002,-69.176,-69.176,-62.932
25,164,0.4920,left_foot,0.0186,2137.50,4.115,11.875,0.168,-19.207,-17.898,-20.907
25,165,0.4950,abdomen,0.0492,1852.50,-5.737,7.125,-0.043,5.734,5.734,11.472
25,165,0.4950,thorax,0.0216,1852.50,-1.918,7.125,-0.001,8.598,8.598,10.516
25,165,0.4950,left_thigh,0.0310,2565.00,-6.126,7.125,0.002,-69.627,-69.627,-63.501
25,165,0.4950,left_foot,0.0251,2137.50,5.312,11.875,0.128,-19.309,-15.708,-21.021
25,166,0.4980,abdomen,0.0507,1852.50,-5.850,7.125,-0.039,5.750,5.750,11.601
25,166,0.4980,thorax,0.0221,1852.50,-1.989,7.125,-0.001,8.621,8.621,10.610
25,166,0.4980,left_thigh,0.0301,2565.00,-6.008,7.125,0.002,-70.078,-70.078,-64.071
25,166,0.4980,left_foot,0.0192,2137.50,4.273,11.875,0.146,-19.410,-18.102,-21.128
25,167,0.5010,abdomen,0.0511,1852.50,-5.959,7.125,-0.043,5.765,5.765,11.725
25,167,0.5010,thorax,0.0228,1852.50,-2.061,7.125,-0.001,8.644,8.644,10.705
25,167,0.5010,left_thigh,0.0291,2565.00,-5.894,7.125,0.002,-70.523,-70.523,-64.630
25,167,0.5010,left_foot,0.0251,2137.50,5.326,11.875,0.109,-19.511,-15.911,-21.237
25,168,0.5040,abdomen,0.0521,1852.50,-6.070,7.125,-0.038,5.780,5.780,11.850
25,168,0.5040,thorax,0.0232,1852.50,-2.132,7.125,-0.001,8.666,8.666,10.798
25,168,0.5040,left_thigh,0.0277,2565.00,-5.760,7.125,0.002,-70.958,-70.958,-65.199
25,168,0.5040,left_foot,0.0194,2137.50,4.285,11.875,0.127,-19.610,-18.301,-21.344
25,169,0.5070,abdomen,0.0525,1852.50,-6.176,7.125,-0.042,5.795,5.795,11.971
25,169,0.5070,thorax,0.0238,1852.50,-2.203,7.125,-0.001,8.689,8.689,10.892
25,169,0.5070,left_thigh,0.0276,2565.00,-5.636,7.125,0.002,-71.393,-71.393,-65.757
25,169,0.5070,left_foot,0.0180,2137.50,3.989,11.875,0.104,-19.709,-17.461,-21.451
25,170,0.5100,abdomen,0.0532,1852.50,-6.281,7.125,-0.039,5.810,5.810,12.091
25,170,0.5100,thorax,0.0242,1852.50,-2.273,7.125,-0.001,8.711,8.711,10.984
25,170,0.5100,left_thigh,0.0274,2565.00,-5.522,7.125,0.002,-71.828,-71.828,-66.307
25,170,0.5100,left_foot,0.0234,2137.50,4.992,11.875,0.120,-19.807,-16.572,-21.565
25,171,0.5130,abdomen,0.0547,1852.50,-6.396,7.125,-0.040,5.824,5.824,12.220
25,171,0.5130,thorax,0.0249,1852.50,-2.343,7.125,-0.001,8.733,8.733,11.076
25,171,0.5130,left_thigh,0.0254,2565.00,-5.388,7.125,0.002,-72.246,-72.246,-66.858
25,171,0.5130,left_foot,0.0177,2137.50,3.949,11.875,0.176,-19.902,-18.959,-21.669
25,172,0.5160,abdomen,0.0546,1852.50,-6.500,7.125,-0.044,5.839,5.839,12.340
25,172,0.5160,thorax,0.0253,1852.50,-2.413,7.125,-0.001,8.755,8.755,11.168
25,172,0.5160,left_thigh,0.0246,2565.00,-5.254,7.125,0.002,-72.663,-72.663,-67.410
25,172,0.5160,left_foot,0.0235,2137.50,5.013,11.875,0.160,-19.998,-16.763,-21.777
25,173,0.5190,abdomen,0.0561,1852.50,-6.613,7.125,-0.040,5.854,5.853,12.467
25,173,0.5190,thorax,0.0259,1852.50,-2.483,7.125,-0.001,8.777,8.777,11.259
25,173,0.5190,left_thigh,0.0238,2565.00,-5.121,7.125,0.002,-73.081,-73.081,-67.960
25,173,0.5190,left_foot,0.0176,2137.50,3.967,11.875,0.194,-20.093,-18.873,-21.877
25,174,0.5220,abdomen,0.0565,1852.50,-6.720,7.125,-0.044,5.868,5.868,12.589
25,174,0.5220,thorax,0.0264,1852.50,-2.553,7.125,-0.001,8.798,8.798,11.351
25,174,0.5220,left_thigh,0.0225,2565.00,-4.987,7.125,0.002,-73.486,-73.486,-68.500
25,174,0.5220,left_foot,0.0245,2137.50,5.216,11.875,0.167,-20.186,-16.674,-21.981
25,175,0.5250,abdomen,0.0575,1852.50,-6.830,7.125,-0.040,5.882,5.882,12.713
25,175,0.5250,thorax,0.0269,1852.50,-2.622,7.125,-0.001,8.820,8.820,11.441
25,175,0.5250,left_thigh,0.0209,2565.00,-4.836,7.125,0.002,-73.885,-73.885,-69.050
25,175,0.5250,left_foot,0.0187,2137.50,4.169,11.875,0.194,-20.277,-19.057,-22.079
25,176,0.5280,abdomen,0.0578,1852.50,-6.935,7.125,-0.044,5.896,5.896,12.832
25,176,0.5280,thorax,0.0274,1852.50,-2.691,7.125,-0.001,8.841,8.841,11.531
25,176,0.5280,left_thigh,0.0208,2565.00,-4.696,7.125,0.002,-74.284,-74.284,-69.588
25,176,0.5280,left_foot,0.0218,2137.50,4.735,11.875,0.163,-20.369,-17.443,-22.179
25,177,0.5310,abdomen,0.0590,1852.50,-7.044,7.125,-0.040,5.911,5.911,12.955
25,177,0.5310,thorax,0.0279,1852.50,-2.759,7.125,-0.001,8.862,8.862,11.621
25,177,0.5310,left_thigh,0.0190,2565.00,-4.556,7.125,0.002,-74.676,-74.676,-70.121
25,177,0.5310,left_foot,0.0169,2137.50,3.777,11.875,0.177,-20.459,-18.500,-22.278
25,178,0.5340,abdomen,0.0591,1852.50,-7.177,7.125,-0.043,5.924,5.889,13.066
25,178,0.5340,thorax,0.0285,1852.50,-2.860,7.125,-0.001,8.883,8.848,11.708
25,178,0.5340,left_thigh,0.0176,2565.00,-4.330,7.125,0.002,-75.054,-74.983,-70.655
25,178,0.5340,left_foot,0.0237,2137.50,5.029,11.875,0.169,-20.547,-17.235,-22.384
25,179,0.5370,abdomen,0.0605,1852.50,-7.251,7.125,-0.041,5.938,5.938,13.190
25,179,0.5370,thorax,0.0288,1852.50,-2.891,7.125,-0.001,8.904,8.904,11.795
25,179,0.5370,left_thigh,0.0173,2565.00,-4.250,7.125,0.002,-75.433,-75.433,-71.183
25,179,0.5370,left_foot,0.0178,2137.50,3.979,11.875,0.222,-20.634,-18.796,-22.480
25,180,0.5400,abdomen,0.0613,1852.50,-7.429,7.125,-0.046,5.952,5.878,13.307
25,180,0.5400,thorax,0.0299,1852.50,-3.033,7.125,-0.001,8.925,8.850,11.882
25,180,0.5400,left_thigh,0.0162,2565.00,-3.959,7.125,0.002,-75.811,-75.662,-71.703
25,180,0.5400,left_foot,0.0216,2137.50,4.675,11.875,0.200,-20.722,-17.901,-22.577
25,181,0.5430,abdomen,0.0623,1852.50,-7.467,7.125,-0.042,5.966,5.966,13.433
25,181,0.5430,thorax,0.0299,1852.50,-3.024,7.125,-0.001,8.945,8.945,11.969
25,181,0.5430,left_thigh,0.0155,2565.00,-3.958,7.125,0.002,-76.168,-76.168,-72.211
25,181,0.5430,left_foot,0.0172,2137.50,3.816,11.875,0.221,-20.805,-18.857,-22.675
25,182,0.5460,abdomen,0.0623,1852.50,-7.653,7.125,-0.045,5.980,5.890,13.543
25,182,0.5460,thorax,0.0308,1852.50,-3.178,7.125,-0.001,8.966,8.876,12.054
25,182,0.5460,left_thigh,0.0130,2565.00,-3.619,7.125,0.002,-76.524,-76.345,-72.727
25,182,0.5460,left_foot,0.0200,2137.50,4.320,11.875,0.217,-20.889,-18.454,-22.776
25,183,0.5490,abdomen,0.0639,1852.50,-7.768,7.125,-0.043,5.993,5.894,13.662
25,183,0.5490,thorax,0.0313,1852.50,-3.251,7.125,-0.001,8.986,8.887,12.137
25,183,0.5490,left_thigh,0.0128,2565.00,-3.455,7.125,0.002,-76.881,-76.682,-73.228
25,183,0.5490,left_foot,0.0200,2137.50,4.364,11.875,0.249,-20.972,-18.509,-22.874
25,184,0.5520,abdomen,0.0652,1852.50,-7.890,7.125,-0.046,6.005,5.893,13.783
25,184,0.5520,thorax,0.0324,1852.50,-3.329,7.125,-0.001,9.003,8.892,12.221
25,184,0.5520,left_thigh,0.0083,2565.00,-3.253,7.125,0.002,-77.196,-76.973,-73.720
25,184,0.5520,left_foot,0.0158,2137.50,3.423,11.875,0.264,-21.047,-19.546,-22.970
25,185,0.5550,abdomen,0.0637,1852.50,-7.985,7.125,-0.045,6.015,5.892,13.877
25,185,0.5550,thorax,0.0323,1852.50,-3.402,7.125,-0.001,9.019,8.896,12.298
25,185,0.5550,left_thigh,0.0057,2565.00,-3.011,7.125,0.002,-77.489,-77.244,-74.233
25,185,0.5550,left_foot,0.0158,2137.50,3.312,11.875,0.246,-21.118,-19.767,-23.080
25,186,0.5580,abdomen,0.0646,1852.50,-8.087,7.125,-0.044,6.025,5.886,13.974
25,186,0.5580,thorax,0.0327,1852.50,-3.477,7.125,-0.001,9.034,8.895,12.372
25,186,0.5580,left_thigh,0.0051,2565.00,-2.773,7.125,0.002,-77.783,-77.504,-74.732
25,186,0.5580,left_foot,0.0224,2137.50,4.567,11.875,0.296,-21.188,-17.546,-23.189
25,187,0.5610,abdomen,0.0670,1852.50,-8.209,7.125,-0.045,6.034,5.875,14.084
25,187,0.5610,thorax,0.0342,1852.50,-3.560,7.125,-0.001,9.047,8.888,12.448
25,187,0.5610,left_thigh,0.0026,2565.00,-2.505,7.125,0.002,-78.047,-77.729,-75.224
25,187,0.5610,left_foot,0.0289,2137.50,5.708,11.875,0.355,-21.253,-17.576,-23.285
25,188,0.5640,abdomen,0.0662,1852.50,-8.314,7.125,-0.045,6.039,5.862,14.177
25,188,0.5640,thorax,0.0346,1852.50,-3.644,7.125,-0.001,9.054,8.878,12.521
25,188,0.5640,left_thigh,0.0071,2565.00,-2.138,7.125,0.002,-78.251,-77.900,-75.762
25,188,0.5640,left_foot,0.0231,2137.50,4.654,11.875,0.323,-21.305,-19.920,-23.378
25,189,0.5670,abdomen,0.0669,1852.50,-8.407,7.125,-0.046,6.043,5.858,14.266
25,189,0.5670,thorax,0.0351,1852.50,-3.719,7.125,-0.001,9.061,8.875,12.595
25,189,0.5670,left_thigh,0.0075,2565.00,-1.812,7.125,0.002,-78.456,-78.085,-76.274
25,189,0.5670,left_foot,0.0268,2137.50,5.290,11.875,0.226,-21.357,-18.179,-23.470
25,190,0.5700,abdomen,0.0689,1852.50,-8.504,7.125,-0.039,6.048,5.859,14.363
25,190,0.5700,thorax,0.0362,1852.50,-3.790,7.125,-0.001,9.068,8.879,12.668
25,190,0.5700,left_thigh,0.0123,2565.00,-1.517,7.125,0.002,-78.660,-78.282,-76.766
25,190,0.5700,left_foot,0.0303,2137.50,5.822,11.875,0.187,-21.409,-17.743,-23.566
25,191,0.5730,abdomen,0.0685,1852.50,-8.593,7.125,-0.040,6.048,5.854,14.447
25,191,0.5730,thorax,0.0365,1852.50,-3.864,7.125,-0.001,9.069,8.874,12.738
25,191,0.5730,left_thigh,0.0162,2565.00,-1.125,7.125,0.002,-78.797,-78.408,-77.285
25,191,0.5730,left_foot,0.0248,2137.50,4.776,11.875,0.162,-21.446,-20.007,-23.666
25,192,0.5760,abdomen,0.0694,1852.50,-8.682,7.125,-0.041,6.049,5.851,14.533
25,192,0.5760,thorax,0.0371,1852.50,-3.938,7.125,-0.001,9.069,8.871,12.809
25,192,0.5760,left_thigh,0.0167,2565.00,-0.763,7.125,0.002,-78.933,-78.537,-77.775
25,192,0.5760,left_foot,0.0316,2137.50,6.014,11.875,0.129,-21.484,-17.752,-23.767
25,193,0.5790,abdomen,0.0717,1852.50,-8.790,7.125,-0.038,6.049,5.847,14.638
25,193,0.5790,thorax,0.0380,1852.50,-4.015,7.125,-0.001,9.070,8.868,12.883
25,193,0.5790,left_thigh,0.0180,2565.00,-0.417,7.125,0.002,-79.070,-78.666,-78.250
25,193,0.5790,left_foot,0.0284,2137.50,5.498,11.875,0.154,-21.521,-18.363,-23.862
25,194,0.5820,abdomen,0.0733,1852.50,-8.908,7.125,-0.044,6.048,5.842,14.750
25,194,0.5820,thorax,0.0392,1852.50,-4.098,7.125,-0.001,9.068,8.862,12.959
25,194,0.5820,left_thigh,0.0216,2565.00,-0.061,7.125,0.002,-79.175,-78.763,-78.703
25,194,0.5820,left_foot,0.0234,2137.50,4.446,11.875,0.137,-21.551,-20.685,-23.957
25,195,0.5850,abdomen,0.0728,1852.50,-9.008,7.125,-0.043,6.045,5.836,14.845
25,195,0.5850,thorax,0.0395,1852.50,-4.177,7.125,-0.001,9.064,8.855,13.032
25,195,0.5850,left_thigh,0.0238,2565.00,0.308,7.125,0.002,-79.264,-78.847,-79.156
25,195,0.5850,left_foot,0.0185,2137.50,3.410,11.875,0.129,-21.578,-21.578,-24.067
25,196,0.5880,abdomen,0.0738,1852.50,-9.119,7.125,-0.044,6.042,5.824,14.944
25,196,0.5880,thorax,0.0400,1852.50,-4.261,7.125,-0.001,9.060,8.841,13.102
25,196,0.5880,left_thigh,0.0244,2565.00,0.664,7.125,0.001,-79.353,-78.916,-79.581
25,196,0.5880,left_foot,0.0189,2137.50,3.427,11.875,0.199,-21.605,-20.755,-24.183
25,197,0.5910,abdomen,0.0756,1852.50,-9.252,7.125,-0.046,6.039,5.801,15.054
25,197,0.5910,thorax,0.0410,1852.50,-4.356,7.125,-0.001,9.055,8.817,13.173
25,197,0.5910,left_thigh,0.0270,2565.00,1.026,7.125,0.001,-79.434,-78.957,-79.985
25,197,0.5910,left_foot,0.0152,2137.50,2.667,11.875,0.324,-21.629,-21.629,-24.297
25,198,0.5940,abdomen,0.0760,1852.50,-9.391,7.125,-0.053,6.035,5.769,15.161
25,198,0.5940,thorax,0.0417,1852.50,-4.459,7.125,-0.001,9.049,8.783,13.242
25,198,0.5940,left_thigh,0.0288,2565.00,1.413,7.125,0.001,-79.497,-78.966,-80.380
25,198,0.5940,left_foot,0.0159,2137.50,2.764,11.875,0.420,-21.649,-21.649,-24.415
25,199,0.5970,abdomen,0.0777,1852.50,-9.547,7.125,-0.056,6.031,5.731,15.278
25,199,0.5970,thorax,0.0426,1852.50,-4.568,7.125,-0.001,9.042,8.742,13.311
25,199,0.5970,left_thigh,0.0298,2565.00,1.791,7.125,0.001,-79.560,-78.961,-80.754
25,199,0.5970,left_foot,0.0162,2137.50,2.855,11.875,0.537,-21.669,-21.669,-24.526
25,200,0.6000,abdomen,0.0795,1852.50,-9.715,7.125,-0.060,6.026,5.689,15.404
25,200,0.6000,thorax,0.0437,1852.50,-4.683,7.125,-0.001,9.036,8.698,13.381
25,200,0.6000,left_thigh,0.0310,2565.00,2.156,7.125,0.001,-79.624,-78.949,-81.106
25,200,0.6000,left_foot,0.0165,2137.50,2.941,11.875,0.617,-21.689,-21.689,-24.632
25,201,0.6030,abdomen,0.0808,1852.50,-9.887,7.125,-0.064,6.022,5.645,15.533
25,201,0.6030,thorax,0.0446,1852.50,-4.800,7.125,-0.001,9.029,8.652,13.452
25,201,0.6030,left_thigh,0.0320,2565.00,2.508,7.125,0.001,-79.682,-78.929,-81.438
25,201,0.6030,left_foot,0.0168,2137.50,3.026,11.875,0.660,-21.707,-21.707,-24.734
25,202,0.6060,abdomen,0.0822,1852.50,-10.063,7.125,-0.065,6.017,5.601,15.664
25,202,0.6060,thorax,0.0454,1852.50,-4.916,7.125,-0.001,9.022,8.606,13.521
25,202,0.6060,left_thigh,0.0326,2565.00,2.839,7.125,0.001,-79.740,-78.908,-81.749
25,202,0.6060,left_foot,0.0171,2137.50,3.109,11.875,0.683,-21.724,-21.724,-24.834
25,203,0.6090,abdomen,0.0835,1852.50,-10.238,7.125,-0.067,6.012,5.557,15.795
25,203,0.6090,thorax,0.0462,1852.50,-5.031,7.125,-0.001,9.014,8.559,13.590
25,203,0.6090,left_thigh,0.0331,2565.00,3.148,7.125,0.001,-79.798,-78.887,-82.037
25,203,0.6090,left_foot,0.0174,2137.50,3.190,11.875,0.695,-21.742,-21.742,-24.933
25,204,0.6120,abdomen,0.0845,1852.50,-10.411,7.125,-0.067,6.008,5.512,15.923
25,204,0.6120,thorax,0.0468,1852.50,-5.144,7.125,-0.001,9.008,8.512,13.656
25,204,0.6120,left_thigh,0.0325,2565.00,3.427,7.125,0.001,-79.867,-78.875,-82.303
25,204,0.6120,left_foot,0.0176,2137.50,3.269,11.875,0.702,-21.760,-21.760,-25.031
25,205,0.6150,abdomen,0.0859,1852.50,-10.586,7.125,-0.069,6.004,5.467,16.053
25,205,0.6150,thorax,0.0476,1852.50,-5.255,7.125,-0.001,9.002,8.465,13.720
25,205,0.6150,left_thigh,0.0322,2565.00,3.671,7.125,0.001,-79.941,-78.867,-82.540
25,205,0.6150,left_foot,0.0178,2137.50,3.345,11.875,0.715,-21.779,-21.779,-25.126
25,206,0.6180,abdomen,0.0867,1852.50,-10.756,7.125,-0.069,6.000,5.421,16.178
25,206,0.6180,thorax,0.0481,1852.50,-5.364,7.125,-0.001,8.997,8.418,13.781
25,206,0.6180,left_thigh,0.0325,2565.00,3.899,7.125,0.001,-80.015,-78.857,-82.757
25,206,0.6180,left_foot,0.0182,2137.50,3.422,11.875,0.719,-21.797,-21.797,-25.221
25,207,0.6210,abdomen,0.0872,1852.50,-10.921,7.125,-0.070,5.997,5.374,16.295
25,207,0.6210,thorax,0.0484,1852.50,-5.469,7.125,-0.001,8.992,8.369,13.838
25,207,0.6210,left_thigh,0.0303,2565.00,4.099,7.125,0.001,-80.102,-78.856,-82.957
25,207,0.6210,left_foot,0.0182,2137.50,3.496,11.875,0.729,-21.818,-21.818,-25.315
25,208,0.6240,abdomen,0.0888,1852.50,-11.089,7.125,-0.072,5.995,5.327,16.417
25,208,0.6240,thorax,0.0490,1852.50,-5.572,7.125,-0.001,8.989,8.321,13.893
25,208,0.6240,left_thigh,0.0289,2565.00,4.240,7.125,0.000,-80.213,-78.877,-83.119
25,208,0.6240,left_foot,0.0183,2137.50,3.561,11.875,0.750,-21.842,-21.842,-25.404
25,209,0.6270,abdomen,0.0891,1852.50,-11.248,7.125,-0.072,5.994,5.280,16.529
25,209,0.6270,thorax,0.0494,1852.50,-5.670,7.125,0.000,8.987,8.273,13.943
25,209,0.6270,left_thigh,0.0288,2565.00,4.367,7.125,0.000,-80.324,-78.897,-83.266
25,209,0.6270,left_foot,0.0186,2137.50,3.630,11.875,0.748,-21.865,-21.866,-25.497
25,210,0.6300,abdomen,0.0889,1852.50,-11.397,7.125,-0.072,5.992,5.230,16.628
25,210,0.6300,thorax,0.0492,1852.50,-5.765,7.125,0.000,8.984,8.222,13.987
25,210,0.6300,left_thigh,0.0252,2565.00,4.487,7.125,0.000,-80.436,-78.912,-83.401
25,210,0.6300,left_foot,0.0184,2137.50,3.697,11.875,0.757,-21.889,-21.889,-25.589
25,211,0.6330,abdomen,0.0908,1852.50,-11.552,7.125,-0.074,5.994,5.182,16.735
25,211,0.6330,thorax,0.0498,1852.50,-5.855,7.125,0.000,8.987,8.175,14.030
25,211,0.6330,left_thigh,0.0225,2565.00,4.505,7.125,0.000,-80.605,-78.982,-83.488
25,211,0.6330,left_foot,0.0185,2137.50,3.749,11.875,0.782,-21.923,-21.923,-25.673
25,212,0.6360,abdomen,0.0905,1852.50,-11.691,7.125,-0.074,5.996,5.134,16.826
25,212,0.6360,thorax,0.0499,1852.50,-5.937,7.125,0.000,8.990,8.128,14.065
25,212,0.6360,left_thigh,0.0221,2565.00,4.515,7.125,0.000,-80.774,-79.052,-83.568
25,212,0.6360,left_foot,0.0189,2137.50,3.807,11.875,0.770,-21.956,-21.956,-25.765
25,213,0.6390,abdomen,0.0900,1852.50,-11.816,7.125,-0.074,5.997,5.083,16.899
25,213,0.6390,thorax,0.0498,1852.50,-6.015,7.125,0.000,8.992,8.078,14.093
25,213,0.6390,left_thigh,0.0218,2565.00,4.525,7.125,0.000,-80.944,-79.114,-83.641
25,213,0.6390,left_foot,0.0254,2137.50,5.045,11.875,0.774,-21.989,-19.697,-25.857
25,214,0.6420,abdomen,0.0899,1852.50,-11.931,7.125,-0.071,6.001,5.032,16.963
25,214,0.6420,thorax,0.0496,1852.50,-6.086,7.125,0.000,8.997,8.028,14.114
25,214,0.6420,left_thigh,0.0188,2565.00,4.507,7.125,0.000,-81.145,-79.206,-83.714
25,214,0.6420,left_foot,0.0309,2137.50,6.272,11.875,0.790,-22.027,-17.444,-25.937
25,215,0.6450,abdomen,0.0914,1852.50,-12.049,7.125,-0.072,6.005,4.984,17.033
25,215,0.6450,thorax,0.0500,1852.50,-6.152,7.125,0.000,9.004,7.983,14.135
25,215,0.6450,left_thigh,0.0168,2565.00,4.440,7.125,0.000,-81.362,-79.320,-83.761
25,215,0.6450,left_foot,0.0366,2137.50,7.480,11.875,0.746,-22.068,-15.193,-25.999
25,216,0.6480,abdomen,0.0912,1852.50,-12.141,7.125,-0.068,6.010,4.947,17.089
25,216,0.6480,thorax,0.0500,1852.50,-6.204,7.125,0.000,9.011,7.948,14.152
25,216,0.6480,left_thigh,0.0164,2565.00,4.356,7.125,0.000,-81.579,-79.454,-83.811
25,216,0.6480,left_foot,0.0426,2137.50,8.684,11.875,0.604,-22.109,-12.942,-26.057
25,217,0.6510,abdomen,0.0906,1852.50,-12.207,7.125,-0.062,6.014,4.919,17.127
25,217,0.6510,thorax,0.0497,1852.50,-6.241,7.125,0.000,9.018,7.922,14.163
25,217,0.6510,left_thigh,0.0147,2565.00,4.250,7.125,0.000,-81.803,-79.613,-83.865
25,217,0.6510,left_foot,0.0483,2137.50,9.880,11.875,0.437,-22.151,-10.692,-26.108
25,218,0.6540,abdomen,0.0907,1852.50,-12.253,7.125,-0.056,6.020,4.902,17.156
25,218,0.6540,thorax,0.0496,1852.50,-6.263,7.125,0.000,9.026,7.908,14.171
25,218,0.6540,left_thigh,0.0133,2565.00,4.100,7.125,0.000,-82.042,-79.808,-83.909
25,218,0.6540,left_foot,0.0541,2137.50,11.067,11.875,0.256,-22.196,-8.445,-26.150
25,219,0.6570,abdomen,0.0899,1852.50,-12.269,7.125,-0.048,6.025,4.897,17.167
25,219,0.6570,thorax,0.0492,1852.50,-6.268,7.125,0.000,9.034,7.906,14.174
25,219,0.6570,left_thigh,0.0127,2565.00,3.933,7.125,0.000,-82.281,-80.026,-83.961
25,219,0.6570,left_foot,0.0600,2137.50,12.251,11.875,0.063,-22.240,-7.240,-26.189
25,220,0.6600,abdomen,0.0890,1852.50,-12.260,7.125,-0.042,6.030,4.902,17.163
25,220,0.6600,thorax,0.0486,1852.50,-6.259,7.125,0.000,9.041,7.913,14.172
25,220,0.6600,left_thigh,0.0110,2565.00,3.755,7.125,0.000,-82.520,-80.263,-84.020
25,220,0.6600,left_foot,0.0656,2137.50,13.429,11.875,-0.117,-22.285,-7.285,-26.221
25,221,0.6630,abdomen,0.0888,1852.50,-12.233,7.125,-0.036,6.036,4.918,17.152
25,221,0.6630,thorax,0.0482,1852.50,-6.237,7.125,0.000,9.051,7.932,14.169
25,221,0.6630,left_thigh,0.0096,2565.00,3.535,7.125,0.000,-82.778,-80.541,-84.077
25,221,0.6630,left_foot,0.0713,2137.50,14.598,11.875,-0.293,-22.332,-7.332,-26.244
25,222,0.6660,abdomen,0.0879,1852.50,-12.182,7.125,-0.029,6.042,4.945,17.128
25,222,0.6660,thorax,0.0477,1852.50,-6.200,7.125,0.000,9.060,7.962,14.162
25,222,0.6660,left_thigh,0.0090,2565.00,3.304,7.125,0.000,-83.036,-80.841,-84.147
25,222,0.6660,left_foot,0.0770,2137.50,15.761,11.875,-0.466,-22.380,-7.380,-26.261
25,223,0.6690,abdomen,0.0870,1852.50,-12.111,7.125,-0.024,6.049,4.982,17.093
25,223,0.6690,thorax,0.0471,1852.50,-6.151,7.125,0.000,9.069,8.002,14.153
25,223,0.6690,left_thigh,0.0084,2565.00,3.068,7.125,0.000,-83.294,-81.160,-84.230
25,223,0.6690,left_foot,0.0825,2137.50,16.916,11.875,-0.624,-22.427,-7.427,-26.270
25,224,0.6720,abdomen,0.0860,1852.50,-12.019,7.125,-0.018,6.055,5.030,17.050
25,224,0.6720,thorax,0.0464,1852.50,-6.090,7.125,0.000,9.079,8.054,14.144
25,224,0.6720,left_thigh,0.0069,2565.00,2.814,7.125,0.000,-83.563,-81.513,-84.328
25,224,0.6720,left_foot,0.0878,2137.50,18.062,11.875,-0.779,-22.476,-7.476,-26.270
25,225,0.6750,abdomen,0.0856,1852.50,-11.915,7.125,-0.013,6.062,5.090,17.005
25,225,0.6750,thorax,0.0460,1852.50,-6.019,7.125,0.000,9.089,8.117,14.135
25,225,0.6750,left_thigh,0.0059,2565.00,2.539,7.125,0.000,-83.837,-81.893,-84.433
25,225,0.6750,left_foot,0.0906,2137.50,18.730,11.875,-0.938,-22.526,-7.526,-26.258
25,226,0.6780,abdomen,0.0845,1852.50,-11.790,7.125,-0.008,6.068,5.161,16.952
25,226,0.6780,thorax,0.0453,1852.50,-5.936,7.125,0.000,9.099,8.191,14.127
25,226,0.6780,left_thigh,0.0052,2565.00,2.256,7.125,0.000,-84.112,-82.296,-84.554
25,226,0.6780,left_foot,0.0897,2137.50,18.664,11.875,-1.081,-22.576,-7.576,-26.242
25,227,0.6810,abdomen,0.0767,1852.50,-10.811,7.125,-0.005,6.075,6.076,16.888
25,227,0.6810,thorax,0.0381,1852.50,-5.009,7.125,0.000,9.109,9.109,14.118
25,227,0.6810,left_thigh,0.0041,2565.00,1.128,7.125,0.000,-84.391,-84.391,-84.687
25,227,0.6810,left_foot,0.0834,2137.50,17.505,11.875,-1.179,-22.627,-9.919,-26.229
25,228,0.6840,abdomen,0.0747,1852.50,-10.720,7.125,-0.002,6.083,6.083,16.804
25,228,0.6840,thorax,0.0393,1852.50,-5.006,7.125,0.000,9.120,9.120,14.126
25,228,0.6840,left_thigh,0.0073,2565.00,0.172,7.125,0.000,-84.679,-84.679,-84.853
25,228,0.6840,left_foot,0.0769,2137.50,16.338,11.875,-1.192,-22.679,-12.263,-26.207
25,229,0.6870,abdomen,0.0714,1852.50,-10.596,7.125,0.001,6.090,6.090,16.687
25,229,0.6870,thorax,0.0378,1852.50,-4.988,7.125,0.000,9.131,9.131,14.119
25,229,0.6870,left_thigh,0.0047,2565.00,0.106,7.125,0.000,-84.968,-84.968,-85.075
25,229,0.6870,left_foot,0.0707,2137.50,15.174,11.875,-1.180,-22.731,-14.607,-26.189
25,230,0.6900,abdomen,0.0712,1852.50,-10.479,7.125,0.004,6.097,6.097,16.577
25,230,0.6900,thorax,0.0373,1852.50,-4.965,7.125,0.000,9.142,9.142,14.107
25,230,0.6900,left_thigh,0.0052,2565.00,0.044,7.125,0.000,-85.256,-85.256,-85.302
25,230,0.6900,left_foot,0.0650,2137.50,14.024,11.875,-1.126,-22.783,-16.951,-26.184
25,231,0.6930,abdomen,0.0715,1852.50,-10.377,7.125,0.002,6.105,6.105,16.483
25,231,0.6930,thorax,0.0373,1852.50,-4.943,7.125,0.000,9.154,9.154,14.097
25,231,0.6930,left_thigh,0.0058,2565.00,-0.032,7.125,0.000,-85.556,-85.556,-85.526
25,231,0.6930,left_foot,0.0595,2137.50,12.883,11.875,-1.018,-22.837,-19.296,-26.188
25,232,0.6960,abdomen,0.0715,1852.50,-10.289,7.125,-0.002,6.113,6.113,16.403
25,232,0.6960,thorax,0.0374,1852.50,-4.924,7.125,0.000,9.165,9.165,14.089
25,232,0.6960,left_thigh,0.0058,2565.00,-0.103,7.125,0.000,-85.855,-85.855,-85.754
25,232,0.6960,left_foot,0.0541,2137.50,11.749,11.875,-0.868,-22.891,-18.917,-26.201
25,233,0.6990,abdomen,0.0715,1852.50,-10.214,7.125,-0.007,6.121,6.121,16.335
25,233,0.6990,thorax,0.0375,1852.50,-4.908,7.125,0.000,9.177,9.177,14.085
25,233,0.6990,left_thigh,0.0058,2565.00,-0.168,7.125,0.000,-86.155,-86.155,-85.989
25,233,0.6990,left_foot,0.0487,2137.50,10.621,11.875,-0.703,-22.945,-16.679,-26.218
25,234,0.7020,abdomen,0.0744,1852.50,-10.546,7.125,-0.012,6.129,5.733,16.280
25,234,0.7020,thorax,0.0406,1852.50,-5.290,7.125,0.000,9.189,8.793,14.082
25,234,0.7020,left_thigh,0.0032,2565.00,0.560,7.125,0.000,-86.460,-85.669,-86.230
25,234,0.7020,left_foot,0.0555,2137.50,11.791,11.875,-0.545,-22.999,-14.441,-26.242
25,235,0.7050,abdomen,0.0757,1852.50,-10.247,7.125,-0.014,6.137,6.026,16.274
25,235,0.7050,thorax,0.0390,1852.50,-4.996,7.125,0.000,9.201,9.090,14.086
25,235,0.7050,left_thigh,0.0069,2565.00,-0.105,7.125,0.000,-86.769,-86.547,-86.444
25,235,0.7050,left_foot,0.0617,2137.50,12.960,11.875,-0.421,-23.054,-13.146,-26.265
25,236,0.7080,abdomen,0.0745,1852.50,-10.126,7.125,-0.022,6.145,6.145,16.272
25,236,0.7080,thorax,0.0390,1852.50,-4.887,7.125,0.000,9.213,9.213,14.100
25,236,0.7080,left_thigh,0.0059,2565.00,-0.372,7.125,0.000,-87.077,-87.077,-86.707
25,236,0.7080,left_foot,0.0547,2137.50,11.807,11.875,-0.327,-23.109,-15.493,-26.258
25,237,0.7110,abdomen,0.0738,1852.50,-10.108,7.125,-0.024,6.153,6.153,16.261
25,237,0.7110,thorax,0.0393,1852.50,-4.893,7.125,0.000,9.225,9.225,14.118
25,237,0.7110,left_thigh,0.0056,2565.00,-0.404,7.125,0.000,-87.388,-87.388,-86.985
25,237,0.7110,left_foot,0.0489,2137.50,10.657,11.875,-0.373,-23.164,-17.840,-26.254
25,238,0.7140,abdomen,0.0737,1852.50,-10.088,7.125,-0.019,6.161,6.161,16.250
25,238,0.7140,thorax,0.0392,1852.50,-4.899,7.125,0.000,9.237,9.237,14.136
25,238,0.7140,left_thigh,0.0060,2565.00,-0.445,7.125,0.000,-87.702,-87.702,-87.259
25,238,0.7140,left_foot,0.0499,2137.50,10.667,11.875,-0.422,-23.220,-15.604,-26.272
25,239,0.7170,abdomen,0.0743,1852.50,-10.076,7.125,-0.018,6.169,6.169,16.246
25,239,0.7170,thorax,0.0394,1852.50,-4.904,7.125,0.000,9.250,9.250,14.153
25,239,0.7170,left_thigh,0.0058,2565.00,-0.480,7.125,0.000,-88.016,-88.016,-87.538
25,239,0.7170,left_foot,0.0482,2137.50,10.292,11.875,-0.400,-23.276,-16.005,-26.298
25,240,0.7200,abdomen,0.0746,1852.50,-10.071,7.125,-0.021,6.177,6.177,16.249
25,240,0.7200,thorax,0.0396,1852.50,-4.912,7.125,0.000,9.262,9.262,14.173
25,240,0.7200,left_thigh,0.0058,2565.00,-0.508,7.125,0.000,-88.331,-88.331,-87.824
25,240,0.7200,left_foot,0.0521,2137.50,10.989,11.875,-0.354,-23.332,-15.337,-26.327
25,241,0.7230,abdomen,0.0758,1852.50,-10.082,7.125,-0.021,6.186,6.186,16.268
25,241,0.7230,thorax,0.0401,1852.50,-4.924,7.125,0.000,9.274,9.274,14.198
25,241,0.7230,left_thigh,0.0054,2565.00,-0.531,7.125,0.000,-88.649,-88.649,-88.120
25,241,0.7230,left_foot,0.0458,2137.50,9.865,11.875,-0.313,-23.388,-17.685,-26.350
25,242,0.7260,abdomen,0.0757,1852.50,-10.092,7.125,-0.025,6.194,6.194,16.287
25,242,0.7260,thorax,0.0403,1852.50,-4.938,7.125,0.000,9.287,9.287,14.224
25,242,0.7260,left_thigh,0.0055,2565.00,-0.551,7.125,0.001,-88.966,-88.966,-88.417
25,242,0.7260,left_foot,0.0504,2137.50,10.639,11.875,-0.309,-23.444,-15.741,-26.380
25,243,0.7290,abdomen,0.0768,1852.50,-10.114,7.125,-0.022,6.202,6.202,16.317
25,243,0.7290,thorax,0.0407,1852.50,-4.955,7.125,0.000,9.299,9.299,14.254
25,243,0.7290,left_thigh,0.0051,2565.00,-0.563,7.125,0.001,-89.284,-89.284,-88.723
25,243,0.7290,left_foot,0.0443,2137.50,9.520,11.875,-0.284,-23.500,-18.089,-26.408
25,244,0.7320,abdomen,0.0767,1852.50,-10.135,7.125,-0.026,6.211,6.211,16.346
25,244,0.7320,thorax,0.0410,1852.50,-4.973,7.125,0.000,9.312,9.312,14.284
25,244,0.7320,left_thigh,0.0052,2565.00,-0.574,7.125,0.001,-89.603,-89.603,-89.031
25,244,0.7320,left_foot,0.0474,2137.50,10.019,11.875,-0.279,-23.556,-16.424,-26.444
25,245,0.7350,abdomen,0.0776,1852.50,-10.164,7.125,-0.024,6.219,6.219,16.384
25,245,0.7350,thorax,0.0413,1852.50,-4.993,7.125,0.000,9.324,9.324,14.316
25,245,0.7350,left_thigh,0.0048,2565.00,-0.579,7.125,0.001,-89.921,-89.921,-89.344
25,245,0.7350,left_foot,0.0414,2137.50,8.908,11.875,-0.249,-23.612,-18.772,-26.479
25,246,0.7380,abdomen,0.0776,1852.50,-10.192,7.125,-0.028,6.227,6.227,16.420
25,246,0.7380,thorax,0.0415,1852.50,-5.013,7.125,0.000,9.336,9.336,14.349
25,246,0.7380,left_thigh,0.0049,2565.00,-0.584,7.125,0.001,-90.240,-90.240,-89.658
25,246,0.7380,left_foot,0.0476,2137.50,9.986,11.875,-0.231,-23.667,-16.536,-26.523
25,247,0.7410,abdomen,0.0789,1852.50,-10.234,7.125,-0.026,6.235,6.235,16.469
25,247,0.7410,thorax,0.0420,1852.50,-5.036,7.125,0.000,9.348,9.348,14.384
25,247,0.7410,left_thigh,0.0043,2565.00,-0.578,7.125,0.001,-90.558,-90.558,-89.981
25,247,0.7410,left_foot,0.0413,2137.50,8.876,11.875,-0.184,-23.723,-18.884,-26.558
25,248,0.7440,abdomen,0.0788,1852.50,-10.271,7.125,-0.030,6.243,6.243,16.515
25,248,0.7440,thorax,0.0422,1852.50,-5.061,7.125,0.000,9.360,9.360,14.421
25,248,0.7440,left_thigh,0.0043,2565.00,-0.571,7.125,0.001,-90.875,-90.875,-90.306
25,248,0.7440,left_foot,0.0414,2137.50,8.821,11.875,-0.182,-23.778,-17.777,-26.599
25,249,0.7470,abdomen,0.0793,1852.50,-10.312,7.125,-0.028,6.251,6.251,16.564
25,249,0.7470,thorax,0.0424,1852.50,-5.086,7.125,0.000,9.373,9.373,14.458
25,249,0.7470,left_thigh,0.0041,2565.00,-0.561,7.125,0.001,-91.192,-91.192,-90.632
25,249,0.7470,left_foot,0.0434,2137.50,9.178,11.875,-0.159,-23.834,-17.466,-26.645
25,250,0.7500,abdomen,0.0802,1852.50,-10.361,7.125,-0.030,6.259,6.259,16.621
25,250,0.7500,thorax,0.0429,1852.50,-5.113,7.125,0.000,9.385,9.385,14.497
25,250,0.7500,left_thigh,0.0037,2565.00,-0.546,7.125,0.001,-91.508,-91.508,-90.964
25,250,0.7500,left_foot,0.0374,2137.50,8.073,11.875,-0.123,-23.889,-19.224,-26.686
25,251,0.7530,abdomen,0.0804,1852.50,-10.461,7.125,-0.033,6.267,6.210,16.671
25,251,0.7530,thorax,0.0435,1852.50,-5.197,7.125,0.000,9.396,9.339,14.535
25,251,0.7530,left_thigh,0.0033,2565.00,-0.411,7.125,0.001,-91.821,-91.706,-91.297
25,251,0.7530,left_foot,0.0443,2137.50,9.268,11.875,-0.117,-23.943,-16.986,-26.736
25,252,0.7560,abdomen,0.0815,1852.50,-10.462,7.125,-0.030,6.275,6.275,16.737
25,252,0.7560,thorax,0.0435,1852.50,-5.168,7.125,0.000,9.408,9.408,14.575
25,252,0.7560,left_thigh,0.0035,2565.00,-0.504,7.125,0.001,-92.133,-92.133,-91.631
25,252,0.7560,left_foot,0.0379,2137.50,8.164,11.875,-0.072,-23.998,-19.332,-26.778
25,253,0.7590,abdomen,0.0812,1852.50,-10.521,7.125,-0.036,6.283,6.273,16.794
25,253,0.7590,thorax,0.0438,1852.50,-5.207,7.125,0.000,9.420,9.410,14.617
25,253,0.7590,left_thigh,0.0033,2565.00,-0.460,7.125,0.001,-92.446,-92.427,-91.969
25,253,0.7590,left_foot,0.0384,2137.50,8.199,11.875,-0.076,-24.052,-18.624,-26.823
25,254,0.7620,abdomen,0.0818,1852.50,-10.567,7.125,-0.033,6.290,6.287,16.854
25,254,0.7620,thorax,0.0440,1852.50,-5.230,7.125,0.000,9.431,9.428,14.657
25,254,0.7620,left_thigh,0.0032,2565.00,-0.443,7.125,0.001,-92.753,-92.747,-92.306
25,254,0.7620,left_foot,0.0441,2137.50,9.234,11.875,-0.060,-24.105,-17.638,-26.872
25,255,0.7650,abdomen,0.0827,1852.50,-10.624,7.125,-0.034,6.297,6.297,16.922
25,255,0.7650,thorax,0.0445,1852.50,-5.259,7.125,0.000,9.442,9.442,14.700
25,255,0.7650,left_thigh,0.0032,2565.00,-0.405,7.125,0.001,-93.059,-93.059,-92.656
25,255,0.7650,left_foot,0.0376,2137.50,8.124,11.875,-0.027,-24.158,-19.982,-26.909
25,256,0.7680,abdomen,0.0826,1852.50,-10.678,7.125,-0.037,6.305,6.305,16.983
25,256,0.7680,thorax,0.0447,1852.50,-5.291,7.125,0.000,9.453,9.453,14.743
25,256,0.7680,left_thigh,0.0031,2565.00,-0.365,7.125,0.001,-93.364,-93.364,-93.001
25,256,0.7680,left_foot,0.0350,2137.50,7.558,11.875,-0.061,-24.211,-19.392,-26.951
25,257,0.7710,abdomen,0.0835,1852.50,-10.822,7.125,-0.034,6.312,6.218,17.041
25,257,0.7710,thorax,0.0455,1852.50,-5.415,7.125,0.000,9.463,9.370,14.784
25,257,0.7710,left_thigh,0.0037,2565.00,-0.139,7.125,0.001,-93.666,-93.478,-93.341
25,257,0.7710,left_foot,0.0419,2137.50,8.759,11.875,-0.058,-24.263,-17.152,-27.005
25,258,0.7740,abdomen,0.0842,1852.50,-10.792,7.125,-0.034,6.319,6.319,17.112
25,258,0.7740,thorax,0.0452,1852.50,-5.352,7.125,0.000,9.474,9.474,14.825
25,258,0.7740,left_thigh,0.0035,2565.00,-0.280,7.125,0.001,-93.962,-93.962,-93.684
25,258,0.7740,left_foot,0.0355,2137.50,7.658,11.875,-0.001,-24.314,-19.495,-27.051
25,259,0.7770,abdomen,0.0843,1852.50,-10.940,7.125,-0.039,6.326,6.231,17.171
25,259,0.7770,thorax,0.0461,1852.50,-5.479,7.125,0.000,9.484,9.389,14.868
25,259,0.7770,left_thigh,0.0043,2565.00,-0.039,7.125,0.001,-94.258,-94.068,-94.031
25,259,0.7770,left_foot,0.0389,2137.50,8.251,11.875,0.002,-24.365,-18.844,-27.096
25,260,0.7800,abdomen,0.0850,1852.50,-10.909,7.125,-0.036,6.332,6.332,17.241
25,260,0.7800,thorax,0.0458,1852.50,-5.416,7.125,0.000,9.494,9.494,14.910
25,260,0.7800,left_thigh,0.0040,2565.00,-0.185,7.125,0.001,-94.553,-94.553,-94.370
25,260,0.7800,left_foot,0.0408,2137.50,8.616,11.875,0.018,-24.416,-18.526,-27.142
25,261,0.7830,abdomen,0.0848,1852.50,-10.967,7.125,-0.038,6.339,6.339,17.306
25,261,0.7830,thorax,0.0461,1852.50,-5.450,7.125,0.000,9.503,9.503,14.953
25,261,0.7830,left_thigh,0.0051,2565.00,-0.111,7.125,0.001,-94.837,-94.837,-94.727
25,261,0.7830,left_foot,0.0346,2137.50,7.505,11.875,0.031,-24.464,-20.787,-27.178
25,262,0.7860,abdomen,0.0854,1852.50,-11.111,7.125,-0.039,6.345,6.251,17.363
25,262,0.7860,thorax,0.0469,1852.50,-5.576,7.125,0.000,9.513,9.419,14.995
25,262,0.7860,left_thigh,0.0059,2565.00,0.143,7.125,0.002,-95.120,-94.933,-95.077
25,262,0.7860,left_foot,0.0413,2137.50,8.679,11.875,-0.004,-24.513,-18.543,-27.223
25,263,0.7890,abdomen,0.0863,1852.50,-11.083,7.125,-0.035,6.351,6.351,17.434
25,263,0.7890,thorax,0.0466,1852.50,-5.515,7.125,0.000,9.522,9.522,15.037
25,263,0.7890,left_thigh,0.0050,2565.00,0.014,7.125,0.001,-95.404,-95.404,-95.419
25,263,0.7890,left_foot,0.0350,2137.50,7.580,11.875,0.019,-24.561,-19.683,-27.263
25,264,0.7920,abdomen,0.0865,1852.50,-11.230,7.125,-0.040,6.357,6.264,17.494
25,264,0.7920,thorax,0.0476,1852.50,-5.642,7.125,0.000,9.530,9.437,15.079
25,264,0.7920,left_thigh,0.0071,2565.00,0.271,7.125,0.001,-95.677,-95.491,-95.764
25,264,0.7920,left_foot,0.0391,2137.50,8.262,11.875,0.008,-24.608,-19.043,-27.306
25,265,0.7950,abdomen,0.0867,1852.50,-11.197,7.125,-0.036,6.362,6.362,17.559
25,265,0.7950,thorax,0.0471,1852.50,-5.582,7.125,0.000,9.538,9.538,15.120
25,265,0.7950,left_thigh,0.0066,2565.00,0.160,7.125,0.001,-95.946,-95.946,-96.108
25,265,0.7950,left_foot,0.0396,2137.50,8.389,11.875,0.026,-24.654,-18.960,-27.350
25,266,0.7980,abdomen,0.0868,1852.50,-11.254,7.125,-0.039,6.367,6.367,17.621
25,266,0.7980,thorax,0.0474,1852.50,-5.616,7.125,0.000,9.546,9.546,15.162
25,266,0.7980,left_thigh,0.0074,2565.00,0.243,7.125,0.001,-96.214,-96.214,-96.460
25,266,0.7980,left_foot,0.0341,2137.50,7.423,11.875,0.041,-24.699,-19.959,-27.382
25,267,0.8010,abdomen,0.0875,1852.50,-11.398,7.125,-0.040,6.372,6.279,17.677
25,267,0.8010,thorax,0.0483,1852.50,-5.742,7.125,0.000,9.554,9.461,15.203
25,267,0.8010,left_thigh,0.0094,2565.00,0.510,7.125,0.002,-96.477,-96.290,-96.802
25,267,0.8010,left_foot,0.0410,2137.50,8.611,11.875,0.012,-24.744,-17.712,-27.425
25,268,0.8040,abdomen,0.0879,1852.50,-11.365,7.125,-0.036,6.377,6.377,17.742
25,268,0.8040,thorax,0.0479,1852.50,-5.682,7.125,0.000,9.561,9.561,15.243
25,268,0.8040,left_thigh,0.0091,2565.00,0.417,7.125,0.001,-96.728,-96.728,-97.147
25,268,0.8040,left_foot,0.0370,2137.50,7.942,11.875,0.041,-24.786,-19.520,-27.462
25,269,0.8070,abdomen,0.0882,1852.50,-11.498,7.125,-0.040,6.381,6.301,17.799
25,269,0.8070,thorax,0.0488,1852.50,-5.797,7.125,0.000,9.568,9.487,15.283
25,269,0.8070,left_thigh,0.0106,2565.00,0.675,7.125,0.002,-96.979,-96.818,-97.494
25,269,0.8070,left_foot,0.0398,2137.50,8.459,11.875,0.037,-24.829,-19.035,-27.495
25,270,0.8100,abdomen,0.0889,1852.50,-11.478,7.125,-0.037,6.386,6.386,17.864
25,270,0.8100,thorax,0.0486,1852.50,-5.750,7.125,0.000,9.574,9.574,15.324
25,270,0.8100,left_thigh,0.0108,2565.00,0.599,7.125,0.001,-97.230,-97.230,-97.831
25,270,0.8100,left_foot,0.0394,2137.50,8.377,11.875,0.031,-24.871,-19.149,-27.527
25,271,0.8130,abdomen,0.0883,1852.50,-11.529,7.125,-0.039,6.389,6.389,17.918
25,271,0.8130,thorax,0.0488,1852.50,-5.786,7.125,0.000,9.579,9.579,15.365
25,271,0.8130,left_thigh,0.0123,2565.00,0.719,7.125,0.001,-97.461,-97.461,-98.182
25,271,0.8130,left_foot,0.0333,2137.50,7.261,11.875,0.023,-24.910,-20.307,-27.557
25,272,0.8160,abdomen,0.0889,1852.50,-11.666,7.125,-0.039,6.393,6.299,17.965
25,272,0.8160,thorax,0.0495,1852.50,-5.911,7.125,0.000,9.585,9.491,15.402
25,272,0.8160,left_thigh,0.0133,2565.00,1.015,7.125,0.002,-97.692,-97.504,-98.521
25,272,0.8160,left_foot,0.0402,2137.50,8.448,11.875,0.005,-24.948,-18.054,-27.598
25,273,0.8190,abdomen,0.0899,1852.50,-11.632,7.125,-0.036,6.396,6.396,18.029
25,273,0.8190,thorax,0.0492,1852.50,-5.850,7.125,0.000,9.590,9.590,15.440
25,273,0.8190,left_thigh,0.0123,2565.00,0.925,7.125,0.001,-97.923,-97.923,-98.850
25,273,0.8190,left_foot,0.0459,2137.50,9.629,11.875,0.053,-24.987,-17.827,-27.632
25,274,0.8220,abdomen,0.0909,1852.50,-11.701,7.125,-0.040,6.399,6.399,18.100
25,274,0.8220,thorax,0.0501,1852.50,-5.890,7.125,0.000,9.594,9.594,15.484
25,274,0.8220,left_thigh,0.0143,2565.00,1.042,7.125,0.001,-98.147,-98.147,-99.191
25,274,0.8220,left_foot,0.0389,2137.50,8.491,11.875,0.072,-25.024,-20.156,-27.641
25,275,0.8250,abdomen,0.0904,1852.50,-11.756,7.125,-0.042,6.402,6.402,18.158
25,275,0.8250,thorax,0.0502,1852.50,-5.929,7.125,0.000,9.598,9.598,15.527
25,275,0.8250,left_thigh,0.0145,2565.00,1.156,7.125,0.002,-98.368,-98.368,-99.526
25,275,0.8250,left_foot,0.0335,2137.50,7.364,11.875,-0.021,-25.061,-21.513,-27.659
25,276,0.8280,abdomen,0.0908,1852.50,-11.889,7.125,-0.037,6.404,6.317,18.206
25,276,0.8280,thorax,0.0507,1852.50,-6.051,7.125,0.000,9.602,9.514,15.565
25,276,0.8280,left_thigh,0.0152,2565.00,1.429,7.125,0.001,-98.589,-98.414,-99.845
25,276,0.8280,left_foot,0.0400,2137.50,8.440,11.875,-0.055,-25.097,-19.258,-27.698
25,277,0.8310,abdomen,0.0919,1852.50,-11.863,7.125,-0.035,6.407,6.407,18.270
25,277,0.8310,thorax,0.0505,1852.50,-5.997,7.125,0.000,9.606,9.606,15.603
25,277,0.8310,left_thigh,0.0142,2565.00,1.342,7.125,0.001,-98.811,-98.811,-100.155
25,277,0.8310,left_foot,0.0438,2137.50,9.263,11.875,0.016,-25.134,-18.467,-27.730
25,278,0.8340,abdomen,0.0926,1852.50,-11.930,7.125,-0.040,6.409,6.409,18.340
25,278,0.8340,thorax,0.0512,1852.50,-6.038,7.125,0.000,9.609,9.609,15.646
25,278,0.8340,left_thigh,0.0152,2565.00,1.438,7.125,0.001,-99.034,-99.034,-100.474
25,278,0.8340,left_foot,0.0368,2137.50,8.125,11.875,0.060,-25.170,-20.795,-27.739
25,279,0.8370,abdomen,0.0927,1852.50,-12.035,7.125,-0.042,6.411,6.365,18.400
25,279,0.8370,thorax,0.0518,1852.50,-6.123,7.125,0.000,9.612,9.566,15.688
25,279,0.8370,left_thigh,0.0156,2565.00,1.615,7.125,0.001,-99.257,-99.164,-100.781
25,279,0.8370,left_foot,0.0317,2137.50,7.058,11.875,0.004,-25.206,-20.698,-27.757
25,280,0.8400,abdomen,0.0929,1852.50,-12.125,7.125,-0.039,6.413,6.327,18.452
25,280,0.8400,thorax,0.0519,1852.50,-6.197,7.125,0.000,9.615,9.529,15.725
25,280,0.8400,left_thigh,0.0153,2565.00,1.762,7.125,0.001,-99.479,-99.307,-101.071
25,280,0.8400,left_foot,0.0388,2137.50,8.243,11.875,-0.003,-25.242,-18.443,-27.795
25,281,0.8430,abdomen,0.0943,1852.50,-12.195,7.125,-0.038,6.414,6.323,18.519
25,281,0.8430,thorax,0.0524,1852.50,-6.237,7.125,0.000,9.617,9.526,15.763
25,281,0.8430,left_thigh,0.0157,2565.00,1.834,7.125,0.001,-99.703,-99.521,-101.357
25,281,0.8430,left_foot,0.0443,2137.50,9.415,11.875,0.093,-25.278,-17.869,-27.821
25,282,0.8460,abdomen,0.0948,1852.50,-12.179,7.125,-0.043,6.416,6.416,18.595
25,282,0.8460,thorax,0.0524,1852.50,-6.186,7.125,0.000,9.619,9.619,15.805
25,282,0.8460,left_thigh,0.0152,2565.00,1.718,7.125,0.001,-99.927,-99.927,-101.647
25,282,0.8460,left_foot,0.0372,2137.50,8.270,11.875,0.134,-25.314,-20.196,-27.822
25,283,0.8490,abdomen,0.0946,1852.50,-12.330,7.125,-0.045,6.417,6.322,18.653
25,283,0.8490,thorax,0.0533,1852.50,-6.320,7.125,0.000,9.621,9.526,15.846
25,283,0.8490,left_thigh,0.0165,2565.00,1.974,7.125,0.001,-100.151,-99.962,-101.937
25,283,0.8490,left_foot,0.0316,2137.50,7.131,11.875,0.059,-25.350,-21.624,-27.829
25,284,0.8520,abdomen,0.0945,1852.50,-12.381,7.125,-0.041,6.418,6.321,18.702
25,284,0.8520,thorax,0.0530,1852.50,-6.355,7.125,0.000,9.623,9.525,15.880
25,284,0.8520,left_thigh,0.0154,2565.00,2.021,7.125,0.001,-100.376,-100.181,-102.203
25,284,0.8520,left_foot,0.0388,2137.50,8.309,11.875,0.020,-25.386,-19.368,-27.861
25,285,0.8550,abdomen,0.0955,1852.50,-12.443,7.125,-0.039,6.419,6.316,18.760
25,285,0.8550,thorax,0.0533,1852.50,-6.392,7.125,0.000,9.624,9.521,15.914
25,285,0.8550,left_thigh,0.0159,2565.00,2.073,7.125,0.001,-100.601,-100.395,-102.470
25,285,0.8550,left_foot,0.0444,2137.50,9.476,11.875,0.103,-25.421,-17.182,-27.882
25,286,0.8580,abdomen,0.0957,1852.50,-12.406,7.125,-0.043,6.420,6.420,18.826
25,286,0.8580,thorax,0.0531,1852.50,-6.325,7.125,0.000,9.626,9.626,15.951
25,286,0.8580,left_thigh,0.0152,2565.00,1.915,7.125,0.001,-100.826,-100.826,-102.742
25,286,0.8580,left_foot,0.0375,2137.50,8.369,11.875,0.137,-25.457,-19.510,-27.879
25,287,0.8610,abdomen,0.0954,1852.50,-12.563,7.125,-0.045,6.421,6.309,18.873
25,287,0.8610,thorax,0.0541,1852.50,-6.472,7.125,0.000,9.627,9.515,15.986
25,287,0.8610,left_thigh,0.0168,2565.00,2.187,7.125,0.001,-101.051,-100.826,-103.015
25,287,0.8610,left_foot,0.0342,2137.50,7.666,11.875,0.057,-25.492,-20.215,-27.882
25,288,0.8640,abdomen,0.0956,1852.50,-12.602,7.125,-0.040,6.422,6.312,18.914
25,288,0.8640,thorax,0.0537,1852.50,-6.497,7.125,0.000,9.628,9.519,16.015
25,288,0.8640,left_thigh,0.0157,2565.00,2.208,7.125,0.001,-101.276,-101.057,-103.266
25,288,0.8640,left_foot,0.0412,2137.50,8.836,11.875,0.015,-25.527,-17.958,-27.905
25,289,0.8670,abdomen,0.0956,1852.50,-12.553,7.125,-0.038,6.422,6.409,18.962
25,289,0.8670,thorax,0.0533,1852.50,-6.428,7.125,0.000,9.629,9.616,16.044
25,289,0.8670,left_thigh,0.0149,2565.00,2.043,7.125,0.001,-101.502,-101.475,-103.520
25,289,0.8670,left_foot,0.0466,2137.50,9.994,11.875,0.073,-25.563,-17.883,-27.916
25,290,0.8700,abdomen,0.0959,1852.50,-12.589,7.125,-0.041,6.423,6.423,19.012
25,290,0.8700,thorax,0.0537,1852.50,-6.447,7.125,0.000,9.630,9.630,16.076
25,290,0.8700,left_thigh,0.0159,2565.00,2.061,7.125,0.001,-101.727,-101.727,-103.790
25,290,0.8700,left_foot,0.0393,2137.50,8.833,11.875,0.082,-25.598,-20.210,-27.901
25,291,0.8730,abdomen,0.0951,1852.50,-12.623,7.125,-0.042,6.423,6.423,19.046
25,291,0.8730,thorax,0.0537,1852.50,-6.476,7.125,0.000,9.630,9.630,16.106
25,291,0.8730,left_thigh,0.0155,2565.00,2.097,7.125,0.001,-101.953,-101.953,-104.051
25,291,0.8730,left_foot,0.0348,2137.50,7.865,11.875,-0.023,-25.633,-20.032,-27.898
25,292,0.8760,abdomen,0.0953,1852.50,-12.749,7.125,-0.037,6.423,6.318,19.067
25,292,0.8760,thorax,0.0540,1852.50,-6.604,7.125,0.000,9.630,9.525,16.129
25,292,0.8760,left_thigh,0.0163,2565.00,2.332,7.125,0.001,-102.178,-101.968,-104.301
25,292,0.8760,left_foot,0.0419,2137.50,9.030,11.875,-0.067,-25.668,-17.775,-27.916
25,293,0.8790,abdomen,0.0958,1852.50,-12.678,7.125,-0.035,6.423,6.423,19.102
25,293,0.8790,thorax,0.0534,1852.50,-6.520,7.125,0.000,9.630,9.630,16.150
25,293,0.8790,left_thigh,0.0148,2565.00,2.138,7.125,0.001,-102.404,-102.404,-104.543
25,293,0.8790,left_foot,0.0389,2137.50,8.574,11.875,-0.007,-25.702,-19.352,-27.927
25,294,0.8820,abdomen,0.0950,1852.50,-12.703,7.125,-0.040,6.423,6.423,19.127
25,294,0.8820,thorax,0.0535,1852.50,-6.541,7.125,0.000,9.630,9.630,16.171
25,294,0.8820,left_thigh,0.0153,2565.00,2.162,7.125,0.001,-102.629,-102.629,-104.792
25,294,0.8820,left_foot,0.0450,2137.50,9.724,11.875,0.014,-25.737,-17.982,-27.932
25,295,0.8850,abdomen,0.0958,1852.50,-12.735,7.125,-0.037,6.423,6.423,19.158
25,295,0.8850,thorax,0.0539,1852.50,-6.564,7.125,0.000,9.630,9.630,16.194
25,295,0.8850,left_thigh,0.0158,2565.00,2.191,7.125,0.001,-102.854,-102.854,-105.046
25,295,0.8850,left_foot,0.0381,2137.50,8.567,11.875,0.020,-25.772,-20.308,-27.921
25,296,0.8880,abdomen,0.0950,1852.50,-12.753,7.125,-0.040,6.423,6.423,19.177
25,296,0.8880,thorax,0.0537,1852.50,-6.583,7.125,0.000,9.630,9.630,16.213
25,296,0.8880,left_thigh,0.0154,2565.00,2.212,7.125,0.001,-103.079,-103.079,-105.292
25,296,0.8880,left_foot,0.0411,2137.50,9.017,11.875,-0.041,-25.806,-18.904,-27.923
25,297,0.8910,abdomen,0.0953,1852.50,-12.773,7.125,-0.035,6.423,6.423,19.196
25,297,0.8910,thorax,0.0537,1852.50,-6.601,7.125,0.000,9.630,9.630,16.230
25,297,0.8910,left_thigh,0.0155,2565.00,2.231,7.125,0.001,-103.304,-103.304,-105.536
25,297,0.8910,left_foot,0.0350,2137.50,7.874,11.875,-0.044,-25.840,-21.015,-27.925
25,298,0.8940,abdomen,0.0947,1852.50,-12.804,7.125,-0.038,6.422,6.399,19.204
25,298,0.8940,thorax,0.0536,1852.50,-6.637,7.125,0.000,9.629,9.606,16.243
25,298,0.8940,left_thigh,0.0153,2565.00,2.289,7.125,0.001,-103.528,-103.482,-105.772
25,298,0.8940,left_foot,0.0419,2137.50,9.036,11.875,-0.047,-25.874,-18.758,-27.941
25,299,0.8970,abdomen,0.0953,1852.50,-12.799,7.125,-0.034,6.422,6.422,19.222
25,299,0.8970,thorax,0.0536,1852.50,-6.627,7.125,0.000,9.628,9.628,16.256
25,299,0.8970,left_thigh,0.0153,2565.00,2.256,7.125,0.001,-103.752,-103.752,-106.009
25,299,0.8970,left_foot,0.0351,2137.50,7.894,11.875,0.011,-25.909,-21.084,-27.945
25,300,0.9000,abdomen,0.0947,1852.50,-12.837,7.125,-0.040,6.422,6.392,19.229
25,300,0.9000,thorax,0.0537,1852.50,-6.668,7.125,0.000,9.628,9.598,16.266
25,300,0.9000,left_thigh,0.0155,2565.00,2.325,7.125,0.001,-103.977,-103.917,-106.243
25,300,0.9000,left_foot,0.0419,2137.50,9.052,11.875,0.008,-25.943,-18.826,-27.956
25,301,0.9030,abdomen,0.0953,1852.50,-12.823,7.125,-0.035,6.421,6.421,19.245
25,301,0.9030,thorax,0.0536,1852.50,-6.650,7.125,0.000,9.627,9.627,16.276
25,301,0.9030,left_thigh,0.0154,2565.00,2.277,7.125,0.001,-104.200,-104.200,-106.478
25,301,0.9030,left_foot,0.0352,2137.50,7.907,11.875,0.041,-25.976,-21.151,-27.957
25,302,0.9060,abdomen,0.0945,1852.50,-12.849,7.125,-0.040,6.420,6.398,19.248
25,302,0.9060,thorax,0.0535,1852.50,-6.680,7.125,0.000,9.626,9.604,16.284
25,302,0.9060,left_thigh,0.0154,2565.00,2.330,7.125,0.001,-104.423,-104.379,-106.710
25,302,0.9060,left_foot,0.0419,2137.50,9.063,11.875,0.017,-26.010,-18.893,-27.966
25,303,0.9090,abdomen,0.0951,1852.50,-12.840,7.125,-0.035,6.420,6.420,19.260
25,303,0.9090,thorax,0.0535,1852.50,-6.667,7.125,0.000,9.625,9.625,16.292
25,303,0.9090,left_thigh,0.0154,2565.00,2.296,7.125,0.001,-104.646,-104.646,-106.943
25,303,0.9090,left_foot,0.0352,2137.50,7.917,11.875,0.037,-26.044,-21.219,-27.966
25,304,0.9120,abdomen,0.0941,1852.50,-12.840,7.125,-0.039,6.419,6.419,19.259
25,304,0.9120,thorax,0.0533,1852.50,-6.673,7.125,0.000,9.624,9.624,16.297
25,304,0.9120,left_thigh,0.0151,2565.00,2.303,7.125,0.001,-104.868,-104.868,-107.172
25,304,0.9120,left_foot,0.0417,2137.50,9.016,11.875,0.006,-26.077,-18.960,-27.977
25,305,0.9150,abdomen,0.0947,1852.50,-12.847,7.125,-0.034,6.418,6.418,19.265
25,305,0.9150,thorax,0.0534,1852.50,-6.680,7.125,0.000,9.622,9.622,16.302
25,305,0.9150,left_thigh,0.0156,2565.00,2.315,7.125,0.001,-105.089,-105.089,-107.405
25,305,0.9150,left_foot,0.0351,2137.50,7.871,11.875,0.023,-26.111,-21.286,-27.978
25,306,0.9180,abdomen,0.0938,1852.50,-12.843,7.125,-0.038,6.417,6.417,19.260
25,306,0.9180,thorax,0.0531,1852.50,-6.683,7.125,0.000,9.621,9.621,16.304
25,306,0.9180,left_thigh,0.0151,2565.00,2.320,7.125,0.001,-105.311,-105.311,-107.631
25,306,0.9180,left_foot,0.0416,2137.50,8.963,11.875,-0.007,-26.144,-19.027,-27.990
25,307,0.9210,abdomen,0.0945,1852.50,-12.846,7.125,-0.033,6.416,6.416,19.263
25,307,0.9210,thorax,0.0532,1852.50,-6.687,7.125,0.000,9.620,9.620,16.307
25,307,0.9210,left_thigh,0.0156,2565.00,2.329,7.125,0.001,-105.532,-105.532,-107.861
25,307,0.9210,left_foot,0.0349,2137.50,7.819,11.875,0.015,-26.177,-21.352,-27.993
25,308,0.9240,abdomen,0.0936,1852.50,-12.839,7.125,-0.037,6.416,6.416,19.255
25,308,0.9240,thorax,0.0530,1852.50,-6.688,7.125,0.000,9.619,9.619,16.306
25,308,0.9240,left_thigh,0.0152,2565.00,2.334,7.125,0.001,-105.751,-105.751,-108.086
25,308,0.9240,left_foot,0.0414,2137.50,8.913,11.875,-0.011,-26.210,-19.093,-28.007
25,309,0.9270,abdomen,0.0942,1852.50,-12.840,7.125,-0.033,6.415,6.415,19.255
25,309,0.9270,thorax,0.0531,1852.50,-6.689,7.125,0.000,9.617,9.617,16.307
25,309,0.9270,left_thigh,0.0156,2565.00,2.343,7.125,0.001,-105.970,-105.970,-108.314
25,309,0.9270,left_foot,0.0347,2137.50,7.771,11.875,0.013,-26.243,-21.418,-28.011
25,310,0.9300,abdomen,0.0934,1852.50,-12.830,7.125,-0.037,6.414,6.414,19.244
25,310,0.9300,thorax,0.0528,1852.50,-6.688,7.125,0.000,9.616,9.616,16.304
25,310,0.9300,left_thigh,0.0153,2565.00,2.345,7.125,0.001,-106.190,-106.190,-108.536
25,310,0.9300,left_foot,0.0412,2137.50,8.866,11.875,-0.012,-26.276,-19.159,-28.026
25,311,0.9330,abdomen,0.0939,1852.50,-12.828,7.125,-0.032,6.413,6.413,19.241
25,311,0.9330,thorax,0.0529,1852.50,-6.688,7.125,0.000,9.614,9.614,16.302
25,311,0.9330,left_thigh,0.0157,2565.00,2.356,7.125,0.001,-106.407,-106.407,-108.764
25,311,0.9330,left_foot,0.0345,2137.50,7.725,11.875,0.012,-26.308,-21.483,-28.030
25,312,0.9360,abdomen,0.0931,1852.50,-12.816,7.125,-0.037,6.412,6.412,19.229
25,312,0.9360,thorax,0.0526,1852.50,-6.685,7.125,0.000,9.613,9.613,16.298
25,312,0.9360,left_thigh,0.0153,2565.00,2.360,7.125,0.001,-106.624,-106.624,-108.985
25,312,0.9360,left_foot,0.0410,2137.50,8.821,11.875,-0.012,-26.340,-19.224,-28.046
25,313,0.9390,abdomen,0.0937,1852.50,-12.813,7.125,-0.032,6.411,6.411,19.225
25,313,0.9390,thorax,0.0527,1852.50,-6.683,7.125,0.000,9.612,9.612,16.295
25,313,0.9390,left_thigh,0.0157,2565.00,2.368,7.125,0.001,-106.841,-106.841,-109.210
25,313,0.9390,left_foot,0.0343,2137.50,7.680,11.875,0.012,-26.373,-21.548,-28.050
25,314,0.9420,abdomen,0.0929,1852.50,-12.801,7.125,-0.036,6.410,6.410,19.211
25,314,0.9420,thorax,0.0525,1852.50,-6.679,7.125,0.000,9.610,9.610,16.289
25,314,0.9420,left_thigh,0.0154,2565.00,2.372,7.125,0.001,-107.056,-107.056,-109.428
25,314,0.9420,left_foot,0.0409,2137.50,8.777,11.875,-0.013,-26.405,-19.288,-28.066
25,315,0.9450,abdomen,0.0934,1852.50,-12.796,7.125,-0.032,6.409,6.409,19.205
25,315,0.9450,thorax,0.0525,1852.50,-6.676,7.125,0.000,9.609,9.609,16.284
25,315,0.9450,left_thigh,0.0159,2565.00,2.382,7.125,0.001,-107.270,-107.270,-109.653
25,315,0.9450,left_foot,0.0342,2137.50,7.636,11.875,0.011,-26.437,-21.612,-28.072
25,316,0.9480,abdomen,0.0926,1852.50,-12.781,7.125,-0.036,6.408,6.408,19.189
25,316,0.9480,thorax,0.0523,1852.50,-6.670,7.125,0.000,9.607,9.607,16.277
25,316,0.9480,left_thigh,0.0154,2565.00,2.386,7.125,0.001,-107.484,-107.484,-109.871
25,316,0.9480,left_foot,0.0407,2137.50,8.735,11.875,-0.013,-26.469,-19.352,-28.088
25,317,0.9510,abdomen,0.0932,1852.50,-12.776,7.125,-0.031,6.407,6.407,19.183
25,317,0.9510,thorax,0.0524,1852.50,-6.666,7.125,0.000,9.606,9.606,16.271
25,317,0.9510,left_thigh,0.0160,2565.00,2.395,7.125,0.001,-107.697,-107.697,-110.093
25,317,0.9510,left_foot,0.0340,2137.50,7.594,11.875,0.011,-26.501,-21.676,-28.093
25,318,0.9540,abdomen,0.0923,1852.50,-12.759,7.125,-0.036,6.406,6.406,19.166
25,318,0.9540,thorax,0.0521,1852.50,-6.659,7.125,0.000,9.604,9.604,16.263
25,318,0.9540,left_thigh,0.0157,2565.00,2.403,7.125,0.001,-107.907,-107.907,-110.311
25,318,0.9540,left_foot,0.0405,2137.50,8.693,11.875,-0.013,-26.532,-19.416,-28.109
25,319,0.9570,abdomen,0.0930,1852.50,-12.753,7.125,-0.031,6.405,6.405,19.158
25,319,0.9570,thorax,0.0522,1852.50,-6.653,7.125,0.000,9.603,9.603,16.256
25,319,0.9570,left_thigh,0.0161,2565.00,2.414,7.125,0.001,-108.118,-108.118,-110.533
25,319,0.9570,left_foot,0.0337,2137.50,7.552,11.875,0.012,-26.564,-21.739,-28.114
25,320,0.9600,abdomen,0.0921,1852.50,-12.737,7.125,-0.035,6.404,6.404,19.141
25,320,0.9600,thorax,0.0519,1852.50,-6.646,7.125,0.000,9.602,9.602,16.247
25,320,0.9600,left_thigh,0.0159,2565.00,2.419,7.125,0.001,-108.329,-108.329,-110.748
25,320,0.9600,left_foot,0.0403,2137.50,8.651,11.875,-0.012,-26.596,-19.479,-28.130
25,321,0.9630,abdomen,0.0927,1852.50,-12.729,7.125,-0.031,6.403,6.403,19.132
25,321,0.9630,thorax,0.0520,1852.50,-6.639,7.125,0.000,9.600,9.600,16.240
25,321,0.9630,left_thigh,0.0165,2565.00,2.433,7.125,0.001,-108.536,-108.536,-110.970
25,321,0.9630,left_foot,0.0335,2137.50,7.509,11.875,0.012,-26.627,-21.802,-28.135
25,322,0.9660,abdomen,0.0918,1852.50,-12.711,7.125,-0.035,6.403,6.403,19.114
25,322,0.9660,thorax,0.0517,1852.50,-6.631,7.125,0.000,9.599,9.599,16.230
25,322,0.9660,left_thigh,0.0160,2565.00,2.442,7.125,0.001,-108.743,-108.743,-111.186
25,322,0.9660,left_foot,0.0400,2137.50,8.609,11.875,-0.010,-26.658,-19.541,-28.151
25,323,0.9690,abdomen,0.0925,1852.50,-12.704,7.125,-0.030,6.402,6.402,19.106
25,323,0.9690,thorax,0.0518,1852.50,-6.624,7.125,0.000,9.598,9.598,16.222
25,323,0.9690,left_thigh,0.0164,2565.00,2.454,7.125,0.001,-108.950,-108.950,-111.405
25,323,0.9690,left_foot,0.0333,2137.50,7.467,11.875,0.015,-26.689,-21.864,-28.155
25,324,0.9720,abdomen,0.0917,1852.50,-12.687,7.125,-0.035,6.401,6.401,19.089
25,324,0.9720,thorax,0.0516,1852.50,-6.615,7.125,0.000,9.597,9.597,16.212
25,324,0.9720,left_thigh,0.0163,2565.00,2.463,7.125,0.001,-109.154,-109.154,-111.618
25,324,0.9720,left_foot,0.0398,2137.50,8.567,11.875,-0.008,-26.719,-19.603,-28.170
25,325,0.9750,abdomen,0.0923,1852.50,-12.679,7.125,-0.030,6.400,6.401,19.080
25,325,0.9750,thorax,0.0517,1852.50,-6.607,7.125,0.000,9.596,9.596,16.203
25,325,0.9750,left_thigh,0.0168,2565.00,2.479,7.125,0.001,-109.357,-109.357,-111.837
25,325,0.9750,left_foot,0.0331,2137.50,7.425,11.875,0.017,-26.750,-21.925,-28.174
25,326,0.9780,abdomen,0.0914,1852.50,-12.662,7.125,-0.034,6.400,6.400,19.062
25,326,0.9780,thorax,0.0514,1852.50,-6.598,7.125,0.000,9.595,9.595,16.193
25,326,0.9780,left_thigh,0.0164,2565.00,2.489,7.125,0.001,-109.560,-109.560,-112.050
25,326,0.9780,left_foot,0.0396,2137.50,8.524,11.875,-0.004,-26.781,-19.664,-28.189
25,327,0.9810,abdomen,0.0921,1852.50,-12.654,7.125,-0.030,6.399,6.399,19.054
25,327,0.9810,thorax,0.0515,1852.50,-6.590,7.125,0.000,9.594,9.594,16.184
25,327,0.9810,left_thigh,0.0171,2565.00,2.504,7.125,0.001,-109.761,-109.761,-112.266
25,327,0.9810,left_foot,0.0328,2137.50,7.381,11.875,0.021,-26.811,-21.986,-28.191
25,328,0.9840,abdomen,0.0912,1852.50,-12.636,7.125,-0.034,6.399,6.399,19.035
25,328,0.9840,thorax,0.0512,1852.50,-6.580,7.125,0.000,9.594,9.594,16.173
25,328,0.9840,left_thigh,0.0169,2565.00,2.519,7.125,0.001,-109.959,-109.959,-112.479
25,328,0.9840,left_foot,0.0393,2137.50,8.481,11.875,-0.001,-26.841,-19.724,-28.205
25,329,0.9870,abdomen,0.0897,1852.50,-12.599,7.125,-0.028,6.398,6.398,18.998
25,329,0.9870,thorax,0.0537,1852.50,-6.600,7.125,0.000,9.593,9.593,16.193
25,329,0.9870,left_thigh,0.0166,2565.00,2.529,7.125,0.001,-110.158,-110.158,-112.688
25,329,0.9870,left_foot,0.0326,2137.50,7.342,11.875,0.025,-26.871,-22.046,-28.213
25,330,0.9900,abdomen,0.0870,1852.50,-12.545,7.125,-0.016,6.398,6.379,18.924
25,330,0.9900,thorax,0.0533,1852.50,-6.644,7.125,0.028,9.592,9.573,16.217
25,330,0.9900,left_thigh,0.0161,2565.00,2.560,7.125,0.001,-110.356,-110.317,-112.878
25,330,0.9900,left_foot,0.0394,2137.50,8.446,11.875,-0.002,-26.901,-19.785,-28.231
25,331,0.9930,abdomen,0.0859,1852.50,-12.443,7.125,-0.005,6.398,6.398,18.841
25,331,0.9930,thorax,0.0529,1852.50,-6.649,7.125,0.037,9.592,9.592,16.242
25,331,0.9930,left_thigh,0.0156,2565.00,2.513,7.125,0.001,-110.549,-110.549,-113.063
25,331,0.9930,left_foot,0.0360,2137.50,7.851,11.875,-0.017,-26.931,-20.391,-28.242
25,332,0.9960,abdomen,0.0848,1852.50,-12.453,7.125,-0.002,6.398,6.284,18.738
25,332,0.9960,thorax,0.0530,1852.50,-6.782,7.125,0.045,9.592,9.478,16.261
25,332,0.9960,left_thigh,0.0161,2565.00,2.721,7.125,0.001,-110.743,-110.515,-113.236
25,332,0.9960,left_foot,0.0429,2137.50,9.017,11.875,-0.086,-26.961,-18.129,-28.262
25,333,0.9990,abdomen,0.0838,1852.50,-12.240,7.125,0.006,6.398,6.397,18.638
25,333,0.9990,thorax,0.0518,1852.50,-6.684,7.125,0.049,9.592,9.592,16.276
25,333,0.9990,left_thigh,0.0137,2565.00,2.457,7.125,0.001,-110.936,-110.936,-113.394
25,333,0.9990,left_foot,0.0379,2137.50,8.106,11.875,-0.157,-26.990,-20.175,-28.280
25,334,1.0000,abdomen,0.0826,1852.50,-12.275,7.125,0.006,6.397,6.240,18.515
25,334,1.0000,thorax,0.0520,1852.50,-6.847,7.125,0.054,9.592,9.434,16.281
25,334,1.0000,left_thigh,0.0159,2565.00,2.865,7.125,0.001,-111.000,-110.684,-113.550
25,334,1.0000,left_foot,0.0450,2137.50,9.283,11.875,-0.256,-27.000,-17.893,-28.312
25,335,1.0000,abdomen,0.0815,1852.50,-12.003,7.125,0.015,6.397,6.397,18.402
25,335,1.0000,thorax,0.0514,1852.50,-6.699,7.125,0.059,9.592,9.592,16.291
25,335,1.0000,left_thigh,0.0118,2565.00,2.662,7.125,0.001,-111.000,-111.000,-113.663
25,335,1.0000,left_foot,0.0405,2137.50,8.197,11.875,-0.347,-27.000,-20.184,-28.372
25,336,1.0000,abdomen,0.0804,1852.50,-12.038,7.125,0.043,6.397,6.225,18.264
25,336,1.0000,thorax,0.0524,1852.50,-6.892,7.125,0.074,9.592,9.419,16.311
25,336,1.0000,left_thigh,0.0130,2565.00,3.089,7.125,0.006,-111.000,-110.655,-113.745
25,336,1.0000,left_foot,0.0484,2137.50,9.432,11.875,-0.390,-27.000,-17.893,-28.460
25,337,1.0000,abdomen,0.0804,1852.50,-11.755,7.125,0.066,6.397,6.397,18.153
25,337,1.0000,thorax,0.0508,1852.50,-6.739,7.125,0.101,9.592,9.592,16.331
25,337,1.0000,left_thigh,0.0101,2565.00,2.799,7.125,0.015,-111.000,-111.000,-113.800
25,337,1.0000,left_foot,0.0424,2137.50,8.369,11.875,-0.362,-27.000,-20.184,-28.545
25,338,1.0000,abdomen,0.0798,1852.50,-11.746,7.125,0.071,6.397,6.286,18.033
25,338,1.0000,thorax,0.0508,1852.50,-6.863,7.125,0.118,9.592,9.480,16.343
25,338,1.0000,left_thigh,0.0122,2565.00,3.085,7.125,0.018,-111.000,-110.778,-113.864
25,338,1.0000,left_foot,0.0490,2137.50,9.598,11.875,-0.345,-27.000,-17.909,-28.628
25,339,1.0000,abdomen,0.0802,1852.50,-11.542,7.125,0.084,6.397,6.397,17.940
25,339,1.0000,thorax,0.0501,1852.50,-6.766,7.125,0.125,9.592,9.592,16.358
25,339,1.0000,left_thigh,0.0104,2565.00,2.912,7.125,0.017,-111.000,-111.000,-113.913
25,339,1.0000,left_foot,0.0426,2137.50,8.520,11.875,-0.345,-27.000,-20.201,-28.697
25,340,1.0000,abdomen,0.0790,1852.50,-11.443,7.125,0.086,6.397,6.397,17.842
25,340,1.0000,thorax,0.0484,1852.50,-6.775,7.125,0.139,9.592,9.592,16.367
25,340,1.0000,left_thigh,0.0110,2565.00,2.965,7.125,0.019,-111.000,-111.000,-113.966
25,340,1.0000,left_foot,0.0410,2137.50,8.185,11.875,-0.360,-27.000,-20.584,-28.767
25,341,1.0000,abdomen,0.0789,1852.50,-11.357,7.125,0.097,6.397,6.397,17.755
25,341,1.0000,thorax,0.0468,1852.50,-6.716,7.125,0.141,9.592,9.592,16.308
25,341,1.0000,left_thigh,0.0112,2565.00,3.014,7.125,0.017,-111.000,-111.000,-114.015
25,341,1.0000,left_foot,0.0412,2137.50,8.203,11.875,-0.358,-27.000,-20.636,-28.838
25,342,1.0000,abdomen,0.0786,1852.50,-11.286,7.125,0.096,6.397,6.397,17.684
25,342,1.0000,thorax,0.0472,1852.50,-6.692,7.125,0.037,9.592,9.592,16.284
25,342,1.0000,left_thigh,0.0114,2565.00,3.072,7.125,0.014,-111.000,-111.000,-114.073
25,342,1.0000,left_foot,0.0354,2137.50,7.128,11.875,-0.328,-27.000,-22.090,-28.909
25,343,1.0000,abdomen,0.0787,1852.50,-11.245,7.125,0.062,6.397,6.370,17.616
25,343,1.0000,thorax,0.0459,1852.50,-6.660,7.125,0.105,9.592,9.564,16.224
25,343,1.0000,left_thigh,0.0116,2565.00,3.167,7.125,0.013,-111.000,-110.945,-114.113
25,343,1.0000,left_foot,0.0421,2137.50,8.359,11.875,-0.260,-27.000,-19.798,-28.995
25,344,1.0000,abdomen,0.0789,1852.50,-11.168,7.125,0.061,6.397,6.397,17.566
25,344,1.0000,thorax,0.0469,1852.50,-6.603,7.125,0.050,9.592,9.592,16.195
25,344,1.0000,left_thigh,0.0114,2565.00,3.162,7.125,0.017,-111.000,-111.000,-114.163
25,344,1.0000,left_foot,0.0355,2137.50,7.271,11.875,-0.154,-27.000,-22.090,-29.053
25,345,1.0000,abdomen,0.0784,1852.50,-11.114,7.125,0.047,6.397,6.397,17.512
25,345,1.0000,thorax,0.0461,1852.50,-6.556,7.125,0.094,9.592,9.592,16.148
25,345,1.0000,left_thigh,0.0112,2565.00,3.189,7.125,0.011,-111.000,-111.000,-114.190
25,345,1.0000,left_foot,0.0420,2137.50,8.482,11.875,-0.113,-27.000,-20.031,-29.117
25,346,1.0000,abdomen,0.0787,1852.50,-11.074,7.125,0.054,6.397,6.397,17.472
25,346,1.0000,thorax,0.0470,1852.50,-6.538,7.125,0.057,9.592,9.592,16.130
25,346,1.0000,left_thigh,0.0116,2565.00,3.231,7.125,0.020,-111.000,-111.000,-114.232
25,346,1.0000,left_foot,0.0353,2137.50,7.384,11.875,-0.043,-27.000,-22.323,-29.166
25,347,1.0000,abdomen,0.0783,1852.50,-11.029,7.125,0.051,6.397,6.397,17.427
25,347,1.0000,thorax,0.0460,1852.50,-6.497,7.125,0.097,9.592,9.592,16.089
25,347,1.0000,left_thigh,0.0112,2565.00,3.251,7.125,0.013,-111.000,-111.000,-114.252
25,347,1.0000,left_foot,0.0407,2137.50,8.380,11.875,-0.026,-27.000,-20.836,-29.215
25,348,1.0000,abdomen,0.0785,1852.50,-10.996,7.125,0.054,6.397,6.397,17.394
25,348,1.0000,thorax,0.0468,1852.50,-6.482,7.125,0.058,9.592,9.592,16.074
25,348,1.0000,left_thigh,0.0116,2565.00,3.287,7.125,0.020,-111.000,-111.000,-114.288
25,348,1.0000,left_foot,0.0341,2137.50,7.272,11.875,0.017,-27.000,-23.128,-29.253
25,349,1.0000,abdomen,0.0781,1852.50,-10.959,7.125,0.049,6.397,6.397,17.357
25,349,1.0000,thorax,0.0458,1852.50,-6.444,7.125,0.095,9.592,9.592,16.035
25,349,1.0000,left_thigh,0.0113,2565.00,3.304,7.125,0.013,-111.000,-111.000,-114.305
25,349,1.0000,left_foot,0.0395,2137.50,8.254,11.875,0.022,-27.000,-21.042,-29.295
25,350,1.0000,abdomen,0.0784,1852.50,-10.932,7.125,0.050,6.397,6.397,17.330
25,350,1.0000,thorax,0.0465,1852.50,-6.427,7.125,0.058,9.592,9.592,16.019
25,350,1.0000,left_thigh,0.0116,2565.00,3.336,7.125,0.019,-111.000,-111.000,-114.336
25,350,1.0000,left_foot,0.0329,2137.50,7.135,11.875,0.066,-27.000,-23.334,-29.323
25,351,1.0000,abdomen,0.0780,1852.50,-10.901,7.125,0.045,6.397,6.397,17.299
25,351,1.0000,thorax,0.0455,1852.50,-6.391,7.125,0.091,9.592,9.592,15.983
25,351,1.0000,left_thigh,0.0114,2565.00,3.351,7.125,0.013,-111.000,-111.000,-114.351
25,351,1.0000,left_foot,0.0392,2137.50,8.271,11.875,0.062,-27.000,-21.085,-29.356
25,352,1.0000,abdomen,0.0784,1852.50,-10.880,7.125,0.045,6.397,6.397,17.278
25,352,1.0000,thorax,0.0464,1852.50,-6.376,7.125,0.057,9.592,9.592,15.967
25,352,1.0000,left_thigh,0.0117,2565.00,3.379,7.125,0.018,-111.000,-111.000,-114.380
25,352,1.0000,left_foot,0.0324,2137.50,7.142,11.875,0.106,-27.000,-23.377,-29.374
25,353,1.0000,abdomen,0.0780,1852.50,-10.854,7.125,0.041,6.397,6.397,17.252
25,353,1.0000,thorax,0.0454,1852.50,-6.343,7.125,0.087,9.592,9.592,15.935
25,353,1.0000,left_thigh,0.0115,2565.00,3.392,7.125,0.013,-111.000,-111.000,-114.392
25,353,1.0000,left_foot,0.0369,2137.50,7.927,11.875,0.093,-27.000,-21.469,-29.396
25,354,1.0000,abdomen,0.0783,1852.50,-10.837,7.125,0.043,6.397,6.397,17.235
25,354,1.0000,thorax,0.0461,1852.50,-6.328,7.125,0.057,9.592,9.592,15.920
25,354,1.0000,left_thigh,0.0118,2565.00,3.418,7.125,0.018,-111.000,-111.000,-114.418
25,354,1.0000,left_foot,0.0303,2137.50,6.794,11.875,0.123,-27.000,-23.760,-29.409
25,355,1.0000,abdomen,0.0780,1852.50,-10.815,7.125,0.039,6.397,6.397,17.212
25,355,1.0000,thorax,0.0449,1852.50,-6.296,7.125,0.085,9.592,9.592,15.887
25,355,1.0000,left_thigh,0.0117,2565.00,3.430,7.125,0.013,-111.000,-111.000,-114.430
25,355,1.0000,left_foot,0.0367,2137.50,7.961,11.875,0.120,-27.000,-21.469,-29.429
25,356,1.0000,abdomen,0.0783,1852.50,-10.804,7.125,0.040,6.397,6.397,17.202
25,356,1.0000,thorax,0.0458,1852.50,-6.278,7.125,0.056,9.592,9.592,15.869
25,356,1.0000,left_thigh,0.0120,2565.00,3.456,7.125,0.018,-111.000,-111.000,-114.456
25,356,1.0000,left_foot,0.0302,2137.50,6.816,11.875,0.169,-27.000,-23.760,-29.430
25,357,1.0000,abdomen,0.0779,1852.50,-10.787,7.125,0.031,6.397,6.397,17.184
25,357,1.0000,thorax,0.0451,1852.50,-6.248,7.125,0.075,9.592,9.592,15.840
25,357,1.0000,left_thigh,0.0118,2565.00,3.469,7.125,0.012,-111.000,-111.000,-114.470
25,357,1.0000,left_foot,0.0366,2137.50,7.971,11.875,0.152,-27.000,-21.469,-29.440
25,358,1.0000,abdomen,0.0783,1852.50,-10.778,7.125,0.035,6.397,6.397,17.176
25,358,1.0000,thorax,0.0459,1852.50,-6.238,7.125,0.054,9.592,9.592,15.830
25,358,1.0000,left_thigh,0.0120,2565.00,3.493,7.125,0.017,-111.000,-111.000,-114.493
25,358,1.0000,left_foot,0.0299,2137.50,6.825,11.875,0.182,-27.000,-23.760,-29.440
25,359,1.0000,abdomen,0.0779,1852.50,-10.761,7.125,0.033,6.397,6.397,17.159
25,359,1.0000,thorax,0.0450,1852.50,-6.217,7.125,0.080,9.592,9.592,15.809
25,359,1.0000,left_thigh,0.0119,2565.00,3.506,7.125,0.013,-111.000,-111.000,-114.506
25,359,1.0000,left_foot,0.0364,2137.50,7.976,11.875,0.167,-27.000,-21.469,-29.444
25,360,1.0000,abdomen,0.0783,1852.50,-10.755,7.125,0.037,6.397,6.397,17.153
25,360,1.0000,thorax,0.0459,1852.50,-6.208,7.125,0.062,9.592,9.592,15.800
25,360,1.0000,left_thigh,0.0121,2565.00,3.529,7.125,0.017,-111.000,-111.000,-114.529
25,360,1.0000,left_foot,0.0298,2137.50,6.820,11.875,0.191,-27.000,-23.760,-29.435
25,361,1.0000,abdomen,0.0780,1852.50,-10.741,7.125,0.029,6.397,6.397,17.138
25,361,1.0000,thorax,0.0449,1852.50,-6.187,7.125,0.078,9.592,9.592,15.778
25,361,1.0000,left_thigh,0.0121,2565.00,3.539,7.125,0.011,-111.000,-111.000,-114.539
25,361,1.0000,left_foot,0.0361,2137.50,7.967,11.875,0.161,-27.000,-21.469,-29.436
25,362,1.0000,abdomen,0.0782,1852.50,-10.736,7.125,0.034,6.397,6.397,17.133
25,362,1.0000,thorax,0.0458,1852.50,-6.178,7.125,0.057,9.592,9.592,15.769
25,362,1.0000,left_thigh,0.0122,2565.00,3.561,7.125,0.016,-111.000,-111.000,-114.562
25,362,1.0000,left_foot,0.0296,2137.50,6.810,11.875,0.183,-27.000,-23.720,-29.425
25,363,1.0000,abdomen,0.0779,1852.50,-10.724,7.125,0.026,6.397,6.396,17.120
25,363,1.0000,thorax,0.0447,1852.50,-6.160,7.125,0.074,9.592,9.590,15.750
25,363,1.0000,left_thigh,0.0123,2565.00,3.575,7.125,0.011,-111.000,-110.997,-114.572
25,363,1.0000,left_foot,0.0359,2137.50,7.956,11.875,0.154,-27.000,-21.428,-29.425
25,364,1.0000,abdomen,0.0783,1852.50,-10.719,7.125,0.031,6.397,6.397,17.117
25,364,1.0000,thorax,0.0456,1852.50,-6.150,7.125,0.058,9.592,9.592,15.742
25,364,1.0000,left_thigh,0.0123,2565.00,3.592,7.125,0.015,-111.000,-111.000,-114.592
25,364,1.0000,left_foot,0.0295,2137.50,6.798,11.875,0.176,-27.000,-23.554,-29.412
25,365,1.0000,abdomen,0.0779,1852.50,-10.716,7.125,0.026,6.397,6.389,17.105
25,365,1.0000,thorax,0.0445,1852.50,-6.133,7.125,0.072,9.592,9.583,15.716
25,365,1.0000,left_thigh,0.0125,2565.00,3.617,7.125,0.011,-111.000,-110.982,-114.599
25,365,1.0000,left_foot,0.0358,2137.50,7.941,11.875,0.151,-27.000,-21.262,-29.409
25,366,1.0000,abdomen,0.0782,1852.50,-10.706,7.125,0.027,6.397,6.397,17.104
25,366,1.0000,thorax,0.0455,1852.50,-6.112,7.125,0.042,9.592,9.592,15.704
25,366,1.0000,left_thigh,0.0124,2565.00,3.619,7.125,0.015,-111.000,-111.000,-114.619
25,366,1.0000,left_foot,0.0295,2137.50,6.785,11.875,0.170,-27.000,-23.416,-29.400
25,367,1.0000,abdomen,0.0779,1852.50,-10.714,7.125,0.019,6.397,6.379,17.093
25,367,1.0000,thorax,0.0445,1852.50,-6.112,7.125,0.063,9.592,9.573,15.685
25,367,1.0000,left_thigh,0.0127,2565.00,3.671,7.125,0.011,-111.000,-110.963,-114.634
25,367,1.0000,left_foot,0.0357,2137.50,7.931,11.875,0.154,-27.000,-21.124,-29.399
25,368,1.0000,abdomen,0.0784,1852.50,-10.695,7.125,0.025,6.397,6.397,17.093
25,368,1.0000,thorax,0.0454,1852.50,-6.084,7.125,0.051,9.592,9.592,15.676
25,368,1.0000,left_thigh,0.0123,2565.00,3.648,7.125,0.009,-111.000,-111.000,-114.648
25,368,1.0000,left_foot,0.0294,2137.50,6.770,11.875,0.176,-27.000,-23.107,-29.385
25,369,1.0000,abdomen,0.0781,1852.50,-10.721,7.125,0.019,6.397,6.362,17.083
25,369,1.0000,thorax,0.0446,1852.50,-6.099,7.125,0.064,9.592,9.556,15.655
25,369,1.0000,left_thigh,0.0129,2565.00,3.729,7.125,0.009,-111.000,-110.930,-114.658
25,369,1.0000,left_foot,0.0357,2137.50,7.915,11.875,0.154,-27.000,-20.816,-29.383
25,370,1.0000,abdomen,0.0784,1852.50,-10.688,7.125,0.024,6.397,6.397,17.086
25,370,1.0000,thorax,0.0452,1852.50,-6.054,7.125,0.044,9.592,9.592,15.645
25,370,1.0000,left_thigh,0.0123,2565.00,3.671,7.125,0.010,-111.000,-111.000,-114.671
25,370,1.0000,left_foot,0.0294,2137.50,6.756,11.875,0.175,-27.000,-22.839,-29.371
25,371,1.0000,abdomen,0.0782,1852.50,-10.736,7.125,0.015,6.397,6.341,17.077
25,371,1.0000,thorax,0.0447,1852.50,-6.095,7.125,0.059,9.592,9.535,15.630
25,371,1.0000,left_thigh,0.0132,2565.00,3.793,7.125,0.009,-111.000,-110.888,-114.681
25,371,1.0000,left_foot,0.0357,2137.50,7.901,11.875,0.156,-27.000,-20.547,-29.370
25,372,1.0000,abdomen,0.0786,1852.50,-10.684,7.125,0.021,6.397,6.397,17.081
25,372,1.0000,thorax,0.0451,1852.50,-6.030,7.125,0.050,9.592,9.592,15.622
25,372,1.0000,left_thigh,0.0122,2565.00,3.690,7.125,0.010,-111.000,-111.000,-114.690
25,372,1.0000,left_foot,0.0301,2137.50,6.866,11.875,0.177,-27.000,-22.493,-29.359
25,373,1.0000,abdomen,0.0783,1852.50,-10.739,7.125,0.015,6.397,6.335,17.074
25,373,1.0000,thorax,0.0449,1852.50,-6.082,7.125,0.060,9.592,9.529,15.611
25,373,1.0000,left_thigh,0.0133,2565.00,3.823,7.125,0.009,-111.000,-110.875,-114.697
25,373,1.0000,left_foot,0.0363,2137.50,8.010,11.875,0.158,-27.000,-20.201,-29.357
25,374,1.0000,abdomen,0.0787,1852.50,-10.682,7.125,0.020,6.397,6.397,17.080
25,374,1.0000,thorax,0.0451,1852.50,-6.014,7.125,0.053,9.592,9.592,15.605
25,374,1.0000,left_thigh,0.0122,2565.00,3.705,7.125,0.011,-111.000,-111.000,-114.705
25,374,1.0000,left_foot,0.0300,2137.50,6.853,11.875,0.174,-27.000,-22.493,-29.346
25,375,1.0000,abdomen,0.0784,1852.50,-10.748,7.125,0.015,6.397,6.324,17.072
25,375,1.0000,thorax,0.0449,1852.50,-6.075,7.125,0.060,9.592,9.518,15.593
25,375,1.0000,left_thigh,0.0134,2565.00,3.857,7.125,0.009,-111.000,-110.853,-114.710
25,375,1.0000,left_foot,0.0364,2137.50,7.999,11.875,0.151,-27.000,-20.201,-29.345
25,376,1.0000,abdomen,0.0787,1852.50,-10.681,7.125,0.020,6.397,6.397,17.079
25,376,1.0000,thorax,0.0451,1852.50,-5.996,7.125,0.049,9.592,9.592,15.587
25,376,1.0000,left_thigh,0.0122,2565.00,3.717,7.125,0.012,-111.000,-111.000,-114.717
25,376,1.0000,left_foot,0.0312,2137.50,7.059,11.875,0.168,-27.000,-22.278,-29.337
25,377,1.0000,abdomen,0.0785,1852.50,-10.743,7.125,0.013,6.397,6.330,17.072
25,377,1.0000,thorax,0.0451,1852.50,-6.057,7.125,0.057,9.592,9.524,15.581
25,377,1.0000,left_thigh,0.0133,2565.00,3.859,7.125,0.009,-111.000,-110.864,-114.724
25,377,1.0000,left_foot,0.0375,2137.50,8.204,11.875,0.149,-27.000,-19.986,-29.336
25,378,1.0000,abdomen,0.0788,1852.50,-10.681,7.125,0.018,6.397,6.397,17.078
25,378,1.0000,thorax,0.0452,1852.50,-5.987,7.125,0.056,9.592,9.592,15.579
25,378,1.0000,left_thigh,0.0122,2565.00,3.727,7.125,0.010,-111.000,-111.000,-114.728
25,378,1.0000,left_foot,0.0311,2137.50,7.047,11.875,0.162,-27.000,-22.278,-29.325
25,379,1.0000,abdomen,0.0785,1852.50,-10.757,7.125,0.014,6.397,6.314,17.071
25,379,1.0000,thorax,0.0452,1852.50,-6.060,7.125,0.058,9.592,9.508,15.568
25,379,1.0000,left_thigh,0.0135,2565.00,3.897,7.125,0.008,-111.000,-110.834,-114.730
25,379,1.0000,left_foot,0.0376,2137.50,8.194,11.875,0.133,-27.000,-19.986,-29.325
25,380,1.0000,abdomen,0.0788,1852.50,-10.681,7.125,0.018,6.397,6.397,17.079
25,380,1.0000,thorax,0.0451,1852.50,-5.973,7.125,0.046,9.592,9.592,15.564
25,380,1.0000,left_thigh,0.0121,2565.00,3.734,7.125,0.011,-111.000,-111.000,-114.734
25,380,1.0000,left_foot,0.0312,2137.50,7.041,11.875,0.148,-27.000,-22.278,-29.318
25,381,1.0000,abdomen,0.0785,1852.50,-10.764,7.125,0.011,6.397,6.308,17.072
25,381,1.0000,thorax,0.0453,1852.50,-6.050,7.125,0.053,9.592,9.503,15.553
25,381,1.0000,left_thigh,0.0134,2565.00,3.915,7.125,0.008,-111.000,-110.822,-114.737
25,381,1.0000,left_foot,0.0377,2137.50,8.189,11.875,0.127,-27.000,-19.986,-29.320
25,382,1.0000,abdomen,0.0788,1852.50,-10.683,7.125,0.016,6.397,6.397,17.080
25,382,1.0000,thorax,0.0451,1852.50,-5.958,7.125,0.043,9.592,9.592,15.549
25,382,1.0000,left_thigh,0.0121,2565.00,3.739,7.125,0.010,-111.000,-111.000,-114.739
25,382,1.0000,left_foot,0.0312,2137.50,7.039,11.875,0.146,-27.000,-22.278,-29.317
25,383,1.0000,abdomen,0.0785,1852.50,-10.769,7.125,0.011,6.397,6.305,17.074
25,383,1.0000,thorax,0.0453,1852.50,-6.040,7.125,0.052,9.592,9.499,15.539
25,383,1.0000,left_thigh,0.0135,2565.00,3.927,7.125,0.008,-111.000,-110.815,-114.742
25,383,1.0000,left_foot,0.0378,2137.50,8.189,11.875,0.131,-27.000,-19.986,-29.320
25,384,1.0000,abdomen,0.0789,1852.50,-10.684,7.125,0.016,6.397,6.397,17.082
25,384,1.0000,thorax,0.0450,1852.50,-5.945,7.125,0.043,9.592,9.592,15.536
25,384,1.0000,left_thigh,0.0121,2565.00,3.742,7.125,0.010,-111.000,-111.000,-114.742
25,384,1.0000,left_foot,0.0314,2137.50,7.062,11.875,0.152,-27.000,-22.255,-29.317
25,385,1.0000,abdomen,0.0786,1852.50,-10.775,7.125,0.011,6.397,6.301,17.076
25,385,1.0000,thorax,0.0454,1852.50,-6.032,7.125,0.052,9.592,9.495,15.527
25,385,1.0000,left_thigh,0.0135,2565.00,3.937,7.125,0.008,-111.000,-110.807,-114.744
25,385,1.0000,left_foot,0.0379,2137.50,8.213,11.875,0.138,-27.000,-19.963,-29.322
25,386,1.0000,abdomen,0.0789,1852.50,-10.687,7.125,0.015,6.397,6.397,17.084
25,386,1.0000,thorax,0.0450,1852.50,-5.933,7.125,0.043,9.592,9.592,15.525
25,386,1.0000,left_thigh,0.0120,2565.00,3.744,7.125,0.010,-111.000,-111.000,-114.744
25,386,1.0000,left_foot,0.0323,2137.50,7.219,11.875,0.158,-27.000,-22.100,-29.319
25,387,1.0000,abdomen,0.0786,1852.50,-10.782,7.125,0.010,6.397,6.297,17.079
25,387,1.0000,thorax,0.0455,1852.50,-6.030,7.125,0.050,9.592,9.491,15.521
25,387,1.0000,left_thigh,0.0136,2565.00,3.948,7.125,0.008,-111.000,-110.799,-114.747
25,387,1.0000,left_foot,0.0387,2137.50,8.368,11.875,0.144,-27.000,-19.809,-29.323
25,388,1.0000,abdomen,0.0790,1852.50,-10.690,7.125,0.014,6.397,6.397,17.087
25,388,1.0000,thorax,0.0451,1852.50,-5.929,7.125,0.048,9.592,9.592,15.521
25,388,1.0000,left_thigh,0.0120,2565.00,3.744,7.125,0.008,-111.000,-111.000,-114.744
25,388,1.0000,left_foot,0.0322,2137.50,7.218,11.875,0.159,-27.000,-22.100,-29.319
25,389,1.0000,abdomen,0.0786,1852.50,-10.787,7.125,0.011,6.397,6.294,17.081
25,389,1.0000,thorax,0.0455,1852.50,-6.026,7.125,0.051,9.592,9.488,15.513
25,389,1.0000,left_thigh,0.0135,2565.00,3.951,7.125,0.007,-111.000,-110.792,-114.744
25,389,1.0000,left_foot,0.0388,2137.50,8.369,11.875,0.136,-27.000,-19.809,-29.323
25,390,1.0000,abdomen,0.0789,1852.50,-10.692,7.125,0.015,6.397,6.397,17.090
25,390,1.0000,thorax,0.0451,1852.50,-5.920,7.125,0.041,9.592,9.592,15.512
25,390,1.0000,left_thigh,0.0120,2565.00,3.741,7.125,0.010,-111.000,-111.000,-114.741
25,390,1.0000,left_foot,0.0323,2137.50,7.220,11.875,0.151,-27.000,-22.100,-29.321
25,391,1.0000,abdomen,0.0786,1852.50,-10.791,7.125,0.010,6.397,6.292,17.083
25,391,1.0000,thorax,0.0455,1852.50,-6.018,7.125,0.049,9.592,9.486,15.504
25,391,1.0000,left_thigh,0.0136,2565.00,3.954,7.125,0.008,-111.000,-110.788,-114.742
25,391,1.0000,left_foot,0.0388,2137.50,8.372,11.875,0.133,-27.000,-19.809,-29.326
25,392,1.0000,abdomen,0.0789,1852.50,-10.694,7.125,0.014,6.397,6.397,17.092
25,392,1.0000,thorax,0.0450,1852.50,-5.911,7.125,0.039,9.592,9.592,15.502
25,392,1.0000,left_thigh,0.0120,2565.00,3.739,7.125,0.009,-111.000,-111.000,-114.739
25,392,1.0000,left_foot,0.0323,2137.50,7.224,11.875,0.150,-27.000,-22.100,-29.325
25,393,1.0000,abdomen,0.0786,1852.50,-10.795,7.125,0.009,6.397,6.290,17.085
25,393,1.0000,thorax,0.0455,1852.50,-6.010,7.125,0.047,9.592,9.484,15.494
25,393,1.0000,left_thigh,0.0136,2565.00,3.955,7.125,0.008,-111.000,-110.785,-114.740
25,393,1.0000,left_foot,0.0388,2137.50,8.376,11.875,0.133,-27.000,-19.809,-29.330
25,394,1.0000,abdomen,0.0789,1852.50,-10.697,7.125,0.013,6.397,6.397,17.094
25,394,1.0000,thorax,0.0450,1852.50,-5.900,7.125,0.038,9.592,9.592,15.492
25,394,1.0000,left_thigh,0.0119,2565.00,3.737,7.125,0.009,-111.000,-111.000,-114.737
25,394,1.0000,left_foot,0.0323,2137.50,7.229,11.875,0.152,-27.000,-22.100,-29.330
25,395,1.0000,abdomen,0.0786,1852.50,-10.799,7.125,0.008,6.397,6.288,17.088
25,395,1.0000,thorax,0.0455,1852.50,-6.002,7.125,0.046,9.592,9.482,15.485
25,395,1.0000,left_thigh,0.0136,2565.00,3.956,7.125,0.007,-111.000,-110.782,-114.738
25,395,1.0000,left_foot,0.0389,2137.50,8.381,11.875,0.135,-27.000,-19.809,-29.335
25,396,1.0000,abdomen,0.0790,1852.50,-10.699,7.125,0.012,6.397,6.397,17.097
25,396,1.0000,thorax,0.0450,1852.50,-5.894,7.125,0.039,9.592,9.592,15.485
25,396,1.0000,left_thigh,0.0119,2565.00,3.735,7.125,0.009,-111.000,-111.000,-114.735
25,396,1.0000,left_foot,0.0324,2137.50,7.233,11.875,0.154,-27.000,-22.100,-29.334
25,397,1.0000,abdomen,0.0787,1852.50,-10.803,7.125,0.008,6.397,6.287,17.090
25,397,1.0000,thorax,0.0455,1852.50,-5.995,7.125,0.048,9.592,9.481,15.476
25,397,1.0000,left_thigh,0.0136,2565.00,3.955,7.125,0.007,-111.000,-110.779,-114.733
25,397,1.0000,left_foot,0.0389,2137.50,8.385,11.875,0.135,-27.000,-19.809,-29.339
25,398,1.0000,abdomen,0.0789,1852.50,-10.702,7.125,0.013,6.397,6.397,17.100
25,398,1.0000,thorax,0.0450,1852.50,-5.886,7.125,0.033,9.592,9.592,15.478
25,398,1.0000,left_thigh,0.0119,2565.00,3.731,7.125,0.010,-111.000,-111.000,-114.732
25,398,1.0000,left_foot,0.0327,2137.50,7.293,11.875,0.153,-27.000,-22.044,-29.337
25,399,1.0000,abdomen,0.0787,1852.50,-10.807,7.125,0.009,6.397,6.285,17.093
25,399,1.0000,thorax,0.0455,1852.50,-5.989,7.125,0.050,9.592,9.479,15.468
25,399,1.0000,left_thigh,0.0136,2565.00,3.954,7.125,0.007,-111.000,-110.775,-114.729
25,399,1.0000,left_foot,0.0391,2137.50,8.444,11.875,0.134,-27.000,-19.752,-29.342
25,400,1.0000,abdomen,0.0789,1852.50,-10.705,7.125,0.014,6.397,6.397,17.102
25,400,1.0000,thorax,0.0450,1852.50,-5.881,7.125,0.031,9.592,9.592,15.473
25,400,1.0000,left_thigh,0.0119,2565.00,3.728,7.125,0.011,-111.000,-111.000,-114.728
25,400,1.0000,left_foot,0.0326,2137.50,7.296,11.875,0.150,-27.000,-22.044,-29.340
25,401,1.0000,abdomen,0.0787,1852.50,-10.811,7.125,0.010,6.397,6.284,17.095
25,401,1.0000,thorax,0.0455,1852.50,-5.986,7.125,0.051,9.592,9.478,15.464
25,401,1.0000,left_thigh,0.0135,2565.00,3.952,7.125,0.006,-111.000,-110.772,-114.725
25,401,1.0000,left_foot,0.0391,2137.50,8.448,11.875,0.128,-27.000,-19.752,-29.346
25,402,1.0000,abdomen,0.0789,1852.50,-10.707,7.125,0.014,6.397,6.397,17.104
25,402,1.0000,thorax,0.0450,1852.50,-5.877,7.125,0.031,9.592,9.592,15.469
25,402,1.0000,left_thigh,0.0119,2565.00,3.723,7.125,0.011,-111.000,-111.000,-114.724
25,402,1.0000,left_foot,0.0326,2137.50,7.299,11.875,0.145,-27.000,-22.044,-29.343
25,403,1.0000,abdomen,0.0787,1852.50,-10.814,7.125,0.010,6.397,6.283,17.097
25,403,1.0000,thorax,0.0455,1852.50,-5.983,7.125,0.052,9.592,9.477,15.460
25,403,1.0000,left_thigh,0.0135,2565.00,3.950,7.125,0.006,-111.000,-110.771,-114.721
25,403,1.0000,left_foot,0.0391,2137.50,8.450,11.875,0.123,-27.000,-19.752,-29.348
25,404,1.0000,abdomen,0.0789,1852.50,-10.708,7.125,0.015,6.397,6.397,17.106
25,404,1.0000,thorax,0.0450,1852.50,-5.874,7.125,0.032,9.592,9.592,15.466
25,404,1.0000,left_thigh,0.0119,2565.00,3.719,7.125,0.011,-111.000,-111.000,-114.720
25,404,1.0000,left_foot,0.0326,2137.50,7.301,11.875,0.139,-27.000,-22.044,-29.345
25,405,1.0000,abdomen,0.0787,1852.50,-10.815,7.125,0.011,6.397,6.282,17.098
25,405,1.0000,thorax,0.0455,1852.50,-5.982,7.125,0.053,9.592,9.476,15.458
25,405,1.0000,left_thigh,0.0135,2565.00,3.947,7.125,0.007,-111.000,-110.769,-114.717
25,405,1.0000,left_foot,0.0391,2137.50,8.452,11.875,0.117,-27.000,-19.752,-29.349
25,406,1.0000,abdomen,0.0789,1852.50,-10.709,7.125,0.016,6.397,6.397,17.106
25,406,1.0000,thorax,0.0450,1852.50,-5.873,7.125,0.032,9.592,9.592,15.464
25,406,1.0000,left_thigh,0.0118,2565.00,3.715,7.125,0.011,-111.000,-111.000,-114.715
25,406,1.0000,left_foot,0.0326,2137.50,7.303,11.875,0.132,-27.000,-22.044,-29.346
25,407,1.0000,abdomen,0.0787,1852.50,-10.816,7.125,0.011,6.397,6.282,17.098
25,407,1.0000,thorax,0.0455,1852.50,-5.982,7.125,0.053,9.592,9.476,15.458
25,407,1.0000,left_thigh,0.0135,2565.00,3.944,7.125,0.007,-111.000,-110.768,-114.713
25,407,1.0000,left_foot,0.0391,2137.50,8.453,11.875,0.111,-27.000,-19.752,-29.350
25,408,1.0000,abdomen,0.0790,1852.50,-10.709,7.125,0.017,6.397,6.397,17.106
25,408,1.0000,thorax,0.0451,1852.50,-5.873,7.125,0.035,9.592,9.592,15.464
25,408,1.0000,left_thigh,0.0118,2565.00,3.711,7.125,0.011,-111.000,-111.000,-114.711
25,408,1.0000,left_foot,0.0328,2137.50,7.345,11.875,0.124,-27.000,-22.001,-29.347
25,409,1.0000,abdomen,0.0788,1852.50,-10.817,7.125,0.012,6.397,6.281,17.098
25,409,1.0000,thorax,0.0456,1852.50,-5.989,7.125,0.053,9.592,9.475,15.464
25,409,1.0000,left_thigh,0.0135,2565.00,3.944,7.125,0.007,-111.000,-110.767,-114.712
25,409,1.0000,left_foot,0.0392,2137.50,8.494,11.875,0.104,-27.000,-19.709,-29.350
25,410,1.0000,abdomen,0.0791,1852.50,-10.708,7.125,0.017,6.397,6.397,17.105
25,410,1.0000,thorax,0.0451,1852.50,-5.878,7.125,0.045,9.592,9.592,15.469
25,410,1.0000,left_thigh,0.0118,2565.00,3.707,7.125,0.009,-111.000,-111.000,-114.707
25,410,1.0000,left_foot,0.0327,2137.50,7.345,11.875,0.116,-27.000,-22.001,-29.346
25,411,1.0000,abdomen,0.0788,1852.50,-10.815,7.125,0.013,6.397,6.281,17.096
25,411,1.0000,thorax,0.0457,1852.50,-5.996,7.125,0.052,9.592,9.475,15.471
25,411,1.0000,left_thigh,0.0135,2565.00,3.942,7.125,0.008,-111.000,-110.767,-114.709
25,411,1.0000,left_foot,0.0392,2137.50,8.494,11.875,0.095,-27.000,-19.709,-29.349
25,412,1.0000,abdomen,0.0791,1852.50,-10.705,7.125,0.017,6.397,6.397,17.103
25,412,1.0000,thorax,0.0451,1852.50,-5.883,7.125,0.049,9.592,9.592,15.475
25,412,1.0000,left_thigh,0.0117,2565.00,3.703,7.125,0.009,-111.000,-111.000,-114.703
25,412,1.0000,left_foot,0.0326,2137.50,7.343,11.875,0.107,-27.000,-22.001,-29.345
25,413,1.0000,abdomen,0.0787,1852.50,-10.812,7.125,0.013,6.397,6.281,17.093
25,413,1.0000,thorax,0.0457,1852.50,-6.000,7.125,0.050,9.592,9.475,15.475
25,413,1.0000,left_thigh,0.0136,2565.00,3.938,7.125,0.009,-111.000,-110.767,-114.705
25,413,1.0000,left_foot,0.0391,2137.50,8.492,11.875,0.085,-27.000,-19.709,-29.348
25,414,1.0000,abdomen,0.0791,1852.50,-10.702,7.125,0.017,6.397,6.397,17.100
25,414,1.0000,thorax,0.0451,1852.50,-5.886,7.125,0.048,9.592,9.592,15.478
25,414,1.0000,left_thigh,0.0118,2565.00,3.700,7.125,0.009,-111.000,-111.000,-114.700
25,414,1.0000,left_foot,0.0326,2137.50,7.341,11.875,0.097,-27.000,-22.001,-29.343
25,415,1.0000,abdomen,0.0788,1852.50,-10.809,7.125,0.013,6.397,6.281,17.090
25,415,1.0000,thorax,0.0455,1852.50,-6.003,7.125,0.049,9.592,9.475,15.478
25,415,1.0000,left_thigh,0.0137,2565.00,3.936,7.125,0.009,-111.000,-110.767,-114.703
25,415,1.0000,left_foot,0.0390,2137.50,8.490,11.875,0.076,-27.000,-19.709,-29.345
25,416,1.0000,abdomen,0.0791,1852.50,-10.699,7.125,0.017,6.397,6.397,17.097
25,416,1.0000,thorax,0.0450,1852.50,-5.887,7.125,0.048,9.592,9.592,15.479
25,416,1.0000,left_thigh,0.0118,2565.00,3.699,7.125,0.010,-111.000,-111.000,-114.699
25,416,1.0000,left_foot,0.0325,2137.50,7.337,11.875,0.087,-27.000,-22.001,-29.338
25,417,1.0000,abdomen,0.0788,1852.50,-10.806,7.125,0.010,6.397,6.281,17.087
25,417,1.0000,thorax,0.0454,1852.50,-6.003,7.125,0.047,9.592,9.475,15.478
25,417,1.0000,left_thigh,0.0137,2565.00,3.936,7.125,0.008,-111.000,-110.766,-114.703
25,417,1.0000,left_foot,0.0389,2137.50,8.485,11.875,0.063,-27.000,-19.709,-29.341
25,418,1.0000,abdomen,0.0790,1852.50,-10.696,7.125,0.016,6.397,6.397,17.094
25,418,1.0000,thorax,0.0450,1852.50,-5.886,7.125,0.046,9.592,9.592,15.478
25,418,1.0000,left_thigh,0.0118,2565.00,3.699,7.125,0.009,-111.000,-111.000,-114.700
25,418,1.0000,left_foot,0.0325,2137.50,7.333,11.875,0.074,-27.000,-22.001,-29.334
25,419,1.0000,abdomen,0.0787,1852.50,-10.803,7.125,0.010,6.397,6.280,17.084
25,419,1.0000,thorax,0.0454,1852.50,-6.001,7.125,0.046,9.592,9.474,15.476
25,419,1.0000,left_thigh,0.0138,2565.00,3.937,7.125,0.008,-111.000,-110.766,-114.704
25,419,1.0000,left_foot,0.0388,2137.50,8.481,11.875,0.052,-27.000,-19.709,-29.336
25,420,1.0000,abdomen,0.0790,1852.50,-10.692,7.125,0.015,6.397,6.397,17.090
25,420,1.0000,thorax,0.0449,1852.50,-5.883,7.125,0.045,9.592,9.592,15.475
25,420,1.0000,left_thigh,0.0118,2565.00,3.700,7.125,0.009,-111.000,-111.000,-114.701
25,420,1.0000,left_foot,0.0324,2137.50,7.328,11.875,0.063,-27.000,-22.001,-29.329
