load_kg,tick,phase,capture_points,joint_id,family,joint_kind,drive_channel,active,requested_target_q_w,requested_target_q_x,requested_target_q_y,requested_target_q_z,applied_target_q_w,applied_target_q_x,applied_target_q_y,applied_target_q_z,actual_relative_q_w,actual_relative_q_x,actual_relative_q_y,actual_relative_q_z,requested_target_angle_x_rad,requested_target_angle_y_rad,requested_target_angle_z_rad,target_angle_x_rad,target_angle_y_rad,target_angle_z_rad,actual_angle_x_rad,actual_angle_y_rad,actual_angle_z_rad,e_x_rad,e_y_rad,e_z_rad,target_w_x_rad_s,target_w_y_rad_s,target_w_z_rad_s,actual_w_x_rad_s,actual_w_y_rad_s,actual_w_z_rad_s,e_dot_x_rad_s,e_dot_y_rad_s,e_dot_z_rad_s,K_nm_per_rad,D_nm_s_per_rad,spring_torque_x_nm,spring_torque_y_nm,spring_torque_z_nm,damping_torque_x_nm,damping_torque_y_nm,damping_torque_z_nm,requested_torque_x_nm,requested_torque_y_nm,requested_torque_z_nm,requested_channel_torque_nm,maximum_force_nm,normalized_demand,twist_limit_proximity,anchor_separation_m
25,50,SETUP,SETTLED_STANDING,abdomen,trunk,Ball,twist_x,true,0.999999762,-0.0008239423,2.05974018E-15,3.66342147E-16,0.999999642,-0.0008239422,2.05974E-15,3.663421E-16,0.99983716,-0.01775545,-0.0003568733,0.0031969198,-0.00164788461,4.11948036E-15,7.326843E-16,-0.00164788461,4.11948036E-15,7.326843E-16,-0.0355128273,-0.0007137853,0.00639418652,0.0338649526,0.000708513253,-0.00639474252,0,0,0,0.08293094,0.0119244289,-0.0595109425,-0.08293094,-0.0119244289,0.0595109425,3200,170,108.367851,2.26724243,-20.4631767,-14.098259,-2.027153,10.11686,94.26959,0.240089417,-10.3463163,94.26959,2000.70007,0.0471183024,0.0581267476,0.000265283044
25,50,SETUP,SETTLED_STANDING,abdomen,trunk,Ball,swing_yz,true,0.999999762,-0.0008239423,2.05974018E-15,3.66342147E-16,0.999999642,-0.0008239422,2.05974E-15,3.663421E-16,0.99983716,-0.01775545,-0.0003568733,0.0031969198,-0.00164788461,4.11948036E-15,7.326843E-16,-0.00164788461,4.11948036E-15,7.326843E-16,-0.0355128273,-0.0007137853,0.00639418652,0.0338649526,0.000708513253,-0.00639474252,0,0,0,0.08293094,0.0119244289,-0.0595109425,-0.08293094,-0.0119244289,0.0595109425,3200,170,108.367851,2.26724243,-20.4631767,-14.098259,-2.027153,10.11686,94.26959,0.240089417,-10.3463163,10.349102,2000.70007,0.00517274,0.0581267476,0.000265283044
25,50,SETUP,SETTLED_STANDING,thorax,trunk,Ball,twist_x,true,0.999999762,-0.0008239478,-3.64686621E-16,-5.415597E-16,0.999999642,-0.000823947659,-3.64686568E-16,-5.41559673E-16,0.9999426,-0.0107181827,4.48689461E-05,-0.000163165241,-0.00164789555,-7.29373242E-16,-1.08311945E-15,-0.00164789555,-7.29373242E-16,-1.08311945E-15,-0.0214367751,8.97396E-05,-0.0003263367,0.0197888818,-8.947044E-05,0.000326409645,0,0,0,0.0148544367,-0.00231551938,0.0120791486,-0.0148544367,0.00231551938,-0.0120791486,3200,170,63.32442,-0.286305428,1.04451084,-2.52525425,0.393638283,-2.05345535,60.7991676,0.107332855,-1.00894451,60.7991676,2000.70007,0.0303889457,0.0350796171,3.35793127E-09
25,50,SETUP,SETTLED_STANDING,thorax,trunk,Ball,swing_yz,true,0.999999762,-0.0008239478,-3.64686621E-16,-5.415597E-16,0.999999642,-0.000823947659,-3.64686568E-16,-5.41559673E-16,0.9999426,-0.0107181827,4.48689461E-05,-0.000163165241,-0.00164789555,-7.29373242E-16,-1.08311945E-15,-0.00164789555,-7.29373242E-16,-1.08311945E-15,-0.0214367751,8.97396E-05,-0.0003263367,0.0197888818,-8.947044E-05,0.000326409645,0,0,0,0.0148544367,-0.00231551938,0.0120791486,-0.0148544367,0.00231551938,-0.0120791486,3200,170,63.32442,-0.286305428,1.04451084,-2.52525425,0.393638283,-2.05345535,60.7991676,0.107332855,-1.00894451,1.01463759,2000.70007,0.0005071413,0.0350796171,3.35793127E-09
25,50,SETUP,SETTLED_STANDING,head_neck,neck,Ball,twist_x,true,1,0,0,0,1,0,0,0,0.9999996,0.0009067078,-1.26070981E-05,-1.23126856E-05,0,0,0,0,0,0,0.00181341579,-2.52142E-05,-2.46253749E-05,-0.00181341579,2.52142E-05,2.46253749E-05,0,0,0,-0.006424949,-0.00222143321,0.0145266755,0.006424949,0.00222143321,-0.0145266755,300,11,-0.544024765,0.00756426,0.00738761248,0.07067444,0.024435766,-0.159793437,-0.473350316,0.0320000276,-0.152405828,0.473350316,205.200012,0.00230677519,0.001903242,9.29108646E-05
25,50,SETUP,SETTLED_STANDING,head_neck,neck,Ball,swing_yz,true,1,0,0,0,1,0,0,0,0.9999996,0.0009067078,-1.26070981E-05,-1.23126856E-05,0,0,0,0,0,0,0.00181341579,-2.52142E-05,-2.46253749E-05,-0.00181341579,2.52142E-05,2.46253749E-05,0,0,0,-0.006424949,-0.00222143321,0.0145266755,0.006424949,0.00222143321,-0.0145266755,300,11,-0.544024765,0.00756426,0.00738761248,0.07067444,0.024435766,-0.159793437,-0.473350316,0.0320000276,-0.152405828,0.155729055,205.200012,0.000758913462,0.001903242,9.29108646E-05
25,50,SETUP,SETTLED_STANDING,left_upper_arm,shoulder,Ball,twist_x,true,0.336258322,0.356115133,-0.4847388,0.7246659,0.336258322,0.356115133,-0.4847388,0.7246659,0.364752144,0.3577006,-0.49114427,0.705537736,0.928587556,-1.26398,1.88960159,0.928587556,-1.26398,1.88960159,0.9200283,-1.26325393,1.81468737,-0.008601795,-0.0392458178,0.05719775,0,0,0,0.3842577,-0.142134339,0.487512141,-0.3842577,0.142134339,-0.487512141,500,55,-4.3008976,-19.62291,28.598875,-21.1341743,7.81738853,-26.8131676,-25.4350719,-11.805521,1.78570747,25.4350719,666.9,0.0381392576,0.846491039,0.000110916219
25,50,SETUP,SETTLED_STANDING,left_upper_arm,shoulder,Ball,swing_yz,true,0.336258322,0.356115133,-0.4847388,0.7246659,0.336258322,0.356115133,-0.4847388,0.7246659,0.364752144,0.3577006,-0.49114427,0.705537736,0.928587556,-1.26398,1.88960159,0.928587556,-1.26398,1.88960159,0.9200283,-1.26325393,1.81468737,-0.008601795,-0.0392458178,0.05719775,0,0,0,0.3842577,-0.142134339,0.487512141,-0.3842577,0.142134339,-0.487512141,500,55,-4.3008976,-19.62291,28.598875,-21.1341743,7.81738853,-26.8131676,-25.4350719,-11.805521,1.78570747,11.9398108,666.9,0.017903449,0.846491039,0.000110916219
25,50,SETUP,SETTLED_STANDING,right_upper_arm,shoulder,Ball,twist_x,true,0.336258739,-0.35611406,0.48473838,0.7246666,0.336258739,-0.35611406,0.48473838,0.7246666,0.364602953,-0.3581313,0.4917964,0.7049418,-0.9285845,1.2639786,1.8896029,-0.9285845,1.2639786,1.8896029,-0.9212015,1.265021,1.81328332,0.0105234114,0.0397128426,0.0574286655,0,0,0,-0.399692535,0.131543621,0.484704047,0.399692535,-0.131543621,-0.484704047,500,55,5.261706,19.85642,28.7143326,21.98309,-7.234899,-26.6587219,27.2447948,12.621521,2.05561066,27.2447948,666.9,0.0408528931,0.847370744,0.000126405939
25,50,SETUP,SETTLED_STANDING,right_upper_arm,shoulder,Ball,swing_yz,true,0.336258739,-0.35611406,0.48473838,0.7246666,0.336258739,-0.35611406,0.48473838,0.7246666,0.364602953,-0.3581313,0.4917964,0.7049418,-0.9285845,1.2639786,1.8896029,-0.9285845,1.2639786,1.8896029,-0.9212015,1.265021,1.81328332,0.0105234114,0.0397128426,0.0574286655,0,0,0,-0.399692535,0.131543621,0.484704047,0.399692535,-0.131543621,-0.484704047,500,55,5.261706,19.85642,28.7143326,21.98309,-7.234899,-26.6587219,27.2447948,12.621521,2.05561066,12.7878189,666.9,0.0191750173,0.847370744,0.000126405939
25,50,SETUP,SETTLED_STANDING,left_forearm,elbow,Hinge,twist_x,true,0.50908035,0.860719,-6.544356E-09,-1.438713E-08,0.50908035,0.860719,-6.544356E-09,-1.438713E-08,0.528444648,0.848967731,-0.000287946837,-0.0001234037,2.07336068,-1.57645061E-08,-3.46567326E-08,2.07336068,-1.57645061E-08,-3.46567326E-08,2.02805781,-0.0006878622,-0.0002947931,0.0453030132,8.076874E-05,0.0006213542,0,0,0,0.249965072,-0.0173272062,0.00776257273,-0.249965072,0.0173272062,-0.00776257273,450,45,20.3863564,0.0363459326,0.279609382,-11.2484283,0.7797243,-0.349315763,9.137928,0.816070259,-0.06970638,9.137928,513,0.0178127252,0.8013735,0.000108552464
25,50,SETUP,SETTLED_STANDING,left_forearm,elbow,Hinge,swing_yz,false,0.50908035,0.860719,-6.544356E-09,-1.438713E-08,0.50908035,0.860719,-6.544356E-09,-1.438713E-08,0.528444648,0.848967731,-0.000287946837,-0.0001234037,2.07336068,-1.57645061E-08,-3.46567326E-08,2.07336068,-1.57645061E-08,-3.46567326E-08,2.02805781,-0.0006878622,-0.0002947931,0.0453030132,8.076874E-05,0.0006213542,0,0,0,0.249965072,-0.0173272062,0.00776257273,-0.249965072,0.0173272062,-0.00776257273,0,0,0,0,0,0,0,0,NA,NA,NA,NA,0,NA,0.8013735,0.000108552464
25,50,SETUP,SETTLED_STANDING,right_forearm,elbow,Hinge,twist_x,true,0.5090805,0.860718966,2.937157E-08,2.237969E-08,0.5090805,0.860718966,2.937157E-08,2.237969E-08,0.5285305,0.8489143,0.000291979115,0.0001234367,2.07336044,7.075231E-08,5.39097726E-08,2.07336044,7.075231E-08,5.39097726E-08,2.0278554,0.000697469048,0.000294861064,0.0455048271,-8.480742E-05,-0.000628283,0,0,0,0.267107248,0.0138931442,-0.00639224565,-0.267107248,-0.0138931442,0.00639224565,450,45,20.4771729,-0.0381633379,-0.282727361,-12.0198259,-0.6251915,0.287651062,8.457347,-0.6633549,0.00492370129,8.457347,513,0.0164860561,0.8012935,0.000111637877
25,50,SETUP,SETTLED_STANDING,right_forearm,elbow,Hinge,swing_yz,false,0.5090805,0.860718966,2.937157E-08,2.237969E-08,0.5090805,0.860718966,2.937157E-08,2.237969E-08,0.5285305,0.8489143,0.000291979115,0.0001234367,2.07336044,7.075231E-08,5.39097726E-08,2.07336044,7.075231E-08,5.39097726E-08,2.0278554,0.000697469048,0.000294861064,0.0455048271,-8.480742E-05,-0.000628283,0,0,0,0.267107248,0.0138931442,-0.00639224565,-0.267107248,-0.0138931442,0.00639224565,0,0,0,0,0,0,0,0,NA,NA,NA,NA,0,NA,0.8012935,0.000111637877
25,50,SETUP,SETTLED_STANDING,left_hand,wrist,Ball,twist_x,true,0.975149632,-0.003345848,-0.0147603629,0.221029788,0.975149632,-0.003345848,-0.0147603629,0.221029788,0.975935936,-0.005861029,-0.0193705466,0.2171166,-0.00674768351,-0.0297677163,0.445758164,-0.00674768351,-0.0297677163,0.445758164,-0.0118169989,-0.03905487,0.4377502,0.00274661719,0.0101061435,0.00802295,0,0,0,-0.00167062087,-0.0312306266,0.0708890557,0.00167062087,0.0312306266,-0.0708890557,250,30,0.68665427,2.526536,2.00573754,0.0501186252,0.9369188,-2.12667179,0.7367729,3.46345472,-0.120934248,0.7367729,230.85,0.0031915654,0.00983856153,9.804441E-05
25,50,SETUP,SETTLED_STANDING,left_hand,wrist,Ball,swing_yz,true,0.975149632,-0.003345848,-0.0147603629,0.221029788,0.975149632,-0.003345848,-0.0147603629,0.221029788,0.975935936,-0.005861029,-0.0193705466,0.2171166,-0.00674768351,-0.0297677163,0.445758164,-0.00674768351,-0.0297677163,0.445758164,-0.0118169989,-0.03905487,0.4377502,0.00274661719,0.0101061435,0.00802295,0,0,0,-0.00167062087,-0.0312306266,0.0708890557,0.00167062087,0.0312306266,-0.0708890557,250,30,0.68665427,2.526536,2.00573754,0.0501186252,0.9369188,-2.12667179,0.7367729,3.46345472,-0.120934248,3.46556544,230.85,0.0150121953,0.00983856153,9.804441E-05
25,50,SETUP,SETTLED_STANDING,right_hand,wrist,Ball,twist_x,true,0.975149751,0.003346447,0.0147604309,0.221029639,0.975149632,0.00334644644,0.014760429,0.221029609,0.97594136,0.005874711,0.01938274,0.217090592,0.0067488905,0.02976785,0.4457578,0.0067488905,0.02976785,0.4457578,0.0118445633,0.039079383,0.437697,-0.00276597566,-0.0101355957,0.008076013,0,0,0,0.00172046653,0.0376671329,0.06988335,-0.00172046653,-0.0376671329,-0.06988335,250,30,-0.6914939,-2.53389883,2.01900315,-0.0516139977,-1.130014,-2.0965004,-0.7431079,-3.66391277,-0.0774972439,0.7431079,230.85,0.00321900751,0.009854784,9.85261941E-05
25,50,SETUP,SETTLED_STANDING,right_hand,wrist,Ball,swing_yz,true,0.975149751,0.003346447,0.0147604309,0.221029639,0.975149632,0.00334644644,0.014760429,0.221029609,0.97594136,0.005874711,0.01938274,0.217090592,0.0067488905,0.02976785,0.4457578,0.0067488905,0.02976785,0.4457578,0.0118445633,0.039079383,0.437697,-0.00276597566,-0.0101355957,0.008076013,0,0,0,0.00172046653,0.0376671329,0.06988335,-0.00172046653,-0.0376671329,-0.06988335,250,30,-0.6914939,-2.53389883,2.01900315,-0.0516139977,-1.130014,-2.0965004,-0.7431079,-3.66391277,-0.0774972439,3.66473222,230.85,0.01587495,0.009854784,9.85261941E-05
25,50,SETUP,SETTLED_STANDING,left_thigh,hip,Ball,twist_x,true,0.999997854,0.0020598548,-3.544075E-07,0.000172054235,0.999997854,0.0020598548,-3.544075E-07,0.000172054235,0.9999142,0.0129411351,0.000234715451,0.00200210535,0.00411971239,-7.088155E-07,0.0003441087,0.00411971239,-7.088155E-07,0.0003441087,0.0258830115,0.00046944432,0.00400432525,-0.02176322,-0.000466353231,-0.003661174,0,0,0,0.00121384184,0.00277725467,-0.055746533,-0.00121384184,-0.00277725467,0.055746533,900,90,-19.5868988,-0.4197179,-3.29505658,-0.109245762,-0.249952927,5.017188,-19.6961441,-0.6696708,1.72213149,19.6961441,2770.2,0.007110008,0.032956142,7.67988251E-09
25,50,SETUP,SETTLED_STANDING,left_thigh,hip,Ball,swing_yz,true,0.999997854,0.0020598548,-3.544075E-07,0.000172054235,0.999997854,0.0020598548,-3.544075E-07,0.000172054235,0.9999142,0.0129411351,0.000234715451,0.00200210535,0.00411971239,-7.088155E-07,0.0003441087,0.00411971239,-7.088155E-07,0.0003441087,0.0258830115,0.00046944432,0.00400432525,-0.02176322,-0.000466353231,-0.003661174,0,0,0,0.00121384184,0.00277725467,-0.055746533,-0.00121384184,-0.00277725467,0.055746533,900,90,-19.5868988,-0.4197179,-3.29505658,-0.109245762,-0.249952927,5.017188,-19.6961441,-0.6696708,1.72213149,1.84775424,2770.2,0.000667011132,0.032956142,7.67988251E-09
25,50,SETUP,SETTLED_STANDING,right_thigh,hip,Ball,twist_x,true,0.999997854,0.0020598548,-3.544075E-07,0.000172054235,0.999997854,0.0020598548,-3.544075E-07,0.000172054235,0.999899447,0.0140528623,0.0007435528,0.00174130942,0.00411971239,-7.088155E-07,0.0003441087,0.00411971239,-7.088155E-07,0.0003441087,0.0281066652,0.00148715544,0.00348273548,-0.0239867,-0.00148550968,-0.00314168772,0,0,0,0.0246261247,-0.00648565544,-0.03955353,-0.0246261247,0.00648565544,0.03955353,900,90,-21.5880318,-1.33695877,-2.827519,-2.21635127,0.583709,3.55981779,-23.8043823,-0.753249764,0.732298851,23.8043823,2770.2,0.008593019,0.0357898623,0.000343946827
25,50,SETUP,SETTLED_STANDING,right_thigh,hip,Ball,swing_yz,true,0.999997854,0.0020598548,-3.544075E-07,0.000172054235,0.999997854,0.0020598548,-3.544075E-07,0.000172054235,0.999899447,0.0140528623,0.0007435528,0.00174130942,0.00411971239,-7.088155E-07,0.0003441087,0.00411971239,-7.088155E-07,0.0003441087,0.0281066652,0.00148715544,0.00348273548,-0.0239867,-0.00148550968,-0.00314168772,0,0,0,0.0246261247,-0.00648565544,-0.03955353,-0.0246261247,0.00648565544,0.03955353,900,90,-21.5880318,-1.33695877,-2.827519,-2.21635127,0.583709,3.55981779,-23.8043823,-0.753249764,0.732298851,1.05054593,2770.2,0.0003792311,0.0357898623,0.000343946827
25,50,SETUP,SETTLED_STANDING,left_shank,knee,Hinge,twist_x,true,1,-2.96887914E-09,-6.20109729E-15,1.816118E-15,1,-2.96887914E-09,-6.20109729E-15,1.816118E-15,0.999921858,0.0125045879,0.000122434532,-7.2201E-05,0,0,0,0,0,0,0.0250098258,0.000244875439,-0.000144405756,-0.0250098314,-0.000244875439,0.000144405756,0,0,0,-0.0525291935,-0.0018546083,0.0150922,0.0525291935,0.0018546083,-0.0150922,1123,94.8,-28.08604,-0.274995118,0.162167668,4.979768,0.175816879,-1.43074059,-23.1062737,-0.09917824,-1.26857293,23.1062737,2770.2,0.00834101252,0.009879703,0.000141526587
25,50,SETUP,SETTLED_STANDING,left_shank,knee,Hinge,swing_yz,false,1,-2.96887914E-09,-6.20109729E-15,1.816118E-15,1,-2.96887914E-09,-6.20109729E-15,1.816118E-15,0.999921858,0.0125045879,0.000122434532,-7.2201E-05,0,0,0,0,0,0,0.0250098258,0.000244875439,-0.000144405756,-0.0250098314,-0.000244875439,0.000144405756,0,0,0,-0.0525291935,-0.0018546083,0.0150922,0.0525291935,0.0018546083,-0.0150922,0,0,0,0,0,0,0,0,NA,NA,NA,NA,0,NA,0.009879703,0.000141526587
25,50,SETUP,SETTLED_STANDING,right_shank,knee,Hinge,twist_x,true,1,-2.96887825E-09,-2.36928837E-15,1.75362544E-15,1,-2.96887825E-09,-2.36928837E-15,1.75362544E-15,0.9999366,0.0112637728,1.44529932E-09,1.65833638E-10,0,0,0,0,0,0,0.0225280244,2.89066E-09,3.31674327E-10,-0.02252803,-2.89066482E-09,-3.31670857E-10,0,0,0,-0.07343838,5.87857267E-06,4.614974E-07,0.07343838,-5.87857267E-06,-4.614974E-07,1123,94.8,-25.2989769,-3.24621669E-06,-3.7246636E-07,6.961959,-0.0005572887,-4.37499548E-05,-18.3370171,-0.000560534943,-4.4122422E-05,18.3370171,2770.2,0.006619384,0.008900466,6.032786E-08
25,50,SETUP,SETTLED_STANDING,right_shank,knee,Hinge,swing_yz,false,1,-2.96887825E-09,-2.36928837E-15,1.75362544E-15,1,-2.96887825E-09,-2.36928837E-15,1.75362544E-15,0.9999366,0.0112637728,1.44529932E-09,1.65833638E-10,0,0,0,0,0,0,0.0225280244,2.89066E-09,3.31674327E-10,-0.02252803,-2.89066482E-09,-3.31670857E-10,0,0,0,-0.07343838,5.87857267E-06,4.614974E-07,0.07343838,-5.87857267E-06,-4.614974E-07,0,0,0,0,0,0,0,0,NA,NA,NA,NA,0,NA,0.008900466,6.032786E-08
25,50,SETUP,SETTLED_STANDING,left_foot,ankle,Hinge,twist_x,true,0.9999463,0.0102990968,-1.18133839E-05,0.0011469695,0.9999463,0.0102990968,-1.18133839E-05,0.0011469695,0.99984175,-0.0177183319,0.00104683684,-0.001272461,0.0205985624,-2.362719E-05,0.00229398,0.0205985624,-2.362719E-05,0.00229398,-0.03543853,0.002093784,-0.00254505617,0.05603946,-0.00210302742,0.00481785275,0,0,0,0.08026022,0.0005030098,-0.00532171363,-0.08026022,-0.0005030098,0.00532171363,1600,110,89.66314,-3.36484385,7.70856428,-8.828624,-0.05533108,0.5853885,80.83452,-3.42017484,8.293953,80.83452,2308.5,0.0350160375,0.0451155566,0.00205488037
25,50,SETUP,SETTLED_STANDING,left_foot,ankle,Hinge,swing_yz,false,0.9999463,0.0102990968,-1.18133839E-05,0.0011469695,0.9999463,0.0102990968,-1.18133839E-05,0.0011469695,0.99984175,-0.0177183319,0.00104683684,-0.001272461,0.0205985624,-2.362719E-05,0.00229398,0.0205985624,-2.362719E-05,0.00229398,-0.03543853,0.002093784,-0.00254505617,0.05603946,-0.00210302742,0.00481785275,0,0,0,0.08026022,0.0005030098,-0.00532171363,-0.08026022,-0.0005030098,0.00532171363,0,0,0,0,0,0,0,0,NA,NA,NA,NA,0,NA,0.0451155566,0.00205488037
25,50,SETUP,SETTLED_STANDING,right_foot,ankle,Hinge,twist_x,true,0.9999463,0.0102990968,-1.18133839E-05,0.0011469695,0.9999463,0.0102990968,-1.18133839E-05,0.0011469695,0.9998444,-0.01760324,0.000506066,-0.00102531456,0.0205985624,-2.362719E-05,0.00229398,0.0205985624,-2.362719E-05,0.00229398,-0.0352083072,0.00101218454,-0.00205073552,0.0558080077,-0.00101657247,0.00433465932,0,0,0,0.0775492862,0.0101118619,-0.0108660683,-0.0775492862,-0.0101118619,0.0108660683,1600,110,89.2928162,-1.626516,6.935455,-8.530421,-1.11230481,1.19526756,80.7624,-2.73882079,8.130722,80.7624,2308.5,0.0349847935,0.04482331,0.00215954729
25,50,SETUP,SETTLED_STANDING,right_foot,ankle,Hinge,swing_yz,false,0.9999463,0.0102990968,-1.18133839E-05,0.0011469695,0.9999463,0.0102990968,-1.18133839E-05,0.0011469695,0.9998444,-0.01760324,0.000506066,-0.00102531456,0.0205985624,-2.362719E-05,0.00229398,0.0205985624,-2.362719E-05,0.00229398,-0.0352083072,0.00101218454,-0.00205073552,0.0558080077,-0.00101657247,0.00433465932,0,0,0,0.0775492862,0.0101118619,-0.0108660683,-0.0775492862,-0.0101118619,0.0108660683,0,0,0,0,0,0,0,0,NA,NA,NA,NA,0,NA,0.04482331,0.00215954729
25,383,BOTTOM,BOTTOM,abdomen,trunk,Ball,twist_x,true,0.9984178,0.0562325567,-2.530886E-12,-5.847286E-09,0.9984177,0.05623255,-2.53088587E-12,-5.84728532E-09,0.9964682,0.08395461,0.00106738869,0.0012584714,0.11252445,-5.064443E-12,-1.17007426E-08,0.11252445,-5.06444322E-12,-1.17007426E-08,0.168107182,0.00213729427,0.00251991022,-0.05558282,-0.00199012132,-0.002633356,-0.000267262221,-3.1341867E-13,2.80535734E-11,-0.104517952,-0.00583858928,-0.0173499882,0.104250692,0.00583858928,0.0173499882,3200,170,-177.865021,-6.368388,-8.42674,17.7226181,0.992560148,2.949498,-160.1424,-5.375828,-5.47724152,160.1424,2000.70007,0.08004318,0.21403949,0.000240816415
25,383,BOTTOM,BOTTOM,abdomen,trunk,Ball,swing_yz,true,0.9984178,0.0562325567,-2.530886E-12,-5.847286E-09,0.9984177,0.05623255,-2.53088587E-12,-5.84728532E-09,0.9964682,0.08395461,0.00106738869,0.0012584714,0.11252445,-5.064443E-12,-1.17007426E-08,0.11252445,-5.06444322E-12,-1.17007426E-08,0.168107182,0.00213729427,0.00251991022,-0.05558282,-0.00199012132,-0.002633356,-0.000267262221,-3.1341867E-13,2.80535734E-11,-0.104517952,-0.00583858928,-0.0173499882,0.104250692,0.00583858928,0.0173499882,3200,170,-177.865021,-6.368388,-8.42674,17.7226181,0.992560148,2.949498,-160.1424,-5.375828,-5.47724152,7.674614,2000.70007,0.00383596425,0.21403949,0.000240816415
25,383,BOTTOM,BOTTOM,thorax,trunk,Ball,twist_x,true,0.996462762,0.08403652,-3.80484576E-12,-8.76095552E-09,0.996462762,0.08403652,-3.80484576E-12,-8.76095552E-09,0.9956933,0.09270845,-0.00011062104,-0.00017748533,0.168271482,-7.618676E-12,-1.75425985E-08,0.168271482,-7.618676E-12,-1.75425985E-08,0.185683534,-0.000221560229,-0.0003554811,-0.0174120534,0.000190633,0.000372294657,-0.0004021309,-2.28991874E-13,4.24611769E-11,0.02992707,0.00235407869,0.00115445291,-0.0303292,-0.00235407869,-0.00115445291,3200,170,-55.71857,0.6100256,1.191343,-5.155964,-0.400193363,-0.196257,-60.8745346,0.209832221,0.995085955,60.8745346,2000.70007,0.0304266177,0.212776959,6.006895E-08
25,383,BOTTOM,BOTTOM,thorax,trunk,Ball,swing_yz,true,0.996462762,0.08403652,-3.80484576E-12,-8.76095552E-09,0.996462762,0.08403652,-3.80484576E-12,-8.76095552E-09,0.9956933,0.09270845,-0.00011062104,-0.00017748533,0.168271482,-7.618676E-12,-1.75425985E-08,0.168271482,-7.618676E-12,-1.75425985E-08,0.185683534,-0.000221560229,-0.0003554811,-0.0174120534,0.000190633,0.000372294657,-0.0004021309,-2.28991874E-13,4.24611769E-11,0.02992707,0.00235407869,0.00115445291,-0.0303292,-0.00235407869,-0.00115445291,3200,170,-55.71857,0.6100256,1.191343,-5.155964,-0.400193363,-0.196257,-60.8745346,0.209832221,0.995085955,1.01696885,2000.70007,0.0005083065,0.212776959,6.006895E-08
25,383,BOTTOM,BOTTOM,head_neck,neck,Ball,twist_x,true,1,0,0,0,1,0,0,0,0.999875,0.0158139039,9.327466E-06,-0.0001610266,0,0,0,0,0,0,0.0316291228,1.86557081E-05,-0.0003220666,-0.0316291228,-1.86557081E-05,0.0003220666,0,0,0,0.02939037,0.00168955978,0.00222406164,-0.02939037,-0.00168955978,-0.00222406164,300,11,-9.488737,-0.005596712,0.09661998,-0.323294073,-0.0185851566,-0.024464678,-9.812031,-0.0241818689,0.0721553,9.812031,205.200012,0.04781691,0.0329419039,4.70033556E-05
25,383,BOTTOM,BOTTOM,head_neck,neck,Ball,swing_yz,true,1,0,0,0,1,0,0,0,0.999875,0.0158139039,9.327466E-06,-0.0001610266,0,0,0,0,0,0,0.0316291228,1.86557081E-05,-0.0003220666,-0.0316291228,-1.86557081E-05,0.0003220666,0,0,0,0.02939037,0.00168955978,0.00222406164,-0.02939037,-0.00168955978,-0.00222406164,300,11,-9.488737,-0.005596712,0.09661998,-0.323294073,-0.0185851566,-0.024464678,-9.812031,-0.0241818689,0.0721553,0.0760996044,205.200012,0.000370855763,0.0329419039,4.70033556E-05
25,383,BOTTOM,BOTTOM,left_upper_arm,shoulder,Ball,twist_x,true,0.3859894,0.321433842,-0.508399367,0.6994445,0.3859894,0.321433842,-0.508399367,0.6994445,0.378650218,0.334671527,-0.504902363,0.6997804,0.8184887,-1.29457176,1.78104281,0.8184887,-1.29457176,1.78104281,0.8551448,-1.29011464,1.78806245,-0.009704228,-0.01353978,-0.0262352563,-9.831772E-06,-1.23523032E-05,0.000326353562,-0.0360179767,0.0359832533,0.002215317,0.0360081457,-0.0359956063,-0.00188896339,500,55,-4.85211372,-6.76989,-13.1176281,1.980448,-1.97975838,-0.103892989,-2.87166572,-8.749648,-13.2215214,2.87166572,666.9,0.00430599134,0.7899426,6.144512E-05
25,383,BOTTOM,BOTTOM,left_upper_arm,shoulder,Ball,swing_yz,true,0.3859894,0.321433842,-0.508399367,0.6994445,0.3859894,0.321433842,-0.508399367,0.6994445,0.378650218,0.334671527,-0.504902363,0.6997804,0.8184887,-1.29457176,1.78104281,0.8184887,-1.29457176,1.78104281,0.8551448,-1.29011464,1.78806245,-0.009704228,-0.01353978,-0.0262352563,-9.831772E-06,-1.23523032E-05,0.000326353562,-0.0360179767,0.0359832533,0.002215317,0.0360081457,-0.0359956063,-0.00188896339,500,55,-4.85211372,-6.76989,-13.1176281,1.980448,-1.97975838,-0.103892989,-2.87166572,-8.749648,-13.2215214,15.8544941,666.9,0.0237734187,0.7899426,6.144512E-05
25,383,BOTTOM,BOTTOM,right_upper_arm,shoulder,Ball,twist_x,true,0.385989845,-0.321432769,0.5083989,0.6994451,0.385989845,-0.321432769,0.5083989,0.6994451,0.379004836,-0.335009128,0.504840851,0.6994713,-0.818485856,1.29457021,1.78104413,-0.818485856,1.29457021,1.78104413,-0.8558642,1.28974164,1.7869736,0.009967589,0.0146200033,-0.0258842669,1.35961773E-06,9.225294E-06,0.000333593256,0.04026997,-0.04806739,0.0100557758,-0.04026861,0.0480766147,-0.00972218253,500,55,4.983794,7.310002,-12.9421339,-2.21477365,2.644214,-0.534720063,2.76902056,9.954216,-13.4768543,2.76902056,666.9,0.00415207725,0.7899817,8.25045863E-05
25,383,BOTTOM,BOTTOM,right_upper_arm,shoulder,Ball,swing_yz,true,0.385989845,-0.321432769,0.5083989,0.6994451,0.385989845,-0.321432769,0.5083989,0.6994451,0.379004836,-0.335009128,0.504840851,0.6994713,-0.818485856,1.29457021,1.78104413,-0.818485856,1.29457021,1.78104413,-0.8558642,1.28974164,1.7869736,0.009967589,0.0146200033,-0.0258842669,1.35961773E-06,9.225294E-06,0.000333593256,0.04026997,-0.04806739,0.0100557758,-0.04026861,0.0480766147,-0.00972218253,500,55,4.983794,7.310002,-12.9421339,-2.21477365,2.644214,-0.534720063,2.76902056,9.954216,-13.4768543,16.7544632,666.9,0.0251229014,0.7899817,8.25045863E-05
25,383,BOTTOM,BOTTOM,left_forearm,elbow,Hinge,twist_x,true,0.50908035,0.860719,2.120584E-08,8.63084049E-10,0.50908035,0.860719,2.120584E-08,8.63084049E-10,0.514772236,0.857327,0.0004205876,0.000192054111,2.07336068,5.108212E-08,2.07905759E-09,2.07336068,5.108212E-08,2.07905759E-09,2.06010866,0.00101064844,0.000461495249,0.0132519677,-9.75968651E-05,-0.0009195269,0,0,0,0.0233857762,0.026749773,-0.026611181,-0.0233857762,-0.026749773,0.026611181,450,45,5.96338558,-0.04391859,-0.4137871,-1.05235994,-1.20373976,1.19750309,4.91102552,-1.24765837,0.783715963,4.91102552,513,0.00957314949,0.814038157,0.000110006011
25,383,BOTTOM,BOTTOM,left_forearm,elbow,Hinge,swing_yz,false,0.50908035,0.860719,2.120584E-08,8.63084049E-10,0.50908035,0.860719,2.120584E-08,8.63084049E-10,0.514772236,0.857327,0.0004205876,0.000192054111,2.07336068,5.108212E-08,2.07905759E-09,2.07336068,5.108212E-08,2.07905759E-09,2.06010866,0.00101064844,0.000461495249,0.0132519677,-9.75968651E-05,-0.0009195269,0,0,0,0.0233857762,0.026749773,-0.026611181,-0.0233857762,-0.026749773,0.026611181,0,0,0,0,0,0,0,0,NA,NA,NA,NA,0,NA,0.814038157,0.000110006011
25,383,BOTTOM,BOTTOM,right_forearm,elbow,Hinge,twist_x,true,0.5090806,0.860718966,7.653175E-09,2.1382327E-08,0.5090805,0.860718846,7.653174E-09,2.13823252E-08,0.5149695,0.8572084,-0.00043187564,-0.000197930436,2.0733602,1.84355056E-08,5.150725E-08,2.0733602,1.84355056E-08,5.150725E-08,2.05964828,-0.00103768462,-0.000475575245,0.0137118809,9.896605E-05,0.000945014646,0,0,0,0.0276323017,-0.0251680054,0.0256149154,-0.0276323017,0.0251680054,-0.0256149154,450,45,6.17034626,0.04453472,0.42525658,-1.24345362,1.13256025,-1.15267122,4.92689276,1.17709494,-0.7274146,4.92689276,513,0.00960408,0.813856244,0.000110369423
25,383,BOTTOM,BOTTOM,right_forearm,elbow,Hinge,swing_yz,false,0.5090806,0.860718966,7.653175E-09,2.1382327E-08,0.5090805,0.860718846,7.653174E-09,2.13823252E-08,0.5149695,0.8572084,-0.00043187564,-0.000197930436,2.0733602,1.84355056E-08,5.150725E-08,2.0733602,1.84355056E-08,5.150725E-08,2.05964828,-0.00103768462,-0.000475575245,0.0137118809,9.896605E-05,0.000945014646,0,0,0,0.0276323017,-0.0251680054,0.0256149154,-0.0276323017,0.0251680054,-0.0256149154,0,0,0,0,0,0,0,0,NA,NA,NA,NA,0,NA,0.813856244,0.000110369423
25,383,BOTTOM,BOTTOM,left_hand,wrist,Ball,twist_x,true,0.975149632,-0.00334588159,-0.0147602167,0.221029863,0.975149632,-0.00334588159,-0.0147602167,0.221029863,0.9751827,-0.000412006368,-0.0182143636,0.220650941,-0.006747751,-0.029767422,0.4457583,-0.006747751,-0.029767422,0.4457583,-0.000830897654,-0.0367331021,0.444989115,-0.00726030534,0.00544124935,0.0006439127,0,0,0,-0.0539293,0.00174979784,0.0077137826,0.0539293,-0.00174979784,-0.0077137826,250,30,-1.81507635,1.36031234,0.160978168,1.61787891,-0.0524939336,-0.231413484,-0.197197437,1.30781841,-0.0704353154,0.197197437,230.85,0.0008542232,0.0005652097,8.377458E-05
25,383,BOTTOM,BOTTOM,left_hand,wrist,Ball,swing_yz,true,0.975149632,-0.00334588159,-0.0147602167,0.221029863,0.975149632,-0.00334588159,-0.0147602167,0.221029863,0.9751827,-0.000412006368,-0.0182143636,0.220650941,-0.006747751,-0.029767422,0.4457583,-0.006747751,-0.029767422,0.4457583,-0.000830897654,-0.0367331021,0.444989115,-0.00726030534,0.00544124935,0.0006439127,0,0,0,-0.0539293,0.00174979784,0.0077137826,0.0539293,-0.00174979784,-0.0077137826,250,30,-1.81507635,1.36031234,0.160978168,1.61787891,-0.0524939336,-0.231413484,-0.197197437,1.30781841,-0.0704353154,1.30971372,230.85,0.00567344,0.0005652097,8.377458E-05
25,383,BOTTOM,BOTTOM,right_hand,wrist,Ball,twist_x,true,0.975149632,0.00334644062,0.0147603834,0.221029744,0.975149632,0.00334644062,0.0147603834,0.221029744,0.9751835,0.00031973765,0.01845948,0.22062701,0.0067488784,0.02976776,0.445758075,0.0067488784,0.02976776,0.445758075,0.0006448182,0.037227422,0.444940746,0.007550342,-0.00587808155,0.000686311745,0,0,0,0.0577827841,0.0006923687,0.008545734,-0.0577827841,-0.0006923687,-0.008545734,250,30,1.88758552,-1.46952033,0.17157793,-1.73348355,-0.020771062,-0.256372035,0.154101968,-1.49029136,-0.0847941041,0.154101968,230.85,0.0006675415,0.0005652097,8.610702E-05
25,383,BOTTOM,BOTTOM,right_hand,wrist,Ball,swing_yz,true,0.975149632,0.00334644062,0.0147603834,0.221029744,0.975149632,0.00334644062,0.0147603834,0.221029744,0.9751835,0.00031973765,0.01845948,0.22062701,0.0067488784,0.02976776,0.445758075,0.0067488784,0.02976776,0.445758075,0.0006448182,0.037227422,0.444940746,0.007550342,-0.00587808155,0.000686311745,0,0,0,0.0577827841,0.0006923687,0.008545734,-0.0577827841,-0.0006923687,-0.008545734,250,30,1.88758552,-1.46952033,0.17157793,-1.73348355,-0.020771062,-0.256372035,0.154101968,-1.49029136,-0.0847941041,1.49270177,230.85,0.006466111,0.0005652097,8.610702E-05
25,383,BOTTOM,BOTTOM,left_thigh,hip,Ball,twist_x,true,0.565512955,-0.824739456,-9.231846E-05,-6.321513E-05,0.565512955,-0.824739456,-9.231846E-05,-6.321513E-05,0.551039636,-0.8344692,-0.00310742017,0.00264445553,-1.93948257,-0.000217098932,-0.000148658641,-1.93948257,-0.000217098932,-0.000148658641,-1.97435009,-0.007352141,0.006256769,0.03488077,-0.00105470163,-0.008032596,-0.337367982,-4.53014633E-13,3.53531675E-08,-0.369452983,0.0258359183,0.00608512,0.032085,-0.0258359183,-0.00608508475,900,90,31.3926926,-0.949231446,-7.22933626,2.88765,-2.32523274,-0.5476576,34.2803421,-3.27446413,-7.77699375,34.2803421,2770.2,0.0123746814,0.856989741,1.29648663E-06
25,383,BOTTOM,BOTTOM,left_thigh,hip,Ball,swing_yz,true,0.565512955,-0.824739456,-9.231846E-05,-6.321513E-05,0.565512955,-0.824739456,-9.231846E-05,-6.321513E-05,0.551039636,-0.8344692,-0.00310742017,0.00264445553,-1.93948257,-0.000217098932,-0.000148658641,-1.93948257,-0.000217098932,-0.000148658641,-1.97435009,-0.007352141,0.006256769,0.03488077,-0.00105470163,-0.008032596,-0.337367982,-4.53014633E-13,3.53531675E-08,-0.369452983,0.0258359183,0.00608512,0.032085,-0.0258359183,-0.00608508475,900,90,31.3926926,-0.949231446,-7.22933626,2.88765,-2.32523274,-0.5476576,34.2803421,-3.27446413,-7.77699375,8.438231,2770.2,0.003046073,0.856989741,1.29648663E-06
25,383,BOTTOM,BOTTOM,right_thigh,hip,Ball,twist_x,true,0.565512955,-0.824739456,-9.231846E-05,-6.321513E-05,0.565512955,-0.824739456,-9.231846E-05,-6.321513E-05,0.5478941,-0.83653754,-0.00342150475,0.00227822736,-1.93948257,-0.000217098932,-0.000148658641,-1.93948257,-0.000217098932,-0.000148658641,-1.98187912,-0.008106043,0.005397452,0.0424099863,-9.500999E-05,-0.008135881,-0.337367982,-3.33951264E-13,3.5352997E-08,-0.322889537,0.0237293672,0.008644298,-0.0144784451,-0.0237293672,-0.008644262,900,90,38.1689873,-0.0855089948,-7.32229328,-1.30306,-2.135643,-0.7779836,36.86593,-2.221152,-8.100277,36.86593,2770.2,0.0133080389,0.860257864,0.000287115516
25,383,BOTTOM,BOTTOM,right_thigh,hip,Ball,swing_yz,true,0.565512955,-0.824739456,-9.231846E-05,-6.321513E-05,0.565512955,-0.824739456,-9.231846E-05,-6.321513E-05,0.5478941,-0.83653754,-0.00342150475,0.00227822736,-1.93948257,-0.000217098932,-0.000148658641,-1.93948257,-0.000217098932,-0.000148658641,-1.98187912,-0.008106043,0.005397452,0.0424099863,-9.500999E-05,-0.008135881,-0.337367982,-3.33951264E-13,3.5352997E-08,-0.322889537,0.0237293672,0.008644298,-0.0144784451,-0.0237293672,-0.008644262,900,90,38.1689873,-0.0855089948,-7.32229328,-1.30306,-2.135643,-0.7779836,36.86593,-2.221152,-8.100277,8.399286,2770.2,0.00303201447,0.860257864,0.000287115516
25,383,BOTTOM,BOTTOM,left_shank,knee,Hinge,twist_x,true,0.544639,0.8386706,-2.69899129E-15,-8.788462E-08,0.544639,0.8386706,-2.69899129E-15,-8.788462E-08,0.499030083,0.8665848,-7.142098E-05,1.68736315E-05,1.98967564,-6.40313032E-15,-2.08498889E-07,1.98967564,-6.40313032E-15,-2.08498889E-07,2.09663439,-0.0001727975,4.08244377E-05,-0.106958948,0.000106303109,0.000101377875,0.363533825,-3.58447538E-13,-3.80951022E-08,0.207545772,0.00198663585,0.00448796665,0.155988052,-0.00198663585,-0.004488005,1123,94.8,-120.1149,0.119378388,0.113847353,14.7876682,-0.188333079,-0.425462872,-105.327232,-0.06895469,-0.311615527,105.327232,2770.2,0.0380215272,0.828471065,0.000116784795
25,383,BOTTOM,BOTTOM,left_shank,knee,Hinge,swing_yz,false,0.544639,0.8386706,-2.69899129E-15,-8.788462E-08,0.544639,0.8386706,-2.69899129E-15,-8.788462E-08,0.499030083,0.8665848,-7.142098E-05,1.68736315E-05,1.98967564,-6.40313032E-15,-2.08498889E-07,1.98967564,-6.40313032E-15,-2.08498889E-07,2.09663439,-0.0001727975,4.08244377E-05,-0.106958948,0.000106303109,0.000101377875,0.363533825,-3.58447538E-13,-3.80951022E-08,0.207545772,0.00198663585,0.00448796665,0.155988052,-0.00198663585,-0.004488005,0,0,0,0,0,0,0,0,NA,NA,NA,NA,0,NA,0.828471065,0.000116784795
25,383,BOTTOM,BOTTOM,right_shank,knee,Hinge,twist_x,true,0.544639051,0.838670552,-8.131039E-16,-8.788462E-08,0.544639051,0.838670552,-8.131039E-16,-8.788462E-08,0.49768284,0.8673592,-4.90877561E-09,2.40316683E-10,1.98967528,-1.92902055E-15,-2.08498861E-07,1.98967528,-1.92902055E-15,-2.08498861E-07,2.09974241,-1.18833858E-08,5.817695E-10,-0.110067062,1.58285062E-07,-7.954556E-08,0.363530874,6.11093045E-13,-3.8094857E-08,0.187399954,-3.47353478E-07,8.073401E-07,0.176130921,3.473541E-07,-8.45434954E-07,1123,94.8,-123.605309,0.000177754118,-8.932966E-05,16.6972122,3.292917E-05,-8.01472343E-05,-106.9081,0.000210683284,-0.0001694769,106.9081,2770.2,0.0385921933,0.829699159,1.939213E-06
25,383,BOTTOM,BOTTOM,right_shank,knee,Hinge,swing_yz,false,0.544639051,0.838670552,-8.131039E-16,-8.788462E-08,0.544639051,0.838670552,-8.131039E-16,-8.788462E-08,0.49768284,0.8673592,-4.90877561E-09,2.40316683E-10,1.98967528,-1.92902055E-15,-2.08498861E-07,1.98967528,-1.92902055E-15,-2.08498861E-07,2.09974241,-1.18833858E-08,5.817695E-10,-0.110067062,1.58285062E-07,-7.954556E-08,0.363530874,6.11093045E-13,-3.8094857E-08,0.187399954,-3.47353478E-07,8.073401E-07,0.176130921,3.473541E-07,-8.45434954E-07,0,0,0,0,0,0,0,0,NA,NA,NA,NA,0,NA,0.829699159,1.939213E-06
25,383,BOTTOM,BOTTOM,left_foot,ankle,Hinge,twist_x,true,0.971090734,-0.238709748,-0.000178135568,-0.000724645,0.971090734,-0.238709748,-0.000178135568,-0.000724645,0.9655162,-0.260338575,-0.001166982,0.0009971239,-0.482073933,-0.000359744474,-0.00146341929,-0.482073933,-0.000359744474,-0.00146341929,-0.5267459,-0.00236116769,0.002017492,0.04467428,0.00106924225,-0.00380061544,-0.05164509,3.756938E-14,5.41216E-09,0.114267558,-0.0127557861,0.01600285,-0.165912643,0.0127557861,-0.016002845,1600,110,71.47885,1.71078765,-6.08098459,-18.250391,1.40313649,-1.76031291,53.2284622,3.113924,-7.84129763,53.2284622,2308.5,0.0230575968,0.6706739,0.002253779
25,383,BOTTOM,BOTTOM,left_foot,ankle,Hinge,swing_yz,false,0.971090734,-0.238709748,-0.000178135568,-0.000724645,0.971090734,-0.238709748,-0.000178135568,-0.000724645,0.9655162,-0.260338575,-0.001166982,0.0009971239,-0.482073933,-0.000359744474,-0.00146341929,-0.482073933,-0.000359744474,-0.00146341929,-0.5267459,-0.00236116769,0.002017492,0.04467428,0.00106924225,-0.00380061544,-0.05164509,3.756938E-14,5.41216E-09,0.114267558,-0.0127557861,0.01600285,-0.165912643,0.0127557861,-0.016002845,0,0,0,0,0,0,0,0,NA,NA,NA,NA,0,NA,0.6706739,0.002253779
25,383,BOTTOM,BOTTOM,right_foot,ankle,Hinge,twist_x,true,0.971090734,-0.238709733,-0.000178135553,-0.000724645,0.971090734,-0.238709733,-0.000178135553,-0.000724645,0.966097534,-0.258173019,-0.000974308059,0.00118293182,-0.482073963,-0.0003597445,-0.00146341952,-0.482073963,-0.0003597445,-0.00146341952,-0.522261441,-0.00197094,0.00239296746,0.04018965,0.0006092096,-0.00407107454,-0.05164769,-1.01126315E-13,5.41228662E-09,0.08444967,-0.0130261984,0.0158723723,-0.136097357,0.0130261984,-0.0158723667,1600,110,64.30344,0.9747353,-6.513719,-14.9707088,1.43288183,-1.74596035,49.3327255,2.407617,-8.25968,49.3327255,2308.5,0.0213700347,0.664964,0.00219499646
25,383,BOTTOM,BOTTOM,right_foot,ankle,Hinge,swing_yz,false,0.971090734,-0.238709733,-0.000178135553,-0.000724645,0.971090734,-0.238709733,-0.000178135553,-0.000724645,0.966097534,-0.258173019,-0.000974308059,0.00118293182,-0.482073963,-0.0003597445,-0.00146341952,-0.482073963,-0.0003597445,-0.00146341952,-0.522261441,-0.00197094,0.00239296746,0.04018965,0.0006092096,-0.00407107454,-0.05164769,-1.01126315E-13,5.41228662E-09,0.08444967,-0.0130261984,0.0158723723,-0.136097357,0.0130261984,-0.0158723667,0,0,0,0,0,0,0,0,NA,NA,NA,NA,0,NA,0.664964,0.00219499646
25,408,ASCENT,REVERSAL,abdomen,trunk,Ball,twist_x,true,0.998433948,0.0559436753,-4.13409216E-13,-5.85483573E-09,0.998433948,0.0559436753,-4.13409216E-13,-5.85483573E-09,0.996175349,0.0873540044,0.00112981582,0.00161940616,0.1119458,-8.272503E-13,-1.17157883E-08,0.1119458,-8.272503E-13,-1.17157883E-08,0.174931079,0.00226251688,0.00324294786,-0.06298545,-0.00207524537,-0.003360722,0.00159216824,-8.27018E-13,-1.667362E-10,-0.07223432,-0.00298176473,-0.0214537755,0.0738264844,0.00298176473,0.0214537755,3200,170,-201.553436,-6.640785,-10.7543106,12.5505028,0.5069,3.647142,-189.00293,-6.13388538,-7.10716867,189.00293,2000.70007,0.0944684,0.222727776,0.000283684058
25,408,ASCENT,REVERSAL,abdomen,trunk,Ball,swing_yz,true,0.998433948,0.0559436753,-4.13409216E-13,-5.85483573E-09,0.998433948,0.0559436753,-4.13409216E-13,-5.85483573E-09,0.996175349,0.0873540044,0.00112981582,0.00161940616,0.1119458,-8.272503E-13,-1.17157883E-08,0.1119458,-8.272503E-13,-1.17157883E-08,0.174931079,0.00226251688,0.00324294786,-0.06298545,-0.00207524537,-0.003360722,0.00159216824,-8.27018E-13,-1.667362E-10,-0.07223432,-0.00298176473,-0.0214537755,0.0738264844,0.00298176473,0.0214537755,3200,170,-201.553436,-6.640785,-10.7543106,12.5505028,0.5069,3.647142,-189.00293,-6.13388538,-7.10716867,9.388099,2000.70007,0.004692407,0.222727776,0.000283684058
25,408,ASCENT,REVERSAL,thorax,trunk,Ball,twist_x,true,0.9964839,0.0837840959,-6.374551E-13,-8.772259E-09,0.9964839,0.0837840959,-6.374551E-13,-8.772259E-09,0.995626569,0.09342261,-9.583217E-05,-0.000152962748,0.167764857,-1.2764065E-12,-1.75651085E-08,0.167764857,-1.2764065E-12,-1.75651085E-08,0.187118068,-0.000191944229,-0.00030637224,-0.0193532091,0.000165362959,0.0003208958,0.00238812552,1.23003842E-12,-2.50521576E-10,0.0567404367,0.00208819634,0.002521305,-0.05435231,-0.00208819634,-0.00252130534,3200,170,-61.9302673,0.529161453,1.02686656,-9.239893,-0.354993373,-0.428621918,-71.17016,0.17416808,0.598244667,71.17016,2000.70007,0.0355726257,0.21442093,8.430174E-08
25,408,ASCENT,REVERSAL,thorax,trunk,Ball,swing_yz,true,0.9964839,0.0837840959,-6.374551E-13,-8.772259E-09,0.9964839,0.0837840959,-6.374551E-13,-8.772259E-09,0.995626569,0.09342261,-9.583217E-05,-0.000152962748,0.167764857,-1.2764065E-12,-1.75651085E-08,0.167764857,-1.2764065E-12,-1.75651085E-08,0.187118068,-0.000191944229,-0.00030637224,-0.0193532091,0.000165362959,0.0003208958,0.00238812552,1.23003842E-12,-2.50521576E-10,0.0567404367,0.00208819634,0.002521305,-0.05435231,-0.00208819634,-0.00252130534,3200,170,-61.9302673,0.529161453,1.02686656,-9.239893,-0.354993373,-0.428621918,-71.17016,0.17416808,0.598244667,0.623082,2000.70007,0.00031143197,0.21442093,8.430174E-08
25,408,ASCENT,REVERSAL,head_neck,neck,Ball,twist_x,true,1,0,0,0,1,0,0,0,0.9998351,0.0181641951,3.08163158E-06,-0.000156609414,0,0,0,0,0,0,0.036330387,6.163602E-06,-0.000313236029,-0.036330387,-6.163602E-06,0.000313236029,0,0,0,0.06699424,0.00180101593,0.00339323166,-0.06699424,-0.00180101593,-0.00339323166,300,11,-10.8991165,-0.00184908055,0.0939708054,-0.7369367,-0.0198111758,-0.03732555,-11.6360531,-0.0216602571,0.0566452555,11.6360531,205.200012,0.056705907,0.037840385,5.65303162E-05
25,408,ASCENT,REVERSAL,head_neck,neck,Ball,swing_yz,true,1,0,0,0,1,0,0,0,0.9998351,0.0181641951,3.08163158E-06,-0.000156609414,0,0,0,0,0,0,0.036330387,6.163602E-06,-0.000313236029,-0.036330387,-6.163602E-06,0.000313236029,0,0,0,0.06699424,0.00180101593,0.00339323166,-0.06699424,-0.00180101593,-0.00339323166,300,11,-10.8991165,-0.00184908055,0.0939708054,-0.7369367,-0.0198111758,-0.03732555,-11.6360531,-0.0216602571,0.0566452555,0.0606452934,205.200012,0.000295542355,0.037840385,5.65303162E-05
25,408,ASCENT,REVERSAL,left_upper_arm,shoulder,Ball,twist_x,true,0.386052638,0.321387947,-0.5084284,0.699409664,0.386052638,0.321387947,-0.5084284,0.699409664,0.377750069,0.336132854,-0.504537165,0.699829936,0.8183475,-1.294607,1.78090107,0.8183475,-1.294607,1.78090107,0.859243631,-1.28972924,1.78894866,-0.010851373,-0.0149179846,-0.0294344146,-2.153597E-06,1.81617747E-06,-0.00199606,-0.0286711026,0.02699955,-0.00151943916,0.02866895,-0.0269977339,-0.000476620742,500,55,-5.42568636,-7.45899248,-14.717207,1.57679224,-1.48487532,-0.0262141414,-3.84889412,-8.943868,-14.7434216,3.84889412,666.9,0.005771321,0.793592453,7.341461E-05
25,408,ASCENT,REVERSAL,left_upper_arm,shoulder,Ball,swing_yz,true,0.386052638,0.321387947,-0.5084284,0.699409664,0.386052638,0.321387947,-0.5084284,0.699409664,0.377750069,0.336132854,-0.504537165,0.699829936,0.8183475,-1.294607,1.78090107,0.8183475,-1.294607,1.78090107,0.859243631,-1.28972924,1.78894866,-0.010851373,-0.0149179846,-0.0294344146,-2.153597E-06,1.81617747E-06,-0.00199606,-0.0286711026,0.02699955,-0.00151943916,0.02866895,-0.0269977339,-0.000476620742,500,55,-5.42568636,-7.45899248,-14.717207,1.57679224,-1.48487532,-0.0262141414,-3.84889412,-8.943868,-14.7434216,17.2441654,666.9,0.0258571971,0.793592453,7.341461E-05
25,408,ASCENT,REVERSAL,right_upper_arm,shoulder,Ball,twist_x,true,0.386053056,-0.3213869,0.508427858,0.6994102,0.386053056,-0.3213869,0.508427858,0.6994102,0.3781505,-0.3365388,0.5044806,0.6994593,-0.8183448,1.29460561,1.78090227,-0.8183448,1.29460561,1.78090227,-0.860118747,1.289341,1.78766346,0.0112075517,0.0161759648,-0.02903815,-1.61374749E-06,-7.746735E-07,-0.00199504918,0.0325029157,-0.0411199555,0.006768502,-0.03250453,0.04111918,-0.008763551,500,55,5.603776,8.087982,-14.5190754,-1.787749,2.261555,-0.481995285,3.816027,10.3495369,-15.001071,3.816027,666.9,0.00572203752,0.7936724,9.883669E-05
25,408,ASCENT,REVERSAL,right_upper_arm,shoulder,Ball,swing_yz,true,0.386053056,-0.3213869,0.508427858,0.6994102,0.386053056,-0.3213869,0.508427858,0.6994102,0.3781505,-0.3365388,0.5044806,0.6994593,-0.8183448,1.29460561,1.78090227,-0.8183448,1.29460561,1.78090227,-0.860118747,1.289341,1.78766346,0.0112075517,0.0161759648,-0.02903815,-1.61374749E-06,-7.746735E-07,-0.00199504918,0.0325029157,-0.0411199555,0.006768502,-0.03250453,0.04111918,-0.008763551,500,55,5.603776,8.087982,-14.5190754,-1.787749,2.261555,-0.481995285,3.816027,10.3495369,-15.001071,18.2248478,666.9,0.0273277052,0.7936724,9.883669E-05
25,408,ASCENT,REVERSAL,left_forearm,elbow,Hinge,twist_x,true,0.50908035,0.8607191,-6.47598553E-09,-8.294014E-09,0.50908035,0.8607191,-6.47598553E-09,-8.294014E-09,0.5156049,0.856826246,0.000502689451,0.000230883947,2.07336068,-1.559981E-08,-1.99792058E-08,2.07336068,-1.559981E-08,-1.99792058E-08,2.058165,0.00120750023,0.000554601662,0.0151953138,-0.000114359776,-0.001100456,0,0,0,0.0188050978,0.0312235691,-0.0313843451,-0.0188050978,-0.0312235691,0.0313843451,450,45,6.837891,-0.0514618978,-0.4952052,-0.8462294,-1.40506065,1.41229558,5.99166155,-1.45652258,0.9170904,5.99166155,513,0.0116796521,0.8132703,0.000131967652
25,408,ASCENT,REVERSAL,left_forearm,elbow,Hinge,swing_yz,false,0.50908035,0.8607191,-6.47598553E-09,-8.294014E-09,0.50908035,0.8607191,-6.47598553E-09,-8.294014E-09,0.5156049,0.856826246,0.000502689451,0.000230883947,2.07336068,-1.559981E-08,-1.99792058E-08,2.07336068,-1.559981E-08,-1.99792058E-08,2.058165,0.00120750023,0.000554601662,0.0151953138,-0.000114359776,-0.001100456,0,0,0,0.0188050978,0.0312235691,-0.0313843451,-0.0188050978,-0.0312235691,0.0313843451,0,0,0,0,0,0,0,0,NA,NA,NA,NA,0,NA,0.8132703,0.000131967652
25,408,ASCENT,REVERSAL,right_forearm,elbow,Hinge,twist_x,true,0.5090805,0.860718966,-1.74502581E-08,5.51387647E-09,0.5090805,0.860718966,-1.74502581E-08,5.51387647E-09,0.515787959,0.856716156,-0.000514723652,-0.000237351836,2.07336044,-4.203541E-08,1.32822144E-08,2.07336044,-4.203541E-08,1.32822144E-08,2.0577383,-0.00123630976,-0.000570093049,0.0156220878,0.000115458846,0.00112771441,0,0,0,0.02447235,-0.03002761,0.0303794444,-0.02447235,0.03002761,-0.0303794444,450,45,7.02993965,0.0519564822,0.5074715,-1.10125577,1.35124242,-1.367075,5.92868376,1.403199,-0.859603465,5.92868376,513,0.011556888,0.81310153,0.000132045185
25,408,ASCENT,REVERSAL,right_forearm,elbow,Hinge,swing_yz,false,0.5090805,0.860718966,-1.74502581E-08,5.51387647E-09,0.5090805,0.860718966,-1.74502581E-08,5.51387647E-09,0.515787959,0.856716156,-0.000514723652,-0.000237351836,2.07336044,-4.203541E-08,1.32822144E-08,2.07336044,-4.203541E-08,1.32822144E-08,2.0577383,-0.00123630976,-0.000570093049,0.0156220878,0.000115458846,0.00112771441,0,0,0,0.02447235,-0.03002761,0.0303794444,-0.02447235,0.03002761,-0.0303794444,0,0,0,0,0,0,0,0,NA,NA,NA,NA,0,NA,0.81310153,0.000132045185
25,408,ASCENT,REVERSAL,left_hand,wrist,Ball,twist_x,true,0.975149632,-0.00334589928,-0.01476026,0.221029848,0.975149632,-0.00334589928,-0.01476026,0.221029848,0.9751824,-0.000117215306,-0.0186440162,0.22061646,-0.006747787,-0.0297675077,0.445758283,-0.006747787,-0.0297675077,0.445758283,-0.0002363894,-0.0375995934,0.444919646,-0.008026209,0.006149041,0.00069942337,0,0,0,-0.0621216968,-0.004990636,0.008654784,0.0621216968,0.004990636,-0.008654784,250,30,-2.00655222,1.53726029,0.174855843,1.86365092,0.149719074,-0.259643525,-0.1429013,1.68697941,-0.08478768,0.1429013,230.85,0.0006190223,0,0.00010102478
25,408,ASCENT,REVERSAL,left_hand,wrist,Ball,swing_yz,true,0.975149632,-0.00334589928,-0.01476026,0.221029848,0.975149632,-0.00334589928,-0.01476026,0.221029848,0.9751824,-0.000117215306,-0.0186440162,0.22061646,-0.006747787,-0.0297675077,0.445758283,-0.006747787,-0.0297675077,0.445758283,-0.0002363894,-0.0375995934,0.444919646,-0.008026209,0.006149041,0.00069942337,0,0,0,-0.0621216968,-0.004990636,0.008654784,0.0621216968,0.004990636,-0.008654784,250,30,-2.00655222,1.53726029,0.174855843,1.86365092,0.149719074,-0.259643525,-0.1429013,1.68697941,-0.08478768,1.68910873,230.85,0.00731691,0,0.00010102478
25,408,ASCENT,REVERSAL,right_hand,wrist,Ball,twist_x,true,0.9751497,0.00334651372,0.0147603443,0.22102955,0.9751497,0.00334651372,0.0147603443,0.22102955,0.9751845,2.38990178E-05,0.0188815333,0.2205871,0.006749025,0.0297676753,0.445757627,0.006749025,0.0297676753,0.445757627,4.81973839E-05,0.0380785726,0.4448602,0.008315236,-0.006570725,0.000752622844,0,0,0,0.065886,0.008553055,0.009388637,-0.065886,-0.008553055,-0.009388637,250,30,2.078809,-1.64268124,0.188155711,-1.9765799,-0.256591648,-0.2816591,0.102229118,-1.89927292,-0.0935033858,0.102229118,230.85,0.000442837831,0,0.000103343991
25,408,ASCENT,REVERSAL,right_hand,wrist,Ball,swing_yz,true,0.9751497,0.00334651372,0.0147603443,0.22102955,0.9751497,0.00334651372,0.0147603443,0.22102955,0.9751845,2.38990178E-05,0.0188815333,0.2205871,0.006749025,0.0297676753,0.445757627,0.006749025,0.0297676753,0.445757627,4.81973839E-05,0.0380785726,0.4448602,0.008315236,-0.006570725,0.000752622844,0,0,0,0.065886,0.008553055,0.009388637,-0.065886,-0.008553055,-0.009388637,250,30,2.078809,-1.64268124,0.188155711,-1.9765799,-0.256591648,-0.2816591,0.102229118,-1.89927292,-0.0935033858,1.90157318,230.85,0.008237267,0,0.000103343991
25,408,ASCENT,REVERSAL,left_thigh,hip,Ball,twist_x,true,0.5878003,-0.809006155,-8.568667E-05,-6.217267E-05,0.587800264,-0.809006035,-8.568666E-05,-6.21726649E-05,0.5188997,-0.8548233,-0.00337816612,0.00298773684,-1.88491845,-0.000199642964,-0.000144857273,-1.88491845,-0.000199642964,-0.000144857258,-2.05043745,-0.0081031,0.00716658961,0.165535182,-0.00105925172,-0.008906523,0.367787659,-4.13271549E-13,-3.85405059E-08,0.0369168036,0.025423754,0.0116000958,0.330870867,-0.025423754,-0.011600134,900,90,148.981659,-0.9533265,-8.01587,29.7783775,-2.288138,-1.04401207,178.76004,-3.24146438,-9.059882,178.76004,2770.2,0.06452965,0.890017748,5.37269E-08
25,408,ASCENT,REVERSAL,left_thigh,hip,Ball,swing_yz,true,0.5878003,-0.809006155,-8.568667E-05,-6.217267E-05,0.587800264,-0.809006035,-8.568666E-05,-6.21726649E-05,0.5188997,-0.8548233,-0.00337816612,0.00298773684,-1.88491845,-0.000199642964,-0.000144857273,-1.88491845,-0.000199642964,-0.000144857258,-2.05043745,-0.0081031,0.00716658961,0.165535182,-0.00105925172,-0.008906523,0.367787659,-4.13271549E-13,-3.85405059E-08,0.0369168036,0.025423754,0.0116000958,0.330870867,-0.025423754,-0.011600134,900,90,148.981659,-0.9533265,-8.01587,29.7783775,-2.288138,-1.04401207,178.76004,-3.24146438,-9.059882,9.622294,2770.2,0.00347350165,0.890017748,5.37269E-08
25,408,ASCENT,REVERSAL,right_thigh,hip,Ball,twist_x,true,0.5878003,-0.809006155,-8.568667E-05,-6.217267E-05,0.587800264,-0.809006035,-8.568666E-05,-6.21726649E-05,0.515257359,-0.857024431,-0.0035281633,0.002540982,-1.88491845,-0.000199642964,-0.000144857273,-1.88491845,-0.000199642964,-0.000144857258,-2.05895042,-0.008476203,0.006104559,0.174046755,-0.000158698138,-0.008623897,0.367787659,-4.14294819E-13,-3.85405059E-08,0.09115141,0.0210147183,0.010754846,0.276636243,-0.0210147183,-0.0107548842,900,90,156.642075,-0.14282833,-7.76150751,24.8972626,-1.89132464,-0.967939556,181.539337,-2.034153,-8.729447,181.539337,2770.2,0.06553294,0.893712342,0.0003470078
25,408,ASCENT,REVERSAL,right_thigh,hip,Ball,swing_yz,true,0.5878003,-0.809006155,-8.568667E-05,-6.217267E-05,0.587800264,-0.809006035,-8.568666E-05,-6.21726649E-05,0.515257359,-0.857024431,-0.0035281633,0.002540982,-1.88491845,-0.000199642964,-0.000144857273,-1.88491845,-0.000199642964,-0.000144857258,-2.05895042,-0.008476203,0.006104559,0.174046755,-0.000158698138,-0.008623897,0.367787659,-4.14294819E-13,-3.85405059E-08,0.09115141,0.0210147183,0.010754846,0.276636243,-0.0210147183,-0.0107548842,900,90,156.642075,-0.14282833,-7.76150751,24.8972626,-1.89132464,-0.967939556,181.539337,-2.034153,-8.729447,8.963316,2770.2,0.00323562068,0.893712342,0.0003470078
25,408,ASCENT,REVERSAL,left_shank,knee,Hinge,twist_x,true,0.568286359,0.822830856,-3.113417E-15,-8.622474E-08,0.568286359,0.822830856,-3.113417E-15,-8.622474E-08,0.464088142,0.8857891,-6.699154E-05,6.686636E-06,1.93274927,-7.313112E-15,-2.02533471E-07,1.93274927,-7.313112E-15,-2.02533471E-07,2.176383,-0.000164598154,1.64290577E-05,-0.243633747,8.75137339E-05,0.000102819635,-0.397322744,-1.64861636E-12,4.16361736E-08,-0.3111929,0.0017001942,0.004657631,-0.0861298442,-0.0017001942,-0.00465758936,1123,94.8,-273.6007,0.09827793,0.115466453,-8.16511,-0.16117841,-0.4415395,-281.7658,-0.06290048,-0.32607305,281.7658,2770.2,0.101713166,0.8599831,0.000133622176
25,408,ASCENT,REVERSAL,left_shank,knee,Hinge,swing_yz,false,0.568286359,0.822830856,-3.113417E-15,-8.622474E-08,0.568286359,0.822830856,-3.113417E-15,-8.622474E-08,0.464088142,0.8857891,-6.699154E-05,6.686636E-06,1.93274927,-7.313112E-15,-2.02533471E-07,1.93274927,-7.313112E-15,-2.02533471E-07,2.176383,-0.000164598154,1.64290577E-05,-0.243633747,8.75137339E-05,0.000102819635,-0.397322744,-1.64861636E-12,4.16361736E-08,-0.3111929,0.0017001942,0.004657631,-0.0861298442,-0.0017001942,-0.00465758936,0,0,0,0,0,0,0,0,NA,NA,NA,NA,0,NA,0.8599831,0.000133622176
25,408,ASCENT,REVERSAL,right_shank,knee,Hinge,twist_x,true,0.5682864,0.8228308,-4.338526E-15,-8.622475E-08,0.5682864,0.8228308,-4.338526E-15,-8.622475E-08,0.462698877,0.8865155,2.079716E-09,-6.124804E-10,1.932749,-1.01907737E-14,-2.02533514E-07,1.932749,-1.01907737E-14,-2.02533514E-07,2.17951822,5.11302822E-09,-1.50579671E-09,-0.246769309,1.49887484E-07,-8.272832E-08,-0.397320718,1.55445674E-14,4.163528E-08,-0.329059571,4.565861E-08,-4.895799E-06,-0.06826115,-4.56585951E-08,4.93743437E-06,1123,94.8,-277.121948,0.000168323648,-9.29039E-05,-6.471157,-4.328435E-06,0.000468068785,-283.5931,0.00016399521,0.000375164876,283.5931,2770.2,0.102372795,0.861222148,1.07711791E-07
25,408,ASCENT,REVERSAL,right_shank,knee,Hinge,swing_yz,false,0.5682864,0.8228308,-4.338526E-15,-8.622475E-08,0.5682864,0.8228308,-4.338526E-15,-8.622475E-08,0.462698877,0.8865155,2.079716E-09,-6.124804E-10,1.932749,-1.01907737E-14,-2.02533514E-07,1.932749,-1.01907737E-14,-2.02533514E-07,2.17951822,5.11302822E-09,-1.50579671E-09,-0.246769309,1.49887484E-07,-8.272832E-08,-0.397320718,1.55445674E-14,4.163528E-08,-0.329059571,4.565861E-08,-4.895799E-06,-0.06826115,-4.56585951E-08,4.93743437E-06,0,0,0,0,0,0,0,0,NA,NA,NA,NA,0,NA,0.861222148,1.07711791E-07
25,408,ASCENT,REVERSAL,left_foot,ankle,Hinge,twist_x,true,0.9730864,-0.230439678,-0.000162714961,-0.0006870786,0.9730864,-0.230439678,-0.000162714961,-0.0006870786,0.9653406,-0.260988444,-0.00127248443,0.0009274522,-0.465059,-0.0003283812,-0.00138661917,-0.465059,-0.0003283812,-0.00138661917,-0.5280922,-0.002574785,0.00187663571,0.063035585,0.00137647,-0.003633644,0.0550485551,-1.17471462E-12,-5.76854964E-09,0.18612808,-0.0177113973,0.018751014,-0.131079525,0.0177113973,-0.01875102,1600,110,100.856934,2.202352,-5.81383038,-14.4187479,1.94825375,-2.062612,86.43819,4.15060568,-7.87644243,86.43819,2308.5,0.0374434441,0.6723882,0.00268032029
25,408,ASCENT,REVERSAL,left_foot,ankle,Hinge,swing_yz,false,0.9730864,-0.230439678,-0.000162714961,-0.0006870786,0.9730864,-0.230439678,-0.000162714961,-0.0006870786,0.9653406,-0.260988444,-0.00127248443,0.0009274522,-0.465059,-0.0003283812,-0.00138661917,-0.465059,-0.0003283812,-0.00138661917,-0.5280922,-0.002574785,0.00187663571,0.063035585,0.00137647,-0.003633644,0.0550485551,-1.17471462E-12,-5.76854964E-09,0.18612808,-0.0177113973,0.018751014,-0.131079525,0.0177113973,-0.01875102,0,0,0,0,0,0,0,0,NA,NA,NA,NA,0,NA,0.6723882,0.00268032029
25,408,ASCENT,REVERSAL,right_foot,ankle,Hinge,twist_x,true,0.9730864,-0.230439663,-0.000162714961,-0.0006870786,0.9730864,-0.230439663,-0.000162714961,-0.0006870786,0.9660484,-0.2583555,-0.00117817335,0.00128213107,-0.465058982,-0.0003283812,-0.00138661917,-0.465058982,-0.0003283812,-0.00138661917,-0.5226393,-0.00238338113,0.00259368215,0.05758274,0.00103276258,-0.004282265,0.0550485551,1.79887419E-14,-5.768722E-09,0.145914033,-0.0147845754,0.0163461,-0.09086548,0.0147845754,-0.0163461063,1600,110,92.1323853,1.65242016,-6.851624,-9.995203,1.62630332,-1.79807174,82.1371841,3.27872348,-8.649695,82.1371841,2308.5,0.0355803259,0.665445268,0.002605161
25,408,ASCENT,REVERSAL,right_foot,ankle,Hinge,swing_yz,false,0.9730864,-0.230439663,-0.000162714961,-0.0006870786,0.9730864,-0.230439663,-0.000162714961,-0.0006870786,0.9660484,-0.2583555,-0.00117817335,0.00128213107,-0.465058982,-0.0003283812,-0.00138661917,-0.465058982,-0.0003283812,-0.00138661917,-0.5226393,-0.00238338113,0.00259368215,0.05758274,0.00103276258,-0.004282265,0.0550485551,1.79887419E-14,-5.768722E-09,0.145914033,-0.0147845754,0.0163461,-0.09086548,0.0147845754,-0.0163461063,0,0,0,0,0,0,0,0,NA,NA,NA,NA,0,NA,0.665445268,0.002605161
25,563,ASCENT,PEAK_ASCENT_DEMAND,abdomen,trunk,Ball,twist_x,true,0.9987177,0.0506255776,-4.311967E-12,-5.218604E-09,0.9987177,0.0506255776,-4.311967E-12,-5.218604E-09,0.996699631,0.0811472,0.00152317516,0.00167535758,0.10129445,-8.627622E-12,-1.04416715E-08,0.10129445,-8.627622E-12,-1.04416715E-08,0.162473172,0.00304970588,0.003354406,-0.06117889,-0.00287326146,-0.00350120058,-0.027297752,3.58040962E-13,2.86021051E-09,-0.145905033,-0.02163864,-0.0195709988,0.118607283,0.02163864,0.0195710026,3200,170,-195.772446,-9.194437,-11.2038422,20.1632385,3.6785686,3.32707047,-175.6092,-5.515868,-7.876772,175.6092,2000.70007,0.08777388,0.2068669,0.0002807373
25,563,ASCENT,PEAK_ASCENT_DEMAND,abdomen,trunk,Ball,swing_yz,true,0.9987177,0.0506255776,-4.311967E-12,-5.218604E-09,0.9987177,0.0506255776,-4.311967E-12,-5.218604E-09,0.996699631,0.0811472,0.00152317516,0.00167535758,0.10129445,-8.627622E-12,-1.04416715E-08,0.10129445,-8.627622E-12,-1.04416715E-08,0.162473172,0.00304970588,0.003354406,-0.06117889,-0.00287326146,-0.00350120058,-0.027297752,3.58040962E-13,2.86021051E-09,-0.145905033,-0.02163864,-0.0195709988,0.118607283,0.02163864,0.0195710026,3200,170,-195.772446,-9.194437,-11.2038422,20.1632385,3.6785686,3.32707047,-175.6092,-5.515868,-7.876772,9.616046,2000.70007,0.00480634067,0.2068669,0.0002807373
25,563,ASCENT,PEAK_ASCENT_DEMAND,thorax,trunk,Ball,twist_x,true,0.9971491,0.0754570439,-6.45759531E-12,-7.820847E-09,0.9971491,0.0754570439,-6.45759531E-12,-7.820847E-09,0.9962556,0.08645768,-0.000201025265,-8.146706E-05,0.151057675,-1.29274785E-11,-1.56565765E-08,0.151057675,-1.29274785E-11,-1.56565765E-08,0.173131511,-0.0004025531,-0.000163137782,-0.0220738389,0.000388619,0.000192795473,-0.0409001336,-4.576004E-13,4.28653557E-09,0.004066524,0.005586025,0.00144009781,-0.0449666567,-0.005586025,-0.0014400935,3200,170,-70.6362839,1.24358082,0.6169455,-7.64433146,-0.94962424,-0.2448159,-78.28062,0.293956578,0.372129619,78.28062,2000.70007,0.0391266122,0.198392719,1.01351958E-07
25,563,ASCENT,PEAK_ASCENT_DEMAND,thorax,trunk,Ball,swing_yz,true,0.9971491,0.0754570439,-6.45759531E-12,-7.820847E-09,0.9971491,0.0754570439,-6.45759531E-12,-7.820847E-09,0.9962556,0.08645768,-0.000201025265,-8.146706E-05,0.151057675,-1.29274785E-11,-1.56565765E-08,0.151057675,-1.29274785E-11,-1.56565765E-08,0.173131511,-0.0004025531,-0.000163137782,-0.0220738389,0.000388619,0.000192795473,-0.0409001336,-4.576004E-13,4.28653557E-09,0.004066524,0.005586025,0.00144009781,-0.0449666567,-0.005586025,-0.0014400935,3200,170,-70.6362839,1.24358082,0.6169455,-7.64433146,-0.94962424,-0.2448159,-78.28062,0.293956578,0.372129619,0.474226654,2000.70007,0.000237030355,0.198392719,1.01351958E-07
25,563,ASCENT,PEAK_ASCENT_DEMAND,head_neck,neck,Ball,twist_x,true,1,0,0,0,1,0,0,0,0.9998316,0.0183501132,2.280084E-05,-9.323943E-05,0,0,0,0,0,0,0.0367022865,4.560424E-05,-0.000186489342,-0.0367022865,-4.560424E-05,0.000186489342,0,0,0,0.0484802425,0.00275378255,0.000149378844,-0.0484802425,-0.00275378255,-0.000149378844,300,11,-11.0106859,-0.013681272,0.0559468,-0.533282638,-0.0302916076,-0.00164316734,-11.5439682,-0.04397288,0.0543036349,11.5439682,205.200012,0.05625715,0.03822816,5.16151667E-05
25,563,ASCENT,PEAK_ASCENT_DEMAND,head_neck,neck,Ball,swing_yz,true,1,0,0,0,1,0,0,0,0.9998316,0.0183501132,2.280084E-05,-9.323943E-05,0,0,0,0,0,0,0.0367022865,4.560424E-05,-0.000186489342,-0.0367022865,-4.560424E-05,0.000186489342,0,0,0,0.0484802425,0.00275378255,0.000149378844,-0.0484802425,-0.00275378255,-0.000149378844,300,11,-11.0106859,-0.013681272,0.0559468,-0.533282638,-0.0302916076,-0.00164316734,-11.5439682,-0.04397288,0.0543036349,0.06987488,205.200012,0.000340520841,0.03822816,5.16151667E-05
25,563,ASCENT,PEAK_ASCENT_DEMAND,left_upper_arm,shoulder,Ball,twist_x,true,0.380720437,0.3252466,-0.5059686,0.7023264,0.380720437,0.3252466,-0.5059686,0.7023264,0.3748815,0.3378401,-0.5034027,0.7013656,0.8302519,-1.291578,1.79281759,0.8302519,-1.291578,1.79281759,0.864779,-1.28857434,1.79530561,-0.0107559077,-0.0143601177,-0.0218837,1.86790458E-05,1.2341764E-05,0.0341604427,-0.0210723188,0.0251342133,0.00470790872,0.0210909974,-0.0251218714,0.0294525344,500,55,-5.377954,-7.180059,-10.94185,1.16000485,-1.3817029,1.61988938,-4.217949,-8.561762,-9.32196,4.217949,666.9,0.00632470939,0.800474465,7.22282E-05
25,563,ASCENT,PEAK_ASCENT_DEMAND,left_upper_arm,shoulder,Ball,swing_yz,true,0.380720437,0.3252466,-0.5059686,0.7023264,0.380720437,0.3252466,-0.5059686,0.7023264,0.3748815,0.3378401,-0.5034027,0.7013656,0.8302519,-1.291578,1.79281759,0.8302519,-1.291578,1.79281759,0.864779,-1.28857434,1.79530561,-0.0107559077,-0.0143601177,-0.0218837,1.86790458E-05,1.2341764E-05,0.0341604427,-0.0210723188,0.0251342133,0.00470790872,0.0210909974,-0.0251218714,0.0294525344,500,55,-5.377954,-7.180059,-10.94185,1.16000485,-1.3817029,1.61988938,-4.217949,-8.561762,-9.32196,12.6571207,666.9,0.0189790372,0.800474465,7.22282E-05
25,563,ASCENT,PEAK_ASCENT_DEMAND,right_upper_arm,shoulder,Ball,twist_x,true,0.380720973,-0.3252456,0.505968153,0.702327,0.380720973,-0.3252456,0.505968153,0.702327,0.375148416,-0.338100225,0.5034663,0.7010517,-0.830249,1.2915765,1.79281843,-0.830249,1.2915765,1.79281843,-0.865335763,1.2885747,1.794276,0.0111896349,0.01515234,-0.0214926787,-1.25179822E-05,-9.353722E-06,0.0341588333,0.0308040455,-0.04076156,0.0143315094,-0.0308165643,0.040752206,0.0198273249,500,55,5.59481764,7.57617,-10.74634,-1.694911,2.24137139,1.09050286,3.89990664,9.817541,-9.655837,3.89990664,666.9,0.005847813,0.800506,9.000406E-05
25,563,ASCENT,PEAK_ASCENT_DEMAND,right_upper_arm,shoulder,Ball,swing_yz,true,0.380720973,-0.3252456,0.505968153,0.702327,0.380720973,-0.3252456,0.505968153,0.702327,0.375148416,-0.338100225,0.5034663,0.7010517,-0.830249,1.2915765,1.79281843,-0.830249,1.2915765,1.79281843,-0.865335763,1.2885747,1.794276,0.0111896349,0.01515234,-0.0214926787,-1.25179822E-05,-9.353722E-06,0.0341588333,0.0308040455,-0.04076156,0.0143315094,-0.0308165643,0.040752206,0.0198273249,500,55,5.59481764,7.57617,-10.74634,-1.694911,2.24137139,1.09050286,3.89990664,9.817541,-9.655837,13.7702332,666.9,0.0206481218,0.800506,9.000406E-05
25,563,ASCENT,PEAK_ASCENT_DEMAND,left_forearm,elbow,Hinge,twist_x,true,0.509080231,0.8607191,8.74972872E-10,-5.387018E-09,0.509080231,0.8607191,8.74972872E-10,-5.387018E-09,0.515762448,0.8567316,0.00043019274,0.0001916939,2.073361,2.10769646E-09,-1.29766295E-08,2.073361,2.10769646E-09,-1.29766295E-08,2.05779743,0.00103328691,0.000460432726,0.0155630847,-0.000108006978,-0.0009357388,0,0,0,0.02291249,0.0314632133,-0.0290749241,-0.02291249,-0.0314632133,0.0290749241,450,45,7.003388,-0.04860314,-0.421082467,-1.031062,-1.41584456,1.30837154,5.972326,-1.46444774,0.887289047,5.972326,513,0.0116419606,0.8131251,0.000124678554
25,563,ASCENT,PEAK_ASCENT_DEMAND,left_forearm,elbow,Hinge,swing_yz,false,0.509080231,0.8607191,8.74972872E-10,-5.387018E-09,0.509080231,0.8607191,8.74972872E-10,-5.387018E-09,0.515762448,0.8567316,0.00043019274,0.0001916939,2.073361,2.10769646E-09,-1.29766295E-08,2.073361,2.10769646E-09,-1.29766295E-08,2.05779743,0.00103328691,0.000460432726,0.0155630847,-0.000108006978,-0.0009357388,0,0,0,0.02291249,0.0314632133,-0.0290749241,-0.02291249,-0.0314632133,0.0290749241,0,0,0,0,0,0,0,0,NA,NA,NA,NA,0,NA,0.8131251,0.000124678554
25,563,ASCENT,PEAK_ASCENT_DEMAND,right_forearm,elbow,Hinge,twist_x,true,0.5090803,0.860719,2.304172E-08,5.16175458E-09,0.5090803,0.860719,2.304172E-08,5.16175458E-09,0.515913963,0.8566403,-0.000445303536,-0.00019731246,2.073361,5.55045219E-08,1.2434E-08,2.073361,5.55045219E-08,1.2434E-08,2.05744386,-0.001069512,-0.00047389706,0.0159167312,0.000113745467,0.000967513246,0,0,0,0.0255077388,-0.0258398838,0.0268272888,-0.0255077388,0.0258398838,-0.0268272888,450,45,7.162529,0.05118546,0.435380965,-1.14784825,1.16279483,-1.207228,6.014681,1.21398032,-0.771847,6.014681,513,0.0117245242,0.8129853,0.000125423088
25,563,ASCENT,PEAK_ASCENT_DEMAND,right_forearm,elbow,Hinge,swing_yz,false,0.5090803,0.860719,2.304172E-08,5.16175458E-09,0.5090803,0.860719,2.304172E-08,5.16175458E-09,0.515913963,0.8566403,-0.000445303536,-0.00019731246,2.073361,5.55045219E-08,1.2434E-08,2.073361,5.55045219E-08,1.2434E-08,2.05744386,-0.001069512,-0.00047389706,0.0159167312,0.000113745467,0.000967513246,0,0,0,0.0255077388,-0.0258398838,0.0268272888,-0.0255077388,0.0258398838,-0.0268272888,0,0,0,0,0,0,0,0,NA,NA,NA,NA,0,NA,0.8129853,0.000125423088
25,563,ASCENT,PEAK_ASCENT_DEMAND,left_hand,wrist,Ball,twist_x,true,0.975149632,-0.00334591419,-0.0147601645,0.2210298,0.975149632,-0.00334591419,-0.0147601645,0.2210298,0.975166142,-0.000712074165,-0.018659154,0.220686018,-0.00674781669,-0.0297673177,0.4457582,-0.00674781669,-0.0297673177,0.4457582,-0.00143605575,-0.03763033,0.4450624,-0.0068706465,0.006441719,0.0005739406,0,0,0,-0.0486917719,0.000278047548,0.00675338,0.0486917719,-0.000278047548,-0.00675338,250,30,-1.71766162,1.61042976,0.143485144,1.4607532,-0.008341426,-0.2026014,-0.256908417,1.60208833,-0.05911626,0.256908417,230.85,0.0011128803,0.0009789721,9.116139E-05
25,563,ASCENT,PEAK_ASCENT_DEMAND,left_hand,wrist,Ball,swing_yz,true,0.975149632,-0.00334591419,-0.0147601645,0.2210298,0.975149632,-0.00334591419,-0.0147601645,0.2210298,0.975166142,-0.000712074165,-0.018659154,0.220686018,-0.00674781669,-0.0297673177,0.4457582,-0.00674781669,-0.0297673177,0.4457582,-0.00143605575,-0.03763033,0.4450624,-0.0068706465,0.006441719,0.0005739406,0,0,0,-0.0486917719,0.000278047548,0.00675338,0.0486917719,-0.000278047548,-0.00675338,250,30,-1.71766162,1.61042976,0.143485144,1.4607532,-0.008341426,-0.2026014,-0.256908417,1.60208833,-0.05911626,1.60317862,230.85,0.0069446764,0.0009789721,9.116139E-05
25,563,ASCENT,PEAK_ASCENT_DEMAND,right_hand,wrist,Ball,twist_x,true,0.975149751,0.00334654236,0.0147604309,0.221029639,0.975149632,0.003346542,0.014760429,0.221029609,0.9751645,0.000587115937,0.0188806076,0.22067526,0.006749083,0.02976785,0.4457578,0.006749083,0.02976785,0.4457578,0.00118405034,0.03807696,0.4450409,0.00721365865,-0.00681771245,0.0005886137,0,0,0,0.05662789,0.00190586329,0.008875244,-0.05662789,-0.00190586329,-0.008875244,250,30,1.8034147,-1.70442808,0.147153422,-1.69883668,-0.0571758971,-0.266257316,0.104578018,-1.761604,-0.119103894,0.104578018,230.85,0.00045301285,0.0009789721,9.37343648E-05
25,563,ASCENT,PEAK_ASCENT_DEMAND,right_hand,wrist,Ball,swing_yz,true,0.975149751,0.00334654236,0.0147604309,0.221029639,0.975149632,0.003346542,0.014760429,0.221029609,0.9751645,0.000587115937,0.0188806076,0.22067526,0.006749083,0.02976785,0.4457578,0.006749083,0.02976785,0.4457578,0.00118405034,0.03807696,0.4450409,0.00721365865,-0.00681771245,0.0005886137,0,0,0,0.05662789,0.00190586329,0.008875244,-0.05662789,-0.00190586329,-0.008875244,250,30,1.8034147,-1.70442808,0.147153422,-1.69883668,-0.0571758971,-0.266257316,0.104578018,-1.761604,-0.119103894,1.76562572,230.85,0.00764836743,0.0009789721,9.37343648E-05
25,563,ASCENT,PEAK_ASCENT_DEMAND,left_thigh,hip,Ball,twist_x,true,0.823572636,-0.5672108,-5.573702E-05,-8.08689947E-05,0.823572636,-0.5672108,-5.573702E-05,-8.08689947E-05,0.747032762,-0.664774656,-0.0017220173,0.00371990446,-1.2062304,-0.000118530334,-0.000171975989,-1.2062304,-0.000118530334,-0.000171975989,-1.45439041,-0.0037674203,0.008138387,0.248168081,-0.001578373,-0.008148352,0.811753154,-2.41229833E-13,-8.506405E-08,0.5234352,0.0271240845,-0.0174256433,0.288317978,-0.0271240845,0.0174255576,900,90,223.351273,-1.42053568,-7.3335166,25.9486179,-2.44116759,1.56830013,249.2999,-3.8617034,-5.76521635,249.2999,2770.2,0.08999347,0.631294966,1.67968869E-06
25,563,ASCENT,PEAK_ASCENT_DEMAND,left_thigh,hip,Ball,swing_yz,true,0.823572636,-0.5672108,-5.573702E-05,-8.08689947E-05,0.823572636,-0.5672108,-5.573702E-05,-8.08689947E-05,0.747032762,-0.664774656,-0.0017220173,0.00371990446,-1.2062304,-0.000118530334,-0.000171975989,-1.2062304,-0.000118530334,-0.000171975989,-1.45439041,-0.0037674203,0.008138387,0.248168081,-0.001578373,-0.008148352,0.811753154,-2.41229833E-13,-8.506405E-08,0.5234352,0.0271240845,-0.0174256433,0.288317978,-0.0271240845,0.0174255576,900,90,223.351273,-1.42053568,-7.3335166,25.9486179,-2.44116759,1.56830013,249.2999,-3.8617034,-5.76521635,6.93905449,2770.2,0.002504893,0.631294966,1.67968869E-06
25,563,ASCENT,PEAK_ASCENT_DEMAND,right_thigh,hip,Ball,twist_x,true,0.823572636,-0.5672108,-5.573702E-05,-8.08689947E-05,0.823572636,-0.5672108,-5.573702E-05,-8.08689947E-05,0.7449243,-0.667135,-0.002694854,0.003394141,-1.2062304,-0.000118530334,-0.000171975989,-1.2062304,-0.000118530334,-0.000171975989,-1.46071923,-0.00590049243,0.00743161,0.2544979,0.000398564356,-0.008717392,0.811753154,2.27171811E-13,-8.506385E-08,0.574437439,0.0299757738,-0.004413429,0.237315714,-0.0299757738,0.004413344,900,90,229.0481,0.358707935,-7.84565258,21.3584137,-2.69781971,0.397200942,250.406509,-2.3391118,-7.44845152,250.406509,2770.2,0.09039294,0.6340424,0.000292527722
25,563,ASCENT,PEAK_ASCENT_DEMAND,right_thigh,hip,Ball,swing_yz,true,0.823572636,-0.5672108,-5.573702E-05,-8.08689947E-05,0.823572636,-0.5672108,-5.573702E-05,-8.08689947E-05,0.7449243,-0.667135,-0.002694854,0.003394141,-1.2062304,-0.000118530334,-0.000171975989,-1.2062304,-0.000118530334,-0.000171975989,-1.46071923,-0.00590049243,0.00743161,0.2544979,0.000398564356,-0.008717392,0.811753154,2.27171811E-13,-8.506385E-08,0.574437439,0.0299757738,-0.004413429,0.237315714,-0.0299757738,0.004413344,900,90,229.0481,0.358707935,-7.84565258,21.3584137,-2.69781971,0.397200942,250.406509,-2.3391118,-7.44845152,7.807104,2770.2,0.00281824567,0.6340424,0.000292527722
25,563,ASCENT,PEAK_ASCENT_DEMAND,left_shank,knee,Hinge,twist_x,true,0.8187451,0.574157357,1.34932459E-14,-6.016617E-08,0.8187451,0.574157357,1.34932459E-14,-6.016617E-08,0.7296435,0.683827758,-0.00012328157,2.58460259E-05,1.22314906,2.874517E-14,-1.28174264E-07,1.22314906,2.874517E-14,-1.28174264E-07,1.50599158,-0.0002715026,5.69206168E-05,-0.282842666,0.000232407911,9.948691E-05,-0.788309157,-1.44214621E-12,8.260697E-08,-0.835829139,0.00286916341,0.00976988953,0.04751998,-0.00286916341,-0.009769807,1123,94.8,-317.632324,0.260994077,0.1117238,4.50489426,-0.2719967,-0.9261777,-313.127441,-0.01100263,-0.8144539,313.127441,2770.2,0.113034241,0.5950825,0.000170117855
25,563,ASCENT,PEAK_ASCENT_DEMAND,left_shank,knee,Hinge,swing_yz,false,0.8187451,0.574157357,1.34932459E-14,-6.016617E-08,0.8187451,0.574157357,1.34932459E-14,-6.016617E-08,0.7296435,0.683827758,-0.00012328157,2.58460259E-05,1.22314906,2.874517E-14,-1.28174264E-07,1.22314906,2.874517E-14,-1.28174264E-07,1.50599158,-0.0002715026,5.69206168E-05,-0.282842666,0.000232407911,9.948691E-05,-0.788309157,-1.44214621E-12,8.260697E-08,-0.835829139,0.00286916341,0.00976988953,0.04751998,-0.00286916341,-0.009769807,0,0,0,0,0,0,0,0,NA,NA,NA,NA,0,NA,0.5950825,0.000170117855
25,563,ASCENT,PEAK_ASCENT_DEMAND,right_shank,knee,Hinge,twist_x,true,0.8187451,0.574157238,1.53725151E-15,-6.016617E-08,0.8187451,0.574157238,1.53725151E-15,-6.016617E-08,0.727881849,0.6857026,3.49165354E-08,3.746958E-09,1.22314882,3.27486485E-15,-1.28174264E-07,1.22314882,3.27486485E-15,-1.28174264E-07,1.511137,7.6948325E-08,8.257467E-09,-0.287988216,2.97420826E-08,-1.34282061E-07,-0.7883062,1.56770918E-13,8.260666E-08,-0.8745225,1.67696489E-05,-1.28067768E-05,0.08621633,-1.67696489E-05,1.28893835E-05,1123,94.8,-323.410767,3.340036E-05,-0.000150798762,8.173308,-0.00158976275,0.00122191361,-315.237457,-0.00155636237,0.00107111479,315.237457,2770.2,0.113795921,0.5971157,2.42867213E-06
25,563,ASCENT,PEAK_ASCENT_DEMAND,right_shank,knee,Hinge,swing_yz,false,0.8187451,0.574157238,1.53725151E-15,-6.016617E-08,0.8187451,0.574157238,1.53725151E-15,-6.016617E-08,0.727881849,0.6857026,3.49165354E-08,3.746958E-09,1.22314882,3.27486485E-15,-1.28174264E-07,1.22314882,3.27486485E-15,-1.28174264E-07,1.511137,7.6948325E-08,8.257467E-09,-0.287988216,2.97420826E-08,-1.34282061E-07,-0.7883062,1.56770918E-13,8.260666E-08,-0.8745225,1.67696489E-05,-1.28067768E-05,0.08621633,-1.67696489E-05,1.28893835E-05,0,0,0,0,0,0,0,0,NA,NA,NA,NA,0,NA,0.5971157,2.42867213E-06
25,563,ASCENT,PEAK_ASCENT_DEMAND,left_foot,ankle,Hinge,twist_x,true,0.9843157,-0.176415309,-0.000115569732,-0.000644807064,0.9843157,-0.176415309,-0.000115569732,-0.000644807064,0.977246165,-0.2120996,-0.00173145533,0.0009214954,-0.3546869,-0.000232355509,-0.00129639881,-0.3546869,-0.000232355509,-0.00129639881,-0.427446157,-0.00348941679,0.00185709761,0.0727620944,0.00258463062,-0.00363704539,0.182897985,2.738509E-13,-1.91660341E-08,0.3100104,-0.0110116806,0.009799838,-0.127112418,0.0110116806,-0.009799858,1600,110,116.41935,4.135409,-5.81927252,-13.9823656,1.21128488,-1.07798433,102.436981,5.346694,-6.897257,102.436981,2308.5,0.04437383,0.5442415,0.00242919032
25,563,ASCENT,PEAK_ASCENT_DEMAND,left_foot,ankle,Hinge,swing_yz,false,0.9843157,-0.176415309,-0.000115569732,-0.000644807064,0.9843157,-0.176415309,-0.000115569732,-0.000644807064,0.977246165,-0.2120996,-0.00173145533,0.0009214954,-0.3546869,-0.000232355509,-0.00129639881,-0.3546869,-0.000232355509,-0.00129639881,-0.427446157,-0.00348941679,0.00185709761,0.0727620944,0.00258463062,-0.00363704539,0.182897985,2.738509E-13,-1.91660341E-08,0.3100104,-0.0110116806,0.009799838,-0.127112418,0.0110116806,-0.009799858,0,0,0,0,0,0,0,0,NA,NA,NA,NA,0,NA,0.5442415,0.00242919032
25,563,ASCENT,PEAK_ASCENT_DEMAND,right_foot,ankle,Hinge,twist_x,true,0.9843157,-0.176415309,-0.000115569732,-0.000644807064,0.9843157,-0.176415309,-0.000115569732,-0.000644807064,0.977380455,-0.211483672,-0.00111467333,0.0009048717,-0.3546869,-0.000232355509,-0.00129639881,-0.3546869,-0.000232355509,-0.00129639881,-0.4261856,-0.0022463093,0.0018235133,0.07150055,0.00137676473,-0.003386934,0.182898879,-1.97205316E-13,-1.91659559E-08,0.292953074,-0.0234317351,0.0112604182,-0.110054195,0.0234317351,-0.0112604378,1600,110,114.400879,2.20282364,-5.41909456,-12.1059618,2.57749081,-1.23864818,102.294914,4.78031445,-6.6577425,102.294914,2308.5,0.0443122871,0.5426362,0.00230707228
25,563,ASCENT,PEAK_ASCENT_DEMAND,right_foot,ankle,Hinge,swing_yz,false,0.9843157,-0.176415309,-0.000115569732,-0.000644807064,0.9843157,-0.176415309,-0.000115569732,-0.000644807064,0.977380455,-0.211483672,-0.00111467333,0.0009048717,-0.3546869,-0.000232355509,-0.00129639881,-0.3546869,-0.000232355509,-0.00129639881,-0.4261856,-0.0022463093,0.0018235133,0.07150055,0.00137676473,-0.003386934,0.182898879,-1.97205316E-13,-1.91659559E-08,0.292953074,-0.0234317351,0.0112604182,-0.110054195,0.0234317351,-0.0112604378,0,0,0,0,0,0,0,0,NA,NA,NA,NA,0,NA,0.5426362,0.00230707228
25,726,LOCKOUT,REFERENCE_LOCKOUT,abdomen,trunk,Ball,twist_x,true,0.9999997,-0.0007918926,2.05975162E-15,3.662761E-16,0.9999997,-0.0007918926,2.05975162E-15,3.662761E-16,0.9999761,-0.00611953065,0.000147047016,0.00324092526,-0.0015837854,4.11950366E-15,7.325523E-16,-0.0015837854,4.11950366E-15,7.325523E-16,-0.0122391591,0.0002940964,0.006481902,0.0106553789,-0.0002992288,-0.00648165774,-0.07579674,1.52948075E-13,7.942782E-09,-0.10411901,0.00193121273,-0.0599514879,0.028322272,-0.00193121273,0.0599514954,3200,170,34.0972137,-0.9575321,-20.7413044,4.81478643,-0.328306168,10.1917543,38.912,-1.28583825,-10.54955,38.912,2000.70007,0.0194491912,0.0199991949,0.000274870923
25,726,LOCKOUT,REFERENCE_LOCKOUT,abdomen,trunk,Ball,swing_yz,true,0.9999997,-0.0007918926,2.05975162E-15,3.662761E-16,0.9999997,-0.0007918926,2.05975162E-15,3.662761E-16,0.9999761,-0.00611953065,0.000147047016,0.00324092526,-0.0015837854,4.11950366E-15,7.325523E-16,-0.0015837854,4.11950366E-15,7.325523E-16,-0.0122391591,0.0002940964,0.006481902,0.0106553789,-0.0002992288,-0.00648165774,-0.07579674,1.52948075E-13,7.942782E-09,-0.10411901,0.00193121273,-0.0599514879,0.028322272,-0.00193121273,0.0599514954,3200,170,34.0972137,-0.9575321,-20.7413044,4.81478643,-0.328306168,10.1917543,38.912,-1.28583825,-10.54955,10.6276236,2000.70007,0.00531195244,0.0199991949,0.000274870923
25,726,LOCKOUT,REFERENCE_LOCKOUT,thorax,trunk,Ball,twist_x,true,0.9999997,-0.000791898055,-3.64703932E-16,-5.41548027E-16,0.9999997,-0.000791898055,-3.64703932E-16,-5.41548027E-16,0.9999993,-0.00121784362,1.78902537E-05,-0.000105653889,-0.00158379634,-7.2940797E-16,-1.08309616E-15,-0.00158379634,-7.2940797E-16,-1.08309616E-15,-0.0024356877,3.57805147E-05,-0.000211307823,0.0008518915,-3.56131641E-05,0.000211336053,-0.1136974,1.26288E-13,1.19143513E-08,-0.143582508,0.00174780691,0.0104658566,0.0298851058,-0.00174780691,-0.0104658445,3200,170,2.726053,-0.113962129,0.6762754,5.080468,-0.2971272,-1.77919352,7.80652142,-0.4110893,-1.10291815,7.80652142,2000.70007,0.003901895,0.00391588826,2.1521646E-06
25,726,LOCKOUT,REFERENCE_LOCKOUT,thorax,trunk,Ball,swing_yz,true,0.9999997,-0.000791898055,-3.64703932E-16,-5.41548027E-16,0.9999997,-0.000791898055,-3.64703932E-16,-5.41548027E-16,0.9999993,-0.00121784362,1.78902537E-05,-0.000105653889,-0.00158379634,-7.2940797E-16,-1.08309616E-15,-0.00158379634,-7.2940797E-16,-1.08309616E-15,-0.0024356877,3.57805147E-05,-0.000211307823,0.0008518915,-3.56131641E-05,0.000211336053,-0.1136974,1.26288E-13,1.19143513E-08,-0.143582508,0.00174780691,0.0104658566,0.0298851058,-0.00174780691,-0.0104658445,3200,170,2.726053,-0.113962129,0.6762754,5.080468,-0.2971272,-1.77919352,7.80652142,-0.4110893,-1.10291815,1.17703986,2000.70007,0.000588314,0.00391588826,2.1521646E-06
25,726,LOCKOUT,REFERENCE_LOCKOUT,head_neck,neck,Ball,twist_x,true,1,0,0,0,1,0,0,0,0.99999547,0.00300085265,-8.373095E-06,3.00140346E-05,0,0,0,0,0,0,0.00600171462,-1.67462149E-05,6.00281637E-05,-0.00600171462,1.67462149E-05,-6.00281637E-05,0,0,0,-0.023647543,-0.000774229353,0.0119255492,0.023647543,0.000774229353,-0.0119255492,300,11,-1.80051434,0.00502386456,-0.0180084482,0.260122985,0.008516523,-0.131181046,-1.54039133,0.0135403872,-0.1491895,1.54039133,205.200012,0.00750678,0.006271219,8.747166E-05
25,726,LOCKOUT,REFERENCE_LOCKOUT,head_neck,neck,Ball,swing_yz,true,1,0,0,0,1,0,0,0,0.99999547,0.00300085265,-8.373095E-06,3.00140346E-05,0,0,0,0,0,0,0.00600171462,-1.67462149E-05,6.00281637E-05,-0.00600171462,1.67462149E-05,-6.00281637E-05,0,0,0,-0.023647543,-0.000774229353,0.0119255492,0.023647543,0.000774229353,-0.0119255492,300,11,-1.80051434,0.00502386456,-0.0180084482,0.260122985,0.008516523,-0.131181046,-1.54039133,0.0135403872,-0.1491895,0.1498027,205.200012,0.0007300326,0.006271219,8.747166E-05
25,726,LOCKOUT,REFERENCE_LOCKOUT,left_upper_arm,shoulder,Ball,twist_x,true,0.336258322,0.356115133,-0.4847388,0.7246659,0.336258322,0.356115133,-0.4847388,0.7246659,0.3420012,0.353599578,-0.4925586,0.71790576,0.928587556,-1.26398,1.88960159,0.928587556,-1.26398,1.88960159,0.919465065,-1.28080022,1.86677063,-0.0121055627,-0.00147756992,0.02087841,2.53904818E-06,-7.15085434E-06,0.09475309,0.100434072,-0.0275708865,0.0318859629,-0.100431532,0.0275637358,0.06286712,500,55,-6.05278158,-0.738784969,10.4392052,-5.523734,1.51600552,3.45769167,-11.5765152,0.777220547,13.8968964,11.5765152,666.9,0.0173586961,0.875338137,0.000108437547
25,726,LOCKOUT,REFERENCE_LOCKOUT,left_upper_arm,shoulder,Ball,swing_yz,true,0.336258322,0.356115133,-0.4847388,0.7246659,0.336258322,0.356115133,-0.4847388,0.7246659,0.3420012,0.353599578,-0.4925586,0.71790576,0.928587556,-1.26398,1.88960159,0.928587556,-1.26398,1.88960159,0.919465065,-1.28080022,1.86677063,-0.0121055627,-0.00147756992,0.02087841,2.53904818E-06,-7.15085434E-06,0.09475309,0.100434072,-0.0275708865,0.0318859629,-0.100431532,0.0275637358,0.06286712,500,55,-6.05278158,-0.738784969,10.4392052,-5.523734,1.51600552,3.45769167,-11.5765152,0.777220547,13.8968964,13.9186134,666.9,0.0208706148,0.875338137,0.000108437547
25,726,LOCKOUT,REFERENCE_LOCKOUT,right_upper_arm,shoulder,Ball,twist_x,true,0.336258739,-0.35611406,0.48473838,0.7246666,0.336258739,-0.35611406,0.48473838,0.7246666,0.341822267,-0.353938878,0.493275076,0.717331648,-0.9285845,1.2639786,1.8896029,-0.9285845,1.2639786,1.8896029,-0.920427144,1.28277445,1.8654393,0.0140586076,0.00172427145,0.0211857166,-3.561674E-06,9.326737E-06,0.09475746,-0.112017021,0.0137974666,0.030772144,0.112013459,-0.0137881394,0.06398532,500,55,7.029304,0.8621357,10.5928583,6.16074038,-0.7583477,3.51919246,13.1900444,0.103788018,14.112051,13.1900444,666.9,0.0197781436,0.8761467,0.000124665763
25,726,LOCKOUT,REFERENCE_LOCKOUT,right_upper_arm,shoulder,Ball,swing_yz,true,0.336258739,-0.35611406,0.48473838,0.7246666,0.336258739,-0.35611406,0.48473838,0.7246666,0.341822267,-0.353938878,0.493275076,0.717331648,-0.9285845,1.2639786,1.8896029,-0.9285845,1.2639786,1.8896029,-0.920427144,1.28277445,1.8654393,0.0140586076,0.00172427145,0.0211857166,-3.561674E-06,9.326737E-06,0.09475746,-0.112017021,0.0137974666,0.030772144,0.112013459,-0.0137881394,0.06398532,500,55,7.029304,0.8621357,10.5928583,6.16074038,-0.7583477,3.51919246,13.1900444,0.103788018,14.112051,14.1124325,666.9,0.0211612415,0.8761467,0.000124665763
25,726,LOCKOUT,REFERENCE_LOCKOUT,left_forearm,elbow,Hinge,twist_x,true,0.50908035,0.860719,-6.544356E-09,-1.438713E-08,0.50908035,0.860719,-6.544356E-09,-1.438713E-08,0.5199051,0.854224,-0.000225150783,-9.597636E-05,2.07336068,-1.57645061E-08,-3.46567326E-08,2.07336068,-1.57645061E-08,-3.46567326E-08,2.04811287,-0.0005398282,-0.000230115766,0.0252477434,6.404181E-05,0.000485289231,0,0,0,0.0518224761,-0.0107954377,0.00555091538,-0.0518224761,0.0107954377,-0.00555091538,450,45,11.3614845,0.0288188141,0.218380153,-2.33201146,0.4857947,-0.24979119,9.029473,0.5146135,-0.0314110368,9.029473,513,0.0176013131,0.8092981,0.000109491804
25,726,LOCKOUT,REFERENCE_LOCKOUT,left_forearm,elbow,Hinge,swing_yz,false,0.50908035,0.860719,-6.544356E-09,-1.438713E-08,0.50908035,0.860719,-6.544356E-09,-1.438713E-08,0.5199051,0.854224,-0.000225150783,-9.597636E-05,2.07336068,-1.57645061E-08,-3.46567326E-08,2.07336068,-1.57645061E-08,-3.46567326E-08,2.04811287,-0.0005398282,-0.000230115766,0.0252477434,6.404181E-05,0.000485289231,0,0,0,0.0518224761,-0.0107954377,0.00555091538,-0.0518224761,0.0107954377,-0.00555091538,0,0,0,0,0,0,0,0,NA,NA,NA,NA,0,NA,0.8092981,0.000109491804
25,726,LOCKOUT,REFERENCE_LOCKOUT,right_forearm,elbow,Hinge,twist_x,true,0.5090805,0.860718966,2.937157E-08,2.237969E-08,0.5090805,0.860718966,2.937157E-08,2.237969E-08,0.5199099,0.8542211,0.0002306828,9.705838E-05,2.07336044,7.075231E-08,5.39097726E-08,2.07336044,7.075231E-08,5.39097726E-08,2.04810143,0.0005530907,0.000232709543,0.0252586585,-6.780175E-05,-0.0004958668,0,0,0,0.06551365,0.0101590874,-0.004996358,-0.06551365,-0.0101590874,0.004996358,450,45,11.366396,-0.0305107888,-0.223140061,-2.94811416,-0.457158923,0.224836111,8.418282,-0.4876697,0.00169605017,8.418282,513,0.0164099056,0.8092936,0.0001122669
25,726,LOCKOUT,REFERENCE_LOCKOUT,right_forearm,elbow,Hinge,swing_yz,false,0.5090805,0.860718966,2.937157E-08,2.237969E-08,0.5090805,0.860718966,2.937157E-08,2.237969E-08,0.5199099,0.8542211,0.0002306828,9.705838E-05,2.07336044,7.075231E-08,5.39097726E-08,2.07336044,7.075231E-08,5.39097726E-08,2.04810143,0.0005530907,0.000232709543,0.0252586585,-6.780175E-05,-0.0004958668,0,0,0,0.06551365,0.0101590874,-0.004996358,-0.06551365,-0.0101590874,0.004996358,0,0,0,0,0,0,0,0,NA,NA,NA,NA,0,NA,0.8092936,0.0001122669
25,726,LOCKOUT,REFERENCE_LOCKOUT,left_hand,wrist,Ball,twist_x,true,0.975149632,-0.003345848,-0.0147603629,0.221029788,0.975149632,-0.003345848,-0.0147603629,0.221029788,0.974996269,-0.00591694564,-0.0192327779,0.221308783,-0.00674768351,-0.0297677163,0.445758164,-0.00674768351,-0.0297677163,0.445758164,-0.0119335167,-0.0387893841,0.4463438,0.00304661132,0.009861829,-0.000565947965,0,0,0,0.00212004781,-0.0325702764,-0.00153068837,-0.00212004781,0.0325702764,0.00153068837,250,30,0.7616528,2.4654572,-0.141486987,-0.0636014342,0.9771083,0.04592065,0.6980514,3.44256544,-0.09556633,0.6980514,230.85,0.003023831,0.009935495,9.391589E-05
25,726,LOCKOUT,REFERENCE_LOCKOUT,left_hand,wrist,Ball,swing_yz,true,0.975149632,-0.003345848,-0.0147603629,0.221029788,0.975149632,-0.003345848,-0.0147603629,0.221029788,0.974996269,-0.00591694564,-0.0192327779,0.221308783,-0.00674768351,-0.0297677163,0.445758164,-0.00674768351,-0.0297677163,0.445758164,-0.0119335167,-0.0387893841,0.4463438,0.00304661132,0.009861829,-0.000565947965,0,0,0,0.00212004781,-0.0325702764,-0.00153068837,-0.00212004781,0.0325702764,0.00153068837,250,30,0.7616528,2.4654572,-0.141486987,-0.0636014342,0.9771083,0.04592065,0.6980514,3.44256544,-0.09556633,3.44389176,230.85,0.01491831,0.009935495,9.391589E-05
25,726,LOCKOUT,REFERENCE_LOCKOUT,right_hand,wrist,Ball,twist_x,true,0.975149751,0.003346447,0.0147604309,0.221029639,0.975149632,0.00334644644,0.014760429,0.221029609,0.9750016,0.00590753136,0.0191675369,0.22129111,0.0067488905,0.02976785,0.4457578,0.0067488905,0.02976785,0.4457578,0.01191451,0.03865774,0.446307451,-0.003055403,-0.009729993,-0.0005293477,0,0,0,0.0008111256,0.0398467071,-0.00159530411,-0.0008111256,-0.0398467071,0.00159530411,250,30,-0.763850749,-2.43249822,-0.132336915,-0.0243337676,-1.19540119,0.0478591248,-0.7881845,-3.62789941,-0.08447779,0.7881845,230.85,0.00341427117,0.009903289,9.420975E-05
25,726,LOCKOUT,REFERENCE_LOCKOUT,right_hand,wrist,Ball,swing_yz,true,0.975149751,0.003346447,0.0147604309,0.221029639,0.975149632,0.00334644644,0.014760429,0.221029609,0.9750016,0.00590753136,0.0191675369,0.22129111,0.0067488905,0.02976785,0.4457578,0.0067488905,0.02976785,0.4457578,0.01191451,0.03865774,0.446307451,-0.003055403,-0.009729993,-0.0005293477,0,0,0,0.0008111256,0.0398467071,-0.00159530411,-0.0008111256,-0.0398467071,0.00159530411,250,30,-0.763850749,-2.43249822,-0.132336915,-0.0243337676,-1.19540119,0.0478591248,-0.7881845,-3.62789941,-0.08447779,3.628883,230.85,0.0157196578,0.009903289,9.420975E-05
25,726,LOCKOUT,REFERENCE_LOCKOUT,left_thigh,hip,Ball,twist_x,true,0.999998033,0.00197973056,-3.18119021E-07,0.000160687719,0.999998033,0.00197973056,-3.18119021E-07,0.000160687719,0.9982709,-0.0587407425,1.32228006E-05,0.00215759175,0.003959464,-6.362385E-07,0.000321375672,0.003959464,-6.362385E-07,0.000321375672,-0.117549241,2.64608534E-05,0.004317672,0.121508688,3.40254928E-07,-0.00399683136,0.55818826,5.29499472E-14,-5.84927449E-08,0.7246015,0.0121156191,-0.05895371,-0.166413248,-0.0121156191,0.05895365,900,90,109.357819,0.000306229427,-3.59714818,-14.9771919,-1.0904057,5.30582857,94.38063,-1.09009945,1.70868039,94.38063,2770.2,0.03406997,0.05102265,2.154545E-06
25,726,LOCKOUT,REFERENCE_LOCKOUT,left_thigh,hip,Ball,swing_yz,true,0.999998033,0.00197973056,-3.18119021E-07,0.000160687719,0.999998033,0.00197973056,-3.18119021E-07,0.000160687719,0.9982709,-0.0587407425,1.32228006E-05,0.00215759175,0.003959464,-6.362385E-07,0.000321375672,0.003959464,-6.362385E-07,0.000321375672,-0.117549241,2.64608534E-05,0.004317672,0.121508688,3.40254928E-07,-0.00399683136,0.55818826,5.29499472E-14,-5.84927449E-08,0.7246015,0.0121156191,-0.05895371,-0.166413248,-0.0121156191,0.05895365,900,90,109.357819,0.000306229427,-3.59714818,-14.9771919,-1.0904057,5.30582857,94.38063,-1.09009945,1.70868039,2.02679682,2770.2,0.000731642765,0.05102265,2.154545E-06
25,726,LOCKOUT,REFERENCE_LOCKOUT,right_thigh,hip,Ball,twist_x,true,0.999998033,0.00197973056,-3.18119021E-07,0.000160687719,0.999998033,0.00197973056,-3.18119021E-07,0.000160687719,0.9982648,-0.0588539727,-7.702004E-05,0.00189581758,0.003959464,-6.362385E-07,0.000321375672,0.003959464,-6.362385E-07,0.000321375672,-0.117776074,-0.000154129244,0.00379382959,0.121735506,0.000179936469,-0.0034726134,0.55818826,5.26552035E-14,-5.84926845E-08,0.760884047,0.0043960344,-0.04415838,-0.202695787,-0.0043960344,0.04415832,900,90,109.561958,0.161942825,-3.12535214,-18.24262,-0.3956431,3.974249,91.3193359,-0.233700261,0.848896742,91.3193359,2770.2,0.03296489,0.05112034,0.00034297735
25,726,LOCKOUT,REFERENCE_LOCKOUT,right_thigh,hip,Ball,swing_yz,true,0.999998033,0.00197973056,-3.18119021E-07,0.000160687719,0.999998033,0.00197973056,-3.18119021E-07,0.000160687719,0.9982648,-0.0588539727,-7.702004E-05,0.00189581758,0.003959464,-6.362385E-07,0.000321375672,0.003959464,-6.362385E-07,0.000321375672,-0.117776074,-0.000154129244,0.00379382959,0.121735506,0.000179936469,-0.0034726134,0.55818826,5.26552035E-14,-5.84926845E-08,0.760884047,0.0043960344,-0.04415838,-0.202695787,-0.0043960344,0.04415832,900,90,109.561958,0.161942825,-3.12535214,-18.24262,-0.3956431,3.974249,91.3193359,-0.233700261,0.848896742,0.880477965,2770.2,0.000317839149,0.05112034,0.00034297735
25,726,LOCKOUT,REFERENCE_LOCKOUT,left_shank,knee,Hinge,twist_x,true,1,-2.96887914E-09,-6.20109729E-15,1.816118E-15,1,-2.96887914E-09,-6.20109729E-15,1.816118E-15,0.997245252,0.0741745457,2.69933535E-05,-6.443426E-05,0,0,0,0,0,0,0.148485482,5.403634E-05,-0.000128986983,-0.148485482,-5.403634E-05,0.000128986983,-0.596729934,-2.01353517E-12,6.253148E-08,-0.81786263,-0.00255251327,0.0141353114,0.2211327,0.00255251327,-0.014135249,1123,94.8,-166.749191,-0.06068281,0.144852385,20.96338,0.241978273,-1.34002161,-145.785812,0.181295455,-1.19516921,145.785812,2770.2,0.0526264571,0.0586720034,0.000130991219
25,726,LOCKOUT,REFERENCE_LOCKOUT,left_shank,knee,Hinge,swing_yz,false,1,-2.96887914E-09,-6.20109729E-15,1.816118E-15,1,-2.96887914E-09,-6.20109729E-15,1.816118E-15,0.997245252,0.0741745457,2.69933535E-05,-6.443426E-05,0,0,0,0,0,0,0.148485482,5.403634E-05,-0.000128986983,-0.148485482,-5.403634E-05,0.000128986983,-0.596729934,-2.01353517E-12,6.253148E-08,-0.81786263,-0.00255251327,0.0141353114,0.2211327,0.00255251327,-0.014135249,0,0,0,0,0,0,0,0,NA,NA,NA,NA,0,NA,0.0586720034,0.000130991219
25,726,LOCKOUT,REFERENCE_LOCKOUT,right_shank,knee,Hinge,twist_x,true,1,-2.96887825E-09,-2.36928837E-15,1.75362544E-15,1,-2.96887825E-09,-2.36928837E-15,1.75362544E-15,0.99721545,0.0745754,4.455759E-08,1.72592589E-08,0,0,0,0,0,0,0.149289384,8.919798E-08,3.45505882E-08,-0.149289384,-8.919799E-08,-3.45505846E-08,-0.596729934,-2.611652E-13,6.25316545E-08,-0.862980366,2.11517472E-05,6.3163443E-06,0.266250432,-2.11517472E-05,-6.25381244E-06,1123,94.8,-167.651978,-0.000100169345,-3.88003064E-05,25.2405415,-0.0020051857,-0.000592861441,-142.411438,-0.002105355,-0.000631661736,142.411438,2770.2,0.05140836,0.05898994,3.75980221E-06
25,726,LOCKOUT,REFERENCE_LOCKOUT,right_shank,knee,Hinge,swing_yz,false,1,-2.96887825E-09,-2.36928837E-15,1.75362544E-15,1,-2.96887825E-09,-2.36928837E-15,1.75362544E-15,0.99721545,0.0745754,4.455759E-08,1.72592589E-08,0,0,0,0,0,0,0.149289384,8.919798E-08,3.45505882E-08,-0.149289384,-8.919799E-08,-3.45505846E-08,-0.596729934,-2.611652E-13,6.25316545E-08,-0.862980366,2.11517472E-05,6.3163443E-06,0.266250432,-2.11517472E-05,-6.25381244E-06,0,0,0,0,0,0,0,0,NA,NA,NA,NA,0,NA,0.05898994,3.75980221E-06
25,726,LOCKOUT,REFERENCE_LOCKOUT,left_foot,ankle,Hinge,twist_x,true,0.9999505,0.0098985,-1.06038051E-05,0.00107120082,0.9999504,0.009898499,-1.06038042E-05,0.00107120071,0.9994313,-0.0336984433,-2.52622012E-05,-0.00124444114,0.0197973251,-2.120796E-05,0.0021424368,0.0197973251,-2.120796E-05,0.0021424368,-0.0674096644,-5.05339776E-05,-0.002489354,0.087206915,7.69101753E-05,0.00463262852,0.187563762,3.047749E-13,-1.96548147E-08,0.307331234,-0.004222031,-0.00047086546,-0.119767472,0.004222031,0.000470845815,1600,110,139.531067,0.123056278,7.4122057,-13.1744223,0.464423448,0.05179304,126.356644,0.5874797,7.463999,126.356644,2308.5,0.05473539,0.08582105,0.00194890285
25,726,LOCKOUT,REFERENCE_LOCKOUT,left_foot,ankle,Hinge,swing_yz,false,0.9999505,0.0098985,-1.06038051E-05,0.00107120082,0.9999504,0.009898499,-1.06038042E-05,0.00107120071,0.9994313,-0.0336984433,-2.52622012E-05,-0.00124444114,0.0197973251,-2.120796E-05,0.0021424368,0.0197973251,-2.120796E-05,0.0021424368,-0.0674096644,-5.05339776E-05,-0.002489354,0.087206915,7.69101753E-05,0.00463262852,0.187563762,3.047749E-13,-1.96548147E-08,0.307331234,-0.004222031,-0.00047086546,-0.119767472,0.004222031,0.000470845815,0,0,0,0,0,0,0,0,NA,NA,NA,NA,0,NA,0.08582105,0.00194890285
25,726,LOCKOUT,REFERENCE_LOCKOUT,right_foot,ankle,Hinge,twist_x,true,0.9999505,0.0098985,-1.06038051E-05,0.00107120082,0.9999504,0.009898499,-1.06038042E-05,0.00107120071,0.9994215,-0.0339964069,-4.48728642E-05,-0.00100098131,0.0197973251,-2.120796E-05,0.0021424368,0.0197973251,-2.120796E-05,0.0021424368,-0.06800593,-8.976304E-05,-0.00200234866,0.0878031254,0.000121602607,0.004145969,0.187563762,1.32599078E-14,-1.965489E-08,0.3155226,0.00164106663,-0.00645590434,-0.127958849,-0.00164106663,0.006455885,1600,110,140.485,0.194564164,6.63355064,-14.0754738,-0.180517331,0.7101473,126.409531,0.0140468329,7.343698,126.409531,2308.5,0.0547583,0.0865879,0.00203804462
25,726,LOCKOUT,REFERENCE_LOCKOUT,right_foot,ankle,Hinge,swing_yz,false,0.9999505,0.0098985,-1.06038051E-05,0.00107120082,0.9999504,0.009898499,-1.06038042E-05,0.00107120071,0.9994215,-0.0339964069,-4.48728642E-05,-0.00100098131,0.0197973251,-2.120796E-05,0.0021424368,0.0197973251,-2.120796E-05,0.0021424368,-0.06800593,-8.976304E-05,-0.00200234866,0.0878031254,0.000121602607,0.004145969,0.187563762,1.32599078E-14,-1.965489E-08,0.3155226,0.00164106663,-0.00645590434,-0.127958849,-0.00164106663,0.006455885,0,0,0,0,0,0,0,0,NA,NA,NA,NA,0,NA,0.0865879,0.00203804462
25,753,LOCKOUT,SETTLED_PHYSICAL_LOCKOUT,abdomen,trunk,Ball,twist_x,true,0.9999998,-0.0006371397,2.05980837E-15,3.65957356E-16,0.9999998,-0.0006371397,2.05980837E-15,3.65957356E-16,0.999839842,-0.0175783243,-0.00013864378,0.00337070413,-0.00127427944,4.11961674E-15,7.319147E-16,-0.00127427944,4.11961674E-15,7.319147E-16,-0.0351585262,-0.000277302373,0.006741768,0.03388425,0.000273005862,-0.006741919,0,0,0,0.053125713,0.0083852075,-0.06517301,-0.053125713,-0.0083852075,0.06517301,3200,170,108.429596,0.8736188,-21.57414,-9.031371,-1.42548525,11.0794115,99.3982239,-0.5518665,-10.494729,99.3982239,2000.70007,0.0496817231,0.0575412065,0.0002665428
25,753,LOCKOUT,SETTLED_PHYSICAL_LOCKOUT,abdomen,trunk,Ball,swing_yz,true,0.9999998,-0.0006371397,2.05980837E-15,3.65957356E-16,0.9999998,-0.0006371397,2.05980837E-15,3.65957356E-16,0.999839842,-0.0175783243,-0.00013864378,0.00337070413,-0.00127427944,4.11961674E-15,7.319147E-16,-0.00127427944,4.11961674E-15,7.319147E-16,-0.0351585262,-0.000277302373,0.006741768,0.03388425,0.000273005862,-0.006741919,0,0,0,0.053125713,0.0083852075,-0.06517301,-0.053125713,-0.0083852075,0.06517301,3200,170,108.429596,0.8736188,-21.57414,-9.031371,-1.42548525,11.0794115,99.3982239,-0.5518665,-10.494729,10.5092287,2000.70007,0.00525277574,0.0575412065,0.0002665428
25,753,LOCKOUT,SETTLED_PHYSICAL_LOCKOUT,thorax,trunk,Ball,twist_x,true,0.9999998,-0.0006371452,-3.64787735E-16,-5.414916E-16,0.9999998,-0.0006371452,-3.64787735E-16,-5.414916E-16,0.9999431,-0.010669969,0.000114748247,-7.976353E-05,-0.00127429038,-7.29575471E-16,-1.08298319E-15,-0.00127429038,-7.29575471E-16,-1.08298319E-15,-0.0213403422,0.000229500845,-0.000159530086,0.02006605,-0.000229398633,0.00015967591,0,0,0,-0.000200162947,-0.00118481554,0.00977808051,0.000200162947,0.00118481554,-0.00977808051,3200,170,64.2113647,-0.7340756,0.5109629,0.0340277,0.201418638,-1.66227365,64.24539,-0.532656968,-1.15131068,64.24539,2000.70007,0.0321114548,0.0349336043,2.38748044E-07
25,753,LOCKOUT,SETTLED_PHYSICAL_LOCKOUT,thorax,trunk,Ball,swing_yz,true,0.9999998,-0.0006371452,-3.64787735E-16,-5.414916E-16,0.9999998,-0.0006371452,-3.64787735E-16,-5.414916E-16,0.9999431,-0.010669969,0.000114748247,-7.976353E-05,-0.00127429038,-7.29575471E-16,-1.08298319E-15,-0.00127429038,-7.29575471E-16,-1.08298319E-15,-0.0213403422,0.000229500845,-0.000159530086,0.02006605,-0.000229398633,0.00015967591,0,0,0,-0.000200162947,-0.00118481554,0.00977808051,0.000200162947,0.00118481554,-0.00977808051,3200,170,64.2113647,-0.7340756,0.5109629,0.0340277,0.201418638,-1.66227365,64.24539,-0.532656968,-1.15131068,1.26855814,2000.70007,0.000634057156,0.0349336043,2.38748044E-07
25,753,LOCKOUT,SETTLED_PHYSICAL_LOCKOUT,head_neck,neck,Ball,twist_x,true,1,0,0,0,1,0,0,0,1,-0.0004144737,-8.319037E-06,2.83275858E-05,0,0,0,0,0,0,-0.000828947348,-1.66380723E-05,5.6655168E-05,0.000828947348,1.66380723E-05,-5.6655168E-05,0,0,0,-0.006277126,-0.00231309724,0.0127388081,0.006277126,0.00231309724,-0.0127388081,300,11,0.2486842,0.00499142148,-0.0169965513,0.06904838,0.02544407,-0.140126884,0.317732573,0.0304354914,-0.157123432,0.317732573,205.200012,0.00154840422,0,9.56449439E-05
25,753,LOCKOUT,SETTLED_PHYSICAL_LOCKOUT,head_neck,neck,Ball,swing_yz,true,1,0,0,0,1,0,0,0,1,-0.0004144737,-8.319037E-06,2.83275858E-05,0,0,0,0,0,0,-0.000828947348,-1.66380723E-05,5.6655168E-05,0.000828947348,1.66380723E-05,-5.6655168E-05,0,0,0,-0.006277126,-0.00231309724,0.0127388081,0.006277126,0.00231309724,-0.0127388081,300,11,0.2486842,0.00499142148,-0.0169965513,0.06904838,0.02544407,-0.140126884,0.317732573,0.0304354914,-0.157123432,0.160044029,205.200012,0.0007799416,0,9.56449439E-05
25,753,LOCKOUT,SETTLED_PHYSICAL_LOCKOUT,left_upper_arm,shoulder,Ball,twist_x,true,0.336258322,0.356115133,-0.4847388,0.7246659,0.336258322,0.356115133,-0.4847388,0.7246659,0.3356788,0.3563837,-0.4903361,0.721027732,0.928587556,-1.26398,1.88960159,0.928587556,-1.26398,1.88960159,0.9295495,-1.27893519,1.8806442,-0.0122329174,0.00134567148,0.005332996,0,0,0,0.04106168,0.004869985,0.005590114,-0.04106168,-0.004869985,-0.005590114,500,55,-6.116459,0.672835767,2.66649818,-2.25839233,-0.267849177,-0.307456255,-8.374851,0.4049866,2.359042,8.374851,666.9,0.012557881,0.8897838,0.000111724832
25,753,LOCKOUT,SETTLED_PHYSICAL_LOCKOUT,left_upper_arm,shoulder,Ball,swing_yz,true,0.336258322,0.356115133,-0.4847388,0.7246659,0.336258322,0.356115133,-0.4847388,0.7246659,0.3356788,0.3563837,-0.4903361,0.721027732,0.928587556,-1.26398,1.88960159,0.928587556,-1.26398,1.88960159,0.9295495,-1.27893519,1.8806442,-0.0122329174,0.00134567148,0.005332996,0,0,0,0.04106168,0.004869985,0.005590114,-0.04106168,-0.004869985,-0.005590114,500,55,-6.116459,0.672835767,2.66649818,-2.25839233,-0.267849177,-0.307456255,-8.374851,0.4049866,2.359042,2.3935523,666.9,0.003589072,0.8897838,0.000111724832
25,753,LOCKOUT,SETTLED_PHYSICAL_LOCKOUT,right_upper_arm,shoulder,Ball,twist_x,true,0.336258739,-0.35611406,0.48473838,0.7246666,0.336258739,-0.35611406,0.48473838,0.7246666,0.335451752,-0.356704831,0.491163373,0.720411241,-0.9285845,1.2639786,1.8896029,-0.9285845,1.2639786,1.8896029,-0.9304897,1.28123426,1.87924361,0.0144096287,-0.00121627992,0.0056955847,0,0,0,-0.0584336743,-0.0159080736,0.000396649149,0.0584336743,0.0159080736,-0.000396649149,500,55,7.20481443,-0.60814,2.84779239,3.21385217,0.874944031,-0.0218157023,10.4186668,0.266804039,2.82597661,10.4186668,666.9,0.015622532,0.8906428,0.000128464424
25,753,LOCKOUT,SETTLED_PHYSICAL_LOCKOUT,right_upper_arm,shoulder,Ball,swing_yz,true,0.336258739,-0.35611406,0.48473838,0.7246666,0.336258739,-0.35611406,0.48473838,0.7246666,0.335451752,-0.356704831,0.491163373,0.720411241,-0.9285845,1.2639786,1.8896029,-0.9285845,1.2639786,1.8896029,-0.9304897,1.28123426,1.87924361,0.0144096287,-0.00121627992,0.0056955847,0,0,0,-0.0584336743,-0.0159080736,0.000396649149,0.0584336743,0.0159080736,-0.000396649149,500,55,7.20481443,-0.60814,2.84779239,3.21385217,0.874944031,-0.0218157023,10.4186668,0.266804039,2.82597661,2.83854342,666.9,0.00425632531,0.8906428,0.000128464424
25,753,LOCKOUT,SETTLED_PHYSICAL_LOCKOUT,left_forearm,elbow,Hinge,twist_x,true,0.50908035,0.860719,-6.544356E-09,-1.438713E-08,0.50908035,0.860719,-6.544356E-09,-1.438713E-08,0.520539463,0.85383755,-0.000319955434,-0.0001380807,2.07336068,-1.57645061E-08,-3.46567326E-08,2.07336068,-1.57645061E-08,-3.46567326E-08,2.046627,-0.0007669251,-0.000330975949,0.0267333928,8.808906E-05,0.0006913662,0,0,0,0.05730774,-0.0187291261,0.0112411343,-0.05730774,0.0187291261,-0.0112411343,450,45,12.0300264,0.0396400765,0.3111148,-2.57884836,0.8428107,-0.50585103,9.451178,0.882450759,-0.194736242,9.451178,513,0.0184233487,0.8087111,0.000108013
25,753,LOCKOUT,SETTLED_PHYSICAL_LOCKOUT,left_forearm,elbow,Hinge,swing_yz,false,0.50908035,0.860719,-6.544356E-09,-1.438713E-08,0.50908035,0.860719,-6.544356E-09,-1.438713E-08,0.520539463,0.85383755,-0.000319955434,-0.0001380807,2.07336068,-1.57645061E-08,-3.46567326E-08,2.07336068,-1.57645061E-08,-3.46567326E-08,2.046627,-0.0007669251,-0.000330975949,0.0267333928,8.808906E-05,0.0006913662,0,0,0,0.05730774,-0.0187291261,0.0112411343,-0.05730774,0.0187291261,-0.0112411343,0,0,0,0,0,0,0,0,NA,NA,NA,NA,0,NA,0.8087111,0.000108013
25,753,LOCKOUT,SETTLED_PHYSICAL_LOCKOUT,right_forearm,elbow,Hinge,twist_x,true,0.5090805,0.860718966,2.937157E-08,2.237969E-08,0.5090805,0.860718966,2.937157E-08,2.237969E-08,0.520516753,0.853851438,0.000330604729,0.0001411416,2.07336044,7.075231E-08,5.39097726E-08,2.07336044,7.075231E-08,5.39097726E-08,2.04668045,0.000792459,0.0003383162,0.0266797878,-9.365276E-05,-0.000712768,0,0,0,0.07207907,0.0156246517,-0.01006156,-0.07207907,-0.0156246517,0.01006156,450,45,12.0059042,-0.04214374,-0.3207456,-3.24355817,-0.7031093,0.4527702,8.762346,-0.7452531,0.132024616,8.762346,513,0.0170805976,0.8087322,0.000110591376
25,753,LOCKOUT,SETTLED_PHYSICAL_LOCKOUT,right_forearm,elbow,Hinge,swing_yz,false,0.5090805,0.860718966,2.937157E-08,2.237969E-08,0.5090805,0.860718966,2.937157E-08,2.237969E-08,0.520516753,0.853851438,0.000330604729,0.0001411416,2.07336044,7.075231E-08,5.39097726E-08,2.07336044,7.075231E-08,5.39097726E-08,2.04668045,0.000792459,0.0003383162,0.0266797878,-9.365276E-05,-0.000712768,0,0,0,0.07207907,0.0156246517,-0.01006156,-0.07207907,-0.0156246517,0.01006156,0,0,0,0,0,0,0,0,NA,NA,NA,NA,0,NA,0.8087322,0.000110591376
25,753,LOCKOUT,SETTLED_PHYSICAL_LOCKOUT,left_hand,wrist,Ball,twist_x,true,0.975149632,-0.003345848,-0.0147603629,0.221029788,0.975149632,-0.003345848,-0.0147603629,0.221029788,0.974950433,-0.006974283,-0.0194976386,0.221456259,-0.00674768351,-0.0297677163,0.445758164,-0.00674768351,-0.0297677163,0.445758164,-0.0140662147,-0.03932418,0.44664824,0.00499632861,0.0108461808,-0.0008443956,0,0,0,0.0144590177,-0.03512019,-0.00340101612,-0.0144590177,0.03512019,0.00340101612,250,30,1.24908221,2.71154523,-0.2110989,-0.433770537,1.05360568,0.102030486,0.8153117,3.765151,-0.109068409,0.8153117,230.85,0.003531781,0.0117068272,0.000104668448
25,753,LOCKOUT,SETTLED_PHYSICAL_LOCKOUT,left_hand,wrist,Ball,swing_yz,true,0.975149632,-0.003345848,-0.0147603629,0.221029788,0.975149632,-0.003345848,-0.0147603629,0.221029788,0.974950433,-0.006974283,-0.0194976386,0.221456259,-0.00674768351,-0.0297677163,0.445758164,-0.00674768351,-0.0297677163,0.445758164,-0.0140662147,-0.03932418,0.44664824,0.00499632861,0.0108461808,-0.0008443956,0,0,0,0.0144590177,-0.03512019,-0.00340101612,-0.0144590177,0.03512019,0.00340101612,250,30,1.24908221,2.71154523,-0.2110989,-0.433770537,1.05360568,0.102030486,0.8153117,3.765151,-0.109068409,3.76673055,230.85,0.0163167883,0.0117068272,0.000104668448
25,753,LOCKOUT,SETTLED_PHYSICAL_LOCKOUT,right_hand,wrist,Ball,twist_x,true,0.975149751,0.003346447,0.0147604309,0.221029639,0.975149632,0.00334644644,0.014760429,0.221029609,0.974957764,0.00701115653,0.0193404052,0.221436709,0.0067488905,0.02976785,0.4457578,0.0067488905,0.02976785,0.4457578,0.0141405482,0.0390069634,0.446607679,-0.005135992,-0.0105553428,-0.0008012555,0,0,0,-0.014086158,0.0436831675,-0.00443726871,0.014086158,-0.0436831675,0.00443726871,250,30,-1.283998,-2.63883567,-0.200313881,0.422584742,-1.310495,0.133118063,-0.86141324,-3.94933081,-0.06719582,0.86141324,230.85,0.00373148452,0.0117612779,0.00010541462
25,753,LOCKOUT,SETTLED_PHYSICAL_LOCKOUT,right_hand,wrist,Ball,swing_yz,true,0.975149751,0.003346447,0.0147604309,0.221029639,0.975149632,0.00334644644,0.014760429,0.221029609,0.974957764,0.00701115653,0.0193404052,0.221436709,0.0067488905,0.02976785,0.4457578,0.0067488905,0.02976785,0.4457578,0.0141405482,0.0390069634,0.446607679,-0.005135992,-0.0105553428,-0.0008012555,0,0,0,-0.014086158,0.0436831675,-0.00443726871,0.014086158,-0.0436831675,0.00443726871,250,30,-1.283998,-2.63883567,-0.200313881,0.422584742,-1.310495,0.133118063,-0.86141324,-3.94933081,-0.06719582,3.94990253,230.85,0.0171102546,0.0117612779,0.00010541462
25,753,LOCKOUT,SETTLED_PHYSICAL_LOCKOUT,left_thigh,hip,Ball,twist_x,true,0.999998748,0.00159284892,-2.486709E-07,0.000156116876,0.999998748,0.00159284892,-2.486709E-07,0.000156116876,0.9999793,0.006088339,2.56909243E-05,0.00208130153,0.003185699,-4.97341944E-07,0.000312233868,0.003185699,-4.97341944E-07,0.000312233868,0.0121767614,5.13822051E-05,0.004162632,-0.008991057,-4.714989E-05,-0.00385047053,0,0,0,0.152686357,0.00390177872,-0.0629574955,-0.152686357,-0.00390177872,0.0629574955,900,90,-8.091951,-0.0424349,-3.46542358,-13.7417717,-0.351160079,5.66617441,-21.8337231,-0.39359498,2.20075083,21.8337231,2770.2,0.007881641,0.0155051518,2.26600569E-08
25,753,LOCKOUT,SETTLED_PHYSICAL_LOCKOUT,left_thigh,hip,Ball,swing_yz,true,0.999998748,0.00159284892,-2.486709E-07,0.000156116876,0.999998748,0.00159284892,-2.486709E-07,0.000156116876,0.9999793,0.006088339,2.56909243E-05,0.00208130153,0.003185699,-4.97341944E-07,0.000312233868,0.003185699,-4.97341944E-07,0.000312233868,0.0121767614,5.13822051E-05,0.004162632,-0.008991057,-4.714989E-05,-0.00385047053,0,0,0,0.152686357,0.00390177872,-0.0629574955,-0.152686357,-0.00390177872,0.0629574955,900,90,-8.091951,-0.0424349,-3.46542358,-13.7417717,-0.351160079,5.66617441,-21.8337231,-0.39359498,2.20075083,2.23567033,2770.2,0.000807042932,0.0155051518,2.26600569E-08
25,753,LOCKOUT,SETTLED_PHYSICAL_LOCKOUT,right_thigh,hip,Ball,twist_x,true,0.999998748,0.00159284892,-2.486709E-07,0.000156116876,0.999998748,0.00159284892,-2.486709E-07,0.000156116876,0.9999733,0.007084651,0.000245194475,0.00181817624,0.003185699,-4.97341944E-07,0.000312233868,0.003185699,-4.97341944E-07,0.000312233868,0.0141694266,0.000490393257,0.00363638462,-0.0109836543,-0.000487308251,-0.00332492543,0,0,0,0.17890124,-0.0009969495,-0.0467499979,-0.17890124,0.0009969495,0.0467499979,900,90,-9.885289,-0.4385774,-2.99243283,-16.1011124,0.08972546,4.2075,-25.9864,-0.348851949,1.21506715,25.9864,2770.2,0.00938069448,0.0180185866,0.0003518293
25,753,LOCKOUT,SETTLED_PHYSICAL_LOCKOUT,right_thigh,hip,Ball,swing_yz,true,0.999998748,0.00159284892,-2.486709E-07,0.000156116876,0.999998748,0.00159284892,-2.486709E-07,0.000156116876,0.9999733,0.007084651,0.000245194475,0.00181817624,0.003185699,-4.97341944E-07,0.000312233868,0.003185699,-4.97341944E-07,0.000312233868,0.0141694266,0.000490393257,0.00363638462,-0.0109836543,-0.000487308251,-0.00332492543,0,0,0,0.17890124,-0.0009969495,-0.0467499979,-0.17890124,0.0009969495,0.0467499979,900,90,-9.885289,-0.4385774,-2.99243283,-16.1011124,0.08972546,4.2075,-25.9864,-0.348851949,1.21506715,1.2641542,2770.2,0.0004563404,0.0180185866,0.0003518293
25,753,LOCKOUT,SETTLED_PHYSICAL_LOCKOUT,left_shank,knee,Hinge,twist_x,true,1,-2.96887914E-09,-6.20109729E-15,1.816118E-15,1,-2.96887914E-09,-6.20109729E-15,1.816118E-15,0.9998506,0.017291002,6.072828E-05,-7.32007538E-05,0,0,0,0,0,0,0.03458372,0.000121462595,-0.000146408784,-0.03458373,-0.000121462595,0.000146408784,0,0,0,-0.126653343,-0.002425879,0.0148717817,0.126653343,0.002425879,-0.0148717817,1123,94.8,-38.83753,-0.136402488,0.164417058,12.0067377,0.229973331,-1.409845,-26.8307915,0.09357084,-1.245428,26.8307915,2770.2,0.009685507,0.0136622507,0.000149039523
25,753,LOCKOUT,SETTLED_PHYSICAL_LOCKOUT,left_shank,knee,Hinge,swing_yz,false,1,-2.96887914E-09,-6.20109729E-15,1.816118E-15,1,-2.96887914E-09,-6.20109729E-15,1.816118E-15,0.9998506,0.017291002,6.072828E-05,-7.32007538E-05,0,0,0,0,0,0,0.03458372,0.000121462595,-0.000146408784,-0.03458373,-0.000121462595,0.000146408784,0,0,0,-0.126653343,-0.002425879,0.0148717817,0.126653343,0.002425879,-0.0148717817,0,0,0,0,0,0,0,0,NA,NA,NA,NA,0,NA,0.0136622507,0.000149039523
25,753,LOCKOUT,SETTLED_PHYSICAL_LOCKOUT,right_shank,knee,Hinge,twist_x,true,1,-2.96887825E-09,-2.36928837E-15,1.75362544E-15,1,-2.96887825E-09,-2.36928837E-15,1.75362544E-15,0.9998722,0.015986884,-2.29366637E-09,3.987241E-10,0,0,0,0,0,0,0.03197513,-4.58752858E-09,7.97482247E-10,-0.03197514,4.58752369E-09,-7.974788E-10,0,0,0,-0.150219813,-1.7064566E-06,3.31293279E-07,0.150219813,1.7064566E-06,-3.31293279E-07,1123,94.8,-35.90808,5.151789E-06,-8.955687E-07,14.240839,0.000161772085,-3.14066056E-05,-21.6672421,0.00016692387,-3.23021741E-05,21.6672421,2770.2,0.007821544,0.0126344608,1.7882364E-07
25,753,LOCKOUT,SETTLED_PHYSICAL_LOCKOUT,right_shank,knee,Hinge,swing_yz,false,1,-2.96887825E-09,-2.36928837E-15,1.75362544E-15,1,-2.96887825E-09,-2.36928837E-15,1.75362544E-15,0.9998722,0.015986884,-2.29366637E-09,3.987241E-10,0,0,0,0,0,0,0.03197513,-4.58752858E-09,7.97482247E-10,-0.03197514,4.58752369E-09,-7.974788E-10,0,0,0,-0.150219813,-1.7064566E-06,3.31293279E-07,0.150219813,1.7064566E-06,-3.31293279E-07,0,0,0,0,0,0,0,0,NA,NA,NA,NA,0,NA,0.0126344608,1.7882364E-07
25,753,LOCKOUT,SETTLED_PHYSICAL_LOCKOUT,left_foot,ankle,Hinge,twist_x,true,0.999967754,0.007964166,-8.28895E-06,0.00104074716,0.999967754,0.007964166,-8.28895E-06,0.00104074716,0.9998317,-0.0182948355,0.0004933777,-0.00131977466,0.0159285031,-1.65780784E-05,0.00208151666,0.0159285031,-1.65780784E-05,0.00208151666,-0.0365917236,0.0009868108,-0.00263969763,0.05252123,-0.0009863542,0.004713599,0,0,0,0.0823599547,-0.002682858,0.00196729531,-0.0823599547,0.002682858,-0.00196729531,1600,110,84.0339661,-1.57816672,7.54175854,-9.059595,0.295114368,-0.216402486,74.97437,-1.28305233,7.325356,74.97437,2308.5,0.0324775279,0.04658246,0.00205503614
25,753,LOCKOUT,SETTLED_PHYSICAL_LOCKOUT,left_foot,ankle,Hinge,swing_yz,false,0.999967754,0.007964166,-8.28895E-06,0.00104074716,0.999967754,0.007964166,-8.28895E-06,0.00104074716,0.9998317,-0.0182948355,0.0004933777,-0.00131977466,0.0159285031,-1.65780784E-05,0.00208151666,0.0159285031,-1.65780784E-05,0.00208151666,-0.0365917236,0.0009868108,-0.00263969763,0.05252123,-0.0009863542,0.004713599,0,0,0,0.0823599547,-0.002682858,0.00196729531,-0.0823599547,0.002682858,-0.00196729531,0,0,0,0,0,0,0,0,NA,NA,NA,NA,0,NA,0.04658246,0.00205503614
25,753,LOCKOUT,SETTLED_PHYSICAL_LOCKOUT,right_foot,ankle,Hinge,twist_x,true,0.999967754,0.007964166,-8.28895E-06,0.00104074716,0.999967754,0.007964166,-8.28895E-06,0.00104074716,0.9998374,-0.018003311,0.000206544457,-0.00107976736,0.0159285031,-1.65780784E-05,0.00208151666,0.0159285031,-1.65780784E-05,0.00208151666,-0.03600857,0.000413111266,-0.0021596516,0.0519374833,-0.000409422151,0.00423810864,0,0,0,0.07962623,0.00209610537,-0.00376033061,-0.07962623,-0.00209610537,0.00376033061,1600,110,83.0999756,-0.655075431,6.780974,-8.758885,-0.2305716,0.413636357,74.34109,-0.885647058,7.19461,74.34109,2308.5,0.0322032,0.0458380133,0.00220607757
25,753,LOCKOUT,SETTLED_PHYSICAL_LOCKOUT,right_foot,ankle,Hinge,swing_yz,false,0.999967754,0.007964166,-8.28895E-06,0.00104074716,0.999967754,0.007964166,-8.28895E-06,0.00104074716,0.9998374,-0.018003311,0.000206544457,-0.00107976736,0.0159285031,-1.65780784E-05,0.00208151666,0.0159285031,-1.65780784E-05,0.00208151666,-0.03600857,0.000413111266,-0.0021596516,0.0519374833,-0.000409422151,0.00423810864,0,0,0,0.07962623,0.00209610537,-0.00376033061,-0.07962623,-0.00209610537,0.00376033061,0,0,0,0,0,0,0,0,NA,NA,NA,NA,0,NA,0.0458380133,0.00220607757
