load_kg,tick,time_s,state,phase_s,direction,legal_depth,legal_depth_reached,depth_left_m,depth_right_m,worst_side_depth_m,descent_tick,reversal_tick,ascent_tick,lockout,physical_failure,physical_failure_reason,bar_x_m,bar_y_m,bar_z_m,bar_q_w,bar_q_x,bar_q_y,bar_q_z,bar_vx_mps,bar_vy_mps,bar_vz_mps,bar_wx_rad_s,bar_wy_rad_s,bar_wz_rad_s,support_available,support_present,support_contact_count,left_foot_contact,right_foot_contact,left_foot_slip_mps,right_foot_slip_mps,ap_front_margin_m,ap_rear_margin_m,ml_left_margin_m,ml_right_margin_m,joint_limit_proximity,worst_limit_joint,saddle_attached,saddle_separation_m,saddle_initial_anchor_error_m,saddle_linear_limit_occupancy,saddle_relative_rotation_deg,saddle_is_broken,lockout_qualified,lockout_failed_predicates,lockout_reference_bar_y_m,lockout_bar_linear_speed_mps,lockout_bar_angular_speed_rad_s,lockout_max_knee_angle_rad,lockout_max_hip_angle_rad,lockout_max_local_trunk_angle_rad,lockout_height_tolerance_m,lockout_bar_speed_tolerance_mps,lockout_bar_angular_speed_tolerance_rad_s,lockout_knee_tolerance_rad,lockout_hip_tolerance_rad,lockout_trunk_tolerance_rad,ap_reference_error_m,raw_balance_ap_rad,applied_balance_ap_rad,ap_correction_saturated,ankle_target_error_x_rad,knee_target_error_x_rad,hip_target_error_x_rad,abdomen_target_error_x_rad,thorax_target_error_x_rad,max_active_drive_demand_nm,max_active_drive_demand_fraction,worst_active_drive_joint,worst_active_drive_channel,max_joint_anchor_separation_m,authoritative_balance_loss_onset_tick,authoritative_balance_loss_latched_tick,last_valid_pre_failure_tick,progress_valid,com_x_m,com_y_m,com_z_m,com_vx_mps,com_vy_mps,com_vz_mps,support_center_x_m,support_center_y_m,support_center_z_m,support_ap_min_m,support_ap_max_m,support_ml_min_m,support_ml_max_m,cop_available,cop_estimate_x_m,cop_estimate_y_m,cop_estimate_z_m
140,1,0.01,SETUP,0,None,false,false,0.3288002,0.3288002,0.3288002,NA,NA,NA,false,false,NONE,2.960242E-06,1.41343439,-0.14203231,0.9999999,0.0004282235,8.576991E-08,-8.11929169E-07,0.00022708188,-0.05788081,0.0314634778,0.09084121,-2.45572369E-06,-0.00013420124,true,true,8,true,true,0.00285170064,0.00256902,0.231587112,0.05841291,0.179302,0.17930828,0.06196468,right_forearm,true,0.0007081474,0,0.0473066457,0.160603061,false,false,bar_linear_stillness,1.41343439,0.06588012,0.09084131,0.002071602,0.00316442479,0.001953125,0.05,0.02,0.2,0.08726646,0.17453292,0.17453292,-0.000129789114,-0.0005078318,-0.0005078318,false,0.03553136,0.0255128145,0.0333953723,0.0265016071,0.0155547913,907.074341,1.36013544,left_upper_arm,swing_yz,0.00187725411,NA,NA,NA,true,-3.14996964E-06,1.26720011,-0.09630613,-0.0003661387,-0.0820522457,-0.0033218225,-7.450581E-09,0,-0.009719029,-0.15471904,0.135280982,-0.179305151,0.179305136,true,0.0226634648,0,-0.154719025
140,2,0.02,SETUP,0,None,false,false,0.32861042,0.328585565,0.32861042,NA,NA,NA,false,false,NONE,2.07292351E-06,1.41227973,-0.141600862,0.999999464,0.00103825,-9.698311E-07,-1.53623807E-06,-0.00010471206,-0.1111248,0.0446267053,0.128381521,-0.000161032513,-0.000179613635,true,true,8,true,true,0.00154397788,0.00100687379,0.231633931,0.0583660826,0.179294884,0.1793154,0.122228332,left_forearm,true,0.0010555787,0,0.0801344737,0.230412483,false,false,bar_linear_stillness,1.41227973,0.119750887,0.128381744,0.0035210466,0.006176326,0.002762136,0.05,0.02,0.2,0.08726646,0.17453292,0.17453292,-0.000151865184,-0.0018939547,-0.0018939547,false,0.0387871452,0.0255011562,0.031802,0.027719697,0.0147229647,860.59375,1.29043889,right_upper_arm,swing_yz,0.0017033607,NA,NA,NA,true,-1.026146E-05,1.26566744,-0.09635296,-0.000841670553,-0.150387511,-0.00447289366,-7.450581E-09,0,-0.009719029,-0.15471904,0.135280982,-0.179305151,0.179305136,true,0.0241287351,0,-0.154719025
140,3,0.03,SETUP,0,None,false,false,0.328439474,0.328369081,0.328439474,NA,NA,NA,false,false,NONE,-8.210746E-06,1.4106642,-0.141128525,0.9999986,0.00165673741,-3.10521182E-06,-1.91232948E-06,-0.000950767542,-0.155764386,0.0487045571,0.129899383,-0.000360247475,-0.000145956947,true,true,8,true,true,0.00414534472,0.0031350127,0.23167792,0.05832211,0.179283872,0.179326415,0.178559363,left_forearm,true,0.0013742072,0,0.110958941,0.251771778,false,false,bar_linear_stillness,1.4106642,0.1632041,0.129899964,0.00436732126,0.00878907,0.0030099682,0.05,0.02,0.2,0.08726646,0.17453292,0.17453292,-0.000151865184,-0.0018939547,-0.0018939547,false,0.03897107,0.02556058,0.02964455,0.0293649826,0.0145050511,811.8686,1.21737671,right_upper_arm,swing_yz,0.00303186872,NA,NA,NA,true,-2.12740742E-05,1.263667,-0.09639693,-0.00123171113,-0.196793586,-0.00362813077,-7.450581E-09,0,-0.009719029,-0.15471904,0.135280982,-0.179305151,0.179305136,true,0.0136180352,0,-0.122885168
140,4,0.04,SETUP,0,None,false,false,0.32825923,0.328135848,0.32825923,NA,NA,NA,false,false,NONE,-2.89374311E-05,1.40872133,-0.140671447,0.9999978,0.00209074235,-6.3604175E-06,-1.56489341E-06,-0.00192616624,-0.187044352,0.0473614149,0.09436758,-0.000580046035,-5.09591264E-05,true,true,8,true,true,0.005530808,0.0033238302,0.231694624,0.0583053976,0.1792693,0.179340988,0.230821669,left_forearm,true,0.00177481945,0,0.14664878,0.231016532,false,false,bar_linear_stillness,1.40872133,0.192957,0.0943693742,0.00447517261,0.0111131072,0.00539324433,0.05,0.02,0.2,0.08726646,0.17453292,0.17453292,-0.000198692083,-0.00252756127,-0.00252756127,false,0.03867014,0.0256887227,0.0275185369,0.03175894,0.0150371585,757.2144,1.13542414,right_upper_arm,swing_yz,0.004655545,NA,NA,NA,true,-3.585754E-05,1.26142907,-0.09641364,-0.00163719733,-0.2203283,-0.000663050043,-7.450581E-09,0,-0.009719029,-0.15471904,0.135280982,-0.179305151,0.179305136,true,0.0108398488,0,-0.111032136
140,5,0.05,SETUP,0,None,false,false,0.328083754,0.327916563,0.328083754,NA,NA,NA,false,false,NONE,-6.03740846E-05,1.40661573,-0.140267983,0.9999977,0.00214909739,-1.08008489E-05,-2.615428E-07,-0.002937801,-0.201971292,0.0422879048,0.021544354,-0.0008122986,9.636041E-05,true,true,8,true,true,0.00535408175,0.00272394461,0.231662512,0.05833751,0.1792501,0.179360181,0.2790658,left_forearm,true,0.00226339744,0,0.1882798,0.174304038,false,false,bar_linear_stillness,1.40661573,0.206371754,0.0215598773,0.00414320454,0.012992342,0.008457285,0.05,0.02,0.2,0.08726646,0.17453292,0.17453292,-0.00024266541,-0.00236908346,-0.00236908346,false,0.0368831977,0.0258864257,0.0254021436,0.03484448,0.0161246713,698.5637,1.04747891,right_upper_arm,swing_yz,0.006227164,NA,NA,NA,true,-5.50411678E-05,1.25916135,-0.09638153,-0.002117685,-0.223787591,0.0041665514,-7.450581E-09,0,-0.009719029,-0.15471904,0.135280982,-0.179305151,0.179305136,true,0.00976764,0,-0.105635822
140,6,0.06,SETUP,0,None,false,false,0.327921629,0.327734649,0.327921629,NA,NA,NA,false,false,NONE,-0.0001025218,1.40451157,-0.1399432,0.9999986,0.00167005789,-1.64669855E-05,2.211193E-06,-0.00395440729,-0.200762272,0.03477456,-0.08327102,-0.00105271686,0.000294242025,true,true,8,true,true,0.0036658477,0.00132173963,0.231566936,0.0584330857,0.179224774,0.179385513,0.32345894,left_forearm,true,0.00279052136,0,0.2324741,0.09933595,false,false,bar_linear_stillness,1.40451157,0.203790084,0.0832781941,0.00345267029,0.0144188041,0.0122946268,0.05,0.02,0.2,0.08726646,0.17453292,0.17453292,-0.000259377062,-0.00127431122,-0.00127431122,false,0.03370651,0.0262190849,0.023522187,0.0385745279,0.017624652,638.37854,0.9572328,right_upper_arm,swing_yz,0.007498449,NA,NA,NA,true,-8.038133E-05,1.25702488,-0.0962859541,-0.00270806486,-0.211551666,0.0101888,-7.450581E-09,0,-0.009719029,-0.15471904,0.135280982,-0.179305151,0.179305136,true,0.009202516,0,-0.102069512
140,7,0.07,SETUP,0,None,false,false,0.3277871,0.32760632,0.3277871,NA,NA,NA,false,false,NONE,-0.000154961657,1.40254426,-0.139709324,0.9999999,0.000542981667,-2.34130548E-05,6.058374E-06,-0.00494103739,-0.186333925,0.0260658227,-0.210228324,-0.0013028637,0.000541480666,true,true,8,true,true,0.00119231723,0.00111487671,0.231402636,0.05859738,0.179191738,0.179418549,0.36425072,left_forearm,true,0.003289933,0,0.274132,0.0779295042,false,false,bar_linear_stillness|bar_angular_stillness,1.40254426,0.18821311,0.210233063,0.00229024212,0.0153012481,0.0167303625,0.05,0.02,0.2,0.08726646,0.17453292,0.17453292,-0.00022726506,0.00074103527,0.00074103527,false,0.0293172039,0.026781192,0.0220914111,0.0428450853,0.0193819813,578.8277,0.867937744,right_upper_arm,swing_yz,0.008337229,NA,NA,NA,true,-0.000113419577,1.25512707,-0.09612166,-0.00341396336,-0.188697875,0.0165859349,-7.450581E-09,0,-0.009719029,-0.15471904,0.135280982,-0.179305151,0.179305136,true,0.008820412,0,-0.09910539
140,8,0.08,SETUP,0,None,false,false,0.32769227,0.327540874,0.32769227,NA,NA,NA,false,false,NONE,-0.000216807923,1.400805,-0.139567092,0.999999166,-0.00127919635,-3.17275881E-05,1.146146E-05,-0.00585680036,-0.163090631,0.0172785558,-0.346840233,-0.00156868435,0.0008336343,true,true,8,true,true,0.0024186864,0.00309688342,0.231173247,0.0588267669,0.179149821,0.179460466,0.40173313,left_forearm,true,0.00370407943,0,0.308638752,0.153834775,false,false,bar_linear_stillness|bar_angular_stillness,1.400805,0.1641079,0.3468448,0.00154408091,0.0156097738,0.021606205,0.05,0.02,0.2,0.08726646,0.17453292,0.17453292,-0.000131689012,0.003471353,0.003471353,false,0.0241000187,0.0276556537,0.02128318,0.04751291,0.0212554522,521.6661,0.7822253,right_upper_arm,swing_yz,0.008713649,NA,NA,NA,true,-0.000155324582,1.25352335,-0.09589227,-0.004213974,-0.160232589,0.0225766264,-7.450581E-09,0,-0.009719029,-0.15471904,0.135280982,-0.179305151,0.179305136,true,0.008505418,0,-0.09627924
140,9,0.09,SETUP,0,None,false,false,0.327645838,0.3275401,0.327645838,NA,NA,NA,false,false,NONE,-0.0002867961,1.39933717,-0.139508426,0.999992847,-0.00377734983,-4.154141E-05,1.85598055E-05,-0.00666722143,-0.1357706,0.009260838,-0.480050623,-0.00185856258,0.00116210245,true,true,8,true,true,0.005283018,0.00495060533,0.230889574,0.0591104478,0.179098472,0.179511815,0.436205417,left_forearm,true,0.003997626,0,0.333103627,0.235136956,false,false,bar_linear_stillness|bar_angular_stillness,1.39933717,0.1362493,0.48005563,0.00267442665,0.0154099343,0.026753379,0.05,0.02,0.2,0.08726646,0.17453292,0.17453292,3.260374E-05,0.00661722524,0.00661722524,false,0.01870491,0.0288886372,0.0211984646,0.0524059646,0.0231269971,515.1837,0.257501721,abdomen,twist_x,0.008673175,NA,NA,NA,true,-0.0002066851,1.25222385,-0.09560859,-0.00506930146,-0.130561188,0.027526943,-7.450581E-09,0,-0.009719029,-0.15471904,0.135280982,-0.179305151,0.179305136,true,0.008210533,0,-0.09340737
140,10,0.1,SETUP,0,None,false,false,0.32765156,0.3275994,0.32765156,NA,NA,NA,false,false,NONE,-0.00036348257,1.39814174,-0.139519855,0.9999764,-0.006873216,-5.30261277E-05,2.743785E-05,-0.007353796,-0.108559623,0.0025303904,-0.598068953,-0.00218142662,0.00151505019,true,true,8,true,true,0.007664492,0.006338119,0.230567262,0.05943276,0.17903766,0.179572627,0.467944115,left_forearm,true,0.00415965356,0,0.346613318,0.293311924,false,false,bar_linear_stillness|bar_angular_stillness,1.39814174,0.108837828,0.598074853,0.004256738,0.0147134308,0.0319445319,0.05,0.02,0.2,0.08726646,0.17453292,0.17453292,0.000261992216,0.009858769,0.009858769,false,0.0131304646,0.0304806158,0.0218544435,0.05734354,0.0249075964,551.477661,0.275642335,abdomen,twist_x,0.008310144,NA,NA,NA,true,-0.0002674838,1.2512033,-0.09528628,-0.00593573926,-0.103136256,0.0310081318,-7.450581E-09,0,-0.009719029,-0.15471904,0.135280982,-0.179305151,0.179305136,true,0.007916877,0,-0.0904332548
140,11,0.11,SETUP,0,None,false,false,0.327707767,0.327708364,0.327708364,NA,NA,NA,false,false,NONE,-0.0004454553,1.39718747,-0.139585733,0.999945462,-0.0104425214,-6.638674E-05,3.8123806E-05,-0.007916572,-0.0845966339,-0.00271411939,-0.6917484,-0.00254520355,0.00187922479,true,true,8,true,true,0.009301534,0.007150596,0.230224341,0.05977568,0.178967953,0.179642335,0.4971879,left_forearm,true,0.004199955,0,0.349962115,0.3189087,false,false,bar_linear_stillness|bar_angular_stillness,1.39718747,0.08500958,0.6917556,0.006214808,0.0136544527,0.037006963,0.05,0.02,0.2,0.08726646,0.17453292,0.17453292,0.0005456731,0.0129056741,0.0129056741,false,0.007682778,0.03238916,0.0231911913,0.0621542148,0.02653789,580.7506,0.2902737,abdomen,twist_x,0.007741937,NA,NA,NA,true,-0.00033719404,1.25041354,-0.09494336,-0.00677335262,-0.08028611,0.032812275,-7.450581E-09,0,-0.009719029,-0.15471904,0.135280982,-0.179305151,0.179305136,true,0.007612021,0,-0.08738084
140,12,0.12,SETUP,0,None,false,false,0.327808559,0.3278532,0.3278532,NA,NA,NA,false,false,NONE,-0.0005315271,1.39642358,-0.1396909,0.9998973,-0.0143324984,-8.185027E-05,5.05952776E-05,-0.008371295,-0.06577162,-0.006528844,-0.7553664,-0.00295533426,0.00224220916,true,true,8,true,true,0.009617938,0.00739309564,0.229878873,0.06012115,0.178890213,0.179720074,0.5241365,left_forearm,true,0.004143281,0,0.34519276,0.310419738,false,false,bar_linear_stillness|bar_angular_stillness,1.39642358,0.06662289,0.7553755,0.008372285,0.01233335,0.0417595133,0.05,0.02,0.2,0.08726646,0.17453292,0.17453292,0.0008679852,0.0155289,0.0155289,false,0.00261712237,0.0345385931,0.02508912,0.0666944,0.0279868376,603.2252,0.3015071,abdomen,twist_x,0.00708938669,NA,NA,NA,true,-0.0004149404,1.24979436,-0.09459789,-0.007570799,-0.0630736,0.03293637,-7.450581E-09,0,-0.009719029,-0.15471904,0.135280982,-0.179305151,0.179305136,true,0.00729115633,0,-0.08432131
140,13,0.13,SETUP,0,None,false,false,0.327944338,0.328019023,0.328019023,NA,NA,NA,false,false,NONE,-0.0006207994,1.39579225,-0.139822572,0.9998311,-0.018380696,-9.964547E-05,6.478842E-05,-0.008742162,-0.0527295247,-0.009145961,-0.7868964,-0.00341406954,0.0025920216,true,true,8,true,true,0.00933225,0.006820059,0.229547143,0.06045288,0.1788053,0.179804981,0.548954,left_forearm,true,0.0040218886,0,0.334984571,0.274783254,false,false,bar_linear_stillness|bar_angular_stillness,1.39579225,0.0542261638,0.7869081,0.0106530525,0.0108306156,0.04609125,0.05,0.02,0.2,0.08726646,0.17453292,0.17453292,0.00121090561,0.0175765753,0.0175765753,false,0.00252952264,0.0368342325,0.0273921639,0.07086264,0.0292487033,619.6933,0.309738219,abdomen,twist_x,0.0064566806,NA,NA,NA,true,-0.000499841932,1.24928558,-0.09426616,-0.008316208,-0.0516383275,0.03155472,-7.450581E-09,0,-0.009719029,-0.15471904,0.135280982,-0.179305151,0.179305136,true,0.007151996,0,-0.0814512
140,14,0.14,SETUP,0,None,false,false,0.328104019,0.328192,0.328192,NA,NA,NA,false,false,NONE,-0.000712898734,1.39523888,-0.139971271,0.999748349,-0.0224315245,-0.000119999291,8.06020544E-05,-0.009075287,-0.04511787,-0.010885451,-0.787616849,-0.003921805,0.00291856588,true,true,8,true,true,0.008872145,0.006028335,0.229242235,0.06075778,0.178714022,0.179896265,0.571779549,left_forearm,true,0.00386896543,0,0.3221063,0.231964752,false,false,bar_linear_stillness|bar_angular_stillness,1.39523888,0.0472913943,0.787632048,0.012992342,0.009290192,0.04993507,0.05,0.02,0.2,0.08726646,0.17453292,0.17453292,0.00155637413,0.0189768616,0.0189768616,false,0.006008259,0.0391934253,0.0299334284,0.07460093,0.03033541,631.2778,0.315528452,abdomen,twist_x,0.005918802,NA,NA,NA,true,-0.0005911241,1.24883473,-0.09396126,-0.008994096,-0.045443248,0.028965421,-7.450581E-09,0,-0.009719029,-0.15471904,0.135280982,-0.179305151,0.179305136,true,0.00702498,0,-0.07899732
140,15,0.15,SETUP,0,None,false,false,0.328274667,0.328360558,0.328360558,NA,NA,NA,false,false,NONE,-0.0008078788,1.39471889,-0.1401311,0.999652743,-0.0263499152,-0.00014311765,9.791846E-05,-0.009420583,-0.041916348,-0.0120831337,-0.761288941,-0.0044767526,0.00321445218,true,true,8,true,true,0.008325196,0.005142791,0.228973314,0.0610267073,0.1786172,0.1799931,0.592736065,left_forearm,true,0.003713615,0,0.308995,0.221760556,false,false,bar_linear_stillness|bar_angular_stillness,1.39471889,0.0446288,0.7613089,0.0153168216,0.00772040943,0.0532846749,0.05,0.02,0.2,0.08726646,0.17453292,0.17453292,0.00188810378,0.0197342318,0.0197342318,false,0.008796195,0.0415126868,0.0325551964,0.07788857,0.0312666558,639.2228,0.319499552,abdomen,twist_x,0.005513961,NA,NA,NA,true,-0.0006879536,1.24840033,-0.09369233,-0.009584965,-0.04340381,0.025523698,-7.450581E-09,0,-0.009719029,-0.15471904,0.135280982,-0.179305151,0.179305136,true,0.006876279,0,-0.07710811
140,16,0.16,SETUP,0,None,false,false,0.328449667,0.328515,0.328515,NA,NA,NA,false,false,NONE,-0.0009062699,1.39420044,-0.140299231,0.999549031,-0.0300279427,-0.00016918336,0.000116636686,-0.009806184,-0.04179457,-0.0130319251,-0.713592052,-0.00507200044,0.00348155037,true,true,8,true,true,0.00755282445,0.00430022553,0.22874561,0.06125442,0.17851536,0.180094928,0.6119378,left_forearm,true,0.00357775739,0,0.297491074,0.276273936,false,false,bar_linear_stillness|bar_angular_stillness,1.39420044,0.044864,0.7136186,0.0175510328,0.006328851,0.0561520644,0.05,0.02,0.2,0.08726646,0.17453292,0.17453292,0.002193004,0.0199141,0.0199141,false,0.0112345684,0.0437298529,0.03511937,0.08073656,0.0320682339,644.9439,0.3223591,abdomen,twist_x,0.00524881249,NA,NA,NA,true,-0.0007897845,1.247957,-0.09346462,-0.01012604,-0.0439847149,0.0215894319,-7.450581E-09,0,-0.009719029,-0.15471904,0.135280982,-0.179305151,0.179305136,true,0.006689351,0,-0.0759317055
140,17,0.17,SETUP,0,None,false,false,0.328616261,0.328651428,0.328651428,NA,NA,NA,false,false,NONE,-0.00100876845,1.39366651,-0.140475214,0.999442339,-0.0333901346,-0.000198341091,0.0001366817,-0.0102515873,-0.0433171839,-0.01394539,-0.6507465,-0.005700291,0.003724425,true,true,8,true,true,0.006762542,0.0036159365,0.228560865,0.0614391565,0.178408936,0.180201352,0.6294956,left_forearm,true,0.00347472262,0,0.288717419,0.377053082,false,false,bar_linear_stillness|bar_angular_stillness,1.39366651,0.04664705,0.650782168,0.0195922684,0.00655098353,0.05856328,0.05,0.02,0.2,0.08726646,0.17453292,0.17453292,0.0024619326,0.0196196921,0.0196196921,false,0.013063564,0.04578301,0.0375247933,0.0831772,0.032764636,649.387146,0.324579954,abdomen,twist_x,0.00512456056,NA,NA,NA,true,-0.0008962226,1.2474916,-0.09327988,-0.0106199393,-0.0458876938,0.0174812768,-7.450581E-09,0,-0.009719029,-0.15471904,0.135280982,-0.179305151,0.179305136,true,0.00647139037,0,-0.0754706338
140,18,0.18,SETUP,0,None,false,false,0.328771532,0.328766763,0.328771532,NA,NA,NA,false,false,NONE,-0.00111614424,1.3931129,-0.140659869,0.999337554,-0.0363921151,-0.000230697551,0.00015801363,-0.0107631795,-0.0452030525,-0.0149446009,-0.578988433,-0.006353283,0.003950798,true,true,8,true,true,0.006034509,0.003089074,0.228418022,0.06158199,0.17829819,0.1803121,0.645519733,left_forearm,true,0.003409736,0,0.283116072,0.494533658,false,false,bar_linear_stillness|bar_angular_stillness,1.3931129,0.04881089,0.5790368,0.02145116,0.008597085,0.06059249,0.05,0.02,0.2,0.08726646,0.17453292,0.17453292,0.00268964469,0.0189712923,0.0189712923,false,0.0143730761,0.0476394966,0.03970163,0.0852560252,0.0333758,653.300354,0.326535881,abdomen,twist_x,0.005096379,NA,NA,NA,true,-0.00100695994,1.247004,-0.09313705,-0.0110767037,-0.0478977747,0.0134534976,-7.450581E-09,0,-0.009719029,-0.15471904,0.135280982,-0.179305151,0.179305136,true,0.00625897665,0,-0.07561206
140,19,0.19,SETUP,0,None,false,false,0.328912258,0.328861535,0.328912258,NA,NA,NA,false,false,NONE,-0.0012290657,1.39254618,-0.140854567,0.999238431,-0.0390176363,-0.000266313844,0.000180635674,-0.0113318544,-0.04640872,-0.0160715133,-0.503890038,-0.00702191237,0.004169774,true,true,8,true,true,0.00543640926,0.0026860442,0.228314161,0.0616858527,0.178183347,0.18042694,0.660119236,left_forearm,true,0.00338207278,0,0.280627728,0.611522734,false,false,bar_linear_stillness|bar_angular_stillness,1.39254618,0.0504031144,0.5039562,0.023109816,0.0103349779,0.062292356,0.05,0.02,0.2,0.08726646,0.17453292,0.17453292,0.00287438184,0.0180867054,0.0180867054,false,0.0152622182,0.04928849,0.0416137353,0.08702494,0.0339180939,657.1599,0.328464985,abdomen,twist_x,0.00514126755,NA,NA,NA,true,-0.00112179818,1.24650311,-0.09303319,-0.011509655,-0.0490570478,0.009686391,-7.450581E-09,0,-0.009719029,-0.15471904,0.135280982,-0.179305151,0.179305136,true,0.006061461,0,-0.0761945
140,20,0.2,SETUP,0,None,false,false,0.329036176,0.328938544,0.329036176,NA,NA,NA,false,false,NONE,-0.00134803262,1.39198017,-0.141060457,0.999147832,-0.04127296,-0.0003052105,0.000204585216,-0.011943277,-0.0461982042,-0.0173015986,-0.429972738,-0.00769771263,0.00438950676,true,true,8,true,true,0.00500432262,0.00242218375,0.228245169,0.06175486,0.17806448,0.1805458,0.673401952,left_forearm,true,0.00338696572,0,0.280852377,0.718892038,false,false,bar_linear_stillness|bar_angular_stillness,1.39198017,0.0507568829,0.430064052,0.0245408416,0.0117390947,0.06371919,0.05,0.02,0.2,0.08726646,0.17453292,0.17453292,0.003017217,0.0170696154,0.0170696154,false,0.0158240236,0.0507346541,0.0432544947,0.08853377,0.0344032422,661.1698,0.330469221,abdomen,twist_x,0.005256989,NA,NA,NA,true,-0.00124067313,1.24600422,-0.09296418,-0.011932631,-0.0487375744,0.00628658244,-7.450581E-09,0,-0.009719029,-0.15471904,0.135280982,-0.179305151,0.179305136,true,0.00589990849,0,-0.0770413056
140,21,0.21,SETUP,0,None,false,false,0.329143584,0.329000175,0.329143584,NA,NA,NA,false,false,NONE,-0.00147342146,1.39143336,-0.141278088,0.9990672,-0.04318063,-0.000347377034,0.0002299215,-0.0125865517,-0.04415316,-0.018568825,-0.360473275,-0.008373368,0.00461642,true,true,8,true,true,0.00474371947,0.002317427,0.228206545,0.0617934838,0.177941486,0.1806688,0.68547374,left_forearm,true,0.00341667514,0,0.2831416,0.8119349,false,false,bar_linear_stillness|bar_angular_stillness,1.39143336,0.0495249853,0.360600054,0.0258006565,0.0129371723,0.0649277344,0.05,0.02,0.2,0.08726646,0.17453292,0.17453292,0.003121078,0.0160020236,0.0160020236,false,0.0161362011,0.0519923829,0.0446367525,0.08982587,0.0348385051,665.2813,0.33252427,abdomen,twist_x,0.005408788,NA,NA,NA,true,-0.00136366708,1.24552608,-0.092925556,-0.0123564061,-0.0466594547,0.00329444814,-7.450581E-09,0,-0.009719029,-0.15471904,0.135280982,-0.179305151,0.179305136,true,0.00577017432,0,-0.07799258
140,22,0.22,SETUP,0,None,false,false,0.329236329,0.329050422,0.329236329,NA,NA,NA,false,false,NONE,-0.00160541967,1.39092517,-0.141507149,0.9989971,-0.04477288,-0.000392768445,0.000256718282,-0.0132395206,-0.0401493,-0.0197894257,-0.2974227,-0.009040714,0.00485478947,true,true,8,true,true,0.00466126576,0.00238011335,0.228194,0.06180603,0.177814052,0.180796236,0.6964367,left_forearm,true,0.00346298446,0,0.286808223,0.8886598,false,false,bar_linear_stillness|bar_angular_stillness,1.39092517,0.0466783978,0.297599673,0.0269044563,0.0138624,0.06594808,0.05,0.02,0.2,0.08726646,0.17453292,0.17453292,0.00319008529,0.0149417734,0.0149417734,false,0.0162728187,0.05309543,0.045784682,0.09093712,0.0352288373,669.361267,0.334563524,abdomen,twist_x,0.005570863,NA,NA,NA,true,-0.00149110181,1.24508774,-0.09291301,-0.0128034987,-0.042769704,0.0006997238,-7.450581E-09,0,-0.009719029,-0.15471904,0.135280982,-0.179305151,0.179305136,true,0.00566003425,0,-0.0789493248
140,23,0.23,SETUP,0,None,false,false,0.329313159,0.329093754,0.329313159,NA,NA,NA,false,false,NONE,-0.00174397707,1.39047432,-0.141746461,0.9989373,-0.0460861176,-0.000441308075,0.000285038637,-0.01389202,-0.0343342274,-0.0208729673,-0.241471589,-0.009694998,0.00510394853,true,true,8,true,true,0.00470224349,0.00258204388,0.228203759,0.0617962629,0.177681938,0.180928349,0.70638746,left_forearm,true,0.003516371,0,0.291058064,0.9493121,false,false,bar_linear_stillness|bar_angular_stillness,1.39047432,0.0425148,0.241720021,0.0278622229,0.0146158813,0.0668209642,0.05,0.02,0.2,0.08726646,0.17453292,0.17453292,0.003228709,0.0139221521,0.0139221521,false,0.016253693,0.05404786,0.0467339866,0.0918871462,0.03557205,672.9989,0.3363817,abdomen,twist_x,0.005721112,NA,NA,NA,true,-0.00162322051,1.244704,-0.09292278,-0.0132677592,-0.0373690464,-0.00155153975,-7.450581E-09,0,-0.009719029,-0.15471904,0.135280982,-0.179305151,0.179305136,true,0.005583273,0,-0.0798378
140,24,0.24,SETUP,0,None,false,false,0.329380572,0.3291316,0.329380572,NA,NA,NA,false,false,NONE,-0.00188907061,1.39009535,-0.141993925,0.9988874,-0.04715429,-0.000492912543,0.000314922567,-0.0145412339,-0.027101703,-0.0217385516,-0.192314848,-0.0103331767,0.0053629796,true,true,8,true,true,0.004829459,0.00285606459,0.22823301,0.06176702,0.1775449,0.181065381,0.7154202,left_forearm,true,0.00356801949,0,0.2951601,0.9955177,false,false,bar_linear_stillness,1.39009535,0.03766317,0.1926669,0.0286885872,0.0152074695,0.0675415248,0.05,0.02,0.2,0.08726646,0.17453292,0.17453292,0.00324125588,0.0129559953,0.0129559953,false,0.01609805,0.0548711866,0.0475195944,0.0926836655,0.035862606,675.818848,0.337791175,abdomen,twist_x,0.00584381446,NA,NA,NA,true,-0.00176024681,1.24438679,-0.09295202,-0.0137511678,-0.03087219,-0.003540649,-7.450581E-09,0,-0.009719029,-0.15471904,0.135280982,-0.179305151,0.179305136,true,0.00551413372,0,-0.0806283057
140,25,0.25,SETUP,0,None,false,false,0.329439163,0.3291661,0.329439163,NA,NA,NA,false,false,NONE,-0.00204060576,1.38979793,-0.1422469,0.998846769,-0.0480068065,-0.0005474902,0.000346407964,-0.01518128,-0.0189446062,-0.0223299768,-0.149037346,-0.0109534645,0.00563050527,true,true,8,true,true,0.00500891125,0.00314681069,0.228279889,0.0617201328,0.17740275,0.181207538,0.7236213,left_forearm,true,0.003611378,0,0.298572361,1.02956927,false,false,bar_linear_stillness,1.38979793,0.0329848044,0.149545357,0.029402744,0.01567075,0.0681145862,0.05,0.02,0.2,0.08726646,0.17453292,0.17453292,0.00323148817,0.012036914,0.012036914,false,0.0158102345,0.0555835739,0.0481721275,0.09332894,0.0360954553,677.528442,0.3386457,abdomen,twist_x,0.00593089731,NA,NA,NA,true,-0.0019024,1.24414241,-0.09299891,-0.0142546771,-0.0237463117,-0.00535003375,-7.450581E-09,0,-0.009719029,-0.15471904,0.135280982,-0.179305151,0.179305136,true,0.005448504,0,-0.0813315138
140,26,0.26,SETUP,0,None,false,false,0.329490364,0.3291983,0.329490364,NA,NA,NA,false,false,NONE,-0.00219842955,1.38958645,-0.142502382,0.9988148,-0.0486667864,-0.0006049449,0.000379520148,-0.0158077441,-0.0103794709,-0.0226200968,-0.110426329,-0.0115551353,0.005904316,true,true,8,true,true,0.00520431669,0.00342156482,0.228343338,0.0616566762,0.177255273,0.181355014,0.731070459,left_forearm,true,0.0036425062,0,0.300973058,1.05399263,false,false,bar_linear_stillness,1.38958645,0.0294836722,0.111186132,0.0300206449,0.01601686,0.06852993,0.05,0.02,0.2,0.08726646,0.17453292,0.17453292,0.00320224464,0.0111442041,0.0111442041,false,0.01538134,0.05619802,0.0487162843,0.0938203558,0.03626655,677.9232,0.338843,abdomen,twist_x,0.005980846,NA,NA,NA,true,-0.00204987521,1.24397218,-0.09306236,-0.014776363,-0.0164538138,-0.00705154054,-7.450581E-09,0,-0.009719029,-0.15471904,0.135280982,-0.179305151,0.179305136,true,0.005384242,0,-0.08197225
140,27,0.27,SETUP,0,None,false,false,0.329535365,0.3292281,0.329535365,NA,NA,NA,false,false,NONE,-0.00236237561,1.38946068,-0.142757431,0.998791039,-0.0491510555,-0.0006651805,0.000414271577,-0.0164195541,-0.00187625736,-0.02261405,-0.07522886,-0.0121382345,0.006181826,true,true,8,true,true,0.005381914,0.00364331529,0.22842291,0.061577104,0.177102327,0.18150796,0.737840056,left_forearm,true,0.00365972333,0,0.302229077,1.071156,false,false,bar_linear_stillness,1.38946068,0.0280092377,0.0764521658,0.0305403266,0.0163118541,0.0687938854,0.05,0.02,0.2,0.08726646,0.17453292,0.17453292,0.00315535814,0.0102527821,0.0102527821,false,0.0147983711,0.0567225143,0.0491688475,0.0941541,0.0363733433,676.9046,0.338333875,abdomen,twist_x,0.005997563,NA,NA,NA,true,-0.00220281677,1.24387383,-0.0931419358,-0.0153127247,-0.00939747,-0.008697621,-7.450581E-09,0,-0.009719029,-0.15471904,0.135280982,-0.179305151,0.179305136,true,0.00532237068,0,-0.08258657
140,28,0.28,SETUP,0,None,false,false,0.329574823,0.3292554,0.329574823,NA,NA,NA,false,false,NONE,-0.00253230869,1.38941634,-0.14300938,0.9987752,-0.04947107,-0.0007281033,0.0004506647,-0.0170190334,0.00618094951,-0.0223417319,-0.0423455276,-0.012703239,0.00646046363,true,true,8,true,true,0.00551493932,0.00376095949,0.228518486,0.0614815429,0.176943839,0.181666449,0.7439952,left_forearm,true,0.00366336829,0,0.3023755,1.08300853,false,false,bar_linear_stillness,1.38941634,0.0287576877,0.0446794555,0.0309744328,0.0165007748,0.0688943341,0.05,0.02,0.2,0.08726646,0.17453292,0.17453292,0.00309190154,0.00933873653,0.00933873653,false,0.0140495952,0.0571610443,0.0495392345,0.0943275243,0.0364155844,674.4719,0.33711797,abdomen,twist_x,0.005988961,NA,NA,NA,true,-0.00236131717,1.24384177,-0.0932375,-0.0158597715,-0.00288074673,-0.0103178732,-7.450581E-09,0,-0.009719029,-0.15471904,0.135280982,-0.179305151,0.179305136,true,0.005269127,0,-0.08320874
140,29,0.29,SETUP,0,None,false,false,0.329608858,0.329279423,0.329608858,NA,NA,NA,false,false,NONE,-0.00270813727,1.38944626,-0.143256038,0.998767,-0.0496340171,-0.000793622,0.0004886917,-0.0176108088,0.01350899,-0.0218522176,-0.0109666288,-0.013250865,0.006737932,true,true,8,true,true,0.00558875455,0.00380604388,0.228629977,0.0613700375,0.176779732,0.181830555,0.749594331,left_forearm,true,0.00365508976,0,0.301555037,1.09103227,false,false,bar_linear_stillness,1.38944626,0.031147277,0.01847301,0.03132652,0.0165872425,0.068832,0.05,0.02,0.2,0.08726646,0.17453292,0.17453292,0.00301232934,0.008383322,0.008383322,false,0.0131269805,0.0575145371,0.0498307869,0.09433928,0.03639448,670.7113,0.3352383,abdomen,twist_x,0.00596374366,NA,NA,NA,true,-0.00252542621,1.24386823,-0.093349,-0.0164135881,0.00288570463,-0.0119203394,-7.450581E-09,0,-0.009719029,-0.15471904,0.135280982,-0.179305151,0.179305136,true,0.00521486672,0,-0.08387307
140,30,0.3,SETUP,0,None,false,false,0.3296374,0.329298973,0.3296374,NA,NA,NA,false,false,NONE,-0.00288983225,1.38954163,-0.143495783,0.9987664,-0.04964491,-0.0008616486,0.0005283378,-0.0182001386,0.0199394152,-0.02120259,0.0193798877,-0.0137817413,0.007012504,true,true,8,true,true,0.00559931528,0.00379043468,0.228757292,0.06124273,0.17661,0.1820003,0.754690051,left_forearm,true,0.00363772758,0,0.300008029,1.09613347,false,false,bar_linear_stillness,1.38954163,0.03432747,0.0247929767,0.03159933,0.0166159645,0.06859949,0.05,0.02,0.2,0.08726646,0.17453292,0.17453292,0.00291676819,0.00737545127,0.00737545127,false,0.0120301191,0.0577831157,0.05004248,0.0941925049,0.0363135226,665.783752,0.332775384,abdomen,twist_x,0.0059309667,NA,NA,NA,true,-0.002695161,1.24394453,-0.09347631,-0.01697135,0.00779681,-0.0134947645,-7.450581E-09,0,-0.009719029,-0.15471904,0.135280982,-0.179305151,0.179305136,true,0.00515655,0,-0.08460482
140,31,0.31,SETUP,0,None,false,false,0.329660177,0.329313338,0.329660177,NA,NA,NA,false,false,NONE,-0.003077415,1.38969266,-0.143727586,0.998773158,-0.04950795,-0.000932097435,0.000569584838,-0.0187915359,0.0253970549,-0.0204517227,0.0488336943,-0.0142962579,0.007283221,true,true,8,true,true,0.005554635,0.00372951,0.228900015,0.0611000136,0.176434621,0.182175666,0.7593291,left_forearm,true,0.00361388619,0,0.297953457,1.09877729,false,false,bar_linear_stillness,1.38969266,0.03763516,0.0514019243,0.0317799039,0.0165152177,0.06821604,0.05,0.02,0.2,0.08726646,0.17453292,0.17453292,0.0028052628,0.0063121547,0.0063121547,false,0.0107665146,0.0579681844,0.0501711741,0.0938932747,0.0361773036,659.8848,0.329826951,abdomen,twist_x,0.00589797646,NA,NA,NA,true,-0.00287052873,1.24406183,-0.0936190262,-0.01753161,0.011832389,-0.015018533,-7.450581E-09,0,-0.009719029,-0.15471904,0.135280982,-0.179305151,0.179305136,true,0.005094227,0,-0.08541596
140,32,0.32,SETUP,0,None,false,false,0.329676569,0.3293215,0.329676569,NA,NA,NA,false,false,NONE,-0.003270945,1.38988972,-0.143950969,0.998786867,-0.0492281877,-0.00100488379,0.000612411764,-0.0193886533,0.02989205,-0.01965389,0.07726111,-0.0147945164,0.00754956435,true,true,8,true,true,0.005464223,0.00363724772,0.2290574,0.0609426275,0.176253632,0.182356656,0.763553143,left_forearm,true,0.00358677423,0,0.295657575,1.09903383,false,false,bar_linear_stillness,1.38988972,0.04069066,0.07902628,0.0318847671,0.0163410623,0.06768965,0.05,0.02,0.2,0.08726646,0.17453292,0.17453292,0.00267795473,0.005197998,0.005197998,false,0.009349638,0.0580692329,0.0502135344,0.09345226,0.0359920226,653.2384,0.326504916,abdomen,twist_x,0.005870644,NA,NA,NA,true,-0.00305152475,1.24421155,-0.09377641,-0.01809303,0.0150408233,-0.016461404,-7.450581E-09,0,-0.009719029,-0.15471904,0.135280982,-0.179305151,0.179305136,true,0.005027465,0,-0.0863084644
140,33,0.33,SETUP,0,None,false,false,0.329686761,0.329323471,0.329686761,NA,NA,NA,false,false,NONE,-0.00347051537,1.39012372,-0.1441659,0.9988072,-0.04881229,-0.00107992417,0.0006567963,-0.0199941974,0.0334857479,-0.0188533925,0.104328372,-0.015276337,0.007811672,true,true,8,true,true,0.00534290448,0.00353190023,0.229228362,0.06077166,0.176067,0.182543278,0.767399848,left_forearm,true,0.003558651,0,0.293306649,1.09675789,false,false,bar_linear_stillness,1.39012372,0.0433187447,0.105729833,0.0319071934,0.016076291,0.0670240745,0.05,0.02,0.2,0.08726646,0.17453292,0.17453292,0.00253523886,0.004043375,0.004043375,false,0.007796658,0.05808725,0.0501674972,0.09288263,0.0357641019,646.0591,0.3229165,abdomen,twist_x,0.00585233839,NA,NA,NA,true,-0.003238149,1.24438655,-0.09394738,-0.0186555926,0.0175117329,-0.01779188,-7.450581E-09,0,-0.009719029,-0.15471904,0.135280982,-0.179305151,0.179305136,true,0.004953489,0,-0.0872756839
140,34,0.34,SETUP,0,None,false,false,0.3296904,0.329318881,0.3296904,NA,NA,NA,false,false,NONE,-0.003676227,1.39038658,-0.144372687,0.9988334,-0.04826924,-0.00115713361,0.0007027142,-0.0206090324,0.0362798348,-0.0180833265,0.129568309,-0.0157411229,0.008069963,true,true,8,true,true,0.005192952,0.003427977,0.229411513,0.06058851,0.17587474,0.182735547,0.770903,left_forearm,true,0.003531306,0,0.2910462,1.09167862,false,false,bar_linear_stillness,1.39038658,0.0454748869,0.130770236,0.03183987,0.0156859569,0.0662475154,0.05,0.02,0.2,0.08726646,0.17453292,0.17453292,0.0023778528,0.00286300457,0.00286300457,false,0.00612809556,0.0580256246,0.0500329323,0.0922005549,0.03550052,638.568359,0.319172472,abdomen,twist_x,0.00584446872,NA,NA,NA,true,-0.00343041588,1.24458051,-0.09413053,-0.0192217231,0.01936897,-0.0189808644,-7.450581E-09,0,-0.009719029,-0.15471904,0.135280982,-0.179305151,0.179305136,true,0.00487098237,0,-0.08830077
140,35,0.35000000000000003,SETUP,0,None,false,false,0.329687774,0.329307854,0.329687774,NA,NA,NA,false,false,NONE,-0.00388818281,1.39067161,-0.144571885,0.998864949,-0.0476107,-0.0012364256,0.0007501396,-0.0212327689,0.0383996069,-0.0173672885,0.15248242,-0.0161879025,0.008324654,true,true,8,true,true,0.004963656,0.00333922822,0.2296052,0.06039483,0.175676763,0.182933524,0.7740928,left_forearm,true,0.003506414,0,0.289011151,1.083482,false,false,bar_linear_stillness,1.39067161,0.04719092,0.1535651,0.0317123123,0.01522314,0.0653815642,0.05,0.02,0.2,0.08726646,0.17453292,0.17453292,0.00220688432,0.00167346688,0.00167346688,false,0.0043743453,0.05788978,0.0498122461,0.09142471,0.0352087431,630.962463,0.315370828,abdomen,twist_x,0.00584641332,NA,NA,NA,true,-0.0036283813,1.24478877,-0.09432421,-0.01979544,0.0207522977,-0.0200043544,-7.450581E-09,0,-0.009719029,-0.15471904,0.135280982,-0.179305151,0.179305136,true,0.00477778167,0,-0.08935472
140,36,0.36,SETUP,0,None,false,false,0.329678774,0.329291046,0.329678774,NA,NA,NA,false,false,NONE,-0.00410647364,1.390973,-0.144764155,0.9989007,-0.0468504578,-0.00131771108,0.0007990411,-0.0218651481,0.0399579071,-0.0167154521,0.172634974,-0.0166158769,0.008575698,true,true,8,true,true,0.00481564039,0.00327093387,0.2298075,0.0601925179,0.175473019,0.183137268,0.7769966,left_forearm,true,0.00348457671,0,0.287247747,1.0719794,false,false,bar_linear_stillness,1.390973,0.04851933,0.173644647,0.03149352,0.0146972174,0.0644337162,0.05,0.02,0.2,0.08726646,0.17453292,0.17453292,0.00202373415,0.000491627434,0.000491627434,false,0.002560814,0.05768548,0.0495112576,0.0905731246,0.0348955281,623.3484,0.311565131,abdomen,twist_x,0.00585656753,NA,NA,NA,true,-0.0038321272,1.245007,-0.09452652,-0.0203737579,0.021730762,-0.0208465885,-7.450581E-09,0,-0.009719029,-0.15471904,0.135280982,-0.179305151,0.179305136,true,0.00468069734,0,-0.0904368
140,37,0.37,SETUP,0,None,false,false,0.3296641,0.32926935,0.3296641,NA,NA,NA,false,false,NONE,-0.004331199,1.391286,-0.144950181,0.998939931,-0.04600396,-0.00140090229,0.0008493857,-0.0225067567,0.04104749,-0.0161285251,0.18971175,-0.0170246363,0.008823548,true,true,8,true,true,0.00472506275,0.00322324084,0.230016589,0.05998344,0.175263435,0.183346853,0.7796401,left_forearm,true,0.00346581032,0,0.285751641,1.05714512,false,false,bar_linear_stillness,1.391286,0.0495134331,0.190678373,0.031235056,0.0140842134,0.06343038,0.05,0.02,0.2,0.08726646,0.17453292,0.17453292,0.00183005631,-0.000666650361,-0.000666650361,false,0.003942112,0.05742024,0.0491379537,0.08966347,0.0345666632,615.830566,0.307807535,abdomen,twist_x,0.005872686,NA,NA,NA,true,-0.00404171366,1.24523234,-0.0947356,-0.0209553186,0.0223747585,-0.02150124,-7.450581E-09,0,-0.009719029,-0.15471904,0.135280982,-0.179305151,0.179305136,true,0.0045650946,0,-0.09151777
140,38,0.38,SETUP,0,None,false,false,0.3296445,0.329242945,0.3296445,NA,NA,NA,false,false,NONE,-0.004562449,1.39160657,-0.145130575,0.998981535,-0.04508761,-0.00148591248,0.000901139632,-0.0231567658,0.04173299,-0.0155991707,0.203506842,-0.0174138378,0.009068993,true,true,8,true,true,0.00466208253,0.00319388183,0.23023048,0.05976954,0.175047964,0.183562323,0.7856959,right_upper_arm,true,0.00344988238,0,0.284500331,1.03911388,false,false,bar_linear_stillness|bar_angular_stillness,1.39160657,0.0502116755,0.20445177,0.0309127923,0.01342554,0.0623918064,0.05,0.02,0.2,0.08726646,0.17453292,0.17453292,0.00162774324,-0.00178779487,-0.00178779487,false,0.005778985,0.0571029969,0.04870202,0.08871226,0.03422742,608.496948,0.304142028,abdomen,twist_x,0.00589266652,NA,NA,NA,true,-0.00425718166,1.2454623,-0.0949495,-0.021540368,0.0227474775,-0.02196999,-7.450581E-09,0,-0.009719029,-0.15471904,0.135280982,-0.179305151,0.179305136,true,0.00442561368,0,-0.09257511
140,39,0.39,SETUP,0,None,false,false,0.329620361,0.329213023,0.329620361,NA,NA,NA,false,false,NONE,-0.00480029359,1.39193118,-0.145305842,0.9990246,-0.044118274,-0.00157265575,0.0009542713,-0.0238129944,0.0420643538,-0.0151177859,0.213938981,-0.0177833047,0.009312908,true,true,8,true,true,0.00462426757,0.00318172248,0.2304474,0.0595526248,0.174826577,0.18378371,0.7952117,right_upper_arm,true,0.00343620917,0,0.283441037,1.0181545,false,false,bar_linear_stillness|bar_angular_stillness,1.39193118,0.05064599,0.214878723,0.0305559374,0.0127141,0.0613239966,0.05,0.02,0.2,0.08726646,0.17453292,0.17453292,0.001418665,-0.002862013,-0.002862013,false,0.0075952257,0.05674315,0.0482142456,0.08773579,0.033882644,601.4187,0.300604135,abdomen,twist_x,0.005913991,NA,NA,NA,true,-0.004478574,1.24569428,-0.095166415,-0.0221285243,0.0228916742,-0.0222597644,-7.450581E-09,0,-0.009719029,-0.15471904,0.135280982,-0.179305151,0.179305136,true,0.00426541176,0,-0.09359639
140,40,0.4,SETUP,0,None,false,false,0.329592824,0.329180121,0.329592824,NA,NA,NA,false,false,NONE,-0.005044764,1.3922565,-0.145476371,0.9990683,-0.04311262,-0.00166104687,0.00100874854,-0.0244724974,0.0420738049,-0.01467255,0.221038342,-0.0181328654,0.00955605,true,true,8,true,true,0.004608242,0.00318664638,0.2306656,0.05933442,0.17459923,0.184011057,0.804036438,right_upper_arm,true,0.00342443516,0,0.282542229,0.9946591,false,false,bar_linear_stillness|bar_angular_stillness,1.3922565,0.0508369133,0.221986637,0.0301632639,0.0119803343,0.0602531,0.05,0.02,0.2,0.08726646,0.17453292,0.17453292,0.00120476633,-0.00388235482,-0.00388235482,false,0.009375025,0.05635004,0.0476859026,0.0867485,0.0335367657,594.644165,0.297218055,abdomen,twist_x,0.00593469059,NA,NA,NA,true,-0.00470592,1.24592638,-0.09538462,-0.0227190256,0.0228323471,-0.0223816112,-7.450581E-09,0,-0.009719029,-0.15471904,0.135280982,-0.179305151,0.179305136,true,0.004080289,0,-0.0945716
140,41,0.41000000000000003,SETUP,0,None,false,false,0.3295625,0.329145253,0.3295625,NA,NA,NA,false,false,NONE,-0.005295868,1.39257956,-0.145642459,0.999111831,-0.0420867465,-0.00175100239,0.00106454291,-0.0251324829,0.04178856,-0.01425449,0.224932626,-0.0184625927,0.009799179,true,true,8,true,true,0.00461194851,0.0032026784,0.230883539,0.05911649,0.174365908,0.184244379,0.812252641,left_upper_arm,true,0.003413969,0,0.281752557,0.9690923,false,false,bar_linear_stillness|bar_angular_stillness,1.39257956,0.0508046821,0.2259017,0.0297493879,0.0112410933,0.05919506,0.05,0.02,0.2,0.08726646,0.17453292,0.17453292,0.0009878501,-0.00484447367,-0.00484447367,false,0.0111054974,0.0559326038,0.0471282639,0.0857636854,0.03319404,588.2147,0.29400444,abdomen,twist_x,0.005953347,NA,NA,NA,true,-0.0049392404,1.24615657,-0.09560255,-0.0233105514,0.022582164,-0.0223493148,-7.450581E-09,0,-0.009719029,-0.15471904,0.135280982,-0.179305151,0.179305136,true,0.00387165113,0,-0.0954939052
140,42,0.42,SETUP,0,None,false,false,0.329530239,0.329108655,0.329530239,NA,NA,NA,false,false,NONE,-0.005553589,1.39289749,-0.145804316,0.9991545,-0.0410556644,-0.00184244057,0.00112162752,-0.0257906858,0.04122211,-0.0138538629,0.2258295,-0.0187726915,0.0100429542,true,true,8,true,true,0.00462988,0.00322721945,0.231099784,0.05890023,0.174126625,0.184483662,0.819853842,left_upper_arm,true,0.00340457074,0,0.281051248,0.941982448,false,false,bar_linear_stillness|bar_angular_stillness,1.39289749,0.0505603738,0.226830855,0.02931341,0.0104724783,0.0581546836,0.05,0.02,0.2,0.08726646,0.17453292,0.17453292,0.000769645,-0.0057459306,-0.0057459306,false,0.0127762938,0.05549921,0.04655214,0.08479285,0.0328577273,582.1583,0.2909773,abdomen,twist_x,0.00596884359,NA,NA,NA,true,-0.00517853163,1.24638331,-0.09581881,-0.0239016023,0.022147242,-0.0221782047,-7.450581E-09,0,-0.009719029,-0.15471904,0.135280982,-0.179305151,0.179305136,true,0.00363878626,0,-0.09635853
140,43,0.43,SETUP,0,None,false,false,0.329496622,0.3290714,0.329496622,NA,NA,NA,false,false,NONE,-0.00581788132,1.39320767,-0.145962089,0.999195755,-0.04003318,-0.00193528121,0.00117997825,-0.02644453,0.0403914154,-0.0134658152,0.223987848,-0.0190634355,0.0102879629,true,true,8,true,true,0.004657489,0.00325750723,0.231313139,0.05868689,0.173881382,0.1847289,0.8268715,left_upper_arm,true,0.003396002,0,0.280417383,0.913849354,false,false,bar_linear_stillness|bar_angular_stillness,1.39320767,0.05012093,0.225032911,0.0288791042,0.00974119,0.05713711,0.05,0.02,0.2,0.08726646,0.17453292,0.17453292,0.0005517155,-0.0065859966,-0.0065859966,false,0.0143792136,0.0550579056,0.04596744,0.0838465244,0.0325312763,576.508,0.288153142,abdomen,twist_x,0.00598075241,NA,NA,NA,true,-0.00542377541,1.24660456,-0.09603215,-0.024490336,0.0215341039,-0.0218837745,-7.450581E-09,0,-0.009719029,-0.15471904,0.135280982,-0.179305151,0.179305136,true,0.003377845,0,-0.0971623
140,44,0.44,SETUP,0,None,false,false,0.329462528,0.329033554,0.329462528,NA,NA,NA,false,false,NONE,-0.006088688,1.39350748,-0.146115854,0.999235153,-0.0390314721,-0.002029446,0.00123957451,-0.0270927437,0.03930314,-0.0130843408,0.21969837,-0.0193352532,0.0105347615,true,true,8,true,true,0.00469244551,0.00329053379,0.231522456,0.0584775656,0.173630223,0.184980065,0.833342433,left_upper_arm,true,0.00338802533,0,0.279830366,0.8852385,false,false,bar_linear_stillness|bar_angular_stillness,1.39350748,0.0494970046,0.220799014,0.02843817,0.00900347,0.0561648048,0.05,0.02,0.2,0.08726646,0.17453292,0.17453292,0.000335454941,-0.00736521836,-0.00736521836,false,0.0159082823,0.0546154343,0.0453834049,0.08293269,0.03221713,571.273,0.285536557,abdomen,twist_x,0.005988895,NA,NA,NA,true,-0.005674933,1.24681842,-0.0962414742,-0.0250751171,0.0207435954,-0.0214817934,-7.450581E-09,0,-0.009719029,-0.15471904,0.135280982,-0.179305151,0.179305136,true,0.00309645617,0,-0.09790507
140,45,0.45,SETUP,0,None,false,false,0.3294282,0.328995824,0.3294282,NA,NA,NA,false,false,NONE,-0.00636593066,1.39379454,-0.1462657,0.9992723,-0.0380614251,-0.002124859,0.00130039919,-0.0277333967,0.03798005,-0.0127088148,0.213265628,-0.0195886232,0.0107838865,true,true,8,true,true,0.00473054452,0.00332415337,0.231726825,0.05827319,0.1733732,0.18523708,0.839303136,left_upper_arm,true,0.00338039827,0,0.2792701,0.8566097,false,false,bar_linear_stillness|bar_angular_stillness,1.39379454,0.04871488,0.214434683,0.027998805,0.008257591,0.0552315228,0.05,0.02,0.2,0.08726646,0.17453292,0.17453292,0.000122115016,-0.00808476,-0.00808476,false,0.0173582919,0.0541782565,0.0448076874,0.08205966,0.0319179855,566.483154,0.283142477,abdomen,twist_x,0.00599372759,NA,NA,NA,true,-0.005931942,1.24702334,-0.09644585,-0.025654098,0.0197869055,-0.0209864844,-7.450581E-09,0,-0.009719029,-0.15471904,0.135280982,-0.179305151,0.179305136,true,0.00278781378,0,-0.0985849947
140,46,0.46,SETUP,0,None,false,false,0.329394341,0.328958333,0.329394341,NA,NA,NA,false,false,NONE,-0.006649516,1.39406657,-0.146411687,0.999307,-0.0371322446,-0.002221446,0.00136244006,-0.0283649247,0.03643746,-0.0123377275,0.2049913,-0.0198240541,0.0110359183,true,true,8,true,true,0.004771286,0.0033590924,0.231925488,0.05807454,0.173110425,0.185499862,0.8447888,left_upper_arm,true,0.00337348087,0,0.27876538,0.828407645,false,false,bar_linear_stillness|bar_angular_stillness,1.39406657,0.0477962,0.2062431,0.027561089,0.007564425,0.0543480553,0.05,0.02,0.2,0.08726646,0.17453292,0.17453292,-8.72090459E-05,-0.008746507,-0.008746507,false,0.0187259931,0.0537521429,0.0442473143,0.0812332,0.03163587,562.1483,0.280975819,abdomen,twist_x,0.005995261,NA,NA,NA,true,-0.00619472656,1.24721777,-0.0966445,-0.0262255277,0.0186765548,-0.0204114523,-7.450581E-09,0,-0.009719029,-0.15471904,0.135280982,-0.179305151,0.179305136,true,0.00245260587,0,-0.09920282
140,47,0.47000000000000003,SETUP,0,None,false,false,0.329361677,0.328921437,0.329361677,NA,NA,NA,false,false,NONE,-0.00693933759,1.39432168,-0.146553889,0.999339,-0.0362517647,-0.002319134,0.001425688,-0.0289862,0.0347023122,-0.0119715426,0.195167065,-0.0200420115,0.0112913344,true,true,8,true,true,0.00481278542,0.00339408731,0.232117683,0.05788233,0.172841966,0.185768321,0.849832535,left_upper_arm,true,0.00336703029,0,0.2782965,0.8009995,false,false,bar_linear_stillness,1.39432168,0.0467735827,0.1965181,0.0271602366,0.006905343,0.0535257757,0.05,0.02,0.2,0.08726646,0.17453292,0.17453292,-0.000291585922,-0.00935237948,-0.00935237948,false,0.0200083721,0.05334185,0.043708045,0.08045881,0.0313725248,558.28186,0.279043257,abdomen,twist_x,0.005994177,NA,NA,NA,true,-0.006463192,1.24740016,-0.09683671,-0.0267878249,0.0174299944,-0.0197690073,-7.450581E-09,0,-0.009719029,-0.15471904,0.135280982,-0.179305151,0.179305136,true,0.00209449418,0,-0.09975908
140,48,0.48,SETUP,0,None,false,false,0.329330266,0.328885734,0.329330266,NA,NA,NA,false,false,NONE,-0.00723527838,1.39455819,-0.14669238,0.99936825,-0.0354264267,-0.00241785217,0.00149013987,-0.0295959376,0.0328047574,-0.011611552,0.184064046,-0.020243017,0.0115506789,true,true,8,true,true,0.004855825,0.00342927314,0.232302934,0.057697095,0.172567919,0.186042368,0.854467034,left_upper_arm,true,0.00336152641,0,0.2779024,0.774698436,false,false,bar_linear_stillness,1.39455819,0.0456825979,0.185533747,0.0267711971,0.00680097425,0.0527630262,0.05,0.02,0.2,0.08726646,0.17453292,0.17453292,-0.0004902333,-0.009904642,-0.009904642,false,0.0212035626,0.0529515222,0.0431948267,0.07974072,0.03112953,554.89386,0.277349859,abdomen,twist_x,0.00599084236,NA,NA,NA,true,-0.00673722941,1.24756944,-0.0970219448,-0.0273394976,0.0160679258,-0.0190705229,-7.450581E-09,0,-0.009719029,-0.15471904,0.135280982,-0.179305151,0.179305136,true,0.00171389047,0,-0.100254565
140,49,0.49,SETUP,0,None,false,false,0.329300582,0.328851044,0.329300582,NA,NA,NA,false,false,NONE,-0.00753720524,1.39477456,-0.146827236,0.9993947,-0.0346613452,-0.00251753046,0.00155579613,-0.0301929023,0.0307734832,-0.0112577351,0.171937525,-0.02042758,0.0118144788,true,true,8,true,true,0.0049006287,0.003466098,0.232480735,0.0575192943,0.172288433,0.186321855,0.8587224,left_upper_arm,true,0.003356968,0,0.277582973,0.7497703,false,false,bar_linear_stillness,1.39477456,0.0445573255,0.173549354,0.026403524,0.00727523072,0.05207158,0.05,0.02,0.2,0.08726646,0.17453292,0.17453292,-0.0006824434,-0.0104053384,-0.0104053384,false,0.0223105755,0.0525848344,0.04271167,0.07908188,0.0309078246,551.979736,0.2758933,abdomen,twist_x,0.00598544069,NA,NA,NA,true,-0.007016714,1.24772441,-0.0971997455,-0.0278792027,0.0146117117,-0.0183268,-7.450581E-09,0,-0.009719029,-0.15471904,0.135280982,-0.179305151,0.179305136,true,0.001309493,0,-0.10069102
140,50,0.5,SETUP,0,None,false,false,0.329272628,0.328817725,0.329272628,NA,NA,NA,false,false,NONE,-0.007844983,1.39497,-0.146958575,0.999418437,-0.0339606851,-0.00261810026,0.0016226623,-0.0307761822,0.02865462,-0.01091287,0.1590159,-0.0205961168,0.0120832194,true,true,8,true,true,0.00494557,0.003502324,0.232650727,0.0573493019,0.172003627,0.186606646,0.862627864,left_upper_arm,true,0.003353354,0,0.277338266,0.726379931,false,false,bar_linear_stillness,1.39497,0.0434436575,0.160798818,0.0260581225,0.007658397,0.05143577,0.05,0.02,0.2,0.08726646,0.17453292,0.17453292,-0.0008676797,-0.0108568212,-0.0108568212,false,0.023328336,0.052244816,0.0422617942,0.0784857944,0.0307087451,549.5552,0.274681449,abdomen,twist_x,0.005978843,NA,NA,NA,true,-0.007301517,1.2478646,-0.09736974,-0.0284057427,0.0130928932,-0.0175470673,-7.450581E-09,0,-0.009719029,-0.15471904,0.135280982,-0.179305151,0.179305136,true,0.000886097841,0,-0.101067945
140,51,0.51,DESCENT,0.003,Descent,false,false,0.329246879,0.328786075,0.329246879,NA,NA,NA,false,false,NONE,-0.008158492,1.39513063,-0.1470985,0.9994363,-0.0334191322,-0.00271957344,0.00169048458,-0.03133903,0.0250659585,-0.0118403519,0.125248641,-0.0207383484,0.01235319,true,true,8,true,true,0.00503845327,0.00377208088,0.2328158,0.0571842268,0.171713218,0.186897069,0.866573751,left_upper_arm,true,0.0033311923,0,0.275714457,0.6780835,false,false,bar_linear_stillness,1.39497,0.0418405421,0.127553523,0.021705294,0.00790352747,0.05034405,0.05,0.02,0.2,0.08726646,0.17453292,0.17453292,-0.00104548037,-0.0112615107,-0.0112615107,false,0.0278711189,0.0419273265,0.05067877,0.07818686,0.03187539,559.3638,0.27958402,abdomen,twist_x,0.005965831,NA,NA,NA,true,-0.00759193162,1.2480011,-0.09753481,-0.0289594643,0.0128239384,-0.0171579327,-7.450581E-09,0,-0.009719029,-0.15471904,0.135280982,-0.179305151,0.179305136,true,0.000674314855,0,-0.102379374
140,52,0.52,DESCENT,0.006,Descent,false,false,0.329221129,0.328739882,0.329221129,NA,NA,NA,false,false,NONE,-0.00847734,1.39526439,-0.1472343,0.9994487,-0.0330334119,-0.00282192114,0.0017592822,-0.0318831056,0.02241885,-0.0114922188,0.09603352,-0.0208636411,0.012625454,true,true,8,true,true,0.00406258041,0.00265245,0.232971609,0.0570284128,0.171417981,0.187192291,0.8703616,left_upper_arm,true,0.003333171,0,0.275843471,0.640726566,false,false,bar_linear_stillness,1.39497,0.0406350642,0.0990814343,0.0187210534,0.00974119,0.04990163,0.05,0.02,0.2,0.08726646,0.17453292,0.17453292,-0.00121547282,-0.0116215581,-0.0116215581,false,0.0313815773,0.03298035,0.05816208,0.0785322338,0.03302926,574.7659,0.2872824,abdomen,twist_x,0.006012352,NA,NA,NA,true,-0.007887162,1.24812841,-0.09769063,-0.0294549055,0.0116170961,-0.015853148,-7.450581E-09,0,-0.009719029,-0.15471904,0.135280982,-0.179305151,0.179305136,true,-3.36990561E-05,0,-0.102119245
140,53,0.53,DESCENT,0.009000001,Descent,false,false,0.329193175,0.328701615,0.329193175,NA,NA,NA,false,false,NONE,-0.008801722,1.39537978,-0.147363812,0.9994578,-0.0327443853,-0.0029249154,0.00182918564,-0.03243321,0.0205863416,-0.0107866973,0.07708164,-0.0209698752,0.0128998905,true,true,8,true,true,0.00457951659,0.00305350078,0.23311165,0.05688838,0.171118,0.187492281,0.873908758,left_upper_arm,true,0.00334449718,0,0.2767354,0.620702744,false,false,bar_linear_stillness,1.39497,0.03990067,0.080918,0.0170829184,0.0105405562,0.04965254,0.05,0.02,0.2,0.08726646,0.17453292,0.17453292,-0.00138054788,-0.0121151963,-0.0121151963,false,0.0345424227,0.0253586452,0.06464701,0.07907952,0.0340842567,584.559,0.29217723,abdomen,twist_x,0.00602728,NA,NA,NA,true,-0.00818714,1.24823487,-0.09783066,-0.0299249124,0.009492267,-0.0143991057,-7.450581E-09,0,-0.009719029,-0.15471904,0.135280982,-0.179305151,0.179305136,true,-0.0006103248,0,-0.10235519
140,54,0.54,DESCENT,0.012000001,Descent,false,false,0.329171181,0.3286729,0.329171181,NA,NA,NA,false,false,NONE,-0.009131451,1.39547908,-0.147487372,0.999465048,-0.0325078554,-0.00302840839,0.0019003459,-0.032965105,0.0189757571,-0.0101392651,0.06656548,-0.0210614614,0.01318086,true,true,8,true,true,0.00530190533,0.00374425272,0.233237624,0.0567624047,0.1708133,0.18779698,0.877183,left_upper_arm,true,0.00335358013,0,0.277478725,0.6138408,false,false,bar_linear_stillness,1.39497,0.0393647328,0.07105127,0.01655847,0.0105405562,0.0494793579,0.05,0.02,0.2,0.08726646,0.17453292,0.17453292,-0.00153636187,-0.0122143282,-0.0122143282,false,0.0370092839,0.01879086,0.07029729,0.0796939,0.0350300074,593.3711,0.296581745,abdomen,twist_x,0.00598920137,NA,NA,NA,true,-0.008491846,1.24831748,-0.0979566351,-0.0303750411,0.007107255,-0.013164496,-7.450581E-09,0,-0.009719029,-0.15471904,0.135280982,-0.179305151,0.179305136,true,-0.00124330388,0,-0.102178767
140,55,0.55,DESCENT,0.0150000015,Descent,false,false,0.3291583,0.328653872,0.3291583,NA,NA,NA,false,false,NONE,-0.009466082,1.39556384,-0.147605151,0.9994718,-0.0322875381,-0.0031322923,0.00197292538,-0.03345719,0.01755429,-0.009521811,0.06344369,-0.0211424772,0.0134718176,true,true,8,true,true,0.005753345,0.004174623,0.233353257,0.0566467568,0.170504123,0.188106164,0.8801492,left_upper_arm,true,0.00336162956,0,0.2781493,0.6175259,false,false,bar_linear_stillness,1.39497,0.0389641076,0.06821727,0.0172080714,0.009790018,0.0493780524,0.05,0.02,0.2,0.08726646,0.17453292,0.17453292,-0.00167639554,-0.0121933138,-0.0121933138,false,0.0389717929,0.0133377193,0.07520014,0.08038569,0.03585172,600.766235,0.300278,abdomen,twist_x,0.005928548,NA,NA,NA,true,-0.008801022,1.248377,-0.09807228,-0.0308021735,0.00482811546,-0.0122215254,-7.450581E-09,0,-0.009719029,-0.15471904,0.135280982,-0.179305151,0.179305136,true,-0.001893896,0,-0.10169585
140,56,0.56,DESCENT,0.0180000011,Descent,false,false,0.329156578,0.3286466,0.329156578,NA,NA,NA,false,false,NONE,-0.009805184,1.39563656,-0.147717327,0.9994788,-0.0320540331,-0.00323647331,0.00204707519,-0.0339077,0.0164074749,-0.00892626,0.06624451,-0.0212153,0.013773974,true,true,8,true,true,0.00600122567,0.00439048745,0.2334621,0.0565379336,0.170190826,0.188419461,0.882810831,left_upper_arm,true,0.00337060727,0,0.278902054,0.628895164,false,false,bar_linear_stillness,1.39497,0.0387119539,0.0709094256,0.0188732613,0.008315136,0.0493200719,0.05,0.02,0.2,0.08726646,0.17453292,0.17453292,-0.00180237,-0.0122031486,-0.0122031486,false,0.0405860022,0.008907859,0.07945741,0.0811321,0.03656289,607.47345,0.303630441,abdomen,twist_x,0.005867707,NA,NA,NA,true,-0.009114321,1.24841642,-0.0981811062,-0.03120306,0.00288555236,-0.0115819294,-7.450581E-09,0,-0.009719029,-0.15471904,0.135280982,-0.179305151,0.179305136,true,-0.00250387588,0,-0.101117127
140,57,0.57000000000000006,DESCENT,0.0210000016,Descent,false,false,0.329164684,0.328649342,0.329164684,NA,NA,NA,false,false,NONE,-0.0101484274,1.39570057,-0.147824243,0.999486864,-0.0317867845,-0.00334087457,0.00212291954,-0.03432628,0.0155989379,-0.008372956,0.0731083,-0.0212811548,0.0140873585,true,true,8,true,true,0.006104628,0.004456017,0.233567178,0.0564328432,0.169873759,0.188736528,0.8852075,left_upper_arm,true,0.00338076125,0,0.27975747,0.6448656,false,false,bar_linear_stillness,1.39497,0.03862288,0.0774349049,0.021328548,0.006403751,0.0492958948,0.05,0.02,0.2,0.08726646,0.17453292,0.17453292,-0.00191801786,-0.0122866891,-0.0122866891,false,0.04199713,0.0110245133,0.08325417,0.08191783,0.0372253321,614.4743,0.307129651,abdomen,twist_x,0.00581664266,NA,NA,NA,true,-0.009431395,1.2484405,-0.0982862,-0.03157686,0.00141192728,-0.011221447,-7.450581E-09,0,-0.009719029,-0.15471904,0.135280982,-0.179305151,0.179305136,true,-0.00305697042,0,-0.100554846
140,58,0.58,DESCENT,0.0240000021,Descent,false,false,0.329178631,0.328657985,0.329178631,NA,NA,NA,false,false,NONE,-0.0104956245,1.39576149,-0.1479256,0.99949646,-0.03146607,-0.00344542344,0.002200583,-0.0347265229,0.0153580755,-0.00779191824,0.08406,-0.021341335,0.0144119449,true,true,8,true,true,0.006078235,0.004382836,0.233670741,0.05632928,0.16955325,0.189057037,0.8873471,left_upper_arm,true,0.0033950198,0,0.2809484,0.665057957,false,false,bar_linear_stillness,1.39497,0.0387623,0.0879161,0.0245602652,0.008734647,0.04928138,0.05,0.02,0.2,0.08726646,0.17453292,0.17453292,-0.002026841,-0.0124622285,-0.0124622285,false,0.0432221852,0.0142270206,0.08662104,0.0827489,0.0378429778,620.436035,0.310109466,abdomen,twist_x,0.005783378,NA,NA,NA,true,-0.009751906,1.248454,-0.09838976,-0.0319246426,0.000399526965,-0.0110553326,-7.450581E-09,0,-0.009719029,-0.15471904,0.135280982,-0.179305151,0.179305136,true,-0.00355407316,0,-0.100082994
140,59,0.59,DESCENT,0.0270000026,Descent,false,false,0.3291976,0.328671873,0.3291976,NA,NA,NA,false,false,NONE,-0.0108467145,1.39582551,-0.148021385,0.9995082,-0.03107408,-0.003550049,0.00228018733,-0.03511947,0.0157292634,-0.00720773032,0.09851383,-0.0213965066,0.0147478795,true,true,8,true,true,0.00605452759,0.004316065,0.233774364,0.0562256575,0.169229522,0.189380765,0.889246047,left_upper_arm,true,0.00341191981,0,0.2823606,0.6883472,false,false,bar_linear_stillness,1.39497,0.0391502,0.10188368,0.0284716859,0.0118603278,0.0492378175,0.05,0.02,0.2,0.08726646,0.17453292,0.17453292,-0.00213193148,-0.0127323736,-0.0127323736,false,0.0442889929,0.0168086812,0.0895480663,0.083563365,0.0383886844,625.470764,0.312625945,abdomen,twist_x,0.00576322945,NA,NA,NA,true,-0.0100756232,1.248462,-0.09849338,-0.0322520435,-0.000134483969,-0.0110571543,-7.450581E-09,0,-0.009719029,-0.15471904,0.135280982,-0.179305151,0.179305136,true,-0.00399730774,0,-0.09972855
140,60,0.6,DESCENT,0.0300000031,Descent,false,false,0.329219341,0.328688145,0.329219341,NA,NA,NA,false,false,NONE,-0.0112016862,1.395898,-0.148111925,0.999522269,-0.0305993445,-0.00365469069,0.00236183731,-0.035510283,0.0166300461,-0.00666191755,0.115186282,-0.0214466546,0.0150955673,true,true,8,true,true,0.006037327,0.0042730663,0.2338795,0.0561205074,0.168902755,0.189707533,0.890939,left_upper_arm,true,0.003429285,0,0.2838197,0.7127119,false,false,bar_linear_stillness,1.39497,0.0397733562,0.118134305,0.0328279771,0.0153323794,0.04915057,0.05,0.02,0.2,0.08726646,0.17453292,0.17453292,-0.00223549455,-0.0130725931,-0.0130725931,false,0.0452664942,0.018951539,0.09214036,0.0843249857,0.0388880447,630.293762,0.3150366,abdomen,twist_x,0.005751438,NA,NA,NA,true,-0.0104024019,1.24846923,-0.09859853,-0.0325655527,-0.000161559379,-0.0112116495,-7.450581E-09,0,-0.009719029,-0.15471904,0.135280982,-0.179305151,0.179305136,true,-0.00440156832,0,-0.09946823
140,61,0.61,DESCENT,0.0330000035,Descent,false,false,0.329240322,0.328703523,0.329240322,NA,NA,NA,false,false,NONE,-0.0115605481,1.39598477,-0.148196891,0.999538958,-0.0300294589,-0.00375928637,0.00244564749,-0.0359016657,0.018113859,-0.00608481653,0.134409338,-0.0214917716,0.0154555384,true,true,8,true,true,0.005992728,0.004201027,0.233987212,0.0560128,0.168573,0.19003728,0.8924292,left_upper_arm,true,0.00344777619,0,0.285370052,0.7384824,false,false,bar_linear_stillness,1.39497,0.0406702161,0.136991382,0.03769005,0.0191616137,0.0489902161,0.05,0.02,0.2,0.08726646,0.17453292,0.17453292,-0.00233911723,-0.013478755,-0.013478755,false,0.0461773165,0.0207232963,0.09445903,0.08506095,0.03936275,633.9917,0.316884935,abdomen,twist_x,0.00574737834,NA,NA,NA,true,-0.0107321423,1.24848044,-0.09870624,-0.0328693949,0.000227242708,-0.011459386,-7.450581E-09,0,-0.009719029,-0.15471904,0.135280982,-0.179305151,0.179305136,true,-0.004777837,0,-0.09930377
140,62,0.62,DESCENT,0.0360000022,Descent,false,false,0.329259932,0.328718,0.329259932,NA,NA,NA,false,false,NONE,-0.0119233234,1.3960911,-0.148276135,0.999558449,-0.0293531138,-0.00386376865,0.00253172987,-0.0362946577,0.0200963914,-0.005491546,0.155849412,-0.0215312466,0.01582796,true,true,8,true,true,0.00599999353,0.004184349,0.234098226,0.0559017956,0.168240339,0.190369949,0.8937268,left_upper_arm,true,0.00346569275,0,0.286876827,0.7650124,false,false,bar_linear_stillness,1.39497,0.0418488272,0.158123866,0.04296403,0.02335611,0.048736468,0.05,0.02,0.2,0.08726646,0.17453292,0.17453292,-0.00244426727,-0.013950631,-0.013950631,false,0.0470193,0.0220771842,0.09644911,0.08571239,0.03976862,636.5533,0.318165272,abdomen,twist_x,0.00574648567,NA,NA,NA,true,-0.0110648144,1.24849916,-0.0988172442,-0.0331687331,0.0009823262,-0.01179632,-7.450581E-09,0,-0.009719029,-0.15471904,0.135280982,-0.179305151,0.179305136,true,-0.005126976,0,-0.0992418155
140,63,0.63,DESCENT,0.039,Descent,false,false,0.3292759,0.328729331,0.3292759,NA,NA,NA,false,false,NONE,-0.012290027,1.3962208,-0.148349434,0.999580741,-0.0285610575,-0.00396807026,0.00262019155,-0.0366884135,0.0224595144,-0.00487916172,0.1790784,-0.02156429,0.0162128,true,true,8,true,true,0.006029894,0.00419204962,0.234213322,0.0557867065,0.16790472,0.190705568,0.894843459,left_upper_arm,true,0.00348148425,0,0.288212061,0.791617751,false,false,bar_linear_stillness,1.39497,0.0432929061,0.181099281,0.04858947,0.0278279725,0.048378,0.05,0.02,0.2,0.08726646,0.17453292,0.17453292,-0.00255197287,-0.0144689884,-0.0144689884,false,0.04780781,0.0230740439,0.09814219,0.08626011,0.04010615,638.0415,0.3189091,abdomen,twist_x,0.00574551,NA,NA,NA,true,-0.0114004277,1.24852872,-0.09893233,-0.03346707,0.0020391494,-0.0122128371,-7.450581E-09,0,-0.009719029,-0.15471904,0.135280982,-0.179305151,0.179305136,true,-0.00545644434,0,-0.0992625356
140,64,0.64,DESCENT,0.042,Descent,false,false,0.329286575,0.328736,0.329286575,NA,NA,NA,false,false,NONE,-0.01266066,1.39637625,-0.148416743,0.9996057,-0.0276484136,-0.0040721274,0.00271112216,-0.0370816,0.0250452086,-0.004266206,0.203225151,-0.0215896945,0.01660964,true,true,8,true,true,0.00607261667,0.004216864,0.2343332,0.05566682,0.167566136,0.191044152,0.895807,left_upper_arm,true,0.0034940592,0,0.289288431,0.817023933,false,false,bar_linear_stillness|bar_angular_stillness,1.39497,0.04495006,0.205042571,0.0544357337,0.03251417,0.0479025058,0.05,0.02,0.2,0.08726646,0.17453292,0.17453292,-0.002662979,-0.0150351608,-0.0150351608,false,0.0486364141,0.0239135716,0.09967566,0.0867041647,0.0404187776,639.180542,0.319478452,abdomen,twist_x,0.00574314175,NA,NA,NA,true,-0.0117390119,1.2485714,-0.09905222,-0.0337669142,0.00334516075,-0.012705178,-7.450581E-09,0,-0.009719029,-0.15471904,0.135280982,-0.179305151,0.179305136,true,-0.005773309,0,-0.09936125
140,65,0.65,DESCENT,0.0449999981,Descent,false,false,0.3292898,0.328735471,0.3292898,NA,NA,NA,false,false,NONE,-0.0130352192,1.39655948,-0.14847742,0.999633253,-0.0266091265,-0.004175869,0.00280461251,-0.03747451,0.0278190747,-0.00359094981,0.228627,-0.0216064733,0.0170177277,true,true,8,true,true,0.00609076,0.00420781737,0.234458357,0.0555416569,0.167224571,0.191385716,0.896618843,left_upper_arm,true,0.0035041864,0,0.290161431,0.8417356,false,false,bar_linear_stillness|bar_angular_stillness,1.39497,0.0468095578,0.230275378,0.06054525,0.0374488868,0.04730142,0.05,0.02,0.2,0.08726646,0.17453292,0.17453292,-0.00277806818,-0.0156484488,-0.0156484488,false,0.04946048,0.0245083682,0.100984707,0.08704313,0.0406764634,638.9567,0.319366574,abdomen,twist_x,0.00574084744,NA,NA,NA,true,-0.0120805865,1.2486285,-0.09917738,-0.034068536,0.00476646,-0.0132305874,-7.450581E-09,0,-0.009719029,-0.15471904,0.135280982,-0.179305151,0.179305136,true,-0.006082697,0,-0.09954108
140,66,0.66,DESCENT,0.0479999967,Descent,false,false,0.329284251,0.3287273,0.329284251,NA,NA,NA,false,false,NONE,-0.013413718,1.39677119,-0.148530945,0.999663055,-0.0254375841,-0.004279215,0.002900747,-0.03786808,0.0306613743,-0.00286510657,0.255091727,-0.0216134917,0.0174360722,true,true,8,true,true,0.00614087,0.004229869,0.234589025,0.0554109961,0.166879952,0.191730335,0.8972862,left_upper_arm,true,0.00351124047,0,0.290784419,0.8654924,false,false,bar_linear_stillness|bar_angular_stillness,1.39497,0.048809018,0.2565988,0.0668673441,0.042607367,0.0465749949,0.05,0.02,0.2,0.08726646,0.17453292,0.17453292,-0.00289795548,-0.0163101777,-0.0163101777,false,0.0502971858,0.0248658862,0.102061257,0.08725287,0.04086682,637.5497,0.3186633,abdomen,twist_x,0.00573689258,NA,NA,NA,true,-0.0124251982,1.2487005,-0.09930804,-0.0343731754,0.006220503,-0.0137878982,-7.450581E-09,0,-0.009719029,-0.15471904,0.135280982,-0.179305151,0.179305136,true,-0.0063830344,0,-0.09981267
140,67,0.67,DESCENT,0.0509999953,Descent,false,false,0.329268575,0.328709722,0.329268575,NA,NA,NA,false,false,NONE,-0.0137961665,1.3970108,-0.148577079,0.999694645,-0.0241321083,-0.004382091,0.00299958815,-0.038262222,0.0334219262,-0.00212103385,0.2818067,-0.02160951,0.0178636033,true,true,8,true,true,0.006196403,0.00426300662,0.234725475,0.0552745461,0.166532263,0.192078024,0.8978307,left_upper_arm,true,0.003514475,0,0.291099936,0.8872262,false,false,bar_linear_stillness|bar_angular_stillness,1.39497,0.0508480258,0.283198,0.07328534,0.0479224138,0.0456964,0.05,0.02,0.2,0.08726646,0.17453292,0.17453292,-0.00302311778,-0.0170054846,-0.0170054846,false,0.0511978,0.02513023,0.10299971,0.0873272642,0.04101551,635.586,0.3176818,abdomen,twist_x,0.00573109277,NA,NA,NA,true,-0.0127728945,1.24878716,-0.09944449,-0.03468184,0.007669574,-0.0143766878,-7.450581E-09,0,-0.009719029,-0.15471904,0.135280982,-0.179305151,0.179305136,true,-0.006675287,0,-0.100158863
140,68,0.68,DESCENT,0.053999994,Descent,false,false,0.329241216,0.328680933,0.329241216,NA,NA,NA,false,false,NONE,-0.0141825816,1.39727724,-0.1486151,0.999727666,-0.0226901341,-0.00448441738,0.00310119963,-0.03865774,0.03607528,-0.00130756572,0.3090779,-0.0215936322,0.0182992276,true,true,8,true,true,0.00621833559,0.00425849,0.234867752,0.05513227,0.166181445,0.192428842,0.898252666,left_upper_arm,true,0.00351501349,0,0.291193664,0.9075065,false,false,bar_linear_stillness|bar_angular_stillness,1.39497,0.0528919324,0.31037122,0.079868786,0.05341875,0.0446886681,0.05,0.02,0.2,0.08726646,0.17453292,0.17453292,-0.00315377861,-0.0177347884,-0.0177347884,false,0.052139882,0.0252705459,0.103782713,0.08728816,0.04111959,632.483032,0.316130847,abdomen,twist_x,0.005725505,NA,NA,NA,true,-0.0131237069,1.24888766,-0.09958677,-0.0349935964,0.009008631,-0.014956302,-7.450581E-09,0,-0.009719029,-0.15471904,0.135280982,-0.179305151,0.179305136,true,-0.00697034458,0,-0.100571051
140,69,0.69000000000000006,DESCENT,0.0569999926,Descent,false,false,0.329201341,0.328640461,0.329201341,NA,NA,NA,false,false,NONE,-0.0145729948,1.39756882,-0.148644522,0.9997615,-0.0211097822,-0.004586106,0.00320563419,-0.0390556827,0.0385442935,-0.000443906581,0.336683333,-0.02156486,0.0187418014,true,true,8,true,true,0.006261553,0.00427666353,0.235015661,0.05498436,0.165827468,0.192782819,0.8985573,left_upper_arm,true,0.003512946,0,0.291077375,0.9261246,false,false,bar_linear_stillness|bar_angular_stillness,1.39497,0.0548744574,0.337893426,0.08658,0.0591023378,0.0435483232,0.05,0.02,0.2,0.08726646,0.17453292,0.17453292,-0.00329022855,-0.0184990615,-0.0184990615,false,0.0531199165,0.0252532754,0.104371592,0.08711331,0.041159533,628.3189,0.3140495,abdomen,twist_x,0.00571946846,NA,NA,NA,true,-0.0134776775,1.24900043,-0.09973468,-0.03530894,0.0101886606,-0.0155241508,-7.450581E-09,0,-0.009719029,-0.15471904,0.135280982,-0.179305151,0.179305136,true,-0.00726166647,0,-0.101062544
140,70,0.70000000000000007,DESCENT,0.05999999,Descent,false,false,0.329147518,0.328586638,0.329147518,NA,NA,NA,false,false,NONE,-0.014967435,1.39788294,-0.148664862,0.9997955,-0.0193908159,-0.00468707457,0.00331293256,-0.03945632,0.0407496467,0.000460730866,0.364273876,-0.0215223189,0.0191903356,true,true,8,true,true,0.00630393857,0.00429607229,0.235169,0.054831028,0.1654703,0.193139985,0.8987514,left_upper_arm,true,0.00350838,0,0.290761083,0.9427717,false,false,bar_linear_stillness|bar_angular_stillness|knee_extension,1.39497,0.056723427,0.365413368,0.09338645,0.06495344,0.0422646254,0.05,0.02,0.2,0.08726646,0.17453292,0.17453292,-0.00343250483,-0.01928254,-0.01928254,false,0.0541343726,0.0251056273,0.104779728,0.0868010744,0.0411377549,623.2298,0.311505854,abdomen,twist_x,0.00571309729,NA,NA,NA,true,-0.0138348481,1.24912333,-0.09988801,-0.0356280655,0.0111761624,-0.01607038,-7.450581E-09,0,-0.009719029,-0.15471904,0.135280982,-0.179305151,0.179305136,true,-0.007552063,0,-0.101615131
140,71,0.71,DESCENT,0.06299999,Descent,false,false,0.329078853,0.3285188,0.329078853,NA,NA,NA,false,false,NONE,-0.015365934,1.39821637,-0.148675963,0.9998289,-0.0175366569,-0.004787243,0.00342311454,-0.0398592465,0.04262902,0.00137790327,0.391137958,-0.0214649942,0.01964386,true,true,8,true,true,0.0063368897,0.004315385,0.235327467,0.0546725541,0.165109888,0.1935004,0.898876,right_upper_arm,true,0.0035015326,0,0.2902647,0.9566564,false,false,bar_linear_stillness|bar_angular_stillness|knee_extension,1.39497,0.0583771467,0.392218739,0.100209318,0.0709004,0.04083574,0.05,0.02,0.2,0.08726646,0.17453292,0.17453292,-0.00358041376,-0.0200834554,-0.0200834554,false,0.0552476719,0.0249946732,0.105136491,0.0863686651,0.0410937965,617.8187,0.308801264,abdomen,twist_x,0.005707626,NA,NA,NA,true,-0.0141952643,1.24925458,-0.100046486,-0.0359511375,0.0119799506,-0.01658681,-7.450581E-09,0,-0.009719029,-0.15471904,0.135280982,-0.179305151,0.179305136,true,-0.00784392748,0,-0.102222331
140,72,0.72,DESCENT,0.06599999,Descent,false,false,0.328995049,0.328435719,0.328995049,NA,NA,NA,false,false,NONE,-0.0157685243,1.39856613,-0.148677319,0.9998609,-0.0155505845,-0.004886531,0.00353619573,-0.0402650833,0.04420401,0.00234467816,0.417391539,-0.0213921256,0.0201014858,true,true,8,true,true,0.00634665135,0.00430372963,0.2354905,0.05450952,0.1647462,0.193864092,0.8989141,right_upper_arm,true,0.003493641,0,0.289684385,0.968202353,false,false,bar_linear_stillness|bar_angular_stillness|knee_extension,1.39497,0.0598395281,0.4184225,0.107105687,0.07698613,0.0392883122,0.05,0.02,0.2,0.08726646,0.17453292,0.17453292,-0.00373374671,-0.0208971333,-0.0208971333,false,0.0563875772,0.0247776881,0.105328709,0.085817866,0.0409954451,611.5034,0.305644721,abdomen,twist_x,0.005704527,NA,NA,NA,true,-0.0145589523,1.24939215,-0.100209519,-0.0362771675,0.0125513868,-0.0170371328,-7.450581E-09,0,-0.009719029,-0.15471904,0.135280982,-0.179305151,0.179305136,true,-0.008143111,0,-0.10287261
140,73,0.73,DESCENT,0.06899999,Descent,false,false,0.3288949,0.328336835,0.3288949,NA,NA,NA,false,false,NONE,-0.0161752459,1.39892888,-0.1486686,0.9998906,-0.0134365158,-0.004984855,0.00365218334,-0.04067422,0.0454453677,0.00334314164,0.442807466,-0.0213028733,0.0205624253,true,true,8,true,true,0.006378983,0.004318124,0.235657349,0.0543426722,0.164379209,0.194231078,0.8988658,right_upper_arm,true,0.00348479766,0,0.289030463,0.9773563,false,false,bar_linear_stillness|bar_angular_stillness|knee_extension,1.39497,0.0610806867,0.443796217,0.114060231,0.0832088962,0.0376267359,0.05,0.02,0.2,0.08726646,0.17453292,0.17453292,-0.00389222056,-0.0217192676,-0.0217192676,false,0.0575622134,0.0244730767,0.105367169,0.08514818,0.0408460535,604.444153,0.302116334,abdomen,twist_x,0.00570231071,NA,NA,NA,true,-0.0149259465,1.24953318,-0.100376368,-0.0366062969,0.012872736,-0.0174184144,-7.450581E-09,0,-0.009719029,-0.15471904,0.135280982,-0.179305151,0.179305136,true,-0.008447671,0,-0.103576243
140,74,0.74,DESCENT,0.07199999,Descent,false,false,0.3287782,0.3282215,0.3287782,NA,NA,NA,false,false,NONE,-0.0165861286,1.399301,-0.148649752,0.9999172,-0.0112016015,-0.00508214161,0.00377106387,-0.04108573,0.04631648,0.004342648,0.466739118,-0.02119639,0.0210259277,true,true,8,true,true,0.0064156726,0.004342851,0.235827267,0.0541727468,0.164008856,0.194601431,0.8987453,right_upper_arm,true,0.00347497431,0,0.288302362,0.9835064,false,false,bar_linear_stillness|bar_angular_stillness|knee_extension,1.39497,0.0620653853,0.467693031,0.120995991,0.0895109,0.0358417854,0.05,0.02,0.2,0.08726646,0.17453292,0.17453292,-0.004055254,-0.0225333758,-0.0225333758,false,0.0588017777,0.02420328,0.10534934,0.08436853,0.0406692736,597.088562,0.298439831,abdomen,twist_x,0.00570130162,NA,NA,NA,true,-0.0152962906,1.24967575,-0.100546293,-0.0369388349,0.0129766306,-0.0177293066,-7.450581E-09,0,-0.009719029,-0.15471904,0.135280982,-0.179305151,0.179305136,true,-0.00875614,0,-0.104313768
140,75,0.75,DESCENT,0.07499999,Descent,false,false,0.328644872,0.3280896,0.328644872,NA,NA,NA,false,false,NONE,-0.017001193,1.39967918,-0.1486204,0.9999398,-0.008852817,-0.00517831324,0.00389282149,-0.0414991155,0.0468481258,0.00537819229,0.48932153,-0.0210721139,0.0214914121,true,true,8,true,true,0.006440301,0.0043471097,0.23599939,0.05400063,0.16363515,0.194975138,0.898552656,right_upper_arm,true,0.00346481148,0,0.287547231,0.9871487,false,false,bar_linear_stillness|bar_angular_stillness|knee_extension,1.39497,0.06281599,0.490246326,0.12797761,0.09592384,0.03397019,0.05,0.02,0.2,0.08726646,0.17453292,0.17453292,-0.00422210246,-0.0233353972,-0.0233353972,false,0.060057167,0.0238841809,0.105213568,0.0834969,0.04045557,589.2138,0.2945038,abdomen,twist_x,0.0057016965,NA,NA,NA,true,-0.0156700071,1.24981737,-0.100718409,-0.03727343,0.01282922,-0.0179423038,-7.450581E-09,0,-0.009719029,-0.15471904,0.135280982,-0.179305151,0.179305136,true,-0.009080932,0,-0.105063304
140,76,0.76,DESCENT,0.07799999,Descent,false,false,0.3284942,0.327940583,0.3284942,NA,NA,NA,false,false,NONE,-0.0174204651,1.40005994,-0.148580343,0.999957561,-0.006397532,-0.005273294,0.004017434,-0.0419139564,0.0470339023,0.0064332257,0.5104092,-0.0209294,0.0219582859,true,true,8,true,true,0.00648923637,0.004376529,0.236172646,0.0538273752,0.163258031,0.195352256,0.8982926,right_upper_arm,true,0.00345464423,0,0.286794275,0.9883539,false,false,bar_linear_stillness|bar_angular_stillness|knee_extension,1.39497,0.06332736,0.5113098,0.134992778,0.102447905,0.03199674,0.05,0.02,0.2,0.08726646,0.17453292,0.17453292,-0.004392028,-0.0241219159,-0.0241219159,false,0.0613230951,0.0235034022,0.104948252,0.08253193,0.0402020663,580.8405,0.290318638,abdomen,twist_x,0.00571681373,NA,NA,NA,true,-0.01604712,1.24995565,-0.100891665,-0.03760985,0.01243076,-0.0180602111,-7.450581E-09,0,-0.009719029,-0.15471904,0.135280982,-0.179305151,0.179305136,true,-0.009416121,0,-0.105836459
140,77,0.77,DESCENT,0.0809999853,Descent,false,false,0.328326046,0.3277743,0.328326046,NA,NA,NA,false,false,NONE,-0.017843945,1.40043962,-0.148529634,0.9999696,-0.00384556479,-0.005367017,0.004144862,-0.04232888,0.04685833,0.00748138828,0.5294808,-0.0207676329,0.0224260278,true,true,8,true,true,0.0065450496,0.00441490253,0.236346126,0.0536538959,0.1628775,0.195732787,0.8979745,right_upper_arm,true,0.00344408723,0,0.286012679,0.9867123,false,false,bar_linear_stillness|bar_angular_stillness|knee_extension,1.39497,0.0635878,0.5303623,0.141981155,0.109023862,0.02994112,0.05,0.02,0.2,0.08726646,0.17453292,0.17453292,-0.00456414372,-0.0248787031,-0.0248787031,false,0.06261551,0.0231462717,0.104626834,0.08147823,0.0399216637,572.2239,0.286011815,abdomen,twist_x,0.005752637,NA,NA,NA,true,-0.016427651,1.2500881,-0.101065144,-0.0379481465,0.011823141,-0.0180867184,-7.450581E-09,0,-0.009719029,-0.15471904,0.135280982,-0.179305151,0.179305136,true,-0.009758713,0,-0.106620044
140,78,0.78,DESCENT,0.083999984,Descent,false,false,0.328141153,0.327590883,0.328141153,NA,NA,NA,false,false,NONE,-0.0182716269,1.400815,-0.148468,0.9999752,-0.00120632013,-0.0054594134,0.004275066,-0.04274269,0.0463552,0.008554822,0.5467272,-0.0205864739,0.0228942372,true,true,8,true,true,0.006593625,0.00443894975,0.23651877,0.05348125,0.162493542,0.196116745,0.8976006,right_upper_arm,true,0.003433903,0,0.2852602,0.9827828,false,false,bar_linear_stillness|bar_angular_stillness|knee_extension,1.39497,0.06363118,0.5475934,0.14900586,0.115694486,0.02781083,0.05,0.02,0.2,0.08726646,0.17453292,0.17453292,-0.00473739952,-0.025602743,-0.025602743,false,0.06390337,0.022778444,0.104231633,0.08036275,0.0396195725,563.4474,0.281625122,abdomen,twist_x,0.005789949,NA,NA,NA,true,-0.01681161,1.25021279,-0.101237789,-0.0382863469,0.0109811928,-0.0180020444,-7.450581E-09,0,-0.009719029,-0.15471904,0.135280982,-0.179305151,0.179305136,true,-0.0101263477,0,-0.107385039
140,79,0.79,DESCENT,0.08699998,Descent,false,false,0.327939153,0.3273902,0.327939153,NA,NA,NA,false,false,NONE,-0.0187035,1.40118277,-0.14839533,0.9999737,0.00151100324,-0.005550415,0.00440800376,-0.0431546457,0.04552615,0.00964168552,0.562111259,-0.02038552,0.0233625043,true,true,8,true,true,0.006667283,0.00448530447,0.236689508,0.05331052,0.162106171,0.196504116,0.897174656,right_upper_arm,true,0.00342395017,0,0.28452602,0.976780057,false,false,bar_linear_stillness|bar_angular_stillness|knee_extension,1.39497,0.06346586,0.562965751,0.156057477,0.122448288,0.0256244764,0.05,0.02,0.2,0.08726646,0.17453292,0.17453292,-0.004910879,-0.0262918957,-0.0262918957,false,0.0651744455,0.0223646965,0.103732571,0.07918333,0.03928999,554.390259,0.277098149,abdomen,twist_x,0.005828191,NA,NA,NA,true,-0.0171989817,1.250327,-0.101408519,-0.03862389,0.009904274,-0.0178143755,-7.450581E-09,0,-0.009719029,-0.15471904,0.135280982,-0.179305151,0.179305136,true,-0.010506521,0,-0.108150341
140,80,0.8,DESCENT,0.08999998,Descent,false,false,0.3277195,0.327172279,0.3277195,NA,NA,NA,false,false,NONE,-0.01913953,1.4015398,-0.148311526,0.999964535,0.00429673772,-0.005639956,0.00454362761,-0.04356322,0.0443713143,0.0107357651,0.5755528,-0.0201645363,0.02383046,true,true,8,true,true,0.00674980972,0.00453877263,0.2368573,0.0531427264,0.161715388,0.196894914,0.896701038,right_upper_arm,true,0.00341398432,0,0.283789128,0.9688397,false,false,bar_linear_stillness|bar_angular_stillness|knee_extension,1.39497,0.0631017,0.5763988,0.163128212,0.129276,0.0233969074,0.05,0.02,0.2,0.08726646,0.17453292,0.17453292,-0.00508352369,-0.02693428,-0.02693428,false,0.0664160252,0.0219140928,0.103141323,0.07794756,0.0389364064,545.165344,0.272487283,abdomen,twist_x,0.005867067,NA,NA,NA,true,-0.01758977,1.25042892,-0.101576313,-0.0389596969,0.008603764,-0.0175279174,-7.450581E-09,0,-0.009719029,-0.15471904,0.135280982,-0.179305151,0.179305136,true,-0.0109053534,0,-0.108896777
140,81,0.81,DESCENT,0.09299998,Descent,false,false,0.32748282,0.326936781,0.32748282,NA,NA,NA,false,false,NONE,-0.0195796732,1.40188277,-0.148216665,0.999947131,0.00713996775,-0.005727979,0.004681879,-0.04396726,0.0429028571,0.0118196979,0.586794257,-0.0199233033,0.0242978316,true,true,8,true,true,0.00683187274,0.00459185569,0.237021238,0.05297879,0.161321208,0.197289079,0.896186948,right_upper_arm,true,0.003404464,0,0.28308782,0.95885855,false,false,bar_linear_stillness|bar_angular_stillness|knee_extension,1.39497,0.06255782,0.5876349,0.17018497,0.136133313,0.0218257885,0.05,0.02,0.2,0.08726646,0.17453292,0.17453292,-0.00525425375,-0.0275288727,-0.0275288727,false,0.0676559657,0.02152981,0.102560394,0.0766652,0.03857219,535.8884,0.267850459,abdomen,twist_x,0.00590754347,NA,NA,NA,true,-0.0179839414,1.25051641,-0.101740249,-0.0392932743,0.00712241326,-0.0171476919,-7.450581E-09,0,-0.009719029,-0.15471904,0.135280982,-0.179305151,0.179305136,true,-0.0113137048,0,-0.109624572
140,82,0.82000000000000006,DESCENT,0.09599998,Descent,false,false,0.3272304,0.326685071,0.3272304,NA,NA,NA,false,false,NONE,-0.0200238787,1.402209,-0.148110628,0.999921143,0.0100304913,-0.00581442658,0.004822704,-0.0443657935,0.0411563367,0.0129168564,0.596045852,-0.0196617879,0.0247643832,true,true,8,true,true,0.00691015925,0.00463575963,0.2371803,0.05281972,0.16092369,0.1976866,0.895634949,right_upper_arm,true,0.00339542725,0,0.282421559,0.9473467,false,false,bar_linear_stillness|bar_angular_stillness|knee_extension,1.39497,0.0618790165,0.596884,0.17726846,0.1430544,0.0236905869,0.05,0.02,0.2,0.08726646,0.17453292,0.17453292,-0.00542204827,-0.0280733258,-0.0280733258,false,0.06884693,0.0211089216,0.101901889,0.0753521,0.0381938852,526.721069,0.263268381,abdomen,twist_x,0.00594817335,NA,NA,NA,true,-0.0183814559,1.25058758,-0.101899318,-0.03962251,0.00544909434,-0.0166630726,-7.450581E-09,0,-0.009719029,-0.15471904,0.135280982,-0.179305151,0.179305136,true,-0.01174776,0,-0.110306717
140,83,0.83000000000000007,DESCENT,0.09899998,Descent,false,false,0.326961637,0.3264169,0.326961637,NA,NA,NA,false,false,NONE,-0.020472087,1.40251589,-0.147993356,0.9998863,0.0129588936,-0.00589924,0.004966049,-0.04475824,0.03914137,0.0140196364,0.603396535,-0.0193799064,0.0252299067,true,true,8,true,true,0.007009254,0.00469737174,0.2373335,0.0526665151,0.160522878,0.198087409,0.8950487,right_upper_arm,true,0.00338685676,0,0.281789333,0.9346257,false,false,bar_linear_stillness|bar_angular_stillness|knee_extension,1.39497,0.06108926,0.604234636,0.184375763,0.15002735,0.02554993,0.05,0.02,0.2,0.08726646,0.17453292,0.17453292,-0.0055859834,-0.02856599,-0.02856599,false,0.0699897557,0.0206578821,0.101175815,0.07401237,0.03780418,517.518738,0.25866884,abdomen,twist_x,0.005988169,NA,NA,NA,true,-0.0187822673,1.25064063,-0.102052525,-0.0399465971,0.003585269,-0.0160848014,-7.450581E-09,0,-0.009719029,-0.15471904,0.135280982,-0.179305151,0.179305136,true,-0.0121969385,0,-0.110964954
140,84,0.84,DESCENT,0.101999976,Descent,false,false,0.326676667,0.3261323,0.326676667,NA,NA,NA,false,false,NONE,-0.0209242273,1.4028008,-0.147864982,0.9998424,0.0159151312,-0.00598236546,0.00511185545,-0.04514359,0.0368837453,0.0151087977,0.6087359,-0.0190777164,0.0256943014,true,true,8,true,true,0.007109353,0.004762008,0.237479985,0.05252003,0.160118833,0.198491454,0.8944314,right_upper_arm,true,0.00337896938,0,0.281209558,0.9207122,false,false,bar_linear_stillness|bar_angular_stillness|knee_extension,1.39497,0.06022151,0.6095766,0.191475645,0.157014951,0.0274223257,0.05,0.02,0.2,0.08726646,0.17453292,0.17453292,-0.00574505329,-0.0289987717,-0.0289987717,false,0.07109435,0.02024832,0.100458741,0.07264798,0.0374053679,508.2305,0.254026324,abdomen,twist_x,0.0060289735,NA,NA,NA,true,-0.01918632,1.25067389,-0.102199011,-0.04026515,0.00157717266,-0.0154223507,-7.450581E-09,0,-0.009719029,-0.15471904,0.135280982,-0.179305151,0.179305136,true,-0.0126547851,0,-0.11159201
140,85,0.85,DESCENT,0.104999974,Descent,false,false,0.3263772,0.3258326,0.3263772,NA,NA,NA,false,false,NONE,-0.0213802159,1.40306163,-0.147725463,0.999789357,0.01889002,-0.00606375141,0.005260069,-0.0455206223,0.0344088376,0.0162032135,0.612276137,-0.0187553745,0.0261574928,true,true,8,true,true,0.007210704,0.0048202863,0.237618923,0.0523811,0.159711614,0.198898673,0.8937876,right_upper_arm,true,0.00337191927,0,0.280692518,0.906042337,false,false,bar_linear_stillness|bar_angular_stillness|knee_extension,1.39497,0.0593181178,0.613121569,0.198609814,0.1640489,0.0292889979,0.05,0.02,0.2,0.08726646,0.17453292,0.17453292,-0.00589825958,-0.0293719657,-0.0293719657,false,0.07213236,0.0198230036,0.09970233,0.07127792,0.03700382,499.30658,0.249565929,abdomen,twist_x,0.00606856728,NA,NA,NA,true,-0.0195935369,1.25068641,-0.102337942,-0.040576186,-0.00057742995,-0.01467104,-7.450581E-09,0,-0.009719029,-0.15471904,0.135280982,-0.179305151,0.179305136,true,-0.0131393438,0,-0.112151727
140,86,0.86,DESCENT,0.107999973,Descent,false,false,0.3260625,0.325517416,0.3260625,NA,NA,NA,false,false,NONE,-0.0218399689,1.40329635,-0.1475748,0.9997272,0.0218753833,-0.0061433427,0.00541064143,-0.0458887778,0.0317337662,0.01729677,0.614169359,-0.0184129868,0.0266195014,true,true,8,true,true,0.00732782949,0.004894222,0.237749457,0.0522505566,0.159301311,0.199308977,0.89312005,right_upper_arm,true,0.00336521515,0,0.280197561,0.8909423,false,false,bar_linear_stillness|bar_angular_stillness|knee_extension,1.39497,0.0584122427,0.615021646,0.205774844,0.171120748,0.0311433226,0.05,0.02,0.2,0.08726646,0.17453292,0.17453292,-0.00604474545,-0.0296859276,-0.0296859276,false,0.0731021762,0.0193708073,0.09889895,0.06990502,0.0366009139,490.471741,0.245150059,abdomen,twist_x,0.006106208,NA,NA,NA,true,-0.0200038385,1.25067592,-0.102468483,-0.04087891,-0.00287616649,-0.0138436751,-7.450581E-09,0,-0.009719029,-0.15471904,0.135280982,-0.179305151,0.179305136,true,-0.0136370882,0,-0.112673819
140,87,0.87,DESCENT,0.110999972,Descent,false,false,0.32573247,0.325186849,0.32573247,NA,NA,NA,false,false,NONE,-0.0223033857,1.40350318,-0.147413135,0.999656,0.0248630811,-0.00622108858,0.005563523,-0.046247147,0.0288883075,0.0183754265,0.614429,-0.0180507563,0.0270803459,true,true,8,true,true,0.007443311,0.004967799,0.237870961,0.0521290526,0.158888012,0.199722275,0.8924289,right_upper_arm,true,0.003359437,0,0.2797732,0.8755236,false,false,bar_linear_stillness|bar_angular_stillness|knee_extension|hip_extension,1.39497,0.0575411953,0.6152903,0.21294415,0.17819126,0.03300183,0.05,0.02,0.2,0.08726646,0.17453292,0.17453292,-0.00618367642,-0.02993556,-0.02993556,false,0.07400902,0.01893797,0.0981046259,0.06852707,0.03619216,481.49646,0.24066399,abdomen,twist_x,0.006143729,NA,NA,NA,true,-0.0204171352,1.25064206,-0.102589987,-0.0411731,-0.00527586555,-0.0129507743,-7.450581E-09,0,-0.009719029,-0.15471904,0.135280982,-0.179305151,0.179305136,true,-0.0141410548,0,-0.11316026
140,88,0.88,DESCENT,0.11399997,Descent,false,false,0.325389564,0.32484287,0.325389564,NA,NA,NA,false,false,NONE,-0.0227703582,1.40368068,-0.1472405,0.999576032,0.0278455727,-0.006296939,0.00571866846,-0.046594806,0.0258972123,0.01945249,0.6132357,-0.0176690146,0.0275401026,true,true,8,true,true,0.00755980751,0.0050375713,0.2379828,0.0520172268,0.158471823,0.200138465,0.89172,right_upper_arm,true,0.00335449027,0,0.279410243,0.8600612,false,false,bar_linear_stillness|bar_angular_stillness|knee_extension|hip_extension,1.39497,0.0567462854,0.614108,0.220153227,0.185296774,0.03486386,0.05,0.02,0.2,0.08726646,0.17453292,0.17453292,-0.006314218,-0.03012261,-0.03012261,false,0.07483526,0.0185019467,0.09730227,0.06716082,0.0357864648,473.0732,0.236453831,abdomen,twist_x,0.00617909571,NA,NA,NA,true,-0.02083333,1.25058329,-0.102701813,-0.0414569378,-0.00777006429,-0.0119911786,-7.450581E-09,0,-0.009719029,-0.15471904,0.135280982,-0.179305151,0.179305136,true,-0.0146676963,0,-0.113563359
140,89,0.89,DESCENT,0.116999969,Descent,false,false,0.3250323,0.324484169,0.3250323,NA,NA,NA,false,false,NONE,-0.0232407711,1.40382755,-0.147056967,0.99948746,0.0308165979,-0.00637084153,0.00587604055,-0.04693098,0.02277854,0.0205240157,0.61077106,-0.01726792,0.0279988721,true,true,8,true,true,0.007689409,0.005119252,0.238084376,0.051915653,0.158052847,0.200557441,0.8909963,right_upper_arm,true,0.00335025066,0,0.2790984,0.8448551,false,false,bar_linear_stillness|bar_angular_stillness|knee_extension|hip_extension,1.39497,0.05605902,0.6116563,0.227399424,0.1924248,0.0366964,0.05,0.02,0.2,0.08726646,0.17453292,0.17453292,-0.006435722,-0.030248655,-0.030248655,false,0.07558087,0.0180408824,0.09646997,0.06580989,0.03538783,464.8227,0.232330024,abdomen,twist_x,0.00621211529,NA,NA,NA,true,-0.0212523025,1.25049925,-0.102803387,-0.0417296961,-0.0103542861,-0.010977732,-7.450581E-09,0,-0.009719029,-0.15471904,0.135280982,-0.179305151,0.179305136,true,-0.0152086644,0,-0.11392168
140,90,0.9,DESCENT,0.119999968,Descent,false,false,0.3246612,0.324111164,0.3246612,NA,NA,NA,false,false,NONE,-0.0237145033,1.40394258,-0.1468626,0.9993906,0.0337704979,-0.00644274149,0.00603560638,-0.0472549945,0.01955399,0.0215868875,0.607184052,-0.0168477986,0.028456809,true,true,8,true,true,0.007821681,0.00520182867,0.238175243,0.05182478,0.1576312,0.200979084,0.8902605,right_upper_arm,true,0.00334659242,0,0.278827131,0.8301014,false,false,bar_linear_stillness|bar_angular_stillness|knee_extension|hip_extension,1.39497,0.05551024,0.608083963,0.234681472,0.199575409,0.0385222435,0.05,0.02,0.2,0.08726646,0.17453292,0.17453292,-0.006547548,-0.0303107351,-0.0303107351,false,0.07624102,0.0175577253,0.09561518,0.06447755,0.03499696,456.774048,0.228307113,abdomen,twist_x,0.006242528,NA,NA,NA,true,-0.021673942,1.25038862,-0.102894261,-0.0419906974,-0.013011138,-0.009919971,-7.450581E-09,0,-0.009719029,-0.15471904,0.135280982,-0.179305151,0.179305136,true,-0.0157582276,0,-0.114224359
140,91,0.91,DESCENT,0.122999966,Descent,false,false,0.324276447,0.323724627,0.324276447,NA,NA,NA,false,false,NONE,-0.0241914336,1.40402532,-0.146657586,0.9992858,0.0367021151,-0.006512587,0.006197337,-0.0475669466,0.01626996,0.0226334259,0.6025847,-0.0164089911,0.02891409,true,true,8,true,true,0.007945938,0.00527799455,0.238255024,0.05174499,0.157207027,0.20140326,0.8895089,right_upper_arm,true,0.003343992,0,0.2786361,0.815926731,false,false,bar_linear_stillness|bar_angular_stillness|knee_extension|hip_extension,1.39497,0.05513255,0.603501141,0.241983369,0.206715181,0.0403422937,0.05,0.02,0.2,0.08726646,0.17453292,0.17453292,-0.00664912164,-0.030311631,-0.030311631,false,0.07682189,0.0171037372,0.0948101,0.06315493,0.0345981978,448.515442,0.224179253,abdomen,twist_x,0.00627259631,NA,NA,NA,true,-0.0220981259,1.25025141,-0.10297405,-0.04223997,-0.0156979188,-0.008825269,-7.450581E-09,0,-0.009719029,-0.15471904,0.135280982,-0.179305151,0.179305136,true,-0.0163077172,0,-0.114486508
140,92,0.92,DESCENT,0.125999972,Descent,false,false,0.3238802,0.32332617,0.3238802,NA,NA,NA,false,false,NONE,-0.0246714279,1.404075,-0.146441981,0.9991734,0.0396069251,-0.00658032531,0.00636120746,-0.0478659,0.01293081,0.0236727111,0.597087264,-0.0159518681,0.0293708388,true,true,8,true,true,0.008075279,0.00535738235,0.23832342,0.0516766,0.156780437,0.201829851,0.8887483,right_upper_arm,true,0.003341983,0,0.278486252,0.802453,false,false,bar_linear_stillness|bar_angular_stillness|knee_extension|hip_extension,1.39497,0.05494313,0.598022,0.249325559,0.213868722,0.0421459861,0.05,0.02,0.2,0.08726646,0.17453292,0.17453292,-0.00673999637,-0.0302533265,-0.0302533265,false,0.07731351,0.01662502,0.09398827,0.06186134,0.0342133157,440.942749,0.220394224,abdomen,twist_x,0.00629975554,NA,NA,NA,true,-0.0225247182,1.25008738,-0.103042439,-0.0424762331,-0.0184086282,-0.007696252,-7.450581E-09,0,-0.009719029,-0.15471904,0.135280982,-0.179305151,0.179305136,true,-0.0168745611,0,-0.114665829
140,93,0.93,DESCENT,0.128999978,Descent,false,false,0.323471,0.3229146,0.323471,NA,NA,NA,false,false,NONE,-0.0251543578,1.40409148,-0.146215916,0.999053836,0.0424813852,-0.006645901,0.00652720127,-0.04815182,0.009562187,0.0247018747,0.5908896,-0.0154766915,0.0298272949,true,true,8,true,true,0.008211811,0.005442933,0.238380134,0.05161988,0.156351566,0.202258721,0.88798213,right_upper_arm,true,0.00334056327,0,0.278377563,0.789881349,false,false,bar_linear_stillness|bar_angular_stillness|knee_extension|hip_extension,1.39497,0.054956492,0.5918443,0.25670746,0.22103478,0.0439244881,0.05,0.02,0.2,0.08726646,0.17453292,0.17453292,-0.00681978464,-0.0301371887,-0.0301371887,false,0.07771896,0.0161247086,0.09315481,0.060597118,0.0338423438,433.584137,0.216716215,abdomen,twist_x,0.00632424559,NA,NA,NA,true,-0.02295359,1.24989593,-0.10309916,-0.04269917,-0.02113837,-0.00654359069,-7.450581E-09,0,-0.009719029,-0.15471904,0.135280982,-0.179305151,0.179305136,true,-0.0174495149,0,-0.114799611
140,94,0.94000000000000006,DESCENT,0.131999984,Descent,false,false,0.323049366,0.3224904,0.323049366,NA,NA,NA,false,false,NONE,-0.0256400947,1.40407479,-0.145979524,0.9989274,0.04532288,-0.00670925528,0.00669530826,-0.04842502,0.00620877,0.025717333,0.584180653,-0.0149838477,0.0302836113,true,true,8,true,true,0.008340816,0.00552228466,0.238425046,0.0515749678,0.15592055,0.202689737,0.887203634,right_upper_arm,true,0.00334008969,0,0.278339863,0.7783891,false,false,bar_linear_stillness|bar_angular_stillness|knee_extension|hip_extension,1.39497,0.0551807247,0.5851569,0.2641159,0.228185073,0.0456964,0.05,0.02,0.2,0.08726646,0.17453292,0.17453292,-0.00688817352,-0.02996302,-0.02996302,false,0.07803665,0.0156317335,0.09236184,0.0593494847,0.0334636271,425.868164,0.212859571,abdomen,twist_x,0.00634788861,NA,NA,NA,true,-0.0233846065,1.24967778,-0.103144072,-0.04290928,-0.0238546114,-0.005374471,-7.450581E-09,0,-0.009719029,-0.15471904,0.135280982,-0.179305151,0.179305136,true,-0.01801655,0,-0.114904091
140,95,0.95000000000000007,DESCENT,0.13499999,Descent,false,false,0.322616875,0.32205534,0.322616875,NA,NA,NA,false,false,NONE,-0.0261284951,1.404025,-0.145732909,0.9987946,0.0481289476,-0.00677033234,0.006865522,-0.0486841425,0.00285871327,0.0267214514,0.576985657,-0.0144737223,0.0307399835,true,true,8,true,true,0.00847896,0.00560937356,0.238458008,0.0515420139,0.155487522,0.203122765,0.886421263,right_upper_arm,true,0.00334008853,0,0.278333873,0.7679039,false,false,bar_linear_stillness|bar_angular_stillness|knee_extension|hip_extension,1.39497,0.05560894,0.577985168,0.271563828,0.23534444,0.04744738,0.05,0.02,0.2,0.08726646,0.17453292,0.17453292,-0.006944895,-0.02973395,-0.02973395,false,0.0782650858,0.0151232034,0.0915710554,0.0581323169,0.0330975652,418.915771,0.20938459,abdomen,twist_x,0.00636821333,NA,NA,NA,true,-0.02381763,1.24943244,-0.103177026,-0.0431053676,-0.0265519433,-0.004194024,-7.450581E-09,0,-0.009719029,-0.15471904,0.135280982,-0.179305151,0.179305136,true,-0.018604219,0,-0.114923395
140,96,0.96,DESCENT,0.138,Descent,false,false,0.3221724,0.321607769,0.3221724,NA,NA,NA,false,false,NONE,-0.02661942,1.40394223,-0.145476192,0.998655736,0.0508980528,-0.00682907039,0.007037841,-0.0489292033,-0.000470303,0.0277155861,0.5694894,-0.0139465537,0.0311965961,true,true,8,true,true,0.008619821,0.005697966,0.238478988,0.0515210256,0.155052632,0.203557655,0.8856378,right_upper_arm,true,0.00334056141,0,0.27835995,0.7585665,false,false,bar_linear_stillness|bar_angular_stillness|knee_extension|hip_extension,1.39497,0.0562355928,0.5705137,0.279051572,0.242511213,0.0491748229,0.05,0.02,0.2,0.08726646,0.17453292,0.17453292,-0.006989807,-0.0294522326,-0.0294522326,false,0.07841019,0.0145948566,0.09077533,0.0569487438,0.032748837,412.172241,0.206014,abdomen,twist_x,0.00638545351,NA,NA,NA,true,-0.0242525134,1.24916077,-0.103198014,-0.0432873257,-0.0292306915,-0.003011295,-7.450581E-09,0,-0.009719029,-0.15471904,0.135280982,-0.179305151,0.179305136,true,-0.0191927832,0,-0.114902526
140,97,0.97,DESCENT,0.141,Descent,false,false,0.321715772,0.321148455,0.321715772,NA,NA,NA,false,false,NONE,-0.02711273,1.40382719,-0.145209461,0.9985111,0.05362993,-0.00688540237,0.00721227424,-0.0491607822,-0.00373072922,0.0287009757,0.5619572,-0.0134027526,0.0316535272,true,true,8,true,true,0.008750859,0.005777415,0.238488019,0.0515119955,0.154616028,0.203994259,0.8848438,right_upper_arm,true,0.00334186968,0,0.278448462,0.7506037,false,false,bar_linear_stillness|bar_angular_stillness|knee_extension|hip_extension,1.39497,0.05704776,0.563007534,0.2865703,0.24965705,0.05089518,0.05,0.02,0.2,0.08726646,0.17453292,0.17453292,-0.007022761,-0.0291192941,-0.0291192941,false,0.07847038,0.0140597541,0.09001154,0.05578619,0.0323944576,404.918823,0.20238857,abdomen,twist_x,0.006401848,NA,NA,NA,true,-0.0246891249,1.2488625,-0.103207044,-0.0434558019,-0.0318706669,-0.00183103676,-7.450581E-09,0,-0.009719029,-0.15471904,0.135280982,-0.179305151,0.179305136,true,-0.0197738241,0,-0.114867985
140,98,0.98,DESCENT,0.144000009,Descent,false,false,0.321249068,0.320678949,0.321249068,NA,NA,NA,false,false,NONE,-0.02760828,1.40368021,-0.144932851,0.9983611,0.05632396,-0.00693926727,0.007388831,-0.0493777879,-0.00695593655,0.0296729766,0.5542898,-0.0128426719,0.0321109,true,true,8,true,true,0.008891756,0.005868208,0.238485217,0.0515148044,0.15417783,0.204432458,0.8840486,right_upper_arm,true,0.00334317144,0,0.2785294,0.7437447,false,false,bar_linear_stillness|bar_angular_stillness|knee_extension|hip_extension,1.39497,0.0580261722,0.555367649,0.2941251,0.2568108,0.0525910147,0.05,0.02,0.2,0.08726646,0.17453292,0.17453292,-0.007043749,-0.028738644,-0.028738644,false,0.07844394,0.0135133732,0.0892618746,0.0546477027,0.0320455655,398.4634,0.199161991,abdomen,twist_x,0.00641486235,NA,NA,NA,true,-0.0251273159,1.24853837,-0.103204235,-0.04360981,-0.034464702,-0.0006597956,-7.450581E-09,0,-0.009719029,-0.15471904,0.135280982,-0.179305151,0.179305136,true,-0.0203678664,0,-0.114749
140,99,0.99,DESCENT,0.147000015,Descent,false,false,0.320770383,0.320197582,0.320770383,99,NA,NA,false,false,NONE,-0.028105922,1.40350175,-0.144646466,0.998206,0.0589802153,-0.00699059851,0.007567524,-0.0495801643,-0.0101316869,0.0306346826,0.546647847,-0.0122665232,0.03256884,true,true,8,true,true,0.00903118,0.005956826,0.238470674,0.05152934,0.153738216,0.204872072,0.8832562,right_upper_arm,true,0.003344472,0,0.278603673,0.7380695,false,false,bar_linear_stillness|bar_angular_stillness|knee_extension|hip_extension,1.39497,0.059155114,0.5477546,0.301713377,0.263966471,0.05426463,0.05,0.02,0.2,0.08726646,0.17453292,0.17453292,-0.007052779,-0.02831217,-0.02831217,false,0.07834279,0.0129513582,0.0885107145,0.05354231,0.03171613,392.191284,0.196027026,abdomen,twist_x,0.00642503053,NA,NA,NA,true,-0.0255669374,1.2481885,-0.1031897,-0.043749325,-0.0370195322,0.00049632194,-7.450581E-09,0,-0.009719029,-0.15471904,0.135280982,-0.179305151,0.179305136,true,-0.0209656172,0,-0.114599012
140,100,1,DESCENT,0.150000021,Descent,false,false,0.320280254,0.319704652,0.320280254,99,NA,NA,false,false,NONE,-0.028605517,1.40329278,-0.144350335,0.998046,0.0616004467,-0.007039318,0.00774837751,-0.0497687459,-0.01321011,0.0315941833,0.539378762,-0.0116747264,0.0330273,true,true,8,true,true,0.009158214,0.00603346759,0.238444626,0.0515554026,0.1532973,0.205312982,0.882453859,right_upper_arm,true,0.0033466178,0,0.2787421,0.733887851,false,false,bar_linear_stillness|bar_angular_stillness|knee_extension|hip_extension,1.39497,0.0604121462,0.540515065,0.309333563,0.271102846,0.0559393354,0.05,0.02,0.2,0.08726646,0.17453292,0.17453292,-0.00704997033,-0.0278429035,-0.0278429035,false,0.0781679153,0.0123755233,0.0877831951,0.0524609946,0.0313852727,385.261017,0.1925631,abdomen,twist_x,0.006434651,NA,NA,NA,true,-0.0260078516,1.2478137,-0.103163637,-0.0438751951,-0.0395258628,0.00163574412,-7.450581E-09,0,-0.009719029,-0.15471904,0.135280982,-0.179305151,0.179305136,true,-0.0215516128,0,-0.114453152
140,101,1.01,DESCENT,0.153000027,Descent,false,false,0.3197801,0.3192017,0.3197801,99,NA,NA,false,false,NONE,-0.0291069113,1.40305364,-0.144044608,0.9978813,0.06418538,-0.007085359,0.007931409,-0.0499422774,-0.0162455812,0.03253778,0.5322322,-0.0110675991,0.03348629,true,true,8,true,true,0.009299574,0.00612565968,0.238407254,0.0515927672,0.152855232,0.205755055,0.8816523,right_upper_arm,true,0.00334851258,0,0.278853238,0.730713964,false,false,bar_linear_stillness|bar_angular_stillness|knee_extension|hip_extension,1.39497,0.0617807172,0.533399463,0.3169835,0.2782438,0.0575902052,0.05,0.02,0.2,0.08726646,0.17453292,0.17453292,-0.00703543425,-0.02733367,-0.02733367,false,0.07790981,0.0117888507,0.08707501,0.05139052,0.0310475,379.1264,0.189496875,abdomen,twist_x,0.006440962,NA,NA,NA,true,-0.0264499169,1.24741423,-0.103126273,-0.04398648,-0.0419759862,0.00275071664,-7.450581E-09,0,-0.009719029,-0.15471904,0.135280982,-0.179305151,0.179305136,true,-0.022150455,0,-0.114225775
140,102,1.02,DESCENT,0.156000033,Descent,false,false,0.319268227,0.3186872,0.319268227,99,NA,NA,false,false,NONE,-0.0296099633,1.40278506,-0.143729419,0.9977122,0.06673618,-0.00712865172,0.008116645,-0.0501010269,-0.0192185789,0.0334690548,0.525328,-0.0104453163,0.0339458324,true,true,8,true,true,0.009432563,0.006211331,0.23835887,0.05164115,0.152412161,0.206198126,0.8808561,right_upper_arm,true,0.003350288,0,0.2789485,0.728581131,false,false,bar_linear_stillness|bar_angular_stillness|knee_extension|hip_extension,1.39497,0.06324274,0.5265272,0.3246582,0.285387427,0.05920715,0.05,0.02,0.2,0.08726646,0.17453292,0.17453292,-0.007009372,-0.0267858673,-0.0267858673,false,0.0775886,0.0111920284,0.0863657147,0.0503496826,0.0307305939,373.151031,0.186510235,abdomen,twist_x,0.00644535525,NA,NA,NA,true,-0.0268929843,1.2469908,-0.103077888,-0.04408332,-0.0443757623,0.003838725,-7.450581E-09,0,-0.009719029,-0.15471904,0.135280982,-0.179305151,0.179305136,true,-0.0227487721,0,-0.113974415
140,103,1.03,DESCENT,0.159000039,Descent,false,false,0.3187449,0.318161428,0.3187449,99,NA,NA,false,false,NONE,-0.0301145185,1.40248764,-0.143404856,0.9975387,0.0692545548,-0.00716912,0.008304106,-0.0502450019,-0.0221232548,0.0343900956,0.5187731,-0.009808125,0.0344058238,true,true,8,true,true,0.009562895,0.00629476644,0.238299757,0.0517002642,0.151968241,0.206642032,0.8800663,right_upper_arm,true,0.00335218618,0,0.2790484,0.7274998,false,false,bar_linear_stillness|bar_angular_stillness|knee_extension|hip_extension,1.39497,0.06478177,0.5200053,0.332354635,0.292530358,0.0608085543,0.05,0.02,0.2,0.08726646,0.17453292,0.17453292,-0.00697200745,-0.0262034088,-0.0262034088,false,0.07720969,0.0105868764,0.08565812,0.0493362881,0.0304316,367.286865,0.183579177,abdomen,twist_x,0.006447964,NA,NA,NA,true,-0.0273369029,1.24654377,-0.103018776,-0.04416579,-0.046727702,0.00489777047,-7.450581E-09,0,-0.009719029,-0.15471904,0.135280982,-0.179305151,0.179305136,true,-0.0233474337,0,-0.113699608
140,104,1.04,DESCENT,0.162000045,Descent,false,false,0.3182103,0.3176244,0.3182103,99,NA,NA,false,false,NONE,-0.0306204334,1.40216243,-0.1430709,0.9973609,0.07174379,-0.007206679,0.00849383,-0.05037487,-0.024928011,0.03531383,0.5128826,-0.009156464,0.0348660126,true,true,8,true,true,0.00968209747,0.006366576,0.238230214,0.0517698079,0.1515236,0.207086682,0.879266262,right_upper_arm,true,0.00335445884,0,0.279174656,0.727739334,false,false,bar_linear_stillness|bar_angular_stillness|knee_extension|hip_extension,1.39497,0.06637846,0.5141479,0.340080678,0.299657553,0.06241473,0.05,0.02,0.2,0.08726646,0.17453292,0.17453292,-0.00692362338,-0.0255883839,-0.0255883839,false,0.07675601,0.009963674,0.08498156,0.04832488,0.0301057715,360.48645,0.180180162,abdomen,twist_x,0.00645050872,NA,NA,NA,true,-0.02778154,1.24607348,-0.102949232,-0.0442347154,-0.0490337424,0.005929612,-7.450581E-09,0,-0.009719029,-0.15471904,0.135280982,-0.179305151,0.179305136,true,-0.0239365846,0,-0.113443062
140,105,1.05,DESCENT,0.165000051,Descent,false,false,0.3176657,0.3170774,0.3176657,99,NA,NA,false,false,NONE,-0.0311275646,1.40180993,-0.142727762,0.997178853,0.07420557,-0.0072412556,0.008685842,-0.0504899919,-0.0276794955,0.03621662,0.507328749,-0.008490605,0.0353263244,true,true,8,true,true,0.009815927,0.006455773,0.238150537,0.0518494844,0.151078388,0.2075319,0.878468752,right_upper_arm,true,0.003356354,0,0.279263258,0.7287275,false,false,bar_linear_stillness|bar_angular_stillness|knee_extension|hip_extension,1.39497,0.06802233,0.5086281,0.3478207,0.306786537,0.06398807,0.05,0.02,0.2,0.08726646,0.17453292,0.17453292,-0.00686451048,-0.0249427129,-0.0249427129,false,0.07624667,0.00933329947,0.08430818,0.0473281927,0.02978913,354.594177,0.177235052,abdomen,twist_x,0.00645078253,NA,NA,NA,true,-0.0282267574,1.24558067,-0.102869555,-0.04428955,-0.05127805,0.006926562,-7.450581E-09,0,-0.009719029,-0.15471904,0.135280982,-0.179305151,0.179305136,true,-0.024531167,0,-0.113114223
140,106,1.06,DESCENT,0.168000057,Descent,false,false,0.3171094,0.316518784,0.3171094,99,NA,NA,false,false,NONE,-0.0316357575,1.40143073,-0.142375559,0.9969926,0.07664193,-0.007272774,0.008880167,-0.0505904071,-0.0303716883,0.0371052,0.502166,-0.00781067926,0.03578657,true,true,8,true,true,0.009941151,0.00653825328,0.238061115,0.0519389063,0.150632739,0.207977548,0.8776782,right_upper_arm,true,0.00335801067,0,0.279326826,0.730455,false,false,bar_linear_stillness|bar_angular_stillness|knee_extension|hip_extension,1.39497,0.06970383,0.5035001,0.35557586,0.3139158,0.06554185,0.05,0.02,0.2,0.08726646,0.17453292,0.17453292,-0.00679496676,-0.0242668726,-0.0242668726,false,0.0756909,0.009220724,0.08363375,0.0463529639,0.02949112,348.8035,0.174340725,abdomen,twist_x,0.006449769,NA,NA,NA,true,-0.02867241,1.24506581,-0.102780133,-0.044330582,-0.0534695163,0.007889049,-7.450581E-09,0,-0.009719029,-0.15471904,0.135280982,-0.179305151,0.179305136,true,-0.0251268763,0,-0.112771034
140,107,1.07,DESCENT,0.171000063,Descent,false,false,0.3165416,0.315948665,0.3165416,99,NA,NA,false,false,NONE,-0.0321448855,1.40102577,-0.142014265,0.996802032,0.07905667,-0.007301144,0.009076844,-0.05067747,-0.032958962,0.0379991531,0.497804224,-0.00711712055,0.03624638,true,true,8,true,true,0.0100528374,0.006605628,0.237962246,0.0520377681,0.150186777,0.20842351,0.8768762,right_upper_arm,true,0.00336028915,0,0.279438168,0.7333162,false,false,bar_linear_stillness|bar_angular_stillness|knee_extension|hip_extension,1.39497,0.0714033246,0.4991728,0.363355219,0.321031958,0.06710585,0.05,0.02,0.2,0.08726646,0.17453292,0.17453292,-0.00671529025,-0.0235650372,-0.0235650372,false,0.07507544,0.0100345882,0.0829784647,0.04538051,0.0291715916,341.9521,0.170916215,abdomen,twist_x,0.00644892547,NA,NA,NA,true,-0.0291183684,1.24452925,-0.102681272,-0.04435881,-0.0556218773,0.008822244,-7.450581E-09,0,-0.009719029,-0.15471904,0.135280982,-0.179305151,0.179305136,true,-0.02570994,0,-0.11246334
140,108,1.08,DESCENT,0.174000069,Descent,false,false,0.315963566,0.315368533,0.315963566,99,NA,NA,false,false,NONE,-0.0326547921,1.40059555,-0.14164412,0.9966072,0.08145154,-0.00732629374,0.009275895,-0.05074961,-0.0355095863,0.0388668962,0.4937467,-0.006410169,0.0367055573,true,true,8,true,true,0.0101843933,0.006696268,0.2378543,0.05214572,0.149740651,0.208869636,0.876077056,right_upper_arm,true,0.0033615923,0,0.279462337,0.7365734,false,false,bar_linear_stillness|bar_angular_stillness|knee_extension|hip_extension,1.39497,0.0731238,0.4951507,0.371140659,0.3281513,0.06864119,0.05,0.02,0.2,0.08726646,0.17453292,0.17453292,-0.00662586838,-0.0228385553,-0.0228385553,false,0.0744075,0.0108644161,0.08232579,0.0444054566,0.028846452,336.006439,0.167944431,abdomen,twist_x,0.006446181,NA,NA,NA,true,-0.0295645,1.24397147,-0.10257332,-0.04437359,-0.05771647,0.009716651,-7.450581E-09,0,-0.009719029,-0.15471904,0.135280982,-0.179305151,0.179305136,true,-0.026301492,0,-0.112083033
140,109,1.09,DESCENT,0.177000076,Descent,false,false,0.315373719,0.3147766,0.315373719,99,NA,NA,false,false,NONE,-0.03316534,1.40014052,-0.141265288,0.996408045,0.08382817,-0.00734815234,0.009477339,-0.0508071668,-0.038007848,0.039716728,0.490040779,-0.005689932,0.03716381,true,true,8,true,true,0.0103017511,0.006775452,0.237737641,0.05226238,0.149294481,0.2093158,0.8752866,right_upper_arm,true,0.00336301,0,0.279490739,0.7402189,false,false,bar_linear_stillness|bar_angular_stillness|knee_extension|hip_extension,1.39497,0.07485575,0.491480917,0.378928751,0.335272938,0.0701565444,0.05,0.02,0.2,0.08726646,0.17453292,0.17453292,-0.00652700663,-0.022086598,-0.022086598,false,0.07370477,0.0116965631,0.08166891,0.043446932,0.0285415351,330.153839,0.165019155,abdomen,twist_x,0.006442804,NA,NA,NA,true,-0.0300106723,1.24339318,-0.102456659,-0.0443751663,-0.05975884,0.0105760312,-7.450581E-09,0,-0.009719029,-0.15471904,0.135280982,-0.179305151,0.179305136,true,-0.0268932153,0,-0.111692026
140,110,1.1,DESCENT,0.180000082,Descent,false,false,0.314772367,0.314172983,0.314772367,99,NA,NA,false,false,NONE,-0.03367639,1.39966166,-0.1408777,0.9962044,0.08619068,-0.00736662652,0.009681212,-0.05085152,-0.0404066443,0.040578153,0.487185538,-0.004956887,0.0376206078,true,true,8,true,true,0.01040723,0.00683861366,0.23761259,0.05238743,0.148848385,0.2097619,0.8744823,right_upper_arm,true,0.0033648212,0,0.279548943,0.744804442,false,false,bar_linear_stillness|bar_angular_stillness|knee_extension|hip_extension,1.39497,0.07658434,0.488661051,0.386741042,0.342384279,0.07168312,0.05,0.02,0.2,0.08726646,0.17453292,0.17453292,-0.006419055,-0.021314254,-0.021314254,false,0.072960645,0.0125532206,0.0810237452,0.04249504,0.02822415,323.140137,0.161513537,abdomen,twist_x,0.00643985672,NA,NA,NA,true,-0.03045676,1.24279451,-0.102331609,-0.04436455,-0.0617776178,0.0114080552,-7.450581E-09,0,-0.009719029,-0.15471904,0.135280982,-0.179305151,0.179305136,true,-0.0274737235,0,-0.111353345
140,111,1.11,DESCENT,0.183000088,Descent,false,false,0.314160049,0.313558936,0.314160049,99,NA,NA,false,false,NONE,-0.0341877975,1.39915919,-0.140481621,0.9959962,0.08854036,-0.007381649,0.009887528,-0.0508811139,-0.0427899435,0.0414054953,0.4845323,-0.00421122648,0.03807562,true,true,8,true,true,0.0105358437,0.00693120668,0.237479448,0.05252058,0.148402512,0.210207775,0.873682141,right_upper_arm,true,0.00336552644,0,0.279508471,0.7494342,false,false,bar_linear_stillness|bar_angular_stillness|knee_extension|hip_extension,1.39497,0.07832166,0.486044258,0.394545972,0.349499732,0.0731876642,0.05,0.02,0.2,0.08726646,0.17453292,0.17453292,-0.006302394,-0.0205215346,-0.0205215346,false,0.0721617,0.0134289861,0.08037651,0.0415212661,0.0278826933,317.023132,0.1584561,abdomen,twist_x,0.00643516146,NA,NA,NA,true,-0.0309026446,1.24217594,-0.102198459,-0.0443410426,-0.06374568,0.0122007877,-7.450581E-09,0,-0.009719029,-0.15471904,0.135280982,-0.179305151,0.179305136,true,-0.028061239,0,-0.110937968
140,112,1.12,DESCENT,0.1860001,Descent,false,false,0.313536,0.3129328,0.313536,99,NA,NA,false,false,NONE,-0.0346994177,1.39863348,-0.1400773,0.9957834,0.0908781663,-0.00739315525,0.0100962948,-0.050896097,-0.0451326,0.0422108173,0.4821036,-0.003453062,0.03852847,true,true,8,true,true,0.0106467633,0.00700657349,0.2373386,0.0526614264,0.147956967,0.21065332,0.872891963,right_upper_arm,true,0.00336634531,0,0.279471964,0.75409925,false,false,bar_linear_stillness|bar_angular_stillness|knee_extension|hip_extension,1.39497,0.0800569654,0.483653,0.4023428,0.356619775,0.07466188,0.05,0.02,0.2,0.08726646,0.17453292,0.17453292,-0.00617734343,-0.0197066925,-0.0197066925,false,0.07133834,0.0142964348,0.07972262,0.04056,0.027563462,311.006927,0.155449048,abdomen,twist_x,0.006430569,NA,NA,NA,true,-0.0313481875,1.24153793,-0.102057613,-0.0443049744,-0.06566504,0.012960786,-7.450581E-09,0,-0.009719029,-0.15471904,0.135280982,-0.179305151,0.179305136,true,-0.0286483765,0,-0.110513829
140,113,1.1300000000000001,DESCENT,0.1890001,Descent,false,false,0.312900245,0.31229502,0.312900245,99,NA,NA,false,false,NONE,-0.03521111,1.398085,-0.139664888,0.995566,0.09320546,-0.007401078,0.0103075262,-0.05089711,-0.0474260151,0.042998556,0.479935259,-0.00268258923,0.038978707,true,true,8,true,true,0.0107545629,0.007079995,0.237190366,0.0528096557,0.147511885,0.2110984,0.872113049,right_upper_arm,true,0.00336704985,0,0.2794214,0.758849,false,false,bar_linear_stillness|bar_angular_stillness|knee_extension|hip_extension,1.39497,0.08178397,0.481522977,0.410130352,0.363740355,0.07611697,0.05,0.02,0.2,0.08726646,0.17453292,0.17453292,-0.006044194,-0.0188755374,-0.0188755374,false,0.0704964,0.0151548414,0.0790646747,0.03961017,0.027262643,305.028442,0.152460858,abdomen,twist_x,0.00642579049,NA,NA,NA,true,-0.03179327,1.240881,-0.101909384,-0.04425645,-0.0675421,0.01369157,-7.450581E-09,0,-0.009719029,-0.15471904,0.135280982,-0.179305151,0.179305136,true,-0.0292331465,0,-0.110085979
140,114,1.1400000000000001,DESCENT,0.1920001,Descent,false,false,0.312253416,0.311646044,0.312253416,99,NA,NA,false,false,NONE,-0.03572274,1.39751458,-0.139244318,0.9953438,0.09552569,-0.007405329,0.0105212415,-0.050885167,-0.0496385619,0.0437970348,0.47850275,-0.001900321,0.0394256376,true,true,8,true,true,0.0108548272,0.00714183832,0.237034962,0.05296506,0.147067383,0.2115429,0.871320546,right_upper_arm,true,0.00336802844,0,0.279391229,0.764206,false,false,bar_linear_stillness|bar_angular_stillness|knee_extension|hip_extension,1.39497,0.08349531,0.480128,0.4179357,0.370854348,0.0775816739,0.05,0.02,0.2,0.08726646,0.17453292,0.17453292,-0.00590334833,-0.0180270765,-0.0180270765,false,0.0695956945,0.01605387,0.07841211,0.0386384875,0.0269135069,297.600769,0.148748323,abdomen,twist_x,0.00642151758,NA,NA,NA,true,-0.0322377719,1.24020517,-0.10175398,-0.0441963039,-0.0694135651,0.0144007513,-7.450581E-09,0,-0.009719029,-0.15471904,0.135280982,-0.179305151,0.179305136,true,-0.0298129711,0,-0.109715149
140,115,1.1500000000000001,DESCENT,0.195000112,Descent,false,false,0.311595261,0.310986042,0.311595261,99,NA,NA,false,false,NONE,-0.0362341665,1.39692223,-0.138815939,0.9951167,0.09783956,-0.00740585,0.0107374415,-0.0508586131,-0.0518480465,0.0445559472,0.477149129,-0.0011064976,0.03986879,true,true,8,true,true,0.0109801386,0.007234033,0.236872673,0.05312734,0.146623582,0.211986721,0.870533168,right_upper_arm,true,0.00336825242,0,0.2792906,0.769307137,false,false,bar_linear_stillness|bar_angular_stillness|knee_extension|hip_extension,1.39497,0.0852059349,0.478813142,0.425724119,0.377972364,0.079022266,0.05,0.02,0.2,0.08726646,0.17453292,0.17453292,-0.005755119,-0.0171611551,-0.0171611551,false,0.06867208,0.016947262,0.07775135,0.03766014,0.0265691523,291.289032,0.145593554,abdomen,twist_x,0.006416054,NA,NA,NA,true,-0.0326815769,1.23951066,-0.1015917,-0.0441240445,-0.07124427,0.0150748426,-7.450581E-09,0,-0.009719029,-0.15471904,0.135280982,-0.179305151,0.179305136,true,-0.0303955618,0,-0.109269708
140,116,1.16,DESCENT,0.198000118,Descent,false,false,0.3109253,0.31031388,0.3109253,99,NA,NA,false,false,NONE,-0.0367452465,1.39630818,-0.13838,0.9948847,0.100147322,-0.00740258535,0.0109561188,-0.0508178622,-0.05403138,0.0452878028,0.475874066,-0.000301250955,0.0403077677,true,true,8,true,true,0.0110864891,0.007310691,0.236703858,0.0532961637,0.146180585,0.2124297,0.8697568,right_upper_arm,true,0.00336822914,0,0.279163718,0.7741657,false,false,bar_linear_stillness|bar_angular_stillness|knee_extension|hip_extension,1.39497,0.08690702,0.4775782,0.433493882,0.385092437,0.0804429948,0.05,0.02,0.2,0.08726646,0.17453292,0.17453292,-0.005599715,-0.0162756126,-0.0162756126,false,0.06773308,0.0178231224,0.07708372,0.0366901048,0.0262455288,285.07,0.142485127,abdomen,twist_x,0.006410635,NA,NA,NA,true,-0.0331245624,1.238798,-0.101422876,-0.0440398939,-0.07303467,0.0157207139,-7.450581E-09,0,-0.009719029,-0.15471904,0.135280982,-0.179305151,0.179305136,true,-0.0309785064,0,-0.108815819
140,117,1.17,DESCENT,0.201000124,Descent,false,false,0.310243964,0.309630334,0.310243964,99,NA,NA,false,false,NONE,-0.0372558571,1.39567327,-0.137936428,0.9946476,0.102452181,-0.007395452,0.0111772893,-0.05076449,-0.0561449975,0.0460332371,0.4752764,0.0005148563,0.0407418534,true,true,8,true,true,0.0111816246,0.007368082,0.236528665,0.05347135,0.145738542,0.21287176,0.868964434,right_upper_arm,true,0.00336861331,0,0.279069752,0.779500067,false,false,bar_linear_stillness|bar_angular_stillness|knee_extension|hip_extension,1.39497,0.0885909349,0.477019727,0.4412831,0.3922109,0.08187987,0.05,0.02,0.2,0.08726646,0.17453292,0.17453292,-0.00543743372,-0.0153768938,-0.0153768938,false,0.06675124,0.0187326465,0.07641688,0.0357071459,0.0258862935,277.3576,0.138630271,abdomen,twist_x,0.006405585,NA,NA,NA,true,-0.0335666165,1.23806751,-0.101247691,-0.0439446457,-0.07483018,0.016349189,-7.450581E-09,0,-0.009719029,-0.15471904,0.135280982,-0.179305151,0.179305136,true,-0.03155449,0,-0.10842897
140,118,1.18,DESCENT,0.20400013,Descent,false,false,0.309551418,0.308935881,0.309551418,99,NA,NA,false,false,NONE,-0.0377658457,1.39501715,-0.137485623,0.9944054,0.104753867,-0.00738440268,0.0114009362,-0.05069648,-0.0582799837,0.04673157,0.4745577,0.00134154758,0.0411704965,true,true,8,true,true,0.011304846,0.007462414,0.2363474,0.0536526069,0.145297527,0.213312775,0.8681778,right_upper_arm,true,0.00336799212,0,0.2788831,0.7842914,false,false,bar_linear_stillness|bar_angular_stillness|knee_extension|hip_extension,1.39497,0.09028028,0.4763421,0.449044883,0.3993308,0.08328338,0.05,0.02,0.2,0.08726646,0.17453292,0.17453292,-0.005268611,-0.01446362,-0.01446362,false,0.06573888,0.01964444,0.07573765,0.034700796,0.0255132113,270.7681,0.135336682,abdomen,twist_x,0.00639940426,NA,NA,NA,true,-0.03400763,1.23731887,-0.101066433,-0.0438376777,-0.07659211,0.0169443,-7.450581E-09,0,-0.009719029,-0.15471904,0.135280982,-0.179305151,0.179305136,true,-0.0321345553,0,-0.107962959
140,119,1.19,DESCENT,0.207000136,Descent,false,false,0.3088469,0.3082292,0.3088469,99,NA,NA,false,false,NONE,-0.0382750779,1.39433992,-0.137027919,0.994158149,0.107051671,-0.007369397,0.0116270371,-0.05061455,-0.060401082,0.0473972224,0.473724484,0.00217875047,0.04159326,true,true,8,true,true,0.011404613,0.007535695,0.236160383,0.05383964,0.14485766,0.213752627,0.867404163,right_upper_arm,true,0.00336736231,0,0.2786899,0.7885947,false,false,bar_linear_stillness|bar_angular_stillness|knee_extension|hip_extension,1.39497,0.0919598863,0.475551933,0.456780672,0.4064529,0.08466083,0.05,0.02,0.2,0.08726646,0.17453292,0.17453292,-0.00509342551,-0.0135322576,-0.0135322576,false,0.0647170246,0.02053036,0.07505091,0.0337026268,0.0251648,265.9177,0.09599224,right_thigh,twist_x,0.00639370736,NA,NA,NA,true,-0.0344474874,1.23655283,-0.1008794,-0.04371923,-0.07831602,0.0175152458,-7.450581E-09,0,-0.009719029,-0.15471904,0.135280982,-0.179305151,0.179305136,true,-0.0327128135,0,-0.107487306
140,120,1.2,DESCENT,0.210000142,Descent,false,false,0.3081314,0.30751133,0.3081314,99,NA,NA,false,false,NONE,-0.03878343,1.39364243,-0.136563152,0.9939056,0.109348513,-0.00735035539,0.0118555967,-0.0505206734,-0.06245307,0.0480822064,0.473537236,0.00302574923,0.04200934,true,true,8,true,true,0.0114946235,0.007589145,0.2359677,0.0540323257,0.144419089,0.2141912,0.866613746,right_upper_arm,true,0.00336726918,0,0.2785415,0.7933333,false,false,bar_linear_stillness|bar_angular_stillness|knee_extension|hip_extension,1.39497,0.09361956,0.475406617,0.4645374,0.413574725,0.08605781,0.05,0.02,0.2,0.08726646,0.17453292,0.17453292,-0.004912168,-0.01259019,-0.01259019,false,0.06366926,0.0214373171,0.07436501,0.0327051356,0.0247977432,263.6148,0.09516093,right_thigh,twist_x,0.00638825959,NA,NA,NA,true,-0.0348860621,1.23576915,-0.100686714,-0.0435900167,-0.0800597742,0.0180746485,-7.450581E-09,0,-0.009719029,-0.15471904,0.135280982,-0.179305151,0.179305136,true,-0.03328656,0,-0.107090011
140,121,1.21,DESCENT,0.213000149,Descent,false,false,0.307404578,0.306782424,0.307404578,99,NA,NA,false,false,NONE,-0.0392907634,1.39292419,-0.136091843,0.9936478,0.111643314,-0.007327244,0.0120865814,-0.05041247,-0.0645412,0.04871025,0.473036766,0.00388233224,0.0424182452,true,true,8,true,true,0.0116161425,0.007685613,0.2357696,0.05423042,0.143981889,0.2146284,0.865830243,right_upper_arm,true,0.00336615834,0,0.2782979,0.7973162,false,false,bar_linear_stillness|bar_angular_stillness|knee_extension|hip_extension,1.39497,0.09528731,0.4749507,0.472257674,0.420698762,0.087427035,0.05,0.02,0.2,0.08726646,0.17453292,0.17453292,-0.004725136,-0.011634985,-0.011634985,false,0.06257693,0.0223619677,0.07365929,0.03166609,0.0243947189,261.302856,0.0943263546,right_thigh,twist_x,0.006381806,NA,NA,NA,true,-0.0353232659,1.23496807,-0.100488618,-0.0434495062,-0.08177161,0.0186027922,-7.450581E-09,0,-0.009719029,-0.15471904,0.135280982,-0.179305151,0.179305136,true,-0.0338615,0,-0.1066039
140,122,1.22,DESCENT,0.216000155,Descent,false,false,0.306666136,0.306041658,0.306666136,99,NA,NA,false,false,NONE,-0.0397969447,1.39218533,-0.13561438,0.9933851,0.113934375,-0.00730003929,0.0123199578,-0.05029075,-0.0666154251,0.0492994376,0.47223708,0.004748417,0.04281959,true,true,8,true,true,0.0117097823,0.007756983,0.235566378,0.05443365,0.143546164,0.215064123,0.8650626,right_upper_arm,true,0.00336527335,0,0.278066367,0.8006321,false,false,bar_linear_stillness|bar_angular_stillness|knee_extension|hip_extension,1.39497,0.0969392,0.4741982,0.479945332,0.4278238,0.08875904,0.05,0.02,0.2,0.08726646,0.17453292,0.17453292,-0.004532449,-0.01066217,-0.01066217,false,0.0614786148,0.0232535768,0.07294637,0.0306364987,0.0240209457,258.977875,0.09348707,right_thigh,twist_x,0.006376433,NA,NA,NA,true,-0.0357589833,1.23414993,-0.100285389,-0.0432979465,-0.08343928,0.0191107988,-7.450581E-09,0,-0.009719029,-0.15471904,0.135280982,-0.179305151,0.179305136,true,-0.0344340652,0,-0.106104225
140,123,1.23,DESCENT,0.219000161,Descent,false,false,0.305917323,0.305290222,0.305917323,99,NA,NA,false,false,NONE,-0.040301837,1.39142621,-0.135131046,0.993117452,0.116220579,-0.0072687096,0.0125556886,-0.0501559153,-0.06865338,0.0498586744,0.471212715,0.005623687,0.04321275,true,true,8,true,true,0.011802542,0.007825028,0.235358149,0.0546418726,0.143112063,0.215498224,0.8643128,right_upper_arm,true,0.003364627,0,0.277849346,0.8034398,false,false,bar_linear_stillness|bar_angular_stillness|knee_extension|hip_extension,1.39497,0.0985636339,0.473223418,0.4876035,0.434947163,0.09006605,0.05,0.02,0.2,0.08726646,0.17453292,0.17453292,-0.004334353,-0.009680422,-0.009680422,false,0.0603808053,0.0241154041,0.07222999,0.02961807,0.0236723591,256.6661,0.09265256,right_thigh,twist_x,0.00637179334,NA,NA,NA,true,-0.03619309,1.23331523,-0.100077167,-0.0431355052,-0.08506667,0.0196037125,-7.450581E-09,0,-0.009719029,-0.15471904,0.135280982,-0.179305151,0.179305136,true,-0.0350060873,0,-0.105602778
140,124,1.24,DESCENT,0.222000167,Descent,false,false,0.305158257,0.304528177,0.305158257,99,NA,NA,false,false,NONE,-0.0408053324,1.39064753,-0.134641737,0.9928448,0.11850407,-0.007233188,0.0127937607,-0.05000941,-0.07062663,0.0504344441,0.470671952,0.00650744373,0.0435969345,true,true,8,true,true,0.0118928785,0.007881628,0.235145018,0.054855004,0.142679662,0.215930641,0.863546968,right_upper_arm,true,0.003364515,0,0.277677476,0.806591332,false,false,bar_linear_stillness|bar_angular_stillness|knee_extension|hip_extension,1.39497,0.100163341,0.47273156,0.495278329,0.442071676,0.09139093,0.05,0.02,0.2,0.08726646,0.17453292,0.17453292,-0.00413112342,-0.008686466,-0.008686466,false,0.05921982,0.0250366367,0.07150117,0.028570449,0.0232602879,254.078247,0.0917183757,right_thigh,twist_x,0.00636665337,NA,NA,NA,true,-0.036625497,1.232464,-0.0998640358,-0.0429627337,-0.08671918,0.0200907215,-7.450581E-09,0,-0.009719029,-0.15471904,0.135280982,-0.179305151,0.179305136,true,-0.0355784521,0,-0.105178095
140,125,1.25,DESCENT,0.225000173,Descent,false,false,0.3043881,0.303755462,0.3043881,99,NA,NA,false,false,NONE,-0.0413072854,1.389849,-0.134147018,0.992567241,0.120783232,-0.00719345454,0.0130341249,-0.04984899,-0.07262616,0.05094855,0.4697269,0.00739938952,0.04397167,true,true,8,true,true,0.0120163215,0.007981129,0.234927163,0.05507286,0.142249063,0.216361225,0.862790346,right_upper_arm,true,0.003363386,0,0.27741003,0.8089922,false,false,bar_linear_stillness|bar_angular_stillness|knee_extension|hip_extension,1.39497,0.101760678,0.471838534,0.502913058,0.449195832,0.0926763043,0.05,0.02,0.2,0.08726646,0.17453292,0.17453292,-0.003922902,-0.00767888455,-0.00767888455,false,0.0580478869,0.0259390548,0.07076168,0.0275120679,0.02285508,251.694168,0.09085776,right_thigh,twist_x,0.006360198,NA,NA,NA,true,-0.0370560922,1.23159611,-0.09964618,-0.0427791663,-0.0883425251,0.02054969,-7.450581E-09,0,-0.009719029,-0.15471904,0.135280982,-0.179305151,0.179305136,true,-0.0361490361,0,-0.1046637
140,126,1.26,DESCENT,0.228000179,Descent,false,false,0.3036071,0.302971542,0.3036071,99,NA,NA,false,false,NONE,-0.0418075621,1.38903058,-0.1336473,0.992285132,0.123056076,-0.00714949751,0.0132767344,-0.0496750623,-0.07461697,0.05142048,0.468403,0.008299342,0.0443365239,true,true,8,true,true,0.0121111581,0.008056132,0.234704852,0.05529517,0.141820371,0.216789916,0.862050951,right_upper_arm,true,0.00336224376,0,0.277134985,0.8107494,false,false,bar_linear_stillness|bar_angular_stillness|knee_extension|hip_extension,1.39497,0.103341036,0.470569849,0.510513544,0.456317067,0.09393649,0.05,0.02,0.2,0.08726646,0.17453292,0.17453292,-0.00370977074,-0.00665440131,-0.00665440131,false,0.0568718575,0.0268062782,0.07001899,0.02646565,0.0224789325,249.310837,0.08999742,right_thigh,twist_x,0.00635434734,NA,NA,NA,true,-0.03748478,1.23071218,-0.09942387,-0.04258501,-0.0899232849,0.0209899656,-7.450581E-09,0,-0.009719029,-0.15471904,0.135280982,-0.179305151,0.179305136,true,-0.03671721,0,-0.104133129
140,127,1.27,DESCENT,0.231000185,Descent,false,false,0.302816331,0.3021776,0.302816331,99,NA,NA,false,false,NONE,-0.0423060544,1.388193,-0.1331424,0.9919982,0.1253247,-0.00710125268,0.0135215661,-0.049489826,-0.0765552744,0.0519146845,0.4675768,0.009206457,0.0446907245,true,true,8,true,true,0.0121977814,0.008107654,0.234478161,0.05552186,0.141393721,0.217216566,0.861293733,right_upper_arm,true,0.00336164655,0,0.276907921,0.8129178,false,false,bar_linear_stillness|bar_angular_stillness|knee_extension|hip_extension,1.39497,0.104905136,0.4697979,0.5181356,0.4634377,0.09521006,0.05,0.02,0.2,0.08726646,0.17453292,0.17453292,-0.00349191576,-0.00562240742,-0.00562240742,false,0.0556510426,0.0277198981,0.0692688748,0.0254080221,0.0220593382,246.547668,0.08899996,right_thigh,twist_x,0.006347524,NA,NA,NA,true,-0.0379114337,1.22981155,-0.09919718,-0.0423807837,-0.09154062,0.0214247778,-7.450581E-09,0,-0.009719029,-0.15471904,0.135280982,-0.179305151,0.179305136,true,-0.0372864679,0,-0.103688627
140,128,1.28,DESCENT,0.234000191,Descent,false,false,0.30201453,0.301373243,0.30201453,99,NA,NA,false,false,NONE,-0.0428026058,1.38733578,-0.132632971,0.9917068,0.127586916,-0.007048716,0.0137685593,-0.049290143,-0.07853619,0.0523387864,0.4662008,0.0101204459,0.0450337753,true,true,8,true,true,0.0123168407,0.008208691,0.234247267,0.0557527468,0.140969172,0.217641115,0.860547066,right_upper_arm,true,0.00335989962,0,0.276572555,0.8142266,false,false,bar_linear_stillness|bar_angular_stillness|knee_extension|hip_extension,1.39497,0.106474407,0.46848014,0.5257116,0.4705563,0.09644953,0.05,0.02,0.2,0.08726646,0.17453292,0.17453292,-0.00326960534,-0.00458029471,-0.00458029471,false,0.05440334,0.02863536,0.0685017258,0.0243228916,0.0216239057,244.089432,0.08811257,right_thigh,twist_x,0.0063399896,NA,NA,NA,true,-0.03833598,1.22889519,-0.09896629,-0.04216584,-0.09312853,0.0218296722,-7.450581E-09,0,-0.009719029,-0.15471904,0.135280982,-0.179305151,0.179305136,true,-0.0378537476,0,-0.103146747
140,129,1.29,DESCENT,0.2370002,Descent,false,false,0.301202774,0.300558329,0.301202774,99,NA,NA,false,false,NONE,-0.0432971,1.386459,-0.132119477,0.9914112,0.129840016,-0.00699188933,0.0140176527,-0.0490778424,-0.08050243,0.0527150445,0.464329571,0.0110411691,0.0453653745,true,true,8,true,true,0.0124028372,0.008276975,0.2340125,0.055987522,0.140546858,0.218063429,0.8598212,right_upper_arm,true,0.00335849659,0,0.276258945,0.814819455,false,false,bar_linear_stillness|bar_angular_stillness|knee_extension|hip_extension,1.39497,0.108019218,0.46667105,0.533247054,0.477669477,0.09764886,0.05,0.02,0.2,0.08726646,0.17453292,0.17453292,-0.003042914,-0.003523178,-0.003523178,false,0.0531540737,0.02950999,0.06773318,0.0232534874,0.0212235488,241.63826,0.08722773,right_thigh,twist_x,0.006333802,NA,NA,NA,true,-0.0387582928,1.227963,-0.09873152,-0.041940622,-0.0946623161,0.022216903,-7.450581E-09,0,-0.009719029,-0.15471904,0.135280982,-0.179305151,0.179305136,true,-0.0384109728,0,-0.102585338
140,130,1.3,DESCENT,0.2400002,Descent,false,false,0.300382257,0.2997344,0.300382257,99,NA,NA,false,false,NONE,-0.0437894277,1.38556325,-0.131601676,0.9911113,0.132086441,-0.00693071168,0.0142688183,-0.0488546751,-0.0824132562,0.053122133,0.463011175,0.01196765,0.0456847064,true,true,8,true,true,0.01248439,0.008325705,0.233773842,0.05622618,0.140126884,0.218483418,0.8590761,right_upper_arm,true,0.00335777248,0,0.276006937,0.8159704,false,false,bar_linear_stillness|bar_angular_stillness|knee_extension|hip_extension,1.39497,0.109547637,0.465413421,0.540809453,0.484784067,0.09886984,0.05,0.02,0.2,0.08726646,0.17453292,0.17453292,-0.002812028,-0.00246135471,-0.00246135471,false,0.0518802181,0.030412415,0.06696615,0.0221939459,0.02080335,238.710373,0.08617081,right_thigh,twist_x,0.006326012,NA,NA,NA,true,-0.0391782746,1.22701466,-0.09849286,-0.0417054668,-0.09624506,0.0226011015,-7.450581E-09,0,-0.009719029,-0.15471904,0.135280982,-0.179305151,0.179305136,true,-0.03897955,0,-0.102124259
140,131,1.31,DESCENT,0.243000209,Descent,false,false,0.2995509,0.298900068,0.2995509,99,NA,NA,false,false,NONE,-0.044279445,1.38464808,-0.131080329,0.990807354,0.1343235,-0.00686519127,0.0145219835,-0.04861777,-0.08436645,0.05344879,0.461045921,0.0128996577,0.04599134,true,true,8,true,true,0.0126010627,0.008426962,0.233531535,0.0564684868,0.139709324,0.218900964,0.858343959,right_upper_arm,true,0.003355888,0,0.275644243,0.8162096,false,false,bar_linear_stillness|bar_angular_stillness|knee_extension|hip_extension,1.39497,0.111077264,0.4635137,0.5483198,0.491893232,0.100042567,0.05,0.02,0.2,0.08726646,0.17453292,0.17453292,-0.00257725269,-0.00139122515,-0.00139122515,false,0.050557252,0.03134388,0.06617092,0.0210874137,0.0203405824,236.187454,0.08526007,right_thigh,twist_x,0.006317885,NA,NA,NA,true,-0.03959583,1.22605073,-0.09825055,-0.04145995,-0.097790435,0.0229537,-7.450581E-09,0,-0.009719029,-0.15471904,0.135280982,-0.179305151,0.179305136,true,-0.0395357125,0,-0.101554126
140,132,1.32,DESCENT,0.246000215,Descent,false,false,0.298710227,0.298055947,0.298710227,99,NA,NA,false,false,NONE,-0.0447670445,1.38371372,-0.130555928,0.9904999,0.136548,-0.006795347,0.0147770783,-0.04836901,-0.0862968862,0.0537226535,0.458485931,0.0138370423,0.0462850854,true,true,8,true,true,0.01267979,0.00849279948,0.233285844,0.0567141771,0.1392943,0.219315991,0.8576352,right_upper_arm,true,0.00335457828,0,0.275321215,0.8156951,false,false,bar_linear_stillness|bar_angular_stillness|knee_extension|hip_extension,1.39497,0.1125737,0.461024,0.5557838,0.498993874,0.101178139,0.05,0.02,0.2,0.08726646,0.17453292,0.17453292,-0.00233859569,-0.0003070938,-0.0003070938,false,0.04923488,0.0322294571,0.06537705,0.0200002976,0.0199187361,233.680328,0.08435504,right_thigh,twist_x,0.00631137239,NA,NA,NA,true,-0.04001086,1.22507143,-0.09800486,-0.0412046947,-0.099268876,0.023289036,-7.450581E-09,0,-0.009719029,-0.15471904,0.135280982,-0.179305151,0.179305136,true,-0.0400824957,0,-0.100962222
140,133,1.33,DESCENT,0.249000221,Descent,false,false,0.297861576,0.297203541,0.297861576,99,NA,NA,false,false,NONE,-0.0452521071,1.38276064,-0.130028889,0.990189433,0.138757721,-0.006721188,0.0150340348,-0.04810921,-0.08816445,0.05395633,0.455470443,0.0147794625,0.0465654619,true,true,8,true,true,0.0127581013,0.008556183,0.233036891,0.05696313,0.138881892,0.2197284,0.8569535,right_upper_arm,true,0.003353869,0,0.2750436,0.8146834,false,false,bar_linear_stillness|bar_angular_stillness|knee_extension|hip_extension,1.39497,0.11401207,0.458083063,0.563208,0.506086469,0.102273136,0.05,0.02,0.2,0.08726646,0.17453292,0.17453292,-0.002096288,0.0007789579,0.0007789579,false,0.04792059,0.0330751128,0.06458876,0.01893541,0.01953285,231.214966,0.0834650844,right_thigh,twist_x,0.00630569458,NA,NA,NA,true,-0.04042326,1.2240777,-0.09775591,-0.0409399979,-0.100682229,0.023612218,-7.450581E-09,0,-0.009719029,-0.15471904,0.135280982,-0.179305151,0.179305136,true,-0.0406262465,0,-0.100367226
140,134,1.34,DESCENT,0.2520002,Descent,false,false,0.297005773,0.296343446,0.297005773,99,NA,NA,false,false,NONE,-0.0457345955,1.38179111,-0.129499763,0.989876151,0.140951037,-0.00664271275,0.0152927889,-0.0478459857,-0.089796856,0.0541348867,0.4521335,0.01572651,0.04683218,true,true,8,true,true,0.0127976593,0.008593639,0.232784778,0.05721525,0.138472185,0.2201381,0.856274068,right_upper_arm,true,0.003356126,0,0.27500084,0.8134714,false,false,bar_linear_stillness|bar_angular_stillness|knee_extension|hip_extension,1.39497,0.115253195,0.454824448,0.5705318,0.513061047,0.10337501,0.05,0.02,0.2,0.08726646,0.17453292,0.17453292,-0.00185059756,0.00187149015,0.00187149015,false,0.0466225371,0.0337389447,0.06402865,0.0178367589,0.0191074535,234.175385,0.08453375,right_thigh,twist_x,0.00630965,NA,NA,NA,true,-0.04083297,1.22307146,-0.09750379,-0.04067134,-0.101892568,0.023924794,-7.450581E-09,0,-0.009719029,-0.15471904,0.135280982,-0.179305151,0.179305136,true,-0.0410824,0,-0.09984659
140,135,1.35,DESCENT,0.2550002,Descent,false,false,0.296152532,0.295485079,0.296152532,99,NA,NA,false,false,NONE,-0.0462144241,1.38080645,-0.1289689,0.9895606,0.143125311,-0.00655994471,0.0155532686,-0.04757316,-0.0913295746,0.0542807654,0.4483031,0.0166774914,0.0470849127,true,true,8,true,true,0.01289936,0.008669707,0.232529491,0.0574705228,0.138065219,0.220545068,0.8556161,right_upper_arm,true,0.00335804024,0,0.2749286,0.8117811,false,false,bar_linear_stillness|bar_angular_stillness|knee_extension|hip_extension,1.39497,0.116407469,0.451077372,0.577856064,0.520061851,0.104428723,0.05,0.02,0.2,0.08726646,0.17453292,0.17453292,-0.00160164386,0.00297203567,0.00297203567,false,0.04530232,0.0343625471,0.06349268,0.0167634487,0.0187071133,231.946732,0.08372924,right_thigh,twist_x,0.006306777,NA,NA,NA,true,-0.0412399359,1.22205389,-0.09724852,-0.0403944775,-0.102999292,0.0242378879,-7.450581E-09,0,-0.009719029,-0.15471904,0.135280982,-0.179305151,0.179305136,true,-0.0416137651,0,-0.09919756
140,136,1.36,DESCENT,0.2580002,Descent,false,false,0.29528892,0.294616878,0.29528892,99,NA,NA,false,false,NONE,-0.04669147,1.37980688,-0.12843655,0.989243031,0.145279676,-0.006472877,0.0158154089,-0.0472875759,-0.09282762,0.05440223,0.444272816,0.0176323075,0.0473231226,true,true,8,true,true,0.0130333286,0.008772489,0.232271165,0.0577288643,0.13766107,0.220949218,0.8549822,right_upper_arm,true,0.0033588917,0,0.274768025,0.809966862,false,false,bar_linear_stillness|bar_angular_stillness|knee_extension|hip_extension,1.39497,0.117527373,0.4471339,0.5851722,0.527088463,0.105449311,0.05,0.02,0.2,0.08726646,0.17453292,0.17453292,-0.00134952366,0.004080821,0.004080821,false,0.04397807,0.0349775366,0.0629306,0.0157221,0.0183419734,229.707458,0.082920894,right_thigh,twist_x,0.00629754271,NA,NA,NA,true,-0.0416440777,1.221025,-0.0969901755,-0.0401086,-0.104117282,0.0245307256,-7.450581E-09,0,-0.009719029,-0.15471904,0.135280982,-0.179305151,0.179305136,true,-0.04218493,0,-0.09858111
140,137,1.37,DESCENT,0.2610002,Descent,false,false,0.294414163,0.2937376,0.294414163,99,NA,NA,false,false,NONE,-0.04716569,1.37879515,-0.127903879,0.9889241,0.1474105,-0.006381548,0.0160791278,-0.0470009,-0.0940175056,0.0544017851,0.4394172,0.0185908973,0.0475466922,true,true,8,true,true,0.0130692925,0.008825147,0.232010156,0.0579898581,0.137259781,0.221350491,0.8543659,right_upper_arm,true,0.00336285983,0,0.274840742,0.807508469,false,false,bar_linear_stillness|bar_angular_stillness|knee_extension|hip_extension,1.39497,0.1183551,0.442372918,0.5922849,0.5339014,0.1064646,0.05,0.02,0.2,0.08726646,0.17453292,0.17453292,-0.00109425187,0.00520214,0.00520214,false,0.04273203,0.0352845453,0.06269443,0.0146480184,0.0179734882,238.340759,0.08603738,right_thigh,twist_x,0.006305507,NA,NA,NA,true,-0.0420453623,1.21998751,-0.09672918,-0.0398230143,-0.10489168,0.02478741,-7.450581E-09,0,-0.009719029,-0.15471904,0.135280982,-0.179305151,0.179305136,true,-0.0425694548,0,-0.09802686
140,138,1.3800000000000001,DESCENT,0.264000177,Descent,false,false,0.293553233,0.29287,0.293553233,99,NA,NA,false,false,NONE,-0.04763701,1.37777245,-0.127370685,0.9886042,0.149516165,-0.006285974,0.01634436,-0.0467019528,-0.0951270238,0.05442964,0.434436023,0.0195519663,0.04775521,true,true,8,true,true,0.013176213,0.008885526,0.2317465,0.05825352,0.136861414,0.221748874,0.853772938,right_upper_arm,true,0.00336575485,0,0.274842143,0.8050578,false,false,bar_linear_stillness|bar_angular_stillness|knee_extension|hip_extension,1.39497,0.119133577,0.43749,0.59946996,0.5407992,0.107441455,0.05,0.02,0.2,0.08726646,0.17453292,0.17453292,-0.000835910439,0.006327545,0.006327545,false,0.0414649658,0.035451673,0.06260743,0.0136324894,0.0176343266,236.614319,0.0854141638,right_thigh,twist_x,0.00629804842,NA,NA,NA,true,-0.0424437337,1.21894264,-0.09646552,-0.039528098,-0.105619259,0.0250591133,-7.450581E-09,0,-0.009719029,-0.15471904,0.135280982,-0.179305151,0.179305136,true,-0.04312759,0,-0.09731617
140,139,1.3900000000000001,DESCENT,0.267000169,Descent,false,false,0.292677283,0.291988969,0.292677283,99,NA,NA,false,false,NONE,-0.048105225,1.376738,-0.126836821,0.9882831,0.151599079,-0.006186102,0.016611049,-0.04637485,-0.09634364,0.0544883646,0.429696232,0.020516865,0.04795006,true,true,8,true,true,0.007548549,0.009012751,0.231482863,0.058517158,0.136464864,0.222145423,0.8531974,right_upper_arm,true,0.00336498,0,0.274548352,0.803023338,false,false,bar_linear_stillness|bar_angular_stillness|knee_extension|hip_extension,1.39497,0.120007105,0.432849854,0.6068187,0.547819853,0.1083853,0.05,0.02,0.2,0.08726646,0.17453292,0.17453292,-0.0005749166,0.00744918128,0.00744918128,false,0.04019274,0.0357833244,0.06237296,0.01274121,0.0173247438,234.636185,0.08470009,right_thigh,twist_x,0.00618457329,NA,NA,NA,true,-0.0428402871,1.21788836,-0.09620188,-0.0391866527,-0.106561519,0.0252681952,-7.450581E-09,0,-0.009719029,-0.15471904,0.135280982,-0.179305151,0.179305136,true,-0.04378061,0,-0.09659965
140,140,1.4000000000000001,DESCENT,0.27000016,Descent,false,false,0.2918033,0.291088879,0.2918033,99,NA,NA,false,false,NONE,-0.04856982,1.37569118,-0.126302391,0.9879613,0.153657347,-0.0060819746,0.01687915,-0.0460235849,-0.09754088,0.05449415,0.4250726,0.0214738175,0.0481259674,true,true,8,true,true,0.0131560834,0.009031624,0.231213838,0.0587861761,0.136073366,0.222536922,0.8526286,right_upper_arm,true,0.00336346752,0,0.274189025,0.8008086,false,false,bar_linear_stillness|bar_angular_stillness|knee_extension|hip_extension,1.39497,0.120838761,0.428326935,0.613815069,0.5545579,0.109331928,0.05,0.02,0.2,0.08726646,0.17453292,0.17453292,-0.000311255455,0.008587131,0.008587131,false,0.0389701054,0.03576222,0.06239324,0.0117416764,0.0170114338,243.1723,0.0877815,right_thigh,twist_x,0.006293075,NA,NA,NA,true,-0.04323178,1.21682441,-0.09593286,-0.0389234945,-0.107424162,0.0254362337,-7.450581E-09,0,-0.009719029,-0.15471904,0.135280982,-0.179305151,0.179305136,true,-0.0442136265,0,-0.09619939
140,141,1.41,DESCENT,0.273000151,Descent,false,false,0.2909149,0.290200472,0.2909149,99,NA,NA,false,false,NONE,-0.04903126,1.37463176,-0.125768051,0.987637937,0.1556968,-0.005973515,0.0171485431,-0.0456858724,-0.0988543853,0.054485295,0.420864373,0.02243345,0.0482846051,true,true,8,true,true,0.008054157,0.009160104,0.230946362,0.0590536669,0.135683239,0.222927034,0.852076769,right_upper_arm,true,0.00336061232,0,0.27371496,0.7993269,false,false,bar_linear_stillness|bar_angular_stillness|knee_extension|hip_extension,1.39497,0.121770419,0.424218684,0.621054232,0.5615373,0.110250957,0.05,0.02,0.2,0.08726646,0.17453292,0.17453292,-4.761666E-05,0.009700491,0.009700491,false,0.0377664939,0.0356918164,0.0625611,0.0108534861,0.0167108346,241.314362,0.08711081,right_thigh,twist_x,0.00617491361,NA,NA,NA,true,-0.0436219051,1.21575058,-0.09566537,-0.038549196,-0.108458251,0.02561543,-7.450581E-09,0,-0.009719029,-0.15471904,0.135280982,-0.179305151,0.179305136,true,-0.04483174,0,-0.0954543054
140,142,1.42,DESCENT,0.276000142,Descent,false,false,0.290024221,0.2892902,0.290024221,99,NA,NA,false,false,NONE,-0.04948886,1.37355554,-0.125232741,0.987313151,0.157717839,-0.005860709,0.0174192246,-0.0453088358,-0.1005609,0.05454053,0.417604983,0.0233865,0.0484235473,true,true,8,true,true,0.01351595,0.009228065,0.230674088,0.0593259335,0.135298431,0.223311871,0.8515343,right_upper_arm,true,0.003352154,0,0.272807419,0.7982818,false,false,bar_linear_stillness|bar_angular_stillness|knee_extension|hip_extension,1.39497,0.12304493,0.421053082,0.6282026,0.568511546,0.111140937,0.05,0.02,0.2,0.08726646,0.17453292,0.17453292,0.000221401453,0.01081884,0.01081884,false,0.03654586,0.0355300233,0.0627069,0.009940046,0.0164333414,240.237762,0.08672217,right_thigh,twist_x,0.006246225,NA,NA,NA,true,-0.0440067276,1.21466231,-0.09539311,-0.0382451154,-0.109883353,0.0257352032,-7.450581E-09,0,-0.009719029,-0.15471904,0.135280982,-0.179305151,0.179305136,true,-0.0455616824,0,-0.09492093
140,143,1.43,DESCENT,0.279000133,Descent,false,false,0.289090753,0.2883644,0.289090753,99,NA,NA,false,false,NONE,-0.0499428362,1.372459,-0.124697231,0.9869856,0.1597291,-0.005743412,0.0176910833,-0.04492644,-0.102649048,0.0545605272,0.415157467,0.0243433118,0.0485439263,true,true,8,true,true,0.008248557,0.00938251,0.230404377,0.059595637,0.1349154,0.223694891,0.8510017,right_upper_arm,true,0.00334119843,0,0.271678329,0.798177838,false,false,bar_linear_stillness|bar_angular_stillness|knee_extension|hip_extension,1.39497,0.124627694,0.4186942,0.6355583,0.5756962,0.112023853,0.05,0.02,0.2,0.08726646,0.17453292,0.17453292,0.0004888922,0.0119355777,0.0119355777,false,0.0353232361,0.0355761,0.0626975,0.009123996,0.01616625,238.272537,0.08601276,right_thigh,twist_x,0.0061057955,NA,NA,NA,true,-0.04438976,1.21355569,-0.0951234,-0.0378281251,-0.111735791,0.0258003827,-7.450581E-09,0,-0.009719029,-0.15471904,0.135280982,-0.179305151,0.179305136,true,-0.04629247,0,-0.09422716
140,144,1.44,DESCENT,0.282000124,Descent,false,false,0.288156271,0.2874154,0.288156271,99,NA,NA,false,false,NONE,-0.05039255,1.37133908,-0.12416134,0.9866558,0.161728278,-0.00562165352,0.017964093,-0.0445105769,-0.10496857,0.0545489155,0.413114846,0.0252938382,0.0486438237,true,true,8,true,true,0.0136812888,0.009350245,0.230131477,0.0598685369,0.134538054,0.224072233,0.8504688,right_upper_arm,true,0.003330262,0,0.27055198,0.797854841,false,false,bar_linear_stillness|bar_angular_stillness|knee_extension|hip_extension,1.39497,0.126392946,0.416737169,0.6426613,0.582662,0.112918884,0.05,0.02,0.2,0.08726646,0.17453292,0.17453292,0.000761158764,0.013047752,0.013047752,false,0.034177728,0.0351906754,0.06307064,0.00821495,0.0158795565,246.3233,0.08891896,right_thigh,twist_x,0.006181426,NA,NA,NA,true,-0.0447670966,1.21242833,-0.0948505,-0.0374904461,-0.113664538,0.0257853642,-7.450581E-09,0,-0.009719029,-0.15471904,0.135280982,-0.179305151,0.179305136,true,-0.04683836,0,-0.0937425
140,145,1.45,DESCENT,0.285000116,Descent,false,false,0.2872033,0.2864709,0.2872033,99,NA,NA,false,false,NONE,-0.0508383,1.37019408,-0.123625673,0.9863226,0.163722113,-0.00549532333,0.018238131,-0.0440941975,-0.107527867,0.0545243248,0.411657482,0.0262468532,0.04872482,true,true,8,true,true,0.008303708,0.009420808,0.229862213,0.0601378,0.134162918,0.22444737,0.8499458,right_upper_arm,true,0.00332001387,0,0.2694751,0.7981702,false,false,bar_linear_stillness|bar_angular_stillness|knee_extension|hip_extension,1.39497,0.128372282,0.415361166,0.6500317,0.5898721,0.113788024,0.05,0.02,0.2,0.08726646,0.17453292,0.17453292,0.00103086233,0.0141285369,0.0141285369,false,0.0330256,0.0349833444,0.06334692,0.00741730072,0.0156093035,244.521225,0.08826844,right_thigh,twist_x,0.00605162466,NA,NA,NA,true,-0.0451422371,1.21127963,-0.09458124,-0.0370408334,-0.115841523,0.02576301,-7.450581E-09,0,-0.009719029,-0.15471904,0.135280982,-0.179305151,0.179305136,true,-0.047482606,0,-0.09297357
140,146,1.46,DESCENT,0.2880001,Descent,false,false,0.2862475,0.285501,0.2862475,99,NA,NA,false,false,NONE,-0.0512794144,1.36901951,-0.1230893,0.985985935,0.165711313,-0.00536440033,0.01851318,-0.0436378643,-0.110493936,0.0545542,0.4112043,0.02719206,0.0487845764,true,true,8,true,true,0.0138172135,0.009432686,0.229590446,0.0604095757,0.133793771,0.2248165,0.849427462,right_upper_arm,true,0.00330713321,0,0.2682039,0.798746049,false,false,bar_linear_stillness|bar_angular_stillness|knee_extension|hip_extension,1.39497,0.130726174,0.4149799,0.657335758,0.5970894,0.114642255,0.05,0.02,0.2,0.08726646,0.17453292,0.17453292,0.0013037622,0.0151904486,0.0151904486,false,0.03187342,0.0347092263,0.0635816157,0.00658645434,0.0153575223,243.378769,0.08785603,right_thigh,twist_x,0.006110611,NA,NA,NA,true,-0.0455113724,1.2101047,-0.0943094641,-0.0366634019,-0.118402764,0.0256815385,-7.450581E-09,0,-0.009719029,-0.15471904,0.135280982,-0.179305151,0.179305136,true,-0.0481828675,0,-0.0924316943
140,147,1.47,DESCENT,0.2910001,Descent,false,false,0.285247147,0.284511626,0.285247147,99,NA,NA,false,false,NONE,-0.05171624,1.36781514,-0.122553766,0.9856448,0.167702019,-0.00522877835,0.018789107,-0.04319208,-0.113481186,0.0544620752,0.411011845,0.028139146,0.04882503,true,true,8,true,true,0.008273455,0.00950572547,0.229323179,0.06067685,0.133427218,0.22518307,0.8489139,right_upper_arm,true,0.00329859485,0,0.267244846,0.799652338,false,false,bar_linear_stillness|bar_angular_stillness|knee_extension|hip_extension,1.39497,0.133077621,0.414857119,0.6647289,0.6043484,0.1155129,0.05,0.02,0.2,0.08726646,0.17453292,0.17453292,0.00157302618,0.016235264,0.016235264,false,0.0307887755,0.0344429575,0.06390682,0.00578411249,0.0150860976,249.634918,0.09011441,right_thigh,twist_x,0.005996577,NA,NA,NA,true,-0.0458779335,1.20890343,-0.09404219,-0.0361820571,-0.120996617,0.0255535878,-7.450581E-09,0,-0.009719029,-0.15471904,0.135280982,-0.179305151,0.179305136,true,-0.04866575,0,-0.09180448
140,148,1.48,DESCENT,0.2940001,Descent,false,false,0.284263372,0.283512533,0.284263372,99,NA,NA,false,false,NONE,-0.05214821,1.36657834,-0.122018136,0.985299468,0.169692472,-0.00508849043,0.01906588,-0.04271346,-0.116741836,0.0544280931,0.411510468,0.0290769935,0.0488445647,true,true,8,true,true,0.0138382595,0.009474435,0.2290543,0.060945712,0.133066922,0.225543365,0.8484053,right_upper_arm,true,0.00328855636,0,0.266193271,0.8004472,false,false,bar_linear_stillness|bar_angular_stillness|knee_extension|hip_extension,1.39497,0.135703772,0.415418029,0.6721052,0.61164546,0.116360635,0.05,0.02,0.2,0.08726646,0.17453292,0.17453292,0.001844801,0.01726677,0.01726677,false,0.0296862032,0.0339973234,0.06433647,0.004950303,0.0148270335,248.573181,0.0897311345,right_thigh,twist_x,0.00606180634,NA,NA,NA,true,-0.04623823,1.20767379,-0.09377333,-0.0357779935,-0.123788133,0.0254003759,-7.450581E-09,0,-0.009719029,-0.15471904,0.135280982,-0.179305151,0.179305136,true,-0.049275063,0,-0.0912075862
140,149,1.49,DESCENT,0.29700008,Descent,false,false,0.2832321,0.282491624,0.2832321,99,NA,NA,false,false,NONE,-0.0525755771,1.36530709,-0.121483222,0.9849486,0.171690822,-0.004943393,0.0193433724,-0.0422338061,-0.120222643,0.05435531,0.41269502,0.0300149769,0.0488446131,true,true,8,true,true,0.008385496,0.009596544,0.2287904,0.06120961,0.132709533,0.225900769,0.8479065,right_upper_arm,true,0.00327890483,0,0.26515317,0.8018914,false,false,bar_linear_stillness|bar_angular_stillness|knee_extension|hip_extension,1.39497,0.138534024,0.416657984,0.6797421,0.6191921,0.117196128,0.05,0.02,0.2,0.08726646,0.17453292,0.17453292,0.00211207569,0.018262485,0.018262485,false,0.0285984427,0.0338113829,0.0645626038,0.004199049,0.0145798186,246.483749,0.08897688,right_thigh,twist_x,0.00593801448,NA,NA,NA,true,-0.0465956256,1.20641291,-0.09350943,-0.0352643542,-0.126897708,0.0252165124,-7.450581E-09,0,-0.009719029,-0.15471904,0.135280982,-0.179305151,0.179305136,true,-0.0499120429,0,-0.09051935
140,150,1.5,DESCENT,0.300000072,Descent,false,false,0.282192349,0.2814381,0.282192349,99,NA,NA,false,false,NONE,-0.05299784,1.36400008,-0.120948955,0.984592438,0.173694566,-0.00479353452,0.01962155,-0.0417327769,-0.123770125,0.0542423353,0.414206117,0.030943431,0.04882372,true,true,8,true,true,0.0139061259,0.009565772,0.228525817,0.06147421,0.132358626,0.226251662,0.8474078,right_upper_arm,true,0.00327118137,0,0.264266461,0.8029085,false,false,bar_linear_stillness|bar_angular_stillness|knee_extension|hip_extension,1.39497,0.1414316,0.418219984,0.6871884,0.6265801,0.118047953,0.05,0.02,0.2,0.08726646,0.17453292,0.17453292,0.00238093734,0.0192545243,0.0192545243,false,0.0275443476,0.033435747,0.0649063,0.003347533,0.0143209351,252.59494,0.0911829248,right_thigh,twist_x,0.00601305952,NA,NA,NA,true,-0.0469465256,1.20512021,-0.09324483,-0.0348368175,-0.129985482,0.0249673445,-7.450581E-09,0,-0.009719029,-0.15471904,0.135280982,-0.179305151,0.179305136,true,-0.0503547,0,-0.0900647342
140,151,1.51,DESCENT,0.303000063,Descent,false,false,0.2811243,0.280379117,0.2811243,99,NA,NA,false,false,NONE,-0.0534153171,1.36265707,-0.120416068,0.984230042,0.175709039,-0.004638826,0.0199002679,-0.0412350856,-0.127412051,0.05410003,0.416041136,0.0318705663,0.0487837046,true,true,8,true,true,0.008434323,0.009641405,0.22826694,0.0617330819,0.132010877,0.226599425,0.846919954,right_upper_arm,true,0.00326462253,0,0.263464,0.804190457,false,false,bar_linear_stillness|bar_angular_stillness|knee_extension|hip_extension,1.39497,0.14443329,0.420102149,0.694935262,0.6342373,0.118879639,0.05,0.02,0.2,0.08726646,0.17453292,0.17453292,0.002644837,0.0202151556,0.0202151556,false,0.0264992528,0.0331404358,0.06526837,0.00257614115,0.014062318,250.562454,0.09044923,right_thigh,twist_x,0.005901325,NA,NA,NA,true,-0.04729428,1.20379555,-0.09298596,-0.0343040824,-0.133201584,0.0247187372,-7.450581E-09,0,-0.009719029,-0.15471904,0.135280982,-0.179305151,0.179305136,true,-0.0508917235,0,-0.08932955
140,152,1.52,DESCENT,0.306000054,Descent,false,false,0.280046225,0.279286683,0.280046225,99,NA,NA,false,false,NONE,-0.05382744,1.36127508,-0.119883806,0.983861566,0.1777334,-0.00447929045,0.0201794934,-0.0407064445,-0.131318629,0.0539957881,0.418530136,0.0327867121,0.0487225652,true,true,8,true,true,0.0140150636,0.009656149,0.228007853,0.06199217,0.131669775,0.226940513,0.8464366,right_upper_arm,true,0.00325578637,0,0.262495458,0.8052909,false,false,bar_linear_stillness|bar_angular_stillness|knee_extension|hip_extension,1.39497,0.14770627,0.42263025,0.7026481,0.641932,0.119703561,0.05,0.02,0.2,0.08726646,0.17453292,0.17453292,0.00290943682,0.021152975,0.021152975,false,0.0254528467,0.0328104347,0.0655586049,0.00175722886,0.0138182081,249.153488,0.089940615,right_thigh,twist_x,0.0059619993,NA,NA,NA,true,-0.04763538,1.20243573,-0.09272687,-0.0338515528,-0.136670724,0.0244206786,-7.450581E-09,0,-0.009719029,-0.15471904,0.135280982,-0.179305151,0.179305136,true,-0.0514834,0,-0.08881817
140,153,1.53,DESCENT,0.309000045,Descent,false,false,0.278915882,0.278166771,0.278915882,99,NA,NA,false,false,NONE,-0.0542344376,1.35985255,-0.119353056,0.9834857,0.179774031,-0.004314816,0.0204590857,-0.04017622,-0.135402411,0.05383952,0.4214283,0.0337005481,0.0486416444,true,true,8,true,true,0.008493714,0.009764913,0.227755129,0.0622448921,0.131332085,0.2272782,0.845962,right_upper_arm,true,0.00324732554,0,0.261532754,0.8067128,false,false,bar_linear_stillness|bar_angular_stillness|knee_extension|hip_extension,1.39497,0.151151031,0.42556262,0.7106149,0.6498618,0.120519876,0.05,0.02,0.2,0.08726646,0.17453292,0.17453292,0.00316830724,0.0220685955,0.0220685955,false,0.024412699,0.0327353142,0.0656544939,0.00100348133,0.0135778319,246.837677,0.089104645,right_thigh,twist_x,0.0058479826,NA,NA,NA,true,-0.0479730628,1.20103872,-0.09247415,-0.0332934931,-0.140369788,0.0240909252,-7.450581E-09,0,-0.009719029,-0.15471904,0.135280982,-0.179305151,0.179305136,true,-0.05204365,0,-0.088161096
140,154,1.54,DESCENT,0.312000036,Descent,false,false,0.277776,0.277012944,0.277776,99,NA,NA,false,false,NONE,-0.0546358749,1.35838854,-0.118823737,0.983103,0.181827456,-0.00414548256,0.0207389928,-0.03962913,-0.139517069,0.05364884,0.424467385,0.03460268,0.048539564,true,true,8,true,true,0.0140436692,0.00971880648,0.227503181,0.0624968335,0.131001234,0.227609053,0.8454877,right_upper_arm,true,0.00324069243,0,0.2607175,0.807491958,false,false,bar_linear_stillness|bar_angular_stillness|knee_extension|hip_extension,1.39497,0.154640481,0.4286327,0.718423843,0.657664657,0.12135233,0.05,0.02,0.2,0.08726646,0.17453292,0.17453292,0.00342739373,0.0229657125,0.0229657125,false,0.0234281551,0.0323712155,0.06598721,0.000142301535,0.01331593,251.973145,0.09095847,right_thigh,twist_x,0.00592192542,NA,NA,NA,true,-0.0483039133,1.19960451,-0.09222221,-0.03282526,-0.143995136,0.0237064436,-7.450581E-09,0,-0.009719029,-0.15471904,0.135280982,-0.179305151,0.179305136,true,-0.05242153,0,-0.08773024
140,155,1.55,DESCENT,0.315000027,Descent,false,false,0.2766021,0.275848269,0.2766021,99,NA,NA,false,false,NONE,-0.0550320968,1.35688353,-0.118296653,0.982712567,0.183897778,-0.003971226,0.0210190639,-0.0390891172,-0.1436334,0.05341814,0.427575082,0.0355011,0.0484180674,true,true,8,true,true,0.00852261949,0.009783176,0.2272582,0.062741816,0.130673975,0.227936327,0.845024168,right_upper_arm,true,0.00323628355,0,0.260065943,0.8083105,false,false,bar_linear_stillness|bar_angular_stillness|knee_extension|hip_extension,1.39497,0.15815185,0.431769729,0.7265235,0.6657201,0.122175217,0.05,0.02,0.2,0.08726646,0.17453292,0.17453292,0.00368011743,0.0238255318,0.0238255318,false,0.0224429257,0.0322327726,0.06617954,0.000646453,0.0130612366,249.649673,0.09011973,right_thigh,twist_x,0.005822272,NA,NA,NA,true,-0.0486311838,1.19813371,-0.0919772238,-0.0322571173,-0.147650689,0.0233262237,-7.450581E-09,0,-0.009719029,-0.15471904,0.135280982,-0.179305151,0.179305136,true,-0.05286613,0,-0.0870478749
140,156,1.56,DESCENT,0.318000019,Descent,false,false,0.2754175,0.274648666,0.2754175,99,NA,NA,false,false,NONE,-0.0554226227,1.35533583,-0.117771238,0.9823148,0.185982719,-0.00379210943,0.0212992541,-0.0385260768,-0.147904247,0.05320767,0.431032,0.0363866128,0.0482753143,true,true,8,true,true,0.014112683,0.009782493,0.227014273,0.06298574,0.1303536,0.228256673,0.844566,right_upper_arm,true,0.0032301764,0,0.25929144,0.808678031,false,false,bar_linear_stillness|bar_angular_stillness|knee_extension|hip_extension,1.39497,0.161836281,0.43525058,0.734593,0.6738026,0.122984841,0.05,0.02,0.2,0.08726646,0.17453292,0.17453292,0.003932059,0.024660876,0.024660876,false,0.0214541145,0.0319578759,0.06630895,0.00149507739,0.0128169321,247.92572,0.08949741,right_thigh,twist_x,0.005886384,NA,NA,NA,true,-0.0489515439,1.1966244,-0.0917333,-0.031774126,-0.151455149,0.02291296,-7.450581E-09,0,-0.009719029,-0.15471904,0.135280982,-0.179305151,0.179305136,true,-0.0533688851,0,-0.0865687653
140,157,1.57,DESCENT,0.321,Descent,false,false,0.2741785,0.2734198,0.2741785,99,NA,NA,false,false,NONE,-0.055807814,1.35374677,-0.117248975,0.981908858,0.18808578,-0.003608076,0.0215794053,-0.0379763655,-0.15203777,0.0528802574,0.434304744,0.03726837,0.0481129922,true,true,8,true,true,0.00853826851,0.00985535,0.226777673,0.0632223561,0.13003692,0.228573352,0.844113767,right_upper_arm,true,0.00322760968,0,0.258759648,0.808944643,false,false,bar_linear_stillness|bar_angular_stillness|knee_extension|hip_extension,1.39497,0.165390477,0.438548058,0.7428359,0.6819821,0.123820014,0.05,0.02,0.2,0.08726646,0.17453292,0.17453292,0.00417704135,0.025470661,0.025470661,false,0.0205077846,0.0317115672,0.0664399341,0.00233283243,0.0125501882,251.2139,0.09068439,right_thigh,twist_x,0.0057974006,NA,NA,NA,true,-0.0492682233,1.19507742,-0.09149668,-0.03119766,-0.155168265,0.02248337,-7.450581E-09,0,-0.009719029,-0.15471904,0.135280982,-0.179305151,0.179305136,true,-0.0537104644,0,-0.08598898
140,158,1.58,DESCENT,0.324,Descent,false,false,0.2729439,0.272168458,0.2729439,99,NA,NA,false,false,NONE,-0.05618723,1.35211527,-0.116729334,0.981495559,0.19020243,-0.00341924373,0.02185946,-0.0374053419,-0.15628548,0.0525715575,0.4375879,0.0381364,0.047929462,true,true,8,true,true,0.01414296,0.009838193,0.2265425,0.06345752,0.129727215,0.228883073,0.8436653,right_upper_arm,true,0.00322325947,0,0.258105546,0.8084302,false,false,bar_linear_stillness|bar_angular_stillness|knee_extension|hip_extension,1.39497,0.1690801,0.4418538,0.7510741,0.6901985,0.1246362,0.05,0.02,0.2,0.08726646,0.17453292,0.17453292,0.004420966,0.0262633767,0.0262633767,false,0.019544499,0.0313405544,0.06662611,0.003228925,0.0122860372,249.514984,0.09007111,right_thigh,twist_x,0.00586528471,NA,NA,NA,true,-0.0495779328,1.19349265,-0.09126152,-0.03070868,-0.1589316,0.02204249,-7.450581E-09,0,-0.009719029,-0.15471904,0.135280982,-0.179305151,0.179305136,true,-0.0541570336,0,-0.08548463
140,159,1.59,DESCENT,0.327,Descent,false,false,0.2716533,0.2708872,0.2716533,99,NA,NA,false,false,NONE,-0.05656113,1.35044086,-0.11621327,0.9810739,0.192336574,-0.00322554982,0.02213926,-0.0368353166,-0.1605974,0.05220526,0.4407852,0.0389993377,0.0477258936,true,true,8,true,true,0.008657609,0.009953473,0.226314813,0.0636852,0.129421279,0.229189008,0.843224943,right_upper_arm,true,0.00321906363,0,0.25744,0.8078911,false,false,bar_linear_stillness|bar_angular_stillness|knee_extension|hip_extension,1.39497,0.172840253,0.445073366,0.759585,0.698648453,0.125456586,0.05,0.02,0.2,0.08726646,0.17453292,0.17453292,0.00465758145,0.0270211045,0.0270211045,false,0.01859315,0.0312412977,0.0666192546,0.004064269,0.0120263863,246.891083,0.08912392,right_thigh,twist_x,0.005766934,NA,NA,NA,true,-0.049883876,1.19186866,-0.09103384,-0.0301215127,-0.162835658,0.0215900466,-7.450581E-09,0,-0.009719029,-0.15471904,0.135280982,-0.179305151,0.179305136,true,-0.05463109,0,-0.08486338
140,160,1.6,DESCENT,0.329999983,Descent,false,false,0.27034986,0.269567847,0.27034986,99,NA,NA,false,false,NONE,-0.056929104,1.34872317,-0.115700684,0.980644941,0.194483235,-0.00302712736,0.0224187449,-0.03625188,-0.164895475,0.0518081561,0.443778783,0.0398481041,0.0475007221,true,true,8,true,true,0.0142180566,0.009929257,0.226089031,0.06391099,0.129122347,0.229487926,0.8427835,right_upper_arm,true,0.00321539282,0,0.2568191,0.806493759,false,false,bar_linear_stillness|bar_angular_stillness|knee_extension|hip_extension,1.39497,0.176603511,0.448089063,0.767962337,0.7069898,0.126288667,0.05,0.02,0.2,0.08726646,0.17453292,0.17453292,0.004892744,0.0277687311,0.0277687311,false,0.01766262,0.0310058966,0.06668424,0.00499817263,0.011754646,250.080566,0.09027527,right_thigh,twist_x,0.0058416347,NA,NA,NA,true,-0.050182797,1.19020569,-0.09080805,-0.029627217,-0.166650772,0.0210970845,-7.450581E-09,0,-0.009719029,-0.15471904,0.135280982,-0.179305151,0.179305136,true,-0.0549553148,0,-0.084478505
140,161,1.61,DESCENT,0.332999974,Descent,false,false,0.269005775,0.2682321,0.269005775,99,NA,NA,false,false,NONE,-0.05729148,1.34696281,-0.115192443,0.980208039,0.196644485,-0.00282396,0.0226977523,-0.0356737375,-0.169185847,0.0513633452,0.44643122,0.04069044,0.0472554751,true,true,8,true,true,0.008719,0.0100112651,0.225871146,0.06412887,0.128827274,0.229783028,0.842350543,right_upper_arm,true,0.00321263238,0,0.256254941,0.804886162,false,false,bar_linear_stillness|bar_angular_stillness|knee_extension|hip_extension,1.39497,0.180373669,0.4507656,0.7766309,0.715569556,0.127107784,0.05,0.02,0.2,0.08726646,0.17453292,0.17453292,0.00512042642,0.0284825638,0.0284825638,false,0.0167424046,0.0309092849,0.06671765,0.00586996134,0.0114773372,247.49704,0.08934266,right_thigh,twist_x,0.00575026264,NA,NA,NA,true,-0.0504778847,1.18850446,-0.09059017,-0.02903729,-0.170481741,0.0206107534,-7.450581E-09,0,-0.009719029,-0.15471904,0.135280982,-0.179305151,0.179305136,true,-0.0553500652,0,-0.0838412344
140,162,1.62,DESCENT,0.335999966,Descent,false,false,0.267649531,0.266859,0.267649531,99,NA,NA,false,false,NONE,-0.0576477945,1.3451581,-0.114688,0.979764,0.198816031,-0.00261617266,0.0229762178,-0.0350746,-0.1736197,0.0509382263,0.449027538,0.0415171459,0.0469882339,true,true,8,true,true,0.0143177621,0.0100145014,0.225655437,0.0643445849,0.128539219,0.230071068,0.841920555,right_upper_arm,true,0.00320769986,0,0.255533636,0.8025798,false,false,bar_linear_stillness|bar_angular_stillness|knee_extension|hip_extension,1.39497,0.184306085,0.45338428,0.7852525,0.724164069,0.127923533,0.05,0.02,0.2,0.08726646,0.17453292,0.17453292,0.00534621626,0.02917314,0.02917314,false,0.0158245061,0.030763587,0.06670422,0.006796269,0.0112106847,245.5945,0.0886558741,right_thigh,twist_x,0.00581427244,NA,NA,NA,true,-0.0507659279,1.18676341,-0.0903744549,-0.0285353381,-0.174424469,0.0200933442,-7.450581E-09,0,-0.009719029,-0.15471904,0.135280982,-0.179305151,0.179305136,true,-0.05578535,0,-0.08341815
140,163,1.6300000000000001,DESCENT,0.338999957,Descent,false,false,0.266236246,0.265455246,0.266236246,99,NA,NA,false,false,NONE,-0.0579983145,1.34330857,-0.114188276,0.979312062,0.201000839,-0.00240373216,0.0232539754,-0.0344780758,-0.178105935,0.0504562221,0.4513773,0.0423362143,0.04670025,true,true,8,true,true,0.00878049,0.0101127857,0.225447953,0.06455206,0.1282551,0.2303552,0.841498256,right_upper_arm,true,0.0032030365,0,0.254808635,0.8002449,false,false,bar_height|bar_linear_stillness|bar_angular_stillness|knee_extension|hip_extension,1.39497,0.188298419,0.45575732,0.79412663,0.732966244,0.128735974,0.05,0.02,0.2,0.08726646,0.17453292,0.17453292,0.00556409359,0.0298353489,0.0298353489,false,0.0149205383,0.0308679827,0.0665228143,0.00766100176,0.0109464116,242.841537,0.0876621,right_thigh,twist_x,0.00572104,NA,NA,NA,true,-0.05105006,1.18498182,-0.09016698,-0.0279369578,-0.178461745,0.0195613336,-7.450581E-09,0,-0.009719029,-0.15471904,0.135280982,-0.179305151,0.179305136,true,-0.05619616,0,-0.08284221
140,164,1.6400000000000001,DESCENT,0.341999948,Descent,false,false,0.264813125,0.264015436,0.264813125,99,NA,NA,false,false,NONE,-0.0583426878,1.34141421,-0.113693073,0.978853345,0.20319365,-0.00218679337,0.0235309582,-0.0338723622,-0.182572812,0.0499555878,0.4534991,0.04313877,0.0463901944,true,true,8,true,true,0.0143520581,0.0100731626,0.225243211,0.06475681,0.127978057,0.230632216,0.8410758,right_upper_arm,true,0.00319926324,0,0.25415948,0.797175944,false,false,bar_height|bar_linear_stillness|bar_angular_stillness|knee_extension|hip_extension,1.39497,0.192290738,0.457902223,0.8028694,0.741670668,0.1295599,0.05,0.02,0.2,0.08726646,0.17453292,0.17453292,0.00577981025,0.0304769445,0.0304769445,false,0.0140531072,0.0307556689,0.0665009841,0.008620014,0.010664694,245.167084,0.08850159,right_thigh,twist_x,0.00579380244,NA,NA,NA,true,-0.051327087,1.18316,-0.08996223,-0.0274327416,-0.18240118,0.0189950783,-7.450581E-09,0,-0.009719029,-0.15471904,0.135280982,-0.179305151,0.179305136,true,-0.056475956,0,-0.08249604
140,165,1.6500000000000001,DESCENT,0.344999939,Descent,false,false,0.263346076,0.262557268,0.263346076,99,NA,NA,false,false,NONE,-0.058681272,1.33947575,-0.11320328,0.9783873,0.205396459,-0.001965351,0.0238070041,-0.0332761072,-0.186981991,0.0494039953,0.455232829,0.0439324342,0.04605969,true,true,8,true,true,0.00882139,0.0101449182,0.225047052,0.06495296,0.127704978,0.230905309,0.8406619,right_upper_arm,true,0.0031972148,0,0.253625959,0.7940377,false,false,bar_height|bar_linear_stillness|bar_angular_stillness|knee_extension|hip_extension,1.39497,0.196240455,0.459661275,0.8118829,0.7505877,0.1303768,0.05,0.02,0.2,0.08726646,0.17453292,0.17453292,0.00598728657,0.031080585,0.031080585,false,0.0131964609,0.0308694318,0.06635179,0.009511833,0.0103872968,242.425064,0.0875117555,right_thigh,twist_x,0.00570922066,NA,NA,NA,true,-0.0516001768,1.18129885,-0.08976608,-0.0268357676,-0.186308831,0.0184344538,-7.450581E-09,0,-0.009719029,-0.15471904,0.135280982,-0.179305151,0.179305136,true,-0.0568022132,0,-0.08192088
140,166,1.6600000000000001,DESCENT,0.34799993,Descent,false,false,0.261869252,0.261062562,0.261869252,99,NA,NA,false,false,NONE,-0.05901368,1.33749247,-0.112718418,0.9779148,0.207604662,-0.00173955353,0.024082046,-0.0326663,-0.191457927,0.04886538,0.456849426,0.044708278,0.0457072146,true,true,8,true,true,0.0144130765,0.0101351812,0.224853814,0.0651462153,0.127438933,0.231171355,0.84025234,right_upper_arm,true,0.00319370255,0,0.252991468,0.790316164,false,false,bar_height|bar_linear_stillness|bar_angular_stillness|knee_extension|hip_extension,1.39497,0.200277433,0.461301833,0.8208287,0.7594995,0.131183162,0.05,0.02,0.2,0.08726646,0.17453292,0.17453292,0.006192036,0.0316601545,0.0316601545,false,0.0123487115,0.0309135914,0.06617668,0.01045904,0.0101203034,240.3857,0.08677558,right_thigh,twist_x,0.00577560067,NA,NA,NA,true,-0.0518662147,1.17939806,-0.0895728245,-0.0263302,-0.190255746,0.0178485122,-7.450581E-09,0,-0.009719029,-0.15471904,0.135280982,-0.179305151,0.179305136,true,-0.0571543127,0,-0.0815587938
140,167,1.67,DESCENT,0.350999922,Descent,false,false,0.2603355,0.2595384,0.2603355,99,NA,NA,false,false,NONE,-0.0593403131,1.335466,-0.112239622,0.97743535,0.209820583,-0.00150938833,0.0243559163,-0.0320727862,-0.195757449,0.04824702,0.45808655,0.0454746224,0.0453345,true,true,8,true,true,0.008846962,0.0102068651,0.224669442,0.06533058,0.127176836,0.231433451,0.8398476,right_upper_arm,true,0.00319318427,0,0.2525607,0.786691248,false,false,bar_height|bar_linear_stillness|bar_angular_stillness|knee_extension|hip_extension,1.39497,0.204150483,0.462565064,0.829964,0.768526,0.1320045,0.05,0.02,0.2,0.08726646,0.17453292,0.17453292,0.00638818741,0.0322082862,0.0322082862,false,0.0115431584,0.0311121065,0.0659630746,0.0113723511,0.009838297,241.036591,0.08701054,right_thigh,twist_x,0.005698765,NA,NA,NA,true,-0.052128315,1.17745841,-0.08938846,-0.025737239,-0.194077715,0.0172509123,-7.450581E-09,0,-0.009719029,-0.15471904,0.135280982,-0.179305151,0.179305136,true,-0.0573873557,0,-0.08108511
140,168,1.68,DESCENT,0.3539999,Descent,false,false,0.2588033,0.257987142,0.2588033,99,NA,NA,false,false,NONE,-0.0596608222,1.33339643,-0.111766405,0.976950049,0.21203883,-0.00127503392,0.024628561,-0.03146888,-0.200075448,0.04764277,0.4591029,0.0462220944,0.0449403152,true,true,8,true,true,0.0144384783,0.010183651,0.224488288,0.06551173,0.126921713,0.231688559,0.839446962,right_upper_arm,true,0.00319109624,0,0.252024949,0.7824291,false,false,bar_height|bar_linear_stillness|bar_angular_stillness|knee_extension|hip_extension,1.39497,0.20806323,0.463607132,0.8390381,0.777547836,0.132809967,0.05,0.02,0.2,0.08726646,0.17453292,0.17453292,0.00658144057,0.0327351727,0.0327351727,false,0.0107400436,0.0311786328,0.06579936,0.01234127,0.009560157,239.0362,0.08628843,right_thigh,twist_x,0.00576823,NA,NA,NA,true,-0.05238343,1.17548072,-0.08920731,-0.0252382178,-0.197859317,0.0166403633,-7.450581E-09,0,-0.009719029,-0.15471904,0.135280982,-0.179305151,0.179305136,true,-0.05767923,0,-0.08073505
140,169,1.69,DESCENT,0.3569999,Descent,false,false,0.2572136,0.2564065,0.2572136,99,NA,NA,false,false,NONE,-0.059975557,1.33128428,-0.111299656,0.976458251,0.214262083,-0.001036472,0.0248998068,-0.0308737662,-0.204330653,0.0469862148,0.459819376,0.0469587147,0.0445261,true,true,8,true,true,0.008946442,0.0102768252,0.22431621,0.06568382,0.12667048,0.231939808,0.8390547,right_upper_arm,true,0.0031898818,0,0.251533,0.778346062,false,false,bar_height|bar_linear_stillness|bar_angular_stillness|knee_extension|hip_extension,1.39497,0.2119243,0.464350671,0.848354459,0.786761,0.133614168,0.05,0.02,0.2,0.08726646,0.17453292,0.17453292,0.006765805,0.03322272,0.03322272,false,0.009966613,0.031485755,0.0654843,0.01324262,0.009288834,236.167236,0.08525278,right_thigh,twist_x,0.00568658253,NA,NA,NA,true,-0.0526346676,1.17346525,-0.08903522,-0.02464956,-0.2016485,0.01602232,-7.450581E-09,0,-0.009719029,-0.15471904,0.135280982,-0.179305151,0.179305136,true,-0.0579845831,0,-0.08024531
140,170,1.7,DESCENT,0.3599999,Descent,false,false,0.255615532,0.2547896,0.255615532,99,NA,NA,false,false,NONE,-0.06028413,1.32912886,-0.110838912,0.97596097,0.2164857,-0.000793870538,0.0251695979,-0.0302668139,-0.208647043,0.04634029,0.460425764,0.04767552,0.0440904275,true,true,8,true,true,0.0145164244,0.0102607142,0.2241476,0.06585242,0.126426175,0.232184112,0.83866626,right_upper_arm,true,0.003187074,0,0.2509299,0.773779631,false,false,bar_height|bar_linear_stillness|bar_angular_stillness|knee_extension|hip_extension,1.39497,0.2158636,0.4649826,0.8575769,0.7959468,0.134410009,0.05,0.02,0.2,0.08726646,0.17453292,0.17453292,0.0069469586,0.0336926356,0.0336926356,false,0.009203685,0.0316975862,0.06516637,0.0141994106,0.009025753,234.082916,0.084500365,right_thigh,twist_x,0.00575306639,NA,NA,NA,true,-0.05287898,1.17141092,-0.08886662,-0.0241541881,-0.205452785,0.0153791187,-7.450581E-09,0,-0.009719029,-0.15471904,0.135280982,-0.179305151,0.179305136,true,-0.0582810976,0,-0.07995209
140,171,1.71,DESCENT,0.3629999,Descent,false,false,0.2539611,0.2531448,0.2539611,99,NA,NA,false,false,NONE,-0.06058694,1.32693172,-0.110385194,0.9754576,0.218712255,-0.000547217554,0.0254377667,-0.029674815,-0.2128114,0.0456266142,0.460713625,0.0483804457,0.04363493,true,true,8,true,true,0.008975367,0.01032823,0.223988444,0.06601158,0.1261857,0.232424587,0.838281631,right_upper_arm,true,0.003186443,0,0.250469178,0.7694707,false,false,bar_height|bar_linear_stillness|bar_angular_stillness|knee_extension|hip_extension,1.39497,0.219661266,0.465297461,0.8669948,0.8052506,0.135220587,0.05,0.02,0.2,0.08726646,0.17453292,0.17453292,0.00711904466,0.03412414,0.03412414,false,0.008491063,0.0320254862,0.06485881,0.0151186772,0.008740991,233.933517,0.08444644,right_thigh,twist_x,0.005678788,NA,NA,NA,true,-0.0531194545,1.16931951,-0.08870746,-0.0235727672,-0.209146157,0.0147265317,-7.450581E-09,0,-0.009719029,-0.15471904,0.135280982,-0.179305151,0.179305136,true,-0.05848763,0,-0.07953027
140,172,1.72,DESCENT,0.365999877,Descent,false,false,0.252308428,0.251472116,0.252308428,99,NA,NA,false,false,NONE,-0.0608836748,1.32469273,-0.109938033,0.9749493,0.220936686,-0.000296701473,0.0257042591,-0.02907595,-0.216983408,0.0449256673,0.460834026,0.0490644127,0.0431584865,true,true,8,true,true,0.0145304035,0.0102976691,0.223833069,0.06616695,0.125952065,0.232658222,0.837900043,right_upper_arm,true,0.003184823,0,0.249947444,0.7646485,false,false,bar_height|bar_linear_stillness|bar_angular_stillness|knee_extension|hip_extension,1.39497,0.223484963,0.46544385,0.8763226,0.8145282,0.136014074,0.05,0.02,0.2,0.08726646,0.17453292,0.17453292,0.007287644,0.0345321558,0.0345321558,false,0.0077866,0.03226127,0.0645479858,0.0160886217,0.008468756,231.8778,0.08370436,right_thigh,twist_x,0.0057483553,NA,NA,NA,true,-0.0533530861,1.16719127,-0.08855209,-0.0230867229,-0.212788388,0.0140614193,-7.450581E-09,0,-0.009719029,-0.15471904,0.135280982,-0.179305151,0.179305136,true,-0.0587280057,0,-0.07926076
140,173,1.73,DESCENT,0.368999869,Descent,false,false,0.2505983,0.249771237,0.2505983,99,NA,NA,false,false,NONE,-0.06117469,1.32241285,-0.109498292,0.974435449,0.223161772,-4.230885E-05,0.0259689074,-0.02848796,-0.2210675,0.0441739261,0.460666537,0.04973519,0.04266262,true,true,8,true,true,0.009053101,0.0103821885,0.223687261,0.06631275,0.12572217,0.232888117,0.8375264,right_upper_arm,true,0.00318408036,0,0.249469876,0.7601127,false,false,bar_height|bar_linear_stillness|bar_angular_stillness|knee_extension|hip_extension,1.39497,0.2272306,0.4653035,0.885879755,0.8239748,0.13680993,0.05,0.02,0.2,0.08726646,0.17453292,0.17453292,0.007446803,0.0348995663,0.0348995663,false,0.007118999,0.0327245928,0.06410636,0.0169902314,0.00820234,228.962753,0.08265207,right_thigh,twist_x,0.005672046,NA,NA,NA,true,-0.0535829775,1.1650269,-0.08840629,-0.0225137826,-0.216405615,0.013390502,-7.450581E-09,0,-0.009719029,-0.15471904,0.135280982,-0.179305151,0.179305136,true,-0.058977183,0,-0.07884111
140,174,1.74,DESCENT,0.37199986,Descent,false,false,0.248883545,0.248036027,0.248883545,99,NA,NA,false,false,NONE,-0.0614597052,1.32009244,-0.109065562,0.973917,0.225383028,0.000215781067,0.02623166,-0.0278979987,-0.225103691,0.04342756,0.4604291,0.05038428,0.04214626,true,true,8,true,true,0.0145632895,0.0103486218,0.223545477,0.0664545447,0.125499,0.233111292,0.837151349,right_upper_arm,true,0.00318281236,0,0.248964667,0.755244434,false,false,bar_height|bar_linear_stillness|bar_angular_stillness|knee_extension|hip_extension,1.39497,0.230945721,0.465091228,0.895299137,0.8333383,0.1376064,0.05,0.02,0.2,0.08726646,0.17453292,0.17453292,0.00760217756,0.0352472663,0.0352472663,false,0.007737475,0.033013612,0.06376151,0.0179677922,0.007924769,228.824066,0.082602,right_thigh,twist_x,0.00574425748,NA,NA,NA,true,-0.0538061522,1.16282642,-0.0882644951,-0.0220383815,-0.219936743,0.0127000567,-7.450581E-09,0,-0.009719029,-0.15471904,0.135280982,-0.179305151,0.179305136,true,-0.0591640249,0,-0.07865453
140,175,1.75,DESCENT,0.374999851,Descent,false,false,0.247116983,0.246278763,0.247116983,99,NA,NA,false,false,NONE,-0.0617391057,1.31773269,-0.108640708,0.97339344,0.2276029,0.000477567984,0.0264923479,-0.0273202546,-0.2290322,0.0426303372,0.459864229,0.051019,0.04161102,true,true,8,true,true,0.00910836,0.0104243569,0.2234135,0.0665865242,0.125279486,0.233330816,0.8367837,right_upper_arm,true,0.00318278326,0,0.248531982,0.7506329,false,false,bar_height|bar_linear_stillness|bar_angular_stillness|knee_extension|hip_extension,1.39497,0.234562337,0.464553028,0.9049505,0.842868447,0.138394833,0.05,0.02,0.2,0.08726646,0.17453292,0.17453292,0.007747978,0.0355552323,0.0355552323,false,0.008522609,0.0335150771,0.06330919,0.0188767649,0.00765040331,225.936279,0.0815595537,right_thigh,twist_x,0.00567124737,NA,NA,NA,true,-0.0540256724,1.16059113,-0.0881325155,-0.0214779358,-0.223403245,0.0120089613,-7.450581E-09,0,-0.009719029,-0.15471904,0.135280982,-0.179305151,0.179305136,true,-0.05937377,0,-0.0782622546
140,176,1.76,DESCENT,0.377999842,Descent,false,false,0.245346546,0.244487286,0.245346546,99,NA,NA,false,false,NONE,-0.062012583,1.31533337,-0.108223245,0.9728659,0.229816869,0.000742862932,0.02675093,-0.0267374944,-0.232980922,0.0418472178,0.4592067,0.05163099,0.04105582,true,true,8,true,true,0.0146067841,0.0104010571,0.223285675,0.06671434,0.125066519,0.233543769,0.8364187,right_upper_arm,true,0.00318104029,0,0.247982353,0.7456295,false,false,bar_height|bar_linear_stillness|bar_angular_stillness|knee_extension|hip_extension,1.39497,0.2382146,0.463920385,0.914480269,0.8523518,0.139178813,0.05,0.02,0.2,0.08726646,0.17453292,0.17453292,0.00788977,0.0358398743,0.0358398743,false,0.00915464,0.0338929333,0.06287635,0.01983912,0.00738661131,223.849274,0.08080618,right_thigh,twist_x,0.00574023137,NA,NA,NA,true,-0.0542386323,1.15832126,-0.0880047,-0.0210132729,-0.2268508,0.0113024944,-7.450581E-09,0,-0.009719029,-0.15471904,0.135280982,-0.179305151,0.179305136,true,-0.05958994,0,-0.07808531
140,177,1.77,DESCENT,0.380999833,Descent,false,false,0.243519187,0.242669344,0.243519187,99,NA,NA,false,false,NONE,-0.062280532,1.31289577,-0.107814,0.97233355,0.232028112,0.00101168337,0.0270072334,-0.0261691511,-0.236792579,0.04101688,0.4583617,0.05222763,0.04048224,true,true,8,true,true,0.009147379,0.0104720257,0.223167866,0.06683215,0.124857113,0.233753175,0.8360557,right_upper_arm,true,0.00318101677,0,0.247542709,0.7411016,false,false,bar_height|bar_linear_stillness|bar_angular_stillness|knee_extension|hip_extension,1.39497,0.241739392,0.4631004,0.9242139,0.861960649,0.139972046,0.05,0.02,0.2,0.08726646,0.17453292,0.17453292,0.00802175,0.03608587,0.03608587,false,0.009873103,0.0344643071,0.0623682663,0.0207447764,0.00711308327,222.112213,0.0801791251,right_thigh,twist_x,0.005670419,NA,NA,NA,true,-0.0544480421,1.1560173,-0.08788689,-0.020465605,-0.230221614,0.01059021,-7.450581E-09,0,-0.009719029,-0.15471904,0.135280982,-0.179305151,0.179305136,true,-0.0597654358,0,-0.07776617
140,178,1.78,DESCENT,0.383999825,Descent,false,false,0.24169302,0.240821481,0.24169302,99,NA,NA,false,false,NONE,-0.06254266,1.31041992,-0.107412495,0.971797645,0.234231859,0.00128382491,0.0272612181,-0.0255975816,-0.240615591,0.04019839,0.457392961,0.05280047,0.0398892947,true,true,8,true,true,0.0146277035,0.0104412762,0.223054409,0.066945605,0.124654137,0.233956158,0.835694551,right_upper_arm,true,0.00317939022,0,0.246993616,0.7361363,false,false,bar_height|bar_linear_stillness|bar_angular_stillness|knee_extension|hip_extension,1.39497,0.245289639,0.462155133,0.933819652,0.8715163,0.140752345,0.05,0.02,0.2,0.08726646,0.17453292,0.17453292,0.008149564,0.0363095552,0.0363095552,false,0.0104375519,0.03488685,0.061910864,0.0217094216,0.00684226444,220.050659,0.07943494,right_thigh,twist_x,0.00574042043,NA,NA,NA,true,-0.0546510145,1.15368,-0.0877734348,-0.0200144127,-0.233548775,0.009867647,-7.450581E-09,0,-0.009719029,-0.15471904,0.135280982,-0.179305151,0.179305136,true,-0.0599484965,0,-0.07762575
140,179,1.79,DESCENT,0.386999816,Descent,false,false,0.239809811,0.23894763,0.239809811,99,NA,NA,false,false,NONE,-0.06279936,1.30790663,-0.107019559,0.971257448,0.236430988,0.0015592936,0.0275127161,-0.02503841,-0.244343072,0.03933364,0.4561639,0.0533568673,0.03927857,true,true,8,true,true,0.009207616,0.0105178608,0.222951084,0.06704894,0.124454573,0.234155715,0.835340738,right_upper_arm,true,0.0031787653,0,0.24649854,0.7315428,false,false,bar_height|bar_linear_stillness|bar_angular_stillness|knee_extension|hip_extension,1.39497,0.248752072,0.4609504,0.943640351,0.8812192,0.141528353,0.05,0.02,0.2,0.08726646,0.17453292,0.17453292,0.008267373,0.03649181,0.03649181,false,0.011090951,0.03552206,0.0613446273,0.0226026513,0.006577754,217.137512,0.078383334,right_thigh,twist_x,0.005670402,NA,NA,NA,true,-0.05485058,1.15130949,-0.0876701,-0.0194799267,-0.236832485,0.009141321,-7.450581E-09,0,-0.009719029,-0.15471904,0.135280982,-0.179305151,0.179305136,true,-0.0601336956,0,-0.07732099
140,180,1.8,DESCENT,0.3899998,Descent,false,false,0.237926126,0.237041771,0.237926126,99,NA,NA,false,false,NONE,-0.06305033,1.30535591,-0.106634662,0.9707141,0.2386211,0.0018378878,0.0277616866,-0.0244774353,-0.248082921,0.0384855419,0.454884768,0.0538887,0.0386491343,true,true,8,true,true,0.0146536352,0.0104852635,0.22285226,0.06714776,0.1242613,0.234348983,0.834989369,right_upper_arm,true,0.00317701721,0,0.2459328,0.7266078,false,false,bar_height|bar_linear_stillness|bar_angular_stillness|knee_extension|hip_extension,1.39497,0.2522408,0.459693253,0.953316,0.8908562,0.142300129,0.05,0.02,0.2,0.08726646,0.17453292,0.17453292,0.00838083,0.03665302,0.03665302,false,0.0115783969,0.0360113867,0.0608167723,0.0235511158,0.006322287,215.069016,0.07763664,right_thigh,twist_x,0.005740494,NA,NA,NA,true,-0.0550438538,1.14890623,-0.08757128,-0.0190417971,-0.240086332,0.008404856,-7.450581E-09,0,-0.009719029,-0.15471904,0.135280982,-0.179305151,0.179305136,true,-0.0603043064,0,-0.0772306
140,181,1.81,DESCENT,0.3929998,Descent,false,false,0.235985816,0.235111177,0.235985816,99,NA,NA,false,false,NONE,-0.06329598,1.30276883,-0.106258556,0.970166862,0.240805641,0.00211962569,0.0280079674,-0.02393058,-0.251706958,0.0375999548,0.4534588,0.0544030219,0.0380025469,true,true,8,true,true,0.009246255,0.0105537726,0.222763687,0.0672363341,0.124071315,0.234538972,0.834639847,right_upper_arm,true,0.00317652035,0,0.245442927,0.722207367,false,false,bar_height|bar_linear_stillness|bar_angular_stillness|knee_extension|hip_extension,1.39497,0.255622417,0.458288938,0.9632009,0.900621235,0.143076077,0.05,0.02,0.2,0.08726646,0.17453292,0.17453292,0.008484162,0.0367731377,0.0367731377,false,0.0121657131,0.03670512,0.06021153,0.0244418215,0.006050309,212.567276,0.07673355,right_thigh,twist_x,0.005673394,NA,NA,NA,true,-0.0552338362,1.1464709,-0.0874827057,-0.0185219534,-0.2432812,0.00766634848,-7.450581E-09,0,-0.009719029,-0.15471904,0.135280982,-0.179305151,0.179305136,true,-0.0604586974,0,-0.07698293
140,182,1.82,DESCENT,0.3959998,Descent,false,false,0.23404789,0.233150363,0.23404789,99,NA,NA,false,false,NONE,-0.06353607,1.30014539,-0.105890743,0.96961683,0.2429801,0.00240429537,0.0282515213,-0.02338459,-0.255333424,0.03672654,0.451961845,0.05489193,0.0373380855,true,true,8,true,true,0.0146630276,0.010518699,0.2226797,0.06732032,0.12388745,0.234722838,0.8342916,right_upper_arm,true,0.00317489053,0,0.244880125,0.717428446,false,false,bar_height|bar_linear_stillness|bar_angular_stillness|knee_extension|hip_extension,1.39497,0.259019,0.456811517,0.9729338,0.9103136,0.143842891,0.05,0.02,0.2,0.08726646,0.17453292,0.17453292,0.008582987,0.0368716531,0.0368716531,false,0.0125801088,0.03724457,0.05965104,0.02538912,0.00578888925,210.50827,0.07599028,right_thigh,twist_x,0.0057448,NA,NA,NA,true,-0.0554177053,1.14400375,-0.08739872,-0.0180990566,-0.246427923,0.006921201,-7.450581E-09,0,-0.009719029,-0.15471904,0.135280982,-0.179305151,0.179305136,true,-0.0605991744,0,-0.07693488
140,183,1.83,DESCENT,0.39899978,Descent,false,false,0.232052982,0.231165171,0.232052982,99,NA,NA,false,false,NONE,-0.06377099,1.29748678,-0.105532028,0.9690633,0.245147392,0.0026919,0.02849218,-0.0228528474,-0.258841723,0.0358105749,0.450222582,0.0553625,0.0366574079,true,true,8,true,true,0.009292134,0.0105910068,0.222606048,0.06739397,0.123706728,0.234903559,0.833950162,right_upper_arm,true,0.003174385,0,0.244380713,0.71307075,false,false,bar_height|bar_linear_stillness|bar_angular_stillness|knee_extension|hip_extension,1.39497,0.262304574,0.45509246,0.9828741,0.9201373,0.14460893,0.05,0.02,0.2,0.08726646,0.17453292,0.17453292,0.008671559,0.0369292572,0.0369292572,false,0.0130902641,0.03799015,0.05899682,0.0262656063,0.005532498,207.594513,0.07493846,right_thigh,twist_x,0.00567970145,NA,NA,NA,true,-0.0555984266,1.14150572,-0.08732507,-0.0175954718,-0.249506891,0.006174902,-7.450581E-09,0,-0.009719029,-0.15471904,0.135280982,-0.179305151,0.179305136,true,-0.0607384481,0,-0.07671292
140,184,1.84,DESCENT,0.401999772,Descent,false,false,0.2300613,0.22914958,0.2300613,99,NA,NA,false,false,NONE,-0.06400048,1.29479289,-0.105181739,0.968507349,0.247303829,0.00298224133,0.0287299231,-0.0223223455,-0.262360662,0.0349255167,0.448564082,0.0558068454,0.03595975,true,true,8,true,true,0.0146742091,0.0105539393,0.222537026,0.0674629956,0.123531953,0.235078335,0.833604157,right_upper_arm,true,0.00317288656,0,0.243826061,0.708518,false,false,bar_height|bar_linear_stillness|bar_angular_stillness|knee_extension|hip_extension,1.39497,0.265614748,0.453450382,0.9926631,0.9298861,0.145375878,0.05,0.02,0.2,0.08726646,0.17453292,0.17453292,0.008755542,0.0369663,0.0369663,false,0.0134322913,0.0385969132,0.05838177,0.0272038411,0.00526982546,205.185669,0.0740689039,right_thigh,twist_x,0.005750987,NA,NA,NA,true,-0.0557732023,1.13897681,-0.0872560441,-0.0171887651,-0.252563655,0.005426404,-7.450581E-09,0,-0.009719029,-0.15471904,0.135280982,-0.179305151,0.179305136,true,-0.0608735122,0,-0.07672047
140,185,1.85,DESCENT,0.404999763,Descent,false,false,0.228011072,0.227109551,0.228011072,99,NA,NA,false,false,NONE,-0.06422496,1.29206479,-0.1048407,0.967948258,0.249452278,0.00327531924,0.028964581,-0.0218066555,-0.265759677,0.03399389,0.44664976,0.0562320277,0.03524679,true,true,8,true,true,0.009335473,0.0106272474,0.22247836,0.06752167,0.123360157,0.23525013,0.8332641,right_upper_arm,true,0.0031726195,0,0.243338868,0.70436126,false,false,bar_height|bar_linear_stillness|bar_angular_stillness|knee_extension|hip_extension,1.39497,0.268810928,0.451553315,1.00265265,0.9397575,0.146135524,0.05,0.02,0.2,0.08726646,0.17453292,0.17453292,0.008829199,0.0369624943,0.0369624943,false,0.01387419,0.03941019,0.0576766059,0.0280758534,0.005008366,202.259323,0.07301254,right_thigh,twist_x,0.00568790035,NA,NA,NA,true,-0.0559449978,1.136418,-0.08719737,-0.0167025067,-0.2555502,0.004675227,-7.450581E-09,0,-0.009719029,-0.15471904,0.135280982,-0.179305151,0.179305136,true,-0.0609946,0,-0.07654264
140,186,1.86,DESCENT,0.407999754,Descent,false,false,0.225965917,0.2250399,0.225965917,99,NA,NA,false,false,NONE,-0.0644442,1.28930283,-0.104508378,0.967387259,0.2515883,0.00357090961,0.0291961338,-0.02129502,-0.269139737,0.0330798067,0.444672942,0.0566306226,0.0345179439,true,true,8,true,true,0.0146753881,0.0105876988,0.222424358,0.06757566,0.1231941,0.235416189,0.832926154,right_upper_arm,true,0.00317122461,0,0.242782772,0.699842155,false,false,bar_height|bar_linear_stillness|bar_angular_stillness|knee_extension|hip_extension,1.39497,0.2719999,0.449591517,1.01246965,0.9495409,0.146891266,0.05,0.02,0.2,0.08726646,0.17453292,0.17453292,0.008898221,0.03693969,0.03693969,false,0.0141309891,0.0400493,0.05703283,0.0290069412,0.00475645857,200.211914,0.0722734556,right_thigh,twist_x,0.005761888,NA,NA,NA,true,-0.0561110526,1.13382959,-0.08714338,-0.0163138919,-0.258469641,0.003924092,-7.450581E-09,0,-0.009719029,-0.15471904,0.135280982,-0.179305151,0.179305136,true,-0.06108978,0,-0.0765847042
140,187,1.87,DESCENT,0.410999745,Descent,false,false,0.223864019,0.222947955,0.223864019,99,NA,NA,false,false,NONE,-0.0646586,1.28650784,-0.104185335,0.966823459,0.2537157,0.00386903435,0.02942442,-0.02079614,-0.272427052,0.0321480669,0.442628115,0.0570090339,0.0337747931,true,true,8,true,true,0.009388403,0.0106592206,0.2223807,0.06761933,0.123030864,0.235579431,0.832588434,right_upper_arm,true,0.0031708614,0,0.2422902,0.6959428,false,false,bar_height|bar_linear_stillness|bar_angular_stillness|knee_extension|hip_extension,1.39497,0.2751045,0.447560519,1.02251267,0.959463239,0.1476496,0.05,0.02,0.2,0.08726646,0.17453292,0.17453292,0.008956894,0.03687535,0.03687535,false,0.0145030394,0.0409286022,0.0562738143,0.0298622567,0.00449915836,196.192612,0.0708225444,right_thigh,twist_x,0.005698409,NA,NA,NA,true,-0.0562742874,1.13121235,-0.08709971,-0.0158460662,-0.2613648,0.00317670614,-7.450581E-09,0,-0.009719029,-0.15471904,0.135280982,-0.179305151,0.179305136,true,-0.06122407,0,-0.07644937
140,188,1.8800000000000001,DESCENT,0.413999736,Descent,false,false,0.2217648,0.220823944,0.2217648,99,NA,NA,false,false,NONE,-0.06486792,1.28368,-0.10387107,0.966258,0.25583002,0.00416946458,0.02964942,-0.0203020833,-0.275706977,0.03122724,0.440511733,0.05736031,0.033016786,true,true,8,true,true,0.0146859232,0.0106243975,0.222341657,0.0676583648,0.122873172,0.235737115,0.8322514,right_upper_arm,true,0.00316946581,0,0.241729751,0.691651,false,false,bar_height|bar_linear_stillness|bar_angular_stillness|knee_extension|hip_extension,1.39497,0.278211534,0.445455849,1.03236556,0.9692858,0.148400858,0.05,0.02,0.2,0.08726646,0.17453292,0.17453292,0.009010889,0.0367927141,0.0367927141,false,0.0146872113,0.0416467935,0.0555618,0.0307865869,0.004242669,194.124649,0.07007604,right_thigh,twist_x,0.00577281555,NA,NA,NA,true,-0.0564319752,1.12856638,-0.087060675,-0.0154755609,-0.264204025,0.00242737425,-7.450581E-09,0,-0.009719029,-0.15471904,0.135280982,-0.179305151,0.179305136,true,-0.06130601,0,-0.07654263
140,189,1.8900000000000001,DESCENT,0.416999727,Descent,false,false,0.219609439,0.218678653,0.219609439,99,NA,NA,false,false,NONE,-0.0650726259,1.28082061,-0.103566341,0.965690255,0.257934153,0.00447219564,0.0298709776,-0.01982543,-0.27883,0.0302689169,0.4381415,0.0576911569,0.0322456919,true,true,8,true,true,0.009414074,0.0106902653,0.222312942,0.06768708,0.1227181,0.235892177,0.8319225,right_upper_arm,true,0.00316991587,0,0.241287246,0.687789,false,false,bar_height|bar_linear_stillness|bar_angular_stillness|knee_extension|hip_extension,1.39497,0.281167954,0.443098217,1.04241669,0.9792162,0.149151534,0.05,0.02,0.2,0.08726646,0.17453292,0.17453292,0.00905455649,0.036671143,0.036671143,false,0.0149802323,0.0425620452,0.054776866,0.03164158,0.0039910567,196.354935,0.0981431156,abdomen,twist_x,0.00571493851,NA,NA,NA,true,-0.0565870479,1.12589312,-0.08703196,-0.0150287114,-0.2669306,0.00168075762,-7.450581E-09,0,-0.009719029,-0.15471904,0.135280982,-0.179305151,0.179305136,true,-0.06137529,0,-0.07644526
140,190,1.9000000000000001,DESCENT,0.419999719,Descent,false,false,0.217463136,0.216506183,0.217463136,99,NA,NA,false,false,NONE,-0.06527251,1.27793062,-0.103270538,0.965121448,0.260023743,0.004776994,0.03008909,-0.01935719,-0.2818937,0.0293335747,0.4357277,0.0579946749,0.0314611122,true,true,8,true,true,0.0146688176,0.0106476294,0.222288787,0.06771124,0.122568361,0.236041933,0.83159703,right_upper_arm,true,0.003169598,0,0.240805417,0.6835935,false,false,bar_height|bar_linear_stillness|bar_angular_stillness|knee_extension|hip_extension,1.39497,0.284076065,0.4406947,1.05227959,0.989045739,0.149893671,0.05,0.02,0.2,0.08726646,0.17453292,0.17453292,0.00909359,0.0365306772,0.0365306772,false,0.0150741311,0.0432871766,0.0540668368,0.0325584561,0.00374850072,203.681458,0.101805091,abdomen,twist_x,0.0057924916,NA,NA,NA,true,-0.05673679,1.12319338,-0.0870078,-0.01468041,-0.2695617,0.0009420683,-7.450581E-09,0,-0.009719029,-0.15471904,0.135280982,-0.179305151,0.179305136,true,-0.06142122,0,-0.07657664
140,191,1.9100000000000001,DESCENT,0.4229997,Descent,false,false,0.215260029,0.214312911,0.215260029,99,NA,NA,false,false,NONE,-0.06546798,1.27501082,-0.102984168,0.964550734,0.2621025,0.00508388,0.0303036,-0.0189015511,-0.284859747,0.0283887219,0.433233231,0.05827691,0.0306646787,true,true,8,true,true,0.009480722,0.0107237566,0.22227478,0.06772524,0.122421011,0.236189276,0.8312706,right_upper_arm,true,0.00316984067,0,0.2403533,0.6800176,false,false,bar_height|bar_linear_stillness|bar_angular_stillness|knee_extension|hip_extension,1.39497,0.286894172,0.438209474,1.06237185,0.999014437,0.150636926,0.05,0.02,0.2,0.08726646,0.17453292,0.17453292,0.009122305,0.0363509,0.0363509,false,0.0153104952,0.04431185,0.05318848,0.03339967,0.00349397631,208.658661,0.104292825,abdomen,twist_x,0.005732281,NA,NA,NA,true,-0.0568841361,1.12046766,-0.0869938,-0.01425548,-0.2721683,0.000210338825,-7.450581E-09,0,-0.009719029,-0.15471904,0.135280982,-0.179305151,0.179305136,true,-0.06153198,0,-0.07651907
140,192,1.92,DESCENT,0.4259997,Descent,false,false,0.213061452,0.21208787,0.213061452,99,NA,NA,false,false,NONE,-0.06565883,1.27206159,-0.102706678,0.963979244,0.264166176,0.005392615,0.0305145,-0.01845325,-0.287798047,0.0274584368,0.4306884,0.0585313961,0.02985589,true,true,8,true,true,0.0146854315,0.0106890444,0.222265214,0.0677348152,0.122278765,0.236331522,0.830945134,right_upper_arm,true,0.003168928,0,0.239824712,0.67606616,false,false,bar_height|bar_linear_stillness|bar_angular_stillness|knee_extension|hip_extension,1.39497,0.2896933,0.435671657,1.072253,1.00886774,0.151376545,0.05,0.02,0.2,0.08726646,0.17453292,0.17453292,0.009146467,0.03615641,0.03615641,false,0.0153347105,0.04512346,0.05239977,0.03430776,0.00324747968,216.023315,0.107973866,abdomen,twist_x,0.00580988871,NA,NA,NA,true,-0.0570263863,1.11771619,-0.0869842246,-0.013928161,-0.274707258,-0.0005181203,-7.450581E-09,0,-0.009719029,-0.15471904,0.135280982,-0.179305151,0.179305136,true,-0.0615765229,0,-0.07670315
140,193,1.93,DESCENT,0.4289997,Descent,false,false,0.210806847,0.209843755,0.210806847,99,NA,NA,false,false,NONE,-0.06584551,1.26908445,-0.102438785,0.9634064,0.2662176,0.00570319453,0.0307216477,-0.0180234667,-0.290558815,0.0264960937,0.427894831,0.0587645732,0.02903657,true,true,8,true,true,0.009503095,0.0107557671,0.2222657,0.067734316,0.1221387,0.2364716,0.830627441,right_upper_arm,true,0.00316998339,0,0.239422917,0.6725694,false,false,bar_height|bar_linear_stillness|bar_angular_stillness|knee_extension|hip_extension,1.39497,0.292320579,0.432886124,1.08232975,1.01881623,0.1521753,0.05,0.02,0.2,0.08726646,0.17453292,0.17453292,0.00916046649,0.035924878,0.035924878,false,0.015478313,0.0461297259,0.05154957,0.0351456366,0.003004763,221.1259,0.11052426,abdomen,twist_x,0.00575574953,NA,NA,NA,true,-0.05716645,1.11494064,-0.0869847238,-0.0135274176,-0.277111,-0.00124178932,-7.450581E-09,0,-0.009719029,-0.15471904,0.135280982,-0.179305151,0.179305136,true,-0.0616082139,0,-0.07668547
140,194,1.94,DESCENT,0.431999683,Descent,false,false,0.208565533,0.207574487,0.208565533,99,NA,NA,false,false,NONE,-0.0660278,1.26607931,-0.102179587,0.962833166,0.268253237,0.006015396,0.0309250467,-0.0175966453,-0.293361485,0.02558636,0.425227374,0.0589692332,0.028206192,true,true,8,true,true,0.014691106,0.0107196905,0.222270429,0.06772959,0.122003481,0.2366068,0.830303431,right_upper_arm,true,0.00316886161,0,0.238886446,0.6688672,false,false,bar_height|bar_linear_stillness|bar_angular_stillness|knee_extension|hip_extension,1.39497,0.295000434,0.430222362,1.09223926,1.02869952,0.153395221,0.05,0.02,0.2,0.08726646,0.17453292,0.17453292,0.00917004049,0.03567731,0.03567731,false,0.0154397441,0.0470318161,0.0506797321,0.0360333435,0.00276006432,227.960037,0.113940135,abdomen,twist_x,0.00583030051,NA,NA,NA,true,-0.0573016666,1.11214089,-0.08698945,-0.0132219708,-0.279534727,-0.0019474288,-7.450581E-09,0,-0.009719029,-0.15471904,0.135280982,-0.179305151,0.179305136,true,-0.0616964921,0,-0.0768961161
140,195,1.95,DESCENT,0.434999675,Descent,false,false,0.20625937,0.205279529,0.20625937,99,NA,NA,false,false,NONE,-0.06620611,1.26304734,-0.101929858,0.9622588,0.270276159,0.006329219,0.0311245415,-0.01718692,-0.2960111,0.0246381648,0.422317266,0.05915209,0.0273664482,true,true,8,true,true,0.009543916,0.0107972044,0.222285062,0.06771496,0.121870235,0.236740053,0.8299849,right_upper_arm,true,0.00316944136,0,0.238447309,0.6656068,false,false,bar_height|bar_linear_stillness|bar_angular_stillness|knee_extension|hip_extension,1.39497,0.297531515,0.427316934,1.10232687,1.038663,0.1545515,0.05,0.02,0.2,0.08726646,0.17453292,0.17453292,0.009169541,0.0353922062,0.0353922062,false,0.0155204218,0.04814256,0.0497336239,0.0368581936,0.00251433346,233.103424,0.116510928,abdomen,twist_x,0.005776373,NA,NA,NA,true,-0.05743492,1.1093179,-0.08700408,-0.0128432568,-0.281858474,-0.00265586469,-7.450581E-09,0,-0.009719029,-0.15471904,0.135280982,-0.179305151,0.179305136,true,-0.06173497,0,-0.07693112
140,196,1.96,DESCENT,0.437999666,Descent,false,false,0.203969479,0.202961266,0.203969479,99,NA,NA,false,false,NONE,-0.0663803,1.25998962,-0.101688966,0.9616847,0.272281915,0.006644409,0.03132016,-0.01679006,-0.298578143,0.0237124413,0.419340134,0.0593069531,0.02651714,true,true,8,true,true,0.0146678565,0.0107479235,0.222303778,0.06769624,0.121741593,0.2368687,0.82967037,right_upper_arm,true,0.00316960155,0,0.23799473,0.661964357,false,false,bar_height|bar_linear_stillness|bar_angular_stillness|knee_extension|hip_extension,1.39497,0.299988478,0.424342573,1.11219227,1.04849768,0.1557789,0.05,0.02,0.2,0.08726646,0.17453292,0.17453292,0.009164818,0.0350976251,0.0350976251,false,0.0153881451,0.0490292124,0.04888897,0.0377517529,0.00227681478,240.361282,0.120138586,abdomen,twist_x,0.005859433,NA,NA,NA,true,-0.0575635545,1.10647273,-0.0870227963,-0.012563372,-0.284044772,-0.00334728765,-7.450581E-09,0,-0.009719029,-0.15471904,0.135280982,-0.179305151,0.179305136,true,-0.06171363,0,-0.0771895
140,197,1.97,DESCENT,0.440999657,Descent,false,false,0.201624572,0.20062685,0.201624572,99,NA,NA,false,false,NONE,-0.06655077,1.25690675,-0.101457261,0.9611099,0.27427423,0.006960987,0.0315117426,-0.0164033268,-0.3010856,0.0227956958,0.4163145,0.059439078,0.02565988,true,true,8,true,true,0.009626011,0.0108277062,0.22233212,0.0676678941,0.12161468,0.236995608,0.8293532,right_upper_arm,true,0.0031696232,0,0.237525627,0.658955336,false,false,bar_height|bar_linear_stillness|bar_angular_stillness|knee_extension|hip_extension,1.39497,0.302392542,0.4213184,1.12230766,1.058486,0.156908527,0.05,0.02,0.2,0.08726646,0.17453292,0.17453292,0.009150185,0.034763176,0.034763176,false,0.0154092135,0.0502056554,0.0478882752,0.03854909,0.002038009,244.649261,0.122281827,abdomen,twist_x,0.00580081157,NA,NA,NA,true,-0.0576904677,1.10360587,-0.0870511457,-0.0122082951,-0.286244661,-0.004024793,-7.450581E-09,0,-0.009719029,-0.15471904,0.135280982,-0.179305151,0.179305136,true,-0.0618193559,0,-0.07723676
140,198,1.98,DESCENT,0.443999648,Descent,false,false,0.199285746,0.198259592,0.199285746,99,NA,NA,false,false,NONE,-0.06671732,1.2537992,-0.101234168,0.9605356,0.276249051,0.00727870455,0.0316993259,-0.0160281863,-0.303545237,0.0218926538,0.41324234,0.0595430881,0.02479432,true,true,8,true,true,0.0146863973,0.0107925162,0.222364277,0.06763574,0.121492147,0.23711814,0.8290375,right_upper_arm,true,0.00316895219,0,0.2370126,0.65555495,false,false,bar_height|bar_linear_stillness|bar_angular_stillness|knee_extension|hip_extension,1.39497,0.304755479,0.418245584,1.13216877,1.068327,0.158117652,0.05,0.02,0.2,0.08726646,0.17453292,0.17453292,0.009131469,0.03441941,0.03441941,false,0.01521248,0.05120718,0.04693011,0.0394277722,0.00179827854,251.973,0.125942424,abdomen,twist_x,0.005883671,NA,NA,NA,true,-0.0578130037,1.10071766,-0.0870833,-0.0119504295,-0.288359672,-0.004693816,-7.450581E-09,0,-0.009719029,-0.15471904,0.135280982,-0.179305151,0.179305136,true,-0.06181091,0,-0.0775539
140,199,1.99,DESCENT,0.446999639,Descent,false,false,0.196893036,0.195878386,0.196893036,99,NA,NA,false,false,NONE,-0.06688047,1.250669,-0.101020388,0.9599612,0.278209031,0.00759755028,0.0318827629,-0.01567535,-0.305772632,0.0209620446,0.409903526,0.0596251376,0.023922462,true,true,8,true,true,0.009622807,0.0108568678,0.2224059,0.0675941259,0.121371076,0.237239212,0.8287308,right_upper_arm,true,0.00317096757,0,0.236677766,0.652607143,false,false,bar_height|bar_linear_stillness|bar_angular_stillness|knee_extension|hip_extension,1.39497,0.3068909,0.414907634,1.14221966,1.07823861,0.1592592,0.05,0.02,0.2,0.08726646,0.17453292,0.17453292,0.009103119,0.034043394,0.034043394,false,0.0151548572,0.05239692,0.04593292,0.0402396545,0.00156187569,256.985931,0.128448009,abdomen,twist_x,0.00583585771,NA,NA,NA,true,-0.05793408,1.09781027,-0.0871249139,-0.0116231544,-0.290278,-0.005353876,-7.450581E-09,0,-0.009719029,-0.15471904,0.135280982,-0.179305151,0.179305136,true,-0.0617789477,0,-0.07764801
140,200,2,DESCENT,0.44999963,Descent,false,false,0.194522023,0.193476737,0.194522023,99,NA,NA,false,false,NONE,-0.0670401,1.24751782,-0.100815177,0.959388,0.280149937,0.00791727,0.0320621058,-0.0153398532,-0.307857335,0.02006253,0.406519979,0.05967961,0.02304428,true,true,8,true,true,0.01464809,0.0108110365,0.222451,0.06754903,0.121254086,0.2373562,0.828430057,right_upper_arm,true,0.00317292335,0,0.236358,0.6493101,false,false,bar_height|bar_linear_stillness|bar_angular_stillness|knee_extension|hip_extension,1.39497,0.3088915,0.411523,1.1520344,1.0880121,0.160475954,0.05,0.02,0.2,0.08726646,0.17453292,0.17453292,0.009070963,0.0336558,0.0336558,false,0.0148687717,0.0533495,0.04504636,0.0411223322,0.00133398769,264.128448,0.132018015,abdomen,twist_x,0.005924228,NA,NA,NA,true,-0.0580510646,1.09488511,-0.08717001,-0.0113956174,-0.292025238,-0.00598836038,-7.450581E-09,0,-0.009719029,-0.15471904,0.135280982,-0.179305151,0.179305136,true,-0.0617178865,0,-0.0779828951
140,201,2.0100000000000002,DESCENT,0.452999622,Descent,false,false,0.192095459,0.191060781,0.192095459,99,NA,NA,false,false,NONE,-0.06719662,1.2443465,-0.100618847,0.9588151,0.2820754,0.008237882,0.0322372057,-0.0150144715,-0.309856564,0.0191778615,0.4030615,0.0597114861,0.02216136,true,true,8,true,true,0.009731451,0.0108993435,0.222505152,0.06749488,0.121138275,0.237472013,0.8281264,right_upper_arm,true,0.00317438715,0,0.235997424,0.6466207,false,false,bar_height|bar_linear_stillness|bar_angular_stillness|knee_extension|hip_extension,1.39497,0.310812354,0.4080627,1.16210055,1.097937,0.161590531,0.05,0.02,0.2,0.08726646,0.17453292,0.17453292,0.009029351,0.0332347229,0.0332347229,false,0.0147757325,0.05469851,0.0439007059,0.0419089235,0.00109829451,268.1696,0.134037882,abdomen,twist_x,0.0058684526,NA,NA,NA,true,-0.0581668727,1.09194291,-0.08722416,-0.0110957958,-0.2937753,-0.006607039,-7.450581E-09,0,-0.009719029,-0.15471904,0.135280982,-0.179305151,0.179305136,true,-0.0618026853,0,-0.07810115
140,202,2.02,DESCENT,0.4559996,Descent,false,false,0.189678073,0.188613176,0.189678073,99,NA,NA,false,false,NONE,-0.0673498362,1.24115574,-0.100430779,0.9582437,0.283981383,0.008559133,0.0324081145,-0.0147014484,-0.311788768,0.01831178,0.399562418,0.0597158149,0.021273395,true,true,8,true,true,0.0146872681,0.01086846,0.222562432,0.06743759,0.121026278,0.23758401,0.8278236,right_upper_arm,true,0.00317491638,0,0.235575333,0.6435332,false,false,bar_height|bar_linear_stillness|bar_angular_stillness|knee_extension|hip_extension,1.39497,0.31267187,0.404559851,1.17189276,1.10770082,0.162782565,0.05,0.02,0.2,0.08726646,0.17453292,0.17453292,0.008984253,0.0328100063,0.0328100063,false,0.0144342687,0.05577169,0.0428899154,0.0427735373,0.0008684174,275.3537,0.137628675,abdomen,twist_x,0.00595527375,NA,NA,NA,true,-0.0582788773,1.08898389,-0.08728145,-0.0108930115,-0.2954307,-0.0072114747,-7.450581E-09,0,-0.009719029,-0.15471904,0.135280982,-0.179305151,0.179305136,true,-0.061769966,0,-0.0784942061
140,203,2.0300000000000002,DESCENT,0.4589996,Descent,false,false,0.187207937,0.186154544,0.187207937,99,NA,NA,false,false,NONE,-0.06750026,1.2379477,-0.1002516,0.957673252,0.2858706,0.008881014,0.0325747,-0.0144104874,-0.313476384,0.0174248926,0.395806551,0.0596984625,0.0203822926,true,true,8,true,true,0.009731399,0.01093753,0.222628519,0.0673715,0.120915174,0.237695113,0.827530146,right_upper_arm,true,0.00317777856,0,0.2353056,0.640906036,false,false,bar_height|bar_linear_stillness|bar_angular_stillness|knee_extension|hip_extension,1.39497,0.314290851,0.4008019,1.1818732,1.117526,0.163906246,0.05,0.02,0.2,0.08726646,0.17453292,0.17453292,0.008930102,0.0323560536,0.0323560536,false,0.01424607,0.057032533,0.041849073,0.0435682535,0.000640967,280.16922,0.1400356,abdomen,twist_x,0.00590949645,NA,NA,NA,true,-0.05838998,1.08601046,-0.08734754,-0.0106231393,-0.29687658,-0.007806061,-7.450581E-09,0,-0.009719029,-0.15471904,0.135280982,-0.179305151,0.179305136,true,-0.06171839,0,-0.0786505342
140,204,2.04,DESCENT,0.4619996,Descent,false,false,0.184764445,0.183678746,0.184764445,99,NA,NA,false,false,NONE,-0.06764765,1.23472226,-0.100080177,0.957104743,0.287739545,0.009203285,0.032737013,-0.01412131,-0.3152442,0.0166094657,0.392178535,0.059652824,0.0194876,true,true,8,true,true,0.0147049706,0.0109057827,0.222697318,0.0673027,0.12080761,0.237802684,0.8272278,right_upper_arm,true,0.00317715551,0,0.234815419,0.6379955,false,false,bar_height|bar_linear_stillness|bar_angular_stillness|knee_extension|hip_extension,1.39497,0.315997124,0.397167772,1.19166327,1.12729073,0.165064231,0.05,0.02,0.2,0.08726646,0.17453292,0.17453292,0.00887281448,0.0318954028,0.0318954028,false,0.0138631137,0.0582158752,0.0407319367,0.0443999059,0.000415932416,286.0805,0.1429902,abdomen,twist_x,0.00598984351,NA,NA,NA,true,-0.05849754,1.08302236,-0.08741634,-0.0104456032,-0.2983817,-0.008362222,-7.450581E-09,0,-0.009719029,-0.15471904,0.135280982,-0.179305151,0.179305136,true,-0.06178041,0,-0.07904338
140,205,2.05,DESCENT,0.4649996,Descent,false,false,0.182251036,0.181178689,0.182251036,99,NA,NA,false,false,NONE,-0.06779245,1.2314806,-0.09991726,0.9565375,0.289591432,0.009525954,0.03289494,-0.01385137,-0.316818923,0.01576386,0.38832438,0.05958535,0.018591065,true,true,8,true,true,0.009773679,0.0109925363,0.2227745,0.06722551,0.120700687,0.2379096,0.826931536,right_upper_arm,true,0.00317870872,0,0.2344531,0.6355609,false,false,bar_height|bar_linear_stillness|bar_angular_stillness|knee_extension|hip_extension,1.39497,0.317513138,0.393308878,1.20161164,1.13709426,0.166162476,0.05,0.02,0.2,0.08726646,0.17453292,0.17453292,0.008806728,0.0314041749,0.0314041749,false,0.0136281149,0.05961327,0.0395516865,0.0451713055,0.000187799873,290.939362,0.145418778,abdomen,twist_x,0.00594230229,NA,NA,NA,true,-0.05860446,1.08002043,-0.08749353,-0.0101996865,-0.299753755,-0.008921354,-7.450581E-09,0,-0.009719029,-0.15471904,0.135280982,-0.179305151,0.179305136,true,-0.0617607161,0,-0.07925687
140,206,2.06,DESCENT,0.467999578,Descent,false,false,0.1797694,0.178664565,0.1797694,99,NA,NA,false,false,NONE,-0.06793456,1.22822452,-0.0997621045,0.9559729,0.291421771,0.009848747,0.03304854,-0.0136008337,-0.3182461,0.0149469022,0.38441366,0.0594911464,0.0176927056,true,true,8,true,true,0.0146739352,0.0109416414,0.222854137,0.067145884,0.12059705,0.238013238,0.826640844,right_upper_arm,true,0.00318043,0,0.23412095,0.632724166,false,false,bar_height|bar_linear_stillness|bar_angular_stillness|knee_extension|hip_extension,1.39497,0.318887085,0.389391959,1.21128321,1.1467272,0.167339116,0.05,0.02,0.2,0.08726646,0.17453292,0.17453292,0.008737922,0.0309173428,0.0309173428,false,0.0131556494,0.06073316,0.0385137275,0.0460218675,3.339828E-05,297.9888,0.148942262,abdomen,twist_x,0.00603682967,NA,NA,NA,true,-0.0587080978,1.07700658,-0.0875731558,-0.0100523178,-0.300917476,-0.009447742,-7.450581E-09,0,-0.009719029,-0.15471904,0.135280982,-0.179305151,0.179305136,true,-0.0616526753,0,-0.07969196
140,207,2.07,DESCENT,0.470999569,Descent,false,false,0.17723614,0.176143348,0.17723614,99,NA,NA,false,false,NONE,-0.0680743754,1.22495437,-0.0996148661,0.9554099,0.2932343,0.0101716891,0.0331976861,-0.0133563392,-0.319647759,0.0141616315,0.3804432,0.0593743064,0.0167941321,true,true,8,true,true,0.009892776,0.011032396,0.222941667,0.06705836,0.120493785,0.2381165,0.8263449,right_upper_arm,true,0.00318107661,0,0.233712524,0.6304658,false,false,bar_height|bar_linear_stillness|bar_angular_stillness|knee_extension|hip_extension,1.39497,0.320239961,0.385414541,1.22122967,1.15652621,0.168397054,0.05,0.02,0.2,0.08726646,0.17453292,0.17453292,0.008660734,0.03039655,0.03039655,false,0.0128828539,0.06219197,0.0372796,0.0467535555,0.000251882739,301.196259,0.150545433,abdomen,twist_x,0.00597991655,NA,NA,NA,true,-0.0588113628,1.07398117,-0.08766068,-0.009831889,-0.302132159,-0.009950926,-7.450581E-09,0,-0.009719029,-0.15471904,0.135280982,-0.179305151,0.179305136,true,-0.06175405,0,-0.07989063
140,208,2.08,DESCENT,0.47399956,Descent,false,false,0.17471534,0.1735909,0.17471534,99,NA,NA,false,false,NONE,-0.0682117,1.221671,-0.0994749144,0.954849839,0.29502514,0.0104945237,0.03334246,-0.0131274452,-0.320963621,0.0133936452,0.376458824,0.0592310056,0.0158950575,true,true,8,true,true,0.0147152347,0.0110035688,0.223031089,0.06696893,0.120393559,0.238216728,0.826051056,right_upper_arm,true,0.00318136672,0,0.233280316,0.6278146,false,false,bar_height|bar_linear_stillness|bar_angular_stillness|knee_extension|hip_extension,1.39497,0.32151106,0.3814213,1.23085427,1.16612852,0.169541329,0.05,0.02,0.2,0.08726646,0.17453292,0.17453292,0.008581109,0.02987904,0.02987904,false,0.0123653887,0.06345881,0.03608467,0.0475790873,0.0004726939,308.31485,0.154103488,abdomen,twist_x,0.00607311958,NA,NA,NA,true,-0.0589115955,1.07094455,-0.08775011,-0.009706986,-0.303235471,-0.0104358774,-7.450581E-09,0,-0.009719029,-0.15471904,0.135280982,-0.179305151,0.179305136,true,-0.061685916,0,-0.0803886
140,209,2.09,DESCENT,0.476999551,Descent,false,false,0.172146142,0.171035051,0.172146142,99,NA,NA,false,false,NONE,-0.06834712,1.218377,-0.09934287,0.954292059,0.2967971,0.01081725,0.0334827453,-0.0129255718,-0.321971685,0.012608421,0.372232318,0.0590670556,0.0149977263,true,true,8,true,true,0.009860478,0.0110723386,0.223128125,0.0668719,0.120293424,0.238316864,0.825768769,right_upper_arm,true,0.00318495254,0,0.233071133,0.625643134,false,false,bar_height|bar_linear_stillness|bar_angular_stillness|knee_extension|hip_extension,1.39497,0.3224776,0.377187937,1.24066186,1.1757642,0.170626223,0.05,0.02,0.2,0.08726646,0.17453292,0.17453292,0.008493587,0.0293397047,0.0293397047,false,0.01202679,0.06490752,0.0348835029,0.0483398773,0.0006918765,313.027252,0.156458855,abdomen,twist_x,0.00603205524,NA,NA,NA,true,-0.05901173,1.0678997,-0.08784714,-0.009517519,-0.3040603,-0.0109079788,-7.450581E-09,0,-0.009719029,-0.15471904,0.135280982,-0.179305151,0.179305136,true,-0.06158496,0,-0.08062196
140,210,2.1,DESCENT,0.479999542,Descent,false,false,0.169614375,0.168468416,0.169614375,99,NA,NA,false,false,NONE,-0.06848056,1.215075,-0.09921788,0.9537379,0.298546016,0.0111396061,0.0336186439,-0.0127471462,-0.3227601,0.0118609658,0.367985725,0.0588780977,0.0141023071,true,true,8,true,true,0.01467404,0.0110289315,0.223226592,0.06677343,0.120196,0.238414288,0.8254941,right_upper_arm,true,0.00318918959,0,0.232929185,0.623103261,false,false,bar_height|bar_linear_stillness|bar_angular_stillness|knee_extension|hip_extension,1.39497,0.323229432,0.372932971,1.25018179,1.18522441,0.171791822,0.05,0.02,0.2,0.08726646,0.17453292,0.17453292,0.008404158,0.0288000423,0.0288000423,false,0.0114325359,0.06606835,0.0338302627,0.0491812527,0.000903212931,319.9197,0.159903884,abdomen,twist_x,0.00613251375,NA,NA,NA,true,-0.0591091551,1.064849,-0.08794561,-0.009427532,-0.304644018,-0.0113395872,-7.450581E-09,0,-0.009719029,-0.15471904,0.135280982,-0.179305151,0.179305136,true,-0.0614504553,0,-0.08110897
140,211,2.11,DESCENT,0.482999533,Descent,false,false,0.167030632,0.1658966,0.167030632,99,NA,NA,false,false,NONE,-0.06861243,1.21176577,-0.09910009,0.953186333,0.300275475,0.0114616146,0.03375004,-0.0125742638,-0.3234871,0.0111491047,0.363641739,0.05866803,0.013210373,true,true,8,true,true,0.0100174313,0.0111319879,0.223332033,0.06666799,0.12009833,0.23851195,0.825213969,right_upper_arm,true,0.003191637,0,0.232660934,0.6210749,false,false,bar_height|bar_linear_stillness|bar_angular_stillness|knee_extension|hip_extension,1.39497,0.32392332,0.368580759,1.25997508,1.1948452,0.172830835,0.05,0.02,0.2,0.08726646,0.17453292,0.17453292,0.008307122,0.0282356422,0.0282356422,false,0.0110895792,0.0677216649,0.03242779,0.0499039032,0.00111807394,322.8968,0.1613919,abdomen,twist_x,0.006077483,NA,NA,NA,true,-0.05920682,1.06179273,-0.08805105,-0.009266944,-0.305263221,-0.0117481519,-7.450581E-09,0,-0.009719029,-0.15471904,0.135280982,-0.179305151,0.179305136,true,-0.06153968,0,-0.0813595
140,212,2.12,DESCENT,0.485999525,Descent,false,false,0.164464056,0.163296223,0.164464056,99,NA,NA,false,false,NONE,-0.06874254,1.20845079,-0.09898923,0.9526389,0.301981181,0.0117830113,0.0338770449,-0.0124214413,-0.324032038,0.0104122683,0.359184653,0.05843445,0.0123213967,true,true,8,true,true,0.0147058079,0.0110803265,0.223438188,0.06656183,0.120003119,0.238607168,0.824938,right_upper_arm,true,0.00319425715,0,0.232382461,0.6185123,false,false,bar_height|bar_linear_stillness|bar_angular_stillness|knee_extension|hip_extension,1.39497,0.324437171,0.3641154,1.26942432,1.20419025,0.17399542,0.05,0.02,0.2,0.08726646,0.17453292,0.17453292,0.008208655,0.0276814885,0.0276814885,false,0.0104828784,0.0690299645,0.0307000838,0.05075116,0.0013375727,331.051056,0.1654676,abdomen,twist_x,0.00617869757,NA,NA,NA,true,-0.05930203,1.05873156,-0.08815721,-0.009200753,-0.305719942,-0.0121097565,-7.450581E-09,0,-0.009719029,-0.15471904,0.135280982,-0.179305151,0.179305136,true,-0.0614439435,0,-0.0818882361
140,213,2.13,DESCENT,0.488999516,Descent,false,false,0.161858737,0.16070348,0.161858737,99,NA,NA,false,false,NONE,-0.06887156,1.205134,-0.09888648,0.95209527,0.303664476,0.01210376,0.0339995734,-0.0122997006,-0.324153572,0.009601213,0.354186684,0.0581836067,0.0114372959,true,true,8,true,true,0.009954897,0.0111386431,0.223550469,0.06644955,0.119907379,0.238702908,0.8246755,right_upper_arm,true,0.00320095546,0,0.232360557,0.6160756,false,false,bar_height|bar_linear_stillness|bar_angular_stillness|knee_extension|hip_extension|local_trunk_erectness,1.39497,0.3245289,0.359116077,1.27906013,1.21348619,0.175129116,0.05,0.02,0.2,0.08726646,0.17453292,0.17453292,0.008103214,0.027109066,0.027109066,false,0.01009367,0.07052413,0.0289066117,0.05156608,0.00156536791,336.951233,0.168416664,abdomen,twist_x,0.00614448776,NA,NA,NA,true,-0.0593977757,1.05566955,-0.08826949,-0.009072473,-0.305808067,-0.0124265226,-7.450581E-09,0,-0.009719029,-0.15471904,0.135280982,-0.179305151,0.179305136,true,-0.06131296,0,-0.0821226463
140,214,2.14,DESCENT,0.4919995,Descent,false,false,0.15930593,0.158111155,0.15930593,99,NA,NA,false,false,NONE,-0.0689991862,1.2018162,-0.09879105,0.951557457,0.3053196,0.0124235395,0.0341177769,-0.0121796634,-0.3242901,0.008823111,0.3488081,0.0579098053,0.0105573116,true,true,8,true,true,0.0147122722,0.0111205559,0.223662227,0.06633779,0.11981383,0.238796458,0.8244019,right_upper_arm,true,0.00320343068,0,0.232066959,0.612730265,false,false,bar_height|bar_linear_stillness|bar_angular_stillness|knee_extension|hip_extension|local_trunk_erectness,1.39497,0.324638665,0.353740156,1.28848517,1.2226609,0.176308349,0.05,0.02,0.2,0.08726646,0.17453292,0.17453292,0.007997058,0.0265522171,0.0265522171,false,0.009529654,0.07197106,0.02705214,0.0524311252,0.00179417757,343.112671,0.1714963,abdomen,twist_x,0.006240502,NA,NA,NA,true,-0.0594913177,1.05260718,-0.08838125,-0.009032203,-0.305902153,-0.0126601551,-7.450581E-09,0,-0.009719029,-0.15471904,0.135280982,-0.179305151,0.179305136,true,-0.0613520071,0,-0.0825981051
140,215,2.15,DESCENT,0.4949995,Descent,false,false,0.156687856,0.1555047,0.156687856,99,NA,NA,false,false,NONE,-0.0691259652,1.19849968,-0.09870403,0.9510253,0.3069473,0.0127422987,0.0342315771,-0.0120837437,-0.32409206,0.007986309,0.342703581,0.05762011,0.009683236,true,true,8,true,true,0.0100198062,0.0112419361,0.223778963,0.06622106,0.119719446,0.238890842,0.824136555,right_upper_arm,true,0.00320869265,0,0.231946066,0.6093743,false,false,bar_height|bar_linear_stillness|bar_angular_stillness|knee_extension|hip_extension|local_trunk_erectness,1.39497,0.324415565,0.34764865,1.29805863,1.23177814,0.1774448,0.05,0.02,0.2,0.08726646,0.17453292,0.17453292,0.007884778,0.0259889513,0.0259889513,false,0.009200809,0.07364767,0.0252035,0.0532563552,0.00203316472,348.7569,0.174317434,abdomen,twist_x,0.00620196247,NA,NA,NA,true,-0.0595857054,1.049546,-0.08849798,-0.008928001,-0.3057398,-0.0128801232,-7.450581E-09,0,-0.009719029,-0.15471904,0.135280982,-0.179305151,0.179305136,true,-0.0612863675,0,-0.08285631
140,216,2.16,DESCENT,0.4979995,Descent,false,false,0.1541264,0.152902186,0.1541264,99,NA,NA,false,false,NONE,-0.06925179,1.19518793,-0.09862484,0.9505013,0.308540642,0.0130596878,0.0343411565,-0.0120110521,-0.3235904,0.00715640327,0.336008251,0.05731082,0.00881502,true,true,8,true,true,0.01473341,0.011215088,0.2238944,0.06610562,0.119627,0.238983288,0.82388,right_upper_arm,true,0.00321508641,0,0.231930748,0.605091333,false,false,bar_height|bar_linear_stillness|bar_angular_stillness|knee_extension|hip_extension|local_trunk_erectness,1.39497,0.3238923,0.340974748,1.30731177,1.24063253,0.178678274,0.05,0.02,0.2,0.08726646,0.17453292,0.17453292,0.007773012,0.0254602246,0.0254602246,false,0.009747128,0.07500295,0.02358244,0.0541809872,0.00226972648,356.531372,0.178203315,abdomen,twist_x,0.006315944,NA,NA,NA,true,-0.05967815,1.04649031,-0.08861342,-0.008921261,-0.305212349,-0.0130448285,-7.450581E-09,0,-0.009719029,-0.15471904,0.135280982,-0.179305151,0.179305136,true,-0.06111222,0,-0.08331035
140,217,2.17,DESCENT,0.5009995,Descent,false,false,0.151526272,0.150310338,0.151526272,99,NA,NA,false,false,NONE,-0.0693770647,1.19188178,-0.09855369,0.9499853,0.310100555,0.0133756557,0.0344464555,-0.0119390525,-0.3230254,0.0063594114,0.328661919,0.0569855534,0.007954324,true,true,8,true,true,0.01023174,0.0113449413,0.224014029,0.06598599,0.11953342,0.239076868,0.8236151,right_upper_arm,true,0.003218885,0,0.2317492,0.600841165,false,false,bar_height|bar_linear_stillness|bar_angular_stillness|knee_extension|hip_extension|local_trunk_erectness,1.39497,0.323308527,0.333660424,1.31686807,1.24962032,0.1797679,0.05,0.02,0.2,0.08726646,0.17453292,0.17453292,0.00765628368,0.0249174275,0.0249174275,false,0.010261585,0.0767511353,0.02177607,0.054963138,0.00250024465,359.35675,0.1796155,abdomen,twist_x,0.006259439,NA,NA,NA,true,-0.05977173,1.04344046,-0.08873305,-0.008841812,-0.3047038,-0.0131742889,-7.450581E-09,0,-0.009719029,-0.15471904,0.135280982,-0.179305151,0.179305136,true,-0.0612319857,0,-0.0834952444
140,218,2.18,DESCENT,0.503999531,Descent,false,false,0.148953915,0.1476981,0.148953915,99,NA,NA,false,false,NONE,-0.0695015043,1.1885829,-0.0984899849,0.9494795,0.31162107,0.0136898868,0.03454765,-0.0118806558,-0.322273254,0.005573268,0.320865542,0.0566415563,0.0071005174,true,true,8,true,true,0.0148712164,0.0113423308,0.224131674,0.06586835,0.119441569,0.239168718,0.823354959,right_upper_arm,true,0.00322280917,0,0.231585115,0.5958873,false,false,bar_height|bar_linear_stillness|bar_angular_stillness|knee_extension|hip_extension|local_trunk_erectness,1.39497,0.3225403,0.325903952,1.32604289,1.25832283,0.1809513,0.05,0.02,0.2,0.08726646,0.17453292,0.17453292,0.00754084438,0.0244012978,0.0244012978,false,0.0107581588,0.07829755,0.0200588088,0.05584468,0.00273304,366.807739,0.1833397,abdomen,twist_x,0.00636740727,NA,NA,NA,true,-0.0598635823,1.04039729,-0.08885069,-0.008854999,-0.303993374,-0.0132820988,-7.450581E-09,0,-0.009719029,-0.15471904,0.135280982,-0.179305151,0.179305136,true,-0.0611356,0,-0.08397806
140,219,2.19,DESCENT,0.506999552,Descent,false,false,0.146348536,0.145103276,0.146348536,99,NA,NA,false,false,NONE,-0.06962578,1.18529522,-0.0984343737,0.948983669,0.3131032,0.0140023464,0.0346446931,-0.0118510621,-0.32108897,0.00477098627,0.312467784,0.0562845729,0.00625610258,true,true,8,true,true,0.0102032414,0.0114390207,0.2242532,0.06574682,0.119348288,0.239262,0.8231088,right_upper_arm,true,0.00323028769,0,0.231669262,0.591246963,false,false,bar_height|bar_linear_stillness|bar_angular_stillness|knee_extension|hip_extension|local_trunk_erectness,1.39497,0.321343035,0.3175582,1.33540034,1.26698577,0.182061464,0.05,0.02,0.2,0.08726646,0.17453292,0.17453292,0.007421218,0.0238825753,0.0238825753,false,0.0112726362,0.08002575,0.01840343,0.05665272,0.00296317227,371.606934,0.185738444,abdomen,twist_x,0.006327642,NA,NA,NA,true,-0.05995686,1.03736532,-0.08897222,-0.008805324,-0.302876174,-0.0133822346,-7.450581E-09,0,-0.009719029,-0.15471904,0.135280982,-0.179305151,0.179305136,true,-0.06100733,0,-0.0841359347
140,220,2.2,DESCENT,0.5099996,Descent,false,false,0.143806756,0.1425178,0.143806756,99,NA,NA,false,false,NONE,-0.06974975,1.18202257,-0.09838598,0.948499858,0.314541548,0.0143127423,0.034737777,-0.0118432129,-0.3195768,0.00400548568,0.3037634,0.0559109077,0.005421025,true,true,8,true,true,0.0148898987,0.0114121111,0.224372372,0.06562765,0.119256459,0.239353836,0.8228722,right_upper_arm,true,0.00323817669,0,0.23180981,0.5861274,false,false,bar_height|bar_linear_stillness|bar_angular_stillness|knee_extension|hip_extension|local_trunk_erectness,1.39497,0.319821268,0.3089136,1.34442341,1.27540016,0.183245718,0.05,0.02,0.2,0.08726646,0.17453292,0.17453292,0.007303573,0.0233800784,0.0233800784,false,0.0117793735,0.0814190656,0.0169674233,0.0575351864,0.0031824708,378.465271,0.189166427,abdomen,twist_x,0.006440709,NA,NA,NA,true,-0.0600486919,1.03434777,-0.08909139,-0.008852954,-0.301412135,-0.0134434719,-7.450581E-09,0,-0.009719029,-0.15471904,0.135280982,-0.179305151,0.179305136,true,-0.06084725,0,-0.08454748
140,221,2.21,DESCENT,0.5129996,Descent,false,false,0.141226888,0.139947,0.141226888,99,NA,NA,false,false,NONE,-0.06987379,1.17876554,-0.0983449,0.948027551,0.315938473,0.0146210846,0.03482684,-0.0118319411,-0.31801182,0.003286664,0.2946979,0.055523403,0.004596878,true,true,8,true,true,0.0104301479,0.01154294,0.2244949,0.06550511,0.11916291,0.239447385,0.8226275,right_upper_arm,true,0.0032429758,0,0.231747255,0.5814356,false,false,bar_height|bar_linear_stillness|bar_angular_stillness|knee_extension|hip_extension|local_trunk_erectness,1.39497,0.318248838,0.299918056,1.35374057,1.28395426,0.184260488,0.05,0.02,0.2,0.08726646,0.17453292,0.17453292,0.007182047,0.022865396,0.022865396,false,0.0122161545,0.0834017545,0.015149611,0.0582557358,0.00339596742,380.3369,0.190101922,abdomen,twist_x,0.00637831073,NA,NA,NA,true,-0.06014224,1.03134561,-0.08921393,-0.008826324,-0.299996227,-0.0134905837,-7.450581E-09,0,-0.009719029,-0.15471904,0.135280982,-0.179305151,0.179305136,true,-0.06098613,0,-0.08470445
140,222,2.22,DESCENT,0.5159996,Descent,false,false,0.138682187,0.137361228,0.138682187,99,NA,NA,false,false,NONE,-0.06999754,1.17552543,-0.09831042,0.947568238,0.31728965,0.0149271134,0.0349120572,-0.01182894,-0.316306919,0.002589195,0.28554523,0.0551193543,0.00378293963,true,true,8,true,true,0.01504176,0.0115347337,0.224614739,0.0653852746,0.119070619,0.239539668,0.8223846,right_upper_arm,true,0.00324668945,0,0.231613591,0.5764568,false,false,bar_height|bar_linear_stillness|bar_angular_stillness|knee_extension|hip_extension|local_trunk_erectness,1.39497,0.3165386,0.290841073,1.362651,1.29222715,0.185353458,0.05,0.02,0.2,0.08726646,0.17453292,0.17453292,0.00706287473,0.0223751459,0.0223751459,false,0.0126743959,0.08497708,0.0135880271,0.0590544939,0.003601441,386.817871,0.193341255,abdomen,twist_x,0.006482896,NA,NA,NA,true,-0.0602345355,1.02835858,-0.0893337652,-0.008889986,-0.298428118,-0.0135287037,-7.450581E-09,0,-0.009719029,-0.15471904,0.135280982,-0.179305151,0.179305136,true,-0.0609181263,0,-0.085161
140,223,2.23,DESCENT,0.518999636,Descent,false,false,0.136107922,0.134799421,0.136107922,99,NA,NA,false,false,NONE,-0.07012164,1.17230546,-0.09828312,0.9471213,0.318597972,0.0152308708,0.0349933766,-0.0118486164,-0.314233,0.00188283343,0.276174933,0.054703813,0.00298152259,true,true,8,true,true,0.0103820832,0.0116257593,0.224737942,0.06526207,0.1189764,0.239633888,0.8221539,right_upper_arm,true,0.00325323245,0,0.23167415,0.572176039,false,false,bar_height|bar_linear_stillness|bar_angular_stillness|knee_extension|hip_extension|local_trunk_erectness,1.39497,0.314461946,0.281556368,1.371739,1.30046475,0.1863555,0.05,0.02,0.2,0.08726646,0.17453292,0.17453292,0.006940335,0.0218772441,0.0218772441,false,0.0131582152,0.0867293552,0.0120846443,0.05976244,0.003801539,390.602631,0.195232973,abdomen,twist_x,0.00643657567,NA,NA,NA,true,-0.0603287481,1.02539063,-0.08945697,-0.008887331,-0.2965127,-0.013573586,-7.450581E-09,0,-0.009719029,-0.15471904,0.135280982,-0.179305151,0.179305136,true,-0.060828425,0,-0.08529145
140,224,2.24,DESCENT,0.521999657,Descent,false,false,0.133604527,0.132252276,0.133604527,99,NA,NA,false,false,NONE,-0.07024557,1.16910481,-0.09826162,0.9466881,0.319859862,0.0155321136,0.03507097,-0.0118515,-0.3123527,0.00126555422,0.266885728,0.0542702973,0.00219156919,true,true,8,true,true,0.0151371276,0.0116117364,0.224858224,0.0651418045,0.1188833,0.23972699,0.821907341,right_upper_arm,true,0.00325376424,0,0.231355488,0.5676029,false,false,bar_height|bar_linear_stillness|bar_angular_stillness|knee_extension|hip_extension|local_trunk_erectness,1.39497,0.312580019,0.27235648,1.38057554,1.30862427,0.187338188,0.05,0.02,0.2,0.08726646,0.17453292,0.17453292,0.0068205,0.0213934444,0.0213934444,false,0.0135562718,0.08844366,0.010440331,0.0604539178,0.00398418447,393.8653,0.196863741,abdomen,twist_x,0.00652341358,NA,NA,NA,true,-0.060421858,1.022441,-0.0895772353,-0.008964903,-0.294760972,-0.0135720372,-7.450581E-09,0,-0.009719029,-0.15471904,0.135280982,-0.179305151,0.179305136,true,-0.06095772,0,-0.0857066438
140,225,2.25,DESCENT,0.5249997,Descent,false,false,0.131036162,0.129700363,0.131036162,99,NA,NA,false,false,NONE,-0.0703698,1.16592467,-0.09824668,0.9462675,0.321079522,0.01583093,0.0351447538,-0.0118693495,-0.310234278,0.0006288784,0.257612765,0.0538250133,0.00141500169,true,true,8,true,true,0.0104212314,0.0117301717,0.224981591,0.06501843,0.11878816,0.239822119,0.8216677,right_upper_arm,true,0.00325672422,0,0.231186047,0.563919663,false,false,bar_height|bar_linear_stillness|bar_angular_stillness|knee_extension|hip_extension|local_trunk_erectness,1.39497,0.310461879,0.263179541,1.38953173,1.31671882,0.188239664,0.05,0.02,0.2,0.08726646,0.17453292,0.17453292,0.006697297,0.0208938234,0.0208938234,false,0.0140059488,0.090383634,0.008790375,0.06106679,0.00416680053,397.3587,0.198609829,abdomen,twist_x,0.00647090143,NA,NA,NA,true,-0.06051699,1.01951039,-0.08970061,-0.008969863,-0.2928438,-0.0136041949,-7.450581E-09,0,-0.009719029,-0.15471904,0.135280982,-0.179305151,0.179305136,true,-0.060955435,0,-0.08589215
140,226,2.2600000000000002,DESCENT,0.5279997,Descent,false,false,0.128547192,0.1271699,0.128547192,99,NA,NA,false,false,NONE,-0.07049415,1.162768,-0.09823743,0.945860565,0.322253942,0.0161271114,0.03521492,-0.0119060064,-0.307886958,2.03473028E-05,0.248556688,0.05336488,0.00065168424,true,true,8,true,true,0.0151328584,0.011683072,0.225102127,0.06489789,0.11869403,0.239916265,0.821436644,right_upper_arm,true,0.00326078059,0,0.23111257,0.5601892,false,false,bar_height|bar_linear_stillness|bar_angular_stillness|knee_extension|hip_extension|local_trunk_erectness,1.39497,0.308117062,0.254221678,1.39810085,1.32453883,0.189216375,0.05,0.02,0.2,0.08726646,0.17453292,0.17453292,0.00657703,0.0204238538,0.0204238538,false,0.0144450152,0.09193654,0.007384704,0.06175816,0.004339502,403.0673,0.201463133,abdomen,twist_x,0.00657875463,NA,NA,NA,true,-0.06061112,1.01660168,-0.08982115,-0.009067035,-0.290618628,-0.01361272,-7.450581E-09,0,-0.009719029,-0.15471904,0.135280982,-0.179305151,0.179305136,true,-0.060812667,0,-0.0862868354
140,227,2.27,DESCENT,0.5309997,Descent,false,false,0.126029968,0.124666393,0.126029968,99,NA,NA,false,false,NONE,-0.07061894,1.15963387,-0.09823389,0.945466042,0.323387563,0.0164207444,0.0352813751,-0.0119296638,-0.305649757,-0.000531880767,0.239603326,0.05289176,-9.67540545E-05,true,true,8,true,true,0.0106185842,0.0117998524,0.2252256,0.06477443,0.118597761,0.240012527,0.8211931,right_upper_arm,true,0.00326116779,0,0.230807677,0.557172656,false,false,bar_height|bar_linear_stillness|bar_angular_stillness|knee_extension|hip_extension|local_trunk_erectness,1.39497,0.305882931,0.245371759,1.4069792,1.33252716,0.19000721,0.05,0.02,0.2,0.08726646,0.17453292,0.17453292,0.00645365566,0.01992854,0.01992854,false,0.0148587152,0.09391336,0.008659627,0.06226048,0.004495603,402.9844,0.2014217,abdomen,twist_x,0.00650707167,NA,NA,NA,true,-0.06070739,1.01371455,-0.08994461,-0.009079817,-0.288575143,-0.01361161,-7.450581E-09,0,-0.009719029,-0.15471904,0.135280982,-0.179305151,0.179305136,true,-0.061031837,0,-0.08643021
140,228,2.2800000000000002,DESCENT,0.533999741,Descent,false,false,0.123551488,0.122149289,0.123551488,99,NA,NA,false,false,NONE,-0.0707438,1.15652287,-0.0982354,0.945084751,0.3244785,0.0167116635,0.035344284,-0.0119628534,-0.303321838,-0.00106803176,0.2310401,0.0524042547,-0.000831041369,true,true,8,true,true,0.0152439447,0.0117851282,0.225346059,0.06465397,0.118502431,0.240107864,0.820951462,right_upper_arm,true,0.003261766,0,0.230517119,0.5542077,false,false,bar_height|bar_linear_stillness|bar_angular_stillness|knee_extension|hip_extension|local_trunk_erectness,1.39497,0.303559542,0.236910164,1.41540182,1.34020948,0.19088611,0.05,0.02,0.2,0.08726646,0.17453292,0.17453292,0.00633311272,0.01945355,0.01945355,false,0.015269299,0.09566395,0.0102321105,0.06285905,0.00465090666,408.4697,0.204163387,abdomen,twist_x,0.00660834741,NA,NA,NA,true,-0.06080272,1.0108484,-0.09006507,-0.009178671,-0.286425978,-0.013615191,-7.450581E-09,0,-0.009719029,-0.15471904,0.135280982,-0.179305151,0.179305136,true,-0.0609829836,0,-0.08689644
140,229,2.29,DESCENT,0.536999762,Descent,false,false,0.121051431,0.11966604,0.121051431,99,NA,NA,false,false,NONE,-0.0708693862,1.15343833,-0.09824252,0.9447152,0.325531483,0.0169999823,0.03540357,-0.0120217111,-0.300615519,-0.00161239633,0.2226828,0.0519073531,-0.00154844415,true,true,8,true,true,0.0105091175,0.0118684461,0.225469589,0.06453044,0.118404865,0.240205422,0.820725143,right_upper_arm,true,0.00326699484,0,0.2305478,0.5521584,false,false,bar_height|bar_linear_stillness|bar_angular_stillness|knee_extension|hip_extension|local_trunk_erectness,1.39497,0.3008601,0.228657827,1.42398608,1.34783506,0.191690013,0.05,0.02,0.2,0.08726646,0.17453292,0.17453292,0.0062096566,0.0189709309,0.0189709309,false,0.0157142822,0.09757616,0.0117472177,0.06338093,0.00480307266,411.413361,0.2056347,abdomen,twist_x,0.00656251144,NA,NA,NA,true,-0.06090029,1.00800741,-0.0901886,-0.009207388,-0.2839077,-0.0136348689,-7.450581E-09,0,-0.009719029,-0.15471904,0.135280982,-0.179305151,0.179305136,true,-0.06088795,0,-0.0870146751
140,230,2.3000000000000003,DESCENT,0.5399998,Descent,false,false,0.118633568,0.117205262,0.118633568,99,NA,NA,false,false,NONE,-0.07099554,1.15038371,-0.0982543454,0.94435817,0.3265447,0.01728554,0.03545942,-0.01210241,-0.2976246,-0.00212013628,0.214735687,0.05139876,-0.00224909233,true,true,8,true,true,0.0152134383,0.0118301958,0.225590155,0.06440987,0.118308023,0.240302265,0.8205078,right_upper_arm,true,0.00327309314,0,0.230661958,0.5500933,false,false,bar_height|bar_linear_stillness|bar_angular_stillness|knee_extension|hip_extension|local_trunk_erectness,1.39497,0.2978781,0.220812827,1.43218243,1.3552,0.192574888,0.05,0.02,0.2,0.08726646,0.17453292,0.17453292,0.00608919561,0.0184981972,0.0184981972,false,0.0161688551,0.0991003,0.0130055631,0.06398465,0.00494465139,416.480347,0.208167315,abdomen,twist_x,0.006670676,NA,NA,NA,true,-0.06099713,1.00519454,-0.09030917,-0.009329179,-0.2810894,-0.0136304814,-7.450581E-09,0,-0.009719029,-0.15471904,0.135280982,-0.179305151,0.179305136,true,-0.06075291,0,-0.08741296
140,231,2.31,DESCENT,0.5429998,Descent,false,false,0.116184831,0.114770949,0.116184831,99,NA,NA,false,false,NONE,-0.0711225346,1.14735818,-0.09827088,0.9440122,0.3275228,0.0175684486,0.03551176,-0.0121665169,-0.2947266,-0.00256922655,0.206965253,0.0508798473,-0.002931476,true,true,8,true,true,0.0107523883,0.01195569,0.225713536,0.0642864853,0.118208833,0.240401447,0.8202767,right_upper_arm,true,0.003275045,0,0.2305114,0.548605561,false,false,bar_height|bar_linear_stillness|bar_angular_stillness|knee_extension|hip_extension|local_trunk_erectness,1.39497,0.2949888,0.213147759,1.44067585,1.36273158,0.193275452,0.05,0.02,0.2,0.08726646,0.17453292,0.17453292,0.005965665,0.0180071536,0.0180071536,false,0.0165517665,0.101291835,0.0147737749,0.06440627,0.005076662,415.903,0.207878739,abdomen,twist_x,0.006600337,NA,NA,NA,true,-0.0610963181,1.002409,-0.0904325545,-0.009367596,-0.2784582,-0.013622582,-7.450581E-09,0,-0.009719029,-0.15471904,0.135280982,-0.179305151,0.179305136,true,-0.06097834,0,-0.08757714
140,232,2.32,DESCENT,0.5459998,Descent,false,false,0.1137799,0.112326562,0.1137799,99,NA,NA,false,false,NONE,-0.07124996,1.14436221,-0.09829139,0.9436779,0.328464448,0.0178485643,0.0355607569,-0.0122357113,-0.2917572,-0.002997192,0.199675113,0.05034941,-0.0035966523,true,true,8,true,true,0.0153506408,0.0119409189,0.225833863,0.0641661659,0.1181103,0.240499988,0.820046365,right_upper_arm,true,0.00327637512,0,0.23031722,0.5470746,false,false,bar_height|bar_linear_stillness|bar_angular_stillness|knee_extension|hip_extension|local_trunk_erectness,1.39497,0.292029023,0.205956668,1.44870055,1.36996162,0.194067016,0.05,0.02,0.2,0.08726646,0.17453292,0.17453292,0.00584509224,0.0175371,0.0175371,false,0.0169789121,0.1030142,0.0162459929,0.06492226,0.00520426827,420.783081,0.210317925,abdomen,twist_x,0.00669974554,NA,NA,NA,true,-0.0611948557,0.999650061,-0.0905528739,-0.009491239,-0.27575168,-0.0136172557,-7.450581E-09,0,-0.009719029,-0.15471904,0.135280982,-0.179305151,0.179305136,true,-0.0609448664,0,-0.08805809
140,233,2.33,DESCENT,0.548999846,Descent,false,false,0.111354113,0.109919071,0.111354113,99,NA,NA,false,false,NONE,-0.0713784,1.14139867,-0.09831642,0.9433536,0.329374522,0.0181260146,0.0356063358,-0.0123231169,-0.28845787,-0.00342994486,0.1926502,0.04981169,-0.00424218,true,true,8,true,true,0.0106438762,0.0120246224,0.225957125,0.064042896,0.118009292,0.240601,0.81982857,right_upper_arm,true,0.00328150159,0,0.230383709,0.5463152,false,false,bar_height|bar_linear_stillness|knee_extension|hip_extension|local_trunk_erectness,1.39497,0.28874135,0.1990309,1.45688343,1.37713873,0.19478184,0.05,0.02,0.2,0.08726646,0.17453292,0.17453292,0.00572171062,0.01705743,0.01705743,false,0.01744661,0.104894608,0.0176640581,0.0653605461,0.00533056352,423.147552,0.211499751,abdomen,twist_x,0.006653309,NA,NA,NA,true,-0.06129586,0.996921539,-0.0906761438,-0.009543786,-0.272717923,-0.0136277052,-7.450581E-09,0,-0.009719029,-0.15471904,0.135280982,-0.179305151,0.179305136,true,-0.0608795658,0,-0.08818871
140,234,2.34,DESCENT,0.551999867,Descent,false,false,0.109014988,0.107537031,0.109014988,99,NA,NA,false,false,NONE,-0.0715066344,1.13845742,-0.0983432159,0.9430397,0.3302525,0.0184006542,0.0356486551,-0.0123093212,-0.286434472,-0.00363277225,0.186326534,0.04925424,-0.004871391,true,true,8,true,true,0.0156083461,0.01204273,0.226076931,0.06392309,0.117909089,0.2407012,0.819511,right_upper_arm,true,0.00326642254,0,0.229154155,0.545249343,false,false,bar_height|bar_linear_stillness|knee_extension|hip_extension|local_trunk_erectness,1.39497,0.286721855,0.1927882,1.46503425,1.38461089,0.195293635,0.05,0.02,0.2,0.08726646,0.17453292,0.17453292,0.005601391,0.0165887345,0.0165887345,false,0.0176407918,0.107486621,0.0200469717,0.06563608,0.00550092757,420.1789,0.210015938,abdomen,twist_x,0.00668414775,NA,NA,NA,true,-0.06139606,0.9942132,-0.09079595,-0.009639133,-0.270949751,-0.0135471495,-7.450581E-09,0,-0.009719029,-0.15471904,0.135280982,-0.179305151,0.179305136,true,-0.06162795,0,-0.08872736
140,235,2.35,DESCENT,0.5549999,Descent,false,false,0.106541991,0.105097473,0.106541991,99,NA,NA,false,false,NONE,-0.07163478,1.13553464,-0.09837336,0.942734361,0.331103683,0.0186726134,0.035687577,-0.0122944089,-0.284485281,-0.0039304886,0.1802608,0.048685655,-0.005483119,true,true,8,true,true,0.010472226,0.0121807568,0.2261993,0.06380072,0.117806777,0.24080351,0.819191754,right_upper_arm,true,0.003256128,0,0.228169292,0.544919252,false,false,bar_height|bar_linear_stillness|knee_extension|hip_extension|local_trunk_erectness,1.39497,0.284777939,0.1868002,1.473107,1.39186728,0.195802853,0.05,0.02,0.2,0.08726646,0.17453292,0.17453292,0.00547812134,0.0161023214,0.0161023214,false,0.0179449674,0.1103729,0.022544466,0.06592489,0.005697918,423.8019,0.2118268,abdomen,twist_x,0.00662683137,NA,NA,NA,true,-0.06149837,0.991520345,-0.09091832,-0.009646227,-0.2692608,-0.0135574155,-7.450581E-09,0,-0.009719029,-0.15471904,0.135280982,-0.179305151,0.179305136,true,-0.0617228225,0,-0.08907491
140,236,2.36,DESCENT,0.5579999,Descent,false,false,0.104190111,0.102713287,0.104190111,99,NA,NA,false,false,NONE,-0.07176294,1.13263488,-0.09840627,0.9424384,0.331926,0.01894172,0.0357233174,-0.0123266689,-0.2821396,-0.00424389169,0.174599573,0.0481059551,-0.0060769124,true,true,8,true,true,0.01536343,0.0120718693,0.226318955,0.06368107,0.1177056,0.240904689,0.8189035,right_upper_arm,true,0.00325538125,0,0.227849826,0.5445317,false,false,bar_height|bar_linear_stillness|knee_extension|hip_extension|local_trunk_erectness,1.39497,0.282440633,0.1812074,1.480708,1.39874,0.1964664,0.05,0.02,0.2,0.08726646,0.17453292,0.17453292,0.005358316,0.0156650729,0.0156650729,false,0.0182408486,0.112787157,0.02466856,0.06637473,0.00588195957,430.0393,0.214944422,abdomen,twist_x,0.006744588,NA,NA,NA,true,-0.0615995564,0.988850057,-0.09103797,-0.009748322,-0.266917676,-0.01354565,-7.450581E-09,0,-0.009719029,-0.15471904,0.135280982,-0.179305151,0.179305136,true,-0.0613744743,0,-0.0894534439
140,237,2.37,DESCENT,0.56099993,Descent,false,false,0.101838529,0.100381076,0.101838529,99,NA,NA,false,false,NONE,-0.07189068,1.1297462,-0.09843968,0.9421494,0.332726777,0.0192081444,0.0357557163,-0.0122457063,-0.2812534,-0.004265815,0.169787988,0.0475067273,-0.00665221736,true,true,8,true,true,0.0110401129,0.01221987,0.226440519,0.0635595,0.117602572,0.241007715,0.818487346,right_upper_arm,true,0.00323499879,0,0.226314366,0.5449159,false,false,bar_height|bar_linear_stillness|knee_extension|hip_extension|local_trunk_erectness,1.39497,0.281552166,0.176434413,1.48901355,1.40631866,0.196696,0.05,0.02,0.2,0.08726646,0.17453292,0.17453292,0.00523594767,0.01518226,0.01518226,false,0.0182982069,0.116435789,0.0279618837,0.06641793,0.00610818947,422.887573,0.2113698,abdomen,twist_x,0.00661101146,NA,NA,NA,true,-0.0617025755,0.986191452,-0.09115954,-0.009713403,-0.266134143,-0.0134345945,-7.450581E-09,0,-0.009719029,-0.15471904,0.135280982,-0.179305151,0.179305136,true,-0.06240714,0,-0.089768514
140,238,2.38,DESCENT,0.563999951,Descent,false,false,0.09942204,0.097947,0.09942204,99,NA,NA,false,false,NONE,-0.07201748,1.1268661,-0.0984745845,0.94186765,0.333505034,0.01947175,0.03578492,-0.0121932989,-0.280279249,-0.004424259,0.165318042,0.0468950234,-0.007210552,true,true,8,true,true,0.0155762769,0.0122408075,0.2265588,0.06344122,0.117501095,0.241109192,0.8180845,right_upper_arm,true,0.00322349183,0,0.225265935,0.545169532,false,false,bar_height|bar_linear_stillness|knee_extension|hip_extension|local_trunk_erectness,1.39497,0.280579239,0.171991825,1.49653935,1.41331816,0.197179824,0.05,0.02,0.2,0.08726646,0.17453292,0.17453292,0.005116299,0.0147187086,0.0147187086,false,0.018358428,0.120364644,0.0316231437,0.06678244,0.0064145755,431.3828,0.215615928,abdomen,twist_x,0.00671612052,NA,NA,NA,true,-0.06180406,0.9835392,-0.09127782,-0.009758329,-0.265235871,-0.0134244151,-7.450581E-09,0,-0.009719029,-0.15471904,0.135280982,-0.179305151,0.179305136,true,-0.0622737035,0,-0.0904623047
140,239,2.39,DESCENT,0.567,Descent,false,false,0.0970464945,0.0955989957,0.0970464945,99,NA,NA,false,false,NONE,-0.072144866,1.12400579,-0.09851198,0.941592038,0.3342643,0.0197326355,0.0358108953,-0.0122437216,-0.278147519,-0.004664325,0.161043853,0.0462808,-0.0077456194,true,true,8,true,true,0.0102594383,0.0122326836,0.226679862,0.06332015,0.117397845,0.241212443,0.8177573,right_upper_arm,true,0.003232726,0,0.225633115,0.546189666,false,false,bar_height|bar_linear_stillness|knee_extension|hip_extension|local_trunk_erectness,1.39497,0.278455943,0.167740956,1.50409663,1.42002046,0.197757885,0.05,0.02,0.2,0.08726646,0.17453292,0.17453292,0.00499472767,0.0142864846,0.0142864846,false,0.01844916,0.124324992,0.0349938124,0.06724436,0.00670211529,438.48764,0.2191671,abdomen,twist_x,0.006720256,NA,NA,NA,true,-0.06190731,0.9809082,-0.09139889,-0.009749069,-0.262981236,-0.01342636,-7.450581E-09,0,-0.009719029,-0.15471904,0.135280982,-0.179305151,0.179305136,true,-0.0616234057,0,-0.09047992
140,240,2.4,DESCENT,0.57,Descent,false,false,0.09480411,0.0933122039,0.09480411,99,NA,NA,false,false,NONE,-0.0722723454,1.12116444,-0.0985490158,0.941322446,0.3350051,0.01999072,0.0358338133,-0.012262648,-0.276415229,-0.004662421,0.15757452,0.0456545949,-0.008258291,true,true,8,true,true,0.0154533125,0.0122095989,0.226797447,0.0632025748,0.117295936,0.241314352,0.8173709,right_upper_arm,true,0.003232348,0,0.225468457,0.5471542,false,false,bar_height|bar_linear_stillness|knee_extension|hip_extension|local_trunk_erectness,1.39497,0.2767264,0.164262816,1.51165617,1.42696786,0.198223457,0.05,0.02,0.2,0.08726646,0.17453292,0.17453292,0.00487644225,0.0138276471,0.0138276471,false,0.0184373111,0.128287524,0.0386044569,0.0675907,0.006970339,438.387054,0.219116822,abdomen,twist_x,0.00678538624,NA,NA,NA,true,-0.06200922,0.978297532,-0.0915164649,-0.00981049,-0.261227936,-0.0133111142,-7.450581E-09,0,-0.009719029,-0.15471904,0.135280982,-0.179305151,0.179305136,true,-0.061962992,0,-0.0909983739
140,241,2.41,DESCENT,0.573,Descent,false,false,0.09243339,0.09096789,0.09243339,99,NA,NA,false,false,NONE,-0.07240081,1.11834919,-0.09858777,0.9410572,0.335731924,0.02024615,0.03585361,-0.0123610618,-0.273601234,-0.004802266,0.154206857,0.04502993,-0.008744893,true,true,8,true,true,0.0104057873,0.0123576187,0.226917028,0.06308299,0.117192,0.241418287,0.817040563,right_upper_arm,true,0.00324616022,0,0.226170808,0.548677146,false,false,bar_height|bar_linear_stillness|knee_extension|hip_extension|local_trunk_erectness,1.39497,0.2739224,0.160884812,1.51903343,1.433523,0.198828533,0.05,0.02,0.2,0.08726646,0.17453292,0.17453292,0.004755378,0.0133531913,0.0133531913,false,0.0183983222,0.133274242,0.0429005846,0.06815128,0.007332738,447.2509,0.22354719,abdomen,twist_x,0.006785147,NA,NA,NA,true,-0.06211315,0.975711,-0.09163605,-0.009820721,-0.258601516,-0.0133028915,-7.450581E-09,0,-0.009719029,-0.15471904,0.135280982,-0.179305151,0.179305136,true,-0.0615388639,0,-0.0912796855
140,242,2.42,DESCENT,0.576000035,Descent,false,false,0.09021437,0.08870268,0.09021437,99,NA,NA,false,false,NONE,-0.07253112,1.1155771,-0.0986279547,0.940797567,0.336441636,0.02049877,0.035870593,-0.0125794346,-0.269161135,-0.00499611767,0.1509713,0.04441086,-0.009203332,true,true,8,true,true,0.01516132,0.01224922,0.2270337,0.06296631,0.117088705,0.241521582,0.816801548,right_upper_arm,true,0.00327597419,0,0.22796838,0.5498636,false,false,bar_height|bar_linear_stillness|knee_extension|hip_extension|local_trunk_erectness,1.39497,0.269501239,0.157636791,1.5258671,1.43955612,0.1997106,0.05,0.02,0.2,0.08726646,0.17453292,0.17453292,0.0046378,0.0129382331,0.0129382331,false,0.018364992,0.137717456,0.04668682,0.06899133,0.007670856,458.685181,0.229262337,abdomen,twist_x,0.00695440127,NA,NA,NA,true,-0.06221645,0.9731665,-0.09175273,-0.009972112,-0.254273534,-0.0132702412,-7.450581E-09,0,-0.009719029,-0.15471904,0.135280982,-0.179305151,0.179305136,true,-0.06064798,0,-0.0915392339
140,243,2.43,DESCENT,0.579000056,Descent,false,false,0.08802295,0.08651239,0.08802295,99,NA,NA,false,false,NONE,-0.072664924,1.11286736,-0.09867043,0.940542459,0.3371375,0.0207487345,0.03588481,-0.0129305385,-0.262775332,-0.005241957,0.147758961,0.0438055433,-0.009629825,true,true,8,true,true,0.0155413272,0.0123251081,0.227150455,0.06284957,0.116983041,0.241627246,0.816655636,right_upper_arm,true,0.003319165,0,0.23067756,0.5514935,false,false,bar_height|bar_linear_stillness|knee_extension|hip_extension|local_trunk_erectness,1.39497,0.2631455,0.154416218,1.5325799,1.44530642,0.200760126,0.05,0.02,0.2,0.08726646,0.17453292,0.17453292,0.00451821834,0.0124735571,0.0124735571,false,0.01843866,0.142039731,0.05017998,0.06999797,0.007987345,468.4496,0.23414284,abdomen,twist_x,0.007051462,NA,NA,NA,true,-0.0623221062,0.9706828,-0.09186947,-0.0101488214,-0.2482179,-0.0132199666,-7.450581E-09,0,-0.009719029,-0.15471904,0.135280982,-0.179305151,0.179305136,true,-0.05987928,0,-0.091604
140,244,2.44,DESCENT,0.5820001,Descent,false,false,0.08590484,0.08438063,0.08590484,99,NA,NA,false,false,NONE,-0.07280226,1.11022913,-0.0987136,0.9402924,0.337817758,0.0209959615,0.0358965024,-0.013265973,-0.255637467,-0.00531051029,0.144363374,0.0432087928,-0.0100214025,true,true,8,true,true,0.010748053,0.012368992,0.2272688,0.06273122,0.116874278,0.24173601,0.8165009,right_upper_arm,true,0.00335425138,0,0.232934549,0.5524092,false,false,bar_height|bar_linear_stillness|knee_extension|hip_extension|local_trunk_erectness,1.39497,0.25603652,0.15102388,1.53957522,1.45120013,0.201592326,0.05,0.02,0.2,0.08726646,0.17453292,0.17453292,0.004401535,0.0120297791,0.0120297791,false,0.0183250643,0.147193357,0.0543191247,0.07082188,0.008340311,471.854523,0.2358447,abdomen,twist_x,0.00701639242,NA,NA,NA,true,-0.0624308735,0.9682653,-0.09198782,-0.0103319371,-0.24174118,-0.0131639289,-7.450581E-09,0,-0.009719029,-0.15471904,0.135280982,-0.179305151,0.179305136,true,-0.0598035976,0,-0.09177803
140,245,2.45,DESCENT,0.5850001,Descent,false,false,0.08383405,0.0822415352,0.08383405,99,NA,NA,false,false,NONE,-0.0729432,1.10767317,-0.0987577662,0.940048456,0.338479668,0.02124032,0.0359059274,-0.0136616193,-0.247287974,-0.00544859935,0.140754789,0.04262156,-0.0103815757,true,true,8,true,true,0.0153176133,0.012368774,0.227383256,0.0626167655,0.116764165,0.241846114,0.8163953,right_upper_arm,true,0.00338988914,0,0.235159412,0.552521348,false,false,bar_height|bar_linear_stillness|knee_extension|hip_extension|local_trunk_erectness,1.39497,0.24772498,0.147432312,1.54580593,1.45654762,0.202648669,0.05,0.02,0.2,0.08726646,0.17453292,0.17453292,0.00428479165,0.0115926638,0.0115926638,false,0.0182958767,0.151856333,0.0581623353,0.07188816,0.008697263,483.3511,0.241590992,abdomen,twist_x,0.00717948657,NA,NA,NA,true,-0.0625409856,0.96592164,-0.0921022743,-0.0106568616,-0.234221876,-0.0131011549,-7.450581E-09,0,-0.009719029,-0.15471904,0.135280982,-0.179305151,0.179305136,true,-0.0592301153,0,-0.09229127
140,246,2.46,DESCENT,0.5880001,Descent,false,false,0.08180082,0.08019978,0.08180082,99,NA,NA,false,false,NONE,-0.07308897,1.105215,-0.09880402,0.939810455,0.339124024,0.0214818679,0.03591319,-0.0141460309,-0.237374038,-0.00567357941,0.136701971,0.0420475528,-0.0107098036,true,true,8,true,true,0.0157730412,0.0124435732,0.227497429,0.06250259,0.1166499,0.241960377,0.816362262,right_upper_arm,true,0.00343142683,0,0.237755746,0.5526541,false,false,bar_height|bar_linear_stillness|knee_extension|hip_extension|local_trunk_erectness,1.39497,0.23786284,0.143422887,1.55182266,1.46159077,0.203819111,0.05,0.02,0.2,0.08726646,0.17453292,0.17453292,0.00416644663,0.0111515364,0.0111515364,false,0.0183461718,0.156305447,0.0617003478,0.073068276,0.009037303,492.8692,0.246348366,abdomen,twist_x,0.00727020577,NA,NA,NA,true,-0.06265525,0.963668644,-0.09221645,-0.01100989,-0.225157261,-0.0130052008,-7.450581E-09,0,-0.009719029,-0.15471904,0.135280982,-0.179305151,0.179305136,true,-0.0585942976,0,-0.09240799
140,247,2.47,DESCENT,0.59100014,Descent,false,false,0.07986623,0.0782464147,0.07986623,99,NA,NA,false,false,NONE,-0.0732397,1.10286438,-0.09885143,0.9395797,0.339746922,0.0217204429,0.035918586,-0.0146295326,-0.226564586,-0.005789103,0.132021725,0.04148217,-0.0110039981,true,true,8,true,true,0.011118209,0.0124434922,0.227613032,0.0623869821,0.116530754,0.242079526,0.816341162,right_upper_arm,true,0.00346764573,0,0.240063936,0.5519279,false,false,bar_height|bar_linear_stillness|knee_extension|hip_extension|local_trunk_erectness,1.39497,0.2271102,0.138822168,1.55795884,1.46658731,0.204791725,0.05,0.02,0.2,0.08726646,0.17453292,0.17453292,0.004051991,0.0107282614,0.0107282614,false,0.0183435678,0.161020517,0.06533332,0.0740630254,0.009373326,497.804626,0.248815224,abdomen,twist_x,0.007244665,NA,NA,NA,true,-0.0627744,0.961514354,-0.09233206,-0.0113788405,-0.215354249,-0.0129152,-7.450581E-09,0,-0.009719029,-0.15471904,0.135280982,-0.179305151,0.179305136,true,-0.0583705269,0,-0.0925416946
140,248,2.48,DESCENT,0.594000161,Descent,false,false,0.07804346,0.0763405561,0.07804346,99,NA,NA,false,false,NONE,-0.0733955055,1.10063148,-0.09889991,0.939358,0.340344042,0.0219558459,0.03592241,-0.0151685569,-0.214712322,-0.00594546134,0.126862839,0.04092439,-0.0112679619,true,true,8,true,true,0.0155196,0.0124291172,0.2277237,0.06227632,0.116408348,0.242201939,0.8163608,right_upper_arm,true,0.00350185041,0,0.242196113,0.5503084,false,false,bar_height|bar_linear_stillness|knee_extension|hip_extension|local_trunk_erectness,1.39497,0.215329543,0.133775756,1.56329966,1.47105885,0.20592916,0.05,0.02,0.2,0.08726646,0.17453292,0.17453292,0.003937818,0.0103190774,0.0103190774,false,0.0183643512,0.1652329,0.06871941,0.075241,0.009712711,508.231781,0.254026979,abdomen,twist_x,0.00741340639,NA,NA,NA,true,-0.0628968,0.959467,-0.09244272,-0.0118851122,-0.204594269,-0.0127632516,-7.450581E-09,0,-0.009719029,-0.15471904,0.135280982,-0.179305151,0.179305136,true,-0.05789214,0,-0.0930106938
140,249,2.49,DESCENT,0.5970002,Descent,false,false,0.07625985,0.07454562,0.07625985,99,NA,NA,false,false,NONE,-0.07355736,1.09852827,-0.09895059,0.9391452,0.340915471,0.0221880917,0.035924755,-0.0157629717,-0.201610237,-0.006153293,0.120902352,0.0403747931,-0.01150146,true,true,8,true,true,0.0120293936,0.0125203347,0.227835953,0.0621640757,0.116279475,0.242330819,0.8164315,right_upper_arm,true,0.00353851914,0,0.244480073,0.5486098,false,false,bar_height|bar_linear_stillness|knee_extension|hip_extension|local_trunk_erectness,1.39497,0.202319115,0.12798354,1.56865311,1.47531414,0.206989989,0.05,0.02,0.2,0.08726646,0.17453292,0.17453292,0.00382220745,0.009901937,0.009901937,false,0.0184659474,0.169458255,0.0718877763,0.07634438,0.0100322068,514.987244,0.257403523,abdomen,twist_x,0.007408684,NA,NA,NA,true,-0.0630256757,0.957539141,-0.0925549641,-0.0123746907,-0.192658648,-0.0126083875,-7.450581E-09,0,-0.009719029,-0.15471904,0.135280982,-0.179305151,0.179305136,true,-0.0575037673,0,-0.09303859
140,250,2.5,DESCENT,0.6000002,Descent,false,false,0.07465279,0.07285094,0.07465279,99,NA,NA,false,false,NONE,-0.07372539,1.09656441,-0.09900242,0.9389439,0.341454357,0.0224168766,0.03592601,-0.0164023414,-0.187654853,-0.0063271625,0.114349335,0.0398319438,-0.0117061492,true,true,8,true,true,0.0158062112,0.0124881342,0.227942169,0.0620578453,0.116145924,0.242464364,0.816529,right_upper_arm,true,0.00357069727,0,0.246488079,0.545958,false,false,bar_height|bar_linear_stillness|knee_extension|hip_extension|local_trunk_erectness,1.39497,0.188476563,0.121652737,1.573296,1.47915459,0.208123475,0.05,0.02,0.2,0.08726646,0.17453292,0.17453292,0.003711544,0.009528393,0.009528393,false,0.01858048,0.1729728,0.07465027,0.07752214,0.0103256665,522.989,0.261403,abdomen,twist_x,0.007571407,NA,NA,NA,true,-0.06315923,0.955738842,-0.0926611945,-0.012988938,-0.179911777,-0.0123629058,-7.450581E-09,0,-0.009719029,-0.15471904,0.135280982,-0.179305151,0.179305136,true,-0.05715857,0,-0.09349967
140,251,2.5100000000000002,DESCENT,0.6030002,Descent,false,false,0.07306671,0.07126075,0.07306671,99,NA,NA,false,false,NONE,-0.07390016,1.09474814,-0.0990565,0.938754261,0.3419607,0.0226422064,0.0359262452,-0.0170642771,-0.172795057,-0.006531924,0.106871851,0.0392938852,-0.0118833128,true,true,8,true,true,0.012349287,0.0126246288,0.228049338,0.0619506761,0.116004877,0.242605418,0.8166564,right_upper_arm,true,0.003601518,0,0.248391762,0.543187,false,false,bar_height|bar_linear_stillness|knee_extension|hip_extension|local_trunk_erectness,1.39497,0.173758417,0.114484996,1.57797325,1.48282766,0.209112689,0.05,0.02,0.2,0.08726646,0.17453292,0.17453292,0.003599301,0.009149808,0.009149808,false,0.0187231246,0.17657733,0.0773238,0.07856411,0.0106093045,527.7283,0.2637718,abdomen,twist_x,0.007538315,NA,NA,NA,true,-0.0633002743,0.9540742,-0.09276836,-0.0135794748,-0.16640754,-0.0121194823,-7.450581E-09,0,-0.009719029,-0.15471904,0.135280982,-0.179305151,0.179305136,true,-0.0569978,0,-0.09353153
140,252,2.52,DESCENT,0.606000245,Descent,false,false,0.07166439,0.069776,0.07166439,99,NA,NA,false,false,NONE,-0.07408157,1.09308565,-0.09911195,0.938579,0.342426628,0.0228637252,0.0359258577,-0.01775021,-0.157414541,-0.006729256,0.09864928,0.0387596674,-0.012035802,true,true,8,true,true,0.0161414444,0.0126170563,0.228149459,0.0618505627,0.115858316,0.242751971,0.8167983,right_upper_arm,true,0.00362587068,0,0.249862149,0.5393347,false,false,bar_height|bar_linear_stillness|knee_extension|hip_extension|local_trunk_erectness,1.39497,0.158555,0.106671706,1.58188224,1.48605084,0.210149556,0.05,0.02,0.2,0.08726646,0.17453292,0.17453292,0.0034930706,0.00883020647,0.00883020647,false,0.0188633334,0.179413721,0.07955961,0.07965796,0.0108646043,534.526367,0.267169654,abdomen,twist_x,0.00768786529,NA,NA,NA,true,-0.0634468347,0.9525499,-0.09286848,-0.01427644,-0.152399689,-0.0117852883,-7.450581E-09,0,-0.009719029,-0.15471904,0.135280982,-0.179305151,0.179305136,true,-0.05682583,0,-0.09390871
140,253,2.5300000000000002,DESCENT,0.609000266,Descent,false,false,0.07029408,0.0684104562,0.07029408,99,NA,NA,false,false,NONE,-0.0742699653,1.091581,-0.09916984,0.938418448,0.342851877,0.0230814181,0.0359248929,-0.01843239,-0.141562164,-0.00694842963,0.08942651,0.03822586,-0.0121654514,true,true,8,true,true,0.012498212,0.0127548976,0.228249818,0.06175021,0.115703546,0.242906749,0.816951454,right_upper_arm,true,0.003646377,0,0.25107342,0.5353634,false,false,bar_height|bar_linear_stillness|knee_extension|hip_extension|local_trunk_erectness,1.39497,0.142926142,0.0980118141,1.58584762,1.48914587,0.210981056,0.05,0.02,0.2,0.08726646,0.17453292,0.17453292,0.00338590145,0.008506127,0.008506127,false,0.01906358,0.182306439,0.0816664845,0.08054609,0.0110976808,536.819946,0.26831606,abdomen,twist_x,0.00762733025,NA,NA,NA,true,-0.0636016056,0.951169968,-0.09296883,-0.014928665,-0.138009131,-0.0114499805,-7.450581E-09,0,-0.009719029,-0.15471904,0.135280982,-0.179305151,0.179305136,true,-0.0568554327,0,-0.09393419
140,254,2.54,DESCENT,0.6120003,Descent,false,false,0.0691154,0.06715524,0.0691154,99,NA,NA,false,false,NONE,-0.07446525,1.09023929,-0.09922948,0.9382755,0.3432287,0.0232949257,0.0359237343,-0.0191493481,-0.125248462,-0.00717619061,0.07950546,0.0376928672,-0.0122744627,true,true,8,true,true,0.0163693335,0.0127235707,0.2283423,0.0616577342,0.115542822,0.243067473,0.817129433,right_upper_arm,true,0.00366387819,0,0.252090275,0.5305991,false,false,bar_height|bar_linear_stillness|knee_extension|hip_extension|local_trunk_erectness,1.39497,0.126906946,0.0888399258,1.58892965,1.491677,0.211883709,0.05,0.02,0.2,0.08726646,0.17453292,0.17453292,0.003285788,0.00824517,0.00824517,false,0.01930257,0.184096858,0.08305266,0.0815006,0.011284966,543.0253,0.271417648,abdomen,twist_x,0.007780421,NA,NA,NA,true,-0.06376233,0.949938655,-0.0930613056,-0.01568542,-0.123111248,-0.0110480217,-7.450581E-09,0,-0.009719029,-0.15471904,0.135280982,-0.179305151,0.179305136,true,-0.05666673,0,-0.09434916
140,255,2.5500000000000003,DESCENT,0.6150003,Descent,false,false,0.0679991245,0.06604916,0.0679991245,99,NA,NA,false,false,NONE,-0.07466776,1.08906186,-0.0992915,0.938150048,0.343557358,0.0235042442,0.0359223858,-0.01984918,-0.108800434,-0.00738939038,0.0687062,0.0371563,-0.012364232,true,true,8,true,true,0.0126447231,0.0128724817,0.2284343,0.06156572,0.11537338,0.2432369,0.817304969,right_upper_arm,true,0.00367602217,0,0.252769321,0.5259181,false,false,bar_height|bar_linear_stillness|knee_extension|hip_extension|local_trunk_erectness,1.39497,0.1108428,0.07908228,1.59215224,1.49415767,0.212521955,0.05,0.02,0.2,0.08726646,0.17453292,0.17453292,0.00318543613,0.007983716,0.007983716,false,0.0195577331,0.1859188,0.08430385,0.08218474,0.01144106,542.4519,0.271131039,abdomen,twist_x,0.00769575173,NA,NA,NA,true,-0.06393177,0.9488583,-0.09315332,-0.0163752977,-0.108132966,-0.0106228413,-7.450581E-09,0,-0.009719029,-0.15471904,0.135280982,-0.179305151,0.179305136,true,-0.056864012,0,-0.0943093
140,256,2.56,DESCENT,0.6180003,Descent,false,false,0.06706548,0.06504518,0.06706548,99,NA,NA,false,false,NONE,-0.07487674,1.08804536,-0.0993548,0.9380448,0.343830615,0.023709001,0.03592118,-0.0205175076,-0.09279052,-0.007565403,0.05731447,0.03661357,-0.0124385115,true,true,8,true,true,0.0167455915,0.0128988493,0.228517324,0.06148269,0.115198009,0.243412286,0.817454338,right_upper_arm,true,0.00367668644,0,0.252689183,0.5203995,false,false,bar_height|bar_linear_stillness|knee_extension|hip_extension|local_trunk_erectness,1.39497,0.0953324959,0.06913912,1.594617,1.49627161,0.2131101,0.05,0.02,0.2,0.08726646,0.17453292,0.17453292,0.00309295952,0.00777915446,0.00777915446,false,0.019788757,0.186982512,0.08519992,0.08282334,0.0115661174,543.834167,0.271821946,abdomen,twist_x,0.00780239841,NA,NA,NA,true,-0.06410714,0.9479243,-0.09323635,-0.0171289481,-0.09357784,-0.01010771,-7.450581E-09,0,-0.009719029,-0.15471904,0.135280982,-0.179305151,0.179305136,true,-0.0571407676,0,-0.09471091
140,257,2.57,DESCENT,0.62100035,Descent,false,false,0.0661538839,0.0641585,0.0661538839,99,NA,NA,false,false,NONE,-0.0750927851,1.087192,-0.09942127,0.937959433,0.3440496,0.0239092354,0.0359200835,-0.0212127082,-0.0763373449,-0.007843474,0.04518299,0.0360673927,-0.0124971047,true,true,8,true,true,0.0122615034,0.0130303223,0.22859934,0.06140068,0.115013823,0.243596464,0.8176475,right_upper_arm,true,0.003683211,0,0.252973527,0.5154411,false,false,bar_height|bar_linear_stillness|knee_extension|hip_extension|local_trunk_erectness,1.39497,0.07961714,0.0591484345,1.59694052,1.49799788,0.213584825,0.05,0.02,0.2,0.08726646,0.17453292,0.17453292,0.00300094485,0.007585487,0.007585487,false,0.0201666225,0.1876679,0.08551446,0.08333799,0.0116478605,545.331238,0.272570223,abdomen,twist_x,0.00773567474,NA,NA,NA,true,-0.06429133,0.9471395,-0.09331836,-0.0178203639,-0.0785547,-0.009651573,-7.450581E-09,0,-0.009719029,-0.15471904,0.135280982,-0.179305151,0.179305136,true,-0.05712363,0,-0.09470205
140,258,2.58,DESCENT,0.6240004,Descent,false,false,0.0655027,0.06343907,0.0655027,99,NA,NA,false,false,NONE,-0.07531525,1.0864985,-0.099488996,0.9378965,0.3442077,0.0241045989,0.03591942,-0.0218695235,-0.06051427,-0.0080242,0.03268316,0.0355125554,-0.0125429472,true,true,8,true,true,0.0168864932,0.0130270654,0.228671953,0.06132807,0.114824019,0.243786275,0.817810833,right_upper_arm,true,0.00367825571,0,0.2525552,0.5099068,false,false,bar_height|bar_linear_stillness|knee_extension|hip_extension|local_trunk_erectness,1.39497,0.0648432,0.049866382,1.59867823,1.49948335,0.213952467,0.05,0.02,0.2,0.08726646,0.17453292,0.17453292,0.00291791558,0.0074621723,0.0074621723,false,0.0204722714,0.187292919,0.0852109939,0.08372443,0.01166177,543.411438,0.271610647,abdomen,twist_x,0.007826863,NA,NA,NA,true,-0.06448113,0.9465013,-0.09339097,-0.0185654666,-0.0640558,-0.009060484,-7.450581E-09,0,-0.009719029,-0.15471904,0.135280982,-0.179305151,0.179305136,true,-0.0574998334,0,-0.09495249
140,259,2.59,DESCENT,0.6270004,Descent,false,false,0.06484568,0.06281263,0.06484568,99,NA,NA,false,false,NONE,-0.07554367,1.08595359,-0.09955874,0.937855,0.3443073,0.02429514,0.035919074,-0.0224365983,-0.0457105264,-0.008180213,0.0196671933,0.0349453166,-0.0125782574,true,true,8,true,true,0.0125680473,0.0132582579,0.2287423,0.06125772,0.114625841,0.243984446,0.817922831,right_upper_arm,true,0.00366168167,0,0.251360625,0.5047162,false,false,bar_height|bar_linear_stillness|knee_extension|hip_extension|local_trunk_erectness,1.39497,0.05157295,0.0420260169,1.60058153,1.50102341,0.2139748,0.05,0.02,0.2,0.08726646,0.17453292,0.17453292,0.002835907,0.00731976843,0.00731976843,false,0.0208109468,0.187083349,0.08495832,0.0837659538,0.0116544273,536.6833,0.268247753,abdomen,twist_x,0.00768039748,NA,NA,NA,true,-0.06467931,0.9459984,-0.09346132,-0.0191794727,-0.050670635,-0.008471227,-7.450581E-09,0,-0.009719029,-0.15471904,0.135280982,-0.179305151,0.179305136,true,-0.05826982,0,-0.09500048
140,260,2.6,DESCENT,0.6300004,Descent,false,false,0.06435144,0.0622730851,0.06435144,99,NA,NA,false,false,NONE,-0.07577777,1.08555686,-0.09963096,0.9378371,0.344342917,0.02448057,0.0359193124,-0.023043463,-0.030823715,-0.008459823,0.00643857941,0.0343723036,-0.0126042664,true,true,8,true,true,0.0169872791,0.01322974,0.228803158,0.06119687,0.114422888,0.2441874,0.818088353,right_upper_arm,true,0.00365283387,0,0.250640452,0.499561429,false,false,bar_height|bar_linear_stillness|knee_extension|hip_extension|local_trunk_erectness,1.39497,0.03940395,0.0371722765,1.60141373,1.50173712,0.214181229,0.05,0.02,0.2,0.08726646,0.17453292,0.17453292,0.00276329368,0.007266929,0.007266929,false,0.0212197788,0.185802639,0.0838972256,0.08399738,0.0116156014,540.1499,0.26998046,abdomen,twist_x,0.007811459,NA,NA,NA,true,-0.06488226,0.9456299,-0.09352217,-0.0198713634,-0.0370053463,-0.007908752,-7.450581E-09,0,-0.009719029,-0.15471904,0.135280982,-0.179305151,0.179305136,true,-0.0582073,0,-0.09528849
140,261,2.61,DESCENT,0.633000433,Descent,false,false,0.06398213,0.06193316,0.06398213,99,NA,NA,false,false,NONE,-0.07601754,1.08530009,-0.09970512,0.9378417,0.344317526,0.0246609673,0.0359200239,-0.0235713162,-0.01696913,-0.00862586,-0.006975157,0.03378781,-0.0126204686,true,true,8,true,true,0.0125526413,0.0133937625,0.228861585,0.0611384362,0.114212155,0.244398132,0.8182112,right_upper_arm,true,0.00363436015,0,0.249370024,0.49501583,false,false,bar_height|bar_linear_stillness|knee_extension|hip_extension|local_trunk_erectness,1.39497,0.0302979164,0.0367361568,1.60266459,1.50266755,0.21399042,0.05,0.02,0.2,0.08726646,0.17453292,0.17453292,0.0026929453,0.00722223474,0.00722223474,false,0.0216501486,0.18384482,0.08213401,0.0837731957,0.011467956,530.035339,0.264924943,abdomen,twist_x,0.007659034,NA,NA,NA,true,-0.0650929958,0.945391238,-0.0935806,-0.0204191133,-0.0242993589,-0.007271387,-7.450581E-09,0,-0.009719029,-0.15471904,0.135280982,-0.179305151,0.179305136,true,-0.0589855351,0,-0.09508111
140,262,2.62,DESCENT,0.636000454,Descent,false,false,0.06372911,0.06163943,0.06372911,99,NA,NA,false,false,NONE,-0.07626104,1.08516431,-0.09977986,0.937869966,0.344227761,0.02483608,0.0359213725,-0.0239583,-0.005086474,-0.008701773,-0.0202841982,0.0331855938,-0.0126324873,true,true,8,true,true,0.0174724534,0.0135014392,0.228909552,0.0610904619,0.113997921,0.244612366,0.8182446,right_upper_arm,true,0.00359664857,0,0.246822447,0.490166068,false,false,bar_height|bar_linear_stillness|knee_extension|hip_extension|local_trunk_erectness,1.39497,0.0259921756,0.0408939123,1.60337234,1.503492,0.213622853,0.05,0.02,0.2,0.08726646,0.17453292,0.17453292,0.00263209641,0.007204231,0.007204231,false,0.022034036,0.1813441,0.08027085,0.08337364,0.0112986295,521.392456,0.260605,abdomen,twist_x,0.007674111,NA,NA,NA,true,-0.06530723,0.945261,-0.09362858,-0.0209598262,-0.0135815758,-0.00657574041,-7.450581E-09,0,-0.009719029,-0.15471904,0.135280982,-0.179305151,0.179305136,true,-0.0601025261,0,-0.09550242
140,263,2.63,DESCENT,0.6390005,Descent,false,false,0.06344521,0.06141162,0.06344521,99,NA,NA,false,false,NONE,-0.07650715,1.085127,-0.09985568,0.937920451,0.344077766,0.0250059962,0.03592315,-0.0241843965,0.004627034,-0.008752092,-0.0335549675,0.032562945,-0.0126420092,true,true,8,true,true,0.0120837335,0.0137486262,0.228954077,0.0610459521,0.113777563,0.244832724,0.818192244,right_upper_arm,true,0.003545759,0,0.243387714,0.485897541,false,false,bar_height|bar_linear_stillness|knee_extension|hip_extension|local_trunk_erectness,1.39497,0.0261322334,0.0484365746,1.60429406,1.50445175,0.21289143,0.05,0.02,0.2,0.08726646,0.17453292,0.17453292,0.00257366151,0.00722497469,0.00722497469,false,0.0223727748,0.17905733,0.07855042,0.08261343,0.0111180032,509.0636,0.254442722,abdomen,twist_x,0.00748039642,NA,NA,NA,true,-0.06552759,0.945219,-0.09367309,-0.0213056244,-0.004890144,-0.00588996569,-7.450581E-09,0,-0.009719029,-0.15471904,0.135280982,-0.179305151,0.179305136,true,-0.0614027977,0,-0.09556972
140,264,2.64,DESCENT,0.6420005,Descent,false,false,0.06328899,0.0612437129,0.06328899,99,NA,NA,false,false,NONE,-0.07675467,1.08517468,-0.09993261,0.937993646,0.343865842,0.0251705348,0.03592546,-0.02435997,0.0130738169,-0.008872604,-0.0463081971,0.0319221951,-0.0126518849,true,true,8,true,true,0.0174542237,0.0137326941,0.228988945,0.06101107,0.113556176,0.245054111,0.8181398,right_upper_arm,true,0.003499179,0,0.240214318,0.4822047,false,false,bar_height|bar_linear_stillness|knee_extension|hip_extension|local_trunk_erectness,1.39497,0.0290354248,0.0576502,1.60444152,1.50486624,0.212245286,0.05,0.02,0.2,0.08726646,0.17453292,0.17453292,0.00252568722,0.007309452,0.007309452,false,0.022822313,0.17539385,0.07579273,0.08191179,0.010872866,504.528931,0.2521762,abdomen,twist_x,0.007529403,NA,NA,NA,true,-0.0657489747,0.945253134,-0.09370797,-0.0216677878,0.00289483019,-0.00524446974,-7.450581E-09,0,-0.009719029,-0.15471904,0.135280982,-0.179305151,0.179305136,true,-0.0619965754,0,-0.09581938
140,265,2.65,DESCENT,0.6450005,Descent,false,false,0.06319827,0.0612105727,0.06319827,99,NA,NA,false,false,NONE,-0.0770032555,1.08528924,-0.100010164,0.9380874,0.343597978,0.0253298637,0.03592805,-0.0244234689,0.0195856541,-0.008892294,-0.0584897026,0.0312629864,-0.0126592238,true,true,8,true,true,0.0117613086,0.0139224157,0.229020253,0.06097977,0.113330476,0.245279819,0.818025768,right_upper_arm,true,0.003446878,0,0.236730978,0.479591668,false,false,bar_height|bar_linear_stillness|knee_extension|hip_extension|local_trunk_erectness,1.39497,0.0325449929,0.067517966,1.60501683,1.50552893,0.211255983,0.05,0.02,0.2,0.08726646,0.17453292,0.17453292,0.00248117745,0.007403623,0.007403623,false,0.02318505,0.17185697,0.07303245,0.0808543861,0.0105898716,490.419342,0.245123863,abdomen,twist_x,0.00734951533,NA,NA,NA,true,-0.0659746751,0.9453501,-0.09373927,-0.0218176041,0.008961427,-0.00455344468,-7.450581E-09,0,-0.009719029,-0.15471904,0.135280982,-0.179305151,0.179305136,true,-0.06325654,0,-0.09563084
140,266,2.66,DESCENT,0.648000538,Descent,false,false,0.06318116,0.0611894727,0.06318116,99,NA,NA,false,false,NONE,-0.07725071,1.0854466,-0.100087091,0.938201249,0.343275249,0.0254838858,0.0359309353,-0.02432784,0.0236220285,-0.008825356,-0.0697842762,0.0305793732,-0.0126688983,true,true,8,true,true,0.01766699,0.0140217524,0.229041964,0.0609580576,0.113106169,0.245504111,0.8178237,right_upper_arm,true,0.00338288862,0,0.232477531,0.477455,false,false,bar_height|bar_linear_stillness|knee_extension|hip_extension|local_trunk_erectness,1.39497,0.0350389928,0.07723629,1.60527468,1.50619972,0.21013023,0.05,0.02,0.2,0.08726646,0.17453292,0.17453292,0.00244629383,0.0075196987,0.0075196987,false,0.0234813318,0.168002859,0.07028548,0.07965994,0.0102915131,477.856567,0.238844678,abdomen,twist_x,0.00731966365,NA,NA,NA,true,-0.06619898,0.9454852,-0.09376098,-0.0219301675,0.0126592265,-0.00386044336,-7.450581E-09,0,-0.009719029,-0.15471904,0.135280982,-0.179305151,0.179305136,true,-0.06477801,0,-0.09595956
140,267,2.67,DESCENT,0.651000559,Descent,false,false,0.06310701,0.06118852,0.06310701,99,NA,NA,false,false,NONE,-0.07749652,1.08562624,-0.100163996,0.93833226,0.34290567,0.0256328471,0.03593379,-0.0241325386,0.0257666782,-0.00876381248,-0.0800026059,0.0298790466,-0.0126771266,true,true,8,true,true,0.0111280046,0.0142403794,0.2290599,0.0609401241,0.112879969,0.245730311,0.817581534,right_upper_arm,true,0.003320771,0,0.228342772,0.4768224,false,false,bar_height|bar_linear_stillness|knee_extension|hip_extension|local_trunk_erectness,1.39497,0.0363745168,0.0863358751,1.60568357,1.50685382,0.208845243,0.05,0.02,0.2,0.08726646,0.17453292,0.17453292,0.002414994,0.00766761042,0.00766761042,false,0.0237909984,0.16415903,0.0674129948,0.07830475,0.009982868,466.2858,0.233061314,abdomen,twist_x,0.007157411,NA,NA,NA,true,-0.06642518,0.9456399,-0.0937789157,-0.0218230225,0.014660487,-0.00323141133,-7.450581E-09,0,-0.009719029,-0.15471904,0.135280982,-0.179305151,0.179305136,true,-0.0660523847,0,-0.09589825
140,268,2.68,DESCENT,0.6540006,Descent,false,false,0.06313914,0.0612300634,0.06313914,99,NA,NA,false,false,NONE,-0.0777387545,1.08580613,-0.100239486,0.9384793,0.3424919,0.025776729,0.0359365828,-0.0237923115,0.025554426,-0.008616455,-0.0889796,0.0291558448,-0.0126876589,true,true,8,true,true,0.017585136,0.0142750125,0.229069591,0.0609304234,0.112658046,0.245952249,0.8172708,right_upper_arm,true,0.00325321266,0,0.223868564,0.4769575,false,false,bar_height|bar_linear_stillness|knee_extension|hip_extension|local_trunk_erectness,1.39497,0.03596312,0.09449026,1.60595739,1.50757861,0.2074614,0.05,0.02,0.2,0.08726646,0.17453292,0.17453292,0.002393283,0.007853814,0.007853814,false,0.02400447,0.15989919,0.06438956,0.0768441856,0.009647127,453.177856,0.226509646,abdomen,twist_x,0.00712247053,NA,NA,NA,true,-0.0666471049,0.945795059,-0.09378862,-0.0216826927,0.0145872356,-0.002604633,-7.450581E-09,0,-0.009719029,-0.15471904,0.135280982,-0.179305151,0.179305136,true,-0.06754375,0,-0.0960449353
140,269,2.69,DESCENT,0.6570006,Descent,false,false,0.0630977154,0.06126362,0.0630977154,99,NA,NA,false,false,NONE,-0.07797665,1.08596218,-0.100313514,0.938639,0.3420433,0.0259158239,0.03593896,-0.0233193468,0.0230169818,-0.00841509,-0.0965329,0.02841666,-0.0126959328,true,true,8,true,true,0.0108807376,0.0145051591,0.229075521,0.0609245077,0.112436891,0.2461734,0.816896141,right_upper_arm,true,0.003183171,0,0.219238877,0.47847113,false,false,bar_height|bar_linear_stillness|knee_extension|hip_extension|local_trunk_erectness,1.39497,0.03382879,0.1014263,1.60657167,1.50851488,0.20588392,0.05,0.02,0.2,0.08726646,0.17453292,0.17453292,0.0023753494,0.008029769,0.008029769,false,0.0241816621,0.155979559,0.0615752861,0.07518854,0.009305397,438.855865,0.219351158,abdomen,twist_x,0.00694993557,NA,NA,NA,true,-0.06686826,0.9459282,-0.09379453,-0.0212908182,0.01232463,-0.0020090146,-7.450581E-09,0,-0.009719029,-0.15471904,0.135280982,-0.179305151,0.179305136,true,-0.06926205,0,-0.0959586
140,270,2.7,DESCENT,0.6600006,Descent,false,false,0.06308222,0.06127304,0.06308222,99,NA,NA,false,false,NONE,-0.07820856,1.08607614,-0.1003857,0.9388092,0.34156543,0.02605025,0.0359408371,-0.0227485579,0.0186803266,-0.008209411,-0.102414683,0.027660504,-0.0127043957,true,true,8,true,true,0.0174241867,0.0145287383,0.229074717,0.0609253123,0.112222828,0.246387452,0.8164977,right_upper_arm,true,0.00311846053,0,0.214950711,0.481238,false,false,bar_height|bar_linear_stillness|knee_extension|hip_extension|local_trunk_erectness,1.39497,0.0305588935,0.106842279,1.606968,1.50934029,0.204376146,0.05,0.02,0.2,0.08726646,0.17453292,0.17453292,0.00236564875,0.0082370555,0.0082370555,false,0.0243262723,0.1518421,0.05865731,0.07360386,0.008964621,429.056152,0.214453012,abdomen,twist_x,0.006933327,NA,NA,NA,true,-0.06708232,0.94602257,-0.09379373,-0.0208873674,0.00851760153,-0.00151247426,-7.450581E-09,0,-0.009719029,-0.15471904,0.135280982,-0.179305151,0.179305136,true,-0.07048617,0,-0.09607773
140,271,2.71,DESCENT,0.663000643,Descent,false,false,0.06302893,0.06128943,0.06302893,99,NA,NA,false,false,NONE,-0.0784341544,1.08612931,-0.100455523,0.9389863,0.341068238,0.0261803474,0.03594186,-0.0220781527,0.012447834,-0.007931213,-0.106531918,0.02689568,-0.012705991,true,true,8,true,true,0.0104874745,0.0147029152,0.2290709,0.0609291121,0.11201214,0.246598154,0.8160616,right_upper_arm,true,0.00305598532,0,0.210849389,0.485418946,false,false,bar_height|bar_linear_stillness|knee_extension|hip_extension|local_trunk_erectness,1.39497,0.0265574381,0.110606827,1.60779583,1.51041019,0.202747658,0.05,0.02,0.2,0.08726646,0.17453292,0.17453292,0.002359733,0.008446959,0.008446959,false,0.0244258344,0.147764787,0.05568133,0.071886465,0.00860259,415.962769,0.207908615,abdomen,twist_x,0.00679173833,NA,NA,NA,true,-0.06729301,0.9460625,-0.09378993,-0.0202428326,0.00298311422,-0.00102898059,-7.450581E-09,0,-0.009719029,-0.15471904,0.135280982,-0.179305151,0.179305136,true,-0.0720256642,0,-0.09581097
140,272,2.72,DESCENT,0.666000664,Descent,false,false,0.0629607439,0.0612483025,0.0629607439,99,NA,NA,false,false,NONE,-0.0786515549,1.08610225,-0.100522317,0.9391676,0.340558827,0.0263063088,0.0359419324,-0.0212779287,0.004243575,-0.007602865,-0.10883867,0.0261182338,-0.0127040632,true,true,8,true,true,0.01730239,0.0147585785,0.229061931,0.0609380975,0.111811005,0.24679929,0.815582931,right_upper_arm,true,0.00299315038,0,0.206712529,0.490587622,false,false,bar_height|bar_linear_stillness|knee_extension|hip_extension|local_trunk_erectness,1.39497,0.02299047,0.112647288,1.60868073,1.51163411,0.201132149,0.05,0.02,0.2,0.08726646,0.17453292,0.17453292,0.00236053765,0.008644392,0.008644392,false,0.0244748686,0.143744275,0.0528568774,0.0701802,0.00824448653,404.1609,0.202009737,abdomen,twist_x,0.006753337,NA,NA,NA,true,-0.06749415,0.9460289,-0.09378094,-0.0195804443,-0.004407906,-0.0006309052,-7.450581E-09,0,-0.009719029,-0.15471904,0.135280982,-0.179305151,0.179305136,true,-0.07360044,0,-0.09589105
140,273,2.73,DESCENT,0.6690007,Descent,false,false,0.0627931952,0.0611484647,0.0627931952,99,NA,NA,false,false,NONE,-0.07886026,1.08597672,-0.100585818,0.939349532,0.3400475,0.0264285076,0.0359407179,-0.02037536,-0.005720347,-0.00723246532,-0.109216787,0.0253374837,-0.0126915965,true,true,8,true,true,0.0100886207,0.0140862223,0.229050636,0.0609493777,0.111615852,0.246994436,0.815075457,right_upper_arm,true,0.002933451,0,0.202793166,0.496989071,false,false,bar_height|bar_linear_stillness|knee_extension|hip_extension|local_trunk_erectness,1.39497,0.0223648436,0.112833381,1.60993719,1.51306832,0.199479669,0.05,0.02,0.2,0.08726646,0.17453292,0.17453292,0.00236433744,0.008848438,0.008848438,false,0.0244666114,0.140095457,0.05024419,0.06843884,0.007895663,392.980225,0.196421355,abdomen,twist_x,0.006633553,NA,NA,NA,true,-0.0676893,0.94590497,-0.09376966,-0.0186864343,-0.0133288642,-0.000277328742,-7.450581E-09,0,-0.009719029,-0.15471904,0.135280982,-0.179305151,0.179305136,true,-0.0748327,0,-0.0955655053
140,274,2.74,DESCENT,0.6720007,Descent,false,false,0.0625910759,0.06097746,0.0625910759,99,NA,NA,false,false,NONE,-0.0790590942,1.08574057,-0.100645982,0.939528942,0.339542478,0.0265472122,0.0359381,-0.0194074661,-0.016875118,-0.00691621,-0.107432067,0.0245497487,-0.0126706688,true,true,8,true,true,0.0169926547,0.005581324,0.229032218,0.060967803,0.111433,0.247177288,0.8145768,right_upper_arm,true,0.00288298517,0,0.199456558,0.504656553,false,false,bar_height|bar_linear_stillness|knee_extension|hip_extension|local_trunk_erectness,1.39497,0.02663181,0.110927388,1.61124611,1.51452708,0.1979896,0.05,0.02,0.2,0.08726646,0.17453292,0.17453292,0.00237332284,0.009039352,0.009039352,false,0.02476922,0.136284754,0.0474793,0.06684942,0.007552198,385.8941,0.192879543,abdomen,twist_x,0.00662505068,NA,NA,NA,true,-0.06787215,0.945680737,-0.09375124,-0.0177342854,-0.0230730139,0.000122939789,-7.450581E-09,0,-0.009719029,-0.15471904,0.135280982,-0.179305151,0.179305136,true,-0.07505863,0,-0.0956864655
140,275,2.75,DESCENT,0.6750007,Descent,false,false,0.0622909069,0.06065339,0.0622909069,99,NA,NA,false,false,NONE,-0.07924853,1.08538091,-0.1007036,0.939702868,0.33905226,0.0266626813,0.0359338634,-0.01846403,-0.0292571113,-0.006547646,-0.1046357,0.0237622261,-0.0126270708,true,true,8,true,true,0.009694834,0.007262787,0.229017273,0.06098275,0.111257374,0.247352913,0.814057946,right_upper_arm,true,0.00283671217,0,0.196417347,0.5126082,false,false,bar_height|bar_linear_stillness|knee_extension|hip_extension|local_trunk_erectness,1.39497,0.03521038,0.108040348,1.61301064,1.51622093,0.196515024,0.05,0.02,0.2,0.08726646,0.17453292,0.17453292,0.002384603,0.009221834,0.009221834,false,0.0247360859,0.132822633,0.04486058,0.06527069,0.007229918,376.442719,0.1881555,abdomen,twist_x,0.006535307,NA,NA,NA,true,-0.06804778,0.945345461,-0.09373629,-0.0168341175,-0.0339387022,0.000306948525,-7.450581E-09,0,-0.009719029,-0.15471904,0.135280982,-0.179305151,0.179305136,true,-0.0757233351,0,-0.09531068
140,276,2.7600000000000002,DESCENT,0.678000748,Descent,false,false,0.0619672537,0.0603325963,0.0619672537,99,NA,NA,false,false,NONE,-0.07942756,1.08489,-0.100756243,0.939868569,0.3385843,0.02677519,0.0359279737,-0.0174055621,-0.0425485522,-0.006070846,-0.09944895,0.02297278,-0.0125636067,true,true,8,true,true,0.016736269,0.00638798624,0.229000539,0.0609994754,0.111093715,0.247516572,0.813547134,right_upper_arm,true,0.00279836357,0,0.1939618,0.521767259,false,false,bar_height|bar_linear_stillness|knee_extension|hip_extension|local_trunk_erectness,1.39497,0.04637012,0.102838159,1.61500239,1.51815391,0.195129707,0.05,0.02,0.2,0.08726646,0.17453292,0.17453292,0.00240302831,0.009450543,0.009450543,false,0.02448087,0.12958765,0.0424906723,0.06378717,0.00691922475,368.927521,0.184399217,abdomen,twist_x,0.00651548058,NA,NA,NA,true,-0.0682114363,0.9448882,-0.0937195644,-0.0160512514,-0.0457829945,0.000357535,-7.450581E-09,0,-0.009719029,-0.15471904,0.135280982,-0.179305151,0.179305136,true,-0.07613057,0,-0.09493079
140,277,2.77,DESCENT,0.681000769,Descent,false,false,0.06149602,0.059940815,0.06149602,99,NA,NA,false,false,NONE,-0.07959611,1.08426154,-0.100804575,0.940022051,0.338150054,0.026885137,0.03592012,-0.016343195,-0.0563179031,-0.00561788725,-0.09217501,0.022182025,-0.012482618,true,true,8,true,true,0.009466746,0.0063599376,0.228984147,0.06101588,0.110937431,0.247672856,0.81323427,right_forearm,true,0.00276937825,0,0.1921077,0.532218158,false,false,bar_height|bar_linear_stillness|knee_extension|hip_extension|local_trunk_erectness,1.39497,0.05890982,0.09562474,1.617281,1.52018046,0.1938959,0.05,0.02,0.2,0.08726646,0.17453292,0.17453292,0.00241797417,0.00958102,0.00958102,false,0.024331063,0.126549125,0.0401215665,0.06244186,0.0066232,364.7411,0.182306737,abdomen,twist_x,0.00646826858,NA,NA,NA,true,-0.06836772,0.9443058,-0.09370316,-0.0151143335,-0.0581329465,0.000375100964,-7.450581E-09,0,-0.009719029,-0.15471904,0.135280982,-0.179305151,0.179305136,true,-0.07643289,0,-0.09463083
140,278,2.7800000000000002,DESCENT,0.6840008,Descent,false,false,0.0609721541,0.0594519973,0.0609721541,99,NA,NA,false,false,NONE,-0.07975391,1.08349013,-0.100848541,0.940160632,0.337756962,0.0269927233,0.0359102078,-0.0152909057,-0.07066982,-0.005164694,-0.08330319,0.0213815756,-0.0123873735,true,true,8,true,true,0.0164427757,0.006294384,0.228968292,0.06103173,0.1107927,0.247817591,0.8133081,right_forearm,true,0.002744647,0,0.190518871,0.5433059,false,false,bar_height|bar_linear_stillness|knee_extension|hip_extension|local_trunk_erectness,1.39497,0.07248937,0.0868909657,1.61989272,1.522485,0.192785576,0.05,0.02,0.2,0.08726646,0.17453292,0.17453292,0.00243470073,0.009666259,0.009666259,false,0.0241082124,0.123663262,0.03787433,0.06121157,0.006345685,359.009827,0.179442108,abdomen,twist_x,0.00646756263,NA,NA,NA,true,-0.0685124546,0.943594635,-0.09368731,-0.0142497057,-0.0710921139,0.000309655821,-7.450581E-09,0,-0.009719029,-0.15471904,0.135280982,-0.179305151,0.179305136,true,-0.07676639,0,-0.09455705
140,279,2.79,DESCENT,0.6870008,Descent,false,false,0.0603146553,0.05883032,0.0603146553,99,NA,NA,false,false,NONE,-0.07990175,1.08257055,-0.100887887,0.940282,0.337411851,0.0270981435,0.0358980633,-0.014275182,-0.08554555,-0.004685543,-0.07302822,0.0205757655,-0.0122689642,true,true,8,true,true,0.009335151,0.006307592,0.228971988,0.06138385,0.110655688,0.2475012,0.813377738,right_forearm,true,0.00272316742,0,0.1891595,0.554853261,false,false,bar_height|bar_linear_stillness|knee_extension|hip_extension|local_trunk_erectness,1.39497,0.08685491,0.07685708,1.62288773,1.5250299,0.191780925,0.05,0.02,0.2,0.08726646,0.17453292,0.17453292,0.002451107,0.009737326,0.009737326,false,0.0240163971,0.121160693,0.0358646959,0.060085658,0.006096592,354.8151,0.17734547,abdomen,twist_x,0.006426907,NA,NA,NA,true,-0.06864946,0.942746,-0.09367245,-0.013215078,-0.08476529,0.000215021515,-0.000226706266,0,-0.009878382,-0.1550563,0.135299534,-0.179305151,0.178851739,true,-0.07757728,0,-0.09448715
140,280,2.8000000000000003,DESCENT,0.690000832,Descent,false,false,0.0595569,0.0580889,0.0595569,99,NA,NA,false,false,NONE,-0.08003933,1.08150089,-0.100923344,0.9403843,0.337119758,0.027201565,0.03588372,-0.0132741351,-0.1005321,-0.00428609876,-0.0617156178,0.0197728332,-0.0121287219,true,true,8,true,true,0.0162718855,0.00644228747,0.228959233,0.06139659,0.110530704,0.247626185,0.813442349,right_forearm,true,0.002709105,0,0.188244835,0.566314757,false,false,bar_height|bar_linear_stillness|knee_extension|hip_extension|local_trunk_erectness,1.39497,0.101495206,0.06593093,1.62612021,1.52772665,0.190986156,0.05,0.02,0.2,0.08726646,0.17453292,0.17453292,0.00262630731,0.010397234,0.010397234,false,0.02324083,0.118895046,0.0341250934,0.0592164621,0.00592639,353.592834,0.176734552,abdomen,twist_x,0.00644865632,NA,NA,NA,true,-0.06877445,0.94176,-0.09365971,-0.0122610927,-0.0984424,2.62806816E-06,-0.000226706266,0,-0.009878382,-0.1550563,0.135299534,-0.179305151,0.178851739,true,-0.0776323453,0,-0.09402849
140,281,2.81,DESCENT,0.693000853,Descent,false,false,0.0586909056,0.0572376847,0.0586909056,99,NA,NA,false,false,NONE,-0.0801669955,1.08028007,-0.100954637,0.940466166,0.3368849,0.0273031536,0.0358671434,-0.0122663146,-0.115682155,-0.00387104764,-0.0494295061,0.0189799815,-0.0119601963,true,true,8,true,true,0.009223391,0.00653952733,0.228948563,0.0614072755,0.110414267,0.247742623,0.813502,right_forearm,true,0.00269871019,0,0.187595531,0.577501655,false,false,bar_height|bar_linear_stillness|knee_extension|hip_extension|local_trunk_erectness,1.39497,0.116395056,0.0542822443,1.62975872,1.53067291,0.190311074,0.05,0.02,0.2,0.08726646,0.17453292,0.17453292,0.00264117122,0.0104183648,0.0104183648,false,0.0230609737,0.1168153,0.0323285758,0.05840741,0.005725151,351.8384,0.175857648,abdomen,twist_x,0.006431823,NA,NA,NA,true,-0.0688908845,0.9406353,-0.09364902,-0.01118031,-0.1123047,-0.000202195966,-0.000226706266,0,-0.009878382,-0.1550563,0.135299534,-0.179305151,0.178851739,true,-0.07790625,0,-0.09370561
140,282,2.82,DESCENT,0.6960009,Descent,false,false,0.0577124953,0.0562534332,0.0577124953,99,NA,NA,false,false,NONE,-0.08028416,1.07890642,-0.100982092,0.940526366,0.3367106,0.0274030324,0.0358484127,-0.0112369452,-0.1309691,-0.003476594,-0.0365837179,0.0181952938,-0.0117683318,true,true,8,true,true,0.0161293782,0.00662761368,0.228940874,0.0614149645,0.110309951,0.247846931,0.8135574,right_forearm,true,0.00269068917,0,0.187081769,0.5880782,false,false,bar_height|bar_linear_stillness|knee_extension|hip_extension|local_trunk_erectness,1.39497,0.131496251,0.04251977,1.6337471,1.53391075,0.189774573,0.05,0.02,0.2,0.08726646,0.17453292,0.17453292,0.00265391171,0.010385111,0.010385111,false,0.0228979234,0.115084775,0.030813165,0.0577322431,0.00555824349,350.0846,0.174981043,abdomen,twist_x,0.006452499,NA,NA,NA,true,-0.0689952,0.939369857,-0.09364133,-0.0101892492,-0.126360416,-0.000486962381,-0.000226706266,0,-0.009878382,-0.1550563,0.135299534,-0.179305151,0.178851739,true,-0.07812548,0,-0.09367453
140,283,2.83,DESCENT,0.6990009,Descent,false,false,0.0566031933,0.0551424623,0.0566031933,99,NA,NA,false,false,NONE,-0.08039097,1.07737982,-0.101005495,0.9405644,0.336598754,0.02750129,0.03582759,-0.0101901265,-0.14626056,-0.00307721924,-0.0232185461,0.0174246468,-0.0115470206,true,true,8,true,true,0.009183796,0.006763295,0.228935689,0.0614201352,0.110214613,0.247942269,0.8136081,right_forearm,true,0.0026859513,0,0.18679893,0.5979535,false,false,bar_height|bar_linear_stillness|knee_extension|hip_extension|local_trunk_erectness,1.39497,0.1466474,0.0312418453,1.63806856,1.5373615,0.18937026,0.05,0.02,0.2,0.08726646,0.17453292,0.17453292,0.00266459584,0.0103467721,0.0103467721,false,0.0227269288,0.113687649,0.0295096282,0.0571912043,0.005422531,350.530029,0.175203681,abdomen,twist_x,0.00645068055,NA,NA,NA,true,-0.06909054,0.9379632,-0.09363616,-0.009078079,-0.14043586,-0.0007627615,-0.000226706266,0,-0.009878382,-0.1550563,0.135299534,-0.179305151,0.178851739,true,-0.07831552,0,-0.0934439749
140,284,2.84,DESCENT,0.7020009,Descent,false,false,0.0553841,0.05391401,0.0553841,99,NA,NA,false,false,NONE,-0.08048722,1.0757035,-0.101025462,0.9405795,0.336550981,0.0275980122,0.0358047932,-0.009154863,-0.161186814,-0.00272504776,-0.009674765,0.0166692827,-0.011300737,true,true,8,true,true,0.015968129,0.00686054,0.228934467,0.0614213571,0.110131674,0.248025209,0.8136527,right_forearm,true,0.00268797134,0,0.186943859,0.6070573,false,false,bar_height|bar_linear_stillness|knee_extension|hip_extension|local_trunk_erectness,1.39497,0.161469579,0.0223421734,1.64267361,1.54100823,0.189150736,0.05,0.02,0.2,0.08726646,0.17453292,0.17453292,0.00267228484,0.010265436,0.010265436,false,0.02262633,0.112460561,0.0283019915,0.0568270236,0.00531856576,351.93515,0.175906,abdomen,twist_x,0.00649423758,NA,NA,NA,true,-0.06917348,0.9364184,-0.09363494,-0.008049269,-0.154174656,-0.00112723757,-0.000226706266,0,-0.009878382,-0.1550563,0.135299534,-0.179305151,0.178851739,true,-0.07828501,0,-0.09340889
140,285,2.85,DESCENT,0.705000937,Descent,false,false,0.0540579557,0.0525894761,0.0540579557,99,NA,NA,false,false,NONE,-0.08057326,1.07388163,-0.101041637,0.9405718,0.336567283,0.0276932549,0.03578018,-0.008127732,-0.1757218,-0.00235753763,0.004008801,0.01593662,-0.0110235168,true,true,8,true,true,0.0162329581,0.00687668659,0.228936851,0.0614189729,0.110059172,0.248097718,0.813690841,right_forearm,true,0.00269447966,0,0.187409267,0.615215838,false,false,bar_height|bar_linear_stillness|knee_extension|hip_extension|local_trunk_erectness,1.39497,0.175925463,0.019787984,1.64763212,1.54488266,0.189063624,0.05,0.02,0.2,0.08726646,0.17453292,0.17453292,0.00267745554,0.0101777539,0.0101777539,false,0.0224993136,0.111530073,0.0272747744,0.0565927,0.005240441,353.816,0.1768461,abdomen,twist_x,0.00652137538,NA,NA,NA,true,-0.06924598,0.934739947,-0.0936373249,-0.00694928458,-0.167523637,-0.00151103945,-0.000226706266,0,-0.009878382,-0.1550563,0.135299534,-0.179305151,0.178851739,true,-0.0782384,0,-0.09307636
140,286,2.86,DESCENT,0.708000958,Descent,false,false,0.05261928,0.0511515737,0.05261928,99,NA,NA,false,false,NONE,-0.08064893,1.07191885,-0.101054288,0.9405411,0.336648077,0.0277870949,0.0357539281,-0.00708314171,-0.189781636,-0.0020145413,0.0177033413,0.0152298575,-0.0107139852,true,true,8,true,true,0.008668716,0.006943564,0.228942484,0.0614133477,0.109996676,0.248160213,0.8137237,right_forearm,true,0.002704694,0,0.188106492,0.62247926,false,false,bar_height|bar_linear_stillness|knee_extension|hip_extension|local_trunk_erectness,1.39497,0.189924449,0.0256933123,1.65287685,1.5489738,0.189122975,0.05,0.02,0.2,0.08726646,0.17453292,0.17453292,0.00267867744,0.0100399246,0.0100399246,false,0.0224148389,0.110885426,0.0264551,0.0564997643,0.005191936,357.1107,0.178492859,abdomen,twist_x,0.006540611,NA,NA,NA,true,-0.0693084747,0.9329321,-0.09364295,-0.005791304,-0.180431843,-0.00183929829,-0.000226706266,0,-0.009878382,-0.1550563,0.135299534,-0.179305151,0.178851739,true,-0.07812204,0,-0.09299704
140,287,2.87,DESCENT,0.711001,Descent,false,false,0.05106604,0.04959798,0.05106604,99,NA,NA,false,false,NONE,-0.0807142,1.06982231,-0.101064108,0.940487862,0.3367921,0.02787957,0.0357262678,-0.0060615507,-0.203096658,-0.00172961061,0.030999843,0.0145510715,-0.0103780068,true,true,8,true,true,0.0158292931,0.00696910638,0.228952453,0.06140338,0.10994707,0.248209819,0.8137503,right_forearm,true,0.002720226,0,0.1891319,0.628594339,false,false,bar_height|bar_linear_stillness|knee_extension|hip_extension|local_trunk_erectness,1.39497,0.203194454,0.0357830524,1.65839434,1.55326939,0.18934378,0.05,0.02,0.2,0.08726646,0.17453292,0.17453292,0.00267629325,0.00988042448,0.00988042448,false,0.022378955,0.110473566,0.0258032847,0.0565673746,0.00517952861,360.834442,0.180354089,abdomen,twist_x,0.00659741974,NA,NA,NA,true,-0.06935808,0.9310011,-0.09365292,-0.00473253243,-0.192694321,-0.00223779026,-0.000226706266,0,-0.009878382,-0.1550563,0.135299534,-0.179305151,0.178851739,true,-0.07787251,0,-0.09303594
140,288,2.88,DESCENT,0.714001,Descent,false,false,0.04940766,0.0479488373,0.04940766,99,NA,NA,false,false,NONE,-0.08076951,1.06759953,-0.101070888,0.940413058,0.336996526,0.027970681,0.0356974453,-0.00505838171,-0.215670854,-0.0014435465,0.0438777059,0.013907481,-0.0100095458,true,true,8,true,true,0.016133219,0.0069312253,0.228966117,0.061389707,0.109908082,0.248248816,0.8137707,right_forearm,true,0.00273915147,0,0.190396875,0.6334505,false,false,bar_height|bar_linear_stillness|knee_extension|hip_extension|local_trunk_erectness,1.39497,0.215734988,0.0471048,1.66421,1.55775952,0.189685225,0.05,0.02,0.2,0.08726646,0.17453292,0.17453292,0.002670668,0.009729975,0.009729975,false,0.022343209,0.110280029,0.02528405,0.056753248,0.005190891,365.142242,0.182507232,abdomen,twist_x,0.006636289,NA,NA,NA,true,-0.06939707,0.9289543,-0.09366659,-0.003610431,-0.2042725,-0.002645756,-0.000226706266,0,-0.009878382,-0.1550563,0.135299534,-0.179305151,0.178851739,true,-0.07764881,0,-0.09276365
140,289,2.89,DESCENT,0.717001,Descent,false,false,0.0476480126,0.0461956859,0.0476480126,99,NA,NA,false,false,NONE,-0.08081472,1.0652585,-0.101075009,0.9403172,0.3372594,0.0280604623,0.0356677473,-0.0040434096,-0.227453575,-0.001192501,0.0562520735,0.0133009823,-0.009607488,true,true,8,true,true,0.008908542,0.00694301166,0.228983134,0.0613727048,0.1098792,0.2482777,0.8137855,right_forearm,true,0.00276082125,0,0.191826493,0.637257755,false,false,bar_height|bar_linear_stillness|knee_extension|hip_extension|local_trunk_erectness,1.39497,0.22749263,0.05859621,1.6702621,1.562432,0.190155432,0.05,0.02,0.2,0.08726646,0.17453292,0.17453292,0.00266069919,0.009535049,0.009535049,false,0.0223824326,0.110322669,0.0249386784,0.0570636652,0.005228173,370.579773,0.185225055,abdomen,twist_x,0.00666526426,NA,NA,NA,true,-0.06942595,0.926798642,-0.09368359,-0.00244594016,-0.215117782,-0.00298816,-0.000226706266,0,-0.009878382,-0.1550563,0.135299534,-0.179305151,0.178851739,true,-0.07735232,0,-0.09271524
140,290,2.9,DESCENT,0.720001042,Descent,false,false,0.04578936,0.0443367362,0.04578936,99,NA,NA,false,false,NONE,-0.08084973,1.06280839,-0.101077147,0.94020164,0.337577283,0.02814892,0.0356374867,-0.00304363668,-0.23827745,-0.0010005061,0.0677941,0.0127320215,-0.009178428,true,true,8,true,true,0.0158106443,0.00688489527,0.229004249,0.0613515824,0.109862871,0.248294026,0.813794732,right_forearm,true,0.00278614461,0,0.193471462,0.63989,false,false,bar_height|bar_linear_stillness|knee_extension|hip_extension|local_trunk_erectness,1.39497,0.238298982,0.06958727,1.67653811,1.56729066,0.190758482,0.05,0.02,0.2,0.08726646,0.17453292,0.17453292,0.00264702737,0.009321929,0.009321929,false,0.0225097649,0.110589415,0.0247757435,0.0575072877,0.00529737165,376.017883,0.187943161,abdomen,twist_x,0.006728024,NA,NA,NA,true,-0.06944228,0.9245425,-0.0937047154,-0.00139332039,-0.225108311,-0.00337904273,-0.000226706266,0,-0.009878382,-0.1550563,0.135299534,-0.179305151,0.178851739,true,-0.07694408,0,-0.09277633
140,291,2.91,DESCENT,0.723001063,Descent,false,false,0.0438359976,0.0423799753,0.0438359976,99,NA,NA,false,false,NONE,-0.08087452,1.06025863,-0.101077311,0.9400679,0.337945521,0.02823603,0.0356069952,-0.00201897,-0.248176783,-0.000831304234,0.0785283744,0.0122058429,-0.008716521,true,true,8,true,true,0.0161649212,0.00690568844,0.22902894,0.0613268837,0.109857,0.2482999,0.8137993,right_forearm,true,0.0028130617,0,0.195218727,0.6412554,false,false,bar_height|bar_linear_stillness|knee_extension|hip_extension|local_trunk_erectness,1.39497,0.2481864,0.0799479,1.68304265,1.57229877,0.191459432,0.05,0.02,0.2,0.08726646,0.17453292,0.17453292,0.00263002515,0.009121429,0.009121429,false,0.0225202758,0.111014731,0.0247104783,0.0580470338,0.0053864764,382.173279,0.191019773,abdomen,twist_x,0.00677428,NA,NA,NA,true,-0.06944815,0.922196,-0.093729414,-0.0003032184,-0.234203354,-0.0037606,-0.000226706266,0,-0.009878382,-0.1550563,0.135299534,-0.179305151,0.178851739,true,-0.0765531957,0,-0.0924771652
140,292,2.92,DESCENT,0.7260011,Descent,false,false,0.041798234,0.0403280854,0.041798234,99,NA,NA,false,false,NONE,-0.08088888,1.0576185,-0.101076066,0.9399173,0.338360161,0.0283217579,0.0355765969,-0.0009718364,-0.257137746,-0.000710012857,0.0883270055,0.0117175318,-0.008223587,true,true,8,true,true,0.009246107,0.007011487,0.229056671,0.06129916,0.109860696,0.2482962,0.813799262,right_forearm,true,0.00284115924,0,0.1970216,0.6416266,false,false,bar_height|bar_linear_stillness|knee_extension|hip_extension|local_trunk_erectness,1.39497,0.257140577,0.0894795358,1.68973,1.577447,0.19225347,0.05,0.02,0.2,0.08726646,0.17453292,0.17453292,0.00260890275,0.00888584,0.00888584,false,0.0225964617,0.111622922,0.0247785188,0.05867677,0.005496533,388.929962,0.194396928,abdomen,twist_x,0.00680780364,NA,NA,NA,true,-0.0694444552,0.919766366,-0.09375714,0.0008244288,-0.242515355,-0.00407629926,-0.000226706266,0,-0.009878382,-0.1550563,0.135299534,-0.179305151,0.178851739,true,-0.07631008,0,-0.09251682
140,293,2.93,DESCENT,0.7290011,Descent,false,false,0.0396832228,0.0381840467,0.0396832228,99,NA,NA,false,false,NONE,-0.08089248,1.05489719,-0.101074092,0.939751863,0.338815451,0.0284060016,0.035546653,8.392625E-05,-0.265188247,-0.0006512316,0.0968484655,0.0112628881,-0.007706903,true,true,8,true,true,0.0159224719,0.007100387,0.22908777,0.06126807,0.109876558,0.248280331,0.8137954,right_forearm,true,0.00286932685,0,0.198795617,0.640782237,false,false,bar_height|bar_linear_stillness|knee_extension|hip_extension|local_trunk_erectness,1.39497,0.265189052,0.097805284,1.69658124,1.58276355,0.193133309,0.05,0.02,0.2,0.08726646,0.17453292,0.17453292,0.002584204,0.00863990653,0.00863990653,false,0.02264147,0.112395063,0.02501225,0.059393,0.00562982028,395.0083,0.197435036,abdomen,twist_x,0.00687533431,NA,NA,NA,true,-0.06942859,0.9172627,-0.09378823,0.00184755994,-0.250032961,-0.00440314831,-0.000226706266,0,-0.009878382,-0.1550563,0.135299534,-0.179305151,0.178851739,true,-0.07599205,0,-0.0926268
140,294,2.94,DESCENT,0.7320011,Descent,false,false,0.03748101,0.0359632373,0.03748101,99,NA,NA,false,false,NONE,-0.08088566,1.05210412,-0.101071469,0.9395737,0.3393055,0.0284886453,0.0355174839,0.0011249606,-0.2722897,-0.0006115768,0.104201205,0.0108418325,-0.007163481,true,true,8,true,true,0.0162789542,0.00735258358,0.229121476,0.0612343624,0.109902181,0.248254716,0.81378746,right_forearm,true,0.00289836479,0,0.200636223,0.638978362,false,false,bar_height|bar_linear_stillness|knee_extension|hip_extension|local_trunk_erectness,1.39497,0.2722927,0.105008341,1.70358384,1.58817458,0.194084242,0.05,0.02,0.2,0.08726646,0.17453292,0.17453292,0.00255648047,0.008407907,0.008407907,false,0.0226697475,0.1133052,0.0253353119,0.06018047,0.00578011665,401.884552,0.200871959,abdomen,twist_x,0.006927342,NA,NA,NA,true,-0.06940297,0.9146928,-0.0938219354,0.002921964,-0.256737739,-0.00472308137,-0.000226706266,0,-0.009878382,-0.1550563,0.135299534,-0.179305151,0.178851739,true,-0.0757804,0,-0.09257223
140,295,2.95,DESCENT,0.735001147,Descent,false,false,0.03521955,0.0336766243,0.03521955,99,NA,NA,false,false,NONE,-0.0808683261,1.04924858,-0.101068594,0.939384639,0.339824647,0.0285695735,0.0354894325,0.00217990787,-0.2784636,-0.0006084171,0.110334277,0.0104517629,-0.00659384951,true,true,8,true,true,0.009580081,0.00785013847,0.229157493,0.06119834,0.10993696,0.248219937,0.8137761,right_forearm,true,0.00292753475,0,0.202475876,0.636412144,false,false,bar_height|bar_linear_stillness|knee_extension|hip_extension|local_trunk_erectness,1.39497,0.2784728,0.111024193,1.71072793,1.59368277,0.195083186,0.05,0.02,0.2,0.08726646,0.17453292,0.17453292,0.00252538919,0.008158366,0.008158366,false,0.0227195136,0.114350639,0.02574779,0.06101617,0.00594256632,409.037842,0.204447359,abdomen,twist_x,0.006962584,NA,NA,NA,true,-0.06936819,0.912065446,-0.09385796,0.004033068,-0.26260066,-0.004958779,-0.000226706266,0,-0.009878382,-0.1550563,0.135299534,-0.179305151,0.178851739,true,-0.07553768,0,-0.09263397
140,296,2.96,DESCENT,0.738001168,Descent,false,false,0.0329064727,0.0313279033,0.0329064727,99,NA,NA,false,false,NONE,-0.08084025,1.04633951,-0.101065993,0.93918705,0.340366453,0.0286486372,0.0354628526,0.00322838314,-0.28374505,-0.0006551364,0.115045212,0.0100891609,-0.006006677,true,true,8,true,true,0.0160672758,0.00874440651,0.229195476,0.0611603633,0.109983511,0.248173386,0.8137621,right_forearm,true,0.002956068,0,0.204248562,0.6329322,false,false,bar_height|bar_linear_stillness|knee_extension|hip_extension|local_trunk_erectness,1.39497,0.283764184,0.115642868,1.71794963,1.59930372,0.196144044,0.05,0.02,0.2,0.08726646,0.17453292,0.17453292,0.00249168277,0.0079013,0.0079013,false,0.0227790773,0.115473524,0.0262713917,0.0619126447,0.006118455,415.4983,0.207676455,abdomen,twist_x,0.007037914,NA,NA,NA,true,-0.06932164,0.9093887,-0.0938959345,0.005042733,-0.2676749,-0.00518248323,-0.000226706266,0,-0.009878382,-0.1550563,0.135299534,-0.179305151,0.178851739,true,-0.0752639,0,-0.09283232
140,297,2.97,DESCENT,0.7410012,Descent,false,false,0.0305227637,0.0289257169,0.0305227637,99,NA,NA,false,false,NONE,-0.08080176,1.04338551,-0.101063684,0.938983142,0.34092468,0.028725706,0.03543803,0.00427025929,-0.288171679,-0.0007125965,0.1184998,0.009755164,-0.005399001,true,true,8,true,true,0.01649425,0.0104764076,0.229234844,0.06112098,0.110039532,0.248117357,0.8137459,right_forearm,true,0.00298392214,0,0.20598498,0.628766239,false,false,bar_height|bar_linear_stillness|knee_extension|hip_extension|local_trunk_erectness,1.39497,0.2882042,0.119023174,1.72529006,1.60500622,0.197230682,0.05,0.02,0.2,0.08726646,0.17453292,0.17453292,0.00245565921,0.00766812637,0.00766812637,false,0.0228148848,0.1167256,0.0268907845,0.06283713,0.00630379,422.157837,0.211005062,abdomen,twist_x,0.007089083,NA,NA,NA,true,-0.06926562,0.9066705,-0.09393532,0.00609496655,-0.271985322,-0.00537304534,-0.000226706266,0,-0.009878382,-0.1550563,0.135299534,-0.179305151,0.178851739,true,-0.07506848,0,-0.09282193
140,298,2.98,DESCENT,0.7440012,Descent,false,false,0.0280947685,0.0264759064,0.0280947685,99,NA,NA,false,false,NONE,-0.0807526559,1.04039514,-0.101062082,0.938774943,0.341493577,0.02880065,0.03541529,0.005335928,-0.291730672,-0.0008046448,0.120696761,0.009447154,-0.004771537,true,true,8,true,true,0.009894725,0.0137675311,0.229275391,0.06108044,0.110104352,0.248052537,0.813727438,right_forearm,true,0.00301166135,0,0.207702413,0.6241077,false,false,bar_height|bar_linear_stillness|knee_extension|hip_extension|local_trunk_erectness,1.39497,0.2917806,0.121159911,1.73272693,1.61075723,0.198325843,0.05,0.02,0.2,0.08726646,0.17453292,0.17453292,0.0024176836,0.0074320077,0.0074320077,false,0.022865776,0.118094265,0.0275769643,0.0637732,0.00649696728,429.386353,0.214618057,abdomen,twist_x,0.00712000625,NA,NA,NA,true,-0.0692008,0.903918564,-0.09397586,0.00716138072,-0.27551803,-0.0054739234,-0.000226706266,0,-0.009878382,-0.1550563,0.135299534,-0.179305151,0.178851739,true,-0.07487417,0,-0.092951104
140,299,2.99,DESCENT,0.747001231,Descent,false,false,0.0256427526,0.0239858627,0.0256427526,99,NA,NA,false,false,NONE,-0.08069261,1.03737688,-0.101061657,0.938564837,0.342066646,0.0288732946,0.0353949554,0.006404441,-0.294457227,-0.0009935643,0.121700026,0.00915677752,-0.00413311552,true,true,8,true,true,0.0163180809,0.00646441244,0.229311809,0.0610440224,0.110181563,0.24797532,0.8137074,right_forearm,true,0.003038708,0,0.209326684,0.6190373,false,false,bar_height|bar_linear_stillness|knee_extension|hip_extension|local_trunk_erectness,1.39497,0.294528544,0.122113988,1.740167,1.61656141,0.199473679,0.05,0.02,0.2,0.08726646,0.17453292,0.17453292,0.00237829983,0.007203347,0.007203347,false,0.0232560467,0.119466223,0.0283179563,0.0647636354,0.00669642724,436.7246,0.2182859,abdomen,twist_x,0.00719975075,NA,NA,NA,true,-0.06912359,0.901141763,-0.0940122753,0.008206143,-0.278186828,-0.0053601996,-0.000226706266,0,-0.009878382,-0.1550563,0.135299534,-0.179305151,0.178851739,true,-0.07420618,0,-0.0934427157
140,300,3,DESCENT,0.750001252,Descent,false,false,0.0231105685,0.0213456154,0.0231105685,99,NA,NA,false,false,NONE,-0.08062235,1.03433669,-0.101063825,0.9383557,0.3426358,0.0289433468,0.0353773274,0.007398512,-0.296525121,-0.001178562,0.120406851,0.00888419,-0.00347347837,true,true,8,true,true,0.01668504,0.015341538,0.229353234,0.0610025972,0.110266611,0.247890279,0.813685834,right_forearm,true,0.00306193531,0,0.210706145,0.6126765,false,false,bar_height|bar_linear_stillness|knee_extension|hip_extension|local_trunk_erectness,1.39497,0.296619743,0.120784119,1.7477082,1.62241983,0.200593531,0.05,0.02,0.2,0.08726646,0.17453292,0.17453292,0.00233776122,0.00700525846,0.00700525846,false,0.0232941527,0.120939516,0.02911907,0.06572653,0.006911675,441.7105,0.220777974,abdomen,twist_x,0.00724067353,NA,NA,NA,true,-0.06903854,0.8983458,-0.0940537,0.009117614,-0.280203,-0.00544661935,-0.000226706266,0,-0.009878382,-0.1550563,0.135299534,-0.179305151,0.178851739,true,-0.07381302,0,-0.09323392
140,301,3.0100000000000002,DESCENT,0.7530013,Descent,false,false,0.0206021667,0.0187965631,0.0206021667,99,NA,NA,false,false,NONE,-0.0805418,1.03128564,-0.101066507,0.9381493,0.343196362,0.0290107261,0.0353627019,0.008471368,-0.297619879,-0.00129691733,0.118713409,0.008630878,-0.00279615843,true,true,8,true,true,0.0103577338,0.0148035232,0.2293944,0.0609614179,0.110359795,0.2477971,0.8136607,right_forearm,true,0.00308964914,0,0.212453425,0.606963754,false,false,bar_height|bar_linear_stillness|knee_extension|hip_extension|local_trunk_erectness,1.39497,0.297743231,0.119059585,1.7552911,1.62828994,0.2016776,0.05,0.02,0.2,0.08726646,0.17453292,0.17453292,0.00230134279,0.00690725958,0.00690725958,false,0.0230852142,0.122535445,0.0300221145,0.06666698,0.007120806,448.5263,0.224184677,abdomen,twist_x,0.00726157473,NA,NA,NA,true,-0.0689453557,0.895537,-0.09409488,0.0100244842,-0.281310678,-0.00551834051,-0.000226706266,0,-0.009878382,-0.1550563,0.135299534,-0.179305151,0.178851739,true,-0.07314416,0,-0.09290535
140,302,3.02,DESCENT,0.7560013,Descent,false,false,0.0180692077,0.01626712,0.0180692077,99,NA,NA,false,false,NONE,-0.0804503858,1.02823079,-0.101070695,0.9379469,0.343744874,0.0290753283,0.035351228,0.009525066,-0.297936648,-0.00146789616,0.116115421,0.008386762,-0.00212012557,true,true,8,true,true,0.0165584,0.0146487476,0.229435012,0.06092082,0.110463247,0.247693643,0.813637,right_forearm,true,0.00311545073,0,0.21402505,0.6012957,false,false,bar_height|bar_linear_stillness|knee_extension|hip_extension|local_trunk_erectness,1.39497,0.298092484,0.116437212,1.76277769,1.63415873,0.202787682,0.05,0.02,0.2,0.08726646,0.17453292,0.17453292,0.00225991756,0.0067113596,0.0067113596,false,0.0230167657,0.124034926,0.0309038367,0.06762501,0.007319931,454.703064,0.227271974,abdomen,twist_x,0.00734261563,NA,NA,NA,true,-0.0688419044,0.8927251,-0.09413548,0.0108184535,-0.281625658,-0.00552460458,-0.000226706266,0,-0.009878382,-0.1550563,0.135299534,-0.179305151,0.178851739,true,-0.0724099353,0,-0.09310909
140,303,3.0300000000000002,DESCENT,0.7590013,Descent,false,false,0.0155009031,0.0137144327,0.0155009031,99,NA,NA,false,false,NONE,-0.08034908,1.0251801,-0.10107673,0.937749743,0.344278,0.0291370619,0.0353429727,0.0105240755,-0.2974485,-0.00166847464,0.112738818,0.008149944,-0.00144078,true,true,8,true,true,0.0110968892,0.0147519382,0.2294753,0.0608805269,0.110646069,0.247583643,0.813612342,right_forearm,true,0.00314110843,0,0.215584755,0.595796,false,false,bar_height|bar_linear_stillness|knee_extension|hip_extension|local_trunk_erectness,1.39497,0.297639281,0.1130422,1.77034867,1.64001977,0.20385778,0.05,0.02,0.2,0.08726646,0.17453292,0.17453292,0.0022187382,0.0065221726,0.0065221726,false,0.0230051689,0.125619248,0.03177903,0.06854387,0.007514454,460.707764,0.230273277,abdomen,twist_x,0.00736329937,NA,NA,NA,true,-0.068731904,0.8899173,-0.09417577,0.01167446,-0.281215131,-0.00547458045,-0.000263117254,0,-0.009878382,-0.1550563,0.135299534,-0.179377973,0.178851739,true,-0.071918495,0,-0.09310753
140,304,3.04,DESCENT,0.762001336,Descent,false,false,0.0129526258,0.0111390948,0.0129526258,99,NA,NA,false,false,NONE,-0.0802379251,1.02213943,-0.101084784,0.9375595,0.3447912,0.0291957539,0.0353381261,0.0114852134,-0.296417683,-0.00189005933,0.108454689,0.007914526,-0.000763275661,true,true,8,true,true,0.0167657286,0.0147584388,0.229514092,0.06084173,0.110765494,0.24746421,0.813587368,right_forearm,true,0.00316278334,0,0.216863617,0.590202,false,false,bar_height|bar_linear_stillness|knee_extension|hip_extension|local_trunk_erectness,1.39497,0.296646118,0.108745769,1.77783191,1.64591324,0.204905987,0.05,0.02,0.2,0.08726646,0.17453292,0.17453292,0.00217814,0.006360871,0.006360871,false,0.0229733158,0.127203,0.03276697,0.06944974,0.00771454163,465.385864,0.2326115,abdomen,twist_x,0.00743152341,NA,NA,NA,true,-0.06861248,0.887118936,-0.0942145661,0.0124222813,-0.280329853,-0.005402372,-0.000263117254,0,-0.009878382,-0.1550563,0.135299534,-0.179377973,0.178851739,true,-0.07154247,0,-0.09330275
140,305,3.0500000000000003,DESCENT,0.765001357,Descent,false,false,0.010361433,0.0085452795,0.010361433,99,NA,NA,false,false,NONE,-0.08011765,1.019115,-0.10109517,0.9373774,0.345281541,0.02925131,0.03533675,0.0124084009,-0.294733673,-0.00213395664,0.103465863,0.00768062659,-8.32784E-05,true,true,8,true,true,0.0111996764,0.0148379542,0.229552329,0.0608034953,0.110890925,0.247338787,0.813561857,right_forearm,true,0.00318387151,0,0.218112215,0.5847895,false,false,bar_height|bar_linear_stillness|knee_extension|hip_extension|local_trunk_erectness,1.39497,0.29500246,0.103750587,1.78535974,1.65176737,0.205899,0.05,0.02,0.2,0.08726646,0.17453292,0.17453292,0.00213784724,0.00622278871,0.00622278871,false,0.0229499768,0.128875166,0.0337566026,0.0703031048,0.00791022647,470.6949,0.235265091,abdomen,twist_x,0.007441446,NA,NA,NA,true,-0.06848705,0.8843351,-0.0942528,0.0132278893,-0.2788602,-0.005306362,-0.000263117254,0,-0.009878382,-0.1550563,0.135299534,-0.179377973,0.178851739,true,-0.071150206,0,-0.09325668
140,306,3.06,DESCENT,0.7680014,Descent,false,false,0.007808566,0.00595665,0.007808566,99,NA,NA,false,false,NONE,-0.0799883,1.016113,-0.101108104,0.9372047,0.345745146,0.0293035638,0.03533899,0.0132907871,-0.292446047,-0.00240867818,0.09776124,0.007445355,0.000592865865,true,true,8,true,true,0.0168943647,0.0147733176,0.229588851,0.06076698,0.111025356,0.247204363,0.813535452,right_forearm,true,0.00320372614,0,0.2192677,0.579452634,false,false,bar_height|bar_linear_stillness|knee_extension|hip_extension|local_trunk_erectness,1.39497,0.2927578,0.09804614,1.79271865,1.65755892,0.2068965,0.05,0.02,0.2,0.08726646,0.17453292,0.17453292,0.002099052,0.00609924644,0.00609924644,false,0.02292623,0.130378619,0.0346866958,0.07116249,0.008097895,475.6178,0.23772569,abdomen,twist_x,0.00751447,NA,NA,NA,true,-0.06835262,0.8815717,-0.09428932,0.013922153,-0.2768057,-0.005210245,-0.000263117254,0,-0.009878382,-0.1550563,0.135299534,-0.179377973,0.178851739,true,-0.07068966,0,-0.09337872
140,307,3.0700000000000003,DESCENT,0.7710014,Descent,false,false,0.005238056,0.0033813715,0.005238056,99,NA,NA,false,false,NONE,-0.07985041,1.01313746,-0.101123437,0.937042534,0.346179873,0.0293524433,0.03534487,0.0141628468,-0.289789677,-0.0026579327,0.09148938,0.007208097,0.00126848021,true,true,8,true,true,0.011412099,0.0148144672,0.229624629,0.0607311949,0.111165315,0.2470644,0.8135102,right_forearm,true,0.00322018913,0,0.22023043,0.574235141,false,false,bar_height|bar_linear_stillness|knee_extension|hip_extension|local_trunk_erectness,1.39497,0.290147722,0.09178166,1.800191,1.66339612,0.207772017,0.05,0.02,0.2,0.08726646,0.17453292,0.17453292,0.00206081569,0.00598720368,0.00598720368,false,0.0228715539,0.132056192,0.0357159,0.07190336,0.008277585,478.7607,0.2392966,abdomen,twist_x,0.00750719476,NA,NA,NA,true,-0.06821266,0.8788324,-0.0943251,0.01468786,-0.274436384,-0.00507546728,-0.000263117254,0,-0.009878382,-0.1550563,0.135299534,-0.179377973,0.178851739,true,-0.07047224,0,-0.0933159143
140,308,3.08,DESCENT,0.7740014,Descent,false,false,0.00269460678,0.0008055568,0.00269460678,99,NA,NA,false,false,NONE,-0.0797038153,1.01019239,-0.10114146,0.936891735,0.34658286,0.0293978173,0.03535447,0.0150075974,-0.286700547,-0.00294044,0.08472444,0.006966655,0.00193668285,true,true,8,true,true,0.0170617141,0.014738149,0.229658425,0.0606974065,0.111313984,0.246915728,0.813485444,right_forearm,true,0.00323515432,0,0.221072823,0.5691689,false,false,bar_height|bar_linear_stillness|knee_extension|hip_extension|local_trunk_erectness,1.39497,0.287108123,0.08503244,1.80743134,1.66913283,0.2086496,0.05,0.02,0.2,0.08726646,0.17453292,0.17453292,0.0020243004,0.00588193676,0.00588193676,false,0.0228151251,0.133622929,0.03674756,0.07265453,0.008454892,482.9999,0.241415456,abdomen,twist_x,0.00757419225,NA,NA,NA,true,-0.06806399,0.8761206,-0.09435889,0.0153494393,-0.271661758,-0.00495966524,-0.000263117254,0,-0.009878382,-0.1550563,0.135299534,-0.179377973,0.178851739,true,-0.07010609,0,-0.0934614
140,309,3.09,DESCENT,0.777001441,Descent,false,false,0.0001462102,-0.00174182653,0.0001462102,99,NA,NA,false,false,NONE,-0.07954924,1.007283,-0.1011623,0.9367528,0.3469533,0.0294396617,0.0353677645,0.0158223212,-0.283085853,-0.00322947185,0.07767499,0.00672274269,0.00260160421,true,true,8,true,true,0.0114068547,0.0147526758,0.22969155,0.06066428,0.111467808,0.2467619,0.8134607,right_forearm,true,0.00325098541,0,0.221994922,0.564465046,false,false,bar_height|bar_linear_stillness|knee_extension|hip_extension|local_trunk_erectness,1.39497,0.28354606,0.07800877,1.81471014,1.67480052,0.209455088,0.05,0.02,0.2,0.08726646,0.17453292,0.17453292,0.00198851526,0.00579465367,0.00579465367,false,0.0227534585,0.135227814,0.03771339,0.07333199,0.008617803,486.784637,0.243307158,abdomen,twist_x,0.007571842,NA,NA,NA,true,-0.0679101646,0.8734416,-0.09439202,0.0160785131,-0.268373817,-0.00483005354,-0.000263117254,0,-0.009878382,-0.1550563,0.135299534,-0.179377973,0.178851739,true,-0.06975069,0,-0.09333658
140,310,3.1,DESCENT,0.780001462,Descent,false,false,-0.00234267116,-0.00426274538,-0.00234267116,99,NA,NA,false,false,NONE,-0.0793862939,1.004411,-0.101185672,0.9366266,0.347288847,0.0294778571,0.0353848077,0.0166389,-0.279367864,-0.00349768158,0.07025539,0.00647153053,0.00325591769,true,true,8,true,true,0.0171937048,0.0146625042,0.22972253,0.06063331,0.111630119,0.246599585,0.8134377,right_forearm,true,0.00326108746,0,0.222542375,0.5597767,false,false,bar_height|bar_linear_stillness|knee_extension|hip_extension|local_trunk_erectness,1.39497,0.2798848,0.07062791,1.8218472,1.68048859,0.2101882,0.05,0.02,0.2,0.08726646,0.17453292,0.17453292,0.00195472687,0.00570775848,0.00570775848,false,0.0226683468,0.136691317,0.0386999473,0.07394016,0.008766584,488.424469,0.244126782,abdomen,twist_x,0.00762189273,NA,NA,NA,true,-0.06774785,0.870796859,-0.09442299,0.0167148355,-0.26500684,-0.004689427,-0.000263117254,0,-0.009878382,-0.1550563,0.135299534,-0.179377973,0.178851739,true,-0.06958958,0,-0.09348225
140,311,3.11,DESCENT,0.7830015,Descent,false,false,-0.0048623383,-0.006774068,-0.0048623383,99,NA,NA,false,false,NONE,-0.07921552,1.00157917,-0.101211905,0.9365131,0.3475898,0.0295124166,0.035405498,0.0174383018,-0.2753068,-0.00378303,0.06276458,0.00621498143,0.00390343647,true,true,8,true,true,0.0114495475,0.0146913556,0.2297528,0.0606030375,0.111797363,0.246432349,0.8134161,right_forearm,true,0.00327155064,0,0.223124519,0.555483341,false,false,bar_height|bar_linear_stillness|knee_extension|hip_extension|local_trunk_erectness,1.39497,0.275884449,0.0631922,1.82897043,1.68607461,0.210849687,0.05,0.02,0.2,0.08726646,0.17453292,0.17453292,0.00192160159,0.00562886149,0.00562886149,false,0.02257303,0.138372585,0.03978007,0.07448823,0.008916597,491.5091,0.24566856,abdomen,twist_x,0.007609777,NA,NA,NA,true,-0.06758061,0.8681883,-0.09445326,0.017426936,-0.26133582,-0.004557791,-0.000263117254,0,-0.009878382,-0.1550563,0.135299534,-0.179377973,0.178851739,true,-0.0693376139,0,-0.09340336
140,312,3.12,DESCENT,0.7860015,Descent,true,true,-0.007309079,-0.009247124,-0.007309079,99,NA,NA,false,false,NONE,-0.07903679,0.998791337,-0.101241082,0.9364127,0.347855121,0.0295432676,0.0354298539,0.0182091724,-0.270890653,-0.00409070961,0.05519089,0.0059512374,0.00453795027,true,true,8,true,true,0.0172272678,0.0145738171,0.2297811,0.0605747253,0.111972913,0.2462568,0.8133943,right_forearm,true,0.003282091,0,0.223706171,0.5514754,false,false,bar_height|bar_linear_stillness|knee_extension|hip_extension|local_trunk_erectness,1.39497,0.271532774,0.0556960031,1.83584833,1.69153368,0.211515889,0.05,0.02,0.2,0.08726646,0.17453292,0.17453292,0.00189062953,0.0055626994,0.0055626994,false,0.0224726386,0.139808446,0.0407354347,0.0750415549,0.00905201,494.429749,0.247128367,abdomen,twist_x,0.00767209241,NA,NA,NA,true,-0.06740506,0.8656203,-0.09448157,0.0180352,-0.257280052,-0.004444765,-0.000263117254,0,-0.009878382,-0.1550563,0.135299534,-0.179377973,0.178851739,true,-0.06896653,0,-0.09348191
140,313,3.13,DESCENT,0.7890015,Descent,true,true,-0.009750962,-0.0116801858,-0.009750962,99,NA,NA,false,false,NONE,-0.07885078,0.9960513,-0.1012733,0.9363251,0.3480858,0.0295704566,0.03545775,0.0189552028,-0.2660743,-0.0043960195,0.04770277,0.005681888,0.00516398251,true,true,8,true,true,0.0115638124,0.0145821162,0.229809,0.06054683,0.112153135,0.246076584,0.8133731,right_forearm,true,0.00329362275,0,0.224380285,0.5478964,false,false,bar_height|bar_linear_stillness|knee_extension|hip_extension|local_trunk_erectness,1.39497,0.266784847,0.0483167134,1.84275544,1.69690859,0.212102309,0.05,0.02,0.2,0.08726646,0.17453292,0.17453292,0.00186035782,0.00549575966,0.00549575966,false,0.022384366,0.141273633,0.0416062921,0.0755146444,0.009170393,496.742371,0.24828428,abdomen,twist_x,0.0076575526,NA,NA,NA,true,-0.06722484,0.8630965,-0.09450947,0.0187181234,-0.252858281,-0.00433103647,-0.000263117254,0,-0.009878382,-0.1550563,0.135299534,-0.179377973,0.178851739,true,-0.06867979,0,-0.09333567
140,314,3.14,DESCENT,0.792001545,Descent,true,true,-0.012122184,-0.0140774548,-0.012122184,99,NA,NA,false,false,NONE,-0.07865701,0.993359149,-0.101308152,0.936250567,0.348280877,0.0295939036,0.0354891643,0.01971441,-0.2613315,-0.004670901,0.0401493758,0.00540196057,0.00577425258,true,true,8,true,true,0.0173431709,0.0144784339,0.229834944,0.06052088,0.112341441,0.245888263,0.8133539,right_forearm,true,0.003299073,0,0.224660441,0.5443251,false,false,bar_height|bar_linear_stillness|knee_extension|hip_extension|local_trunk_erectness,1.39497,0.2621157,0.0409206,1.84949434,1.702295,0.212612987,0.05,0.02,0.2,0.08726646,0.17453292,0.17453292,0.00183204561,0.00542920548,0.00542920548,false,0.02224019,0.14275898,0.0426461473,0.0759214461,0.009286138,496.914978,0.248370543,abdomen,twist_x,0.007697103,NA,NA,NA,true,-0.06703653,0.860616446,-0.09453542,0.0193123054,-0.2485396,-0.004214588,-0.000263117254,0,-0.009878382,-0.1550563,0.135299534,-0.179377973,0.178851739,true,-0.06859348,0,-0.09347956
140,315,3.15,DESCENT,0.795001566,Descent,true,true,-0.0145187378,-0.0164574981,-0.0145187378,99,NA,NA,false,false,NONE,-0.07845588,0.9907158,-0.101345956,0.936188638,0.348442137,0.0296136718,0.03552392,0.0204678141,-0.256409466,-0.00495858537,0.032830596,0.00511276629,0.00637250766,true,true,8,true,true,0.0115651209,0.0144997165,0.2298606,0.06049522,0.112534307,0.245695412,0.8133368,right_forearm,true,0.003304641,0,0.22495684,0.541145146,false,false,bar_height|bar_linear_stillness|knee_extension|hip_extension|local_trunk_erectness,1.39497,0.257272869,0.0338318981,1.8562032,1.707563,0.213049576,0.05,0.02,0.2,0.08726646,0.17453292,0.17453292,0.00180415064,0.00536455866,0.00536455866,false,0.0221195146,0.144308,0.04364601,0.0762590244,0.009392404,498.60968,0.2492176,abdomen,twist_x,0.007672719,NA,NA,NA,true,-0.0668436661,0.858180761,-0.09456108,0.0199873839,-0.244074315,-0.00411944,-0.000263117254,0,-0.009878382,-0.1550563,0.135299534,-0.179377973,0.178851739,true,-0.0684050843,0,-0.09339486
140,316,3.16,DESCENT,0.7980016,Descent,true,true,-0.01683116,-0.018789947,-0.01683116,99,NA,NA,false,false,NONE,-0.07824719,0.988123655,-0.101386718,0.9361391,0.34856984,0.0296297278,0.0355619639,0.02120059,-0.251288652,-0.00526462262,0.0257141832,0.004812536,0.00695269555,true,true,8,true,true,0.0173291545,0.0143634742,0.229884729,0.0604711026,0.112735145,0.245494574,0.8133196,right_forearm,true,0.00331028854,0,0.2252541,0.538249135,false,false,bar_height|bar_linear_stillness|knee_extension|hip_extension|local_trunk_erectness,1.39497,0.252236336,0.0270687956,1.86264026,1.712686,0.213495344,0.05,0.02,0.2,0.08726646,0.17453292,0.17453292,0.00177820027,0.005308585,0.005308585,false,0.021999253,0.145585388,0.0445024446,0.07660571,0.009483994,500.246338,0.250035644,abdomen,twist_x,0.00772580039,NA,NA,NA,true,-0.06664283,0.855791867,-0.0945851952,0.0205617528,-0.239364058,-0.00404950464,-0.000263117254,0,-0.009878382,-0.1550563,0.135299534,-0.179377973,0.178851739,true,-0.0680829957,0,-0.0934693962
140,317,3.17,DESCENT,0.8010016,Descent,true,true,-0.01913163,-0.0210738182,-0.01913163,99,NA,NA,false,false,NONE,-0.07803118,0.9855811,-0.101430006,0.936101556,0.348665446,0.0296421126,0.03560311,0.0219591577,-0.246370241,-0.00551335048,0.0187855363,0.00449906336,0.007518058,true,true,8,true,true,0.0117471041,0.014367993,0.2299088,0.0604470372,0.112940483,0.245289236,0.8133056,right_forearm,true,0.00331101054,0,0.225269526,0.5354373,false,false,bar_height|bar_linear_stillness|knee_extension|hip_extension|local_trunk_erectness,1.39497,0.24740836,0.0207282212,1.86919832,1.7178719,0.213774875,0.05,0.02,0.2,0.08726646,0.17453292,0.17453292,0.00175254047,0.005245413,0.005245413,false,0.0218426157,0.147094846,0.045512896,0.07679219,0.009565159,498.9031,0.249364272,abdomen,twist_x,0.00767978327,NA,NA,NA,true,-0.06643749,0.853448749,-0.09460926,0.0212317631,-0.234872654,-0.00395415071,-0.000263117254,0,-0.009878382,-0.1550563,0.135299534,-0.179377973,0.178851739,true,-0.06811456,0,-0.09338953
140,318,3.18,DESCENT,0.8040016,Descent,true,true,-0.0213892758,-0.0233447552,-0.0213892758,99,NA,NA,false,false,NONE,-0.0778074339,0.983087838,-0.101476088,0.936075568,0.348729968,0.02965081,0.0356472433,0.0227078479,-0.2414276,-0.00579415075,0.012183914,0.00417113071,0.00806205,true,true,8,true,true,0.0173859056,0.0142556448,0.229931429,0.0604244024,0.113153771,0.245075941,0.813293,right_forearm,true,0.00331147248,0,0.225242734,0.532896459,false,false,bar_height|bar_linear_stillness|knee_extension|hip_extension|local_trunk_erectness,1.39497,0.242562369,0.01519351,1.87542248,1.72288,0.214079708,0.05,0.02,0.2,0.08726646,0.17453292,0.17453292,0.00172842294,0.00517841149,0.00517841149,false,0.0216974691,0.148491427,0.04652958,0.07701166,0.009647636,500.116455,0.249970734,abdomen,twist_x,0.007725373,NA,NA,NA,true,-0.0662242,0.8511502,-0.0946318954,0.0218081083,-0.230357334,-0.003908872,-0.000263117254,0,-0.009878382,-0.1550563,0.135299534,-0.179377973,0.178851739,true,-0.0678889155,0,-0.093539156
140,319,3.19,DESCENT,0.80700165,Descent,true,true,-0.0236254036,-0.0255585015,-0.0236254036,99,NA,NA,false,false,NONE,-0.07757661,0.980645835,-0.101525046,0.9360602,0.348766,0.0296559054,0.0356941335,0.0234367326,-0.2362729,-0.00607684348,0.00603887346,0.00383048272,0.008589626,true,true,8,true,true,0.0115687819,0.01423528,0.229954526,0.0604013056,0.113371477,0.244858235,0.813280642,right_forearm,true,0.0033148923,0,0.225438789,0.5308124,false,false,bar_height|bar_linear_stillness|knee_extension|hip_extension|local_trunk_erectness,1.39497,0.237510189,0.0111768628,1.88164985,1.72776425,0.21432282,0.05,0.02,0.2,0.08726646,0.17453292,0.17453292,0.00170435756,0.00512155937,0.00512155937,false,0.0215591453,0.149891421,0.04742382,0.0771734,0.009714771,500.994263,0.250409484,abdomen,twist_x,0.007698205,NA,NA,NA,true,-0.0660065,0.8488992,-0.09465499,0.0224640649,-0.225589111,-0.0038740756,-0.000263117254,0,-0.009878382,-0.1550563,0.135299534,-0.179377973,0.178851739,true,-0.0676132,0,-0.09338008
140,320,3.2,DESCENT,0.8100017,Descent,true,true,-0.0257747769,-0.0277242064,-0.0257747769,99,NA,NA,false,false,NONE,-0.0773380846,0.9782524,-0.101576224,0.936055362,0.348773837,0.0296573471,0.0357436836,0.0241920762,-0.231499344,-0.0063056834,8.18601256E-05,0.00347168557,0.0090934895,true,true,8,true,true,0.0173884686,0.0141019374,0.229976431,0.0603794,0.113597095,0.244632617,0.8132708,right_forearm,true,0.00331147364,0,0.225198537,0.5286163,false,false,bar_height|bar_linear_stillness|knee_extension|hip_extension|local_trunk_erectness,1.39497,0.232845366,0.009734005,1.88773024,1.732695,0.214482144,0.05,0.02,0.2,0.08726646,0.17453292,0.17453292,0.0016817227,0.00505071133,0.00505071133,false,0.0213992856,0.151144847,0.04836236,0.07724906,0.009766331,498.783142,0.249304309,abdomen,twist_x,0.00772022875,NA,NA,NA,true,-0.06578088,0.8466928,-0.0946769,0.0230395868,-0.221203417,-0.00382756745,-0.000263117254,0,-0.009878382,-0.1550563,0.135299534,-0.179377973,0.178851739,true,-0.06763355,0,-0.0935387239
140,321,3.21,DESCENT,0.8130017,Descent,true,true,-0.02795726,-0.0298778713,-0.02795726,99,NA,NA,false,false,NONE,-0.07709225,0.97590667,-0.10163004,0.936059833,0.3487567,0.0296552349,0.0357956141,0.024940785,-0.226689279,-0.006554832,-0.00533282757,0.003096677,0.009577829,true,true,8,true,true,0.0115076164,0.0141145876,0.229998916,0.0603569075,0.113827154,0.244402558,0.813263,right_forearm,true,0.00331018749,0,0.225100756,0.5268714,false,false,bar_height|bar_linear_stillness|knee_extension|hip_extension|local_trunk_erectness,1.39497,0.228151351,0.0113913687,1.89374435,1.73746812,0.214601278,0.05,0.02,0.2,0.08726646,0.17453292,0.17453292,0.0016586259,0.00497395452,0.00497395452,false,0.0212416388,0.152714223,0.0494600162,0.07730127,0.00982980151,499.435272,0.249630257,abdomen,twist_x,0.00768597331,NA,NA,NA,true,-0.06555082,0.844529867,-0.09469939,0.0237004217,-0.216804475,-0.00381928426,-0.000263117254,0,-0.009878382,-0.1550563,0.135299534,-0.179377973,0.178851739,true,-0.06746019,0,-0.09347696
140,322,3.22,DESCENT,0.8160017,Descent,true,true,-0.030043304,-0.0319747925,-0.030043304,99,NA,NA,false,false,NONE,-0.07683902,0.9736105,-0.101686478,0.9360731,0.348716,0.029649565,0.03584979,0.02565793,-0.221727163,-0.00682327244,-0.0102981031,0.002705365,0.0100373738,true,true,8,true,true,0.0172653534,0.0139535768,0.230020836,0.0603349954,0.114065066,0.244164646,0.8132543,right_forearm,true,0.00331142731,0,0.225165144,0.5254633,false,false,bar_height|bar_linear_stillness|knee_extension|hip_extension|local_trunk_erectness,1.39497,0.223311037,0.0146327987,1.89947093,1.74206579,0.214764848,0.05,0.02,0.2,0.08726646,0.17453292,0.17453292,0.00163672119,0.00490644434,0.00490644434,false,0.0210890267,0.1539958,0.05038421,0.0773974,0.00988111,500.261719,0.250043333,abdomen,twist_x,0.00773342652,NA,NA,NA,true,-0.06531291,0.8424128,-0.0947213,0.0242591389,-0.212183088,-0.0038420544,-0.000263117254,0,-0.009878382,-0.1550563,0.135299534,-0.179377973,0.178851739,true,-0.0670933947,0,-0.0935432762
140,323,3.23,DESCENT,0.819001734,Descent,true,true,-0.03211105,-0.0340182781,-0.03211105,99,NA,NA,false,false,NONE,-0.0765791,0.9713663,-0.101745583,0.936094046,0.348654747,0.0296404436,0.03590595,0.0263482779,-0.216515124,-0.007084306,-0.0147292316,0.00229946035,0.0104772933,true,true,8,true,true,0.0115931723,0.0139296735,0.230043888,0.06031195,0.114307255,0.243922457,0.8132453,right_forearm,true,0.00331575656,0,0.2254635,0.5245198,false,false,bar_height|bar_linear_stillness|knee_extension|hip_extension|local_trunk_erectness,1.39497,0.218227446,0.01822118,1.90521407,1.74654794,0.214882717,0.05,0.02,0.2,0.08726646,0.17453292,0.17453292,0.00161422789,0.004821675,0.004821675,false,0.0209708363,0.1552944,0.051188793,0.07744759,0.009918089,500.637146,0.250231,abdomen,twist_x,0.007703433,NA,NA,NA,true,-0.06507072,0.8403442,-0.09474435,0.02489436,-0.207335487,-0.00387812173,-0.000263117254,0,-0.009878382,-0.1550563,0.135299534,-0.179377973,0.178851739,true,-0.0668014362,0,-0.09338928
140,324,3.24,DESCENT,0.822001755,Descent,true,true,-0.0340955257,-0.0360176265,-0.0340955257,99,NA,NA,false,false,NONE,-0.0763121545,0.9691738,-0.101806939,0.9361222,0.348574221,0.029627854,0.0359639525,0.027034495,-0.211385518,-0.007313281,-0.0187854376,0.001876182,0.0108914375,true,true,8,true,true,0.0172316171,0.0137859443,0.230066627,0.06028921,0.114556946,0.243672758,0.8132368,right_forearm,true,0.003316931,0,0.2255621,0.5237029,false,false,bar_height|bar_linear_stillness|knee_extension|hip_extension|local_trunk_erectness,1.39497,0.2132327,0.0217953231,1.91073561,1.75097263,0.214986071,0.05,0.02,0.2,0.08726646,0.17453292,0.17453292,0.00159231573,0.004727029,0.004727029,false,0.02083313,0.156494334,0.0520391278,0.07749294,0.009962656,499.907043,0.249866053,abdomen,twist_x,0.007735752,NA,NA,NA,true,-0.06482103,0.838323236,-0.0947670862,0.0254340172,-0.202603146,-0.00392648857,-0.000263117254,0,-0.009878382,-0.1550563,0.135299534,-0.179377973,0.178851739,true,-0.0666165948,0,-0.09353457
140,325,3.25,DESCENT,0.8250018,Descent,true,true,-0.0360913873,-0.0379867852,-0.0360913873,99,NA,NA,false,false,NONE,-0.07603862,0.967033267,-0.101870738,0.9361566,0.348477185,0.0296118911,0.0360235274,0.0277129989,-0.206165463,-0.007547469,-0.0223791171,0.00143603387,0.0112838577,true,true,8,true,true,0.0116198063,0.0137740308,0.230090827,0.0602650046,0.11481075,0.243418962,0.81322974,right_forearm,true,0.00331906858,0,0.225731924,0.5232223,false,false,bar_height|bar_linear_stillness|knee_extension|hip_extension|local_trunk_erectness,1.39497,0.2081566,0.0251040347,1.91624463,1.75528026,0.21504052,0.05,0.02,0.2,0.08726646,0.17453292,0.17453292,0.00156927109,0.00462274859,0.00462274859,false,0.0207301434,0.157742754,0.0528224148,0.0774949,0.0100014452,499.939423,0.249882236,abdomen,twist_x,0.00769836642,NA,NA,NA,true,-0.06456722,0.8363498,-0.09479129,0.0260491278,-0.1978214,-0.0039976486,-0.000263117254,0,-0.009878382,-0.1550563,0.135299534,-0.179377973,0.178851739,true,-0.06639758,0,-0.093448
140,326,3.2600000000000002,DESCENT,0.8280018,Descent,true,true,-0.0379999,-0.0399079919,-0.0379999,99,NA,NA,false,false,NONE,-0.07575832,0.9649456,-0.101936951,0.936196744,0.348364562,0.0295925252,0.0360845365,0.0283704512,-0.200888991,-0.00779385958,-0.0256445259,0.000978622,0.0116488375,true,true,8,true,true,0.017148206,0.0136141349,0.2301151,0.06024073,0.115071788,0.243157923,0.8132224,right_forearm,true,0.00332092517,0,0.225871116,0.522844553,false,false,bar_height|bar_linear_stillness|knee_extension|hip_extension|local_trunk_erectness,1.39497,0.203032047,0.0281832367,1.92146623,1.7594409,0.215130478,0.05,0.02,0.2,0.08726646,0.17453292,0.17453292,0.00154653192,0.004514851,0.004514851,false,0.02064485,0.158703849,0.0534581132,0.07753112,0.010029004,500.040771,0.2499329,abdomen,twist_x,0.007738378,NA,NA,NA,true,-0.0643061846,0.834425,-0.09481557,0.0265625231,-0.192957148,-0.004089744,-0.000263117254,0,-0.009878382,-0.1550563,0.135299534,-0.179377973,0.178851739,true,-0.06607648,0,-0.09355302
140,327,3.27,DESCENT,0.8310018,Descent,true,true,-0.03989771,-0.0417801738,-0.03989771,99,NA,NA,false,false,NONE,-0.0754718,0.962911963,-0.1020055,0.936241567,0.348239481,0.02956986,0.03614669,0.0290138535,-0.1954691,-0.008017597,-0.0283534937,0.000503664836,0.0119908238,true,true,8,true,true,0.0116476528,0.0135805951,0.230141282,0.06021454,0.115336686,0.242893025,0.813214839,right_forearm,true,0.00332421879,0,0.226138741,0.5229502,false,false,bar_height|bar_linear_stillness|knee_extension|hip_extension|local_trunk_erectness,1.39497,0.197773233,0.0307888631,1.92670465,1.763496,0.215173781,0.05,0.02,0.2,0.08726646,0.17453292,0.17453292,0.001522325,0.00439229235,0.00439229235,false,0.0205967017,0.159668073,0.0539758876,0.07752012,0.0100592123,500.180176,0.250002563,abdomen,twist_x,0.00770174572,NA,NA,NA,true,-0.06404129,0.83254987,-0.0948417559,0.0271449871,-0.187967017,-0.00419625361,-0.000263117254,0,-0.009878382,-0.1550563,0.135299534,-0.179377973,0.178851739,true,-0.06579679,0,-0.09346416
140,328,3.2800000000000002,DESCENT,0.834001839,Descent,true,true,-0.0417105556,-0.0436074138,-0.0417105556,99,NA,NA,false,false,NONE,-0.07517884,0.9609327,-0.102076307,0.936291,0.3481023,0.0295438543,0.03620986,0.029640412,-0.190059543,-0.008250507,-0.030871788,1.04287174E-05,0.0123039624,true,true,8,true,true,0.0170754567,0.0134233,0.230167747,0.0601880774,0.115608424,0.242621288,0.813208,right_forearm,true,0.003325851,0,0.226278245,0.522978,false,false,bar_height|bar_linear_stillness|knee_extension|hip_extension|local_trunk_erectness,1.39497,0.192533776,0.03323334,1.93166614,1.76743257,0.215239272,0.05,0.02,0.2,0.08726646,0.17453292,0.17453292,0.001498051,0.00426128,0.00426128,false,0.02056226,0.160327449,0.0543552376,0.0775395557,0.0100864191,499.829468,0.249827281,abdomen,twist_x,0.007737703,NA,NA,NA,true,-0.06376955,0.8307246,-0.09486822,0.0276273061,-0.182987154,-0.00431179255,-0.000263117254,0,-0.009878382,-0.1550563,0.135299534,-0.179377973,0.178851739,true,-0.06551235,0,-0.09358941
140,329,3.29,DESCENT,0.83700186,Descent,true,true,-0.0435211957,-0.04539138,-0.0435211957,99,NA,NA,false,false,NONE,-0.07487981,0.959007144,-0.102149434,0.936344266,0.34795478,0.0295145437,0.0362737961,0.0302690268,-0.184680223,-0.00847301353,-0.0331580676,-0.0005027505,0.0125916386,true,true,8,true,true,0.0117025366,0.013396115,0.230196312,0.06015952,0.115883775,0.242345929,0.8132022,right_forearm,true,0.00332662323,0,0.226376727,0.523081958,false,false,bar_height|bar_linear_stillness|knee_extension|hip_extension|local_trunk_erectness,1.39497,0.187336043,0.0354719535,1.9366678,1.771308,0.21522817,0.05,0.02,0.2,0.08726646,0.17453292,0.17453292,0.0014718622,0.00411713542,0.00411713542,false,0.0205582213,0.161027327,0.05467043,0.07748397,0.0101000387,498.785126,0.2493053,abdomen,twist_x,0.007691715,NA,NA,NA,true,-0.0634942,0.828948736,-0.09489678,0.0281824358,-0.178058431,-0.004427119,-0.000263117254,0,-0.009878382,-0.1550563,0.135299534,-0.179377973,0.178851739,true,-0.0653274655,0,-0.09350898
140,330,3.3000000000000003,DESCENT,0.8400019,Descent,true,true,-0.04525268,-0.0471362472,-0.04525268,99,NA,NA,false,false,NONE,-0.07457443,0.9571345,-0.102224633,0.9364012,0.347797573,0.0294818915,0.0363383368,0.0308869183,-0.179423571,-0.00868401,-0.035150744,-0.00103641162,0.0128479348,true,true,8,true,true,0.01702218,0.0132397357,0.230225161,0.06013067,0.116165675,0.242064029,0.8131971,right_forearm,true,0.00332523161,0,0.22632952,0.523248,false,false,bar_height|bar_linear_stillness|knee_extension|hip_extension|local_trunk_erectness,1.39497,0.182269663,0.03743953,1.9413743,1.775061,0.215242609,0.05,0.02,0.2,0.08726646,0.17453292,0.17453292,0.00144539773,0.003968379,0.003968379,false,0.0205773264,0.1614322,0.0548619442,0.07745057,0.0101120528,498.2834,0.249054521,abdomen,twist_x,0.00772444,NA,NA,NA,true,-0.0632123,0.827221036,-0.09492563,0.0286403056,-0.173241079,-0.004553077,-0.000263117254,0,-0.009878382,-0.1550563,0.135299534,-0.179377973,0.178851739,true,-0.06507203,0,-0.09369312
140,331,3.31,DESCENT,0.8430019,Descent,true,true,-0.04698187,-0.04883623,-0.04698187,99,NA,NA,false,false,NONE,-0.07426302,0.955312967,-0.102301955,0.93646127,0.347631961,0.029445909,0.0364032276,0.03151221,-0.174317583,-0.008885704,-0.03702016,-0.00159260863,0.0130761247,true,true,8,true,true,0.0116815586,0.0132094789,0.230256185,0.0600996464,0.116450995,0.241778716,0.8131936,right_forearm,true,0.00332279,0,0.226222888,0.5233977,false,false,bar_height|bar_linear_stillness|knee_extension|hip_extension|local_trunk_erectness,1.39497,0.1773657,0.03929394,1.94613743,1.7787714,0.215173781,0.05,0.02,0.2,0.08726646,0.17453292,0.17453292,0.00141683966,0.00381151447,0.00381151447,false,0.0206117537,0.161860272,0.05498818,0.07734369,0.0101234438,496.711365,0.248268783,abdomen,twist_x,0.007672599,NA,NA,NA,true,-0.06292698,0.825540364,-0.09495665,0.029173784,-0.168560818,-0.00467061531,-0.000263117254,0,-0.009878382,-0.1550563,0.135299534,-0.179377973,0.178851739,true,-0.06491937,0,-0.0936262
140,332,3.3200000000000003,DESCENT,0.8460019,Descent,true,true,-0.04863462,-0.0505000353,-0.04863462,99,NA,NA,false,false,NONE,-0.07394523,0.9535401,-0.102381259,0.936524749,0.347457439,0.02940651,0.0364683233,0.03213376,-0.169490129,-0.009088531,-0.0388500728,-0.00217184657,0.0132700466,true,true,8,true,true,0.0169623941,0.0130540757,0.2302874,0.06006842,0.116742693,0.241487026,0.81319195,right_forearm,true,0.003317504,0,0.225913316,0.523329556,false,false,bar_height|bar_linear_stillness|knee_extension|hip_extension|local_trunk_erectness,1.39497,0.17274861,0.0411113,1.95061839,1.78238857,0.215116039,0.05,0.02,0.2,0.08726646,0.17453292,0.17453292,0.001387991,0.00364935282,0.00364935282,false,0.020663159,0.162006587,0.0550201721,0.07724702,0.0101221651,495.217957,0.247522339,abdomen,twist_x,0.007698991,NA,NA,NA,true,-0.06263528,0.8239039,-0.09498788,0.0296178386,-0.164131269,-0.004784052,-0.000263117254,0,-0.009878382,-0.1550563,0.135299534,-0.179377973,0.178851739,true,-0.06473355,0,-0.09380893
140,333,3.33,DESCENT,0.849001944,Descent,true,true,-0.0502918363,-0.05212447,-0.0502918363,99,NA,NA,false,false,NONE,-0.07362133,0.951813,-0.102462552,0.936591148,0.347275168,0.0293637011,0.0365333557,0.03276672,-0.164925784,-0.009274842,-0.04057192,-0.0027759627,0.0134329814,true,true,8,true,true,0.0115873609,0.0130306315,0.230320662,0.06003516,0.117037706,0.241192013,0.813192248,right_forearm,true,0.0033111216,0,0.225547463,0.5233132,false,false,bar_height|bar_linear_stillness|knee_extension|hip_extension|local_trunk_erectness,1.39497,0.168404847,0.04282793,1.95516229,1.78597271,0.214972764,0.05,0.02,0.2,0.08726646,0.17453292,0.17453292,0.00135696679,0.0034819732,0.0034819732,false,0.02073561,0.162215918,0.0550174,0.07706455,0.0101089645,493.0693,0.246448383,abdomen,twist_x,0.00764200464,NA,NA,NA,true,-0.062340267,0.822309554,-0.0950211361,0.0301420726,-0.15994218,-0.004886609,-0.000263117254,0,-0.009878382,-0.1550563,0.135299534,-0.179377973,0.178851739,true,-0.0646241,0,-0.0937661156
140,334,3.34,DESCENT,0.852001965,Descent,true,true,-0.05187428,-0.05371523,-0.05187428,99,NA,NA,false,false,NONE,-0.0732909963,0.950128555,-0.102545537,0.936660469,0.347085238,0.0293174013,0.0365981534,0.0333937146,-0.1607001,-0.009445967,-0.04213521,-0.003405156,0.0135592129,true,true,8,true,true,0.0168828983,0.0128757777,0.230353951,0.0600018725,0.11733906,0.240890652,0.8131936,right_forearm,true,0.003302808,0,0.225048155,0.523321331,false,false,bar_height|bar_linear_stillness|knee_extension|hip_extension|local_trunk_erectness,1.39497,0.164404646,0.0443939529,1.95942962,1.7894634,0.214844912,0.05,0.02,0.2,0.08726646,0.17453292,0.17453292,0.00132574141,0.00331541128,0.00331541128,false,0.0208176523,0.1621327,0.054912176,0.07690374,0.0101010688,491.517517,0.245672762,abdomen,twist_x,0.007666405,NA,NA,NA,true,-0.0620389134,0.8207541,-0.0950544253,0.0305787083,-0.15604943,-0.00498779537,-0.000263117254,0,-0.009878382,-0.1550563,0.135299534,-0.179377973,0.178851739,true,-0.06444109,0,-0.09398053
140,335,3.35,DESCENT,0.855002,Descent,true,true,-0.053463757,-0.0552691519,-0.053463757,99,NA,NA,false,false,NONE,-0.07295453,0.948483348,-0.102630228,0.936732352,0.346888661,0.029267611,0.03666244,0.0340296142,-0.1567964,-0.009603262,-0.0436268635,-0.0040605776,0.0136523563,true,true,8,true,true,0.0114962924,0.0128542148,0.230389163,0.05996667,0.117643662,0.240586042,0.8131973,right_forearm,true,0.00329404371,0,0.224530384,0.5234327,false,false,bar_height|bar_linear_stillness|knee_extension|hip_extension|local_trunk_erectness,1.39497,0.160733774,0.0458931178,1.96377707,1.79293406,0.214635789,0.05,0.02,0.2,0.08726646,0.17453292,0.17453292,0.001292482,0.00314514781,0.00314514781,false,0.0209133029,0.16212219,0.054781042,0.07666316,0.0100847352,489.04303,0.244435951,abdomen,twist_x,0.00760602625,NA,NA,NA,true,-0.06173431,0.819234848,-0.09508963,0.031099597,-0.1524461,-0.005074679,-0.000263117254,0,-0.009878382,-0.1550563,0.135299534,-0.179377973,0.178851739,true,-0.06434616,0,-0.0939414352
140,336,3.36,DESCENT,0.858002,Descent,true,true,-0.05498457,-0.05679539,-0.05498457,99,NA,NA,false,false,NONE,-0.07261157,0.9468735,-0.102716431,0.936807036,0.346684784,0.0292142238,0.03672605,0.0346613973,-0.153307766,-0.00975715,-0.0451115146,-0.004742209,0.013706807,true,true,8,true,true,0.0167927071,0.0127020441,0.23042421,0.05993162,0.117954642,0.24027507,0.81320256,right_forearm,true,0.00328326947,0,0.223864466,0.5234702,false,false,bar_height|bar_linear_stillness|knee_extension|hip_extension|local_trunk_erectness,1.39497,0.1574798,0.0473857969,1.96787035,1.796333,0.214440927,0.05,0.02,0.2,0.08726646,0.17453292,0.17453292,0.00125919282,0.002975304,0.002975304,false,0.02101735,0.1618572,0.0545779839,0.0764368,0.01005769,486.777832,0.243303746,abdomen,twist_x,0.007626244,NA,NA,NA,true,-0.0614233352,0.8177479,-0.09512468,0.0315377563,-0.149215788,-0.005153401,-0.000263117254,0,-0.009878382,-0.1550563,0.135299534,-0.179377973,0.178851739,true,-0.06419964,0,-0.09414593
140,337,3.37,DESCENT,0.861002,Descent,true,true,-0.0565188825,-0.0582916737,-0.0565188825,99,NA,NA,false,false,NONE,-0.07226245,0.9452952,-0.102804035,0.936883867,0.346475154,0.02915726,0.03678868,0.0353005379,-0.150172129,-0.009881599,-0.0463887155,-0.005450624,0.0137266833,true,true,8,true,true,0.0113604311,0.0126833785,0.230460942,0.05989489,0.11826887,0.239960849,0.8132095,right_forearm,true,0.00327260885,0,0.2232302,0.5239062,false,false,bar_height|bar_linear_stillness|knee_extension|hip_extension|local_trunk_erectness,1.39497,0.1545815,0.0486831,1.97205162,1.79971409,0.214170069,0.05,0.02,0.2,0.08726646,0.17453292,0.17453292,0.00122398883,0.0028035643,0.0028035643,false,0.0211372152,0.161675662,0.05435399,0.07613825,0.0100309243,484.289734,0.24206014,abdomen,twist_x,0.00756413024,NA,NA,NA,true,-0.0611091033,0.8162901,-0.09516141,0.0320616774,-0.146312237,-0.00522221625,-0.000263117254,0,-0.009878382,-0.1550563,0.135299534,-0.179377973,0.178851739,true,-0.06410711,0,-0.09413699
140,338,3.38,DESCENT,0.864002049,Descent,true,true,-0.05798897,-0.0597647429,-0.05798897,99,NA,NA,false,false,NONE,-0.07190682,0.943744361,-0.102892861,0.9369632,0.346259177,0.0290966146,0.0368501656,0.03593413,-0.14747943,-0.0100049386,-0.047672417,-0.00618552,0.0137066608,true,true,8,true,true,0.0166830346,0.012531234,0.23049736,0.05985848,0.118589565,0.239640146,0.813217938,right_forearm,true,0.00326040224,0,0.222472236,0.5243492,false,false,bar_height|bar_linear_stillness|knee_extension|hip_extension|local_trunk_erectness,1.39497,0.152123451,0.0499879234,1.97599971,1.80303514,0.213920087,0.05,0.02,0.2,0.08726646,0.17453292,0.17453292,0.0011889413,0.00263563031,0.00263563031,false,0.021254411,0.161251023,0.0540654138,0.07586456,0.0100012422,481.862366,0.240846872,abdomen,twist_x,0.007582407,NA,NA,NA,true,-0.0607884079,0.8148575,-0.09519782,0.0325040221,-0.143800452,-0.005282137,-0.000263117254,0,-0.009878382,-0.1550563,0.135299534,-0.179377973,0.178851739,true,-0.06395872,0,-0.0943416953
140,339,3.39,DESCENT,0.86700207,Descent,true,true,-0.0594784021,-0.06121424,-0.0594784021,99,NA,NA,false,false,NONE,-0.07154502,0.9422168,-0.102982894,0.937044561,0.3460379,0.02903229,0.0369102135,0.0365745,-0.1451703,-0.0101118069,-0.04886241,-0.00694681844,0.0136511326,true,true,8,true,true,0.0112488437,0.0125142327,0.230535209,0.0598206222,0.118913554,0.239316165,0.8132283,right_forearm,true,0.00324852881,0,0.221750945,0.525143147,false,false,bar_height|bar_linear_stillness|knee_extension|hip_extension|local_trunk_erectness,1.39497,0.150047854,0.0512069,1.980055,1.80635357,0.213599369,0.05,0.02,0.2,0.08726646,0.17453292,0.17453292,0.00115220994,0.002464984,0.002464984,false,0.0213859826,0.160932928,0.05377371,0.07552105,0.009961703,478.964874,0.239398643,abdomen,twist_x,0.00751810754,NA,NA,NA,true,-0.06046442,0.8134466,-0.0952356756,0.0330353826,-0.141648233,-0.00532715674,-0.000263117254,0,-0.009878382,-0.1550563,0.135299534,-0.179377973,0.178851739,true,-0.06387787,0,-0.09431744
140,340,3.4,DESCENT,0.8700021,Descent,true,true,-0.060911,-0.06264785,-0.060911,99,NA,NA,false,false,NONE,-0.0711767,0.940708339,-0.103073843,0.937128067,0.345811218,0.0289642066,0.0369686373,0.0372085162,-0.143307984,-0.0102025792,-0.049933847,-0.00773411244,0.0135551281,true,true,8,true,true,0.016561579,0.012361655,0.230572581,0.0597832575,0.119244114,0.2389856,0.8132395,right_forearm,true,0.00323555735,0,0.220949754,0.526199758,false,false,bar_height|bar_linear_stillness|knee_extension|hip_extension|local_trunk_erectness,1.39497,0.148410723,0.05231584,1.983895,1.80961967,0.213305056,0.05,0.02,0.2,0.08726646,0.17453292,0.17453292,0.001115799,0.00229907176,0.00229907176,false,0.0215198323,0.1604006,0.05343006,0.0752037,0.00992073,476.581482,0.238207355,abdomen,twist_x,0.00753559731,NA,NA,NA,true,-0.0601338632,0.812053,-0.09527304,0.03348457,-0.139896348,-0.005368359,-0.000263117254,0,-0.009878382,-0.1550563,0.135299534,-0.179377973,0.178851739,true,-0.0637177452,0,-0.09454466
140,341,3.41,DESCENT,0.8730021,Descent,true,true,-0.0623679459,-0.06406382,-0.0623679459,99,NA,NA,false,false,NONE,-0.0708022341,0.939214945,-0.103165708,0.937213242,0.34558022,0.0288923718,0.03702515,0.0378469937,-0.1418256,-0.0102798324,-0.05091102,-0.00854684,0.01342345,true,true,8,true,true,0.0111285467,0.0123451343,0.230611175,0.0597446561,0.119578019,0.2386517,0.813252449,right_forearm,true,0.00322326925,0,0.220204726,0.5276811,false,false,bar_height|bar_linear_stillness|knee_extension|hip_extension|local_trunk_erectness,1.39497,0.147148132,0.05334013,1.98785663,1.81289113,0.212950885,0.05,0.02,0.2,0.08726646,0.17453292,0.17453292,0.00107794255,0.00213333429,0.00213333429,false,0.0216572862,0.1599835,0.0530909076,0.07483279,0.00988045,473.713165,0.2367737,abdomen,twist_x,0.007471193,NA,NA,NA,true,-0.05979995,0.8106738,-0.09531164,0.03402288,-0.138497546,-0.00539466226,-0.000263117254,0,-0.009878382,-0.1550563,0.135299534,-0.179377973,0.178851739,true,-0.063620314,0,-0.09451984
140,342,3.42,DESCENT,0.876002133,Descent,true,true,-0.06377539,-0.0654707849,-0.06377539,99,NA,NA,false,false,NONE,-0.07042127,0.9377325,-0.103258319,0.9373003,0.345344424,0.0288166944,0.03707958,0.0384779945,-0.1407769,-0.0103547266,-0.0518661663,-0.009384366,0.0132512944,true,true,8,true,true,0.0164273735,0.0121921748,0.230649114,0.0597067177,0.11991857,0.238311142,0.8132662,right_forearm,true,0.00321028172,0,0.219396949,0.52937603,false,false,bar_height|bar_linear_stillness|knee_extension|hip_extension|local_trunk_erectness,1.39497,0.1463076,0.0543485247,1.99162638,1.81612277,0.2126287,0.05,0.02,0.2,0.08726646,0.17453292,0.17453292,0.00104057789,0.00197101431,0.00197101431,false,0.0217951164,0.159374744,0.0527114943,0.07449448,0.00983336,471.189636,0.235512376,abdomen,twist_x,0.007488014,NA,NA,NA,true,-0.0594594,0.8093044,-0.09534958,0.0344793722,-0.137487784,-0.005414887,-0.000263117254,0,-0.009878382,-0.1550563,0.135299534,-0.179377973,0.178851739,true,-0.0634486154,0,-0.09472657
140,343,3.43,DESCENT,0.879002154,Descent,true,true,-0.06521237,-0.0668667853,-0.06521237,99,NA,NA,false,false,NONE,-0.0700342059,0.936257243,-0.103351645,0.937388957,0.345104933,0.0287371967,0.03713164,0.03911154,-0.140082717,-0.0104121808,-0.0527006,-0.0102456771,0.0130437557,true,true,8,true,true,0.0110042859,0.0121755525,0.230688065,0.0596677735,0.120262541,0.237967163,0.813281,right_forearm,true,0.00319828955,0,0.2186726,0.531591654,false,false,bar_height|bar_linear_stillness|knee_extension|hip_extension|local_trunk_erectness,1.39497,0.145812526,0.0552491359,1.99553037,1.81936586,0.212254286,0.05,0.02,0.2,0.08726646,0.17453292,0.17453292,0.00100197643,0.00180968491,0.00180968491,false,0.0219416786,0.158900082,0.052344583,0.07410455,0.009780328,468.3664,0.234101251,abdomen,twist_x,0.00742453476,NA,NA,NA,true,-0.0591154322,0.8079421,-0.0953885242,0.0350236148,-0.136812523,-0.00542117376,-0.000263117254,0,-0.009878382,-0.1550563,0.135299534,-0.179377973,0.178851739,true,-0.0633279458,0,-0.0947027355
140,344,3.44,DESCENT,0.8820022,Descent,true,true,-0.06660664,-0.06826031,-0.06660664,99,NA,NA,false,false,NONE,-0.0696407,0.934785247,-0.103445433,0.9374791,0.344861627,0.0286538,0.03718115,0.0397361927,-0.139795423,-0.0104565145,-0.0534361862,-0.0111303367,0.0127963172,true,true,8,true,true,0.0162862167,0.0120213293,0.230726182,0.0596296564,0.120613217,0.2376165,0.813296139,right_forearm,true,0.00318585383,0,0.217910364,0.534162939,false,false,bar_height|bar_linear_stillness|knee_extension|hip_extension|local_trunk_erectness,1.39497,0.145708829,0.0560629666,1.99926472,1.82258022,0.2119164,0.05,0.02,0.2,0.08726646,0.17453292,0.17453292,0.0009640381,0.00165332842,0.00165332842,false,0.0220822319,0.158257946,0.05195309,0.07375631,0.00973292,466.063354,0.232950136,abdomen,twist_x,0.00744185457,NA,NA,NA,true,-0.05876476,0.8065826,-0.09542664,0.03548377,-0.136502922,-0.00542464247,-0.000263117254,0,-0.009878382,-0.1550563,0.135299534,-0.179377973,0.178851739,true,-0.06312682,0,-0.0949228555
140,345,3.45,DESCENT,0.8850022,Descent,true,true,-0.0680367351,-0.06964958,-0.0680367351,99,NA,NA,false,false,NONE,-0.0692411959,0.933313131,-0.103539661,0.937570333,0.3446156,0.0285665337,0.0372278355,0.0403606966,-0.139825121,-0.0104873888,-0.0540591143,-0.0120370071,0.0125143714,true,true,8,true,true,0.010903012,0.0120042395,0.2307651,0.05959072,0.120967306,0.2372624,0.8133122,right_forearm,true,0.00317470147,0,0.217245653,0.5372618,false,false,bar_height|bar_linear_stillness|knee_extension|hip_extension|local_trunk_erectness,1.39497,0.145911053,0.05677928,2.00314546,1.82581258,0.211538464,0.05,0.02,0.2,0.08726646,0.17453292,0.17453292,0.0009250939,0.00149848976,0.00149848976,false,0.0222285464,0.157763079,0.0515814275,0.07336754,0.00968322,463.457916,0.231647879,abdomen,twist_x,0.007379681,NA,NA,NA,true,-0.0584106669,0.8052234,-0.09546558,0.0360294767,-0.1364931,-0.005415501,-0.000263117254,0,-0.009878382,-0.1550563,0.135299534,-0.179377973,0.178851739,true,-0.0629721954,0,-0.09489702
140,346,3.46,DESCENT,0.8880022,Descent,true,true,-0.06943026,-0.07104236,-0.06943026,99,NA,NA,false,false,NONE,-0.06883536,0.9318376,-0.103634186,0.9376629,0.344366521,0.0284753237,0.03727153,0.0409735031,-0.140205771,-0.0105168419,-0.0546477325,-0.012965057,0.0121935308,true,true,8,true,true,0.0161383022,0.0118488148,0.2308031,0.05955273,0.1213281,0.236901611,0.8133282,right_forearm,true,0.0031635093,0,0.216563359,0.540648162,false,false,bar_height|bar_linear_stillness|knee_extension|hip_extension|local_trunk_erectness,1.39497,0.146448255,0.0574730337,2.00687313,1.82902133,0.211203963,0.05,0.02,0.2,0.08726646,0.17453292,0.17453292,0.0008869767,0.00134798978,0.00134798978,false,0.0223721769,0.157115355,0.0511869229,0.07302537,0.009630575,461.26416,0.230551377,abdomen,twist_x,0.00739855459,NA,NA,NA,true,-0.05804987,0.8038611,-0.09550357,0.0364894457,-0.136796311,-0.00540301856,-0.000263117254,0,-0.009878382,-0.1550563,0.135299534,-0.179377973,0.178851739,true,-0.06273382,0,-0.0950964
140,347,3.47,DESCENT,0.891002238,Descent,true,true,-0.0708635151,-0.07243624,-0.0708635151,99,NA,NA,false,false,NONE,-0.06842366,0.930355668,-0.1037289,0.93775624,0.3441156,0.0283802059,0.0373119637,0.04158499,-0.1408648,-0.0105226692,-0.0550741479,-0.0139131621,0.0118393665,true,true,8,true,true,0.0108075757,0.0118287858,0.230841756,0.0595140755,0.121692285,0.236537427,0.8133444,right_forearm,true,0.003153562,0,0.2159854,0.5446192,false,false,bar_height|bar_linear_stillness|knee_extension|hip_extension|local_trunk_erectness,1.39497,0.147251248,0.0580250658,2.01076365,1.83226049,0.210831553,0.05,0.02,0.2,0.08726646,0.17453292,0.17453292,0.00084804,0.001199217,0.001199217,false,0.0225198213,0.156634673,0.050826963,0.07264557,0.00958093349,458.884552,0.229362,abdomen,twist_x,0.00733789429,NA,NA,NA,true,-0.0576856844,0.8024931,-0.09554222,0.0370314978,-0.137368634,-0.0053784987,-0.000263117254,0,-0.009878382,-0.1550563,0.135299534,-0.179377973,0.178851739,true,-0.06254674,0,-0.09508245
140,348,3.48,DESCENT,0.894002259,Descent,true,true,-0.07226771,-0.07384047,-0.07226771,99,NA,NA,false,false,NONE,-0.06800577,0.9288645,-0.1038237,0.937850654,0.3438625,0.0282811113,0.0373489857,0.0421827361,-0.14182505,-0.0105303051,-0.0554864,-0.014880674,0.0114475973,true,true,8,true,true,0.0159916133,0.0116740558,0.230879292,0.05947654,0.122063115,0.2361666,0.813360453,right_forearm,true,0.0031436868,0,0.2153941,0.548828363,false,false,bar_height|bar_linear_stillness|knee_extension|hip_extension|local_trunk_erectness,1.39497,0.148339525,0.058576636,2.01451278,1.83548057,0.210512966,0.05,0.02,0.2,0.08726646,0.17453292,0.17453292,0.0008100495,0.0010554539,0.0010554539,false,0.0226605181,0.1560206,0.0504569635,0.07232207,0.009533924,456.9972,0.228418648,abdomen,twist_x,0.00735872565,NA,NA,NA,true,-0.0573148578,0.801116765,-0.09557976,0.0374854729,-0.138207257,-0.00535196159,-0.000263117254,0,-0.009878382,-0.1550563,0.135299534,-0.179377973,0.178851739,true,-0.06226843,0,-0.09528013
140,349,3.49,DESCENT,0.8970023,Descent,true,true,-0.0737156,-0.0752503,-0.0737156,99,NA,NA,false,false,NONE,-0.0675822,0.9273617,-0.103918575,0.937945664,0.343608081,0.0281780735,0.03738234,0.0427745469,-0.14298597,-0.0105258506,-0.055800844,-0.01586594,0.0110238958,true,true,8,true,true,0.010727847,0.0116537781,0.230917349,0.0594384819,0.122437254,0.235792458,0.8133764,right_forearm,true,0.00313563622,0,0.214938164,0.553528845,false,false,bar_height|bar_linear_stillness|knee_extension|hip_extension|local_trunk_erectness,1.39497,0.149617657,0.0590507276,2.018431,1.8387289,0.210164338,0.05,0.02,0.2,0.08726646,0.17453292,0.17453292,0.000771395862,0.0009138061,0.0009138061,false,0.02280719,0.155575216,0.0501150154,0.0719698742,0.009485065,454.92804,0.227384433,abdomen,twist_x,0.00730141951,NA,NA,NA,true,-0.0569407158,0.799729943,-0.0956178159,0.0380178,-0.139239013,-0.005314125,-0.000263117254,0,-0.009878382,-0.1550563,0.135299534,-0.179377973,0.178851739,true,-0.06202907,0,-0.09524527
140,350,3.5,DESCENT,0.9000023,Descent,true,true,-0.07513669,-0.07667321,-0.07513669,99,NA,NA,false,false,NONE,-0.0671526641,0.9258452,-0.104013309,0.938041449,0.34335205,0.0280710328,0.03741188,0.04335179,-0.144401357,-0.0105124414,-0.056076128,-0.0168685559,0.0105641559,true,true,8,true,true,0.0158466417,0.0114935134,0.230954155,0.0594016761,0.122817919,0.2354118,0.8133915,right_forearm,true,0.003127504,0,0.21446979,0.55845505,false,false,bar_height|bar_linear_stillness|knee_extension|hip_extension|local_trunk_erectness,1.39497,0.1511345,0.0595036261,2.02222824,1.84197533,0.209867492,0.05,0.02,0.2,0.08726646,0.17453292,0.17453292,0.000733859837,0.000777320471,0.000777320471,false,0.0229483619,0.155009747,0.04977214,0.07166968,0.009438357,453.232727,0.226537064,abdomen,twist_x,0.00732386438,NA,NA,NA,true,-0.05656006,0.7983305,-0.09565462,0.03845968,-0.140501842,-0.005272078,-0.000263117254,0,-0.009878382,-0.1550563,0.135299534,-0.179377973,0.178851739,true,-0.0617174543,0,-0.095452
140,351,3.5100000000000002,DESCENT,0.9030023,Descent,true,true,-0.0766086,-0.07810864,-0.0766086,99,NA,NA,false,false,NONE,-0.0667176545,0.924313068,-0.104107946,0.9381377,0.343095273,0.02796003,0.03743738,0.0439212248,-0.14596194,-0.0104907192,-0.0562808663,-0.0178868882,0.0100739989,true,true,8,true,true,0.0106641119,0.01147626,0.230991334,0.05936449,0.123201728,0.235027984,0.813406467,right_forearm,true,0.00312112854,0,0.214128658,0.563798368,false,false,bar_height|bar_linear_stillness|knee_extension|hip_extension|local_trunk_erectness,1.39497,0.152787492,0.0599079467,2.02620053,1.84525216,0.20954743,0.05,0.02,0.2,0.08726646,0.17453292,0.17453292,0.0006958023,0.0006432153,0.0006432153,false,0.0230902117,0.154639632,0.04947882,0.0713498145,0.009396407,451.505,0.225673512,abdomen,twist_x,0.00726878364,NA,NA,NA,true,-0.05617624,0.7969169,-0.09569181,0.0389759764,-0.141908392,-0.00522116572,-0.000263117254,0,-0.009878382,-0.1550563,0.135299534,-0.179377973,0.178851739,true,-0.06143741,0,-0.0954172
140,352,3.52,DESCENT,0.906002343,Descent,true,true,-0.0780564547,-0.07956028,-0.0780564547,99,NA,NA,false,false,NONE,-0.06627695,0.922764063,-0.104202375,0.9382346,0.342837155,0.027844999,0.0374587,0.0444704667,-0.147679,-0.0104717007,-0.0564944968,-0.0189201068,0.009549486,true,true,8,true,true,0.0157034211,0.0113170622,0.231027126,0.0593287051,0.123591863,0.234637856,0.813420236,right_forearm,true,0.00311525655,0,0.21380949,0.5692657,false,false,bar_height|bar_linear_stillness|knee_extension|hip_extension|local_trunk_erectness,1.39497,0.1545845,0.06033897,2.0300498,1.84851646,0.2092908,0.05,0.02,0.2,0.08726646,0.17453292,0.17453292,0.0006589964,0.0005156553,0.0005156553,false,0.0232267361,0.1541467,0.0491741,0.07109343,0.009355039,450.288879,0.225065663,abdomen,twist_x,0.00729616545,NA,NA,NA,true,-0.05578611,0.7954878,-0.09572759,0.0393988639,-0.143448412,-0.005167062,-0.000263117254,0,-0.009878382,-0.1550563,0.135299534,-0.179377973,0.178851739,true,-0.0610609576,0,-0.09560177
140,353,3.5300000000000002,DESCENT,0.909002364,Descent,true,true,-0.0795550048,-0.0810247362,-0.0795550048,99,NA,NA,false,false,NONE,-0.0658311,0.921197236,-0.104296617,0.938331962,0.3425785,0.0277259871,0.03747563,0.0450080559,-0.149459064,-0.0104422262,-0.0566591173,-0.0199666265,0.008996302,true,true,8,true,true,0.0106224343,0.0112959826,0.231063187,0.0592926443,0.123984948,0.234244764,0.813433051,right_forearm,true,0.0031113287,0,0.213633955,0.5750764,false,false,bar_height|bar_linear_stillness|knee_extension|hip_extension|local_trunk_erectness,1.39497,0.15643777,0.0607441776,2.034088,1.85181737,0.209011018,0.05,0.02,0.2,0.08726646,0.17453292,0.17453292,0.000621810555,0.0003900772,0.0003900772,false,0.0233689435,0.153842688,0.048905842,0.0708152,0.009314356,448.8596,0.224351257,abdomen,twist_x,0.007244205,NA,NA,NA,true,-0.05539303,0.7940426,-0.09576365,0.0398914665,-0.145056888,-0.005103889,-0.000263117254,0,-0.009878382,-0.1550563,0.135299534,-0.179377973,0.178851739,true,-0.0607298575,0,-0.09555574
140,354,3.54,DESCENT,0.9120024,Descent,true,true,-0.0810322762,-0.08250868,-0.0810322762,99,NA,NA,false,false,NONE,-0.0653798655,0.9196116,-0.10439048,0.9384299,0.3423186,0.0276029278,0.03748805,0.0455266163,-0.1513668,-0.0104070082,-0.05685743,-0.0210260563,0.008410461,true,true,8,true,true,0.015576995,0.0111377658,0.231097668,0.05925817,0.124384061,0.233845651,0.813444734,right_forearm,true,0.00310725765,0,0.213440955,0.5809244,false,false,bar_height|bar_linear_stillness|knee_extension|hip_extension|local_trunk_erectness,1.39497,0.158407345,0.061201293,2.0380137,1.855122,0.208788052,0.05,0.02,0.2,0.08726646,0.17453292,0.17453292,0.0005860254,0.0002712285,0.0002712285,false,0.0234983433,0.153446436,0.0486594774,0.0705966651,0.00927912351,447.804077,0.2238237,abdomen,twist_x,0.00727325771,NA,NA,NA,true,-0.0549939126,0.7925802,-0.09579813,0.0402892344,-0.146781042,-0.005034561,-0.000263117254,0,-0.009878382,-0.1550563,0.135299534,-0.179377973,0.178851739,true,-0.0603317,0,-0.0957500339
140,355,3.5500000000000003,DESCENT,0.9150024,Descent,true,true,-0.08256629,-0.08401021,-0.08256629,99,NA,NA,false,false,NONE,-0.06492379,0.918006659,-0.104484037,0.9385283,0.3420581,0.027475873,0.03749576,0.0460324325,-0.153286889,-0.0103656286,-0.0570323765,-0.0220967941,0.00779750664,true,true,8,true,true,0.0105937086,0.0111193508,0.231132314,0.0592235178,0.124785855,0.233443856,0.8134556,right_forearm,true,0.003105067,0,0.213385522,0.587037563,false,false,bar_height|bar_linear_stillness|knee_extension|hip_extension|local_trunk_erectness,1.39497,0.160384849,0.0616584234,2.04213,1.85846245,0.208546534,0.05,0.02,0.2,0.08726646,0.17453292,0.17453292,0.0005499646,0.00015484968,0.00015484968,false,0.0236338247,0.153250366,0.0484582819,0.0703587756,0.009246582,446.6867,0.2232652,abdomen,twist_x,0.00722308457,NA,NA,NA,true,-0.0545921139,0.7911001,-0.09583278,0.0407529,-0.148529828,-0.004959429,-0.000263117254,0,-0.009878382,-0.1550563,0.135299534,-0.179377973,0.178851739,true,-0.05996578,0,-0.09570629
140,356,3.56,DESCENT,0.9180024,Descent,true,true,-0.08407897,-0.08553204,-0.08407897,99,NA,NA,false,false,NONE,-0.0644627,0.9163824,-0.104577184,0.9386274,0.34179616,0.0273447614,0.0374986529,0.0465135425,-0.155236185,-0.010328331,-0.0572625548,-0.0231780875,0.00715368567,true,true,8,true,true,0.0154554071,0.0109631484,0.23116523,0.0591906,0.125193357,0.233036354,0.8134647,right_forearm,true,0.0031033752,0,0.213350058,0.5931171,false,false,bar_height|bar_linear_stillness|knee_extension|hip_extension|local_trunk_erectness,1.39497,0.162383676,0.0621884167,2.046122,1.86178911,0.208371222,0.05,0.02,0.2,0.08726646,0.17453292,0.17453292,0.00051549077,4.70886553E-05,4.70886553E-05,false,0.02376152,0.1529304,0.0482443,0.07018951,0.009216016,446.1559,0.2229999,abdomen,twist_x,0.007257909,NA,NA,NA,true,-0.0541846119,0.78960216,-0.0958657,0.041119162,-0.150293246,-0.00487962831,-0.000263117254,0,-0.009878382,-0.1550563,0.135299534,-0.179377973,0.178851739,true,-0.05950295,0,-0.09587952
140,357,3.5700000000000003,DESCENT,0.921002448,Descent,true,true,-0.0856457055,-0.08706871,-0.0856457055,99,NA,NA,false,false,NONE,-0.0639971346,0.914738655,-0.104669914,0.93872714,0.341533273,0.02720964,0.0374965556,0.0469831452,-0.157173753,-0.0102762114,-0.0575229079,-0.0242688265,0.006484293,true,true,8,true,true,0.010594056,0.0109399222,0.231198221,0.0591576025,0.125603229,0.232626483,0.813472867,right_forearm,true,0.003102863,0,0.213411823,0.5993497,false,false,bar_height|bar_linear_stillness|knee_extension|hip_extension|local_trunk_erectness,1.39497,0.164367288,0.0627686754,2.05032778,1.86517513,0.208163649,0.05,0.02,0.2,0.08726646,0.17453292,0.17453292,0.00048083812,-5.9101254E-05,-5.9101254E-05,false,0.0238896571,0.152836934,0.04810025,0.06998835,0.009188251,445.013336,0.222428814,abdomen,twist_x,0.007207625,NA,NA,NA,true,-0.053774748,0.7880867,-0.0958986953,0.0415486433,-0.1520617,-0.0047895927,-0.000263117254,0,-0.009878382,-0.1550563,0.135299534,-0.179377973,0.178851739,true,-0.05912049,0,-0.0958355442
140,358,3.58,DESCENT,0.924002469,Descent,true,true,-0.08719584,-0.08863041,-0.08719584,99,NA,NA,false,false,NONE,-0.06352693,0.9130758,-0.104762144,0.938827753,0.341268539,0.0270704478,0.0374893732,0.0474268273,-0.1590979,-0.01023082,-0.0578456856,-0.0253682211,0.00578567572,true,true,8,true,true,0.0153529486,0.0107896077,0.231229275,0.05912655,0.12601842,0.232211292,0.8134793,right_forearm,true,0.0031027263,0,0.213483468,0.6054962,false,false,bar_height|bar_linear_stillness|knee_extension|hip_extension|local_trunk_erectness,1.39497,0.166331336,0.06342826,2.05439663,1.86854053,0.208027065,0.05,0.02,0.2,0.08726646,0.17453292,0.17453292,0.000447921455,-0.000156671755,-0.000156671755,false,0.0240092669,0.1526324,0.0479587726,0.06985956,0.009164538,444.797546,0.222320959,abdomen,twist_x,0.007246272,NA,NA,NA,true,-0.0533595569,0.786553442,-0.09592975,0.0418798141,-0.153812021,-0.00469651865,-0.000263117254,0,-0.009878382,-0.1550563,0.135299534,-0.179377973,0.178851739,true,-0.0586293973,0,-0.09601397
140,359,3.59,DESCENT,0.9270025,Descent,true,true,-0.0888001,-0.09020603,-0.0888001,99,NA,NA,false,false,NONE,-0.06305268,0.9113948,-0.104853973,0.938929,0.3410024,0.02692724,0.0374769233,0.04783937,-0.1609096,-0.0101883309,-0.05819736,-0.0264729522,0.005062148,true,true,8,true,true,0.01568162,0.0107407114,0.231259525,0.0590963,0.126436576,0.231793135,0.8134845,right_forearm,true,0.00310432864,0,0.2136777,0.6117226,false,false,bar_height|bar_linear_stillness|knee_extension|hip_extension|local_trunk_erectness,1.39497,0.168179378,0.0641356,2.05856776,1.87193823,0.207917958,0.05,0.02,0.2,0.08726646,0.17453292,0.17453292,0.000414922833,-0.00025055834,-0.00025055834,false,0.0241330639,0.152530208,0.04785,0.06975806,0.009143197,444.3588,0.222101659,abdomen,twist_x,0.00724140555,NA,NA,NA,true,-0.0529413931,0.7850039,-0.09596,0.042240452,-0.155457184,-0.00460605975,-0.000263117254,0,-0.009878382,-0.1550563,0.135299534,-0.179377973,0.178851739,true,-0.0581929423,0,-0.09598348
140,360,3.6,DESCENT,0.9300025,Descent,true,true,-0.09041458,-0.0917997658,-0.09041458,99,NA,NA,false,false,NONE,-0.06257439,0.909696341,-0.104945295,0.939031363,0.340734154,0.0267799962,0.03745914,0.0482604243,-0.162648723,-0.01012939,-0.0586418658,-0.0275859572,0.00431609573,true,true,8,true,true,0.009789063,0.0106902979,0.231289744,0.059066087,0.126856938,0.231372774,0.8151437,left_shank,true,0.00310656987,0,0.2139277,0.6178877,false,false,bar_height|bar_linear_stillness|knee_extension|hip_extension|local_trunk_erectness,1.39497,0.169959649,0.06494984,2.0629065,1.87537491,0.207758218,0.05,0.02,0.2,0.08726646,0.17453292,0.17453292,0.0003838688,-0.000335647317,-0.000335647317,false,0.0242480431,0.152595937,0.0477816574,0.06960787,0.009122534,443.624329,0.221734554,abdomen,twist_x,0.00718838442,NA,NA,NA,true,-0.05252103,0.783438146,-0.09599021,0.0426114574,-0.157053992,-0.00450542755,-0.000263117254,0,-0.009878382,-0.1550563,0.135299534,-0.179377973,0.178851739,true,-0.0577414,0,-0.0959666744
140,361,3.61,DESCENT,0.933002532,Descent,true,true,-0.092012465,-0.09341723,-0.092012465,99,NA,NA,false,false,NONE,-0.0620919429,0.9079812,-0.105036065,0.9391349,0.340463,0.02662866,0.03743591,0.04865005,-0.164319456,-0.0100788185,-0.059171252,-0.0287065711,0.00354227959,true,true,8,true,true,0.0151365222,0.0105274478,0.2313178,0.0590380281,0.127282321,0.2309474,0.81679374,left_shank,true,0.00310864858,0,0.2141536,0.6239388,false,false,bar_height|bar_linear_stillness|knee_extension|hip_extension|local_trunk_erectness,1.39497,0.17166622,0.06586237,2.06708217,1.87878275,0.207670823,0.05,0.02,0.2,0.08726646,0.17453292,0.17453292,0.000353619456,-0.0004186111,-0.0004186111,false,0.0243562441,0.152546048,0.0477235951,0.06953018,0.00910526,443.7705,0.221807614,abdomen,twist_x,0.007236881,NA,NA,NA,true,-0.05209566,0.781856835,-0.09601827,0.0428721346,-0.158581764,-0.004394625,-0.000263117254,0,-0.009878382,-0.1550563,0.135299534,-0.179377973,0.178851739,true,-0.057177186,0,-0.09617352
140,362,3.62,DESCENT,0.936002553,Descent,true,true,-0.09366363,-0.09504521,-0.09366363,99,NA,NA,false,false,NONE,-0.06160613,0.906251,-0.1051264,0.939239562,0.340189457,0.0264733043,0.0374070741,0.0489964373,-0.165812492,-0.0100336522,-0.0597494245,-0.0298294,0.00274541369,true,true,8,true,true,0.0155241443,0.0104854088,0.231344834,0.0590109974,0.127709925,0.2305198,0.8184818,left_shank,true,0.00311246,0,0.214501128,0.6299963,false,false,bar_height|bar_linear_stillness|knee_extension|hip_extension|local_trunk_erectness,1.39497,0.173190951,0.06683804,2.07135439,1.88221908,0.207609862,0.05,0.02,0.2,0.08726646,0.17453292,0.17453292,0.000323407352,-0.000497448549,-0.000497448549,false,0.024470441,0.152592719,0.0476945862,0.06948058,0.009090853,443.604553,0.221724659,abdomen,twist_x,0.00723722251,NA,NA,NA,true,-0.0516680554,0.7802622,-0.0960453,0.0431705043,-0.159939736,-0.004286306,-0.000263117254,0,-0.009878382,-0.1550563,0.135299534,-0.179377973,0.178851739,true,-0.056705568,0,-0.09614149
140,363,3.63,DESCENT,0.9390026,Descent,true,true,-0.09532401,-0.0966891646,-0.09532401,99,NA,NA,false,false,NONE,-0.06111703,0.904507756,-0.105216287,0.9393456,0.339912862,0.0263139214,0.03737257,0.0493420064,-0.167102829,-0.009979462,-0.0603927337,-0.03095714,0.0019284822,true,true,8,true,true,0.009797759,0.0104441168,0.2313718,0.0589840263,0.128139079,0.230090618,0.8202315,left_shank,true,0.00311780116,0,0.214963332,0.6359649,false,false,bar_height|bar_linear_stillness|knee_extension|hip_extension|local_trunk_erectness,1.39497,0.174521,0.067892164,2.0757823,1.88566732,0.207507446,0.05,0.02,0.2,0.08726646,0.17453292,0.17453292,0.000295348465,-0.0005638816,-0.0005638816,false,0.0245776,0.152795374,0.0476796,0.06939025,0.009078449,443.47467,0.22165975,abdomen,twist_x,0.0071889204,NA,NA,NA,true,-0.051238887,0.778655231,-0.09607227,0.04347503,-0.1611235,-0.004178229,-0.000263117254,0,-0.009878382,-0.1550563,0.135299534,-0.179377973,0.178851739,true,-0.0561891235,0,-0.09609604
140,364,3.64,DESCENT,0.9420026,Descent,true,true,-0.0969575942,-0.09834945,-0.0969575942,99,NA,NA,false,false,NONE,-0.0606245026,0.902752459,-0.105305552,0.9394533,0.339631975,0.0261504464,0.03733232,0.0496599562,-0.168322533,-0.00992496,-0.061208386,-0.0320895761,0.001086202,true,true,8,true,true,0.0150132151,0.01028009,0.2313963,0.05895953,0.128572553,0.229657158,0.821917236,left_shank,true,0.003121615,0,0.215312362,0.6416471,false,false,bar_height|bar_linear_stillness|knee_extension|hip_extension|local_trunk_erectness,1.39497,0.175775692,0.06911865,2.08004856,1.889108,0.2074614,0.05,0.02,0.2,0.08726646,0.17453292,0.17453292,0.000268317759,-0.000627263449,-0.000627263449,false,0.0246691965,0.152874157,0.04768779,0.06935554,0.00906501152,443.414825,0.221629828,abdomen,twist_x,0.00724075,NA,NA,NA,true,-0.050805416,0.7770371,-0.09609677,0.0436702967,-0.162239581,-0.00404739846,-0.000263117254,0,-0.009878382,-0.1550563,0.135299534,-0.179377973,0.178851739,true,-0.0556226335,0,-0.09630065
140,365,3.65,DESCENT,0.9450026,Descent,true,true,-0.09865171,-0.100022644,-0.09865171,99,NA,NA,false,false,NONE,-0.0601292849,0.900986731,-0.105394378,0.9395627,0.339347363,0.0259829685,0.0372861773,0.04993764,-0.1693433,-0.00987814553,-0.0620781,-0.03322137,0.000222781673,true,true,8,true,true,0.0154256262,0.0102539631,0.231419623,0.0589362,0.1290076,0.229222119,0.823636353,left_shank,true,0.00312668271,0,0.215750068,0.6472987,false,false,bar_height|bar_linear_stillness|knee_extension|hip_extension|local_trunk_erectness,1.39497,0.17682901,0.0704088062,2.084399,1.89257252,0.207439527,0.05,0.02,0.2,0.08726646,0.17453292,0.17453292,0.000241346657,-0.000690506655,-0.000690506655,false,0.0247744173,0.153055757,0.0477348976,0.06934476,0.009054393,443.3701,0.221607476,abdomen,twist_x,0.007243148,NA,NA,NA,true,-0.05037038,0.775409758,-0.0961201,0.0439015143,-0.163176343,-0.003922281,-0.000263117254,0,-0.009878382,-0.1550563,0.135299534,-0.179377973,0.178851739,true,-0.0551478639,0,-0.09627922
140,366,3.66,DESCENT,0.948002636,Descent,true,true,-0.100350678,-0.101707339,-0.100350678,99,NA,NA,false,false,NONE,-0.059631452,0.899213,-0.105482735,0.9396738,0.33905828,0.02581148,0.0372340865,0.05021551,-0.170129091,-0.009822031,-0.06300843,-0.03435543,-0.0006587615,true,true,8,true,true,0.0098439455,0.010214272,0.231442839,0.058912985,0.129443556,0.22878617,0.8254164,left_shank,true,0.003133223,0,0.2163004,0.652814031,false,false,bar_height|bar_linear_stillness|knee_extension|hip_extension|local_trunk_erectness,1.39497,0.1776569,0.071769014,2.088904,1.8960427,0.207365811,0.05,0.02,0.2,0.08726646,0.17453292,0.17453292,0.000216849148,-0.0007351686,-0.0007351686,false,0.0248660482,0.153392091,0.04779093,0.06928509,0.009045873,443.30838,0.221576631,abdomen,twist_x,0.007193886,NA,NA,NA,true,-0.0499344245,0.7737747,-0.09614331,0.0441384241,-0.163904428,-0.003804047,-0.000263117254,0,-0.009878382,-0.1550563,0.135299534,-0.179377973,0.178851739,true,-0.054612793,0,-0.09621838
140,367,3.67,DESCENT,0.951002657,Descent,true,true,-0.102015644,-0.103403062,-0.102015644,99,NA,NA,false,false,NONE,-0.0591308624,0.8974324,-0.105570428,0.9397872,0.338763535,0.02563593,0.0371759944,0.0504669175,-0.170835733,-0.009764895,-0.0641171262,-0.035491515,-0.00156343332,true,true,8,true,true,0.014927444,0.01005324,0.231463343,0.05889248,0.129883111,0.2283466,0.8271233,left_shank,true,0.003137875,0,0.2167123,0.65799,false,false,bar_height|bar_linear_stillness|knee_extension|hip_extension|local_trunk_erectness,1.39497,0.178401545,0.07330142,2.09322357,1.89949691,0.207345083,0.05,0.02,0.2,0.08726646,0.17453292,0.17453292,0.00019352138,-0.000777488865,-0.000777488865,false,0.0249431767,0.153565019,0.0478488021,0.06927673,0.009033362,443.2661,0.2215555,abdomen,twist_x,0.007250013,NA,NA,NA,true,-0.0494948626,0.772133052,-0.09616382,0.044267673,-0.1645515,-0.00365922856,-0.000263117254,0,-0.009878382,-0.1550563,0.135299534,-0.179377973,0.178851739,true,-0.05403212,0,-0.09641721
140,368,3.68,DESCENT,0.9540027,Descent,true,true,-0.103739917,-0.105107337,-0.103739917,99,NA,NA,false,false,NONE,-0.058628235,0.895646632,-0.105657674,0.9399026,0.338463753,0.0254564155,0.0371117555,0.0506792329,-0.1713219,-0.009716602,-0.06526085,-0.0366243459,-0.002487397,true,true,8,true,true,0.0153498054,0.010037466,0.231482565,0.05887326,0.130323574,0.227906138,0.828860044,left_shank,true,0.00314383884,0,0.217216015,0.663126945,false,false,bar_height|bar_linear_stillness|knee_extension|hip_extension|local_trunk_erectness,1.39497,0.178924531,0.07487662,2.09761882,1.90296936,0.207342774,0.05,0.02,0.2,0.08726646,0.17453292,0.17453292,0.000170305371,-0.0008220653,-0.0008220653,false,0.0250351187,0.153857037,0.04795911,0.06928802,0.009022613,443.246277,0.221545592,abdomen,twist_x,0.00725417025,NA,NA,NA,true,-0.0490544,0.7704872,-0.09618304,0.0444325656,-0.164996058,-0.00352118118,-0.000263117254,0,-0.009878382,-0.1550563,0.135299534,-0.179377973,0.178851739,true,-0.0535501875,0,-0.09639315
140,369,3.69,DESCENT,0.9570027,Descent,true,true,-0.1054638,-0.106817931,-0.1054638,99,NA,NA,false,false,NONE,-0.05812364,0.893858433,-0.105744436,0.940020263,0.338158369,0.0252729487,0.0370413363,0.0508922748,-0.171549678,-0.009657698,-0.0664424449,-0.03775707,-0.00342742587,true,true,8,true,true,0.009893813,0.0100003267,0.2315017,0.05885414,0.1307643,0.2274654,0.830657542,left_shank,true,0.00315103936,0,0.217818826,0.6681151,false,false,bar_height|bar_linear_stillness|knee_extension|hip_extension|local_trunk_erectness,1.39497,0.179199845,0.07649799,2.10216784,1.90644026,0.207282871,0.05,0.02,0.2,0.08726646,0.17453292,0.17453292,0.000149801373,-0.0008456285,-0.0008456285,false,0.0251104031,0.1543033,0.048071444,0.06924165,0.009013993,443.142029,0.221493483,abdomen,twist_x,0.00720267231,NA,NA,NA,true,-0.0486136638,0.7688388,-0.09620216,0.04460389,-0.165213108,-0.00339682773,-0.000263117254,0,-0.009878382,-0.1550563,0.135299534,-0.179377973,0.178851739,true,-0.0530071743,0,-0.09631677
140,370,3.7,DESCENT,0.9600027,Descent,true,true,-0.107145846,-0.1085341,-0.107145846,99,NA,NA,false,false,NONE,-0.057616923,0.892068863,-0.105830491,0.9401406,0.33784613,0.025085479,0.0369646847,0.0510804,-0.171705186,-0.009597452,-0.06778701,-0.0388894752,-0.00438835472,true,true,8,true,true,0.0148615623,0.009843534,0.231517911,0.05883792,0.131208,0.227021709,0.8323721,left_shank,true,0.00315611018,0,0.2182658,0.6727286,false,false,bar_height|bar_linear_stillness|knee_extension|hip_extension|local_trunk_erectness,1.39497,0.179398969,0.0782734156,2.10650682,1.90988719,0.20727019,0.05,0.02,0.2,0.08726646,0.17453292,0.17453292,0.000130578876,-0.0008668268,-0.0008668268,false,0.0251718722,0.154539183,0.0481603369,0.06924305,0.008999539,443.010437,0.221427709,abdomen,twist_x,0.007262224,NA,NA,NA,true,-0.0481699668,0.767188847,-0.09621838,0.0446702167,-0.165354237,-0.00324273,-0.000263117254,0,-0.009878382,-0.1550563,0.135299534,-0.179377973,0.178851739,true,-0.0524258725,0,-0.09650876
140,371,3.71,DESCENT,0.963002741,Descent,true,true,-0.108885854,-0.110254407,-0.108885854,99,NA,NA,false,false,NONE,-0.0571087748,0.8902797,-0.10591609,0.9402632,0.3375279,0.024894122,0.0368816629,0.0512314774,-0.171636522,-0.009546546,-0.06913527,-0.0400162451,-0.005366633,true,true,8,true,true,0.0152935171,0.009839371,0.231532812,0.0588230267,0.131651983,0.226577729,0.834113061,left_shank,true,0.00316237519,0,0.218797758,0.677317262,false,false,bar_height|bar_linear_stillness|knee_extension|hip_extension|local_trunk_erectness,1.39497,0.179373622,0.08006114,2.1109128,1.91334581,0.207274809,0.05,0.02,0.2,0.08726646,0.17453292,0.17453292,0.000111460686,-0.0008929751,-0.0008929751,false,0.0252499972,0.154916361,0.04831837,0.06925916,0.008985362,442.902283,0.221373647,abdomen,twist_x,0.00726702157,NA,NA,NA,true,-0.0477259867,0.7655398,-0.09623327,0.0447731353,-0.165288121,-0.003096853,-0.000263117254,0,-0.009878382,-0.1550563,0.135299534,-0.179377973,0.178851739,true,-0.05194744,0,-0.09648406
140,372,3.72,DESCENT,0.966002762,Descent,true,true,-0.110619992,-0.11197567,-0.110619992,99,NA,NA,false,false,NONE,-0.0565992557,0.888493657,-0.106001176,0.9403884,0.337203234,0.0246989056,0.0367922448,0.05138468,-0.171305627,-0.009483375,-0.0704811439,-0.04114071,-0.00635887,true,true,8,true,true,0.009940823,0.009805287,0.231547639,0.0588081926,0.13209565,0.226134062,0.8359139,left_shank,true,0.00316987815,0,0.21942997,0.6817491,false,false,bar_height|bar_linear_stillness|knee_extension|hip_extension|local_trunk_erectness,1.39497,0.179097563,0.0818571,2.11547017,1.91679585,0.207210258,0.05,0.02,0.2,0.08726646,0.17453292,0.17453292,9.524077E-05,-0.0008961449,-0.0008961449,false,0.0253087748,0.155445278,0.0484719127,0.06920941,0.008973105,442.659119,0.221252114,abdomen,twist_x,0.007212501,NA,NA,NA,true,-0.0472823232,0.763893247,-0.0962481052,0.0448844,-0.1649921,-0.002971635,-0.000263117254,0,-0.009878382,-0.1550563,0.135299534,-0.179377973,0.178851739,true,-0.0514059663,0,-0.0963937938
140,373,3.73,DESCENT,0.9690028,Descent,true,true,-0.112304479,-0.113696754,-0.112304479,99,NA,NA,false,false,NONE,-0.05608827,0.88671273,-0.106085554,0.9405161,0.3368717,0.0244998131,0.0366963819,0.05150615,-0.170803115,-0.009424045,-0.07181715,-0.04226191,-0.007369181,true,true,8,true,true,0.0148034235,0.009661956,0.231559515,0.05879631,0.132541656,0.225688055,0.837612152,left_shank,true,0.00317644118,0,0.219985634,0.6859245,false,false,bar_height|bar_linear_stillness|knee_extension|hip_extension|local_trunk_erectness,1.39497,0.178648815,0.08365451,2.119768,1.92017233,0.207213745,0.05,0.02,0.2,0.08726646,0.17453292,0.17453292,8.034706E-05,-0.0008973423,-0.0008973423,false,0.0253612623,0.155714691,0.0485523641,0.0692264438,0.008959175,443.1409,0.221492916,abdomen,twist_x,0.007280576,NA,NA,NA,true,-0.0468363166,0.762251139,-0.09625999,0.0448903479,-0.164521679,-0.00282666436,-0.000263117254,0,-0.009878382,-0.1550563,0.135299534,-0.179377973,0.178851739,true,-0.050774958,0,-0.09656761
140,374,3.74,DESCENT,0.9720028,Descent,true,true,-0.114035636,-0.115409553,-0.114035636,99,NA,NA,false,false,NONE,-0.0555764474,0.8849381,-0.10616941,0.9406464,0.3365336,0.02429695,0.0365939736,0.0516126752,-0.170146778,-0.009355305,-0.073295325,-0.0433777869,-0.00839335751,true,true,8,true,true,0.0108918454,0.009660249,0.231571466,0.05878436,0.132986531,0.225243181,0.8394084,left_shank,true,0.00318274088,0,0.220539331,0.6899119,false,false,bar_height|bar_linear_stillness|knee_extension|hip_extension|local_trunk_erectness,1.39497,0.17804864,0.08558204,2.12431383,1.9236201,0.2071365,0.05,0.02,0.2,0.08726646,0.17453292,0.17453292,6.55129552E-05,-0.000906389731,-0.000906389731,false,0.025418764,0.1562877,0.0487461,0.06916132,0.008938152,441.7264,0.220785916,abdomen,twist_x,0.00722464034,NA,NA,NA,true,-0.04639144,0.76061517,-0.09627194,0.0449647829,-0.163925916,-0.00268435618,-0.000263117254,0,-0.009878382,-0.1550563,0.135299534,-0.179377973,0.178851739,true,-0.050338652,0,-0.09647161
140,375,3.75,DESCENT,0.9750028,Descent,true,true,-0.115721971,-0.117130041,-0.115721971,99,NA,NA,false,false,NONE,-0.0550636053,0.8831715,-0.106252491,0.9407794,0.336188316,0.024090305,0.036485,0.05169378,-0.1693604,-0.009289241,-0.07469305,-0.0444872528,-0.009433348,true,true,8,true,true,0.01486642,0.00955651,0.231580257,0.05877558,0.133433044,0.224796683,0.8410926,left_shank,true,0.00318799075,0,0.2210115,0.6936406,false,false,bar_height|bar_linear_stillness|knee_extension|hip_extension|local_trunk_erectness,1.39497,0.177317455,0.0874480158,2.128576,1.92697978,0.2071284,0.05,0.02,0.2,0.08726646,0.17453292,0.17453292,5.362928E-05,-0.0008961642,-0.0008961642,false,0.0254634935,0.156604365,0.0488771722,0.06916519,0.008916254,442.092224,0.220968768,abdomen,twist_x,0.00729014631,NA,NA,NA,true,-0.0459449366,0.7589862,-0.09628072,0.0449490771,-0.1632057,-0.00253582839,-0.000263117254,0,-0.009878382,-0.1550563,0.135299534,-0.179377973,0.178851739,true,-0.0497646146,0,-0.09664026
140,376,3.7600000000000002,DESCENT,0.978002846,Descent,true,true,-0.117452383,-0.118837357,-0.117452383,99,NA,NA,false,false,NONE,-0.0545502529,0.8814149,-0.106335066,0.94091475,0.335836947,0.0238800161,0.0363693573,0.0517650768,-0.1683296,-0.009220435,-0.07606095,-0.0455898754,-0.01048534,true,true,8,true,true,0.0108138751,0.009567338,0.231589288,0.0587665364,0.133878171,0.22435154,0.8428679,left_shank,true,0.00319482945,0,0.22160688,0.6973291,false,false,bar_height|bar_linear_stillness|knee_extension|hip_extension|local_trunk_erectness,1.39497,0.176350489,0.08929528,2.1330688,1.93036759,0.20705691,0.05,0.02,0.2,0.08726646,0.17453292,0.17453292,4.16785479E-05,-0.000887242844,-0.000887242844,false,0.0255187824,0.157152072,0.04903577,0.06910486,0.008896644,441.280334,0.220562965,abdomen,twist_x,0.007234805,NA,NA,NA,true,-0.0454997979,0.7573667,-0.09628976,0.0449888445,-0.162256286,-0.00240337336,-0.000263117254,0,-0.009878382,-0.1550563,0.135299534,-0.179377973,0.178851739,true,-0.04928377,0,-0.09651738
140,377,3.77,DESCENT,0.981002867,Descent,true,true,-0.119122237,-0.120540947,-0.119122237,99,NA,NA,false,false,NONE,-0.05403614,0.87966913,-0.106416747,0.941052854,0.3354781,0.02366604,0.03624706,0.05182149,-0.167271987,-0.009145115,-0.07751665,-0.046685148,-0.0115519185,true,true,8,true,true,0.0148576768,0.009442587,0.231595129,0.0587607026,0.134324685,0.223905027,0.8445413,left_shank,true,0.003199066,0,0.222014785,0.700542033,false,false,bar_height|bar_linear_stillness|knee_extension|hip_extension|local_trunk_erectness,1.39497,0.175353974,0.0912238,2.13730383,1.93371129,0.207025751,0.05,0.02,0.2,0.08726646,0.17453292,0.17453292,3.29017639E-05,-0.000863469,-0.000863469,false,0.0255455263,0.157473043,0.0491769724,0.06908507,0.00886699,440.703766,0.220274776,abdomen,twist_x,0.00729583,NA,NA,NA,true,-0.0450532846,0.7557569,-0.0962955952,0.0449418575,-0.161275238,-0.00224782829,-0.000263117254,0,-0.009878382,-0.1550563,0.135299534,-0.179377973,0.178851739,true,-0.04874944,0,-0.096672684
140,378,3.7800000000000002,DESCENT,0.9840029,Descent,true,true,-0.120846331,-0.12223807,-0.120846331,99,NA,NA,false,false,NONE,-0.05352173,0.8779355,-0.106497854,0.9411933,0.335113138,0.0234485287,0.0361179933,0.0518712252,-0.166020572,-0.009066284,-0.07888342,-0.047772605,-0.0126293041,true,true,8,true,true,0.010828374,0.009465524,0.231601283,0.05875455,0.134769544,0.223460168,0.8463003,left_shank,true,0.00320465467,0,0.22253114,0.7037769,false,false,bar_height|bar_linear_stillness|knee_extension|hip_extension|local_trunk_erectness,1.39497,0.174171329,0.0930823,2.14175534,1.93707454,0.206925362,0.05,0.02,0.2,0.08726646,0.17453292,0.17453292,2.38567591E-05,-0.0008470335,-0.0008470335,false,0.0255929865,0.1580716,0.0493845865,0.06899486,0.008836951,439.664734,0.219755441,abdomen,twist_x,0.00723583344,NA,NA,NA,true,-0.0446084253,0.7541584,-0.09630175,0.0449549668,-0.160135329,-0.002117199,-0.000263117254,0,-0.009878382,-0.1550563,0.135299534,-0.179377973,0.178851739,true,-0.04829755,0,-0.09657117
140,379,3.79,DESCENT,0.9870029,Descent,true,true,-0.122502923,-0.123926848,-0.122502923,99,NA,NA,false,false,NONE,-0.0530068427,0.8762158,-0.106578037,0.941336155,0.334741741,0.0232274849,0.0359821655,0.0518976673,-0.164647,-0.00898613,-0.08011828,-0.0488510542,-0.0137192747,true,true,8,true,true,0.0148361241,0.009354229,0.231604308,0.05875153,0.1352155,0.2230142,0.8479412,left_shank,true,0.00320943119,0,0.222981751,0.706721246,false,false,bar_height|bar_linear_stillness|knee_extension|hip_extension|local_trunk_erectness,1.39497,0.172866285,0.09483451,2.145908,1.940338,0.206891879,0.05,0.02,0.2,0.08726646,0.17453292,0.17453292,1.80229545E-05,-0.0008089989,-0.0008089989,false,0.0256170984,0.158371538,0.0494963564,0.06897149,0.008806562,439.820984,0.219833538,abdomen,twist_x,0.007303443,NA,NA,NA,true,-0.0441624671,0.7525724,-0.09630477,0.0448803939,-0.158855051,-0.00197793217,-0.000263117254,0,-0.009878382,-0.1550563,0.135299534,-0.179377973,0.178851739,true,-0.047711622,0,-0.09670962
140,380,3.8000000000000003,DESCENT,0.99000293,Descent,true,true,-0.124199837,-0.125596732,-0.124199837,99,NA,NA,false,false,NONE,-0.05249189,0.8745105,-0.1066575,0.941481233,0.334364235,0.023003025,0.03583949,0.051926408,-0.163195446,-0.008894803,-0.0814705938,-0.049920775,-0.0148186181,true,true,8,true,true,0.0108778728,0.009355406,0.231607735,0.0587480962,0.13565959,0.222570121,0.8496862,left_shank,true,0.00321376324,0,0.2234156,0.7094359,false,false,bar_height|bar_linear_stillness|knee_extension|hip_extension|local_trunk_erectness,1.39497,0.171488255,0.0966909155,2.150324,1.94367909,0.206760243,0.05,0.02,0.2,0.08726646,0.17453292,0.17453292,1.18687749E-05,-0.000781966664,-0.000781966664,false,0.02565106,0.158934921,0.04968305,0.06884887,0.00876955,437.662659,0.218754753,abdomen,twist_x,0.007234864,NA,NA,NA,true,-0.0437183864,0.7510002,-0.0963082,0.0448714234,-0.1575195,-0.0018428216,-0.000263117254,0,-0.009878382,-0.1550563,0.135299534,-0.179377973,0.178851739,true,-0.04731611,0,-0.09659398
140,381,3.81,DESCENT,0.993002951,Descent,true,true,-0.125840753,-0.127268434,-0.125840753,99,NA,NA,false,false,NONE,-0.0519766174,0.8728205,-0.106735922,0.9416286,0.3339807,0.0227751657,0.0356899761,0.0519358926,-0.161680534,-0.008802231,-0.08261188,-0.0509806462,-0.01592905,true,true,8,true,true,0.014818362,0.009260915,0.231607959,0.0587478727,0.136104584,0.222125128,0.851302266,left_shank,true,0.0032170522,0,0.223771021,0.7119363,false,false,bar_height|bar_linear_stillness|knee_extension|hip_extension|local_trunk_erectness,1.39497,0.170045316,0.0983742,2.154414,1.94690871,0.206694379,0.05,0.02,0.2,0.08726646,0.17453292,0.17453292,8.85129E-06,-0.000739281764,-0.000739281764,false,0.0256707761,0.159272686,0.0498406664,0.0687900558,0.008726573,437.621857,0.218734369,abdomen,twist_x,0.00730161229,NA,NA,NA,true,-0.0432733856,0.7494414,-0.0963084251,0.0447782278,-0.156124651,-0.00170616456,-0.000263117254,0,-0.009878382,-0.1550563,0.135299534,-0.179377973,0.178851739,true,-0.0467609838,0,-0.09676415
140,382,3.8200000000000003,DESCENT,0.996003,Descent,true,true,-0.127518147,-0.128917187,-0.127518147,99,NA,NA,false,false,NONE,-0.05146152,0.8711472,-0.106813587,0.9417776,0.333592653,0.0225440729,0.03553352,0.05193889,-0.159975231,-0.00870438,-0.08362626,-0.0520298257,-0.0170467235,true,true,8,true,true,0.0108419219,0.009279721,0.231608778,0.0587470457,0.1365475,0.2216822,0.853009045,left_shank,true,0.003222046,0,0.224256635,0.714412,false,false,bar_height|bar_linear_stillness|knee_extension|hip_extension|local_trunk_erectness,1.39497,0.168420568,0.0999552161,2.15873337,1.9501574,0.2065603,0.05,0.02,0.2,0.08726646,0.17453292,0.17453292,5.416572E-06,-0.0006998556,-0.0006998556,false,0.0257041529,0.1598405,0.05001602,0.06866028,0.008687389,436.286255,0.2180668,abdomen,twist_x,0.007237867,NA,NA,NA,true,-0.04283047,0.747898459,-0.09630925,0.0447491556,-0.154545069,-0.00159102236,-0.000263117254,0,-0.009878382,-0.1550563,0.135299534,-0.179377973,0.178851739,true,-0.0463096648,0,-0.09663322
140,383,3.83,BOTTOM,1,Descent,true,true,-0.129123449,-0.130554587,-0.129123449,99,NA,NA,false,false,NONE,-0.0509461872,0.8694894,-0.106889866,0.941928864,0.333198518,0.0223097,0.035370186,0.051944498,-0.15849942,-0.008580696,-0.08477416,-0.0530691929,-0.0181744285,true,true,8,true,true,0.0147837093,0.009137831,0.2316063,0.05874952,0.136991218,0.2212385,0.854620039,left_shank,true,0.00322170253,0,0.224371091,0.7162635,false,false,bar_height|bar_linear_stillness|knee_extension|hip_extension|local_trunk_erectness,1.39497,0.167014748,0.101652876,2.16281033,1.95340657,0.20643422,0.05,0.02,0.2,0.08726646,0.17453292,0.17453292,5.19305468E-06,-0.00064725976,-0.00064725976,false,0.02586751,0.158919081,0.049170088,0.06854268,0.008640044,434.394073,0.217121035,abdomen,twist_x,0.007290083,NA,NA,NA,true,-0.04238675,0.7463693,-0.09630678,0.0446451753,-0.153192818,-0.0014274962,-0.000263117254,0,-0.009878382,-0.1550563,0.135299534,-0.179377973,0.178851739,true,-0.04588244,0,-0.09682192
140,384,3.84,REVERSAL,1,Ascent,true,true,-0.130794883,-0.132192552,-0.130794883,99,NA,NA,false,false,NONE,-0.050428398,0.86780864,-0.106960371,0.942088246,0.332781583,0.02207143,0.0352001972,0.05225194,-0.1613467,-0.007982483,-0.08965985,-0.0541254543,-0.0193239972,true,true,8,true,true,0.0112644546,0.008770662,0.231601536,0.0587542951,0.13743341,0.220796317,0.856658,left_shank,true,0.00316325761,0,0.220679313,0.7146254,false,false,bar_height|bar_linear_stillness|knee_extension|hip_extension|local_trunk_erectness,1.39497,0.1697844,0.106498219,2.1679678,1.95822871,0.205412388,0.05,0.02,0.2,0.08726646,0.17453292,0.17453292,4.36604023E-06,-0.000605443434,-0.000605443434,false,0.0251377579,0.164076582,0.0540009774,0.06752426,0.008456375,453.239349,0.1636125,left_shank,twist_x,0.007010077,NA,NA,NA,true,-0.04194457,0.744818747,-0.096302,0.04469741,-0.156022355,-0.00088418,-0.000263117254,0,-0.009878382,-0.1550563,0.135299534,-0.179377973,0.178851739,true,-0.04725739,0,-0.0977037251
140,385,3.85,REVERSAL,1,Ascent,true,true,-0.13276583,-0.1341222,-0.13276583,99,NA,NA,false,false,NONE,-0.0499070063,0.8660878,-0.107027121,0.942251444,0.33235383,0.0218296424,0.0350231342,0.05255065,-0.165140957,-0.00754057849,-0.09191037,-0.055190824,-0.0204946473,true,true,8,true,true,0.0149677591,0.009096842,0.231590927,0.0587649122,0.137877434,0.220352262,0.8583148,left_shank,true,0.00311642513,0,0.217645347,0.716344655,false,false,bar_height|bar_linear_stillness|knee_extension|hip_extension|local_trunk_erectness,1.39497,0.1734646,0.109149322,2.17216086,1.96239567,0.204694927,0.05,0.02,0.2,0.08726646,0.17453292,0.17453292,6.839633E-06,-0.000531781232,-0.000531781232,false,0.0247432049,0.16826959,0.05818278,0.06681309,0.008326673,460.763947,0.166328773,left_shank,twist_x,0.007058127,NA,NA,NA,true,-0.04150053,0.743225634,-0.0962913856,0.04470035,-0.15975371,-0.0006164121,-0.000263117254,0,-0.009878382,-0.1550563,0.135299534,-0.179377973,0.178851739,true,-0.04695439,0,-0.09859175
140,386,3.86,REVERSAL,1,Ascent,true,true,-0.134610862,-0.135899991,-0.134610862,99,NA,NA,false,false,NONE,-0.0493841134,0.864338756,-0.107090779,0.9424149,0.331925571,0.0215848275,0.0348387547,0.0527152754,-0.167789668,-0.00721356552,-0.09192502,-0.0562465228,-0.0216709934,true,true,8,true,true,0.009784794,0.00914192,0.231580138,0.0587757,0.1383202,0.219909519,0.859984636,left_shank,true,0.00310641946,0,0.217111483,0.720175564,false,false,bar_height|bar_linear_stillness|knee_extension|hip_extension|local_trunk_erectness,1.39497,0.1760236,0.109925032,2.17638659,1.96608949,0.204217136,0.05,0.02,0.2,0.08726646,0.17453292,0.17453292,1.16154552E-05,-0.000300508866,-0.000300508866,false,0.0242152438,0.172495544,0.0619228631,0.0663526058,0.00824527349,469.6866,0.169549718,left_shank,twist_x,0.007052656,NA,NA,NA,true,-0.0410577841,0.7416107,-0.0962806,0.04477651,-0.161683232,-0.000432101631,-0.000263117254,0,-0.009878382,-0.1550563,0.135299534,-0.179377973,0.178851739,true,-0.04578379,0,-0.09799038
140,387,3.87,REVERSAL,1,Ascent,true,true,-0.136283726,-0.1375865,-0.136283726,99,NA,NA,false,false,NONE,-0.0488609746,0.8625815,-0.107151821,0.942575753,0.331504434,0.0213373061,0.0346469581,0.0527064241,-0.168489754,-0.00697080651,-0.0901941657,-0.05728183,-0.0228469335,true,true,8,true,true,0.0143798254,0.009056725,0.2315665,0.0587893277,0.138765082,0.21946463,0.8615295,left_shank,true,0.00312750158,0,0.21868372,0.7248072,false,false,bar_height|bar_linear_stillness|knee_extension|hip_extension|local_trunk_erectness,1.39497,0.176678687,0.109261967,2.18029642,1.96933639,0.204093128,0.05,0.02,0.2,0.08726646,0.17453292,0.17453292,2.22325325E-05,-0.000154196139,-0.000154196139,false,0.0237645861,0.176405355,0.06519925,0.06624101,0.008188285,478.917664,0.172881991,left_shank,twist_x,0.00719952257,NA,NA,NA,true,-0.0406128876,0.7399944,-0.09626697,0.0447389558,-0.161682621,-0.000309698546,-0.000263117254,0,-0.009878382,-0.1550563,0.135299534,-0.179377973,0.178851739,true,-0.0444799066,0,-0.09765143
140,388,3.88,REVERSAL,1,Ascent,true,true,-0.1379349,-0.139218658,-0.1379349,99,NA,NA,false,false,NONE,-0.0483395681,0.860838652,-0.107211143,0.9427319,0.331096947,0.0210875049,0.0344476774,0.0525516,-0.166888714,-0.006793213,-0.0872857049,-0.0582847521,-0.0240118224,true,true,8,true,true,0.0104174344,0.009153804,0.231553972,0.0588018522,0.139208242,0.219021469,0.863145947,left_shank,true,0.00317122927,0,0.221811548,0.7295183,false,false,bar_height|bar_linear_stillness|knee_extension|hip_extension|local_trunk_erectness,1.39497,0.175099,0.107668355,2.184387,1.97232068,0.204159826,0.05,0.02,0.2,0.08726646,0.17453292,0.17453292,3.30209732E-05,-3.98677148E-05,-3.98677148E-05,false,0.0233687013,0.180495888,0.06820616,0.0663179457,0.008164002,487.9919,0.176157653,left_shank,twist_x,0.00722446432,NA,NA,NA,true,-0.0401697271,0.738396466,-0.0962544456,0.04474602,-0.159809113,-0.0002857874,-0.000263117254,0,-0.009878382,-0.1550563,0.135299534,-0.179377973,0.178851739,true,-0.0433858633,0,-0.09716935
140,389,3.89,REVERSAL,1,Ascent,true,true,-0.139485836,-0.140823334,-0.139485836,99,NA,NA,false,false,NONE,-0.0478206165,0.859132051,-0.107269056,0.94288224,0.3307061,0.0208356269,0.0342410058,0.0522828437,-0.163155437,-0.006677298,-0.08359083,-0.05925026,-0.0251637455,true,true,8,true,true,0.0143733518,0.009133684,0.231539935,0.0588158965,0.139652148,0.218577564,0.8646254,left_shank,true,0.00322508044,0,0.225617513,0.733476639,false,false,bar_height|bar_linear_stillness|knee_extension|hip_extension|local_trunk_erectness,1.39497,0.1714578,0.105504662,2.188131,1.97497261,0.204495281,0.05,0.02,0.2,0.08726646,0.17453292,0.17453292,4.66480851E-05,6.134493E-05,6.134493E-05,false,0.022999255,0.184240058,0.0708780438,0.06666023,0.008166256,496.270874,0.17914623,left_shank,twist_x,0.007373901,NA,NA,NA,true,-0.03972583,0.736833453,-0.0962404,0.044624038,-0.156239644,-0.000326156616,-0.000263117254,0,-0.009878382,-0.1550563,0.135299534,-0.179377973,0.178851739,true,-0.0422590636,0,-0.0970119
140,390,3.9,REVERSAL,1,Ascent,true,true,-0.141040057,-0.142384946,-0.141040057,99,NA,NA,false,false,NONE,-0.0473051742,0.857481539,-0.107326359,0.943025768,0.3303346,0.0205819812,0.0340270139,0.0519493222,-0.157408789,-0.006609737,-0.0795191,-0.06017541,-0.0262980312,true,true,8,true,true,0.0112476051,0.009192289,0.231528819,0.05882702,0.1400935,0.2181362,0.866170347,left_shank,true,0.0032837668,0,0.229770049,0.736580551,false,false,bar_height|bar_linear_stillness|knee_extension|hip_extension|local_trunk_erectness,1.39497,0.165891379,0.103130758,2.192041,1.97744823,0.204903647,0.05,0.02,0.2,0.08726646,0.17453292,0.17453292,5.917251E-05,0.000119705655,0.000119705655,false,0.0226921774,0.188149765,0.07336534,0.0670733,0.008193663,504.236359,0.182021648,left_shank,twist_x,0.00738579733,NA,NA,NA,true,-0.039284464,0.7353222,-0.09622928,0.0445161834,-0.151045322,-0.0004591095,-0.000263117254,0,-0.009878382,-0.1550563,0.135299534,-0.179377973,0.178851739,true,-0.0413259752,0,-0.09663852
140,391,3.91,REVERSAL,1,Ascent,true,true,-0.1424832,-0.143903553,-0.1424832,99,NA,NA,false,false,NONE,-0.0467934124,0.855904162,-0.1073831,0.943162441,0.329982638,0.0203266814,0.03380588,0.0515647642,-0.150010645,-0.00658440264,-0.07522465,-0.0610587671,-0.027415324,true,true,8,true,true,0.0145253167,0.009147512,0.231517226,0.0588386133,0.140534043,0.217695668,0.867538154,left_shank,true,0.00333975744,0,0.233728692,0.7384478,false,false,bar_height|bar_linear_stillness|knee_extension|hip_extension|local_trunk_erectness,1.39497,0.158762321,0.100690223,2.19550252,1.97962725,0.205484465,0.05,0.02,0.2,0.08726646,0.17453292,0.17453292,7.32168555E-05,0.000158862153,0.000158862153,false,0.0224100351,0.191611379,0.07555212,0.06765787,0.008236677,510.926971,0.184436858,left_shank,twist_x,0.00752901845,NA,NA,NA,true,-0.0388439335,0.733876467,-0.0962176844,0.04427962,-0.1444387,-0.000627927249,-0.000263117254,0,-0.009878382,-0.1550563,0.135299534,-0.179377973,0.178851739,true,-0.04033267,0,-0.0965722
140,392,3.92,REVERSAL,1,Ascent,true,true,-0.143919617,-0.145355284,-0.143919617,99,NA,NA,false,false,NONE,-0.0462857746,0.8544147,-0.107439987,0.9432921,0.329650968,0.0200699549,0.0335777141,0.0511680357,-0.141098335,-0.00658800034,-0.0709908,-0.0619038641,-0.0285149645,true,true,8,true,true,0.0118761379,0.009168123,0.23151,0.0588458329,0.140971,0.2172587,0.868963242,left_shank,true,0.003393129,0,0.23752822,0.7393779,false,false,bar_height|bar_linear_stillness|knee_extension|hip_extension|local_trunk_erectness,1.39497,0.150234178,0.09841181,2.199109,1.98167861,0.206040472,0.05,0.02,0.2,0.08726646,0.17453292,0.17453292,8.434057E-05,0.000150365348,0.000150365348,false,0.0221874062,0.195217952,0.0776015744,0.06821299,0.008294515,517.391846,0.186770573,left_shank,twist_x,0.00751956273,NA,NA,NA,true,-0.03840697,0.732510149,-0.0962104648,0.0440458432,-0.136498436,-0.000869665062,-0.000263117254,0,-0.009878382,-0.1550563,0.135299534,-0.179377973,0.178851739,true,-0.03954748,0,-0.09625834
140,393,3.93,REVERSAL,1,Ascent,true,true,-0.14521873,-0.146740079,-0.14521873,99,NA,NA,false,false,NONE,-0.0457821861,0.8530255,-0.1074968,0.943415046,0.3293384,0.01981185,0.03334272,0.05074943,-0.131023049,-0.006612979,-0.06679559,-0.06271103,-0.02959869,true,true,8,true,true,0.01471233,0.00911441,0.231502876,0.0588529557,0.141405717,0.216824,0.870170832,left_shank,true,0.00343944435,0,0.240836188,0.7391796,false,false,bar_height|bar_linear_stillness|knee_extension|hip_extension|local_trunk_erectness,1.39497,0.1406637,0.09628295,2.20216513,1.98344481,0.206701308,0.05,0.02,0.2,0.08726646,0.17453292,0.17453292,9.59336758E-05,0.000129672117,0.000129672117,false,0.021979345,0.198273882,0.07936357,0.06887189,0.008356867,522.261047,0.188528284,left_shank,twist_x,0.00765439635,NA,NA,NA,true,-0.0379722528,0.731233537,-0.09620334,0.04369242,-0.127483934,-0.00111948128,-0.000263117254,0,-0.009878382,-0.1550563,0.135299534,-0.179377973,0.178851739,true,-0.0386802554,0,-0.096268
140,394,3.94,ASCENT,0.997,Ascent,true,true,-0.146499068,-0.148034215,-0.146499068,99,NA,NA,false,false,NONE,-0.04528055,0.851709366,-0.107549,0.9435379,0.329026163,0.0195517857,0.033101283,0.0506090634,-0.124211572,-0.00614094269,-0.06679636,-0.06351274,-0.0306825433,true,true,8,true,true,0.0125878714,0.008614843,0.231498361,0.05885747,0.1418364,0.216393292,0.8717773,left_shank,true,0.003422386,0,0.239979491,0.7341919,false,false,bar_height|bar_linear_stillness|knee_extension|hip_extension|local_trunk_erectness,1.39497,0.13426654,0.09714443,2.20623064,1.98667979,0.206443474,0.05,0.02,0.2,0.08726646,0.17453292,0.17453292,0.000103153288,6.333476E-05,6.333476E-05,false,0.0210791435,0.206090823,0.08566696,0.0686074,0.008286607,608.3211,0.219594657,left_shank,twist_x,0.00740627851,NA,NA,NA,true,-0.03754156,0.73002255,-0.09619883,0.0434192345,-0.121626347,-0.00100511487,-0.000263117254,0,-0.009878382,-0.1550563,0.135299534,-0.179377973,0.178851739,true,-0.03933257,0,-0.0968771
140,395,3.95,ASCENT,0.993999958,Ascent,true,true,-0.148001164,-0.149553567,-0.148001164,99,NA,NA,false,false,NONE,-0.04477989,0.8504565,-0.107598655,0.9436569,0.3287251,0.0192901213,0.03285317,0.050460916,-0.11763183,-0.005841932,-0.0643967539,-0.0643040538,-0.0317662172,true,true,8,true,true,0.0150687788,0.009027419,0.231491461,0.05886437,0.142264619,0.215965092,0.872880161,left_shank,true,0.0034089277,0,0.2392225,0.732109547,false,false,bar_height|bar_linear_stillness|knee_extension|hip_extension|local_trunk_erectness,1.39497,0.1281315,0.09639007,2.20902181,1.98909569,0.206480488,0.05,0.02,0.2,0.08726646,0.17453292,0.17453292,0.000110276043,-6.54245E-06,-6.54245E-06,false,0.02054606,0.212633833,0.09114987,0.0686359555,0.008266086,618.501,0.223269433,left_shank,twist_x,0.0075113154,NA,NA,NA,true,-0.0371133573,0.728862166,-0.09619193,0.0430657268,-0.116057225,-0.00116745906,-0.000263117254,0,-0.009878382,-0.1550563,0.135299534,-0.179377973,0.178851739,true,-0.0387432836,0,-0.0976226553
140,396,3.96,ASCENT,0.990999937,Ascent,true,true,-0.149313182,-0.150836587,-0.149313182,99,NA,NA,false,false,NONE,-0.0442818031,0.849284053,-0.10764683,0.943769,0.328443944,0.0190272965,0.0325982869,0.0502118133,-0.109373115,-0.00567567535,-0.0601539,-0.06507582,-0.03284148,true,true,8,true,true,0.0114237554,0.009076498,0.231489718,0.0588661134,0.1426882,0.215541512,0.8739524,left_shank,true,0.003425438,0,0.240497,0.7321075,false,false,bar_height|bar_linear_stillness|knee_extension|hip_extension|local_trunk_erectness,1.39497,0.12048202,0.09450882,2.21173525,1.99094236,0.206671268,0.05,0.02,0.2,0.08726646,0.17453292,0.17453292,0.000114791095,5.587247E-05,5.587247E-05,false,0.01989591,0.219099134,0.09608942,0.06882841,0.00828998,629.960938,0.227406308,left_shank,twist_x,0.00751409074,NA,NA,NA,true,-0.0366897732,0.727778435,-0.0961901844,0.0427378975,-0.108174592,-0.00144588831,-0.000263117254,0,-0.009878382,-0.1550563,0.135299534,-0.179377973,0.178851739,true,-0.03767916,0,-0.09696046
140,397,3.97,ASCENT,0.9879999,Ascent,true,true,-0.150343627,-0.151933968,-0.150343627,99,NA,NA,false,false,NONE,-0.0437874272,0.848214269,-0.107693806,0.943872333,0.328187883,0.0187635329,0.0323366821,0.0498188362,-0.09898619,-0.005594724,-0.0546138138,-0.06581913,-0.0339036472,true,true,8,true,true,0.0147669483,0.009038884,0.231488645,0.05886718,0.143109024,0.215120673,0.8747619,left_shank,true,0.00346407713,0,0.243258268,0.7328653,false,false,bar_height|bar_linear_stillness|knee_extension|hip_extension|local_trunk_erectness,1.39497,0.110957123,0.09200154,2.21378374,1.99220788,0.20715262,0.05,0.02,0.2,0.08726646,0.17453292,0.17453292,0.000121690333,1.93462783E-05,1.93462783E-05,false,0.0193165224,0.22496672,0.100481071,0.06929986,0.008315954,642.332642,0.2318723,left_shank,twist_x,0.007697626,NA,NA,NA,true,-0.0362689421,0.726793468,-0.09618912,0.04229341,-0.0981657,-0.00175944332,-0.000263117254,0,-0.009878382,-0.1550563,0.135299534,-0.179377973,0.178851739,true,-0.03652159,0,-0.09664917
140,398,3.98,ASCENT,0.9849999,Ascent,true,true,-0.151286513,-0.152882725,-0.151286513,99,NA,NA,false,false,NONE,-0.04329821,0.847271,-0.107740842,0.943965,0.327962518,0.0184992012,0.03206835,0.0493143238,-0.0861406848,-0.00558838667,-0.04817108,-0.06653075,-0.0349489227,true,true,8,true,true,0.0121672787,0.009145685,0.231494233,0.0588616,0.1435244,0.214705318,0.8755916,left_shank,true,0.003520357,0,0.247234672,0.7343008,false,false,bar_height|bar_linear_stillness|knee_extension|hip_extension|local_trunk_erectness,1.39497,0.09941504,0.08926489,2.21588349,1.993107,0.207716823,0.05,0.02,0.2,0.08726646,0.17453292,0.17453292,0.000123433769,-8.277439E-05,-8.277439E-05,false,0.0188249368,0.230919361,0.104519218,0.069849804,0.008366307,652.711853,0.235619038,left_shank,twist_x,0.00770858675,NA,NA,NA,true,-0.0358535834,0.725928843,-0.0961947,0.04186556,-0.08609683,-0.00220432435,-0.000263117254,0,-0.009878382,-0.1550563,0.135299534,-0.179377973,0.178851739,true,-0.0356237851,0,-0.0961515
140,399,3.99,ASCENT,0.9819999,Ascent,true,true,-0.152003676,-0.153698623,-0.152003676,99,NA,NA,false,false,NONE,-0.04281492,0.8464767,-0.107788011,0.9440464,0.327769935,0.0182344448,0.03179345,0.0487057529,-0.071152,-0.00564376358,-0.0410432443,-0.06720512,-0.03597516,true,true,8,true,true,0.0149284806,0.009182707,0.231501848,0.05885399,0.143935561,0.21429415,0.8761241,left_shank,true,0.00358143169,0,0.251514345,0.735569835,false,false,bar_height|bar_linear_stillness|knee_extension|hip_extension|local_trunk_erectness,1.39497,0.08641013,0.08657534,2.21723127,1.99348474,0.208504155,0.05,0.02,0.2,0.08726646,0.17453292,0.17453292,0.0001244992,-0.000201291739,-0.000201291739,false,0.0183573458,0.23612,0.108032227,0.07062009,0.0084321,660.9034,0.238576055,left_shank,twist_x,0.007891234,NA,NA,NA,true,-0.0354424119,0.725201666,-0.09620231,0.0413174666,-0.0722717,-0.002700139,-0.000263117254,0,-0.009878382,-0.1550563,0.135299534,-0.179377973,0.178851739,true,-0.0346341543,0,-0.09602502
140,400,4,ASCENT,0.978999853,Ascent,true,true,-0.152645528,-0.154362381,-0.152645528,99,NA,NA,false,false,NONE,-0.04233823,0.845849335,-0.107836284,0.9441158,0.327611744,0.0179694984,0.03151206,0.04805936,-0.0543219447,-0.00574013265,-0.0338661075,-0.0678462163,-0.0369836241,true,true,8,true,true,0.0130039454,0.009229243,0.23151809,0.05883774,0.144340351,0.21388936,0.8766901,left_shank,true,0.003641852,0,0.255761,0.736557961,false,false,bar_height|bar_linear_stillness|knee_extension|hip_extension|local_trunk_erectness,1.39497,0.07275661,0.08436712,2.21866369,1.993641,0.2092303,0.05,0.02,0.2,0.08726646,0.17453292,0.17453292,0.000118918717,-0.0003971974,-0.0003971974,false,0.0179702677,0.241435975,0.111332543,0.0713222548,0.008505557,670.7864,0.242143661,left_shank,twist_x,0.007866662,NA,NA,NA,true,-0.03503762,0.7246281,-0.0962185562,0.0407771245,-0.0569452681,-0.00330256228,-0.000263117254,0,-0.009878382,-0.1550563,0.135299534,-0.179377973,0.178851739,true,-0.03395848,0,-0.0956310853
140,401,4.01,ASCENT,0.975999832,Ascent,true,true,-0.153062522,-0.154889017,-0.153062522,99,NA,NA,false,false,NONE,-0.04186834,0.8454036,-0.107885472,0.9441733,0.327488124,0.0177044328,0.03122437,0.047366593,-0.03610052,-0.005872341,-0.0263765063,-0.0684512258,-0.03797374,true,true,8,true,true,0.0151798837,0.009247347,0.2315375,0.0588183254,0.144739658,0.213490039,0.876913,left_shank,true,0.00369520066,0,0.259499371,0.7370612,false,false,bar_height|bar_linear_stillness|knee_extension|hip_extension|local_trunk_erectness,1.39497,0.05984418,0.08260324,2.21922779,1.99331284,0.210089326,0.05,0.02,0.2,0.08726646,0.17453292,0.17453292,0.000111311674,-0.000620961539,-0.000620961539,false,0.0176158082,0.245945081,0.11419037,0.07215006,0.008580236,676.391541,0.244167045,left_shank,twist_x,0.008029227,NA,NA,NA,true,-0.034638308,0.7242189,-0.09623797,0.0401276536,-0.0404358245,-0.003936903,-0.000263117254,0,-0.009878382,-0.1550563,0.135299534,-0.179377973,0.178851739,true,-0.0331363156,0,-0.09563575
140,402,4.0200000000000005,ASCENT,0.9729998,Ascent,true,true,-0.153395116,-0.155239731,-0.153395116,99,NA,NA,false,false,NONE,-0.04140548,0.845151365,-0.107936457,0.9442183,0.327400327,0.0174394585,0.0309304465,0.04667529,-0.0166395381,-0.006029952,-0.0189276431,-0.06902748,-0.0389488824,true,true,8,true,true,0.0134811448,0.009268144,0.2315672,0.05878862,0.1451317,0.213098,0.8771523,left_shank,true,0.00374324224,0,0.262886941,0.737417459,false,false,bar_height|bar_linear_stillness|knee_extension|hip_extension|local_trunk_erectness,1.39497,0.0499181077,0.08148659,2.21983337,1.99276948,0.210814565,0.05,0.02,0.2,0.08726646,0.17453292,0.17453292,9.506196E-05,-0.000920255436,-0.000920255436,false,0.017346777,0.2504959,0.116817787,0.07284059,0.008662325,681.9724,0.246181652,left_shank,twist_x,0.007974708,NA,NA,NA,true,-0.0342462659,0.7239862,-0.09626768,0.0394877456,-0.0228075869,-0.00467308145,-0.000263117254,0,-0.009878382,-0.1550563,0.135299534,-0.179377973,0.178851739,true,-0.0325914919,0,-0.09530275
140,403,4.03,ASCENT,0.9699998,Ascent,true,true,-0.153469414,-0.155423641,-0.153469414,99,NA,NA,false,false,NONE,-0.04094956,0.845100045,-0.107988596,0.9442515,0.327346742,0.0171745587,0.03063048,0.0459649079,0.00348200649,-0.006146751,-0.0114638507,-0.0695776,-0.03990802,true,true,8,true,true,0.0286737829,0.009039897,0.231605709,0.0587501228,0.14551878,0.212710917,0.877236247,left_shank,true,0.003779894,0,0.265512884,0.7370496,false,false,bar_height|bar_linear_stillness|knee_extension|hip_extension|local_trunk_erectness,1.39497,0.04650462,0.08102538,2.2200458,1.99191177,0.211373553,0.05,0.02,0.2,0.08726646,0.17453292,0.17453292,7.56457448E-05,-0.00124442764,-0.00124442764,false,0.01707639,0.254653454,0.119125463,0.07336432,0.008730786,686.667847,0.247876629,left_shank,twist_x,0.007956065,NA,NA,NA,true,-0.0338591859,0.7239347,-0.096306175,0.03873521,-0.004617465,-0.00543008326,-0.000263117254,0,-0.009878382,-0.1550563,0.135299534,-0.179377973,0.178851739,true,-0.0319630951,0,-0.0951987952
140,404,4.04,ASCENT,0.966999769,Ascent,true,true,-0.15333575,-0.155425519,-0.15333575,99,404,NA,false,false,NONE,-0.0405009538,0.8452532,-0.1080419,0.944272459,0.327328563,0.016909888,0.0303245615,0.04523814,0.0239641741,-0.006270209,-0.00386882224,-0.07009645,-0.0408496931,true,true,8,true,true,0.0292036571,0.00904164,0.231650889,0.05870495,0.145897955,0.212331742,0.877055,left_shank,true,0.0038055873,0,0.267359376,0.736270547,false,false,bar_height|bar_linear_stillness|knee_extension|hip_extension|local_trunk_erectness,1.39497,0.0515760258,0.08122301,2.219587,1.99068356,0.211892739,0.05,0.02,0.2,0.08726646,0.17453292,0.17453292,4.594028E-05,-0.00164870545,-0.00164870545,false,0.01690611,0.258223027,0.121112473,0.07383551,0.008786496,688.6813,0.248603448,left_shank,twist_x,0.007994996,NA,NA,NA,true,-0.03348001,0.724068642,-0.09635135,0.038018357,0.0139536392,-0.00620559743,-0.000263117254,0,-0.009878382,-0.1550563,0.135299534,-0.179377973,0.178851739,true,-0.03134569,0,-0.0953683
140,405,4.05,ASCENT,0.963999748,Ascent,true,true,-0.1530377,-0.15523991,-0.1530377,99,404,NA,false,false,NONE,-0.0400594063,0.845613062,-0.108096473,0.944281,0.327346325,0.0166455545,0.0300128,0.04453112,0.0446508676,-0.00639976934,0.00372444163,-0.07059003,-0.041778937,true,true,8,true,true,0.0294973459,0.009081093,0.231703341,0.0586524978,0.14626959,0.211960137,0.8766665,left_shank,true,0.003823201,0,0.268627644,0.735256,false,false,bar_height|bar_linear_stillness|knee_extension|hip_extension|local_trunk_erectness,1.39497,0.06338515,0.08211153,2.21860385,1.98915935,0.21236454,0.05,0.02,0.2,0.08726646,0.17453292,0.17453292,7.44313E-06,-0.00209553051,-0.00209553051,false,0.0168084111,0.261268616,0.122794375,0.07425856,0.008836328,689.7744,0.248998061,left_shank,twist_x,0.008024585,NA,NA,NA,true,-0.03310839,0.724391639,-0.0964038,0.0372711457,0.0328342356,-0.006966312,-0.000263117254,0,-0.009878382,-0.1550563,0.135299534,-0.179377973,0.178851739,true,-0.0309168864,0,-0.0954201147
140,406,4.0600000000000005,ASCENT,0.9609997,Ascent,true,true,-0.152575791,-0.1548706,-0.152575791,99,404,NA,false,false,NONE,-0.0396246463,0.8461799,-0.108152211,0.9442771,0.327399731,0.01638163,0.0296952836,0.04385238,0.0653521,-0.006517994,0.0112477047,-0.07106188,-0.0426997244,true,true,8,true,true,0.0297269933,0.00909982,0.231763154,0.0585926846,0.146633446,0.211596265,0.8760839,left_shank,true,0.00383376516,0,0.269395649,0.734013259,false,false,bar_height|bar_linear_stillness|knee_extension|hip_extension|local_trunk_erectness,1.39497,0.07897096,0.08366342,2.21712947,1.98736775,0.212766841,0.05,0.02,0.2,0.08726646,0.17453292,0.17453292,-3.772974E-05,-0.0025757195,-0.0025757195,false,0.01676622,0.263823,0.124202169,0.0746080354,0.008877322,689.71875,0.248977959,left_shank,twist_x,0.008034692,NA,NA,NA,true,-0.03274453,0.724904358,-0.09646361,0.0365040861,0.05178629,-0.007722251,-0.000263117254,0,-0.009878382,-0.1550563,0.135299534,-0.179377973,0.178851739,true,-0.0305347387,0,-0.0954791
140,407,4.07,ASCENT,0.9579997,Ascent,true,true,-0.151951075,-0.154317111,-0.151951075,99,404,NA,false,false,NONE,-0.03919633,0.846951067,-0.10820882,0.944261253,0.327487737,0.0161181465,0.0293720961,0.0432082079,0.0857521743,-0.006606039,0.0185512658,-0.07151636,-0.0436154567,true,true,8,true,true,0.0298346933,0.009078642,0.231830329,0.0585254952,0.146989465,0.211240232,0.8753187,left_shank,true,0.00383573351,0,0.269560337,0.7324084,false,false,bar_height|bar_linear_stillness|knee_extension|hip_extension|local_trunk_erectness,1.39497,0.0962498039,0.08579654,2.215193,1.98535728,0.213059664,0.05,0.02,0.2,0.08726646,0.17453292,0.17453292,-9.018183E-05,-0.00307859946,-0.00307859946,false,0.0167546328,0.2659646,0.125425652,0.0748447254,0.008901613,690.062,0.249101877,left_shank,twist_x,0.008021389,NA,NA,NA,true,-0.0323885,0.7256046,-0.0965308,0.0357302576,0.07048286,-0.008464977,-0.000263117254,0,-0.009878382,-0.1550563,0.135299534,-0.179377973,0.178851739,true,-0.03021243,0,-0.09556956
140,408,4.08,ASCENT,0.9549997,Ascent,true,true,-0.151169956,-0.153586417,-0.151169956,99,404,NA,false,false,NONE,-0.0387741551,0.8479219,-0.10826607,0.9442334,0.327610016,0.0158551428,0.02904328,0.04259225,0.105686836,-0.00666635577,0.0257913247,-0.07195709,-0.04452844,true,true,8,true,true,0.02985633,0.009057768,0.231904879,0.0584509522,0.14733772,0.210891992,0.8743612,left_shank,true,0.003830532,0,0.2692174,0.730688632,false,false,bar_height|bar_linear_stillness|knee_extension|hip_extension|local_trunk_erectness,1.39497,0.114141345,0.08846354,2.21277,1.98309922,0.213250175,0.05,0.02,0.2,0.08726646,0.17453292,0.17453292,-0.000149995089,-0.00360841351,-0.00360841351,false,0.0167935286,0.2676447,0.126415372,0.07497632,0.00891336,687.9134,0.248326257,left_shank,twist_x,0.007996793,NA,NA,NA,true,-0.0320402533,0.7264878,-0.0966053456,0.0349592976,0.08876562,-0.009204633,-0.000263117254,0,-0.009878382,-0.1550563,0.135299534,-0.179377973,0.178851739,true,-0.0299163181,0,-0.09569152
140,409,4.09,ASCENT,0.951999664,Ascent,true,true,-0.1502215,-0.1526725,-0.1502215,99,404,NA,false,false,NONE,-0.0383578725,0.849086165,-0.108323634,0.94419384,0.3277662,0.0155926459,0.028708877,0.0420005,0.124978766,-0.006694353,0.0329652,-0.0723869056,-0.04544004,true,true,8,true,true,0.02976623,0.009010514,0.231986731,0.0583690926,0.147678331,0.210551381,0.8732204,left_shank,true,0.00381869869,0,0.268404543,0.72884053,false,false,bar_height|bar_linear_stillness|knee_extension|hip_extension|local_trunk_erectness,1.39497,0.132017225,0.0916044,2.20988274,1.98060858,0.2133308,0.05,0.02,0.2,0.08726646,0.17453292,0.17453292,-0.000217184424,-0.004161918,-0.004161918,false,0.0168779455,0.268860579,0.127167463,0.07499876,0.008912114,684.801758,0.247203,left_shank,twist_x,0.007960823,NA,NA,NA,true,-0.0316996425,0.7275486,-0.0966872051,0.03420137,0.106493682,-0.009928897,-0.000263117254,0,-0.009878382,-0.1550563,0.135299534,-0.179377973,0.178851739,true,-0.02965315,0,-0.09582843
140,410,4.1,ASCENT,0.948999643,Ascent,true,true,-0.1491099,-0.151582062,-0.1491099,99,404,NA,false,false,NONE,-0.03794722,0.850435,-0.108381085,0.94414264,0.327955574,0.0153306574,0.0283689182,0.0414356776,0.143362463,-0.0066776895,0.0399744622,-0.07280848,-0.04635118,true,true,8,true,true,0.0295913517,0.008940893,0.232075632,0.0582801923,0.148011535,0.210218161,0.871910334,left_shank,true,0.00379946013,0,0.267070144,0.726699233,false,false,bar_height|bar_linear_stillness|knee_extension|hip_extension|local_trunk_erectness,1.39497,0.14937973,0.09511816,2.20656729,1.977933,0.213290513,0.05,0.02,0.2,0.08726646,0.17453292,0.17453292,-0.000291727483,-0.00474299444,-0.00474299444,false,0.0170073528,0.269670129,0.127746627,0.07489414,0.008893228,682.1187,0.246234462,left_shank,twist_x,0.007910396,NA,NA,NA,true,-0.03136643,0.728779,-0.0967761055,0.03346701,0.123411827,-0.01061912,-0.000263117254,0,-0.009878382,-0.1550563,0.135299534,-0.179377973,0.178851739,true,-0.0294474028,0,-0.09601532
140,411,4.11,ASCENT,0.9459996,Ascent,true,true,-0.147849619,-0.150329858,-0.147849619,99,404,NA,false,false,NONE,-0.03754195,0.8519583,-0.108438089,0.9440799,0.3281779,0.0150691941,0.0280234255,0.04089324,0.160736918,-0.00662528956,0.04694968,-0.07322304,-0.0472618565,true,true,8,true,true,0.02938499,0.008886731,0.232171267,0.05818457,0.148337662,0.209892035,0.870426655,left_shank,true,0.00377453468,0,0.2653275,0.7244297,false,false,bar_height|bar_linear_stillness|knee_extension|hip_extension|local_trunk_erectness,1.39497,0.165989488,0.09899277,2.20281267,1.9750489,0.213147089,0.05,0.02,0.2,0.08726646,0.17453292,0.17453292,-0.000373587,-0.00534667633,-0.00534667633,false,0.01719168,0.2700842,0.128147155,0.0746854246,0.008861309,677.4341,0.244543388,left_shank,twist_x,0.007855404,NA,NA,NA,true,-0.0310403034,0.7301697,-0.0968717262,0.0327629074,0.139423639,-0.0112791834,-0.000263117254,0,-0.009878382,-0.1550563,0.135299534,-0.179377973,0.178851739,true,-0.02926389,0,-0.0962454155
140,412,4.12,ASCENT,0.9429996,Ascent,true,true,-0.146438271,-0.148917377,-0.146438271,99,404,NA,false,false,NONE,-0.03714184,0.8536449,-0.108494267,0.9440057,0.3284329,0.0148082683,0.0276724342,0.0403726771,0.17699784,-0.006535152,0.05386143,-0.0736309439,-0.0481714234,true,true,8,true,true,0.0291151591,0.008820833,0.232273221,0.0580826178,0.148657084,0.209572628,0.86878264,left_shank,true,0.003744882,0,0.263244867,0.7219351,false,false,bar_height|bar_linear_stillness|knee_extension|hip_extension|local_trunk_erectness,1.39497,0.181661487,0.103165187,2.198652,1.971974,0.212908253,0.05,0.02,0.2,0.08726646,0.17453292,0.17453292,-0.00046248734,-0.00596458744,-0.00596458744,false,0.0174257066,0.270092,0.128353819,0.07438099,0.008818213,672.078064,0.242609948,left_shank,twist_x,0.007795043,NA,NA,NA,true,-0.03072089,0.7317111,-0.09697368,0.032095626,0.154447392,-0.011895325,-0.000263117254,0,-0.009878382,-0.1550563,0.135299534,-0.179377973,0.178851739,true,-0.02910551,0,-0.0964987651
140,413,4.13,ASCENT,0.9399996,Ascent,true,true,-0.144886792,-0.14735648,-0.144886792,99,404,NA,false,false,NONE,-0.03674663,0.855482161,-0.108549133,0.9439203,0.328719646,0.0145478668,0.0273159761,0.0398791246,0.191960484,-0.00639558351,0.0605940633,-0.07403234,-0.0490790755,true,true,8,true,true,0.0287996437,0.008741239,0.232380942,0.05797489,0.148970217,0.2092595,0.8669954,left_shank,true,0.00371003384,0,0.260794431,0.719008,false,false,bar_height|bar_linear_stillness|knee_extension|hip_extension|local_trunk_erectness,1.39497,0.196163386,0.107522942,2.194129,1.96875525,0.21256803,0.05,0.02,0.2,0.08726646,0.17453292,0.17453292,-0.0005581081,-0.006596993,-0.006596993,false,0.0177092571,0.269738138,0.128413379,0.07397359,0.008762448,667.241943,0.240864187,left_shank,twist_x,0.007725533,NA,NA,NA,true,-0.0304077566,0.733391345,-0.09708141,0.03147166,0.168298632,-0.0124494629,-0.000263117254,0,-0.009878382,-0.1550563,0.135299534,-0.179377973,0.178851739,true,-0.0289932322,0,-0.09680734
140,414,4.14,ASCENT,0.936999559,Ascent,true,true,-0.143213809,-0.145665556,-0.143213809,99,404,NA,false,false,NONE,-0.0363560431,0.8574566,-0.108602315,0.9438239,0.329037726,0.014287997,0.0269540977,0.0394108854,0.205594912,-0.0062170825,0.06721562,-0.0744263753,-0.04998339,true,true,8,true,true,0.0284785852,0.008681486,0.232493818,0.05786202,0.149277538,0.208952174,0.8650655,left_shank,true,0.00367170875,0,0.25808987,0.7157265,false,false,bar_height|bar_linear_stillness|knee_extension|hip_extension|local_trunk_erectness,1.39497,0.209430516,0.112051614,2.189245,1.96537364,0.2121541,0.05,0.02,0.2,0.08726646,0.17453292,0.17453292,-0.000660061836,-0.007236993,-0.007236993,false,0.0180431,0.269079238,0.128354162,0.07349152,0.00869863853,660.9064,0.238577142,left_shank,twist_x,0.007655887,NA,NA,NA,true,-0.0301004332,0.7351983,-0.09719428,0.0308941621,0.180940524,-0.0129450215,-0.000263117254,0,-0.009878382,-0.1550563,0.135299534,-0.179377973,0.178851739,true,-0.0288920552,0,-0.09715603
140,415,4.15,ASCENT,0.933999538,Ascent,true,true,-0.141421765,-0.143850118,-0.141421765,99,404,NA,false,false,NONE,-0.03596982,0.859554648,-0.1086534,0.9437166,0.329386264,0.0140286563,0.0265868548,0.03896895,0.21785906,-0.00599756557,0.07366074,-0.07481158,-0.05088254,true,true,8,true,true,0.0281209648,0.008615341,0.23261115,0.0577446744,0.149579555,0.208650157,0.863008142,left_shank,true,0.0036308656,0,0.255199283,0.711967051,false,false,bar_height|bar_linear_stillness|knee_extension|hip_extension|local_trunk_erectness,1.39497,0.2213981,0.11666923,2.1840384,1.96184754,0.21167618,0.05,0.02,0.2,0.08726646,0.17453292,0.17453292,-0.0007677898,-0.007875325,-0.007875325,false,0.01842264,0.268098027,0.1281503,0.0729462057,0.008628508,654.2013,0.2361567,left_shank,twist_x,0.007584528,NA,NA,NA,true,-0.0297984183,0.7371197,-0.09731162,0.0303660668,0.1923494,-0.013370024,-0.000263117254,0,-0.009878382,-0.1550563,0.135299534,-0.179377973,0.178851739,true,-0.0288050435,0,-0.09752499
140,416,4.16,ASCENT,0.9309995,Ascent,true,true,-0.139523685,-0.141923875,-0.139523685,99,404,NA,false,false,NONE,-0.0355876759,0.8617623,-0.108701952,0.943598866,0.329764068,0.01376984,0.0262143221,0.0385552533,0.228719234,-0.005735439,0.07986794,-0.0751862153,-0.051774554,true,true,8,true,true,0.0277494043,0.008550149,0.232732236,0.057623595,0.149876773,0.208352938,0.860836864,left_shank,true,0.00358804828,0,0.25216344,0.7076281,false,false,bar_height|bar_linear_stillness|knee_extension|hip_extension|local_trunk_erectness,1.39497,0.23201701,0.121294923,2.17854333,1.95819569,0.21114628,0.05,0.02,0.2,0.08726646,0.17453292,0.17453292,-0.0008806586,-0.008510851,-0.008510851,false,0.0188487619,0.266828626,0.1278208,0.07234845,0.008553262,647.2097,0.233632848,left_shank,twist_x,0.00751206,NA,NA,NA,true,-0.0295012034,0.7391428,-0.0974327,0.0298892632,0.20247896,-0.0137170292,-0.000263117254,0,-0.009878382,-0.1550563,0.135299534,-0.179377973,0.178851739,true,-0.02873393,0,-0.0979285
140,417,4.17,ASCENT,0.9279995,Ascent,true,true,-0.137533218,-0.139901608,-0.137533218,99,404,NA,false,false,NONE,-0.03520928,0.864064634,-0.108747467,0.9434712,0.3301696,0.0135115357,0.0258365944,0.0381747223,0.238087088,-0.00542199844,0.08572213,-0.07554874,-0.05265743,true,true,8,true,true,0.0273616575,0.008479694,0.232856125,0.0574997067,0.150169715,0.20806,0.8585695,left_shank,true,0.003542901,0,0.248960048,0.702540338,false,false,bar_height|bar_linear_stillness|knee_extension|hip_extension|local_trunk_erectness,1.39497,0.241189077,0.125812158,2.17280531,1.95445645,0.210562885,0.05,0.02,0.2,0.08726646,0.17453292,0.17453292,-0.0009980053,-0.009136292,-0.009136292,false,0.0193078648,0.265347838,0.127431929,0.07169873,0.008474528,641.0147,0.231396556,left_shank,twist_x,0.007436074,NA,NA,NA,true,-0.02920826,0.741254,-0.09755659,0.029465504,0.2112403,-0.0139740426,-0.000263117254,0,-0.009878382,-0.1550563,0.135299534,-0.179377973,0.178851739,true,-0.02868846,0,-0.09837904
140,418,4.18,ASCENT,0.9249995,Ascent,true,true,-0.135468334,-0.13780126,-0.135468334,99,404,418,false,false,NONE,-0.0348342955,0.866447031,-0.108789541,0.943334162,0.3306012,0.013253741,0.025453778,0.0378265828,0.245998129,-0.0050682174,0.09124239,-0.07589698,-0.05352889,true,true,8,true,true,0.0269836374,0.008427201,0.232981965,0.0573738664,0.150458932,0.20777078,0.8562108,left_shank,true,0.00349684875,0,0.245684549,0.6967621,false,false,bar_height|bar_linear_stillness|knee_extension|hip_extension|local_trunk_erectness,1.39497,0.248940989,0.1301955,2.16683626,1.95061839,0.209950551,0.05,0.02,0.2,0.08726646,0.17453292,0.17453292,-0.00111908466,-0.00974581949,-0.00974581949,false,0.0198051818,0.263651967,0.126959965,0.07102207,0.008395067,633.7989,0.228791744,left_shank,twist_x,0.00736292172,NA,NA,NA,true,-0.0289190449,0.743439734,-0.09768243,0.0290946253,0.218661368,-0.0141449561,-0.000263117254,0,-0.009878382,-0.1550563,0.135299534,-0.179377973,0.178851739,true,-0.0286415815,0,-0.0988515541
140,419,4.19,ASCENT,0.921999454,Ascent,true,true,-0.133334517,-0.135630548,-0.133334517,99,404,418,false,false,NONE,-0.0344624,0.868895233,-0.108827762,0.94318825,0.331056923,0.0129964473,0.0250659939,0.0375113674,0.252482831,-0.004674249,0.09635601,-0.07622867,-0.054386586,true,true,8,true,true,0.0265909638,0.008373112,0.233108819,0.05724702,0.15074493,0.207484782,0.853777051,left_shank,true,0.003450734,0,0.242398471,0.6902104,false,false,bar_height|bar_linear_stillness|knee_extension|hip_extension|local_trunk_erectness,1.39497,0.255296946,0.134362161,2.160677,1.94669759,0.209320471,0.05,0.02,0.2,0.08726646,0.17453292,0.17453292,-0.00124297291,-0.010331125,-0.010331125,false,0.02032973,0.261766016,0.1264102,0.0703296438,0.008316289,626.5831,0.226186976,left_shank,twist_x,0.007291972,NA,NA,NA,true,-0.028633045,0.745686948,-0.09780928,0.0287761968,0.224782556,-0.0142230662,-0.000263117254,0,-0.009878382,-0.1550563,0.135299534,-0.179377973,0.178851739,true,-0.02859348,0,-0.09933049
140,420,4.2,ASCENT,0.918999434,Ascent,true,true,-0.131144911,-0.1334033,-0.131144911,99,404,418,false,false,NONE,-0.03409322,0.8713948,-0.108861648,0.943034351,0.3315345,0.0127396472,0.0246733874,0.03723272,0.257519662,-0.00423134537,0.10097865,-0.0765419,-0.05522833,true,true,8,true,true,0.0262022,0.008318125,0.2332357,0.05712013,0.151028246,0.207201466,0.851286054,left_shank,true,0.00340425712,0,0.239081815,0.68280077,false,false,bar_height|bar_linear_stillness|knee_extension|hip_extension|local_trunk_erectness,1.39497,0.260231733,0.138222709,2.154373,1.942729,0.208673626,0.05,0.02,0.2,0.08726646,0.17453292,0.17453292,-0.00136881322,-0.0108903805,-0.0108903805,false,0.0208723415,0.2597483,0.125827819,0.0696219057,0.008240179,620.214844,0.223888114,left_shank,twist_x,0.007220634,NA,NA,NA,true,-0.02834973,0.7479827,-0.09793617,0.0285097789,0.229573175,-0.0142016206,-0.000263117254,0,-0.009878382,-0.1550563,0.135299534,-0.179377973,0.178851739,true,-0.0285576563,0,-0.0998389646
140,421,4.21,ASCENT,0.9159994,Ascent,true,true,-0.128916532,-0.1311363,-0.128916532,99,404,418,false,false,NONE,-0.03372641,0.873932,-0.108890824,0.9428732,0.3320316,0.0124833407,0.0242761169,0.0369886942,0.2611934,-0.00375318853,0.105109707,-0.0768343,-0.0560517758,true,true,8,true,true,0.0258308277,0.008279376,0.233361647,0.0569941849,0.151309371,0.206920341,0.848744,left_shank,true,0.00335866748,0,0.235819384,0.674581349,false,false,bar_height|bar_linear_stillness|knee_extension|hip_extension|local_trunk_erectness,1.39497,0.263826162,0.141751051,2.14793968,1.93870318,0.2080305,0.05,0.02,0.2,0.08726646,0.17453292,0.17453292,-0.00149565935,-0.0114172595,-0.0114172595,false,0.0214296263,0.257626921,0.12521635,0.06892241,0.008169325,613.267639,0.221380278,left_shank,twist_x,0.00715398462,NA,NA,NA,true,-0.0280686021,0.750313938,-0.09806211,0.02829357,0.23310408,-0.0140868369,-0.000263117254,0,-0.009878382,-0.1550563,0.135299534,-0.179377973,0.178851739,true,-0.0285097789,0,-0.1003508
140,422,4.22,ASCENT,0.9129994,Ascent,true,true,-0.126655161,-0.128837556,-0.126655161,99,404,418,false,false,NONE,-0.03336162,0.8764938,-0.108914956,0.942705631,0.3325457,0.0122275315,0.0238743573,0.0367794,0.263575554,-0.00324138626,0.108696245,-0.07710358,-0.05685468,true,true,8,true,true,0.0254641436,0.008243754,0.2334857,0.0568701252,0.1515888,0.206640914,0.846165657,left_shank,true,0.00331467949,0,0.2326604,0.6655387,false,false,bar_height|bar_linear_stillness|knee_extension|hip_extension|local_trunk_erectness,1.39497,0.266149,0.144887164,2.14141464,1.93463469,0.207400367,0.05,0.02,0.2,0.08726646,0.17453292,0.17453292,-0.00162255019,-0.01190536,-0.01190536,false,0.02199245,0.2554141,0.124569394,0.06823911,0.008102923,606.536743,0.218950525,left_shank,twist_x,0.00709113851,NA,NA,NA,true,-0.0277891755,0.752669,-0.09818617,0.0281257872,0.2354514,-0.0138770472,-0.000263117254,0,-0.009878382,-0.1550563,0.135299534,-0.179377973,0.178851739,true,-0.0284520257,0,-0.100848421
140,423,4.23,ASCENT,0.9099994,Ascent,true,true,-0.124372214,-0.126518726,-0.124372214,99,404,418,false,false,NONE,-0.03299849,0.8790677,-0.108933613,0.942532539,0.333073944,0.0119722234,0.0234682951,0.0366066359,0.264695764,-0.0026876058,0.111703753,-0.07734794,-0.05763493,true,true,8,true,true,0.02511234,0.008207462,0.233606935,0.0567488968,0.151867,0.206362724,0.8435674,left_shank,true,0.00327188941,0,0.229583666,0.65567,false,false,bar_height|bar_linear_stillness|knee_extension|hip_extension|local_trunk_erectness,1.39497,0.267228574,0.147588,2.134839,1.93055344,0.206782177,0.05,0.02,0.2,0.08726646,0.17453292,0.17453292,-0.0017484948,-0.0123532377,-0.0123532377,false,0.0225536376,0.253151,0.123917207,0.06757126,0.008043029,600.6602,0.2168292,left_shank,twist_x,0.00702968566,NA,NA,NA,true,-0.0275109783,0.7550362,-0.0983074,0.0280044042,0.2366301,-0.0135710975,-0.000263117254,0,-0.009878382,-0.1550563,0.135299534,-0.179377973,0.178851739,true,-0.0283921752,0,-0.10135866
140,424,4.24,ASCENT,0.90699935,Ascent,true,true,-0.122082621,-0.124194533,-0.122082621,99,404,418,false,false,NONE,-0.03263666,0.881642,-0.108946532,0.942355,0.333613634,0.0117174322,0.0230581313,0.03646879,0.264661878,-0.00210808171,0.114117943,-0.07756529,-0.0583905876,true,true,8,true,true,0.0247831549,0.008188537,0.233724385,0.0566314533,0.1521444,0.206085309,0.8409551,left_shank,true,0.003231353,0,0.226654842,0.6450386,false,false,bar_height|bar_linear_stillness|knee_extension|hip_extension|local_trunk_erectness,1.39497,0.267170966,0.14982903,2.128228,1.92645133,0.206193432,0.05,0.02,0.2,0.08726646,0.17453292,0.17453292,-0.00187255442,-0.0127565656,-0.0127565656,false,0.02310277,0.250881642,0.123278894,0.0669396445,0.007993384,594.5624,0.214627966,left_shank,twist_x,0.006973899,NA,NA,NA,true,-0.0272335764,0.7574046,-0.0984248444,0.0279270951,0.2367376,-0.0131775895,-0.000263117254,0,-0.009878382,-0.1550563,0.135299534,-0.179377973,0.178851739,true,-0.0283154715,0,-0.101845175
140,425,4.25,ASCENT,0.9039993,Ascent,true,true,-0.119790941,-0.121870875,-0.119790941,99,404,418,false,false,NONE,-0.0322758,0.884206,-0.108953461,0.9421739,0.334161848,0.0114631755,0.02264408,0.03636486,0.263574,-0.00150477048,0.115921557,-0.07775361,-0.05911977,true,true,8,true,true,0.0244698618,0.008172216,0.233837232,0.0565186,0.152421415,0.2058083,0.8383411,left_shank,true,0.003193373,0,0.223897,0.633695543,false,false,bar_height|bar_linear_stillness|knee_extension|hip_extension|local_trunk_erectness,1.39497,0.266075045,0.15158686,2.12161279,1.92234015,0.205640167,0.05,0.02,0.2,0.08726646,0.17453292,0.17453292,-0.00199378282,-0.0131111918,-0.0131111918,false,0.02363441,0.248608947,0.122640923,0.06634759,0.007950497,588.833252,0.212559834,left_shank,twist_x,0.00692235,NA,NA,NA,true,-0.0269565526,0.7597647,-0.0985377,0.0278913025,0.235872433,-0.012699361,-0.000263117254,0,-0.009878382,-0.1550563,0.135299534,-0.179377973,0.178851739,true,-0.02822022,0,-0.102297857
140,426,4.26,ASCENT,0.9009993,Ascent,true,true,-0.117506,-0.119557142,-0.117506,99,404,418,false,false,NONE,-0.0319155678,0.886750162,-0.108954169,0.9419903,0.334715754,0.01120948,0.0222263616,0.0362945236,0.2615294,-0.0008798855,0.11711584,-0.0779111758,-0.0598207749,true,true,8,true,true,0.0241780989,0.008160977,0.233944654,0.0564111844,0.152698457,0.205531254,0.8357367,left_shank,true,0.003158251,0,0.2213326,0.6217003,false,false,bar_height|bar_linear_stillness|knee_extension|hip_extension|local_trunk_erectness,1.39497,0.264037281,0.152855471,2.11502171,1.91823161,0.205129653,0.05,0.02,0.2,0.08726646,0.17453292,0.17453292,-0.00211122632,-0.0134167485,-0.0134167485,false,0.0241429564,0.246359959,0.122015126,0.0658003,0.007914881,583.50824,0.210637584,left_shank,twist_x,0.006875204,NA,NA,NA,true,-0.02667951,0.762107253,-0.09864511,0.02789433,0.234116942,-0.0121420231,-0.000263117254,0,-0.009878382,-0.1550563,0.135299534,-0.179377973,0.178851739,true,-0.0281081274,0,-0.102723531
140,427,4.2700000000000005,ASCENT,0.8979993,Ascent,true,true,-0.115236819,-0.117262244,-0.115236819,99,404,418,false,false,NONE,-0.03155563,0.889265537,-0.1089484,0.9418051,0.3352725,0.0109563824,0.0218052045,0.0362581871,0.258595318,-0.00022864429,0.117720187,-0.0780366138,-0.060492184,true,true,8,true,true,0.0239100084,0.00815308,0.2340459,0.05630993,0.152975887,0.205253825,0.833153,left_shank,true,0.0031256394,0,0.2189425,0.6091552,false,false,bar_height|bar_linear_stillness|knee_extension|hip_extension|local_trunk_erectness,1.39497,0.261124969,0.153645888,2.108483,1.91414487,0.20465523,0.05,0.02,0.2,0.08726646,0.17453292,0.17453292,-0.00222408026,-0.0136711989,-0.0136711989,false,0.0246155057,0.244177654,0.121433616,0.0652986243,0.007892713,579.0499,0.2090282,left_shank,twist_x,0.006830706,NA,NA,NA,true,-0.026402086,0.764424264,-0.09874637,0.0279334113,0.231528759,-0.0115110595,-0.000263117254,0,-0.009878382,-0.1550563,0.135299534,-0.179377973,0.178851739,true,-0.0279827565,0,-0.103132486
140,428,4.28,ASCENT,0.894999266,Ascent,true,true,-0.112992853,-0.114995569,-0.112992853,99,404,418,false,false,NONE,-0.0311956666,0.891744256,-0.108936034,0.941619337,0.3358293,0.010703925,0.0213808436,0.0362539776,0.254888862,0.000433343172,0.117736265,-0.07812849,-0.0611326955,true,true,8,true,true,0.0236661043,0.008156438,0.2341403,0.0562155172,0.153254017,0.2049757,0.8305949,left_shank,true,0.003096172,0,0.216761589,0.596147656,false,false,bar_height|bar_linear_stillness|knee_extension|hip_extension|local_trunk_erectness,1.39497,0.2574546,0.1539581,2.1020093,1.91007507,0.204233512,0.05,0.02,0.2,0.08726646,0.17453292,0.17453292,-0.00233149529,-0.0138734141,-0.0138734141,false,0.025050804,0.242066756,0.12088564,0.0648519844,0.007879762,574.6294,0.207432464,left_shank,twist_x,0.006791334,NA,NA,NA,true,-0.0261239577,0.766708136,-0.09884078,0.0280060768,0.228218153,-0.010816724,-0.000263117254,0,-0.009878382,-0.1550563,0.135299534,-0.179377973,0.178851739,true,-0.02783434,0,-0.103489242
140,429,4.29,ASCENT,0.891999245,Ascent,true,true,-0.11077705,-0.112760514,-0.11077705,99,404,418,false,false,NONE,-0.0308353659,0.8941797,-0.108916968,0.9414339,0.336383581,0.0104521625,0.0209535249,0.03628055,0.250522763,0.001103112,0.117193051,-0.07818544,-0.0617412254,true,true,8,true,true,0.023439182,0.008161998,0.2342273,0.05612853,0.153533176,0.204696536,0.828070641,left_shank,true,0.003069924,0,0.214801475,0.5827868,false,false,bar_height|bar_linear_stillness|knee_extension|hip_extension|local_trunk_erectness,1.39497,0.2531386,0.153815314,2.095621,1.90603,0.2038613,0.05,0.02,0.2,0.08726646,0.17453292,0.17453292,-0.00243274868,-0.0140227126,-0.0140227126,false,0.0254425947,0.240042031,0.120372474,0.06446146,0.007874401,570.6796,0.206006661,left_shank,twist_x,0.006756315,NA,NA,NA,true,-0.0258447956,0.7689529,-0.0989277661,0.0281097572,0.224292442,-0.0100657353,-0.000263117254,0,-0.009878382,-0.1550563,0.135299534,-0.179377973,0.178851739,true,-0.0276628248,0,-0.1037933
140,430,4.3,ASCENT,0.8889992,Ascent,true,true,-0.108594775,-0.11056295,-0.108594775,99,404,418,false,false,NONE,-0.03047443,0.8965661,-0.10889107,0.9412496,0.336933047,0.01020116,0.0205234867,0.0363374352,0.245583355,0.00178722292,0.1161674,-0.0782065839,-0.0623168647,true,true,8,true,true,0.0232390538,0.008169709,0.2343064,0.0560494363,0.153813645,0.204416066,0.825589955,left_thigh,true,0.00304677943,0,0.21305573,0.5692496,false,false,bar_height|bar_linear_stillness|knee_extension|hip_extension|local_trunk_erectness,1.39497,0.248263538,0.153279245,2.08934021,1.90202284,0.203541219,0.05,0.02,0.2,0.08726646,0.17453292,0.17453292,-0.00252716243,-0.014120454,-0.014120454,false,0.02578495,0.238128468,0.119911484,0.0641264543,0.007882224,567.4508,0.2048411,left_shank,twist_x,0.006724657,NA,NA,NA,true,-0.0255643241,0.771153033,-0.09900686,0.0282414444,0.219826534,-0.00926668,-0.000263117254,0,-0.009878382,-0.1550563,0.135299534,-0.179377973,0.178851739,true,-0.0274724513,0,-0.104067467
140,431,4.3100000000000005,ASCENT,0.8859992,Ascent,true,true,-0.106452823,-0.108408928,-0.106452823,99,404,418,false,false,NONE,-0.0301125757,0.898898661,-0.108858354,0.941067338,0.3374754,0.009950987,0.0200909749,0.0364227667,0.240182221,0.0024683848,0.114644483,-0.078191,-0.06285891,true,true,8,true,true,0.0230607,0.008186322,0.234377176,0.0559786633,0.1540957,0.204134017,0.8238658,left_thigh,true,0.00302684214,0,0.211525545,0.555600941,false,false,bar_height|bar_linear_stillness|knee_extension|hip_extension|local_trunk_erectness,1.39497,0.242940754,0.152343139,2.08317375,1.89805043,0.203275859,0.05,0.02,0.2,0.08726646,0.17453292,0.17453292,-0.002614148,-0.0141669633,-0.0141669633,false,0.0260718018,0.2363374,0.119503453,0.0638540462,0.007901177,564.455566,0.203759864,left_shank,twist_x,0.00669719558,NA,NA,NA,true,-0.0252822824,0.773304,-0.0990776345,0.0283992179,0.214926437,-0.008429291,-0.000263117254,0,-0.009878382,-0.1550563,0.135299534,-0.179377973,0.178851739,true,-0.02725995,0,-0.1042745
140,432,4.32,ASCENT,0.8829992,Ascent,true,true,-0.104352027,-0.1063,-0.104352027,99,404,418,false,false,NONE,-0.0297495313,0.9011739,-0.108818851,0.940887749,0.338008463,0.009701721,0.0196562335,0.0365352444,0.23443076,0.00314478856,0.112681851,-0.07813795,-0.0633668751,true,true,8,true,true,0.0228989,0.008203297,0.234439328,0.0559165031,0.154379547,0.203850165,0.822158754,left_thigh,true,0.00301035633,0,0.21022974,0.541996539,false,false,bar_height|bar_linear_stillness|knee_extension|hip_extension|local_trunk_erectness,1.39497,0.237281471,0.151056617,2.07713532,1.89411783,0.203065455,0.05,0.02,0.2,0.08726646,0.17453292,0.17453292,-0.00269324332,-0.0141637931,-0.0141637931,false,0.02630361,0.234674528,0.119145,0.0636415854,0.007926435,561.9353,0.202850088,left_shank,twist_x,0.00667377049,NA,NA,NA,true,-0.0249984227,0.775402665,-0.0991397947,0.0285807475,0.209693387,-0.00756170275,-0.000263117254,0,-0.009878382,-0.1550563,0.135299534,-0.179377973,0.178851739,true,-0.0270256381,0,-0.104424238
140,433,4.33,ASCENT,0.879999161,Ascent,true,true,-0.102295786,-0.104239315,-0.102295786,99,404,418,false,false,NONE,-0.0293850452,0.903389037,-0.108772539,0.9407115,0.338530779,0.009453459,0.0192195047,0.0366734,0.228417829,0.0038240382,0.110396966,-0.07804688,-0.06384042,true,true,8,true,true,0.022764124,0.008223043,0.23449263,0.0558631942,0.15466544,0.203564286,0.8204718,left_thigh,true,0.002997043,0,0.209157,0.5286699,false,false,bar_height|bar_linear_stillness|knee_extension|hip_extension|local_trunk_erectness,1.39497,0.231374726,0.1495139,2.071236,1.89023149,0.202908978,0.05,0.02,0.2,0.08726646,0.17453292,0.17453292,-0.00276401639,-0.0141130611,-0.0141130611,false,0.02647849,0.233150631,0.118841454,0.0634863153,0.007962698,559.9382,0.202129155,left_shank,twist_x,0.006653763,NA,NA,NA,true,-0.02471254,0.7774464,-0.0991931,0.02878303,0.204208791,-0.00667441171,-0.000263117254,0,-0.009878382,-0.1550563,0.135299534,-0.179377973,0.178851739,true,-0.02676777,0,-0.104539722
140,434,4.34,ASCENT,0.87699914,Ascent,true,true,-0.100287259,-0.102229685,-0.100287259,99,404,418,false,false,NONE,-0.0290188752,0.9055425,-0.10871955,0.9405392,0.3390407,0.009206293,0.0187810324,0.0368358977,0.222243324,0.00448816,0.107758269,-0.07791742,-0.06427937,true,true,8,true,true,0.0226423088,0.008246321,0.234536976,0.05581885,0.154953539,0.203276172,0.8188047,left_thigh,true,0.002986875,0,0.2082946,0.5156522,false,false,bar_height|bar_linear_stillness|knee_extension|hip_extension|local_trunk_erectness,1.39497,0.225320041,0.147698358,2.06547976,1.88639045,0.202806532,0.05,0.02,0.2,0.08726646,0.17453292,0.17453292,-0.00282617658,-0.0140168136,-0.0140168136,false,0.02658832,0.231772721,0.118598394,0.06339571,0.00801168848,558.3099,0.201541364,left_shank,twist_x,0.006636942,NA,NA,NA,true,-0.0244244356,0.7794333,-0.09923745,0.0290048644,0.1985647,-0.005774681,-0.000263117254,0,-0.009878382,-0.1550563,0.135299534,-0.179377973,0.178851739,true,-0.0264939051,0,-0.104583934
140,435,4.3500000000000005,ASCENT,0.8739991,Ascent,true,true,-0.0983263254,-0.100271404,-0.0983263254,99,404,418,false,false,NONE,-0.02865079,0.9076334,-0.108660042,0.9403712,0.3395368,0.008960327,0.0183410589,0.037021596,0.215996608,0.005135987,0.104820609,-0.0777493045,-0.06468375,true,true,8,true,true,0.022536993,0.008270329,0.234572291,0.05578354,0.155244038,0.202985674,0.8171579,left_thigh,true,0.0029797412,0,0.207638353,0.503097653,false,false,bar_height|bar_linear_stillness|knee_extension|hip_extension|local_trunk_erectness,1.39497,0.219206557,0.145658165,2.0598712,1.88259673,0.202757061,0.05,0.02,0.2,0.08726646,0.17453292,0.17453292,-0.00287948549,-0.0138782226,-0.0138782226,false,0.0266384948,0.2305428,0.1184109,0.0633614659,0.00806511752,557.0992,0.201104328,left_shank,twist_x,0.006623542,NA,NA,NA,true,-0.02413393,0.7813629,-0.09927276,0.0292443652,0.192846209,-0.004870477,-0.000263117254,0,-0.009878382,-0.1550563,0.135299534,-0.179377973,0.178851739,true,-0.02620133,0,-0.104574144
140,436,4.36,ASCENT,0.8709991,Ascent,true,true,-0.09641373,-0.0983648,-0.09641373,99,404,418,false,false,NONE,-0.0282805748,0.9096619,-0.108594194,0.9402082,0.340017974,0.008715672,0.01789982,0.0372292362,0.209762812,0.00576539943,0.101649486,-0.0775423944,-0.06505376,true,true,8,true,true,0.0224491078,0.008296941,0.2345986,0.0557572171,0.155537114,0.2026926,0.8155322,left_thigh,true,0.00297546946,0,0.20717901,0.49117893,false,false,bar_height|bar_linear_stillness|knee_extension|hip_extension|local_trunk_erectness,1.39497,0.21311897,0.143448368,2.054413,1.87885129,0.2027606,0.05,0.02,0.2,0.08726646,0.17453292,0.17453292,-0.00292383134,-0.0136996955,-0.0136996955,false,0.0266289338,0.229463518,0.11827939,0.06338154,0.008123019,556.2879,0.200811461,left_shank,twist_x,0.00661297841,NA,NA,NA,true,-0.0238408614,0.7832352,-0.09929908,0.0294998456,0.187130108,-0.0039701215,-0.000263117254,0,-0.009878382,-0.1550563,0.135299534,-0.179377973,0.178851739,true,-0.0258939955,0,-0.1045153
140,437,4.37,ASCENT,0.8679991,Ascent,true,true,-0.09454915,-0.0965097547,-0.09454915,99,404,418,false,false,NONE,-0.0279080272,0.911628842,-0.10852211,0.9400501,0.340483725,0.008472449,0.0174575429,0.0374571159,0.20362246,0.00638418226,0.0983758047,-0.07729675,-0.06538969,true,true,8,true,true,0.0223823059,0.008324255,0.234616041,0.0557397828,0.155832887,0.202396825,0.8139268,left_thigh,true,0.002974068,0,0.206920311,0.480133057,false,false,bar_height|bar_linear_stillness|knee_extension|hip_extension|local_trunk_erectness,1.39497,0.207137391,0.141167983,2.049104,1.87515271,0.2028136,0.05,0.02,0.2,0.08726646,0.17453292,0.17453292,-0.00295913965,-0.0134840561,-0.0134840561,false,0.0265578348,0.2285292,0.118200913,0.0634578,0.008196525,555.722534,0.200607374,left_shank,twist_x,0.006605448,NA,NA,NA,true,-0.0235450864,0.7850507,-0.099316515,0.0297687165,0.181490451,-0.00308368239,-0.000263117254,0,-0.009878382,-0.1550563,0.135299534,-0.179377973,0.178851739,true,-0.025563607,0,-0.104428612
140,438,4.38,ASCENT,0.864999056,Ascent,true,true,-0.09273225,-0.094705224,-0.09273225,99,404,418,false,false,NONE,-0.0275329575,0.9135358,-0.108444057,0.9398974,0.340933383,0.008230778,0.0170144588,0.0377043821,0.197642371,0.00697528431,0.09495349,-0.07701264,-0.06569197,true,true,8,true,true,0.02231986,0.008350849,0.234624773,0.05573105,0.156131491,0.202098221,0.812737048,right_forearm,true,0.0029751074,0,0.206828237,0.4699763,false,false,bar_height|bar_linear_stillness|knee_extension|hip_extension|local_trunk_erectness,1.39497,0.201327547,0.138789579,2.04394412,1.87150264,0.20291014,0.05,0.02,0.2,0.08726646,0.17453292,0.17453292,-0.00298546255,-0.0132347643,-0.0132347643,false,0.026426198,0.227741957,0.118177518,0.06358511,0.00827539,555.592651,0.20056048,left_shank,twist_x,0.00659972942,NA,NA,NA,true,-0.0232464783,0.786810935,-0.09932525,0.0300506465,0.175991982,-0.00221500034,-0.000263117254,0,-0.009878382,-0.1550563,0.135299534,-0.179377973,0.178851739,true,-0.0252253935,0,-0.10427849
140,439,4.39,ASCENT,0.861999035,Ascent,true,true,-0.09096202,-0.0929502249,-0.09096202,99,404,418,false,false,NONE,-0.0271551814,0.9153848,-0.108360305,0.9397502,0.34136647,0.007990781,0.01657079,0.03797003,0.191883624,0.00753897,0.09143139,-0.07669038,-0.0659611747,true,true,8,true,true,0.0222682748,0.00837804,0.234625041,0.0557307824,0.156433061,0.201796651,0.812771142,right_forearm,true,0.002978406,0,0.206889153,0.4608247,false,false,bar_height|bar_linear_stillness|knee_extension|hip_extension|local_trunk_erectness,1.39497,0.195749551,0.13635245,2.03892851,1.86789942,0.203050151,0.05,0.02,0.2,0.08726646,0.17453292,0.17453292,-0.003002897,-0.01295614,-0.01295614,false,0.0262397584,0.227099344,0.118206434,0.0637571141,0.00835602451,555.763733,0.200622246,left_shank,twist_x,0.0065960777,NA,NA,NA,true,-0.022944916,0.7885178,-0.0993255153,0.0303444341,0.170689881,-0.00137026655,-0.000263117254,0,-0.009878382,-0.1550563,0.135299534,-0.179377973,0.178851739,true,-0.0248766933,0,-0.104091488
140,440,4.4,ASCENT,0.858999,Ascent,true,true,-0.08923599,-0.09124234,-0.08923599,99,404,418,false,false,NONE,-0.026774535,0.917179,-0.108271033,0.939608455,0.341783255,0.00775259454,0.0161267463,0.038252376,0.186417609,0.008085016,0.087973766,-0.0763304457,-0.06619799,true,true,8,true,true,0.0222346,0.008406937,0.234617189,0.0557386428,0.156737685,0.201492041,0.8128008,right_forearm,true,0.00298398617,0,0.20711349,0.452960432,false,false,bar_height|bar_linear_stillness|knee_extension|hip_extension|local_trunk_erectness,1.39497,0.190473452,0.133969754,2.034049,1.86433589,0.203232378,0.05,0.02,0.2,0.08726646,0.17453292,0.17453292,-0.003011629,-0.0126504125,-0.0126504125,false,0.0260010734,0.226587713,0.118277512,0.06397548,0.008448502,555.9155,0.200677037,left_shank,twist_x,0.00659553474,NA,NA,NA,true,-0.0226402953,0.7901738,-0.099317655,0.0306478124,0.165650114,-0.0005591219,-0.000263117254,0,-0.009878382,-0.1550563,0.135299534,-0.179377973,0.178851739,true,-0.0245090369,0,-0.103889018
140,441,4.41,ASCENT,0.855999,Ascent,true,true,-0.0875515938,-0.08957863,-0.0875515938,99,404,418,false,false,NONE,-0.0263908617,0.9189214,-0.108176574,0.939472139,0.3421836,0.007516342,0.01568254,0.03855082,0.181278318,0.008596023,0.08447708,-0.07593341,-0.06640312,true,true,8,true,true,0.0221958365,0.00843151,0.2346015,0.0557543337,0.157045454,0.201184258,0.8128267,right_forearm,true,0.002991286,0,0.2074529,0.44626525,false,false,bar_height|bar_linear_stillness|knee_extension|hip_extension|local_trunk_erectness,1.39497,0.185531363,0.131573692,2.02930379,1.8608166,0.203448489,0.05,0.02,0.2,0.08726646,0.17453292,0.17453292,-0.00301189721,-0.0123209395,-0.0123209395,false,0.025706578,0.226200491,0.118392453,0.06423613,0.008547536,556.555,0.200907871,left_shank,twist_x,0.006595425,NA,NA,NA,true,-0.0223325212,0.7917822,-0.099301964,0.0309611522,0.1609099,0.000219232839,-0.000263117254,0,-0.009878382,-0.1550563,0.135299534,-0.179377973,0.178851739,true,-0.02414044,0,-0.103633322
140,442,4.42,ASCENT,0.852999,Ascent,true,true,-0.08590752,-0.08795762,-0.08590752,99,404,418,false,false,NONE,-0.0260040015,0.920615733,-0.108077258,0.939341366,0.342567563,0.007282153,0.0152383773,0.0388650931,0.17650345,0.009073767,0.08098779,-0.07549997,-0.0665774941,true,true,8,true,true,0.0221647751,0.00845553,0.234578386,0.0557774454,0.157356486,0.200873226,0.8128487,right_forearm,true,0.00300024636,0,0.207903326,0.440823,false,false,bar_height|bar_linear_stillness|knee_extension|hip_extension|local_trunk_erectness,1.39497,0.180959374,0.129196867,2.02468348,1.85733926,0.203697219,0.05,0.02,0.2,0.08726646,0.17453292,0.17453292,-0.00300403684,-0.0119728036,-0.0119728036,false,0.0253669471,0.225938588,0.118552878,0.0645294338,0.008645484,557.3925,0.201210216,left_shank,twist_x,0.006596834,NA,NA,NA,true,-0.0220214929,0.793345869,-0.09927885,0.03128379,0.1564985,0.00096042105,-0.000263117254,0,-0.009878382,-0.1550563,0.135299534,-0.179377973,0.178851739,true,-0.0237678271,0,-0.103357263
140,443,4.43,ASCENT,0.849998951,Ascent,true,true,-0.08430055,-0.08637586,-0.08430055,99,404,418,false,false,NONE,-0.025613822,0.9222662,-0.107973322,0.939215839,0.34293595,0.007050163,0.0147944484,0.0391927324,0.172152191,0.009529766,0.07768343,-0.07503084,-0.06672197,true,true,8,true,true,0.0221540947,0.008484488,0.234548271,0.0558075532,0.157670841,0.200558871,0.8128663,right_forearm,true,0.00301084039,0,0.20847629,0.4369026,false,false,bar_height|bar_linear_stillness|knee_extension|hip_extension|local_trunk_erectness,1.39497,0.176814213,0.126949444,2.02017283,1.85388923,0.203977242,0.05,0.02,0.2,0.08726646,0.17453292,0.17453292,-0.002988346,-0.0116068581,-0.0116068581,false,0.0249878876,0.225786179,0.118743815,0.0648558959,0.008750714,557.93866,0.201407358,left_shank,twist_x,0.00660083955,NA,NA,NA,true,-0.021707138,0.794869,-0.0992487445,0.0316134878,0.1524737,0.00165497512,-0.000263117254,0,-0.009878382,-0.1550563,0.135299534,-0.179377973,0.178851739,true,-0.0233765841,0,-0.10307876
140,444,4.44,ASCENT,0.84699893,Ascent,true,true,-0.0827254951,-0.08482817,-0.0827254951,99,404,418,false,false,NONE,-0.0252201911,0.92387706,-0.107865125,0.939095438,0.343288928,0.00682049757,0.014350947,0.03953428,0.1682291,0.009946384,0.07441186,-0.07452695,-0.0668375,true,true,8,true,true,0.0221243352,0.008503819,0.234511614,0.055844225,0.1579886,0.200241119,0.812880337,right_forearm,true,0.00302243559,0,0.209113985,0.434252828,false,false,bar_height|bar_linear_stillness|knee_extension|hip_extension|local_trunk_erectness,1.39497,0.173098013,0.12473429,2.01577234,1.85047722,0.204281449,0.05,0.02,0.2,0.08726646,0.17453292,0.17453292,-0.00296523422,-0.01122642,-0.01122642,false,0.0245608762,0.225720018,0.118961349,0.0652148947,0.008864768,559.0203,0.201797828,left_shank,twist_x,0.006604247,NA,NA,NA,true,-0.0213893782,0.796355367,-0.09921207,0.0319514759,0.148843244,0.00230860338,-0.000263117254,0,-0.009878382,-0.1550563,0.135299534,-0.179377973,0.178851739,true,-0.0229933839,0,-0.102758057
140,445,4.45,ASCENT,0.8439989,Ascent,true,true,-0.08118224,-0.08331397,-0.08118224,99,404,418,false,false,NONE,-0.02482297,0.92545265,-0.107753053,0.938980162,0.343626827,0.006593279,0.0139080575,0.0398893319,0.1647431,0.0103258714,0.0711978152,-0.07398927,-0.06692518,true,true,8,true,true,0.0221030544,0.008523731,0.234468818,0.0558870137,0.158309847,0.199919865,0.812891,right_forearm,true,0.003034798,0,0.209802747,0.432873547,false,false,bar_height|bar_linear_stillness|knee_extension|hip_extension|local_trunk_erectness,1.39497,0.169817761,0.122566395,2.01146817,1.84709811,0.204600379,0.05,0.02,0.2,0.08726646,0.17453292,0.17453292,-0.00293512642,-0.0108368546,-0.0108368546,false,0.024100503,0.225750372,0.119213574,0.06559232,0.008974885,560.1891,0.202219725,left_shank,twist_x,0.00660801632,NA,NA,NA,true,-0.0210681316,0.797808945,-0.0991692841,0.0322973654,0.145609468,0.00291867531,-0.000263117254,0,-0.009878382,-0.1550563,0.135299534,-0.179377973,0.178851739,true,-0.02261024,0,-0.102431566
140,446,4.46,ASCENT,0.8409989,Ascent,true,true,-0.07966632,-0.0818285644,-0.07966632,99,404,418,false,false,NONE,-0.0244220346,0.9269975,-0.107637458,0.9388698,0.343950033,0.00636862824,0.0134659568,0.0402573869,0.161703,0.0106696207,0.06807674,-0.07341884,-0.0669861138,true,true,8,true,true,0.0220836289,0.008542848,0.234420344,0.0559354872,0.158634663,0.199595049,0.8128982,right_forearm,true,0.0030477033,0,0.2105332,0.432765335,false,false,bar_height|bar_linear_stillness|knee_extension|hip_extension|local_trunk_erectness,1.39497,0.166980118,0.120465383,2.00724888,1.8437475,0.204935119,0.05,0.02,0.2,0.08726646,0.17453292,0.17453292,-0.00289845467,-0.0104376189,-0.0104376189,false,0.0236082431,0.22586599,0.1194959,0.0659844056,0.009081613,561.4281,0.202667,left_shank,twist_x,0.00661212252,NA,NA,NA,true,-0.0207433142,0.799233854,-0.09912081,0.03265087,0.142783821,0.00348372618,-0.000263117254,0,-0.009878382,-0.1550563,0.135299534,-0.179377973,0.178851739,true,-0.0222255532,0,-0.1020972
140,447,4.47,ASCENT,0.837998867,Ascent,true,true,-0.0781741738,-0.08036834,-0.0781741738,99,404,418,false,false,NONE,-0.02401727,0.9285163,-0.1075186,0.938764,0.344259679,0.006146673,0.0130248107,0.0406364538,0.1591489,0.0109891305,0.0651977658,-0.072816655,-0.06702137,true,true,8,true,true,0.0220773015,0.008566889,0.234366685,0.05598914,0.1589631,0.199266613,0.8129018,right_forearm,true,0.003061404,0,0.211327955,0.4340789,false,false,bar_height|bar_linear_stillness|knee_extension|hip_extension|local_trunk_erectness,1.39497,0.164622158,0.118511088,2.00309587,1.84040761,0.205286786,0.05,0.02,0.2,0.08726646,0.17453292,0.17453292,-0.002855666,-0.0100314924,-0.0100314924,false,0.0230889469,0.22602579,0.119776025,0.06639973,0.009202136,562.024048,0.202882126,left_shank,twist_x,0.006618472,NA,NA,NA,true,-0.0204148721,0.8006345,-0.09906716,0.03301018,0.140407562,0.003996511,-0.000263117254,0,-0.009878382,-0.1550563,0.135299534,-0.179377973,0.178851739,true,-0.0218263976,0,-0.101772919
140,448,4.48,ASCENT,0.834998846,Ascent,true,true,-0.07669976,-0.07892731,-0.07669976,99,404,418,false,false,NONE,-0.0236085691,0.930013835,-0.107396848,0.938662648,0.344556153,0.005927526,0.0125847841,0.0410271436,0.1570532,0.0112688169,0.06238949,-0.07218396,-0.067032,true,true,8,true,true,0.0220494419,0.008578785,0.234308332,0.05604749,0.159295246,0.198934466,0.81290257,right_forearm,true,0.00307533075,0,0.212135047,0.436455369,false,false,bar_height|bar_linear_stillness|knee_extension|hip_extension|local_trunk_erectness,1.39497,0.162714228,0.116603009,1.99901116,1.83709157,0.205642477,0.05,0.02,0.2,0.08726646,0.17453292,0.17453292,-0.0028071925,-0.009620737,-0.009620737,false,0.022540668,0.226242989,0.120073795,0.06682404,0.009320864,563.2409,0.2033214,left_shank,twist_x,0.00662288675,NA,NA,NA,true,-0.0200827327,0.802015245,-0.099008806,0.0333768353,0.1384578,0.00446582027,-0.000263117254,0,-0.009878382,-0.1550563,0.135299534,-0.179377973,0.178851739,true,-0.02143878,0,-0.101420671
140,449,4.49,ASCENT,0.8319988,Ascent,true,true,-0.07524374,-0.07750514,-0.07524374,99,404,418,false,false,NONE,-0.02319581,0.9314944,-0.107272588,0.938565552,0.3448398,0.00571129424,0.0121460315,0.0414294153,0.155398741,0.0115115317,0.0596653372,-0.0715219751,-0.0670192242,true,true,8,true,true,0.02202455,0.008591957,0.234245718,0.0561101139,0.159631163,0.198598549,0.8129009,right_forearm,true,0.00308907568,0,0.212931111,0.439829379,false,false,bar_height|bar_linear_stillness|knee_extension|hip_extension|local_trunk_erectness,1.39497,0.16123797,0.114747211,1.99498,1.83379471,0.205998734,0.05,0.02,0.2,0.08726646,0.17453292,0.17453292,-0.00275354087,-0.009210173,-0.009210173,false,0.0219747182,0.2265138,0.120390534,0.06724913,0.009433243,564.433,0.203751713,left_shank,twist_x,0.006626446,NA,NA,NA,true,-0.0197468158,0.8033801,-0.0989461839,0.033750806,0.136909664,0.00489074737,-0.000263117254,0,-0.009878382,-0.1550563,0.135299534,-0.179377973,0.178851739,true,-0.0210556239,0,-0.101077333
140,450,4.5,ASCENT,0.8289988,Ascent,true,true,-0.07380125,-0.07609743,-0.07380125,99,404,418,false,false,NONE,-0.0227789022,0.9329628,-0.107146062,0.9384724,0.3451119,0.005498094,0.0117086982,0.04184105,0.1542188,0.011731578,0.0572102666,-0.07083188,-0.06698413,true,true,8,true,true,0.0220129415,0.008611631,0.234179318,0.0561765134,0.1599709,0.198258817,0.812896132,right_forearm,true,0.00310314214,0,0.213761061,0.444357455,false,false,bar_height|bar_linear_stillness|knee_extension|hip_extension|local_trunk_erectness,1.39497,0.160224035,0.113035589,1.99097908,1.83049345,0.206361324,0.05,0.02,0.2,0.08726646,0.17453292,0.17453292,-0.002695188,-0.008798224,-0.008798224,false,0.0213959441,0.22680077,0.120693654,0.0676837862,0.009554514,564.745056,0.203864366,left_shank,twist_x,0.00663237041,NA,NA,NA,true,-0.019407073,0.8047333,-0.0988797843,0.03413009,0.135799333,0.005263621,-0.000263117254,0,-0.009878382,-0.1550563,0.135299534,-0.179377973,0.178851739,true,-0.0206565335,0,-0.100755706
140,451,4.51,ASCENT,0.8259988,Ascent,true,true,-0.07236558,-0.0746974051,-0.07236558,99,404,418,false,false,NONE,-0.0223577451,0.9344232,-0.107017644,0.938383043,0.345372647,0.00528802164,0.0112729259,0.0422631726,0.153457016,0.0119119007,0.05479599,-0.07011503,-0.0669278353,true,true,8,true,true,0.0219719745,0.00861562,0.234109581,0.0562462434,0.160314545,0.197915167,0.812889338,right_forearm,true,0.00311665446,0,0.214548543,0.449592233,false,false,bar_height|bar_linear_stillness|knee_extension|hip_extension|local_trunk_erectness,1.39497,0.159615546,0.111346543,1.98701608,1.82720685,0.206717491,0.05,0.02,0.2,0.08726646,0.17453292,0.17453292,-0.0026325658,-0.008386936,-0.008386936,false,0.0207958147,0.227098182,0.120993234,0.0681180656,0.009676545,565.744751,0.204225242,left_shank,twist_x,0.006634989,NA,NA,NA,true,-0.01906343,0.806079,-0.0988100544,0.0345168039,0.135081232,0.00559741165,-0.000263117254,0,-0.009878382,-0.1550563,0.135299534,-0.179377973,0.178851739,true,-0.0202737022,0,-0.100407965
140,452,4.5200000000000005,ASCENT,0.822998762,Ascent,true,true,-0.07093868,-0.07330617,-0.07093868,99,404,418,false,false,NONE,-0.0219322313,0.9358795,-0.1068877,0.938297331,0.3456223,0.00508116931,0.01083885,0.04269592,0.153077766,0.01205623,0.05243273,-0.06937284,-0.06685147,true,true,8,true,true,0.0219339579,0.008620706,0.2340369,0.05631893,0.160662159,0.197567552,0.812881,right_forearm,true,0.00312938984,0,0.215285689,0.455442131,false,false,bar_height|bar_linear_stillness|knee_extension|hip_extension|local_trunk_erectness,1.39497,0.159377217,0.109685466,1.9830755,1.82393062,0.207062677,0.05,0.02,0.2,0.08726646,0.17453292,0.17453292,-0.00256616622,-0.007981235,-0.007981235,false,0.0201890748,0.227418154,0.121301718,0.06854023,0.00978971552,566.6525,0.204552934,left_shank,twist_x,0.006636074,NA,NA,NA,true,-0.0187158082,0.8074205,-0.09873737,0.0349109955,0.13470991,0.00589189958,-0.000263117254,0,-0.009878382,-0.1550563,0.135299534,-0.179377973,0.178851739,true,-0.0198970344,0,-0.100078754
140,453,4.53,ASCENT,0.819998741,Ascent,true,true,-0.06951606,-0.0719195,-0.06951606,99,404,418,false,false,NONE,-0.02150221,0.9373329,-0.106756128,0.9382154,0.345861018,0.004877618,0.0104065984,0.0431450158,0.152779013,0.0122128408,0.050103385,-0.06860791,-0.0667562559,true,true,8,true,true,0.0218692515,0.008587314,0.233961552,0.0563942865,0.161013842,0.197215855,0.812872231,right_forearm,true,0.00313757383,0,0.215739921,0.4616516,false,false,bar_height|bar_linear_stillness|knee_extension|hip_extension|local_trunk_erectness,1.39497,0.159223348,0.108045325,1.97920561,1.82075143,0.207339346,0.05,0.02,0.2,0.08726646,0.17453292,0.17453292,-0.00249643624,-0.007577796,-0.007577796,false,0.0195574462,0.227809012,0.121706843,0.06889619,0.009899502,571.186157,0.2061895,left_shank,twist_x,0.00662249327,NA,NA,NA,true,-0.018364124,0.808759,-0.09866201,0.0353137925,0.134395137,0.006167886,-0.000263117254,0,-0.009878382,-0.1550563,0.135299534,-0.179377973,0.178851739,true,-0.0195559449,0,-0.09984142
140,454,4.54,ASCENT,0.8169987,Ascent,true,true,-0.06811735,-0.07055238,-0.06811735,99,404,418,false,false,NONE,-0.02106756,0.9387854,-0.106623478,0.9381369,0.346089274,0.00467744842,0.009976282,0.043603573,0.152729392,0.012317976,0.04787368,-0.06782124,-0.0666433647,true,true,8,true,true,0.0218357071,0.008615209,0.233883828,0.056471996,0.161369666,0.196860045,0.8128629,right_forearm,true,0.0031454782,0,0.216159984,0.468323171,false,false,bar_height|bar_linear_stillness|knee_extension|hip_extension|local_trunk_erectness,1.39497,0.159308732,0.106456317,1.97529733,1.817693,0.207614467,0.05,0.02,0.2,0.08726646,0.17453292,0.17453292,-0.00242374837,-0.007178161,-0.007178161,false,0.01890521,0.2283452,0.122391842,0.06926405,0.0100216363,572.2193,0.206562459,left_shank,twist_x,0.006619628,NA,NA,NA,true,-0.0180083122,0.810095966,-0.0985843,0.0357243232,0.134318426,0.006394334,-0.000263117254,0,-0.009878382,-0.1550563,0.135299534,-0.179377973,0.178851739,true,-0.0191818886,0,-0.09956633
140,455,4.55,ASCENT,0.8139987,Ascent,true,true,-0.06670815,-0.0691763759,-0.06670815,99,404,418,false,false,NONE,-0.0206282288,0.940240443,-0.106490113,0.9380618,0.346307546,0.00448074,0.009548017,0.0440687165,0.153025031,0.0123822372,0.0457507856,-0.06701345,-0.06651361,true,true,8,true,true,0.0217588544,0.008619288,0.233804226,0.056551598,0.1617297,0.196500018,0.812851846,right_forearm,true,0.00315456814,0,0.216658115,0.475404233,false,false,bar_height|bar_linear_stillness|knee_extension|hip_extension|local_trunk_erectness,1.39497,0.159724861,0.104919,1.971374,1.814676,0.207889229,0.05,0.02,0.2,0.08726646,0.17453292,0.17453292,-0.0023483932,-0.006775329,-0.006775329,false,0.018245222,0.2288666,0.123115778,0.06963095,0.0101339938,573.2368,0.206929758,left_shank,twist_x,0.00662035542,NA,NA,NA,true,-0.0176482834,0.811435461,-0.0985047,0.0361426435,0.134612173,0.00658446876,-0.000263117254,0,-0.009878382,-0.1550563,0.135299534,-0.179377973,0.178851739,true,-0.0187947247,0,-0.09923174
140,456,4.5600000000000005,ASCENT,0.8109987,Ascent,true,true,-0.06528932,-0.06779212,-0.06528932,99,404,418,false,false,NONE,-0.0201841611,0.9417019,-0.106356375,0.9379898,0.346516281,0.004287569,0.009121908,0.0445394665,0.153694153,0.0124123152,0.04373459,-0.06618557,-0.06636798,true,true,8,true,true,0.0216972362,0.008624926,0.2337231,0.0566327348,0.162094012,0.1961357,0.8128393,right_forearm,true,0.00316455681,0,0.217220068,0.482832,false,false,bar_height|bar_linear_stillness|knee_extension|hip_extension|local_trunk_erectness,1.39497,0.160498351,0.103430904,1.96743584,1.81163681,0.208159059,0.05,0.02,0.2,0.08726646,0.17453292,0.17453292,-0.00227068365,-0.006382668,-0.006382668,false,0.01759126,0.229373321,0.123814873,0.06999387,0.0102369739,574.1648,0.207264751,left_shank,twist_x,0.00662154565,NA,NA,NA,true,-0.0172839649,0.8127809,-0.09842356,0.0365680046,0.135263786,0.006739449,-0.000263117254,0,-0.009878382,-0.1550563,0.135299534,-0.179377973,0.178851739,true,-0.0184063911,0,-0.0989047
140,457,4.57,ASCENT,0.807998657,Ascent,true,true,-0.06386182,-0.06640026,-0.06386182,99,404,418,false,false,NONE,-0.0197352227,0.9431692,-0.106221952,0.9379212,0.346715,0.004097987,0.008698057,0.04502604,0.1542419,0.01247511,0.0416102223,-0.0653409,-0.06620745,true,true,8,true,true,0.0215966,0.008561167,0.233640492,0.05671534,0.162462726,0.195766985,0.8128278,right_forearm,true,0.00316857849,0,0.217413008,0.490030169,false,false,bar_height|bar_linear_stillness|knee_extension|hip_extension|local_trunk_erectness,1.39497,0.161163077,0.101903245,1.96358323,1.80873716,0.208329976,0.05,0.02,0.2,0.08726646,0.17453292,0.17453292,-0.00219108164,-0.00599681027,-0.00599681027,false,0.0168653186,0.2302206,0.124865413,0.07026754,0.0103467619,583.1279,0.2105003,left_shank,twist_x,0.006597011,NA,NA,NA,true,-0.0169152524,0.8141318,-0.09834096,0.0370027162,0.135763645,0.00689698756,-0.000263117254,0,-0.009878382,-0.1550563,0.135299534,-0.179377973,0.178851739,true,-0.01808097,0,-0.09870767
140,458,4.58,ASCENT,0.804998636,Ascent,true,true,-0.0624647439,-0.0650319457,-0.0624647439,99,404,418,false,false,NONE,-0.019281324,0.944643557,-0.106087469,0.937855661,0.3469048,0.00391206145,0.008276548,0.0455172732,0.155005917,0.0124826832,0.0396929868,-0.06447976,-0.06603313,true,true,8,true,true,0.0215752684,0.0086104,0.233556792,0.05679904,0.162835851,0.19539386,0.812816441,right_forearm,true,0.00317350542,0,0.217646614,0.4975254,false,false,bar_height|bar_linear_stillness|knee_extension|hip_extension|local_trunk_erectness,1.39497,0.162032321,0.100466646,1.9596287,1.80575037,0.208516747,0.05,0.02,0.2,0.08726646,0.17453292,0.17453292,-0.00210994482,-0.00561870262,-0.00561870262,false,0.01616536,0.231093392,0.1259327,0.07056142,0.0104573388,584.459045,0.210980818,left_shank,twist_x,0.006593358,NA,NA,NA,true,-0.01654212,0.815488636,-0.09825726,0.0374432281,0.136451975,0.00699512474,-0.000263117254,0,-0.009878382,-0.1550563,0.135299534,-0.179377973,0.178851739,true,-0.0176927187,0,-0.0984787
140,459,4.59,ASCENT,0.8019986,Ascent,true,true,-0.0610399246,-0.0636391044,-0.0610399246,99,404,418,false,false,NONE,-0.0188224632,0.946129143,-0.105953269,0.937792838,0.34708643,0.003729856,0.00785747,0.04601035,0.15616554,0.0124477251,0.0379692465,-0.06360234,-0.06584568,true,true,8,true,true,0.0214761738,0.008616973,0.2334725,0.0568833277,0.163213477,0.195016235,0.8128031,right_forearm,true,0.00318158953,0,0.21809034,0.505284131,false,false,bar_height|bar_linear_stillness|knee_extension|hip_extension|local_trunk_erectness,1.39497,0.1632776,0.09910891,1.95562208,1.802695,0.208718255,0.05,0.02,0.2,0.08726646,0.17453292,0.17453292,-0.00202734023,-0.00523385126,-0.00523385126,false,0.0154632069,0.231914192,0.12693283,0.070873864,0.0105603868,585.7987,0.21146442,left_shank,twist_x,0.006596795,NA,NA,NA,true,-0.0161644928,0.816856146,-0.09817297,0.03788944,0.1375801,0.007056607,-0.000263117254,0,-0.009878382,-0.1550563,0.135299534,-0.179377973,0.178851739,true,-0.0172814447,0,-0.098145254
140,460,4.6000000000000005,ASCENT,0.7989986,Ascent,true,true,-0.0595921576,-0.0622260571,-0.0595921576,99,404,418,false,false,NONE,-0.01835857,0.947626531,-0.105819114,0.9377327,0.3472598,0.00355141633,0.00744090369,0.0465130173,0.157323465,0.0124369692,0.036231637,-0.06271143,-0.0656459,true,true,8,true,true,0.0213602,0.008558118,0.233387709,0.05696813,0.163595691,0.19463402,0.81279,right_forearm,true,0.00318608386,0,0.21831955,0.5128093,false,false,bar_height|bar_linear_stillness|knee_extension|hip_extension|local_trunk_erectness,1.39497,0.164526016,0.09774886,1.95166981,1.79973173,0.208849818,0.05,0.02,0.2,0.08726646,0.17453292,0.17453292,-0.00194364041,-0.00486795651,-0.00486795651,false,0.01473127,0.232900172,0.128113344,0.07111656,0.0106611485,593.9079,0.214391708,left_shank,twist_x,0.006578133,NA,NA,NA,true,-0.01578228,0.818234861,-0.09808817,0.0383425169,0.138687357,0.007118168,-0.000263117254,0,-0.009878382,-0.1550563,0.135299534,-0.179377973,0.178851739,true,-0.01692164,0,-0.09792312
140,461,4.61,ASCENT,0.7959986,Ascent,true,true,-0.0581617951,-0.0608256161,-0.0581617951,99,404,418,false,false,NONE,-0.017889604,0.9491382,-0.105685614,0.93767494,0.347426176,0.00337679824,0.0070269173,0.0470160246,0.158809274,0.0123718884,0.0347339846,-0.06180716,-0.06543486,true,true,8,true,true,0.0213316735,0.008605849,0.233302757,0.0570530742,0.163982481,0.194247231,0.8127765,right_forearm,true,0.00319292513,0,0.218688816,0.520530939,false,false,bar_height|bar_linear_stillness|knee_extension|hip_extension|local_trunk_erectness,1.39497,0.166084185,0.0964795053,1.94760168,1.79665911,0.209007591,0.05,0.02,0.2,0.08726646,0.17453292,0.17453292,-0.001859352,-0.004514101,-0.004514101,false,0.0140159382,0.233991712,0.129367024,0.071399,0.0107700434,595.529,0.214976892,left_shank,twist_x,0.006579282,NA,NA,NA,true,-0.0153954858,0.8196266,-0.09800322,0.0387987271,0.140073746,0.007122493,-0.000263117254,0,-0.009878382,-0.1550563,0.135299534,-0.179377973,0.178851739,true,-0.0165087339,0,-0.0976892561
140,462,4.62,ASCENT,0.792998552,Ascent,true,true,-0.0566978157,-0.0593952537,-0.0566978157,99,404,418,false,false,NONE,-0.01741559,0.9506691,-0.105553105,0.93761915,0.347586364,0.003206053,0.00661558239,0.0475181229,0.160774618,0.0122663211,0.0334293731,-0.06088977,-0.06521327,true,true,8,true,true,0.021240443,0.008614874,0.233218133,0.0571377054,0.164373919,0.193855792,0.8127609,right_forearm,true,0.00320322486,0,0.219288647,0.5283808,false,false,bar_height|bar_linear_stillness|knee_extension|hip_extension|local_trunk_erectness,1.39497,0.168097928,0.09527779,1.94346166,1.79349709,0.209197208,0.05,0.02,0.2,0.08726646,0.17453292,0.17453292,-0.00177454948,-0.004158203,-0.004158203,false,0.0133081013,0.23501128,0.1305314,0.071709685,0.010872147,597.0786,0.215536281,left_shank,twist_x,0.00658671558,NA,NA,NA,true,-0.0150040565,0.8210366,-0.09791859,0.03925782,0.141953677,0.007090812,-0.000263117254,0,-0.009878382,-0.1550563,0.135299534,-0.179377973,0.178851739,true,-0.0160792284,0,-0.09736915
140,463,4.63,ASCENT,0.789998531,Ascent,true,true,-0.0552051663,-0.057938993,-0.0552051663,99,404,418,false,false,NONE,-0.0169364922,0.952220857,-0.105421387,0.9375654,0.347740352,0.00303921686,0.00620696368,0.0480261222,0.16284585,0.0121809691,0.0321224667,-0.0599617846,-0.0649819449,true,true,8,true,true,0.0211300775,0.008559826,0.233133942,0.057221882,0.164770022,0.19345969,0.8127453,right_forearm,true,0.00321041327,0,0.219706044,0.5359174,false,false,bar_height|bar_linear_stillness|knee_extension|hip_extension|local_trunk_erectness,1.39497,0.1702165,0.0940740258,1.93934751,1.79039347,0.209327325,0.05,0.02,0.2,0.08726646,0.17453292,0.17453292,-0.00168960541,-0.00382414623,-0.00382414623,false,0.0126005542,0.236056954,0.131749719,0.07196105,0.0109659005,604.1337,0.218083084,left_shank,twist_x,0.006573479,NA,NA,NA,true,-0.0146079483,0.822466135,-0.0978344157,0.0397204123,0.143895686,0.007057828,-0.000263117254,0,-0.009878382,-0.1550563,0.135299534,-0.179377973,0.178851739,true,-0.015692221,0,-0.09715382
140,464,4.64,ASCENT,0.7869985,Ascent,true,true,-0.053719908,-0.0564861,-0.053719908,99,404,418,false,false,NONE,-0.0164522845,0.9537965,-0.105291009,0.937513351,0.3478891,0.00287633087,0.00580111239,0.0485331155,0.165288866,0.0120462468,0.0309967417,-0.0590236075,-0.06474208,true,true,8,true,true,0.02109744,0.008600324,0.2330505,0.05730533,0.165170789,0.193058923,0.812729061,right_forearm,true,0.00321935466,0,0.220224291,0.5434593,false,false,bar_height|bar_linear_stillness|knee_extension|hip_extension|local_trunk_erectness,1.39497,0.172687531,0.0929307342,1.93510246,1.78716946,0.209488168,0.05,0.02,0.2,0.08726646,0.17453292,0.17453292,-0.00160497427,-0.003505402,-0.003505402,false,0.0119027849,0.237254009,0.133080333,0.0722553954,0.01107285,605.7502,0.2186666,left_shank,twist_x,0.00657748524,NA,NA,NA,true,-0.0142071806,0.8239174,-0.09775097,0.04018328,0.146152228,0.006973649,-0.000263117254,0,-0.009878382,-0.1550563,0.135299534,-0.179377973,0.178851739,true,-0.015262451,0,-0.09693676
140,465,4.65,ASCENT,0.7839985,Ascent,true,true,-0.0521966219,-0.0549984872,-0.0521966219,99,404,418,false,false,NONE,-0.0159630068,0.955401,-0.10516227,0.937462747,0.34803313,0.00271743257,0.00539808348,0.0490382,0.1682188,0.011875,0.0299993921,-0.0580756627,-0.06449444,true,true,8,true,true,0.02100661,0.00860475,0.232968211,0.05738762,0.165576234,0.192653477,0.812710941,right_forearm,true,0.0032309813,0,0.220921844,0.5509416,false,false,bar_height|bar_linear_stillness|knee_extension|hip_extension|local_trunk_erectness,1.39497,0.175622687,0.09182744,1.93076646,1.78384471,0.209676191,0.05,0.02,0.2,0.08726646,0.17453292,0.17453292,-0.00152079761,-0.00318894582,-0.00318894582,false,0.0112217041,0.238359809,0.134309143,0.07257547,0.0111732446,607.2233,0.219198376,left_shank,twist_x,0.00658626854,NA,NA,NA,true,-0.01380174,0.8253955,-0.09766868,0.040646337,0.148900315,0.006858841,-0.000263117254,0,-0.009878382,-0.1550563,0.135299534,-0.179377973,0.178851739,true,-0.0148213375,0,-0.0966511
140,466,4.66,ASCENT,0.780998468,Ascent,true,true,-0.0506390333,-0.0534790456,-0.0506390333,99,404,418,false,false,NONE,-0.0154686747,0.957039356,-0.105035439,0.9374135,0.348172843,0.00256255618,0.004997923,0.0495415069,0.1716476,0.0116766738,0.02908474,-0.0571189076,-0.06424003,true,true,8,true,true,0.02093342,0.008605193,0.232887357,0.05746848,0.165986344,0.192243367,0.812691033,right_forearm,true,0.00324434717,0,0.221739888,0.5582938,false,false,bar_height|bar_linear_stillness|knee_extension|hip_extension|local_trunk_erectness,1.39497,0.1790352,0.09074841,1.926344,1.78043127,0.209881142,0.05,0.02,0.2,0.08726646,0.17453292,0.17453292,-0.00143735111,-0.002895378,-0.002895378,false,0.0105767716,0.239379644,0.135444865,0.0729104355,0.0112661747,608.4494,0.21964097,left_shank,twist_x,0.006595246,NA,NA,NA,true,-0.0133916279,0.826905251,-0.09758782,0.0411085,0.152101859,0.00671764137,-0.000263117254,0,-0.009878382,-0.1550563,0.135299534,-0.179377973,0.178851739,true,-0.014381039,0,-0.09638692
140,467,4.67,ASCENT,0.777998447,Ascent,true,true,-0.04905036,-0.05192989,-0.04905036,99,404,418,false,false,NONE,-0.0149692772,0.958713651,-0.104910374,0.93736583,0.348307818,0.00241172034,0.004600671,0.0500477031,0.175232142,0.0114942417,0.02807197,-0.0561558232,-0.06397983,true,true,8,true,true,0.02083985,0.008559035,0.232808,0.0575478375,0.166401118,0.1918286,0.8126715,right_forearm,true,0.00325387577,0,0.222322837,0.5651348,false,false,bar_height|bar_linear_stillness|knee_extension|hip_extension|local_trunk_erectness,1.39497,0.182601184,0.08963777,1.92189574,1.7770344,0.210032448,0.05,0.02,0.2,0.08726646,0.17453292,0.17453292,-0.00135505944,-0.002618313,-0.002618313,false,0.00991485,0.240527645,0.1367232,0.07319985,0.0113629047,614.3267,0.2217626,left_shank,twist_x,0.006586762,NA,NA,NA,true,-0.0129768495,0.8284481,-0.09750846,0.0415698364,0.155401081,0.00657526357,-0.000263117254,0,-0.009878382,-0.1550563,0.135299534,-0.179377973,0.178851739,true,-0.0139666582,0,-0.09621524
140,468,4.68,ASCENT,0.7749984,Ascent,true,true,-0.0474546254,-0.05036965,-0.0474546254,99,404,418,false,false,NONE,-0.014464803,0.9604264,-0.104787476,0.9373196,0.348438233,0.0022649446,0.004206354,0.05055235,0.179122955,0.0112761045,0.0270925853,-0.05518726,-0.06371503,true,true,8,true,true,0.0207885578,0.00857886,0.232730329,0.0576254949,0.166820526,0.191409186,0.8126519,right_forearm,true,0.00326344022,0,0.222897992,0.571690142,false,false,bar_height|bar_linear_stillness|knee_extension|hip_extension|local_trunk_erectness,1.39497,0.186461046,0.0885395259,1.91730392,1.77352059,0.210196152,0.05,0.02,0.2,0.08726646,0.17453292,0.17453292,-0.00127419829,-0.00235717185,-0.00235717185,false,0.009296291,0.241609707,0.137945861,0.07350257,0.0114584742,615.335632,0.2221268,left_shank,twist_x,0.00658954447,NA,NA,NA,true,-0.0125574516,0.8300259,-0.0974308,0.0420286581,0.158960953,0.006398849,-0.000263117254,0,-0.009878382,-0.1550563,0.135299534,-0.179377973,0.178851739,true,-0.0135269016,0,-0.09604611
140,469,4.69,ASCENT,0.7719984,Ascent,true,true,-0.04581687,-0.0487690568,-0.04581687,99,404,418,false,false,NONE,-0.0139552876,0.96218127,-0.104666956,0.9372748,0.348563939,0.00212224573,0.003815,0.05105476,0.183370322,0.0110322926,0.0260988139,-0.0542140342,-0.06344652,true,true,8,true,true,0.02068797,0.008571085,0.232654631,0.0577011928,0.167244524,0.190985188,0.8126311,right_forearm,true,0.00327359838,0,0.223512217,0.5779215,false,false,bar_height|bar_linear_stillness|knee_extension|hip_extension|local_trunk_erectness,1.39497,0.19066456,0.0874400958,1.91259658,1.76990461,0.21036315,0.05,0.02,0.2,0.08726646,0.17453292,0.17453292,-0.00119484216,-0.00210238015,-0.00210238015,false,0.008703646,0.2425763,0.139064878,0.0738098,0.0115471091,616.1138,0.222407684,left_shank,twist_x,0.0065945,NA,NA,NA,true,-0.0121334475,0.831642449,-0.097355105,0.04248522,0.16288726,0.00620576972,-0.000263117254,0,-0.009878382,-0.1550563,0.135299534,-0.179377973,0.178851739,true,-0.0130814612,0,-0.09583556
140,470,4.7,ASCENT,0.7689984,Ascent,true,true,-0.0441396534,-0.04712987,-0.0441396534,99,404,418,false,false,NONE,-0.0134407394,0.963979542,-0.104548685,0.937231839,0.348684371,0.00198362954,0.00342662935,0.0515573025,0.187706783,0.0108015817,0.0249671545,-0.0532383956,-0.06317514,true,true,8,true,true,0.02057051,0.00852187,0.232580885,0.0577749461,0.167673126,0.190556586,0.812610865,right_forearm,true,0.00328056538,0,0.223930418,0.5835635,false,false,bar_height|bar_linear_stillness|knee_extension|hip_extension|local_trunk_erectness,1.39497,0.194958121,0.08630634,1.90783226,1.76627815,0.210481182,0.05,0.02,0.2,0.08726646,0.17453292,0.17453292,-0.00111718476,-0.001867553,-0.001867553,false,0.00812073052,0.243546367,0.140220478,0.0740676,0.0116321947,620.3791,0.2239474,left_shank,twist_x,0.00658553559,NA,NA,NA,true,-0.0117048481,0.833299,-0.09728135,0.0429394729,0.166882232,0.0060192463,-0.000263117254,0,-0.009878382,-0.1550563,0.135299534,-0.179377973,0.178851739,true,-0.012653498,0,-0.09569943
140,471,4.71,ASCENT,0.765998363,Ascent,true,true,-0.0424451232,-0.04546997,-0.0424451232,99,404,418,false,false,NONE,-0.0129211769,0.965823,-0.104432993,0.937190652,0.348799318,0.001849101,0.00304125,0.0520561375,0.192257613,0.0105425268,0.0237847641,-0.0522612147,-0.06290196,true,true,8,true,true,0.0204983186,0.008532645,0.232509166,0.0578466728,0.168106258,0.190123454,0.812590837,right_forearm,true,0.00328733027,0,0.224325791,0.588784337,false,false,bar_height|bar_linear_stillness|knee_extension|hip_extension|local_trunk_erectness,1.39497,0.19945921,0.0851681,1.90291524,1.762533,0.210598037,0.05,0.02,0.2,0.08726646,0.17453292,0.17453292,-0.00104148686,-0.00164691347,-0.00164691347,false,0.00757059641,0.244484559,0.141356036,0.07433113,0.0117187044,620.852356,0.224118248,left_shank,twist_x,0.00658545131,NA,NA,NA,true,-0.0112717114,0.834996939,-0.0972096249,0.0433901,0.1710673,0.005811664,-0.000263117254,0,-0.009878382,-0.1550563,0.135299534,-0.179377973,0.178851739,true,-0.0122068487,0,-0.0955691561
140,472,4.72,ASCENT,0.762998343,Ascent,true,true,-0.04070559,-0.0437659025,-0.04070559,99,404,418,false,false,NONE,-0.012396655,0.96771425,-0.104320034,0.9371515,0.348908335,0.00171866233,0.00265887124,0.05255051,0.1970633,0.0102637112,0.0225230865,-0.05128329,-0.06262774,true,true,8,true,true,0.02038538,0.008519436,0.232439637,0.0579161942,0.1685439,0.1896858,0.8125704,right_forearm,true,0.003294632,0,0.224758223,0.5935758,false,false,bar_height|bar_linear_stillness|knee_extension|hip_extension|local_trunk_erectness,1.39497,0.204207838,0.08402082,1.8978703,1.75868344,0.210711434,0.05,0.02,0.2,0.08726646,0.17453292,0.17453292,-0.000967733562,-0.00143131742,-0.00143131742,false,0.00704892445,0.2452955,0.142386273,0.07459013,0.0117973462,621.0794,0.2242002,left_shank,twist_x,0.00658674957,NA,NA,NA,true,-0.0108340662,0.836738944,-0.0971401,0.04383739,0.175516829,0.005597185,-0.000263117254,0,-0.009878382,-0.1550563,0.135299534,-0.179377973,0.178851739,true,-0.0117556164,0,-0.095410645
140,473,4.73,ASCENT,0.7599983,Ascent,true,true,-0.0389242172,-0.04202038,-0.0389242172,99,404,418,false,false,NONE,-0.0118672075,0.9696539,-0.104209706,0.9371146,0.349010646,0.00159230735,0.00227949326,0.05304203,0.2019012,0.009997498,0.0210882016,-0.05030657,-0.0623532161,true,true,8,true,true,0.0202604551,0.008474736,0.232372224,0.0579836145,0.168986037,0.189243674,0.812550545,right_forearm,true,0.00329915364,0,0.225019619,0.597753346,false,false,bar_height|bar_linear_stillness|knee_extension|hip_extension|local_trunk_erectness,1.39497,0.208991632,0.08284556,1.89274538,1.75480068,0.2107749,0.05,0.02,0.2,0.08726646,0.17453292,0.17453292,-0.0008960068,-0.00123189064,-0.00123189064,false,0.006551421,0.2460261,0.143380016,0.07479891,0.0118678054,623.6671,0.225134328,left_shank,twist_x,0.00657641329,NA,NA,NA,true,-0.010391932,0.838525534,-0.09707268,0.0442810841,0.179984733,0.005393935,-0.000263117254,0,-0.009878382,-0.1550563,0.135299534,-0.179377973,0.178851739,true,-0.0113157183,0,-0.09531312
140,474,4.74,ASCENT,0.7569983,Ascent,true,true,-0.0371183455,-0.04024732,-0.0371183455,99,404,418,false,false,NONE,-0.01133288,0.9716429,-0.104102232,0.9370802,0.3491058,0.00147002877,0.00190310855,0.0535278544,0.206857055,0.00971116,0.01954204,-0.04933186,-0.0620792434,true,true,8,true,true,0.0201680455,0.00847389549,0.2323069,0.0580489263,0.1694326,0.188797116,0.8125316,right_forearm,true,0.003303239,0,0.225245491,0.601439,false,false,bar_height|bar_linear_stillness|knee_extension|hip_extension|local_trunk_erectness,1.39497,0.213891044,0.08166613,1.88746691,1.75080478,0.210830435,0.05,0.02,0.2,0.08726646,0.17453292,0.17453292,-0.000826485455,-0.0010437913,-0.0010437913,false,0.00607880158,0.24673447,0.144369557,0.07500461,0.01194048,623.5075,0.22507672,left_shank,twist_x,0.006572088,NA,NA,NA,true,-0.009945377,0.8403575,-0.09700737,0.0447203144,0.184550419,0.00518112676,-0.000263117254,0,-0.009878382,-0.1550563,0.135299534,-0.179377973,0.178851739,true,-0.0108618876,0,-0.09522276
140,475,4.75,ASCENT,0.7539983,Ascent,true,true,-0.03526801,-0.0384299755,-0.03526801,99,404,418,false,false,NONE,-0.0107937381,0.9736826,-0.103997715,0.937048554,0.349193037,0.00135181658,0.00152970827,0.0540076569,0.21194002,0.009412134,0.0178568363,-0.04836001,-0.06180644,true,true,8,true,true,0.02004433,0.00845631,0.232243747,0.0581120923,0.169883534,0.188346177,0.8125128,right_forearm,true,0.00330726127,0,0.22546792,0.604631,false,false,bar_height|bar_linear_stillness|knee_extension|hip_extension|local_trunk_erectness,1.39497,0.218915477,0.0804834962,1.88205671,1.7467066,0.2108712,0.05,0.02,0.2,0.08726646,0.17453292,0.17453292,-0.000759065151,-0.00085951935,-0.00085951935,false,0.00563493837,0.247311458,0.145256042,0.07519562,0.0120045748,623.0958,0.224928111,left_shank,twist_x,0.006568039,NA,NA,NA,true,-0.009494436,0.842236161,-0.0969442055,0.0451553427,0.189256847,0.00496978,-0.000263117254,0,-0.009878382,-0.1550563,0.135299534,-0.179377973,0.178851739,true,-0.010405303,0,-0.09511213
140,476,4.76,ASCENT,0.750998259,Ascent,true,true,-0.03337574,-0.0365704,-0.03337574,99,404,418,false,false,NONE,-0.0102498475,0.975773931,-0.103896238,0.937019944,0.349271685,0.00123765774,0.00115927786,0.0544810742,0.217118382,0.009105616,0.0160164125,-0.04739197,-0.0615354627,true,true,8,true,true,0.0199227184,0.008434725,0.232182682,0.0581731424,0.170338824,0.187890887,0.8124943,right_forearm,true,0.00331075,0,0.225659192,0.60732156,false,false,bar_height|bar_linear_stillness|knee_extension|hip_extension|local_trunk_erectness,1.39497,0.224034578,0.0793040842,1.8765204,1.74251509,0.2108916,0.05,0.02,0.2,0.08726646,0.17453292,0.17453292,-0.000693753362,-0.000687237363,-0.000687237363,false,0.0052275206,0.2477621,0.146046713,0.07536589,0.0120596513,622.4046,0.224678591,left_shank,twist_x,0.006562082,NA,NA,NA,true,-0.00903915148,0.8441625,-0.0968831554,0.0455857068,0.194051579,0.00476304349,-0.000263117254,0,-0.009878382,-0.1550563,0.135299534,-0.179377973,0.178851739,true,-0.009947346,0,-0.09501981
140,477,4.7700000000000005,ASCENT,0.747998238,Ascent,true,true,-0.03144428,-0.03467083,-0.03144428,99,404,418,false,false,NONE,-0.009701273,0.9779165,-0.103797689,0.9369947,0.3493408,0.00112753361,0.0007917972,0.05494843,0.2222304,0.008810872,0.0139754573,-0.04642927,-0.0612668172,true,true,8,true,true,0.0197908245,0.008394034,0.232123613,0.05823221,0.1707984,0.1874313,0.8124769,right_forearm,true,0.00331186736,0,0.225703672,0.609415233,false,false,bar_height|bar_linear_stillness|knee_extension|hip_extension|local_trunk_erectness,1.39497,0.229092374,0.0781320259,1.87088156,1.73827,0.210865542,0.05,0.02,0.2,0.08726646,0.17453292,0.17453292,-0.000630587339,-0.0005227794,-0.0005227794,false,0.004832834,0.248164192,0.146828711,0.07549194,0.0121115139,623.1625,0.224952161,left_shank,twist_x,0.00654820539,NA,NA,NA,true,-0.008579573,0.846136,-0.09682409,0.04601069,0.198768646,0.00457029976,-0.000263117254,0,-0.009878382,-0.1550563,0.135299534,-0.179377973,0.178851739,true,-0.009489378,0,-0.0949744955
140,478,4.78,ASCENT,0.7449982,Ascent,true,true,-0.0294834077,-0.032738924,-0.0294834077,99,404,418,false,false,NONE,-0.009148083,0.9801096,-0.10370218,0.936973155,0.349399626,0.00102142268,0.0004272408,0.05540815,0.227290452,0.008507955,0.0117639173,-0.0454728045,-0.0610010624,true,true,8,true,true,0.0196690522,0.008376927,0.232066482,0.05828935,0.1712622,0.1869675,0.812461,right_forearm,true,0.003311662,0,0.225659087,0.6109854,false,false,bar_height|bar_linear_stillness|knee_extension|hip_extension|local_trunk_erectness,1.39497,0.234101251,0.07698893,1.86510253,1.73392773,0.210814565,0.05,0.02,0.2,0.08726646,0.17453292,0.17453292,-0.0005695373,-0.000364796753,-0.000364796753,false,0.004572991,0.2484534,0.147535458,0.0755938143,0.0121570658,622.0391,0.224546656,left_shank,twist_x,0.006535959,NA,NA,NA,true,-0.008115773,0.848155856,-0.09676695,0.04643011,0.203432024,0.00438146573,-0.000263117254,0,-0.009878382,-0.1550563,0.135299534,-0.179377973,0.178851739,true,-0.009023904,0,-0.09493116
140,479,4.79,ASCENT,0.7419982,Ascent,true,true,-0.02748239,-0.0307658017,-0.02748239,99,404,418,false,false,NONE,-0.00859036,0.982352555,-0.103609726,0.9369556,0.34944728,0.000919301237,6.55817857E-05,0.0558599271,0.232280672,0.00820196047,0.00937837549,-0.0445233174,-0.0607386,true,true,8,true,true,0.0195243433,0.00834811,0.232011154,0.0583446771,0.171730176,0.186499536,0.812445939,right_forearm,true,0.00331055769,0,0.2255565,0.612048864,false,false,bar_height|bar_linear_stillness|knee_extension|hip_extension|local_trunk_erectness,1.39497,0.239043742,0.075891085,1.85919774,1.72949564,0.210736364,0.05,0.02,0.2,0.08726646,0.17453292,0.17453292,-0.0005104691,-0.0002090936,-0.0002090936,false,0.004829009,0.24861674,0.148152336,0.07566751,0.0121937692,620.6924,0.2240605,left_shank,twist_x,0.00652300753,NA,NA,NA,true,-0.00764779747,0.8502216,-0.09671162,0.04684395,0.208047584,0.004203346,-0.000263117254,0,-0.009878382,-0.1550563,0.135299534,-0.179377973,0.178851739,true,-0.008556164,0,-0.09488225
140,480,4.8,ASCENT,0.7389982,Ascent,true,true,-0.0254437327,-0.0287539661,-0.0254437327,99,404,418,false,false,NONE,-0.00802819151,0.984644055,-0.103520252,0.9369423,0.349482954,0.0008211423,-0.0002932115,0.05630322,0.2371203,0.007905204,0.006822098,-0.04358191,-0.0604797825,true,true,8,true,true,0.0193741135,0.00830980949,0.231957525,0.0583983,0.172202259,0.186027452,0.812432051,right_forearm,true,0.00330779329,0,0.225353092,0.612600446,false,false,bar_height|bar_linear_stillness|knee_extension|hip_extension|local_trunk_erectness,1.39497,0.2438413,0.0748580545,1.85318255,1.72499561,0.210615054,0.05,0.02,0.2,0.08726646,0.17453292,0.17453292,-0.000453330576,-5.94111225E-05,-5.94111225E-05,false,0.00505581731,0.248679742,0.148709059,0.07570124,0.0122238295,619.757141,0.22372289,left_shank,twist_x,0.00650574826,NA,NA,NA,true,-0.00717570959,0.8523321,-0.096658,0.0472512878,0.212524727,0.00404045545,-0.000263117254,0,-0.009878382,-0.1550563,0.135299534,-0.179377973,0.178851739,true,-0.008082157,0,-0.09486487
140,481,4.8100000000000005,ASCENT,0.735998154,Ascent,true,true,-0.0233733356,-0.0267082453,-0.0233733356,99,404,418,false,false,NONE,-0.007461667,0.986982346,-0.103433765,0.936933637,0.349505961,0.0007269152,-0.000649174,0.05673724,0.241795674,0.00760801928,0.004100539,-0.0426494256,-0.0602248535,true,true,8,true,true,0.01922717,0.008281602,0.23190546,0.05845037,0.1726784,0.185551316,0.8124198,right_forearm,true,0.00330406381,0,0.225084826,0.6126703,false,false,bar_height|bar_linear_stillness|knee_extension|hip_extension|local_trunk_erectness,1.39497,0.248479664,0.0739109,1.84704578,1.72041214,0.210464165,0.05,0.02,0.2,0.08726646,0.17453292,0.17453292,-0.000398002565,8.737964E-05,8.737964E-05,false,0.00525489263,0.248641834,0.14920111,0.07570597,0.0122477375,618.0089,0.223091811,left_shank,twist_x,0.00648815,NA,NA,NA,true,-0.00669958163,0.8544856,-0.09660593,0.04765217,0.216851428,0.00388954859,-0.000263117254,0,-0.009878382,-0.1550563,0.135299534,-0.179377973,0.178851739,true,-0.007604776,0,-0.09484753
140,482,4.82,ASCENT,0.732998133,Ascent,true,true,-0.0212684572,-0.0246268213,-0.0212684572,99,404,418,false,false,NONE,-0.00689088739,0.9893656,-0.103350244,0.9369298,0.349515468,0.0006365878,-0.00100234232,0.0571613722,0.24628073,0.007313266,0.00122157135,-0.041726537,-0.0599740669,true,true,8,true,true,0.0190697182,0.008247955,0.231854811,0.05850102,0.1731585,0.185071215,0.8124086,right_forearm,true,0.00329925865,0,0.224748909,0.6122867,false,false,bar_height|bar_linear_stillness|knee_extension|hip_extension|local_trunk_erectness,1.39497,0.252933,0.07307178,1.840797,1.71575189,0.2102825,0.05,0.02,0.2,0.08726646,0.17453292,0.17453292,-0.000344380736,0.000233453262,0.000233453262,false,0.00542543828,0.248491779,0.149615973,0.07567805,0.0122628622,616.075439,0.222393855,left_shank,twist_x,0.006468859,NA,NA,NA,true,-0.006219478,0.8566806,-0.09655528,0.0480462536,0.22100836,0.00375332334,-0.000263117254,0,-0.009878382,-0.1550563,0.135299534,-0.179377973,0.178851739,true,-0.00712282164,0,-0.09483318
140,483,4.83,ASCENT,0.7299981,Ascent,true,true,-0.01913184,-0.0225120783,-0.01913184,99,404,418,false,false,NONE,-0.00631595775,0.9917917,-0.103269637,0.936931133,0.349510938,0.0005501248,-0.0013527557,0.05757493,0.250565946,0.00702508353,-0.00177215924,-0.04081395,-0.05972761,true,true,8,true,true,0.01891156,0.00821527,0.231805444,0.0585503876,0.1736425,0.18458721,0.8123988,right_forearm,true,0.00329386326,0,0.224381685,0.6115201,false,false,bar_height|bar_linear_stillness|knee_extension|hip_extension|local_trunk_erectness,1.39497,0.2571916,0.0723623261,1.83443654,1.71101153,0.2100677,0.05,0.02,0.2,0.08726646,0.17453292,0.17453292,-0.000292308629,0.000378152181,0.000378152181,false,0.005565581,0.24823001,0.149950489,0.07562031,0.0122708082,613.5741,0.2214909,left_shank,twist_x,0.006449354,NA,NA,NA,true,-0.0057354765,0.8589151,-0.09650591,0.04843247,0.224984646,0.00363012357,-0.000263117254,0,-0.009878382,-0.1550563,0.135299534,-0.179377973,0.178851739,true,-0.00663034758,0,-0.09483887
140,484,4.84,ASCENT,0.7269981,Ascent,true,true,-0.0169640183,-0.020364821,-0.0169640183,99,404,418,false,false,NONE,-0.005736988,0.994258344,-0.103191867,0.9369378,0.349491745,0.00046748895,-0.00170045544,0.057977654,0.2545957,0.00674461527,-0.004909404,-0.039912384,-0.0594855845,true,true,8,true,true,0.0187433157,0.008176841,0.2317572,0.058598645,0.174130321,0.184099391,0.812390447,right_forearm,true,0.00328721,0,0.223933488,0.610331237,false,false,bar_height|bar_linear_stillness|knee_extension|hip_extension|local_trunk_erectness,1.39497,0.261200815,0.07180275,1.82798076,1.70620739,0.209820822,0.05,0.02,0.2,0.08726646,0.17453292,0.17453292,-0.000241659582,0.000523027556,0.000523027556,false,0.005683589,0.247853175,0.150208637,0.0755285248,0.012271421,611.2703,0.220659286,left_shank,twist_x,0.00642672041,NA,NA,NA,true,-0.00524765253,0.861187,-0.09645765,0.0488110855,0.228727371,0.00352459028,-0.000263117254,0,-0.009878382,-0.1550563,0.135299534,-0.179377973,0.178851739,true,-0.006137707,0,-0.09483917
140,485,4.8500000000000005,ASCENT,0.72399807,Ascent,true,true,-0.0147703886,-0.0181899667,-0.0147703886,99,404,418,false,false,NONE,-0.00515409047,0.9967625,-0.103116862,0.936949968,0.349457264,0.000388638873,-0.002045484,0.0583690554,0.258327961,0.00647161156,-0.008168375,-0.03902258,-0.0592480451,true,true,8,true,true,0.0185764823,0.008137715,0.2317099,0.05864594,0.17462188,0.183607832,0.812383652,right_forearm,true,0.00327936141,0,0.2234103,0.608760655,false,false,bar_height|bar_linear_stillness|knee_extension|hip_extension|local_trunk_erectness,1.39497,0.264919162,0.07141299,1.82143342,1.701344,0.209537178,0.05,0.02,0.2,0.08726646,0.17453292,0.17453292,-0.000192292035,0.0006679853,0.0006679853,false,0.00577605562,0.247385368,0.1504074,0.075401254,0.012263895,608.826233,0.219777,left_shank,twist_x,0.006401684,NA,NA,NA,true,-0.00475609,0.863493264,-0.09641036,0.0491814949,0.232191563,0.00343578588,-0.000263117254,0,-0.009878382,-0.1550563,0.135299534,-0.179377973,0.178851739,true,-0.005638472,0,-0.09485307
140,486,4.86,ASCENT,0.720998049,Ascent,true,true,-0.012552768,-0.0159894824,-0.012552768,99,404,418,false,false,NONE,-0.004567384,0.9993009,-0.10304454,0.9369679,0.349407047,0.00031353184,-0.00238788617,0.05874866,0.261728942,0.00620786427,-0.0115303565,-0.03814512,-0.0590150356,true,true,8,true,true,0.0184009522,0.008097675,0.231663376,0.0586924478,0.17511709,0.183112621,0.812378347,right_forearm,true,0.00327032246,0,0.2228146,0.6068347,false,false,bar_height|bar_linear_stillness|knee_extension|hip_extension|local_trunk_erectness,1.39497,0.268313229,0.07120936,1.81480086,1.69642413,0.209217757,0.05,0.02,0.2,0.08726646,0.17453292,0.17453292,-0.000144034624,0.000815511739,0.000815511739,false,0.00584586244,0.2468319,0.150550246,0.07523946,0.0122487238,606.2727,0.218855217,left_shank,twist_x,0.00637510233,NA,NA,NA,true,-0.00426087761,0.865831256,-0.09636385,0.0495431572,0.235351622,0.00336362142,-0.000263117254,0,-0.009878382,-0.1550563,0.135299534,-0.179377973,0.178851739,true,-0.005132444,0,-0.09487444
140,487,4.87,ASCENT,0.717998,Ascent,true,true,-0.0103138089,-0.0137659907,-0.0103138089,99,404,418,false,false,NONE,-0.00397699373,1.00187063,-0.102974862,0.9369917,0.3493409,0.0002421232,-0.00272770668,0.05911552,0.264860451,0.00594934775,-0.0149259726,-0.0372802466,-0.05878665,true,true,8,true,true,0.0182302054,0.008069639,0.231617525,0.0587383062,0.175615862,0.18261385,0.8123743,right_forearm,true,0.00326163927,0,0.222246513,0.604682744,false,false,bar_height|bar_linear_stillness|knee_extension|hip_extension|local_trunk_erectness,1.39497,0.271442622,0.0711931959,1.80807042,1.69142342,0.20888184,0.05,0.02,0.2,0.08726646,0.17453292,0.17453292,-9.673834E-05,0.0009658232,0.0009658232,false,0.005886067,0.246133879,0.150576845,0.07505937,0.0122266812,602.129944,0.217359737,left_shank,twist_x,0.006352184,NA,NA,NA,true,-0.0037621127,0.868198037,-0.09631799,0.04989501,0.238273367,0.00330119254,-0.000263117254,0,-0.009878382,-0.1550563,0.135299534,-0.179377973,0.178851739,true,-0.004615211,0,-0.0949004
140,488,4.88,ASCENT,0.714998,Ascent,true,true,-0.008049011,-0.011516273,-0.008049011,99,404,418,false,false,NONE,-0.003383048,1.00446844,-0.102907665,0.9370214,0.349258423,0.000174365428,-0.00306499074,0.0594699457,0.267640084,0.00570591725,-0.01839718,-0.0364287,-0.05856275,true,true,8,true,true,0.0180421,0.008020758,0.231572181,0.0587836578,0.176118091,0.182111621,0.8123715,right_forearm,true,0.00325182662,0,0.221610576,0.602229357,false,false,bar_height|bar_linear_stillness|knee_extension|hip_extension|local_trunk_erectness,1.39497,0.274227,0.07137999,1.801547,1.68638647,0.208511025,0.05,0.02,0.2,0.08726646,0.17453292,0.17453292,-5.02318144E-05,0.00111955532,0.00111955532,false,0.005912924,0.245619938,0.150549784,0.07484379,0.0121968165,599.301147,0.21633859,left_shank,twist_x,0.006323796,NA,NA,NA,true,-0.0032598828,0.870590866,-0.09627264,0.0502374768,0.240875661,0.003259696,-0.000263117254,0,-0.009878382,-0.1550563,0.135299534,-0.179377973,0.178851739,true,-0.00409785,0,-0.09491731
140,489,4.89,ASCENT,0.711998,Ascent,true,true,-0.005771041,-0.009251416,-0.005771041,99,404,418,false,false,NONE,-0.002785679,1.00709045,-0.10284283,0.937057137,0.3491595,0.000110207664,-0.00339978631,0.05981105,0.2700215,0.005476347,-0.021912016,-0.0355910547,-0.05834329,true,true,8,true,true,0.0178627167,0.007977297,0.23152715,0.05882868,0.176623672,0.181606039,0.812370241,right_forearm,true,0.00324081932,0,0.220900208,0.599513054,false,false,bar_height|bar_linear_stillness|knee_extension|hip_extension|local_trunk_erectness,1.39497,0.2766206,0.0717690662,1.795034,1.68131471,0.208106264,0.05,0.02,0.2,0.08726646,0.17453292,0.17453292,-4.373491E-06,0.00127456046,0.00127456046,false,0.005919582,0.2451164,0.150488257,0.07459436,0.0121601783,596.4118,0.215295583,left_shank,twist_x,0.00629319949,NA,NA,NA,true,-0.00275429687,0.8730059,-0.0962276161,0.0505695567,0.243099213,0.003234317,-0.000263117254,0,-0.009878382,-0.1550563,0.135299534,-0.179377973,0.178851739,true,-0.00357087562,0,-0.09495546
140,490,4.9,ASCENT,0.708997965,Ascent,false,true,-0.0034815073,-0.00697341561,-0.0034815073,99,404,418,false,false,NONE,-0.00218502386,1.00973368,-0.102780357,0.9370988,0.3490443,4.95986678E-05,-0.00373213924,0.060138192,0.2721405,0.00524710631,-0.0253771171,-0.03476719,-0.05812837,true,true,8,true,true,0.01769136,0.0079585975,0.231482372,0.05887346,0.1771325,0.181097209,0.8123699,right_forearm,true,0.00323088118,0,0.220263258,0.596705556,false,false,bar_height|bar_linear_stillness|knee_extension|hip_extension|local_trunk_erectness,1.39497,0.278755426,0.07233024,1.78843,1.67615616,0.207699582,0.05,0.02,0.2,0.08726646,0.17453292,0.17453292,4.09781933E-05,0.00143577356,0.00143577356,false,0.00589815062,0.244481355,0.150309548,0.0743425041,0.0121183144,590.9803,0.213334888,left_shank,twist_x,0.006270384,NA,NA,NA,true,-0.00224547344,0.8754405,-0.09618284,0.0508902855,0.245095313,0.00321236462,-0.000263117254,0,-0.009878382,-0.1550563,0.135299534,-0.179377973,0.178851739,true,-0.00303301169,0,-0.09498864
140,491,4.91,ASCENT,0.705997944,Ascent,false,true,-0.00116997957,-0.004673779,-0.00116997957,99,404,418,false,false,NONE,-0.00158122322,1.01239455,-0.102720015,0.9371464,0.348912716,-7.51543848E-06,-0.004062096,0.0604519136,0.273873717,0.00503923371,-0.028856663,-0.0339578576,-0.0579177774,true,true,8,true,true,0.0174901877,0.0079010725,0.231437683,0.0589181557,0.177644461,0.18058525,0.81237036,right_forearm,true,0.00322011882,0,0.219581917,0.593690455,false,false,bar_height|bar_linear_stillness|knee_extension|hip_extension|local_trunk_erectness,1.39497,0.280511379,0.07307744,1.78180933,1.670989,0.207256362,0.05,0.02,0.2,0.08726646,0.17453292,0.17453292,8.600205E-05,0.00160201034,0.00160201034,false,0.0058681,0.24375014,0.150059372,0.0740537643,0.0120672332,587.857056,0.212207451,left_shank,twist_x,0.00623947,NA,NA,NA,true,-0.001733506,0.877891541,-0.09613814,0.051200375,0.246740371,0.003213472,-0.000263117254,0,-0.009878382,-0.1550563,0.135299534,-0.179377973,0.178851739,true,-0.00249664043,0,-0.09500532
140,492,4.92,ASCENT,0.7029979,Ascent,false,true,0.00114303827,-0.00237065554,0.00114303827,99,404,418,false,false,NONE,-0.0009744209,1.01506853,-0.102661654,0.9372,0.3487648,-6.11922951E-05,-0.004389705,0.06075098,0.2751565,0.00484860642,-0.0323327221,-0.0331635959,-0.0577114224,true,true,8,true,true,0.0173078217,0.007855261,0.23139289,0.05896295,0.17815946,0.180070251,0.8123726,right_forearm,true,0.00320792431,0,0.218810409,0.5904755,false,false,bar_height|bar_linear_stillness|knee_extension|hip_extension|local_trunk_erectness,1.39497,0.281824917,0.0739989,1.77516067,1.66581023,0.20678103,0.05,0.02,0.2,0.08726646,0.17453292,0.17453292,0.000130780041,0.00176862581,0.00176862581,false,0.005821012,0.24299036,0.14979735,0.0737317652,0.0120111145,584.7192,0.211074725,left_shank,twist_x,0.006205677,NA,NA,NA,true,-0.00121851941,0.880354643,-0.09609335,0.0514984578,0.247948512,0.00322971,-0.000263117254,0,-0.009878382,-0.1550563,0.135299534,-0.179377973,0.178851739,true,-0.0019476898,0,-0.09505617
140,493,4.93,ASCENT,0.6999979,Ascent,false,true,0.00345724821,-6.443262E-05,0.00345724821,99,404,418,false,false,NONE,-0.000364758424,1.01775312,-0.102605343,0.9372593,0.348601162,-0.000111489629,-0.00471501471,0.0610353574,0.2762112,0.00465301331,-0.03567565,-0.0323839858,-0.05750948,true,true,8,true,true,0.017140083,0.007848141,0.231347978,0.0590078458,0.17867732,0.179552391,0.8123749,right_forearm,true,0.00319786626,0,0.218179643,0.5873048,false,false,bar_height|bar_linear_stillness|knee_extension|hip_extension|local_trunk_erectness,1.39497,0.2829127,0.0750254244,1.76842785,1.66053855,0.2063208,0.05,0.02,0.2,0.08726646,0.17453292,0.17453292,0.000175476074,0.00194394321,0.00194394321,false,0.00575136859,0.242146552,0.149444982,0.07342639,0.01195307,578.278137,0.2087496,right_shank,twist_x,0.00618449226,NA,NA,NA,true,-0.0007006526,0.8828275,-0.09604845,0.0517837778,0.248966023,0.00324139348,-0.000263117254,0,-0.009878382,-0.1550563,0.135299534,-0.179377973,0.178851739,true,-0.00139055029,0,-0.0950904638
140,494,4.94,ASCENT,0.6969979,Ascent,false,true,0.00578993559,0.00225830078,0.00578993559,99,404,418,false,false,NONE,0.000247611024,1.02044463,-0.102550767,0.9373242,0.348421931,-0.000158466908,-0.00503807,0.0613056831,0.2768667,0.004484693,-0.0389817767,-0.0316197947,-0.05731164,true,true,8,true,true,0.0169279519,0.007782987,0.231302828,0.0590529963,0.179197967,0.179031745,0.8123781,right_forearm,true,0.00318663567,0,0.217485532,0.5839974,false,false,bar_height|bar_linear_stillness|knee_extension|hip_extension|local_trunk_erectness,1.39497,0.283608317,0.07618408,1.76171887,1.65528786,0.205827087,0.05,0.02,0.2,0.08726646,0.17453292,0.17453292,0.000220268965,0.00212556,0.00212556,false,0.005673608,0.241156191,0.148977667,0.0730813444,0.0118828127,575.7685,0.207843661,right_shank,twist_x,0.006152017,NA,NA,NA,true,-0.00018000204,0.885306954,-0.0960033,0.0520574078,0.249622762,0.0032783947,-0.000263117254,0,-0.009878382,-0.1550563,0.135299534,-0.179377973,0.178851739,true,-0.0008367008,0,-0.09509989
140,495,4.95,ASCENT,0.69399786,Ascent,false,true,0.008112609,0.004573405,0.008112609,99,404,418,false,false,NONE,0.0008625347,1.02313817,-0.102497764,0.937394738,0.3482274,-0.00020218869,-0.00535892136,0.0615601,0.277035117,0.00433655549,-0.042232547,-0.0308716055,-0.0571178049,true,true,8,true,true,0.0167465582,0.007735312,0.231257245,0.0590985864,0.179721266,0.178508446,0.8123827,right_forearm,true,0.003173731,0,0.2166831,0.5805476,false,false,bar_height|bar_linear_stillness|knee_extension|hip_extension|local_trunk_erectness,1.39497,0.2838255,0.07745378,1.75501227,1.65005076,0.205300733,0.05,0.02,0.2,0.08726646,0.17453292,0.17453292,0.000265166163,0.002305803,0.002305803,false,0.005581666,0.2401681,0.148523688,0.07270384,0.0118089924,573.254761,0.20693624,right_shank,twist_x,0.006116094,NA,NA,NA,true,0.00034329042,0.887788236,-0.09595771,0.0523175038,0.249799892,0.00332888728,-0.000263117254,0,-0.009878382,-0.1550563,0.135299534,-0.179377973,0.178851739,true,-0.00026473304,0,-0.09515839
140,496,4.96,ASCENT,0.690997839,Ascent,false,true,0.0104253888,0.00688070059,0.0104253888,99,404,418,false,false,NONE,0.00147980056,1.02582872,-0.102446184,0.9374706,0.34801808,-0.000242723181,-0.00567762,0.06179216,0.2767021,0.00420322642,-0.045384936,-0.030140141,-0.0569282472,true,true,8,true,true,0.0165490229,0.00768059259,0.231220618,0.0589375347,0.180246979,0.178283662,0.8123887,right_forearm,true,0.00315963,0,0.2158037,0.576989055,false,false,bar_height|bar_linear_stillness|knee_extension|hip_extension|local_trunk_erectness,1.39497,0.283548921,0.0787975,1.74831283,1.64482808,0.204746231,0.05,0.02,0.2,0.08726646,0.17453292,0.17453292,0.000310316682,0.00249694288,0.00249694288,false,0.005488309,0.2391873,0.148086682,0.07230125,0.01173321,570.868652,0.2060749,right_shank,twist_x,0.006079686,NA,NA,NA,true,0.0008690028,0.8902666,-0.09591158,0.05255319,0.24952054,0.00338776712,-0.000112652779,0,-0.009770036,-0.154849112,0.135309041,-0.179377973,0.179152668,true,0.000407328422,0,-0.09518245
140,497,4.97,ASCENT,0.6879978,Ascent,false,true,0.0127283335,0.009177089,0.0127283335,99,404,418,false,false,NONE,0.00209919224,1.02851367,-0.102395892,0.9375513,0.347795129,-0.0002801454,-0.00599421561,0.06200325,0.276141,0.00408795942,-0.0482575223,-0.0294259563,-0.05674306,true,true,8,true,true,0.0163237322,0.00765959267,0.231173962,0.0589841977,0.180774853,0.177755788,0.8123941,right_forearm,true,0.003148417,0,0.215130791,0.5736218,false,false,bar_height|bar_linear_stillness|knee_extension|hip_extension|local_trunk_erectness,1.39497,0.283045858,0.08009026,1.741551,1.63952017,0.204215944,0.05,0.02,0.2,0.08726646,0.17453292,0.17453292,0.000247560441,0.00227115024,0.00227115024,false,0.00493760966,0.237996891,0.147361636,0.071882844,0.0116204945,563.731567,0.203498513,right_shank,twist_x,0.00606265245,NA,NA,NA,true,0.00139688526,0.8927396,-0.0958649144,0.0527669154,0.249041319,0.0034446225,-0.000112652779,0,-0.009770036,-0.154849112,0.135309041,-0.179377973,0.179152668,true,0.00102347345,0,-0.0954119042
140,498,4.98,ASCENT,0.6849978,Ascent,false,true,0.0150429606,0.0114851,0.0150429606,99,404,418,false,false,NONE,0.00272051059,1.03118944,-0.102346472,0.9376368,0.347559124,-0.000314528763,-0.006308756,0.0621955432,0.275186,0.0040062936,-0.05099981,-0.02872914,-0.05656167,true,true,8,true,true,0.0161185749,0.00761166029,0.231126562,0.05903159,0.181304783,0.177225858,0.8123997,right_forearm,true,0.003136861,0,0.214445621,0.570199132,false,false,bar_height|bar_linear_stillness|knee_extension|hip_extension|local_trunk_erectness,1.39497,0.2821554,0.0813975856,1.73485756,1.63426375,0.203662023,0.05,0.02,0.2,0.08726646,0.17453292,0.17453292,0.000293694437,0.002474699,0.002474699,false,0.00482350076,0.236801073,0.14671497,0.0714722052,0.0115349526,561.22876,0.20259504,right_shank,twist_x,0.006031616,NA,NA,NA,true,0.00192680885,0.895204663,-0.09581752,0.0529681,0.2482274,0.00353275239,-0.000112652779,0,-0.009770036,-0.154849112,0.135309041,-0.179377973,0.179152668,true,0.00160462689,0,-0.09541546
140,499,4.99,ASCENT,0.6819978,Ascent,false,true,0.01733321,0.0137712359,0.01733321,99,404,418,false,false,NONE,0.00334357726,1.03385139,-0.102297775,0.9377266,0.347310871,-0.000345948967,-0.0066212914,0.062369246,0.273762465,0.003944382,-0.05359683,-0.0280497037,-0.05638402,true,true,8,true,true,0.01595838,0.007582482,0.2310782,0.05907996,0.1818366,0.176694036,0.8124064,right_forearm,true,0.00312397885,0,0.213668913,0.566736162,false,false,bar_height|bar_linear_stillness|knee_extension|hip_extension|local_trunk_erectness,1.39497,0.280804843,0.08269561,1.72820377,1.62904823,0.203087792,0.05,0.02,0.2,0.08726646,0.17453292,0.17453292,0.000340357423,0.00267952541,0.00267952541,false,0.004702924,0.235644966,0.146109775,0.07104085,0.0114479223,558.787354,0.201713726,right_shank,twist_x,0.00599689269,NA,NA,NA,true,0.00245863223,0.897657037,-0.09576915,0.05315501,0.246949226,0.00363302324,-0.000112652779,0,-0.009770036,-0.154849112,0.135309041,-0.179377973,0.179152668,true,0.00220145332,0,-0.09547165
140,500,5,ASCENT,0.678997755,Ascent,false,true,0.0196009278,0.0160359144,0.0196009278,99,404,418,false,false,NONE,0.003968244,1.03649783,-0.10224998,0.9378203,0.34705168,-0.0003744774,-0.00693186931,0.06252765,0.272233367,0.00386406528,-0.0559162721,-0.0273862146,-0.0562105,true,true,8,true,true,0.0158169642,0.00760951126,0.231028959,0.0591291934,0.182370171,0.17616047,0.81241256,right_forearm,true,0.003115244,0,0.2131567,0.5635421,false,false,bar_height|bar_linear_stillness|knee_extension|hip_extension|local_trunk_erectness,1.39497,0.2793486,0.083882384,1.721499,1.62374747,0.20256497,0.05,0.02,0.2,0.08726646,0.17453292,0.17453292,0.000387750566,0.00289944583,0.00289944583,false,0.0045553213,0.234347254,0.1453487,0.0706605762,0.0113597652,550.7676,0.198818713,right_shank,twist_x,0.00598186,NA,NA,NA,true,0.0029921988,0.900095,-0.09571992,0.0533280857,0.245598182,0.00371542573,-0.000112652779,0,-0.009770036,-0.154849112,0.135309041,-0.179377973,0.179152668,true,0.00278533832,0,-0.0954884
140,501,5.01,ASCENT,0.675997734,Ascent,false,true,0.02187413,0.0183019638,0.02187413,99,404,418,false,false,NONE,0.00459434325,1.03912592,-0.102202713,0.9379177,0.346782058,-0.000400184479,-0.00724053429,0.06267116,0.2703541,0.00381610356,-0.0581023172,-0.02673919,-0.0560407341,true,true,8,true,true,0.0156083349,0.0075434735,0.230978787,0.0591793656,0.182905391,0.17562525,0.812418342,right_forearm,true,0.003105701,0,0.212606072,0.5603467,false,false,bar_height|bar_linear_stillness|knee_extension|hip_extension|local_trunk_erectness,1.39497,0.277549237,0.0850378,1.71490037,1.6185286,0.202017173,0.05,0.02,0.2,0.08726646,0.17453292,0.17453292,0.000436119735,0.00312793534,0.00312793534,false,0.00442003971,0.2329755,0.144524872,0.0702487156,0.0112618869,548.2504,0.197910056,right_shank,twist_x,0.005950955,NA,NA,NA,true,0.003527423,0.902516544,-0.09566975,0.0534886122,0.2439327,0.00382333272,-0.000112652779,0,-0.009770036,-0.154849112,0.135309041,-0.179377973,0.179152668,true,0.00337079866,0,-0.09546809
140,502,5.0200000000000005,ASCENT,0.6729977,Ascent,false,true,0.024112761,0.0205358267,0.024112761,99,404,418,false,false,NONE,0.005221718,1.041731,-0.102155812,0.9380185,0.3465028,-0.000423146354,-0.00754733663,0.062797375,0.268017352,0.00378999673,-0.0601404347,-0.0261091813,-0.0558746755,true,true,8,true,true,0.0154448422,0.007502427,0.2309275,0.0592306554,0.183442116,0.175088525,0.8124254,right_forearm,true,0.00309400773,0,0.211913377,0.5571192,false,false,bar_height|bar_linear_stillness|knee_extension|hip_extension|local_trunk_erectness,1.39497,0.275301963,0.08614256,1.70837021,1.61337626,0.201446548,0.05,0.02,0.2,0.08726646,0.17453292,0.17453292,0.000485353172,0.00335281529,0.00335281529,false,0.00427968567,0.23167181,0.143767342,0.06981335,0.0111645348,545.803833,0.197026879,right_shank,twist_x,0.005915486,NA,NA,NA,true,0.00406414457,0.9049168,-0.09561846,0.053634014,0.241792291,0.00393837737,-0.000112652779,0,-0.009770036,-0.154849112,0.135309041,-0.179377973,0.179152668,true,0.00398375,0,-0.09551655
140,503,5.03,ASCENT,0.6699977,Ascent,false,true,0.0263198018,0.0227397084,0.0263198018,99,404,418,false,false,NONE,0.00585022755,1.04431224,-0.102109529,0.9381221,0.346215278,-0.0004434345,-0.00785232149,0.0629098,0.26566416,0.0037385684,-0.0618860051,-0.0254945252,-0.05571282,true,true,8,true,true,0.0153106572,0.007539406,0.230875283,0.05928287,0.183980167,0.174550474,0.812431,right_forearm,true,0.00308718043,0,0.211534,0.5542313,false,false,bar_height|bar_linear_stillness|knee_extension|hip_extension|local_trunk_erectness,1.39497,0.273036748,0.08708482,1.70178831,1.60812986,0.200943261,0.05,0.02,0.2,0.08726646,0.17453292,0.17453292,0.0005355254,0.00359134772,0.00359134772,false,0.00412184373,0.2303164,0.142918125,0.06944789,0.0110726962,536.912231,0.193817139,right_shank,twist_x,0.00590510853,NA,NA,NA,true,0.004602191,0.907295,-0.09556624,0.05376532,0.239675492,0.004025369,-0.000112652779,0,-0.009770036,-0.154849112,0.135309041,-0.179377973,0.179152668,true,0.00457068253,0,-0.0955153
140,504,5.04,ASCENT,0.6669977,Ascent,false,true,0.028531909,0.024943769,0.028531909,99,404,418,false,false,NONE,0.00647971965,1.04686737,-0.10206341,0.9382284,0.345920026,-0.00046112,-0.008155533,0.06300844,0.262995929,0.0037250293,-0.06348671,-0.0248961989,-0.0555547252,true,true,8,true,true,0.0150906043,0.0074617276,0.230822086,0.0593360737,0.184519455,0.174011186,0.8124361,right_forearm,true,0.00307907932,0,0.211089447,0.5513552,false,false,bar_height|bar_linear_stillness|knee_extension|hip_extension|local_trunk_erectness,1.39497,0.270464033,0.0879585743,1.6953516,1.60299635,0.2004113,0.05,0.02,0.2,0.08726646,0.17453292,0.17453292,0.0005868152,0.00383704575,0.00383704575,false,0.00396861136,0.228785008,0.141922161,0.06904235,0.0109646851,534.378662,0.192902565,right_shank,twist_x,0.00587521074,NA,NA,NA,true,0.00514148362,0.9096495,-0.09551304,0.0538840778,0.237279475,0.004140428,-0.000112652779,0,-0.009770036,-0.154849112,0.135309041,-0.179377973,0.179152668,true,0.005162183,0,-0.09546955
140,505,5.05,ASCENT,0.66399765,Ascent,false,true,0.03069979,0.0271063447,0.03069979,99,404,418,false,false,NONE,0.007110031,1.04939163,-0.102017291,0.9383371,0.34561792,-0.000476281566,-0.008457022,0.0630893558,0.2598691,0.00373526639,-0.06493748,-0.0243148413,-0.055400338,true,true,8,true,true,0.0149316341,0.00741856731,0.2307677,0.059390448,0.185059831,0.17347081,0.8124424,right_forearm,true,0.00306822779,0,0.2104603,0.548447967,false,false,bar_height|bar_linear_stillness|knee_extension|hip_extension|local_trunk_erectness,1.39497,0.267443776,0.08875407,1.68900836,1.59795535,0.199855223,0.05,0.02,0.2,0.08726646,0.17453292,0.17453292,0.000639028847,0.00407538237,0.00407538237,false,0.003811294,0.22734715,0.141017124,0.06861013,0.0108589828,531.91394,0.192012832,right_shank,twist_x,0.005839858,NA,NA,NA,true,0.00568185467,0.9119752,-0.095458664,0.05398707,0.234400332,0.00426155841,-0.000112652779,0,-0.009770036,-0.154849112,0.135309041,-0.179377973,0.179152668,true,0.0057899477,0,-0.09551178
140,506,5.0600000000000005,ASCENT,0.6609976,Ascent,false,true,0.0328279734,0.02923119,0.0328279734,99,404,418,false,false,NONE,0.00774098,1.05188,-0.101971023,0.938447833,0.345309615,-0.0004889972,-0.008756834,0.06315188,0.256255448,0.00376046286,-0.06622622,-0.0237505119,-0.05524934,true,true,8,true,true,0.0147547582,0.007425315,0.230712146,0.0594460145,0.1856011,0.17292954,0.8124515,left_forearm,true,0.003055581,0,0.209709808,0.5455137,false,false,bar_height|bar_linear_stillness|knee_extension|hip_extension|local_trunk_erectness,1.39497,0.263949156,0.08945663,1.68274868,1.59299421,0.199278429,0.05,0.02,0.2,0.08726646,0.17453292,0.17453292,0.000692233443,0.004328578,0.004328578,false,0.003672343,0.2259926,0.140195519,0.0681607649,0.0107575627,529.588867,0.191173524,right_shank,twist_x,0.00580428028,NA,NA,NA,true,0.006223134,0.9142676,-0.0954031,0.05407579,0.231061876,0.004384954,-0.000112652779,0,-0.009770036,-0.154849112,0.135309041,-0.179377973,0.179152668,true,0.00639972044,0,-0.09555088
140,507,5.07,ASCENT,0.6579976,Ascent,false,true,0.03491956,0.0313204527,0.03491956,99,404,418,false,false,NONE,0.008372449,1.05433214,-0.101924911,0.938560069,0.344996661,-0.000499341637,-0.009055014,0.06320295,0.252664864,0.00375531684,-0.0671941,-0.0232013185,-0.05510233,true,true,8,true,true,0.0146112852,0.007526781,0.230655581,0.0595025644,0.186143145,0.1723875,0.812474847,left_forearm,true,0.00304875639,0,0.209336668,0.542974,false,false,bar_height|bar_linear_stillness|knee_extension|hip_extension|local_trunk_erectness,1.39497,0.260476977,0.0899422839,1.67646158,1.58795059,0.198782891,0.05,0.02,0.2,0.08726646,0.17453292,0.17453292,0.0007466078,0.004588726,0.004588726,false,0.00348229334,0.224363,0.139090553,0.06778233,0.0106501607,519.4092,0.187498808,right_shank,twist_x,0.00579634,NA,NA,NA,true,0.006765169,0.916526437,-0.09534655,0.0541530922,0.227807269,0.004478422,-0.000112652779,0,-0.009770036,-0.154849112,0.135309041,-0.179377973,0.179152668,true,0.00696457829,0,-0.0955220759
140,508,5.08,ASCENT,0.6549976,Ascent,false,true,0.0370103121,0.0334033966,0.0370103121,99,404,418,false,false,NONE,0.009004307,1.05674613,-0.101878509,0.9386736,0.344679743,-0.0005073882,-0.009351603,0.0632420555,0.248811,0.00378710567,-0.06799199,-0.022668153,-0.0549589,true,true,8,true,true,0.0143949408,0.007521703,0.230598,0.05956015,0.186685875,0.171844766,0.812497735,left_forearm,true,0.00304161338,0,0.2089611,0.540504456,false,false,bar_height|bar_linear_stillness|knee_extension|hip_extension|local_trunk_erectness,1.39497,0.2567505,0.09031742,1.67034912,1.58304143,0.198263213,0.05,0.02,0.2,0.08726646,0.17453292,0.17453292,0.0008021742,0.004854425,0.004854425,false,0.0033312235,0.222784132,0.138020664,0.06737801,0.01053893,517.0122,0.186633527,right_shank,twist_x,0.00576936454,NA,NA,NA,true,0.007307909,0.9187509,-0.09528896,0.0542201363,0.2243281,0.0045974683,-0.000112652779,0,-0.009770036,-0.154849112,0.135309041,-0.179377973,0.179152668,true,0.007542902,0,-0.0954482257
140,509,5.09,ASCENT,0.651997566,Ascent,false,true,0.03904915,0.03543651,0.03904915,99,404,418,false,false,NONE,0.009636392,1.05911815,-0.101831667,0.938788056,0.344359845,-0.0005132176,-0.009646649,0.0632636249,0.244572148,0.00384144438,-0.0686026439,-0.0221514665,-0.0548191369,true,true,8,true,true,0.0142465224,0.00754968,0.2305392,0.0596189424,0.187229156,0.171301484,0.812521338,left_forearm,true,0.00303208525,0,0.2084269,0.5380672,false,false,bar_height|bar_linear_stillness|knee_extension|hip_extension|local_trunk_erectness,1.39497,0.2526511,0.09056571,1.6643616,1.57824683,0.1977277,0.05,0.02,0.2,0.08726646,0.17453292,0.17453292,0.0008587241,0.005112262,0.005112262,false,0.00318172015,0.221330419,0.1370638,0.06695582,0.01043175,514.730652,0.185809925,right_shank,twist_x,0.005735137,NA,NA,NA,true,0.007851181,0.9209366,-0.09523017,0.05427194,0.22042504,0.00471803825,-0.000112652779,0,-0.009770036,-0.154849112,0.135309041,-0.179377973,0.179152668,true,0.0081744995,0,-0.09546457
140,510,5.1000000000000005,ASCENT,0.648997545,Ascent,false,true,0.04104042,0.0374227762,0.04104042,99,404,418,false,false,NONE,0.0102686,1.06144893,-0.101784766,0.9389028,0.3440385,-0.000516903063,-0.009940198,0.06327496,0.240498424,0.00385658117,-0.06889221,-0.0216493215,-0.0546838231,true,true,8,true,true,0.014129472,0.007685786,0.2304795,0.05967866,0.187772781,0.17075786,0.812541962,left_forearm,true,0.0030290815,0,0.208310515,0.5360698,false,false,bar_height|bar_linear_stillness|knee_extension|hip_extension|local_trunk_erectness,1.39497,0.248712853,0.09058228,1.65834689,1.57336318,0.197287574,0.05,0.02,0.2,0.08726646,0.17453292,0.17453292,0.000916309655,0.00538415927,0.00538415927,false,0.00299557368,0.219708428,0.135905817,0.06662531,0.0103268614,503.6986,0.18182753,right_shank,twist_x,0.00572952442,NA,NA,NA,true,0.008394808,0.9230842,-0.09517045,0.0543109737,0.2167154,0.00479847146,-0.000112652779,0,-0.009770036,-0.154849112,0.135309041,-0.179377973,0.179152668,true,0.008738563,0,-0.0954189
140,511,5.11,ASCENT,0.6459975,Ascent,false,true,0.04303032,0.039400816,0.04303032,99,404,418,false,false,NONE,0.0109008029,1.06373727,-0.101737328,0.939017653,0.3437162,-0.00051851687,-0.0102322921,0.06327507,0.236209735,0.003912169,-0.0690336749,-0.0211629942,-0.0545523874,true,true,8,true,true,0.0138918217,0.00769373076,0.230418831,0.059739314,0.1883167,0.170213938,0.812562,left_forearm,true,0.00302457274,0,0.208114654,0.534101546,false,false,bar_height|bar_linear_stillness|knee_extension|hip_extension|local_trunk_erectness,1.39497,0.244569167,0.0904957652,1.652542,1.56864643,0.1968198,0.05,0.02,0.2,0.08726646,0.17453292,0.17453292,0.0009751022,0.005661376,0.005661376,false,0.00283340784,0.218015835,0.134686261,0.06625644,0.010210678,501.2384,0.180939436,right_shank,twist_x,0.00569539936,NA,NA,NA,true,0.008938735,0.9251934,-0.0951098,0.0543387868,0.2128175,0.00490764761,-0.000112652779,0,-0.009770036,-0.154849112,0.135309041,-0.179377973,0.179152668,true,0.009317765,0,-0.09531795
140,512,5.12,ASCENT,0.6429975,Ascent,false,true,0.0449599028,0.0413213968,0.0449599028,99,404,418,false,false,NONE,0.0115328524,1.06597912,-0.1016892,0.9391324,0.343393952,-0.0005181398,-0.0105229821,0.0632591248,0.231531441,0.00399029953,-0.06901789,-0.0206931531,-0.05442478,true,true,8,true,true,0.0136933075,0.007746612,0.230357081,0.05980108,0.188860774,0.169669867,0.81258297,left_forearm,true,0.00301684137,0,0.2077021,0.5321044,false,false,bar_height|bar_linear_stillness|knee_extension|hip_extension|local_trunk_erectness,1.39497,0.240050927,0.09029802,1.64687824,1.5640676,0.196327791,0.05,0.02,0.2,0.08726646,0.17453292,0.17453292,0.00103481859,0.0059265024,0.0059265024,false,0.00266806874,0.216464028,0.1336028,0.06586143,0.0100999828,498.862183,0.180081651,right_shank,twist_x,0.005653209,NA,NA,NA,true,0.009482804,0.9272593,-0.09504803,0.0543511473,0.2084835,0.005017866,-0.000112652779,0,-0.009770036,-0.154849112,0.135309041,-0.179377973,0.179152668,true,0.009945362,0,-0.0953257754
140,513,5.13,ASCENT,0.6399975,Ascent,false,true,0.04683554,0.04319036,0.04683554,99,404,418,false,false,NONE,0.0121648,1.06818175,-0.101641655,0.9392464,0.343072832,-0.0005158291,-0.0108123142,0.06324901,0.2277558,0.00393831264,-0.06876271,-0.0202355944,-0.05430313,true,true,8,true,true,0.0135679422,0.008071909,0.230294779,0.0598633736,0.18940483,0.16912581,0.812596858,left_forearm,true,0.00302463328,0,0.208278432,0.5307781,false,false,bar_height|bar_linear_stillness|knee_extension|hip_extension|local_trunk_erectness,1.39497,0.2364078,0.08992563,1.64101446,1.55917144,0.1960649,0.05,0.02,0.2,0.08726646,0.17453292,0.17453292,0.00109547377,0.00620654831,0.00620654831,false,0.00244536554,0.214711443,0.13220422,0.0656968057,0.0099953,477.919952,0.17252183,right_shank,twist_x,0.005671694,NA,NA,NA,true,0.0100268554,0.929289,-0.09498574,0.0543574467,0.205096558,0.00504560675,-0.000112652779,0,-0.009770036,-0.154849112,0.135309041,-0.179377973,0.179152668,true,0.0103934724,0,-0.0951896
140,514,5.14,ASCENT,0.636997461,Ascent,false,true,0.04876107,0.04509425,0.04876107,99,404,418,false,false,NONE,0.012796605,1.07034731,-0.101593629,0.9393598,0.3427531,-0.000511649065,-0.01110033,0.06323731,0.223972738,0.003977227,-0.06838845,-0.0197933,-0.05418653,true,true,8,true,true,0.0132041881,0.008072266,0.230231851,0.0599263,0.189948946,0.1685817,0.8126091,left_forearm,true,0.00302934437,0,0.2087129,0.52948,false,false,bar_height|bar_linear_stillness|knee_extension|hip_extension|local_trunk_erectness,1.39497,0.232762888,0.0894703,1.6354965,1.55454612,0.195735767,0.05,0.02,0.2,0.08726646,0.17453292,0.17453292,0.00115723908,0.006491346,0.006491346,false,0.0025257424,0.212401986,0.130320415,0.06542206,0.009829926,474.612732,0.171327963,right_shank,twist_x,0.0055610626,NA,NA,NA,true,0.0105709676,0.931285858,-0.09492281,0.05436,0.201702625,0.00514044939,-0.000112652779,0,-0.009770036,-0.154849112,0.135309041,-0.179377973,0.179152668,true,0.0109156305,0,-0.09496142
140,515,5.15,ASCENT,0.63399744,Ascent,false,true,0.0505980849,0.04691893,0.0505980849,99,404,418,false,false,NONE,0.0134281144,1.07247031,-0.101544872,0.9394722,0.342435569,-0.000505676959,-0.01138709,0.06320793,0.219661668,0.004059649,-0.06795749,-0.0193663668,-0.0540744029,true,true,8,true,true,0.01290071,0.008201314,0.230167836,0.0599903241,0.190493062,0.168037578,0.8126241,left_forearm,true,0.00302486029,0,0.208527133,0.52797,false,false,bar_height|bar_linear_stillness|knee_extension|hip_extension|local_trunk_erectness,1.39497,0.228610963,0.08897931,1.63016629,1.550138,0.195330292,0.05,0.02,0.2,0.08726646,0.17453292,0.17453292,0.00121953338,0.006745942,0.006745942,false,0.00263445335,0.210280478,0.128648162,0.06506888,0.009675532,471.114929,0.170065314,right_shank,twist_x,0.00550932949,NA,NA,NA,true,0.0111150937,0.93324244,-0.09485879,0.0543515049,0.197614014,0.00524607068,-0.000112652779,0,-0.009770036,-0.154849112,0.135309041,-0.179377973,0.179152668,true,0.01157266,0,-0.09502377
140,516,5.16,ASCENT,0.6309974,Ascent,false,true,0.05236864,0.0486772656,0.05236864,99,404,418,false,false,NONE,0.0140591431,1.0745436,-0.101495229,0.9395836,0.342120081,-0.0004979921,-0.0116726458,0.06315802,0.2146385,0.004159525,-0.0674988851,-0.018957926,-0.0539663024,true,true,8,true,true,0.0130910054,0.008360609,0.230102748,0.0601994023,0.190863654,0.167493775,0.812642336,left_forearm,true,0.00301259314,0,0.207806,0.5260816,false,false,bar_height|bar_linear_stillness|knee_extension|hip_extension|local_trunk_erectness,1.39497,0.2237765,0.08847522,1.62498426,1.54589856,0.194872543,0.05,0.02,0.2,0.08726646,0.17453292,0.17453292,0.001282461,0.007029271,0.007029271,false,0.002695557,0.208306953,0.127150372,0.06466245,0.0095355995,467.8791,0.168897226,right_shank,twist_x,0.005472142,NA,NA,NA,true,0.011658893,0.9351518,-0.0947937,0.0543215051,0.192802116,0.005352847,-2.604723E-05,0,-0.009842031,-0.1549931,0.135309041,-0.179204762,0.179152668,true,0.0123208789,0,-0.0950859338
140,517,5.17,ASCENT,0.6279974,Ascent,false,true,0.05407548,0.05038041,0.05407548,99,404,418,false,false,NONE,0.01468969,1.07657218,-0.101446293,0.9396939,0.341807127,-0.0004886502,-0.0119570475,0.06310926,0.210326523,0.004094243,-0.06696135,-0.0185630545,-0.0538644828,true,true,8,true,true,0.0131727345,0.008656982,0.230037168,0.0602649748,0.191406965,0.166950464,0.8126545,left_forearm,true,0.00301544461,0,0.208026916,0.5246075,false,false,bar_height|bar_linear_stillness|knee_extension|hip_extension|local_trunk_erectness,1.39497,0.219628751,0.0879192352,1.61960042,1.541339,0.194639578,0.05,0.02,0.2,0.08726646,0.17453292,0.17453292,0.00141847879,0.00760280155,0.00760280155,false,0.00267753587,0.205399975,0.1247759,0.06446642,0.009366389,441.180359,0.1592594,right_shank,twist_x,0.00551325362,NA,NA,NA,true,0.0122022042,0.9370199,-0.09472813,0.0542808734,0.188871711,0.00538118044,-2.604723E-05,0,-0.009842031,-0.1549931,0.135309041,-0.179204762,0.179152668,true,0.0127695911,0,-0.09484426
140,518,5.18,ASCENT,0.6249974,Ascent,false,true,0.05583191,0.0521175861,0.05583191,99,404,418,false,false,NONE,0.0153195895,1.07855618,-0.101396918,0.9398031,0.341496676,-0.000477725145,-0.0122403381,0.06304568,0.205765367,0.004128722,-0.066342704,-0.0181859881,-0.05376796,true,true,8,true,true,0.0130549064,0.008586958,0.2299709,0.0603312477,0.191949755,0.166407675,0.812666357,left_forearm,true,0.003013932,0,0.208031312,0.523018062,false,false,bar_height|bar_linear_stillness|knee_extension|hip_extension|local_trunk_erectness,1.39497,0.215246812,0.08731024,1.61461079,1.537106,0.194311723,0.05,0.02,0.2,0.08726646,0.17453292,0.17453292,0.00148356706,0.007899254,0.007899254,false,0.00283737946,0.202523127,0.122366764,0.06413281,0.009157919,437.0973,0.15778546,right_shank,twist_x,0.005488069,NA,NA,NA,true,0.0127449892,0.9388484,-0.0946618542,0.05422241,0.184758753,0.00548523059,-2.604723E-05,0,-0.009842031,-0.1549931,0.135309041,-0.179204762,0.179152668,true,0.01343881,0,-0.094600074
140,519,5.19,ASCENT,0.621997356,Ascent,false,true,0.05748892,0.05376458,0.05748892,99,404,418,false,false,NONE,0.0159484688,1.08048773,-0.101346776,0.939910948,0.341189653,-0.0004653211,-0.0125225959,0.06294005,0.2004417,0.00421826635,-0.06563874,-0.0178293064,-0.05367642,true,true,8,true,true,0.013087132,0.008577272,0.229903474,0.0603986681,0.19249168,0.165865749,0.8126828,left_forearm,true,0.00300276047,0,0.2073877,0.5210941,false,false,bar_height|bar_linear_stillness|knee_extension|hip_extension|local_trunk_erectness,1.39497,0.210133582,0.08664575,1.60983956,1.5331316,0.193888515,0.05,0.02,0.2,0.08726646,0.17453292,0.17453292,0.00154913962,0.008166909,0.008166909,false,0.00298980228,0.199864864,0.12021035,0.0637021139,0.008964823,432.915039,0.156275734,right_shank,twist_x,0.005440414,NA,NA,NA,true,0.0132869128,0.9406274,-0.0945944339,0.0541331321,0.179732487,0.005593576,-2.604723E-05,0,-0.009842031,-0.1549931,0.135309041,-0.179204762,0.179152668,true,0.014294141,0,-0.09465544
140,520,5.2,ASCENT,0.618997335,Ascent,false,true,0.05906397,0.05533564,0.05906397,99,404,418,false,false,NONE,0.016576007,1.08236563,-0.101296611,0.9400172,0.340886235,-0.000451514759,-0.012803874,0.06280325,0.195145875,0.004233141,-0.06486798,-0.0174900629,-0.0535904281,true,true,8,true,true,0.0131168105,0.008705679,0.229835361,0.06046678,0.193032369,0.16532506,0.812697947,left_forearm,true,0.00299674924,0,0.207047418,0.5192407,false,false,bar_height|bar_linear_stillness|knee_extension|hip_extension|local_trunk_erectness,1.39497,0.205046535,0.08594004,1.60500121,1.52905059,0.193561882,0.05,0.02,0.2,0.08726646,0.17453292,0.17453292,0.00161541253,0.00846693,0.00846693,false,0.00320339412,0.196901038,0.117757574,0.0633578449,0.008769622,413.8576,0.1493963,right_shank,twist_x,0.005443231,NA,NA,NA,true,0.0138276117,0.9423559,-0.09452632,0.0540157966,0.174805686,0.00564397359,-2.604723E-05,0,-0.009842031,-0.1549931,0.135309041,-0.179204762,0.179152668,true,0.0150205055,0,-0.0946495
140,521,5.21,ASCENT,0.6159973,Ascent,false,true,0.0606433153,0.056902647,0.0606433153,99,404,418,false,false,NONE,0.0172017869,1.08418512,-0.101245493,0.940121949,0.340586722,-0.000436399831,-0.01308422,0.06262521,0.1892001,0.004328364,-0.0639562458,-0.01717119,-0.053508468,true,true,8,true,true,0.0129769044,0.008619328,0.229766473,0.06053567,0.1935716,0.164785832,0.812715232,left_forearm,true,0.00298463018,0,0.20633778,0.5171909,false,false,bar_height|bar_linear_stillness|knee_extension|hip_extension|local_trunk_erectness,1.39497,0.199342251,0.0851375759,1.60050893,1.52528727,0.19313702,0.05,0.02,0.2,0.08726646,0.17453292,0.17453292,0.00168283284,0.008773122,0.008773122,false,0.003354416,0.193809956,0.115232676,0.06288992,0.008552242,409.421631,0.147794977,right_shank,twist_x,0.00540085975,NA,NA,NA,true,0.0143668335,0.94403106,-0.09445743,0.0538627133,0.169346839,0.005747909,-2.604723E-05,0,-0.009842031,-0.1549931,0.135309041,-0.179204762,0.179152668,true,0.0158652663,0,-0.09448555
140,522,5.22,ASCENT,0.6129973,Ascent,false,true,0.062128365,0.0583812,0.062128365,99,404,418,false,false,NONE,0.017825298,1.08593643,-0.101193175,0.9402246,0.340292454,-0.0004200939,-0.0133636938,0.0623935349,0.182295382,0.00446381234,-0.06284826,-0.0168739967,-0.0534294359,true,true,8,true,true,0.01294882,0.008598842,0.229696542,0.0606056,0.194108889,0.164248541,0.812737644,left_forearm,true,0.00296473852,0,0.205094516,0.514906943,false,false,bar_height|bar_linear_stillness|knee_extension|hip_extension|local_trunk_erectness,1.39497,0.192729041,0.08419822,1.5962404,1.52178335,0.192626968,0.05,0.02,0.2,0.08726646,0.17453292,0.17453292,0.001750946,0.009059351,0.009059351,false,0.003488335,0.190942422,0.112963662,0.0623352863,0.008350955,405.120728,0.14624241,right_shank,twist_x,0.00534554757,NA,NA,NA,true,0.0149041256,0.945642352,-0.0943875,0.0536688231,0.1628987,0.005852716,-2.604723E-05,0,-0.009842031,-0.1549931,0.135309041,-0.179204762,0.179152668,true,0.0168080628,0,-0.09451069
140,523,5.23,ASCENT,0.6099973,Ascent,false,true,0.06353128,0.0597823858,0.06353128,99,404,418,false,false,NONE,0.0184461,1.08761311,-0.101139836,0.940324843,0.340004325,-0.0004027018,-0.013642339,0.0621188357,0.174828678,0.004581986,-0.0615123957,-0.0165966041,-0.0533527024,true,true,8,true,true,0.0129198944,0.00865816,0.229625851,0.0606762841,0.194643825,0.1637136,0.8127617,left_forearm,true,0.00294576026,0,0.203890339,0.512671769,false,false,bar_height|bar_linear_stillness|knee_extension|hip_extension|local_trunk_erectness,1.39497,0.185593128,0.0831007361,1.59204948,1.51835394,0.19213298,0.05,0.02,0.2,0.08726646,0.17453292,0.17453292,0.00181983411,0.00936956,0.00936956,false,0.00361115346,0.18815203,0.110773258,0.0617977045,0.00816575252,394.440369,0.142386973,right_shank,twist_x,0.00531724747,NA,NA,NA,true,0.015439067,0.947183967,-0.09431682,0.0534383766,0.156002551,0.00592256663,-2.604723E-05,0,-0.009842031,-0.1549931,0.135309041,-0.179204762,0.179152668,true,0.01764941,0,-0.09454958
140,524,5.24,ASCENT,0.606997252,Ascent,false,true,0.06489599,0.06114304,0.06489599,99,404,418,false,false,NONE,0.0190637466,1.08920813,-0.10108497,0.9404222,0.339723766,-0.000384342682,-0.0139201945,0.061799,0.1665878,0.004742787,-0.05982427,-0.0163402352,-0.0532771759,true,true,8,true,true,0.0127860662,0.008617186,0.229554445,0.0607476979,0.195176065,0.163181365,0.8127884,left_forearm,true,0.00292454474,0,0.2025445,0.5105075,false,false,bar_height|bar_linear_stillness|knee_extension|hip_extension|local_trunk_erectness,1.39497,0.1777445,0.0817582,1.58814871,1.51518857,0.1915866,0.05,0.02,0.2,0.08726646,0.17453292,0.17453292,0.00188976526,0.00968419,0.00968419,false,0.00367186638,0.185323849,0.108594447,0.0611943044,0.007972395,390.763916,0.141059831,right_shank,twist_x,0.005270333,NA,NA,NA,true,0.0159713086,0.9486509,-0.094245404,0.0531671233,0.148473427,0.00601261668,-2.604723E-05,0,-0.009842031,-0.1549931,0.135309041,-0.179204762,0.179152668,true,0.0185622778,0,-0.09441006
140,525,5.25,ASCENT,0.603997231,Ascent,false,true,0.06617439,0.0624209642,0.06617439,99,404,418,false,false,NONE,0.019677747,1.09071326,-0.101028457,0.9405158,0.339452982,-0.000365150743,-0.0141973011,0.0614293776,0.157537848,0.004921538,-0.05771861,-0.01610516,-0.0532020479,true,true,8,true,true,0.0127194338,0.008618226,0.229482263,0.06081988,0.19570516,0.162652269,0.8128185,left_forearm,true,0.00290152361,0,0.2010649,0.508483052,false,false,bar_height|bar_linear_stillness|knee_extension|hip_extension|local_trunk_erectness,1.39497,0.169162542,0.08013284,1.58448374,1.51225555,0.191011161,0.05,0.02,0.2,0.08726646,0.17453292,0.17453292,0.001960449,0.009988088,0.009988088,false,0.003703333,0.182731554,0.106645957,0.0605600476,0.007793874,387.5331,0.139893547,right_shank,twist_x,0.0052212365,NA,NA,NA,true,0.0165004022,0.9500351,-0.09417322,0.0528528728,0.140172422,0.00609206641,-2.604723E-05,0,-0.009842031,-0.1549931,0.135309041,-0.179204762,0.179152668,true,0.0195200816,0,-0.09434542
140,526,5.26,ASCENT,0.6009972,Ascent,false,true,0.06737214,0.063619554,0.06737214,99,404,418,false,false,NONE,0.0202876274,1.09212112,-0.100970224,0.940605044,0.3391939,-0.000345257722,-0.0144736907,0.06101237,0.14775905,0.005106603,-0.0551722646,-0.0158908926,-0.0531264842,true,true,8,true,true,0.0126455631,0.008629656,0.229409516,0.0608926266,0.196230665,0.162126765,0.812851131,left_forearm,true,0.00287836348,0,0.19956167,0.506662965,false,false,bar_height|bar_linear_stillness|knee_extension|hip_extension|local_trunk_erectness,1.39497,0.159941629,0.07822354,1.58104873,1.50953376,0.190426469,0.05,0.02,0.2,0.08726646,0.17453292,0.17453292,0.00203186274,0.0103027467,0.0103027467,false,0.003685678,0.180369049,0.10491091,0.0599194951,0.007631501,384.930664,0.1389541,right_shank,twist_x,0.00517683243,NA,NA,NA,true,0.0170259085,0.951329648,-0.0941004753,0.05249616,0.13122192,0.00615373161,-2.604723E-05,0,-0.009842031,-0.1549931,0.135309041,-0.179204762,0.179152668,true,0.0204588827,0,-0.09425008
140,527,5.2700000000000005,ASCENT,0.5979972,Ascent,false,true,0.06849277,0.06474072,0.06849277,99,404,418,false,false,NONE,0.0208929256,1.0934248,-0.100909963,0.940689,0.3389491,-0.000324804219,-0.0147493929,0.0605492257,0.137299,0.005324662,-0.05208443,-0.0156972222,-0.05304978,true,true,8,true,true,0.0125740049,0.0086388085,0.229336411,0.06096574,0.196752161,0.161605269,0.8128855,left_forearm,true,0.00285595213,0,0.198117092,0.505203545,false,false,bar_height|bar_linear_stillness|knee_extension|hip_extension|local_trunk_erectness,1.39497,0.150151849,0.07598335,1.57786453,1.5070498,0.189832449,0.05,0.02,0.2,0.08726646,0.17453292,0.17453292,0.002104044,0.0106162606,0.0106162606,false,0.00359315518,0.17829445,0.103466541,0.05927292,0.00749103539,384.174927,0.138681293,right_shank,twist_x,0.005136093,NA,NA,NA,true,0.0175474025,0.952528834,-0.09402736,0.0520970263,0.1216691,0.006194547,-2.604723E-05,0,-0.009842031,-0.1549931,0.135309041,-0.179204762,0.179152668,true,0.0213968959,0,-0.09422546
140,528,5.28,ASCENT,0.594997168,Ascent,false,true,0.0695306659,0.06577939,0.0695306659,99,404,418,false,false,NONE,0.0214932412,1.09462,-0.100847706,0.9407667,0.338721335,-0.0003039314,-0.015024432,0.0600469075,0.126421288,0.00553583,-0.0484063439,-0.015523145,-0.0529718176,true,true,8,true,true,0.012512573,0.008680579,0.229263216,0.0610389337,0.197269246,0.161088184,0.812920451,left_forearm,true,0.00283733872,0,0.196913451,0.504254937,false,false,bar_height|bar_linear_stillness|knee_extension|hip_extension|local_trunk_erectness,1.39497,0.140066475,0.07341768,1.57491219,1.504746,0.189287022,0.05,0.02,0.2,0.08726646,0.17453292,0.17453292,0.00217679143,0.01092503,0.01092503,false,0.003454285,0.176470608,0.102227852,0.058675345,0.00736780558,383.0018,0.138257816,right_shank,twist_x,0.00510663353,NA,NA,NA,true,0.0180644877,0.9536286,-0.09395417,0.05165907,0.1117681,0.00620766962,-2.604723E-05,0,-0.009842031,-0.1549931,0.135309041,-0.179204762,0.179152668,true,0.0222732555,0,-0.0940521359
140,529,5.29,ASCENT,0.591997147,Ascent,false,true,0.0704937,0.066740334,0.0704937,99,404,418,false,false,NONE,0.0220882427,1.09570444,-0.100783549,0.940837145,0.338513374,-0.000282778026,-0.0152988341,0.0595117435,0.115346029,0.00573459733,-0.04413536,-0.0153679326,-0.05289278,true,true,8,true,true,0.0124671906,0.008737904,0.229190215,0.061111927,0.197781563,0.160575867,0.8129544,left_forearm,true,0.00282408088,0,0.196058676,0.5038883,false,false,bar_height|bar_linear_stillness|knee_extension|hip_extension|local_trunk_erectness,1.39497,0.129920125,0.07058151,1.57220542,1.50261867,0.18880327,0.05,0.02,0.2,0.08726646,0.17453292,0.17453292,0.002249904,0.0112270713,0.0112270713,false,0.00328130019,0.1748923,0.101164453,0.0581418723,0.007258431,382.493347,0.138074279,right_shank,twist_x,0.005086985,NA,NA,NA,true,0.0185768045,0.954627633,-0.0938811749,0.0511855446,0.101707615,0.00619081547,-2.604723E-05,0,-0.009842031,-0.1549931,0.135309041,-0.179204762,0.179152668,true,0.02309131,0,-0.09383628
140,530,5.3,ASCENT,0.5889971,Ascent,false,true,0.07138091,0.06762165,0.07138091,99,404,418,false,false,NONE,0.0226774774,1.09667242,-0.10071665,0.9408992,0.338328362,-0.000261500623,-0.0155726243,0.0589305572,0.103612676,0.006020324,-0.039195627,-0.01523318,-0.0528119057,true,true,8,true,true,0.0124020213,0.008702734,0.229117543,0.0611846,0.198288739,0.160068691,0.812990367,left_forearm,true,0.00280758156,0,0.195020124,0.5039499,false,false,bar_height|bar_linear_stillness|knee_extension|hip_extension|local_trunk_erectness,1.39497,0.119350918,0.06750885,1.569897,1.50088549,0.18826884,0.05,0.02,0.2,0.08726646,0.17453292,0.17453292,0.00232309848,0.0115185976,0.0115185976,false,0.002986775,0.173859224,0.100631192,0.05756536,0.007180392,391.968567,0.141494691,right_shank,twist_x,0.0050433157,NA,NA,NA,true,0.01908398,0.95552,-0.0938085,0.0506698452,0.09097554,0.00616958,-2.604723E-05,0,-0.009842031,-0.1549931,0.135309041,-0.179204762,0.179152668,true,0.024063915,0,-0.0937890559
140,531,5.3100000000000005,ASCENT,0.5859971,Ascent,false,true,0.07214576,0.06838435,0.07214576,99,404,418,false,false,NONE,0.0232606232,1.0975225,-0.1006476,0.9409518,0.338169217,-0.000240239533,-0.0158458315,0.05831815,0.09185908,0.006248611,-0.03366647,-0.0151161756,-0.05273,true,true,8,true,true,0.0124293473,0.008827198,0.22904563,0.06125652,0.198790371,0.159567058,0.8130245,left_forearm,true,0.00279778871,0,0.194385678,0.504606366,false,false,bar_height|bar_linear_stillness|knee_extension|hip_extension|local_trunk_erectness,1.39497,0.108986892,0.06436135,1.56773293,1.4992379,0.187857479,0.05,0.02,0.2,0.08726646,0.17453292,0.17453292,0.00239609182,0.0117976079,0.0117976079,false,0.002642811,0.173262656,0.1004565,0.05713163,0.00714516267,393.335144,0.141988,right_shank,twist_x,0.0050363685,NA,NA,NA,true,0.01958561,0.9563039,-0.09373658,0.050121624,0.08023071,0.00608215947,-2.604723E-05,0,-0.009842031,-0.1549931,0.135309041,-0.179204762,0.179152668,true,0.0248334352,0,-0.0936147
140,532,5.32,ASCENT,0.5829971,Ascent,false,true,0.07285315,0.06908268,0.07285315,99,404,418,false,false,NONE,0.0238375235,1.09825861,-0.100576721,0.940994263,0.338038325,-0.000219115158,-0.0161184743,0.0576918572,0.08051545,0.006431276,-0.027597202,-0.0150154391,-0.05264832,true,true,8,true,true,0.0124076363,0.00893744,0.228975028,0.0613271222,0.199286222,0.1590712,0.8130543,left_forearm,true,0.00279765087,0,0.194392338,0.5059548,false,false,bar_height|bar_linear_stillness|knee_extension|hip_extension|local_trunk_erectness,1.39497,0.0992595,0.06130999,1.56578875,1.49769783,0.187584013,0.05,0.02,0.2,0.08726646,0.17453292,0.17453292,0.00246876478,0.0120736491,0.0120736491,false,0.002268119,0.172885925,0.100388296,0.05683433,0.00712236948,395.47052,0.142758831,right_shank,twist_x,0.005048525,NA,NA,NA,true,0.0200814568,0.956984341,-0.09366598,0.04954874,0.06995531,0.005956302,-2.604723E-05,0,-0.009842031,-0.1549931,0.135309041,-0.179204762,0.179152668,true,0.0254368838,0,-0.09328958
140,533,5.33,ASCENT,0.579997063,Ascent,false,true,0.07349807,0.06971073,0.07349807,99,404,418,false,false,NONE,0.0244077537,1.09887648,-0.100502647,0.9410253,0.3379388,-0.000198285474,-0.0163905863,0.0570205748,0.0685727,0.00675682444,-0.0208671279,-0.0149345975,-0.0525658242,true,true,8,true,true,0.0123376837,0.008849356,0.228905618,0.0613965169,0.199776009,0.158581421,0.8130858,left_forearm,true,0.00278969249,0,0.193935141,0.5076224,false,false,bar_height|bar_linear_stillness|knee_extension|hip_extension|local_trunk_erectness,1.39497,0.0894383341,0.05849483,1.56437719,1.4967016,0.187203035,0.05,0.02,0.2,0.08726646,0.17453292,0.17453292,0.00254068524,0.01232085,0.01232085,false,0.00177856535,0.17304261,0.100859411,0.0564292,0.00711723138,415.250183,0.149898991,right_shank,twist_x,0.005005896,NA,NA,NA,true,0.020571243,0.9575568,-0.0935965851,0.0489364862,0.0590056181,0.005854581,-2.604723E-05,0,-0.009842031,-0.1549931,0.135309041,-0.179204762,0.179152668,true,0.0264060013,0,-0.0932222
140,534,5.34,ASCENT,0.576997042,Ascent,false,true,0.0739858747,0.07019025,0.0739858747,99,404,418,false,false,NONE,0.0249711,1.09937847,-0.1004266,0.9410442,0.337872922,-0.000177870548,-0.0166622046,0.05632969,0.05709496,0.00696675433,-0.0137226554,-0.0148691591,-0.0524845161,true,true,8,true,true,0.0124669792,0.00907139853,0.228838,0.0614641458,0.200259343,0.158098087,0.8131135,left_forearm,true,0.0027911074,0,0.19402869,0.5097693,false,false,bar_height|bar_linear_stillness|knee_extension|hip_extension|local_trunk_erectness,1.39497,0.08050717,0.05624969,1.56298125,1.4956665,0.187024385,0.05,0.02,0.2,0.08726646,0.17453292,0.17453292,0.002611287,0.0125478525,0.0125478525,false,0.00129168807,0.174037248,0.102033749,0.0562742464,0.0072009624,419.5502,0.15145123,right_shank,twist_x,0.0050274767,NA,NA,NA,true,0.0210545771,0.958021939,-0.0935289562,0.0483017452,0.0484658666,0.00565194245,-2.604723E-05,0,-0.009842031,-0.1549931,0.135309041,-0.179204762,0.179152668,true,0.02699958,0,-0.093075484
140,535,5.3500000000000005,ASCENT,0.573997,Ascent,false,true,0.0744441748,0.07062858,0.0744441748,99,404,418,false,false,NONE,0.0255276226,1.09977567,-0.100349165,0.9410505,0.337841839,-0.000157950926,-0.0169333536,0.05564843,0.0467223339,0.007095344,-0.00626871875,-0.0148169482,-0.0524065644,true,true,8,true,true,0.0124799078,0.009246695,0.228772819,0.061529316,0.200736165,0.157621264,0.8131325,left_forearm,true,0.00280683115,0,0.195078388,0.5125273,false,false,bar_height|bar_linear_stillness|knee_extension|hip_extension|local_trunk_erectness,1.39497,0.0730073154,0.0548204966,1.561744,1.49464166,0.187047362,0.05,0.02,0.2,0.08726646,0.17453292,0.17453292,0.00268068165,0.0127795748,0.0127795748,false,0.00184309483,0.175190434,0.10321936,0.05632402,0.00729374867,424.645966,0.153290734,right_shank,twist_x,0.005077238,NA,NA,NA,true,0.0215313956,0.95839256,-0.0934637859,0.0476574339,0.0391228572,0.005409329,-2.604723E-05,0,-0.009842031,-0.1549931,0.135309041,-0.179204762,0.179152668,true,0.0273096021,0,-0.09266414
140,536,5.36,ASCENT,0.570997,Ascent,false,true,0.0748633146,0.07101655,0.0748633146,99,404,418,false,false,NONE,0.0260774922,1.1000824,-0.100270867,0.941043854,0.337846845,-0.00013860497,-0.0172040854,0.0549853332,0.0377906635,0.00716949,0.00141821662,-0.01477726,-0.0523349419,true,true,8,true,true,0.0125760669,0.009441456,0.228710428,0.0615917146,0.201206446,0.157150984,0.813142,left_forearm,true,0.00283558317,0,0.197010323,0.51589185,false,false,bar_height|bar_linear_stillness|knee_extension|hip_extension|local_trunk_erectness,1.39497,0.06710382,0.0543996766,1.56068754,1.49365425,0.1872668,0.05,0.02,0.2,0.08726646,0.17453292,0.17453292,0.00274831057,0.0129649024,0.0129649024,false,0.0023907877,0.176524341,0.104433306,0.0565638579,0.00739335967,430.017822,0.155229881,right_shank,twist_x,0.00513883168,NA,NA,NA,true,0.0220016912,0.9586821,-0.09340139,0.0470113233,0.0310997255,0.00513072638,-2.604723E-05,0,-0.009842031,-0.1549931,0.135309041,-0.179204762,0.179152668,true,0.0275565479,0,-0.09226605
140,537,5.37,ASCENT,0.567997,Ascent,false,true,0.0752357841,0.07134879,0.0752357841,99,404,418,false,false,NONE,0.02662044,1.10030019,-0.100190043,0.9410238,0.337888777,-0.000119938079,-0.0174744558,0.0542901941,0.0287988633,0.007417029,0.009306855,-0.0147553869,-0.0522688739,true,true,8,true,true,0.012596189,0.009361807,0.22865051,0.0616516322,0.201670155,0.156687275,0.813152254,left_forearm,true,0.00285143917,0,0.198156476,0.5190543,false,false,bar_height|bar_linear_stillness|knee_extension|hip_extension|local_trunk_erectness,1.39497,0.0619016327,0.0551033057,1.56018114,1.49326122,0.187342,0.05,0.02,0.2,0.08726646,0.17453292,0.17453292,0.00281348079,0.0131249689,0.0131249689,false,0.00321422145,0.179214239,0.106958337,0.0567108244,0.007579131,461.996948,0.166773871,right_shank,twist_x,0.0051248474,NA,NA,NA,true,0.0224653948,0.958890736,-0.09334147,0.0463412665,0.0227867123,0.004894587,-2.604723E-05,0,-0.009842031,-0.1549931,0.135309041,-0.179204762,0.179152668,true,0.0283339825,0,-0.09218947
140,538,5.38,ASCENT,0.564996958,Ascent,false,true,0.07544625,0.071531415,0.07544625,99,404,418,false,false,NONE,0.0271564238,1.10043788,-0.100108325,0.9409904,0.337967753,-0.000102004691,-0.0177445374,0.0535939746,0.0209634677,0.00751023972,0.0170955751,-0.0147455381,-0.052211076,true,true,8,true,true,0.0128517393,0.009674182,0.228593692,0.06170845,0.202127,0.156230435,0.8131564,left_forearm,true,0.0028756666,0,0.199763954,0.522217155,false,false,bar_height|bar_linear_stillness|knee_extension|hip_extension|local_trunk_erectness,1.39497,0.0580360629,0.05688309,1.559536,1.49269629,0.18765527,0.05,0.02,0.2,0.08726646,0.17453292,0.17453292,0.00287587941,0.0132601084,0.0132601084,false,0.003980142,0.182166,0.1096659,0.05711705,0.007808974,469.3291,0.16942066,right_shank,twist_x,0.005196792,NA,NA,NA,true,0.0229222383,0.9590238,-0.09328465,0.0456689261,0.0154797854,0.004545088,-2.604723E-05,0,-0.009842031,-0.1549931,0.135309041,-0.179204762,0.179152668,true,0.02863685,0,-0.09208813
140,539,5.39,ASCENT,0.561996937,Ascent,false,true,0.0756652951,0.07170963,0.0756652951,99,404,418,false,false,NONE,0.027685754,1.10051382,-0.100026548,0.9409442,0.338082045,-8.48027557E-05,-0.0180143826,0.0529324524,0.014957346,0.00749392668,0.02463324,-0.0147450641,-0.0521642938,true,true,8,true,true,0.0129323415,0.0099149,0.2285407,0.06176144,0.202577174,0.155780256,0.813149154,left_forearm,true,0.002914556,0,0.202348262,0.525514,false,false,bar_height|bar_linear_stillness|knee_extension|hip_extension|local_trunk_erectness,1.39497,0.0555132926,0.05954265,1.55892968,1.49202263,0.188195258,0.05,0.02,0.2,0.08726646,0.17453292,0.17453292,0.002935797,0.0134021556,0.0134021556,false,0.00477629341,0.185156584,0.112266533,0.0577511974,0.008042481,477.196564,0.172260687,right_shank,twist_x,0.005294412,NA,NA,NA,true,0.0233724117,0.9591015,-0.09323166,0.0450102948,0.0100906733,0.004167888,-2.604723E-05,0,-0.009842031,-0.1549931,0.135309041,-0.179204762,0.179152668,true,0.0286133941,0,-0.09168237
140,540,5.4,ASCENT,0.5589969,Ascent,false,true,0.07588339,0.07187474,0.07588339,99,404,418,false,false,NONE,0.0282081626,1.10052955,-0.09994256,0.9408854,0.338231176,-6.840125E-05,-0.0182840638,0.05223743,0.008801185,0.00770216854,0.03208531,-0.0147612318,-0.0521268062,true,true,8,true,true,0.0128937941,0.009761533,0.2284908,0.06181135,0.203020722,0.155336708,0.8131437,left_forearm,true,0.00293512619,0,0.203808665,0.5282244,false,false,bar_height|bar_linear_stillness|knee_extension|hip_extension|local_trunk_erectness,1.39497,0.0535306744,0.06296479,1.55892992,1.49204242,0.188505843,0.05,0.02,0.2,0.08726646,0.17453292,0.17453292,0.002992615,0.01348772,0.01348772,false,0.00578886,0.189285323,0.116022438,0.05818257,0.008329689,519.066,0.18737492,right_shank,twist_x,0.005275126,NA,NA,NA,true,0.0238159653,0.959125161,-0.09318175,0.044333566,0.00436377,0.00388539676,-2.604723E-05,0,-0.009842031,-0.1549931,0.135309041,-0.179204762,0.179152668,true,0.0293489471,0,-0.09163736
140,541,5.41,ASCENT,0.5559969,Ascent,false,true,0.07592982,0.0718855858,0.07592982,99,404,418,false,false,NONE,0.02872373,1.10049665,-0.09985867,0.940814555,0.338413626,-5.28017954E-05,-0.0185536742,0.0515545979,0.00418327749,0.007695028,0.0390255153,-0.0147866588,-0.052101858,true,true,8,true,true,0.0132416049,0.010177576,0.228444487,0.06185765,0.20345746,0.15489997,0.8131315,left_forearm,true,0.00296720583,0,0.205905974,0.5306527,false,false,bar_height|bar_linear_stillness|knee_extension|hip_extension|local_trunk_erectness,1.39497,0.0522933044,0.06675507,1.55857885,1.491707,0.189098984,0.05,0.02,0.2,0.08726646,0.17453292,0.17453292,0.00304560363,0.0135474615,0.0135474615,false,0.00680051651,0.194120988,0.120360076,0.0589601249,0.008711337,528.9918,0.190958,right_shank,twist_x,0.00537064532,NA,NA,NA,true,0.0242527,0.959101856,-0.0931354538,0.0436682776,8.111447E-06,0.00347095774,-2.604723E-05,0,-0.009842031,-0.1549931,0.135309041,-0.179204762,0.179152668,true,0.0294577312,0,-0.09162764
140,542,5.42,ASCENT,0.5529969,Ascent,false,true,0.07603711,0.071940124,0.07603711,99,404,418,false,false,NONE,0.02923303,1.10043979,-0.0997759551,0.940732956,0.3386255,-3.793175E-05,-0.0188232716,0.05092463,0.00200857222,0.00754498038,0.04531175,-0.014817344,-0.0520944074,true,true,8,true,true,0.0133457426,0.00518095,0.228402436,0.0618997067,0.20388855,0.154468879,0.8131051,left_forearm,true,0.00301896175,0,0.209319144,0.5330352,false,false,bar_height|bar_linear_stillness|knee_extension|hip_extension|local_trunk_erectness,1.39497,0.0515196957,0.0706154,1.55813646,1.49110961,0.189959452,0.05,0.02,0.2,0.08726646,0.17453292,0.17453292,0.003095515,0.0136322211,0.0136322211,false,0.00784083,0.19886525,0.124441609,0.0600069351,0.0090859,539.3459,0.194695652,right_shank,twist_x,0.005491797,NA,NA,NA,true,0.02468379,0.9590589,-0.0930933952,0.04311454,-0.00177274,0.00305259833,-2.604723E-05,0,-0.009842031,-0.1549931,0.135309041,-0.179204762,0.179152668,true,0.0291160569,0,-0.0912117958
140,543,5.43,ASCENT,0.549996853,Ascent,false,true,0.07618922,0.07202566,0.07618922,99,404,418,false,false,NONE,0.02973581,1.1003722,-0.0996933356,0.940641642,0.338863879,-2.3729981E-05,-0.01909296,0.05029057,0.0009235665,0.00750907464,0.05093425,-0.0148519753,-0.0521008968,true,true,8,true,true,0.0133974077,0.0104984455,0.228363991,0.0619381443,0.20431301,0.15404442,0.813074946,left_forearm,true,0.00306365569,0,0.2123377,0.5348328,false,false,bar_height|bar_linear_stillness|knee_extension|hip_extension|local_trunk_erectness,1.39497,0.05085647,0.07435982,1.55802512,1.49089277,0.190728426,0.05,0.02,0.2,0.08726646,0.17453292,0.17453292,0.003141813,0.0136512136,0.0136512136,false,0.008928413,0.203941658,0.128892019,0.0609565,0.009446594,572.604858,0.206701636,right_shank,twist_x,0.005544343,NA,NA,NA,true,0.0251082554,0.9590085,-0.09305496,0.0424729846,-0.00271838158,0.00270323665,-2.604723E-05,0,-0.009842031,-0.1549931,0.135309041,-0.179204762,0.179152668,true,0.0293260217,0,-0.09110026
140,544,5.44,ASCENT,0.546996832,Ascent,false,true,0.07625115,0.07202464,0.07625115,99,404,418,false,false,NONE,0.0302331354,1.10031414,-0.09961264,0.940541863,0.339125425,-1.01289734E-05,-0.0193628166,0.04973468,0.00214403123,0.007301147,0.0557208657,-0.0148920063,-0.05212711,true,true,8,true,true,0.0138054667,0.005435756,0.22832939,0.06197276,0.2047323,0.153625131,0.813035369,left_forearm,true,0.00312022027,0,0.216072991,0.536355555,false,false,bar_height|bar_linear_stillness|knee_extension|hip_extension|local_trunk_erectness,1.39497,0.05031344,0.0777420253,1.55756485,1.4902705,0.191753522,0.05,0.02,0.2,0.08726646,0.17453292,0.17453292,0.00318387151,0.0136520844,0.0136520844,false,0.0100556342,0.209784016,0.1339328,0.06222178,0.009886958,583.65686,0.210691243,right_shank,twist_x,0.005655193,NA,NA,NA,true,0.02552754,0.958966136,-0.09302034,0.0419457331,-0.00164966,0.002273946,-2.604723E-05,0,-0.009842031,-0.1549931,0.135309041,-0.179204762,0.179152668,true,0.0292241983,0,-0.09096509
140,545,5.45,ASCENT,0.5439968,Ascent,false,true,0.07639557,0.07209653,0.07639557,99,404,418,false,false,NONE,0.0307252966,1.10029423,-0.0995349362,0.9404356,0.3394045,3.03133288E-06,-0.0196329523,0.04924317,0.006191939,0.00696407631,0.05941318,-0.0149301589,-0.05217431,true,true,8,true,true,0.0140207317,0.0113330726,0.228299156,0.0620029867,0.205145478,0.153211951,0.81298244,left_forearm,true,0.00319109927,0,0.220761523,0.537609041,false,false,bar_height|bar_linear_stillness|knee_extension|hip_extension|local_trunk_erectness,1.39497,0.0501171462,0.08046735,1.55688691,1.4893285,0.193007156,0.05,0.02,0.2,0.08726646,0.17453292,0.17453292,0.003222309,0.0136657842,0.0136657842,false,0.011169441,0.215408549,0.138657853,0.06371462,0.0103179738,594.496948,0.214604348,right_shank,twist_x,0.00580551568,NA,NA,NA,true,0.02594071,0.9589606,-0.0929901153,0.04137552,0.00216787984,0.00182443555,-2.604723E-05,0,-0.009842031,-0.1549931,0.135309041,-0.179204762,0.179152668,true,0.0288062934,0,-0.09068395
140,546,5.46,ASCENT,0.5409968,Ascent,false,true,0.07661182,0.0722248554,0.07661182,99,404,418,false,false,NONE,0.0312137064,1.10034192,-0.09946098,0.9403247,0.339695871,1.58745625E-05,-0.019903468,0.0488594361,0.0131700784,0.00654617324,0.0619632266,-0.0149741005,-0.05224821,true,true,8,true,true,0.0143248,0.005623629,0.228273,0.0620291457,0.2055547,0.152802736,0.8129169,left_forearm,true,0.00327157043,0,0.226110429,0.538539946,false,false,bar_height|bar_linear_stillness|knee_extension|hip_extension|local_trunk_erectness,1.39497,0.0510249734,0.0824229345,1.55604219,1.48810577,0.194428459,0.05,0.02,0.2,0.08726646,0.17453292,0.17453292,0.00325692445,0.0136332549,0.0136332549,false,0.0122026959,0.220865816,0.14309375,0.06537243,0.0107333912,604.4789,0.218207672,right_shank,twist_x,0.00592910731,NA,NA,NA,true,0.026349932,0.9590189,-0.09296396,0.04095752,0.00864357,0.00139992207,-2.604723E-05,0,-0.009842031,-0.1549931,0.135309041,-0.179204762,0.179152668,true,0.0285137352,0,-0.09035666
140,547,5.47,ASCENT,0.537996769,Ascent,false,true,0.07689488,0.07241613,0.07689488,99,404,418,false,false,NONE,0.03169834,1.10048032,-0.0993910953,0.9402118,0.3399923,2.85847746E-05,-0.0201745238,0.0485041961,0.022375159,0.00610550866,0.06290872,-0.0150194643,-0.0523474962,true,true,8,true,true,0.0145839509,0.0119022718,0.228250891,0.06205126,0.205958873,0.152398556,0.812845,left_forearm,true,0.003347919,0,0.231193766,0.538334548,false,false,bar_height|bar_linear_stillness|knee_extension|hip_extension|local_trunk_erectness,1.39497,0.0537641346,0.0832066759,1.55507791,1.48679113,0.195861384,0.05,0.02,0.2,0.08726646,0.17453292,0.17453292,0.00328715146,0.0135756442,0.0135756442,false,0.0132383211,0.2264508,0.1476648,0.0670414343,0.0111295413,621.5474,0.224369153,right_shank,twist_x,0.006037639,NA,NA,NA,true,0.0267541129,0.9591611,-0.09294184,0.0404883027,0.0169825163,0.0009872335,-2.604723E-05,0,-0.009842031,-0.1549931,0.135309041,-0.179204762,0.179152668,true,0.0283568446,0,-0.0902526155
140,548,5.48,ASCENT,0.534996748,Ascent,false,true,0.07721394,0.07264489,0.07721394,99,404,418,false,false,NONE,0.0321803056,1.100732,-0.09932599,0.9400993,0.34028706,4.132076E-05,-0.0204462372,0.0482264943,0.0338922739,0.00558895245,0.0624457635,-0.0150719751,-0.0524759144,true,true,8,true,true,0.0149342725,0.00581523636,0.228232265,0.06206987,0.206360221,0.151997209,0.8127659,left_forearm,true,0.003422932,0,0.236172885,0.537351966,false,false,bar_height|bar_linear_stillness|knee_extension|hip_extension|local_trunk_erectness,1.39497,0.0592090972,0.08294793,1.55378008,1.48515117,0.197369874,0.05,0.02,0.2,0.08726646,0.17453292,0.17453292,0.00331331044,0.0135118961,0.0135118961,false,0.0141851353,0.231825054,0.152026042,0.06878792,0.0115197934,629.778442,0.22734043,right_shank,twist_x,0.00613479735,NA,NA,NA,true,0.0271554627,0.9594059,-0.09292323,0.0401769951,0.0273418762,0.0005948308,-2.604723E-05,0,-0.009842031,-0.1549931,0.135309041,-0.179204762,0.179152668,true,0.0282378625,0,-0.09011846
140,549,5.49,ASCENT,0.5319967,Ascent,false,true,0.07762766,0.0729680657,0.07762766,99,404,418,false,false,NONE,0.0326595157,1.10111845,-0.09926653,0.939990044,0.3405722,5.430444E-05,-0.0207187682,0.047973197,0.0475515127,0.004995043,0.0602473021,-0.0151237492,-0.0526312441,true,true,8,true,true,0.01517109,0.0124732479,0.228217646,0.062084496,0.206757575,0.151599854,0.812680662,left_forearm,true,0.003495062,0,0.240943611,0.535300732,false,false,bar_height|bar_linear_stillness|knee_extension|hip_extension|local_trunk_erectness,1.39497,0.06773127,0.08141568,1.55214119,1.48317254,0.198910192,0.05,0.02,0.2,0.08726646,0.17453292,0.17453292,0.00333542377,0.0134369452,0.0134369452,false,0.0150498739,0.236858,0.156047329,0.07056536,0.0119007379,637.094666,0.229981467,right_shank,twist_x,0.00624842243,NA,NA,NA,true,0.0275528152,0.95977366,-0.0929086059,0.0398172922,0.03967431,0.000200799361,-2.604723E-05,0,-0.009842031,-0.1549931,0.135309041,-0.179204762,0.179152668,true,0.02802936,0,-0.09003472
140,550,5.5,ASCENT,0.5289967,Ascent,false,true,0.07814497,0.07339579,0.07814497,99,404,418,false,false,NONE,0.03313683,1.10165477,-0.0992125943,0.9398873,0.340838879,6.77431E-05,-0.020992225,0.04776989,0.06259778,0.00439989055,0.0562468767,-0.01518347,-0.0528141633,true,true,8,true,true,0.015359642,0.00595853431,0.228205681,0.0620964542,0.207153261,0.151204169,0.8125943,left_forearm,true,0.00355541753,0,0.244943932,0.531784356,false,false,bar_height|bar_linear_stillness|knee_extension|hip_extension|local_trunk_erectness,1.39497,0.07886573,0.0786357746,1.55028069,1.48108947,0.200327873,0.05,0.02,0.2,0.08726646,0.17453292,0.17453292,0.00335403532,0.01335623,0.01335623,false,0.0158876218,0.241784364,0.160072252,0.0722226351,0.012254755,650.381,0.234777629,right_shank,twist_x,0.00631164853,NA,NA,NA,true,0.0279484931,0.9602779,-0.09289665,0.0396108776,0.0532509238,-9.667749E-05,-2.604723E-05,0,-0.009842031,-0.1549931,0.135309041,-0.179204762,0.179152668,true,0.0281143375,0,-0.0899688452
140,551,5.51,ASCENT,0.5259967,Ascent,false,true,0.07872981,0.07389945,0.07872981,99,404,418,false,false,NONE,0.0336118974,1.10235429,-0.09916522,0.939794,0.341079146,8.186394E-05,-0.021266764,0.0475637056,0.07906299,0.00372887612,0.050419908,-0.0152416881,-0.0530207343,true,true,8,true,true,0.0155764576,0.0128309606,0.228196919,0.0621052235,0.207545862,0.150811568,0.8125069,left_forearm,true,0.003609016,0,0.248457849,0.5271001,false,false,bar_height|bar_linear_stillness|knee_extension|hip_extension|local_trunk_erectness,1.39497,0.09234266,0.07473737,1.54794466,1.4785974,0.201711938,0.05,0.02,0.2,0.08726646,0.17453292,0.17453292,0.00336866081,0.0132592814,0.0132592814,false,0.0166289918,0.246465,0.1639007,0.07384736,0.0126015609,655.731262,0.236709,right_shank,twist_x,0.0063921134,NA,NA,NA,true,0.028341094,0.9609301,-0.09288788,0.0393429846,0.06810665,-0.000406040985,-2.604723E-05,0,-0.009842031,-0.1549931,0.135309041,-0.179204762,0.179152668,true,0.0280772522,0,-0.0900163949
140,552,5.5200000000000005,ASCENT,0.522996664,Ascent,false,true,0.0794478059,0.0745407939,0.0794478059,99,404,418,false,false,NONE,0.0340855978,1.10323071,-0.09912465,0.9397131,0.341284484,9.688884E-05,-0.021542456,0.04741482,0.09684519,0.00300865551,0.0429549776,-0.0153044146,-0.05325105,true,true,8,true,true,0.01573364,0.00617842842,0.228189915,0.06211222,0.2079377,0.150419727,0.812417865,left_forearm,true,0.003657955,0,0.251668185,0.5214682,false,false,bar_height|bar_linear_stillness|knee_extension|hip_extension|local_trunk_erectness,1.39497,0.107871257,0.0701072738,1.5451858,1.47578371,0.203025445,0.05,0.02,0.2,0.08726646,0.17453292,0.17453292,0.003380619,0.0131896762,0.0131896762,false,0.0173114743,0.25072214,0.167414725,0.07540378,0.0129283024,659.752258,0.238160521,right_shank,twist_x,0.00646465365,NA,NA,NA,true,0.028732935,0.9617438,-0.09288088,0.03923299,0.08426816,-0.000628228,-2.604723E-05,0,-0.009842031,-0.1549931,0.135309041,-0.179204762,0.179152668,true,0.0281241145,0,-0.0899589658
140,553,5.53,ASCENT,0.519996643,Ascent,false,true,0.0802905,0.07530898,0.0802905,99,404,418,false,false,NONE,0.0345574,1.10429013,-0.0990911648,0.939648032,0.341446131,0.000113061986,-0.0218194239,0.04723902,0.115174629,0.00228744815,0.0334769525,-0.0153653855,-0.053498622,true,true,8,true,true,0.0157839637,0.0130608911,0.228185132,0.06211701,0.208327353,0.150030077,0.812482655,left_upper_arm,true,0.003693402,0,0.25398,0.5143041,false,false,bar_height|bar_linear_stillness|knee_extension|hip_extension|local_trunk_erectness,1.39497,0.124506839,0.06495309,1.54210114,1.47275913,0.204135254,0.05,0.02,0.2,0.08726646,0.17453292,0.17453292,0.00338938832,0.0131029421,0.0131029421,false,0.017920943,0.2546534,0.170715779,0.07675743,0.0132205216,669.506836,0.241681769,right_shank,twist_x,0.00649913726,NA,NA,NA,true,0.0291225836,0.9627249,-0.09287609,0.03904375,0.100917228,-0.0008046857,-2.604723E-05,0,-0.009842031,-0.1549931,0.135309041,-0.179204762,0.179152668,true,0.0282899067,0,-0.0900319
140,554,5.54,ASCENT,0.5169966,Ascent,false,true,0.08123487,0.07619333,0.08123487,99,404,418,false,false,NONE,0.0350279547,1.10553885,-0.09906505,0.939601362,0.341556579,0.0001305864,-0.0220977124,0.0471007265,0.13416712,0.00152140786,0.0225241352,-0.015429615,-0.0537621975,true,true,8,true,true,0.0159271322,0.006289926,0.228180692,0.06212145,0.208716854,0.149640575,0.813112557,left_upper_arm,true,0.00372295734,0,0.255895317,0.506403863,false,false,bar_height|bar_linear_stillness|knee_extension|hip_extension|local_trunk_erectness,1.39497,0.1422027,0.06029746,1.53848863,1.46937335,0.205136642,0.05,0.02,0.2,0.08726646,0.17453292,0.17453292,0.00339638442,0.0130433794,0.0130433794,false,0.0184897538,0.258376926,0.173961177,0.07800902,0.013496317,671.552551,0.242420241,right_shank,twist_x,0.006539881,NA,NA,NA,true,0.0295120869,0.9638784,-0.09287165,0.0389994346,0.11818298,-0.000906333036,-2.604723E-05,0,-0.009842031,-0.1549931,0.135309041,-0.179204762,0.179152668,true,0.0285073668,0,-0.09008341
140,555,5.55,ASCENT,0.5139966,Ascent,false,true,0.08232057,0.0772212744,0.08232057,99,404,418,false,false,NONE,0.03549682,1.106982,-0.09904704,0.93957597,0.3416083,0.000149690823,-0.0223773979,0.0469447747,0.15367879,0.0007068428,0.009858928,-0.0154888285,-0.054035686,true,true,8,true,true,0.015954446,0.0133245969,0.2281776,0.0621245354,0.209104791,0.149252638,0.813730657,left_upper_arm,true,0.00374697451,0,0.257434517,0.4976363,false,false,bar_height|bar_linear_stillness|knee_extension|hip_extension|local_trunk_erectness,1.39497,0.160690635,0.05706976,1.53439116,1.465556,0.206011489,0.05,0.02,0.2,0.08726646,0.17453292,0.17453292,0.00340117514,0.0129930815,0.0129930815,false,0.0189761054,0.261614531,0.176778987,0.07913292,0.0137462495,672.9315,0.242918029,right_shank,twist_x,0.00657454832,NA,NA,NA,true,0.0299000256,0.9652102,-0.09286857,0.0388726965,0.136013508,-0.0009897157,-2.604723E-05,0,-0.009842031,-0.1549931,0.135309041,-0.179204762,0.179152668,true,0.0286431853,0,-0.09012772
140,556,5.5600000000000005,ASCENT,0.5109966,Ascent,false,true,0.08355719,0.07841003,0.08355719,99,404,418,false,false,NONE,0.03596463,1.10862374,-0.0990370661,0.9395743,0.341594338,0.000170567844,-0.0226584747,0.0468265228,0.173555925,-0.000125127728,-0.00411525229,-0.0155494362,-0.0543169081,true,true,8,true,true,0.0160009842,0.00639981776,0.228173733,0.0621284023,0.20949313,0.1488643,0.814336061,left_upper_arm,true,0.00376622123,0,0.2586818,0.4883985,false,false,bar_height|bar_linear_stillness|knee_extension|hip_extension|local_trunk_erectness,1.39497,0.179762065,0.0566484481,1.52982557,1.46142578,0.206732512,0.05,0.02,0.2,0.08726646,0.17453292,0.17453292,0.00340561569,0.0129706841,0.0129706841,false,0.0194024071,0.264383823,0.179290548,0.08010748,0.0139622428,672.8753,0.242897734,right_shank,twist_x,0.00659598364,NA,NA,NA,true,0.0302883629,0.966724157,-0.0928647,0.0388848372,0.154208124,-0.000971723057,-2.604723E-05,0,-0.009842031,-0.1549931,0.135309041,-0.179204762,0.179152668,true,0.0289256144,0,-0.090142
140,557,5.57,ASCENT,0.507996559,Ascent,false,true,0.0849266648,0.07973534,0.0849266648,99,404,418,false,false,NONE,0.0364306979,1.11046124,-0.09903533,0.939598858,0.341507822,0.000193417334,-0.0229409765,0.0466602072,0.193096608,-0.00094247784,-0.01971694,-0.0156055968,-0.05459828,true,true,8,true,true,0.0159447864,0.0133842612,0.228169978,0.0621321648,0.209880352,0.148477077,0.8148919,left_upper_arm,true,0.00377268135,0,0.2590873,0.4781303,false,false,bar_height|bar_linear_stillness|knee_extension|hip_extension|local_trunk_erectness,1.39497,0.1986564,0.0601104349,1.524885,1.45703185,0.207203358,0.05,0.02,0.2,0.08726646,0.17453292,0.17453292,0.00340870023,0.012950127,0.012950127,false,0.01980574,0.266974777,0.181724623,0.08083436,0.0141421249,678.6172,0.244970471,right_shank,twist_x,0.00658344338,NA,NA,NA,true,0.0306755919,0.9684178,-0.09286094,0.0387933142,0.172058359,-0.000918356469,-2.604723E-05,0,-0.009842031,-0.1549931,0.135309041,-0.179204762,0.179152668,true,0.0293103922,0,-0.09025273
140,558,5.58,ASCENT,0.504996538,Ascent,false,true,0.0864132047,0.081195116,0.0864132047,99,404,418,false,false,NONE,0.0368954055,1.11249185,-0.09904178,0.939651668,0.341343284,0.0002183907,-0.0232248548,0.04651008,0.212387949,-0.00177783519,-0.0363067463,-0.0156621411,-0.0548767,true,true,8,true,true,0.0159638841,0.006448997,0.2281642,0.0621379539,0.2102681,0.148089334,0.815417945,left_upper_arm,true,0.00377326645,0,0.259116828,0.46765554,false,false,bar_height|bar_linear_stillness|knee_extension|hip_extension|local_trunk_erectness,1.39497,0.217428118,0.06763826,1.5194155,1.4522928,0.2075086,0.05,0.02,0.2,0.08726646,0.17453292,0.17453292,0.003412567,0.0129722971,0.0129722971,false,0.0201514661,0.269134581,0.183915243,0.08140133,0.0142902583,676.9636,0.24437356,right_shank,twist_x,0.006574356,NA,NA,NA,true,0.0310633369,0.970287561,-0.09285515,0.038823016,0.189678222,-0.0007868166,-2.604723E-05,0,-0.009842031,-0.1549931,0.135309041,-0.179204762,0.179152668,true,0.0297579486,0,-0.09033574
140,559,5.59,ASCENT,0.5019965,Ascent,false,true,0.08803916,0.0827979445,0.08803916,99,404,418,false,false,NONE,0.0373581275,1.11471152,-0.0990570039,0.939734459,0.341095835,0.0002456438,-0.0235100854,0.0463192053,0.231292754,-0.00264063012,-0.0540743768,-0.0157117434,-0.0551456138,true,true,8,true,true,0.01587763,0.0134631507,0.2281577,0.06214445,0.210654885,0.147702545,0.8159087,left_upper_arm,true,0.003768434,0,0.258788735,0.4568316,false,false,bar_height|bar_linear_stillness|knee_extension|hip_extension|local_trunk_erectness,1.39497,0.23589994,0.07881583,1.513472,1.4471246,0.207640916,0.05,0.02,0.2,0.08726646,0.17453292,0.17453292,0.00341632962,0.0130079007,0.0130079007,false,0.0204264186,0.270819873,0.185681179,0.08179859,0.0144045725,674.901733,0.243629247,right_shank,twist_x,0.00655972073,NA,NA,NA,true,0.0314501151,0.972331047,-0.09284865,0.0387444161,0.2070234,-0.0006475385,-2.604723E-05,0,-0.009842031,-0.1549931,0.135309041,-0.179204762,0.179152668,true,0.0301349424,0,-0.0903998539
140,560,5.6000000000000005,ASCENT,0.498996526,Ascent,false,true,0.0898128152,0.08456051,0.0898128152,99,404,418,false,false,NONE,0.0378190763,1.11711252,-0.09908026,0.9398487,0.340760976,0.00027529028,-0.0237965621,0.0461265,0.249315545,-0.00345670828,-0.07259385,-0.0157616474,-0.05540058,true,true,8,true,true,0.0157657918,0.006441425,0.228148133,0.0621540025,0.2110421,0.147315323,0.816346645,left_upper_arm,true,0.00375421648,0,0.257885665,0.4457995,false,false,bar_height|bar_linear_stillness|knee_extension|hip_extension|local_trunk_erectness,1.39497,0.2535702,0.09266888,1.50717807,1.44180119,0.20751895,0.05,0.02,0.2,0.08726646,0.17453292,0.17453292,0.00342211872,0.01308202,0.01308202,false,0.0207075477,0.272244424,0.187385559,0.08194312,0.0144739263,677.5005,0.244567364,right_shank,twist_x,0.006514294,NA,NA,NA,true,0.03183735,0.9745409,-0.0928391,0.0387686826,0.223554328,-0.000397570431,-2.604723E-05,0,-0.009842031,-0.1549931,0.135309041,-0.179204762,0.179152668,true,0.0307682622,0,-0.09047219
140,561,5.61,ASCENT,0.495996535,Ascent,false,true,0.09168124,0.0864269137,0.09168124,99,404,418,false,false,NONE,0.0382774919,1.11968577,-0.09911219,0.939995348,0.340335965,0.000307416951,-0.0240842141,0.04587764,0.266517937,-0.0042975056,-0.091866456,-0.0158043317,-0.0556355119,true,true,8,true,true,0.0156785548,0.0133952936,0.2281369,0.062165238,0.21142824,0.14692919,0.8167409,left_upper_arm,true,0.00373503519,0,0.256644338,0.4347745,false,false,bar_height|bar_linear_stillness|knee_extension|hip_extension|local_trunk_erectness,1.39497,0.270471871,0.108556591,1.50038958,1.43603611,0.207232162,0.05,0.02,0.2,0.08726646,0.17453292,0.17453292,0.00342861563,0.0131619368,0.0131619368,false,0.0209216736,0.273353815,0.188819215,0.081929706,0.0145157371,674.2921,0.243409187,right_shank,twist_x,0.00647578342,NA,NA,NA,true,0.03222348,0.976908743,-0.092827864,0.0386705659,0.2393396,-0.000168014813,-2.604723E-05,0,-0.009842031,-0.1549931,0.135309041,-0.179204762,0.179152668,true,0.0313009769,0,-0.09058343
140,562,5.62,ASCENT,0.492996544,Ascent,false,true,0.09369284,0.0884470344,0.09369284,99,404,418,false,false,NONE,0.03873363,1.12242389,-0.0991523862,0.9401751,0.339818537,0.000342084822,-0.0243728869,0.04563699,0.282930374,-0.00512876641,-0.111402757,-0.0158449374,-0.05584704,true,true,8,true,true,0.0155662056,0.00648395345,0.22812207,0.0621800721,0.211814478,0.146542951,0.8171013,left_upper_arm,true,0.00371384528,0,0.2553128,0.424168944,false,false,bar_height|bar_linear_stillness|knee_extension|hip_extension|local_trunk_erectness,1.39497,0.286633283,0.125620574,1.49317992,1.42997158,0.20678103,0.05,0.02,0.2,0.08726646,0.17453292,0.17453292,0.00343816727,0.0132971155,0.0132971155,false,0.02112169,0.274041474,0.1899665,0.08175788,0.0145198628,670.235657,0.241944864,right_shank,twist_x,0.00643304363,NA,NA,NA,true,0.03260972,0.979428,-0.09281303,0.0386704132,0.254469246,0.000136773539,-2.604723E-05,0,-0.009842031,-0.1549931,0.135309041,-0.179204762,0.179152668,true,0.0319138,0,-0.09059976
140,563,5.63,ASCENT,0.489996552,Ascent,false,true,0.09581971,0.09058654,0.09581971,99,404,418,false,false,NONE,0.0391866378,1.12531412,-0.09920079,0.9403882,0.339207381,0.000379327248,-0.0246624518,0.04532573,0.298033655,-0.00592111144,-0.131369784,-0.0158788674,-0.05602867,true,true,8,true,true,0.0153707927,0.0132624153,0.228104845,0.0621972978,0.21219933,0.1461581,0.817400932,left_upper_arm,true,0.00368418312,0,0.253440261,0.413624883,false,false,bar_height|bar_linear_stillness|knee_extension|hip_extension|local_trunk_erectness,1.39497,0.301518738,0.143698886,1.4856708,1.42366493,0.206098422,0.05,0.02,0.2,0.08726646,0.17453292,0.17453292,0.00344940275,0.0134308971,0.0134308971,false,0.0212813187,0.274429142,0.190873489,0.08135048,0.01448149,671.0988,0.242256448,right_shank,twist_x,0.00636451365,NA,NA,NA,true,0.0329945646,0.9820877,-0.0927958041,0.03853361,0.2683846,0.000448536885,-2.604723E-05,0,-0.009842031,-0.1549931,0.135309041,-0.179204762,0.179152668,true,0.03262644,0,-0.0906897038
140,564,5.64,ASCENT,0.486996561,Ascent,false,true,0.09803969,0.0928334,0.09803969,99,404,418,false,false,NONE,0.0396366119,1.12834525,-0.0992570743,0.940634549,0.338502377,0.0004191338,-0.0249527171,0.0450088941,0.3120306,-0.00670155045,-0.15117842,-0.01591038,-0.05617754,true,true,8,true,true,0.0152719617,0.00644147769,0.228083521,0.06221863,0.212583691,0.145773739,0.8176631,left_upper_arm,true,0.00365260639,0,0.251468867,0.4037905,false,false,bar_height|bar_linear_stillness|knee_extension|hip_extension|local_trunk_erectness,1.39497,0.31533128,0.162061632,1.47774243,1.41705418,0.205271661,0.05,0.02,0.2,0.08726646,0.17453292,0.17453292,0.00346423686,0.0136081949,0.0136081949,false,0.0214430317,0.274642527,0.191715524,0.0808103159,0.0144176139,666.3859,0.240555167,right_shank,twist_x,0.006303681,NA,NA,NA,true,0.0333789252,0.9848763,-0.09277447,0.03847976,0.281281829,0.0008018598,-2.604723E-05,0,-0.009842031,-0.1549931,0.135309041,-0.179204762,0.179152668,true,0.0333881527,0,-0.09073989
140,565,5.65,ASCENT,0.48399657,Ascent,false,true,0.100364566,0.0951890945,0.100364566,99,404,418,false,false,NONE,0.0400828123,1.13150585,-0.09932147,0.9409136,0.337704241,0.000461482327,-0.025243517,0.0446348973,0.3249079,-0.00748041365,-0.17094405,-0.015933549,-0.0562889576,true,true,8,true,true,0.0150934961,0.0131952586,0.22805953,0.0622426048,0.212966114,0.145391315,0.817887962,left_upper_arm,true,0.003619577,0,0.249414861,0.394604772,false,false,bar_height|bar_linear_stillness|knee_extension|hip_extension|local_trunk_erectness,1.39497,0.328044772,0.180677041,1.46945691,1.41008377,0.204309508,0.05,0.02,0.2,0.08726646,0.17453292,0.17453292,0.0034814626,0.0137975793,0.0137975793,false,0.0215599965,0.274498165,0.1922024,0.08013838,0.01432218,661.648438,0.238845,right_shank,twist_x,0.006242945,NA,NA,NA,true,0.033761356,0.987784564,-0.0927505,0.03828933,0.2932161,0.00112831546,-2.604723E-05,0,-0.009842031,-0.1549931,0.135309041,-0.179204762,0.179152668,true,0.03406274,0,-0.09077355
140,566,5.66,ASCENT,0.480996579,Ascent,false,true,0.102795482,0.09765822,0.102795482,99,404,418,false,false,NONE,0.04052544,1.134786,-0.09939381,0.9412247,0.3368142,0.000506317534,-0.0255346149,0.0442647822,0.3367753,-0.008270416,-0.190276116,-0.0159539618,-0.05636113,true,true,8,true,true,0.0148845557,0.006424852,0.228031322,0.06227082,0.213347465,0.145009965,0.8180853,left_upper_arm,true,0.00358748459,0,0.247444913,0.386345446,false,false,bar_height|bar_linear_stillness|knee_extension|hip_extension|local_trunk_erectness,1.39497,0.339772522,0.199088186,1.46087432,1.40281117,0.203258231,0.05,0.02,0.2,0.08726646,0.17453292,0.17453292,0.00350279361,0.0140192891,0.0140192891,false,0.02168041,0.2740555,0.19299224,0.07937732,0.0142012537,656.429565,0.236961082,right_shank,twist_x,0.006181233,NA,NA,NA,true,0.0341427065,0.9908029,-0.09272228,0.0381791927,0.3041997,0.00152232056,-2.604723E-05,0,-0.009842031,-0.1549931,0.135309041,-0.179204762,0.179152668,true,0.0348423049,0,-0.09072646
140,567,5.67,ASCENT,0.4779966,Ascent,false,true,0.105314612,0.100219011,0.105314612,99,404,418,false,false,NONE,0.04096366,1.13817215,-0.0994744152,0.9415671,0.3358333,0.0005535879,-0.0258258227,0.04382519,0.347252935,-0.009068344,-0.209516108,-0.0159675758,-0.05638978,true,true,8,true,true,0.0146245463,0.01299081,0.227999717,0.0623024255,0.213726327,0.1446311,0.8182331,left_upper_arm,true,0.00355046778,0,0.245147735,0.378491759,false,false,bar_height|bar_linear_stillness|bar_angular_stillness|knee_extension|hip_extension|local_trunk_erectness,1.39497,0.350124955,0.217558652,1.45208633,1.3952837,0.202063292,0.05,0.02,0.2,0.08726646,0.17453292,0.17453292,0.00352676958,0.0142408349,0.0142408349,false,0.0218284056,0.273554027,0.193776339,0.07847806,0.0140623031,656.1235,0.23685059,right_shank,twist_x,0.006123659,NA,NA,NA,true,0.03452156,0.9939187,-0.09269068,0.0379253663,0.313852638,0.00192369171,-2.604723E-05,0,-0.009842031,-0.1549931,0.135309041,-0.179204762,0.179152668,true,0.0356762074,0,-0.09074779
140,568,5.68,ASCENT,0.4749966,Ascent,false,true,0.107902527,0.10285604,0.107902527,99,404,418,false,false,NONE,0.04139754,1.141652,-0.09956334,0.941940248,0.3347627,0.000603233348,-0.0261168871,0.04337808,0.356530279,-0.00988801848,-0.228377387,-0.0159783587,-0.0563736036,true,true,8,true,true,0.0144766541,0.00635348447,0.227963358,0.06233879,0.214103311,0.144254118,0.818351,left_upper_arm,true,0.003513442,0,0.242870867,0.3713493,false,false,bar_height|bar_linear_stillness|bar_angular_stillness|knee_extension|hip_extension|local_trunk_erectness,1.39497,0.359295517,0.235774308,1.44301748,1.38745451,0.200797021,0.05,0.02,0.2,0.08726646,0.17453292,0.17453292,0.003554985,0.0145053985,0.0145053985,false,0.0219873637,0.272844136,0.194341674,0.07751124,0.01390689,650.9125,0.2349695,right_shank,twist_x,0.00606113533,NA,NA,NA,true,0.0348985456,0.9971199,-0.09265431,0.037741743,0.322398931,0.00236444618,-2.604723E-05,0,-0.009842031,-0.1549931,0.135309041,-0.179204762,0.179152668,true,0.0365424678,0,-0.0906918943
140,569,5.69,ASCENT,0.4719966,Ascent,false,true,0.1105656,0.105571568,0.1105656,99,404,418,false,false,NONE,0.0418263525,1.1452136,-0.0996609852,0.9423433,0.3336036,0.000655194744,-0.026407592,0.0428741537,0.3646328,-0.0107288472,-0.247045442,-0.0159811489,-0.0563100055,true,true,8,true,true,0.0142925754,0.0128932754,0.2279233,0.06237883,0.2144771,0.143880323,0.818440437,left_upper_arm,true,0.0034767678,0,0.240632549,0.36487937,false,false,bar_height|bar_linear_stillness|bar_angular_stillness|knee_extension|hip_extension|local_trunk_erectness,1.39497,0.367301464,0.25388515,1.43370938,1.37930191,0.1994605,0.05,0.02,0.2,0.08726646,0.17453292,0.17453292,0.00358659029,0.0147861084,0.0147861084,false,0.022142427,0.271894455,0.194586948,0.07647759,0.0137337875,645.842834,0.233139426,right_shank,twist_x,0.00601922441,NA,NA,NA,true,0.03527234,1.00039649,-0.09261427,0.0374174155,0.329919934,0.0027759,-2.604723E-05,0,-0.009842031,-0.1549931,0.135309041,-0.179204762,0.179152668,true,0.0373098031,0,-0.09063055
140,570,5.7,ASCENT,0.4689966,Ascent,false,true,0.113299906,0.108360648,0.113299906,99,404,418,false,false,NONE,0.04225011,1.14884353,-0.0997666642,0.9427752,0.3323577,0.0007093818,-0.0266976561,0.04235468,0.37133047,-0.0115167182,-0.265191,-0.0159817934,-0.05619748,true,true,8,true,true,0.0141187813,0.00627996959,0.227878571,0.06242358,0.214848235,0.1435092,0.8184936,left_upper_arm,true,0.003437308,0,0.238265648,0.359245747,false,false,bar_height|bar_linear_stillness|bar_angular_stillness|knee_extension|hip_extension|local_trunk_erectness,1.39497,0.373915583,0.2715508,1.42429745,1.37101674,0.197999254,0.05,0.02,0.2,0.08726646,0.17453292,0.17453292,0.00362295657,0.0151008563,0.0151008563,false,0.0223525818,0.2709052,0.194772363,0.0753225461,0.0135388272,644.866333,0.232786924,right_shank,twist_x,0.00594486343,NA,NA,NA,true,0.03564347,1.003736,-0.09256952,0.03715457,0.336148381,0.003228657,-2.604723E-05,0,-0.009842031,-0.1549931,0.135309041,-0.179204762,0.179152668,true,0.03830008,0,-0.09050804
140,571,5.71,ASCENT,0.465996623,Ascent,false,true,0.11606425,0.111188114,0.11606425,99,404,418,false,false,NONE,0.0426680148,1.15252888,-0.0998806357,0.943234742,0.331027776,0.0007656863,-0.0269868579,0.0417726338,0.376797259,-0.0123089058,-0.282860219,-0.0159748457,-0.0560343526,true,true,8,true,true,0.0139893992,0.0127512077,0.227830172,0.06247198,0.215215355,0.143142074,0.8185227,left_upper_arm,true,0.00339843,0,0.235943556,0.3546688,false,false,bar_height|bar_linear_stillness|bar_angular_stillness|knee_extension|hip_extension|local_trunk_erectness,1.39497,0.379305452,0.288799137,1.41466272,1.362444,0.196485847,0.05,0.02,0.2,0.08726646,0.17453292,0.17453292,0.003662996,0.0154185118,0.0154185118,false,0.0225575026,0.269822359,0.19480224,0.07412279,0.0133340377,640.0105,0.23103404,right_shank,twist_x,0.00590260373,NA,NA,NA,true,0.0360105857,1.00712645,-0.09252112,0.036747,0.3412457,0.003617558,-2.604723E-05,0,-0.009842031,-0.1549931,0.135309041,-0.179204762,0.179152668,true,0.039158944,0,-0.09044084
140,572,5.72,ASCENT,0.462996632,Ascent,false,true,0.118883431,0.114070356,0.118883431,99,404,418,false,false,NONE,0.0430802,1.156259,-0.100002415,0.94372046,0.329616666,0.000823986251,-0.0272749066,0.0411879122,0.381169558,-0.0130699128,-0.299757481,-0.0159649625,-0.0558206476,true,true,8,true,true,0.013855123,0.00626776973,0.227777764,0.06252438,0.215578958,0.142778471,0.8185387,left_upper_arm,true,0.00336198742,0,0.233829781,0.351469219,false,false,bar_height|bar_linear_stillness|bar_angular_stillness|knee_extension|hip_extension|local_trunk_erectness,1.39497,0.383611143,0.3053283,1.40489781,1.35366082,0.194925219,0.05,0.02,0.2,0.08726646,0.17453292,0.17453292,0.00370774418,0.015770752,0.015770752,false,0.0230135936,0.268608928,0.19462873,0.0728756,0.013110023,635.220459,0.22930491,right_shank,twist_x,0.00584564544,NA,NA,NA,true,0.0363741927,1.01055861,-0.09246872,0.03640459,0.345400631,0.00400865,-2.604723E-05,0,-0.009842031,-0.1549931,0.135309041,-0.179204762,0.179152668,true,0.0400618352,0,-0.09022538
140,573,5.73,ASCENT,0.459996641,Ascent,false,true,0.12173897,0.116994441,0.12173897,99,404,418,false,false,NONE,0.04348582,1.16002059,-0.100131631,0.9442305,0.3281285,0.0008841217,-0.027561564,0.0405359156,0.384221166,-0.01377788,-0.31583795,-0.0159483775,-0.0555544719,true,true,8,true,true,0.0136797521,0.012613629,0.227722213,0.06257993,0.215937749,0.142419681,0.81852746,left_upper_arm,true,0.00332379,0,0.231621161,0.349730968,false,false,bar_height|bar_linear_stillness|bar_angular_stillness|knee_extension|hip_extension|local_trunk_erectness,1.39497,0.386599153,0.32108295,1.39506793,1.34476483,0.193272978,0.05,0.02,0.2,0.08726646,0.17453292,0.17453292,0.00375614315,0.0161122922,0.0161122922,false,0.0234920159,0.267329365,0.1943401,0.07153812,0.0128670018,634.1805,0.22892949,right_shank,twist_x,0.00579754123,NA,NA,NA,true,0.0367329866,1.01402056,-0.09241317,0.03591435,0.348322064,0.004348601,-2.604723E-05,0,-0.009842031,-0.1549931,0.135309041,-0.179204762,0.179152668,true,0.04101704,0,-0.09010961
140,574,5.74,ASCENT,0.45699665,Ascent,false,true,0.124606669,0.119931877,0.124606669,99,404,418,false,false,NONE,0.04388499,1.16380286,-0.100267895,0.944763,0.326567858,0.000945914246,-0.0278465468,0.0398767,0.386198938,-0.0144561362,-0.3308549,-0.0159294717,-0.0552366525,true,true,8,true,true,0.01358402,0.00620918255,0.227663457,0.06263868,0.216292188,0.142065242,0.81850636,left_upper_arm,true,0.00328799384,0,0.229597181,0.3497528,false,false,bar_height|bar_linear_stillness|bar_angular_stillness|knee_extension|hip_extension|local_trunk_erectness,1.39497,0.388521224,0.335812151,1.3851279,1.33567572,0.191594064,0.05,0.02,0.2,0.08726646,0.17453292,0.17453292,0.003808543,0.0164703447,0.0164703447,false,0.0240350738,0.266109258,0.194032773,0.07018243,0.0126186721,629.872559,0.2273744,right_shank,twist_x,0.005742161,NA,NA,NA,true,0.0370874256,1.01750159,-0.0923544243,0.03548673,0.350268155,0.004659877,-2.604723E-05,0,-0.009842031,-0.1549931,0.135309041,-0.179204762,0.179152668,true,0.0419791751,0,-0.08988618
140,575,5.75,ASCENT,0.453996658,Ascent,false,true,0.127498686,0.122899175,0.127498686,99,404,418,false,false,NONE,0.0442769676,1.1675961,-0.1004111,0.9453157,0.324939817,0.00100917742,-0.0281296168,0.03916539,0.387219,-0.015116686,-0.3448203,-0.015903214,-0.0548665859,true,true,8,true,true,0.0134441229,0.0125631792,0.227602467,0.0626996756,0.216640979,0.14171645,0.818481863,left_upper_arm,true,0.00325506926,0,0.227777377,0.351653636,false,false,bar_height|bar_linear_stillness|bar_angular_stillness|knee_extension|hip_extension|local_trunk_erectness,1.39497,0.389488131,0.3495201,1.37508845,1.32642007,0.189902872,0.05,0.02,0.2,0.08726646,0.17453292,0.17453292,0.00386409461,0.0168207176,0.0168207176,false,0.0245324671,0.2647887,0.193557829,0.06881309,0.0123573691,625.746948,0.225885123,right_shank,twist_x,0.005715192,NA,NA,NA,true,0.03743622,1.02099383,-0.09229343,0.0349189043,0.3513686,0.00489664963,-2.604723E-05,0,-0.009842031,-0.1549931,0.135309041,-0.179204762,0.179152668,true,0.0428064838,0,-0.08971258
140,576,5.76,ASCENT,0.450996667,Ascent,false,true,0.1304071,0.125878274,0.1304071,99,404,418,false,false,NONE,0.04466199,1.17139173,-0.100560747,0.945886433,0.3232499,0.00107370142,-0.0284104887,0.0384561568,0.3873877,-0.0157326572,-0.357524246,-0.0158748515,-0.054445833,true,true,8,true,true,0.0133361118,0.006178625,0.22753948,0.06276266,0.216984719,0.14137271,0.8184583,left_upper_arm,true,0.00322539941,0,0.226207808,0.355568379,false,false,bar_height|bar_linear_stillness|bar_angular_stillness|knee_extension|hip_extension|local_trunk_erectness,1.39497,0.389609575,0.361994416,1.36502481,1.31702983,0.188197792,0.05,0.02,0.2,0.08726646,0.17453292,0.17453292,0.00392284244,0.0171723776,0.0171723776,false,0.02507908,0.263443,0.192948058,0.06742976,0.0120817507,621.8434,0.224476,right_shank,twist_x,0.00566761661,NA,NA,NA,true,0.03777996,1.02448952,-0.09223044,0.0344194248,0.351709783,0.00510716951,-2.604723E-05,0,-0.009842031,-0.1549931,0.135309041,-0.179204762,0.179152668,true,0.04370851,0,-0.08941914
140,577,5.7700000000000005,ASCENT,0.447996676,Ascent,false,true,0.133320808,0.128868878,0.133320808,99,404,418,false,false,NONE,0.045039244,1.17518,-0.10071636,0.946472645,0.321504474,0.00113925163,-0.0286889374,0.0376874171,0.386558115,-0.0162959583,-0.368915021,-0.01584011,-0.05397353,true,true,8,true,true,0.0131990034,0.01247286,0.227475077,0.06282707,0.2173221,0.141035333,0.8184239,left_upper_arm,true,0.00319552026,0,0.224636212,0.361464918,false,false,bar_height|bar_linear_stillness|bar_angular_stillness|knee_extension|hip_extension|local_trunk_erectness,1.39497,0.388732642,0.3731787,1.35495913,1.30760586,0.186454132,0.05,0.02,0.2,0.08726646,0.17453292,0.17453292,0.00398384035,0.01750369,0.01750369,false,0.025600791,0.262190938,0.192397714,0.0660126,0.0118033988,621.3072,0.224282429,right_shank,twist_x,0.005638063,NA,NA,NA,true,0.038117338,1.02797914,-0.09216603,0.03377844,0.351087719,0.005248039,-2.604723E-05,0,-0.009842031,-0.1549931,0.135309041,-0.179204762,0.179152668,true,0.04462074,0,-0.0892658457
140,578,5.78,ASCENT,0.444996685,Ascent,false,true,0.1362189,0.131840348,0.1362189,99,404,418,false,false,NONE,0.04540894,1.17895257,-0.100877613,0.9470719,0.319709778,0.001205593,-0.028964689,0.0369177163,0.38493222,-0.0168287586,-0.378932953,-0.0158035755,-0.0534517169,true,true,8,true,true,0.0131215854,0.006139134,0.227409869,0.06289228,0.217653722,0.140703708,0.818392456,left_upper_arm,true,0.00316827046,0,0.223254383,0.369301,false,false,bar_height|bar_linear_stillness|bar_angular_stillness|knee_extension|hip_extension|local_trunk_erectness,1.39497,0.387064517,0.383010477,1.34487534,1.29805768,0.184722483,0.05,0.02,0.2,0.08726646,0.17453292,0.17453292,0.00404682755,0.0178325139,0.0178325139,false,0.026171539,0.260968626,0.191771016,0.06460602,0.0115200114,618.0071,0.22309114,right_shank,twist_x,0.005594031,NA,NA,NA,true,0.0384489521,1.0314554,-0.09210082,0.0332070775,0.3497441,0.005345022,-2.604723E-05,0,-0.009842031,-0.1549931,0.135309041,-0.179204762,0.179152668,true,0.0455293246,0,-0.0889882445
140,579,5.79,ASCENT,0.4419967,Ascent,false,true,0.139114738,0.134815514,0.139114738,99,404,418,false,false,NONE,0.04577037,1.18270278,-0.10104432,0.947681844,0.317872167,0.00127249525,-0.02923753,0.0361018926,0.382637143,-0.017343916,-0.38761425,-0.01575971,-0.0528803766,true,true,8,true,true,0.0130105438,0.0124543719,0.227344364,0.06295778,0.217978284,0.140379146,0.8183691,left_upper_arm,true,0.00314436178,0,0.222098991,0.378989339,false,false,bar_height|bar_linear_stillness|bar_angular_stillness|knee_extension|hip_extension|local_trunk_erectness,1.39497,0.384727627,0.39152205,1.33475852,1.28843737,0.183009729,0.05,0.02,0.2,0.08726646,0.17453292,0.17453292,0.004111238,0.0181396529,0.0181396529,false,0.0266622957,0.259712219,0.19106786,0.06322107,0.0112308888,614.836,0.221946433,right_shank,twist_x,0.005583926,NA,NA,NA,true,0.0387735181,1.03491187,-0.09203532,0.03250268,0.347800255,0.005363083,-2.604723E-05,0,-0.009842031,-0.1549931,0.135309041,-0.179204762,0.179152668,true,0.0462846644,0,-0.08881228
140,580,5.8,ASCENT,0.4389967,Ascent,false,true,0.141999,0.137771189,0.141999,99,404,418,false,false,NONE,0.0461238027,1.18642342,-0.101215854,0.9482998,0.315998346,0.00133970485,-0.0295071881,0.0352873,0.37960574,-0.0177951716,-0.3948226,-0.015714515,-0.05226155,true,true,8,true,true,0.0129039073,0.006102316,0.227279246,0.0630229,0.218296543,0.140060887,0.81834507,left_upper_arm,true,0.003121454,0,0.221038565,0.3904508,false,false,bar_height|bar_linear_stillness|bar_angular_stillness|knee_extension|hip_extension|local_trunk_erectness,1.39497,0.381657422,0.398576349,1.32473171,1.27879763,0.181288749,0.05,0.02,0.2,0.08726646,0.17453292,0.17453292,0.00417644531,0.01843274,0.01843274,false,0.0272332355,0.258584648,0.190381736,0.06182696,0.0109407417,614.709,0.221900582,right_shank,twist_x,0.005539885,NA,NA,NA,true,0.0390917771,1.0383426,-0.0919702053,0.0318713,0.345183671,0.00535551924,-2.604723E-05,0,-0.009842031,-0.1549931,0.135309041,-0.179204762,0.179152668,true,0.0471863,0,-0.08852515
140,581,5.8100000000000005,ASCENT,0.4359967,Ascent,false,true,0.144856155,0.14070791,0.144856155,99,404,418,false,false,NONE,0.0464685075,1.19010878,-0.101392128,0.9489236,0.314094841,0.001406985,-0.0297734756,0.0344275273,0.376035243,-0.0182394963,-0.400697678,-0.01566183,-0.0515954867,true,true,8,true,true,0.0128311971,0.012421404,0.227214813,0.06308734,0.218607143,0.139750287,0.8183322,left_upper_arm,true,0.00310174958,0,0.220183417,0.403442323,false,false,bar_height|bar_linear_stillness|bar_angular_stillness|knee_extension|hip_extension|local_trunk_erectness,1.39497,0.378048182,0.4043093,1.31467307,1.26911044,0.179611146,0.05,0.02,0.2,0.08726646,0.17453292,0.17453292,0.00424194336,0.0186960846,0.0186960846,false,0.027710598,0.25750488,0.189721882,0.0604794174,0.0106564276,612.1199,0.220965952,right_shank,twist_x,0.00553753739,NA,NA,NA,true,0.0394023769,1.04174161,-0.0919057652,0.031110527,0.3420468,0.005263721,-2.604723E-05,0,-0.009842031,-0.1549931,0.135309041,-0.179204762,0.179152668,true,0.04790615,0,-0.0883935243
140,582,5.82,ASCENT,0.43299672,Ascent,false,true,0.1476937,0.1436153,0.1476937,99,404,418,false,false,NONE,0.04680491,1.19375479,-0.101572849,0.949551,0.312167645,0.00147411274,-0.0300361346,0.0335833468,0.372073233,-0.0186556429,-0.405267626,-0.015607046,-0.0508850962,true,true,8,true,true,0.0127547365,0.00611754972,0.22715199,0.06315016,0.218910992,0.139446437,0.8183358,left_upper_arm,true,0.00308600185,0,0.219616354,0.417793423,false,false,bar_height|bar_linear_stillness|bar_angular_stillness|knee_extension|hip_extension|local_trunk_erectness,1.39497,0.374051273,0.408747762,1.304675,1.25935793,0.17797409,0.05,0.02,0.2,0.08726646,0.17453292,0.17453292,0.00430706143,0.0189479161,0.0189479161,false,0.0282473,0.25648424,0.188994288,0.0591707863,0.0103698866,609.984131,0.220194981,right_shank,twist_x,0.00550971832,NA,NA,NA,true,0.0397062264,1.04510581,-0.09184294,0.03043328,0.338591844,0.00514030969,-2.604723E-05,0,-0.009842031,-0.1549931,0.135309041,-0.179204762,0.179152668,true,0.0486255027,0,-0.08809743
140,583,5.83,ASCENT,0.429996729,Ascent,false,true,0.150510669,0.1465084,0.150510669,99,404,418,false,false,NONE,0.04713231,1.1973573,-0.101757608,0.9501797,0.310223073,0.001540853,-0.0302949846,0.0326972455,0.3676738,-0.0190325547,-0.408503979,-0.0155448038,-0.05013031,true,true,8,true,true,0.0126638561,0.0124078467,0.227090746,0.0632114,0.21920675,0.139150679,0.8183465,left_upper_arm,true,0.00307194772,0,0.219167292,0.433359146,false,false,bar_height|bar_linear_stillness|bar_angular_stillness|knee_extension|hip_extension|local_trunk_erectness,1.39497,0.369615167,0.411861867,1.29472947,1.24965346,0.176361173,0.05,0.02,0.2,0.08726646,0.17453292,0.17453292,0.00437150151,0.0191641357,0.0191641357,false,0.0286888648,0.255515128,0.188307673,0.05788563,0.010086772,609.9379,0.2201783,right_shank,twist_x,0.00551091274,NA,NA,NA,true,0.0400019921,1.04843128,-0.0917817056,0.0296308752,0.334690779,0.004956027,-2.604723E-05,0,-0.009842031,-0.1549931,0.135309041,-0.179204762,0.179152668,true,0.0493052974,0,-0.0879879445
140,584,5.84,ASCENT,0.426996738,Ascent,false,true,0.153287351,0.14935261,0.153287351,99,404,418,false,false,NONE,0.0474511646,1.20091343,-0.101946272,0.950808,0.30826667,0.00160700222,-0.0305497888,0.031828925,0.3630134,-0.01939365,-0.4105994,-0.0154802427,-0.0493343621,true,true,8,true,true,0.0126230372,0.00611466,0.227032036,0.06327011,0.219495431,0.138862,0.8183749,left_upper_arm,true,0.00306111,0,0.2189426,0.4498138,false,false,bar_height|bar_linear_stillness|bar_angular_stillness|knee_extension|hip_extension|local_trunk_erectness,1.39497,0.364921778,0.413842231,1.28484309,1.23989367,0.174801677,0.05,0.02,0.2,0.08726646,0.17453292,0.17453292,0.004434325,0.01936166,0.01936166,false,0.0291978251,0.254699439,0.18765451,0.05665992,0.00981625449,608.3502,0.219605163,right_shank,twist_x,0.0054885163,NA,NA,NA,true,0.04029067,1.05171525,-0.091722995,0.0289175548,0.330563158,0.00473855529,-2.604723E-05,0,-0.009842031,-0.1549931,0.135309041,-0.179204762,0.179152668,true,0.0499652736,0,-0.08773972
140,585,5.8500000000000005,ASCENT,0.423996747,Ascent,false,true,0.156039774,0.1521784,0.156039774,99,404,418,false,false,NONE,0.04776087,1.20442176,-0.10213872,0.951434135,0.3063032,0.00167237956,-0.0308003854,0.0309305433,0.358221978,-0.0197503734,-0.411668062,-0.0154073127,-0.0484976321,true,true,8,true,true,0.0125600919,0.0124537488,0.226975769,0.06332637,0.2197757,0.138581723,0.81842494,left_upper_arm,true,0.003054209,0,0.218983218,0.466945559,false,false,bar_height|bar_linear_stillness|bar_angular_stillness|knee_extension|hip_extension,1.39497,0.360096872,0.414801151,1.27497375,1.2301501,0.1733067,0.05,0.02,0.2,0.08726646,0.17453292,0.17453292,0.004495561,0.0195291564,0.0195291564,false,0.029593328,0.2538999,0.187011629,0.05549492,0.009548575,606.7582,0.21903047,right_shank,twist_x,0.005505506,NA,NA,NA,true,0.040570952,1.0549562,-0.09166673,0.0280885343,0.3263032,0.004461669,-2.604723E-05,0,-0.009842031,-0.1549931,0.135309041,-0.179204762,0.179152668,true,0.05045759,0,-0.08764878
140,586,5.86,ASCENT,0.420996755,Ascent,false,true,0.158758461,0.154959679,0.158758461,99,404,418,false,false,NONE,0.0480619967,1.20788181,-0.102334768,0.9520567,0.304337174,0.00173682126,-0.0310465489,0.03005974,0.353385568,-0.0200846642,-0.411810577,-0.01533169,-0.04762345,true,true,8,true,true,0.012517469,0.00613870658,0.22692284,0.0633792952,0.220048755,0.138308674,0.818497241,left_upper_arm,true,0.003050426,0,0.219252482,0.484568536,false,false,bar_height|bar_linear_stillness|bar_angular_stillness|knee_extension|hip_extension,1.39497,0.355229974,0.414838523,1.26519418,1.22037864,0.171865448,0.05,0.02,0.2,0.08726646,0.17453292,0.17453292,0.0045542717,0.0196737852,0.0196737852,false,0.0300416555,0.253188521,0.186336815,0.0543820523,0.00928333,605.5532,0.21859549,right_shank,twist_x,0.005490707,NA,NA,NA,true,0.0408439972,1.05815446,-0.09161381,0.0273578446,0.32201913,0.00417027762,-2.604723E-05,0,-0.009842031,-0.1549931,0.135309041,-0.179204762,0.179152668,true,0.050987985,0,-0.08741626
140,587,5.87,ASCENT,0.417996764,Ascent,false,true,0.161447167,0.157717168,0.161447167,99,404,418,false,false,NONE,0.0483539365,1.211293,-0.102534123,0.9526744,0.3023729,0.00180016342,-0.0312881432,0.0291578937,0.348480374,-0.0203947574,-0.4110467,-0.0152477194,-0.04671186,true,true,8,true,true,0.01246607,0.0124835288,0.226872951,0.0634292,0.220313281,0.138044149,0.8185839,left_upper_arm,true,0.00304844929,0,0.2196442,0.502534449,false,false,bar_height|bar_linear_stillness|bar_angular_stillness|knee_extension|hip_extension,1.39497,0.3502923,0.4139733,1.255469,1.2106775,0.170470849,0.05,0.02,0.2,0.08726646,0.17453292,0.17453292,0.00461053848,0.0197856035,0.0197856035,false,0.0303949919,0.252577364,0.185769126,0.05331889,0.009035054,605.8859,0.2187156,right_shank,twist_x,0.005509349,NA,NA,NA,true,0.04110851,1.0613085,-0.0915639,0.0265149884,0.317614615,0.00383362174,-2.604723E-05,0,-0.009842031,-0.1549931,0.135309041,-0.179204762,0.179152668,true,0.0514541976,0,-0.0873872
140,588,5.88,ASCENT,0.414996773,Ascent,false,true,0.164091408,0.160420835,0.164091408,99,404,418,false,false,NONE,0.0486372635,1.2146554,-0.102736749,0.9532861,0.300413579,0.00186228787,-0.03152495,0.02828424,0.3436114,-0.02069749,-0.409638524,-0.0151607785,-0.0457660481,true,true,8,true,true,0.0124476524,0.006161572,0.226826876,0.06347526,0.22057046,0.13778697,0.8186901,left_upper_arm,true,0.00304861413,0,0.220186174,0.520534456,false,false,bar_height|bar_linear_stillness|bar_angular_stillness|knee_extension|hip_extension,1.39497,0.345394224,0.41246587,1.24581838,1.20095181,0.16913113,0.05,0.02,0.2,0.08726646,0.17453292,0.17453292,0.00466346,0.0198786575,0.0198786575,false,0.0307999887,0.252063483,0.185196,0.05231327,0.008794787,605.040466,0.2184104,right_shank,twist_x,0.005498447,NA,NA,NA,true,0.0413657,1.06441879,-0.09151784,0.02577541,0.313258559,0.003487263,-2.604723E-05,0,-0.009842031,-0.1549931,0.135309041,-0.179204762,0.179152668,true,0.05191956,0,-0.0872134939
140,589,5.89,ASCENT,0.411996782,Ascent,false,true,0.166705966,0.163101017,0.166705966,99,404,418,false,false,NONE,0.0489114374,1.21797037,-0.102942608,0.9538912,0.298461616,0.00192310009,-0.03175685,0.02738673,0.338867277,-0.0210038386,-0.407716185,-0.0150647871,-0.0447861962,true,true,8,true,true,0.0124114761,0.01254625,0.226784319,0.06351783,0.220819116,0.137538314,0.8188198,left_upper_arm,true,0.00305163465,0,0.2209155,0.5383833,false,false,bar_height|bar_linear_stillness|bar_angular_stillness|knee_extension|hip_extension,1.39497,0.340620369,0.410445184,1.23618948,1.19126868,0.167856112,0.05,0.02,0.2,0.08726646,0.17453292,0.17453292,0.004713364,0.0199421942,0.0199421942,false,0.0310855731,0.251569718,0.184659421,0.0513682552,0.008559837,604.0908,0.218067586,right_shank,twist_x,0.005527203,NA,NA,NA,true,0.04161435,1.06748629,-0.09147527,0.0249309279,0.308997482,0.00310171652,-2.604723E-05,0,-0.009842031,-0.1549931,0.135309041,-0.179204762,0.179152668,true,0.05223773,0,-0.0872131
140,590,5.9,ASCENT,0.4089968,Ascent,false,true,0.169283569,0.165733814,0.169283569,99,404,418,false,false,NONE,0.0491770729,1.22123909,-0.10315147,0.954489,0.296519518,0.00198251125,-0.0319836475,0.0265209787,0.334239542,-0.021281857,-0.4052867,-0.0149655249,-0.04377506,true,true,8,true,true,0.012381956,0.00619134167,0.2267459,0.06355624,0.22106047,0.13729696,0.818963349,left_upper_arm,true,0.00305563724,0,0.221728519,0.5560972,false,false,bar_height|bar_linear_stillness|bar_angular_stillness|knee_extension|hip_extension,1.39497,0.3359648,0.407918543,1.22666442,1.18159509,0.166620091,0.05,0.02,0.2,0.08726646,0.17453292,0.17453292,0.00475942343,0.0199868921,0.0199868921,false,0.0314342,0.2511935,0.184141561,0.0504657365,0.008338677,604.49646,0.21821402,right_shank,twist_x,0.00551856356,NA,NA,NA,true,0.0418557078,1.07051253,-0.09143686,0.0241946653,0.304848522,0.00272776582,-2.604723E-05,0,-0.009842031,-0.1549931,0.135309041,-0.179204762,0.179152668,true,0.0526417121,0,-0.0870876238
140,591,5.91,ASCENT,0.4059968,Ascent,false,true,0.171826243,0.1683386,0.171826243,99,404,418,false,false,NONE,0.04943363,1.22446334,-0.10336341,0.9550792,0.294588447,0.002040472,-0.03220522,0.025631709,0.3297996,-0.0215736814,-0.402636468,-0.0148569867,-0.0427326858,true,true,8,true,true,0.0123658869,0.0125970189,0.226711154,0.06359098,0.22129336,0.13706407,0.8191282,left_upper_arm,true,0.0030616445,0,0.222662225,0.573324561,false,false,bar_height|bar_linear_stillness|bar_angular_stillness|knee_extension|hip_extension,1.39497,0.331496865,0.405170262,1.21714687,1.17196274,0.165445551,0.05,0.02,0.2,0.08726646,0.17453292,0.17453292,0.004801996,0.0200026128,0.0200026128,false,0.03166822,0.250854433,0.183686972,0.049625393,0.008130725,603.7494,0.217944339,right_shank,twist_x,0.00555028766,NA,NA,NA,true,0.0420886055,1.07349849,-0.09140212,0.0233572721,0.3008478,0.00232096412,-2.604723E-05,0,-0.009842031,-0.1549931,0.135309041,-0.179204762,0.179152668,true,0.05290339,0,-0.0871398449
140,592,5.92,ASCENT,0.4029968,Ascent,false,true,0.174333632,0.17089808,0.174333632,99,404,418,false,false,NONE,0.04968177,1.22764552,-0.103578389,0.9556617,0.2926689,0.00209696731,-0.032421384,0.0247794949,0.3256063,-0.0218598153,-0.39987573,-0.0147445332,-0.041661717,true,true,8,true,true,0.0123487255,0.00624012575,0.226680666,0.06362148,0.221519083,0.136838347,0.8193136,left_upper_arm,true,0.00306944875,0,0.223730519,0.5900431,false,false,bar_height|bar_linear_stillness|bar_angular_stillness|knee_extension|hip_extension,1.39497,0.327278674,0.402310461,1.20770192,1.16232336,0.164316386,0.05,0.02,0.2,0.08726646,0.17453292,0.17453292,0.004840404,0.0200065766,0.0200065766,false,0.0319525078,0.25058654,0.183222577,0.0488294624,0.007925564,603.2656,0.2177697,right_shank,twist_x,0.005548342,NA,NA,NA,true,0.0423143245,1.07644689,-0.0913716257,0.0226338264,0.2971007,0.00193408434,-2.604723E-05,0,-0.009842031,-0.1549931,0.135309041,-0.179204762,0.179152668,true,0.0531970635,0,-0.0870455354
140,593,5.93,ASCENT,0.399996817,Ascent,false,true,0.176812172,0.173435092,0.176812172,99,404,418,false,false,NONE,0.049921006,1.23078823,-0.103796333,0.9562365,0.2907616,0.00215196982,-0.0326320343,0.0239065755,0.321667016,-0.0221407432,-0.3969969,-0.0146228308,-0.0405620635,true,true,8,true,true,0.0123260375,0.0126473978,0.226653874,0.063648276,0.221736535,0.1366209,0.81951344,left_upper_arm,true,0.00307833427,0,0.224868268,0.60624063,false,false,bar_height|bar_linear_stillness|bar_angular_stillness|knee_extension|hip_extension,1.39497,0.323313177,0.39933148,1.19827592,1.15273285,0.163230613,0.05,0.02,0.2,0.08726646,0.17453292,0.17453292,0.004875146,0.0199833419,0.0199833419,false,0.03212557,0.2503355,0.182801351,0.0480775423,0.007732216,603.0691,0.217698753,right_shank,twist_x,0.00558138359,NA,NA,NA,true,0.0425317734,1.07935977,-0.0913448259,0.0218126569,0.293545127,0.00152922666,-2.604723E-05,0,-0.009842031,-0.1549931,0.135309041,-0.179204762,0.179152668,true,0.05340962,0,-0.0871453
140,594,5.94,ASCENT,0.396996826,Ascent,false,true,0.1792553,0.175928,0.1792553,99,404,418,false,false,NONE,0.05015197,1.23389411,-0.104017265,0.956803739,0.288865834,0.00220550923,-0.0328369923,0.0230704974,0.318003476,-0.02242368,-0.394266546,-0.0144969067,-0.0394358337,true,true,8,true,true,0.0123219285,0.00627989136,0.226631135,0.06367101,0.221946955,0.136410475,0.8197303,left_upper_arm,true,0.003088286,0,0.226082668,0.621725738,false,false,bar_height|bar_linear_stillness|bar_angular_stillness|knee_extension|hip_extension,1.39497,0.319626778,0.396499,1.18890691,1.14313674,0.162183225,0.05,0.02,0.2,0.08726646,0.17453292,0.17453292,0.004905641,0.0199512858,0.0199512858,false,0.0323534161,0.250161916,0.182387277,0.0473699719,0.00755255762,602.6138,0.2175344,right_shank,twist_x,0.00558172353,NA,NA,NA,true,0.0427421965,1.08223975,-0.0913220942,0.0211077817,0.290267557,0.00115316408,-2.604723E-05,0,-0.009842031,-0.1549931,0.135309041,-0.179204762,0.179152668,true,0.0536632463,0,-0.08709871
140,595,5.95,ASCENT,0.393996835,Ascent,false,true,0.181671381,0.178399861,0.181671381,99,404,418,false,false,NONE,0.05037421,1.23696613,-0.104241289,0.957363963,0.2869805,0.00225762161,-0.0330361575,0.02221496,0.314634621,-0.0227187015,-0.39178893,-0.0143618025,-0.03828294,true,true,8,true,true,0.0123049114,0.0126989465,0.226611987,0.0636901557,0.222149372,0.136208057,0.8199661,left_upper_arm,true,0.003099299,0,0.227358475,0.6364004,false,false,bar_height|bar_linear_stillness|bar_angular_stillness|knee_extension|hip_extension,1.39497,0.316235036,0.393916756,1.17953455,1.13357878,0.161173463,0.05,0.02,0.2,0.08726646,0.17453292,0.17453292,0.004932441,0.0198977347,0.0198977347,false,0.0324735045,0.2499832,0.18200694,0.0466989167,0.00737464754,601.938232,0.217290536,right_shank,twist_x,0.00561641436,NA,NA,NA,true,0.0429446176,1.08508956,-0.0913029462,0.0203082468,0.2872394,0.0007647266,-2.604723E-05,0,-0.009842031,-0.1549931,0.135309041,-0.179204762,0.179152668,true,0.0538186654,0,-0.08721637
140,596,5.96,ASCENT,0.390996844,Ascent,false,true,0.184057415,0.180833638,0.184057415,99,404,418,false,false,NONE,0.050588347,1.24000728,-0.104468346,0.9579176,0.2851041,0.002308369,-0.03322935,0.0213971343,0.3115679,-0.0230079722,-0.389607966,-0.0142222978,-0.0371050052,true,true,8,true,true,0.0122979153,0.006321523,0.226596564,0.06370557,0.222344965,0.136012465,0.8202189,left_upper_arm,true,0.003110678,0,0.228668347,0.650354743,false,false,bar_height|bar_linear_stillness|bar_angular_stillness|knee_extension|hip_extension,1.39497,0.313148141,0.3916292,1.17020893,1.12401545,0.160185665,0.05,0.02,0.2,0.08726646,0.17453292,0.17453292,0.00495517254,0.0198395345,0.0198395345,false,0.0326368846,0.249849916,0.181620583,0.046051234,0.00719697773,601.398254,0.217095613,right_shank,twist_x,0.005618458,NA,NA,NA,true,0.0431402065,1.087912,-0.09128753,0.019626379,0.284506619,0.000416453666,-2.604723E-05,0,-0.009842031,-0.1549931,0.135309041,-0.179204762,0.179152668,true,0.0540373474,0,-0.08720651
140,597,5.97,ASCENT,0.387996852,Ascent,false,true,0.186418831,0.183248937,0.186418831,99,404,418,false,false,NONE,0.0507939532,1.24302065,-0.104698472,0.958465159,0.283235431,0.00235779583,-0.0334164873,0.0205601044,0.308804065,-0.023300115,-0.387721241,-0.0140739437,-0.0359019563,true,true,8,true,true,0.01228252,0.0127334148,0.226584435,0.0637177,0.222532853,0.135824576,0.8204821,left_upper_arm,true,0.003122414,0,0.229994982,0.663604558,false,false,bar_height|bar_linear_stillness|bar_angular_stillness|knee_extension|hip_extension,1.39497,0.3103636,0.389634162,1.16086876,1.11447179,0.159229219,0.05,0.02,0.2,0.08726646,0.17453292,0.17453292,0.00497432053,0.0197624713,0.0197624713,false,0.0327046029,0.2496976,0.1812417,0.0454381257,0.00703761,600.5562,0.216791645,right_shank,twist_x,0.00565270334,NA,NA,NA,true,0.0433280878,1.09070957,-0.0912754,0.0188512765,0.282017857,6.177127E-05,-2.604723E-05,0,-0.009842031,-0.1549931,0.135309041,-0.179204762,0.179152668,true,0.0541751534,0,-0.0873691961
140,598,5.98,ASCENT,0.384996861,Ascent,false,true,0.188754141,0.185631156,0.188754141,99,404,418,false,false,NONE,0.05099161,1.24600887,-0.104931645,0.9590074,0.2813721,0.00240599737,-0.03359739,0.01975853,0.306309462,-0.0235908311,-0.3863064,-0.0139212217,-0.0346747749,true,true,8,true,true,0.0122770192,0.00635652151,0.226575583,0.06372657,0.222714081,0.135643348,0.820756733,left_upper_arm,true,0.00313402712,0,0.231316149,0.6760742,false,false,bar_height|bar_linear_stillness|bar_angular_stillness|knee_extension|hip_extension,1.39497,0.307851285,0.388109237,1.15156221,1.1049242,0.1582836,0.05,0.02,0.2,0.08726646,0.17453292,0.17453292,0.004989736,0.0196865164,0.0196865164,false,0.0328162871,0.249576271,0.18085508,0.044839,0.006879668,599.864563,0.216541976,right_shank,twist_x,0.005655229,NA,NA,NA,true,0.0435093157,1.09348512,-0.0912665352,0.018193014,0.279806346,-0.00024588505,-2.604723E-05,0,-0.009842031,-0.1549931,0.135309041,-0.179204762,0.179152668,true,0.0543846674,0,-0.0873919353
140,599,5.99,ASCENT,0.38199687,Ascent,false,true,0.191066921,0.187997043,0.191066921,99,404,418,false,false,NONE,0.051180888,1.24897456,-0.105167978,0.959544957,0.2795118,0.0024530557,-0.03377197,0.0189353414,0.304064,-0.0238932054,-0.385413945,-0.0137602128,-0.0334233642,true,true,8,true,true,0.0122589516,0.0127484119,0.2265696,0.06373254,0.2228879,0.135469526,0.8210442,left_upper_arm,true,0.00314514781,0,0.232587844,0.687729955,false,false,bar_height|bar_linear_stillness|bar_angular_stillness|knee_extension|hip_extension,1.39497,0.305588543,0.3871051,1.14222872,1.0953964,0.15735355,0.05,0.02,0.2,0.08726646,0.17453292,0.17453292,0.00500186533,0.0195951983,0.0195951983,false,0.03283506,0.249426976,0.180485263,0.0442518741,0.00672017457,598.923035,0.2162021,right_shank,twist_x,0.0056864596,NA,NA,NA,true,0.04368315,1.09624076,-0.09126056,0.0174414851,0.2778039,-0.0005568733,-2.604723E-05,0,-0.009842031,-0.1549931,0.135309041,-0.179204762,0.179152668,true,0.0545253456,0,-0.08756087
140,600,6,ASCENT,0.378996879,Ascent,false,true,0.1933567,0.190333724,0.1933567,99,404,418,false,false,NONE,0.0513623431,1.25192046,-0.10540735,0.960078657,0.277652383,0.00249906187,-0.03394006,0.0181476083,0.302097142,-0.02418366,-0.384935826,-0.0135948006,-0.03214833,true,true,8,true,true,0.0122520747,0.006391946,0.226566359,0.06373578,0.223055258,0.135302171,0.8213359,left_upper_arm,true,0.003156402,0,0.233880714,0.6988475,false,false,bar_height|bar_linear_stillness|bar_angular_stillness|knee_extension|hip_extension,1.39497,0.303606451,0.3865151,1.13290215,1.08583522,0.15643172,0.05,0.02,0.2,0.08726646,0.17453292,0.17453292,0.00501073152,0.0195095111,0.0195095111,false,0.0328898951,0.249272868,0.180070221,0.04367819,0.00657138228,597.3977,0.215651467,right_shank,twist_x,0.00569128059,NA,NA,NA,true,0.0438504927,1.09897912,-0.09125732,0.0168054011,0.27607137,-0.0008171697,-2.604723E-05,0,-0.009842031,-0.1549931,0.135309041,-0.179204762,0.179152668,true,0.0547198243,0,-0.08763227
140,601,6.01,ASCENT,0.3759969,Ascent,false,true,0.1956299,0.192659676,0.1956299,99,404,418,false,false,NONE,0.0515355542,1.2548486,-0.105649911,0.960609138,0.275791079,0.002544114,-0.034101557,0.0173367858,0.3003269,-0.024486769,-0.385078728,-0.0134219062,-0.0308495946,true,true,8,true,true,0.0122257359,0.0127465893,0.22656557,0.06373658,0.223215476,0.135141954,0.8216364,left_upper_arm,true,0.00316668022,0,0.2350876,0.7091814,false,false,bar_height|bar_linear_stillness|bar_angular_stillness|knee_extension|hip_extension,1.39497,0.301821828,0.386545569,1.12354648,1.07629,0.15550749,0.05,0.02,0.2,0.08726646,0.17453292,0.17453292,0.005016707,0.01941121,0.01941121,false,0.0328656659,0.249069452,0.179643273,0.04310951,0.006425992,596.2292,0.21522966,right_shank,twist_x,0.00571971061,NA,NA,NA,true,0.0440107174,1.10170209,-0.09125652,0.0160759147,0.274517268,-0.00107616885,-2.604723E-05,0,-0.009842031,-0.1549931,0.135309041,-0.179204762,0.179152668,true,0.0548654981,0,-0.0878091156
140,602,6.0200000000000005,ASCENT,0.3729969,Ascent,false,true,0.1978823,0.19495976,0.1978823,99,404,418,false,false,NONE,0.051701,1.25776052,-0.105895519,0.9611373,0.273925,0.00258832332,-0.0342562944,0.0165554248,0.298720956,-0.02477864,-0.385766268,-0.0132452305,-0.0295271426,true,true,8,true,true,0.0122119747,0.00640358776,0.226566881,0.06373527,0.223369345,0.134988084,0.8219428,left_upper_arm,true,0.003175896,0,0.23622714,0.718940437,false,false,bar_height|bar_linear_stillness|bar_angular_stillness|knee_extension|hip_extension,1.39497,0.3002037,0.3871213,1.11419713,1.06673789,0.154573113,0.05,0.02,0.2,0.08726646,0.17453292,0.17453292,0.005019948,0.0193220433,0.0193220433,false,0.0328767858,0.248871058,0.179211572,0.0425282121,0.0062732324,595.060364,0.214807734,right_shank,twist_x,0.00572135765,NA,NA,NA,true,0.04416458,1.10441136,-0.09125783,0.0154571272,0.27312842,-0.0012809753,-2.604723E-05,0,-0.009842031,-0.1549931,0.135309041,-0.179204762,0.179152668,true,0.0551054254,0,-0.0878865942
140,603,6.03,ASCENT,0.3699969,Ascent,false,true,0.2001161,0.197247267,0.2001161,99,404,418,false,false,NONE,0.0518582873,1.26065838,-0.106144294,0.961663663,0.272052169,0.00263176556,-0.0344041847,0.01575198,0.297319025,-0.0250777472,-0.386938274,-0.0130616864,-0.0281812456,true,true,8,true,true,0.0121894935,0.0127289146,0.226570159,0.0637319759,0.223516315,0.134841114,0.822252,left_upper_arm,true,0.003185097,0,0.237354845,0.72822696,false,false,bar_height|bar_linear_stillness|bar_angular_stillness|knee_extension|hip_extension,1.39497,0.298790276,0.388182968,1.10478044,1.05714381,0.153643951,0.05,0.02,0.2,0.08726646,0.17453292,0.17453292,0.005020745,0.0192238223,0.0192238223,false,0.0328047052,0.248602822,0.17873621,0.0419545434,0.00612721825,592.488342,0.213879272,right_shank,twist_x,0.005749475,NA,NA,NA,true,0.044311557,1.10710847,-0.0912611261,0.0147449831,0.271911323,-0.001488937,-2.604723E-05,0,-0.009842031,-0.1549931,0.135309041,-0.179204762,0.179152668,true,0.0552426167,0,-0.0881029
140,604,6.04,ASCENT,0.3669969,Ascent,false,true,0.202338755,0.199518681,0.202338755,99,404,418,false,false,NONE,0.05200785,1.26354325,-0.106396057,0.962189138,0.2701695,0.0026745575,-0.034545064,0.0149755683,0.296022534,-0.0253638439,-0.388674825,-0.0128749106,-0.0268113837,true,true,8,true,true,0.0121609792,0.00641570147,0.226574957,0.06372718,0.223657012,0.134700418,0.8225634,left_upper_arm,true,0.00319311139,0,0.238404408,0.7370272,false,false,bar_height|bar_linear_stillness|bar_angular_stillness|knee_extension|hip_extension,1.39497,0.297484338,0.389811158,1.09537375,1.04755211,0.152691945,0.05,0.02,0.2,0.08726646,0.17453292,0.17453292,0.005019434,0.019138556,0.019138556,false,0.0327721126,0.248290047,0.178200781,0.0413656458,0.005983767,591.0268,0.213351667,right_shank,twist_x,0.005751079,NA,NA,NA,true,0.0444522463,1.109795,-0.0912659243,0.0141397752,0.270825267,-0.00163714483,-2.604723E-05,0,-0.009842031,-0.1549931,0.135309041,-0.179204762,0.179152668,true,0.0554910526,0,-0.08818399
140,605,6.05,ASCENT,0.363996923,Ascent,false,true,0.204542816,0.2017774,0.204542816,99,404,418,false,false,NONE,0.05214925,1.26641548,-0.106650881,0.9627142,0.268274724,0.00271677575,-0.0346788242,0.0141695719,0.294757336,-0.0256507825,-0.390952021,-0.012682857,-0.0254177935,true,true,8,true,true,0.0121259745,0.0126646,0.226581216,0.06372092,0.223790988,0.134566441,0.822878242,left_upper_arm,true,0.00319908047,0,0.239292115,0.745348,false,false,bar_height|bar_linear_stillness|bar_angular_stillness|knee_extension|hip_extension,1.39497,0.296210438,0.391982645,1.08592033,1.03796029,0.151716679,0.05,0.02,0.2,0.08726646,0.17453292,0.17453292,0.00501614064,0.0190443,0.0190443,false,0.03267033,0.247929588,0.17766352,0.0407550149,0.005831172,589.328552,0.212738633,right_shank,twist_x,0.0057701855,NA,NA,NA,true,0.04458623,1.112471,-0.09127218,0.0134373941,0.269748867,-0.00178679125,-2.604723E-05,0,-0.009842031,-0.1549931,0.135309041,-0.179204762,0.179152668,true,0.055716496,0,-0.08838677
140,606,6.0600000000000005,ASCENT,0.360996932,Ascent,false,true,0.2067306,0.2040165,0.2067306,99,404,418,false,false,NONE,0.05228283,1.26927507,-0.106908523,0.963239551,0.266365469,0.00275850878,-0.0348053165,0.01338391,0.293486923,-0.025917232,-0.3936457,-0.0124883037,-0.02399952,true,true,8,true,true,0.0120986,0.006410503,0.2265884,0.06371374,0.223918647,0.134438783,0.823193848,left_upper_arm,true,0.00320362952,0,0.2400856,0.753412962,false,false,bar_height|bar_linear_stillness|bar_angular_stillness|knee_extension|hip_extension,1.39497,0.294932872,0.394574285,1.07645631,1.02835858,0.150712952,0.05,0.02,0.2,0.08726646,0.17453292,0.17453292,0.00501134247,0.0189675372,0.0189675372,false,0.03260215,0.24755621,0.17712,0.04011523,0.00566874258,587.6305,0.212125659,right_shank,twist_x,0.00576931331,NA,NA,NA,true,0.04471389,1.11513662,-0.0912793651,0.0128347836,0.268683255,-0.00188405812,-2.604723E-05,0,-0.009842031,-0.1549931,0.135309041,-0.179204762,0.179152668,true,0.05602382,0,-0.08849706
140,607,6.07,ASCENT,0.357996941,Ascent,false,true,0.208902061,0.206244886,0.208902061,99,404,418,false,false,NONE,0.0524081923,1.2721225,-0.107169092,0.963765442,0.2644403,0.002799805,-0.03492443,0.0125719244,0.2922743,-0.0261894558,-0.396707267,-0.0122892018,-0.0225573853,true,true,8,true,true,0.0120582581,0.0125992438,0.226596624,0.06370552,0.224039689,0.134317741,0.823507667,left_upper_arm,true,0.003208159,0,0.240866557,0.7612869,false,false,bar_height|bar_linear_stillness|bar_angular_stillness|knee_extension|hip_extension,1.39497,0.2937145,0.397538066,1.06690955,1.0186938,0.149759889,0.05,0.02,0.2,0.08726646,0.17453292,0.17453292,0.005005084,0.0188844968,0.0188844968,false,0.03245781,0.247046575,0.176451445,0.0394788161,0.00551994564,583.9387,0.210792989,right_shank,twist_x,0.005790046,NA,NA,NA,true,0.044834923,1.117792,-0.09128758,0.01213561,0.267670125,-0.0019874454,-2.604723E-05,0,-0.009842031,-0.1549931,0.135309041,-0.179204762,0.179152668,true,0.0562176555,0,-0.08872156
140,608,6.08,ASCENT,0.354996949,Ascent,false,true,0.211066782,0.2084626,0.211066782,99,404,418,false,false,NONE,0.0525256544,1.27495754,-0.1074323,0.964292347,0.262496918,0.00284074177,-0.03503599,0.0117794992,0.291021138,-0.0264381263,-0.400137484,-0.0120884087,-0.0210901666,true,true,8,true,true,0.0120114731,0.00640241941,0.226605251,0.06369689,0.224154323,0.1342031,0.8238197,left_upper_arm,true,0.00321127335,0,0.241555274,0.7690107,false,false,bar_height|bar_linear_stillness|bar_angular_stillness|knee_extension|hip_extension,1.39497,0.2924569,0.4008752,1.05736911,1.00903428,0.149036288,0.05,0.02,0.2,0.08726646,0.17453292,0.17453292,0.00499790162,0.0188183356,0.0188183356,false,0.0323531,0.246515587,0.175761849,0.0388083234,0.00536150066,581.984,0.210087359,right_shank,twist_x,0.005789688,NA,NA,NA,true,0.04494957,1.12043762,-0.09129621,0.011531949,0.266652018,-0.00203383761,-2.604723E-05,0,-0.009842031,-0.1549931,0.135309041,-0.179204762,0.179152668,true,0.0565284528,0,-0.08881939
140,609,6.09,ASCENT,0.351996958,Ascent,false,true,0.213213027,0.210667372,0.213213027,99,404,418,false,false,NONE,0.0526347831,1.277779,-0.107698143,0.964820564,0.260534376,0.0028813486,-0.0351399146,0.0109533137,0.2896474,-0.0266791917,-0.40387544,-0.011885047,-0.0195987057,true,true,8,true,true,0.011963007,0.0124870632,0.226614445,0.06368769,0.224262372,0.134095058,0.824131131,left_upper_arm,true,0.00321246055,0,0.242089927,0.776568055,false,false,bar_height|bar_linear_stillness|bar_angular_stillness|knee_extension|hip_extension,1.39497,0.29107967,0.4045253,1.047784,0.9993693,0.148301125,0.05,0.02,0.2,0.08726646,0.17453292,0.17453292,0.00498968363,0.0187457278,0.0187457278,false,0.0321929045,0.2459385,0.175065249,0.03810649,0.005192062,579.8397,0.2093133,right_shank,twist_x,0.00580063649,NA,NA,NA,true,0.0450576134,1.12307227,-0.09130541,0.0108275153,0.265505642,-0.00208580983,-2.604723E-05,0,-0.009842031,-0.1549931,0.135309041,-0.179204762,0.179152668,true,0.0568264127,0,-0.0890245
140,610,6.1000000000000005,ASCENT,0.348996967,Ascent,false,true,0.215344131,0.212853909,0.215344131,99,404,418,false,false,NONE,0.05273586,1.28058684,-0.107966423,0.9653502,0.258551359,0.00292166183,-0.03523604,0.0101470649,0.28828454,-0.02690652,-0.4077718,-0.0116804671,-0.0180820767,true,true,8,true,true,0.0119358758,0.00640136935,0.226623625,0.06367851,0.224363863,0.133993566,0.8244377,left_upper_arm,true,0.003214369,0,0.242686167,0.7842323,false,false,bar_height|bar_linear_stillness|bar_angular_stillness|knee_extension|hip_extension,1.39497,0.2897152,0.4083396,1.0381434,0.989631057,0.147565529,0.05,0.02,0.2,0.08726646,0.17453292,0.17453292,0.004981056,0.0186938178,0.0186938178,false,0.03204727,0.2452697,0.174260169,0.037400987,0.00502987159,575.3574,0.207695276,right_shank,twist_x,0.005805749,NA,NA,NA,true,0.0451591,1.12569559,-0.09131459,0.0102147,0.264383942,-0.002096945,-2.604723E-05,0,-0.009842031,-0.1549931,0.135309041,-0.179204762,0.179152668,true,0.0571107268,0,-0.0891690254
140,611,6.11,ASCENT,0.345996976,Ascent,false,true,0.217467487,0.2150374,0.217467487,99,404,418,false,false,NONE,0.05282848,1.28337979,-0.108237095,0.965881467,0.256547,0.00296170264,-0.03532426,0.009308047,0.28677085,-0.0271215532,-0.4119211,-0.0114746187,-0.0165412743,true,true,8,true,true,0.0118611129,0.0123782242,0.226633042,0.06366909,0.224458709,0.13389872,0.8247423,left_upper_arm,true,0.00321459747,0,0.243150085,0.7917962,false,false,bar_height|bar_linear_stillness|bar_angular_stillness|knee_extension|hip_extension,1.39497,0.288200855,0.412412763,1.02848554,0.9799033,0.1468165,0.05,0.02,0.2,0.08726646,0.17453292,0.17453292,0.00497185439,0.0186374784,0.0186374784,false,0.0318608657,0.24451375,0.1733875,0.0366635956,0.004862734,572.9895,0.206840485,right_shank,twist_x,0.00581450434,NA,NA,NA,true,0.04525395,1.128307,-0.09132401,0.009501503,0.263139367,-0.00210679765,-2.604723E-05,0,-0.009842031,-0.1549931,0.135309041,-0.179204762,0.179152668,true,0.0574061163,0,-0.08934411
140,612,6.12,ASCENT,0.342996985,Ascent,false,true,0.219573021,0.217200875,0.219573021,99,404,418,false,false,NONE,0.0529128164,1.28615582,-0.108509757,0.9664144,0.254520625,0.00300147757,-0.0354044251,0.008477924,0.285059452,-0.0273019634,-0.416126251,-0.0112693924,-0.0149748847,true,true,8,true,true,0.0118223587,0.00634348439,0.226641983,0.06366015,0.22454679,0.133810639,0.8250437,left_upper_arm,true,0.00321317138,0,0.243500248,0.7994656,false,false,bar_height|bar_linear_stillness|bar_angular_stillness|knee_extension|hip_extension,1.39497,0.286489367,0.416548073,1.01882827,0.9701876,0.146050587,0.05,0.02,0.2,0.08726646,0.17453292,0.17453292,0.00496267527,0.0185972061,0.0185972061,false,0.03170449,0.24375701,0.17253001,0.0358854681,0.00468076766,570.6421,0.2059931,right_shank,twist_x,0.005811109,NA,NA,NA,true,0.0453420356,1.13090432,-0.09133295,0.00887023,0.2617015,-0.002076017,-2.604723E-05,0,-0.009842031,-0.1549931,0.135309041,-0.179204762,0.179152668,true,0.0578194559,0,-0.08946758
140,613,6.13,ASCENT,0.339997,Ascent,false,true,0.221658051,0.21934849,0.221658051,99,404,418,false,false,NONE,0.0529885,1.2889142,-0.108784549,0.9669487,0.2524725,0.003040965,-0.0354764275,0.007619072,0.2832943,-0.0274903364,-0.420369774,-0.0110637434,-0.0133849168,true,true,8,true,true,0.0117761306,0.0122654233,0.226650923,0.06365122,0.2246281,0.133729324,0.825341165,left_upper_arm,true,0.00321255159,0,0.243897051,0.807246864,false,false,bar_height|bar_linear_stillness|bar_angular_stillness|knee_extension|hip_extension,1.39497,0.284726918,0.4207283,1.00907612,0.9603798,0.145292133,0.05,0.02,0.2,0.08726646,0.17453292,0.17453292,0.00495325774,0.0185565036,0.0185565036,false,0.03148717,0.242903054,0.1715798,0.0351115,0.00450471742,565.2857,0.204059526,right_shank,twist_x,0.00582471443,NA,NA,NA,true,0.04542334,1.13348663,-0.09134188,0.008140223,0.260214984,-0.002063039,-2.604723E-05,0,-0.009842031,-0.1549931,0.135309041,-0.179204762,0.179152668,true,0.05806234,0,-0.08969124
140,614,6.1400000000000006,ASCENT,0.336997,Ascent,false,true,0.223739266,0.221488774,0.223739266,99,404,418,false,false,NONE,0.0530556962,1.29165316,-0.109061018,0.967484534,0.2504018,0.00308016827,-0.0355401263,0.006769573,0.281326979,-0.0276382733,-0.4246355,-0.0108597158,-0.0117696272,true,true,8,true,true,0.011704633,0.00631746231,0.226659119,0.06364302,0.224702388,0.133655041,0.825635135,left_upper_arm,true,0.00321076578,0,0.24421981,0.815146,false,false,bar_height|bar_linear_stillness|bar_angular_stillness|knee_extension|hip_extension,1.39497,0.282762378,0.424937367,0.9993603,0.9506085,0.144511536,0.05,0.02,0.2,0.08726646,0.17453292,0.17453292,0.004944317,0.0185335632,0.0185335632,false,0.0313065164,0.241956756,0.170526534,0.0343015827,0.00432539871,562.77124,0.203151852,right_shank,twist_x,0.005823176,NA,NA,NA,true,0.0454976335,1.1360532,-0.09135008,0.00748904143,0.258578122,-0.00200138381,-2.604723E-05,0,-0.009842031,-0.1549931,0.135309041,-0.179204762,0.179152668,true,0.0584485419,0,-0.08977779
140,615,6.15,ASCENT,0.333997,Ascent,false,true,0.225795984,0.2236098,0.225795984,99,404,418,false,false,NONE,0.0531139672,1.29436994,-0.109339029,0.968021452,0.248309642,0.00311903,-0.03559543,0.005880948,0.279073954,-0.0277649388,-0.428799957,-0.0106576113,-0.0101309605,true,true,8,true,true,0.01164602,0.01208671,0.226666957,0.06363518,0.224769726,0.1335877,0.8259265,left_upper_arm,true,0.00320670172,0,0.244362354,0.8231308,false,false,bar_height|bar_linear_stillness|bar_angular_stillness|knee_extension|hip_extension,1.39497,0.280513376,0.429052,0.9896281,0.9408548,0.1437184,0.05,0.02,0.2,0.08726646,0.17453292,0.17453292,0.004935384,0.0185036883,0.0185036883,false,0.0310859922,0.240993008,0.169490114,0.0334558822,0.004132165,560.1286,0.2021979,right_shank,twist_x,0.00582390744,NA,NA,NA,true,0.04556497,1.13860083,-0.091357924,0.00673395954,0.2566437,-0.00195363164,-2.604723E-05,0,-0.009842031,-0.1549931,0.135309041,-0.179204762,0.179152668,true,0.0588459224,0,-0.0899691656
140,616,6.16,ASCENT,0.33099702,Ascent,false,true,0.22783196,0.22570765,0.22783196,99,404,418,false,false,NONE,0.0531633757,1.29706144,-0.109618135,0.9685592,0.246196538,0.00315749715,-0.035642188,0.00499357656,0.2765175,-0.02785338,-0.4327383,-0.0104584005,-0.008467177,true,true,8,true,true,0.0115976892,0.006270072,0.226673886,0.06362826,0.224829674,0.133527756,0.826214433,left_upper_arm,true,0.00320122158,0,0.24440515,0.831356049,false,false,bar_height|bar_linear_stillness|bar_angular_stillness|knee_extension|hip_extension,1.39497,0.277961642,0.432947457,0.979909539,0.9311221,0.142910868,0.05,0.02,0.2,0.08726646,0.17453292,0.17453292,0.004927188,0.0184957441,0.0184957441,false,0.0309031252,0.240040317,0.168478891,0.0325752348,0.003926848,557.6263,0.2012946,right_shank,twist_x,0.00582002942,NA,NA,NA,true,0.0456249155,1.14112663,-0.0913648456,0.00604893,0.254433453,-0.00187852979,-2.604723E-05,0,-0.009842031,-0.1549931,0.135309041,-0.179204762,0.179152668,true,0.05930283,0,-0.09008774
140,617,6.17,ASCENT,0.327997029,Ascent,false,true,0.229844332,0.227786481,0.229844332,99,404,418,false,false,NONE,0.05320356,1.29972625,-0.109898478,0.9690973,0.244063824,0.00319550536,-0.0356803164,0.00407641055,0.273843676,-0.02795026,-0.436506122,-0.0102615245,-0.00678102626,true,true,8,true,true,0.0115384385,0.011946599,0.226680428,0.06362171,0.224882364,0.133475065,0.8264986,left_upper_arm,true,0.00319761364,0,0.244571865,0.839735,false,false,bar_height|bar_linear_stillness|bar_angular_stillness|knee_extension|hip_extension,1.39497,0.275296569,0.436679363,0.9701114,0.921305835,0.142110512,0.05,0.02,0.2,0.08726646,0.17453292,0.17453292,0.0049193427,0.0184837319,0.0184837319,false,0.03064997,0.238905609,0.16726999,0.03171316,0.00373801356,551.446,0.1990636,right_shank,twist_x,0.00583005743,NA,NA,NA,true,0.04567761,1.14362919,-0.0913713947,0.005265217,0.2521342,-0.00182523427,-2.604723E-05,0,-0.009842031,-0.1549931,0.135309041,-0.179204762,0.179152668,true,0.05956612,0,-0.09029471
140,618,6.18,ASCENT,0.324997038,Ascent,false,true,0.231850088,0.229854584,0.231850088,99,404,418,false,false,NONE,0.05323464,1.30236232,-0.110179566,0.9696355,0.241911858,0.0032330032,-0.0357096754,0.0031657787,0.270943731,-0.0280030873,-0.4400505,-0.0100685824,-0.00507095875,true,true,8,true,true,0.0114570931,0.006232637,0.226685941,0.0636162,0.224927366,0.133430064,0.8267815,left_upper_arm,true,0.00319356425,0,0.244719028,0.848303,false,false,bar_height|bar_linear_stillness|bar_angular_stillness|knee_extension|hip_extension,1.39497,0.2724054,0.4401949,0.960373342,0.911542356,0.141288728,0.05,0.02,0.2,0.08726646,0.17453292,0.17453292,0.004912421,0.0184860341,0.0184860341,false,0.0304459836,0.237778544,0.166060537,0.0308162514,0.00353689515,548.892944,0.198141992,right_shank,twist_x,0.005830342,NA,NA,NA,true,0.0457226,1.14610779,-0.0913769,0.004550828,0.2496582,-0.001731963,-2.604723E-05,0,-0.009842031,-0.1549931,0.135309041,-0.179204762,0.179152668,true,0.05995896,0,-0.0903659537
140,619,6.19,ASCENT,0.321997046,Ascent,false,true,0.233827651,0.231898844,0.233827651,99,404,418,false,false,NONE,0.0532562025,1.30496681,-0.110461235,0.9701732,0.239742875,0.0032698873,-0.0357301943,0.002217555,0.267755568,-0.0280315317,-0.4432621,-0.009880219,-0.00333963754,true,true,8,true,true,0.0113969306,0.0117515428,0.226690829,0.06361132,0.224964827,0.1333926,0.827063739,left_upper_arm,true,0.00318830879,0,0.244764045,0.857001364,false,false,bar_height|bar_linear_stillness|bar_angular_stillness|knee_extension|hip_extension,1.39497,0.269228,0.443384767,0.9506462,0.9018155,0.140458748,0.05,0.02,0.2,0.08726646,0.17453292,0.17453292,0.004905872,0.0184812639,0.0184812639,false,0.03021072,0.236661062,0.164886788,0.02989397,0.003323644,546.264,0.197192982,right_shank,twist_x,0.0058294097,NA,NA,NA,true,0.04576006,1.14855874,-0.09138178,0.0037346012,0.246879518,-0.00165555673,-2.604723E-05,0,-0.009842031,-0.1549931,0.135309041,-0.179204762,0.179152668,true,0.0603561029,0,-0.09053775
140,620,6.2,ASCENT,0.318997055,Ascent,false,true,0.235779762,0.23391515,0.235779762,99,404,418,false,false,NONE,0.05326837,1.307539,-0.110743374,0.97071,0.237557814,0.00330608687,-0.0357417464,0.00127972348,0.264533848,-0.0280578323,-0.446195662,-0.009696092,-0.00158632686,true,true,8,true,true,0.01136853,0.00622736244,0.226694643,0.0636075,0.2249942,0.133363232,0.8273441,left_upper_arm,true,0.00318590133,0,0.245021,0.8658987,false,false,bar_height|bar_linear_stillness|bar_angular_stillness|knee_extension|hip_extension,1.39497,0.266020745,0.4463038,0.9408756,0.892012358,0.1396324,0.05,0.02,0.2,0.08726646,0.17453292,0.17453292,0.004900366,0.0184962135,0.0184962135,false,0.02998108,0.235439032,0.163574591,0.0289952941,0.00312309922,539.6526,0.194806367,right_shank,twist_x,0.00584091945,NA,NA,NA,true,0.0457894355,1.15098155,-0.0913856,0.00298731565,0.244083732,-0.00156690076,-2.604723E-05,0,-0.009842031,-0.1549931,0.135309041,-0.179204762,0.179152668,true,0.0606344976,0,-0.0906700939
140,621,6.21,ASCENT,0.315997064,Ascent,false,true,0.237721086,0.235922813,0.237721086,99,404,418,false,false,NONE,0.0532708056,1.31007707,-0.111025766,0.971245468,0.235358149,0.0033415237,-0.03574426,0.000310382224,0.261099875,-0.0280552786,-0.4488571,-0.00951763,0.000186284538,true,true,8,true,true,0.0112679517,0.01159161,0.226697773,0.06360436,0.225015789,0.13334164,0.8276259,left_upper_arm,true,0.003182792,0,0.245223522,0.874806464,false,false,bar_height|bar_linear_stillness|bar_angular_stillness|knee_extension|hip_extension,1.39497,0.262603,0.448958039,0.931167,0.8822802,0.138787374,0.05,0.02,0.2,0.08726646,0.17453292,0.17453292,0.004895486,0.018507015,0.018507015,false,0.0297373161,0.2341381,0.162202612,0.0280736443,0.00291707017,536.969238,0.193837717,right_shank,twist_x,0.00584234,NA,NA,NA,true,0.0458110347,1.15337515,-0.09138874,0.002143439,0.241104066,-0.001477165,-2.604723E-05,0,-0.009842031,-0.1549931,0.135309041,-0.179204762,0.179152668,true,0.060952343,0,-0.09078067
140,622,6.22,ASCENT,0.312997073,Ascent,false,true,0.23963207,0.237897992,0.23963207,99,404,418,false,false,NONE,0.0532635227,1.31257832,-0.111308023,0.971779048,0.233145729,0.00337608275,-0.03573763,-0.0006616524,0.257383019,-0.0280186031,-0.451079756,-0.009345687,0.001979515,true,true,8,true,true,0.011211589,0.00612167269,0.22669962,0.06360253,0.225028932,0.1333285,0.827906668,left_upper_arm,true,0.00317813084,0,0.245305747,0.8838433,false,false,bar_height|bar_linear_stillness|bar_angular_stillness|knee_extension|hip_extension,1.39497,0.258904427,0.4511809,0.9215402,0.872616,0.137933731,0.05,0.02,0.2,0.08726646,0.17453292,0.17453292,0.004891664,0.01852675,0.01852675,false,0.0295420736,0.232749522,0.160900638,0.0271294266,0.00269872625,534.2655,0.1928617,right_shank,twist_x,0.00584047753,NA,NA,NA,true,0.0458241738,1.15573609,-0.09139057,0.00135875191,0.237814367,-0.0013621886,-2.604723E-05,0,-0.009842031,-0.1549931,0.135309041,-0.179204762,0.179152668,true,0.06141183,0,-0.09084531
140,623,6.23,ASCENT,0.309997082,Ascent,false,true,0.241509736,0.239843488,0.241509736,99,404,418,false,false,NONE,0.0532462,1.315042,-0.111590557,0.972310245,0.230922192,0.00340968487,-0.0357217975,-0.00166112778,0.253627479,-0.0280212983,-0.45308274,-0.009179752,0.0037896256,true,true,8,true,true,0.0111667085,0.0114308083,0.226700678,0.063601464,0.225033969,0.133323461,0.82818675,left_upper_arm,true,0.00317591568,0,0.245549753,0.8928036,false,false,bar_height|bar_linear_stillness|bar_angular_stillness|knee_extension|hip_extension,1.39497,0.255176127,0.453191578,0.9118549,0.862863064,0.137092173,0.05,0.02,0.2,0.08726646,0.17453292,0.17453292,0.004888527,0.0185495876,0.0185495876,false,0.0293020215,0.2313023,0.15951024,0.0262254681,0.002494707,526.8571,0.1901874,right_shank,twist_x,0.005850578,NA,NA,NA,true,0.0458292,1.15806365,-0.09139164,0.000482461241,0.23449114,-0.0012712091,-2.604723E-05,0,-0.009842031,-0.1549931,0.135309041,-0.179204762,0.179152668,true,0.061610993,0,-0.09100841
140,624,6.24,ASCENT,0.3069971,Ascent,false,true,0.2433781,0.241774619,0.2433781,99,404,418,false,false,NONE,0.0532188863,1.31746626,-0.111872934,0.972839,0.228687957,0.00344226742,-0.035696663,-0.00265890686,0.2496535,-0.0279834662,-0.454846472,-0.009021149,0.00561827049,true,true,8,true,true,0.0110781332,0.00608736742,0.226700351,0.06360179,0.2250302,0.133327231,0.8284669,left_upper_arm,true,0.003172674,0,0.245729491,0.9016861,false,false,bar_height|bar_linear_stillness|bar_angular_stillness|knee_extension|hip_extension,1.39497,0.251231,0.4549706,0.9022955,0.853210032,0.136231422,0.05,0.02,0.2,0.08726646,0.17453292,0.17453292,0.00488669425,0.018587403,0.018587403,false,0.02911566,0.2297851,0.158001259,0.02530084,0.00229014619,524.205,0.189230025,right_shank,twist_x,0.0058531547,NA,NA,NA,true,0.045825433,1.16035688,-0.09139131,-0.000334344921,0.231001437,-0.00114197726,-2.604723E-05,0,-0.009842031,-0.1549931,0.135309041,-0.179204762,0.179152668,true,0.06196352,0,-0.09100505
140,625,6.25,ASCENT,0.3039971,Ascent,false,true,0.245209515,0.243673027,0.245209515,99,404,418,false,false,NONE,0.0531811938,1.31984806,-0.11215499,0.9733646,0.226445451,0.0034737133,-0.035662178,-0.00369473663,0.245379925,-0.027922947,-0.456236541,-0.00887082,0.00746209826,true,true,8,true,true,0.011035081,0.0112036457,0.226699039,0.0636031,0.22501801,0.13333942,0.828748,left_upper_arm,true,0.00316787348,0,0.245779231,0.9104563,false,false,bar_height|bar_linear_stillness|bar_angular_stillness|knee_extension|hip_extension,1.39497,0.246991187,0.4563838,0.892802954,0.843639255,0.135363445,0.05,0.02,0.2,0.08726646,0.17453292,0.17453292,0.004885629,0.0186188333,0.0186188333,false,0.02891707,0.228335261,0.1565732,0.0243581161,0.00207465375,521.524536,0.188262418,right_shank,twist_x,0.00584809156,NA,NA,NA,true,0.04581325,1.16261244,-0.09139,-0.001247177,0.2271889,-0.00103093183,-2.604723E-05,0,-0.009842031,-0.1549931,0.135309041,-0.179204762,0.179152668,true,0.0623450428,0,-0.091107294
140,626,6.26,ASCENT,0.3009971,Ascent,false,true,0.24700743,0.245535016,0.24700743,99,404,418,false,false,NONE,0.05313307,1.32218432,-0.112436369,0.9738866,0.2241962,0.00350391446,-0.03561826,-0.00473716,0.240806654,-0.0278305355,-0.4572268,-0.008728907,0.00932264049,true,true,8,true,true,0.0110038416,0.00604530843,0.2266964,0.06360573,0.224996567,0.133360863,0.8290297,left_upper_arm,true,0.003161895,0,0.2457398,0.9191897,false,false,bar_height|bar_linear_stillness|bar_angular_stillness|knee_extension|hip_extension,1.39497,0.242455825,0.45740515,0.883394957,0.8341406,0.134481,0.05,0.02,0.2,0.08726646,0.17453292,0.17453292,0.00488595665,0.01867068,0.01867068,false,0.0287759248,0.226969391,0.155221835,0.023400221,0.00185122108,519.1444,0.187403232,right_shank,twist_x,0.00584816327,NA,NA,NA,true,0.0457918,1.164827,-0.09138737,-0.00210848055,0.223097846,-0.000915541255,-2.604723E-05,0,-0.009842031,-0.1549931,0.135309041,-0.179204762,0.179152668,true,0.06275383,0,-0.09114081
140,627,6.2700000000000005,ASCENT,0.297997117,Ascent,false,true,0.248771429,0.247366369,0.248771429,99,404,418,false,false,NONE,0.0530742444,1.32447481,-0.11271742,0.974404752,0.221941441,0.00353280781,-0.0355648659,-0.005802776,0.236248851,-0.02777394,-0.458060682,-0.008594872,0.0111957677,true,true,8,true,true,0.0109641561,0.0110575184,0.226693064,0.063609086,0.2249663,0.133391127,0.829313934,left_upper_arm,true,0.00315980171,0,0.245977089,0.9276923,false,false,bar_height|bar_linear_stillness|bar_angular_stillness|knee_extension|hip_extension,1.39497,0.2379466,0.4582781,0.8739437,0.824570954,0.133614168,0.05,0.02,0.2,0.08726646,0.17453292,0.17453292,0.004887268,0.01871926,0.01871926,false,0.02856706,0.225413546,0.153632343,0.0224940684,0.00165197207,511.29248,0.1845688,right_shank,twist_x,0.00585978338,NA,NA,NA,true,0.0457615368,1.167001,-0.091384016,-0.003055123,0.219061211,-0.0008292953,-2.604723E-05,0,-0.009842031,-0.1549931,0.135309041,-0.179204762,0.179152668,true,0.062867254,0,-0.0912550762
140,628,6.28,ASCENT,0.294997126,Ascent,false,true,0.250523925,0.249181211,0.250523925,99,404,418,false,false,NONE,0.0530047864,1.32671893,-0.112997688,0.9749189,0.219681665,0.00356032513,-0.0355019234,-0.006863303,0.23159261,-0.0276725329,-0.458649367,-0.008469837,0.0130827539,true,true,8,true,true,0.0108793871,0.00601157453,0.226688489,0.06361365,0.224926472,0.133430958,0.829603553,left_upper_arm,true,0.0031584776,0,0.246288449,0.936056733,false,false,bar_height|bar_linear_stillness|bar_angular_stillness|knee_extension|hip_extension,1.39497,0.233340979,0.458914071,0.8646377,0.815115154,0.1327291,0.05,0.02,0.2,0.08726646,0.17453292,0.17453292,0.004889898,0.0187747013,0.0187747013,false,0.0284294374,0.223929718,0.152076662,0.02156623,0.00144089991,509.020569,0.183748677,right_shank,twist_x,0.00586792035,NA,NA,NA,true,0.0457217135,1.1691345,-0.09137945,-0.003945689,0.2149677,-0.0007132649,-2.604723E-05,0,-0.009842031,-0.1549931,0.135309041,-0.179204762,0.179152668,true,0.06311732,0,-0.09120497
140,629,6.29,ASCENT,0.291997135,Ascent,false,true,0.2522384,0.250961661,0.2522384,99,404,418,false,false,NONE,0.0529243946,1.32891524,-0.113277,0.975428462,0.217419371,0.00358634861,-0.0354294144,-0.007954419,0.226787433,-0.0275483187,-0.45884192,-0.0083548585,0.014979708,true,true,8,true,true,0.0108476905,0.0108440947,0.226683065,0.06361908,0.2248776,0.133479834,0.8298988,left_upper_arm,true,0.0031566727,0,0.246553928,0.9442569,false,false,bar_height|bar_linear_stillness|bar_angular_stillness|knee_extension|hip_extension,1.39497,0.228592917,0.459162384,0.8554194,0.8057604,0.131832674,0.05,0.02,0.2,0.08726646,0.17453292,0.17453292,0.00489325076,0.0188215654,0.0188215654,false,0.0282836463,0.222534,0.150620326,0.0206284449,0.001219099,506.7296,0.182921678,right_shank,twist_x,0.005866951,NA,NA,NA,true,0.0456728265,1.17122543,-0.0913740247,-0.00492361328,0.210677952,-0.0006167809,-2.604723E-05,0,-0.009842031,-0.1549931,0.135309041,-0.179204762,0.179152668,true,0.06338709,0,-0.09126139
140,630,6.3,ASCENT,0.288997144,Ascent,false,true,0.253917634,0.252703369,0.253917634,99,404,418,false,false,NONE,0.0528331436,1.331065,-0.11355561,0.9759334,0.215154752,0.00361082726,-0.0353472866,-0.009035182,0.2221696,-0.027457498,-0.458965868,-0.008248616,0.01688705,true,true,8,true,true,0.0108516756,0.00604088558,0.226676583,0.06362555,0.224818811,0.133538619,0.8301988,left_upper_arm,true,0.00315911626,0,0.247132823,0.95219785,false,false,bar_height|bar_linear_stillness|bar_angular_stillness|knee_extension|hip_extension,1.39497,0.224042132,0.4593505,0.846179843,0.79633,0.130951986,0.05,0.02,0.2,0.08726646,0.17453292,0.17453292,0.004897818,0.0188848358,0.0188848358,false,0.0281406138,0.221034512,0.148999467,0.0197439,0.001016758,498.648132,0.180004388,right_shank,twist_x,0.005890332,NA,NA,NA,true,0.04561405,1.17327487,-0.09136755,-0.005842324,0.206585184,-0.0005288363,-2.604723E-05,0,-0.009842031,-0.1549931,0.135309041,-0.179204762,0.179152668,true,0.06343536,0,-0.091299504
140,631,6.3100000000000005,ASCENT,0.285997152,Ascent,false,true,0.255584121,0.2544334,0.255584121,99,404,418,false,false,NONE,0.0527308322,1.33316875,-0.113833241,0.976433456,0.212888658,0.003633705,-0.0352555141,-0.01013773,0.217542276,-0.0273335557,-0.458885223,-0.0081529,0.0188013334,true,true,8,true,true,0.010763553,0.0106908511,0.2266694,0.06363275,0.224750757,0.133606672,0.83050704,left_upper_arm,true,0.00316171953,0,0.247730672,0.959834,false,false,bar_height|bar_linear_stillness|bar_angular_stillness|knee_extension|hip_extension,1.39497,0.219487,0.459342569,0.837081552,0.7870386,0.130050659,0.05,0.02,0.2,0.08726646,0.17453292,0.17453292,0.004903242,0.018943809,0.018943809,false,0.0280068349,0.219514638,0.147334218,0.0188431218,0.0008080609,496.384216,0.179187149,right_shank,twist_x,0.005894748,NA,NA,NA,true,0.045546,1.175284,-0.09136035,-0.00683943275,0.202497661,-0.000433837384,-2.604723E-05,0,-0.009842031,-0.1549931,0.135309041,-0.179204762,0.179152668,true,0.06355337,0,-0.09127108
140,632,6.32,ASCENT,0.282997161,Ascent,false,true,0.2572124,0.2561226,0.2572124,99,404,418,false,false,NONE,0.0526174456,1.33522558,-0.114109509,0.976928234,0.210622922,0.003654863,-0.03515408,-0.01124272,0.212839335,-0.0271714535,-0.458418518,-0.008067963,0.0207235385,true,true,8,true,true,0.01076585,0.00592338154,0.226661026,0.063641116,0.224672586,0.133684844,0.8308214,left_upper_arm,true,0.003163028,0,0.248229265,0.9673195,false,false,bar_height|bar_linear_stillness|bar_angular_stillness|knee_extension|hip_extension,1.39497,0.21486105,0.4589576,0.8281087,0.7778679,0.129135668,0.05,0.02,0.2,0.08726646,0.17453292,0.17453292,0.00490971655,0.0190035533,0.0190035533,false,0.0279207956,0.218119785,0.145790264,0.0179255288,0.000586171751,494.343323,0.1784504,right_shank,twist_x,0.005902824,NA,NA,NA,true,0.04546783,1.17725134,-0.0913519859,-0.00778673,0.198274583,-0.0003382643,-2.604723E-05,0,-0.009842031,-0.1549931,0.135309041,-0.179204762,0.179152668,true,0.06381131,0,-0.09124784
140,633,6.33,ASCENT,0.27999717,Ascent,false,true,0.25880152,0.257775724,0.25880152,99,404,418,false,false,NONE,0.0524927825,1.3372376,-0.114384986,0.9774177,0.20835799,0.00367427082,-0.03504297,-0.0123644248,0.208397418,-0.0270692222,-0.457982153,-0.007992955,0.0226492863,true,true,8,true,true,0.0107723475,0.0105670346,0.226652175,0.06364997,0.224584892,0.133772537,0.8311423,left_upper_arm,true,0.003168551,0,0.249027371,0.9743523,false,false,bar_height|bar_linear_stillness|bar_angular_stillness|knee_extension|hip_extension,1.39497,0.210511535,0.458611518,0.8190746,0.768608034,0.128238335,0.05,0.02,0.2,0.08726646,0.17453292,0.17453292,0.004916914,0.0190688856,0.0190688856,false,0.0277881417,0.216663212,0.144157678,0.0170674082,0.000382085273,485.677063,0.175322026,right_shank,twist_x,0.00592176337,NA,NA,NA,true,0.0453801341,1.17917836,-0.0913431346,-0.008805225,0.194313586,-0.000277890766,-2.604723E-05,0,-0.009842031,-0.1549931,0.135309041,-0.179204762,0.179152668,true,0.0637232438,0,-0.09132936
140,634,6.34,ASCENT,0.276997179,Ascent,false,true,0.2603824,0.259415329,0.2603824,99,404,418,false,false,NONE,0.0523569174,1.33920574,-0.114659153,0.977901936,0.2060938,0.0036918798,-0.03492217,-0.0134807089,0.203997612,-0.026915336,-0.4573857,-0.007929035,0.0245801546,true,true,8,true,true,0.010695939,0.0059155724,0.22664234,0.06365981,0.224486917,0.133870512,0.8314717,left_upper_arm,true,0.003173548,0,0.249803185,0.981086969,false,false,bar_height|bar_linear_stillness|bar_angular_stillness|knee_extension|hip_extension,1.39497,0.206206664,0.458114326,0.810219467,0.7595066,0.127319708,0.05,0.02,0.2,0.08726646,0.17453292,0.17453292,0.004925281,0.0191390179,0.0191390179,false,0.02770535,0.215117842,0.142384872,0.0161866769,0.000174689892,483.581177,0.174565434,right_shank,twist_x,0.00593589852,NA,NA,NA,true,0.0452821478,1.18106687,-0.09133329,-0.009769934,0.1904189,-0.000185786688,-2.604723E-05,0,-0.009842031,-0.1549931,0.135309041,-0.179204762,0.179152668,true,0.06382225,0,-0.09122018
140,635,6.3500000000000005,ASCENT,0.2739972,Ascent,false,true,0.261922419,0.261017263,0.261922419,99,404,418,false,false,NONE,0.0522095673,1.3411293,-0.114931792,0.978380263,0.203832865,0.003707574,-0.0347916968,-0.014626978,0.199520037,-0.0267325137,-0.4563962,-0.007877116,0.0265123788,true,true,8,true,true,0.0106938342,0.0103331972,0.22663188,0.06367027,0.224379227,0.1339782,0.831807137,left_upper_arm,true,0.00317627937,0,0.250395179,0.9875695,false,false,bar_height|bar_linear_stillness|bar_angular_stillness|knee_extension|hip_extension,1.39497,0.20183365,0.457233459,0.8014737,0.7505415,0.126390636,0.05,0.02,0.2,0.08726646,0.17453292,0.17453292,0.004934132,0.019197274,0.019197274,false,0.0276178066,0.213681638,0.140745729,0.0152891343,4.54059627E-05,481.418335,0.173784688,right_shank,twist_x,0.005934324,NA,NA,NA,true,0.04517447,1.18291557,-0.09132283,-0.010811788,0.1863731,-0.00011520386,-2.604723E-05,0,-0.009842031,-0.1549931,0.135309041,-0.179204762,0.179152668,true,0.063996166,0,-0.09123285
140,636,6.36,ASCENT,0.2709972,Ascent,false,true,0.263424575,0.262579024,0.263424575,99,404,418,false,false,NONE,0.0520506427,1.343007,-0.115202568,0.978852451,0.2015769,0.00372124,-0.0346515439,-0.0157814473,0.194919288,-0.0265216362,-0.455002874,-0.007836893,0.0284477267,true,true,8,true,true,0.0106992787,0.00590854557,0.226620615,0.06368153,0.224260926,0.1340965,0.832147956,left_upper_arm,true,0.003176985,0,0.250824481,0.9938565,false,false,bar_height|bar_linear_stillness|bar_angular_stillness|knee_extension|hip_extension,1.39497,0.197347358,0.455958664,0.7928374,0.741692364,0.125448987,0.05,0.02,0.2,0.08726646,0.17453292,0.17453292,0.00494397432,0.0192718226,0.0192718226,false,0.0275835246,0.212355137,0.139225468,0.014379302,0.000272833946,479.515869,0.173097923,right_shank,twist_x,0.00594213,NA,NA,NA,true,0.0450561568,1.18472254,-0.091311574,-0.0118103772,0.182192668,-5.60094923E-05,-2.604723E-05,0,-0.009842031,-0.1549931,0.135309041,-0.179204762,0.179152668,true,0.06419895,0,-0.09119887
140,637,6.37,ASCENT,0.2679972,Ascent,false,true,0.2648906,0.264106929,0.2648906,99,404,418,false,false,NONE,0.0518799573,1.34484053,-0.115472108,0.979318559,0.199326113,0.00373286,-0.0345017277,-0.0169525649,0.190549627,-0.0263758488,-0.4536869,-0.007807407,0.0303821042,true,true,8,true,true,0.0106880283,0.0101925544,0.22660926,0.0636928752,0.2241326,0.134224832,0.832492769,left_upper_arm,true,0.00318166614,0,0.251537651,0.999627769,false,false,bar_height|bar_linear_stillness|bar_angular_stillness|knee_extension|hip_extension,1.39497,0.193111971,0.4547701,0.78413856,0.7327593,0.124528959,0.05,0.02,0.2,0.08726646,0.17453292,0.17453292,0.004954435,0.019340368,0.019340368,false,0.027462827,0.210771024,0.13740246,0.0135341184,0.0004709264,470.1209,0.1697065,right_shank,twist_x,0.005959429,NA,NA,NA,true,0.0449278355,1.18648982,-0.09130023,-0.0128743527,0.178284511,-3.00854445E-05,-2.604723E-05,0,-0.009842031,-0.1549931,0.135309041,-0.179204762,0.179152668,true,0.0640523,0,-0.0912583843
140,638,6.38,ASCENT,0.2649972,Ascent,false,true,0.266349256,0.2656225,0.266349256,99,404,418,false,false,NONE,0.0516975634,1.346631,-0.115739934,0.9797785,0.197080389,0.003742386,-0.03434225,-0.0181186944,0.186240822,-0.0261816662,-0.4522036,-0.00778969564,0.03231709,true,true,8,true,true,0.010598354,0.005893117,0.2265973,0.06370485,0.2239935,0.134363934,0.832846045,left_upper_arm,true,0.00318653742,0,0.252282858,1.00509453,false,false,bar_linear_stillness|bar_angular_stillness|knee_extension|hip_extension,1.39497,0.188942879,0.453423828,0.77561456,0.7239877,0.123584725,0.05,0.02,0.2,0.08726646,0.17453292,0.17453292,0.00496569276,0.01940758,0.01940758,false,0.02740814,0.2092641,0.135632515,0.012661187,0.00068294676,468.139526,0.168991238,right_shank,twist_x,0.00597510161,NA,NA,NA,true,0.0447887369,1.18821943,-0.09128825,-0.0138898017,0.174467489,2.70436212E-05,-2.604723E-05,0,-0.009842031,-0.1549931,0.135309041,-0.179204762,0.179152668,true,0.06407877,0,-0.091140084
140,639,6.3900000000000006,ASCENT,0.261997223,Ascent,false,true,0.2677691,0.267102,0.2677691,99,404,418,false,false,NONE,0.0515032224,1.34837818,-0.116005868,0.980231941,0.1948423,0.00374970841,-0.0341731533,-0.01931108,0.181895733,-0.0259631556,-0.450331628,-0.007784421,0.0342489555,true,true,8,true,true,0.010591629,0.009952505,0.226585045,0.0637171,0.223844245,0.134513184,0.8332058,left_upper_arm,true,0.00318973674,0,0.252889246,1.01031232,false,false,bar_linear_stillness|bar_angular_stillness|knee_extension|hip_extension,1.39497,0.184751347,0.4516992,0.7671999,0.715354741,0.122633234,0.05,0.02,0.2,0.08726646,0.17453292,0.17453292,0.00497704,0.0194621217,0.0194621217,false,0.0273493752,0.207866818,0.133998245,0.0117752953,0.000906188332,466.104858,0.16825676,right_shank,twist_x,0.00597409,NA,NA,NA,true,0.0446394831,1.18991017,-0.0912760049,-0.0149750747,0.17053932,6.707112E-05,-2.604723E-05,0,-0.009842031,-0.1549931,0.135309041,-0.179204762,0.179152668,true,0.06417259,0,-0.09113808
140,640,6.4,ASCENT,0.258997232,Ascent,false,true,0.269153178,0.268543243,0.269153178,99,404,418,false,false,NONE,0.05129697,1.35008466,-0.11627046,0.980679,0.192610919,0.00375481835,-0.0339944437,-0.0204964932,0.177875131,-0.02581077,-0.4486631,-0.007790994,0.0361786447,true,true,8,true,true,0.0106131658,0.0100392615,0.226572543,0.06372961,0.2236841,0.134673327,0.83357,left_upper_arm,true,0.00319703133,0,0.253794432,1.014992,false,false,bar_linear_stillness|bar_angular_stillness|knee_extension|hip_extension,1.39497,0.180902913,0.4501868,0.7587235,0.7066233,0.121697836,0.05,0.02,0.2,0.08726646,0.17453292,0.17453292,0.004989013,0.0195313226,0.0195313226,false,0.02726087,0.206302345,0.132151321,0.0109531488,0.00110448943,456.229553,0.164691925,right_shank,twist_x,0.00599904871,NA,NA,NA,true,0.0444793366,1.1915642,-0.0912634954,-0.0160507318,0.16694507,7.80711562E-05,-2.604723E-05,0,-0.009842031,-0.1549931,0.135309041,-0.179204762,0.179152668,true,0.0640002042,0,-0.09116357
140,641,6.41,ASCENT,0.255997241,Ascent,false,true,0.270530164,0.2699772,0.270530164,99,404,418,false,false,NONE,0.0510787852,1.3517518,-0.116533287,0.9811198,0.190386429,0.003757675,-0.0338061638,-0.0216850061,0.173926651,-0.0256100316,-0.446846426,-0.00780993933,0.0381038748,true,true,8,true,true,0.0105287405,0.00567682926,0.2265595,0.06374264,0.223513037,0.134844393,0.833942354,left_upper_arm,true,0.003203446,0,0.254645675,1.01931262,false,false,bar_linear_stillness|bar_angular_stillness|knee_extension|hip_extension,1.39497,0.1771344,0.4485361,0.750424743,0.698078752,0.120741367,0.05,0.02,0.2,0.08726646,0.17453292,0.17453292,0.005001262,0.01959491,0.01959491,false,0.0272014253,0.204704165,0.130254537,0.01010254,0.00131205679,454.0966,0.163921952,right_shank,twist_x,0.00601496035,NA,NA,NA,true,0.04430827,1.1931839,-0.0912504643,-0.0170863569,0.1634354,0.000132617351,-2.604723E-05,0,-0.009842031,-0.1549931,0.135309041,-0.179204762,0.179152668,true,0.0639563,0,-0.09106088
140,642,6.42,ASCENT,0.252997249,Ascent,false,true,0.2718681,0.271371961,0.2718681,99,404,418,false,false,NONE,0.0508483723,1.35337889,-0.116794109,0.981553853,0.188171282,0.00375817087,-0.03360836,-0.022906065,0.169909865,-0.025380386,-0.444641083,-0.007841697,0.0400222726,true,true,8,true,true,0.0105358344,0.009661951,0.226546258,0.06375589,0.22333166,0.135025769,0.834319532,left_upper_arm,true,0.00320712,0,0.25527367,1.02337635,false,false,bar_linear_stillness|bar_angular_stillness|knee_extension|hip_extension,1.39497,0.173315361,0.4465075,0.742243767,0.689685941,0.11977528,0.05,0.02,0.2,0.08726646,0.17453292,0.17453292,0.00501377136,0.01964816,0.01964816,false,0.0271430556,0.20322378,0.128507927,0.009234531,0.00153126952,451.973328,0.1631555,right_shank,twist_x,0.00601047324,NA,NA,NA,true,0.0441268943,1.19476724,-0.09123721,-0.0181938466,0.159774244,0.000166285041,-2.604723E-05,0,-0.009842031,-0.1549931,0.135309041,-0.179204762,0.179152668,true,0.06402718,0,-0.09105048
140,643,6.43,ASCENT,0.249997243,Ascent,false,true,0.273169637,0.2727282,0.273169637,99,404,418,false,false,NONE,0.05060567,1.3549664,-0.117052741,0.981980741,0.185967892,0.003756181,-0.0334010758,-0.0241313353,0.165962279,-0.0251368415,-0.4419108,-0.007885781,0.0419359952,true,true,8,true,true,0.0105504058,0.009682972,0.226532772,0.06376937,0.2231391,0.135218322,0.8346776,left_upper_arm,true,0.00321103074,0,0.25591585,1.027435,false,false,bar_linear_stillness|bar_angular_stillness|knee_extension|hip_extension,1.39497,0.169580832,0.44396618,0.7341048,0.6813013,0.118841507,0.05,0.02,0.2,0.08726646,0.17453292,0.17453292,0.00502680242,0.019720491,0.019720491,false,0.0271129943,0.2017855,0.126772508,0.008395029,0.001715697,447.0144,0.16136539,right_shank,twist_x,0.00602167472,NA,NA,NA,true,0.0439343378,1.1963141,-0.09122373,-0.0193007123,0.156132191,0.0001737972,-2.604723E-05,0,-0.009842031,-0.1549931,0.135309041,-0.179204762,0.179152668,true,0.0640175343,0,-0.0911005139
140,644,6.44,ASCENT,0.246997237,Ascent,false,true,0.2744496,0.274064,0.2744496,99,404,418,false,false,NONE,0.05035056,1.35651338,-0.117309093,0.9824006,0.183776557,0.003751664,-0.0331843533,-0.0253691711,0.161902025,-0.0248846915,-0.439117223,-0.007943056,0.0438431464,true,true,8,true,true,0.0105140433,0.009585182,0.226519257,0.06378289,0.222935408,0.135422021,0.835034847,left_upper_arm,true,0.00321266567,0,0.256369531,1.03099644,false,false,bar_linear_stillness|bar_angular_stillness|knee_extension|hip_extension,1.39497,0.165756166,0.441372,0.726094,0.673073351,0.117886178,0.05,0.02,0.2,0.08726646,0.17453292,0.17453292,0.005040057,0.0197855253,0.0197855253,false,0.0271203425,0.200353,0.125023872,0.00757112633,0.00186899712,445.0506,0.160656482,right_shank,twist_x,0.006025773,NA,NA,NA,true,0.04373064,1.1978246,-0.09121021,-0.0204158667,0.152452141,0.000182244185,-2.604723E-05,0,-0.009842031,-0.1549931,0.135309041,-0.179204762,0.179152668,true,0.06401053,0,-0.09102399
140,645,6.45,ASCENT,0.243997231,Ascent,false,true,0.2756946,0.275364816,0.2756946,99,404,418,false,false,NONE,0.05008288,1.35801876,-0.117563061,0.9828132,0.181598425,0.00374454842,-0.03295825,-0.02662421,0.157729715,-0.0246226527,-0.436120927,-0.008013491,0.0457424074,true,true,8,true,true,0.0104968362,0.009476381,0.226505727,0.06379641,0.222720444,0.135636985,0.835398734,left_upper_arm,true,0.00321298512,0,0.256711155,1.03416586,false,false,bar_linear_stillness|bar_angular_stillness|knee_extension|hip_extension,1.39497,0.161844939,0.4385864,0.7181837,0.6649853,0.116908766,0.05,0.02,0.2,0.08726646,0.17453292,0.17453292,0.005053535,0.0198412016,0.0198412016,false,0.0271339957,0.199021667,0.12341325,0.00673636328,0.0020411564,443.165527,0.159976,right_shank,twist_x,0.006027841,NA,NA,NA,true,0.04351569,1.19929707,-0.09119669,-0.0215427279,0.14866294,0.000178254646,-2.604723E-05,0,-0.009842031,-0.1549931,0.135309041,-0.179204762,0.179152668,true,0.06402709,0,-0.0909859
140,646,6.46,ASCENT,0.240997225,Ascent,false,true,0.276907325,0.2766319,0.276907325,99,404,418,false,false,NONE,0.0498024561,1.35948145,-0.117814586,0.983218431,0.179434508,0.00373476767,-0.03272282,-0.0278962217,0.153462335,-0.02435517,-0.4329274,-0.008096909,0.0476329625,true,true,8,true,true,0.010468347,0.009362419,0.22649242,0.06380972,0.222494125,0.1358633,0.83577,left_upper_arm,true,0.00321269874,0,0.256995469,1.03697288,false,false,bar_linear_stillness|bar_angular_stillness|knee_extension|hip_extension,1.39497,0.157867223,0.435615182,0.7103627,0.657018363,0.115923129,0.05,0.02,0.2,0.08726646,0.17453292,0.17453292,0.005067058,0.0198974181,0.0198974181,false,0.02716154,0.197779253,0.121923625,0.005898113,0.00222624838,441.401917,0.159339368,right_shank,twist_x,0.00603059167,NA,NA,NA,true,0.0432893671,1.2007314,-0.09118338,-0.0226822533,0.144793555,0.00016134778,-2.604723E-05,0,-0.009842031,-0.1549931,0.135309041,-0.179204762,0.179152668,true,0.06400466,0,-0.09094774
140,647,6.47,ASCENT,0.237997219,Ascent,false,true,0.278090417,0.2778679,0.278090417,99,404,418,false,false,NONE,0.0495091565,1.360901,-0.118063115,0.983615756,0.177289054,0.00372215454,-0.0324781425,-0.0291815288,0.149135351,-0.0240292028,-0.4288247,-0.008192677,0.0495141074,true,true,8,true,true,0.0104121845,0.009226116,0.226479322,0.06382282,0.2222563,0.136101127,0.836110532,left_upper_arm,true,0.003212587,0,0.257300436,1.04003978,false,false,bar_linear_stillness|bar_angular_stillness|knee_extension|hip_extension,1.39497,0.153851613,0.431751519,0.7026703,0.6491591,0.114964329,0.05,0.02,0.2,0.08726646,0.17453292,0.17453292,0.00508057326,0.01994874,0.01994874,false,0.0272668339,0.196720034,0.12055897,0.00510528125,0.0023232447,441.9843,0.159549609,right_shank,twist_x,0.00603324641,NA,NA,NA,true,0.0430515334,1.20212555,-0.09117028,-0.0238356013,0.140792087,0.000143651167,-2.604723E-05,0,-0.009842031,-0.1549931,0.135309041,-0.179204762,0.179152668,true,0.063997075,0,-0.09099912
140,648,6.48,ASCENT,0.234997213,Ascent,false,true,0.279243,0.279072464,0.279243,99,404,418,false,false,NONE,0.0492028333,1.36227655,-0.118309125,0.9840053,0.175161272,0.003706708,-0.032224264,-0.0304808151,0.144755438,-0.0237567946,-0.424981236,-0.008300727,0.05138505,true,true,8,true,true,0.0104030669,0.009137822,0.226466566,0.06383557,0.222006813,0.136350617,0.836451948,left_upper_arm,true,0.003212629,0,0.257590026,1.04236269,false,false,bar_linear_stillness|bar_angular_stillness|knee_extension|hip_extension,1.39497,0.149825245,0.428156942,0.6950395,0.641399443,0.113982819,0.05,0.02,0.2,0.08726646,0.17453292,0.17453292,0.00509388745,0.0199942179,0.0199942179,false,0.0273883082,0.195749551,0.119301945,0.00434350036,0.00241700816,440.631226,0.159061164,right_shank,twist_x,0.006040532,NA,NA,NA,true,0.04280205,1.20348024,-0.09115753,-0.0250001,0.136836186,0.000108665226,-2.604723E-05,0,-0.009842031,-0.1549931,0.135309041,-0.179204762,0.179152668,true,0.06384924,0,-0.0909473151
140,649,6.49,ASCENT,0.2319972,Ascent,false,true,0.280370116,0.2802496,0.280370116,99,404,418,false,false,NONE,0.0488834269,1.36360919,-0.118552931,0.9843875,0.1730494,0.00368846743,-0.0319612473,-0.0317853279,0.140475824,-0.023519462,-0.421468139,-0.008420467,0.05324458,true,true,8,true,true,0.0103518665,0.009039187,0.226454228,0.0638479143,0.22174561,0.136611819,0.836808,left_upper_arm,true,0.00321491179,0,0.258047432,1.04396439,false,false,bar_linear_stillness|bar_angular_stillness|knee_extension|hip_extension,1.39497,0.145934671,0.4249015,0.687473238,0.6337298,0.11297591,0.05,0.02,0.2,0.08726646,0.17453292,0.17453292,0.00510698557,0.0200385433,0.0200385433,false,0.027519444,0.1948432,0.11813578,0.00359069486,0.002535788,439.3525,0.15859957,right_shank,twist_x,0.00605214527,NA,NA,NA,true,0.042540852,1.20479655,-0.09114519,-0.0261713285,0.133026391,7.338027E-05,-2.604723E-05,0,-0.009842031,-0.1549931,0.135309041,-0.179204762,0.179152668,true,0.06361455,0,-0.0908815563
140,650,6.5,ASCENT,0.2289972,Ascent,false,true,0.2814737,0.281401277,0.2814737,99,404,418,false,false,NONE,0.04855093,1.36490083,-0.118794285,0.984762251,0.170955166,0.00366735668,-0.0316891633,-0.033089865,0.136394531,-0.0232510958,-0.417555869,-0.008551294,0.0550912954,true,true,8,true,true,0.01028778,0.008921722,0.226442173,0.06385997,0.221472651,0.136884779,0.8371467,left_upper_arm,true,0.00321999379,0,0.2587371,1.04554129,false,false,bar_linear_stillness|bar_angular_stillness|knee_extension|hip_extension,1.39497,0.142263919,0.421261281,0.680013835,0.6261401,0.111991905,0.05,0.02,0.2,0.08726646,0.17453292,0.17453292,0.00511973351,0.0200747345,0.0200747345,false,0.0276997276,0.194068521,0.117054641,0.00287045119,0.00260725175,440.112122,0.158873782,right_shank,twist_x,0.00606450252,NA,NA,NA,true,0.0422678962,1.20607626,-0.09113313,-0.027348144,0.129324183,5.46216979E-05,-2.604723E-05,0,-0.009842031,-0.1549931,0.135309041,-0.179204762,0.179152668,true,0.06338763,0,-0.09090329
140,651,6.51,ASCENT,0.2259972,Ascent,false,true,0.282552958,0.282527864,0.282552958,99,404,418,false,false,NONE,0.0482053161,1.36615348,-0.119033843,0.985130131,0.168875411,0.003643461,-0.0314080864,-0.03439697,0.132516578,-0.023053851,-0.41437754,-0.00869325548,0.0569239259,true,true,8,true,true,0.010287351,0.008848206,0.226430282,0.06387186,0.22118789,0.13716954,0.8374971,left_upper_arm,true,0.00322654936,0,0.259522021,1.04609776,false,false,bar_linear_stillness|bar_angular_stillness|knee_extension|hip_extension,1.39497,0.13883543,0.4183595,0.6725981,0.6186273,0.11097125,0.05,0.02,0.2,0.08726646,0.17453292,0.17453292,0.005132079,0.0201092344,0.0201092344,false,0.0279178582,0.1933857,0.116064504,0.00220028544,0.00266028335,439.111969,0.158512741,right_shank,twist_x,0.006080945,NA,NA,NA,true,0.041983135,1.20732129,-0.09112124,-0.0285276081,0.125883326,3.58005382E-05,-2.604723E-05,0,-0.009842031,-0.1549931,0.135309041,-0.179204762,0.179152668,true,0.06303796,0,-0.09082803
140,652,6.5200000000000005,ASCENT,0.222997189,Ascent,false,true,0.283611417,0.283631444,0.283631444,99,404,418,false,false,NONE,0.0478466041,1.36737013,-0.119272061,0.9854919,0.166806161,0.00361689227,-0.0311180726,-0.03570118,0.128953278,-0.0229046345,-0.41197753,-0.00884580053,0.0587411,true,true,8,true,true,0.0102601768,0.008762141,0.2264185,0.0638836548,0.220891342,0.137466088,0.837871432,left_upper_arm,true,0.00323559227,0,0.26049906,1.0456996,false,false,bar_linear_stillness|bar_angular_stillness|knee_extension|hip_extension,1.39497,0.135750309,0.416238219,0.6652245,0.611180842,0.109917253,0.05,0.02,0.2,0.08726646,0.17453292,0.17453292,0.005144134,0.0201490615,0.0201490615,false,0.0281485654,0.192745239,0.115142524,0.00153725932,0.002745857,438.100433,0.158147588,right_shank,twist_x,0.006099812,NA,NA,NA,true,0.0416865833,1.208535,-0.09110945,-0.02970625,0.1227667,3.01986929E-05,-2.604723E-05,0,-0.009842031,-0.1549931,0.135309041,-0.179204762,0.179152668,true,0.0626286939,0,-0.0907406062
140,653,6.53,ASCENT,0.219997182,Ascent,false,true,0.284651041,0.28471452,0.28471452,99,404,418,false,false,NONE,0.0474748537,1.36855471,-0.119508773,0.985847652,0.1647473,0.003587642,-0.0308192149,-0.0369997136,0.125761539,-0.02273215,-0.409559369,-0.009008448,0.06054138,true,true,8,true,true,0.0102284616,0.008655583,0.226406559,0.06389558,0.220583022,0.137774408,0.8382369,left_upper_arm,true,0.0032469607,0,0.2616737,1.04510689,false,false,bar_linear_stillness|bar_angular_stillness|knee_extension|hip_extension,1.39497,0.133047715,0.414107829,0.6579315,0.603785336,0.108881548,0.05,0.02,0.2,0.08726646,0.17453292,0.17453292,0.00515602529,0.0201882254,0.0201882254,false,0.02840842,0.192184851,0.114270754,0.0008842644,0.00281596347,438.7874,0.158395573,right_shank,twist_x,0.006117926,NA,NA,NA,true,0.0413782671,1.20972025,-0.09109752,-0.0308841169,0.1199014,4.961093E-05,-2.604723E-05,0,-0.009842031,-0.1549931,0.135309041,-0.179204762,0.179152668,true,0.0622506,0,-0.090737164
140,654,6.54,ASCENT,0.216997176,Ascent,false,true,0.2856716,0.2857778,0.2857778,99,404,418,false,false,NONE,0.0470900647,1.36971009,-0.119744644,0.986198246,0.162694111,0.00355584361,-0.0305115916,-0.038297873,0.122884169,-0.02263158,-0.408178151,-0.009181333,0.06232364,true,true,8,true,true,0.0102569573,0.00858543348,0.226394325,0.06390781,0.220262945,0.138094485,0.8386204,left_upper_arm,true,0.00325897872,0,0.262882739,1.04337728,false,false,bar_linear_stillness|bar_angular_stillness|knee_extension|hip_extension,1.39497,0.13068831,0.4130108,0.650654852,0.5964398,0.107800514,0.05,0.02,0.2,0.08726646,0.17453292,0.17453292,0.00516781956,0.02023218,0.02023218,false,0.0287222825,0.191704348,0.113466792,0.000285392016,0.00285171834,437.865967,0.15806295,right_shank,twist_x,0.00613765232,NA,NA,NA,true,0.04105819,1.21088028,-0.09108529,-0.03205994,0.117388643,7.445117E-05,-2.604723E-05,0,-0.009842031,-0.1549931,0.135309041,-0.179204762,0.179152668,true,0.0617906526,0,-0.0906396359
140,655,6.55,ASCENT,0.21399717,Ascent,false,true,0.2866752,0.2868228,0.2868228,99,404,418,false,false,NONE,0.0466922745,1.37084007,-0.119980104,0.986544549,0.160641521,0.00352164218,-0.0301952828,-0.03959256,0.120371453,-0.02257512,-0.4078014,-0.0093642,0.06408673,true,true,8,true,true,0.0102565335,0.008498621,0.226381719,0.0639204159,0.219931155,0.138426274,0.8390303,left_upper_arm,true,0.00327170547,0,0.264146119,1.04062974,false,false,bar_linear_stillness|bar_angular_stillness|knee_extension|hip_extension,1.39497,0.1287109,0.412912548,0.6433905,0.5891331,0.106686175,0.05,0.02,0.2,0.08726646,0.17453292,0.17453292,0.005179748,0.02028645,0.02028645,false,0.02904637,0.191236228,0.112703972,0.000318490871,0.00292379665,436.84317,0.157693729,right_shank,twist_x,0.006157453,NA,NA,NA,true,0.0407264,1.21201885,-0.091072686,-0.0332322232,0.115239881,0.000113864742,-2.604723E-05,0,-0.009842031,-0.1549931,0.135309041,-0.179204762,0.179152668,true,0.0613092,0,-0.0905308947
140,656,6.5600000000000005,ASCENT,0.210997164,Ascent,false,true,0.287664652,0.2878524,0.2878524,99,404,418,false,false,NONE,0.04628151,1.37194836,-0.120215446,0.9868872,0.158585131,0.00348515762,-0.0298703723,-0.04088394,0.11822629,-0.0225460436,-0.408310026,-0.009556878,0.06582966,true,true,8,true,true,0.0102573438,0.008406259,0.226368561,0.06393358,0.219587684,0.138769746,0.8394683,left_upper_arm,true,0.00328527251,0,0.265477657,1.03704572,false,false,bar_linear_stillness|bar_angular_stillness|knee_extension|hip_extension,1.39497,0.127111271,0.41369307,0.6361311,0.5818546,0.105539761,0.05,0.02,0.2,0.08726646,0.17453292,0.17453292,0.00519197434,0.0203440078,0.0203440078,false,0.0293729212,0.190772608,0.111969441,0.000933077361,0.00302734342,435.726044,0.157290474,right_shank,twist_x,0.00617610523,NA,NA,NA,true,0.0403829254,1.2131393,-0.09105952,-0.03440074,0.113429867,0.000169776875,-2.604723E-05,0,-0.009842031,-0.1549931,0.135309041,-0.179204762,0.179152668,true,0.06082856,0,-0.09042159
140,657,6.57,ASCENT,0.207997158,Ascent,false,true,0.2886411,0.2888683,0.2888683,99,404,418,false,false,NONE,0.0458578058,1.37303829,-0.120450482,0.9872264,0.156523764,0.00344641064,-0.0295369681,-0.0421728268,0.11641252,-0.0224935655,-0.409021884,-0.009759153,0.0675515458,true,true,8,true,true,0.01025387,0.008296592,0.226354644,0.0639475,0.219232559,0.13912487,0.8399017,left_upper_arm,true,0.003298415,0,0.266786337,1.03326452,false,false,bar_linear_stillness|bar_angular_stillness|knee_extension|hip_extension,1.39497,0.12584269,0.4146774,0.628899455,0.574587,0.104401313,0.05,0.02,0.2,0.08726646,0.17453292,0.17453292,0.00520458072,0.0204087552,0.0204087552,false,0.0297543146,0.190372556,0.111254647,0.00152573979,0.00307939388,435.992737,0.157386735,right_shank,twist_x,0.00619144272,NA,NA,NA,true,0.0400278047,1.21424413,-0.0910456,-0.0355676636,0.111846112,0.0002460003,-2.604723E-05,0,-0.009842031,-0.1549931,0.135309041,-0.179204762,0.179152668,true,0.0604036562,0,-0.0903833061
140,658,6.58,ASCENT,0.204997152,Ascent,false,true,0.289604425,0.289870977,0.289870977,99,404,418,false,false,NONE,0.04542113,1.374112,-0.120685644,0.9875628,0.154453233,0.00340551184,-0.0291951653,-0.0434649922,0.114818566,-0.0224880241,-0.410644561,-0.009971254,0.0692519,true,true,8,true,true,0.0102944905,0.008211052,0.226339892,0.06396225,0.2188658,0.139491633,0.840351164,left_upper_arm,true,0.00331008085,0,0.26796478,1.0286305,false,false,bar_linear_stillness|bar_angular_stillness|knee_extension|hip_extension,1.39497,0.124812737,0.416562378,0.621643066,0.5673307,0.103222609,0.05,0.02,0.2,0.08726646,0.17453292,0.17453292,0.005217746,0.0204821434,0.0204821434,false,0.03014401,0.189966664,0.110556975,0.00211736257,0.00314419949,434.7634,0.156942964,right_shank,twist_x,0.00620534364,NA,NA,NA,true,0.03966104,1.21533573,-0.09103085,-0.0367340036,0.110517472,0.000322670734,-2.604723E-05,0,-0.009842031,-0.1549931,0.135309041,-0.179204762,0.179152668,true,0.05994539,0,-0.0902676955
140,659,6.59,ASCENT,0.201997146,Ascent,false,true,0.2905562,0.290861428,0.290861428,99,404,418,false,false,NONE,0.0449714623,1.37517166,-0.120921165,0.98789686,0.1523695,0.00336256158,-0.02884506,-0.04475938,0.113430284,-0.0225065518,-0.413056523,-0.0101931067,0.07093027,true,true,8,true,true,0.0103030475,0.008109201,0.22632432,0.06397783,0.218487382,0.139870048,0.840823,left_upper_arm,true,0.00332054961,0,0.269045562,1.02331865,false,false,bar_linear_stillness|bar_angular_stillness|knee_extension|hip_extension,1.39497,0.124001518,0.419226319,0.6143581,0.5600767,0.102013938,0.05,0.02,0.2,0.08726646,0.17453292,0.17453292,0.00523166358,0.0205664244,0.0205664244,false,0.03053197,0.189531371,0.109863929,0.00273059565,0.00324128452,433.374542,0.156441614,right_shank,twist_x,0.006216899,NA,NA,NA,true,0.03928262,1.21641624,-0.09101527,-0.0379001126,0.109405488,0.0004039814,-2.604723E-05,0,-0.009842031,-0.1549931,0.135309041,-0.179204762,0.179152668,true,0.0594967827,0,-0.09014634
140,660,6.6000000000000005,ASCENT,0.19899714,Ascent,false,true,0.291498,0.2918414,0.2918414,99,404,418,false,false,NONE,0.0445087925,1.376219,-0.1211568,0.9882286,0.150272176,0.003317554,-0.0284867659,-0.0460559539,0.1122149,-0.0224948265,-0.415514618,-0.01042454,0.0725862,true,true,8,true,true,0.0102932379,0.007987842,0.226307839,0.0639942959,0.218097314,0.140260115,0.8412887,left_upper_arm,true,0.0033296356,0,0.270024985,1.01801574,false,false,bar_linear_stillness|bar_angular_stillness|knee_extension|hip_extension,1.39497,0.123366736,0.4219358,0.6070668,0.55280894,0.100812085,0.05,0.02,0.2,0.08726646,0.17453292,0.17453292,0.00524641573,0.0206541456,0.0206541456,false,0.0309410784,0.189104721,0.109158814,0.00334860617,0.003312609,433.0854,0.156337231,right_shank,twist_x,0.006224796,NA,NA,NA,true,0.03889255,1.21748686,-0.0909988061,-0.0390681773,0.108390011,0.000495355343,-2.604723E-05,0,-0.009842031,-0.1549931,0.135309041,-0.179204762,0.179152668,true,0.059106186,0,-0.09009354
140,661,6.61,ASCENT,0.195997134,Ascent,false,true,0.292429984,0.2928117,0.2928117,99,404,418,false,false,NONE,0.0440330468,1.37725472,-0.121392846,0.9885584,0.1481581,0.00327055831,-0.0281203873,-0.047359705,0.111055605,-0.0225173775,-0.418660343,-0.0106659383,0.07421953,true,true,8,true,true,0.0103158616,0.007887244,0.2262905,0.06401165,0.217695534,0.1406619,0.841768,left_upper_arm,true,0.00333653181,0,0.27081722,1.01211178,false,false,bar_linear_stillness|bar_angular_stillness|knee_extension|hip_extension,1.39497,0.122814171,0.425321966,0.5997259,0.545533657,0.09957178,0.05,0.02,0.2,0.08726646,0.17453292,0.17453292,0.005261995,0.0207469165,0.0207469165,false,0.0313607566,0.188657969,0.108451582,0.00396298058,0.00337954215,431.528076,0.15577507,right_shank,twist_x,0.00623052567,NA,NA,NA,true,0.0384907722,1.21854854,-0.09098145,-0.0402394272,0.107485004,0.0005796989,-2.604723E-05,0,-0.009842031,-0.1549931,0.135309041,-0.179204762,0.179152668,true,0.0586899631,0,-0.08996917
140,662,6.62,ASCENT,0.192997128,Ascent,false,true,0.293352842,0.293772042,0.293772042,99,404,418,false,false,NONE,0.04354417,1.37827909,-0.121629439,0.988886535,0.14602454,0.00322163035,-0.0277460273,-0.04866955,0.109935895,-0.0225538723,-0.422332674,-0.0109172007,0.07583007,true,true,8,true,true,0.0103074042,0.00777098862,0.22627233,0.06402981,0.217282027,0.1410754,0.8422668,left_upper_arm,true,0.00334187481,0,0.271482676,1.00579154,false,false,bar_linear_stillness|bar_angular_stillness|knee_extension|hip_extension,1.39497,0.122324578,0.4292252,0.592333138,0.5382464,0.0982940048,0.05,0.02,0.2,0.08726646,0.17453292,0.17453292,0.00527846068,0.0208470952,0.0208470952,false,0.03176777,0.188159555,0.10773322,0.004605958,0.00347935362,429.8152,0.155156732,right_shank,twist_x,0.00623394735,NA,NA,NA,true,0.03807727,1.219602,-0.09096329,-0.04141437,0.10664732,0.0006615559,-2.604723E-05,0,-0.009842031,-0.1549931,0.135309041,-0.179204762,0.179152668,true,0.0582841225,0,-0.08984263
140,663,6.63,ASCENT,0.189997122,Ascent,false,true,0.294267535,0.294723928,0.294723928,99,404,418,false,false,NONE,0.0430421121,1.37929249,-0.121866278,0.989212751,0.14387235,0.00317072333,-0.027363807,-0.0499846637,0.108842827,-0.0225554965,-0.425795674,-0.011178175,0.07741758,true,true,8,true,true,0.0102807581,0.007639448,0.226253361,0.06404878,0.216856733,0.1415007,0.8427597,left_upper_arm,true,0.00334606762,0,0.272063047,0.9997348,false,false,bar_linear_stillness|bar_angular_stillness|knee_extension|hip_extension,1.39497,0.121876895,0.432920754,0.584911346,0.5309288,0.09702401,0.05,0.02,0.2,0.08726646,0.17453292,0.17453292,0.005295813,0.0209479928,0.0209479928,false,0.0321698748,0.1876326,0.10698542,0.005271001,0.003574327,428.967438,0.1548507,right_shank,twist_x,0.0062344796,NA,NA,NA,true,0.0376519747,1.220647,-0.09094432,-0.0425948352,0.105773292,0.0007463535,-2.604723E-05,0,-0.009842031,-0.1549931,0.135309041,-0.179204762,0.179152668,true,0.0579233542,0,-0.08978303
140,664,6.6400000000000006,ASCENT,0.186997116,Ascent,false,true,0.295174181,0.29566747,0.29566747,99,404,418,false,false,NONE,0.04252679,1.38029408,-0.122103594,0.9895372,0.141699851,0.00311786169,-0.026973838,-0.0513090044,0.107665434,-0.0225835331,-0.429663837,-0.0114491461,0.07898203,true,true,8,true,true,0.010284517,0.007526945,0.226233646,0.0640684962,0.216419592,0.141937837,0.843264163,left_upper_arm,true,0.00334795681,0,0.272447228,0.9933323,false,false,bar_linear_stillness|bar_angular_stillness|knee_extension|hip_extension,1.39497,0.121385649,0.437012881,0.577428758,0.523597062,0.09571973,0.05,0.02,0.2,0.08726646,0.17453292,0.17453292,0.0053139776,0.0210510939,0.0210510939,false,0.0325851627,0.187079489,0.10622298,0.005925714,0.00365005387,427.11853,0.154183283,right_shank,twist_x,0.006232813,NA,NA,NA,true,0.0372148268,1.221683,-0.0909246057,-0.04378182,0.104877807,0.000819206238,-2.604723E-05,0,-0.009842031,-0.1549931,0.135309041,-0.179204762,0.179152668,true,0.05753401,0,-0.08965576
140,665,6.65,ASCENT,0.18399711,Ascent,false,true,0.296071827,0.296601474,0.296601474,99,404,418,false,false,NONE,0.04199813,1.381283,-0.122341469,0.9898598,0.1395056,0.00306305848,-0.0265762322,-0.0526407659,0.106405914,-0.0226203538,-0.4337829,-0.0117299911,0.0805233,true,true,8,true,true,0.0102592194,0.007403053,0.2262133,0.06408884,0.215970516,0.142386913,0.8437864,left_upper_arm,true,0.00334864785,0,0.272731751,0.9867442,false,false,bar_linear_stillness|bar_angular_stillness|knee_extension|hip_extension,1.39497,0.120850936,0.4413493,0.5698867,0.5162481,0.09438229,0.05,0.02,0.2,0.08726646,0.17453292,0.17453292,0.005332947,0.0211584959,0.0211584959,false,0.0329814069,0.186466962,0.1054442,0.00660959352,0.0037579583,425.151672,0.153473273,right_shank,twist_x,0.0062294635,NA,NA,NA,true,0.03676576,1.22270966,-0.0909042656,-0.0449753143,0.103932269,0.000884756446,-2.604723E-05,0,-0.009842031,-0.1549931,0.135309041,-0.179204762,0.179152668,true,0.0571435764,0,-0.08952703
140,666,6.66,ASCENT,0.1809971,Ascent,false,true,0.296961665,0.297526777,0.297526777,99,404,418,false,false,NONE,0.0414560735,1.38225853,-0.122579917,0.9901807,0.137289166,0.00300630112,-0.0261711087,-0.05397899,0.105056956,-0.0226581935,-0.437983364,-0.0120206568,0.0820411146,true,true,8,true,true,0.0102278413,0.00727519672,0.226192415,0.06410972,0.215509474,0.142847955,0.8443269,left_upper_arm,true,0.00334838848,0,0.272938341,0.9801265,false,false,bar_linear_stillness|bar_angular_stillness|knee_extension|hip_extension,1.39497,0.120266743,0.445763022,0.5622884,0.5088798,0.09301795,0.05,0.02,0.2,0.08726646,0.17453292,0.17453292,0.005352661,0.0212641377,0.0212641377,false,0.0333544873,0.185798243,0.104645573,0.00732220849,0.00389339123,423.112335,0.152737111,right_shank,twist_x,0.006224734,NA,NA,NA,true,0.0363047048,1.22372639,-0.09088338,-0.04617559,0.102907546,0.0009440323,-2.604723E-05,0,-0.009842031,-0.1549931,0.135309041,-0.179204762,0.179152668,true,0.0567511022,0,-0.08940026
140,667,6.67,ASCENT,0.1779971,Ascent,false,true,0.297842979,0.2984429,0.2984429,99,404,418,false,false,NONE,0.04090056,1.3832196,-0.122818694,0.9904992,0.135052547,0.00294751138,-0.0257585868,-0.0553231277,0.103612877,-0.02266808,-0.441757143,-0.0123208184,0.083535336,true,true,8,true,true,0.0101887835,0.00714009441,0.226171032,0.06413111,0.215036348,0.143321082,0.844862461,left_upper_arm,true,0.003347441,0,0.273092538,0.973941147,false,false,bar_linear_stillness|bar_angular_stillness|knee_extension|hip_extension,1.39497,0.119624905,0.449754745,0.5546533,0.501479,0.09165153,0.05,0.02,0.2,0.08726646,0.17453292,0.17453292,0.005373001,0.0213693716,0.0213693716,false,0.03373897,0.18510966,0.103810407,0.008032738,0.00399496267,421.755859,0.152247444,right_shank,twist_x,0.006218369,NA,NA,NA,true,0.03583158,1.22473156,-0.09086199,-0.04738349,0.101743907,0.00100028911,-2.604723E-05,0,-0.009842031,-0.1549931,0.135309041,-0.179204762,0.179152668,true,0.0563734174,0,-0.08932752
140,668,6.68,ASCENT,0.174997091,Ascent,false,true,0.298715949,0.299350083,0.299350083,99,404,418,false,false,NONE,0.04033151,1.38416469,-0.123057961,0.9908153,0.132795751,0.00288666668,-0.02533879,-0.0566748232,0.102008626,-0.0226973332,-0.445566833,-0.01263056,0.08500577,true,true,8,true,true,0.0101756947,0.007021584,0.226149231,0.06415291,0.214551076,0.143806353,0.845408857,left_upper_arm,true,0.003345273,0,0.2731392,0.967700362,false,false,bar_linear_stillness|bar_angular_stillness|knee_extension|hip_extension,1.39497,0.118882142,0.453778923,0.546964645,0.49406293,0.09025651,0.05,0.02,0.2,0.08726646,0.17453292,0.17453292,0.005393885,0.0214742776,0.0214742776,false,0.0341091268,0.184376419,0.102958888,0.008755058,0.00410952466,419.684448,0.151499689,right_shank,twist_x,0.00621104,NA,NA,NA,true,0.03534631,1.2257241,-0.09084019,-0.0485991,0.100472547,0.00104227266,-2.604723E-05,0,-0.009842031,-0.1549931,0.135309041,-0.179204762,0.179152668,true,0.0559573,0,-0.08919544
140,669,6.69,ASCENT,0.171997085,Ascent,false,true,0.299579024,0.3002463,0.3002463,99,404,418,false,false,NONE,0.03974888,1.38509226,-0.123297788,0.991128743,0.130518928,0.00282373931,-0.0249118358,-0.0580318719,0.100259453,-0.0227339715,-0.4493303,-0.0129496269,0.086452134,true,true,8,true,true,0.0101440214,0.00689744344,0.226127177,0.064174965,0.214053571,0.144303858,0.845970452,left_upper_arm,true,0.00334250322,0,0.273133337,0.9614916,false,false,bar_linear_stillness|bar_angular_stillness|knee_extension|hip_extension,1.39497,0.118052907,0.457754731,0.5392265,0.486632138,0.0888396055,0.05,0.02,0.2,0.08726646,0.17453292,0.17453292,0.00541527569,0.0215799864,0.0215799864,false,0.034459535,0.1835939,0.102092639,0.009500586,0.004249903,417.556274,0.150731459,right_shank,twist_x,0.00620285561,NA,NA,NA,true,0.0348488167,1.22670317,-0.09081814,-0.0498217158,0.09908516,0.00107293727,-2.604723E-05,0,-0.009842031,-0.1549931,0.135309041,-0.179204762,0.179152668,true,0.0555243865,0,-0.08906211
140,670,6.7,ASCENT,0.168997079,Ascent,false,true,0.300432444,0.301131964,0.301131964,99,404,418,false,false,NONE,0.0391526371,1.38600123,-0.12353801,0.9914392,0.128224418,0.00275865127,-0.0244778581,-0.0593922324,0.09840351,-0.0227511153,-0.452600151,-0.01327759,0.0878740549,true,true,8,true,true,0.0101007661,0.006765879,0.226104945,0.064197205,0.2135438,0.144813627,0.8465295,left_upper_arm,true,0.00333999633,0,0.273150742,0.9557152,false,false,bar_linear_stillness|bar_angular_stillness|knee_extension|hip_extension,1.39497,0.117167838,0.461242944,0.5314574,0.4791718,0.0874243155,0.05,0.02,0.2,0.08726646,0.17453292,0.17453292,0.005437076,0.0216817129,0.0216817129,false,0.03480562,0.182785064,0.101191692,0.0102510676,0.004374758,415.886658,0.150128752,right_shank,twist_x,0.006194622,NA,NA,NA,true,0.0343390442,1.22766674,-0.0907959,-0.0510509163,0.09755509,0.00109719438,-2.604723E-05,0,-0.009842031,-0.1549931,0.135309041,-0.179204762,0.179152668,true,0.0550851971,0,-0.0889778659
140,671,6.71,ASCENT,0.165997073,Ascent,false,true,0.301276624,0.302007258,0.302007258,99,404,418,false,false,NONE,0.0385427326,1.38689,-0.1237788,0.9917464,0.125912488,0.00269137486,-0.0240369774,-0.06075699,0.09639399,-0.0227875337,-0.455844343,-0.0136144022,0.08927116,true,true,8,true,true,0.010079056,0.00664835144,0.226082638,0.0642195046,0.213021681,0.145335749,0.8470999,left_upper_arm,true,0.00333698746,0,0.273119122,0.949893534,false,false,bar_linear_stillness|bar_angular_stillness|knee_extension|hip_extension,1.39497,0.116200194,0.464702874,0.5236459,0.471705,0.0859774053,0.05,0.02,0.2,0.08726646,0.17453292,0.17453292,0.00545913,0.021780001,0.021780001,false,0.03514709,0.1819461,0.100275308,0.0110015459,0.00449944241,413.772034,0.14936541,right_shank,twist_x,0.006185933,NA,NA,NA,true,0.0338169225,1.22861421,-0.0907736,-0.0522859879,0.09592149,0.00110738177,-2.604723E-05,0,-0.009842031,-0.1549931,0.135309041,-0.179204762,0.179152668,true,0.05460124,0,-0.0888367444
140,672,6.72,ASCENT,0.162997067,Ascent,false,true,0.302109838,0.302870333,0.302870333,99,404,418,false,false,NONE,0.03791915,1.38775754,-0.124020234,0.9920503,0.123583496,0.00262188376,-0.0235893242,-0.06212386,0.09426423,-0.0228335634,-0.4590024,-0.0139596639,0.0906429961,true,true,8,true,true,0.01004476,0.006526437,0.22606042,0.06424173,0.212487161,0.145870268,0.847686648,left_upper_arm,true,0.00333409361,0,0.273093075,0.9440826,false,false,bar_linear_stillness|bar_angular_stillness|knee_extension|hip_extension,1.39497,0.115180254,0.468075037,0.5157987,0.464230716,0.08450575,0.05,0.02,0.2,0.08726646,0.17453292,0.17453292,0.00548137,0.0218765121,0.0218765121,false,0.03547054,0.181070983,0.0993515849,0.0117709739,0.00464918837,411.6277,0.148591325,right_shank,twist_x,0.00617707148,NA,NA,NA,true,0.0332824,1.22954416,-0.09075137,-0.0535257719,0.09418739,0.00110655825,-2.604723E-05,0,-0.009842031,-0.1549931,0.135309041,-0.179204762,0.179152668,true,0.054093197,0,-0.08869624
140,673,6.73,ASCENT,0.159997061,Ascent,false,true,0.302932084,0.303720951,0.303720951,99,404,418,false,false,NONE,0.0372818857,1.38860309,-0.124262229,0.99235034,0.121239588,0.00255011139,-0.0231350288,-0.06349055,0.0920710638,-0.0228680987,-0.4617044,-0.0143128922,0.09198904,true,true,8,true,true,0.0100027565,0.006400988,0.226038322,0.06426382,0.211940214,0.146417215,0.8482736,left_upper_arm,true,0.00333205145,0,0.273136437,0.938632369,false,false,bar_linear_stillness|bar_angular_stillness|knee_extension|hip_extension,1.39497,0.114153758,0.4709966,0.5079274,0.4567301,0.08303963,0.05,0.02,0.2,0.08726646,0.17453292,0.17453292,0.00550366938,0.02196775,0.02196775,false,0.0357809328,0.180171117,0.0984005854,0.0125500392,0.00479776459,409.712555,0.1479,right_shank,twist_x,0.00616916176,NA,NA,NA,true,0.03273545,1.230456,-0.09072928,-0.0547691546,0.09235124,0.00109925668,-2.604723E-05,0,-0.009842031,-0.1549931,0.135309041,-0.179204762,0.179152668,true,0.0535623245,0,-0.0886011645
140,674,6.74,ASCENT,0.156997055,Ascent,false,true,0.303744018,0.304560423,0.304560423,99,404,418,false,false,NONE,0.03663094,1.38942552,-0.124504961,0.9926465,0.118881024,0.00247603771,-0.0226742234,-0.06485779,0.0897684842,-0.0229217857,-0.464388222,-0.0146738738,0.09330885,true,true,8,true,true,0.009980391,0.00628667045,0.226016477,0.0642856658,0.2113808,0.146976635,0.8488731,left_upper_arm,true,0.00332975434,0,0.273152262,0.9330986,false,false,bar_linear_stillness|bar_angular_stillness|knee_extension|hip_extension,1.39497,0.113094307,0.473896921,0.5000289,0.449229568,0.08154423,0.05,0.02,0.2,0.08726646,0.17453292,0.17453292,0.00552589446,0.02205439,0.02205439,false,0.03609529,0.179251611,0.09743198,0.013320839,0.00493654935,407.606476,0.147139728,right_shank,twist_x,0.006160806,NA,NA,NA,true,0.0321760364,1.23134911,-0.0907074362,-0.056015268,0.09044921,0.00108001928,-2.604723E-05,0,-0.009842031,-0.1549931,0.135309041,-0.179204762,0.179152668,true,0.0529889278,0,-0.08845228
140,675,6.75,ASCENT,0.153997049,Ascent,false,true,0.304543972,0.305386066,0.305386066,99,404,418,false,false,NONE,0.0359663181,1.3902241,-0.124748535,0.9929385,0.116508022,0.002399646,-0.0222070422,-0.0662237555,0.08739557,-0.0229867734,-0.4670021,-0.0150421066,0.09460189,true,true,8,true,true,0.0099506285,0.00616998924,0.225994974,0.06430717,0.2108089,0.147548527,0.8494894,left_upper_arm,true,0.003328288,0,0.273231834,0.9275274,false,false,bar_linear_stillness|bar_angular_stillness|knee_extension|hip_extension,1.39497,0.112035543,0.476725,0.492107153,0.441729546,0.08002687,0.05,0.02,0.2,0.08726646,0.17453292,0.17453292,0.00554798543,0.0221379679,0.0221379679,false,0.0363948,0.178308517,0.0964632854,0.0141075952,0.00509883463,405.4845,0.146373734,right_shank,twist_x,0.00615240354,NA,NA,NA,true,0.03160415,1.23222232,-0.0906859338,-0.0572627857,0.0884872451,0.0010508229,-2.604723E-05,0,-0.009842031,-0.1549931,0.135309041,-0.179204762,0.179152668,true,0.0523876,0,-0.08830515
140,676,6.76,ASCENT,0.150997043,Ascent,false,true,0.305331767,0.306198239,0.306198239,99,404,418,false,false,NONE,0.03528806,1.39099836,-0.124993034,0.993226349,0.114121169,0.0023209143,-0.0217336211,-0.06759,0.08497403,-0.0230760984,-0.46930784,-0.0154198064,0.09586704,true,true,8,true,true,0.005920783,0.00606057933,0.225971058,0.0643310845,0.210224748,0.148132682,0.850127757,left_upper_arm,true,0.00332718552,0,0.2733398,0.922110438,false,false,bar_linear_stillness|bar_angular_stillness|knee_extension|hip_extension,1.39497,0.111002252,0.479247451,0.484163851,0.434137553,0.07849236,0.05,0.02,0.2,0.08726646,0.17453292,0.17453292,0.00556983054,0.0222159158,0.0222159158,false,0.03667816,0.177345186,0.09540095,0.0148139037,0.00528006628,403.420166,0.145628542,right_shank,twist_x,0.006143894,NA,NA,NA,true,0.0310199931,1.2330755,-0.09066202,-0.0584763326,0.0864619762,0.00106262066,-2.604723E-05,0,-0.009842031,-0.1549931,0.135309041,-0.179204762,0.179152668,true,0.0517617129,0,-0.08827576
140,677,6.7700000000000005,ASCENT,0.147997037,Ascent,false,true,0.306089461,0.307000458,0.307000458,99,404,418,false,false,NONE,0.0345960371,1.391749,-0.1252393,0.9935095,0.111723609,0.002239783,-0.02125412,-0.0689598843,0.0826030746,-0.02321961,-0.4715159,-0.0157958213,0.0971045643,true,true,8,true,true,0.00570438756,0.005999284,0.2259486,0.06435354,0.209628254,0.148729175,0.8507683,left_upper_arm,true,0.00332817785,0,0.273605078,0.916883647,false,false,bar_linear_stillness|bar_angular_stillness|knee_extension|hip_extension,1.39497,0.110081263,0.481670052,0.476208,0.4265489,0.07695825,0.05,0.02,0.2,0.08726646,0.17453292,0.17453292,0.005591333,0.0222886261,0.0222886261,false,0.036962945,0.17636627,0.09432621,0.0155344931,0.00543883257,401.3262,0.144872651,right_shank,twist_x,0.00613442855,NA,NA,NA,true,0.0304234978,1.23390913,-0.09063956,-0.0596982837,0.08449847,0.00106308761,-2.604723E-05,0,-0.009842031,-0.1549931,0.135309041,-0.179204762,0.179152668,true,0.050890673,0,-0.08811903
140,678,6.78,ASCENT,0.14499703,Ascent,false,true,0.3068412,0.3077895,0.3077895,99,404,418,false,false,NONE,0.0338905752,1.39247584,-0.125487089,0.993788242,0.109311454,0.002156369,-0.0207686424,-0.07030229,0.08024097,-0.0233530719,-0.474097162,-0.016172396,0.0983143,true,true,8,true,true,0.005601728,0.005893485,0.225927055,0.0643750951,0.209019452,0.149337977,0.851415634,left_upper_arm,true,0.00332932267,0,0.273888737,0.91116935,false,false,bar_linear_stillness|bar_angular_stillness|knee_extension|hip_extension,1.39497,0.109208025,0.484453678,0.468236148,0.41898942,0.0753992647,0.05,0.02,0.2,0.08726646,0.17453292,0.17453292,0.00561524928,0.022386821,0.022386821,false,0.03727195,0.17537199,0.0932778046,0.0163000114,0.00560834631,399.208435,0.144108161,right_shank,twist_x,0.0061238925,NA,NA,NA,true,0.0298146959,1.23472369,-0.09061801,-0.06092657,0.08257087,0.00100504165,-2.604723E-05,0,-0.009842031,-0.1549931,0.135309041,-0.179204762,0.179152668,true,0.050093513,0,-0.08782462
140,679,6.79,ASCENT,0.141997024,Ascent,false,true,0.3075856,0.3085637,0.3085637,99,404,418,false,false,NONE,0.0331718773,1.39317882,-0.1257362,0.9940625,0.106884494,0.00207068352,-0.02027733,-0.0716246441,0.0778726861,-0.0234654713,-0.476735651,-0.016552221,0.09949474,true,true,8,true,true,0.005534612,0.005772972,0.225906625,0.06439552,0.208398372,0.149959058,0.852079868,left_upper_arm,true,0.0033303746,0,0.274166048,0.905262053,false,false,bar_linear_stillness|bar_angular_stillness|knee_extension|hip_extension,1.39497,0.108373769,0.487288475,0.460248023,0.4114472,0.07382676,0.05,0.02,0.2,0.08726646,0.17453292,0.17453292,0.00563770533,0.0224748682,0.0224748682,false,0.0375637934,0.174360752,0.09224487,0.0171046425,0.005799262,397.04306,0.1433265,right_shank,twist_x,0.00611285027,NA,NA,NA,true,0.0291936081,1.23551834,-0.0905975848,-0.0621531233,0.08060274,0.000917784346,-2.604723E-05,0,-0.009842031,-0.1549931,0.135309041,-0.179204762,0.179152668,true,0.0493757874,0,-0.08759607
140,680,6.8,ASCENT,0.138997018,Ascent,false,true,0.308321238,0.309323251,0.309323251,99,404,418,false,false,NONE,0.03244006,1.393858,-0.125986487,0.994332,0.104444258,0.00198269379,-0.0197803415,-0.07293603,0.07550114,-0.02355946,-0.4790886,-0.0169370044,0.100645036,true,true,8,true,true,0.005481994,0.005649028,0.2258874,0.06441474,0.207765043,0.150592387,0.8527504,left_upper_arm,true,0.00333120371,0,0.2744228,0.899508059,false,false,bar_linear_stillness|bar_angular_stillness|knee_extension|hip_extension,1.39497,0.1075878,0.489838928,0.452238262,0.4038916,0.072243154,0.05,0.02,0.2,0.08726646,0.17453292,0.17453292,0.00565926,0.0225364938,0.0225364938,false,0.0378247574,0.1733232,0.091183506,0.0179239959,0.00598636735,394.58075,0.142437637,right_shank,twist_x,0.00610312354,NA,NA,NA,true,0.0285602845,1.23629332,-0.09057836,-0.06337518,0.0785813,0.0008151829,-2.604723E-05,0,-0.009842031,-0.1549931,0.135309041,-0.179204762,0.179152668,true,0.0486587323,0,-0.08744892
140,681,6.8100000000000005,ASCENT,0.135997012,Ascent,false,true,0.309047937,0.3100698,0.3100698,99,404,418,false,false,NONE,0.03169517,1.39451265,-0.126237914,0.99459666,0.101991624,0.0018923782,-0.0192778334,-0.07424221,0.07307434,-0.0236545838,-0.481282175,-0.01732739,0.10176491,true,true,8,true,true,0.00544263,0.00553009473,0.225869432,0.06443271,0.207119554,0.151237875,0.8534348,left_upper_arm,true,0.00333142839,0,0.274623,0.893765152,false,false,bar_linear_stillness|bar_angular_stillness|knee_extension|hip_extension,1.39497,0.106823705,0.492228478,0.4442176,0.396348953,0.07065107,0.05,0.02,0.2,0.08726646,0.17453292,0.17453292,0.005679682,0.0225822572,0.0225822572,false,0.0380703136,0.172268331,0.0901130661,0.01875245,0.00617753249,392.431152,0.141661674,right_shank,twist_x,0.00609280448,NA,NA,NA,true,0.0279147942,1.23704743,-0.09056039,-0.06459199,0.07651793,0.0007015278,-2.604723E-05,0,-0.009842031,-0.1549931,0.135309041,-0.179204762,0.179152668,true,0.04791091,0,-0.0872852057
140,682,6.82,ASCENT,0.132997,Ascent,false,true,0.309762716,0.310800731,0.310800731,99,404,418,false,false,NONE,0.0309372563,1.39514244,-0.126490548,0.9948561,0.09952777,0.00179971,-0.0187699553,-0.07554363,0.07059646,-0.0237549618,-0.483252555,-0.0177230723,0.102854073,true,true,8,true,true,0.005413783,0.00541788153,0.225852787,0.064449355,0.206461966,0.151895463,0.854133368,left_upper_arm,true,0.00333129,0,0.2747874,0.88811177,false,false,bar_linear_stillness|bar_angular_stillness|knee_extension|hip_extension,1.39497,0.10608957,0.4943947,0.43618688,0.388815552,0.0690361038,0.05,0.02,0.2,0.08726646,0.17453292,0.17453292,0.0056989044,0.0226173252,0.0226173252,false,0.0382961743,0.171203539,0.08904992,0.0195946638,0.00638459949,390.2818,0.140885785,right_shank,twist_x,0.006081859,NA,NA,NA,true,0.0272571966,1.23778081,-0.09054375,-0.06580321,0.07440838,0.000577005732,-2.604723E-05,0,-0.009842031,-0.1549931,0.135309041,-0.179204762,0.179152668,true,0.0471344925,0,-0.08713919
140,683,6.83,ASCENT,0.129997,Ascent,false,true,0.310464978,0.311516464,0.311516464,99,404,418,false,false,NONE,0.030166395,1.39574718,-0.126744464,0.995110154,0.0970542356,0.00170466152,-0.0182568654,-0.07683814,0.06811225,-0.023863662,-0.48491928,-0.0181231461,0.103912339,true,true,8,true,true,0.0053915875,0.00531111471,0.225837559,0.064464584,0.205792308,0.152565122,0.8548371,left_upper_arm,true,0.00333138579,0,0.274965465,0.88264966,false,false,bar_linear_stillness|bar_angular_stillness|knee_extension|hip_extension,1.39497,0.10541752,0.496258944,0.428133667,0.381261081,0.0674249157,0.05,0.02,0.2,0.08726646,0.17453292,0.17453292,0.005716875,0.02264317,0.02264317,false,0.0385002419,0.170115322,0.0879641846,0.0204396229,0.006592472,387.577026,0.1399094,right_shank,twist_x,0.00607224042,NA,NA,NA,true,0.0265875533,1.23849261,-0.09052852,-0.06700754,0.07228073,0.000442495948,-2.604723E-05,0,-0.009842031,-0.1549931,0.135309041,-0.179204762,0.179152668,true,0.0463110767,0,-0.08703203
140,684,6.84,ASCENT,0.126997,Ascent,false,true,0.311156273,0.312218726,0.312218726,99,404,418,false,false,NONE,0.0293826722,1.39632666,-0.126999766,0.9953587,0.0945716947,0.00160722632,-0.0177387167,-0.07812352,0.06560187,-0.0239828415,-0.48644045,-0.0185268428,0.104939364,true,true,8,true,true,0.005373807,0.0052057635,0.22582382,0.06447832,0.205110714,0.153246716,0.8555514,left_upper_arm,true,0.00333159487,0,0.275147349,0.87718904,false,false,bar_linear_stillness|bar_angular_stillness|knee_extension|hip_extension,1.39497,0.104795352,0.497975737,0.420078278,0.373721361,0.06579603,0.05,0.02,0.2,0.08726646,0.17453292,0.17453292,0.00573352,0.0226595737,0.0226595737,false,0.0386961661,0.169005215,0.0868565142,0.0212848783,0.006799037,385.429443,0.139134154,right_shank,twist_x,0.006061515,NA,NA,NA,true,0.0259059463,1.23918343,-0.09051478,-0.06820389,0.07014486,0.000300799817,-2.604723E-05,0,-0.009842031,-0.1549931,0.135309041,-0.179204762,0.179152668,true,0.0454532765,0,-0.08688963
140,685,6.8500000000000005,ASCENT,0.123996995,Ascent,false,true,0.31183368,0.312905133,0.312905133,99,404,418,false,false,NONE,0.0285862032,1.39688063,-0.127256542,0.995601535,0.09208105,0.00150739856,-0.01721567,-0.0793977156,0.06307207,-0.0241103247,-0.487792,-0.0189331379,0.105934724,true,true,8,true,true,0.00536399148,0.00510758627,0.22581166,0.06449048,0.204417229,0.1539402,0.8562771,left_upper_arm,true,0.003331923,0,0.275334477,0.871761262,false,false,bar_linear_stillness|bar_angular_stillness|knee_extension|hip_extension,1.39497,0.104227595,0.499521434,0.412020475,0.366192549,0.06415555,0.05,0.02,0.2,0.08726646,0.17453292,0.17453292,0.005748749,0.02266653,0.02266653,false,0.0388752036,0.167891636,0.08575872,0.0221394356,0.007018692,383.280884,0.138358563,right_shank,twist_x,0.00604981137,NA,NA,NA,true,0.025212463,1.23985267,-0.09050262,-0.0693912357,0.0679892749,0.000148940089,-2.604723E-05,0,-0.009842031,-0.1549931,0.135309041,-0.179204762,0.179152668,true,0.0445703156,0,-0.08675732
140,686,6.86,ASCENT,0.120997,Ascent,false,true,0.312497675,0.313575685,0.313575685,99,404,418,false,false,NONE,0.0277771149,1.39740908,-0.127514854,0.9958385,0.0895831361,0.00140517892,-0.0166878775,-0.08065899,0.0605362467,-0.0242452621,-0.48897022,-0.0193410814,0.10689801,true,true,8,true,true,0.005357062,0.00501068542,0.22580117,0.0645009652,0.203711957,0.154645473,0.857014,left_upper_arm,true,0.00333225029,0,0.275516719,0.8663606,false,false,bar_linear_stillness|bar_angular_stillness|knee_extension|hip_extension,1.39497,0.103722431,0.500892341,0.403958738,0.358673275,0.06251017,0.05,0.02,0.2,0.08726646,0.17453292,0.17453292,0.00576248765,0.022664845,0.022664845,false,0.03903806,0.1667746,0.08466836,0.0230020061,0.007248898,381.140961,0.137586087,right_shank,twist_x,0.006037526,NA,NA,NA,true,0.0245072022,1.24050009,-0.09049214,-0.07056829,0.06581859,-1.40696766E-05,-2.604723E-05,0,-0.009842031,-0.1549931,0.135309041,-0.179204762,0.179152668,true,0.04365677,0,-0.0866295844
140,687,6.87,ASCENT,0.117997,Ascent,false,true,0.313147783,0.314230621,0.314230621,99,404,418,false,false,NONE,0.0269555543,1.39791226,-0.127774835,0.996069551,0.08707873,0.001300575,-0.0161555074,-0.08190532,0.05802408,-0.0243929457,-0.490013927,-0.0197496787,0.107828833,true,true,8,true,true,0.00534943957,0.004917228,0.2257925,0.0645096451,0.202995047,0.155362383,0.857756138,left_upper_arm,true,0.00333305215,0,0.275733173,0.8609707,false,false,bar_linear_stillness|bar_angular_stillness|knee_extension|hip_extension,1.39497,0.1032971,0.5021262,0.395875156,0.351136029,0.06085951,0.05,0.02,0.2,0.08726646,0.17453292,0.17453292,0.005774647,0.0226530023,0.0226530023,false,0.0391778052,0.165615454,0.08353062,0.0238602776,0.0074734115,378.164,0.136511445,right_shank,twist_x,0.00602649152,NA,NA,NA,true,0.0237902831,1.2411263,-0.09048346,-0.07173326,0.06366536,-0.000188208622,-2.604723E-05,0,-0.009842031,-0.1549931,0.135309041,-0.179204762,0.179152668,true,0.04269985,0,-0.08652917
140,688,6.88,ASCENT,0.114997,Ascent,false,true,0.313786447,0.314871848,0.314871848,99,404,418,false,false,NONE,0.02612169,1.39839017,-0.128036514,0.996294558,0.08456821,0.00119360315,-0.0156187154,-0.0831352845,0.05551521,-0.0245429985,-0.490960538,-0.0201582424,0.10872674,true,true,8,true,true,0.0053399,0.0048200516,0.2257857,0.06451644,0.2022666,0.156090826,0.8585068,left_upper_arm,true,0.0033340978,0,0.275965631,0.8555341,false,false,bar_linear_stillness|bar_angular_stillness|knee_extension|hip_extension,1.39497,0.102935769,0.5032595,0.3877967,0.343612283,0.05919506,0.05,0.02,0.2,0.08726646,0.17453292,0.17453292,0.00578513,0.0226302389,0.0226302389,false,0.0393043347,0.16445066,0.0823921561,0.0247260984,0.007705162,376.005829,0.135732383,right_shank,twist_x,0.006014105,NA,NA,NA,true,0.0230618455,1.24173117,-0.09047666,-0.0728849247,0.06152103,-0.000368611,-2.604723E-05,0,-0.009842031,-0.1549931,0.135309041,-0.179204762,0.179152668,true,0.0417192467,0,-0.0864025056
140,689,6.8900000000000006,ASCENT,0.111997,Ascent,false,true,0.3144111,0.31549716,0.31549716,99,404,418,false,false,NONE,0.0252757,1.39884293,-0.128299922,0.996513367,0.0820522755,0.00108428,-0.0150776673,-0.08434767,0.05301866,-0.02469695,-0.491771549,-0.02056594,0.109591238,true,true,8,true,true,0.00533603039,0.004729527,0.225780874,0.0645212755,0.201526791,0.156830639,0.8592665,left_upper_arm,true,0.00333502563,0,0.2761836,0.85008496,false,false,bar_linear_stillness|bar_angular_stillness|knee_extension|hip_extension,1.39497,0.102642328,0.504254341,0.3797185,0.336102158,0.0575322062,0.05,0.02,0.2,0.08726646,0.17453292,0.17453292,0.00579381,0.022596065,0.022596065,false,0.03941339,0.163287863,0.08126467,0.0255993474,0.007945821,373.857269,0.134956777,right_shank,twist_x,0.00600076327,NA,NA,NA,true,0.022322027,1.24231458,-0.09047183,-0.07402233,0.0593739972,-0.000559064734,-2.604723E-05,0,-0.009842031,-0.1549931,0.135309041,-0.179204762,0.179152668,true,0.0407149866,0,-0.08628707
140,690,6.9,ASCENT,0.108997,Ascent,false,true,0.3150221,0.316106617,0.316106617,99,404,418,false,false,NONE,0.0244177654,1.39927077,-0.1285652,0.996726,0.07953126,0.000972631562,-0.0145325279,-0.0855414,0.05055293,-0.02486584,-0.492542416,-0.0209718626,0.110422045,true,true,8,true,true,0.005332724,0.00464413129,0.225778118,0.0645240247,0.200775743,0.157581687,0.8600325,left_upper_arm,true,0.00333642378,0,0.276434571,0.8445525,false,false,bar_linear_stillness|bar_angular_stillness|knee_extension|hip_extension,1.39497,0.102426752,0.5052038,0.3716159,0.328572124,0.055858288,0.05,0.02,0.2,0.08726646,0.17453292,0.17453292,0.005800605,0.0225520656,0.0225520656,false,0.03949417,0.162085623,0.08009959,0.0264706854,0.008186988,370.600861,0.133781269,right_shank,twist_x,0.00598831056,NA,NA,NA,true,0.02157098,1.24287677,-0.09046908,-0.07514383,0.0572562367,-0.0007617901,-2.604723E-05,0,-0.009842031,-0.1549931,0.135309041,-0.179204762,0.179152668,true,0.0396681577,0,-0.08619838
140,691,6.91,ASCENT,0.105997,Ascent,false,true,0.315621376,0.316702247,0.316702247,99,404,418,false,false,NONE,0.0235480983,1.39967382,-0.128832325,0.9969322,0.0770055354,0.000858686049,-0.0139834639,-0.08671459,0.04809972,-0.0250307173,-0.493211955,-0.0213754177,0.111218758,true,true,8,true,true,0.005322916,0.00455060462,0.225777537,0.06452461,0.200013652,0.158343777,0.860806048,left_upper_arm,true,0.0033378317,0,0.276682436,0.8389901,false,false,bar_linear_stillness|bar_angular_stillness|knee_extension|hip_extension,1.39497,0.102271892,0.506047964,0.363521457,0.321059555,0.0541810766,0.05,0.02,0.2,0.08726646,0.17453292,0.17453292,0.00580544025,0.0224964656,0.0224964656,false,0.03955955,0.160866976,0.07892023,0.0273498558,0.008433287,368.417419,0.132993072,right_shank,twist_x,0.005974045,NA,NA,NA,true,0.0208088849,1.2434181,-0.09046849,-0.0762482956,0.0551470369,-0.0009691954,-2.604723E-05,0,-0.009842031,-0.1549931,0.135309041,-0.179204762,0.179152668,true,0.03860301,0,-0.08608627
140,692,6.92,ASCENT,0.102997005,Ascent,false,true,0.316206634,0.3172819,0.3172819,99,404,418,false,false,NONE,0.0226669088,1.40005219,-0.129101276,0.997132063,0.0744759738,0.000742468867,-0.0134306457,-0.08786649,0.0456533358,-0.02519477,-0.4937188,-0.0217757672,0.111980975,true,true,8,true,true,0.005321324,0.004467179,0.225779146,0.06452299,0.199240685,0.159116745,0.861586869,left_upper_arm,true,0.003338884,0,0.276895761,0.8334635,false,false,bar_linear_stillness|bar_angular_stillness|knee_extension|hip_extension,1.39497,0.102173992,0.5067269,0.355434269,0.313563257,0.0525048,0.05,0.02,0.2,0.08726646,0.17453292,0.17453292,0.00580818951,0.0224279016,0.0224279016,false,0.0396062173,0.159654543,0.07775488,0.02823515,0.008685761,366.2486,0.132210165,right_shank,twist_x,0.00595837645,NA,NA,NA,true,0.0200359169,1.24393833,-0.09047011,-0.07733491,0.05302515,-0.00118700764,-2.604723E-05,0,-0.009842031,-0.1549931,0.135309041,-0.179204762,0.179152668,true,0.037516,0,-0.08598775
140,693,6.93,ASCENT,0.09999701,Ascent,false,true,0.316777647,0.317845225,0.317845225,99,404,418,false,false,NONE,0.0217744224,1.40040612,-0.129372224,0.9973255,0.07194261,0.000624021341,-0.0128742438,-0.08899591,0.04322919,-0.0253768153,-0.494243562,-0.0221720282,0.112708427,true,true,8,true,true,0.005320383,0.00438832026,0.225783169,0.06451897,0.198457032,0.1599004,0.862373948,left_upper_arm,true,0.00334004429,0,0.2771114,0.8277898,false,false,bar_linear_stillness|bar_angular_stillness|knee_extension|hip_extension,1.39497,0.102142148,0.5074165,0.347314626,0.306045234,0.0508154742,0.05,0.02,0.2,0.08726646,0.17453292,0.17453292,0.005808778,0.0223490521,0.0223490521,false,0.0396220237,0.158410475,0.0765652359,0.0291178059,0.0089409,362.711121,0.1309332,right_shank,twist_x,0.00594382966,NA,NA,NA,true,0.0192522667,1.24443781,-0.09047413,-0.07840197,0.05093527,-0.001418975,-2.604723E-05,0,-0.009842031,-0.1549931,0.135309041,-0.179204762,0.179152668,true,0.0363825448,0,-0.0859138
140,694,6.94,ASCENT,0.09699701,Ascent,false,true,0.317337215,0.31839484,0.31839484,99,404,418,false,false,NONE,0.0208708961,1.40073574,-0.129645079,0.997512341,0.06940603,0.0005033795,-0.0123144276,-0.09010041,0.0408166945,-0.0255493,-0.494620323,-0.0225636289,0.113400713,true,true,8,true,true,0.005309072,0.00429855334,0.2257896,0.06451253,0.1976629,0.160694525,0.863167048,left_upper_arm,true,0.00334121753,0,0.277324259,0.822151244,false,false,bar_linear_stillness|bar_angular_stillness|knee_extension|hip_extension,1.39497,0.102160916,0.507954836,0.339212418,0.2985494,0.0491311662,0.05,0.02,0.2,0.08726646,0.17453292,0.17453292,0.005807154,0.0222574715,0.0222574715,false,0.03961632,0.157133445,0.07534395,0.0300109163,0.009202883,360.500641,0.130135238,right_shank,twist_x,0.00592722325,NA,NA,NA,true,0.0184581485,1.24491632,-0.09048057,-0.07944819,0.04884591,-0.00165377161,-2.604723E-05,0,-0.009842031,-0.1549931,0.135309041,-0.179204762,0.179152668,true,0.0352319181,0,-0.08581933
140,695,6.95,ASCENT,0.09399701,Ascent,false,true,0.317882717,0.318928123,0.318928123,99,404,418,false,false,NONE,0.0199565738,1.401041,-0.129919812,0.9976926,0.0668673962,0.000380576617,-0.0117513724,-0.09117969,0.0384008959,-0.0257171728,-0.494778216,-0.022949703,0.114057533,true,true,8,true,true,0.005308974,0.00422124565,0.225798577,0.0645035654,0.19685854,0.161498889,0.8639655,left_upper_arm,true,0.00334203686,0,0.277502447,0.8166237,false,false,bar_linear_stillness|bar_angular_stillness|knee_extension|hip_extension,1.39497,0.102223963,0.5082728,0.3311193,0.291072458,0.04743733,0.05,0.02,0.2,0.08726646,0.17453292,0.17453292,0.005803138,0.0221509952,0.0221509952,false,0.0395908952,0.155867949,0.0741402358,0.0309083033,0.009467888,358.569916,0.129438281,left_shank,twist_x,0.00590908574,NA,NA,NA,true,0.0176537745,1.24537408,-0.09048954,-0.08047281,0.04673249,-0.00189893844,-2.604723E-05,0,-0.009842031,-0.1549931,0.135309041,-0.179204762,0.179152668,true,0.03406132,0,-0.08574118
140,696,6.96,ASCENT,0.09099701,Ascent,false,true,0.3184139,0.319445,0.319445,99,404,418,false,false,NONE,0.01903173,1.40132177,-0.130196393,0.9978661,0.0643278658,0.0002556506,-0.011185254,-0.0922321752,0.03597014,-0.0258843265,-0.494719,-0.0233294852,0.114678554,true,true,8,true,true,0.00530982157,0.00414678361,0.22581017,0.0644919649,0.196044132,0.1623133,0.8647679,left_upper_arm,true,0.00334249856,0,0.2776452,0.8111977,false,false,bar_linear_stillness|bar_angular_stillness|knee_extension|hip_extension,1.39497,0.102326065,0.508372247,0.323037356,0.2836149,0.0457485467,0.05,0.02,0.2,0.08726646,0.17453292,0.17453292,0.00579669327,0.02203391,0.02203391,false,0.03954822,0.1546115,0.072951965,0.0318073,0.009734016,358.159821,0.129290238,left_shank,twist_x,0.005889698,NA,NA,NA,true,0.0168393739,1.24581039,-0.09050114,-0.08147465,0.0445943736,-0.002157114,-2.604723E-05,0,-0.009842031,-0.1549931,0.135309041,-0.179204762,0.179152668,true,0.0328596272,0,-0.08567032
140,697,6.97,ASCENT,0.08799701,Ascent,false,true,0.318931162,0.319945931,0.319945931,99,404,418,false,false,NONE,0.0180966482,1.401578,-0.130475,0.998032868,0.0617873967,0.000128657921,-0.0106162475,-0.09325654,0.0335424468,-0.02607115,-0.4946945,-0.0237020776,0.115263484,true,true,8,true,true,0.005307579,0.004076153,0.225824565,0.06447758,0.195219949,0.163137481,0.8655763,left_upper_arm,true,0.00334294513,0,0.277779579,0.8056032,false,false,bar_linear_stillness|bar_angular_stillness|knee_extension|hip_extension,1.39497,0.10247723,0.5084979,0.3149239,0.276136637,0.04405999,0.05,0.02,0.2,0.08726646,0.17453292,0.17453292,0.00578773,0.0219029114,0.0219029114,false,0.0394591764,0.153285623,0.0717042461,0.0327047519,0.01000758,356.07077,0.12853612,left_shank,twist_x,0.00587168476,NA,NA,NA,true,0.0160151832,1.24622571,-0.0905155241,-0.08245167,0.0424816459,-0.00243038428,-2.604723E-05,0,-0.009842031,-0.1549931,0.135309041,-0.179204762,0.179152668,true,0.0316115357,0,-0.0856193751
140,698,6.98,ASCENT,0.08499701,Ascent,false,true,0.319436669,0.320432544,0.320432544,99,404,418,false,false,NONE,0.0171516277,1.40180981,-0.130755529,0.998192847,0.0592466779,-3.50468326E-07,-0.010044531,-0.0942506045,0.0311272219,-0.0262463056,-0.49448052,-0.0240667388,0.115812056,true,true,8,true,true,0.0052937693,0.00399121176,0.22584182,0.06446033,0.194386244,0.163971186,0.8663888,left_upper_arm,true,0.00334352581,0,0.2779207,0.8000973,false,false,bar_linear_stillness|bar_angular_stillness|knee_extension|hip_extension,1.39497,0.102669127,0.508431554,0.306831,0.268683881,0.04236605,0.05,0.02,0.2,0.08726646,0.17453292,0.17453292,0.00577612966,0.0217565037,0.0217565037,false,0.03935288,0.151961029,0.07045909,0.0336105973,0.01028502,355.614746,0.1283715,left_shank,twist_x,0.00585232349,NA,NA,NA,true,0.01518148,1.24662018,-0.09053277,-0.08340231,0.04036665,-0.002704353,-2.604723E-05,0,-0.009842031,-0.1549931,0.135309041,-0.179204762,0.179152668,true,0.0303433836,0,-0.08555681
140,699,6.99,ASCENT,0.0819970146,Ascent,false,true,0.319928229,0.320903122,0.320903122,99,404,418,false,false,NONE,0.0161969885,1.40201724,-0.131037951,0.9983459,0.05670703,-0.0001313249,-0.009470285,-0.09521342,0.0287142321,-0.0264173467,-0.494034052,-0.02442261,0.116323866,true,true,8,true,true,0.00529280631,0.003921737,0.225861937,0.0644402,0.1935433,0.164814129,0.867203534,left_upper_arm,true,0.00334410951,0,0.2780563,0.794734359,false,false,bar_linear_stillness|bar_angular_stillness|knee_extension|hip_extension,1.39497,0.102897905,0.5081312,0.298755348,0.26125595,0.0406777821,0.05,0.02,0.2,0.08726646,0.17453292,0.17453292,0.00576174259,0.0215932876,0.0215932876,false,0.03922613,0.1506533,0.06923396,0.0345172845,0.0105619188,355.227234,0.12823163,left_shank,twist_x,0.005831821,NA,NA,NA,true,0.0143385315,1.2469933,-0.0905529,-0.0843256339,0.038232144,-0.002986154,-2.604723E-05,0,-0.009842031,-0.1549931,0.135309041,-0.179204762,0.179152668,true,0.029050827,0,-0.0855123252
140,700,7,ASCENT,0.078997016,Ascent,false,true,0.320405841,0.3213573,0.3213573,99,404,418,false,false,NONE,0.0152330445,1.40220034,-0.131322473,0.9984922,0.0541680753,-0.000264193979,-0.008893688,-0.09614406,0.0263097063,-0.026613526,-0.4937023,-0.0247686431,0.116798744,true,true,8,true,true,0.0052925637,0.003860146,0.225885078,0.0644170642,0.192691386,0.165666044,0.868024766,left_upper_arm,true,0.00334467343,0,0.278182834,0.7891295,false,false,bar_linear_stillness|bar_angular_stillness|knee_extension|hip_extension,1.39497,0.103170536,0.507934451,0.29064554,0.2538069,0.03898369,0.05,0.02,0.2,0.08726646,0.17453292,0.17453292,0.0057444945,0.0214186031,0.0214186031,false,0.0390555672,0.149288937,0.0679667741,0.0354196951,0.0108465394,352.888672,0.127387434,left_shank,twist_x,0.00581268,NA,NA,NA,true,0.0134866238,1.24734545,-0.09057604,-0.0852198154,0.0361353569,-0.00328158843,-2.604723E-05,0,-0.009842031,-0.1549931,0.135309041,-0.179204762,0.179152668,true,0.0277116857,0,-0.0854863152
140,701,7.01,ASCENT,0.07599702,Ascent,false,true,0.3208717,0.3217975,0.3217975,99,404,418,false,false,NONE,0.0142601477,1.40235949,-0.131608963,0.998631537,0.05163057,-0.000398894568,-0.008314923,-0.09703983,0.0239302,-0.0267940331,-0.4931633,-0.0251041334,0.117236376,true,true,8,true,true,0.00527794147,0.00378042087,0.225911245,0.0643909,0.191830829,0.1665266,0.868848443,left_upper_arm,true,0.00334549625,0,0.2783265,0.78367,false,false,bar_linear_stillness|bar_angular_stillness|knee_extension|hip_extension,1.39497,0.103476107,0.507527947,0.282564551,0.246388033,0.0372957662,0.05,0.02,0.2,0.08726646,0.17453292,0.17453292,0.005724363,0.0212295726,0.0212295726,false,0.0388629436,0.147908777,0.066685,0.03633413,0.0111385928,352.4468,0.127227932,left_shank,twist_x,0.005792011,NA,NA,NA,true,0.0126260705,1.24767685,-0.0906022042,-0.08608338,0.03403783,-0.003573689,-2.604723E-05,0,-0.009842031,-0.1549931,0.135309041,-0.179204762,0.179152668,true,0.0263559762,0,-0.08545004
140,702,7.0200000000000005,ASCENT,0.07299702,Ascent,false,true,0.321323335,0.322221637,0.322221637,99,404,418,false,false,NONE,0.0132786576,1.40249467,-0.131897375,0.998764,0.0490959473,-0.000535363739,-0.007734173,-0.09789976,0.021562025,-0.0269685183,-0.492363185,-0.0254281443,0.117636465,true,true,8,true,true,0.005279852,0.0037191147,0.225940481,0.06436166,0.190961942,0.167395487,0.8696725,left_upper_arm,true,0.003346203,0,0.278454632,0.7784161,false,false,bar_linear_stillness|bar_angular_stillness|knee_extension|hip_extension,1.39497,0.103810325,0.506859362,0.274507821,0.23899807,0.0356081948,0.05,0.02,0.2,0.08726646,0.17453292,0.17453292,0.005701229,0.0210234579,0.0210234579,false,0.0386515334,0.146553129,0.06542835,0.03724771,0.01142709,352.0926,0.127100065,left_shank,twist_x,0.00576980924,NA,NA,NA,true,0.0117571857,1.24798739,-0.09063144,-0.0869153,0.03192247,-0.003872026,-2.604723E-05,0,-0.009842031,-0.1549931,0.135309041,-0.179204762,0.179152668,true,0.024972586,0,-0.08543204
140,703,7.03,ASCENT,0.06999702,Ascent,false,true,0.3217613,0.3226294,0.3226294,99,404,418,false,false,NONE,0.0122889439,1.40260589,-0.132187963,0.9988895,0.04656345,-0.000673515664,-0.00715162372,-0.09872291,0.0191984251,-0.0271729734,-0.491771638,-0.0257396046,0.117998771,true,true,8,true,true,0.00528316852,0.00366660487,0.225972861,0.064329274,0.190085053,0.168272376,0.870503843,left_upper_arm,true,0.00334676635,0,0.27856338,0.7728255,false,false,bar_linear_stillness|bar_angular_stillness|knee_extension|hip_extension,1.39497,0.104178518,0.5063848,0.266414553,0.231587037,0.033921022,0.05,0.02,0.2,0.08726646,0.17453292,0.17453292,0.00567506254,0.0208067838,0.0208067838,false,0.03840108,0.14515923,0.0641495138,0.0381516665,0.0117197195,349.501221,0.126164615,left_shank,twist_x,0.00574903144,NA,NA,NA,true,0.0108802961,1.24827719,-0.09066383,-0.08771391,0.0298531912,-0.00418481231,-2.604723E-05,0,-0.009842031,-0.1549931,0.135309041,-0.179204762,0.179152668,true,0.023546366,0,-0.0854296
140,704,7.04,ASCENT,0.06699702,Ascent,false,true,0.322187364,0.323023021,0.323023021,99,404,418,false,false,NONE,0.0112914005,1.40269363,-0.132480547,0.9990081,0.04403385,-0.00081327447,-0.006567459,-0.0995065644,0.0168725476,-0.02735667,-0.490940839,-0.026037829,0.118323043,true,true,8,true,true,0.005266226,0.00359172374,0.226008475,0.0642936751,0.189200521,0.169156909,0.8713366,left_upper_arm,true,0.00334771327,0,0.278699458,0.7674499,false,false,bar_linear_stillness|bar_angular_stillness|knee_extension|hip_extension,1.39497,0.104568765,0.505669057,0.258358061,0.224212423,0.0322417058,0.05,0.02,0.2,0.08726646,0.17453292,0.17453292,0.00564582646,0.02057566,0.02057566,false,0.0381197445,0.1437264,0.06283455,0.0390749723,0.0120274713,349.070862,0.126009271,left_shank,twist_x,0.00572689576,NA,NA,NA,true,0.00999575853,1.24854636,-0.09069943,-0.08847742,0.02778413,-0.00449086633,-2.604723E-05,0,-0.009842031,-0.1549931,0.135309041,-0.179204762,0.179152668,true,0.0221034717,0,-0.0854184255
140,705,7.05,ASCENT,0.06399702,Ascent,false,true,0.32259953,0.323400676,0.323400676,99,404,418,false,false,NONE,0.0102864336,1.402758,-0.132775038,0.999119759,0.0415089019,-0.000954564835,-0.00598186767,-0.100250006,0.0145565048,-0.02753049,-0.489812434,-0.026321834,0.118608944,true,true,8,true,true,0.00527014,0.003538445,0.226047218,0.06425492,0.188308686,0.170048743,0.8721673,left_upper_arm,true,0.003348307,0,0.2788001,0.762368143,false,false,bar_linear_stillness|bar_angular_stillness|knee_extension|hip_extension,1.39497,0.104975633,0.5046555,0.250333071,0.216869012,0.030571539,0.05,0.02,0.2,0.08726646,0.17453292,0.17453292,0.005613439,0.02032655,0.02032655,false,0.0378211476,0.142326355,0.0615493134,0.03999554,0.012328119,348.73996,0.125889808,left_shank,twist_x,0.00570290769,NA,NA,NA,true,0.00910393,1.248795,-0.0907381848,-0.08920507,0.0256945528,-0.0048022964,-2.604723E-05,0,-0.009842031,-0.1549931,0.135309041,-0.179204762,0.179152668,true,0.0206363145,0,-0.08542711
140,706,7.0600000000000005,ASCENT,0.0609970242,Ascent,false,true,0.322997749,0.323762417,0.323762417,99,404,418,false,false,NONE,0.009274457,1.40279889,-0.133071408,0.9992244,0.0389898755,-0.00109730347,-0.00539503666,-0.100951687,0.0122412667,-0.0277024042,-0.488426238,-0.0265907329,0.118856281,true,true,8,true,true,0.005274743,0.00348876743,0.226089269,0.06421288,0.187409937,0.170947492,0.87299484,left_upper_arm,true,0.00334889768,0,0.2788941,0.7575075,false,false,bar_linear_stillness|bar_angular_stillness|knee_extension|hip_extension,1.39497,0.105396941,0.5033826,0.242337689,0.20955655,0.0289038643,0.05,0.02,0.2,0.08726646,0.17453292,0.17453292,0.00557784,0.02006751,0.02006751,false,0.03751121,0.140954912,0.0602922551,0.0409104824,0.0126211895,348.443481,0.125782788,left_shank,twist_x,0.00567816338,NA,NA,NA,true,0.008205182,1.24902284,-0.09078022,-0.08989546,0.0235921349,-0.00512318732,-2.604723E-05,0,-0.009842031,-0.1549931,0.135309041,-0.179204762,0.179152668,true,0.0191380028,0,-0.085443154
140,707,7.07,ASCENT,0.0579970255,Ascent,false,true,0.3233822,0.324108064,0.324108064,99,404,418,false,false,NONE,0.008255861,1.40281653,-0.133369923,0.999322236,0.0364756919,-0.00124139059,-0.0048071593,-0.101614274,0.009940095,-0.02790568,-0.487304777,-0.026843816,0.119064651,true,true,8,true,true,0.005272725,0.00343241962,0.2261347,0.06416744,0.186504647,0.171852782,0.8738292,left_upper_arm,true,0.00334923,0,0.2789596,0.752256334,false,false,bar_linear_stillness|bar_angular_stillness|knee_extension|hip_extension,1.39497,0.105844192,0.502357364,0.234309509,0.2026911,0.0272391271,0.05,0.02,0.2,0.08726646,0.17453292,0.17453292,0.005539082,0.019794004,0.019794004,false,0.03713891,0.139494151,0.0594288148,0.04182697,0.0129352193,345.5899,0.124752693,left_shank,twist_x,0.0056546554,NA,NA,NA,true,0.007299885,1.24923015,-0.09082566,-0.09054903,0.0215632729,-0.005457282,-2.604723E-05,0,-0.009842031,-0.1549931,0.135309041,-0.179204762,0.179152668,true,0.0176522788,0,-0.08546922
140,708,7.08,ASCENT,0.0549970269,Ascent,false,true,0.323755324,0.32444,0.32444,99,404,418,false,false,NONE,0.007230995,1.40281165,-0.133670419,0.9994131,0.03396679,-0.0013867364,-0.00421842933,-0.102242507,0.007710114,-0.0280894078,-0.4860078,-0.0270811152,0.119233467,true,true,8,true,true,0.00524535542,0.00334091717,0.226183519,0.0641186237,0.185593158,0.172764271,0.8746642,left_upper_arm,true,0.00335053937,0,0.279100835,0.747193933,false,false,bar_linear_stillness|bar_angular_stillness|knee_extension|hip_extension,1.39497,0.106310822,0.5011523,0.226328328,0.195938185,0.02558723,0.05,0.02,0.2,0.08726646,0.17453292,0.17453292,0.005497046,0.0195039716,0.0195039716,false,0.0367543064,0.138050333,0.0586514473,0.0427543558,0.0132505866,345.170837,0.124601416,left_shank,twist_x,0.00562953157,NA,NA,NA,true,0.006388399,1.24941814,-0.09087448,-0.09116873,0.0195791554,-0.00577953737,-2.604723E-05,0,-0.009842031,-0.1549931,0.135309041,-0.179204762,0.179152668,true,0.016229758,0,-0.08549498
140,709,7.09,ASCENT,0.05199703,Ascent,false,true,0.324114978,0.324756444,0.324756444,99,404,418,false,false,NONE,0.00620021159,1.40278482,-0.133972868,0.9994971,0.0314642824,-0.00153325067,-0.0036290416,-0.10283567,0.00555691868,-0.02826969,-0.4845405,-0.0273021162,0.119362332,true,true,8,true,true,0.00523873651,0.00328131649,0.2262356,0.06406655,0.184675753,0.173681676,0.875496,left_upper_arm,true,0.00335233076,0,0.279276073,0.742371857,false,false,bar_linear_stillness|bar_angular_stillness|knee_extension|hip_extension,1.39497,0.106795274,0.499772221,0.218386039,0.1892189,0.0239408668,0.05,0.02,0.2,0.08726646,0.17453292,0.17453292,0.00545160472,0.0191954486,0.0191954486,false,0.03635006,0.1366447,0.05790528,0.0436789244,0.0135579826,344.873535,0.1244941,left_shank,twist_x,0.00561937224,NA,NA,NA,true,0.005470986,1.2495873,-0.09092655,-0.0917631,0.0176535416,-0.00609871838,-2.604723E-05,0,-0.009842031,-0.1549931,0.135309041,-0.179204762,0.179152668,true,0.0148258759,0,-0.0855439752
140,710,7.1000000000000005,ASCENT,0.04899703,Ascent,false,true,0.324460924,0.3250575,0.3250575,99,404,418,false,false,NONE,0.00516384048,1.40273714,-0.134277657,0.999574363,0.02896581,-0.00168082782,-0.00303920568,-0.103398539,0.00351329148,-0.0284942016,-0.483599037,-0.0275067,0.119449079,true,true,8,true,true,0.005216564,0.00328276842,0.226290971,0.06401117,0.183752552,0.174604878,0.8763385,left_upper_arm,true,0.00335493451,0,0.2795123,0.736964643,false,false,bar_linear_stillness|bar_angular_stillness|knee_extension|hip_extension,1.39497,0.107310392,0.4988915,0.210419908,0.182480618,0.02227987,0.05,0.02,0.2,0.08726646,0.17453292,0.17453292,0.00540278852,0.0188783519,0.0188783519,false,0.0358935557,0.135185242,0.05711061,0.04460279,0.0138831809,350.1903,0.175033882,abdomen,twist_x,0.00565117132,NA,NA,NA,true,0.004547787,1.24973929,-0.09098193,-0.09234323,0.0159154627,-0.006421149,-2.604723E-05,0,-0.009842031,-0.1549931,0.135309041,-0.179204762,0.179152668,true,0.0135087511,0,-0.08560228
140,711,7.11,ASCENT,0.04599703,Ascent,false,true,0.324796021,0.325344145,0.325344145,99,404,418,false,false,NONE,0.00412203465,1.40267038,-0.134584665,0.9996449,0.0264712088,-0.00182938145,-0.00244914461,-0.103944562,0.00164274871,-0.0287000537,-0.4825686,-0.027695721,0.119491495,true,true,8,true,true,0.00517291157,0.00335820625,0.2263495,0.06395265,0.182823643,0.175533786,0.8771831,left_upper_arm,true,0.00335911755,0,0.279873729,0.731731832,false,false,bar_linear_stillness|bar_angular_stillness|knee_extension|hip_extension,1.39497,0.107846484,0.497913361,0.202522531,0.175782189,0.02064694,0.05,0.02,0.2,0.08726646,0.17453292,0.17453292,0.00535071641,0.01854972,0.01854972,false,0.03543341,0.1337305,0.0562993325,0.0455503054,0.0142211756,356.790039,0.1783326,abdomen,twist_x,0.005641979,NA,NA,NA,true,0.003618876,1.24987555,-0.0910404548,-0.0929079056,0.0142407147,-0.006723118,-2.604723E-05,0,-0.009842031,-0.1549931,0.135309041,-0.179204762,0.179152668,true,0.0122191105,0,-0.08565722
140,712,7.12,ASCENT,0.0429970324,Ascent,false,true,0.3251192,0.325615346,0.325615346,99,404,418,false,false,NONE,0.00307503319,1.40258551,-0.1348938,0.9997087,0.0239820965,-0.00197882275,-0.00185907818,-0.104466185,-0.000145293772,-0.0288954061,-0.4812633,-0.0278683826,0.119489476,true,true,8,true,true,0.00517654745,0.003429126,0.226411045,0.06389109,0.181889161,0.176468268,0.8780232,left_upper_arm,true,0.00336270919,0,0.2801797,0.7268789,false,false,bar_linear_stillness|bar_angular_stillness|knee_extension,1.39497,0.108388878,0.49665758,0.194669008,0.1691156,0.0189991686,0.05,0.02,0.2,0.08726646,0.17453292,0.17453292,0.00529533625,0.0182068739,0.0182068739,false,0.0349628851,0.132319525,0.0555208176,0.04649382,0.014546996,363.129,0.181500971,abdomen,twist_x,0.0056184493,NA,NA,NA,true,0.00268439855,1.24999559,-0.09110201,-0.0934585556,0.0125629222,-0.00702704769,-2.604723E-05,0,-0.009842031,-0.1549931,0.135309041,-0.179204762,0.179152668,true,0.0108766565,0,-0.08572771
140,713,7.13,ASCENT,0.0399970338,Ascent,false,true,0.325428367,0.325871944,0.325871944,99,404,418,false,false,NONE,0.00202312716,1.40248227,-0.135205314,0.9997658,0.02149708,-0.002129052,-0.001269232,-0.104959644,-0.00195044279,-0.0291202553,-0.48034057,-0.0280237626,0.119442314,true,true,8,true,true,0.00519744,0.0035001887,0.2264759,0.0638262555,0.180949271,0.177408159,0.8788721,left_upper_arm,true,0.00336460979,0,0.280339,0.721571565,false,false,bar_linear_stillness|bar_angular_stillness|knee_extension,1.39497,0.108941823,0.4957609,0.186986089,0.162422925,0.0173735376,0.05,0.02,0.2,0.08726646,0.17453292,0.17453292,0.005236812,0.017859729,0.017859729,false,0.0344498381,0.131077543,0.05471369,0.04742235,0.0148778893,369.915,0.184892789,abdomen,twist_x,0.005590184,NA,NA,NA,true,0.00174450711,1.25009954,-0.09116685,-0.09399326,0.010928873,-0.00735216541,-2.604723E-05,0,-0.009842031,-0.1549931,0.135309041,-0.179204762,0.179152668,true,0.009506385,0,-0.08580276
140,714,7.1400000000000006,ASCENT,0.0369970351,Ascent,false,true,0.3257261,0.3261155,0.3261155,99,404,418,false,false,NONE,0.0009666203,1.40236092,-0.135518745,0.9998163,0.0190177187,-0.00227997662,-0.0006798321,-0.105423763,-0.00373718888,-0.0292987786,-0.478996873,-0.0281615481,0.119349018,true,true,8,true,true,0.005200668,0.003528015,0.226544052,0.0637581,0.180004179,0.17835325,0.8797178,left_upper_arm,true,0.00336571364,0,0.280425459,0.716885269,false,false,bar_linear_stillness|bar_angular_stillness|knee_extension,1.39497,0.109483123,0.4944444,0.180038631,0.155772775,0.0157466382,0.05,0.02,0.2,0.08726646,0.17453292,0.17453292,0.00517525524,0.0174999535,0.0174999535,false,0.03389852,0.13046892,0.05385983,0.0483793169,0.0152309239,376.438477,0.188153371,abdomen,twist_x,0.00555921858,NA,NA,NA,true,0.0007994138,1.2501874,-0.0912350044,-0.09450788,0.009250562,-0.007670385,-2.604723E-05,0,-0.009842031,-0.1549931,0.135309041,-0.179204762,0.179152668,true,0.008125526,0,-0.0858784
140,715,7.15,ASCENT,0.0339970365,Ascent,false,true,0.326011121,0.326345026,0.326345026,99,404,418,false,false,NONE,-9.4211784E-05,1.4022212,-0.135833859,0.9998601,0.0165468026,-0.00243149884,-9.11100651E-05,-0.105860882,-0.005539857,-0.0294512119,-0.47713685,-0.0282811,0.119208172,true,true,8,true,true,0.00527373236,0.00358556234,0.226615533,0.06368661,0.179054081,0.179303348,0.8805553,left_upper_arm,true,0.003366109,0,0.28044644,0.712917566,false,false,bar_linear_stillness|bar_angular_stillness|knee_extension,1.39497,0.110020861,0.492615461,0.173148215,0.149161145,0.0154099343,0.05,0.02,0.2,0.08726646,0.17453292,0.17453292,0.00511042029,0.0171190612,0.0171190612,false,0.0333322249,0.129915029,0.0530418977,0.0493274666,0.0155663742,382.690247,0.191278175,abdomen,twist_x,0.005525422,NA,NA,NA,true,-0.000150675172,1.25025821,-0.09130649,-0.09499952,0.00750621455,-0.007997636,-2.604723E-05,0,-0.009842031,-0.1549931,0.135309041,-0.179204762,0.179152668,true,0.00673209457,0,-0.0859746039
140,716,7.16,ASCENT,0.030997036,Ascent,false,true,0.3262831,0.326560378,0.326560378,99,404,418,false,false,NONE,-0.00115912221,1.40206277,-0.1361505,0.9998973,0.0140867326,-0.0025835163,0.000496698252,-0.106273837,-0.007386595,-0.02958979,-0.47481373,-0.0283818748,0.119019106,true,true,8,true,true,0.00530023454,0.00364420912,0.2266905,0.06361165,0.178099245,0.180258185,0.881382465,left_upper_arm,true,0.003365668,0,0.2803915,0.709572852,false,false,bar_linear_stillness|bar_angular_stillness|knee_extension,1.39497,0.110563315,0.49032557,0.166301757,0.1425849,0.0171664543,0.05,0.02,0.2,0.08726646,0.17453292,0.17453292,0.00504226238,0.0167278647,0.0167278647,false,0.0327587165,0.129408,0.05225803,0.0502620526,0.015884418,388.744171,0.194304079,abdomen,twist_x,0.00548992027,NA,NA,NA,true,-0.00110551715,1.25031149,-0.09138145,-0.09546824,0.005715582,-0.008339134,-2.604723E-05,0,-0.009842031,-0.1549931,0.135309041,-0.179204762,0.179152668,true,0.005315837,0,-0.08607493
140,717,7.17,ASCENT,0.0279970355,Ascent,false,true,0.326542377,0.326761782,0.326761782,99,404,418,false,false,NONE,-0.002227878,1.40188491,-0.1364689,0.999927938,0.0116365887,-0.00273592165,0.00108334876,-0.106663287,-0.009301774,-0.0297577586,-0.472743869,-0.0284627881,0.118781559,true,true,8,true,true,0.00536034675,0.003707104,0.226769149,0.06353299,0.1771399,0.181217536,0.8822173,left_upper_arm,true,0.0033642496,0,0.280249983,0.7059104,false,false,bar_linear_stillness|bar_angular_stillness|knee_extension,1.39497,0.11112652,0.488268316,0.159416482,0.135987759,0.0189237259,0.05,0.02,0.2,0.08726646,0.17453292,0.17453292,0.004970774,0.0163201038,0.0163201038,false,0.0321018733,0.128781512,0.05138749,0.05119818,0.0162355173,395.560181,0.197710887,abdomen,twist_x,0.005454801,NA,NA,NA,true,-0.00206486857,1.25034761,-0.09146011,-0.0959112346,0.00393955363,-0.008701817,-2.604723E-05,0,-0.009842031,-0.1549931,0.135309041,-0.179204762,0.179152668,true,0.003881161,0,-0.08618638
140,718,7.18,ASCENT,0.024997035,Ascent,false,true,0.3267905,0.326950073,0.326950073,99,404,418,false,false,NONE,-0.003300241,1.40168774,-0.136788726,0.999952137,0.009198045,-0.002888606,0.001668605,-0.1070292,-0.0112048909,-0.02988799,-0.470229328,-0.0285233874,0.118495546,true,true,8,true,true,0.00541239372,0.003726459,0.226851508,0.0634506345,0.176176324,0.1821811,0.8830461,left_upper_arm,true,0.00336369453,0,0.280173331,0.7029325,false,false,bar_linear_stillness|bar_angular_stillness|knee_extension,1.39497,0.111687474,0.485767841,0.152585626,0.129432783,0.0206700247,0.05,0.02,0.2,0.08726646,0.17453292,0.17453292,0.00489581376,0.0158931836,0.0158931836,false,0.0314314328,0.128176033,0.0505253226,0.05214223,0.01658324,401.8501,0.200854748,abdomen,twist_x,0.00542096235,NA,NA,NA,true,-0.003028436,1.25036609,-0.09154247,-0.09632562,0.00211874186,-0.009051415,-2.604723E-05,0,-0.009842031,-0.1549931,0.135309041,-0.179204762,0.179152668,true,0.00242763734,0,-0.08631037
140,719,7.19,ASCENT,0.0219970345,Ascent,false,true,0.327026367,0.327124953,0.327124953,99,404,418,false,false,NONE,-0.004375978,1.40147126,-0.137109816,0.9999699,0.00677371,-0.00304145063,0.002252231,-0.107372113,-0.0131084844,-0.0300027616,-0.467255861,-0.02856274,0.118161269,true,true,8,true,true,0.0054968223,0.00378303253,0.226937443,0.06336471,0.175208822,0.183148608,0.8838641,left_upper_arm,true,0.00336314016,0,0.280090749,0.7006881,false,false,bar_linear_stillness|bar_angular_stillness|knee_extension,1.39497,0.112253144,0.482810467,0.145806938,0.122914992,0.022397276,0.05,0.02,0.2,0.08726646,0.17453292,0.17453292,0.004817158,0.015443515,0.015443515,false,0.0307475217,0.127621874,0.049700167,0.0530731231,0.01691211,407.870117,0.2038637,abdomen,twist_x,0.00538674463,NA,NA,NA,true,-0.003995936,1.25036657,-0.091628395,-0.09671138,0.000255992025,-0.009400187,-2.604723E-05,0,-0.009842031,-0.1549931,0.135309041,-0.179204762,0.179152668,true,0.000957081,0,-0.08646127
140,720,7.2,ASCENT,0.0189970341,Ascent,false,true,0.327250123,0.327286422,0.327286422,99,404,418,false,false,NONE,-0.00545485,1.401235,-0.137432531,0.999981344,0.00436189,-0.00319433981,0.0028339834,-0.10769055,-0.01505433,-0.030157024,-0.464687526,-0.0285795033,0.1177794,true,true,8,true,true,0.00558940368,0.00386122614,0.227027059,0.06327509,0.174237669,0.184119761,0.884690642,left_upper_arm,true,0.00336219813,0,0.279972047,0.69800204,false,false,bar_linear_stillness|bar_angular_stillness|knee_extension,1.39497,0.112842076,0.4802325,0.138978079,0.116377026,0.0240996815,0.05,0.02,0.2,0.08726646,0.17453292,0.17453292,0.00473479927,0.0149844782,0.0149844782,false,0.0299994051,0.126973912,0.04881643,0.05399432,0.01726304,414.6819,0.207268387,abdomen,twist_x,0.005353342,NA,NA,NA,true,-0.00496708741,1.25034928,-0.09171801,-0.09706806,-0.00155890291,-0.009761888,-2.604723E-05,0,-0.009842031,-0.1549931,0.135309041,-0.179204762,0.179152668,true,-0.0005341962,0,-0.08661348
140,721,7.21,ASCENT,0.0159970336,Ascent,false,true,0.327462375,0.3274346,0.327462375,99,404,418,false,false,NONE,-0.006536584,1.40097952,-0.137756526,0.999986649,0.00196393835,-0.00334714935,0.00341363228,-0.107982159,-0.0169382989,-0.0302759632,-0.4617242,-0.02857312,0.117350556,true,true,8,true,true,0.00564629165,0.00389524153,0.227120236,0.06318191,0.173263192,0.185094237,0.8855101,left_upper_arm,true,0.00336236,0,0.2799378,0.696055,false,false,bar_linear_stillness|bar_angular_stillness|knee_extension,1.39497,0.113418192,0.4772597,0.1322158,0.10988687,0.0258006565,0.05,0.02,0.2,0.08726646,0.17453292,0.17453292,0.00464887172,0.0145117994,0.0145117994,false,0.02922913,0.126310587,0.04791373,0.0549365655,0.0176261887,420.989655,0.210421175,abdomen,twist_x,0.005321367,NA,NA,NA,true,-0.00594157074,1.25031447,-0.091811195,-0.0973941162,-0.003379544,-0.0100996736,-2.604723E-05,0,-0.009842031,-0.1549931,0.135309041,-0.179204762,0.179152668,true,-0.00204254827,0,-0.0867756
140,722,7.22,ASCENT,0.0129970331,Ascent,false,true,0.3276627,0.3275699,0.3276627,99,404,418,false,false,NONE,-0.007620905,1.40070534,-0.1380817,0.9999858,-0.000417811738,-0.00349974586,0.003990952,-0.108245946,-0.0187783986,-0.0303818788,-0.458367616,-0.0285425186,0.116875365,true,true,8,true,true,0.00574440742,0.003975268,0.22721681,0.06308533,0.172285676,0.186071754,0.886316657,left_upper_arm,true,0.00336288079,0,0.279927731,0.6948813,false,false,bar_linear_stillness|bar_angular_stillness|knee_extension,1.39497,0.113986276,0.473893881,0.125509828,0.103439592,0.0274744444,0.05,0.02,0.2,0.08726646,0.17453292,0.17453292,0.004559256,0.0140196327,0.0140196327,false,0.0286786314,0.125706464,0.04705353,0.0558652,0.0179669559,427.014526,0.21343255,abdomen,twist_x,0.005288791,NA,NA,NA,true,-0.00691908738,1.25026214,-0.09190777,-0.0976894647,-0.00520210247,-0.0104298871,-2.604723E-05,0,-0.009842031,-0.1549931,0.135309041,-0.179204762,0.179152668,true,-0.00356423086,0,-0.08696246
140,723,7.23,ASCENT,0.009997033,Ascent,false,true,0.327851355,0.327692568,0.327851355,99,404,418,false,false,NONE,-0.008707515,1.40041232,-0.138408467,0.999979,-0.00278613134,-0.00365200685,0.004565703,-0.108479612,-0.0206352919,-0.0305346865,-0.455633879,-0.0284862276,0.116354585,true,true,8,true,true,0.00585426437,0.004080552,0.227316841,0.0629853,0.171305433,0.187052,0.8871323,left_upper_arm,true,0.00336277229,0,0.279862761,0.693048656,false,false,bar_linear_stillness|bar_angular_stillness|knee_extension,1.39497,0.114568792,0.4711179,0.118745111,0.09696745,0.0291421,0.05,0.02,0.2,0.08726646,0.17453292,0.17453292,0.00446607172,0.0135228587,0.0135228587,false,0.0282718875,0.125041291,0.0461640432,0.0567722544,0.01831554,433.870026,0.2168591,abdomen,twist_x,0.00525619369,NA,NA,NA,true,-0.007899336,1.25019276,-0.0920078,-0.0979535952,-0.006937607,-0.0107706785,-2.604723E-05,0,-0.009842031,-0.1549931,0.135309041,-0.179204762,0.179152668,true,-0.005101782,0,-0.08714348
140,724,7.24,ASCENT,0.00699703256,Ascent,false,true,0.328028917,0.32780242,0.328028917,99,404,418,false,false,NONE,-0.009796089,1.4001013,-0.138736427,0.9999664,-0.005139894,-0.00380379567,0.005137665,-0.108681284,-0.0223983154,-0.0306455661,-0.452546149,-0.0284038018,0.115788907,true,true,8,true,true,0.00592337176,0.004134462,0.227420181,0.06288196,0.170322791,0.188034639,0.8879395,left_upper_arm,true,0.00336389337,0,0.279891521,0.6920283,false,false,bar_linear_stillness|bar_angular_stillness|knee_extension,1.39497,0.115119316,0.467987031,0.112053655,0.09054408,0.03081236,0.05,0.02,0.2,0.08726646,0.17453292,0.17453292,0.0043694973,0.0130157834,0.0130157834,false,0.0278247055,0.124318592,0.0452221036,0.057717476,0.01869586,440.251465,0.220048711,abdomen,twist_x,0.005224416,NA,NA,NA,true,-0.008881972,1.25010693,-0.09211114,-0.09818473,-0.008659587,-0.0110820113,-2.604723E-05,0,-0.009842031,-0.1549931,0.135309041,-0.179204762,0.179152668,true,-0.00665724743,0,-0.08733346
140,725,7.25,ASCENT,0.00399703253,Ascent,false,true,0.3281952,0.32790035,0.3281952,99,404,418,false,false,NONE,-0.0108863106,1.39977312,-0.139065474,0.999947965,-0.00747698033,-0.00395496376,0.005706621,-0.108850785,-0.0240808427,-0.03074135,-0.4490803,-0.028294364,0.11517892,true,true,8,true,true,0.00603718776,0.00423569838,0.227526635,0.062775515,0.169338092,0.189019337,0.888731956,left_upper_arm,true,0.00336561259,0,0.279964536,0.691841,false,false,bar_linear_stillness|bar_angular_stillness|knee_extension,1.39497,0.115643464,0.464478046,0.105433479,0.08417208,0.03245545,0.05,0.02,0.2,0.08726646,0.17453292,0.17453292,0.004269466,0.0124910418,0.0124910418,false,0.0273754485,0.123662971,0.0443266369,0.0586500466,0.0190505367,446.331116,0.223087475,abdomen,twist_x,0.00519214,NA,NA,NA,true,-0.009866673,1.25000489,-0.09221759,-0.09838279,-0.0103623988,-0.0113835512,-2.604723E-05,0,-0.009842031,-0.1549931,0.135309041,-0.179204762,0.179152668,true,-0.008219633,0,-0.0875463039
140,726,7.26,LOCKOUT,0,None,false,true,0.3283502,0.3279866,0.3283502,99,404,418,false,false,NONE,-0.0119778411,1.399427,-0.139396548,0.9999238,-0.009805789,-0.004105412,0.00627231458,-0.108986333,-0.0258330479,-0.03094187,-0.447517365,-0.0281558149,0.114525236,true,true,8,true,true,0.00613773847,0.00435217656,0.227636307,0.06266583,0.16835162,0.190005809,0.8895065,left_upper_arm,true,0.0033653588,0,0.279875517,0.689307,false,false,bar_linear_stillness|bar_angular_stillness|knee_extension,1.39497,0.116201408,0.462796479,0.0985484645,0.07759397,0.0340473056,0.05,0.02,0.2,0.08726646,0.17453292,0.17453292,0.00416612625,0.0119648837,0.0119648837,false,0.02743206,0.124731451,0.04508137,0.05928066,0.0190492664,449.436737,0.224639744,abdomen,twist_x,0.00523822336,NA,NA,NA,true,-0.0108531434,1.24988782,-0.0923272744,-0.09855117,-0.0118737519,-0.0117038088,-2.604723E-05,0,-0.009842031,-0.1549931,0.135309041,-0.179204762,0.179152668,true,-0.009748549,0,-0.08788488
140,727,7.2700000000000005,LOCKOUT,0,None,false,true,0.328497231,0.328062773,0.328497231,99,404,418,false,false,NONE,-0.0130704241,1.39905727,-0.139742434,0.999892831,-0.0122266766,-0.00425554067,0.00683411164,-0.1090902,-0.0281360149,-0.03250842,-0.467731,-0.0279714987,0.113828622,true,true,8,true,true,0.006076165,0.0045360853,0.227751657,0.0625504851,0.167363331,0.1909941,0.8907556,right_upper_arm,true,0.00335845025,0,0.279316962,0.657466948,false,false,bar_linear_stillness|bar_angular_stillness|knee_extension,1.39497,0.117256574,0.4821946,0.08775106,0.0677424744,0.0351905972,0.05,0.02,0.2,0.08726646,0.17453292,0.17453292,0.00405968,0.0114304014,0.0114304014,false,0.02338464,0.113933295,0.0351223126,0.0604605824,0.02077395,469.154968,0.2344954,abdomen,twist_x,0.005379053,NA,NA,NA,true,-0.0118414368,1.24977553,-0.09244262,-0.0987255946,-0.0112114139,-0.0123125995,-2.604723E-05,0,-0.009842031,-0.1549931,0.135309041,-0.179204762,0.179152668,true,-0.010840199,0,-0.08914733
140,728,7.28,LOCKOUT,0,None,false,true,0.3286745,0.328154325,0.3286745,99,404,418,false,false,NONE,-0.0141635314,1.39867568,-0.140089735,0.999854445,-0.0147339283,-0.00440525031,0.00739182,-0.1091556,-0.0292661339,-0.0326740853,-0.48275882,-0.02775792,0.113087937,true,true,8,true,true,0.00526691,0.00354917115,0.22786738,0.0624347627,0.166374117,0.191983312,0.89216274,right_upper_arm,true,0.003371439,0,0.280268133,0.6361424,false,false,bar_linear_stillness|bar_angular_stillness,1.39497,0.117639482,0.496603936,0.07834031,0.0589124076,0.0369166546,0.05,0.02,0.2,0.08726646,0.17453292,0.17453292,0.00394999236,0.0108759133,0.0108759133,false,0.0202263,0.1045208,0.0261842236,0.06222924,0.0224481355,492.8835,0.246355519,abdomen,twist_x,0.005465967,NA,NA,NA,true,-0.01283064,1.24966514,-0.09255834,-0.09882812,-0.0114547024,-0.01197837,-2.604723E-05,0,-0.009842031,-0.1549931,0.135309041,-0.179204762,0.179152668,true,-0.0127640069,0,-0.08875222
140,729,7.29,LOCKOUT,0,None,false,true,0.328815222,0.328222632,0.328815222,99,404,418,false,false,NONE,-0.01525708,1.39828849,-0.140434742,0.9998091,-0.0172614343,-0.004553911,0.007945437,-0.109201081,-0.0298511088,-0.0323435776,-0.4862384,-0.02751116,0.112300783,true,true,8,true,true,0.00603814144,0.004164894,0.227977216,0.0623249263,0.1653842,0.192973226,0.893591166,right_upper_arm,true,0.00338437618,0,0.281191826,0.6336301,false,false,bar_linear_stillness|bar_angular_stillness,1.39497,0.1177373,0.499796063,0.07024826,0.0512406975,0.0387444235,0.05,0.02,0.2,0.08726646,0.17453292,0.17453292,0.00383465,0.0101864031,0.0101864031,false,0.0173048,0.09643331,0.0183697417,0.06410568,0.0239654221,509.594727,0.2547082,abdomen,twist_x,0.005505961,NA,NA,NA,true,-0.0138205653,1.24954009,-0.0926681757,-0.09888594,-0.01315032,-0.0115411757,-2.604723E-05,0,-0.009842031,-0.1549931,0.135309041,-0.179204762,0.179152668,true,-0.0146842012,0,-0.08891759
140,730,7.3,LOCKOUT,0,None,false,true,0.328928053,0.3282674,0.328928053,99,404,418,false,false,NONE,-0.0163505543,1.39789283,-0.1407763,0.9997577,-0.0197540037,-0.00470096245,0.008494983,-0.109196872,-0.0306964,-0.03192802,-0.4791245,-0.02723508,0.111470558,true,true,8,true,true,0.00695978338,0.005020189,0.2280837,0.06221845,0.1643938,0.193963632,0.8949573,right_upper_arm,true,0.00338691985,0,0.281260729,0.646606147,false,false,bar_linear_stillness|bar_angular_stillness,1.39497,0.11783728,0.492674053,0.06341157,0.0445925258,0.0405368619,0.05,0.02,0.2,0.08726646,0.17453292,0.17453292,0.0037189275,0.009864386,0.009864386,false,0.0150599917,0.08959233,0.0116624516,0.0659235045,0.0252527688,522.9933,0.26140514,abdomen,twist_x,0.00549607445,NA,NA,NA,true,-0.0148109691,1.24938941,-0.09277465,-0.09889936,-0.0157766063,-0.0113842944,-2.604723E-05,0,-0.009842031,-0.1549931,0.135309041,-0.179204762,0.179152668,true,-0.0166380759,0,-0.0887844041
140,731,7.3100000000000005,LOCKOUT,0,None,false,true,0.3290245,0.32829684,0.3290245,99,404,418,false,false,NONE,-0.0174431931,1.39748383,-0.141114071,0.9997016,-0.0221693814,-0.004845924,0.00904046651,-0.109121248,-0.0320083052,-0.0314989351,-0.463583052,-0.0269332752,0.110600315,true,true,8,true,true,0.00755311549,0.00558893569,0.22819145,0.0621106923,0.163403451,0.194953978,0.8962172,right_upper_arm,true,0.0033812637,0,0.280655175,0.670312464,false,false,bar_linear_stillness|bar_angular_stillness,1.39497,0.118000686,0.477354258,0.05770189,0.0388427675,0.04228155,0.05,0.02,0.2,0.08726646,0.17453292,0.17453292,0.003609091,0.009605687,0.009605687,false,0.0132219344,0.08388745,0.005864373,0.06769009,0.0263519865,534.7058,0.267259359,abdomen,twist_x,0.00546706235,NA,NA,NA,true,-0.015801305,1.24920821,-0.09288241,-0.09886251,-0.0188125577,-0.0116044246,-2.604723E-05,0,-0.009842031,-0.1549931,0.135309041,-0.179204762,0.179152668,true,-0.0185442623,0,-0.0884187445
140,732,7.32,LOCKOUT,0,None,false,true,0.329111278,0.3283167,0.329111278,99,404,418,false,false,NONE,-0.0185342953,1.39705837,-0.141447812,0.9996421,-0.0244759638,-0.00498837046,0.009581855,-0.108978532,-0.03359071,-0.0310633313,-0.441702664,-0.0266078357,0.109691434,true,true,8,true,true,0.007808481,0.005833763,0.228304625,0.0619975254,0.162413865,0.195943564,0.8973617,right_upper_arm,true,0.00337390881,0,0.279910326,0.700747669,false,false,bar_linear_stillness|bar_angular_stillness,1.39497,0.118193008,0.4558963,0.0529975034,0.03387178,0.0439733155,0.05,0.02,0.2,0.08726646,0.17453292,0.17453292,0.0035026148,0.00925045647,0.00925045647,false,0.0116396528,0.0791804641,0.0109591791,0.0694155544,0.0273066442,545.370667,0.272589922,abdomen,twist_x,0.00544705475,NA,NA,NA,true,-0.0167908911,1.248996,-0.09299558,-0.09876992,-0.0218579117,-0.01215912,-2.604723E-05,0,-0.009842031,-0.1549931,0.135309041,-0.179204762,0.179152668,true,-0.0203276016,0,-0.08802795
140,733,7.33,LOCKOUT,0,None,false,true,0.3291921,0.328331053,0.3291921,99,404,418,false,false,NONE,-0.01962338,1.396617,-0.141777575,0.999580443,-0.0266513787,-0.00512793474,0.0101190861,-0.108788133,-0.0350875854,-0.03064174,-0.415294945,-0.0262597948,0.108744755,true,true,8,true,true,0.007836252,0.00585977733,0.228426039,0.0618760958,0.16142571,0.19693172,0.8983983,right_upper_arm,true,0.00337107223,0,0.279543459,0.734775543,false,false,bar_linear_stillness|bar_angular_stillness,1.39497,0.118342355,0.4300987,0.04915057,0.02956448,0.04561806,0.05,0.02,0.2,0.08726646,0.17453292,0.17453292,0.003394857,0.008742697,0.008742697,false,0.0102312779,0.075327456,0.0158371236,0.07109766,0.0281506125,555.2543,0.277529985,abdomen,twist_x,0.00545140076,NA,NA,NA,true,-0.0177790448,1.24875593,-0.0931170061,-0.09862157,-0.0245995484,-0.0129564544,-2.604723E-05,0,-0.009842031,-0.1549931,0.135309041,-0.179204762,0.179152668,true,-0.0219646879,0,-0.0877455845
140,734,7.34,LOCKOUT,0,None,false,true,0.3292688,0.3283409,0.3292688,99,404,418,false,false,NONE,-0.0207101963,1.39616418,-0.142103821,0.999518,-0.0286810324,-0.00526430551,0.01065207,-0.108571947,-0.03614085,-0.03027033,-0.385948747,-0.0258896332,0.107761726,true,true,8,true,true,0.007749684,0.0057811304,0.228557378,0.0617447644,0.160439581,0.197917849,0.8993388,right_upper_arm,true,0.00337561243,0,0.27979508,0.7699586,false,false,bar_linear_stillness|bar_angular_stillness,1.39497,0.118365206,0.401546121,0.0460084081,0.0258560441,0.04719039,0.05,0.02,0.2,0.08726646,0.17453292,0.17453292,0.00328169018,0.008082865,0.008082865,false,0.008950725,0.07219358,0.0201596636,0.07272573,0.0289074089,564.4867,0.282144576,abdomen,twist_x,0.00548393233,NA,NA,NA,true,-0.0187651869,1.24849343,-0.09324834,-0.09842357,-0.0267891027,-0.0139015289,-2.604723E-05,0,-0.009842031,-0.1549931,0.135309041,-0.179204762,0.179152668,true,-0.0234525781,0,-0.08762068
140,735,7.3500000000000005,LOCKOUT,0,None,false,true,0.329341471,0.328346729,0.329341471,99,404,418,false,false,NONE,-0.0217946619,1.39570677,-0.142427281,0.9994559,-0.0305569489,-0.005397225,0.0111806951,-0.108345628,-0.0364886373,-0.0299760085,-0.355015457,-0.0254973564,0.106744647,true,true,8,true,true,0.007636167,0.00568646938,0.228699282,0.06160286,0.159455881,0.198901549,0.9001942,right_upper_arm,true,0.00338812475,0,0.2807164,0.8044445,false,false,bar_linear_stillness|bar_angular_stillness,1.39497,0.1181895,0.371591866,0.0434825681,0.02264079,0.04868752,0.05,0.02,0.2,0.08726646,0.17453292,0.17453292,0.00316026062,0.00729576545,0.00729576545,false,0.0077696857,0.06966051,0.0239836145,0.07428632,0.0295918658,573.115051,0.286457241,abdomen,twist_x,0.005541541,NA,NA,NA,true,-0.01974888,1.24821627,-0.09339024,-0.09818592,-0.0282478761,-0.0149170347,-2.604723E-05,0,-0.009842031,-0.1549931,0.135309041,-0.179204762,0.179152668,true,-0.024814697,0,-0.0876498
140,736,7.36,LOCKOUT,0,None,false,true,0.3294108,0.328348935,0.3294108,99,404,418,false,false,NONE,-0.02287677,1.39525342,-0.142748818,0.999395132,-0.0322767161,-0.005526487,0.011704837,-0.108116828,-0.03596863,-0.0297685973,-0.3235976,-0.025082536,0.105696328,true,true,8,true,true,0.007551546,0.005623648,0.228851825,0.06145031,0.158474922,0.1998825,0.9009731,right_upper_arm,true,0.00340777659,0,0.282238781,0.836862445,false,false,bar_linear_stillness|bar_angular_stillness,1.39497,0.1177674,0.341344774,0.04145004,0.0198821854,0.0501019172,0.05,0.02,0.2,0.08726646,0.17453292,0.17453292,0.00302892923,0.00641211541,0.00641211541,false,0.00666810339,0.06762764,0.0273607131,0.0757678,0.0302135758,581.150146,0.2904734,abdomen,twist_x,0.00561832869,NA,NA,NA,true,-0.0207298324,1.24793291,-0.09354279,-0.09791959,-0.0288727023,-0.0159480311,-2.604723E-05,0,-0.009842031,-0.1549931,0.135309041,-0.179204762,0.179152668,true,-0.0260819253,0,-0.08780735
140,737,7.37,LOCKOUT,0,None,false,true,0.329476774,0.328348041,0.329476774,99,404,418,false,false,NONE,-0.0239565223,1.39481354,-0.143069252,0.9993364,-0.03384211,-0.00565192848,0.0122243622,-0.107886732,-0.03452006,-0.02964272,-0.292530835,-0.0246445071,0.104619592,true,true,8,true,true,0.00752491876,0.005619548,0.229014739,0.0612874031,0.157496884,0.200860545,0.901683,right_upper_arm,true,0.003432314,0,0.28417325,0.8662958,false,false,bar_linear_stillness|bar_angular_stillness,1.39497,0.117089167,0.3116519,0.0398247764,0.0174966119,0.0514172278,0.05,0.02,0.2,0.08726646,0.17453292,0.17453292,0.00288702548,0.00545954052,0.00545954052,false,0.005628825,0.06601054,0.03033996,0.07716117,0.0307786148,588.5694,0.294181734,abdomen,twist_x,0.005707045,NA,NA,NA,true,-0.0217078757,1.24765229,-0.0937057,-0.09763438,-0.0286341,-0.0169611834,-2.604723E-05,0,-0.009842031,-0.1549931,0.135309041,-0.179204762,0.179152668,true,-0.0272808671,0,-0.088059254
140,738,7.38,LOCKOUT,0,None,false,true,0.329539716,0.328344941,0.329539716,99,404,418,false,false,NONE,-0.0250338875,1.39439607,-0.143389165,0.9992804,-0.0352575481,-0.00577341672,0.0127391322,-0.107652493,-0.03218212,-0.02957529,-0.262370646,-0.0241823662,0.103516728,true,true,8,true,true,0.0075704176,0.005677094,0.229187563,0.06111458,0.156521827,0.2018356,0.902329564,right_upper_arm,true,0.003459242,0,0.286310941,0.892292857,false,false,bar_linear_stillness|bar_angular_stillness,1.39497,0.116187118,0.283088058,0.0385593623,0.0154408468,0.0526318066,0.05,0.02,0.2,0.08726646,0.17453292,0.17453292,0.00273447484,0.004459246,0.004459246,false,0.00463489536,0.06473884,0.03296775,0.0784585252,0.0312900469,595.314636,0.297553152,abdomen,twist_x,0.005800513,NA,NA,NA,true,-0.0226829331,1.24738288,-0.09387852,-0.09733755,-0.027580237,-0.01794107,-2.604723E-05,0,-0.009842031,-0.1549931,0.135309041,-0.179204762,0.179152668,true,-0.0284468383,0,-0.08838002
140,739,7.3900000000000006,LOCKOUT,0,None,false,true,0.329600155,0.32834053,0.329600155,99,404,418,false,false,NONE,-0.0261087883,1.39400911,-0.143708855,0.9992274,-0.0365289859,-0.0058908374,0.0132490071,-0.107409321,-0.0290592238,-0.02953859,-0.2334054,-0.02369527,0.10238947,true,true,8,true,true,0.007680777,0.0057880017,0.229369849,0.0609323,0.1555498,0.202807635,0.902918,right_upper_arm,true,0.003485831,0,0.288422585,0.9147527,false,false,bar_linear_stillness|bar_angular_stillness,1.39497,0.115124844,0.2559749,0.03757601,0.013671902,0.05374362,0.05,0.02,0.2,0.08726646,0.17453292,0.17453292,0.002571568,0.00342541165,0.00342541165,false,0.00366925215,0.06375331,0.0352866761,0.07965398,0.03174976,601.3118,0.3005507,abdomen,twist_x,0.00589285558,NA,NA,NA,true,-0.0236549657,1.24713182,-0.0940608,-0.09703343,-0.0258197971,-0.01888442,-2.604723E-05,0,-0.009842031,-0.1549931,0.135309041,-0.179204762,0.179152668,true,-0.0296048913,0,-0.08875163
140,740,7.4,LOCKOUT,0,None,false,true,0.329657674,0.328335,0.329657674,99,404,418,false,false,NONE,-0.0271810926,1.393659,-0.144028336,0.9991778,-0.0376627222,-0.00600408437,0.0137538435,-0.1071524,-0.0253092572,-0.0295016635,-0.205708846,-0.0231824778,0.101238631,true,true,8,true,true,0.00784369651,0.005936522,0.22956121,0.0607409254,0.1545808,0.203776628,0.9034524,right_upper_arm,true,0.00351041718,0,0.290368944,0.933862746,false,false,bar_linear_stillness|bar_angular_stillness,1.39497,0.113984838,0.230440482,0.0368196443,0.0121581238,0.0547545664,0.05,0.02,0.2,0.08726646,0.17453292,0.17453292,0.00239874423,0.00236579147,0.00236579147,false,0.00446085026,0.06300426,0.0373350345,0.08074217,0.0321585,606.4908,0.303139269,abdomen,twist_x,0.00597962923,NA,NA,NA,true,-0.0246239547,1.24690485,-0.09425218,-0.09672382,-0.0234986953,-0.0197953749,-2.604723E-05,0,-0.009842031,-0.1549931,0.135309041,-0.179204762,0.179152668,true,-0.0307724811,0,-0.08916423
140,741,7.41,LOCKOUT,0,None,false,true,0.329712927,0.328328967,0.329712927,99,404,418,false,false,NONE,-0.0282506216,1.39335036,-0.144347325,0.999131858,-0.0386645943,-0.006113048,0.0142535008,-0.106877267,-0.0211144462,-0.0294383131,-0.179214478,-0.02264344,0.100064464,true,true,8,true,true,0.008042461,0.00610845536,0.2297614,0.0605407357,0.153614908,0.204742521,0.9039369,right_upper_arm,true,0.00353073725,0,0.291961819,0.950000644,false,false,bar_linear_stillness|bar_angular_stillness,1.39497,0.112850271,0.206502914,0.0362584628,0.0108745536,0.0556444377,0.05,0.02,0.2,0.08726646,0.17453292,0.17453292,0.00221646577,0.00128347345,0.00128347345,false,0.00578090269,0.06244915,0.0391460136,0.08171801,0.0325165279,610.7882,0.305287242,abdomen,twist_x,0.006058484,NA,NA,NA,true,-0.02558986,1.24670589,-0.0944523662,-0.09640824,-0.0207853112,-0.0206811037,-2.604723E-05,0,-0.009842031,-0.1549931,0.135309041,-0.179204762,0.179152668,true,-0.031967476,0,-0.0896149948
140,742,7.42,LOCKOUT,0,None,false,true,0.329766035,0.328322232,0.329766035,99,404,418,false,false,NONE,-0.0293171648,1.393086,-0.144665331,0.999089837,-0.03953971,-0.00621761428,0.01474784,-0.106580652,-0.0166656524,-0.029328268,-0.153751343,-0.022077892,0.0988667,true,true,8,true,true,0.008258662,0.00628771,0.229970217,0.0603319332,0.152652144,0.205705285,0.9043752,right_upper_arm,true,0.00354619254,0,0.2931525,0.9636114,false,false,bar_linear_stillness,1.39497,0.111791439,0.1841237,0.03586839,0.009765635,0.0564147346,0.05,0.02,0.2,0.08726646,0.17453292,0.17453292,0.00202509016,0.000178235889,0.000178235889,false,0.007113347,0.06205156,0.0407476425,0.0825776,0.0328242145,614.1626,0.306973845,abdomen,twist_x,0.006128649,NA,NA,NA,true,-0.026552625,1.24653745,-0.09466117,-0.09608475,-0.01784753,-0.0215480346,-2.604723E-05,0,-0.009842031,-0.1549931,0.135309041,-0.179204762,0.179152668,true,-0.0331942625,0,-0.09010523
140,743,7.43,LOCKOUT,0,None,false,true,0.3298164,0.328314722,0.3298164,99,404,418,false,false,NONE,-0.0303804856,1.39286673,-0.144981772,0.9990518,-0.04029216,-0.00631765742,0.0152367195,-0.106260478,-0.01213856,-0.0291608125,-0.1291395,-0.021485813,0.09764473,true,true,8,true,true,0.00847565,0.00646380568,0.2301875,0.06011463,0.151692614,0.206664816,0.9047702,right_upper_arm,true,0.00355630484,0,0.293902129,0.9751515,false,false,bar_linear_stillness,1.39497,0.110855706,0.163319141,0.0355948,0.008816155,0.05706612,0.05,0.02,0.2,0.08726646,0.17453292,0.17453292,0.00182490051,-0.000951618538,-0.000951618538,false,0.008473622,0.0617799759,0.0421629436,0.0833178163,0.03308205,616.6074,0.308195829,abdomen,twist_x,0.006190937,NA,NA,NA,true,-0.02751215,1.2464,-0.09487847,-0.09575057,-0.014836478,-0.0223995317,-2.604723E-05,0,-0.009842031,-0.1549931,0.135309041,-0.179204762,0.179152668,true,-0.0344524756,0,-0.09063834
140,744,7.44,LOCKOUT,0,None,false,true,0.329864323,0.328306317,0.329864323,99,404,418,false,false,NONE,-0.03144034,1.39269209,-0.145295978,0.999017954,-0.04092528,-0.00641304534,0.0157199986,-0.105915755,-0.00768647343,-0.02893052,-0.105225869,-0.02086735,0.09639799,true,true,8,true,true,0.008682231,0.00662957737,0.230413169,0.0598889738,0.150736466,0.207620963,0.905124545,right_upper_arm,true,0.003560947,0,0.294202417,0.984999,false,false,bar_linear_stillness,1.39497,0.110064544,0.1442238,0.0354202129,0.008082499,0.0575860627,0.05,0.02,0.2,0.08726646,0.17453292,0.17453292,0.001616098,-0.002107818,-0.002107818,false,0.009874596,0.0616070665,0.04341058,0.08393694,0.033291053,618.13916,0.308961421,abdomen,twist_x,0.00624702,NA,NA,NA,true,-0.0284683,1.24629331,-0.09510413,-0.0954027,-0.011880016,-0.0232347175,-2.604723E-05,0,-0.009842031,-0.1549931,0.135309041,-0.179204762,0.179152668,true,-0.03574126,0,-0.0912186
140,745,7.45,LOCKOUT,0,None,false,true,0.3299095,0.328296483,0.3299095,99,404,418,false,false,NONE,-0.0324964859,1.39256012,-0.145607322,0.99898845,-0.04144195,-0.00650364533,0.0161975417,-0.105545923,-0.00343059,-0.0286412034,-0.08191049,-0.0202228539,0.09512589,true,true,8,true,true,0.008870559,0.00678108446,0.230647,0.0596551448,0.14978385,0.20857358,0.9054414,right_upper_arm,true,0.00356083,0,0.294113874,0.9934364,false,false,bar_linear_stillness,1.39497,0.109416768,0.127150416,0.0353258438,0.008923673,0.05799044,0.05,0.02,0.2,0.08726646,0.17453292,0.17453292,0.00139879435,-0.003291241,-0.003291241,false,0.0113253342,0.0615092628,0.0445053838,0.08443512,0.0334528424,618.8029,0.309293181,abdomen,twist_x,0.00629923772,NA,NA,NA,true,-0.0294209085,1.24621534,-0.09533796,-0.09503831,-0.009074283,-0.0240480788,-2.604723E-05,0,-0.009842031,-0.1549931,0.135309041,-0.179204762,0.179152668,true,-0.0370540135,0,-0.09184864
140,746,7.46,LOCKOUT,0,None,false,true,0.329951465,0.32828486,0.329951465,99,404,418,false,false,NONE,-0.0335486755,1.39246809,-0.145915255,0.9989633,-0.0418449827,-0.006589327,0.0166692026,-0.105151445,0.000544182956,-0.0282986667,-0.0591851249,-0.0195527747,0.09382815,true,true,8,true,true,0.009038031,0.0069172834,0.230888709,0.0594134331,0.148834974,0.209522456,0.9057228,right_upper_arm,true,0.00355678238,0,0.293706834,1.00061476,false,false,bar_linear_stillness,1.39497,0.108894154,0.112645067,0.0352853239,0.009667485,0.0582734719,0.05,0.02,0.2,0.08726646,0.17453292,0.17453292,0.00117313862,-0.0045009614,-0.0045009614,false,0.0128306039,0.06146632,0.045459453,0.0848143,0.0335697345,618.6727,0.309228122,abdomen,twist_x,0.00634983368,NA,NA,NA,true,-0.0303697828,1.2461642,-0.09557967,-0.09465516,-0.00648246566,-0.0248302612,-2.604723E-05,0,-0.009842031,-0.1549931,0.135309041,-0.179204762,0.179152668,true,-0.0383789465,0,-0.09252901
140,747,7.47,LOCKOUT,0,None,false,true,0.3299902,0.3282708,0.3299902,99,404,418,false,false,NONE,-0.03459667,1.39241266,-0.146219328,0.9989426,-0.0421375856,-0.006669972,0.0171348359,-0.104732737,0.00418577343,-0.0279134922,-0.0371078178,-0.0188576244,0.09250472,true,true,8,true,true,0.009185842,0.00704122148,0.231137931,0.05916422,0.147890046,0.210467383,0.9059716,right_upper_arm,true,0.00354999164,0,0.293081045,1.00658643,false,false,bar_linear_stillness,1.39497,0.108469486,0.101438269,0.0352785662,0.0102189807,0.0584369227,0.05,0.02,0.2,0.08726646,0.17453292,0.17453292,0.0009393096,-0.005734123,-0.005734123,false,0.0143913031,0.0614613,0.046282623,0.08507862,0.03364458,617.8314,0.3088076,abdomen,twist_x,0.0064013754,NA,NA,NA,true,-0.031314712,1.24613738,-0.09582888,-0.09425165,-0.00413966,-0.0255688857,-2.604723E-05,0,-0.009842031,-0.1549931,0.135309041,-0.179204762,0.179152668,true,-0.0397127979,0,-0.09325808
140,748,7.48,LOCKOUT,0,None,false,true,0.330025136,0.328254223,0.330025136,99,404,418,false,false,NONE,-0.0356402472,1.39239037,-0.146519184,0.9989262,-0.0423235446,-0.006745478,0.0175942965,-0.104290709,0.007469274,-0.0274954718,-0.01582262,-0.0181379579,0.09115593,true,true,8,true,true,0.009318236,0.00715626,0.231394082,0.05890806,0.146949291,0.211408138,0.906189859,right_upper_arm,true,0.00354092964,0,0.292276829,1.0113287,false,false,bar_linear_stillness,1.39497,0.108112641,0.09428014,0.03529208,0.0106977187,0.0584980957,0.05,0.02,0.2,0.08726646,0.17453292,0.17453292,0.000697597861,-0.00698592747,-0.00698592747,false,0.0160045661,0.06148001,0.04698369,0.0852333,0.0336805023,616.377747,0.308081031,abdomen,twist_x,0.006454942,NA,NA,NA,true,-0.03225547,1.24613214,-0.09608504,-0.09382684,-0.002058208,-0.0262505934,-2.604723E-05,0,-0.009842031,-0.1549931,0.135309041,-0.179204762,0.179152668,true,-0.0410433821,0,-0.09403141
140,749,7.49,LOCKOUT,0,None,false,true,0.330056429,0.328234851,0.330056429,99,404,418,false,false,NONE,-0.03667918,1.39239752,-0.14681457,0.9989141,-0.0424075834,-0.006815766,0.0180474259,-0.103825487,0.0103863329,-0.0270541944,0.004503025,-0.017394308,0.08978233,true,true,8,true,true,0.009440915,0.007268683,0.231656477,0.0586456656,0.1460129,0.212344527,0.906380057,right_upper_arm,true,0.00353078777,0,0.291392744,1.01478231,false,false,bar_linear_stillness,1.39497,0.107793957,0.09156258,0.0353258438,0.0110269571,0.05844508,0.05,0.02,0.2,0.08726646,0.17453292,0.17453292,0.0004483834,-0.008250046,-0.008250046,false,0.0176649019,0.0615109354,0.0475705042,0.08528533,0.0336808749,614.3999,0.307092458,abdomen,twist_x,0.00651174551,NA,NA,NA,true,-0.033191856,1.246146,-0.09634744,-0.09338032,-0.0002377366,-0.0268620886,-2.604723E-05,0,-0.009842031,-0.1549931,0.135309041,-0.179204762,0.179152668,true,-0.0423711725,0,-0.09484313
140,750,7.5,LOCKOUT,0,None,false,true,0.3300835,0.3282122,0.3300835,99,404,418,false,false,NONE,-0.03771324,1.39243066,-0.147105321,0.998906,-0.04239554,-0.00688078161,0.01849407,-0.103337407,0.0129524246,-0.026597796,0.0236641578,-0.0166272558,0.0883847848,true,true,8,true,true,0.009559423,0.00738054235,0.23192431,0.0583778322,0.145081133,0.2132763,0.9065446,right_upper_arm,true,0.003520158,0,0.290478438,1.01683486,false,false,bar_linear_stillness,1.39497,0.107488737,0.09299639,0.0353595763,0.0112410933,0.05830211,0.05,0.02,0.2,0.08726646,0.17453292,0.17453292,0.000192224979,-0.009519063,-0.009519063,false,0.0193639137,0.06154534,0.0480508059,0.08524343,0.0336496569,612.000244,0.305893034,abdomen,twist_x,0.00657272665,NA,NA,NA,true,-0.0341236368,1.24617648,-0.09661527,-0.09291209,0.00133851217,-0.02739102,-2.604723E-05,0,-0.009842031,-0.1549931,0.135309041,-0.179204762,0.179152668,true,-0.0436886474,0,-0.09568408
140,751,7.51,LOCKOUT,0,None,false,true,0.330106556,0.3281867,0.330106556,99,404,418,false,false,NONE,-0.03874221,1.39248645,-0.147391334,0.998901665,-0.042294167,-0.006940497,0.0189340673,-0.102826253,0.0151845366,-0.0261325929,0.0414560772,-0.0158373713,0.08696437,true,true,8,true,true,0.009679561,0.00749714067,0.232196629,0.0581055135,0.144154161,0.214203268,0.90668577,right_upper_arm,true,0.00350940134,0,0.289562434,1.01742172,false,false,bar_linear_stillness,1.39497,0.107176118,0.09763314,0.0353865363,0.0113676386,0.0580767281,0.05,0.02,0.2,0.08726646,0.17453292,0.17453292,-7.016957E-05,-0.0107850088,-0.0107850088,false,0.0210920535,0.0615766235,0.0484324321,0.0851165652,0.033590354,609.2636,0.3045252,abdomen,twist_x,0.00663751876,NA,NA,NA,true,-0.0350506045,1.24622142,-0.09688759,-0.0924224,0.00269161421,-0.0278272983,-2.604723E-05,0,-0.009842031,-0.1549931,0.135309041,-0.179204762,0.179152668,true,-0.04499561,0,-0.09654523
140,752,7.5200000000000005,LOCKOUT,0,None,false,true,0.3301257,0.328158319,0.3301257,99,404,418,false,false,NONE,-0.0397658572,1.39256179,-0.147672534,0.9989007,-0.04211119,-0.00699491147,0.0193672553,-0.102291547,0.0171045661,-0.02566117,0.0576973371,-0.0150252162,0.08552228,true,true,8,true,true,0.009807362,0.00762046734,0.23247245,0.0578297,0.143232226,0.2151252,0.9068059,right_upper_arm,true,0.0034992327,0,0.288703471,1.01650643,false,false,bar_linear_stillness,1.39497,0.10683924,0.104253538,0.0354202129,0.0113885934,0.0577679724,0.05,0.02,0.2,0.08726646,0.17453292,0.17453292,-0.000338003039,-0.0120399306,-0.0120399306,false,0.0228388924,0.0616001822,0.0487234034,0.0849143639,0.03350665,606.272156,0.30303,abdomen,twist_x,0.00670576142,NA,NA,NA,true,-0.03597254,1.24627864,-0.0971634,-0.0919115245,0.00384029956,-0.02816356,-2.604723E-05,0,-0.009842031,-0.1549931,0.135309041,-0.179204762,0.179152668,true,-0.04629352,0,-0.09741798
140,753,7.53,LOCKOUT,0,None,false,true,0.330140948,0.328126848,0.330140948,99,404,418,false,false,NONE,-0.04078395,1.39265382,-0.147948891,0.9989028,-0.0418551564,-0.007044049,0.0197934769,-0.101732969,0.0187366977,-0.025184799,0.07223383,-0.014191498,0.08405974,true,true,8,true,true,0.009942382,0.007752226,0.232750684,0.05755145,0.142315522,0.216041908,0.9069067,right_upper_arm,true,0.0034894147,0,0.287880838,1.01408434,false,false,bar_linear_stillness,1.39497,0.106465653,0.111737035,0.03542694,0.0113885934,0.0574077331,0.05,0.02,0.2,0.08726646,0.17453292,0.17453292,-0.00061032176,-0.0132761486,-0.0132761486,false,0.02459336,0.0616130419,0.04893198,0.08464703,0.03340229,603.099854,0.3014444,abdomen,twist_x,0.00677660946,NA,NA,NA,true,-0.0368892439,1.24634624,-0.09744165,-0.09137975,0.00480575068,-0.0283950437,-2.604723E-05,0,-0.009842031,-0.1549931,0.135309041,-0.179204762,0.179152668,true,-0.04757707,0,-0.0982925147
140,754,7.54,LOCKOUT,0,None,false,true,0.330152452,0.3280931,0.330152452,99,404,418,false,false,NONE,-0.04179624,1.3927598,-0.14822033,0.998907447,-0.04153509,-0.00708795432,0.0202125683,-0.101149455,0.0200996175,-0.02470288,0.08495891,-0.0133368345,0.0825781152,true,true,8,true,true,0.0100901471,0.007893778,0.233030289,0.05727186,0.141404241,0.216953188,0.9069911,right_upper_arm,true,0.00348042487,0,0.287133038,1.01022184,false,false,bar_linear_stillness,1.39497,0.106044516,0.119226813,0.0354336761,0.0112622827,0.0569824874,0.05,0.02,0.2,0.08726646,0.17453292,0.17453292,-0.0008861348,-0.0144869061,-0.0144869061,false,0.0263456237,0.06161377,0.0490665436,0.08432429,0.03328057,599.8062,0.299798161,abdomen,twist_x,0.00684932433,NA,NA,NA,true,-0.0378005244,1.24642289,-0.09772124,-0.09082712,0.00560091669,-0.0285200514,-2.604723E-05,0,-0.009842031,-0.1549931,0.135309041,-0.179204762,0.179152668,true,-0.0488579571,0,-0.09916157
140,755,7.55,LOCKOUT,0,None,false,true,0.33016032,0.328056872,0.33016032,99,404,418,false,false,NONE,-0.04280248,1.39287722,-0.1484868,0.998914242,-0.0411603823,-0.00712668942,0.0206243768,-0.100540034,0.0212112889,-0.02421466,0.09581197,-0.0124619724,0.08107874,true,true,8,true,true,0.0102493251,0.008043736,0.233310133,0.056992,0.140498608,0.217858821,0.907060742,right_upper_arm,true,0.00347202527,0,0.286439538,1.00502646,false,false,bar_linear_stillness,1.39497,0.105567835,0.126130864,0.0354202129,0.0111131072,0.0565203,0.05,0.02,0.2,0.08726646,0.17453292,0.17453292,-0.00116438419,-0.015666198,-0.015666198,false,0.0280855875,0.0616020039,0.0491356328,0.08395591,0.0331449024,596.449158,0.29812023,abdomen,twist_x,0.00692301057,NA,NA,NA,true,-0.03870615,1.24650657,-0.0980011,-0.09025348,0.00623876555,-0.0285391416,-2.604723E-05,0,-0.009842031,-0.1549931,0.135309041,-0.179204762,0.179152668,true,-0.05013204,0,-0.100017086
140,756,7.5600000000000005,LOCKOUT,0,None,false,true,0.330165267,0.328018844,0.330165267,99,404,418,false,false,NONE,-0.0438024,1.3930037,-0.148748219,0.998922765,-0.04074044,-0.007160329,0.0210287478,-0.09990371,0.0220840648,-0.0237185918,0.10477832,-0.011567642,0.0795629248,true,true,8,true,true,0.010419012,0.008202742,0.233589247,0.0567128956,0.139598817,0.218758613,0.907117546,right_upper_arm,true,0.00346421916,0,0.285798967,0.99866116,false,false,bar_linear_stillness,1.39497,0.105028704,0.1320703,0.03540001,0.0108745536,0.05602878,0.05,0.02,0.2,0.08726646,0.17453292,0.17453292,-0.00144397467,-0.0168090779,-0.0168090779,false,0.02980442,0.06157825,0.0491475873,0.0835510045,0.0329981931,593.074951,0.296433717,abdomen,twist_x,0.006996583,NA,NA,NA,true,-0.03960594,1.24659622,-0.09828021,-0.08965839,0.00672508962,-0.028455073,-2.604723E-05,0,-0.009842031,-0.1549931,0.135309041,-0.179204762,0.179152668,true,-0.05140469,0,-0.100853741
140,757,7.57,LOCKOUT,0,None,false,true,0.3301673,0.3279789,0.3301673,99,404,418,false,false,NONE,-0.04479572,1.393137,-0.149004489,0.99893266,-0.04028462,-0.00718895765,0.0214255452,-0.0992395058,0.0227295533,-0.0232115835,0.111881971,-0.0106546571,0.07803197,true,true,8,true,true,0.0105981017,0.008367369,0.233866572,0.0564355627,0.1387051,0.219652325,0.9071635,right_upper_arm,true,0.00345676742,0,0.285191,0.9913089,false,false,bar_linear_stillness,1.39497,0.10442169,0.136821359,0.0353595763,0.0106081963,0.0555028431,0.05,0.02,0.2,0.08726646,0.17453292,0.17453292,-0.00172383338,-0.0179115627,-0.0179115627,false,0.0314939767,0.0615438558,0.04911056,0.08311838,0.0328433737,589.7257,0.2947597,abdomen,twist_x,0.007069432,NA,NA,NA,true,-0.0404996648,1.24669015,-0.09855754,-0.0890412554,0.007066818,-0.0282720681,-2.604723E-05,0,-0.009842031,-0.1549931,0.135309041,-0.179204762,0.179152668,true,-0.0526749268,0,-0.101665668
140,758,7.58,LOCKOUT,0,None,false,true,0.330166936,0.327937961,0.330166936,99,404,418,false,false,NONE,-0.04578216,1.39327478,-0.149255484,0.9989434,-0.0398018435,-0.007212662,0.0218146257,-0.09854631,0.0231526643,-0.0226920061,0.117191471,-0.009723843,0.07648714,true,true,8,true,true,0.0107856374,0.008538512,0.234141186,0.0561609566,0.137817666,0.220539764,0.9072003,right_upper_arm,true,0.00344990776,0,0.28463462,0.9831936,false,false,bar_linear_stillness,1.39497,0.103741743,0.140280709,0.0353123434,0.0103118839,0.05496754,0.05,0.02,0.2,0.08726646,0.17453292,0.17453292,-0.00200293958,-0.018970741,-0.018970741,false,0.03314757,0.0615002438,0.04903238,0.08266581,0.0326829329,586.433655,0.293114215,abdomen,twist_x,0.00714084739,NA,NA,NA,true,-0.0413870923,1.24678671,-0.0988321453,-0.08840123,0.00726309,-0.0279957969,-2.604723E-05,0,-0.009842031,-0.1549931,0.135309041,-0.179204762,0.179152668,true,-0.0539479479,0,-0.102450207
140,759,7.59,LOCKOUT,0,None,false,true,0.330164373,0.327895522,0.330164373,99,404,418,false,false,NONE,-0.04676142,1.39341509,-0.14950107,0.9989547,-0.03930071,-0.007231534,0.0221958682,-0.09782361,0.0233634934,-0.0221588742,0.120795205,-0.008776076,0.07492973,true,true,8,true,true,0.010977908,0.008711621,0.234412223,0.0558899269,0.136936769,0.221420661,0.907229543,right_upper_arm,true,0.00344316475,0,0.284089476,0.9745204,false,false,bar_linear_stillness,1.39497,0.102987029,0.14241828,0.0352582857,0.0100067984,0.05441821,0.05,0.02,0.2,0.08726646,0.17453292,0.17453292,-0.00228027254,-0.01998427,-0.01998427,false,0.0347585529,0.061449457,0.048920285,0.08220113,0.03251935,583.238037,0.291517,abdomen,twist_x,0.007210389,NA,NA,NA,true,-0.04226799,1.246885,-0.0991031751,-0.0877374858,0.007319287,-0.0276323259,-2.604723E-05,0,-0.009842031,-0.1549931,0.135309041,-0.179204762,0.179152668,true,-0.055218365,0,-0.103202358
140,760,7.6000000000000005,LOCKOUT,0,None,false,true,0.330160081,0.327852547,0.330160081,99,404,418,false,false,NONE,-0.0477332,1.39355576,-0.149741128,0.9989662,-0.0387891829,-0.00724566,0.0225691535,-0.09707061,0.0233697,-0.0216114074,0.122807153,-0.007812209,0.07336098,true,true,8,true,true,0.0111733433,0.008888295,0.23467885,0.0556232929,0.136062637,0.222294793,0.90725255,right_upper_arm,true,0.003436892,0,0.283585042,0.965502739,false,false,bar_linear_stillness,1.39497,0.102156252,0.143263608,0.0352109149,0.009667485,0.0538765565,0.05,0.02,0.2,0.08726646,0.17453292,0.17453292,-0.00255487859,-0.0209506359,-0.0209506359,false,0.0363217,0.06139369,0.04878105,0.081731,0.0323549025,580.160461,0.2899787,abdomen,twist_x,0.007278088,NA,NA,NA,true,-0.04314212,1.24698317,-0.09936981,-0.08704905,0.007239654,-0.02718808,-2.604723E-05,0,-0.009842031,-0.1549931,0.135309041,-0.179204762,0.179152668,true,-0.05648978,0,-0.103920072
140,761,7.61,LOCKOUT,0,None,false,true,0.330154479,0.327808976,0.330154479,99,404,418,false,false,NONE,-0.0486971848,1.39369488,-0.149975508,0.9989777,-0.0382746533,-0.007255125,0.02293438,-0.09628681,0.0231845751,-0.0210503731,0.123347037,-0.00683311,0.07178211,true,true,8,true,true,0.0113717094,0.009065052,0.23494032,0.0553618148,0.135195553,0.223161876,0.9072708,right_upper_arm,true,0.00343085523,0,0.283100516,0.956336439,false,false,bar_linear_stillness,1.39497,0.10125114,0.142877057,0.0351499245,0.009315821,0.0533294044,0.05,0.02,0.2,0.08726646,0.17453292,0.17453292,-0.00282590836,-0.0218688883,-0.0218688883,false,0.0378321819,0.0613351539,0.0486209132,0.0812618062,0.03219167,577.2371,0.288517565,abdomen,twist_x,0.00734367361,NA,NA,NA,true,-0.0440092124,1.24708,-0.09963129,-0.0863350555,0.007030131,-0.0266696885,-2.604723E-05,0,-0.009842031,-0.1549931,0.135309041,-0.179204762,0.179152668,true,-0.05775839,0,-0.104600891
140,762,7.62,LOCKOUT,0,None,false,true,0.3301478,0.327764928,0.3301478,99,404,418,false,false,NONE,-0.04965308,1.39383054,-0.150204092,0.9989888,-0.03776382,-0.00726000732,0.0232914556,-0.09547223,0.0228187442,-0.0204763878,0.122547463,-0.00583966356,0.07019444,true,true,8,true,true,0.0115697114,0.009242342,0.235195965,0.0551061779,0.134335756,0.224021673,0.9072855,right_upper_arm,true,0.00342529058,0,0.2826555,0.9471973,false,false,bar_linear_stillness,1.39497,0.10027425,0.141347945,0.03508882,0.00900347,0.0527991652,0.05,0.02,0.2,0.08726646,0.17453292,0.17453292,-0.00309254229,-0.0227383375,-0.0227383375,false,0.03928569,0.06127597,0.04844551,0.08079911,0.0320314839,574.4841,0.287141532,abdomen,twist_x,0.00740690762,NA,NA,NA,true,-0.04486901,1.24717438,-0.099886924,-0.0855947658,0.00669864658,-0.02608376,-2.604723E-05,0,-0.009842031,-0.1549931,0.135309041,-0.179204762,0.179152668,true,-0.0590202361,0,-0.105243094
140,763,7.63,LOCKOUT,0,None,false,true,0.330140054,0.327720821,0.330140054,99,404,418,false,false,NONE,-0.0506005622,1.39396131,-0.150426775,0.9989995,-0.0372628234,-0.00726038264,0.0236402955,-0.09462665,0.0222926512,-0.0198905822,0.120539881,-0.00483270269,0.06859922,true,true,8,true,true,0.011767623,0.00941919,0.235445172,0.0548569635,0.133483529,0.2248739,0.907297552,right_upper_arm,true,0.003420077,0,0.282239735,0.9382232,false,false,bar_linear_stillness,1.39497,0.09923105,0.138777047,0.0350344181,0.00862477347,0.0522863567,0.05,0.02,0.2,0.08726646,0.17453292,0.17453292,-0.00335402042,-0.0235586017,-0.0235586017,false,0.0406786352,0.0612185039,0.0482599065,0.08034837,0.0318762623,571.9289,0.285864383,abdomen,twist_x,0.007468163,NA,NA,NA,true,-0.04572124,1.2472651,-0.100136138,-0.0848275349,0.006256987,-0.0254366286,-2.604723E-05,0,-0.009842031,-0.1549931,0.135309041,-0.179204762,0.179152668,true,-0.0602768064,0,-0.105844438
140,764,7.6400000000000006,LOCKOUT,0,None,false,true,0.3301319,0.3276769,0.3301319,99,404,418,false,false,NONE,-0.0515393279,1.39408553,-0.150643438,0.9990094,-0.0367769562,-0.007256312,0.0239808317,-0.09374974,0.02161736,-0.0192933623,0.117455788,-0.00381298037,0.0669977739,true,true,8,true,true,0.0119669726,0.00959700253,0.2356874,0.0546147376,0.13263914,0.22571829,0.9073081,right_upper_arm,true,0.00341521623,0,0.281852722,0.9295575,false,false,bar_linear_stillness,1.39497,0.09812521,0.135274172,0.03497993,0.008896914,0.0517868921,0.05,0.02,0.2,0.08726646,0.17453292,0.17453292,-0.00360965729,-0.0243295841,-0.0243295841,false,0.0420081764,0.0611648262,0.04806873,0.0799134,0.031727083,569.5817,0.2846912,abdomen,twist_x,0.007527101,NA,NA,NA,true,-0.0465656258,1.247351,-0.100378364,-0.084032774,0.00571409333,-0.0247350652,-2.604723E-05,0,-0.009842031,-0.1549931,0.135309041,-0.179204762,0.179152668,true,-0.06152757,0,-0.106405109
140,765,7.65,LOCKOUT,0,None,false,true,0.3301236,0.3276332,0.3301236,99,404,418,false,false,NONE,-0.05246906,1.394202,-0.150854021,0.999018431,-0.03631108,-0.007247854,0.0243130047,-0.09284188,0.0208170339,-0.01868756,0.113431789,-0.00278126332,0.06539135,true,true,8,true,true,0.0121637424,0.009773172,0.235922143,0.05438,0.131802872,0.226554558,0.9073182,right_upper_arm,true,0.00341106555,0,0.281523824,0.9212859,false,false,bar_linear_stillness,1.39497,0.09696488,0.130960047,0.03493218,0.009238723,0.0513151,0.05,0.02,0.2,0.08726646,0.17453292,0.17453292,-0.00385887176,-0.0250514913,-0.0250514913,false,0.0432713553,0.0611169077,0.04787594,0.0794988647,0.03158578,567.4603,0.283630878,abdomen,twist_x,0.00758412667,NA,NA,NA,true,-0.0474018864,1.2474314,-0.1006131,-0.0832101,0.00508660264,-0.0239849929,-2.604723E-05,0,-0.009842031,-0.1549931,0.135309041,-0.179204762,0.179152668,true,-0.06276356,0,-0.106922418
140,766,7.66,LOCKOUT,0,None,false,true,0.330115259,0.32759,0.330115259,99,404,418,false,false,NONE,-0.0533894524,1.39430952,-0.151058435,0.999026537,-0.03586929,-0.00723505672,0.0246367659,-0.0919033,0.0199111626,-0.0180734061,0.108590662,-0.00173830916,0.0637813359,true,true,8,true,true,0.0123610655,0.009948045,0.236148983,0.05415315,0.130975038,0.227382392,0.9073281,right_upper_arm,true,0.00340774283,0,0.281262845,0.9134791,false,false,bar_linear_stillness,1.39497,0.09575656,0.125948459,0.034891203,0.009518363,0.05087175,0.05,0.02,0.2,0.08726646,0.17453292,0.17453292,-0.00410109758,-0.0257247556,-0.0257247556,false,0.0444663279,0.0610766672,0.0476852581,0.07910787,0.0314532854,565.5757,0.2826889,abdomen,twist_x,0.0076390123,NA,NA,NA,true,-0.04822973,1.24750555,-0.10083995,-0.08235939,0.004389156,-0.0231925957,-2.604723E-05,0,-0.009842031,-0.1549931,0.135309041,-0.179204762,0.179152668,true,-0.06398629,0,-0.107396737
140,767,7.67,LOCKOUT,0,None,false,true,0.330106974,0.327547371,0.330106974,99,404,418,false,false,NONE,-0.0543001965,1.39440727,-0.151256621,0.99903363,-0.0354549922,-0.00721795671,0.0249520838,-0.0909340754,0.0189189315,-0.0174530949,0.103051327,-0.000684772152,0.0621689856,true,true,8,true,true,0.0125578307,0.0101249116,0.236367553,0.05393459,0.130155876,0.228201553,0.9073392,right_upper_arm,true,0.0034046548,0,0.281019837,0.906215549,false,false,bar_linear_stillness,1.39497,0.09450684,0.120353758,0.03486386,0.009814342,0.0504575931,0.05,0.02,0.2,0.08726646,0.17453292,0.17453292,-0.00433583558,-0.026349742,-0.026349742,false,0.04559167,0.0610456951,0.047499802,0.07874283,0.0313302353,563.9311,0.281866878,abdomen,twist_x,0.007691764,NA,NA,NA,true,-0.0490488857,1.24757254,-0.101058513,-0.08148038,0.00363307446,-0.02236421,-2.604723E-05,0,-0.009842031,-0.1549931,0.135309041,-0.179204762,0.179152668,true,-0.06519726,0,-0.107829034
140,768,7.68,LOCKOUT,0,None,false,true,0.330099046,0.3275054,0.330099046,99,404,418,false,false,NONE,-0.0552009828,1.39449465,-0.151448533,0.99903965,-0.0350712165,-0.00719658472,0.02525893,-0.089934364,0.0178626776,-0.0168266837,0.0969443247,0.0003786988,0.0605556369,true,true,8,true,true,0.0127532836,0.0103003336,0.236577541,0.0537245944,0.129345715,0.229011714,0.9073513,right_upper_arm,true,0.00340239541,0,0.280844271,0.899511,false,false,bar_linear_stillness,1.39497,0.09322233,0.114303678,0.0348364934,0.0100780223,0.0500781164,0.05,0.02,0.2,0.08726646,0.17453292,0.17453292,-0.0045626834,-0.0269272942,-0.0269272942,false,0.04664629,0.0610257,0.0473222956,0.0784066543,0.0312177576,562.532654,0.2811679,abdomen,twist_x,0.007742434,NA,NA,NA,true,-0.0498590544,1.24763238,-0.101268508,-0.08057312,0.00283575663,-0.0215055943,-2.604723E-05,0,-0.009842031,-0.1549931,0.135309041,-0.179204762,0.179152668,true,-0.0663918853,0,-0.108217627
140,769,7.69,LOCKOUT,0,None,false,true,0.330091834,0.327464461,0.330091834,99,404,418,false,false,NONE,-0.0560915135,1.39457107,-0.151634127,0.9990445,-0.03472021,-0.007170958,0.02555729,-0.08890464,0.0167617872,-0.01619641,0.09038215,0.00145153189,0.0589425229,true,true,8,true,true,0.0129494965,0.0104746018,0.2367787,0.0535234362,0.1285448,0.229812622,0.907365561,right_upper_arm,true,0.00340084638,0,0.280726075,0.8933978,false,false,bar_linear_stillness,1.39497,0.09190928,0.107913211,0.0348364934,0.0103810132,0.049724523,0.05,0.02,0.2,0.08726646,0.17453292,0.17453292,-0.004781246,-0.02745835,-0.02745835,false,0.0476297364,0.06101795,0.04715521,0.07810073,0.0311162248,561.374,0.2805888,abdomen,twist_x,0.007791085,NA,NA,NA,true,-0.05065996,1.24768436,-0.101469666,-0.0796376243,0.00201008772,-0.0206226353,-2.604723E-05,0,-0.009842031,-0.1549931,0.135309041,-0.179204762,0.179152668,true,-0.06756937,0,-0.108564377
140,770,7.7,LOCKOUT,0,None,false,true,0.3300851,0.327424347,0.3300851,99,404,418,false,false,NONE,-0.0569714867,1.39463639,-0.151813373,0.999048233,-0.0344037227,-0.00714108441,0.0258471649,-0.08784495,0.0156365111,-0.0155621655,0.0834718347,0.00253316434,0.0573308878,true,true,8,true,true,0.013144562,0.0106498217,0.236970872,0.05333128,0.127753437,0.230604,0.9073818,right_upper_arm,true,0.0033997735,0,0.280645043,0.887883,false,false,bar_linear_stillness,1.39497,0.0905727148,0.101295583,0.0348364934,0.0106306477,0.04941667,0.05,0.02,0.2,0.08726646,0.17453292,0.17453292,-0.004991241,-0.02794405,-0.02794405,false,0.04854213,0.0610235631,0.04700052,0.07782631,0.0310259722,560.457458,0.280130684,abdomen,twist_x,0.007837573,NA,NA,NA,true,-0.051451318,1.24772859,-0.101661824,-0.078673996,0.00116988574,-0.0197210182,-2.604723E-05,0,-0.009842031,-0.1549931,0.135309041,-0.179204762,0.179152668,true,-0.0687299445,0,-0.108869858
140,771,7.71,LOCKOUT,0,None,false,true,0.330079436,0.327385664,0.330079436,99,404,418,false,false,NONE,-0.0578406043,1.39469039,-0.151986256,0.999050736,-0.034122996,-0.007106961,0.0261285566,-0.08675578,0.0145016089,-0.014924123,0.07632841,0.00362306577,0.0557219051,true,true,8,true,true,0.0133396024,0.0108234864,0.237153858,0.0531482771,0.126971915,0.231385514,0.9074007,right_upper_arm,true,0.00339941285,0,0.280621052,0.8829697,false,false,bar_linear_stillness,1.39497,0.0892165452,0.09457316,0.03485702,0.010852606,0.0491311662,0.05,0.02,0.2,0.08726646,0.17453292,0.17453292,-0.005192399,-0.0283856522,-0.0283856522,false,0.04938399,0.0610435121,0.0468598157,0.07758425,0.0309472,559.7707,0.279787421,abdomen,twist_x,0.007881894,NA,NA,NA,true,-0.0522328429,1.24776483,-0.101844825,-0.07768242,0.000327036774,-0.0188061763,-2.604723E-05,0,-0.009842031,-0.1549931,0.135309041,-0.179204762,0.179152668,true,-0.0698717,0,-0.109135583
140,772,7.72,LOCKOUT,0,None,false,true,0.330074668,0.327347934,0.330074668,99,404,418,false,false,NONE,-0.0586985759,1.39473319,-0.152152732,0.999052167,-0.03387871,-0.007068576,0.0264014825,-0.08563741,0.013373442,-0.0142831346,0.069054015,0.004720727,0.05411676,true,true,8,true,true,0.0135335131,0.0109969955,0.237327635,0.0529745072,0.126200512,0.232156917,0.9074223,right_upper_arm,true,0.00339940726,0,0.2806245,0.878644645,false,false,bar_linear_stillness,1.39497,0.08784431,0.08785992,0.034891203,0.0110701155,0.0488927774,0.05,0.02,0.2,0.08726646,0.17453292,0.17453292,-0.005384557,-0.028784737,-0.028784737,false,0.05015646,0.0610784926,0.0467344262,0.07737468,0.0308798663,559.3058,0.279555053,abdomen,twist_x,0.007924138,NA,NA,NA,true,-0.05300425,1.2477932,-0.102018595,-0.0766631,-0.000507273769,-0.01788335,-2.604723E-05,0,-0.009842031,-0.1549931,0.135309041,-0.179204762,0.179152668,true,-0.07099524,0,-0.109363116
140,773,7.73,LOCKOUT,0,None,false,true,0.330070972,0.327311456,0.330070972,99,404,418,false,false,NONE,-0.05954511,1.3947649,-0.1523128,0.999052465,-0.0336710922,-0.007025905,0.0266659688,-0.08449036,0.0122678429,-0.0136392992,0.06174198,0.00582567928,0.05251649,true,true,8,true,true,0.0137269162,0.0111685814,0.237492144,0.05281,0.1254395,0.232917935,0.9074468,right_upper_arm,true,0.00340011623,0,0.280684769,0.8748949,false,false,bar_linear_stillness,1.39497,0.08645896,0.08126495,0.034939006,0.0112622827,0.0486826226,0.05,0.02,0.2,0.08726646,0.17453292,0.17453292,-0.005567558,-0.02914282,-0.02914282,false,0.050860744,0.06112895,0.04662531,0.07719757,0.0308239013,559.0512,0.2794278,abdomen,twist_x,0.007964309,NA,NA,NA,true,-0.0537652746,1.24781394,-0.1021831,-0.07561633,-0.001322342,-0.0169573855,-2.604723E-05,0,-0.009842031,-0.1549931,0.135309041,-0.179204762,0.179152668,true,-0.07209748,0,-0.109554008
140,774,7.74,LOCKOUT,0,None,false,true,0.3300683,0.3272764,0.3300683,99,404,418,false,false,NONE,-0.06037992,1.39478588,-0.152466416,0.9990517,-0.0334998071,-0.00697891274,0.0269220471,-0.08331464,0.0111910924,-0.0129922349,0.054489594,0.006937491,0.0509221852,true,true,8,true,true,0.0139208548,0.0113408752,0.2376474,0.0526547432,0.124689125,0.2336683,0.9074742,right_upper_arm,true,0.00340094324,0,0.280752659,0.871713758,false,false,bar_linear_stillness,1.39497,0.08506097,0.07490203,0.0350071825,0.0114303865,0.0485158078,0.05,0.02,0.2,0.08726646,0.17453292,0.17453292,-0.005741328,-0.0294616576,-0.0294616576,false,0.0514993742,0.0611950271,0.0465331376,0.07705172,0.030778788,558.986267,0.279395342,abdomen,twist_x,0.00800207,NA,NA,NA,true,-0.0545156375,1.24782717,-0.102338359,-0.07454227,-0.002115638,-0.01603327,-2.604723E-05,0,-0.009842031,-0.1549931,0.135309041,-0.179204762,0.179152668,true,-0.07318616,0,-0.109712556
140,775,7.75,LOCKOUT,0,None,false,true,0.3300668,0.3272426,0.3300668,99,404,418,false,false,NONE,-0.0612027235,1.39479661,-0.15261358,0.999049842,-0.03336434,-0.00692756,0.02716976,-0.08211076,0.0101627633,-0.0123438658,0.047380317,0.008055672,0.04933481,true,true,8,true,true,0.0141106024,0.0115088066,0.237793446,0.05250869,0.123949707,0.234407723,0.907504559,right_upper_arm,true,0.003402484,0,0.28087768,0.869045734,false,false,bar_linear_stillness,1.39497,0.08365303,0.068874605,0.0350956134,0.011616596,0.04837307,0.05,0.02,0.2,0.08726646,0.17453292,0.17453292,-0.005905837,-0.0297430325,-0.0297430325,false,0.05207361,0.0612770058,0.0464580543,0.0769374,0.030744547,559.1091,0.2794567,abdomen,twist_x,0.008038137,NA,NA,NA,true,-0.05525506,1.24783313,-0.102484412,-0.0734413,-0.00287197577,-0.01511471,-2.604723E-05,0,-0.009842031,-0.1549931,0.135309041,-0.179204762,0.179152668,true,-0.07424887,0,-0.109836474
140,776,7.76,LOCKOUT,0,None,false,true,0.330066621,0.3272103,0.330066621,99,404,418,false,false,NONE,-0.06201324,1.39479744,-0.152754262,0.9990471,-0.0332634561,-0.00687179063,0.0274091586,-0.08087922,0.009183727,-0.0116930148,0.0404837169,0.009179848,0.0477552749,true,true,8,true,true,0.0143013168,0.0116771907,0.2379304,0.05237174,0.123221487,0.235135943,0.9075377,right_upper_arm,true,0.0034041435,0,0.281010419,0.866893768,false,false,bar_linear_stillness,1.39497,0.08223452,0.06327533,0.0351905972,0.0117390947,0.0482743867,0.05,0.02,0.2,0.08726646,0.17453292,0.17453292,-0.006061092,-0.029988924,-0.029988924,false,0.05258676,0.0613744259,0.0464003235,0.07685213,0.03072019,559.3893,0.279596776,abdomen,twist_x,0.00807193,NA,NA,NA,true,-0.05598327,1.24783242,-0.102621362,-0.0723137,-0.00359198451,-0.0142059093,-2.604723E-05,0,-0.009842031,-0.1549931,0.135309041,-0.179204762,0.179152668,true,-0.07529557,0,-0.109933019
140,777,7.7700000000000005,LOCKOUT,0,None,false,true,0.330067515,0.3271793,0.330067515,99,404,418,false,false,NONE,-0.0628112,1.3947891,-0.152888462,0.999043345,-0.0331958421,-0.00681154663,0.0276402924,-0.07962049,0.008264609,-0.0110406131,0.0338759124,0.010309549,0.0461844541,true,true,8,true,true,0.0144881364,0.0118434494,0.238058373,0.05224377,0.122504726,0.2358527,0.9075736,right_upper_arm,true,0.00340615981,0,0.281170815,0.865213156,false,false,bar_linear_stillness,1.39497,0.08080607,0.0581968054,0.0352988355,0.0118603278,0.04820024,0.05,0.02,0.2,0.08726646,0.17453292,0.17453292,-0.00620714575,-0.0302009862,-0.0302009862,false,0.05304097,0.06148703,0.0463595241,0.07679492,0.03070541,559.818054,0.279811084,abdomen,twist_x,0.008103922,NA,NA,NA,true,-0.0567000322,1.24782526,-0.102749333,-0.07115981,-0.00426935,-0.0133101549,-2.604723E-05,0,-0.009842031,-0.1549931,0.135309041,-0.179204762,0.179152668,true,-0.07632142,0,-0.1100017
140,778,7.78,LOCKOUT,0,None,false,true,0.330069661,0.327149749,0.330069661,99,404,418,false,false,NONE,-0.06359633,1.39477217,-0.153016165,0.9990388,-0.033159785,-0.006746761,0.0278632268,-0.07833479,0.00741236657,-0.0103877345,0.0276110079,0.011444388,0.04462314,true,true,8,true,true,0.0146735962,0.0120066395,0.238177538,0.052124612,0.121799707,0.236557722,0.907612145,right_upper_arm,true,0.00340841641,0,0.2813488,0.863972962,false,false,bar_linear_stillness,1.39497,0.07936742,0.05370816,0.03542694,0.0119803343,0.0481556952,0.05,0.02,0.2,0.08726646,0.17453292,0.17453292,-0.006344095,-0.0303812437,-0.0303812437,false,0.053439308,0.0616142377,0.0463352539,0.07676402,0.0306994915,560.3754,0.280089676,abdomen,twist_x,0.008134208,NA,NA,NA,true,-0.05740505,1.24781215,-0.10286849,-0.06998003,-0.00489930669,-0.0124302981,-2.604723E-05,0,-0.009842031,-0.1549931,0.135309041,-0.179204762,0.179152668,true,-0.07732639,0,-0.110045254
140,779,7.79,LOCKOUT,0,None,false,true,0.33007288,0.327121437,0.33007288,99,404,418,false,false,NONE,-0.06436836,1.39474726,-0.153137371,0.999033451,-0.0331533,-0.00667735934,0.0280780233,-0.07700889,0.006608762,-0.009706045,0.0215982758,0.0125886276,0.0430777855,true,true,8,true,true,0.0105529958,0.0122098066,0.2382918,0.052010335,0.121103987,0.237253442,0.9076497,right_upper_arm,true,0.00341031631,0,0.281496078,0.862924,false,false,bar_linear_stillness,1.39497,0.07789899,0.04980617,0.0357418619,0.0121188406,0.0482496843,0.05,0.02,0.2,0.08726646,0.17453292,0.17453292,-0.006472066,-0.0305314753,-0.0305314753,false,0.0537877865,0.0619298443,0.04621695,0.07687342,0.030701641,561.912,0.280857682,abdomen,twist_x,0.008017916,NA,NA,NA,true,-0.0581007749,1.24779344,-0.102982767,-0.06879604,-0.00548783131,-0.0115844989,-2.604723E-05,0,-0.009842031,-0.1549931,0.135309041,-0.179204762,0.179152668,true,-0.07830124,0,-0.109946877
140,780,7.8,LOCKOUT,0,None,false,true,0.33008194,0.3270877,0.33008194,99,404,418,false,false,NONE,-0.06512604,1.39471388,-0.1532508,0.999027431,-0.0331749246,-0.00660326332,0.0282848068,-0.07560108,0.00583545864,-0.008985825,0.0164415,0.0137279881,0.04153147,true,true,8,true,true,0.0147689013,0.0122991614,0.238392532,0.0519096181,0.120424047,0.237933382,0.907692254,right_upper_arm,true,0.003411818,0,0.281588823,0.8624046,false,false,bar_linear_stillness,1.39497,0.07635654,0.04672947,0.0358417854,0.0120991506,0.048224967,0.05,0.02,0.2,0.08726646,0.17453292,0.17453292,-0.006591223,-0.0306534413,-0.0306534413,false,0.0540811829,0.062024802,0.0462546125,0.07685397,0.0307129566,561.255,0.28052932,abdomen,twist_x,0.008229878,NA,NA,NA,true,-0.05878071,1.24776864,-0.103083484,-0.0676152855,-0.00606448064,-0.0107823508,-2.604723E-05,0,-0.009842031,-0.1549931,0.135309041,-0.179204762,0.179152668,true,-0.07922341,0,-0.11017561
140,781,7.8100000000000005,LOCKOUT,0,None,false,true,0.330085874,0.327067077,0.330085874,99,404,418,false,false,NONE,-0.06587082,1.394675,-0.1533586,0.9990208,-0.03321829,-0.00652435469,0.0284834839,-0.07427824,0.00522336364,-0.008354579,0.0116706379,0.01487306,0.0399941243,true,true,8,true,true,0.0107245678,0.0125020705,0.2387231,0.0516684875,0.119536191,0.238604516,0.9077318,right_upper_arm,true,0.00341530866,0,0.281883836,0.862816036,false,false,bar_linear_stillness,1.39497,0.0749289,0.0442373343,0.0361069,0.012236312,0.0483138859,0.05,0.02,0.2,0.08726646,0.17453292,0.17453292,-0.0067055,-0.0307696387,-0.0307696387,false,0.0543519631,0.0622951649,0.046200797,0.0769577548,0.03073123,563.482849,0.281642824,abdomen,twist_x,0.008107475,NA,NA,NA,true,-0.0594518445,1.24773979,-0.103180625,-0.06633714,-0.00655724062,-0.00992022548,8.23140144E-05,0,-0.009653322,-0.154849112,0.135542467,-0.178988039,0.179152668,true,-0.0799506,0,-0.110061258
140,782,7.82,LOCKOUT,0,None,false,true,0.330094934,0.3270365,0.330094934,99,404,418,false,false,NONE,-0.06660139,1.39462972,-0.1534588,0.9990138,-0.0332839079,-0.00644060364,0.0286742523,-0.0728865862,0.00464627147,-0.007647338,0.00772350142,0.0160114449,0.03846068,true,true,8,true,true,0.01498361,0.0125257093,0.238807112,0.05158446,0.118881427,0.239259273,0.907776654,right_upper_arm,true,0.00341762928,0,0.282047927,0.863367558,false,false,bar_linear_stillness,1.39497,0.07343381,0.0423703045,0.0362189859,0.012216812,0.04830895,0.05,0.02,0.2,0.08726646,0.17453292,0.17453292,-0.00699492544,-0.0315882266,-0.0315882266,false,0.0552941263,0.06240356,0.0464225858,0.07701872,0.0308058448,563.630066,0.281716436,abdomen,twist_x,0.008306161,NA,NA,NA,true,-0.0601066127,1.24770617,-0.103264652,-0.06510605,-0.00702340156,-0.009126262,8.23140144E-05,0,-0.009653322,-0.154849112,0.135542467,-0.178988039,0.179152668,true,-0.08083588,0,-0.110510804
140,783,7.83,LOCKOUT,0,None,false,true,0.3300994,0.3270182,0.3300994,99,404,418,false,false,NONE,-0.06731902,1.39458048,-0.153553158,0.999006331,-0.0333658755,-0.006351898,0.0288570523,-0.07156022,0.00419273227,-0.006997153,0.00405590329,0.0171551332,0.0369430035,true,true,8,true,true,0.0108681405,0.0127560822,0.238887787,0.0515038,0.118235826,0.239904881,0.907818,right_upper_arm,true,0.00342101813,0,0.282329917,0.864380062,false,false,bar_linear_stillness,1.39497,0.07202364,0.0409332924,0.03651402,0.01233335,0.0484371074,0.05,0.02,0.2,0.08726646,0.17453292,0.17453292,-0.007092066,-0.0316309854,-0.0316309854,false,0.05545072,0.06269767,0.04638926,0.07714387,0.0308244657,565.8203,0.282811165,abdomen,twist_x,0.00817367,NA,NA,NA,true,-0.0607522167,1.2476697,-0.103345312,-0.0637870058,-0.00741412351,-0.008288958,8.23140144E-05,0,-0.009653322,-0.154849112,0.135542467,-0.178988039,0.179152668,true,-0.08165215,0,-0.110355087
140,784,7.84,LOCKOUT,0,None,false,true,0.3301102,0.3269894,0.3301102,99,404,418,false,false,NONE,-0.06802218,1.39452624,-0.153639942,0.9989985,-0.0334660374,-0.006258233,0.0290321019,-0.07014114,0.00377230346,-0.006296388,0.0009142203,0.018294422,0.0354355946,true,true,8,true,true,0.015295268,0.0128695108,0.238955781,0.0514358,0.117606834,0.240533873,0.9078655,right_upper_arm,true,0.00342345564,0,0.282501459,0.8650454,false,false,bar_linear_stillness,1.39497,0.0705241337,0.039889887,0.03663137,0.0122946268,0.0484518744,0.05,0.02,0.2,0.08726646,0.17453292,0.17453292,-0.00717609376,-0.0316491053,-0.0316491053,false,0.0555643,0.06281569,0.0464856327,0.07716342,0.0308489855,565.4242,0.282613158,abdomen,twist_x,0.008360751,NA,NA,NA,true,-0.0613812059,1.24762988,-0.103413314,-0.06251812,-0.00770478835,-0.00753494864,8.23140144E-05,0,-0.009653322,-0.154849112,0.135542467,-0.178988039,0.179152668,true,-0.0825747848,0,-0.110410094
140,785,7.8500000000000005,LOCKOUT,0,None,false,true,0.330116451,0.326973081,0.330116451,99,404,418,false,false,NONE,-0.06871193,1.39446974,-0.15372093,0.9989905,-0.03357881,-0.006159492,0.0291993655,-0.06876726,0.00349176675,-0.00565174967,-0.001986781,0.0194408,0.0339476243,true,true,8,true,true,0.0111148134,0.0130902873,0.239020914,0.0513706654,0.11698737,0.24115333,0.9079105,right_upper_arm,true,0.00342720468,0,0.282809824,0.86603415,false,false,bar_linear_stillness,1.39497,0.06908741,0.0391705669,0.0369360261,0.0124104349,0.04859929,0.05,0.02,0.2,0.08726646,0.17453292,0.17453292,-0.00725675374,-0.03163709,-0.03163709,false,0.05563833,0.06312096,0.0464722626,0.0773094445,0.0308764074,567.715942,0.28375864,abdomen,twist_x,0.00822110847,NA,NA,NA,true,-0.06200067,1.24758875,-0.103478447,-0.06116128,-0.00793591,-0.006743084,8.23140144E-05,0,-0.009653322,-0.154849112,0.135542467,-0.178988039,0.179152668,true,-0.0833701,0,-0.110209875
140,786,7.86,LOCKOUT,0,None,false,true,0.330128551,0.326946676,0.330128551,99,404,418,false,false,NONE,-0.06938666,1.39441,-0.153794363,0.998982131,-0.03370581,-0.00605566,0.0293590575,-0.0672935545,0.00323838741,-0.00495282933,-0.004344765,0.020583611,0.0324714966,true,true,8,true,true,0.0156534053,0.0131970756,0.239073873,0.0513177067,0.116384916,0.241755784,0.907960355,right_upper_arm,true,0.00342952949,0,0.2829682,0.86668247,false,false,bar_linear_stillness,1.39497,0.06755324,0.038690567,0.0370584726,0.0123526668,0.0486385226,0.05,0.02,0.2,0.08726646,0.17453292,0.17453292,-0.007324755,-0.031608142,-0.031608142,false,0.0556788445,0.06324681,0.04658804,0.07734698,0.0309084076,567.3469,0.2835742,abdomen,twist_x,0.008403973,NA,NA,NA,true,-0.06260312,1.2475456,-0.103531405,-0.0598533638,-0.008097015,-0.006038189,8.23140144E-05,0,-0.009653322,-0.154849112,0.135542467,-0.178988039,0.179152668,true,-0.0842691958,0,-0.110246532
140,787,7.87,LOCKOUT,0,None,false,true,0.330135882,0.32693243,0.330135882,99,404,418,false,false,NONE,-0.07004742,1.39434958,-0.153862014,0.9989737,-0.0338412859,-0.005946613,0.02951115,-0.0658636242,0.00311095268,-0.004308349,-0.006416624,0.0217336528,0.031015357,true,true,8,true,true,0.0113801854,0.0132628372,0.239124537,0.0512670353,0.115792386,0.242348313,0.908006549,right_upper_arm,true,0.00343280821,0,0.283234626,0.867687,false,false,bar_linear_stillness,1.39497,0.06607766,0.0384119377,0.0373724066,0.0124104349,0.0488098,0.05,0.02,0.2,0.08726646,0.17453292,0.17453292,-0.007389888,-0.0315531529,-0.0315531529,false,0.055686187,0.06356002,0.04659027,0.07750913,0.0309416354,569.634766,0.2847177,abdomen,twist_x,0.00825891,NA,NA,NA,true,-0.06319565,1.24750185,-0.103582077,-0.0584545843,-0.008206957,-0.005295808,8.23140144E-05,0,-0.009653322,-0.154849112,0.135542467,-0.178988039,0.179152668,true,-0.08498683,0,-0.110008053
140,788,7.88,LOCKOUT,0,None,false,true,0.330149,0.326908,0.330149,99,404,418,false,false,NONE,-0.07069265,1.39428723,-0.1539221,0.998965144,-0.03398674,-0.00583233451,0.029655857,-0.06433824,0.002993457,-0.00360931037,-0.007912622,0.02287944,0.0295711271,true,true,8,true,true,0.016007239,0.0115858847,0.239163488,0.05122809,0.115217291,0.242923409,0.9080566,right_upper_arm,true,0.00343477912,0,0.2833619,0.8683717,false,false,bar_linear_stillness,1.39497,0.0645088851,0.03821688,0.0375061445,0.0123140039,0.0488586277,0.05,0.02,0.2,0.08726646,0.17453292,0.17453292,-0.007442847,-0.03148456,-0.03148456,false,0.0556656644,0.063689366,0.04672015,0.07755767,0.0309777968,569.2238,0.2845123,abdomen,twist_x,0.008439535,NA,NA,NA,true,-0.06377075,1.24745739,-0.103621021,-0.0571103878,-0.008058635,-0.004642093,8.23140144E-05,0,-0.009653322,-0.154849112,0.135542467,-0.178988039,0.179152668,true,-0.0852688,0,-0.109823279
140,789,7.8900000000000006,LOCKOUT,0,None,false,true,0.33015722,0.326895654,0.33015722,99,404,418,false,false,NONE,-0.07132369,1.394226,-0.153976485,0.9989567,-0.03413688,-0.00571273034,0.0297931377,-0.0628861561,0.00303675234,-0.002974831,-0.00921164,0.0240293518,0.0281459242,true,true,8,true,true,0.01161075,0.008661777,0.239200637,0.0511909425,0.114652433,0.243488282,0.9081017,right_upper_arm,true,0.00343828625,0,0.283649862,0.86930865,false,false,bar_linear_stillness,1.39497,0.06302968,0.0381373465,0.03782897,0.0123526668,0.0490388647,0.05,0.02,0.2,0.08726646,0.17453292,0.17453292,-0.00749351829,-0.0313923471,-0.0313923471,false,0.05561365,0.06400506,0.04673157,0.07773138,0.0310150981,571.5375,0.285668731,abdomen,twist_x,0.00828959048,NA,NA,NA,true,-0.06433561,1.24741375,-0.10365817,-0.0557035133,-0.007776668,-0.00394832669,8.23140144E-05,0,-0.009653322,-0.154849112,0.135542467,-0.178988039,0.179152668,true,-0.0854819342,0,-0.109585404
140,790,7.9,LOCKOUT,0,None,false,true,0.3301713,0.326872468,0.3301713,99,404,418,false,false,NONE,-0.0719393343,1.39416492,-0.154023468,0.9989481,-0.03429373,-0.00558782136,0.0299232062,-0.06137287,0.003135629,-0.00229387125,-0.0100384746,0.0251705963,0.0267324932,true,true,8,true,true,0.0163066331,0.005276087,0.239226431,0.05116514,0.114104949,0.244035751,0.908151,right_upper_arm,true,0.00344059849,0,0.283810258,0.869772,false,false,bar_linear_stillness,1.39497,0.0614957139,0.0380651541,0.03795482,0.01227522,0.04910689,0.05,0.02,0.2,0.08726646,0.17453292,0.17453292,-0.00753246248,-0.0312889442,-0.0312889442,false,0.05553794,0.06413108,0.0468701,0.07778965,0.0310555175,571.1644,0.2854823,abdomen,twist_x,0.008466051,NA,NA,NA,true,-0.06488309,1.24737155,-0.103683971,-0.0543921478,-0.007429601,-0.00334713748,8.23140144E-05,0,-0.009653322,-0.154849112,0.135542467,-0.178988039,0.179152668,true,-0.08594073,0,-0.109665863
140,791,7.91,LOCKOUT,0,None,false,true,0.330180526,0.326860964,0.330180526,99,404,418,false,false,NONE,-0.07254095,1.394107,-0.1540649,0.9989397,-0.0344517678,-0.005457512,0.03004603,-0.05993616,0.003380537,-0.00167286675,-0.0106342155,0.02631383,0.0253393389,true,true,8,true,true,0.0118225208,0.00348517764,0.239250958,0.05114062,0.113567345,0.244573355,0.9081977,right_upper_arm,true,0.00344385835,0,0.284080654,0.8704531,false,false,bar_linear_stillness,1.39497,0.0600547232,0.0380471572,0.0382551663,0.0122946268,0.0492958948,0.05,0.02,0.2,0.08726646,0.17453292,0.17453292,-0.007569611,-0.031162845,-0.031162845,false,0.05543798,0.0644419,0.0468897074,0.07796988,0.0310957488,573.5524,0.28667587,abdomen,twist_x,0.008310064,NA,NA,NA,true,-0.0654206946,1.24733162,-0.103708491,-0.0530397035,-0.007038634,-0.002707444,8.23140144E-05,0,-0.009653322,-0.154849112,0.135542467,-0.178988039,0.179152668,true,-0.0861891657,0,-0.109427579
140,792,7.92,LOCKOUT,0,None,false,true,0.330195129,0.326838553,0.330195129,99,404,418,false,false,NONE,-0.07312726,1.394051,-0.154098973,0.9989314,-0.034612596,-0.005321815,0.0301618278,-0.05843372,0.0036400184,-0.001000265,-0.0107012494,0.0274467357,0.0239579715,true,true,8,true,true,0.0166303962,0.002594271,0.239264652,0.0511269271,0.113046631,0.245094076,0.908249557,right_upper_arm,true,0.003445458,0,0.284182072,0.870737135,false,false,bar_linear_stillness,1.39497,0.05855553,0.0379713625,0.038373407,0.0121777179,0.0493683964,0.05,0.02,0.2,0.08726646,0.17453292,0.17453292,-0.00759541243,-0.0310285687,-0.0310285687,false,0.0553225279,0.06455881,0.04703673,0.07802825,0.03113709,573.1974,0.2864984,abdomen,twist_x,0.008481619,NA,NA,NA,true,-0.06594141,1.24729383,-0.103722185,-0.0517822951,-0.006626594,-0.00215837243,8.23140144E-05,0,-0.009653322,-0.154849112,0.135542467,-0.178988039,0.179152668,true,-0.086628966,0,-0.10943871
140,793,7.9300000000000006,LOCKOUT,0,None,false,true,0.330204427,0.3268283,0.330204427,99,404,418,false,false,NONE,-0.07369962,1.3939991,-0.154127508,0.998923361,-0.034770228,-0.00518062571,0.030270556,-0.0570073,0.003992453,-0.000384225161,-0.0105060833,0.02857941,0.0225951,true,true,8,true,true,0.0120638683,0.002134305,0.239277631,0.0511139557,0.11253541,0.24560529,0.9082983,right_upper_arm,true,0.003447415,0,0.284343481,0.8713631,false,false,bar_linear_stillness,1.39497,0.0571482256,0.037917003,0.038676668,0.0121972812,0.04955159,0.05,0.02,0.2,0.08726646,0.17453292,0.17453292,-0.00761993229,-0.0308742132,-0.0308742132,false,0.05519036,0.0648599,0.04706063,0.07820293,0.0311754365,575.45,0.287624329,abdomen,twist_x,0.008320445,NA,NA,NA,true,-0.06645263,1.247259,-0.103735156,-0.05046865,-0.00621326361,-0.00156747049,8.23140144E-05,0,-0.009653322,-0.154849112,0.135542467,-0.178988039,0.179152668,true,-0.0868648,0,-0.109179586
140,794,7.94,LOCKOUT,0,None,false,true,0.3302188,0.3268072,0.3302188,99,404,418,false,false,NONE,-0.07425682,1.39394975,-0.154148683,0.998915553,-0.0349263065,-0.00503397174,0.0303724222,-0.0555221848,0.00431332737,0.0002849675,-0.009771011,0.029699374,0.0212416574,true,true,8,true,true,0.01697301,0.00190467422,0.239280283,0.0511112958,0.1120408,0.2460999,0.908350945,right_upper_arm,true,0.00344747351,0,0.28431648,0.8716962,false,false,bar_linear_stillness,1.39497,0.0556902066,0.03779859,0.03878133,0.0120991506,0.0496189147,0.05,0.02,0.2,0.08726646,0.17453292,0.17453292,-0.00763362646,-0.0307129566,-0.0307129566,false,0.05504743,0.06496421,0.04720826,0.07824958,0.0312123429,574.8989,0.287348866,abdomen,twist_x,0.008488457,NA,NA,NA,true,-0.06694724,1.24722636,-0.103737816,-0.0492395721,-0.00581177836,-0.00106781733,8.23140144E-05,0,-0.009653322,-0.154849112,0.135542467,-0.178988039,0.179152668,true,-0.08729117,0,-0.109193683
140,795,7.95,LOCKOUT,0,None,false,true,0.330227733,0.326798022,0.330227733,99,404,418,false,false,NONE,-0.07480026,1.39390492,-0.154164329,0.9989082,-0.0350750536,-0.004881769,0.0304673743,-0.05412136,0.004696928,0.0008965466,-0.008827352,0.03081622,0.0199046,true,true,8,true,true,0.01229869,0.001844196,0.239282727,0.051108852,0.111555524,0.24658519,0.908398747,right_upper_arm,true,0.00344800716,0,0.284360051,0.87239,false,false,bar_linear_stillness,1.39497,0.0543321855,0.0377326719,0.0390692279,0.0121188406,0.04978682,0.05,0.02,0.2,0.08726646,0.17453292,0.17453292,-0.007646598,-0.0305325072,-0.0305325072,false,0.05489044,0.06525174,0.04722844,0.078408666,0.03124451,576.9134,0.288355768,abdomen,twist_x,0.008325325,NA,NA,NA,true,-0.0674325153,1.2471962,-0.10374026,-0.04794443,-0.00542851,-0.000520475267,8.23140144E-05,0,-0.009653322,-0.154849112,0.135542467,-0.178988039,0.179152668,true,-0.08750909,0,-0.108936585
140,796,7.96,LOCKOUT,0,None,false,true,0.330241442,0.326777816,0.330241442,99,404,418,false,false,NONE,-0.0753288,1.39386261,-0.154172659,0.998901248,-0.0352184922,-0.004724071,0.0305556059,-0.052665934,0.00502243638,0.0015606141,-0.007400741,0.0319181643,0.01857604,true,true,8,true,true,0.0172788054,0.00173964829,0.2392753,0.05111628,0.1110867,0.247054011,0.9084492,right_upper_arm,true,0.00344664347,0,0.2842151,0.872778833,false,false,bar_linear_stillness,1.39497,0.0529278852,0.0376644321,0.03915457,0.0119803343,0.04983469,0.05,0.02,0.2,0.08726646,0.17453292,0.17453292,-0.007649258,-0.0303474125,-0.0303474125,false,0.0547261126,0.06534088,0.0473689474,0.07843597,0.0312738456,576.1358,0.287967116,abdomen,twist_x,0.008491902,NA,NA,NA,true,-0.06790134,1.24716806,-0.103732832,-0.04672992,-0.00506231654,-6.33521E-05,8.23140144E-05,0,-0.009653322,-0.154849112,0.135542467,-0.178988039,0.179152668,true,-0.0879129842,0,-0.1089529
140,797,7.97,LOCKOUT,0,None,false,true,0.3302496,0.3267691,0.3302496,99,404,418,false,false,NONE,-0.07584387,1.39382458,-0.15417552,0.9988948,-0.03535141,-0.00456082,0.03063706,-0.0512990467,0.00540331,0.002164389,-0.00588444062,0.03301469,0.0172636434,true,true,8,true,true,0.0124963848,0.00172166759,0.239268064,0.0511235073,0.110626981,0.247513726,0.9084941,right_upper_arm,true,0.00344634615,0,0.284190863,0.873435736,false,false,bar_linear_stillness,1.39497,0.0516282134,0.0377177633,0.03942765,0.012000219,0.0499875657,0.05,0.02,0.2,0.08726646,0.17453292,0.17453292,-0.00765170157,-0.0301428139,-0.0301428139,false,0.0544892959,0.06561184,0.0473891571,0.07857376,0.0312977359,577.899841,0.288848817,abdomen,twist_x,0.008329604,NA,NA,NA,true,-0.06836106,1.24714458,-0.103725605,-0.0454447679,-0.00471705,0.0004501544,8.23140144E-05,0,-0.009653322,-0.154849112,0.135542467,-0.178988039,0.179152668,true,-0.08811252,0,-0.108698405
140,798,7.98,LOCKOUT,0,None,false,true,0.330266654,0.326746166,0.330266654,99,404,418,false,false,NONE,-0.07634493,1.39378989,-0.154171348,0.9988888,-0.0354781039,-0.00439218944,0.0307119023,-0.0499108434,0.005772859,0.00281346915,-0.003860743,0.03409539,0.0159594454,true,true,8,true,true,0.0174854733,0.0015425178,0.239251122,0.051353097,0.110183336,0.2477622,0.9085346,right_upper_arm,true,0.00344602973,0,0.284142882,0.873429358,false,false,bar_linear_stillness,1.39497,0.050322298,0.0378431641,0.03950015,0.0118603278,0.05001618,0.05,0.02,0.2,0.08726646,0.17453292,0.17453292,-0.00764427334,-0.0299348868,-0.0299348868,false,0.0543016642,0.06568031,0.04750552,0.0785871446,0.0313216038,576.732056,0.288265139,abdomen,twist_x,0.008493581,NA,NA,NA,true,-0.0688047,1.24712193,-0.103708655,-0.04421219,-0.004509044,0.0008920999,-1.526624E-05,0,-0.009759642,-0.155061752,0.135542467,-0.178988039,0.1789575,true,-0.08867869,0,-0.108778924
140,799,7.99,LOCKOUT,0,None,false,true,0.330272079,0.326738536,0.330272079,99,404,418,false,false,NONE,-0.076832816,1.39375865,-0.154162,0.9988834,-0.03559099,-0.00421799626,0.0307801254,-0.0485835262,0.00609550625,0.00338118686,-0.00192556775,0.03516922,0.014674888,true,true,8,true,true,0.0126766749,0.00166687183,0.239234611,0.0513696074,0.109748684,0.24819687,0.9085703,right_upper_arm,true,0.0034449927,0,0.2840651,0.8735165,false,false,bar_linear_stillness,1.39497,0.04908102,0.0381567068,0.0397408679,0.0118804127,0.0501494855,0.05,0.02,0.2,0.08726646,0.17453292,0.17453292,-0.00753072649,-0.0292896852,-0.0292896852,false,0.05364528,0.06592187,0.0474321432,0.07866608,0.0313087329,577.8907,0.288844228,abdomen,twist_x,0.00833043,NA,NA,NA,true,-0.0692393556,1.24710286,-0.103692144,-0.04293383,-0.00424801046,0.00137541338,-1.526624E-05,0,-0.009759642,-0.155061752,0.135542467,-0.178988039,0.1789575,true,-0.08883283,0,-0.108331136
140,800,8,LOCKOUT,0,None,false,true,0.330293536,0.326711655,0.330293536,99,404,418,false,false,NONE,-0.07730676,1.39372993,-0.154146016,0.9988785,-0.035695903,-0.00403847126,0.03084191,-0.0472076051,0.00638704,0.003989242,0.0003334923,0.0362261571,0.0134027479,true,true,8,true,true,0.0177206788,0.0016036462,0.239208758,0.0513954535,0.109329984,0.248615563,0.908602953,right_upper_arm,true,0.00344383484,0,0.283949763,0.872765,false,false,bar_linear_stillness,1.39497,0.04780446,0.038627442,0.0397828445,0.0117593864,0.0501494855,0.05,0.02,0.2,0.08726646,0.17453292,0.17453292,-0.00751377642,-0.0290504415,-0.0290504415,false,0.0534047075,0.06596522,0.0475390963,0.078653276,0.03132673,576.6795,0.288238853,abdomen,twist_x,0.008494282,NA,NA,NA,true,-0.0696580559,1.247085,-0.1036663,-0.0417240076,-0.004059579,0.00178259215,-1.526624E-05,0,-0.009759642,-0.155061752,0.135542467,-0.178988039,0.1789575,true,-0.08927835,0,-0.108365923
140,801,8.01,LOCKOUT,0,None,false,true,0.330302536,0.326701343,0.330302536,99,404,418,false,false,NONE,-0.07776793,1.39370477,-0.154125154,0.998874247,-0.03578746,-0.00385354226,0.0308972262,-0.04590466,0.00668963045,0.00453744456,0.00252535124,0.0372754931,0.0121510522,true,true,8,true,true,0.0127910906,0.00166264386,0.2391834,0.0514208153,0.108920127,0.249025419,0.9086248,right_upper_arm,true,0.003443997,0,0.2839739,0.871977448,false,false,bar_linear_stillness,1.39497,0.0466109142,0.0392872468,0.0400099456,0.0117593864,0.0502729565,0.05,0.02,0.2,0.08726646,0.17453292,0.17453292,-0.007497266,-0.0287967324,-0.0287967324,false,0.05315735,0.06618879,0.0475078821,0.078752175,0.0313393548,578.0012,0.288899481,abdomen,twist_x,0.00833354052,NA,NA,NA,true,-0.07006791,1.247069,-0.103640936,-0.04044359,-0.00389836729,0.00225363625,-1.526624E-05,0,-0.009759642,-0.155061752,0.135542467,-0.178988039,0.1789575,true,-0.08947339,0,-0.108108774
140,802,8.02,LOCKOUT,0,None,false,true,0.330317378,0.326679,0.330317378,99,404,418,false,false,NONE,-0.0782151446,1.39368117,-0.154097751,0.9988705,-0.03586943,-0.00366334,0.0309462845,-0.0445374735,0.00691369176,0.005130527,0.00492442446,0.03830624,0.0109129921,true,true,8,true,true,0.017915396,0.00164411624,0.23914893,0.05145529,0.108526185,0.249419361,0.9086465,right_upper_arm,true,0.00344285858,0,0.283858329,0.870517254,false,false,bar_linear_stillness,1.39497,0.0453619659,0.04013367,0.0400337763,0.0116371019,0.0502634719,0.05,0.02,0.2,0.08726646,0.17453292,0.17453292,-0.00747142,-0.0285362843,-0.0285362843,false,0.0529064052,0.06621439,0.04758636,0.07872181,0.0313485,576.7052,0.2882517,abdomen,twist_x,0.008497848,NA,NA,NA,true,-0.0704618543,1.24705422,-0.103606462,-0.0392461047,-0.00376242353,0.00264073443,-1.526624E-05,0,-0.009759642,-0.155061752,0.135542467,-0.178988039,0.1789575,true,-0.0898591,0,-0.108126566
140,803,8.03,LOCKOUT,0,None,false,true,0.330325246,0.326668143,0.330325246,99,404,418,false,false,NONE,-0.07864971,1.39366078,-0.1540656,0.9988674,-0.0359381847,-0.00346787,0.030989049,-0.0432418734,0.0071651414,0.005664764,0.00715273945,0.03932856,0.009696789,true,true,8,true,true,0.0129415812,0.00170223566,0.239115119,0.0514891,0.108141012,0.249804527,0.9086597,right_upper_arm,true,0.003442914,0,0.2838725,0.868923962,false,false,bar_linear_stillness,1.39497,0.04419602,0.0411330163,0.04024169,0.0116575714,0.0503677242,0.05,0.02,0.2,0.08726646,0.17453292,0.17453292,-0.007446058,-0.0282527432,-0.0282527432,false,0.05263759,0.06642092,0.04753082,0.07880341,0.03135219,577.9025,0.288850158,abdomen,twist_x,0.008338931,NA,NA,NA,true,-0.07084703,1.247041,-0.103572652,-0.0379735641,-0.00364464265,0.00309544965,-1.526624E-05,0,-0.009759642,-0.155061752,0.135542467,-0.178988039,0.1789575,true,-0.09003467,0,-0.10785646
140,804,8.0400000000000009,LOCKOUT,0,None,false,true,0.330337584,0.3266464,0.330337584,99,404,418,false,false,NONE,-0.07907038,1.39364147,-0.154027045,0.9988648,-0.0359975733,-0.003267264,0.0310257412,-0.0418804362,0.00734448433,0.00624081,0.009495379,0.04033195,0.008495585,true,true,8,true,true,0.0181124043,0.00168968842,0.239072368,0.05153185,0.10777168,0.250173867,0.9086748,right_upper_arm,true,0.003441779,0,0.283757746,0.8666176,false,false,bar_linear_stillness,1.39497,0.04297511,0.04229661,0.04025354,0.0115135182,0.05033931,0.05,0.02,0.2,0.08726646,0.17453292,0.17453292,-0.00741158426,-0.0279663932,-0.0279663932,false,0.0523649156,0.06643029,0.0475899,0.07875669,0.0313535072,576.523865,0.288161069,abdomen,twist_x,0.00850389153,NA,NA,NA,true,-0.07121636,1.24702823,-0.1035299,-0.0367835052,-0.00353722228,0.00346815982,-1.526624E-05,0,-0.009759642,-0.155061752,0.135542467,-0.178988039,0.1789575,true,-0.0903924555,0,-0.107862107
140,805,8.05,LOCKOUT,0,None,false,true,0.330343843,0.3266359,0.330343843,99,404,418,false,false,NONE,-0.079478465,1.393625,-0.153983936,0.9988628,-0.03604441,-0.00306154042,0.0310563259,-0.0405895822,0.00755944848,0.006755597,0.0115860347,0.041326683,0.0073175244,true,true,8,true,true,0.0130932266,0.00175659976,0.239030361,0.0515738577,0.107411042,0.2505345,0.9086825,right_upper_arm,true,0.003441715,0,0.283763468,0.8641447,false,false,bar_linear_stillness,1.39497,0.041836556,0.0435393751,0.04044264,0.0115342075,0.05043396,0.05,0.02,0.2,0.08726646,0.17453292,0.17453292,-0.00737777352,-0.0276561826,-0.0276561826,false,0.05207165,0.0666209,0.04751716,0.07882254,0.03135036,577.6195,0.2887087,abdomen,twist_x,0.008346488,NA,NA,NA,true,-0.071577,1.247017,-0.103487894,-0.0355171673,-0.00343554071,0.00391273247,-1.526624E-05,0,-0.009759642,-0.155061752,0.135542467,-0.178988039,0.1789575,true,-0.09054296,0,-0.107579961
140,806,8.06,LOCKOUT,0,None,false,true,0.330355048,0.326614618,0.330355048,99,404,418,false,false,NONE,-0.079872705,1.3936094,-0.153934658,0.9988613,-0.0360828936,-0.00285084359,0.031081032,-0.0392324366,0.00770883262,0.00730970548,0.0137149962,0.042302303,0.006155413,true,true,8,true,true,0.01830622,0.00175020087,0.238979548,0.0516246781,0.107066177,0.250879377,0.9086926,right_upper_arm,true,0.00344057614,0,0.2836507,0.860971749,false,false,bar_linear_stillness,1.39497,0.04064532,0.0448940434,0.0404308476,0.011409509,0.050396122,0.05,0.02,0.2,0.08726646,0.17453292,0.17453292,-0.007335022,-0.0273430757,-0.0273430757,false,0.0517735332,0.06661478,0.0475596562,0.07876145,0.03134568,576.1896,0.287993968,abdomen,twist_x,0.008511076,NA,NA,NA,true,-0.07192186,1.24700654,-0.103437074,-0.03433341,-0.00333407125,0.004276913,-1.526624E-05,0,-0.009759642,-0.155061752,0.135542467,-0.178988039,0.1789575,true,-0.090875484,0,-0.1075764
140,807,8.07,LOCKOUT,0,None,false,true,0.330360055,0.326604545,0.330360055,99,404,418,false,false,NONE,-0.0802544,1.39359641,-0.153881058,0.9988603,-0.03611023,-0.002635205,0.0310998242,-0.03794515,0.00790447,0.00780060655,0.0155284936,0.0432690047,0.00501722051,true,true,8,true,true,0.0132424831,0.00182394346,0.23892948,0.05167473,0.106729932,0.2512156,0.9086962,right_upper_arm,true,0.00344063016,0,0.283668041,0.857644141,false,false,bar_linear_stillness,1.39497,0.03953688,0.0462440625,0.0406132527,0.0114303865,0.05047649,0.05,0.02,0.2,0.08726646,0.17453292,0.17453292,-0.00729301572,-0.0270047653,-0.0270047653,false,0.05145292,0.0667899549,0.04747109,0.078814216,0.0313374922,577.2144,0.2885062,abdomen,twist_x,0.008354477,NA,NA,NA,true,-0.07225811,1.24699736,-0.103387021,-0.033072345,-0.00323264161,0.00471597072,-1.526624E-05,0,-0.009759642,-0.155061752,0.135542467,-0.178988039,0.1789575,true,-0.0910054,0,-0.107283
140,808,8.08,LOCKOUT,0,None,false,true,0.330370069,0.326583326,0.330370069,99,404,418,false,false,NONE,-0.08062229,1.39358413,-0.153821558,0.9988597,-0.03613085,-0.00241477881,0.03111294,-0.03659184,0.00804273,0.008328306,0.0173357874,0.0442162268,0.00389560545,true,true,8,true,true,0.0184955057,0.00182166207,0.23887071,0.0517335162,0.106409445,0.2515361,0.908702135,right_upper_arm,true,0.0034397277,0,0.283576876,0.8536456,false,false,bar_linear_stillness,1.39497,0.0383797958,0.0476527028,0.0405897647,0.0113045434,0.0504292324,0.05,0.02,0.2,0.08726646,0.17453292,0.17453292,-0.00724219531,-0.0266634226,-0.0266634226,false,0.05112662,0.0667691752,0.0474982262,0.07874213,0.03132863,575.7634,0.28778097,abdomen,twist_x,0.008517905,NA,NA,NA,true,-0.0725785941,1.24698877,-0.103328235,-0.03189389,-0.00312703243,0.00507479068,-1.526624E-05,0,-0.009759642,-0.155061752,0.135542467,-0.178988039,0.1789575,true,-0.0913148746,0,-0.107269175
140,809,8.09,LOCKOUT,0,None,false,true,0.330373824,0.3265738,0.330373824,99,404,418,false,false,NONE,-0.08097767,1.39357436,-0.153757975,0.9988596,-0.0361420438,-0.00218960037,0.0311203413,-0.0353079177,0.008225754,0.008794008,0.0187979452,0.04515401,0.00279840082,true,true,8,true,true,0.013386663,0.00189960771,0.238812685,0.0517915264,0.106097527,0.251848,0.908701956,right_upper_arm,true,0.00344001874,0,0.283615649,0.849545,false,false,bar_linear_stillness,1.39497,0.03730478,0.0489905924,0.0407422073,0.0113256145,0.050504826,0.05,0.02,0.2,0.08726646,0.17453292,0.17453292,-0.00719214231,-0.0262957867,-0.0262957867,false,0.0507764556,0.06692986,0.0473957136,0.07878456,0.03131662,576.7288,0.2882635,abdomen,twist_x,0.008360922,NA,NA,NA,true,-0.07289051,1.24698174,-0.103270225,-0.03063699,-0.0030240356,0.005509316,-1.526624E-05,0,-0.009759642,-0.155061752,0.135542467,-0.178988039,0.1789575,true,-0.09142685,0,-0.10696388
140,810,8.1,LOCKOUT,0,None,false,true,0.330382884,0.326553226,0.330382884,99,404,418,false,false,NONE,-0.08131928,1.39356518,-0.153688744,0.998859763,-0.036148306,-0.00195982913,0.0311222654,-0.03395748,0.008351758,0.009296382,0.0202394966,0.0460718423,0.00171815662,true,true,8,true,true,0.018683888,0.0018999069,0.238746017,0.0518581942,0.105801307,0.252144247,0.90870446,right_upper_arm,true,0.00343923387,0,0.283535957,0.8448453,false,false,bar_linear_stillness,1.39497,0.0361840464,0.0503508076,0.0407129377,0.0111985933,0.0504528657,0.05,0.02,0.2,0.08726646,0.17453292,0.17453292,-0.007133357,-0.0259253774,-0.0259253774,false,0.0504205748,0.06689567,0.0474094972,0.0787039846,0.0313044228,575.267,0.287532866,abdomen,twist_x,0.008522218,NA,NA,NA,true,-0.07318673,1.24697518,-0.103203557,-0.0294627752,-0.00292177452,0.005861768,-1.526624E-05,0,-0.009759642,-0.155061752,0.135542467,-0.178988039,0.1789575,true,-0.0917190239,0,-0.106939562
140,811,8.11,LOCKOUT,0,None,false,true,0.330385864,0.326544166,0.330385864,99,404,418,false,false,NONE,-0.0816483945,1.39355826,-0.153615668,0.998860359,-0.0361469947,-0.00172550534,0.0311186854,-0.0326752439,0.00851738453,0.009738535,0.0213372856,0.0469796024,0.0006627148,true,true,8,true,true,0.0135230776,0.00198123953,0.238680184,0.0519240424,0.10551364,0.2524319,0.9087011,right_upper_arm,true,0.0034394057,0,0.283566117,0.8400983,false,false,bar_linear_stillness,1.39497,0.03514337,0.051602345,0.04085909,0.0112198647,0.05051899,0.05,0.02,0.2,0.08726646,0.17453292,0.17453292,-0.007075347,-0.02552838,-0.02552838,false,0.0500398874,0.06704329,0.0472952724,0.07873867,0.03128958,576.184448,0.2879914,abdomen,twist_x,0.008364944,NA,NA,NA,true,-0.0734744,1.24697,-0.103137709,-0.0282087158,-0.002824457,0.00628984673,-1.526624E-05,0,-0.009759642,-0.155061752,0.135542467,-0.178988039,0.1789575,true,-0.09181518,0,-0.106620245
140,812,8.120000000000001,LOCKOUT,0,None,false,true,0.3303942,0.326524317,0.3303942,99,404,418,false,false,NONE,-0.08196376,1.39355183,-0.1535372,0.9988612,-0.0361425281,-0.00148678955,0.03110984,-0.03132651,0.008623429,0.0102164671,0.0224314667,0.0478668176,-0.000375482661,true,true,8,true,true,0.0188634954,0.00198293081,0.2386058,0.05199842,0.105241641,0.2527039,0.908700943,right_upper_arm,true,0.00343850115,0,0.2834778,0.8348305,false,false,bar_linear_stillness,1.39497,0.0340600945,0.0528634451,0.0408123769,0.0111131072,0.0504623167,0.05,0.02,0.2,0.08726646,0.17453292,0.17453292,-0.007008679,-0.02512962,-0.02512962,false,0.0496536568,0.06699744,0.047297962,0.0786523744,0.0312751532,574.723633,0.287261277,abdomen,twist_x,0.008523617,NA,NA,NA,true,-0.0737464,1.24696541,-0.10306333,-0.0270375255,-0.00273088459,0.00663379068,-1.526624E-05,0,-0.009759642,-0.155061752,0.135542467,-0.178988039,0.1789575,true,-0.0920873657,0,-0.10658367
140,813,8.13,LOCKOUT,0,None,false,true,0.330396235,0.326516151,0.330396235,99,404,418,false,false,NONE,-0.08226664,1.39354742,-0.153455108,0.9988623,-0.03613214,-0.0012437203,0.0310956966,-0.030044673,0.00876487,0.0106355827,0.0231957044,0.04874327,-0.00138865877,true,true,8,true,true,0.01364815,0.00206710328,0.238532275,0.05207195,0.104978181,0.252967358,0.9086949,right_upper_arm,true,0.00343855447,0,0.283498973,0.829585731,false,false,bar_linear_stillness,1.39497,0.0330548175,0.0539988466,0.0409523472,0.0111131072,0.05052371,0.05,0.02,0.2,0.08726646,0.17453292,0.17453292,-0.006942831,-0.0247044768,-0.0247044768,false,0.04924245,0.06713333,0.04717449,0.0786817148,0.0312583521,575.6013,0.287699968,abdomen,twist_x,0.00836604647,NA,NA,NA,true,-0.07400986,1.246962,-0.1029898,-0.02578502,-0.00264724,0.00705294637,-1.526624E-05,0,-0.009759642,-0.155061752,0.135542467,-0.178988039,0.1789575,true,-0.09216909,0,-0.106251031
140,814,8.14,LOCKOUT,0,None,false,true,0.330403864,0.326496959,0.330403864,99,404,418,false,false,NONE,-0.08255578,1.39354312,-0.153367847,0.998863637,-0.03612006,-0.0009964566,0.0310765,-0.02869591,0.008838765,0.0110907806,0.023976896,0.04959861,-0.00238442258,true,true,8,true,true,0.0190333053,0.00207134732,0.238450363,0.0521538556,0.10473039,0.253215164,0.9086921,right_upper_arm,true,0.00343752955,0,0.2834019,0.823917747,false,false,bar_linear_stillness,1.39497,0.03200913,0.0551416278,0.0408999138,0.0110053141,0.0504717678,0.05,0.02,0.2,0.08726646,0.17453292,0.17453292,-0.006868452,-0.0242788736,-0.0242788736,false,0.048826687,0.0670775548,0.047168158,0.078591615,0.03124201,574.148438,0.286973774,abdomen,twist_x,0.008521521,NA,NA,NA,true,-0.07425765,1.24695885,-0.102907896,-0.02461554,-0.00257381145,0.007385425,-1.526624E-05,0,-0.009759642,-0.155061752,0.135542467,-0.178988039,0.1789575,true,-0.0924252644,0,-0.106202982
140,815,8.15,LOCKOUT,0,None,false,true,0.330405474,0.32648927,0.330405474,99,404,418,false,false,NONE,-0.08283242,1.39354062,-0.153277189,0.998865247,-0.0361036137,-0.0007450422,0.0310522262,-0.0274130777,0.008948736,0.0114870043,0.0244594626,0.0504424833,-0.003354986,true,true,8,true,true,0.01376041,0.00215657149,0.23836939,0.05223483,0.10449113,0.253454417,0.9086839,right_upper_arm,true,0.0034375824,0,0.2834239,0.818315566,false,false,bar_linear_stillness,1.39497,0.0310404245,0.0561601743,0.0410221554,0.0110053141,0.0505378656,0.05,0.02,0.2,0.08726646,0.17453292,0.17453292,-0.006794922,-0.0238271654,-0.0238271654,false,0.048385378,0.06720319,0.047037445,0.0786177441,0.031224085,574.9933,0.287396044,abdomen,twist_x,0.008364299,NA,NA,NA,true,-0.07449691,1.24695671,-0.102826923,-0.0233631469,-0.00251092762,0.007793102,-1.526624E-05,0,-0.009759642,-0.155061752,0.135542467,-0.178988039,0.1789575,true,-0.09249002,0,-0.105856381
140,816,8.16,LOCKOUT,0,None,false,true,0.3304125,0.326471031,0.3304125,99,404,418,false,false,NONE,-0.0830953047,1.39353788,-0.153181612,0.998866856,-0.03608665,-0.0004896281,0.0310231112,-0.0260634478,0.008986555,0.0119179264,0.0249805432,0.05126467,-0.00430806028,true,true,8,true,true,0.0191888344,0.00216319738,0.2382802,0.0523240045,0.104267508,0.253678024,0.908679247,right_upper_arm,true,0.0034362,0,0.2832979,0.8123869,false,false,bar_linear_stillness,1.39497,0.0300349537,0.0571896248,0.04095817,0.0108964555,0.05047649,0.05,0.02,0.2,0.08726646,0.17453292,0.17453292,-0.006713018,-0.0233766045,-0.0233766045,false,0.0479409322,0.0671390146,0.0470238328,0.0785258,0.0312067531,573.5647,0.286682,abdomen,twist_x,0.008516572,NA,NA,NA,true,-0.07472053,1.24695456,-0.102737747,-0.0221940521,-0.00246218638,0.008112031,-1.526624E-05,0,-0.009759642,-0.155061752,0.135542467,-0.178988039,0.1789575,true,-0.0927274749,0,-0.105796859
140,817,8.17,LOCKOUT,0,None,false,true,0.33041358,0.3264644,0.33041358,99,404,418,false,false,NONE,-0.083345674,1.39353645,-0.153082862,0.998868763,-0.0360665619,-0.000230262274,0.0309891365,-0.0247780513,0.00906006247,0.0122911744,0.02522553,0.0520746857,-0.00523582846,true,true,8,true,true,0.0138591994,0.00225013215,0.238192052,0.0524121672,0.104052462,0.253893077,0.9086693,right_upper_arm,true,0.00343625317,0,0.283320427,0.8065649,false,false,bar_linear_stillness,1.39497,0.0291051455,0.0580991767,0.0410744362,0.0108964555,0.0505378656,0.05,0.02,0.2,0.08726646,0.17453292,0.17453292,-0.006632045,-0.0229002647,-0.0229002647,false,0.0474706441,0.0672555938,0.04688768,0.0785500258,0.031188298,574.384338,0.287091672,abdomen,twist_x,0.008360168,NA,NA,NA,true,-0.07493558,1.24695337,-0.102649584,-0.0209405143,-0.00242421124,0.00850603,-1.526624E-05,0,-0.009759642,-0.155061752,0.135542467,-0.178988039,0.1789575,true,-0.09277686,0,-0.105437018
140,818,8.18,LOCKOUT,0,None,false,true,0.3304205,0.326447129,0.3304205,99,404,418,false,false,NONE,-0.0835822746,1.39353454,-0.152979463,0.9988707,-0.0360470563,3.2904918E-05,0.0309505425,-0.0234264489,0.00906612,0.01269641,0.0255285632,0.052862525,-0.006146058,true,true,8,true,true,0.0193290636,0.002258887,0.238095939,0.0525082871,0.103853047,0.2540925,0.9086633,right_upper_arm,true,0.003434987,0,0.2832052,0.8004744,false,false,bar_linear_stillness,1.39497,0.0281459037,0.05902481,0.0410047174,0.0107643725,0.0504906625,0.05,0.02,0.2,0.08726646,0.17453292,0.17453292,-0.006542869,-0.0224265531,-0.0224265531,false,0.0469981581,0.06718477,0.0468681976,0.07845856,0.0311707966,572.9968,0.286398172,abdomen,twist_x,0.008509248,NA,NA,NA,true,-0.07513499,1.2469517,-0.102553464,-0.0197706,-0.00239926041,0.008809816,-1.526624E-05,0,-0.009759642,-0.155061752,0.135542467,-0.178988039,0.1789575,true,-0.09299347,0,-0.105365239
140,819,8.19,LOCKOUT,0,None,false,true,0.330421269,0.32644105,0.330421269,99,404,418,false,false,NONE,-0.08380632,1.39353359,-0.152873114,0.998872757,-0.0360253826,0.000299827923,0.0309073068,-0.0221376959,0.009104349,0.0130452532,0.02557392,0.05363755,-0.00703095924,true,true,8,true,true,0.0139425863,0.00234803557,0.23800087,0.05260335,0.10366226,0.254283279,0.908652,right_upper_arm,true,0.00343504129,0,0.283228,0.7945456,false,false,bar_linear_stillness,1.39497,0.0272606928,0.05983683,0.04111505,0.0107643725,0.050547298,0.05,0.02,0.2,0.08726646,0.17453292,0.17453292,-0.006454706,-0.0219274312,-0.0219274312,false,0.046499867,0.0672934651,0.046728164,0.07848235,0.0311522782,573.795654,0.286797434,abdomen,twist_x,0.008353937,NA,NA,NA,true,-0.07532578,1.24695051,-0.1024584,-0.0185148157,-0.00238506845,0.009188488,-1.526624E-05,0,-0.009759642,-0.155061752,0.135542467,-0.178988039,0.1789575,true,-0.0930255055,0,-0.104993157
140,820,8.2,LOCKOUT,0,None,false,true,0.330427527,0.326424956,0.330427527,99,404,418,false,false,NONE,-0.08401658,1.3935318,-0.152762383,0.998874843,-0.03600517,0.0005703549,0.0308596715,-0.0207834877,0.009077795,0.0134249134,0.0256935563,0.0543898679,-0.007898295,true,true,8,true,true,0.0194559116,0.00235773576,0.2378981,0.0527061224,0.1034871,0.254458457,0.908644438,right_upper_arm,true,0.00343377353,0,0.28311348,0.7884033,false,false,bar_linear_stillness,1.39497,0.0263550375,0.0606695935,0.04103378,0.0106530525,0.0505001061,0.05,0.02,0.2,0.08726646,0.17453292,0.17453292,-0.00635858625,-0.0214324761,-0.0214324761,false,0.046000503,0.06721711,0.0467041433,0.0783925354,0.0311350916,572.45874,0.2861292,abdomen,twist_x,0.008499681,NA,NA,NA,true,-0.07550094,1.24694884,-0.102355629,-0.0173430741,-0.0023825625,0.009475453,-1.526624E-05,0,-0.009759642,-0.155061752,0.135542467,-0.178988039,0.1789575,true,-0.09321968,0,-0.104909904
140,821,8.21,LOCKOUT,0,None,false,true,0.330427885,0.32641983,0.330427885,99,404,418,false,false,NONE,-0.08421424,1.39353073,-0.152648941,0.998877048,-0.0359836742,0.0008444387,0.0308076162,-0.0194903612,0.00908687,0.0137485461,0.02557384,0.05512876,-0.00874036,true,true,8,true,true,0.0140127409,0.00244895136,0.237796485,0.052807726,0.103320614,0.254624933,0.9086323,right_upper_arm,true,0.0034337088,0,0.283126622,0.782447457,false,false,bar_linear_stillness,1.39497,0.02552387,0.06139703,0.04113824,0.0106306477,0.0505661666,0.05,0.02,0.2,0.08726646,0.17453292,0.17453292,-0.00626352429,-0.0209123567,-0.0209123567,false,0.0454752631,0.06731911,0.0465614721,0.0784174353,0.0311171412,573.249,0.2865242,abdomen,twist_x,0.008345998,NA,NA,NA,true,-0.075667426,1.24694765,-0.102254026,-0.0160840973,-0.00238782121,0.009837365,-1.526624E-05,0,-0.009759642,-0.155061752,0.135542467,-0.178988039,0.1789575,true,-0.09323556,0,-0.104525477
140,822,8.22,LOCKOUT,0,None,false,true,0.330434144,0.32640475,0.330434144,99,404,418,false,false,NONE,-0.08439808,1.39352846,-0.1525314,0.9988792,-0.0359643325,0.00112192926,0.0307513811,-0.0181327648,0.009034425,0.0141010759,0.0255448129,0.0558444746,-0.009564886,true,true,8,true,true,0.01956745,0.00246106647,0.237687424,0.052916795,0.103169762,0.2547758,0.908623755,right_upper_arm,true,0.003432677,0,0.2830325,0.776332736,false,false,bar_linear_stillness,1.39497,0.0246831588,0.0621500574,0.04105121,0.010517912,0.05052371,0.05,0.02,0.2,0.08726646,0.17453292,0.17453292,-0.006160751,-0.02039795,-0.02039795,false,0.04495018,0.06723855,0.0465339534,0.0783307254,0.0311007444,571.9688,0.285884321,abdomen,twist_x,0.008488053,NA,NA,NA,true,-0.07581828,1.24694562,-0.102144957,-0.0149096847,-0.00240358617,0.0101062218,-1.526624E-05,0,-0.009759642,-0.155061752,0.135542467,-0.178988039,0.1789575,true,-0.09340617,0,-0.104431339
140,823,8.23,LOCKOUT,0,None,false,true,0.330434382,0.326400757,0.330434382,99,404,418,false,false,NONE,-0.08456928,1.39352667,-0.152411416,0.9988814,-0.03594448,0.00140277587,0.0306909438,-0.0168344676,0.009025745,0.0143975383,0.0252847224,0.0565461963,-0.010364214,true,true,8,true,true,0.0140693523,0.00255287532,0.237579629,0.05302459,0.103027657,0.2549179,0.908610761,right_upper_arm,true,0.00343285035,0,0.283065468,0.770413,false,false,bar_linear_stillness,1.39497,0.023919709,0.06280292,0.0411556251,0.0104952194,0.0505944528,0.05,0.02,0.2,0.08726646,0.17453292,0.17453292,-0.00605914742,-0.0198587943,-0.0198587943,false,0.0443992727,0.06733492,0.046389848,0.07835816,0.0310839955,572.759033,0.286279321,abdomen,twist_x,0.008336371,NA,NA,NA,true,-0.07596038,1.24694383,-0.102037162,-0.0136468122,-0.00242128316,0.0104500381,-1.526624E-05,0,-0.009759642,-0.155061752,0.135542467,-0.178988039,0.1789575,true,-0.09340424,0,-0.104034781
140,824,8.24,LOCKOUT,0,None,false,true,0.330440283,0.32638675,0.330440283,99,404,418,false,false,NONE,-0.0847266242,1.39352369,-0.152287632,0.998883545,-0.0359273739,0.00168683077,0.03062655,-0.015472848,0.008958511,0.014721713,0.0251259971,0.0572243072,-0.0111460658,true,true,8,true,true,0.0196669083,0.00256728684,0.237464637,0.05313959,0.102901191,0.255044341,0.9086016,right_upper_arm,true,0.00343169877,0,0.282961845,0.7643827,false,false,bar_linear_stillness,1.39497,0.0231601559,0.06348363,0.0410744362,0.0103580207,0.050552018,0.05,0.02,0.2,0.08726646,0.17453292,0.17453292,-0.00595007837,-0.0193268377,-0.0193268377,false,0.0438498,0.06725147,0.0463598855,0.0782760456,0.0310689,571.5476,0.2856738,abdomen,twist_x,0.008474934,NA,NA,NA,true,-0.07608685,1.24694121,-0.101922162,-0.0124688838,-0.00244614482,0.0106996149,-1.526624E-05,0,-0.009759642,-0.155061752,0.135542467,-0.178988039,0.1789575,true,-0.09355116,0,-0.103929669
140,825,8.25,LOCKOUT,0,None,false,true,0.330440342,0.32638377,0.330440342,99,404,418,false,true,PHYSICAL_LOCKOUT_NOT_REACHED,-0.08487126,1.39352107,-0.152161658,0.998885751,-0.0359103642,0.00197404088,0.0305581782,-0.0141690494,0.008935638,0.0149919586,0.0247537289,0.05788781,-0.0119028026,true,true,8,true,true,0.0141135445,0.00266103912,0.23735103,0.05325319,0.102783568,0.255161971,0.9085883,right_upper_arm,true,0.0034318734,0,0.282994777,0.758565,false,false,bar_linear_stillness,1.39497,0.0224803556,0.06407357,0.041161418,0.0103580207,0.05062743,0.05,0.02,0.2,0.08726646,0.17453292,0.17453292,-0.00584228337,-0.0187705364,-0.0187705364,false,0.04327458,0.06734318,0.04621552,0.07830682,0.0310536213,572.33606,0.2860679,abdomen,twist_x,0.008325252,NA,NA,NA,true,-0.07620447,1.24693859,-0.101808563,-0.0112010837,-0.002469858,0.011023839,-1.526624E-05,0,-0.009759642,-0.155061752,0.135542467,-0.178988039,0.1789575,true,-0.09353214,0,-0.103522532
