load_kg,tick,time_s,phase,direction,legal_depth,legal_depth_reached,depth_left_m,depth_right_m,worst_side_depth_m,descent_tick,reversal_tick,ascent_tick,lockout,physical_failure,physical_failure_reason,bar_y_m,bar_vx_mps,bar_vy_mps,bar_vz_mps,support_available,support_present,support_contact_count,left_foot_contact,right_foot_contact,left_foot_slip_mps,right_foot_slip_mps,ap_front_margin_m,ap_rear_margin_m,ml_left_margin_m,ml_right_margin_m,joint_limit_proximity,worst_limit_joint,saddle_attached,saddle_separation_m,saddle_initial_anchor_error_m,saddle_linear_limit_occupancy,saddle_relative_rotation_deg,saddle_is_broken,lockout_qualified,lockout_failed_predicates,lockout_reference_bar_y_m,lockout_bar_linear_speed_mps,lockout_bar_angular_speed_rad_s,lockout_max_knee_angle_rad,lockout_max_hip_angle_rad,lockout_max_local_trunk_angle_rad,lockout_height_tolerance_m,lockout_bar_speed_tolerance_mps,lockout_bar_angular_speed_tolerance_rad_s,lockout_knee_tolerance_rad,lockout_hip_tolerance_rad,lockout_trunk_tolerance_rad
60,1,0.01,SETUP,None,false,false,0.3288002,0.3288002,0.3288002,NA,NA,NA,false,false,NONE,1.41360116,0.000465484278,-0.04066823,0.0473615378,true,true,8,true,true,0.0008216259,0.000693459529,0.208534941,0.08146508,0.179305375,0.179304913,0.0619556569,right_forearm,true,0.0004343831,0,0.0284957439,0.04946993,false,false,bar_linear_stillness,1.41360116,0.0624278523,0.113440111,0,0,0,0.05,0.02,0.2,0.08726646,0.17453292,0.17453292
60,2,0.02,SETUP,None,false,false,0.328773677,0.328764021,0.328773677,NA,NA,NA,false,false,NONE,1.41268265,0.00025802874,-0.0870312452,0.0573521964,true,true,8,true,true,0.0015792225,0.00107604114,0.208512381,0.08148764,0.179306865,0.179303423,0.122192554,right_forearm,true,0.000562033,0,0.0430718027,0.0404389575,false,false,bar_linear_stillness,1.41268265,0.10422945,0.04077704,0.000690533954,0.000690533954,0,0.05,0.02,0.2,0.08726646,0.17453292,0.17453292
60,3,0.03,SETUP,None,false,false,0.328739762,0.3287055,0.328739762,NA,NA,NA,false,false,NONE,1.41133213,-0.000272440171,-0.129068226,0.0547737367,true,true,8,true,true,0.00236593885,0.00146450347,0.208454728,0.0815452859,0.17931053,0.179299757,0.178483456,right_forearm,true,0.0006717234,0,0.0549230762,0.0218992066,false,false,bar_linear_stillness,1.41133213,0.14021,0.0759408846,0.00138106791,0.00138106791,0.00119604,0.05,0.02,0.2,0.08726646,0.17453292,0.17453292
60,4,0.04,SETUP,None,false,false,0.328703582,0.328646123,0.328703582,NA,NA,NA,false,false,NONE,1.40966,-0.0007074941,-0.159810349,0.0465020277,true,true,8,true,true,0.00236882246,0.00153080816,0.208344668,0.08165536,0.17931594,0.179294348,0.23070845,right_forearm,true,0.0008290365,0,0.0689457655,0.009575704,false,false,bar_linear_stillness|bar_angular_stillness,1.40966,0.16644004,0.219437227,0.002762136,0.002071602,0.00345267029,0.05,0.02,0.2,0.08726646,0.17453292,0.17453292
60,5,0.05,SETUP,None,false,false,0.3286729,0.328605,0.3286729,NA,NA,NA,false,false,NONE,1.40782058,-0.00102646847,-0.175291032,0.03478126,true,true,8,true,true,0.001716208,0.00115590077,0.208167747,0.0818322748,0.179322168,0.179288119,0.278928041,right_forearm,true,0.00103163323,0,0.08596337,0.0254308041,false,false,bar_linear_stillness|bar_angular_stillness,1.40782058,0.178711325,0.3798793,0.00452813553,0.00229024212,0.006730496,0.05,0.02,0.2,0.08726646,0.17453292,0.17453292
60,6,0.06,SETUP,None,false,false,0.328660965,0.328599453,0.328660965,NA,NA,NA,false,false,NONE,1.40596247,-0.00121883035,-0.176352814,0.0211231634,true,true,8,true,true,0.0006276495,0.0007650943,0.207916766,0.08208325,0.179328069,0.179282218,0.3233208,right_forearm,true,0.00124630437,0,0.103796892,0.0430224128,false,false,bar_linear_stillness|bar_angular_stillness,1.40596247,0.177617535,0.5430357,0.006623372,0.001953125,0.01080858,0.05,0.02,0.2,0.08726646,0.17453292,0.17453292
60,7,0.07,SETUP,None,false,false,0.328678727,0.3286447,0.328678727,NA,NA,NA,false,false,NONE,1.40419316,-0.00134591106,-0.167100787,0.00698380172,true,true,8,true,true,0.0006755391,0.0006286414,0.207593769,0.08240625,0.1793322,0.179278091,0.3641448,right_forearm,true,0.00143560325,0,0.119528443,0.0562666468,false,false,bar_linear_stillness|bar_angular_stillness,1.40419316,0.167252079,0.6940458,0.00884315651,0.00119604,0.0154408468,0.05,0.02,0.2,0.08726646,0.17453292,0.17453292
60,8,0.08,SETUP,None,false,false,0.3287397,0.328745127,0.328745127,NA,NA,NA,false,false,NONE,1.40256619,-0.00143327622,-0.152853429,-0.00635899929,true,true,8,true,true,0.001887548,0.00146403245,0.2072092,0.08279082,0.179333135,0.179277152,0.401698053,right_forearm,true,0.00157275144,0,0.130963773,0.0644204542,false,false,bar_linear_stillness|bar_angular_stillness,1.40256619,0.152992353,0.8203839,0.0111772828,0.00229024212,0.02044969,0.05,0.02,0.2,0.08726646,0.17453292,0.17453292
60,9,0.09,SETUP,None,false,false,0.328848779,0.3289013,0.3289013,NA,NA,NA,false,false,NONE,1.40108514,-0.00150723825,-0.138483718,-0.0180056859,true,true,8,true,true,0.003202868,0.002346643,0.206779912,0.08322011,0.179329708,0.179280579,0.4362976,left_forearm,true,0.001646835,0,0.137175545,0.06866735,false,false,bar_linear_stillness|bar_angular_stillness,1.40108514,0.1396575,0.913866758,0.0135316737,0.00447517261,0.02558723,0.05,0.02,0.2,0.08726646,0.17453292,0.17453292
60,10,0.1,SETUP,None,false,false,0.3290065,0.3291074,0.3291074,NA,NA,NA,false,false,NONE,1.39971662,-0.00160577346,-0.127540961,-0.02750557,true,true,8,true,true,0.004209776,0.00301533146,0.206326127,0.0836738944,0.179321244,0.179289043,0.468243867,left_forearm,true,0.0016616754,0,0.138452262,0.07211215,false,false,bar_linear_stillness|bar_angular_stillness,1.39971662,0.130483076,0.9711757,0.0157768913,0.007142943,0.0306960717,0.05,0.02,0.2,0.08726646,0.17453292,0.17453292
60,11,0.11,SETUP,None,false,false,0.329209268,0.329352438,0.329352438,NA,NA,NA,false,false,NONE,1.39840889,-0.00175178226,-0.121754117,-0.03484439,true,true,8,true,true,0.00477677071,0.0033790858,0.205868512,0.08413152,0.179307431,0.179302856,0.497711718,left_forearm,true,0.00163153256,0,0.1359574,0.07900224,false,false,bar_linear_stillness|bar_angular_stillness,1.39840889,0.126654118,0.9940222,0.0179539435,0.0102189807,0.03563497,0.05,0.02,0.2,0.08726646,0.17453292,0.17453292
60,12,0.12,SETUP,None,false,false,0.3294503,0.329623878,0.329623878,NA,NA,NA,false,false,NONE,1.39710891,-0.001959442,-0.121173531,-0.0403413437,true,true,8,true,true,0.00490186037,0.00342700561,0.205425352,0.08457467,0.179288268,0.179322019,0.5248835,left_forearm,true,0.00157614541,0,0.131322742,0.09215344,false,false,bar_linear_stillness|bar_angular_stillness,1.39710891,0.1277274,0.98784703,0.0199898183,0.01354928,0.0403363779,0.05,0.02,0.2,0.08726646,0.17453292,0.17453292
60,13,0.13,SETUP,None,false,false,0.329718947,0.329908729,0.329908729,NA,NA,NA,false,false,NONE,1.3957746,-0.00223732251,-0.124659166,-0.0444903746,true,true,8,true,true,0.00466549629,0.00321686,0.205010772,0.08498926,0.179263934,0.179346353,0.5499075,left_forearm,true,0.00151486241,0,0.126159579,0.111214824,false,false,bar_linear_stillness|bar_angular_stillness,1.3957746,0.1323794,0.9602757,0.0219238829,0.0175238438,0.0447419919,0.05,0.02,0.2,0.08726646,0.17453292,0.17453292
60,14,0.14,SETUP,None,false,false,0.330005169,0.330196261,0.330196261,NA,NA,NA,false,false,NONE,1.394382,-0.00258870423,-0.13040638,-0.04782619,true,true,8,true,true,0.00418925239,0.00283834757,0.2046338,0.08536622,0.179234743,0.179375544,0.5729094,left_forearm,true,0.0014624265,0,0.12170428,0.13384822,false,false,bar_linear_stillness|bar_angular_stillness,1.394382,0.138923973,0.919418037,0.0237709638,0.02180393,0.0488683879,0.05,0.02,0.2,0.08726646,0.17453292,0.17453292
60,15,0.15,SETUP,None,false,false,0.330299318,0.330478728,0.330478728,NA,NA,NA,false,false,NONE,1.39292622,-0.00301080523,-0.1365276,-0.0507885925,true,true,8,true,true,0.00360648916,0.00238805776,0.204298615,0.085701406,0.179200977,0.17940931,0.5940034,left_forearm,true,0.00142838119,0,0.118762352,0.157609358,false,false,bar_linear_stillness|bar_angular_stillness,1.39292622,0.145699456,0.87259,0.0260855574,0.0260306578,0.0527268574,0.05,0.02,0.2,0.08726646,0.17453292,0.17453292
60,16,0.16,SETUP,None,false,false,0.330593824,0.330751419,0.330751419,NA,NA,NA,false,false,NONE,1.39141893,-0.00349524617,-0.141415223,-0.0536562651,true,true,8,true,true,0.003061495,0.00197663857,0.20400539,0.08599463,0.17916289,0.1794474,0.6133008,left_forearm,true,0.00141579378,0,0.117597133,0.18073608,false,false,bar_linear_stillness|bar_angular_stillness,1.39141893,0.151292682,0.8253903,0.0288791042,0.03013163,0.0563428327,0.05,0.02,0.2,0.08726646,0.17453292,0.17453292
60,17,0.17,SETUP,None,false,false,0.330883861,0.331013143,0.331013143,NA,NA,NA,false,false,NONE,1.38988328,-0.00402776664,-0.1439662,-0.0565286241,true,true,8,true,true,0.0026415647,0.00167215965,0.203751564,0.08624846,0.17912063,0.179489657,0.63091445,left_forearm,true,0.00142295053,0,0.118067876,0.202211022,false,false,bar_linear_stillness|bar_angular_stillness,1.38988328,0.154719025,0.7812591,0.03159933,0.03406831,0.0597563572,0.05,0.02,0.2,0.08726646,0.17453292,0.17453292
60,18,0.18,SETUP,None,false,false,0.3311659,0.331263959,0.331263959,NA,NA,NA,false,false,NONE,1.3883481,-0.00459118327,-0.143659115,-0.0593533628,true,true,8,true,true,0.002392828,0.0015035,0.203533292,0.08646672,0.179074243,0.179536045,0.646961331,left_forearm,true,0.001445046,0,0.119770952,0.22164984,false,false,bar_linear_stillness|bar_angular_stillness,1.3883481,0.155505121,0.7415855,0.0342289,0.0378226675,0.06298899,0.05,0.02,0.2,0.08726646,0.17453292,0.17453292
60,19,0.19,SETUP,None,false,false,0.331439734,0.331506,0.331506,NA,NA,NA,false,false,NONE,1.38684249,-0.005168289,-0.140490741,-0.0619777553,true,true,8,true,true,0.00231379736,0.001465177,0.20334664,0.0866533741,0.179023668,0.179586619,0.6615606,left_forearm,true,0.00147585967,0,0.122182868,0.239100724,false,false,bar_linear_stillness|bar_angular_stillness,1.38684249,0.153641149,0.7060649,0.0367872566,0.041403994,0.0660384148,0.05,0.02,0.2,0.08726646,0.17453292,0.17453292
60,20,0.2,SETUP,None,false,false,0.331705153,0.331741035,0.331741035,NA,NA,NA,false,false,NONE,1.385392,-0.00574413,-0.13483943,-0.06421752,true,true,8,true,true,0.00237546349,0.00152633013,0.203188419,0.0868116,0.178968817,0.17964147,0.674831569,left_forearm,true,0.00150918448,0,0.124782,0.25485006,false,false,bar_linear_stillness|bar_angular_stillness,1.385392,0.149460882,0.673340142,0.0392518826,0.04481122,0.06892202,0.05,0.02,0.2,0.08726646,0.17453292,0.17453292
60,21,0.21,SETUP,None,false,false,0.331962883,0.331971169,0.331971169,NA,NA,NA,false,false,NONE,1.384016,-0.006308652,-0.127309009,-0.06590776,true,true,8,true,true,0.0025315627,0.00165136927,0.2030566,0.08694342,0.17890957,0.179700717,0.6868908,left_forearm,true,0.00154013769,0,0.1271596,0.269283116,false,false,bar_linear_stillness|bar_angular_stillness,1.384016,0.1434964,0.6415728,0.041627977,0.04808137,0.07161989,0.05,0.02,0.2,0.08726646,0.17453292,0.17453292
60,22,0.22,SETUP,None,false,false,0.332213521,0.3321972,0.332213521,NA,NA,NA,false,false,NONE,1.38272738,-0.006855026,-0.118567571,-0.0669399351,true,true,8,true,true,0.002731421,0.00180369988,0.202950478,0.08704954,0.178845823,0.179764464,0.6978488,left_forearm,true,0.00156539318,0,0.129040614,0.282728136,false,false,bar_linear_stillness|bar_angular_stillness,1.38272738,0.136331275,0.6090263,0.0439082,0.05121277,0.07412656,0.05,0.02,0.2,0.08726646,0.17453292,0.17453292
60,23,0.23,SETUP,None,false,false,0.3324579,0.332419038,0.3324579,NA,NA,NA,false,false,NONE,1.38153243,-0.00738208275,-0.109244637,-0.06727774,true,true,8,true,true,0.0029303662,0.00195147574,0.2028704,0.08712962,0.178777531,0.179832757,0.7078088,left_forearm,true,0.00158317527,0,0.130283773,0.295439124,false,false,bar_linear_stillness|bar_angular_stillness,1.38153243,0.1285114,0.574382842,0.04609125,0.0542118736,0.0764296353,0.05,0.02,0.2,0.08726646,0.17453292,0.17453292
60,24,0.24,SETUP,None,false,false,0.3326956,0.332636237,0.3326956,NA,NA,NA,false,false,NONE,1.38043237,-0.007891064,-0.09982462,-0.06695869,true,true,8,true,true,0.00309338421,0.00206884323,0.202817351,0.08718267,0.178704679,0.179905608,0.716864347,left_forearm,true,0.00159372808,0,0.130917743,0.307512373,false,false,bar_linear_stillness|bar_angular_stillness,1.38043237,0.120460324,0.5369653,0.0481853969,0.05708283,0.0785196945,0.05,0.02,0.2,0.08726646,0.17453292,0.17453292
60,25,0.25,SETUP,None,false,false,0.3329262,0.332847178,0.3329262,NA,NA,NA,false,false,NONE,1.37942517,-0.008385271,-0.09063314,-0.06607627,true,true,8,true,true,0.00320009,0.00214125612,0.202792585,0.087207444,0.178627327,0.17998296,0.7251001,left_forearm,true,0.00159800111,0,0.1310324,0.318924934,false,false,bar_linear_stillness|bar_angular_stillness,1.37942517,0.112475567,0.496739328,0.0501875132,0.05980821,0.08039555,0.05,0.02,0.2,0.08726646,0.17453292,0.17453292
60,26,0.26,SETUP,None,false,false,0.333148479,0.333050549,0.333148479,NA,NA,NA,false,false,NONE,1.37850678,-0.00886828452,-0.0818448737,-0.06475684,true,true,8,true,true,0.00324699283,0.00216802722,0.202797189,0.08720283,0.1785456,0.1800647,0.7325918,left_forearm,true,0.00159765047,0,0.130775109,0.329569727,false,false,bar_linear_stillness|bar_angular_stillness,1.37850678,0.104741007,0.454229146,0.0520761572,0.0623841621,0.08204281,0.05,0.02,0.2,0.08726646,0.17453292,0.17453292
60,27,0.27,SETUP,None,false,false,0.333361864,0.333244681,0.333361864,NA,NA,NA,false,false,NONE,1.37767267,-0.009343012,-0.07350021,-0.0631402656,true,true,8,true,true,0.0032392717,0.00215482712,0.202831864,0.0871681646,0.178459585,0.1801507,0.739407539,left_forearm,true,0.00159432692,0,0.130292,0.339287877,false,false,bar_linear_stillness|bar_angular_stillness,1.37767267,0.09734611,0.410296738,0.05385885,0.06479538,0.08348074,0.05,0.02,0.2,0.08726646,0.17453292,0.17453292
60,28,0.28,SETUP,None,false,false,0.333564818,0.333428383,0.333564818,NA,NA,NA,false,false,NONE,1.37691867,-0.009811096,-0.06556571,-0.0613593981,true,true,8,true,true,0.00319235772,0.00211411412,0.202896684,0.08710334,0.178369492,0.1802408,0.745608,left_forearm,true,0.00158956286,0,0.1297161,0.347920865,false,false,bar_linear_stillness|bar_angular_stillness,1.37691867,0.09033325,0.3659524,0.05553291,0.06702763,0.08470026,0.05,0.02,0.2,0.08726646,0.17453292,0.17453292
60,29,0.29,SETUP,None,false,false,0.3337567,0.333600581,0.3337567,NA,NA,NA,false,false,NONE,1.37624145,-0.0102719851,-0.05795522,-0.0595250875,true,true,8,true,true,0.00312256138,0.002058812,0.202991188,0.0870088339,0.178275481,0.1803348,0.751248062,left_forearm,true,0.00158477633,0,0.12916714,0.355323881,false,false,bar_linear_stillness|bar_angular_stillness,1.37624145,0.0837111548,0.3221811,0.05709954,0.0690740943,0.08572739,0.05,0.02,0.2,0.08726646,0.17453292,0.17453292
60,30,0.3,SETUP,None,false,false,0.333936453,0.333760917,0.333936453,NA,NA,NA,false,false,NONE,1.37563848,-0.0107240854,-0.05058588,-0.05772138,true,true,8,true,true,0.003047394,0.00200144714,0.20311439,0.08688563,0.178177714,0.180432573,0.7563775,left_forearm,true,0.00158055685,0,0.128694251,0.361414969,false,false,bar_linear_stillness|bar_angular_stillness,1.37563848,0.07749642,0.279853344,0.05855921,0.07093403,0.0865634754,0.05,0.02,0.2,0.08726646,0.17453292,0.17453292
60,31,0.31,SETUP,None,false,false,0.334104,0.3339094,0.334104,NA,NA,NA,false,false,NONE,1.37510788,-0.0111644687,-0.04340124,-0.056001436,true,true,8,true,true,0.00297853863,0.00195190229,0.203264922,0.08673511,0.178076372,0.180533916,0.761041939,left_forearm,true,0.0015770254,0,0.128304437,0.3661746,false,false,bar_linear_stillness|bar_angular_stillness,1.37510788,0.07172499,0.23958154,0.0599038228,0.07260206,0.0872304,0.05,0.02,0.2,0.08726646,0.17453292,0.17453292
60,32,0.32,SETUP,None,false,false,0.3342592,0.3340459,0.3342592,NA,NA,NA,false,false,NONE,1.37464809,-0.0115895756,-0.0363768563,-0.054392755,true,true,8,true,true,0.002923007,0.00191394333,0.203441173,0.08655885,0.177971616,0.180638671,0.7652828,left_forearm,true,0.00157406682,0,0.1279848,0.369636327,false,false,bar_linear_stillness|bar_angular_stillness,1.37464809,0.06645424,0.201731384,0.061144866,0.07408794,0.08773475,0.05,0.02,0.2,0.08726646,0.17453292,0.17453292
60,33,0.33,SETUP,None,false,false,0.334401846,0.334170938,0.334401846,NA,NA,NA,false,false,NONE,1.37425733,-0.0119962608,-0.0295223445,-0.05290378,true,true,8,true,true,0.00288338377,0.00188841415,0.203641474,0.08635855,0.1778636,0.180746689,0.7691388,left_forearm,true,0.00157156866,0,0.1277218,0.3718736,false,false,bar_linear_stillness,1.37425733,0.06175993,0.1664858,0.06228087,0.07538977,0.08809284,0.05,0.02,0.2,0.08726646,0.17453292,0.17453292
60,34,0.34,SETUP,None,false,false,0.334532261,0.33428508,0.334532261,NA,NA,NA,false,false,NONE,1.37393343,-0.0123815481,-0.022877939,-0.05152961,true,true,8,true,true,0.002858757,0.00187409436,0.203864157,0.0861358643,0.17775248,0.1808578,0.7726446,left_forearm,true,0.00156894268,0,0.127462566,0.372999221,false,false,bar_linear_stillness,1.37393343,0.0577235073,0.133891255,0.0633212551,0.0765231848,0.0883118659,0.05,0.02,0.2,0.08726646,0.17453292,0.17453292
60,35,0.35000000000000003,SETUP,None,false,false,0.3346511,0.3343888,0.3346511,NA,NA,NA,false,false,NONE,1.37367392,-0.0127432533,-0.0165053532,-0.05025545,true,true,8,true,true,0.00284513622,0.0018671857,0.204107642,0.08589239,0.177638456,0.180971831,0.775832653,left_forearm,true,0.00156583544,0,0.127175257,0.3731323,false,false,bar_linear_stillness,1.37367392,0.0544098131,0.1038972,0.06426325,0.07748633,0.0884117261,0.05,0.02,0.2,0.08726646,0.17453292,0.17453292
60,36,0.36,SETUP,None,false,false,0.3347584,0.334482431,0.3347584,NA,NA,NA,false,false,NONE,1.37347531,-0.0130794756,-0.01046703,-0.04907038,true,true,8,true,true,0.00283748354,0.00186448172,0.204370409,0.08562961,0.1775217,0.181088582,0.778732061,left_forearm,true,0.00156225008,0,0.126857877,0.372392625,false,false,bar_linear_stillness,1.37347531,0.05185107,0.0765007,0.06511111,0.07830376,0.08839285,0.05,0.02,0.2,0.08726646,0.17453292,0.17453292
60,37,0.37,SETUP,None,false,false,0.334855139,0.3345664,0.334855139,NA,NA,NA,false,false,NONE,1.37333381,-0.013389484,-0.00481361151,-0.04796408,true,true,8,true,true,0.002831456,0.00186033151,0.204651088,0.08534893,0.177402377,0.18120791,0.781369865,left_forearm,true,0.00155806937,0,0.1264992,0.370883256,false,false,bar_linear_stillness,1.37333381,0.05003001,0.0519505,0.06587934,0.07896792,0.08827675,0.05,0.02,0.2,0.08726646,0.17453292,0.17453292
60,38,0.38,SETUP,None,false,false,0.3349415,0.334641457,0.3349415,NA,NA,NA,false,false,NONE,1.373245,-0.0136735132,0.000398896635,-0.0469267145,true,true,8,true,true,0.0028239605,0.0018548338,0.204948366,0.0850516558,0.177280709,0.181329578,0.7837698,left_forearm,true,0.001553175,0,0.126088426,0.368713,false,false,bar_linear_stillness,1.373245,0.0488798581,0.03141562,0.06655994,0.07950066,0.0880630538,0.05,0.02,0.2,0.08726646,0.17453292,0.17453292
60,39,0.39,SETUP,None,false,false,0.335017741,0.334707558,0.335017741,NA,NA,NA,false,false,NONE,1.37320435,-0.013931212,0.005151458,-0.04595542,true,true,8,true,true,0.00281292154,0.0018450279,0.205260962,0.08473906,0.1771569,0.181453392,0.785954,left_forearm,true,0.001547803,0,0.125645608,0.365955234,false,false,bar_linear_stillness,1.37320435,0.0482961349,0.0204582028,0.06716624,0.0799046,0.08776464,0.05,0.02,0.2,0.08726646,0.17453292,0.17453292
60,40,0.4,SETUP,None,false,false,0.335084677,0.334765315,0.335084677,NA,NA,NA,false,false,NONE,1.373207,-0.01416271,0.009423286,-0.04504994,true,true,8,true,true,0.00279770582,0.001832569,0.205587626,0.084412396,0.177031144,0.181579143,0.788093448,right_upper_arm,true,0.00154183677,0,0.125159234,0.362691551,false,false,bar_linear_stillness,1.373207,0.0481547266,0.0270516481,0.0677002147,0.08018466,0.0873943,0.05,0.02,0.2,0.08726646,0.17453292,0.17453292
60,41,0.41000000000000003,SETUP,None,false,false,0.3351425,0.334814847,0.3351425,NA,NA,NA,false,false,NONE,1.3732481,-0.0143683935,0.0132207125,-0.04420919,true,true,8,true,true,0.002778604,0.00181643141,0.205927134,0.0840728953,0.1769037,0.181706592,0.7962823,right_upper_arm,true,0.00153574941,0,0.124669313,0.3589756,false,false,bar_linear_stillness,1.3732481,0.04832898,0.0411465354,0.06817408,0.0803569853,0.08696205,0.05,0.02,0.2,0.08726646,0.17453292,0.17453292
60,42,0.42,SETUP,None,false,false,0.335192084,0.334857,0.335192084,NA,NA,NA,false,false,NONE,1.3733232,-0.0145483119,0.0165552869,-0.0434358679,true,true,8,true,true,0.00275747874,0.00179810217,0.20627822,0.0837218,0.17677474,0.181835547,0.803862,right_upper_arm,true,0.00152966112,0,0.124184504,0.35486877,false,false,bar_linear_stillness,1.3733232,0.0487073474,0.05563517,0.06857516,0.080422245,0.08646699,0.05,0.02,0.2,0.08726646,0.17453292,0.17453292
60,43,0.43,SETUP,None,false,false,0.3352338,0.334891975,0.3352338,NA,NA,NA,false,false,NONE,1.37342775,-0.0147029031,0.0194535479,-0.0427308977,true,true,8,true,true,0.002734435,0.0017790175,0.206639677,0.0833603442,0.176644519,0.181965768,0.8108684,right_upper_arm,true,0.00152369158,0,0.12371365,0.350421429,false,false,bar_linear_stillness,1.37342775,0.04919904,0.06893832,0.06892894,0.0803925842,0.0859330148,0.05,0.02,0.2,0.08726646,0.17453292,0.17453292
60,44,0.44,SETUP,None,false,false,0.335268021,0.3349201,0.335268021,NA,NA,NA,false,false,NONE,1.37355745,-0.01483187,0.0219315514,-0.04209147,true,true,8,true,true,0.00271255,0.00176020851,0.207010269,0.08298975,0.17651327,0.182097018,0.8173367,right_upper_arm,true,0.001518078,0,0.123276144,0.3456957,false,false,bar_linear_stillness,1.37355745,0.0497259423,0.08068915,0.0692258254,0.080279775,0.0853565857,0.05,0.02,0.2,0.08726646,0.17453292,0.17453292
60,45,0.45,SETUP,None,false,false,0.335295439,0.334942281,0.335295439,NA,NA,NA,false,false,NONE,1.37370861,-0.014935215,0.0240307748,-0.0415184237,true,true,8,true,true,0.002691106,0.00174152164,0.207388788,0.08261123,0.176381186,0.1822291,0.82330215,right_upper_arm,true,0.00151293934,0,0.122881375,0.34072873,false,false,bar_linear_stillness,1.37370861,0.0502425954,0.0907609761,0.0694768354,0.08008943,0.08475374,0.05,0.02,0.2,0.08726646,0.17453292,0.17453292
60,46,0.46,SETUP,None,false,false,0.335316718,0.334958732,0.335316718,NA,NA,NA,false,false,NONE,1.37387753,-0.01501272,0.02576702,-0.04100562,true,true,8,true,true,0.00267221057,0.00172497879,0.207774073,0.08222595,0.1762485,0.182361782,0.828797638,right_upper_arm,true,0.00150791928,0,0.122498833,0.3355934,false,false,bar_linear_stillness,1.37387753,0.0507028773,0.09917238,0.06968247,0.07982398,0.0841239,0.05,0.02,0.2,0.08726646,0.17453292,0.17453292
60,47,0.47000000000000003,SETUP,None,false,false,0.3353324,0.33497,0.3353324,NA,NA,NA,false,false,NONE,1.374061,-0.0150648,0.0271734819,-0.04055203,true,true,8,true,true,0.002655066,0.00170871289,0.20816499,0.0818350241,0.176115438,0.182494849,0.8338566,right_upper_arm,true,0.00150337652,0,0.122156776,0.3303256,false,false,bar_linear_stillness,1.374061,0.0510863326,0.105999552,0.0698567852,0.07949766,0.0834864452,0.05,0.02,0.2,0.08726646,0.17453292,0.17453292
60,48,0.48,SETUP,None,false,false,0.335342884,0.334976852,0.335342884,NA,NA,NA,false,false,NONE,1.3742559,-0.01510601,0.02829066,-0.0401539281,true,true,8,true,true,0.00263362052,0.0016826049,0.208560482,0.08143954,0.175982133,0.182628155,0.8385079,right_upper_arm,true,0.00149919221,0,0.121844992,0.324993044,false,false,bar_linear_stillness,1.3742559,0.0513895974,0.111083649,0.0700000152,0.07911576,0.08283547,0.05,0.02,0.2,0.08726646,0.17453292,0.17453292
60,49,0.49,SETUP,None,false,false,0.335349619,0.334978878,0.335349619,NA,NA,NA,false,false,NONE,1.37446022,-0.0151634775,0.02920217,-0.0398157723,true,true,8,true,true,0.002604162,0.00177240279,0.208959371,0.08104065,0.175848529,0.182761759,0.8427793,right_upper_arm,true,0.00149584,0,0.121604137,0.319590837,false,false,bar_linear_stillness,1.37446022,0.0516526252,0.114573635,0.07010895,0.0786865652,0.08219383,0.05,0.02,0.2,0.08726646,0.17453292,0.17453292
60,50,0.5,SETUP,None,false,false,0.335353076,0.334977031,0.335353076,NA,NA,NA,false,false,NONE,1.37467146,-0.01521304,0.0298667327,-0.0395226665,true,true,8,true,true,0.00259906449,0.00182972488,0.209360659,0.0806393549,0.175714612,0.182895675,0.846702,right_upper_arm,true,0.0014929662,0,0.121401735,0.314240456,false,false,bar_linear_stillness,1.37467146,0.0518218055,0.11686419,0.07020072,0.078221485,0.0815530047,0.05,0.02,0.2,0.08726646,0.17453292,0.17453292
60,51,0.51,DESCENT,Descent,false,false,0.3353523,0.3349728,0.3353523,NA,NA,NA,false,false,NONE,1.374855,-0.0152211282,0.027016148,-0.04167036,true,true,8,true,true,0.002821657,0.002213977,0.209768772,0.08023124,0.175579607,0.18303068,0.8507147,right_upper_arm,true,0.001472329,0,0.119987234,0.293913871,false,false,bar_linear_stillness,1.37467146,0.0519420244,0.06563817,0.0658069,0.08139787,0.0804429948,0.05,0.02,0.2,0.08726646,0.17453292,0.17453292
60,52,0.52,DESCENT,Descent,false,false,0.335336447,0.3349418,0.335336447,NA,NA,NA,false,false,NONE,1.37502277,-0.0152159324,0.0254342481,-0.0420139432,true,true,8,true,true,0.00185266568,0.00122024829,0.210177422,0.0798226,0.175444439,0.183165848,0.8544975,right_upper_arm,true,0.00146842818,0,0.119641,0.2804129,false,false,bar_linear_stillness,1.37467146,0.05141592,0.0359571651,0.06202766,0.08422023,0.07980008,0.05,0.02,0.2,0.08726646,0.17453292,0.17453292
60,53,0.53,DESCENT,Descent,false,false,0.3353194,0.33491838,0.3353194,NA,NA,NA,false,false,NONE,1.37518573,-0.0152417673,0.0248632357,-0.04180863,true,true,8,true,true,0.00206902646,0.001533838,0.210575491,0.07942452,0.175309077,0.18330121,0.8580203,right_upper_arm,true,0.00147077127,0,0.119771205,0.2748232,false,false,bar_linear_stillness,1.37467146,0.05097503,0.02999423,0.0590296723,0.0863704,0.0792543,0.05,0.02,0.2,0.08726646,0.17453292,0.17453292
60,54,0.54,DESCENT,Descent,false,false,0.335305035,0.3349011,0.335305035,NA,NA,NA,false,false,NONE,1.37534261,-0.01526165,0.0241746083,-0.0415972844,true,true,8,true,true,0.00258179987,0.00208820519,0.210963428,0.0790366,0.1751732,0.1834371,0.861266434,right_upper_arm,true,0.00147081586,0,0.11974255,0.273083657,false,false,bar_linear_stillness,1.37467146,0.0504743867,0.03266105,0.05676447,0.0879410952,0.078722924,0.05,0.02,0.2,0.08726646,0.17453292,0.17453292
60,55,0.55,DESCENT,Descent,false,false,0.335298,0.3348925,0.335298,NA,NA,NA,false,false,NONE,1.3754909,-0.0152477771,0.0232777521,-0.0413408652,true,true,8,true,true,0.00290339417,0.00241483981,0.211344525,0.0786554962,0.175036848,0.18357344,0.864197135,right_upper_arm,true,0.001469302,0,0.119595632,0.2734312,false,false,bar_linear_stillness,1.37467146,0.04983388,0.0413285047,0.0553824231,0.08893084,0.0782092959,0.05,0.02,0.2,0.08726646,0.17453292,0.17453292
60,56,0.56,DESCENT,Descent,false,false,0.3353026,0.334896564,0.3353026,NA,NA,NA,false,false,NONE,1.375629,-0.0151996948,0.02227398,-0.04106693,true,true,8,true,true,0.00305868243,0.00255781133,0.211721912,0.07827811,0.174900278,0.183710009,0.866813242,right_upper_arm,true,0.00146790117,0,0.119465739,0.274589062,false,false,bar_linear_stillness,1.37467146,0.04912895,0.0537804,0.0548372455,0.089385584,0.07771374,0.05,0.02,0.2,0.08726646,0.17453292,0.17453292
60,57,0.57000000000000006,DESCENT,Descent,false,false,0.33531934,0.334913135,0.33531934,NA,NA,NA,false,false,NONE,1.37575662,-0.015131087,0.0212714747,-0.0408570021,true,true,8,true,true,0.00310182525,0.00257754768,0.212098092,0.07790193,0.174763754,0.183846533,0.8691539,right_upper_arm,true,0.00146732,0,0.1194164,0.27545,false,false,bar_linear_stillness,1.37467146,0.0484842248,0.06624799,0.0549718775,0.08939625,0.0772335455,0.05,0.02,0.2,0.08726646,0.17453292,0.17453292
60,58,0.58,DESCENT,Descent,false,false,0.335344851,0.334938824,0.335344851,NA,NA,NA,false,false,NONE,1.3758781,-0.0150610432,0.0207086354,-0.04063339,true,true,8,true,true,0.0030456204,0.00248846738,0.212474525,0.0775255039,0.174627572,0.1839827,0.871222436,right_upper_arm,true,0.00146972458,0,0.119611524,0.276568353,false,false,bar_linear_stillness,1.37467146,0.04802869,0.0798844,0.0558198579,0.0889388844,0.07678141,0.05,0.02,0.2,0.08726646,0.17453292,0.17453292
60,59,0.59,DESCENT,Descent,false,false,0.3353796,0.3349738,0.3353796,NA,NA,NA,false,false,NONE,1.375999,-0.0150034968,0.0206999332,-0.0404348038,true,true,8,true,true,0.003003507,0.00241896464,0.212851867,0.0771481544,0.174491927,0.18411836,0.8730382,right_upper_arm,true,0.00147474906,0,0.120027021,0.277877241,false,false,bar_linear_stillness,1.37467146,0.0478389524,0.09433836,0.057332918,0.0880413949,0.0763390958,0.05,0.02,0.2,0.08726646,0.17453292,0.17453292
60,60,0.6,DESCENT,Descent,false,false,0.3354218,0.335016668,0.3354218,NA,NA,NA,false,false,NONE,1.37612367,-0.0149609726,0.0211176574,-0.0403148,true,true,8,true,true,0.00298921461,0.00238607056,0.213230908,0.0767691061,0.174356878,0.18425341,0.874640167,right_upper_arm,true,0.00148024014,0,0.120491378,0.278824836,false,false,bar_linear_stillness,1.37467146,0.0479068831,0.107676238,0.0593439229,0.08678085,0.0758847743,0.05,0.02,0.2,0.08726646,0.17453292,0.17453292
60,61,0.61,DESCENT,Descent,false,false,0.335468531,0.3350641,0.335468531,NA,NA,NA,false,false,NONE,1.3762579,-0.0149338553,0.0221148878,-0.0401580855,true,true,8,true,true,0.00295972172,0.00233879033,0.213612154,0.07638787,0.174222425,0.184387863,0.876031041,right_upper_arm,true,0.0014872927,0,0.121080182,0.2800975,false,false,bar_linear_stillness,1.37467146,0.0482157655,0.122082628,0.061908368,0.08512717,0.07541824,0.05,0.02,0.2,0.08726646,0.17453292,0.17453292
60,62,0.62,DESCENT,Descent,false,false,0.33551985,0.3351164,0.33551985,NA,NA,NA,false,false,NONE,1.37640655,-0.0149201574,0.0235887319,-0.0399701558,true,true,8,true,true,0.00297988788,0.00234420924,0.213995948,0.07600407,0.174088553,0.184521735,0.877225041,right_upper_arm,true,0.001494352,0,0.121670164,0.281673759,false,false,bar_linear_stillness,1.37467146,0.0487509258,0.1376057,0.06497913,0.08309704,0.07492334,0.05,0.02,0.2,0.08726646,0.17453292,0.17453292
60,63,0.63,DESCENT,Descent,false,false,0.3355742,0.335172117,0.3355742,NA,NA,NA,false,false,NONE,1.37657309,-0.0149170337,0.0254009962,-0.0397347361,true,true,8,true,true,0.00302077178,0.002373064,0.214382887,0.07561713,0.173955142,0.184655145,0.8782365,right_upper_arm,true,0.001500703,0,0.122203045,0.283444852,false,false,bar_linear_stillness,1.37467146,0.0494628921,0.1540271,0.068516016,0.0807182342,0.0743834749,0.05,0.02,0.2,0.08726646,0.17453292,0.17453292
60,64,0.64,DESCENT,Descent,false,false,0.335629642,0.335229576,0.335629642,NA,NA,NA,false,false,NONE,1.37675893,-0.0149204973,0.0273357034,-0.0394804068,true,true,8,true,true,0.00307675055,0.00241669058,0.214773864,0.0752261654,0.173822135,0.184788138,0.879096568,right_upper_arm,true,0.00150538387,0,0.122605063,0.284946561,false,false,bar_linear_stillness,1.37467146,0.0502848327,0.169925481,0.07237837,0.0780689,0.0737944543,0.05,0.02,0.2,0.08726646,0.17453292,0.17453292
60,65,0.65,DESCENT,Descent,false,false,0.335683942,0.335285962,0.335683942,NA,NA,NA,false,false,NONE,1.37696588,-0.0149314823,0.029446654,-0.0391162,true,true,8,true,true,0.00310245366,0.00242768973,0.21516943,0.07483059,0.17368947,0.184920818,0.879805863,right_upper_arm,true,0.00150912907,0,0.122925654,0.286720365,false,false,bar_linear_stillness,1.37467146,0.05118722,0.187094748,0.07662596,0.07510137,0.07316158,0.05,0.02,0.2,0.08726646,0.17453292,0.17453292
60,66,0.66,DESCENT,Descent,false,false,0.335736215,0.335341036,0.335736215,NA,NA,NA,false,false,NONE,1.37719476,-0.0149516361,0.03163968,-0.0386643074,true,true,8,true,true,0.00315095671,0.00246162363,0.21557,0.07443001,0.173557058,0.185053229,0.880374134,right_upper_arm,true,0.00151216623,0,0.123190343,0.2886978,false,false,bar_linear_stillness|bar_angular_stillness,1.37467146,0.0521493,0.205450147,0.0812277645,0.071836,0.07245411,0.05,0.02,0.2,0.08726646,0.17453292,0.17453292
60,67,0.67,DESCENT,Descent,false,false,0.335785151,0.335393071,0.335785151,NA,NA,NA,false,false,NONE,1.37744462,-0.0149808247,0.03373356,-0.0381794237,true,true,8,true,true,0.00320768962,0.0025075227,0.215976208,0.0740238056,0.173424825,0.185185462,0.8808265,right_upper_arm,true,0.0015135305,0,0.123326309,0.290389925,false,false,bar_linear_stillness|bar_angular_stillness,1.37467146,0.05310411,0.22337012,0.08606613,0.06833828,0.0716798,0.05,0.02,0.2,0.08726646,0.17453292,0.17453292
60,68,0.68,DESCENT,Descent,false,false,0.335827827,0.335439146,0.335827827,NA,NA,NA,false,false,NONE,1.37771559,-0.015020906,0.03582584,-0.03759724,true,true,8,true,true,0.00323230587,0.00251879264,0.216388375,0.07361165,0.173292682,0.1853176,0.8811612,right_upper_arm,true,0.00151431,0,0.123414576,0.292213857,false,false,bar_linear_stillness|bar_angular_stillness|knee_extension,1.37467146,0.0540617332,0.242245659,0.0912002251,0.06457419,0.0708432,0.05,0.02,0.2,0.08726646,0.17453292,0.17453292
60,69,0.69000000000000006,DESCENT,Descent,false,false,0.335864,0.335479438,0.335864,NA,NA,NA,false,false,NONE,1.37800717,-0.0150732277,0.0378678553,-0.0369494781,true,true,8,true,true,0.00327773229,0.0025533007,0.216806531,0.07319349,0.173160553,0.185449734,0.8813859,right_upper_arm,true,0.00151473458,0,0.123478785,0.294087231,false,false,bar_linear_stillness|bar_angular_stillness|knee_extension,1.37467146,0.0550130941,0.261810243,0.09660766,0.06053737,0.06992844,0.05,0.02,0.2,0.08726646,0.17453292,0.17453292
60,70,0.70000000000000007,DESCENT,Descent,false,false,0.33589226,0.335511982,0.33589226,NA,NA,NA,false,false,NONE,1.37831831,-0.0151379285,0.03981112,-0.0362522863,true,true,8,true,true,0.00332928821,0.00259434455,0.2172308,0.0727692246,0.17302835,0.185581937,0.881508648,right_upper_arm,true,0.001514684,0,0.123509534,0.2958789,false,false,bar_linear_stillness|bar_angular_stillness|knee_extension,1.37467146,0.0559313,0.28159076,0.102252156,0.05624965,0.06893932,0.05,0.02,0.2,0.08726646,0.17453292,0.17453292
60,71,0.71,DESCENT,Descent,false,false,0.335911155,0.3355356,0.335911155,NA,NA,NA,false,false,NONE,1.37864733,-0.0152141163,0.04158151,-0.0355545357,true,true,8,true,true,0.00338570541,0.00264234166,0.217661262,0.07233875,0.172895968,0.185714319,0.881548643,right_upper_arm,true,0.00151402631,0,0.123501122,0.297213942,false,false,bar_linear_stillness|bar_angular_stillness|knee_extension,1.37467146,0.0567857064,0.300274253,0.108045846,0.05176847,0.0678655654,0.05,0.02,0.2,0.08726646,0.17453292,0.17453292
60,72,0.72,DESCENT,Descent,false,false,0.335919023,0.33554852,0.335919023,NA,NA,NA,false,false,NONE,1.37899339,-0.0153030967,0.0432685763,-0.03479771,true,true,8,true,true,0.00342491642,0.002668572,0.218097776,0.0719022453,0.172763273,0.185847014,0.881504357,right_upper_arm,true,0.00151349709,0,0.123504356,0.298458666,false,false,bar_linear_stillness|bar_angular_stillness|knee_extension,1.37467146,0.057595443,0.318956017,0.114047684,0.0470588356,0.0667281151,0.05,0.02,0.2,0.08726646,0.17453292,0.17453292
60,73,0.73,DESCENT,Descent,false,false,0.3359155,0.3355505,0.3359155,NA,NA,NA,false,false,NONE,1.37935555,-0.0154049294,0.0448479131,-0.0340039358,true,true,8,true,true,0.00349021819,0.002706681,0.2185399,0.07146012,0.172630176,0.185980111,0.8813827,right_upper_arm,true,0.00151285,0,0.123502441,0.299601257,false,false,bar_linear_stillness|bar_angular_stillness|knee_extension,1.37467146,0.0583516471,0.3375206,0.1202345,0.04212335,0.0655236542,0.05,0.02,0.2,0.08726646,0.17453292,0.17453292
60,74,0.74,DESCENT,Descent,false,false,0.335899,0.335540116,0.335899,NA,NA,NA,false,false,NONE,1.37973177,-0.01551911,0.04623517,-0.0332173556,true,true,8,true,true,0.00356943137,0.002718948,0.218987435,0.07101259,0.172496513,0.186113775,0.881197333,right_upper_arm,true,0.001511717,0,0.12346901,0.3003259,false,false,bar_linear_stillness|bar_angular_stillness|knee_extension,1.37467146,0.05900785,0.354829967,0.126524583,0.03701985,0.06423727,0.05,0.02,0.2,0.08726646,0.17453292,0.17453292
60,75,0.75,DESCENT,Descent,false,false,0.335869133,0.335516751,0.335869133,NA,NA,NA,false,false,NONE,1.38012087,-0.0156466588,0.04749679,-0.0323805735,true,true,8,true,true,0.00363606052,0.0027077985,0.219439954,0.07056007,0.172362164,0.186248124,0.880947351,right_upper_arm,true,0.00151083106,0,0.123456441,0.300953656,false,false,bar_linear_stillness|bar_angular_stillness|knee_extension,1.37467146,0.059575703,0.371854216,0.132971555,0.0317273438,0.06289428,0.05,0.02,0.2,0.08726646,0.17453292,0.17453292
60,76,0.76,DESCENT,Descent,false,false,0.335825026,0.335479438,0.335825026,NA,NA,NA,false,false,NONE,1.38052142,-0.015788151,0.0486022532,-0.0315102674,true,true,8,true,true,0.00370601984,0.002717264,0.219896942,0.07010307,0.172226965,0.186383322,0.8806379,right_upper_arm,true,0.00150959042,0,0.123417661,0.3014879,false,false,bar_linear_stillness|bar_angular_stillness|knee_extension,1.37467146,0.06003617,0.38853994,0.139562324,0.0262223,0.06148322,0.05,0.02,0.2,0.08726646,0.17453292,0.17453292
60,77,0.77,DESCENT,Descent,false,false,0.335765481,0.335427523,0.335765481,NA,NA,NA,false,false,NONE,1.38093114,-0.0159417614,0.0494880527,-0.0306465831,true,true,8,true,true,0.003737108,0.0027364844,0.220358074,0.06964195,0.172090769,0.186519533,0.880278647,right_upper_arm,true,0.001508104,0,0.123364732,0.301657081,false,false,bar_linear_stillness|bar_angular_stillness|knee_extension,1.37467146,0.060352467,0.403934717,0.146226957,0.0206006989,0.0600072332,0.05,0.02,0.2,0.08726646,0.17453292,0.17453292
60,78,0.78,DESCENT,Descent,false,false,0.335690677,0.335360348,0.335690677,NA,NA,NA,false,false,NONE,1.38134825,-0.01610683,0.05019285,-0.0297353622,true,true,8,true,true,0.00375307025,0.00273623015,0.220822826,0.0691771954,0.1719534,0.186656892,0.8798701,right_upper_arm,true,0.0015063883,0,0.123292685,0.301743448,false,false,bar_linear_stillness|bar_angular_stillness|knee_extension,1.37467146,0.060522262,0.41886425,0.153015137,0.0147781055,0.05847771,0.05,0.02,0.2,0.08726646,0.17453292,0.17453292
60,79,0.79,DESCENT,Descent,false,false,0.33559972,0.3352775,0.33559972,NA,NA,NA,false,false,NONE,1.38177085,-0.0162843466,0.0506983325,-0.0287916567,true,true,8,true,true,0.00378571567,0.00275345147,0.221290633,0.06870939,0.17181471,0.186795577,0.8794158,right_upper_arm,true,0.00150455593,0,0.123212948,0.301759481,false,false,bar_linear_stillness|bar_angular_stillness|knee_extension,1.37467146,0.0605347864,0.433335632,0.159912765,0.008816155,0.05689454,0.05,0.02,0.2,0.08726646,0.17453292,0.17453292
60,80,0.8,DESCENT,Descent,false,false,0.335491836,0.335178018,0.335491836,NA,NA,NA,false,false,NONE,1.38219666,-0.0164746884,0.0509790145,-0.0278214514,true,true,8,true,true,0.00382113736,0.002771031,0.221761048,0.06823898,0.171674579,0.186935708,0.878919542,right_upper_arm,true,0.0015027246,0,0.123135373,0.301668584,false,false,bar_linear_stillness|bar_angular_stillness|knee_extension,1.37467146,0.06036811,0.4471989,0.166907787,0.007109486,0.05524879,0.05,0.02,0.2,0.08726646,0.17453292,0.17453292
60,81,0.81,DESCENT,Descent,false,false,0.3353663,0.3350615,0.3353663,NA,NA,NA,false,false,NONE,1.3826232,-0.0166770779,0.05101432,-0.0268577244,true,true,8,true,true,0.00385223376,0.002787731,0.2222336,0.06776642,0.171532869,0.187077433,0.8783885,right_upper_arm,true,0.00150052772,0,0.123032093,0.301300138,false,false,bar_linear_stillness|bar_angular_stillness|knee_extension,1.37467146,0.0600160249,0.4597732,0.173954263,0.013318561,0.0535614,0.05,0.02,0.2,0.08726646,0.17453292,0.17453292
60,82,0.82000000000000006,DESCENT,Descent,false,false,0.335224032,0.334928036,0.335224032,NA,NA,NA,false,false,NONE,1.38304842,-0.0168919712,0.0508385673,-0.0258582681,true,true,8,true,true,0.003870951,0.00278764078,0.222707778,0.06729224,0.171389446,0.187220842,0.8778232,right_upper_arm,true,0.00149845646,0,0.1229386,0.3008528,false,false,bar_linear_stillness|bar_angular_stillness|knee_extension,1.37467146,0.0594857,0.471653938,0.181085825,0.0196408853,0.05183291,0.05,0.02,0.2,0.08726646,0.17453292,0.17453292
60,83,0.83000000000000007,DESCENT,Descent,false,false,0.335063815,0.334776938,0.335063815,NA,NA,NA,false,false,NONE,1.38347,-0.0171197541,0.0504492745,-0.0248374436,true,true,8,true,true,0.00390345673,0.00280258455,0.2231829,0.06681712,0.171244189,0.1873661,0.8772271,right_upper_arm,true,0.00149638753,0,0.122845814,0.300361782,false,false,bar_linear_stillness|bar_angular_stillness|knee_extension,1.37467146,0.0587802157,0.482906848,0.188296735,0.02610383,0.0500590652,0.05,0.02,0.2,0.08726646,0.17453292,0.17453292
60,84,0.84,DESCENT,Descent,false,false,0.33488512,0.334607542,0.33488512,NA,NA,NA,false,false,NONE,1.38388622,-0.0173594728,0.0498481132,-0.0238256138,true,true,8,true,true,0.00393639272,0.002819161,0.223658472,0.06634155,0.17109701,0.187513277,0.876603067,right_upper_arm,true,0.00149430928,0,0.122755535,0.29970035,false,false,bar_linear_stillness|bar_angular_stillness|knee_extension,1.37467146,0.0579123944,0.493038,0.19554168,0.0326385945,0.04824474,0.05,0.02,0.2,0.08726646,0.17453292,0.17453292
60,85,0.85,DESCENT,Descent,false,false,0.334689081,0.3344208,0.334689081,NA,NA,NA,false,false,NONE,1.38429475,-0.017610278,0.0490466133,-0.02278969,true,true,8,true,true,0.00396325765,0.002826837,0.224133864,0.06586616,0.17094776,0.187662527,0.8759537,right_upper_arm,true,0.001492475,0,0.122684151,0.298989773,false,false,bar_linear_stillness|bar_angular_stillness|knee_extension,1.37467146,0.0568776056,0.5024148,0.202858344,0.03929438,0.04639547,0.05,0.02,0.2,0.08726646,0.17453292,0.17453292
60,86,0.86,DESCENT,Descent,false,false,0.334474385,0.334215224,0.334474385,NA,NA,NA,false,false,NONE,1.38469374,-0.0178713761,0.0480495878,-0.021738911,true,true,8,true,true,0.0040033604,0.00284685916,0.224608451,0.06539156,0.170796379,0.187813908,0.8752822,right_upper_arm,true,0.00149052381,0,0.122602604,0.298273027,false,false,bar_linear_stillness|bar_angular_stillness|knee_extension,1.37467146,0.05568419,0.5111175,0.210240468,0.04604985,0.04453367,0.05,0.02,0.2,0.08726646,0.17453292,0.17453292
60,87,0.87,DESCENT,Descent,false,false,0.334240854,0.3339911,0.334240854,NA,NA,NA,false,false,NONE,1.38508129,-0.0181430262,0.04687183,-0.0206978526,true,true,8,true,true,0.00404207455,0.00286590215,0.225081712,0.06491831,0.170642763,0.187967539,0.874587953,right_upper_arm,true,0.00148892286,0,0.1225515,0.297480583,false,false,bar_linear_stillness|bar_angular_stillness|knee_extension,1.37467146,0.05435567,0.518881857,0.217650786,0.05288039,0.0426241569,0.05,0.02,0.2,0.08726646,0.17453292,0.17453292
60,88,0.88,DESCENT,Descent,false,false,0.33398968,0.333749175,0.33398968,NA,NA,NA,false,false,NONE,1.38545561,-0.0184231773,0.04550676,-0.0196373351,true,true,8,true,true,0.00407829927,0.00288111065,0.225553051,0.06444697,0.1704868,0.1881235,0.8738751,right_upper_arm,true,0.00148720713,0,0.122489206,0.296663851,false,false,bar_linear_stillness|bar_angular_stillness|knee_extension,1.37467146,0.0528763048,0.52583617,0.225118488,0.0598002374,0.0407070778,0.05,0.02,0.2,0.08726646,0.17453292,0.17453292
60,89,0.89,DESCENT,Descent,false,false,0.3337198,0.333488524,0.3337198,NA,NA,NA,false,false,NONE,1.38581491,-0.0187115967,0.0439636968,-0.0185661651,true,true,8,true,true,0.00412451429,0.00290510966,0.226021886,0.06397813,0.170328438,0.188281849,0.87314713,right_upper_arm,true,0.00148549164,0,0.122425988,0.295874,false,false,bar_linear_stillness|bar_angular_stillness|knee_extension,1.37467146,0.05126044,0.5321548,0.232642233,0.06681383,0.03875673,0.05,0.02,0.2,0.08726646,0.17453292,0.17453292
60,90,0.9,DESCENT,Descent,false,false,0.333430827,0.333208442,0.333430827,NA,NA,NA,false,false,NONE,1.38615739,-0.0190073922,0.0422443263,-0.017486373,true,true,8,true,true,0.00417191442,0.00293013034,0.226487726,0.06351229,0.17016761,0.188442677,0.872405469,right_upper_arm,true,0.00148401433,0,0.122381441,0.295115441,false,false,bar_linear_stillness|bar_angular_stillness|knee_extension,1.37467146,0.04951401,0.5378295,0.240213931,0.0739107,0.0368002132,0.05,0.02,0.2,0.08726646,0.17453292,0.17453292
60,91,0.91,DESCENT,Descent,false,false,0.3331228,0.3329094,0.3331228,NA,NA,NA,false,false,NONE,1.38648176,-0.0193099882,0.04039411,-0.016414782,true,true,8,true,true,0.00421335641,0.002949176,0.226950109,0.06304992,0.170004264,0.188606024,0.8716464,right_upper_arm,true,0.001482769,0,0.12235605,0.294368,false,false,bar_linear_stillness|bar_angular_stillness|knee_extension,1.37467146,0.0476865247,0.5427728,0.24781,0.08105141,0.034822803,0.05,0.02,0.2,0.08726646,0.17453292,0.17453292
60,92,0.92,DESCENT,Descent,false,false,0.332797348,0.332592726,0.332797348,NA,NA,NA,false,false,NONE,1.38678658,-0.0196187925,0.0383935533,-0.0153354621,true,true,8,true,true,0.00425670948,0.00296811853,0.227408469,0.06259155,0.169838339,0.188771948,0.8708764,right_upper_arm,true,0.001481529,0,0.122328453,0.293616354,false,false,bar_linear_stillness|bar_angular_stillness|knee_extension,1.37467146,0.0457617566,0.546934068,0.255452722,0.0882686451,0.032842502,0.05,0.02,0.2,0.08726646,0.17453292,0.17453292
60,93,0.93,DESCENT,Descent,false,false,0.33245337,0.332257271,0.33245337,NA,NA,NA,false,false,NONE,1.3870703,-0.0199329257,0.03625348,-0.0142495176,true,true,8,true,true,0.00430717552,0.002994344,0.227862328,0.0621376932,0.169669792,0.1889405,0.8700977,right_upper_arm,true,0.00148040685,0,0.122309096,0.292921752,false,false,bar_linear_stillness|bar_angular_stillness|knee_extension,1.37467146,0.0437571146,0.550496638,0.263138145,0.09555264,0.0308587532,0.05,0.02,0.2,0.08726646,0.17453292,0.17453292
60,94,0.94000000000000006,DESCENT,Descent,false,false,0.332090616,0.331902862,0.332090616,NA,NA,NA,false,false,NONE,1.3873322,-0.0202522632,0.0340291932,-0.0131668411,true,true,8,true,true,0.004352394,0.00301619619,0.228311241,0.06168879,0.1694986,0.1891117,0.869304061,right_upper_arm,true,0.00147952279,0,0.122307666,0.292336643,false,false,bar_linear_stillness|bar_angular_stillness|knee_extension,1.37467146,0.0417313538,0.5536091,0.270848662,0.10287077,0.0288625881,0.05,0.02,0.2,0.08726646,0.17453292,0.17453292
60,95,0.95000000000000007,DESCENT,Descent,false,false,0.331710815,0.3315311,0.331710815,NA,NA,NA,false,false,NONE,1.38757086,-0.0205750559,0.03167475,-0.0120791662,true,true,8,true,true,0.00440427475,0.0030434134,0.228754729,0.0612452924,0.169324726,0.189285561,0.8685033,right_upper_arm,true,0.00147875736,0,0.122314066,0.2917565,false,false,bar_linear_stillness|bar_angular_stillness|knee_extension,1.37467146,0.0396551266,0.555990636,0.278597742,0.1102488,0.0268512312,0.05,0.02,0.2,0.08726646,0.17453292,0.17453292
60,96,0.96,DESCENT,Descent,false,false,0.331312537,0.331140578,0.331312537,NA,NA,NA,false,false,NONE,1.3877852,-0.02090062,0.0292091,-0.0109876059,true,true,8,true,true,0.00446000276,0.00307406439,0.229192391,0.06080763,0.169148147,0.18946214,0.8676986,right_upper_arm,true,0.00147799088,0,0.122318335,0.291243285,false,false,bar_linear_stillness|bar_angular_stillness|knee_extension,1.37467146,0.03755975,0.557820857,0.286380738,0.117681615,0.0248593837,0.05,0.02,0.2,0.08726646,0.17453292,0.17453292
60,97,0.97,DESCENT,Descent,false,false,0.330895782,0.3307314,0.330895782,NA,NA,NA,false,false,NONE,1.38797486,-0.0212292764,0.0266996548,-0.009892138,true,true,8,true,true,0.00450822338,0.003096772,0.229623854,0.0603761673,0.168968871,0.189641416,0.8668797,right_upper_arm,true,0.00147746573,0,0.122339912,0.290919036,false,false,bar_linear_stillness|bar_angular_stillness|knee_extension,1.37467146,0.0355163068,0.5595172,0.2941926,0.125140518,0.0228504352,0.05,0.02,0.2,0.08726646,0.17453292,0.17453292
60,98,0.98,DESCENT,Descent,false,false,0.330462575,0.330305338,0.330462575,NA,NA,NA,false,false,NONE,1.38813865,-0.0215592943,0.024079591,-0.008797681,true,true,8,true,true,0.00456574559,0.00312814186,0.230048716,0.0599512979,0.168786883,0.1898234,0.8660571,right_upper_arm,true,0.00147693662,0,0.122359343,0.290582836,false,false,bar_linear_stillness|bar_angular_stillness|knee_extension,1.37467146,0.033496704,0.560491443,0.302034467,0.132646382,0.0208766162,0.05,0.02,0.2,0.08726646,0.17453292,0.17453292
60,99,0.99,DESCENT,Descent,false,false,0.3300112,0.329861,0.3300112,NA,NA,NA,false,false,NONE,1.38827562,-0.0218896624,0.0213717148,-0.007701449,true,true,8,true,true,0.00462432252,0.00316137378,0.2304667,0.0595333278,0.168602169,0.1900081,0.865234256,right_upper_arm,true,0.00147652789,0,0.122386076,0.290313244,false,false,bar_linear_stillness|bar_angular_stillness|knee_extension,1.37467146,0.0315471031,0.5609526,0.309906453,0.14019689,0.02280866,0.05,0.02,0.2,0.08726646,0.17453292,0.17453292
60,100,1,DESCENT,Descent,false,false,0.329541922,0.329398453,0.329541922,NA,NA,NA,false,false,NONE,1.38838589,-0.0222214051,0.0186646357,-0.006592882,true,true,8,true,true,0.004673019,0.00318414858,0.2308774,0.0591226146,0.168414772,0.1901955,0.864398062,right_upper_arm,true,0.00147648051,0,0.122439884,0.29029575,false,false,bar_linear_stillness|bar_angular_stillness|knee_extension,1.37467146,0.0297594611,0.5615942,0.317806453,0.147767529,0.0247536581,0.05,0.02,0.2,0.08726646,0.17453292,0.17453292
60,101,1.01,DESCENT,Descent,false,false,0.329056323,0.328919351,0.329056323,NA,NA,NA,false,false,NONE,1.38846838,-0.0225520413,0.0158573911,-0.00548998266,true,true,8,true,true,0.004735906,0.00322146784,0.2312806,0.0587194264,0.168224692,0.19038558,0.8635611,right_upper_arm,true,0.001476193,0,0.122471355,0.290248364,false,false,bar_linear_stillness|bar_angular_stillness|knee_extension,1.37467146,0.0281103421,0.5614814,0.325731844,0.155375451,0.0266819876,0.05,0.02,0.2,0.08726646,0.17453292,0.17453292
60,102,1.02,DESCENT,Descent,false,false,0.328553021,0.328422248,0.328553021,NA,NA,NA,false,false,NONE,1.38852251,-0.0228810366,0.012984328,-0.004388298,true,true,8,true,true,0.00479588844,0.00325648556,0.231676012,0.0583240166,0.168031961,0.190578327,0.8627273,right_upper_arm,true,0.001475903,0,0.122500226,0.290246964,false,false,bar_linear_stillness|bar_angular_stillness|knee_extension,1.37467146,0.02667193,0.5609102,0.3336824,0.16301699,0.0285970215,0.05,0.02,0.2,0.08726646,0.17453292,0.17453292
60,103,1.03,DESCENT,Descent,false,false,0.3280323,0.327907264,0.3280323,NA,NA,NA,false,false,NONE,1.38854778,-0.0232076086,0.0100727007,-0.003285808,true,true,8,true,true,0.004854719,0.00328935846,0.232063413,0.0579366162,0.167836621,0.190773666,0.861897767,right_upper_arm,true,0.00147585047,0,0.122546233,0.2903357,false,false,bar_linear_stillness|bar_angular_stillness|knee_extension,1.37467146,0.0255117416,0.5600173,0.341652244,0.170690551,0.0305090845,0.05,0.02,0.2,0.08726646,0.17453292,0.17453292
60,104,1.04,DESCENT,Descent,false,false,0.327494323,0.327374876,0.327494323,NA,NA,NA,false,false,NONE,1.38854456,-0.0235330053,0.00719237328,-0.00216254,true,true,8,true,true,0.004904271,0.003313225,0.232442528,0.0575574934,0.167638689,0.1909716,0.8610564,right_upper_arm,true,0.00147616433,0,0.1226192,0.290728539,false,false,bar_linear_stillness|bar_angular_stillness|knee_extension|hip_extension,1.37467146,0.0247024111,0.559544265,0.349649161,0.178373381,0.0324113443,0.05,0.02,0.2,0.08726646,0.17453292,0.17453292
60,105,1.05,DESCENT,Descent,false,false,0.3269409,0.326826572,0.3269409,NA,NA,NA,false,false,NONE,1.38851213,-0.02385459,0.004251227,-0.00105273875,true,true,8,true,true,0.004970628,0.0033554926,0.23281315,0.05718687,0.167438224,0.191172063,0.8602172,right_upper_arm,true,0.00147635385,0,0.122679651,0.291078031,false,false,bar_linear_stillness|bar_angular_stillness|knee_extension|hip_extension,1.37467146,0.0242533013,0.5584339,0.3576641,0.186084971,0.0342915319,0.05,0.02,0.2,0.08726646,0.17453292,0.17453292
60,106,1.06,DESCENT,Descent,false,false,0.3263703,0.326260924,0.3263703,NA,NA,NA,false,false,NONE,1.38845026,-0.0241721049,0.00128105283,5.29243844E-05,true,true,8,true,true,0.00503286859,0.003393223,0.233175129,0.0568248928,0.16723527,0.191375017,0.859384,right_upper_arm,true,0.00147641974,0,0.122727424,0.29146412,false,false,bar_linear_stillness|bar_angular_stillness|knee_extension|hip_extension,1.37467146,0.0242060851,0.556909561,0.365695953,0.193819538,0.03615969,0.05,0.02,0.2,0.08726646,0.17453292,0.17453292
60,107,1.07,DESCENT,Descent,false,false,0.325782955,0.32567817,0.325782955,NA,NA,NA,false,false,NONE,1.38835967,-0.0244867783,-0.0016233623,0.00118727074,true,true,8,true,true,0.00508310925,0.00341811054,0.233528227,0.0564717948,0.167029887,0.1915804,0.8585382,right_upper_arm,true,0.00147709541,0,0.12282221,0.292187452,false,false,bar_linear_stillness|bar_angular_stillness|knee_extension|hip_extension,1.37467146,0.0245692339,0.556042,0.373756,0.201559141,0.0380426645,0.05,0.02,0.2,0.08726646,0.17453292,0.17453292
60,108,1.08,DESCENT,Descent,false,false,0.3251804,0.325079978,0.3251804,NA,NA,NA,false,false,NONE,1.38823962,-0.0247956123,-0.004591562,0.00230474165,true,true,8,true,true,0.005154581,0.00346632069,0.233872309,0.0561277121,0.1668221,0.191788182,0.857696533,right_upper_arm,true,0.00147728343,0,0.122874528,0.292823255,false,false,bar_linear_stillness|bar_angular_stillness|knee_extension|hip_extension,1.37467146,0.0253222566,0.5544483,0.381827533,0.209321618,0.0398846045,0.05,0.02,0.2,0.08726646,0.17453292,0.17453292
60,109,1.09,DESCENT,Descent,false,false,0.3245613,0.324465036,0.3245613,NA,NA,NA,false,false,NONE,1.38809,-0.02509849,-0.007576041,0.0034134,true,true,8,true,true,0.00521750562,0.00350623857,0.2342073,0.05579272,0.166612014,0.191998273,0.8568639,right_upper_arm,true,0.00147735083,0,0.122914106,0.293462545,false,false,bar_linear_stillness|bar_angular_stillness|knee_extension|hip_extension,1.37467146,0.026438266,0.5524284,0.389908731,0.217103526,0.04172524,0.05,0.02,0.2,0.08726646,0.17453292,0.17453292
60,110,1.1,DESCENT,Descent,false,false,0.323925972,0.3238334,0.323925972,110,NA,NA,false,false,NONE,1.38791168,-0.02539675,-0.0104726627,0.004563786,true,true,8,true,true,0.00526682567,0.003531099,0.234533012,0.05546701,0.166399688,0.1922106,0.856017351,right_upper_arm,true,0.00147815258,0,0.123011045,0.2944937,false,false,bar_linear_stillness|bar_angular_stillness|knee_extension|hip_extension,1.37467146,0.0278477948,0.5513505,0.398020238,0.224884868,0.04355927,0.05,0.02,0.2,0.08726646,0.17453292,0.17453292
60,111,1.11,DESCENT,Descent,false,false,0.323275626,0.323186636,0.323275626,110,NA,NA,false,false,NONE,1.3877039,-0.0256878976,-0.0134321824,0.00569007546,true,true,8,true,true,0.005342013,0.003584093,0.234849334,0.0551506877,0.16618517,0.192425117,0.855176866,right_upper_arm,true,0.00147846,0,0.1230652,0.2953854,false,false,bar_linear_stillness|bar_angular_stillness|knee_extension|hip_extension,1.37467146,0.0295409635,0.5494634,0.4061356,0.232685372,0.0453717336,0.05,0.02,0.2,0.08726646,0.17453292,0.17453292
60,112,1.12,DESCENT,Descent,false,false,0.322609365,0.322523415,0.322609365,110,NA,NA,false,false,NONE,1.38746667,-0.0259713177,-0.0163995326,0.0068034865,true,true,8,true,true,0.005403873,0.00362543878,0.235156253,0.05484377,0.165968552,0.192641735,0.8543478,right_upper_arm,true,0.00147864479,0,0.123106562,0.2962442,false,false,bar_linear_stillness|bar_angular_stillness|knee_extension|hip_extension,1.37467146,0.0314601548,0.5470907,0.4142535,0.2404983,0.04716512,0.05,0.02,0.2,0.08726646,0.17453292,0.17453292
60,113,1.1300000000000001,DESCENT,Descent,false,false,0.3219272,0.321844339,0.3219272,110,NA,NA,false,false,NONE,1.38720024,-0.02624659,-0.0193439424,0.007911722,true,true,8,true,true,0.005463976,0.00366398972,0.2354537,0.0545463264,0.165749922,0.192860365,0.8535319,right_upper_arm,true,0.00147918542,0,0.1231749,0.297155559,false,false,bar_linear_stillness|bar_angular_stillness|knee_extension|hip_extension,1.37467146,0.03355096,0.544517338,0.422372848,0.248322621,0.0489317775,0.05,0.02,0.2,0.08726646,0.17453292,0.17453292
60,114,1.1400000000000001,DESCENT,Descent,false,false,0.321229637,0.3211493,0.321229637,110,NA,NA,false,false,NONE,1.38690555,-0.0265153218,-0.0221841559,0.00906828,true,true,8,true,true,0.00551416166,0.00369084859,0.235741466,0.0542585477,0.16552937,0.193080917,0.8527034,right_upper_arm,true,0.0014799909,0,0.123261616,0.298483074,false,false,bar_linear_stillness|bar_angular_stillness|knee_extension|hip_extension,1.37467146,0.03574119,0.5430579,0.430518776,0.256147116,0.05070273,0.05,0.02,0.2,0.08726646,0.17453292,0.17453292
60,115,1.1500000000000001,DESCENT,Descent,false,false,0.320517778,0.320440054,0.320517778,110,NA,NA,false,false,NONE,1.38658226,-0.0267750844,-0.0250699073,0.010195611,true,true,8,true,true,0.00559188,0.00374944531,0.236019552,0.0539804772,0.165306956,0.193303332,0.851883054,right_upper_arm,true,0.0014802994,0,0.1233051,0.29966858,false,false,bar_linear_stillness|bar_angular_stillness|knee_extension|hip_extension,1.37467146,0.0380704068,0.540884733,0.438660383,0.2639828,0.052454818,0.05,0.02,0.2,0.08726646,0.17453292,0.17453292
60,116,1.16,DESCENT,Descent,false,false,0.319790542,0.319714963,0.319790542,110,NA,NA,false,false,NONE,1.38623023,-0.0270248484,-0.0279552713,0.0113075888,true,true,8,true,true,0.00565585773,0.003794834,0.236287951,0.0537120774,0.165082812,0.193527475,0.851075947,right_upper_arm,true,0.00148060254,0,0.123345651,0.300809354,false,false,bar_linear_stillness|bar_angular_stillness|knee_extension|hip_extension,1.37467146,0.0404932238,0.538262546,0.4467975,0.271825254,0.054176677,0.05,0.02,0.2,0.08726646,0.17453292,0.17453292
60,117,1.17,DESCENT,Descent,false,false,0.319048584,0.318974733,0.319048584,110,NA,NA,false,false,NONE,1.38585079,-0.02726696,-0.0307316631,0.0124773029,true,true,8,true,true,0.005704217,0.00382169848,0.236546546,0.0534534752,0.164857,0.193753287,0.8502546,right_upper_arm,true,0.00148153014,0,0.123434983,0.3023837,false,false,bar_linear_stillness|bar_angular_stillness|knee_extension|hip_extension,1.37467146,0.0429372266,0.536932945,0.454963744,0.279666334,0.0559052266,0.05,0.02,0.2,0.08726646,0.17453292,0.17453292
60,118,1.18,DESCENT,Descent,false,false,0.318292439,0.318220437,0.318292439,110,NA,NA,false,false,NONE,1.38544309,-0.02749839,-0.0335612968,0.01360727,true,true,8,true,true,0.005782622,0.003883643,0.236795321,0.0532047,0.164629608,0.193980664,0.8494427,right_upper_arm,true,0.00148171792,0,0.123460673,0.3037412,false,false,bar_linear_stillness|bar_angular_stillness|knee_extension|hip_extension,1.37467146,0.04547175,0.534693658,0.463117838,0.287514627,0.0576109029,0.05,0.02,0.2,0.08726646,0.17453292,0.17453292
60,119,1.19,DESCENT,Descent,false,false,0.317521334,0.317450643,0.317521334,110,NA,NA,false,false,NONE,1.38500738,-0.0277189258,-0.03638825,0.0147153586,true,true,8,true,true,0.00584412366,0.003928875,0.237034351,0.0529656634,0.164400771,0.194209516,0.848646641,right_upper_arm,true,0.00148189918,0,0.123483315,0.30501,false,false,bar_linear_stillness|bar_angular_stillness|knee_extension|hip_extension,1.37467146,0.0480519,0.5319118,0.471260428,0.295368046,0.0592795946,0.05,0.02,0.2,0.08726646,0.17453292,0.17453292
60,120,1.2,DESCENT,Descent,false,false,0.316735923,0.316666365,0.316735923,110,NA,NA,false,false,NONE,1.38454485,-0.02793098,-0.03908837,0.0158928875,true,true,8,true,true,0.0058897147,0.003954513,0.23726356,0.05273647,0.164170578,0.194439709,0.847834766,right_upper_arm,true,0.00148259476,0,0.123545922,0.306760281,false,false,bar_linear_stillness|bar_angular_stillness|knee_extension|hip_extension,1.37467146,0.05060261,0.5306523,0.479433477,0.303219944,0.060969118,0.05,0.02,0.2,0.08726646,0.17453292,0.17453292
60,121,1.21,DESCENT,Descent,false,false,0.315936923,0.315868378,0.315936923,110,NA,NA,false,false,NONE,1.3840549,-0.028131187,-0.0418494344,0.0170198269,true,true,8,true,true,0.00597025733,0.004020529,0.237482861,0.05251716,0.163939118,0.194671169,0.8470345,right_upper_arm,true,0.00148278056,0,0.123563893,0.308231354,false,false,bar_linear_stillness|bar_angular_stillness|knee_extension|hip_extension,1.37467146,0.05322042,0.5283479,0.487588167,0.31107676,0.0626207,0.05,0.02,0.2,0.08726646,0.17453292,0.17453292
60,122,1.22,DESCENT,Descent,false,false,0.31512332,0.3150555,0.31512332,110,NA,NA,false,false,NONE,1.38353753,-0.0283197,-0.04459683,0.018115446,true,true,8,true,true,0.0060298536,0.004066247,0.237692416,0.0523076057,0.1637065,0.194903791,0.846252859,right_upper_arm,true,0.00148283853,0,0.123568624,0.3095686,false,false,bar_linear_stillness|bar_angular_stillness|knee_extension|hip_extension,1.37467146,0.05584847,0.5253758,0.495724052,0.318936765,0.06423727,0.05,0.02,0.2,0.08726646,0.17453292,0.17453292
60,123,1.23,DESCENT,Descent,false,false,0.314296365,0.314228773,0.314296365,110,NA,NA,false,false,NONE,1.38299346,-0.0284959842,-0.04728782,0.0191942323,true,true,8,true,true,0.006086761,0.004109895,0.237892181,0.05210784,0.163472861,0.195137426,0.8454914,right_upper_arm,true,0.001483252,0,0.123600394,0.310898721,false,false,bar_linear_stillness|bar_angular_stillness|knee_extension|hip_extension,1.37467146,0.0584515,0.522118449,0.5038398,0.3267969,0.0658286437,0.05,0.02,0.2,0.08726646,0.17453292,0.17453292
60,124,1.24,DESCENT,Descent,false,false,0.313456416,0.3133887,0.313456416,110,NA,NA,false,false,NONE,1.382424,-0.0286625214,-0.0498460531,0.0203481,true,true,8,true,true,0.006134448,0.00413899,0.238082,0.0519180149,0.1632383,0.195371985,0.8447157,right_upper_arm,true,0.00148406567,0,0.123663396,0.3127245,false,false,bar_linear_stillness|bar_angular_stillness|knee_extension|hip_extension,1.37467146,0.06099356,0.5205171,0.511982143,0.334653646,0.06742138,0.05,0.02,0.2,0.08726646,0.17453292,0.17453292
60,125,1.25,DESCENT,Descent,false,false,0.312603235,0.312535524,0.312603235,110,NA,NA,false,false,NONE,1.38182855,-0.0288160257,-0.0524586439,0.0214472171,true,true,8,true,true,0.006218719,0.00421186863,0.238261908,0.0517381132,0.163002923,0.195607364,0.843953,right_upper_arm,true,0.00148425088,0,0.123671368,0.314286858,false,false,bar_linear_stillness|bar_angular_stillness|knee_extension|hip_extension,1.37467146,0.06357874,0.5179557,0.5200985,0.3425116,0.0689911842,0.05,0.02,0.2,0.08726646,0.17453292,0.17453292
60,126,1.26,DESCENT,Descent,false,false,0.311736465,0.311668277,0.311736465,110,NA,NA,false,false,NONE,1.38120711,-0.0289562568,-0.05505932,0.0225142967,true,true,8,true,true,0.006279726,0.004262151,0.23843208,0.0515679419,0.162766829,0.195843458,0.84321,right_upper_arm,true,0.0014843056,0,0.123665832,0.315715253,false,false,bar_linear_stillness|bar_angular_stillness|knee_extension|hip_extension,1.37467146,0.06615805,0.5147792,0.528188348,0.350368053,0.07052607,0.05,0.02,0.2,0.08726646,0.17453292,0.17453292
60,127,1.27,DESCENT,Descent,false,false,0.310857475,0.3107887,0.310857475,110,NA,NA,false,false,NONE,1.38056111,-0.029085448,-0.0575383,0.0236662943,true,true,8,true,true,0.006324012,0.00429014023,0.238592356,0.051407665,0.162530184,0.1960801,0.842450559,right_upper_arm,true,0.00148512,0,0.123722106,0.317640066,false,false,bar_linear_stillness|bar_angular_stillness|knee_extension|hip_extension,1.37467146,0.06867833,0.513375,0.536307454,0.3582199,0.07206799,0.05,0.02,0.2,0.08726646,0.17453292,0.17453292
60,128,1.28,DESCENT,Descent,false,false,0.3099655,0.3098961,0.3099655,110,NA,NA,false,false,NONE,1.37988985,-0.02920049,-0.0600828454,0.0247488283,true,true,8,true,true,0.006406146,0.004363521,0.238742828,0.0512571931,0.162293047,0.196317255,0.841705561,right_upper_arm,true,0.00148482411,0,0.123682827,0.319216371,false,false,bar_linear_stillness|bar_angular_stillness|knee_extension|hip_extension,1.37467146,0.07123989,0.510768533,0.5443935,0.3660714,0.07357438,0.05,0.02,0.2,0.08726646,0.17453292,0.17453292
60,129,1.29,DESCENT,Descent,false,false,0.3090608,0.3089903,0.3090608,110,NA,NA,false,false,NONE,1.37919331,-0.0293016937,-0.06261418,0.0257894546,true,true,8,true,true,0.0064625144,0.0044120457,0.238883674,0.0511163473,0.162055552,0.196554735,0.8409829,right_upper_arm,true,0.0014847524,0,0.123659387,0.32060805,false,false,bar_linear_stillness|bar_angular_stillness|knee_extension|hip_extension,1.37467146,0.07378496,0.507398546,0.552447557,0.373919576,0.07504737,0.05,0.02,0.2,0.08726646,0.17453292,0.17453292
60,130,1.3,DESCENT,Descent,false,false,0.308144748,0.308072627,0.308144748,110,NA,NA,false,false,NONE,1.37847292,-0.0293920785,-0.06501437,0.0269282144,true,true,8,true,true,0.006502241,0.00443754857,0.239014775,0.05098524,0.161817864,0.196792424,0.840242267,right_upper_arm,true,0.00148533273,0,0.123689756,0.322546929,false,false,bar_linear_stillness|bar_angular_stillness|knee_extension|hip_extension,1.37467146,0.07626199,0.5060333,0.560532331,0.3817628,0.07652942,0.05,0.02,0.2,0.08726646,0.17453292,0.17453292
60,131,1.31,DESCENT,Descent,false,false,0.307215929,0.307142735,0.307215929,110,NA,NA,false,false,NONE,1.377728,-0.029467646,-0.0674843639,0.0279834755,true,true,8,true,true,0.00658413349,0.00451414939,0.239136174,0.0508638471,0.161580041,0.197030246,0.83951813,right_upper_arm,true,0.00148502924,0,0.123642668,0.32407093,false,false,bar_linear_stillness|bar_angular_stillness|knee_extension|hip_extension,1.37467146,0.0787753537,0.503289759,0.5685766,0.389603376,0.07798026,0.05,0.02,0.2,0.08726646,0.17453292,0.17453292
60,132,1.32,DESCENT,Descent,false,false,0.3062753,0.3062001,0.3062753,110,NA,NA,false,false,NONE,1.37695861,-0.0295294411,-0.06992659,0.02898506,true,true,8,true,true,0.00663731946,0.00456224149,0.239248037,0.0507519841,0.161342233,0.197268054,0.8388195,right_upper_arm,true,0.0014850673,0,0.123620965,0.325367361,false,false,bar_linear_stillness|bar_angular_stillness|knee_extension|hip_extension,1.37467146,0.08125177,0.49965024,0.5765836,0.397440344,0.07938058,0.05,0.02,0.2,0.08726646,0.17453292,0.17453292
60,133,1.33,DESCENT,Descent,false,false,0.305324078,0.305246651,0.305324078,110,NA,NA,false,false,NONE,1.37616587,-0.029577272,-0.0722724348,0.0299505778,true,true,8,true,true,0.00668767,0.00460676244,0.239350408,0.0506496131,0.161104575,0.197505713,0.8381491,right_upper_arm,true,0.001485343,0,0.123616636,0.326592982,false,false,bar_linear_stillness|bar_angular_stillness|knee_extension|hip_extension,1.37467146,0.08363705,0.495604277,0.58455354,0.4052699,0.0807477757,0.05,0.02,0.2,0.08726646,0.17453292,0.17453292
60,134,1.34,DESCENT,Descent,false,false,0.304362774,0.304282784,0.304362774,110,NA,NA,false,false,NONE,1.37535322,-0.0296182949,-0.0742369,0.0308313668,true,true,8,true,true,0.0067088753,0.00462911045,0.239443183,0.050556846,0.160867155,0.197743133,0.837482035,right_upper_arm,true,0.00148785918,0,0.1237947,0.3279007,false,false,bar_linear_stillness|bar_angular_stillness|knee_extension|hip_extension,1.37467146,0.08566758,0.491461456,0.5924222,0.41297105,0.08211546,0.05,0.02,0.2,0.08726646,0.17453292,0.17453292
60,135,1.35,DESCENT,Descent,false,false,0.3034032,0.303319871,0.3034032,110,NA,NA,false,false,NONE,1.37452221,-0.0296455435,-0.07608592,0.0316851959,true,true,8,true,true,0.006772561,0.00468158536,0.239526123,0.0504739,0.160630077,0.19798021,0.8368375,right_upper_arm,true,0.00148979435,0,0.123922884,0.3290474,false,false,bar_linear_stillness|bar_angular_stillness|knee_extension|hip_extension,1.37467146,0.08758925,0.486598879,0.6002793,0.420675933,0.0834378749,0.05,0.02,0.2,0.08726646,0.17453292,0.17453292
60,136,1.36,DESCENT,Descent,false,false,0.302433252,0.3023469,0.302433252,110,NA,NA,false,false,NONE,1.37367308,-0.0296569113,-0.077911,0.03254354,true,true,8,true,true,0.00686604949,0.0047637485,0.239599168,0.0504008532,0.160393447,0.198216841,0.8362178,right_upper_arm,true,0.00149090821,0,0.123981476,0.330227047,false,false,bar_linear_stillness|bar_angular_stillness|knee_extension|hip_extension,1.37467146,0.08949155,0.48178947,0.608111262,0.4283906,0.0847171545,0.05,0.02,0.2,0.08726646,0.17453292,0.17453292
60,137,1.37,DESCENT,Descent,false,false,0.30145216,0.301362574,0.30145216,110,NA,NA,false,false,NONE,1.37281013,-0.0296625849,-0.07924161,0.0331782252,true,true,8,true,true,0.00689813728,0.0048064515,0.239662617,0.050337404,0.160157323,0.198452964,0.835617661,right_upper_arm,true,0.00149455876,0,0.124242619,0.331116676,false,false,bar_linear_stillness|bar_angular_stillness|knee_extension|hip_extension,1.37467146,0.09088397,0.47530508,0.6157302,0.435870528,0.08599405,0.05,0.02,0.2,0.08726646,0.17453292,0.17453292
60,138,1.3800000000000001,DESCENT,Descent,false,false,0.300485671,0.300391078,0.300485671,110,NA,NA,false,false,NONE,1.37193513,-0.0296506453,-0.0804785639,0.033880122,true,true,8,true,true,0.00695460476,0.0048427307,0.239716172,0.05028385,0.159921855,0.198688433,0.835039854,right_upper_arm,true,0.00149697158,0,0.124403737,0.3320689,false,false,bar_linear_stillness|bar_angular_stillness|knee_extension|hip_extension,1.37467146,0.09221617,0.4689143,0.6233733,0.443376929,0.0872221962,0.05,0.02,0.2,0.08726646,0.17453292,0.17453292
60,139,1.3900000000000001,DESCENT,Descent,false,false,0.2995087,0.299410224,0.2995087,110,NA,NA,false,false,NONE,1.37104678,-0.0296181459,-0.0818532556,0.03466836,true,true,8,true,true,0.00708035938,0.00494854664,0.239759743,0.0502402857,0.159687132,0.198923156,0.834482849,right_upper_arm,true,0.00149740221,0,0.124402031,0.33327648,false,false,bar_linear_stillness|bar_angular_stillness|knee_extension|hip_extension,1.37467146,0.09369677,0.463690251,0.6310155,0.450919867,0.08841442,0.05,0.02,0.2,0.08726646,0.17453292,0.17453292
60,140,1.4000000000000001,DESCENT,Descent,false,false,0.298517942,0.298416018,0.298517942,110,NA,NA,false,false,NONE,1.37014663,-0.0295741558,-0.0829969943,0.035311088,true,true,8,true,true,0.00713718031,0.00501230359,0.2397939,0.0502061322,0.159453273,0.199157014,0.8339382,right_upper_arm,true,0.00149859767,0,0.124456689,0.334342629,false,false,bar_linear_stillness|bar_angular_stillness|knee_extension|hip_extension,1.37467146,0.094921045,0.457776129,0.638473153,0.4582657,0.08960677,0.05,0.02,0.2,0.08726646,0.17453292,0.17453292
60,141,1.41,DESCENT,Descent,false,false,0.297539175,0.297432244,0.297539175,110,NA,NA,false,false,NONE,1.36923373,-0.0295071285,-0.08431686,0.0360638276,true,true,8,true,true,0.007195957,0.00505289948,0.239818722,0.0501813,0.159220457,0.19938983,0.833408237,right_upper_arm,true,0.00149819348,0,0.124382786,0.335489184,false,false,bar_linear_stillness|bar_angular_stillness|knee_extension|hip_extension,1.37467146,0.09633589,0.452544451,0.6459731,0.4656609,0.09075719,0.05,0.02,0.2,0.08726646,0.17453292,0.17453292
60,142,1.42,DESCENT,Descent,false,false,0.2965477,0.2964368,0.2965477,110,NA,NA,false,false,NONE,1.36830461,-0.0294157844,-0.0859911144,0.0369266942,true,true,8,true,true,0.007301553,0.00514358375,0.239834338,0.0501656756,0.158988848,0.199621439,0.8328923,right_upper_arm,true,0.00149532582,0,0.12410716,0.336850256,false,false,bar_linear_stillness|bar_angular_stillness|knee_extension|hip_extension,1.37467146,0.09809863,0.448821574,0.6534917,0.473115027,0.09187765,0.05,0.02,0.2,0.08726646,0.17453292,0.17453292
60,143,1.43,DESCENT,Descent,false,false,0.295540631,0.295426071,0.295540631,110,NA,NA,false,false,NONE,1.36735451,-0.0292990729,-0.08812939,0.0378817432,true,true,8,true,true,0.00738582853,0.005222594,0.2398414,0.05015862,0.158758685,0.1998516,0.832386255,right_upper_arm,true,0.0014903259,0,0.123655386,0.3383265,false,false,bar_linear_stillness|bar_angular_stillness|knee_extension|hip_extension,1.37467146,0.100300804,0.446428925,0.6610233,0.480622977,0.0929692239,0.05,0.02,0.2,0.08726646,0.17453292,0.17453292
60,144,1.44,DESCENT,Descent,false,false,0.2945183,0.294400215,0.2945183,110,NA,NA,false,false,NONE,1.36638331,-0.0291701872,-0.09021456,0.03870377,true,true,8,true,true,0.007381838,0.005239885,0.239840567,0.05015946,0.158530131,0.200080156,0.831887,right_upper_arm,true,0.00148726662,0,0.123355359,0.3395891,false,false,bar_linear_stillness|bar_angular_stillness|knee_extension|hip_extension,1.37467146,0.102408729,0.443682551,0.6684281,0.48799,0.0940709561,0.05,0.02,0.2,0.08726646,0.17453292,0.17453292
60,145,1.45,DESCENT,Descent,false,false,0.293502569,0.293379,0.293502569,110,NA,NA,false,false,NONE,1.36538959,-0.0290226918,-0.0924978852,0.0395922437,true,true,8,true,true,0.00738988165,0.00524747046,0.239831835,0.0501681864,0.1583034,0.200306892,0.831398249,right_upper_arm,true,0.00148412923,0,0.123051234,0.340815067,false,false,bar_linear_stillness|bar_angular_stillness|knee_extension|hip_extension,1.37467146,0.104717337,0.44152993,0.675902545,0.49543196,0.09513989,0.05,0.02,0.2,0.08726646,0.17453292,0.17453292
60,146,1.46,DESCENT,Descent,false,false,0.292470455,0.2923426,0.292470455,110,NA,NA,false,false,NONE,1.36437058,-0.0288558453,-0.0950546041,0.0405424163,true,true,8,true,true,0.0074504395,0.00531164836,0.239815265,0.0501847565,0.158078671,0.200531617,0.8309202,right_upper_arm,true,0.00148029381,0,0.122689836,0.342128754,false,false,bar_linear_stillness|bar_angular_stillness|knee_extension|hip_extension,1.37467146,0.107292704,0.4405548,0.683429658,0.502957165,0.09618457,0.05,0.02,0.2,0.08726646,0.17453292,0.17453292
60,147,1.47,DESCENT,Descent,false,false,0.291419029,0.291286647,0.291419029,110,NA,NA,false,false,NONE,1.36332726,-0.0286810063,-0.09745847,0.041354917,true,true,8,true,true,0.007458643,0.00534390938,0.239791334,0.0502086878,0.157856077,0.200754225,0.830448031,right_upper_arm,true,0.0014784073,0,0.122480392,0.343250215,false,false,bar_linear_stillness|bar_angular_stillness|knee_extension|hip_extension,1.37467146,0.109685831,0.439255863,0.6908709,0.5103813,0.0972401,0.05,0.02,0.2,0.08726646,0.17453292,0.17453292
60,148,1.48,DESCENT,Descent,false,false,0.2903688,0.290230632,0.2903688,110,NA,NA,false,false,NONE,1.36225867,-0.02848718,-0.100009844,0.0422210172,true,true,8,true,true,0.00748491427,0.005369911,0.239760116,0.0502399057,0.157635763,0.200974524,0.829985559,right_upper_arm,true,0.001476327,0,0.12225771,0.344305933,false,false,bar_linear_stillness|bar_angular_stillness|knee_extension|hip_extension,1.37467146,0.112232357,0.43841216,0.698406,0.517901957,0.09826974,0.05,0.02,0.2,0.08726646,0.17453292,0.17453292
60,149,1.49,DESCENT,Descent,false,false,0.289298236,0.2891549,0.289298236,110,NA,NA,false,false,NONE,1.3611623,-0.0282724425,-0.102821141,0.0431468971,true,true,8,true,true,0.00755604031,0.005442261,0.239721715,0.0502783135,0.157417923,0.201192364,0.829532,right_upper_arm,true,0.00147307932,0,0.121939823,0.345404,false,false,bar_linear_stillness|bar_angular_stillness|knee_extension|hip_extension,1.37467146,0.115035526,0.438570023,0.70601356,0.525525749,0.0992791057,0.05,0.02,0.2,0.08726646,0.17453292,0.17453292
60,150,1.5,DESCENT,Descent,false,false,0.288204849,0.288056374,0.288204849,110,NA,NA,false,false,NONE,1.36003888,-0.0280470159,-0.105494268,0.0439531021,true,true,8,true,true,0.00757135265,0.00547912344,0.239676654,0.0503233671,0.157202646,0.201407641,0.8290832,right_upper_arm,true,0.00147167523,0,0.121765509,0.3463132,false,false,bar_linear_stillness|bar_angular_stillness|knee_extension|hip_extension,1.37467146,0.117675617,0.438430965,0.713563561,0.533076048,0.100299723,0.05,0.02,0.2,0.08726646,0.17453292,0.17453292
60,151,1.51,DESCENT,Descent,false,false,0.2871086,0.286953866,0.2871086,110,NA,NA,false,false,NONE,1.35888755,-0.02780185,-0.108316548,0.0448119864,true,true,8,true,true,0.007599185,0.005506456,0.2396251,0.0503749326,0.156990111,0.201620176,0.82864213,right_upper_arm,true,0.001469602,0,0.1215393,0.347123623,false,false,bar_linear_stillness|bar_angular_stillness|knee_extension|hip_extension,1.37467146,0.120472118,0.4386484,0.721219659,0.540735841,0.101298295,0.05,0.02,0.2,0.08726646,0.17453292,0.17453292
60,152,1.52,DESCENT,Descent,false,false,0.285989285,0.285828829,0.285989285,110,NA,NA,false,false,NONE,1.35770571,-0.0275351852,-0.111405104,0.04572898,true,true,8,true,true,0.0076648877,0.00557420868,0.239567161,0.05043287,0.156780437,0.201829851,0.8282086,right_upper_arm,true,0.00146623934,0,0.121207789,0.347936481,false,false,bar_linear_stillness|bar_angular_stillness|knee_extension|hip_extension,1.37467146,0.123533085,0.439718246,0.728958,0.5485091,0.1022778,0.05,0.02,0.2,0.08726646,0.17453292,0.17453292
60,153,1.53,DESCENT,Descent,false,false,0.2848447,0.284679055,0.2848447,110,NA,NA,false,false,NONE,1.35649014,-0.0272462815,-0.114798658,0.0466880873,true,true,8,true,true,0.0077183973,0.005633008,0.239503324,0.0504967049,0.156573832,0.20203647,0.827781439,right_upper_arm,true,0.00146193244,0,0.120798163,0.3486967,false,false,bar_linear_stillness|bar_angular_stillness|knee_extension|hip_extension,1.37467146,0.1268892,0.441533685,0.736772656,0.556387961,0.103245713,0.05,0.02,0.2,0.08726646,0.17453292,0.17453292
60,154,1.54,DESCENT,Descent,false,false,0.2836753,0.283504069,0.2836753,110,NA,NA,false,false,NONE,1.35524154,-0.0269476585,-0.118067436,0.04753397,true,true,8,true,true,0.00770935556,0.005648498,0.2394341,0.05056593,0.1563704,0.202239886,0.82735765,right_upper_arm,true,0.00145982322,0,0.120559715,0.349246442,false,false,bar_linear_stillness|bar_angular_stillness|knee_extension|hip_extension,1.37467146,0.130098328,0.443030924,0.7445633,0.5642263,0.104225241,0.05,0.02,0.2,0.08726646,0.17453292,0.17453292
60,155,1.55,DESCENT,Descent,false,false,0.282498419,0.2823205,0.282498419,110,NA,NA,false,false,NONE,1.35395956,-0.0266327,-0.121423259,0.04840195,true,true,8,true,true,0.00771851745,0.00566474767,0.239359528,0.0506404936,0.156170279,0.202440009,0.8269412,right_upper_arm,true,0.00145762716,0,0.120315932,0.3496467,false,false,bar_linear_stillness|bar_angular_stillness|knee_extension|hip_extension,1.37467146,0.133400366,0.444652677,0.752463639,0.5721782,0.105188854,0.05,0.02,0.2,0.08726646,0.17453292,0.17453292
60,156,1.56,DESCENT,Descent,false,false,0.281296,0.2811119,0.281296,110,NA,NA,false,false,NONE,1.35264266,-0.0263006818,-0.1249421,0.04929728,true,true,8,true,true,0.007766103,0.005719398,0.239279687,0.0507203341,0.1559736,0.202636689,0.8265317,right_upper_arm,true,0.00145496568,0,0.120033421,0.34999764,false,false,bar_linear_stillness|bar_angular_stillness|knee_extension|hip_extension,1.37467146,0.136866644,0.446819067,0.760455,0.5802457,0.106141485,0.05,0.02,0.2,0.08726646,0.17453292,0.17453292
60,157,1.57,DESCENT,Descent,false,false,0.280066073,0.279875934,0.280066073,110,NA,NA,false,false,NONE,1.351292,-0.0259613544,-0.128283739,0.0500874221,true,true,8,true,true,0.00777313439,0.005749132,0.239194989,0.05080504,0.155780464,0.202829823,0.826126337,right_upper_arm,true,0.00145392411,0,0.1198757,0.350174785,false,false,bar_linear_stillness|bar_angular_stillness|knee_extension|hip_extension,1.37467146,0.140140861,0.448700875,0.7684392,0.5882937,0.10710346,0.05,0.02,0.2,0.08726646,0.17453292,0.17453292
60,158,1.58,DESCENT,Descent,false,false,0.278824627,0.2786274,0.278824627,110,NA,NA,false,false,NONE,1.3499074,-0.02560591,-0.1316962,0.0508961678,true,true,8,true,true,0.00779732736,0.005777658,0.2391055,0.05089452,0.155590951,0.203019336,0.825727642,right_upper_arm,true,0.001452673,0,0.119702153,0.3501961,false,false,bar_linear_stillness|bar_angular_stillness|knee_extension|hip_extension,1.37467146,0.143492058,0.450604558,0.7765336,0.596458435,0.10805247,0.05,0.02,0.2,0.08726646,0.17453292,0.17453292
60,159,1.59,DESCENT,Descent,false,false,0.277555823,0.277352035,0.277555823,110,NA,NA,false,false,NONE,1.34848714,-0.02523225,-0.135276943,0.05173165,true,true,8,true,true,0.007850271,0.005835831,0.239011377,0.0509886444,0.155405179,0.203205109,0.825335264,right_upper_arm,true,0.00145048625,0,0.1194522,0.350148618,false,false,bar_linear_stillness|bar_angular_stillness|knee_extension|hip_extension,1.37467146,0.147012517,0.452905923,0.7847171,0.604738832,0.108988844,0.05,0.02,0.2,0.08726646,0.17453292,0.17453292
60,160,1.6,DESCENT,Descent,false,false,0.276258171,0.276047945,0.276258171,110,NA,NA,false,false,NONE,1.34703231,-0.0248504821,-0.138707548,0.0524802655,true,true,8,true,true,0.007860756,0.005865666,0.238913,0.05108702,0.155223221,0.203387052,0.8249452,right_upper_arm,true,0.00144957006,0,0.119298659,0.3499524,false,false,bar_linear_stillness|bar_angular_stillness|knee_extension|hip_extension,1.37467146,0.150371239,0.455009818,0.7929038,0.613013148,0.109938957,0.05,0.02,0.2,0.08726646,0.17453292,0.17453292
60,161,1.61,DESCENT,Descent,false,false,0.27494657,0.274728775,0.27494657,110,NA,NA,false,false,NONE,1.34554243,-0.024452867,-0.14223288,0.0532448143,true,true,8,true,true,0.007883679,0.005893169,0.238810539,0.05118949,0.1550452,0.203565091,0.8245612,right_upper_arm,true,0.00144796434,0,0.119089894,0.349592447,false,false,bar_linear_stillness|bar_angular_stillness|knee_extension|hip_extension,1.37467146,0.1538283,0.457067281,0.8011953,0.6214025,0.110874474,0.05,0.02,0.2,0.08726646,0.17453292,0.17453292
60,162,1.62,DESCENT,Descent,false,false,0.273606658,0.273382127,0.273606658,110,NA,NA,false,false,NONE,1.34401584,-0.0240380988,-0.1459262,0.0540304,true,true,8,true,true,0.007928694,0.00594377145,0.2387041,0.05129592,0.154871166,0.203739122,0.8241826,right_upper_arm,true,0.00144553755,0,0.118813746,0.349148035,false,false,bar_linear_stillness|bar_angular_stillness|knee_extension|hip_extension,1.37467146,0.1574534,0.45944497,0.809570134,0.6299046,0.111800037,0.05,0.02,0.2,0.08726646,0.17453292,0.17453292
60,163,1.6300000000000001,DESCENT,Descent,false,false,0.27223736,0.272006035,0.27223736,110,NA,NA,false,false,NONE,1.3424505,-0.02360631,-0.149804682,0.0548257567,true,true,8,true,true,0.00796365552,0.00598736061,0.238594025,0.05140599,0.154701248,0.203909039,0.823809743,right_upper_arm,true,0.00144252286,0,0.11848864,0.3486024,false,false,bar_linear_stillness|bar_angular_stillness|knee_extension|hip_extension,1.37467146,0.161259308,0.462102175,0.8180216,0.6385119,0.112715907,0.05,0.02,0.2,0.08726646,0.17453292,0.17453292
60,164,1.6400000000000001,DESCENT,Descent,false,false,0.270839334,0.270601332,0.270839334,110,NA,NA,false,false,NONE,1.34084725,-0.0231680777,-0.153572917,0.0555436872,true,true,8,true,true,0.007956671,0.00600221241,0.2384807,0.05151932,0.154535532,0.204074755,0.823438346,right_upper_arm,true,0.00144101633,0,0.118278414,0.347916275,false,false,bar_linear_stillness|bar_angular_stillness|knee_extension|hip_extension,1.37467146,0.164943933,0.464580864,0.826488256,0.6471266,0.113645375,0.05,0.02,0.2,0.08726646,0.17453292,0.17453292
60,165,1.6500000000000001,DESCENT,Descent,false,false,0.269424617,0.2691791,0.269424617,110,NA,NA,false,false,NONE,1.339206,-0.0227178652,-0.157387108,0.0562542,true,true,8,true,true,0.007965137,0.00602019671,0.238364175,0.0516358465,0.154374078,0.204236209,0.8230731,right_upper_arm,true,0.001439285,0,0.11804942,0.3470649,false,false,bar_linear_stillness|bar_angular_stillness|knee_extension|hip_extension,1.37467146,0.168675244,0.466916651,0.835049748,0.655848265,0.114563152,0.05,0.02,0.2,0.08726646,0.17453292,0.17453292
60,166,1.6600000000000001,DESCENT,Descent,false,false,0.267981,0.26772815,0.267981,110,NA,NA,false,false,NONE,1.33752573,-0.02225518,-0.161296532,0.0569633245,true,true,8,true,true,0.007994916,0.00606060447,0.238244534,0.0517554954,0.154216975,0.204393312,0.822713554,right_upper_arm,true,0.00143720116,0,0.117790192,0.3461194,false,false,bar_linear_stillness|bar_angular_stillness|knee_extension|hip_extension,1.37467146,0.172501266,0.46938017,0.8436884,0.66467154,0.115471579,0.05,0.02,0.2,0.08726646,0.17453292,0.17453292
60,167,1.67,DESCENT,Descent,false,false,0.266507626,0.2662477,0.266507626,110,NA,NA,false,false,NONE,1.33580744,-0.0217877347,-0.16507259,0.05760348,true,true,8,true,true,0.007998626,0.006083449,0.238122016,0.0518779978,0.154064268,0.204546019,0.8223564,right_upper_arm,true,0.00143640267,0,0.117629021,0.3450768,false,false,bar_linear_stillness|bar_angular_stillness|knee_extension|hip_extension,1.37467146,0.1761869,0.471728563,0.852351964,0.673516154,0.116391376,0.05,0.02,0.2,0.08726646,0.17453292,0.17453292
60,168,1.68,DESCENT,Descent,false,false,0.265014648,0.2647468,0.265014648,110,NA,NA,false,false,NONE,1.33405113,-0.021308573,-0.168890387,0.0582322031,true,true,8,true,true,0.008015132,0.006108083,0.237996787,0.0520032272,0.153916,0.204694286,0.8220045,right_upper_arm,true,0.0014351391,0,0.117429286,0.343870163,false,false,bar_linear_stillness|bar_angular_stillness|knee_extension|hip_extension,1.37467146,0.1799139,0.473856956,0.8611008,0.682459235,0.117299892,0.05,0.02,0.2,0.08726646,0.17453292,0.17453292
60,169,1.69,DESCENT,Descent,false,false,0.2634923,0.263216734,0.2634923,110,NA,NA,false,false,NONE,1.33225584,-0.0208175555,-0.172795892,0.0588559434,true,true,8,true,true,0.008044921,0.00614653947,0.237868935,0.05213108,0.153772235,0.204838052,0.8216584,right_upper_arm,true,0.00143329054,0,0.117181376,0.342573464,false,false,bar_linear_stillness|bar_angular_stillness|knee_extension|hip_extension,1.37467146,0.183727548,0.4760209,0.869920969,0.691499352,0.118201442,0.05,0.02,0.2,0.08726646,0.17453292,0.17453292
60,170,1.7,DESCENT,Descent,false,false,0.261940062,0.261657059,0.261940062,110,NA,NA,false,false,NONE,1.33042061,-0.020314632,-0.176799446,0.0594718233,true,true,8,true,true,0.008067658,0.00617977558,0.237738729,0.0522613,0.153633028,0.204977259,0.8213174,right_upper_arm,true,0.001431085,0,0.116902255,0.341185629,false,false,bar_linear_stillness|bar_angular_stillness|knee_extension|hip_extension,1.37467146,0.187636957,0.478234857,0.878804743,0.7006279,0.119094163,0.05,0.02,0.2,0.08726646,0.17453292,0.17453292
60,171,1.71,DESCENT,Descent,false,false,0.26035893,0.260068476,0.26035893,110,NA,NA,false,false,NONE,1.328546,-0.0198069736,-0.1807079,0.06003368,true,true,8,true,true,0.008063498,0.00619360944,0.2376064,0.0523936227,0.153498426,0.205111861,0.8209778,right_upper_arm,true,0.00142981636,0,0.116693757,0.3397271,false,false,bar_linear_stillness|bar_angular_stillness|knee_extension|hip_extension,1.37467146,0.191446349,0.480363429,0.887717366,0.7097845,0.11999815,0.05,0.02,0.2,0.08726646,0.17453292,0.17453292
60,172,1.72,DESCENT,Descent,false,false,0.258756161,0.25845772,0.258756161,110,NA,NA,false,false,NONE,1.32663226,-0.0192906838,-0.184635982,0.06057396,true,true,8,true,true,0.008070742,0.00621129666,0.237472028,0.0525279939,0.153368458,0.205241829,0.8206431,right_upper_arm,true,0.00142842915,0,0.116473258,0.338132948,false,false,bar_linear_stillness|bar_angular_stillness|knee_extension|hip_extension,1.37467146,0.195273608,0.482241,0.8967027,0.7190265,0.120893411,0.05,0.02,0.2,0.08726646,0.17453292,0.17453292
60,173,1.73,DESCENT,Descent,false,false,0.2571246,0.2568184,0.2571246,110,NA,NA,false,false,NONE,1.3246789,-0.01876598,-0.188600332,0.0610968,true,true,8,true,true,0.008088338,0.00624002656,0.237335742,0.0526642874,0.153243169,0.205367118,0.82031405,right_upper_arm,true,0.00142692833,0,0.116241977,0.336461127,false,false,bar_linear_stillness|bar_angular_stillness|knee_extension|hip_extension,1.37467146,0.1991358,0.484069854,0.905748,0.7283511,0.121778183,0.05,0.02,0.2,0.08726646,0.17453292,0.17453292
60,174,1.74,DESCENT,Descent,false,false,0.2554639,0.255149841,0.2554639,110,NA,NA,false,false,NONE,1.32268667,-0.0182375424,-0.192475349,0.06157882,true,true,8,true,true,0.008089716,0.006257393,0.2371977,0.0528023243,0.153122574,0.205487713,0.8199858,right_upper_arm,true,0.00142589421,0,0.116044044,0.3347607,false,false,bar_height|bar_linear_stillness|bar_angular_stillness|knee_extension|hip_extension,1.37467146,0.202907175,0.485886455,0.9148269,0.737710834,0.122672133,0.05,0.02,0.2,0.08726646,0.17453292,0.17453292
60,175,1.75,DESCENT,Descent,false,false,0.2537796,0.253457427,0.2537796,110,NA,NA,false,false,NONE,1.32065547,-0.017701745,-0.196363509,0.0620345846,true,true,8,true,true,0.00809952151,0.00627696048,0.237058014,0.052942,0.153006688,0.2056036,0.819662631,right_upper_arm,true,0.00142486033,0,0.11584352,0.3329397,false,false,bar_height|bar_linear_stillness|bar_angular_stillness|knee_extension|hip_extension,1.37467146,0.206688821,0.487409651,0.9239676,0.747147441,0.1235577,0.05,0.02,0.2,0.08726646,0.17453292,0.17453292
60,176,1.76,DESCENT,Descent,false,false,0.252066731,0.251736522,0.252066731,110,NA,NA,false,false,NONE,1.31858516,-0.0171584859,-0.200277358,0.0624708161,true,true,8,true,true,0.008113792,0.00630109943,0.23691684,0.05308318,0.152895555,0.205714732,0.8193445,right_upper_arm,true,0.001423591,0,0.115622036,0.331050128,false,false,bar_height|bar_linear_stillness|bar_angular_stillness|knee_extension|hip_extension,1.37467146,0.210494742,0.488811642,0.933160245,0.756657362,0.124436967,0.05,0.02,0.2,0.08726646,0.17453292,0.17453292
60,177,1.77,DESCENT,Descent,false,false,0.250325322,0.249987066,0.250325322,110,NA,NA,false,false,NONE,1.31647623,-0.0166113321,-0.204131514,0.06288139,true,true,8,true,true,0.008115122,0.006315183,0.236774325,0.0532256961,0.152789161,0.205821127,0.819026351,right_upper_arm,true,0.00142256066,0,0.115417235,0.32917577,false,false,bar_height|bar_linear_stillness|bar_angular_stillness|knee_extension|hip_extension,1.37467146,0.2142421,0.490289122,0.94238925,0.766207635,0.125321507,0.05,0.02,0.2,0.08726646,0.17453292,0.17453292
60,178,1.78,DESCENT,Descent,false,false,0.248558939,0.248212576,0.248558939,110,NA,NA,false,false,NONE,1.31432855,-0.0160582531,-0.207999378,0.06326235,true,true,8,true,true,0.00812162,0.00633228431,0.236630574,0.0533694476,0.15268752,0.205922768,0.818712533,right_upper_arm,true,0.00142140558,0,0.11519891,0.3271956,false,false,bar_height|bar_linear_stillness|bar_angular_stillness|knee_extension|hip_extension,1.37467146,0.217999384,0.491446644,0.9516674,0.775823832,0.126197949,0.05,0.02,0.2,0.08726646,0.17453292,0.17453292
60,179,1.79,DESCENT,Descent,false,false,0.246764719,0.246410489,0.246764719,110,NA,NA,false,false,NONE,1.31214213,-0.0154996775,-0.211876988,0.0636184141,true,true,8,true,true,0.008128149,0.006349818,0.236485735,0.0535142869,0.152590677,0.20601961,0.818404257,right_upper_arm,true,0.0014201306,0,0.114968337,0.325166732,false,false,bar_height|bar_linear_stillness|bar_angular_stillness|knee_extension|hip_extension,1.37467146,0.2217643,0.492448956,0.960988641,0.785503566,0.127068356,0.05,0.02,0.2,0.08726646,0.17453292,0.17453292
60,180,1.8,DESCENT,Descent,false,false,0.244942784,0.244580448,0.244942784,110,NA,NA,false,false,NONE,1.30991685,-0.0149360895,-0.215756446,0.0639505,true,true,8,true,true,0.008131456,0.00636502076,0.236339942,0.05366008,0.152498588,0.2061117,0.8181014,right_upper_arm,true,0.0014187356,0,0.114725582,0.323113263,false,false,bar_height|bar_linear_stillness|bar_angular_stillness|knee_extension|hip_extension,1.37467146,0.2255296,0.493320048,0.970349431,0.7952396,0.127936587,0.05,0.02,0.2,0.08726646,0.17453292,0.17453292
60,181,1.81,DESCENT,Descent,false,false,0.243094027,0.242723465,0.243094027,110,NA,NA,false,false,NONE,1.30765319,-0.0143697252,-0.219591379,0.0642666146,true,true,8,true,true,0.008128078,0.006372608,0.2361933,0.0538067222,0.152411282,0.206199,0.817799032,right_upper_arm,true,0.00141758425,0,0.114500776,0.321112275,false,false,bar_height|bar_linear_stillness|bar_angular_stillness|knee_extension|hip_extension,1.37467146,0.229253262,0.494318724,0.979747653,0.8050203,0.128802672,0.05,0.02,0.2,0.08726646,0.17453292,0.17453292
60,182,1.82,DESCENT,Descent,false,false,0.2412191,0.240840375,0.2412191,110,NA,NA,false,false,NONE,1.30535138,-0.0138001628,-0.223411545,0.06454661,true,true,8,true,true,0.008128667,0.00638523744,0.236045912,0.05395411,0.152328759,0.206281528,0.817500532,right_upper_arm,true,0.00141630333,0,0.114261247,0.319055736,false,false,bar_height|bar_linear_stillness|bar_angular_stillness|knee_extension|hip_extension,1.37467146,0.232957989,0.4950156,0.989181936,0.814851046,0.129664823,0.05,0.02,0.2,0.08726646,0.17453292,0.17453292
60,183,1.83,DESCENT,Descent,false,false,0.239317656,0.2389307,0.239317656,110,NA,NA,false,false,NONE,1.30301154,-0.0132281817,-0.227202758,0.06479499,true,true,8,true,true,0.008127276,0.00639613671,0.2358979,0.05410213,0.15225102,0.206359267,0.817207456,right_upper_arm,true,0.00141525641,0,0.114037052,0.3169796,false,false,bar_height|bar_linear_stillness|bar_angular_stillness|knee_extension|hip_extension,1.37467146,0.2366315,0.495499462,0.998648345,0.824730039,0.1305213,0.05,0.02,0.2,0.08726646,0.17453292,0.17453292
60,184,1.84,DESCENT,Descent,false,false,0.2373898,0.2369948,0.2373898,110,NA,NA,false,false,NONE,1.300634,-0.0126532894,-0.230971,0.06504068,true,true,8,true,true,0.008125422,0.0064034164,0.235749334,0.0542506874,0.152178019,0.206432268,0.8169133,right_upper_arm,true,0.00141422392,0,0.113814376,0.314989537,false,false,bar_height|bar_linear_stillness|bar_angular_stillness|knee_extension|hip_extension,1.37467146,0.240287319,0.496139854,1.00815618,0.8346581,0.131377622,0.05,0.02,0.2,0.08726646,0.17453292,0.17453292
60,185,1.85,DESCENT,Descent,false,false,0.235434711,0.2350316,0.235434711,110,NA,NA,false,false,NONE,1.29821908,-0.0120765883,-0.234707385,0.06524477,true,true,8,true,true,0.008124528,0.006414444,0.235600322,0.05439969,0.152109772,0.206500515,0.816623151,right_upper_arm,true,0.00141306187,0,0.113577,0.3129627,false,false,bar_height|bar_linear_stillness|bar_angular_stillness|knee_extension|hip_extension,1.37467146,0.243906289,0.496459872,1.01768756,0.844626,0.132230237,0.05,0.02,0.2,0.08726646,0.17453292,0.17453292
60,186,1.86,DESCENT,Descent,false,false,0.23345387,0.2330426,0.23345387,110,NA,NA,false,false,NONE,1.29576719,-0.0114993183,-0.238390431,0.06541448,true,true,8,true,true,0.008118027,0.00641993061,0.235451013,0.05454901,0.152046263,0.206564024,0.816338539,right_upper_arm,true,0.001412249,0,0.113363229,0.310942233,false,false,bar_height|bar_linear_stillness|bar_angular_stillness|knee_extension|hip_extension,1.37467146,0.247469768,0.4965298,1.02724326,0.8546304,0.133077383,0.05,0.02,0.2,0.08726646,0.17453292,0.17453292
60,187,1.87,DESCENT,Descent,false,false,0.231448233,0.231028736,0.231448233,110,NA,NA,false,false,NONE,1.29327846,-0.010918824,-0.242078573,0.06559437,true,true,8,true,true,0.008115778,0.00642485963,0.2353014,0.05469861,0.151987448,0.206622839,0.8160521,right_upper_arm,true,0.00141121866,0,0.113134116,0.3090357,false,false,bar_height|bar_linear_stillness|bar_angular_stillness|knee_extension|hip_extension,1.37467146,0.251045555,0.49680385,1.03684211,0.8646886,0.133922741,0.05,0.02,0.2,0.08726646,0.17453292,0.17453292
60,188,1.8800000000000001,DESCENT,Descent,false,false,0.229413986,0.228986621,0.229413986,110,NA,NA,false,false,NONE,1.29075313,-0.010338136,-0.245726168,0.06572992,true,true,8,true,true,0.008112005,0.00643396,0.235151663,0.054848358,0.151933312,0.206676975,0.81577,right_upper_arm,true,0.00141028746,0,0.112906426,0.307122141,false,false,bar_height|bar_linear_stillness|bar_angular_stillness|knee_extension|hip_extension,1.37467146,0.254575431,0.496751517,1.04645324,0.874774337,0.134764582,0.05,0.02,0.2,0.08726646,0.17453292,0.17453292
60,189,1.8900000000000001,DESCENT,Descent,false,false,0.2273556,0.226920187,0.2273556,110,NA,NA,false,false,NONE,1.28819215,-0.009758942,-0.249276668,0.065824464,true,true,8,true,true,0.00809929,0.00643329928,0.235001847,0.0549981743,0.151883841,0.206726447,0.815494239,right_upper_arm,true,0.00140970538,0,0.112702169,0.305235028,false,false,bar_height|bar_linear_stillness|bar_angular_stillness|knee_extension|hip_extension,1.37467146,0.258005738,0.496421,1.05608082,0.8848855,0.135599434,0.05,0.02,0.2,0.08726646,0.17453292,0.17453292
60,190,1.9000000000000001,DESCENT,Descent,false,false,0.225273609,0.224830151,0.225273609,110,NA,NA,false,false,NONE,1.28559673,-0.00918200053,-0.252713978,0.06588389,true,true,8,true,true,0.008088536,0.00643359125,0.234852016,0.0551480055,0.151838988,0.2067713,0.815225065,right_upper_arm,true,0.001409362,0,0.112514444,0.3034061,false,false,bar_height|bar_linear_stillness|bar_angular_stillness|knee_extension|hip_extension,1.37467146,0.26132232,0.495868534,1.0657239,0.895019352,0.136432692,0.05,0.02,0.2,0.08726646,0.17453292,0.17453292
60,191,1.9100000000000001,DESCENT,Descent,false,false,0.2231682,0.22271651,0.2231682,110,NA,NA,false,false,NONE,1.28296673,-0.008601655,-0.256177127,0.0659654,true,true,8,true,true,0.008088487,0.006437573,0.2347022,0.05529783,0.151798725,0.206811562,0.8149526,right_upper_arm,true,0.001408447,0,0.112284884,0.301716417,false,false,bar_height|bar_linear_stillness|bar_angular_stillness|knee_extension|hip_extension,1.37467146,0.26467365,0.49550873,1.07540679,0.905206561,0.1372609,0.05,0.02,0.2,0.08726646,0.17453292,0.17453292
60,192,1.92,DESCENT,Descent,false,false,0.221034229,0.2205748,0.221034229,110,NA,NA,false,false,NONE,1.28030264,-0.008022729,-0.259572327,0.0660024658,true,true,8,true,true,0.008083792,0.00644465769,0.234552473,0.05544755,0.151763,0.20684728,0.814684749,right_upper_arm,true,0.00140775,0,0.112065718,0.300070018,false,false,bar_height|bar_linear_stillness|bar_angular_stillness|knee_extension|hip_extension,1.37467146,0.267952383,0.494876444,1.08508873,0.9154063,0.138085872,0.05,0.02,0.2,0.08726646,0.17453292,0.17453292
60,193,1.93,DESCENT,Descent,false,false,0.21887809,0.218410671,0.21887809,110,NA,NA,false,false,NONE,1.27760577,-0.007447184,-0.262843162,0.0659988448,true,true,8,true,true,0.008067248,0.006439109,0.234402984,0.0555970371,0.151731789,0.2068785,0.814422667,right_upper_arm,true,0.00140752178,0,0.111879438,0.298473626,false,false,bar_height|bar_linear_stillness|bar_angular_stillness|knee_extension|hip_extension,1.37467146,0.271104842,0.493957072,1.09477544,0.925616741,0.138909385,0.05,0.02,0.2,0.08726646,0.17453292,0.17453292
60,194,1.94,DESCENT,Descent,false,false,0.216700435,0.216224968,0.216700435,110,NA,NA,false,false,NONE,1.27487552,-0.006867419,-0.2661835,0.06602816,true,true,8,true,true,0.008064624,0.006438132,0.234253675,0.05574634,0.151705071,0.206905216,0.814156532,right_upper_arm,true,0.00140637183,0,0.111626178,0.297040284,false,false,bar_height|bar_linear_stillness|bar_angular_stillness|knee_extension|hip_extension,1.37467146,0.274336547,0.4932534,1.10450435,0.93588376,0.139726356,0.05,0.02,0.2,0.08726646,0.17453292,0.17453292
60,195,1.95,DESCENT,Descent,false,false,0.2144934,0.214010835,0.2144934,110,NA,NA,false,false,NONE,1.27211261,-0.006290998,-0.269437879,0.0660095438,true,true,8,true,true,0.008055586,0.00644181529,0.2341047,0.055895336,0.151682779,0.206927508,0.8138949,right_upper_arm,true,0.00140555308,0,0.111390814,0.295658737,false,false,bar_height|bar_linear_stillness|bar_angular_stillness|knee_extension|hip_extension,1.37467146,0.2774772,0.4922905,1.1142199,0.9461513,0.140538573,0.05,0.02,0.2,0.08726646,0.17453292,0.17453292
60,196,1.96,DESCENT,Descent,false,false,0.212266326,0.211776018,0.212266326,110,NA,NA,false,false,NONE,1.26931858,-0.00572037,-0.272536546,0.0659452751,true,true,8,true,true,0.008032609,0.00643130671,0.2339561,0.05604393,0.151664868,0.206945419,0.8136398,right_upper_arm,true,0.001405437,0,0.111205347,0.294349581,false,false,bar_height|bar_linear_stillness|bar_angular_stillness|knee_extension|hip_extension,1.37467146,0.280459762,0.4910172,1.12393248,0.956417263,0.141349509,0.05,0.02,0.2,0.08726646,0.17453292,0.17453292
60,197,1.97,DESCENT,Descent,false,false,0.210019827,0.209521711,0.210019827,110,NA,NA,false,false,NONE,1.26649284,-0.005144848,-0.275727868,0.06592445,true,true,8,true,true,0.008030131,0.00642721541,0.233807832,0.05619219,0.151651338,0.20695895,0.8133801,right_upper_arm,true,0.00140416878,0,0.110937744,0.293205172,false,false,bar_height|bar_linear_stillness|bar_angular_stillness|knee_extension|hip_extension,1.37467146,0.28354606,0.4899886,1.13368952,0.966744959,0.142152473,0.05,0.02,0.2,0.08726646,0.17453292,0.17453292
60,198,1.98,DESCENT,Descent,false,false,0.207742929,0.20723784,0.207742929,110,NA,NA,false,false,NONE,1.263636,-0.004574537,-0.2788147,0.06585232,true,true,8,true,true,0.008019151,0.00642964523,0.23366,0.0563400239,0.1516421,0.206968188,0.8131244,right_upper_arm,true,0.0014035838,0,0.1107138,0.2921319,false,false,bar_height|bar_linear_stillness|bar_angular_stillness|knee_extension|hip_extension,1.37467146,0.286522418,0.4886927,1.14342165,0.977060437,0.142954275,0.05,0.02,0.2,0.08726646,0.17453292,0.17453292
60,199,1.99,DESCENT,Descent,false,false,0.205447912,0.204935372,0.205447912,110,NA,NA,false,false,NONE,1.26075,-0.0040120217,-0.281697,0.0657304,true,true,8,true,true,0.007992026,0.00641475338,0.23351267,0.05648735,0.151637122,0.206973165,0.8128765,right_upper_arm,true,0.0014038214,0,0.110548958,0.2911416,false,false,bar_height|bar_linear_stillness|bar_angular_stillness|knee_extension|hip_extension,1.37467146,0.289291859,0.487078756,1.15314233,0.987361848,0.143753275,0.05,0.02,0.2,0.08726646,0.17453292,0.17453292
60,200,2,DESCENT,Descent,false,false,0.20313555,0.202615321,0.20313555,110,NA,NA,false,false,NONE,1.25783741,-0.00345770945,-0.284351647,0.06556776,true,true,8,true,true,0.007971568,0.00640416937,0.2333658,0.05663421,0.151636332,0.206973955,0.8126363,right_upper_arm,true,0.00140465144,0,0.110427029,0.290254533,false,false,bar_height|bar_linear_stillness|bar_angular_stillness|knee_extension|hip_extension,1.37467146,0.291833758,0.48518464,1.16285384,0.9976498,0.144547865,0.05,0.02,0.2,0.08726646,0.17453292,0.17453292
60,201,2.0100000000000002,DESCENT,Descent,false,false,0.200805366,0.200277567,0.200805366,110,NA,NA,false,false,NONE,1.25489748,-0.00289755547,-0.2871065,0.06545906,true,true,8,true,true,0.00797702651,0.006402936,0.233219326,0.0567806959,0.151639685,0.2069706,0.8123906,right_upper_arm,true,0.001403974,0,0.110197373,0.28952843,false,false,bar_height|bar_linear_stillness|bar_angular_stillness|knee_extension|hip_extension,1.37467146,0.29448843,0.483493149,1.1726042,1.007998,0.145334825,0.05,0.02,0.2,0.08726646,0.17453292,0.17453292
60,202,2.02,DESCENT,Descent,false,false,0.198445618,0.197911143,0.198445618,110,NA,NA,false,false,NONE,1.25193083,-0.0023426807,-0.289745033,0.06530497,true,true,8,true,true,0.007969723,0.006406192,0.233073339,0.0569266826,0.151647121,0.206963167,0.81214875,right_upper_arm,true,0.00140386459,0,0.110002808,0.288891971,false,false,bar_height|bar_linear_stillness|bar_angular_stillness|knee_extension|hip_extension,1.37467146,0.297022581,0.4815795,1.18231559,1.01831841,0.146119192,0.05,0.02,0.2,0.08726646,0.17453292,0.17453292
60,203,2.0300000000000002,DESCENT,Descent,false,false,0.196070731,0.195529222,0.196070731,110,NA,NA,false,false,NONE,1.24893975,-0.00179585931,-0.292169869,0.0651052,true,true,8,true,true,0.007942562,0.00638817064,0.232927948,0.0570720732,0.15165858,0.206951708,0.811914444,right_upper_arm,true,0.00140445761,0,0.109857433,0.288342029,false,false,bar_height|bar_linear_stillness|bar_angular_stillness|knee_extension|hip_extension,1.37467146,0.299341172,0.479373217,1.192004,1.02861059,0.14690426,0.05,0.02,0.2,0.08726646,0.17453292,0.17453292
60,204,2.04,DESCENT,Descent,false,false,0.193681359,0.193132579,0.193681359,110,NA,NA,false,false,NONE,1.24592316,-0.00124184042,-0.294749975,0.06496907,true,true,8,true,true,0.007941305,0.00637865253,0.23278299,0.05721703,0.151674017,0.20693627,0.8116723,right_upper_arm,true,0.00140330824,0,0.109588549,0.287931263,false,false,bar_height|bar_linear_stillness|bar_angular_stillness|knee_extension|hip_extension,1.37467146,0.301827878,0.477356017,1.20173216,1.0389657,0.147675455,0.05,0.02,0.2,0.08726646,0.17453292,0.17453292
60,205,2.05,DESCENT,Descent,false,false,0.1912626,0.190708041,0.1912626,110,NA,NA,false,false,NONE,1.24288189,-0.000695303665,-0.297191769,0.0647828653,true,true,8,true,true,0.007927837,0.006377886,0.232638583,0.05736144,0.151693389,0.2069169,0.811434567,right_upper_arm,true,0.00140272,0,0.109352425,0.2876214,false,false,bar_height|bar_linear_stillness|bar_angular_stillness|knee_extension|hip_extension,1.37467146,0.3041714,0.4751717,1.2114085,1.04927981,0.148445874,0.05,0.02,0.2,0.08726646,0.17453292,0.17453292
60,206,2.06,DESCENT,Descent,false,false,0.188831449,0.188270211,0.188831449,110,NA,NA,false,false,NONE,1.23981857,-0.000159757969,-0.2993772,0.06454688,true,true,8,true,true,0.007894041,0.006355508,0.232494771,0.05750525,0.15171665,0.206893638,0.8112979,right_forearm,true,0.0014034264,0,0.109209582,0.28739652,false,false,bar_height|bar_linear_stillness|bar_angular_stillness|knee_extension|hip_extension,1.37467146,0.306256473,0.47270444,1.2210542,1.05955315,0.149217114,0.05,0.02,0.2,0.08726646,0.17453292,0.17453292
60,207,2.07,DESCENT,Descent,false,false,0.186388552,0.18582058,0.186388552,110,NA,NA,false,false,NONE,1.23673189,0.0003840369,-0.301748037,0.06438114,true,true,8,true,true,0.00789346453,0.006343547,0.232351422,0.0576486066,0.15174374,0.206866547,0.811338,right_forearm,true,0.00140215876,0,0.108928747,0.2872917,false,false,bar_height|bar_linear_stillness|bar_angular_stillness|knee_extension|hip_extension,1.37467146,0.308540046,0.470414877,1.23074329,1.06989515,0.149974853,0.05,0.02,0.2,0.08726646,0.17453292,0.17453292
60,208,2.08,DESCENT,Descent,false,false,0.183915377,0.18334198,0.183915377,110,NA,NA,false,false,NONE,1.23362279,0.000918632257,-0.303951,0.0641638562,true,true,8,true,true,0.00788006652,0.006343178,0.23220852,0.0577914938,0.1517746,0.206835687,0.8113778,right_forearm,true,0.00140180567,0,0.108706117,0.287288249,false,false,bar_height|bar_linear_stillness|bar_angular_stillness|knee_extension|hip_extension,1.37467146,0.310651,0.467974633,1.240369,1.08018315,0.150733531,0.05,0.02,0.2,0.08726646,0.17453292,0.17453292
60,209,2.09,DESCENT,Descent,false,false,0.181432664,0.180853188,0.181432664,110,NA,NA,false,false,NONE,1.2304945,0.001440387,-0.305846363,0.06389277,true,true,8,true,true,0.007844127,0.0063183764,0.232066214,0.0579338,0.151809186,0.2068011,0.8114161,right_forearm,true,0.00140286412,0,0.108584337,0.287362218,false,false,bar_height|bar_linear_stillness|bar_angular_stillness|knee_extension|hip_extension,1.37467146,0.312452167,0.465248942,1.24995613,1.09041762,0.151488423,0.05,0.02,0.2,0.08726646,0.17453292,0.17453292
60,210,2.1,DESCENT,Descent,false,false,0.178940892,0.178354919,0.178940892,110,NA,NA,false,false,NONE,1.22735035,0.00194935966,-0.307404339,0.0635805,true,true,8,true,true,0.007819635,0.006300178,0.231924355,0.0580756739,0.1518474,0.20676288,0.8114527,right_forearm,true,0.001404992,0,0.108541124,0.287515521,false,false,bar_height|bar_linear_stillness|bar_angular_stillness|knee_extension|hip_extension,1.37467146,0.3139167,0.4622445,1.25950909,1.10060287,0.152241156,0.05,0.02,0.2,0.08726646,0.17453292,0.17453292
60,211,2.11,DESCENT,Descent,false,false,0.176439047,0.175846457,0.176439047,110,NA,NA,false,false,NONE,1.22418916,0.002468653,-0.309147716,0.06334672,true,true,8,true,true,0.007831714,0.006294247,0.231782734,0.0582172945,0.15188922,0.206721067,0.8114902,right_forearm,true,0.00140467193,0,0.108326785,0.287728757,false,false,bar_height|bar_linear_stillness|bar_angular_stillness|knee_extension|hip_extension,1.37467146,0.315580755,0.4593142,1.26909554,1.11085081,0.152980834,0.05,0.02,0.2,0.08726646,0.17453292,0.17453292
60,212,2.12,DESCENT,Descent,false,false,0.17390871,0.173311055,0.17390871,110,NA,NA,false,false,NONE,1.22101188,0.00298047578,-0.3107226,0.06307102,true,true,8,true,true,0.007825154,0.006295779,0.231641471,0.05835855,0.151934564,0.206675723,0.8115276,right_forearm,true,0.00140491454,0,0.1081447,0.288026333,false,false,bar_height|bar_linear_stillness|bar_angular_stillness|knee_extension|hip_extension,1.37467146,0.3170731,0.4562853,1.278606,1.12103212,0.1537216,0.05,0.02,0.2,0.08726646,0.17453292,0.17453292
60,213,2.13,DESCENT,Descent,false,false,0.171372831,0.170769513,0.171372831,110,NA,NA,false,false,NONE,1.2178216,0.003480311,-0.311993122,0.062751025,true,true,8,true,true,0.007791999,0.006269582,0.231500626,0.0584993958,0.151983365,0.206626922,0.8115635,right_forearm,true,0.00140621641,0,0.108037695,0.2883841,false,false,bar_height|bar_linear_stillness|bar_angular_stillness|knee_extension|hip_extension,1.37467146,0.318260133,0.453010768,1.28806531,1.13114667,0.15446192,0.05,0.02,0.2,0.08726646,0.17453292,0.17453292
60,214,2.14,DESCENT,Descent,false,false,0.168831587,0.168222427,0.168831587,110,NA,NA,false,false,NONE,1.21461642,0.003992459,-0.313523471,0.06251614,true,true,8,true,true,0.00779419765,0.00625235541,0.231359988,0.058640033,0.152035609,0.206574678,0.8116008,right_forearm,true,0.00140506891,0,0.107761271,0.2887693,false,false,bar_height|bar_linear_stillness|bar_angular_stillness|knee_extension|hip_extension,1.37467146,0.319720477,0.449803263,1.29755867,1.141327,0.155184865,0.05,0.02,0.2,0.08726646,0.17453292,0.17453292
60,215,2.15,DESCENT,Descent,false,false,0.166262865,0.165649772,0.166262865,110,NA,NA,false,false,NONE,1.21139753,0.00449423725,-0.3148533,0.0622355975,true,true,8,true,true,0.007780241,0.00625054864,0.23121959,0.05878043,0.152091235,0.206519052,0.811637759,right_forearm,true,0.00140495435,0,0.107550479,0.289250046,false,false,bar_height|bar_linear_stillness|bar_angular_stillness|knee_extension|hip_extension,1.37467146,0.320976764,0.446586281,1.30696321,1.15142632,0.155909061,0.05,0.02,0.2,0.08726646,0.17453292,0.17453292
60,216,2.16,DESCENT,Descent,false,false,0.163692355,0.163074136,0.163692355,110,NA,NA,false,false,NONE,1.20816851,0.004981406,-0.315833628,0.06190544,true,true,8,true,true,0.00774196,0.00622152258,0.231079474,0.0589205474,0.1521502,0.206460088,0.8116729,right_forearm,true,0.00140648987,0,0.107456975,0.289773941,false,false,bar_height|bar_linear_stillness|bar_angular_stillness|knee_extension|hip_extension,1.37467146,0.32188192,0.443138242,1.31630886,1.16144526,0.156632975,0.05,0.02,0.2,0.08726646,0.17453292,0.17453292
60,217,2.17,DESCENT,Descent,false,false,0.1611197,0.160496175,0.1611197,110,NA,NA,false,false,NONE,1.20492744,0.00548227876,-0.31710133,0.0616666824,true,true,8,true,true,0.00774481567,0.00620252173,0.230939388,0.05906064,0.152212456,0.206397831,0.8117096,right_forearm,true,0.0014051022,0,0.107161485,0.2902892,false,false,bar_height|bar_linear_stillness|bar_angular_stillness|knee_extension|hip_extension,1.37467146,0.323088348,0.4397324,1.32569289,1.1715368,0.157341421,0.05,0.02,0.2,0.08726646,0.17453292,0.17453292
60,218,2.18,DESCENT,Descent,false,false,0.158519149,0.157892168,0.158519149,110,NA,NA,false,false,NONE,1.20167553,0.00597098656,-0.318140775,0.06137986,true,true,8,true,true,0.00773272943,0.00620254,0.230799317,0.0592007041,0.152277976,0.206332311,0.811745763,right_forearm,true,0.00140510115,0,0.106956162,0.290894657,false,false,bar_height|bar_linear_stillness|bar_angular_stillness|knee_extension|hip_extension,1.37467146,0.3240628,0.4363559,1.33497584,1.18153369,0.158049718,0.05,0.02,0.2,0.08726646,0.17453292,0.17453292
60,219,2.19,DESCENT,Descent,false,false,0.155920267,0.155288875,0.155920267,110,NA,NA,false,false,NONE,1.198417,0.00644337432,-0.3187701,0.0610404648,true,true,8,true,true,0.00769315753,0.00617172755,0.230659366,0.05934065,0.1523467,0.206263587,0.8117799,right_forearm,true,0.00140711025,0,0.106894895,0.2915243,false,false,bar_height|bar_linear_stillness|bar_angular_stillness|knee_extension|hip_extension,1.37467146,0.3246257,0.4327757,1.34419322,1.19143784,0.158756375,0.05,0.02,0.2,0.08726646,0.17453292,0.17453292
60,220,2.2,DESCENT,Descent,false,false,0.1533224,0.15268594,0.1533224,110,NA,NA,false,false,NONE,1.1951561,0.006900435,-0.318963766,0.06066248,true,true,8,true,true,0.00766961463,0.00615100749,0.230519325,0.0594806969,0.152418554,0.206191733,0.811812,right_forearm,true,0.0014103055,0,0.106918819,0.292156219,false,false,bar_height|bar_linear_stillness|bar_angular_stillness|knee_extension|hip_extension,1.37467146,0.324754417,0.428933,1.3533504,1.2012552,0.159462884,0.05,0.02,0.2,0.08726646,0.17453292,0.17453292
60,221,2.21,DESCENT,Descent,false,false,0.150724709,0.150082886,0.150724709,110,NA,NA,false,false,NONE,1.191891,0.00737402448,-0.319444329,0.06038092,true,true,8,true,true,0.00768846,0.006139544,0.230378911,0.05962111,0.152493492,0.2061168,0.8118454,right_forearm,true,0.00140998629,0,0.10670086,0.2927004,false,false,bar_height|bar_linear_stillness|bar_angular_stillness|knee_extension|hip_extension,1.37467146,0.325184435,0.424973965,1.36253464,1.21113873,0.160152882,0.05,0.02,0.2,0.08726646,0.17453292,0.17453292
60,222,2.22,DESCENT,Descent,false,false,0.148101866,0.147457,0.148101866,110,NA,NA,false,false,NONE,1.18862283,0.00783889648,-0.3197012,0.06006468,true,true,8,true,true,0.007685553,0.006142447,0.230238229,0.0597617924,0.152571455,0.206038833,0.8118785,right_forearm,true,0.00141058909,0,0.106541254,0.293304533,false,false,bar_height|bar_linear_stillness|bar_angular_stillness|knee_extension|hip_extension,1.37467146,0.325389117,0.4210927,1.37160408,1.22091544,0.160844371,0.05,0.02,0.2,0.08726646,0.17453292,0.17453292
60,223,2.23,DESCENT,Descent,false,false,0.145485282,0.144836545,0.145485282,110,NA,NA,false,false,NONE,1.18535566,0.008290145,-0.319577873,0.0597079359,true,true,8,true,true,0.00765075628,0.006111952,0.230097324,0.05990269,0.152652413,0.205957875,0.8119098,right_forearm,true,0.00141272182,0,0.106488012,0.2939016,false,false,bar_height|bar_linear_stillness|bar_angular_stillness|knee_extension|hip_extension,1.37467146,0.325213432,0.4170311,1.38059425,1.23058712,0.161534384,0.05,0.02,0.2,0.08726646,0.17453292,0.17453292
60,224,2.24,DESCENT,Descent,false,false,0.142875254,0.1422221,0.142875254,110,NA,NA,false,false,NONE,1.18208671,0.008759977,-0.31981498,0.0594511963,true,true,8,true,true,0.007656249,0.006087751,0.229955882,0.06004414,0.152736351,0.205873936,0.8119428,right_forearm,true,0.00141145661,0,0.106203683,0.294382662,false,false,bar_height|bar_linear_stillness|bar_angular_stillness|knee_extension|hip_extension,1.37467146,0.325411737,0.412856042,1.38961148,1.24032652,0.1622053,0.05,0.02,0.2,0.08726646,0.17453292,0.17453292
60,225,2.25,DESCENT,Descent,false,false,0.140241683,0.139586568,0.140241683,110,NA,NA,false,false,NONE,1.17881739,0.009218283,-0.3198041,0.0591565371,true,true,8,true,true,0.00764614251,0.00608802168,0.2298139,0.0601861179,0.15282324,0.205787048,0.8119755,right_forearm,true,0.001411463,0,0.1060006,0.29493925,false,false,bar_height|bar_linear_stillness|bar_angular_stillness|knee_extension|hip_extension,1.37467146,0.32536,0.408867717,1.39850116,1.24994445,0.162877843,0.05,0.02,0.2,0.08726646,0.17453292,0.17453292
60,226,2.2600000000000002,DESCENT,Descent,false,false,0.137619257,0.1369608,0.137619257,110,NA,NA,false,false,NONE,1.17555213,0.009659936,-0.319352925,0.0588156953,true,true,8,true,true,0.00760685839,0.00605598837,0.229671419,0.0603285953,0.152913034,0.205697253,0.812006,right_forearm,true,0.00141394674,0,0.105970673,0.2954935,false,false,bar_height|bar_linear_stillness|bar_angular_stillness|knee_extension|hip_extension,1.37467146,0.3248675,0.404770076,1.40730488,1.25944364,0.16354908,0.05,0.02,0.2,0.08726646,0.17453292,0.17453292
60,227,2.27,DESCENT,Descent,false,false,0.135006785,0.1343444,0.135006785,110,NA,NA,false,false,NONE,1.17228818,0.0101216789,-0.3192968,0.0585782,true,true,8,true,true,0.00761411525,0.00603094976,0.229528084,0.0604719371,0.153005734,0.205604553,0.8120384,right_forearm,true,0.00141244149,0,0.105670236,0.295889765,false,false,bar_height|bar_linear_stillness|bar_angular_stillness|knee_extension|hip_extension,1.37467146,0.324783474,0.400460184,1.41613925,1.26901746,0.164198682,0.05,0.02,0.2,0.08726646,0.17453292,0.17453292
60,228,2.2800000000000002,DESCENT,Descent,false,false,0.132371068,0.13170737,0.132371068,110,NA,NA,false,false,NONE,1.16902709,0.0105701443,-0.318956316,0.0583012141,true,true,8,true,true,0.00760578131,0.00603445433,0.229383886,0.060616143,0.1531013,0.205508992,0.812070131,right_forearm,true,0.00141268293,0,0.105484523,0.296367526,false,false,bar_height|bar_linear_stillness|bar_angular_stillness|knee_extension|hip_extension,1.37467146,0.324413151,0.396433651,1.42483556,1.27845609,0.164852977,0.05,0.02,0.2,0.08726646,0.17453292,0.17453292
60,229,2.29,DESCENT,Descent,false,false,0.129750133,0.129083574,0.129750133,110,NA,NA,false,false,NONE,1.16577387,0.0110008316,-0.318119943,0.057975743,true,true,8,true,true,0.00756685669,0.00600236654,0.229238868,0.06076116,0.1531997,0.205410585,0.812099457,right_forearm,true,0.0014154067,0,0.105472691,0.2968288,false,false,bar_height|bar_linear_stillness|bar_angular_stillness|knee_extension|hip_extension,1.37467146,0.323546767,0.3923153,1.4334383,1.28776276,0.165509015,0.05,0.02,0.2,0.08726646,0.17453292,0.17453292
60,230,2.3000000000000003,DESCENT,Descent,false,false,0.1271432,0.12647295,0.1271432,110,NA,NA,false,false,NONE,1.16253412,0.0114150783,-0.316750616,0.0576149933,true,true,8,true,true,0.007546376,0.0059803864,0.229092836,0.0609071851,0.153300911,0.205309376,0.81212616,right_forearm,true,0.00141967775,0,0.1055719,0.297229767,false,false,bar_height|bar_linear_stillness|bar_angular_stillness|knee_extension|hip_extension,1.37467146,0.3221502,0.388008982,1.44195592,1.29694724,0.166165352,0.05,0.02,0.2,0.08726646,0.17453292,0.17453292
60,231,2.31,DESCENT,Descent,false,false,0.124548316,0.123873949,0.124548316,110,NA,NA,false,false,NONE,1.15930462,0.011853328,-0.3157826,0.05736237,true,true,8,true,true,0.00757084927,0.005963517,0.228945449,0.0610545725,0.153404877,0.205205411,0.8121548,right_forearm,true,0.00141947949,0,0.105367675,0.297389776,false,false,bar_height|bar_linear_stillness|bar_angular_stillness|knee_extension|hip_extension,1.37467146,0.3211691,0.383286417,1.45049059,1.30619836,0.1667962,0.05,0.02,0.2,0.08726646,0.17453292,0.17453292
60,232,2.32,DESCENT,Descent,false,false,0.121934116,0.1212585,0.121934116,110,NA,NA,false,false,NONE,1.156087,0.0122831827,-0.314548135,0.0570843965,true,true,8,true,true,0.00757288327,0.005970264,0.22879675,0.0612032637,0.153511554,0.205098733,0.8121832,right_forearm,true,0.00142032246,0,0.105228923,0.297602475,false,false,bar_height|bar_linear_stillness|bar_angular_stillness|knee_extension|hip_extension,1.37467146,0.3199219,0.378866464,1.45887256,1.31530344,0.167431816,0.05,0.02,0.2,0.08726646,0.17453292,0.17453292
60,233,2.33,DESCENT,Descent,false,false,0.119340539,0.118662536,0.119340539,110,NA,NA,false,false,NONE,1.15288591,0.0126990564,-0.31285724,0.0567697249,true,true,8,true,true,0.00753906742,0.00593831763,0.22864683,0.06135319,0.153620973,0.204989314,0.812209368,right_forearm,true,0.00142329244,0,0.105237707,0.297776639,false,false,bar_height|bar_linear_stillness|bar_angular_stillness|knee_extension|hip_extension,1.37467146,0.3182196,0.374396861,1.46714771,1.32426524,0.168067873,0.05,0.02,0.2,0.08726646,0.17453292,0.17453292
60,234,2.34,DESCENT,Descent,false,false,0.116767108,0.116085827,0.116767108,110,NA,NA,false,false,NONE,1.14968288,0.0132089648,-0.313317835,0.0568810329,true,true,8,true,true,0.007597547,0.005893005,0.228494942,0.0615050867,0.153733224,0.204877064,0.812244236,right_forearm,true,0.00141193077,0,0.10428866,0.297711849,false,false,bar_height|bar_linear_stillness|bar_angular_stillness|knee_extension|hip_extension,1.37467146,0.318713039,0.370367885,1.47565675,1.333625,0.168674648,0.05,0.02,0.2,0.08726646,0.17453292,0.17453292
60,235,2.35,DESCENT,Descent,false,false,0.114114106,0.113439143,0.114114106,110,NA,NA,false,false,NONE,1.146474,0.0137027446,-0.313790381,0.05687197,true,true,8,true,true,0.007587302,0.00593353249,0.2283414,0.06165863,0.15384835,0.204761937,0.8122819,right_forearm,true,0.00140457076,0,0.10357251,0.297838241,false,false,bar_height|bar_linear_stillness|bar_angular_stillness|knee_extension|hip_extension,1.37467146,0.3191968,0.366995275,1.48388875,1.34276879,0.169283479,0.05,0.02,0.2,0.08726646,0.17453292,0.17453292
60,236,2.36,DESCENT,Descent,false,false,0.111500025,0.110827088,0.111500025,110,NA,NA,false,false,NONE,1.14326775,0.014154694,-0.31344673,0.05672879,true,true,8,true,true,0.0074662813,0.005858778,0.228186622,0.0618134,0.153966457,0.204643831,0.8123154,right_forearm,true,0.00140488287,0,0.103382908,0.298008353,false,false,bar_height|bar_linear_stillness|bar_angular_stillness|knee_extension|hip_extension,1.37467146,0.3188532,0.363655925,1.491994,1.35170567,0.169888735,0.05,0.02,0.2,0.08726646,0.17453292,0.17453292
60,237,2.37,DESCENT,Descent,false,false,0.108918309,0.108243942,0.108918309,110,NA,NA,false,false,NONE,1.14004028,0.0147197871,-0.31592527,0.05716191,true,true,8,true,true,0.00750496,0.00577462325,0.228029311,0.06197072,0.154087722,0.204522565,0.812358856,right_forearm,true,0.00138821756,0,0.102084786,0.297999352,false,false,bar_height|bar_linear_stillness|bar_angular_stillness|knee_extension|hip_extension,1.37467146,0.321392179,0.361231327,1.50049686,1.36123276,0.170466647,0.05,0.02,0.2,0.08726646,0.17453292,0.17453292
60,238,2.38,DESCENT,Descent,false,false,0.106215417,0.105552137,0.106215417,110,NA,NA,false,false,NONE,1.1367898,0.0152423708,-0.318047166,0.0573584326,true,true,8,true,true,0.007489841,0.00585199846,0.227869824,0.0621301979,0.154212162,0.204398125,0.8124044,right_forearm,true,0.001379871,0,0.101295054,0.298248917,false,false,bar_height|bar_linear_stillness|bar_angular_stillness|knee_extension|hip_extension,1.37467146,0.3235372,0.359486222,1.50864863,1.37046874,0.171044,0.05,0.02,0.2,0.08726646,0.17453292,0.17453292
60,239,2.39,DESCENT,Descent,false,false,0.103563011,0.102903128,0.103563011,110,NA,NA,false,false,NONE,1.13353217,0.0156912059,-0.3186158,0.0573242046,true,true,8,true,true,0.007331493,0.005766432,0.227708787,0.0622912347,0.154339865,0.204270422,0.812441468,right_forearm,true,0.00138405641,0,0.1013648,0.2985313,false,false,bar_height|bar_linear_stillness|bar_angular_stillness|knee_extension|hip_extension,1.37467146,0.324111551,0.357575268,1.51666558,1.37942934,0.171618029,0.05,0.02,0.2,0.08726646,0.17453292,0.17453292
60,240,2.4,DESCENT,Descent,false,false,0.100951374,0.100289047,0.100951374,110,NA,NA,false,false,NONE,1.13025916,0.0161921456,-0.3203721,0.05765087,true,true,8,true,true,0.00733093452,0.005683906,0.227544963,0.0624550655,0.154470861,0.204139426,0.81248045,right_forearm,true,0.00137930573,0,0.100881115,0.298594177,false,false,bar_height|bar_linear_stillness|bar_angular_stillness|knee_extension|hip_extension,1.37467146,0.325920373,0.3559304,1.5249722,1.38875508,0.172170743,0.05,0.02,0.2,0.08726646,0.17453292,0.17453292
60,241,2.41,DESCENT,Descent,false,false,0.09825426,0.09759754,0.09825426,110,NA,NA,false,false,NONE,1.12697911,0.0166342277,-0.320870072,0.0577387027,true,true,8,true,true,0.007340373,0.00576100359,0.227378458,0.06262156,0.154605016,0.204005271,0.8125159,right_forearm,true,0.00138330762,0,0.100954354,0.2987537,false,false,bar_height|bar_linear_stillness|bar_angular_stillness|knee_extension|hip_extension,1.37467146,0.326447636,0.354449958,1.5329752,1.39776325,0.172724456,0.05,0.02,0.2,0.08726646,0.17453292,0.17453292
60,242,2.42,DESCENT,Descent,false,false,0.0956074,0.09494889,0.0956074,110,NA,NA,false,false,NONE,1.12371314,0.0170049667,-0.319300324,0.0576137565,true,true,8,true,true,0.00725558354,0.005714602,0.227209762,0.06279026,0.154742256,0.203868032,0.81254077,right_forearm,true,0.00139762089,0,0.10173393,0.298771858,false,false,bar_height|bar_linear_stillness|bar_angular_stillness|knee_extension|hip_extension,1.37467146,0.324901849,0.35237214,1.54082835,1.40646553,0.1732764,0.05,0.02,0.2,0.08726646,0.17453292,0.17453292
60,243,2.43,DESCENT,Descent,false,false,0.09300649,0.09234053,0.09300649,110,NA,NA,false,false,NONE,1.12048328,0.0173157156,-0.315547,0.05734551,true,true,8,true,true,0.007239671,0.0056985314,0.227038473,0.062961556,0.154882342,0.203727946,0.8125545,right_forearm,true,0.001418384,0,0.102966905,0.2985564,false,false,bar_height|bar_linear_stillness|bar_angular_stillness|knee_extension|hip_extension,1.37467146,0.321182579,0.349488735,1.54854655,1.41488957,0.173823833,0.05,0.02,0.2,0.08726646,0.17453292,0.17453292
60,244,2.44,DESCENT,Descent,false,false,0.0904461145,0.0897691846,0.0904461145,110,NA,NA,false,false,NONE,1.11729217,0.0176626965,-0.311768353,0.05730715,true,true,8,true,true,0.007320372,0.005673833,0.226863861,0.06313615,0.15502508,0.203585207,0.812566161,right_forearm,true,0.001430396,0,0.103645861,0.297858566,false,false,bar_height|bar_linear_stillness|bar_angular_stillness|knee_extension|hip_extension,1.37467146,0.317483217,0.345734715,1.55634272,1.423433,0.174354509,0.05,0.02,0.2,0.08726646,0.17453292,0.17453292
60,245,2.45,DESCENT,Descent,false,false,0.08785683,0.08717507,0.08785683,110,NA,NA,false,false,NONE,1.114151,0.0179810077,-0.306607723,0.05712878,true,true,8,true,true,0.00738920271,0.005737888,0.22668618,0.06331385,0.1551702,0.203440085,0.8125738,right_forearm,true,0.00144481589,0,0.1044565,0.29700914,false,false,bar_height|bar_linear_stillness|bar_angular_stillness|knee_extension|hip_extension|local_trunk_erectness,1.37467146,0.3124025,0.341516346,1.56381965,1.431644,0.17487812,0.05,0.02,0.2,0.08726646,0.17453292,0.17453292
60,246,2.46,DESCENT,Descent,false,false,0.08533585,0.08464527,0.08533585,110,NA,NA,false,false,NONE,1.11107755,0.018264126,-0.299705267,0.0568227619,true,true,8,true,true,0.007376774,0.005709116,0.226505652,0.06349437,0.15531759,0.2032927,0.8125737,right_forearm,true,0.00146325945,0,0.105534971,0.2959209,false,false,bar_height|bar_linear_stillness|bar_angular_stillness|knee_extension|hip_extension|local_trunk_erectness,1.37467146,0.305590659,0.336446136,1.57106006,1.43952429,0.175396085,0.05,0.02,0.2,0.08726646,0.17453292,0.17453292
60,247,2.47,DESCENT,Descent,false,false,0.08288592,0.08218354,0.08288592,110,NA,NA,false,false,NONE,1.1080792,0.0185594559,-0.2922092,0.0566204377,true,true,8,true,true,0.007406714,0.00566527946,0.226321727,0.0636782944,0.155467063,0.203143239,0.8125706,right_forearm,true,0.00147702894,0,0.10631872,0.294502437,false,false,bar_height|bar_linear_stillness|bar_angular_stillness|knee_extension|hip_extension|local_trunk_erectness,1.37467146,0.2982223,0.330513775,1.5781945,1.44731057,0.175890818,0.05,0.02,0.2,0.08726646,0.17453292,0.17453292
60,248,2.48,DESCENT,Descent,false,false,0.0804669261,0.0797553658,0.0804669261,110,NA,NA,false,false,NONE,1.10516775,0.0188318882,-0.283396631,0.0563130155,true,true,8,true,true,0.007458066,0.005696285,0.226134241,0.06386579,0.15561837,0.202991918,0.8125641,right_forearm,true,0.00149240589,0,0.107190087,0.292966634,false,false,bar_height|bar_linear_stillness|bar_angular_stillness|knee_extension|hip_extension|local_trunk_erectness,1.37467146,0.289550424,0.323990047,1.58499861,1.45475233,0.176371977,0.05,0.02,0.2,0.08726646,0.17453292,0.17453292
60,249,2.49,DESCENT,Descent,false,false,0.0781334043,0.07741004,0.0781334043,110,NA,NA,false,false,NONE,1.10235763,0.01908077,-0.273162276,0.055909127,true,true,8,true,true,0.007474137,0.00568307471,0.225943118,0.0640569,0.15577139,0.2028389,0.8125528,right_forearm,true,0.00150930707,0,0.10815648,0.291243225,false,false,bar_height|bar_linear_stillness|bar_angular_stillness|knee_extension|hip_extension|local_trunk_erectness,1.37467146,0.279477239,0.316601664,1.59151137,1.4618535,0.176835641,0.05,0.02,0.2,0.08726646,0.17453292,0.17453292
60,250,2.5,DESCENT,Descent,false,false,0.07588893,0.07515192,0.07588893,110,NA,NA,false,false,NONE,1.09966016,0.0193192679,-0.261825383,0.0554950163,true,true,8,true,true,0.00749987364,0.00566229,0.225748032,0.06425198,0.15592593,0.202684343,0.812538,right_forearm,true,0.001525402,0,0.109076731,0.2893435,false,false,bar_height|bar_linear_stillness|bar_angular_stillness|knee_extension|hip_extension|local_trunk_erectness,1.37467146,0.268338323,0.308355,1.59774458,1.46866643,0.17728059,0.05,0.02,0.2,0.08726646,0.17453292,0.17453292
60,251,2.5100000000000002,DESCENT,Descent,false,false,0.07373029,0.07297969,0.07373029,110,NA,NA,false,false,NONE,1.09708583,0.0195482578,-0.249440849,0.0550231226,true,true,8,true,true,0.00755223725,0.005671674,0.225548685,0.06445134,0.15608184,0.202528447,0.812521,right_forearm,true,0.00154064456,0,0.1099311,0.287286669,false,false,bar_height|bar_linear_stillness|bar_angular_stillness|knee_extension|hip_extension|local_trunk_erectness,1.37467146,0.25618434,0.299290836,1.60365188,1.47514641,0.177697554,0.05,0.02,0.2,0.08726646,0.17453292,0.17453292
60,252,2.52,DESCENT,Descent,false,false,0.0716699362,0.07090539,0.0716699362,110,NA,NA,false,false,NONE,1.09464347,0.0197745375,-0.236189231,0.05449734,true,true,8,true,true,0.00759786461,0.00567153329,0.225344837,0.0646551847,0.156239,0.202371284,0.8125029,right_forearm,true,0.00155420578,0,0.110665411,0.285069,false,false,bar_height|bar_linear_stillness|bar_angular_stillness|knee_extension|hip_extension|local_trunk_erectness,1.37467146,0.243200213,0.2893429,1.60922658,1.4812957,0.178090751,0.05,0.02,0.2,0.08726646,0.17453292,0.17453292
60,253,2.5300000000000002,DESCENT,Descent,false,false,0.06971341,0.06893492,0.06971341,110,NA,NA,false,false,NONE,1.09233975,0.02000474,-0.222286761,0.05392933,true,true,8,true,true,0.007641175,0.005668986,0.22513622,0.0648638,0.156397372,0.202212915,0.8124846,right_forearm,true,0.00156561146,0,0.111249611,0.28270933,false,false,bar_height|bar_linear_stillness|bar_angular_stillness|knee_extension|hip_extension|local_trunk_erectness,1.37467146,0.229608282,0.278549463,1.6144582,1.48711741,0.178457677,0.05,0.02,0.2,0.08726646,0.17453292,0.17453292
60,254,2.54,DESCENT,Descent,false,false,0.06786555,0.0670737,0.06786555,110,NA,NA,false,false,NONE,1.09018564,0.020214254,-0.207219958,0.05326479,true,true,8,true,true,0.007655758,0.005667547,0.224922776,0.0650772452,0.15655683,0.202053457,0.8124643,right_forearm,true,0.00157866487,0,0.111942239,0.2803789,false,false,bar_height|bar_linear_stillness|bar_angular_stillness|knee_extension|hip_extension|local_trunk_erectness,1.37467146,0.214908972,0.26720348,1.619248,1.49248278,0.178794488,0.05,0.02,0.2,0.08726646,0.17453292,0.17453292
60,255,2.5500000000000003,DESCENT,Descent,false,false,0.0661582351,0.06535095,0.0661582351,110,NA,NA,false,false,NONE,1.08818614,0.020436028,-0.191769928,0.052601058,true,true,8,true,true,0.00768867461,0.00564404624,0.224704176,0.0652958453,0.156717345,0.201892942,0.812444568,right_forearm,true,0.00158828287,0,0.112411931,0.27789098,false,false,bar_height|bar_linear_stillness|bar_angular_stillness|knee_extension|hip_extension|local_trunk_erectness,1.37467146,0.1999005,0.254990369,1.62372887,1.49754989,0.179098666,0.05,0.02,0.2,0.08726646,0.17453292,0.17453292
60,256,2.56,DESCENT,Descent,false,false,0.0645599961,0.06373972,0.0645599961,110,NA,NA,false,false,NONE,1.0863409,0.0206806716,-0.176350266,0.0519336462,true,true,8,true,true,0.00774163427,0.005648194,0.224479973,0.06552005,0.156878978,0.201731309,0.8124281,right_forearm,true,0.001593483,0,0.1125817,0.2752959,false,false,bar_height|bar_linear_stillness|bar_angular_stillness|knee_extension|hip_extension|local_trunk_erectness,1.37467146,0.184997872,0.242099255,1.627857,1.50232148,0.179369062,0.05,0.02,0.2,0.08726646,0.17453292,0.17453292
60,257,2.57,DESCENT,Descent,false,false,0.06307638,0.06224507,0.06307638,110,NA,NA,false,false,NONE,1.08466232,0.0208880734,-0.1595225,0.05107822,true,true,8,true,true,0.00773678953,0.005667546,0.224250525,0.0657495,0.157041654,0.201568633,0.8124096,right_forearm,true,0.00160433562,0,0.1131159,0.272928447,false,false,bar_height|bar_linear_stillness|bar_angular_stillness|knee_extension|hip_extension|local_trunk_erectness,1.37467146,0.16879788,0.229112566,1.6314199,1.50648367,0.179612458,0.05,0.02,0.2,0.08726646,0.17453292,0.17453292
60,258,2.58,DESCENT,Descent,false,false,0.06177509,0.0609278679,0.06177509,110,NA,NA,false,false,NONE,1.08315146,0.0211249162,-0.142831534,0.050275512,true,true,8,true,true,0.00774753839,0.005610838,0.224015415,0.0659846142,0.157205477,0.20140481,0.8123928,right_forearm,true,0.001609759,0,0.113308914,0.270341277,false,false,bar_height|bar_linear_stillness|bar_angular_stillness|knee_extension|hip_extension|local_trunk_erectness,1.37467146,0.152887985,0.2151746,1.63473654,1.5104053,0.17981571,0.05,0.02,0.2,0.08726646,0.17453292,0.17453292
60,259,2.59,DESCENT,Descent,false,false,0.0605785251,0.0597198,0.0605785251,110,NA,NA,false,false,NONE,1.08180034,0.0214072112,-0.126929671,0.0495119169,true,true,8,true,true,0.0078082867,0.005619714,0.223774061,0.06622596,0.157370582,0.2012397,0.8123828,right_forearm,true,0.001608033,0,0.113024488,0.267638028,false,false,bar_height|bar_linear_stillness|bar_angular_stillness|knee_extension|hip_extension|local_trunk_erectness,1.37467146,0.137916058,0.200712115,1.63771939,1.51408923,0.180010781,0.05,0.02,0.2,0.08726646,0.17453292,0.17453292
60,260,2.6,DESCENT,Descent,false,false,0.05949229,0.0586258769,0.05949229,110,NA,NA,false,false,NONE,1.0806222,0.0216364842,-0.109405413,0.0484733321,true,true,8,true,true,0.00778373471,0.005662629,0.223527223,0.06647279,0.157536954,0.201073334,0.8123702,right_forearm,true,0.00161609065,0,0.113367751,0.265354,false,false,bar_height|bar_linear_stillness|knee_extension|hip_extension|local_trunk_erectness,1.37467146,0.121603228,0.186667085,1.64003348,1.51702368,0.180845737,0.05,0.02,0.2,0.08726646,0.17453292,0.17453292
60,261,2.61,DESCENT,Descent,false,false,0.0586228371,0.0577408671,0.0586228371,110,NA,NA,false,false,NONE,1.07961392,0.0219138935,-0.09257449,0.0475442037,true,true,8,true,true,0.007764186,0.005565842,0.223274544,0.06672548,0.157704845,0.200905442,0.812360466,right_forearm,true,0.00161685061,0,0.113264307,0.262758553,false,false,bar_height|bar_linear_stillness|knee_extension|hip_extension|local_trunk_erectness,1.37467146,0.106351808,0.171640441,1.64219451,1.51979971,0.181480914,0.05,0.02,0.2,0.08726646,0.17453292,0.17453292
60,262,2.62,DESCENT,Descent,false,false,0.05784279,0.0569522381,0.05784279,110,NA,NA,false,false,NONE,1.07875919,0.022259919,-0.07735657,0.0467019826,true,true,8,true,true,0.007830273,0.005576462,0.223015264,0.06698476,0.15787445,0.200735837,0.8123606,right_forearm,true,0.001607486,0,0.112488106,0.260012031,false,false,bar_height|bar_linear_stillness|knee_extension|hip_extension|local_trunk_erectness,1.37467146,0.09306244,0.156267673,1.64406908,1.52242,0.181902722,0.05,0.02,0.2,0.08726646,0.17453292,0.17453292
60,263,2.63,DESCENT,Descent,false,false,0.05715871,0.0562648177,0.05715871,110,NA,NA,false,false,NONE,1.07803881,0.0226726979,-0.06404992,0.0459103957,true,true,8,true,true,0.007839549,0.00556169,0.222749561,0.06725045,0.1580461,0.200564191,0.8123716,right_forearm,true,0.00159071269,0,0.111214086,0.257223368,false,false,bar_height|bar_linear_stillness|knee_extension|hip_extension|local_trunk_erectness,1.37467146,0.08200127,0.14095,1.64565051,1.52487159,0.182115227,0.05,0.02,0.2,0.08726646,0.17453292,0.17453292
60,264,2.64,DESCENT,Descent,false,false,0.05657494,0.05568236,0.05657494,110,NA,NA,false,false,NONE,1.07745171,0.02306811,-0.050614804,0.0449427627,true,true,8,true,true,0.007765251,0.005568281,0.222478122,0.0675219,0.158220083,0.2003902,0.812384963,right_forearm,true,0.00158148783,0,0.110427909,0.2549523,false,false,bar_height|bar_linear_stillness|knee_extension|hip_extension|local_trunk_erectness,1.37467146,0.07151117,0.126881957,1.64672041,1.52676725,0.1823445,0.05,0.02,0.2,0.08726646,0.17453292,0.17453292
60,265,2.65,DESCENT,Descent,false,false,0.0561645031,0.055267632,0.0561645031,110,NA,NA,false,false,NONE,1.07698572,0.0235151127,-0.0386967734,0.0440669023,true,true,8,true,true,0.007689729,0.00546733756,0.222200766,0.0677992553,0.15839681,0.200213477,0.8124041,right_forearm,true,0.00156719307,0,0.109335117,0.2525315,false,false,bar_height|bar_linear_stillness|knee_extension|hip_extension|local_trunk_erectness,1.37467146,0.06318459,0.112708464,1.647697,1.52857518,0.1823733,0.05,0.02,0.2,0.08726646,0.17453292,0.17453292
60,266,2.66,DESCENT,Descent,false,false,0.05582136,0.05492556,0.05582136,110,NA,NA,false,false,NONE,1.07661963,0.0240246058,-0.0288643986,0.0432658531,true,true,8,true,true,0.00768557331,0.0054565263,0.221917063,0.06808296,0.158576652,0.200033635,0.812433362,right_forearm,true,0.001546587,0,0.107829854,0.250108838,false,false,bar_height|bar_linear_stillness|knee_extension|hip_extension|local_trunk_erectness,1.37467146,0.05729109,0.0990540758,1.64850056,1.530306,0.182201728,0.05,0.02,0.2,0.08726646,0.17453292,0.17453292
60,267,2.67,DESCENT,Descent,false,false,0.0555434823,0.05465287,0.0555434823,110,NA,NA,false,false,NONE,1.07634008,0.0245587565,-0.0202496275,0.0424375348,true,true,8,true,true,0.0076326523,0.005456002,0.221627712,0.0683723,0.158759966,0.199850321,0.8124689,right_forearm,true,0.001527262,0,0.106408708,0.248023435,false,false,bar_height|bar_linear_stillness|knee_extension|hip_extension|local_trunk_erectness,1.37467146,0.05304832,0.08681673,1.64902377,1.53177226,0.181947336,0.05,0.02,0.2,0.08726646,0.17453292,0.17453292
60,268,2.68,DESCENT,Descent,false,false,0.05536425,0.05447799,0.05536425,110,NA,NA,false,false,NONE,1.07612884,0.0251456667,-0.0135852695,0.0416732766,true,true,8,true,true,0.007548384,0.005382077,0.221332982,0.06866704,0.158947229,0.199663058,0.812511563,right_forearm,true,0.00150473858,0,0.104790822,0.245939508,false,false,bar_height|bar_linear_stillness|knee_extension|hip_extension|local_trunk_erectness,1.37467146,0.0505324267,0.07541598,1.64948881,1.53319848,0.181520373,0.05,0.02,0.2,0.08726646,0.17453292,0.17453292
60,269,2.69,DESCENT,Descent,false,false,0.0552291274,0.0543509722,0.0552291274,110,NA,NA,false,false,NONE,1.07596445,0.0257853717,-0.00904475152,0.04096251,true,true,8,true,true,0.00748483976,0.005346744,0.221032992,0.06896703,0.159138888,0.1994714,0.8125628,right_forearm,true,0.00147911534,0,0.102972813,0.243960723,false,false,bar_height|bar_linear_stillness|knee_extension|hip_extension|local_trunk_erectness,1.37467146,0.0492404327,0.06534595,1.64988089,1.5345968,0.180940762,0.05,0.02,0.2,0.08726646,0.17453292,0.17453292
60,270,2.7,DESCENT,Descent,false,false,0.05513054,0.0542630553,0.05513054,110,NA,NA,false,false,NONE,1.07583439,0.026441114,-0.00565945357,0.04022645,true,true,8,true,true,0.00739123439,0.00532815745,0.220728517,0.0692715,0.159335345,0.199274942,0.812617958,right_forearm,true,0.00145729,0,0.101412162,0.242391363,false,false,bar_height|bar_linear_stillness|knee_extension|hip_extension|local_trunk_erectness,1.37467146,0.04846988,0.0573832579,1.6501199,1.53580844,0.180322185,0.05,0.02,0.2,0.08726646,0.17453292,0.17453292
60,271,2.71,DESCENT,Descent,false,false,0.05509305,0.0542340875,0.05509305,110,NA,NA,false,false,NONE,1.07572222,0.0271385014,-0.00401965529,0.0395513475,true,true,8,true,true,0.007285106,0.00525240554,0.220420063,0.06957996,0.159537062,0.199073225,0.8126778,right_forearm,true,0.00143453747,0,0.09980794,0.240873054,false,false,bar_height|bar_linear_stillness|knee_extension|hip_extension|local_trunk_erectness,1.37467146,0.0481348634,0.0509587154,1.65041208,1.53704178,0.179589868,0.05,0.02,0.2,0.08726646,0.17453292,0.17453292
60,272,2.72,DESCENT,Descent,false,false,0.0550637245,0.05421555,0.0550637245,110,NA,NA,false,false,NONE,1.07560933,0.0278798938,-0.004229106,0.0389295071,true,true,8,true,true,0.007207638,0.005213492,0.220107943,0.06989207,0.159744427,0.198865861,0.812743,right_forearm,true,0.00141036464,0,0.09811851,0.239476785,false,false,bar_height|bar_linear_stillness|knee_extension|hip_extension|local_trunk_erectness,1.37467146,0.0480695367,0.0463429727,1.65074551,1.5383122,0.178990662,0.05,0.02,0.2,0.08726646,0.17453292,0.17453292
60,273,2.73,DESCENT,Descent,false,false,0.05503452,0.0541984439,0.05503452,110,NA,NA,false,false,NONE,1.07547772,0.0286607444,-0.00621309876,0.0383528434,true,true,8,true,true,0.00711589074,0.00516911037,0.219792962,0.07020707,0.159957856,0.198652431,0.812813044,right_forearm,true,0.00138595363,0,0.09641805,0.238225609,false,false,bar_height|bar_linear_stillness|knee_extension|hip_extension|local_trunk_erectness,1.37467146,0.04828024,0.0434950441,1.65114379,1.53962624,0.178730384,0.05,0.02,0.2,0.08726646,0.17453292,0.17453292
60,274,2.74,DESCENT,Descent,false,false,0.0549971461,0.0541740656,0.0549971461,110,NA,NA,false,false,NONE,1.075318,0.0294515491,-0.009065971,0.03776411,true,true,8,true,true,0.00700245146,0.005133755,0.219476044,0.07052398,0.160177678,0.1984326,0.8128834,right_forearm,true,0.00136667,0,0.09506836,0.2373459,false,false,bar_height|bar_linear_stillness|knee_extension|hip_extension|local_trunk_erectness,1.37467146,0.0487412922,0.0422997326,1.651554,1.54086244,0.1784724,0.05,0.02,0.2,0.08726646,0.17453292,0.17453292
60,275,2.75,DESCENT,Descent,false,false,0.0549682975,0.05415523,0.0549682975,110,NA,NA,false,false,NONE,1.075118,0.0302731264,-0.0132110789,0.0372328162,true,true,8,true,true,0.00688803475,0.00505701732,0.219157934,0.0708420947,0.16040428,0.198206007,0.812954545,right_forearm,true,0.00134788733,0,0.0937661,0.236507118,false,false,bar_height|bar_linear_stillness|knee_extension|hip_extension|local_trunk_erectness,1.37467146,0.0497722551,0.04199385,1.6521405,1.54219353,0.178207338,0.05,0.02,0.2,0.08726646,0.17453292,0.17453292
60,276,2.7600000000000002,DESCENT,Descent,false,false,0.0549042225,0.0541021228,0.0549042225,110,NA,NA,false,false,NONE,1.074864,0.0311268419,-0.0186917037,0.036752142,true,true,8,true,true,0.006801569,0.00500901928,0.218839243,0.07116078,0.160637915,0.197972372,0.813027263,right_forearm,true,0.00132923573,0,0.09247975,0.235747874,false,false,bar_height|bar_linear_stillness|knee_extension|hip_extension|local_trunk_erectness,1.37467146,0.0516621731,0.0423014872,1.65288854,1.54363251,0.177941889,0.05,0.02,0.2,0.08726646,0.17453292,0.17453292
60,277,2.77,DESCENT,Descent,false,false,0.0547982454,0.0540071726,0.0547982454,110,NA,NA,false,false,NONE,1.07454956,0.03198933,-0.0247707516,0.0362702943,true,true,8,true,true,0.00669947965,0.00497153774,0.218521059,0.0714789554,0.160878852,0.197731435,0.8130983,right_forearm,true,0.00131463667,0,0.0914679244,0.23523578,false,false,bar_height|bar_linear_stillness|knee_extension|hip_extension|local_trunk_erectness,1.37467146,0.0543363728,0.04299713,1.65373719,1.54506826,0.177693516,0.05,0.02,0.2,0.08726646,0.17453292,0.17453292
60,278,2.7800000000000002,DESCENT,Descent,false,false,0.05466807,0.05388546,0.05466807,110,NA,NA,false,false,NONE,1.07416546,0.0328779966,-0.0318197235,0.03584183,true,true,8,true,true,0.006591545,0.004891156,0.218204215,0.07179581,0.1611273,0.197482973,0.813168347,right_forearm,true,0.00130077743,0,0.0905170962,0.2347023,false,false,bar_height|bar_linear_stillness|knee_extension|hip_extension|local_trunk_erectness,1.37467146,0.0581213757,0.04382849,1.65482259,1.54664731,0.177452862,0.05,0.02,0.2,0.08726646,0.17453292,0.17453292
60,279,2.79,DESCENT,Descent,false,false,0.0544775128,0.0537038445,0.0544775128,110,NA,NA,false,false,NONE,1.07370162,0.03379279,-0.0398669466,0.0354589038,true,true,8,true,true,0.006505595,0.00483514369,0.217889339,0.07211069,0.1613835,0.1972268,0.8132377,right_forearm,true,0.00128668663,0,0.0895532146,0.234181732,false,false,bar_height|bar_linear_stillness|knee_extension|hip_extension|local_trunk_erectness,1.37467146,0.06315584,0.0447810479,1.65612614,1.54837942,0.177222669,0.05,0.02,0.2,0.08726646,0.17453292,0.17453292
60,280,2.8000000000000003,DESCENT,Descent,false,false,0.0542223454,0.05345732,0.0542223454,110,NA,NA,false,false,NONE,1.07315373,0.0347135141,-0.0482760668,0.0350757353,true,true,8,true,true,0.00640709,0.00478763739,0.217577428,0.07242259,0.161647528,0.196962759,0.8133042,right_forearm,true,0.001276409,0,0.08884513,0.2338323,false,false,bar_height|bar_linear_stillness|knee_extension|hip_extension|local_trunk_erectness,1.37467146,0.0690356,0.0459585674,1.65759063,1.550169,0.177019149,0.05,0.02,0.2,0.08726646,0.17453292,0.17453292
60,281,2.81,DESCENT,Descent,false,false,0.05391884,0.0531598926,0.05391884,110,NA,NA,false,false,NONE,1.072516,0.0356524251,-0.0573327541,0.03473489,true,true,8,true,true,0.00630393066,0.00470437249,0.217269272,0.07273076,0.161919579,0.196690708,0.8133682,right_forearm,true,0.00126662606,0,0.088176854,0.233424783,false,false,bar_height|bar_linear_stillness|knee_extension|hip_extension|local_trunk_erectness,1.37467146,0.07592531,0.0473892875,1.65932584,1.55213642,0.176830247,0.05,0.02,0.2,0.08726646,0.17453292,0.17453292
60,282,2.82,DESCENT,Descent,false,false,0.0535377264,0.05278492,0.0535377264,110,NA,NA,false,false,NONE,1.07178152,0.0366085246,-0.0670499951,0.0344255045,true,true,8,true,true,0.006221326,0.00464660954,0.2169654,0.0730346143,0.1621997,0.196410581,0.813430548,right_forearm,true,0.00125708419,0,0.08752389,0.232992589,false,false,bar_height|bar_linear_stillness|knee_extension|hip_extension|local_trunk_erectness,1.37467146,0.08379141,0.0492075868,1.66131175,1.55428755,0.1766641,0.05,0.02,0.2,0.08726646,0.17453292,0.17453292
60,283,2.83,DESCENT,Descent,false,false,0.0530767441,0.05232936,0.0530767441,110,NA,NA,false,false,NONE,1.07094467,0.0375780128,-0.07732767,0.0341381356,true,true,8,true,true,0.006134184,0.004529007,0.216666579,0.07333344,0.162488014,0.196122274,0.8134905,right_forearm,true,0.00124813884,0,0.08690898,0.23254706,false,false,bar_height|bar_linear_stillness|knee_extension|hip_extension|local_trunk_erectness,1.37467146,0.09250453,0.0515413,1.663549,1.5566231,0.1765235,0.05,0.02,0.2,0.08726646,0.17453292,0.17453292
60,284,2.84,DESCENT,Descent,false,false,0.052533865,0.05179113,0.052533865,110,NA,NA,false,false,NONE,1.07000458,0.03854355,-0.08764538,0.0338412262,true,true,8,true,true,0.00599309569,0.00439744862,0.216373578,0.0736264437,0.162784487,0.1958258,0.8135465,right_forearm,true,0.001242651,0,0.086525254,0.232219949,false,false,bar_height|bar_linear_stillness|knee_extension|hip_extension|local_trunk_erectness,1.37467146,0.101550713,0.05461885,1.66599679,1.55907321,0.176412582,0.05,0.02,0.2,0.08726646,0.17453292,0.17453292
60,285,2.85,DESCENT,Descent,false,false,0.05192095,0.0511800647,0.05192095,110,NA,NA,false,false,NONE,1.06895947,0.0395118371,-0.09817376,0.03356268,true,true,8,true,true,0.005838556,0.00424967753,0.2160869,0.07391313,0.1630891,0.195521191,0.8135986,right_forearm,true,0.00123812421,0,0.08620659,0.23183687,false,false,bar_height|bar_linear_stillness|knee_extension|hip_extension|local_trunk_erectness,1.37467146,0.111021288,0.0583178736,1.66872859,1.56172442,0.176328659,0.05,0.02,0.2,0.08726646,0.17453292,0.17453292
60,286,2.86,DESCENT,Descent,false,false,0.0512174964,0.0504776239,0.0512174964,110,NA,NA,false,false,NONE,1.0678072,0.0404805876,-0.108904496,0.0332940966,true,true,8,true,true,0.00570315076,0.00412141765,0.215806961,0.07419306,0.163401753,0.195208535,0.813647568,right_forearm,true,0.00123431149,0,0.08593225,0.23141399,false,false,bar_height|bar_linear_stillness|knee_extension|hip_extension|local_trunk_erectness,1.37467146,0.120860927,0.06263536,1.67172337,1.564577,0.176273152,0.05,0.02,0.2,0.08726646,0.17453292,0.17453292
60,287,2.87,DESCENT,Descent,false,false,0.0504230857,0.04968351,0.0504230857,110,NA,NA,false,false,NONE,1.06654906,0.04143842,-0.119477086,0.0330122933,true,true,8,true,true,0.0055663283,0.00399862044,0.215534389,0.07446563,0.163722351,0.194887936,0.813692033,right_forearm,true,0.00123288634,0,0.0858171955,0.231067389,false,false,bar_height|bar_linear_stillness|knee_extension|hip_extension|local_trunk_erectness,1.37467146,0.130697086,0.06767508,1.674942,1.567577,0.176250115,0.05,0.02,0.2,0.08726646,0.17453292,0.17453292
60,288,2.88,DESCENT,Descent,false,false,0.0495486259,0.0488072038,0.0495486259,110,NA,NA,false,false,NONE,1.06518543,0.0423894376,-0.130027413,0.03273327,true,true,8,true,true,0.005435598,0.00386485248,0.215269566,0.07473046,0.164050788,0.1945595,0.8137326,right_forearm,true,0.00123229448,0,0.0857540444,0.2306429,false,false,bar_height|bar_linear_stillness|knee_extension|hip_extension|local_trunk_erectness,1.37467146,0.140625238,0.0731189,1.67843068,1.57078063,0.176258251,0.05,0.02,0.2,0.08726646,0.17453292,0.17453292
60,289,2.89,DESCENT,Descent,false,false,0.04858148,0.0478377938,0.04858148,110,NA,NA,false,false,NONE,1.06371677,0.0433311574,-0.1405352,0.0324496068,true,true,8,true,true,0.00531914132,0.00374506018,0.215012729,0.07498729,0.164386883,0.1942234,0.8137698,right_forearm,true,0.00123194628,0,0.0857058,0.230181888,false,false,bar_height|bar_linear_stillness|knee_extension|hip_extension|local_trunk_erectness,1.37467146,0.150601164,0.0789237544,1.68216944,1.57418561,0.176293463,0.05,0.02,0.2,0.08726646,0.17453292,0.17453292
60,290,2.9,DESCENT,Descent,false,false,0.04752314,0.0467761159,0.04752314,110,NA,NA,false,false,NONE,1.06214535,0.0442563035,-0.15078187,0.0321506038,true,true,8,true,true,0.0052039437,0.003631958,0.2147643,0.07523573,0.164730489,0.1938798,0.813802838,right_forearm,true,0.00123314315,0,0.08575574,0.2297468,false,false,bar_height|bar_linear_stillness|knee_extension|hip_extension|local_trunk_erectness,1.37467146,0.1603978,0.0850815848,1.68612862,1.57775474,0.176363871,0.05,0.02,0.2,0.08726646,0.17453292,0.17453292
60,291,2.91,DESCENT,Descent,false,false,0.0463815331,0.0456295,0.0463815331,110,NA,NA,false,false,NONE,1.06047356,0.0451659225,-0.160820037,0.03183865,true,true,8,true,true,0.005094263,0.00351469778,0.214524418,0.0754756,0.165081412,0.193528876,0.813832164,right_forearm,true,0.00123493932,0,0.0858434662,0.2292581,false,false,bar_height|bar_linear_stillness|knee_extension|hip_extension|local_trunk_erectness,1.37467146,0.170049235,0.0913361,1.69033074,1.58151793,0.176461309,0.05,0.02,0.2,0.08726646,0.17453292,0.17453292
60,292,2.92,DESCENT,Descent,false,false,0.04515046,0.0443922281,0.04515046,110,NA,NA,false,false,NONE,1.05870342,0.0460575819,-0.1706336,0.0315101743,true,true,8,true,true,0.00499567,0.00340850768,0.214293256,0.0757067651,0.165439472,0.193170816,0.8138579,right_forearm,true,0.00123720849,0,0.08595735,0.22872591,false,false,bar_height|bar_linear_stillness|knee_extension|hip_extension|local_trunk_erectness,1.37467146,0.179527208,0.097599864,1.69475842,1.58546972,0.176585719,0.05,0.02,0.2,0.08726646,0.17453292,0.17453292
60,293,2.93,DESCENT,Descent,false,false,0.0438323021,0.0430668,0.0438323021,110,NA,NA,false,false,NONE,1.05683792,0.0469292,-0.18016246,0.03116096,true,true,8,true,true,0.004902279,0.00330684031,0.214070916,0.0759291,0.165804431,0.192805856,0.8138803,right_forearm,true,0.00124007254,0,0.08610663,0.2281681,false,false,bar_height|bar_linear_stillness|knee_extension|hip_extension|local_trunk_erectness,1.37467146,0.188764051,0.103801817,1.69940078,1.58960247,0.176738411,0.05,0.02,0.2,0.08726646,0.17453292,0.17453292
60,294,2.94,DESCENT,Descent,false,false,0.0424295664,0.04165566,0.0424295664,110,NA,NA,false,false,NONE,1.0548805,0.04777742,-0.1893203,0.0307921767,true,true,8,true,true,0.004813075,0.00320965354,0.213857487,0.0761425346,0.166176066,0.192434222,0.813899159,right_forearm,true,0.00124377385,0,0.08630942,0.22761485,false,false,bar_height|bar_linear_stillness|knee_extension|hip_extension|local_trunk_erectness,1.37467146,0.197668955,0.1099216,1.70424247,1.59390152,0.17691797,0.05,0.02,0.2,0.08726646,0.17453292,0.17453292
60,295,2.95,DESCENT,Descent,false,false,0.0409466028,0.0401627421,0.0409466028,110,NA,NA,false,false,NONE,1.05283523,0.0486005135,-0.198084563,0.0303986464,true,true,8,true,true,0.004731251,0.00311624934,0.213652968,0.07634706,0.166554123,0.192056164,0.8139148,right_forearm,true,0.0012479506,0,0.08653962,0.227031276,false,false,bar_height|bar_linear_stillness|knee_extension|hip_extension|local_trunk_erectness,1.37467146,0.206212461,0.115798116,1.70928085,1.59836686,0.177125648,0.05,0.02,0.2,0.08726646,0.17453292,0.17453292
60,296,2.96,DESCENT,Descent,false,false,0.03938365,0.0385885835,0.03938365,110,NA,NA,false,false,NONE,1.05070627,0.04939794,-0.206424847,0.0299782455,true,true,8,true,true,0.00465621,0.00302973762,0.213457286,0.07654274,0.16693835,0.191671938,0.8139272,right_forearm,true,0.001252838,0,0.08681141,0.226434439,false,false,bar_height|bar_linear_stillness|knee_extension|hip_extension|local_trunk_erectness,1.37467146,0.214359671,0.121381618,1.71450186,1.60299158,0.1773533,0.05,0.02,0.2,0.08726646,0.17453292,0.17453292
60,297,2.97,DESCENT,Descent,false,false,0.0377441645,0.03693652,0.0377441645,110,NA,NA,false,false,NONE,1.04849744,0.0501693524,-0.214389861,0.0295433719,true,true,8,true,true,0.004587864,0.00294602918,0.213270366,0.07672966,0.167328477,0.19128181,0.81393677,right_forearm,true,0.001257733,0,0.08708335,0.225815028,false,false,bar_height|bar_linear_stillness|knee_extension|hip_extension|local_trunk_erectness,1.37467146,0.222154871,0.126620322,1.71990287,1.60778069,0.177604824,0.05,0.02,0.2,0.08726646,0.17453292,0.17453292
60,298,2.98,DESCENT,Descent,false,false,0.0360282063,0.0352070928,0.0360282063,110,NA,NA,false,false,NONE,1.04621327,0.0509112,-0.221885741,0.029077027,true,true,8,true,true,0.004525013,0.00287163025,0.213092089,0.07690794,0.167724222,0.190886065,0.8139437,right_forearm,true,0.001263099,0,0.08738065,0.22519435,false,false,bar_height|bar_linear_stillness|knee_extension|hip_extension|local_trunk_erectness,1.37467146,0.229501,0.1314927,1.72545838,1.612709,0.177876145,0.05,0.02,0.2,0.08726646,0.17453292,0.17453292
60,299,2.99,DESCENT,Descent,false,false,0.03424287,0.0334067941,0.03424287,110,NA,NA,false,false,NONE,1.04385889,0.05162267,-0.228869736,0.02858104,true,true,8,true,true,0.004463695,0.00279844063,0.212922335,0.07707769,0.1681253,0.190484986,0.8139476,right_forearm,true,0.00126906182,0,0.0877146646,0.224577323,false,false,bar_height|bar_linear_stillness|knee_extension|hip_extension|local_trunk_erectness,1.37467146,0.23635383,0.135947555,1.73116028,1.61776781,0.178165808,0.05,0.02,0.2,0.08726646,0.17453292,0.17453292
60,300,3,DESCENT,Descent,false,false,0.03239143,0.0315389633,0.03239143,110,NA,NA,false,false,NONE,1.04143786,0.05230611,-0.235524923,0.0280786864,true,true,8,true,true,0.004408768,0.00272574718,0.212760866,0.0772391558,0.168531418,0.190078869,0.8139497,right_forearm,true,0.001274315,0,0.08800049,0.223922759,false,false,bar_height|bar_linear_stillness|knee_extension|hip_extension|local_trunk_erectness,1.37467146,0.24289161,0.139882222,1.73702061,1.62298512,0.178471059,0.05,0.02,0.2,0.08726646,0.17453292,0.17453292
60,301,3.0100000000000002,DESCENT,Descent,false,false,0.0304697454,0.0296003222,0.0304697454,110,NA,NA,false,false,NONE,1.038955,0.05295639,-0.241670519,0.0275423825,true,true,8,true,true,0.004360389,0.00266949716,0.212607473,0.07739254,0.168942258,0.18966803,0.8139494,right_forearm,true,0.00128016016,0,0.08832108,0.2233163,false,false,bar_height|bar_linear_stillness|knee_extension|hip_extension|local_trunk_erectness,1.37467146,0.248932928,0.143429354,1.74299157,1.62830937,0.1787918,0.05,0.02,0.2,0.08726646,0.17453292,0.17453292
60,302,3.02,DESCENT,Descent,false,false,0.028490901,0.0276026726,0.028490901,110,NA,NA,false,false,NONE,1.03641593,0.05357214,-0.247242227,0.0269756727,true,true,8,true,true,0.00430923142,0.00260927319,0.212462008,0.077538006,0.169357538,0.189252749,0.8139468,right_forearm,true,0.00128683774,0,0.08869339,0.222746179,false,false,bar_height|bar_linear_stillness|knee_extension|hip_extension|local_trunk_erectness,1.37467146,0.254413784,0.146525726,1.74907184,1.63373137,0.179127991,0.05,0.02,0.2,0.08726646,0.17453292,0.17453292
60,303,3.0300000000000002,DESCENT,Descent,false,false,0.0264575779,0.0255491734,0.0264575779,110,NA,NA,false,false,NONE,1.03382671,0.0541532263,-0.252223343,0.02638351,true,true,8,true,true,0.00426479755,0.00255549932,0.2123242,0.07767582,0.169776931,0.188833356,0.8139417,right_forearm,true,0.00129387213,0,0.08908631,0.222210869,false,false,bar_height|bar_linear_stillness|knee_extension|hip_extension|local_trunk_erectness,1.37467146,0.259316951,0.149141341,1.75525165,1.6392436,0.1794755,0.05,0.02,0.2,0.08726646,0.17453292,0.17453292
60,304,3.04,DESCENT,Descent,false,false,0.0243733227,0.0234431624,0.0243733227,110,NA,NA,false,false,NONE,1.03119051,0.0547042154,-0.256922871,0.0257962365,true,true,8,true,true,0.004225779,0.00249784673,0.212193683,0.07780634,0.170200139,0.188410148,0.813935459,right_forearm,true,0.00129937218,0,0.08938189,0.221634075,false,false,bar_height|bar_linear_stillness|knee_extension|hip_extension|local_trunk_erectness,1.37467146,0.263945758,0.151129335,1.76155353,1.64489329,0.17983298,0.05,0.02,0.2,0.08726646,0.17453292,0.17453292
60,305,3.0500000000000003,DESCENT,Descent,false,false,0.0222305059,0.02127862,0.0222305059,110,NA,NA,false,false,NONE,1.028512,0.0552187152,-0.261105925,0.0251791254,true,true,8,true,true,0.00419326732,0.00246152212,0.212070227,0.0779297948,0.170626819,0.187983468,0.81392765,right_forearm,true,0.00130545616,0,0.08970876,0.221152425,false,false,bar_height|bar_linear_stillness|knee_extension|hip_extension|local_trunk_erectness,1.37467146,0.268066049,0.15275842,1.767912,1.65060687,0.180196345,0.05,0.02,0.2,0.08726646,0.17453292,0.17453292
60,306,3.06,DESCENT,Descent,false,false,0.020047009,0.01907134,0.020047009,110,NA,NA,false,false,NONE,1.02579713,0.0556957,-0.264695764,0.0245369636,true,true,8,true,true,0.00415332476,0.00242635328,0.21195361,0.0780464038,0.171056673,0.187553614,0.813917935,right_forearm,true,0.00131237565,0,0.09008983,0.220743239,false,false,bar_height|bar_linear_stillness|knee_extension|hip_extension|local_trunk_erectness,1.37467146,0.2716025,0.153972909,1.77433157,1.65637565,0.180568278,0.05,0.02,0.2,0.08726646,0.17453292,0.17453292
60,307,3.0700000000000003,DESCENT,Descent,false,false,0.01782605,0.01682493,0.01782605,110,NA,NA,false,false,NONE,1.02304828,0.056139648,-0.268106461,0.0239125434,true,true,8,true,true,0.004117086,0.00241669081,0.2118434,0.07815661,0.171489343,0.187120944,0.813907743,right_forearm,true,0.00131727965,0,0.0903409645,0.220290229,false,false,bar_height|bar_linear_stillness|knee_extension|hip_extension|local_trunk_erectness,1.37467146,0.2749628,0.154542238,1.78085446,1.66227341,0.180943385,0.05,0.02,0.2,0.08726646,0.17453292,0.17453292
60,308,3.08,DESCENT,Descent,false,false,0.0155537426,0.0145268142,0.0155537426,110,NA,NA,false,false,NONE,1.02026987,0.0565434322,-0.271009862,0.023258727,true,true,8,true,true,0.00409320649,0.00243518827,0.211739331,0.07826069,0.1719245,0.186685786,0.813896656,right_forearm,true,0.0013228883,0,0.0906329453,0.21997197,false,false,bar_height|bar_linear_stillness|knee_extension|hip_extension|local_trunk_erectness,1.37467146,0.277820945,0.154864892,1.78739285,1.66825819,0.181320354,0.05,0.02,0.2,0.08726646,0.17453292,0.17453292
60,309,3.09,DESCENT,Descent,false,false,0.0132541955,0.0121991634,0.0132541955,110,NA,NA,false,false,NONE,1.01746821,0.05690848,-0.2732974,0.0225830674,true,true,8,true,true,0.00405900367,0.002441303,0.211641192,0.07835883,0.172361836,0.186248451,0.813883662,right_forearm,true,0.00132956926,0,0.09099452,0.21976532,false,false,bar_height|bar_linear_stillness|knee_extension|hip_extension|local_trunk_erectness,1.37467146,0.2800715,0.154873,1.79396141,1.67444146,0.1817031,0.05,0.02,0.2,0.08726646,0.17453292,0.17453292
60,310,3.1,DESCENT,Descent,false,false,0.0109291375,0.009844154,0.0109291375,110,NA,NA,false,false,NONE,1.01464438,0.05724275,-0.275537074,0.021939408,true,true,8,true,true,0.00402776944,0.00243486045,0.2115485,0.07845152,0.172801048,0.18580924,0.8138709,right_forearm,true,0.0013336431,0,0.09119061,0.219473988,false,false,bar_height|bar_linear_stillness|knee_extension|hip_extension|local_trunk_erectness,1.37467146,0.282274246,0.154202461,1.80061913,1.68075216,0.182082459,0.05,0.02,0.2,0.08726646,0.17453292,0.17453292
60,311,3.11,DESCENT,Descent,false,false,0.008559257,0.00744530559,0.008559257,110,NA,NA,false,false,NONE,1.01180255,0.0575379,-0.277280748,0.0212685745,true,true,8,true,true,0.00401263358,0.00246087019,0.211460978,0.07853904,0.173241809,0.185368478,0.813857555,right_forearm,true,0.00133877632,0,0.09145003,0.219358817,false,false,bar_height|bar_linear_stillness|knee_extension|hip_extension|local_trunk_erectness,1.37467146,0.283985168,0.153446108,1.8072561,1.68705857,0.182461,0.05,0.02,0.2,0.08726646,0.17453292,0.17453292
60,312,3.12,DESCENT,Descent,false,false,0.00617423654,0.00502902269,0.00617423654,110,NA,NA,false,false,NONE,1.00894916,0.0577942878,-0.278389245,0.0205804724,true,true,8,true,true,0.00398117071,0.002470735,0.211378455,0.0786215737,0.173683792,0.1849265,0.813842535,right_forearm,true,0.00134522177,0,0.09179627,0.219371945,false,false,bar_height|bar_linear_stillness|knee_extension|hip_extension|local_trunk_erectness,1.37467146,0.285068959,0.152487189,1.813893,1.69336069,0.182837456,0.05,0.02,0.2,0.08726646,0.17453292,0.17453292
60,313,3.13,DESCENT,Descent,false,false,0.00377517939,0.00259697437,0.00377517939,110,NA,NA,false,false,NONE,1.00609076,0.0580137148,-0.278856277,0.0198836438,true,true,8,true,true,0.003942479,0.002486793,0.211300611,0.07869942,0.174126729,0.184483558,0.8138256,right_forearm,true,0.00135263,0,0.092209965,0.219489232,false,false,bar_height|bar_linear_stillness|knee_extension|hip_extension|local_trunk_erectness,1.37467146,0.2855202,0.151274264,1.82052362,1.69965637,0.183217049,0.05,0.02,0.2,0.08726646,0.17453292,0.17453292
60,314,3.14,DESCENT,Descent,false,false,0.00136399269,0.000151097775,0.00136399269,110,NA,NA,false,false,NONE,1.00322759,0.0582043342,-0.279362053,0.01923513,true,true,8,true,true,0.0038878778,0.00248484779,0.211226925,0.0787730962,0.174570292,0.18404,0.8138095,right_forearm,true,0.00135671347,0,0.0924115852,0.2194782,false,false,bar_height|bar_linear_stillness|knee_extension|hip_extension|local_trunk_erectness,1.37467146,0.286008537,0.149370179,1.82721877,1.706059,0.183582857,0.05,0.02,0.2,0.08726646,0.17453292,0.17453292
60,315,3.15,DESCENT,Descent,false,false,-0.0010817349,-0.002327174,-0.0010817349,110,NA,NA,false,false,NONE,1.00036323,0.05835957,-0.279423267,0.018568527,true,true,8,true,true,0.00375747867,0.00252120057,0.2111572,0.0788428262,0.175014168,0.183596119,0.8137934,right_forearm,true,0.0013613773,0,0.09264469,0.219644859,false,false,bar_height|bar_linear_stillness|knee_extension|hip_extension|local_trunk_erectness,1.37467146,0.286055923,0.147510141,1.83385229,1.71242106,0.183947936,0.05,0.02,0.2,0.08726646,0.17453292,0.17453292
60,316,3.16,DESCENT,Descent,false,false,-0.00352600217,-0.00480785966,-0.00352600217,110,NA,NA,false,false,NONE,0.9975039,0.0584788546,-0.2788854,0.01789396,true,true,8,true,true,0.00372457923,0.00253880885,0.21109125,0.07890877,0.175457925,0.183152363,0.8137755,right_forearm,true,0.001367476,0,0.0929747447,0.219945192,false,false,bar_height|bar_linear_stillness|knee_extension|hip_extension|local_trunk_erectness,1.37467146,0.285511881,0.145582616,1.84045553,1.71874368,0.184308425,0.05,0.02,0.2,0.08726646,0.17453292,0.17453292
60,317,3.17,DESCENT,Descent,true,true,-0.00597021,-0.00728955865,-0.00597021,110,NA,NA,false,false,NONE,0.9946487,0.0585566461,-0.2785162,0.01727826,true,true,8,true,true,0.00372592919,0.00252648583,0.211028486,0.078971535,0.175901219,0.182709068,0.8137589,right_forearm,true,0.00137001427,0,0.0930805653,0.220108658,false,false,bar_height|bar_linear_stillness|knee_extension|hip_extension|local_trunk_erectness,1.37467146,0.285129249,0.143023863,1.84711683,1.72517169,0.184657857,0.05,0.02,0.2,0.08726646,0.17453292,0.17453292
60,318,3.18,DESCENT,Descent,true,true,-0.008444428,-0.009799063,-0.008444428,110,NA,NA,false,false,NONE,0.991800964,0.0585776828,-0.277708977,0.0166463368,true,true,8,true,true,0.00375058944,0.00256267074,0.210968673,0.07903135,0.176343545,0.182266742,0.813742042,right_forearm,true,0.00137384527,0,0.0932637453,0.22051087,false,false,bar_height|bar_linear_stillness|knee_extension|hip_extension|local_trunk_erectness,1.37467146,0.28430745,0.140709892,1.85368717,1.73152733,0.185000181,0.05,0.02,0.2,0.08726646,0.17453292,0.17453292
60,319,3.19,DESCENT,Descent,true,true,-0.0109072924,-0.012300849,-0.0109072924,110,NA,NA,false,false,NONE,0.9889671,0.05854314,-0.2762761,0.0160084162,true,true,8,true,true,0.00376060628,0.00257669226,0.210911781,0.07908824,0.176784486,0.1818258,0.8137235,right_forearm,true,0.00137976941,0,0.09358851,0.2210736,false,false,bar_height|bar_linear_stillness|knee_extension|hip_extension|local_trunk_erectness,1.37467146,0.282864034,0.138470218,1.86020327,1.73781657,0.185335428,0.05,0.02,0.2,0.08726646,0.17453292,0.17453292
60,320,3.2,DESCENT,Descent,true,true,-0.0133587122,-0.0147940516,-0.0133587122,110,NA,NA,false,false,NONE,0.9861453,0.0584589168,-0.275133878,0.01544431,true,true,8,true,true,0.00376441749,0.00256209844,0.210857227,0.079142794,0.177223578,0.181386709,0.81370616,right_forearm,true,0.00138136046,0,0.09364043,0.221436784,false,false,bar_height|bar_linear_stillness|knee_extension|hip_extension|local_trunk_erectness,1.37467146,0.281699538,0.135588527,1.8667711,1.74421048,0.18565464,0.05,0.02,0.2,0.08726646,0.17453292,0.17453292
60,321,3.21,DESCENT,Descent,true,true,-0.0158356726,-0.0173102319,-0.0158356726,110,NA,NA,false,false,NONE,0.9833386,0.0583185479,-0.273567379,0.0148635237,true,true,8,true,true,0.00379748573,0.00260940264,0.21080485,0.07919517,0.177660361,0.180949926,0.8136888,right_forearm,true,0.00138465979,0,0.09379587,0.222046062,false,false,bar_height|bar_linear_stillness|knee_extension|hip_extension|local_trunk_erectness,1.37467146,0.280109078,0.133122176,1.87330759,1.75050044,0.1859669,0.05,0.02,0.2,0.08726646,0.17453292,0.17453292
60,322,3.22,DESCENT,Descent,true,true,-0.01829058,-0.0198065937,-0.01829058,110,NA,NA,false,false,NONE,0.9805536,0.05812469,-0.271343231,0.0142801637,true,true,8,true,true,0.003811463,0.00262793712,0.210754648,0.07924537,0.178094372,0.180515915,0.8136696,right_forearm,true,0.0013904128,0,0.09411761,0.2227991,false,false,bar_height|bar_linear_stillness|knee_extension|hip_extension|local_trunk_erectness,1.37467146,0.277866066,0.130853713,1.88001585,1.756697,0.186273485,0.05,0.02,0.2,0.08726646,0.17453292,0.17453292
60,323,3.23,DESCENT,Descent,true,true,-0.0207248926,-0.02228418,-0.0207248926,110,NA,NA,false,false,NONE,0.9777972,0.05787958,-0.268452823,0.0137066627,true,true,8,true,true,0.003841446,0.002655131,0.210706383,0.07929364,0.178525224,0.180085063,0.813648045,right_forearm,true,0.00139766093,0,0.09454045,0.223630846,false,false,bar_height|bar_linear_stillness|knee_extension|hip_extension|local_trunk_erectness,1.37467146,0.274963349,0.128652781,1.8866502,1.76280487,0.186571911,0.05,0.02,0.2,0.08726646,0.17453292,0.17453292
60,324,3.24,DESCENT,Descent,true,true,-0.0231387615,-0.024743259,-0.0231387615,110,NA,NA,false,false,NONE,0.9750716,0.0575861074,-0.265381873,0.0131960306,true,true,8,true,true,0.0038739827,0.00267122639,0.210659683,0.07934034,0.1789525,0.179657787,0.8136262,right_forearm,true,0.00140278519,0,0.09483693,0.2243821,false,false,bar_height|bar_linear_stillness|knee_extension|hip_extension|local_trunk_erectness,1.37467146,0.271878332,0.126284584,1.89325082,1.7688998,0.1868622,0.05,0.02,0.2,0.08726646,0.17453292,0.17453292
60,325,3.25,DESCENT,Descent,true,true,-0.02554661,-0.0271956921,-0.02554661,110,NA,NA,false,false,NONE,0.972380757,0.0572439581,-0.26186657,0.0126820551,true,true,8,true,true,0.00391581655,0.00271260249,0.2106144,0.07938562,0.1793758,0.17923449,0.8136038,right_forearm,true,0.00140825158,0,0.09514967,0.225170135,false,false,bar_height|bar_linear_stillness|knee_extension|hip_extension|local_trunk_erectness,1.37467146,0.268350154,0.124023832,1.89973,1.77488828,0.187144354,0.05,0.02,0.2,0.08726646,0.17453292,0.17453292
60,326,3.2600000000000002,DESCENT,Descent,true,true,-0.0279244781,-0.0296200514,-0.0279244781,110,NA,NA,false,false,NONE,0.9697296,0.0568566732,-0.257859766,0.0121736471,true,true,8,true,true,0.00394728733,0.00274088327,0.210570455,0.0794295743,0.179794773,0.178815514,0.8135804,right_forearm,true,0.001414309,0,0.0955001861,0.225937515,false,false,bar_height|bar_linear_stillness|knee_extension|hip_extension|local_trunk_erectness,1.37467146,0.264334142,0.121794134,1.90610707,1.78077376,0.187414646,0.05,0.02,0.2,0.08726646,0.17453292,0.17453292
60,327,3.27,DESCENT,Descent,true,true,-0.0302703977,-0.0320139825,-0.0302703977,110,NA,NA,false,false,NONE,0.9671236,0.0564254038,-0.2533136,0.0117079029,true,true,8,true,true,0.003988311,0.00277867727,0.210527614,0.07947241,0.1802091,0.178401187,0.813555241,right_forearm,true,0.00142098777,0,0.09590467,0.226781353,false,false,bar_height|bar_linear_stillness|knee_extension|hip_extension|local_trunk_erectness,1.37467146,0.259785831,0.119905092,1.91236711,1.78653765,0.187685817,0.05,0.02,0.2,0.08726646,0.17453292,0.17453292
60,328,3.2800000000000002,DESCENT,Descent,true,true,-0.0325801969,-0.0343733728,-0.0325801969,110,NA,NA,false,false,NONE,0.964566767,0.05595267,-0.2483809,0.0112444377,true,true,8,true,true,0.004024582,0.00280759786,0.2104857,0.07951433,0.180618465,0.177991822,0.813529551,right_forearm,true,0.00142711122,0,0.09626572,0.227457762,false,false,bar_height|bar_linear_stillness|knee_extension|hip_extension|local_trunk_erectness,1.37467146,0.2548533,0.1177954,1.91852224,1.79220521,0.187943876,0.05,0.02,0.2,0.08726646,0.17453292,0.17453292
60,329,3.29,DESCENT,Descent,true,true,-0.0348556042,-0.0366994441,-0.0348556042,110,NA,NA,false,false,NONE,0.962061942,0.0554405525,-0.243162453,0.010788369,true,true,8,true,true,0.00406298926,0.00284104934,0.210444391,0.07955563,0.181022555,0.177587733,0.813503861,right_forearm,true,0.00143221254,0,0.096558176,0.227980778,false,false,bar_height|bar_linear_stillness|knee_extension|hip_extension|local_trunk_erectness,1.37467146,0.249635786,0.115568034,1.924559,1.79777348,0.188187644,0.05,0.02,0.2,0.08726646,0.17453292,0.17453292
60,330,3.3000000000000003,DESCENT,Descent,true,true,-0.0370931625,-0.03898838,-0.0370931625,110,NA,NA,false,false,NONE,0.9596119,0.0548909232,-0.237675488,0.01037243,true,true,8,true,true,0.00410423661,0.002879364,0.210403532,0.07959648,0.181421116,0.177189171,0.8134779,right_forearm,true,0.001436791,0,0.09682527,0.22846137,false,false,bar_height|bar_linear_stillness|knee_extension|hip_extension|local_trunk_erectness,1.37467146,0.244152084,0.1135775,1.93046165,1.80322433,0.1884273,0.05,0.02,0.2,0.08726646,0.17453292,0.17453292
60,331,3.31,DESCENT,Descent,true,true,-0.0392874479,-0.04123506,-0.0392874479,110,NA,NA,false,false,NONE,0.957218,0.0543061,-0.232051581,0.00995634,true,true,8,true,true,0.004136161,0.00290802517,0.210362911,0.07963711,0.1818139,0.176796392,0.813452542,right_forearm,true,0.00144016021,0,0.0970081,0.22871463,false,false,bar_height|bar_linear_stillness|knee_extension|hip_extension|local_trunk_erectness,1.37467146,0.23852928,0.111415923,1.9362421,1.8085779,0.188646391,0.05,0.02,0.2,0.08726646,0.17453292,0.17453292
60,332,3.3200000000000003,DESCENT,Descent,true,true,-0.04144025,-0.04344055,-0.04144025,110,NA,NA,false,false,NONE,0.954881,0.05368764,-0.226368055,0.009545273,true,true,8,true,true,0.00416819472,0.002939591,0.210322231,0.07967778,0.18220064,0.176409647,0.8134283,right_forearm,true,0.00144244719,0,0.09711892,0.228767022,false,false,bar_height|bar_linear_stillness|knee_extension|hip_extension|local_trunk_erectness,1.37467146,0.232843235,0.109215349,1.94189274,1.81383276,0.1888488,0.05,0.02,0.2,0.08726646,0.17453292,0.17453292
60,333,3.33,DESCENT,Descent,true,true,-0.04354918,-0.0456028,-0.04354918,110,NA,NA,false,false,NONE,0.9526008,0.05303699,-0.220689863,0.009142803,true,true,8,true,true,0.00419887947,0.00297203427,0.210281283,0.07971873,0.182581171,0.176029116,0.813405037,right_forearm,true,0.00144371181,0,0.09716208,0.228624761,false,false,bar_height|bar_linear_stillness|knee_extension|hip_extension|local_trunk_erectness,1.37467146,0.2271575,0.107049353,1.94741237,1.81898832,0.1890308,0.05,0.02,0.2,0.08726646,0.17453292,0.17453292
60,334,3.34,DESCENT,Descent,true,true,-0.04561311,-0.0477203429,-0.04561311,110,NA,NA,false,false,NONE,0.9503772,0.0523565821,-0.21502468,0.008774104,true,true,8,true,true,0.00423168764,0.003009659,0.210239917,0.07976011,0.182955265,0.175655022,0.813382864,right_forearm,true,0.00144438969,0,0.0971745849,0.228371322,false,false,bar_height|bar_linear_stillness|knee_extension|hip_extension|local_trunk_erectness,1.37467146,0.221480951,0.105150662,1.95279527,1.82403338,0.189202487,0.05,0.02,0.2,0.08726646,0.17453292,0.17453292
60,335,3.35,DESCENT,Descent,true,true,-0.0476298034,-0.0497912169,-0.0476298034,110,NA,NA,false,false,NONE,0.9482096,0.0516481064,-0.2094501,0.008405137,true,true,8,true,true,0.004257416,0.00303988461,0.2101979,0.0798021257,0.183322757,0.17528753,0.813362,right_forearm,true,0.00144421845,0,0.097128205,0.227877825,false,false,bar_height|bar_linear_stillness|knee_extension|hip_extension|local_trunk_erectness,1.37467146,0.21588774,0.1032783,1.9580549,1.82898414,0.189352617,0.05,0.02,0.2,0.08726646,0.17453292,0.17453292
60,336,3.36,DESCENT,Descent,true,true,-0.0496018827,-0.0518175662,-0.0496018827,110,NA,NA,false,false,NONE,0.9460963,0.0509135649,-0.204022273,0.008039976,true,true,8,true,true,0.004284032,0.00307358219,0.2101551,0.07984493,0.1836835,0.174926788,0.8133428,right_forearm,true,0.00144332368,0,0.09703416,0.227160215,false,false,bar_height|bar_linear_stillness|knee_extension|hip_extension|local_trunk_erectness,1.37467146,0.2104327,0.1015094,1.96319091,1.833841,0.18948245,0.05,0.02,0.2,0.08726646,0.17453292,0.17453292
60,337,3.37,DESCENT,Descent,true,true,-0.0515292,-0.05379933,-0.0515292,110,NA,NA,false,false,NONE,0.9440359,0.0501546934,-0.19874844,0.007703738,true,true,8,true,true,0.00431404775,0.0031107252,0.21011138,0.07988865,0.184037358,0.17457293,0.8133249,right_forearm,true,0.00144184357,0,0.0969105661,0.226305589,false,false,bar_height|bar_linear_stillness|knee_extension|hip_extension|local_trunk_erectness,1.37467146,0.205123827,0.100024521,1.96820188,1.838598,0.18960087,0.05,0.02,0.2,0.08726646,0.17453292,0.17453292
60,338,3.38,DESCENT,Descent,true,true,-0.0534115732,-0.0557363331,-0.0534115732,110,NA,NA,false,false,NONE,0.9420263,0.0493736751,-0.193686575,0.007366819,true,true,8,true,true,0.00433798647,0.00314273965,0.210066631,0.07993339,0.1843842,0.174226075,0.8133087,right_forearm,true,0.00143981073,0,0.09674663,0.22521466,false,false,bar_height|bar_linear_stillness|knee_extension|hip_extension|local_trunk_erectness,1.37467146,0.20001629,0.0986497849,1.97310066,1.84326744,0.18969655,0.05,0.02,0.2,0.08726646,0.17453292,0.17453292
60,339,3.39,DESCENT,Descent,true,true,-0.05525145,-0.0576309562,-0.05525145,110,NA,NA,false,false,NONE,0.9400651,0.0485725962,-0.188868463,0.00703292061,true,true,8,true,true,0.004362111,0.00317688962,0.210020766,0.0799792558,0.184723958,0.173886329,0.8132942,right_forearm,true,0.00143717893,0,0.0965457857,0.223914862,false,false,bar_height|bar_linear_stillness|knee_extension|hip_extension|local_trunk_erectness,1.37467146,0.195141122,0.09744031,1.97789,1.84785187,0.189772069,0.05,0.02,0.2,0.08726646,0.17453292,0.17453292
60,340,3.4,DESCENT,Descent,true,true,-0.05704996,-0.0594843626,-0.05704996,110,NA,NA,false,false,NONE,0.9381497,0.0477531627,-0.18430987,0.00672667939,true,true,8,true,true,0.00438707974,0.00321653578,0.209973723,0.0800263,0.185056522,0.173553765,0.813281,right_forearm,true,0.00143413665,0,0.0963247344,0.2224848,false,false,bar_height|bar_linear_stillness|knee_extension|hip_extension|local_trunk_erectness,1.37467146,0.190514416,0.0964982,1.98257387,1.85234928,0.189834967,0.05,0.02,0.2,0.08726646,0.17453292,0.17453292
60,341,3.41,DESCENT,Descent,true,true,-0.0588086545,-0.0612979233,-0.0588086545,110,NA,NA,false,false,NONE,0.9362772,0.0469180569,-0.180036023,0.00642061466,true,true,8,true,true,0.00440749153,0.00325223012,0.209925473,0.0800745562,0.18538186,0.173228428,0.8132695,right_forearm,true,0.00143078482,0,0.09608127,0.220850855,false,false,bar_height|bar_linear_stillness|knee_extension|hip_extension|local_trunk_erectness,1.37467146,0.186159879,0.09570274,1.98716223,1.85676956,0.189880237,0.05,0.02,0.2,0.08726646,0.17453292,0.17453292
60,342,3.42,DESCENT,Descent,true,true,-0.0605300367,-0.06307423,-0.0605300367,110,NA,NA,false,false,NONE,0.9344448,0.0460689031,-0.1760591,0.006118346,true,true,8,true,true,0.00442787958,0.00328986417,0.209875971,0.08012405,0.18569991,0.172910377,0.81326884,left_forearm,true,0.00142707187,0,0.09581579,0.219056934,false,false,bar_height|bar_linear_stillness|knee_extension|hip_extension|local_trunk_erectness,1.37467146,0.1820895,0.09507725,1.99166048,1.86111534,0.189904124,0.05,0.02,0.2,0.08726646,0.17453292,0.17453292
60,343,3.43,DESCENT,Descent,true,true,-0.0622159839,-0.0648154,-0.0622159839,110,NA,NA,false,false,NONE,0.932649255,0.0452080667,-0.172391757,0.005823268,true,true,8,true,true,0.00444778241,0.00332807912,0.209825218,0.0801748037,0.186010629,0.172599658,0.813285351,left_forearm,true,0.00142311933,0,0.09553727,0.217132032,false,false,bar_height|bar_linear_stillness|knee_extension|hip_extension|local_trunk_erectness,1.37467146,0.178316012,0.09461967,1.99607623,1.86539125,0.18991293,0.05,0.02,0.2,0.08726646,0.17453292,0.17453292
60,344,3.44,DESCENT,Descent,true,true,-0.06386894,-0.0665234,-0.06386894,110,NA,NA,false,false,NONE,0.930887341,0.04433752,-0.169051319,0.005554844,true,true,8,true,true,0.00446804,0.003367321,0.209773242,0.08022679,0.186314031,0.172296256,0.813303053,left_forearm,true,0.0014189994,0,0.09525622,0.215145722,false,false,bar_height|bar_linear_stillness|knee_extension|hip_extension|local_trunk_erectness,1.37467146,0.17485714,0.09434,2.000417,1.86960077,0.18990916,0.05,0.02,0.2,0.08726646,0.17453292,0.17453292
60,345,3.45,DESCENT,Descent,true,true,-0.06549209,-0.06820169,-0.06549209,110,NA,NA,false,false,NONE,0.929155946,0.0434590764,-0.166027665,0.00529047055,true,true,8,true,true,0.0044857203,0.00340579543,0.209720045,0.0802799761,0.1866101,0.172000185,0.8133222,left_forearm,true,0.00141481543,0,0.09497155,0.213079423,false,false,bar_height|bar_linear_stillness|knee_extension|hip_extension|local_trunk_erectness,1.37467146,0.171702847,0.0941749439,2.00468922,1.87374938,0.189894065,0.05,0.02,0.2,0.08726646,0.17453292,0.17453292
60,346,3.46,DESCENT,Descent,true,true,-0.06708747,-0.06985238,-0.06708747,110,NA,NA,false,false,NONE,0.927451849,0.0425752,-0.1633198,0.00503372774,true,true,8,true,true,0.004502839,0.00344480644,0.2096657,0.08033432,0.186898872,0.171711415,0.8150936,right_thigh,true,0.00141044892,0,0.09467577,0.210979581,false,false,bar_height|bar_linear_stillness|knee_extension|hip_extension|local_trunk_erectness,1.37467146,0.168853015,0.09410958,2.00890112,1.87784076,0.189861387,0.05,0.02,0.2,0.08726646,0.17453292,0.17453292
60,347,3.47,DESCENT,Descent,true,true,-0.06865758,-0.07147801,-0.06865758,110,NA,NA,false,false,NONE,0.9257718,0.0416871645,-0.160951868,0.004801681,true,true,8,true,true,0.004519741,0.00348331663,0.209610239,0.08038978,0.187180355,0.171429932,0.8168488,right_thigh,true,0.001406089,0,0.0943859741,0.208913982,false,false,bar_height|bar_linear_stillness|knee_extension|hip_extension|local_trunk_erectness,1.37467146,0.166332141,0.094128266,2.013062,1.88188457,0.189822391,0.05,0.02,0.2,0.08726646,0.17453292,0.17453292
60,348,3.48,DESCENT,Descent,true,true,-0.07020673,-0.0730827451,-0.07020673,110,NA,NA,false,false,NONE,0.924112439,0.04079728,-0.158895329,0.00457411259,true,true,8,true,true,0.00453619845,0.00352407782,0.209553719,0.08044631,0.1874546,0.171155691,0.818582952,right_thigh,true,0.00140172744,0,0.09409742,0.206896812,false,false,bar_height|bar_linear_stillness|knee_extension|hip_extension|local_trunk_erectness,1.37467146,0.16411297,0.09419579,2.01717472,1.88587964,0.189769551,0.05,0.02,0.2,0.08726646,0.17453292,0.17453292
60,349,3.49,DESCENT,Descent,true,true,-0.07173586,-0.07466766,-0.07173586,110,NA,NA,false,false,NONE,0.922471,0.03990757,-0.1571298,0.00435559358,true,true,8,true,true,0.00455174735,0.0035637815,0.2094962,0.08050383,0.187721655,0.170888633,0.8202983,right_thigh,true,0.00139754359,0,0.0938218459,0.204996139,false,false,bar_height|bar_linear_stillness|knee_extension|hip_extension|local_trunk_erectness,1.37467146,0.162176937,0.09429279,2.021247,1.88983166,0.189709142,0.05,0.02,0.2,0.08726646,0.17453292,0.17453292
60,350,3.5,DESCENT,Descent,true,true,-0.073248,-0.07623604,-0.073248,110,NA,NA,false,false,NONE,0.920844138,0.03901899,-0.155694708,0.00416103145,true,true,8,true,true,0.00456634,0.003602128,0.209437728,0.0805623,0.1879816,0.170628682,0.822000742,right_thigh,true,0.00139330549,0,0.0935472548,0.2032655,false,false,bar_height|bar_linear_stillness|knee_extension|hip_extension|local_trunk_erectness,1.37467146,0.1605635,0.09439675,2.025292,1.89375377,0.189639911,0.05,0.02,0.2,0.08726646,0.17453292,0.17453292
60,351,3.5100000000000002,DESCENT,Descent,true,true,-0.07474795,-0.07779226,-0.07474795,110,NA,NA,false,false,NONE,0.9192291,0.0381340049,-0.1545334,0.00397283,true,true,8,true,true,0.00458214758,0.00364471017,0.209378347,0.0806216747,0.188234523,0.170375764,0.823687553,right_thigh,true,0.00138924364,0,0.0932844952,0.201757848,false,false,bar_height|bar_linear_stillness|knee_extension|hip_extension|local_trunk_erectness,1.37467146,0.15921858,0.0944883,2.02930665,1.89763987,0.1895631,0.05,0.02,0.2,0.08726646,0.17453292,0.17453292
60,352,3.52,DESCENT,Descent,true,true,-0.07623577,-0.07933685,-0.07623577,110,NA,NA,false,false,NONE,0.91762346,0.0372546464,-0.1536144,0.00379472412,true,true,8,true,true,0.00459682662,0.00368560827,0.209318176,0.0806818455,0.188480511,0.170129776,0.8253611,right_thigh,true,0.001385541,0,0.09304735,0.200531051,false,false,bar_height|bar_linear_stillness|knee_extension|hip_extension|local_trunk_erectness,1.37467146,0.158112913,0.0945500359,2.0333,1.90149546,0.189481184,0.05,0.02,0.2,0.08726646,0.17453292,0.17453292
60,353,3.5300000000000002,DESCENT,Descent,true,true,-0.0777141154,-0.0808725357,-0.0777141154,110,NA,NA,false,false,NONE,0.916024864,0.03638247,-0.152923778,0.003627536,true,true,8,true,true,0.004612133,0.00372778671,0.209257215,0.0807428062,0.18871966,0.169890627,0.827023149,right_thigh,true,0.00138213683,0,0.09283118,0.199646458,false,false,bar_height|bar_linear_stillness|knee_extension|hip_extension|local_trunk_erectness,1.37467146,0.157233983,0.09456868,2.037277,1.90532446,0.189392969,0.05,0.02,0.2,0.08726646,0.17453292,0.17453292
60,354,3.54,DESCENT,Descent,true,true,-0.0791854,-0.08240178,-0.0791854,110,NA,NA,false,false,NONE,0.9144307,0.0355173461,-0.152508408,0.00348219532,true,true,8,true,true,0.004625631,0.00376597,0.2091955,0.08080452,0.188952088,0.1696582,0.828680933,right_thigh,true,0.00137862482,0,0.0926146656,0.1991363,false,false,bar_height|bar_linear_stillness|knee_extension|hip_extension|local_trunk_erectness,1.37467146,0.1566283,0.09453584,2.04125118,1.90914369,0.1893009,0.05,0.02,0.2,0.08726646,0.17453292,0.17453292
60,355,3.5500000000000003,DESCENT,Descent,true,true,-0.08065504,-0.08392957,-0.08065504,110,NA,NA,false,false,NONE,0.9128387,0.0346618742,-0.152301222,0.00334699173,true,true,8,true,true,0.00464158272,0.00381095987,0.209133118,0.08086691,0.189177915,0.169432372,0.8303295,right_thigh,true,0.00137534575,0,0.09241186,0.19907397,false,false,bar_height|bar_linear_stillness|knee_extension|hip_extension|local_trunk_erectness,1.37467146,0.1562316,0.09443457,2.04521465,1.91294181,0.189206272,0.05,0.02,0.2,0.08726646,0.17453292,0.17453292
60,356,3.56,DESCENT,Descent,true,true,-0.08212131,-0.08545455,-0.08212131,110,NA,NA,false,false,NONE,0.911247253,0.0338176377,-0.152261734,0.00322286645,true,true,8,true,true,0.004655844,0.00385317765,0.209070057,0.0809299648,0.189397275,0.169213012,0.831971169,right_thigh,true,0.00137260545,0,0.09224605,0.1994978,false,false,bar_height|bar_linear_stillness|knee_extension|hip_extension|local_trunk_erectness,1.37467146,0.156005308,0.09425819,2.049176,1.91672409,0.18910782,0.05,0.02,0.2,0.08726646,0.17453292,0.17453292
60,357,3.5700000000000003,DESCENT,Descent,true,true,-0.08358672,-0.0869793,-0.08358672,110,NA,NA,false,false,NONE,0.9096541,0.0329840444,-0.152457267,0.00311742071,true,true,8,true,true,0.0046675005,0.00389043661,0.209006339,0.08099368,0.189610317,0.16899997,0.833614469,right_thigh,true,0.0013696911,0,0.09207213,0.200401962,false,false,bar_height|bar_linear_stillness|knee_extension|hip_extension|local_trunk_erectness,1.37467146,0.156015649,0.0940200239,2.05314946,1.92050982,0.189008042,0.05,0.02,0.2,0.08726646,0.17453292,0.17453292
60,358,3.58,DESCENT,Descent,true,true,-0.08505678,-0.0885092,-0.08505678,110,NA,NA,false,false,NONE,0.90805763,0.0321636647,-0.152796417,0.00302244956,true,true,8,true,true,0.004684066,0.00393703673,0.208942,0.08105802,0.18981716,0.168793127,0.8352522,right_thigh,true,0.00136707455,0,0.09191823,0.201871529,false,false,bar_height|bar_linear_stillness|knee_extension|hip_extension|local_trunk_erectness,1.37467146,0.1561742,0.0936897,2.05712223,1.924283,0.188908219,0.05,0.02,0.2,0.08726646,0.17453292,0.17453292
60,359,3.59,DESCENT,Descent,true,true,-0.08652854,-0.09004164,-0.08652854,110,NA,NA,false,false,NONE,0.9064568,0.0313579924,-0.153236628,0.00293886987,true,true,8,true,true,0.00469851,0.003980521,0.208877057,0.0811229646,0.190017983,0.1685923,0.8368861,right_thigh,true,0.001365233,0,0.09181537,0.203905553,false,false,bar_height|bar_linear_stillness|knee_extension|hip_extension|local_trunk_erectness,1.37467146,0.156439841,0.09327087,2.06110263,1.92804718,0.18880707,0.05,0.02,0.2,0.08726646,0.17453292,0.17453292
60,360,3.6,DESCENT,Descent,true,true,-0.08800402,-0.09157854,-0.08800402,110,NA,NA,false,false,NONE,0.904849946,0.0305652171,-0.15386422,0.00287273224,true,true,8,true,true,0.00470895041,0.0040167137,0.208811462,0.08118857,0.19021292,0.168397367,0.8385268,right_thigh,true,0.00136303646,0,0.0916914642,0.20644635,false,false,bar_height|bar_linear_stillness|knee_extension|hip_extension|local_trunk_erectness,1.37467146,0.156897053,0.09280363,2.06510663,1.93182707,0.188705891,0.05,0.02,0.2,0.08726646,0.17453292,0.17453292
60,361,3.61,DESCENT,Descent,true,true,-0.08948931,-0.09312558,-0.08948931,110,NA,NA,false,false,NONE,0.903236032,0.0297883078,-0.154570654,0.002817451,true,true,8,true,true,0.004726363,0.00406479277,0.208745182,0.08125483,0.19040215,0.168208137,0.840164244,right_thigh,true,0.001361378,0,0.09160376,0.2095726,false,false,bar_height|bar_linear_stillness|knee_extension|hip_extension|local_trunk_erectness,1.37467146,0.157440051,0.09222901,2.06911564,1.93559945,0.188603356,0.05,0.02,0.2,0.08726646,0.17453292,0.17453292
60,362,3.62,DESCENT,Descent,true,true,-0.0909799039,-0.09467909,-0.0909799039,110,NA,NA,false,false,NONE,0.9016148,0.0290290844,-0.155306637,0.00277390843,true,true,8,true,true,0.004740749,0.00410917075,0.208678275,0.0813217461,0.190585837,0.168024451,0.841799736,right_thigh,true,0.00136025972,0,0.0915534645,0.2132503,false,false,bar_height|bar_linear_stillness|knee_extension|hip_extension|local_trunk_erectness,1.37467146,0.158020675,0.09156243,2.073139,1.93936741,0.188505843,0.05,0.02,0.2,0.08726646,0.17453292,0.17453292
60,363,3.63,DESCENT,Descent,true,true,-0.09247726,-0.09624004,-0.09247726,110,NA,NA,false,false,NONE,0.899986148,0.0282872431,-0.156050652,0.00274319761,true,true,8,true,true,0.004756399,0.00415305328,0.208610669,0.08138935,0.190764144,0.167846143,0.843434751,right_thigh,true,0.0013596788,0,0.09153881,0.217443869,false,false,bar_height|bar_linear_stillness|knee_extension|hip_extension|local_trunk_erectness,1.37467146,0.158617467,0.09081237,2.07717824,1.94313419,0.188408285,0.05,0.02,0.2,0.08726646,0.17453292,0.17453292
60,364,3.64,DESCENT,Descent,true,true,-0.09398258,-0.09780988,-0.09398258,110,NA,NA,false,false,NONE,0.898349047,0.0275600348,-0.156911761,0.00272728247,true,true,8,true,true,0.00476662256,0.00418774225,0.208542287,0.0814577341,0.190937251,0.167673051,0.845080435,right_thigh,true,0.00135874236,0,0.09150249,0.222040445,false,false,bar_height|bar_linear_stillness|knee_extension|hip_extension|local_trunk_erectness,1.37467146,0.159337044,0.0900448,2.08124852,1.94692564,0.188311949,0.05,0.02,0.2,0.08726646,0.17453292,0.17453292
60,365,3.65,DESCENT,Descent,true,true,-0.09550145,-0.0993936062,-0.09550145,110,NA,NA,false,false,NONE,0.896703243,0.0268501025,-0.157782048,0.002723806,true,true,8,true,true,0.00478481362,0.004237553,0.208473086,0.08152694,0.1911053,0.167504981,0.8467245,right_thigh,true,0.00135816215,0,0.09148911,0.227106988,false,false,bar_height|bar_linear_stillness|knee_extension|hip_extension|local_trunk_erectness,1.37467146,0.160073489,0.08917548,2.08532619,1.95071316,0.188218117,0.05,0.02,0.2,0.08726646,0.17453292,0.17453292
60,366,3.66,DESCENT,Descent,true,true,-0.0970276,-0.1009855,-0.0970276,110,NA,NA,false,false,NONE,0.895049155,0.0261589959,-0.158609569,0.00273293769,true,true,8,true,true,0.004798949,0.00428007171,0.208403051,0.08159698,0.191268519,0.167341769,0.8483681,right_thigh,true,0.0013581824,0,0.0915171,0.232572079,false,false,bar_height|bar_linear_stillness|knee_extension|hip_extension|local_trunk_erectness,1.37467146,0.160775483,0.08822056,2.08942,1.95449972,0.188126743,0.05,0.02,0.2,0.08726646,0.17453292,0.17453292
60,367,3.67,DESCENT,Descent,true,true,-0.09856215,-0.102586895,-0.09856215,110,NA,NA,false,false,NONE,0.893386066,0.0254824311,-0.1595223,0.00275429548,true,true,8,true,true,0.004806641,0.00431211665,0.208332032,0.081668,0.191427022,0.167183265,0.8500246,right_thigh,true,0.0013577271,0,0.09151515,0.238304421,false,false,bar_height|bar_linear_stillness|knee_extension|hip_extension|local_trunk_erectness,1.37467146,0.161568254,0.0872824,2.09354782,1.95831609,0.188034058,0.05,0.02,0.2,0.08726646,0.17453292,0.17453292
60,368,3.68,DESCENT,Descent,true,true,-0.100111455,-0.104203194,-0.100111455,110,NA,NA,false,false,NONE,0.8917142,0.0248237438,-0.160393566,0.00278985524,true,true,8,true,true,0.004825288,0.0043612076,0.20825997,0.0817400441,0.191581011,0.167029276,0.8516789,right_thigh,true,0.0013577498,0,0.0915451646,0.244366884,false,false,bar_height|bar_linear_stillness|knee_extension|hip_extension|local_trunk_erectness,1.37467146,0.162327126,0.0862354,2.09768081,1.96212733,0.187943876,0.05,0.02,0.2,0.08726646,0.17453292,0.17453292
60,369,3.69,DESCENT,Descent,true,true,-0.10166803,-0.105827779,-0.10166803,110,NA,NA,false,false,NONE,0.890034556,0.0241837949,-0.161168993,0.00283857947,true,true,8,true,true,0.004839251,0.00440396229,0.20818685,0.08181317,0.191730633,0.166879654,0.8533323,right_thigh,true,0.00135848753,0,0.09162187,0.2506924,false,false,bar_height|bar_linear_stillness|knee_extension|hip_extension|local_trunk_erectness,1.37467146,0.162998036,0.08510972,2.10182834,1.96593642,0.187860012,0.05,0.02,0.2,0.08726646,0.17453292,0.17453292
60,370,3.7,DESCENT,Descent,true,true,-0.103232443,-0.107461184,-0.103232443,110,NA,NA,false,false,NONE,0.8883467,0.023557378,-0.162001789,0.00289737131,true,true,8,true,true,0.00484476052,0.00443205144,0.2081125,0.08188753,0.191876069,0.166734219,0.8550001,right_thigh,true,0.001358629,0,0.09165998,0.257116139,false,false,bar_height|bar_linear_stillness|knee_extension|hip_extension|local_trunk_erectness,1.37467146,0.163731262,0.08404382,2.10601068,1.96977878,0.187771,0.05,0.02,0.2,0.08726646,0.17453292,0.17453292
60,371,3.71,DESCENT,Descent,true,true,-0.104812145,-0.109109908,-0.104812145,110,NA,NA,false,false,NONE,0.8866512,0.0229481477,-0.162748247,0.002970086,true,true,8,true,true,0.004863758,0.004481265,0.208036825,0.0819632,0.192017466,0.166592821,0.8566645,right_thigh,true,0.00135919149,0,0.09172762,0.263733417,false,false,bar_height|bar_linear_stillness|knee_extension|hip_extension|local_trunk_erectness,1.37467146,0.164385,0.08286241,2.110194,1.97361326,0.187688351,0.05,0.02,0.2,0.08726646,0.17453292,0.17453292
60,372,3.72,DESCENT,Descent,true,true,-0.106397688,-0.110765636,-0.106397688,110,NA,NA,false,false,NONE,0.8849496,0.02235701,-0.1633556,0.0030576936,true,true,8,true,true,0.004877395,0.004522001,0.2079598,0.08204021,0.192154974,0.166455314,0.8583265,right_thigh,true,0.00136053143,0,0.09184732,0.270466238,false,false,bar_height|bar_linear_stillness|knee_extension|hip_extension|local_trunk_erectness,1.37467146,0.164906755,0.0816050246,2.11438775,1.97744226,0.187609464,0.05,0.02,0.2,0.08726646,0.17453292,0.17453292
60,373,3.73,DESCENT,Descent,true,true,-0.107989669,-0.112428546,-0.107989669,110,NA,NA,false,false,NONE,0.883243442,0.02178336,-0.163810521,0.003158606,true,true,8,true,true,0.00489181,0.00456235558,0.207881361,0.08211866,0.192288756,0.166321531,0.859986365,right_thigh,true,0.00136223412,0,0.09199322,0.277246177,false,false,bar_height|bar_linear_stillness|knee_extension|hip_extension|local_trunk_erectness,1.37467146,0.165282726,0.08030261,2.11859155,1.98126638,0.187533081,0.05,0.02,0.2,0.08726646,0.17453292,0.17453292
60,374,3.74,DESCENT,Descent,true,true,-0.109587669,-0.11409834,-0.109587669,110,NA,NA,false,false,NONE,0.8815325,0.0212200209,-0.164293826,0.00326869357,true,true,8,true,true,0.00489714229,0.00458796,0.207801312,0.08219871,0.192418963,0.166191325,0.861659944,right_thigh,true,0.00136309338,0,0.09208031,0.283938557,false,false,bar_height|bar_linear_stillness|knee_extension|hip_extension|local_trunk_erectness,1.37467146,0.16569078,0.07911642,2.12282443,1.985122,0.187454134,0.05,0.02,0.2,0.08726646,0.17453292,0.17453292
60,375,3.75,DESCENT,Descent,true,true,-0.111198813,-0.115780979,-0.111198813,110,NA,NA,false,false,NONE,0.8798177,0.0206712913,-0.1646629,0.00339424517,true,true,8,true,true,0.0049153436,0.004634188,0.207719535,0.08228049,0.1925457,0.16606459,0.863328,right_thigh,true,0.001364376,0,0.0921982154,0.290634871,false,false,bar_height|bar_linear_stillness|knee_extension|hip_extension|local_trunk_erectness,1.37467146,0.16599004,0.0778183863,2.12704873,1.9889648,0.187381521,0.05,0.02,0.2,0.08726646,0.17453292,0.17453292
60,376,3.7600000000000002,DESCENT,Descent,true,true,-0.112812579,-0.117467225,-0.112812579,110,NA,NA,false,false,NONE,0.8781009,0.020137962,-0.164864689,0.00353466021,true,true,8,true,true,0.004926835,0.004670868,0.207636043,0.08236398,0.192669109,0.165941179,0.8649911,right_thigh,true,0.00136619923,0,0.09235348,0.29727605,false,false,bar_height|bar_linear_stillness|knee_extension|hip_extension|local_trunk_erectness,1.37467146,0.166127652,0.07645721,2.1312747,1.99279642,0.187308863,0.05,0.02,0.2,0.08726646,0.17453292,0.17453292
60,377,3.77,DESCENT,Descent,true,true,-0.114429057,-0.119156986,-0.114429057,110,NA,NA,false,false,NONE,0.8763818,0.0196122732,-0.165100276,0.00368201686,true,true,8,true,true,0.004928622,0.00469034165,0.207550615,0.08244941,0.192789316,0.165820971,0.866667747,right_thigh,true,0.00136705965,0,0.09244214,0.303715676,false,false,bar_height|bar_linear_stillness|knee_extension|hip_extension|local_trunk_erectness,1.37467146,0.166301832,0.07526032,2.13552642,1.99665916,0.187232375,0.05,0.02,0.2,0.08726646,0.17453292,0.17453292
60,378,3.7800000000000002,DESCENT,Descent,true,true,-0.116056412,-0.120857149,-0.116056412,110,NA,NA,false,false,NONE,0.874661565,0.019098917,-0.165203512,0.00384652,true,true,8,true,true,0.004946065,0.004735181,0.207463145,0.08253687,0.19290641,0.165703878,0.868335962,right_thigh,true,0.00136840437,0,0.09256621,0.310068339,false,false,bar_height|bar_linear_stillness|knee_extension|hip_extension|local_trunk_erectness,1.37467146,0.166348323,0.0739319,2.139761,2.00050235,0.18716222,0.05,0.02,0.2,0.08726646,0.17453292,0.17453292
60,379,3.79,DESCENT,Descent,true,true,-0.117683113,-0.12255758,-0.117683113,110,NA,NA,false,false,NONE,0.87294203,0.0185984988,-0.1651207,0.00402592355,true,true,8,true,true,0.004957198,0.00476989243,0.207373664,0.08262636,0.193020508,0.16558978,0.8699966,right_thigh,true,0.001370409,0,0.09273545,0.316276282,false,false,bar_height|bar_linear_stillness|knee_extension|hip_extension|local_trunk_erectness,1.37467146,0.1662136,0.0725344,2.14399076,2.00432825,0.187093318,0.05,0.02,0.2,0.08726646,0.17453292,0.17453292
60,380,3.8000000000000003,DESCENT,Descent,true,true,-0.119309545,-0.12425819,-0.119309545,110,NA,NA,false,false,NONE,0.871223152,0.0181025323,-0.165074229,0.00421142438,true,true,8,true,true,0.00495561166,0.004783104,0.207281917,0.0827181041,0.1931317,0.165478587,0.8716703,right_thigh,true,0.00137144758,0,0.09283645,0.322186381,false,false,bar_height|bar_linear_stillness|knee_extension|hip_extension|local_trunk_erectness,1.37467146,0.166117251,0.0713611,2.14824247,2.00818419,0.187018,0.05,0.02,0.2,0.08726646,0.17453292,0.17453292
60,381,3.81,DESCENT,Descent,true,true,-0.1209448,-0.125967234,-0.1209448,110,NA,NA,false,false,NONE,0.869506,0.0176158827,-0.164883465,0.004414127,true,true,8,true,true,0.004973007,0.00482637342,0.207187831,0.08281218,0.193240047,0.165370241,0.8733325,right_thigh,true,0.00137291371,0,0.0929704,0.327936769,false,false,bar_height|bar_linear_stillness|knee_extension|hip_extension|local_trunk_erectness,1.37467146,0.165880561,0.07002993,2.1524682,2.01201367,0.186949044,0.05,0.02,0.2,0.08726646,0.17453292,0.17453292
60,382,3.8200000000000003,DESCENT,Descent,true,true,-0.122576118,-0.12767303,-0.122576118,110,NA,NA,false,false,NONE,0.8677926,0.017139649,-0.164492369,0.004633907,true,true,8,true,true,0.00498329243,0.004858007,0.207091451,0.08290857,0.193345621,0.165264666,0.8749844,right_thigh,true,0.00137509883,0,0.09315328,0.333477318,false,false,bar_height|bar_linear_stillness|knee_extension|hip_extension|local_trunk_erectness,1.37467146,0.165447816,0.068615824,2.156682,2.01581931,0.186881348,0.05,0.02,0.2,0.08726646,0.17453292,0.17453292
60,383,3.83,BOTTOM,Descent,true,true,-0.124203593,-0.129375339,-0.124203593,110,NA,NA,false,false,NONE,0.866082251,0.0166615434,-0.164213985,0.004864003,true,true,8,true,true,0.00497301063,0.0048577264,0.206992477,0.0830075443,0.193448484,0.1651618,0.8766508,right_thigh,true,0.00137578091,0,0.093232356,0.3386608,false,false,bar_height|bar_linear_stillness|knee_extension|hip_extension|local_trunk_erectness,1.37467146,0.165128738,0.06747402,2.160924,2.01965857,0.186813623,0.05,0.02,0.2,0.08726646,0.17453292,0.17453292
60,384,3.84,REVERSAL,Ascent,true,true,-0.125840366,-0.131085873,-0.125840366,110,NA,NA,false,false,NONE,0.8643054,0.0159179457,-0.1716971,0.00532315252,true,true,8,true,true,0.00458604656,0.00427583931,0.206887156,0.0831128657,0.193548381,0.1650619,0.8789765,right_thigh,true,0.001330952,0,0.09029538,0.341097862,false,false,bar_height|bar_linear_stillness|knee_extension|hip_extension|local_trunk_erectness,1.37467146,0.172515526,0.07447509,2.16603732,2.02501655,0.186528385,0.05,0.02,0.2,0.08726646,0.17453292,0.17453292
60,385,3.85,REVERSAL,Ascent,true,true,-0.127813131,-0.13309443,-0.127813131,110,NA,NA,false,false,NONE,0.8624404,0.0151745565,-0.180185184,0.005743255,true,true,8,true,true,0.00476267934,0.00465840474,0.2067759,0.0832241252,0.193644434,0.164965853,0.8811446,right_thigh,true,0.00129875459,0,0.08818634,0.345069259,false,false,bar_height|bar_linear_stillness|knee_extension|hip_extension|local_trunk_erectness,1.37467146,0.180914208,0.0759881362,2.170567,2.03001142,0.1862658,0.05,0.02,0.2,0.08726646,0.17453292,0.17453292
60,386,3.86,REVERSAL,Ascent,true,true,-0.129703581,-0.135037869,-0.129703581,110,NA,NA,false,false,NONE,0.8605061,0.014533475,-0.186951965,0.006181067,true,true,8,true,true,0.004711363,0.00471341424,0.206661433,0.08333858,0.193736762,0.164873526,0.8831987,right_thigh,true,0.00129067723,0,0.0877036,0.349892229,false,false,bar_height|bar_linear_stillness|knee_extension|hip_extension|local_trunk_erectness,1.37467146,0.187617868,0.07374962,2.17507124,2.03474355,0.186040059,0.05,0.02,0.2,0.08726646,0.17453292,0.17453292
60,387,3.87,REVERSAL,Ascent,true,true,-0.131557256,-0.136953861,-0.131557256,110,NA,NA,false,false,NONE,0.8585274,0.0139882741,-0.191246063,0.00665522739,true,true,8,true,true,0.004748477,0.004794675,0.206543863,0.0834561661,0.193825439,0.164784849,0.885169864,right_thigh,true,0.00130091445,0,0.08845359,0.354950637,false,false,bar_height|bar_linear_stillness|knee_extension|hip_extension|local_trunk_erectness,1.37467146,0.1918724,0.0696628243,2.179643,2.039285,0.185864165,0.05,0.02,0.2,0.08726646,0.17453292,0.17453292
60,388,3.88,REVERSAL,Ascent,true,true,-0.133407325,-0.138877124,-0.133407325,110,NA,NA,false,false,NONE,0.8565295,0.01351567,-0.1930377,0.007170844,true,true,8,true,true,0.004840915,0.00490227342,0.206423312,0.08357671,0.193910584,0.1646997,0.88707,right_thigh,true,0.00132163113,0,0.0899090841,0.359848082,false,false,bar_height|bar_linear_stillness|knee_extension|hip_extension|local_trunk_erectness,1.37467146,0.1936431,0.064839296,2.184266,2.04366255,0.1857472,0.05,0.02,0.2,0.08726646,0.17453292,0.17453292
60,389,3.89,REVERSAL,Ascent,true,true,-0.135261565,-0.1408129,-0.135261565,110,NA,NA,false,false,NONE,0.8545351,0.013093872,-0.192559138,0.0077282195,true,true,8,true,true,0.004947971,0.005011793,0.2063002,0.08369982,0.193992317,0.164617971,0.888901234,right_thigh,true,0.001346966,0,0.0916762054,0.364355832,false,false,bar_height|bar_linear_stillness|knee_extension|hip_extension|local_trunk_erectness,1.37467146,0.193158478,0.0598573722,2.18890119,2.04788136,0.18568036,0.05,0.02,0.2,0.08726646,0.17453292,0.17453292
60,390,3.9,REVERSAL,Ascent,true,true,-0.137111872,-0.142750114,-0.137111872,110,NA,NA,false,false,NONE,0.8525644,0.0127055012,-0.190085381,0.008331193,true,true,8,true,true,0.00505090272,0.00511020329,0.20617485,0.08382518,0.194070816,0.164539471,0.8906634,right_thigh,true,0.00137345539,0,0.09352456,0.368345648,false,false,bar_height|bar_linear_stillness|knee_extension|hip_extension|local_trunk_erectness,1.37467146,0.1906916,0.0550064966,2.19350529,2.05194116,0.185659781,0.05,0.02,0.2,0.08726646,0.17453292,0.17453292
60,391,3.91,REVERSAL,Ascent,true,true,-0.1389445,-0.144673139,-0.1389445,110,NA,NA,false,false,NONE,0.850634754,0.0123384846,-0.185879961,0.008982281,true,true,8,true,true,0.005143702,0.00519650755,0.206047446,0.08395257,0.194146231,0.164464056,0.8923548,right_thigh,true,0.00139899971,0,0.09531059,0.3717524,false,false,bar_height|bar_linear_stillness|knee_extension|hip_extension|local_trunk_erectness,1.37467146,0.186505437,0.0504598953,2.19803715,2.05583787,0.185679078,0.05,0.02,0.2,0.08726646,0.17453292,0.17453292
60,392,3.92,REVERSAL,Ascent,true,true,-0.140744567,-0.146565437,-0.140744567,110,NA,NA,false,false,NONE,0.8487613,0.0119842449,-0.18016991,0.009680751,true,true,8,true,true,0.00522589963,0.00527358055,0.205918133,0.08408189,0.19421877,0.164391518,0.8939734,right_thigh,true,0.00142281724,0,0.0969800651,0.374555975,false,false,bar_height|bar_linear_stillness|knee_extension|hip_extension|local_trunk_erectness,1.37467146,0.180827364,0.0463415049,2.20245743,2.059567,0.185731784,0.05,0.02,0.2,0.08726646,0.17453292,0.17453292
60,393,3.93,REVERSAL,Ascent,true,true,-0.142497659,-0.1484119,-0.142497659,110,NA,NA,false,false,NONE,0.8469572,0.0116378339,-0.173158377,0.0104222037,true,true,8,true,true,0.00529850647,0.0053427415,0.205786854,0.08421316,0.194288611,0.164321676,0.8955175,right_thigh,true,0.00144436373,0,0.0984941,0.3767566,false,false,bar_height|bar_linear_stillness|knee_extension|hip_extension|local_trunk_erectness,1.37467146,0.173861682,0.04274103,2.20673084,2.06312418,0.185810179,0.05,0.02,0.2,0.08726646,0.17453292,0.17453292
60,394,3.94,ASCENT,Ascent,true,true,-0.14419055,-0.150198609,-0.14419055,110,NA,NA,false,false,NONE,0.845163763,0.0110012786,-0.172871009,0.0114526926,true,true,8,true,true,0.00493683,0.00475698058,0.2056498,0.0843502358,0.194355637,0.16425465,0.897658765,right_thigh,true,0.00141771883,0,0.09680003,0.375991374,false,false,bar_height|bar_linear_stillness|knee_extension|hip_extension|local_trunk_erectness,1.37467146,0.1735989,0.04521289,2.211731,2.0680573,0.185690641,0.05,0.02,0.2,0.08726646,0.17453292,0.17453292
60,395,3.95,ASCENT,Ascent,true,true,-0.146161377,-0.15222308,-0.146161377,110,NA,NA,false,false,NONE,0.8433669,0.0103623308,-0.172844768,0.0124334758,true,true,8,true,true,0.005173749,0.00518049626,0.205507055,0.08449297,0.194419056,0.164191231,0.899576843,right_thigh,true,0.00140038249,0,0.09569934,0.376406461,false,false,bar_height|bar_linear_stillness|knee_extension|hip_extension|local_trunk_erectness,1.37467146,0.173600927,0.04340081,2.21596456,2.07247615,0.1856019,0.05,0.02,0.2,0.08726646,0.17453292,0.17453292
60,396,3.96,ASCENT,Ascent,true,true,-0.147976577,-0.1541082,-0.147976577,110,NA,NA,false,false,NONE,0.841591358,0.009828859,-0.1705035,0.0134271756,true,true,8,true,true,0.00516483048,0.00526199955,0.205361441,0.08463858,0.1944791,0.1641312,0.901311457,right_thigh,true,0.00140457333,0,0.0960449651,0.377424479,false,false,bar_height|bar_linear_stillness|knee_extension|hip_extension|local_trunk_erectness,1.37467146,0.171313569,0.0391744263,2.21996355,2.07647252,0.185555592,0.05,0.02,0.2,0.08726646,0.17453292,0.17453292
60,397,3.97,ASCENT,Ascent,true,true,-0.149668813,-0.155877918,-0.149668813,110,NA,NA,false,false,NONE,0.839864969,0.009386489,-0.165440261,0.0144444071,true,true,8,true,true,0.005219401,0.00534165837,0.2052128,0.08478722,0.194535941,0.164074346,0.9029111,right_thigh,true,0.00142328674,0,0.09735956,0.378433377,false,false,bar_height|bar_linear_stillness|knee_extension|hip_extension|local_trunk_erectness,1.37467146,0.166334689,0.03510552,2.22383213,2.08015776,0.185547858,0.05,0.02,0.2,0.08726646,0.17453292,0.17453292
60,398,3.98,ASCENT,Ascent,true,true,-0.151274472,-0.157569081,-0.151274472,110,NA,NA,false,false,NONE,0.83821553,0.009018096,-0.157581016,0.0154924905,true,true,8,true,true,0.005342645,0.00547668152,0.205061167,0.08493885,0.194589779,0.164020509,0.9043632,right_thigh,true,0.00145055843,0,0.09924642,0.3792415,false,false,bar_height|bar_linear_stillness|knee_extension|hip_extension|local_trunk_erectness,1.37467146,0.15859735,0.032525003,2.2275033,2.08350325,0.185591623,0.05,0.02,0.2,0.08726646,0.17453292,0.17453292
60,399,3.99,ASCENT,Ascent,true,true,-0.152784735,-0.159171909,-0.152784735,110,NA,NA,false,false,NONE,0.8366685,0.008702678,-0.147201717,0.0165663082,true,true,8,true,true,0.00546953361,0.00560202869,0.204907,0.08509302,0.194640845,0.163969442,0.905671,right_thigh,true,0.001481241,0,0.101356164,0.379669219,false,false,bar_height|bar_linear_stillness|knee_extension|hip_extension|local_trunk_erectness,1.37467146,0.1483864,0.0325230844,2.23094726,2.08651614,0.18568036,0.05,0.02,0.2,0.08726646,0.17453292,0.17453292
60,400,4,ASCENT,Ascent,true,true,-0.154189944,-0.160672784,-0.154189944,110,NA,NA,false,false,NONE,0.835243762,0.008414183,-0.134877071,0.0176581424,true,true,8,true,true,0.00557753164,0.005696546,0.204750508,0.08524952,0.194689363,0.163920924,0.906852365,right_thigh,true,0.00151054317,0,0.103363685,0.379540831,false,false,bar_height|bar_linear_stillness|knee_extension|hip_extension|local_trunk_erectness,1.37467146,0.136288047,0.03492515,2.234145,2.089238,0.185802475,0.05,0.02,0.2,0.08726646,0.17453292,0.17453292
60,401,4.01,ASCENT,Ascent,true,true,-0.15548408,-0.162062615,-0.15548408,110,NA,NA,false,false,NONE,0.8339586,0.008145686,-0.120810241,0.0187699571,true,true,8,true,true,0.005689897,0.00580607867,0.204592019,0.08540801,0.194735572,0.163874716,0.9078848,right_thigh,true,0.00153764372,0,0.105220161,0.3789733,false,false,bar_height|bar_linear_stillness|knee_extension|hip_extension|local_trunk_erectness,1.37467146,0.122530721,0.0393881127,2.237014,2.09161639,0.18595019,0.05,0.02,0.2,0.08726646,0.17453292,0.17453292
60,402,4.0200000000000005,ASCENT,Ascent,true,true,-0.156640291,-0.163313985,-0.156640291,110,NA,NA,false,false,NONE,0.832828,0.007890617,-0.105269209,0.0198987145,true,true,8,true,true,0.00577982469,0.00589204626,0.204431921,0.0855681,0.194779709,0.163830578,0.908767939,right_thigh,true,0.00156216614,0,0.106893294,0.3779595,false,false,bar_height|bar_linear_stillness|knee_extension|hip_extension|local_trunk_erectness,1.37467146,0.107423589,0.04521202,2.23953128,2.093651,0.186124742,0.05,0.02,0.2,0.08726646,0.17453292,0.17453292
60,403,4.03,ASCENT,Ascent,true,true,-0.157645315,-0.164411962,-0.157645315,110,NA,NA,false,false,NONE,0.8318623,0.00763495872,-0.08872962,0.0210322775,true,true,8,true,true,0.00584374135,0.005948225,0.204270363,0.08572965,0.194822,0.163788289,0.9095188,right_thigh,true,0.0015822486,0,0.108255118,0.376434982,false,false,bar_height|bar_linear_stillness|knee_extension|hip_extension|local_trunk_erectness,1.37467146,0.0915073454,0.05140753,2.24169,2.09538078,0.18630296,0.05,0.02,0.2,0.08726646,0.17453292,0.17453292
60,404,4.04,ASCENT,Ascent,true,true,-0.158495784,-0.16535148,-0.158495784,110,NA,NA,false,false,NONE,0.8310702,0.007380809,-0.07130789,0.0221636482,true,true,8,true,true,0.00591032254,0.00601934036,0.204107612,0.08589241,0.194862664,0.163747624,0.910117149,right_thigh,true,0.00159903162,0,0.109384358,0.374576271,false,false,bar_height|bar_linear_stillness|knee_extension|hip_extension|local_trunk_erectness,1.37467146,0.07503679,0.05817325,2.24342728,2.09675932,0.186489984,0.05,0.02,0.2,0.08726646,0.17453292,0.17453292
60,405,4.05,ASCENT,Ascent,true,true,-0.159172088,-0.166113138,-0.159172088,110,NA,NA,false,false,NONE,0.83045876,0.00712746941,-0.0532032251,0.0232832711,true,true,8,true,true,0.0059571513,0.006070581,0.203943953,0.08605607,0.194901884,0.1637084,0.9105645,right_thigh,true,0.00161280227,0,0.1102957,0.372407854,false,false,bar_height|bar_linear_stillness|knee_extension|hip_extension|local_trunk_erectness,1.37467146,0.05851064,0.06516333,2.24473739,2.09779,0.186679378,0.05,0.02,0.2,0.08726646,0.17453292,0.17453292
60,406,4.0600000000000005,ASCENT,Ascent,true,true,-0.159667343,-0.166689068,-0.159667343,110,NA,NA,false,false,NONE,0.8300328,0.006872376,-0.03463278,0.02437777,true,true,8,true,true,0.005991039,0.00611023372,0.203779638,0.0862203762,0.194939837,0.16367045,0.9108628,right_thigh,true,0.00162344368,0,0.110982828,0.369961023,false,false,bar_height|bar_linear_stillness|knee_extension|hip_extension|local_trunk_erectness,1.37467146,0.042906113,0.07215883,2.24560761,2.09847713,0.18686603,0.05,0.02,0.2,0.08726646,0.17453292,0.17453292
60,407,4.07,ASCENT,Ascent,true,true,-0.159977436,-0.1670745,-0.159977436,110,NA,NA,false,false,NONE,0.8297934,0.006606236,-0.01598125,0.0254349671,true,true,8,true,true,0.0060038045,0.006125721,0.203614861,0.08638516,0.194976673,0.163633615,0.9110278,right_thigh,true,0.0016300464,0,0.111380212,0.367211,false,false,bar_height|bar_linear_stillness|knee_extension|hip_extension|local_trunk_erectness,1.37467146,0.0307567921,0.07866433,2.24604821,2.0988574,0.187089488,0.05,0.02,0.2,0.08726646,0.17453292,0.17453292
60,408,4.08,ASCENT,Ascent,true,true,-0.16010651,-0.167272031,-0.16010651,110,NA,NA,false,false,NONE,0.8297406,0.00633387128,0.00268286467,0.02644302,true,true,8,true,true,0.00601731054,0.00615230156,0.203449875,0.08655015,0.195012465,0.163597822,0.911045134,right_thigh,true,0.00163381477,0,0.111572631,0.364314646,false,false,bar_height|bar_linear_stillness|knee_extension|hip_extension|local_trunk_erectness,1.37467146,0.0273230486,0.0851663,2.24602485,2.09889722,0.187681988,0.05,0.02,0.2,0.08726646,0.17453292,0.17453292
60,409,4.09,ASCENT,Ascent,true,true,-0.160045117,-0.167273015,-0.160045117,110,409,NA,false,false,NONE,0.829873264,0.006055086,0.0212167725,0.0273939371,true,true,8,true,true,0.006014093,0.0061605433,0.203285038,0.08671499,0.1950473,0.163562983,0.9109191,right_thigh,true,0.00163510663,0,0.111583941,0.361293554,false,false,bar_height|bar_linear_stillness|knee_extension|hip_extension|local_trunk_erectness,1.37467146,0.03517447,0.0914844,2.24554968,2.09860682,0.1882054,0.05,0.02,0.2,0.08726646,0.17453292,0.17453292
60,410,4.1,ASCENT,Ascent,true,true,-0.159795165,-0.167078733,-0.159795165,110,409,NA,false,false,NONE,0.830187261,0.005762536,0.0393160954,0.0282791778,true,true,8,true,true,0.005992374,0.00614669034,0.203120545,0.08687948,0.195081249,0.163529038,0.9106663,right_thigh,true,0.001633205,0,0.111367054,0.358106047,false,false,bar_height|bar_linear_stillness|knee_extension|hip_extension|local_trunk_erectness,1.37467146,0.0487716533,0.09720866,2.24464774,2.09802437,0.188640058,0.05,0.02,0.2,0.08726646,0.17453292,0.17453292
60,411,4.11,ASCENT,Ascent,true,true,-0.159366578,-0.166697949,-0.159366578,110,409,NA,false,false,NONE,0.830677867,0.00546034658,0.05695061,0.0290901177,true,true,8,true,true,0.00597341964,0.006143685,0.2029567,0.08704331,0.19511427,0.163496017,0.9102763,right_thigh,true,0.00162918365,0,0.11099343,0.3548788,false,false,bar_height|bar_linear_stillness|knee_extension|hip_extension|local_trunk_erectness,1.37467146,0.06418273,0.102779731,2.24329972,2.097126,0.189001724,0.05,0.02,0.2,0.08726646,0.17453292,0.17453292
60,412,4.12,ASCENT,Ascent,true,true,-0.158756226,-0.166128516,-0.158756226,110,409,NA,false,false,NONE,0.8313397,0.005148883,0.07403533,0.02982037,true,true,8,true,true,0.005940651,0.00612536073,0.202793911,0.08720611,0.1951464,0.163463891,0.9097548,right_thigh,true,0.00162335031,0,0.110487446,0.351621181,false,false,bar_height|bar_linear_stillness|knee_extension|hip_extension|local_trunk_erectness,1.37467146,0.07998122,0.108062409,2.24152827,2.09592462,0.189292073,0.05,0.02,0.2,0.08726646,0.17453292,0.17453292
60,413,4.13,ASCENT,Ascent,true,true,-0.157970816,-0.165376812,-0.157970816,110,409,NA,false,false,NONE,0.832165062,0.00482162461,0.09033167,0.0304697473,true,true,8,true,true,0.0058934,0.00608729664,0.202632368,0.08736766,0.195177555,0.163432732,0.9091193,right_thigh,true,0.00161522813,0,0.109818511,0.348284572,false,false,bar_height|bar_linear_stillness|knee_extension|hip_extension|local_trunk_erectness,1.37467146,0.09545399,0.112720706,2.239366,2.09446049,0.189492539,0.05,0.02,0.2,0.08726646,0.17453292,0.17453292
60,414,4.14,ASCENT,Ascent,true,true,-0.157024056,-0.16445601,-0.157024056,110,409,NA,false,false,NONE,0.833146036,0.00448199734,0.105845496,0.031029433,true,true,8,true,true,0.00585031835,0.006060449,0.202472329,0.08752769,0.19520767,0.163402617,0.9083624,right_thigh,true,0.00160571281,0,0.109046452,0.344971359,false,false,bar_height|bar_linear_stillness|knee_extension|hip_extension|local_trunk_erectness,1.37467146,0.110391043,0.117111422,2.23680639,2.09271669,0.1896273,0.05,0.02,0.2,0.08726646,0.17453292,0.17453292
60,415,4.15,ASCENT,Ascent,true,true,-0.155917376,-0.163368374,-0.155917376,110,409,NA,false,false,NONE,0.8342744,0.00413076673,0.120537847,0.03149924,true,true,8,true,true,0.00579697732,0.006021626,0.202314138,0.08768588,0.195236653,0.163373634,0.9074909,right_thigh,true,0.00159517163,0,0.108199775,0.3416756,false,false,bar_height|bar_linear_stillness|knee_extension|hip_extension|local_trunk_erectness,1.37467146,0.124654077,0.121126868,2.23387766,2.090709,0.189697817,0.05,0.02,0.2,0.08726646,0.17453292,0.17453292
60,416,4.16,ASCENT,Ascent,true,true,-0.154660583,-0.162123829,-0.154660583,110,409,NA,false,false,NONE,0.8355415,0.003767034,0.134351879,0.0318780765,true,true,8,true,true,0.00573993148,0.00597684644,0.202158034,0.08784199,0.195264384,0.1633459,0.906512439,right_thigh,true,0.00158366328,0,0.107282288,0.338398218,false,false,bar_height|bar_linear_stillness|knee_extension|hip_extension|local_trunk_erectness,1.37467146,0.138133377,0.124705352,2.230603,2.08845472,0.189707875,0.05,0.02,0.2,0.08726646,0.17453292,0.17453292
60,417,4.17,ASCENT,Ascent,true,true,-0.1532641,-0.160733074,-0.1532641,110,409,NA,false,false,NONE,0.836937,0.00338506862,0.147127539,0.0321716,true,true,8,true,true,0.0056742006,0.005920329,0.202004164,0.08799586,0.195290744,0.163319543,0.905442357,right_thigh,true,0.00157071266,0,0.106264263,0.3350981,false,false,bar_height|bar_linear_stillness|knee_extension|hip_extension|local_trunk_erectness,1.37467146,0.1506419,0.127634108,2.22701669,2.08598948,0.189649969,0.05,0.02,0.2,0.08726646,0.17453292,0.17453292
60,418,4.18,ASCENT,Ascent,true,true,-0.151743144,-0.15921095,-0.151743144,110,409,NA,false,false,NONE,0.838450968,0.00298851333,0.1589117,0.0323713236,true,true,8,true,true,0.00561358454,0.00587341841,0.201852739,0.08814728,0.19531557,0.163294718,0.9042773,right_thigh,true,0.00155709777,0,0.105198376,0.331849843,false,false,bar_height|bar_linear_stillness|knee_extension|hip_extension|local_trunk_erectness,1.37467146,0.16220285,0.130194575,2.22312379,2.08330536,0.189544186,0.05,0.02,0.2,0.08726646,0.17453292,0.17453292
60,419,4.19,ASCENT,Ascent,true,true,-0.150102824,-0.1575636,-0.150102824,110,409,NA,false,false,NONE,0.8400735,0.00257842825,0.169712245,0.03248139,true,true,8,true,true,0.00554762362,0.00581974164,0.201703936,0.0882960856,0.195338681,0.1632716,0.903025031,right_thigh,true,0.00154317834,0,0.104109287,0.328639925,false,false,bar_height|bar_linear_stillness|knee_extension|hip_extension|local_trunk_erectness,1.37467146,0.172811851,0.132300824,2.21895528,2.08042026,0.189395472,0.05,0.02,0.2,0.08726646,0.17453292,0.17453292
60,420,4.2,ASCENT,Ascent,true,true,-0.148354411,-0.155802637,-0.148354411,110,409,NA,false,false,NONE,0.8417941,0.002150734,0.179439008,0.0325107463,true,true,8,true,true,0.00547722634,0.00575729,0.201557875,0.0884421542,0.195359915,0.163250357,0.9017,right_thigh,true,0.001528605,0,0.102978326,0.325442523,false,false,bar_height|bar_linear_stillness|knee_extension|hip_extension|local_trunk_erectness,1.37467146,0.182373062,0.133829311,2.2145474,2.07736778,0.189199969,0.05,0.02,0.2,0.08726646,0.17453292,0.17453292
60,421,4.21,ASCENT,Ascent,true,true,-0.1465134,-0.153943568,-0.1465134,110,409,NA,false,false,NONE,0.8436024,0.00170897716,0.188162982,0.03245075,true,true,8,true,true,0.00541364448,0.005706192,0.201414645,0.0885853842,0.1953791,0.1632312,0.9003007,right_thigh,true,0.00151402748,0,0.101845525,0.322296321,false,false,bar_height|bar_linear_stillness|knee_extension|hip_extension|local_trunk_erectness,1.37467146,0.190948367,0.134940729,2.209909,2.074144,0.1889752,0.05,0.02,0.2,0.08726646,0.17453292,0.17453292
60,422,4.22,ASCENT,Ascent,true,true,-0.144585818,-0.151993513,-0.144585818,110,409,NA,false,false,NONE,0.8454889,0.0012533433,0.195919678,0.03230728,true,true,8,true,true,0.00534814037,0.005650995,0.20127435,0.08872567,0.195396,0.163214281,0.898834467,right_thigh,true,0.00149968849,0,0.10072884,0.319193751,false,false,bar_height|bar_linear_stillness|knee_extension|hip_extension|local_trunk_erectness,1.37467146,0.1985695,0.135598734,2.2050705,2.070766,0.188726112,0.05,0.02,0.2,0.08726646,0.17453292,0.17453292
60,423,4.23,ASCENT,Ascent,true,true,-0.142582983,-0.149963975,-0.142582983,110,409,NA,false,false,NONE,0.847443461,0.000781801646,0.20266366,0.0320941955,true,true,8,true,true,0.005281787,0.005591967,0.201137066,0.08886296,0.19541046,0.163199827,0.897313952,right_thigh,true,0.00148517778,0,0.0996050462,0.316112548,false,false,bar_height|bar_linear_stillness|knee_extension|hip_extension|local_trunk_erectness,1.37467146,0.205190659,0.135747552,2.200065,2.067263,0.188448846,0.05,0.02,0.2,0.08726646,0.17453292,0.17453292
60,424,4.24,ASCENT,Ascent,true,true,-0.140518934,-0.147869229,-0.140518934,110,409,NA,false,false,NONE,0.849456668,0.000296583166,0.208477125,0.0317995362,true,true,8,true,true,0.0052222386,0.00554236351,0.2010028,0.08899721,0.195422277,0.16318801,0.8957393,right_thigh,true,0.00147114089,0,0.0985118,0.313075274,false,false,bar_height|bar_linear_stillness|knee_extension|hip_extension|local_trunk_erectness,1.37467146,0.210888624,0.135478288,2.19490337,2.063635,0.188161,0.05,0.02,0.2,0.08726646,0.17453292,0.17453292
60,425,4.25,ASCENT,Ascent,true,true,-0.13839972,-0.145716161,-0.13839972,110,409,425,false,false,NONE,0.8515198,-0.0002008423,0.213417947,0.0314302146,true,true,8,true,true,0.00516244955,0.00549127953,0.200871676,0.0891283453,0.195431247,0.16317904,0.894116759,right_thigh,true,0.0014575934,0,0.09745733,0.310073972,false,false,bar_height|bar_linear_stillness|knee_extension|hip_extension|local_trunk_erectness,1.37467146,0.21572,0.134793818,2.18961382,2.05989718,0.1878651,0.05,0.02,0.2,0.08726646,0.17453292,0.17453292
60,426,4.26,ASCENT,Ascent,true,true,-0.136235416,-0.143515289,-0.136235416,110,409,425,false,false,NONE,0.8536245,-0.0007102061,0.217525512,0.0309919473,true,true,8,true,true,0.005106949,0.005443594,0.200743675,0.08925635,0.1954372,0.1631731,0.8924527,right_thigh,true,0.00144464488,0,0.09644449,0.3070996,false,false,bar_height|bar_linear_stillness|knee_extension|hip_extension|local_trunk_erectness,1.37467146,0.219723359,0.133690014,2.18421841,2.05606341,0.187685817,0.05,0.02,0.2,0.08726646,0.17453292,0.17453292
60,427,4.2700000000000005,ASCENT,Ascent,true,true,-0.134035021,-0.141276032,-0.134035021,110,409,425,false,false,NONE,0.8557624,-0.0012333924,0.220793068,0.0305003636,true,true,8,true,true,0.00505305734,0.005394763,0.2006188,0.0893812254,0.19543992,0.163170367,0.8907563,right_thigh,true,0.001432008,0,0.09545985,0.30415,false,false,bar_height|bar_linear_stillness|knee_extension|hip_extension|local_trunk_erectness,1.37467146,0.2228932,0.132211044,2.17874265,2.05215526,0.187643826,0.05,0.02,0.2,0.08726646,0.17453292,0.17453292
60,428,4.28,ASCENT,Ascent,true,true,-0.131809652,-0.139009446,-0.131809652,110,409,425,false,false,NONE,0.8579258,-0.00176808168,0.2233029,0.0299435183,true,true,8,true,true,0.00500465371,0.005353857,0.200497091,0.08950293,0.195439264,0.163171023,0.8890286,right_thigh,true,0.0014201469,0,0.09452765,0.3012213,false,false,bar_height|bar_linear_stillness|knee_extension|hip_extension|local_trunk_erectness,1.37467146,0.225308508,0.1303698,2.17319846,2.04817486,0.18760182,0.05,0.02,0.2,0.08726646,0.17453292,0.17453292
60,429,4.29,ASCENT,Ascent,true,true,-0.129564375,-0.136721253,-0.129564375,110,409,425,false,false,NONE,0.8601078,-0.00231243065,0.225125819,0.0293273833,true,true,8,true,true,0.00495827524,0.0053134067,0.200378612,0.08962141,0.195435062,0.163175225,0.887275,right_thigh,true,0.001409011,0,0.0936490744,0.2983097,false,false,bar_height|bar_linear_stillness|knee_extension|hip_extension|local_trunk_erectness,1.37467146,0.227039814,0.128207445,2.16760731,2.04413486,0.187558547,0.05,0.02,0.2,0.08726646,0.17453292,0.17453292
60,430,4.3,ASCENT,Ascent,true,true,-0.127306759,-0.13441956,-0.127306759,110,409,425,false,false,NONE,0.862301648,-0.00286759925,0.22627534,0.028672684,true,true,8,true,true,0.00491573,0.005275453,0.200263351,0.08973667,0.195427135,0.163183153,0.885501742,right_thigh,true,0.00139836851,0,0.09281252,0.2954209,false,false,bar_height|bar_linear_stillness|knee_extension|hip_extension|local_trunk_erectness,1.37467146,0.228102773,0.1258188,2.161989,2.04004955,0.187521622,0.05,0.02,0.2,0.08726646,0.17453292,0.17453292
60,431,4.3100000000000005,ASCENT,Ascent,true,true,-0.125044912,-0.132112473,-0.125044912,110,409,425,false,false,NONE,0.8645014,-0.00343164755,0.2268344,0.0279636346,true,true,8,true,true,0.00487710629,0.005241874,0.200151354,0.08984866,0.195415363,0.163194925,0.883711457,right_thigh,true,0.00138868438,0,0.0920420438,0.292534947,false,false,bar_height|bar_linear_stillness|knee_extension|hip_extension|local_trunk_erectness,1.37467146,0.228577316,0.123144023,2.156355,2.035925,0.1874847,0.05,0.02,0.2,0.08726646,0.17453292,0.17453292
60,432,4.32,ASCENT,Ascent,true,true,-0.122783512,-0.129805177,-0.122783512,110,409,425,false,false,NONE,0.8667017,-0.004003336,0.226863742,0.0272072144,true,true,8,true,true,0.00484116329,0.00521069858,0.200042665,0.08995735,0.195399582,0.1632107,0.88190794,right_thigh,true,0.00137978059,0,0.09132682,0.289648235,false,false,bar_height|bar_linear_stillness|knee_extension|hip_extension|local_trunk_erectness,1.37467146,0.228524432,0.120210767,2.15072131,2.03177,0.187451586,0.05,0.02,0.2,0.08726646,0.17453292,0.17453292
60,433,4.33,ASCENT,Ascent,true,true,-0.120528013,-0.1275034,-0.120528013,110,409,425,false,false,NONE,0.868897736,-0.00458196457,0.226404667,0.0264279731,true,true,8,true,true,0.004810488,0.00518343039,0.199937344,0.0900626853,0.195379689,0.1632306,0.880094945,right_thigh,true,0.0013714938,0,0.09066397,0.286788374,false,false,bar_height|bar_linear_stillness|knee_extension|hip_extension|local_trunk_erectness,1.37467146,0.227987945,0.117231458,2.14510155,2.02759314,0.187423557,0.05,0.02,0.2,0.08726646,0.17453292,0.17453292
60,434,4.34,ASCENT,Ascent,true,true,-0.118283957,-0.125212759,-0.118283957,110,409,425,false,false,NONE,0.8710851,-0.00516646076,0.225517988,0.0256052352,true,true,8,true,true,0.004781369,0.00515762251,0.199835435,0.09016459,0.195355564,0.163254723,0.878275752,right_thigh,true,0.00136410259,0,0.09006184,0.2839116,false,false,bar_height|bar_linear_stillness|knee_extension|hip_extension|local_trunk_erectness,1.37467146,0.227025732,0.1140191,2.13950634,2.023402,0.187396809,0.05,0.02,0.2,0.08726646,0.17453292,0.17453292
60,435,4.3500000000000005,ASCENT,Ascent,true,true,-0.116055191,-0.122937381,-0.116055191,110,409,425,false,false,NONE,0.8732601,-0.00575585663,0.224261448,0.0247458089,true,true,8,true,true,0.00475552771,0.005134825,0.199736983,0.09026304,0.195327118,0.163283169,0.8764534,right_thigh,true,0.00135743455,0,0.08951257,0.281019062,false,false,bar_height|bar_linear_stillness|knee_extension|hip_extension|local_trunk_erectness,1.37467146,0.225696,0.110637777,2.13394618,2.01920366,0.187373862,0.05,0.02,0.2,0.08726646,0.17453292,0.17453292
60,436,4.36,ASCENT,Ascent,true,true,-0.11384514,-0.120680928,-0.11384514,110,409,425,false,false,NONE,0.875419438,-0.006348595,0.222685784,0.0238565728,true,true,8,true,true,0.00473289052,0.005114846,0.199642047,0.0903579742,0.195294291,0.163316,0.874630153,right_thigh,true,0.00135161041,0,0.0890246257,0.278116,false,false,bar_height|bar_linear_stillness|knee_extension|hip_extension|local_trunk_erectness,1.37467146,0.224049985,0.107153177,2.12842941,2.0150032,0.18735221,0.05,0.02,0.2,0.08726646,0.17453292,0.17453292
60,437,4.37,ASCENT,Ascent,true,true,-0.111657172,-0.118446827,-0.111657172,110,409,425,false,false,NONE,0.8775605,-0.00694376556,0.220844448,0.0229611956,true,true,8,true,true,0.00471521355,0.00509931,0.199550718,0.0904492959,0.195256978,0.163353309,0.8728069,right_thigh,true,0.00134652411,0,0.08859785,0.275241733,false,false,bar_height|bar_linear_stillness|knee_extension|hip_extension|local_trunk_erectness,1.37467146,0.222143427,0.103791632,2.12296224,2.01080275,0.187339455,0.05,0.02,0.2,0.08726646,0.17453292,0.17453292
60,438,4.38,ASCENT,Ascent,true,true,-0.109493822,-0.116237611,-0.109493822,110,409,425,false,false,NONE,0.879680932,-0.00754083274,0.218776658,0.0220374744,true,true,8,true,true,0.00469758455,0.00508249365,0.199463129,0.0905369,0.195215166,0.163395122,0.8709877,right_thigh,true,0.00134215248,0,0.08821902,0.272335321,false,false,bar_height|bar_linear_stillness|knee_extension|hip_extension|local_trunk_erectness,1.37467146,0.220013052,0.100289,2.11755347,2.00661159,0.187326714,0.05,0.02,0.2,0.08726646,0.17453292,0.17453292
60,439,4.39,ASCENT,Ascent,true,true,-0.107357562,-0.114056021,-0.107357562,110,409,425,false,false,NONE,0.881778955,-0.00813817,0.216524273,0.0210913625,true,true,8,true,true,0.004682165,0.00506864069,0.19937928,0.09062074,0.1951688,0.1634415,0.869173765,right_thigh,true,0.00133844127,0,0.0878875256,0.2694102,false,false,bar_height|bar_linear_stillness|knee_extension|hip_extension|local_trunk_erectness,1.37467146,0.217701256,0.09673148,2.11220741,2.00243258,0.18731907,0.05,0.02,0.2,0.08726646,0.17453292,0.17453292
60,440,4.4,ASCENT,Ascent,true,true,-0.105250031,-0.111903787,-0.105250031,110,409,425,false,false,NONE,0.883853257,-0.008734248,0.214152992,0.02015117,true,true,8,true,true,0.004672944,0.00506089767,0.199299321,0.0907007,0.195117831,0.163492456,0.867363334,right_thigh,true,0.00133534754,0,0.0876088962,0.266521335,false,false,bar_height|bar_linear_stillness|knee_extension|hip_extension|local_trunk_erectness,1.37467146,0.215276241,0.09342476,2.106923,1.99826157,0.187317789,0.05,0.02,0.2,0.08726646,0.17453292,0.17453292
60,441,4.41,ASCENT,Ascent,true,true,-0.103171408,-0.109781,-0.103171408,110,409,425,false,false,NONE,0.8859028,-0.009328637,0.211677283,0.0191887412,true,true,8,true,true,0.00466037961,0.00504783,0.19922334,0.09077668,0.1950623,0.163548,0.8655616,right_thigh,true,0.00133290677,0,0.0873730853,0.263595551,false,false,bar_height|bar_linear_stillness|knee_extension|hip_extension|local_trunk_erectness,1.37467146,0.212749854,0.0900103,2.1017108,1.99411082,0.18731907,0.05,0.02,0.2,0.08726646,0.17453292,0.17453292
60,442,4.42,ASCENT,Ascent,true,true,-0.101124108,-0.107690096,-0.101124108,110,409,425,false,false,NONE,0.887926936,-0.009920856,0.20913133,0.0182110649,true,true,8,true,true,0.00465086,0.00503846072,0.1991514,0.0908486247,0.195002183,0.1636081,0.8637694,right_thigh,true,0.00133094785,0,0.0871731341,0.2606548,false,false,bar_height|bar_linear_stillness|knee_extension|hip_extension|local_trunk_erectness,1.37467146,0.210157037,0.0865770355,2.096569,1.98998189,0.187320337,0.05,0.02,0.2,0.08726646,0.17453292,0.17453292
60,443,4.43,ASCENT,Ascent,true,true,-0.09910834,-0.105631381,-0.09910834,110,409,425,false,false,NONE,0.889925539,-0.0105078081,0.2065888,0.0172510855,true,true,8,true,true,0.00464775739,0.00503594149,0.199083626,0.0909164,0.194937482,0.1636728,0.861982048,right_thigh,true,0.00132978463,0,0.08703701,0.2577725,false,false,bar_height|bar_linear_stillness|knee_extension|hip_extension|local_trunk_erectness,1.37467146,0.207573965,0.08351486,2.09149265,1.985864,0.187329262,0.05,0.02,0.2,0.08726646,0.17453292,0.17453292
60,444,4.44,ASCENT,Ascent,true,true,-0.09712261,-0.103603363,-0.09712261,110,409,425,false,false,NONE,0.891898632,-0.0110902842,0.204040289,0.0162745975,true,true,8,true,true,0.00463891961,0.005025626,0.1990201,0.09097992,0.194868252,0.163742036,0.860206246,right_thigh,true,0.001328912,0,0.0869180262,0.2548559,false,false,bar_height|bar_linear_stillness|knee_extension|hip_extension|local_trunk_erectness,1.37467146,0.204988524,0.08033699,2.08649254,1.9817729,0.187340736,0.05,0.02,0.2,0.08726646,0.17453292,0.17453292
60,445,4.45,ASCENT,Ascent,true,true,-0.09516913,-0.101608157,-0.09516913,110,409,425,false,false,NONE,0.8938463,-0.0116673978,0.201501444,0.0152866645,true,true,8,true,true,0.00463296846,0.00501891365,0.198960871,0.09103916,0.194794521,0.163815767,0.8584421,right_thigh,true,0.00132840173,0,0.08682711,0.251924276,false,false,bar_height|bar_linear_stillness|knee_extension|hip_extension|local_trunk_erectness,1.37467146,0.202417,0.077166006,2.08156371,1.97770894,0.187350929,0.05,0.02,0.2,0.08726646,0.17453292,0.17453292
60,446,4.46,ASCENT,Ascent,true,true,-0.0932473242,-0.09964514,-0.0932473242,110,409,425,false,false,NONE,0.8957688,-0.01223828,0.198997915,0.0142950062,true,true,8,true,true,0.00462830346,0.00501231663,0.198906,0.0910940245,0.194716334,0.163893953,0.856689632,right_thigh,true,0.00132819219,0,0.08675931,0.249001026,false,false,bar_height|bar_linear_stillness|knee_extension|hip_extension|local_trunk_erectness,1.37467146,0.1998857,0.0740644857,2.076705,1.9736712,0.187361121,0.05,0.02,0.2,0.08726646,0.17453292,0.17453292
60,447,4.47,ASCENT,Ascent,true,true,-0.0913564,-0.09771365,-0.0913564,110,409,425,false,false,NONE,0.8976673,-0.0127995722,0.196604848,0.0133293355,true,true,8,true,true,0.00462997658,0.00501466356,0.198855609,0.09114441,0.194633767,0.16397652,0.8549414,right_thigh,true,0.00132859964,0,0.08674388,0.246175408,false,false,bar_height|bar_linear_stillness|knee_extension|hip_extension|local_trunk_erectness,1.37467146,0.197471425,0.07138584,2.071906,1.96964371,0.187378958,0.05,0.02,0.2,0.08726646,0.17453292,0.17453292
60,448,4.48,ASCENT,Ascent,true,true,-0.0894931853,-0.0958103538,-0.0894931853,110,409,425,false,false,NONE,0.89954257,-0.0133525562,0.194293752,0.0123538673,true,true,8,true,true,0.004623951,0.005005592,0.198809758,0.09119026,0.194546863,0.164063424,0.853206,right_thigh,true,0.00132929767,0,0.0867453441,0.24332723,false,false,bar_height|bar_linear_stillness|knee_extension|hip_extension|local_trunk_erectness,1.37467146,0.195143461,0.06863928,2.067179,1.96564555,0.187395528,0.05,0.02,0.2,0.08726646,0.17453292,0.17453292
60,449,4.49,ASCENT,Ascent,true,true,-0.08766016,-0.0939378142,-0.08766016,110,409,425,false,false,NONE,0.9013955,-0.013896998,0.192067713,0.0113738626,true,true,8,true,true,0.004621051,0.005000038,0.198768467,0.09123155,0.194455713,0.164154574,0.85148257,right_thigh,true,0.00133011281,0,0.08675555,0.240487918,false,false,bar_height|bar_linear_stillness|knee_extension|hip_extension|local_trunk_erectness,1.37467146,0.192905411,0.06593077,2.06251645,1.961675,0.187408268,0.05,0.02,0.2,0.08726646,0.17453292,0.17453292
60,450,4.5,ASCENT,Ascent,true,true,-0.08585581,-0.09209412,-0.08585581,110,409,425,false,false,NONE,0.903227746,-0.0144289164,0.190016463,0.0104256,true,true,8,true,true,0.00462487247,0.0050036856,0.198731869,0.09126815,0.1943604,0.164249882,0.849761546,right_thigh,true,0.00133149128,0,0.0868177637,0.237777323,false,false,bar_height|bar_linear_stillness|knee_extension|hip_extension|local_trunk_erectness,1.37467146,0.190848485,0.0636911839,2.05790281,1.95771,0.1874312,0.05,0.02,0.2,0.08726646,0.17453292,0.17453292
60,451,4.51,ASCENT,Ascent,true,true,-0.0840756,-0.09027514,-0.0840756,110,409,425,false,false,NONE,0.9050405,-0.014950675,0.1880785,0.00946846,true,true,8,true,true,0.004619207,0.00499298424,0.198699981,0.09130004,0.194261029,0.164349258,0.8480533,right_thigh,true,0.00133291585,0,0.08687807,0.2350489,false,false,bar_height|bar_linear_stillness|knee_extension|hip_extension|local_trunk_erectness,1.37467146,0.188909218,0.06135092,2.05335426,1.95377445,0.187449038,0.05,0.02,0.2,0.08726646,0.17453292,0.17453292
60,452,4.5200000000000005,ASCENT,Ascent,true,true,-0.08232245,-0.08848333,-0.08232245,110,409,425,false,false,NONE,0.9068348,-0.0154620353,0.186243892,0.008506557,true,true,8,true,true,0.004616483,0.004987424,0.1986728,0.09132723,0.19415769,0.1644526,0.8463563,right_thigh,true,0.0013342161,0,0.0869300961,0.232333109,false,false,bar_height|bar_linear_stillness|knee_extension|hip_extension|local_trunk_erectness,1.37467146,0.187078118,0.0590333827,2.04886,1.94986475,0.187464342,0.05,0.02,0.2,0.08726646,0.17453292,0.17453292
60,453,4.53,ASCENT,Ascent,true,true,-0.0805943,-0.08671665,-0.0805943,110,409,425,false,false,NONE,0.9086077,-0.0159784742,0.1840676,0.00758550176,true,true,8,true,true,0.00459883,0.004951736,0.198650151,0.09134986,0.194050461,0.164559826,0.84470433,right_thigh,true,0.00133296242,0,0.08682839,0.229566842,false,false,bar_height|bar_linear_stillness|knee_extension|hip_extension|local_trunk_erectness,1.37467146,0.184915483,0.05659275,2.04446745,1.946059,0.1874745,0.05,0.02,0.2,0.08726646,0.17453292,0.17453292
60,454,4.54,ASCENT,Ascent,true,true,-0.07890889,-0.08499038,-0.07890889,110,409,425,false,false,NONE,0.9103589,-0.016483523,0.181923389,0.006643251,true,true,8,true,true,0.004601595,0.0049619223,0.198632181,0.09136784,0.1939394,0.164670885,0.843054533,right_thigh,true,0.00133235042,0,0.08676252,0.22691305,false,false,bar_height|bar_linear_stillness|knee_extension|hip_extension|local_trunk_erectness,1.37467146,0.182789385,0.0544777066,2.04009151,1.94225812,0.1874796,0.05,0.02,0.2,0.08726646,0.17453292,0.17453292
60,455,4.55,ASCENT,Ascent,true,true,-0.07724136,-0.08328307,-0.07724136,110,409,425,false,false,NONE,0.9120904,-0.0169702321,0.179976463,0.005699039,true,true,8,true,true,0.004593057,0.004955868,0.198618963,0.09138106,0.193824619,0.164785668,0.84140867,right_thigh,true,0.00133316859,0,0.08678908,0.224383131,false,false,bar_height|bar_linear_stillness|knee_extension|hip_extension|local_trunk_erectness,1.37467146,0.180864573,0.052636,2.03575969,1.93846631,0.187480882,0.05,0.02,0.2,0.08726646,0.17453292,0.17453292
60,456,4.5600000000000005,ASCENT,Ascent,true,true,-0.0755929053,-0.08159521,-0.0755929053,110,409,425,false,false,NONE,0.9138048,-0.01743765,0.17828095,0.004761601,true,true,8,true,true,0.00458988128,0.00495121861,0.198610514,0.0913895,0.193706229,0.164904058,0.8397674,right_thigh,true,0.00133501214,0,0.0868888944,0.221965283,false,false,bar_height|bar_linear_stillness|knee_extension|hip_extension|local_trunk_erectness,1.37467146,0.179194987,0.0510352366,2.03147364,1.93468523,0.187477052,0.05,0.02,0.2,0.08726646,0.17453292,0.17453292
60,457,4.57,ASCENT,Ascent,true,true,-0.07396418,-0.07992798,-0.07396418,110,409,425,false,false,NONE,0.915497065,-0.0179161113,0.175991386,0.003870431,true,true,8,true,true,0.00456055626,0.00489201536,0.198606551,0.09139347,0.193584323,0.165025964,0.838199139,right_thigh,true,0.00133250828,0,0.08671953,0.219364554,false,false,bar_height|bar_linear_stillness|knee_extension|hip_extension|local_trunk_erectness,1.37467146,0.176943317,0.04908953,2.027328,1.93107224,0.18745923,0.05,0.02,0.2,0.08726646,0.17453292,0.17453292
60,458,4.58,ASCENT,Ascent,true,true,-0.07239014,-0.07831177,-0.07239014,110,409,425,false,false,NONE,0.917167,-0.01837819,0.173812613,0.00296410988,true,true,8,true,true,0.00457595848,0.00492269825,0.198607191,0.09139283,0.19345893,0.165151358,0.836619556,right_thigh,true,0.0013316616,0,0.08665079,0.217028886,false,false,bar_height|bar_linear_stillness|knee_extension|hip_extension|local_trunk_erectness,1.37467146,0.174806654,0.0477742478,2.02316046,1.92743313,0.187438846,0.05,0.02,0.2,0.08726646,0.17453292,0.17453292
60,459,4.59,ASCENT,Ascent,true,true,-0.07082528,-0.07670635,-0.07082528,110,409,425,false,false,NONE,0.9188187,-0.01881269,0.1720266,0.00206613634,true,true,8,true,true,0.004567569,0.004919431,0.19861269,0.09138733,0.193330184,0.1652801,0.83503294,right_thigh,true,0.00133351132,0,0.0867615,0.214912444,false,false,bar_height|bar_linear_stillness|knee_extension|hip_extension|local_trunk_erectness,1.37467146,0.173064545,0.0468603149,2.01902366,1.92377782,0.187415913,0.05,0.02,0.2,0.08726646,0.17453292,0.17453292
60,460,4.6000000000000005,ASCENT,Ascent,true,true,-0.06927261,-0.07511425,-0.06927261,110,409,425,false,false,NONE,0.920450032,-0.0192462783,0.1699344,0.001218165,true,true,8,true,true,0.00454272656,0.004869218,0.198622823,0.0913772,0.1931982,0.165412083,0.833503067,right_thigh,true,0.00133274845,0,0.086715214,0.212708279,false,false,bar_height|bar_linear_stillness|knee_extension|hip_extension|local_trunk_erectness,1.37467146,0.171025157,0.04587221,2.01501226,1.92025328,0.187381521,0.05,0.02,0.2,0.08726646,0.17453292,0.17453292
60,461,4.61,ASCENT,Ascent,true,true,-0.06776586,-0.0735656,-0.06776586,110,409,425,false,false,NONE,0.9220631,-0.0196567979,0.168169588,0.000365698,true,true,8,true,true,0.00456143543,0.0049006287,0.198637679,0.09136234,0.193063051,0.165547237,0.8319555,right_thigh,true,0.00133418827,0,0.08680793,0.210786924,false,false,bar_height|bar_linear_stillness|knee_extension|hip_extension|local_trunk_erectness,1.37467146,0.169314891,0.0453440063,2.010976,1.91668785,0.187345847,0.05,0.02,0.2,0.08726646,0.17453292,0.17453292
60,462,4.62,ASCENT,Ascent,true,true,-0.06626475,-0.07202461,-0.06626475,110,409,425,false,false,NONE,0.9236636,-0.0200366545,0.166955739,-0.0004699041,true,true,8,true,true,0.00456054136,0.004902433,0.198657483,0.09134254,0.192924887,0.1656854,0.8303939,right_thigh,true,0.00133832265,0,0.08707816,0.209083781,false,false,bar_height|bar_linear_stillness|knee_extension|hip_extension|local_trunk_erectness,1.37467146,0.168154418,0.0450712256,2.00695968,1.91309023,0.1873127,0.05,0.02,0.2,0.08726646,0.17453292,0.17453292
60,463,4.63,ASCENT,Ascent,true,true,-0.06477094,-0.07049233,-0.06477094,110,409,425,false,false,NONE,0.925251544,-0.0204097424,0.165661573,-0.00125366566,true,true,8,true,true,0.00454489142,0.00486161234,0.19868204,0.09131798,0.192783847,0.16582644,0.828874469,right_thigh,true,0.00134008541,0,0.08720729,0.20731236,false,false,bar_height|bar_linear_stillness|knee_extension|hip_extension|local_trunk_erectness,1.37467146,0.1669188,0.04477209,2.00304222,1.90958965,0.187270626,0.05,0.02,0.2,0.08726646,0.17453292,0.17453292
60,464,4.64,ASCENT,Ascent,true,true,-0.0633133352,-0.0689941645,-0.0633133352,110,409,425,false,false,NONE,0.926830351,-0.0207585562,0.164810851,-0.00203418429,true,true,8,true,true,0.004566064,0.004890454,0.1987114,0.0912886262,0.192640021,0.165970266,0.827331543,right_thigh,true,0.00134369242,0,0.0874517038,0.2057775,false,false,bar_height|bar_linear_stillness|knee_extension|hip_extension|local_trunk_erectness,1.37467146,0.166125476,0.0447093956,1.99908829,1.90603507,0.187229812,0.05,0.02,0.2,0.08726646,0.17453292,0.17453292
60,465,4.65,ASCENT,Ascent,true,true,-0.061855644,-0.06749761,-0.061855644,110,409,425,false,false,NONE,0.9284064,-0.02107727,0.164579853,-0.0027949,true,true,8,true,true,0.00456896052,0.00489339558,0.198745742,0.09125428,0.1924936,0.166116685,0.825768352,right_thigh,true,0.001349336,0,0.08783049,0.204429612,false,false,bar_height|bar_linear_stillness|knee_extension|hip_extension|local_trunk_erectness,1.37467146,0.165947556,0.044761762,1.99513257,1.90243363,0.187190279,0.05,0.02,0.2,0.08726646,0.17453292,0.17453292
60,466,4.66,ASCENT,Ascent,true,true,-0.0603980422,-0.0660024,-0.0603980422,110,409,425,false,false,NONE,0.929986,-0.02136785,0.164978,-0.00352996355,true,true,8,true,true,0.004578705,0.00489676045,0.198785022,0.091215,0.192344785,0.1662655,0.824186444,right_thigh,true,0.00135636062,0,0.0883020461,0.20320873,false,false,bar_height|bar_linear_stillness|knee_extension|hip_extension|local_trunk_erectness,1.37467146,0.166393459,0.04486658,1.99117208,1.89878929,0.18715328,0.05,0.02,0.2,0.08726646,0.17453292,0.17453292
60,467,4.67,ASCENT,Ascent,true,true,-0.0589401424,-0.06450775,-0.0589401424,110,409,425,false,false,NONE,0.9315705,-0.02164987,0.16544652,-0.004215839,true,true,8,true,true,0.004573729,0.00486663962,0.198829,0.0911710262,0.192193717,0.166416571,0.8226271,right_thigh,true,0.00136082852,0,0.0886169747,0.2018852,false,false,bar_height|bar_linear_stillness|knee_extension|hip_extension|local_trunk_erectness,1.37467146,0.166910276,0.044940684,1.98725581,1.89519691,0.187112451,0.05,0.02,0.2,0.08726646,0.17453292,0.17453292
60,468,4.68,ASCENT,Ascent,true,true,-0.05750081,-0.06302953,-0.05750081,110,409,425,false,false,NONE,0.933163464,-0.0219103657,0.166351289,-0.00489415554,true,true,8,true,true,0.004592117,0.004886425,0.198877648,0.0911223739,0.192040533,0.166569754,0.821038842,right_thigh,true,0.00136593857,0,0.08896606,0.20071578,false,false,bar_height|bar_linear_stillness|knee_extension|hip_extension|local_trunk_erectness,1.37467146,0.167859375,0.0450819135,1.98327589,1.89153767,0.18707034,0.05,0.02,0.2,0.08726646,0.17453292,0.17453292
60,469,4.69,ASCENT,Ascent,true,true,-0.0560503,-0.0615409,-0.0560503,110,409,425,false,false,NONE,0.9347706,-0.022144882,0.167804927,-0.00555598643,true,true,8,true,true,0.004594227,0.00488391658,0.198931023,0.091069,0.191885442,0.166724846,0.8194237,right_thigh,true,0.00137207,0,0.08938439,0.199662149,false,false,bar_height|bar_linear_stillness|knee_extension|hip_extension|local_trunk_erectness,1.37467146,0.169351,0.0452500433,1.97925615,1.88781667,0.187028214,0.05,0.02,0.2,0.08726646,0.17453292,0.17453292
60,470,4.7,ASCENT,Ascent,true,true,-0.05458781,-0.0600407124,-0.05458781,110,409,425,false,false,NONE,0.9363934,-0.02236777,0.169368833,-0.00617773458,true,true,8,true,true,0.004586727,0.004855931,0.198988825,0.0910112,0.1917286,0.16688168,0.8178161,right_thigh,true,0.00137629174,0,0.08968231,0.19853434,false,false,bar_height|bar_linear_stillness|knee_extension|hip_extension|local_trunk_erectness,1.37467146,0.170951113,0.0454285853,1.97524214,1.884113,0.186983541,0.05,0.02,0.2,0.08726646,0.17453292,0.17453292
60,471,4.71,ASCENT,Ascent,true,true,-0.0531294048,-0.058542788,-0.0531294048,110,409,425,false,false,NONE,0.9380355,-0.022569498,0.171345472,-0.006794417,true,true,8,true,true,0.004599459,0.004867886,0.199050963,0.09094906,0.191570178,0.16704011,0.8161749,right_thigh,true,0.00138109911,0,0.09001256,0.197531924,false,false,bar_height|bar_linear_stillness|knee_extension|hip_extension|local_trunk_erectness,1.37467146,0.172959,0.0456358828,1.97114551,1.88033211,0.186933741,0.05,0.02,0.2,0.08726646,0.17453292,0.17453292
60,472,4.72,ASCENT,Ascent,true,true,-0.0516516864,-0.05702603,-0.0516516864,110,409,425,false,false,NONE,0.9397019,-0.02274622,0.1738114,-0.0073990114,true,true,8,true,true,0.004599758,0.00486301258,0.199117362,0.09088266,0.191410333,0.167199954,0.814501762,right_thigh,true,0.00138674257,0,0.090397194,0.196617931,false,false,bar_height|bar_linear_stillness|knee_extension|hip_extension|local_trunk_erectness,1.37467146,0.175449535,0.0458610244,1.96698618,1.87647736,0.1868839,0.05,0.02,0.2,0.08726646,0.17453292,0.17453292
60,473,4.73,ASCENT,Ascent,true,true,-0.05015403,-0.05548939,-0.05015403,110,409,425,false,false,NONE,0.9413945,-0.022909373,0.176424861,-0.007972662,true,true,8,true,true,0.004593332,0.004837758,0.199187756,0.0908122659,0.191249251,0.167361036,0.81434,left_forearm,true,0.00139084016,0,0.09068764,0.1956489,false,false,bar_height|bar_linear_stillness|knee_extension|hip_extension|local_trunk_erectness,1.37467146,0.178084627,0.04613837,1.96279669,1.87260962,0.186827675,0.05,0.02,0.2,0.08726646,0.17453292,0.17453292
60,474,4.74,ASCENT,Ascent,true,true,-0.0486484468,-0.0539433658,-0.0486484468,110,409,425,false,false,NONE,0.9431163,-0.0230522417,0.179387063,-0.008544503,true,true,8,true,true,0.00460082572,0.004842767,0.199261963,0.09073805,0.1910871,0.16752319,0.8143202,left_forearm,true,0.00139522238,0,0.09099021,0.194768161,false,false,bar_height|bar_linear_stillness|knee_extension|hip_extension|local_trunk_erectness,1.37467146,0.18106389,0.0464497767,1.95851123,1.86865616,0.186793178,0.05,0.02,0.2,0.08726646,0.17453292,0.17453292
60,475,4.75,ASCENT,Ascent,true,true,-0.0471170545,-0.0523714125,-0.0471170545,110,409,425,false,false,NONE,0.9448713,-0.0231732279,0.182741374,-0.0091091,true,true,8,true,true,0.004599066,0.004833822,0.1993399,0.090660125,0.190924019,0.167686269,0.8142994,left_forearm,true,0.00140014291,0,0.09132867,0.193947643,false,false,bar_height|bar_linear_stillness|knee_extension|hip_extension|local_trunk_erectness,1.37467146,0.184429884,0.0468069576,1.95414281,1.86462033,0.1869631,0.05,0.02,0.2,0.08726646,0.17453292,0.17453292
60,476,4.76,ASCENT,Ascent,true,true,-0.0455592871,-0.0507728457,-0.0455592871,110,409,425,false,false,NONE,0.946663141,-0.0232735053,0.186449528,-0.009664813,true,true,8,true,true,0.004598406,0.00482384861,0.199421316,0.0905787,0.1907602,0.167850092,0.814277768,left_forearm,true,0.00140505983,0,0.0916663259,0.1931663,false,false,bar_height|bar_linear_stillness|knee_extension|hip_extension|local_trunk_erectness,1.37467146,0.188144863,0.0472331829,1.94968975,1.86050415,0.1871329,0.05,0.02,0.2,0.08726646,0.17453292,0.17453292
60,477,4.7700000000000005,ASCENT,Ascent,true,true,-0.04397425,-0.0491466522,-0.04397425,110,409,425,false,false,NONE,0.9484932,-0.0233603287,0.190269947,-0.0102010407,true,true,8,true,true,0.00459232926,0.00480188057,0.199505985,0.0904940441,0.190595791,0.1680145,0.8142562,left_forearm,true,0.00140860421,0,0.09191829,0.192338392,false,false,bar_height|bar_linear_stillness|knee_extension|hip_extension|local_trunk_erectness,1.37467146,0.191969842,0.0477964878,1.94516563,1.85634077,0.187277,0.05,0.02,0.2,0.08726646,0.17453292,0.17453292
60,478,4.78,ASCENT,Ascent,true,true,-0.0423679054,-0.04749748,-0.0423679054,110,409,425,false,false,NONE,0.9503632,-0.02343043,0.194292128,-0.0107380589,true,true,8,true,true,0.00459161773,0.00479460275,0.1995937,0.0904063359,0.190430939,0.168179348,0.8142346,left_forearm,true,0.00141171936,0,0.0921387747,0.191550717,false,false,bar_height|bar_linear_stillness|knee_extension|hip_extension|local_trunk_erectness,1.37467146,0.195994183,0.0484697632,1.9405334,1.85208726,0.187410817,0.05,0.02,0.2,0.08726646,0.17453292,0.17453292
60,479,4.79,ASCENT,Ascent,true,true,-0.0407296121,-0.0458156466,-0.0407296121,110,409,425,false,false,NONE,0.952275336,-0.02348321,0.198517144,-0.0112749981,true,true,8,true,true,0.00458389847,0.00477957539,0.199684262,0.09031576,0.19026579,0.1683445,0.8142131,left_forearm,true,0.00141477236,0,0.09235575,0.190793812,false,false,bar_height|bar_linear_stillness|knee_extension|hip_extension|local_trunk_erectness,1.37467146,0.20021899,0.0492785759,1.93580008,1.847747,0.187535629,0.05,0.02,0.2,0.08726646,0.17453292,0.17453292
60,480,4.8,ASCENT,Ascent,true,true,-0.0390590727,-0.04410091,-0.0390590727,110,409,425,false,false,NONE,0.9542305,-0.0235219263,0.202826172,-0.011800562,true,true,8,true,true,0.00457460247,0.004759804,0.199777484,0.09022254,0.190100476,0.168509811,0.8141917,left_forearm,true,0.00141699088,0,0.0925221145,0.190038428,false,false,bar_height|bar_linear_stillness|knee_extension|hip_extension|local_trunk_erectness,1.37467146,0.20452626,0.050275024,1.93097413,1.8433336,0.187633649,0.05,0.02,0.2,0.08726646,0.17453292,0.17453292
60,481,4.8100000000000005,ASCENT,Ascent,true,true,-0.037359,-0.04235506,-0.037359,110,409,425,false,false,NONE,0.956229568,-0.023545865,0.207235456,-0.0123292087,true,true,8,true,true,0.004566595,0.004744916,0.199873149,0.09012688,0.189935118,0.168675169,0.8141709,left_forearm,true,0.00141890172,0,0.0926662758,0.189304262,false,false,bar_height|bar_linear_stillness|knee_extension|hip_extension|local_trunk_erectness,1.37467146,0.208932891,0.0514613576,1.92603922,1.83883154,0.187717617,0.05,0.02,0.2,0.08726646,0.17453292,0.17453292
60,482,4.82,ASCENT,Ascent,true,true,-0.03562528,-0.04057488,-0.03562528,110,409,425,false,false,NONE,0.9582734,-0.0235552657,0.211718142,-0.0128600178,true,true,8,true,true,0.0045559206,0.004726411,0.19997105,0.09002897,0.189769864,0.168840423,0.8141505,left_forearm,true,0.00142039161,0,0.09278423,0.188585639,false,false,bar_height|bar_linear_stillness|knee_extension|hip_extension|local_trunk_erectness,1.37467146,0.213412285,0.05286381,1.921,1.834242,0.187779933,0.05,0.02,0.2,0.08726646,0.17453292,0.17453292
60,483,4.83,ASCENT,Ascent,true,true,-0.03385806,-0.0387600958,-0.03385806,110,409,425,false,false,NONE,0.9603627,-0.0235501584,0.216272026,-0.0133854272,true,true,8,true,true,0.004545123,0.00470790174,0.200071,0.08992901,0.1896048,0.169005483,0.8141306,left_forearm,true,0.00142181944,0,0.09289924,0.187910035,false,false,bar_height|bar_linear_stillness|knee_extension|hip_extension|local_trunk_erectness,1.37467146,0.217961848,0.0544562526,1.91585052,1.82955825,0.18782188,0.05,0.02,0.2,0.08726646,0.17453292,0.17453292
60,484,4.84,ASCENT,Ascent,true,true,-0.0320557058,-0.03690946,-0.0320557058,110,409,425,false,false,NONE,0.9624975,-0.0235325936,0.220823944,-0.013913977,true,true,8,true,true,0.004530914,0.00468430854,0.200172856,0.089827165,0.189440072,0.169170216,0.8141113,left_forearm,true,0.00142258825,0,0.0929735452,0.1872364,false,false,bar_height|bar_linear_stillness|knee_extension|hip_extension|local_trunk_erectness,1.37467146,0.222509772,0.0563193,1.9106009,1.82479107,0.1878384,0.05,0.02,0.2,0.08726646,0.17453292,0.17453292
60,485,4.8500000000000005,ASCENT,Ascent,true,true,-0.0302210748,-0.03502518,-0.0302210748,110,409,425,false,false,NONE,0.964677155,-0.0235038344,0.225315273,-0.0144458441,true,true,8,true,true,0.0045173415,0.004661217,0.200276345,0.08972367,0.189275742,0.169334546,0.814093,left_forearm,true,0.00142275449,0,0.09300916,0.18656221,false,false,bar_height|bar_linear_stillness|knee_extension|hip_extension|local_trunk_erectness,1.37467146,0.226997986,0.0584621653,1.905249,1.81994188,0.1878257,0.05,0.02,0.2,0.08726646,0.17453292,0.17453292
60,486,4.86,ASCENT,Ascent,true,true,-0.0283540487,-0.03310758,-0.0283540487,110,409,425,false,false,NONE,0.9669008,-0.0234645642,0.229707137,-0.0149814067,true,true,8,true,true,0.00450129434,0.00463616941,0.200381353,0.08961867,0.189111918,0.169498369,0.814075768,left_forearm,true,0.00142220093,0,0.09299989,0.1858944,false,false,bar_height|bar_linear_stillness|knee_extension|hip_extension|local_trunk_erectness,1.37467146,0.231387973,0.06087727,1.89979565,1.81501031,0.187785015,0.05,0.02,0.2,0.08726646,0.17453292,0.17453292
60,487,4.87,ASCENT,Ascent,true,true,-0.0264553428,-0.031157136,-0.0264553428,110,409,425,false,false,NONE,0.969168365,-0.0234121941,0.23410888,-0.0155180991,true,true,8,true,true,0.0044887946,0.004618376,0.200487763,0.0895122662,0.188948691,0.1696616,0.814058959,left_forearm,true,0.00142206717,0,0.0930210352,0.1853196,false,false,bar_height|bar_linear_stillness|knee_extension|hip_extension|local_trunk_erectness,1.37467146,0.235787854,0.0634132549,1.8942256,1.8099705,0.187729061,0.05,0.02,0.2,0.08726646,0.17453292,0.17453292
60,488,4.88,ASCENT,Ascent,true,true,-0.0245197117,-0.029169172,-0.0245197117,110,409,425,false,false,NONE,0.9714787,-0.0233503375,0.238372654,-0.0160540864,true,true,8,true,true,0.0044689565,0.00458488939,0.200595349,0.0894046649,0.188786134,0.169824153,0.814043164,left_forearm,true,0.001421155,0,0.09299424,0.1847234,false,false,bar_height|bar_linear_stillness|knee_extension|hip_extension|local_trunk_erectness,1.37467146,0.240051031,0.0662634149,1.88857234,1.80485952,0.187638715,0.05,0.02,0.2,0.08726646,0.17453292,0.17453292
60,489,4.89,ASCENT,Ascent,true,true,-0.0225562453,-0.02715236,-0.0225562453,110,409,425,false,false,NONE,0.9738296,-0.0232814234,0.2424201,-0.0165930688,true,true,8,true,true,0.00445247954,0.00455738325,0.200704008,0.08929602,0.188624308,0.16998598,0.8140287,left_forearm,true,0.00141946017,0,0.09291704,0.184122339,false,false,bar_height|bar_linear_stillness|knee_extension|hip_extension|local_trunk_erectness,1.37467146,0.244100109,0.06939932,1.88282883,1.7996769,0.187513992,0.05,0.02,0.2,0.08726646,0.17453292,0.17453292
60,490,4.9,ASCENT,Ascent,true,true,-0.02056542,-0.0251069367,-0.02056542,110,409,425,false,false,NONE,0.9762211,-0.0231991578,0.246490836,-0.0171362087,true,true,8,true,true,0.004439514,0.004542758,0.200813636,0.0891863853,0.188463286,0.170147,0.814014435,left_forearm,true,0.00141860452,0,0.0928980559,0.1836587,false,false,bar_height|bar_linear_stillness|knee_extension|hip_extension|local_trunk_erectness,1.37467146,0.248172492,0.07250744,1.87696445,1.79437339,0.187384069,0.05,0.02,0.2,0.08726646,0.17453292,0.17453292
60,491,4.91,ASCENT,Ascent,true,true,-0.0185372829,-0.02302429,-0.0185372829,110,409,425,false,false,NONE,0.9786513,-0.0231097341,0.250338525,-0.0176755749,true,true,8,true,true,0.004414939,0.0045021316,0.200924113,0.08907591,0.188303143,0.170307145,0.814001143,left_forearm,true,0.00141691638,0,0.09283068,0.183156192,false,false,bar_height|bar_linear_stillness|knee_extension|hip_extension|local_trunk_erectness,1.37467146,0.252023548,0.07595481,1.87103844,1.78901315,0.187218338,0.05,0.02,0.2,0.08726646,0.17453292,0.17453292
60,492,4.92,ASCENT,Ascent,true,true,-0.0164873,-0.0209186375,-0.0164873,110,409,425,false,false,NONE,0.9811169,-0.0230161026,0.253862649,-0.0182163,true,true,8,true,true,0.004397187,0.004471339,0.201035231,0.08896479,0.188143909,0.170466378,0.8139895,left_forearm,true,0.00141408457,0,0.092688404,0.182627276,false,false,bar_height|bar_linear_stillness|knee_extension|hip_extension|local_trunk_erectness,1.37467146,0.255553931,0.07966616,1.86503685,1.78359532,0.187011614,0.05,0.02,0.2,0.08726646,0.17453292,0.17453292
60,493,4.93,ASCENT,Ascent,true,true,-0.01441592,-0.0187903047,-0.01441592,110,409,425,false,false,NONE,0.983617961,-0.022909781,0.2574323,-0.0187630113,true,true,8,true,true,0.004384676,0.004460809,0.201147065,0.08885296,0.187985644,0.170624644,0.813977838,left_forearm,true,0.00141275255,0,0.0926486552,0.18229346,false,false,bar_height|bar_linear_stillness|knee_extension|hip_extension|local_trunk_erectness,1.37467146,0.2591299,0.08317989,1.85891283,1.77804613,0.186808512,0.05,0.02,0.2,0.08726646,0.17453292,0.17453292
60,494,4.94,ASCENT,Ascent,true,true,-0.0123079419,-0.0166262686,-0.0123079419,110,409,425,false,false,NONE,0.9861521,-0.022798188,0.260705,-0.0193005633,true,true,8,true,true,0.00435579754,0.00441355,0.201259464,0.08874056,0.187828377,0.17078191,0.8139671,left_forearm,true,0.00141034625,0,0.0925435051,0.181891143,false,false,bar_height|bar_linear_stillness|knee_extension|hip_extension|local_trunk_erectness,1.37467146,0.262410671,0.08704972,1.85275269,1.77245891,0.186568066,0.05,0.02,0.2,0.08726646,0.17453292,0.17453292
60,495,4.95,ASCENT,Ascent,true,true,-0.0101858079,-0.0144464374,-0.0101858079,110,409,425,false,false,NONE,0.988715,-0.022685321,0.2635515,-0.0198369,true,true,8,true,true,0.00433746772,0.004381398,0.201372191,0.08862783,0.187672168,0.170938119,0.813958049,left_forearm,true,0.00140644191,0,0.0923426151,0.1814535,false,false,bar_height|bar_linear_stillness|knee_extension|hip_extension|local_trunk_erectness,1.37467146,0.265268773,0.09115547,1.84653485,1.7668308,0.186283737,0.05,0.02,0.2,0.08726646,0.17453292,0.17453292
60,496,4.96,ASCENT,Ascent,true,true,-0.00804913,-0.0122511685,-0.00804913,110,409,425,false,false,NONE,0.9913021,-0.0225705858,0.265942574,-0.0203731284,true,true,8,true,true,0.00431357045,0.00434617046,0.201485246,0.088514775,0.187517,0.171093285,0.8139507,left_forearm,true,0.00140163908,0,0.0920856744,0.181008786,false,false,bar_height|bar_linear_stillness|knee_extension|hip_extension|local_trunk_erectness,1.37467146,0.267675072,0.09539609,1.84026289,1.7611624,0.185961753,0.05,0.02,0.2,0.08726646,0.17453292,0.17453292
60,497,4.97,ASCENT,Ascent,true,true,-0.00589934,-0.0100417733,-0.00589934,110,409,425,false,false,NONE,0.9939132,-0.0224438,0.268371344,-0.02091664,true,true,8,true,true,0.004297522,0.004335901,0.201598719,0.0884013,0.1873629,0.1712474,0.8139432,left_forearm,true,0.00139916851,0,0.0919830054,0.180814818,false,false,bar_height|bar_linear_stillness|knee_extension|hip_extension|local_trunk_erectness,1.37467146,0.27011925,0.09920666,1.83388472,1.75536573,0.185652077,0.05,0.02,0.2,0.08726646,0.17453292,0.17453292
60,498,4.98,ASCENT,Ascent,false,true,-0.003719002,-0.00780338049,-0.003719002,110,409,425,false,false,NONE,0.996545434,-0.0223133136,0.270449936,-0.0214447118,true,true,8,true,true,0.00426507834,0.004284309,0.201712489,0.08828754,0.187209919,0.171400368,0.813936234,left_forearm,true,0.00139586977,0,0.09183407,0.180559546,false,false,bar_height|bar_linear_stillness|knee_extension|hip_extension|local_trunk_erectness,1.37467146,0.27221486,0.103303395,1.82750583,1.749555,0.185307086,0.05,0.02,0.2,0.08726646,0.17453292,0.17453292
60,499,4.99,ASCENT,Ascent,false,true,-0.00153544545,-0.00556063652,-0.00153544545,110,409,425,false,false,NONE,0.9991939,-0.0221835263,0.272039831,-0.0219659,true,true,8,true,true,0.00424683327,0.00425241329,0.201826364,0.08817366,0.187058061,0.171552241,0.813931,left_forearm,true,0.00139107148,0,0.09158796,0.1802662,false,false,bar_height|bar_linear_stillness|knee_extension|hip_extension|local_trunk_erectness,1.37467146,0.273825258,0.107550524,1.821099,1.74372721,0.184920147,0.05,0.02,0.2,0.08726646,0.17453292,0.17453292
60,500,5,ASCENT,Ascent,false,true,0.000651448965,-0.00331380963,0.000651448965,110,409,425,false,false,NONE,1.00185907,-0.0220419317,0.273740679,-0.0224939566,true,true,8,true,true,0.004236173,0.00424929475,0.201940566,0.0880594552,0.1869073,0.171702981,0.81392473,left_forearm,true,0.0013890242,0,0.09152359,0.180260912,false,false,bar_height|bar_linear_stillness|knee_extension|hip_extension|local_trunk_erectness,1.37467146,0.275546342,0.111226179,1.81459153,1.7377665,0.184564739,0.05,0.02,0.2,0.08726646,0.17453292,0.17453292
60,501,5.01,ASCENT,Ascent,false,true,0.002865076,-0.00104227662,0.002865076,110,409,425,false,false,NONE,1.00453782,-0.0218982529,0.275050551,-0.0230003987,true,true,8,true,true,0.004202291,0.00419291155,0.202054992,0.08794503,0.186757714,0.171852574,0.8139193,left_forearm,true,0.00138579076,0,0.0913896,0.180158928,false,false,bar_height|bar_linear_stillness|knee_extension|hip_extension|local_trunk_erectness,1.37467146,0.27687788,0.11521057,1.80811334,1.73181713,0.184168458,0.05,0.02,0.2,0.08726646,0.17453292,0.17453292
60,502,5.0200000000000005,ASCENT,Ascent,false,true,0.005072385,0.00122439861,0.005072385,110,409,425,false,false,NONE,1.00722444,-0.0217575245,0.275803447,-0.02349632,true,true,8,true,true,0.004185275,0.004160049,0.202169448,0.08783057,0.186609268,0.172001019,0.8139153,left_forearm,true,0.00138076115,0,0.09113981,0.18000266,false,false,bar_height|bar_linear_stillness|knee_extension|hip_extension|local_trunk_erectness,1.37467146,0.2776563,0.11933782,1.8016305,1.72587276,0.183732361,0.05,0.02,0.2,0.08726646,0.17453292,0.17453292
60,503,5.03,ASCENT,Ascent,false,true,0.00727453828,0.00348642468,0.00727453828,110,409,425,false,false,NONE,1.00991988,-0.0216050819,0.276736438,-0.024001196,true,true,8,true,true,0.004176504,0.00416307058,0.202284217,0.0877158046,0.186461955,0.172148317,0.8139101,left_forearm,true,0.00137895788,0,0.09110127,0.180170611,false,false,bar_height|bar_linear_stillness|knee_extension|hip_extension|local_trunk_erectness,1.37467146,0.278614223,0.122750729,1.79504848,1.71979034,0.1833382,0.05,0.02,0.2,0.08726646,0.17453292,0.17453292
60,504,5.04,ASCENT,Ascent,false,true,0.009500951,0.00577020645,0.009500951,110,409,425,false,false,NONE,1.01262116,-0.02145199,0.277251333,-0.02447771,true,true,8,true,true,0.004140426,0.00410111947,0.2023992,0.08760083,0.186315835,0.172294438,0.813905358,left_forearm,true,0.00137561327,0,0.09097122,0.180216148,false,false,bar_height|bar_linear_stillness|knee_extension|hip_extension|local_trunk_erectness,1.37467146,0.279155254,0.1264883,1.78852761,1.71374536,0.182904035,0.05,0.02,0.2,0.08726646,0.17453292,0.17453292
60,505,5.05,ASCENT,Ascent,false,true,0.0117118359,0.008039713,0.0117118359,110,409,425,false,false,NONE,1.01532161,-0.0213037543,0.277134448,-0.0249400474,true,true,8,true,true,0.00412513828,0.00406924356,0.202514172,0.08748585,0.186170876,0.172439411,0.8139024,left_forearm,true,0.00137011125,0,0.09069991,0.180185914,false,false,bar_height|bar_linear_stillness|knee_extension|hip_extension|local_trunk_erectness,1.37467146,0.279068738,0.130363315,1.782025,1.707729,0.182425663,0.05,0.02,0.2,0.08726646,0.17453292,0.17453292
60,506,5.0600000000000005,ASCENT,Ascent,false,true,0.0139091313,0.0102965236,0.0139091313,110,409,425,false,false,NONE,1.01801479,-0.0211592317,0.276369184,-0.0253922157,true,true,8,true,true,0.00410084,0.00403287355,0.202629179,0.08737084,0.186027035,0.172583252,0.813901365,left_forearm,true,0.00136328978,0,0.0903420746,0.180130064,false,false,bar_height|bar_linear_stillness|knee_extension|hip_extension|local_trunk_erectness,1.37467146,0.278338641,0.134204656,1.77554011,1.7017386,0.181909278,0.05,0.02,0.2,0.08726646,0.17453292,0.17453292
60,507,5.07,ASCENT,Ascent,false,true,0.0160927176,0.0125401616,0.0160927176,110,409,425,false,false,NONE,1.02070212,-0.0210030191,0.275829,-0.0258545764,true,true,8,true,true,0.00408655824,0.004034998,0.202744514,0.0872555,0.1858843,0.17272599,0.813898563,left_forearm,true,0.00136077043,0,0.09026572,0.180459633,false,false,bar_height|bar_linear_stillness|knee_extension|hip_extension|local_trunk_erectness,1.37467146,0.277833074,0.137120917,1.768981,1.69562173,0.181449339,0.05,0.02,0.2,0.08726646,0.17453292,0.17453292
60,508,5.08,ASCENT,Ascent,false,true,0.0182924867,0.0147963762,0.0182924867,110,409,425,false,false,NONE,1.02338052,-0.0208459273,0.274881333,-0.02628317,true,true,8,true,true,0.00405006343,0.003973995,0.202860117,0.08713991,0.185742736,0.172867566,0.813896,left_forearm,true,0.001357193,0,0.0901309848,0.1806748,false,false,bar_height|bar_linear_stillness|knee_extension|hip_extension|local_trunk_erectness,1.37467146,0.276920766,0.140285939,1.76252127,1.68957067,0.1809513,0.05,0.02,0.2,0.08726646,0.17453292,0.17453292
60,509,5.09,ASCENT,Ascent,false,true,0.0204651952,0.017026484,0.0204651952,110,409,425,false,false,NONE,1.02604377,-0.0206935219,0.273324281,-0.02669064,true,true,8,true,true,0.0040378985,0.00394462049,0.20297572,0.0870242938,0.185602263,0.173008025,0.813894868,left_forearm,true,0.00135157979,0,0.0898627043,0.180830389,false,false,bar_height|bar_linear_stillness|knee_extension|hip_extension|local_trunk_erectness,1.37467146,0.275402933,0.1434834,1.75611377,1.68357575,0.18042013,0.05,0.02,0.2,0.08726646,0.17453292,0.17453292
60,510,5.1000000000000005,ASCENT,Ascent,false,true,0.0226124227,0.0192319155,0.0226124227,110,409,425,false,false,NONE,1.02869427,-0.020530019,0.2721135,-0.0271105878,true,true,8,true,true,0.004033098,0.00395753235,0.203091785,0.0869082361,0.1854629,0.17314738,0.8138914,left_forearm,true,0.00135050318,0,0.08988931,0.181382045,false,false,bar_height|bar_linear_stillness|knee_extension|hip_extension|local_trunk_erectness,1.37467146,0.274230242,0.1457178,1.74963522,1.677453,0.179959044,0.05,0.02,0.2,0.08726646,0.17453292,0.17453292
60,511,5.11,ASCENT,Ascent,false,true,0.0247725844,0.0214461684,0.0247725844,110,409,425,false,false,NONE,1.03132915,-0.0203664619,0.27048406,-0.0274891946,true,true,8,true,true,0.00399789261,0.003893239,0.203208178,0.08679184,0.185324684,0.1732856,0.8138881,left_forearm,true,0.00134765147,0,0.08981007,0.181774959,false,false,bar_height|bar_linear_stillness|knee_extension|hip_extension|local_trunk_erectness,1.37467146,0.2726391,0.148278192,1.74328756,1.671424,0.179462209,0.05,0.02,0.2,0.08726646,0.17453292,0.17453292
60,512,5.12,ASCENT,Ascent,false,true,0.0268967152,0.0236257911,0.0268967152,110,409,425,false,false,NONE,1.03394163,-0.0202089176,0.268190563,-0.0278439559,true,true,8,true,true,0.003988255,0.00386390323,0.2033247,0.0866753161,0.185187578,0.173422709,0.8138864,left_forearm,true,0.00134204654,0,0.0895491,0.182072833,false,false,bar_height|bar_linear_stillness|knee_extension|hip_extension|local_trunk_erectness,1.37467146,0.270388365,0.150900215,1.73701262,1.6654762,0.17892395,0.05,0.02,0.2,0.08726646,0.17453292,0.17453292
60,513,5.13,ASCENT,Ascent,false,true,0.0289878845,0.0257730484,0.0289878845,110,409,425,false,false,NONE,1.03654432,-0.02002582,0.267410666,-0.0282916147,true,true,8,true,true,0.0039966,0.0039249477,0.203442067,0.08655795,0.18505156,0.173558727,0.8138782,left_forearm,true,0.001347879,0,0.090020746,0.183105633,false,false,bar_height|bar_linear_stillness|knee_extension|hip_extension|local_trunk_erectness,1.37467146,0.269647747,0.152009383,1.73053384,1.65919876,0.178580716,0.05,0.02,0.2,0.08726646,0.17453292,0.17453292
60,514,5.14,ASCENT,Ascent,false,true,0.0311325788,0.02796489,0.0311325788,110,409,425,false,false,NONE,1.03913772,-0.0198400244,0.2663748,-0.0286481157,true,true,8,true,true,0.00395342754,0.00382803078,0.203559935,0.08644009,0.184916779,0.173693508,0.8138685,left_forearm,true,0.00135006267,0,0.09028286,0.183816344,false,false,bar_height|bar_linear_stillness|knee_extension|hip_extension|local_trunk_erectness,1.37467146,0.2686445,0.1539105,1.72429085,1.6530844,0.178181887,0.05,0.02,0.2,0.08726646,0.17453292,0.17453292
60,515,5.15,ASCENT,Ascent,false,true,0.0332231522,0.0301061273,0.0332231522,110,409,425,false,false,NONE,1.04171252,-0.0196669139,0.264439523,-0.0289608072,true,true,8,true,true,0.003970041,0.003808697,0.203677729,0.08632229,0.184783176,0.173827112,0.8138616,left_forearm,true,0.00134614494,0,0.09014187,0.18427524,false,false,bar_height|bar_linear_stillness|knee_extension|hip_extension|local_trunk_erectness,1.37467146,0.26674664,0.156220272,1.71814132,1.64710164,0.177819759,0.05,0.02,0.2,0.08726646,0.17453292,0.17453292
60,516,5.16,ASCENT,Ascent,false,true,0.03526932,0.0322051644,0.03526932,110,409,425,false,false,NONE,1.04425812,-0.0195050426,0.261456937,-0.0292542521,true,true,8,true,true,0.003955557,0.00377312442,0.203795642,0.08620438,0.184650674,0.173959613,0.8138583,left_forearm,true,0.00133791275,0,0.08971128,0.18454878,false,false,bar_height|bar_linear_stillness|knee_extension|hip_extension|local_trunk_erectness,1.37467146,0.263810515,0.1586687,1.7120676,1.64123237,0.177530885,0.05,0.02,0.2,0.08726646,0.17453292,0.17453292
60,517,5.17,ASCENT,Ascent,false,true,0.03727752,0.03426814,0.03727752,110,409,425,false,false,NONE,1.04678679,-0.0193194821,0.2599798,-0.0296736024,true,true,8,true,true,0.003948431,0.00382854464,0.203914464,0.0860855654,0.1845193,0.174090981,0.813849,left_forearm,true,0.00134205574,0,0.090069294,0.185571566,false,false,bar_height|bar_linear_stillness|knee_extension|hip_extension|local_trunk_erectness,1.37467146,0.26238,0.159538254,1.70577335,1.63501227,0.177263081,0.05,0.02,0.2,0.08726646,0.17453292,0.17453292
60,518,5.18,ASCENT,Ascent,false,true,0.0393438935,0.0363795161,0.0393438935,110,409,425,false,false,NONE,1.04929745,-0.0191328581,0.2580427,-0.0299896821,true,true,8,true,true,0.00389619172,0.0037194984,0.204033643,0.08596637,0.1843892,0.174221084,0.81383884,left_forearm,true,0.00134208659,0,0.090192616,0.186245084,false,false,bar_height|bar_linear_stillness|knee_extension|hip_extension|local_trunk_erectness,1.37467146,0.260483176,0.161196917,1.69976234,1.62900531,0.176998913,0.05,0.02,0.2,0.08726646,0.17453292,0.17453292
60,519,5.19,ASCENT,Ascent,false,true,0.04134482,0.03842938,0.04134482,110,409,425,false,false,NONE,1.0517782,-0.0189610217,0.254951775,-0.0302540716,true,true,8,true,true,0.00391425472,0.003701249,0.204152659,0.08584736,0.184260264,0.174350023,0.8138329,left_forearm,true,0.00133530225,0,0.08986464,0.186642572,false,false,bar_height|bar_linear_stillness|knee_extension|hip_extension|local_trunk_erectness,1.37467146,0.257439762,0.163212389,1.69387674,1.62317693,0.176739767,0.05,0.02,0.2,0.08726646,0.17453292,0.17453292
60,520,5.2,ASCENT,Ascent,false,true,0.0432899,0.040425837,0.0432899,110,409,425,false,false,NONE,1.05423069,-0.0187819581,0.2522278,-0.03058069,true,true,8,true,true,0.003913644,0.00372977764,0.204272151,0.08572787,0.184132457,0.174477831,0.8138254,left_forearm,true,0.001333735,0,0.08986113,0.187383384,false,false,bar_height|bar_linear_stillness|knee_extension|hip_extension|local_trunk_erectness,1.37467146,0.254768163,0.164386541,1.6878897,1.61720061,0.176491052,0.05,0.02,0.2,0.08726646,0.17453292,0.17453292
60,521,5.21,ASCENT,Ascent,false,true,0.04524988,0.0424325466,0.04524988,110,409,425,false,false,NONE,1.0566479,-0.0186075531,0.248578012,-0.03082927,true,true,8,true,true,0.003865371,0.00363829,0.204391986,0.0856080353,0.184005857,0.174604431,0.8138199,left_forearm,true,0.00132766541,0,0.08957901,0.187834412,false,false,bar_height|bar_linear_stillness|knee_extension|hip_extension|local_trunk_erectness,1.37467146,0.251172662,0.165978923,1.68214774,1.61144471,0.176248759,0.05,0.02,0.2,0.08726646,0.17453292,0.17453292
60,522,5.22,ASCENT,Ascent,false,true,0.0471440554,0.04437703,0.0471440554,110,409,425,false,false,NONE,1.05901647,-0.0184458829,0.243616909,-0.0310380775,true,true,8,true,true,0.00385916722,0.00360691757,0.204511791,0.08548823,0.183880374,0.174729913,0.8138194,left_forearm,true,0.001316689,0,0.08896738,0.1881003,false,false,bar_height|bar_linear_stillness|knee_extension|hip_extension|local_trunk_erectness,1.37467146,0.246277913,0.167570487,1.6765548,1.60588562,0.1760075,0.05,0.02,0.2,0.08726646,0.17453292,0.17453292
60,523,5.23,ASCENT,Ascent,false,true,0.048977375,0.0462625623,0.048977375,110,409,425,false,false,NONE,1.06132984,-0.018286448,0.2380966,-0.0312471371,true,true,8,true,true,0.00383720035,0.00359526137,0.204632074,0.08536794,0.183755934,0.174854353,0.8138206,left_forearm,true,0.00130701577,0,0.0884353742,0.188511461,false,false,bar_height|bar_linear_stillness|knee_extension|hip_extension|local_trunk_erectness,1.37467146,0.240833476,0.1684951,1.671006,1.60037208,0.1757727,0.05,0.02,0.2,0.08726646,0.17453292,0.17453292
60,524,5.24,ASCENT,Ascent,false,true,0.0507825,0.0481178761,0.0507825,110,409,425,false,false,NONE,1.06357861,-0.0181316137,0.231546059,-0.0314046443,true,true,8,true,true,0.00378972478,0.00352787413,0.204752922,0.08524711,0.183632553,0.174977735,0.8138249,left_forearm,true,0.0012958023,0,0.0878058,0.188845828,false,false,bar_height|bar_linear_stillness|knee_extension|hip_extension|local_trunk_erectness,1.37467146,0.234368473,0.1691319,1.66568339,1.5950737,0.175543025,0.05,0.02,0.2,0.08726646,0.17453292,0.17453292
60,525,5.25,ASCENT,Ascent,false,true,0.0525185466,0.04990542,0.0525185466,110,409,425,false,false,NONE,1.06575167,-0.01798409,0.223895967,-0.03153225,true,true,8,true,true,0.00376624661,0.003494924,0.204874218,0.0851258039,0.183510154,0.175100133,0.81383276,left_forearm,true,0.00128291058,0,0.08705978,0.189169079,false,false,bar_height|bar_linear_stillness|knee_extension|hip_extension|local_trunk_erectness,1.37467146,0.22681956,0.1692754,1.660552,1.58997965,0.1753185,0.05,0.02,0.2,0.08726646,0.17453292,0.17453292
60,526,5.26,ASCENT,Ascent,false,true,0.05418527,0.05162376,0.05418527,110,409,425,false,false,NONE,1.06783891,-0.017841788,0.215249434,-0.03163505,true,true,8,true,true,0.00373590039,0.00346005149,0.204996347,0.08500368,0.1833887,0.175221592,0.8138437,left_forearm,true,0.00126989593,0,0.0863010958,0.189524978,false,false,bar_height|bar_linear_stillness|knee_extension|hip_extension|local_trunk_erectness,1.37467146,0.218292058,0.1687896,1.65562069,1.58508587,0.17510049,0.05,0.02,0.2,0.08726646,0.17453292,0.17453292
60,527,5.2700000000000005,ASCENT,Ascent,false,true,0.0557810068,0.05327058,0.0557810068,110,409,425,false,false,NONE,1.0698303,-0.0177035015,0.2055949,-0.0316653177,true,true,8,true,true,0.00370102259,0.00341932755,0.20511958,0.084880434,0.183268085,0.1753422,0.8138574,left_forearm,true,0.00125655066,0,0.08553023,0.189950973,false,false,bar_height|bar_linear_stillness|knee_extension|hip_extension|local_trunk_erectness,1.37467146,0.2087711,0.167553827,1.65092111,1.5804292,0.174890414,0.05,0.02,0.2,0.08726646,0.17453292,0.17453292
60,528,5.28,ASCENT,Ascent,false,true,0.0572975874,0.054838,0.0572975874,110,409,425,false,false,NONE,1.07171893,-0.0175671075,0.195274308,-0.03166572,true,true,8,true,true,0.0036696163,0.00338982721,0.205244288,0.08475573,0.183148324,0.175461963,0.8138722,left_forearm,true,0.00124511076,0,0.0848795846,0.190558925,false,false,bar_height|bar_linear_stillness|knee_extension|hip_extension|local_trunk_erectness,1.37467146,0.19860357,0.165309787,1.64644778,1.57597136,0.17468828,0.05,0.02,0.2,0.08726646,0.17453292,0.17453292
60,529,5.29,ASCENT,Ascent,false,true,0.05873698,0.0563266873,0.05873698,110,409,425,false,false,NONE,1.07350016,-0.017429458,0.184516579,-0.03164019,true,true,8,true,true,0.00364174531,0.00336446823,0.205370784,0.0846292451,0.183029339,0.175580949,0.813887239,left_forearm,true,0.001236179,0,0.0843919963,0.191342115,false,false,bar_height|bar_linear_stillness|knee_extension|hip_extension,1.37467146,0.188019291,0.162134171,1.64222181,1.57171476,0.174502328,0.05,0.02,0.2,0.08726646,0.17453292,0.17453292
60,530,5.3,ASCENT,Ascent,false,true,0.0600958467,0.0577325225,0.0600958467,110,409,425,false,false,NONE,1.07516146,-0.0172991529,0.172378063,-0.03146102,true,true,8,true,true,0.00361403986,0.00330392364,0.205499172,0.08450086,0.1829111,0.175699189,0.8139051,left_forearm,true,0.001223126,0,0.08365222,0.19202961,false,false,bar_height|bar_linear_stillness|knee_extension|hip_extension,1.37467146,0.176077411,0.158407,1.63838291,1.567873,0.174320281,0.05,0.02,0.2,0.08726646,0.17453292,0.17453292
60,531,5.3100000000000005,ASCENT,Ascent,false,true,0.0613307953,0.059016943,0.0613307953,110,409,425,false,false,NONE,1.07669818,-0.0171693284,0.159948766,-0.03128342,true,true,8,true,true,0.00360306213,0.00331074,0.20563,0.08437002,0.182793543,0.175816745,0.8139231,left_forearm,true,0.00121397956,0,0.08315196,0.1930273,false,false,bar_height|bar_linear_stillness|knee_extension|hip_extension,1.37467146,0.1638812,0.153333083,1.63473427,1.56419432,0.174158618,0.05,0.02,0.2,0.08726646,0.17453292,0.17453292
60,532,5.32,ASCENT,Ascent,false,true,0.06248963,0.0602214932,0.06248963,110,409,425,false,false,NONE,1.07811248,-0.0170324575,0.147721872,-0.0310947783,true,true,8,true,true,0.00357120647,0.003289033,0.205763876,0.084236145,0.182676658,0.175933629,0.813938,left_forearm,true,0.00120996509,0,0.08298814,0.194300115,false,false,bar_height|bar_linear_stillness|knee_extension|hip_extension,1.37467146,0.151916891,0.1471884,1.63134956,1.5606935,0.174016,0.05,0.02,0.2,0.08726646,0.17453292,0.17453292
60,533,5.33,ASCENT,Ascent,false,true,0.0635668039,0.06134045,0.0635668039,110,409,425,false,false,NONE,1.07938945,-0.01690469,0.133794576,-0.03067188,true,true,8,true,true,0.00354652642,0.00320502976,0.20590055,0.0840994641,0.182560429,0.176049858,0.813956261,left_forearm,true,0.00119804486,0,0.08233245,0.1952843,false,false,bar_height|bar_linear_stillness|knee_extension|hip_extension,1.37467146,0.138302281,0.140794635,1.62849474,1.55777478,0.173881516,0.05,0.02,0.2,0.08726646,0.17453292,0.17453292
60,534,5.34,ASCENT,Ascent,false,true,0.06448096,0.0623014569,0.06448096,110,409,425,false,false,NONE,1.08052814,-0.0167759862,0.120062158,-0.03029293,true,true,8,true,true,0.003558001,0.003250413,0.20604071,0.08395931,0.182444766,0.176165521,0.813973069,left_forearm,true,0.00119225844,0,0.08204709,0.196689,false,false,bar_height|bar_linear_stillness|knee_extension|hip_extension,1.37467146,0.124956064,0.132892758,1.62576592,1.5549624,0.173773021,0.05,0.02,0.2,0.08726646,0.17453292,0.17453292
60,535,5.3500000000000005,ASCENT,Ascent,false,true,0.06532717,0.063188374,0.06532717,110,409,425,false,false,NONE,1.08153832,-0.0166341122,0.10729304,-0.0299301427,true,true,8,true,true,0.003522692,0.00323332148,0.206185013,0.08381501,0.182329729,0.176280558,0.8139833,left_forearm,true,0.00119482726,0,0.08231472,0.198439419,false,false,bar_height|bar_linear_stillness|knee_extension|hip_extension,1.37467146,0.112624615,0.123983964,1.62329233,1.55228281,0.17368646,0.05,0.02,0.2,0.08726646,0.17453292,0.17453292
60,536,5.36,ASCENT,Ascent,false,true,0.066098094,0.06399429,0.066098094,110,409,425,false,false,NONE,1.08243239,-0.0164797567,0.09575338,-0.0295550581,true,true,8,true,true,0.00352548645,0.003237884,0.206333488,0.0836665258,0.182215378,0.17639491,0.8139857,left_forearm,true,0.00120349764,0,0.0829916745,0.2004619,false,false,bar_height|bar_linear_stillness|knee_extension|hip_extension,1.37467146,0.101556845,0.114440367,1.621086,1.54974973,0.173630089,0.05,0.02,0.2,0.08726646,0.17453292,0.17453292
60,537,5.37,ASCENT,Ascent,false,true,0.06678897,0.06471515,0.06678897,110,409,425,false,false,NONE,1.08319736,-0.0163327251,0.082620196,-0.02888572,true,true,8,true,true,0.00353643787,0.00315723312,0.206485569,0.08351445,0.182101712,0.176508576,0.813991249,left_forearm,true,0.00119963975,0,0.08287705,0.201911747,false,false,bar_height|bar_linear_stillness|knee_extension|hip_extension,1.37467146,0.08903505,0.105510391,1.619473,1.54790115,0.173581973,0.05,0.02,0.2,0.08726646,0.17453292,0.17453292
60,538,5.38,ASCENT,Ascent,false,true,0.06729674,0.06526101,0.06729674,110,409,425,false,false,NONE,1.08383751,-0.016183706,0.0703053,-0.0282969065,true,true,8,true,true,0.00358046545,0.00323837274,0.206641942,0.08335808,0.181988657,0.176621631,0.813993335,left_forearm,true,0.00120200054,0,0.08312654,0.20376052,false,false,bar_height|bar_linear_stillness|knee_extension|hip_extension,1.37467146,0.07749492,0.0954759,1.617882,1.54607773,0.1735627,0.05,0.02,0.2,0.08726646,0.17453292,0.17453292
60,539,5.39,ASCENT,Ascent,false,true,0.06775749,0.06575227,0.06775749,110,409,425,false,false,NONE,1.08437026,-0.0160171781,0.0597124845,-0.0277574454,true,true,8,true,true,0.0035525444,0.003227951,0.2068032,0.08319683,0.181876346,0.176733941,0.813986361,left_forearm,true,0.00121377537,0,0.08399566,0.205916032,false,false,bar_height|bar_linear_stillness|knee_extension|hip_extension,1.37467146,0.0677687749,0.0850214139,1.61647713,1.54431081,0.17356959,0.05,0.02,0.2,0.08726646,0.17453292,0.17453292
60,540,5.4,ASCENT,Ascent,false,true,0.0681648254,0.0661839843,0.0681648254,110,409,425,false,false,NONE,1.08478069,-0.0158576537,0.0471808426,-0.0268630013,true,true,8,true,true,0.00354949757,0.003112546,0.206968129,0.0830319,0.1817648,0.176845491,0.8139839,left_forearm,true,0.00120947778,0,0.08384594,0.207325637,false,false,bar_height|bar_linear_stillness|knee_extension|hip_extension,1.37467146,0.0565607473,0.0756217,1.61574209,1.54334569,0.173576459,0.05,0.02,0.2,0.08726646,0.17453292,0.17453292
60,541,5.41,ASCENT,Ascent,false,true,0.06837195,0.06642586,0.06837195,110,409,425,false,false,NONE,1.08507657,-0.0156959053,0.0359721966,-0.0261191633,true,true,8,true,true,0.003609463,0.00323007372,0.207137257,0.0828627646,0.181653932,0.176956356,0.8139773,left_forearm,true,0.001214575,0,0.0842568,0.209232926,false,false,bar_height|bar_linear_stillness|knee_extension|hip_extension,1.37467146,0.0471441522,0.0653877556,1.61489666,1.54229665,0.173612222,0.05,0.02,0.2,0.08726646,0.17453292,0.17453292
60,542,5.42,ASCENT,Ascent,false,true,0.06856066,0.0666392446,0.06856066,110,409,425,false,false,NONE,1.0852834,-0.0155117009,0.0272703618,-0.0254737865,true,true,8,true,true,0.00357783213,0.00322738569,0.2073112,0.08268882,0.181543916,0.177066371,0.8139591,left_forearm,true,0.00123242068,0,0.0855099857,0.211518064,false,false,bar_height|bar_linear_stillness|knee_extension|hip_extension,1.37467146,0.04041286,0.05534012,1.61416471,1.5412066,0.173671335,0.05,0.02,0.2,0.08726646,0.17453292,0.17453292
60,543,5.43,ASCENT,Ascent,false,true,0.06872201,0.066817224,0.06872201,110,409,425,false,false,NONE,1.0854038,-0.0153221218,0.0184964538,-0.0246258527,true,true,8,true,true,0.003593954,0.00316339149,0.207488626,0.0825113952,0.181434885,0.1771754,0.813939154,left_forearm,true,0.00124262413,0,0.08629066,0.213282153,false,false,bar_height|bar_linear_stillness|knee_extension|hip_extension,1.37467146,0.0343994,0.0470172949,1.61390436,1.5406363,0.173730433,0.05,0.02,0.2,0.08726646,0.17453292,0.17453292
60,544,5.44,ASCENT,Ascent,false,true,0.06874639,0.06686294,0.06874639,110,409,425,false,false,NONE,1.085456,-0.0151232341,0.0119304359,-0.0239019673,true,true,8,true,true,0.00367501634,0.00327891484,0.207669571,0.08233045,0.181326792,0.1772835,0.8139111,left_forearm,true,0.0012612039,0,0.08758922,0.215469986,false,false,bar_height|bar_linear_stillness|knee_extension|hip_extension,1.37467146,0.0306977443,0.0394907929,1.61352718,1.53993118,0.173816979,0.05,0.02,0.2,0.08726646,0.17453292,0.17453292
60,545,5.45,ASCENT,Ascent,false,true,0.06876874,0.06689811,0.06876874,110,409,425,false,false,NONE,1.08546937,-0.0149016771,0.008275382,-0.0232694913,true,true,8,true,true,0.00369517878,0.0033049765,0.207854211,0.08214582,0.181219831,0.177390456,0.813870668,left_forearm,true,0.00128932111,0,0.0895197242,0.217901662,false,false,bar_height|bar_linear_stillness|knee_extension|hip_extension,1.37467146,0.0288446043,0.0341030173,1.61317325,1.53911674,0.173928186,0.05,0.02,0.2,0.08726646,0.17453292,0.17453292
60,546,5.46,ASCENT,Ascent,false,true,0.06878829,0.0669240355,0.06878829,110,409,425,false,false,NONE,1.0854739,-0.0146599682,0.00758165866,-0.0226963982,true,true,8,true,true,0.003758757,0.0033523622,0.208041757,0.0819582641,0.181114182,0.1774961,0.813818,left_forearm,true,0.00132293964,0,0.09181939,0.2204427,false,false,bar_height|bar_linear_stillness|knee_extension|hip_extension,1.37467146,0.0280628353,0.03159358,1.61282837,1.53820133,0.1740654,0.05,0.02,0.2,0.08726646,0.17453292,0.17453292
60,547,5.47,ASCENT,Ascent,false,true,0.06880754,0.06694502,0.06880754,110,409,425,false,false,NONE,1.08548892,-0.0144045893,0.008703321,-0.022117313,true,true,8,true,true,0.00384081,0.00337894633,0.20823133,0.08176869,0.181009963,0.177600324,0.8137586,left_forearm,true,0.00135300448,0,0.09388618,0.222543076,false,false,bar_height|bar_linear_stillness|knee_extension|hip_extension,1.37467146,0.0277923644,0.03155104,1.61254644,1.53735542,0.1742011,0.05,0.02,0.2,0.08726646,0.17453292,0.17453292
60,548,5.48,ASCENT,Ascent,false,true,0.06880438,0.06694442,0.06880438,110,409,425,false,false,NONE,1.08553612,-0.01413569,0.01210814,-0.0215898734,true,true,8,true,true,0.00393424276,0.00345053454,0.208422452,0.08157756,0.180907249,0.177703038,0.813691556,left_forearm,true,0.00138388237,0,0.09599384,0.224681526,false,false,bar_height|bar_linear_stillness|knee_extension|hip_extension,1.37467146,0.0285052173,0.0329135731,1.612104,1.53634238,0.17435725,0.05,0.02,0.2,0.08726646,0.17453292,0.17453292
60,549,5.49,ASCENT,Ascent,false,true,0.0688342452,0.0669740438,0.0688342452,110,409,425,false,false,NONE,1.08563828,-0.0138507169,0.0177683681,-0.0211243369,true,true,8,true,true,0.00399955036,0.00348664843,0.208614618,0.0813854,0.1808062,0.177804083,0.8136173,left_forearm,true,0.00141487154,0,0.09810184,0.22671631,false,false,bar_height|bar_linear_stillness|knee_extension|hip_extension,1.37467146,0.03088357,0.034725707,1.61151111,1.53515553,0.174526945,0.05,0.02,0.2,0.08726646,0.17453292,0.17453292
60,550,5.5,ASCENT,Ascent,false,true,0.06890702,0.06704515,0.06890702,110,409,425,false,false,NONE,1.08580828,-0.0135562867,0.024600409,-0.0206657071,true,true,8,true,true,0.004059571,0.00349255023,0.208806813,0.0811932161,0.180706933,0.177903354,0.813540936,left_forearm,true,0.0014398949,0,0.09980688,0.228219673,false,false,bar_height|bar_linear_stillness|knee_extension|hip_extension|local_trunk_erectness,1.37467146,0.03487154,0.03574464,1.61083412,1.533959,0.174685538,0.05,0.02,0.2,0.08726646,0.17453292,0.17453292
60,551,5.51,ASCENT,Ascent,false,true,0.0690012,0.067141,0.0690012,110,409,425,false,false,NONE,1.08606172,-0.0132550718,0.03309332,-0.0202761982,true,true,8,true,true,0.00412244024,0.00354550662,0.2089983,0.08100173,0.18060948,0.178000808,0.8134616,left_forearm,true,0.00146405213,0,0.1014391,0.229697153,false,false,bar_height|bar_linear_stillness|knee_extension|hip_extension|local_trunk_erectness,1.37467146,0.0410120562,0.036233332,1.60987031,1.53252864,0.1748481,0.05,0.02,0.2,0.08726646,0.17453292,0.17453292
60,552,5.5200000000000005,ASCENT,Ascent,false,true,0.0691673756,0.06730813,0.0691673756,110,409,425,false,false,NONE,1.08641541,-0.0129459,0.0432457328,-0.0199638344,true,true,8,true,true,0.004162001,0.00356792,0.209188491,0.08081153,0.1805139,0.178096384,0.8133793,left_forearm,true,0.00148770632,0,0.10302598,0.231038064,false,false,bar_height|bar_linear_stillness|knee_extension|hip_extension|local_trunk_erectness,1.37467146,0.04935934,0.0358292162,1.6086396,1.53086007,0.1750105,0.05,0.02,0.2,0.08726646,0.17453292,0.17453292
60,553,5.53,ASCENT,Ascent,false,true,0.06941265,0.0675544739,0.06941265,110,409,425,false,false,NONE,1.08687711,-0.0126371076,0.0540478528,-0.0196761023,true,true,8,true,true,0.00419962546,0.00355702778,0.209376276,0.08062374,0.180420265,0.178190023,0.813298643,left_forearm,true,0.00150527188,0,0.104203828,0.2318837,false,false,bar_height|bar_linear_stillness|knee_extension|hip_extension|local_trunk_erectness,1.37467146,0.0588898621,0.03402041,1.60722387,1.52911723,0.1751482,0.05,0.02,0.2,0.08726646,0.17453292,0.17453292
60,554,5.54,ASCENT,Ascent,false,true,0.06971365,0.06785917,0.06971365,110,409,425,false,false,NONE,1.087457,-0.0123335151,0.0659744143,-0.0194716249,true,true,8,true,true,0.004246464,0.003590399,0.20956099,0.08043904,0.180328488,0.1782818,0.813220561,right_forearm,true,0.00152196607,0,0.105309635,0.232702419,false,false,bar_height|bar_linear_stillness|knee_extension|hip_extension|local_trunk_erectness,1.37467146,0.0698847845,0.03168696,1.60543835,1.52708828,0.175272182,0.05,0.02,0.2,0.08726646,0.17453292,0.17453292
60,555,5.55,ASCENT,Ascent,false,true,0.07011604,0.06826419,0.07011604,110,409,425,false,false,NONE,1.08816659,-0.012031558,0.0790426,-0.01935498,true,true,8,true,true,0.00427194126,0.003597729,0.209742025,0.080258,0.180238575,0.178371713,0.813148558,right_forearm,true,0.00153828179,0,0.10638418,0.23342438,false,false,bar_height|bar_linear_stillness|knee_extension|hip_extension|local_trunk_erectness,1.37467146,0.08226242,0.0289863218,1.6033138,1.52477324,0.1753825,0.05,0.02,0.2,0.08726646,0.17453292,0.17453292
60,556,5.5600000000000005,ASCENT,Ascent,false,true,0.07062292,0.0687738061,0.07062292,110,409,425,false,false,NONE,1.08901608,-0.0117312744,0.09309473,-0.0193212088,true,true,8,true,true,0.00430369936,0.00360809336,0.209918618,0.0800814,0.180150539,0.178459749,0.8130774,right_forearm,true,0.00155350519,0,0.107381366,0.234011188,false,false,bar_height|bar_linear_stillness|knee_extension|hip_extension|local_trunk_erectness,1.37467146,0.09579959,0.026529409,1.60084224,1.52217031,0.175473645,0.05,0.02,0.2,0.08726646,0.17453292,0.17453292
60,557,5.57,ASCENT,Ascent,false,true,0.07123768,0.0693920255,0.07123768,110,409,425,false,false,NONE,1.09000671,-0.0114360005,0.10719125,-0.0193200577,true,true,8,true,true,0.00433116639,0.003593258,0.210089892,0.07991014,0.180064365,0.178545922,0.8130106,right_forearm,true,0.00156276,0,0.107982844,0.234149262,false,false,bar_height|bar_linear_stillness|knee_extension|hip_extension|local_trunk_erectness,1.37467146,0.109517172,0.0255504884,1.59809363,1.51941693,0.176251471,0.05,0.02,0.2,0.08726646,0.17453292,0.17453292
60,558,5.58,ASCENT,Ascent,false,true,0.07193869,0.0701007843,0.07193869,110,409,425,false,false,NONE,1.09114218,-0.0111476649,0.121731132,-0.0194014683,true,true,8,true,true,0.004360728,0.003613398,0.210255325,0.0797447,0.17998001,0.178630278,0.8129474,right_forearm,true,0.00157055573,0,0.108480982,0.234282538,false,false,bar_height|bar_linear_stillness|knee_extension|hip_extension|local_trunk_erectness,1.37467146,0.12377058,0.0275568124,1.59492326,1.51633561,0.176998913,0.05,0.02,0.2,0.08726646,0.17453292,0.17453292
60,559,5.59,ASCENT,Ascent,false,true,0.07276207,0.0709327459,0.07276207,110,409,425,false,false,NONE,1.09242725,-0.0108624361,0.1367254,-0.01956592,true,true,8,true,true,0.004367676,0.00360879558,0.210414544,0.07958548,0.179897487,0.1787128,0.812887,right_forearm,true,0.00157774077,0,0.108939074,0.234364927,false,false,bar_height|bar_linear_stillness|knee_extension|hip_extension|local_trunk_erectness,1.37467146,0.138544768,0.0328245275,1.59137046,1.512932,0.177674711,0.05,0.02,0.2,0.08726646,0.17453292,0.17453292
60,560,5.6000000000000005,ASCENT,Ascent,false,true,0.07370716,0.07188749,0.07370716,110,409,425,false,false,NONE,1.0938592,-0.0105831884,0.15136455,-0.0197597742,true,true,8,true,true,0.004373752,0.00358306826,0.2105668,0.07943322,0.179816782,0.1787935,0.8128323,right_forearm,true,0.00157991692,0,0.109070927,0.234110415,false,false,bar_height|bar_linear_stillness|knee_extension|hip_extension|local_trunk_erectness,1.37467146,0.153015286,0.0412988551,1.587522,1.50934517,0.178193942,0.05,0.02,0.2,0.08726646,0.17453292,0.17453292
60,561,5.61,ASCENT,Ascent,false,true,0.0747487545,0.0729427338,0.0747487545,110,409,425,false,false,NONE,1.09543788,-0.01031043,0.1660712,-0.0200295672,true,true,8,true,true,0.00438977545,0.0035951098,0.210711747,0.07928827,0.179737881,0.1788724,0.812782049,right_forearm,true,0.00158148061,0,0.1091634,0.233917385,false,false,bar_height|bar_linear_stillness|knee_extension|hip_extension|local_trunk_erectness,1.37467146,0.167592168,0.05149904,1.58325028,1.50541437,0.1786315,0.05,0.02,0.2,0.08726646,0.17453292,0.17453292
60,562,5.62,ASCENT,Ascent,false,true,0.07591653,0.07412505,0.07591653,110,409,425,false,false,NONE,1.09716463,-0.0100437254,0.180893987,-0.02037097,true,true,8,true,true,0.004449392,0.003586852,0.210849136,0.0791508853,0.179660708,0.17894958,0.812735,right_forearm,true,0.00158327387,0,0.109276235,0.233737513,false,false,bar_height|bar_linear_stillness|knee_extension|hip_extension|local_trunk_erectness,1.37467146,0.182314262,0.06299255,1.57860053,1.501148,0.178986669,0.05,0.02,0.2,0.08726646,0.17453292,0.17453292
60,563,5.63,ASCENT,Ascent,false,true,0.0772047639,0.07543117,0.0772047639,110,409,425,false,false,NONE,1.099034,-0.009787002,0.1950872,-0.0207304563,true,true,8,true,true,0.004481747,0.00355576142,0.210978478,0.07902154,0.179585263,0.179025024,0.812694132,right_forearm,true,0.00158066209,0,0.109108061,0.233313739,false,false,bar_height|bar_linear_stillness|knee_extension|hip_extension|local_trunk_erectness,1.37467146,0.1964295,0.0759570152,1.57366347,1.49668372,0.179185286,0.05,0.02,0.2,0.08726646,0.17453292,0.17453292
60,564,5.64,ASCENT,Ascent,false,true,0.0785889,0.0768368244,0.0785889,110,409,425,false,false,NONE,1.10104287,-0.009540701,0.2090528,-0.0211528782,true,true,8,true,true,0.004567173,0.00356099219,0.211099625,0.0789004,0.179511487,0.1790988,0.8126577,right_forearm,true,0.001577797,0,0.108926013,0.232977241,false,false,bar_height|bar_linear_stillness|knee_extension|hip_extension|local_trunk_erectness,1.37467146,0.21033673,0.08937526,1.5683254,1.491875,0.179295838,0.05,0.02,0.2,0.08726646,0.17453292,0.17453292
60,565,5.65,ASCENT,Ascent,false,true,0.0800944,0.07836443,0.0800944,110,409,425,false,false,NONE,1.10318983,-0.009301193,0.222848684,-0.0216329321,true,true,8,true,true,0.0046448,0.00354596879,0.211212546,0.0787874758,0.179439411,0.179170877,0.812624753,right_forearm,true,0.00157528836,0,0.1087772,0.2326772,false,false,bar_height|bar_linear_stillness|knee_extension|hip_extension|local_trunk_erectness,1.37467146,0.224089339,0.10325402,1.56263387,1.486737,0.179322466,0.05,0.02,0.2,0.08726646,0.17453292,0.17453292
60,566,5.66,ASCENT,Ascent,false,true,0.08171576,0.08000839,0.08171576,110,409,425,false,false,NONE,1.10547245,-0.009066682,0.236407,-0.0221594237,true,true,8,true,true,0.00469389325,0.00353289628,0.211317092,0.07868293,0.179369092,0.1792412,0.812595069,right_forearm,true,0.00157278508,0,0.108641274,0.2323906,false,false,bar_height|bar_linear_stillness|knee_extension|hip_extension|local_trunk_erectness,1.37467146,0.237616315,0.117539272,1.55660737,1.481283,0.179258555,0.05,0.02,0.2,0.08726646,0.17453292,0.17453292
60,567,5.67,ASCENT,Ascent,false,true,0.083447516,0.08176309,0.083447516,110,409,425,false,false,NONE,1.10788262,-0.00883536,0.249083519,-0.0226824675,true,true,8,true,true,0.00474449573,0.00350379664,0.211413026,0.078587,0.179300487,0.1793098,0.8125709,right_forearm,true,0.00156623777,0,0.108249962,0.23190853,false,false,bar_height|bar_linear_stillness|knee_extension|hip_extension|local_trunk_erectness,1.37467146,0.250270158,0.132522613,1.55032158,1.47562754,0.179049328,0.05,0.02,0.2,0.08726646,0.17453292,0.17453292
60,568,5.68,ASCENT,Ascent,false,true,0.085265696,0.08360714,0.085265696,110,409,425,false,false,NONE,1.11041439,-0.008607837,0.26122582,-0.02324448,true,true,8,true,true,0.004799088,0.00350113283,0.2115004,0.0784996152,0.1792336,0.179376692,0.812551141,right_forearm,true,0.0015594468,0,0.107849844,0.2315037,false,false,bar_height|bar_linear_stillness|knee_extension|hip_extension|local_trunk_erectness,1.37467146,0.262399167,0.147420824,1.54368579,1.46965253,0.17875576,0.05,0.02,0.2,0.08726646,0.17453292,0.17453292
60,569,5.69,ASCENT,Ascent,false,true,0.08718902,0.0855568051,0.08718902,110,409,425,false,false,NONE,1.11306322,-0.00838101748,0.272901833,-0.0238398183,true,true,8,true,true,0.00480640261,0.003481265,0.211579382,0.07842064,0.179168433,0.179441854,0.812534451,right_forearm,true,0.00155289448,0,0.1074753,0.23113969,false,false,bar_height|bar_linear_stillness|knee_extension|hip_extension|local_trunk_erectness,1.37467146,0.2740693,0.162297353,1.53674674,1.46337569,0.178380072,0.05,0.02,0.2,0.08726646,0.17453292,0.17453292
60,570,5.7,ASCENT,Ascent,false,true,0.08921093,0.0876053,0.08921093,110,409,425,false,false,NONE,1.11581981,-0.00815414451,0.283588439,-0.02441858,true,true,8,true,true,0.00480213435,0.00344703416,0.211649865,0.07835016,0.179105029,0.179505259,0.812522531,right_forearm,true,0.001543499,0,0.106928326,0.230652258,false,false,bar_height|bar_linear_stillness|knee_extension|hip_extension|local_trunk_erectness,1.37467146,0.284754574,0.1773858,1.5295862,1.45690846,0.177872121,0.05,0.02,0.2,0.08726646,0.17453292,0.17453292
60,571,5.71,ASCENT,Ascent,false,true,0.091306746,0.08972973,0.091306746,110,409,425,false,false,NONE,1.11867714,-0.007928349,0.293640137,-0.0250225253,true,true,8,true,true,0.004806294,0.00344249327,0.211712,0.07828802,0.179043353,0.179566935,0.8125141,right_forearm,true,0.00153457164,0,0.106417321,0.230247274,false,false,bar_height|bar_linear_stillness|knee_extension|hip_extension|local_trunk_erectness,1.37467146,0.294810981,0.192117915,1.52212477,1.45014763,0.177296743,0.05,0.02,0.2,0.08726646,0.17453292,0.17453292
60,572,5.72,ASCENT,Ascent,false,true,0.09349173,0.0919430852,0.09349173,110,409,425,false,false,NONE,1.12163,-0.007701508,0.303152561,-0.0256455466,true,true,8,true,true,0.004792864,0.00342289382,0.211766034,0.07823398,0.17898342,0.179626867,0.812507868,right_forearm,true,0.001526486,0,0.105974525,0.2299028,false,false,bar_height|bar_linear_stillness|bar_angular_stillness|knee_extension|hip_extension|local_trunk_erectness,1.37467146,0.304332852,0.206553042,1.51440775,1.443113,0.17665194,0.05,0.02,0.2,0.08726646,0.17453292,0.17453292
60,573,5.73,ASCENT,Ascent,false,true,0.0957576,0.094237566,0.0957576,110,409,425,false,false,NONE,1.12466884,-0.00747387763,0.311675876,-0.026237091,true,true,8,true,true,0.00477342959,0.00339035387,0.211812049,0.07818798,0.178925246,0.179685041,0.8125055,right_forearm,true,0.00151627313,0,0.105405368,0.22948961,false,false,bar_height|bar_linear_stillness|bar_angular_stillness|knee_extension|hip_extension|local_trunk_erectness,1.37467146,0.312867522,0.220860541,1.50651336,1.43590665,0.1759017,0.05,0.02,0.2,0.08726646,0.17453292,0.17453292
60,574,5.74,ASCENT,Ascent,false,true,0.09808147,0.09659159,0.09808147,110,409,425,false,false,NONE,1.12778652,-0.007246411,0.3195362,-0.0268413257,true,true,8,true,true,0.00476257969,0.003384976,0.211850226,0.0781497955,0.178868845,0.179741442,0.8125056,right_forearm,true,0.0015067677,0,0.104887351,0.229162157,false,false,bar_height|bar_linear_stillness|bar_angular_stillness|knee_extension|hip_extension|local_trunk_erectness,1.37467146,0.320743442,0.234663337,1.49836993,1.42844,0.17509231,0.05,0.02,0.2,0.08726646,0.17453292,0.17453292
60,575,5.75,ASCENT,Ascent,false,true,0.100476027,0.09901601,0.100476027,110,409,425,false,false,NONE,1.13097763,-0.007017182,0.3268392,-0.0274520516,true,true,8,true,true,0.00473634154,0.00336594367,0.211880952,0.07811906,0.178814217,0.17979607,0.8125069,right_forearm,true,0.00149810524,0,0.104436837,0.228906929,false,false,bar_height|bar_linear_stillness|bar_angular_stillness|knee_extension|hip_extension,1.37467146,0.328065127,0.2479947,1.49002016,1.4207325,0.17423673,0.05,0.02,0.2,0.08726646,0.17453292,0.17453292
60,576,5.76,ASCENT,Ascent,false,true,0.102933586,0.101503193,0.102933586,110,409,425,false,false,NONE,1.13423669,-0.006785722,0.333589762,-0.02805915,true,true,8,true,true,0.004708489,0.00334926066,0.211904466,0.07809555,0.178761408,0.17984888,0.8125092,right_forearm,true,0.00149028713,0,0.104054332,0.228711158,false,false,bar_height|bar_linear_stillness|bar_angular_stillness|knee_extension|hip_extension,1.37467146,0.3348365,0.260882139,1.48148513,1.41280115,0.173335627,0.05,0.02,0.2,0.08726646,0.17453292,0.17453292
60,577,5.7700000000000005,ASCENT,Ascent,false,true,0.105446935,0.104045689,0.105446935,110,409,425,false,false,NONE,1.13755476,-0.00655197259,0.3394199,-0.0286214165,true,true,8,true,true,0.00468043936,0.00332322461,0.211920932,0.07807909,0.178710416,0.179899871,0.8125137,right_forearm,true,0.001480698,0,0.103565782,0.22848016,false,false,bar_height|bar_linear_stillness|bar_angular_stillness|knee_extension|hip_extension,1.37467146,0.3406875,0.273408741,1.47282267,1.40472817,0.172355041,0.05,0.02,0.2,0.08726646,0.17453292,0.17453292
60,578,5.78,ASCENT,Ascent,false,true,0.1079973,0.10662663,0.1079973,110,409,425,false,false,NONE,1.14092493,-0.0063173566,0.344594121,-0.02918135,true,true,8,true,true,0.004658286,0.00331619848,0.211930692,0.07806933,0.178661257,0.17994903,0.81251967,right_forearm,true,0.00147146266,0,0.103104316,0.2283213,false,false,bar_height|bar_linear_stillness|bar_angular_stillness|knee_extension|hip_extension,1.37467146,0.3458852,0.28535,1.46397746,1.39644539,0.171335444,0.05,0.02,0.2,0.08726646,0.17453292,0.17453292
60,579,5.79,ASCENT,Ascent,false,true,0.110594809,0.109253883,0.110594809,110,409,425,false,false,NONE,1.14434159,-0.00608004769,0.3492058,-0.02973389,true,true,8,true,true,0.004623036,0.003297543,0.211934149,0.07806587,0.178613946,0.179996341,0.8125261,right_forearm,true,0.001463065,0,0.102705732,0.2282308,false,false,bar_height|bar_linear_stillness|bar_angular_stillness|knee_extension|hip_extension,1.37467146,0.350522131,0.296740025,1.454985,1.38797081,0.17028591,0.05,0.02,0.2,0.08726646,0.17453292,0.17453292
60,580,5.8,ASCENT,Ascent,false,true,0.113232493,0.111920893,0.113232493,110,409,425,false,false,NONE,1.14779675,-0.00584050268,0.3529872,-0.0302367751,true,true,8,true,true,0.00458540162,0.003271826,0.2119315,0.0780685246,0.178568512,0.180041775,0.8125335,right_forearm,true,0.00145385333,0,0.102265075,0.228159592,false,false,bar_height|bar_linear_stillness|bar_angular_stillness|knee_extension|hip_extension,1.37467146,0.354328,0.3075695,1.44590247,1.37937737,0.16917628,0.05,0.02,0.2,0.08726646,0.17453292,0.17453292
60,581,5.8100000000000005,ASCENT,Ascent,false,true,0.115893483,0.114611745,0.115893483,110,409,425,false,false,NONE,1.1512841,-0.005599284,0.3561839,-0.0307337027,true,true,8,true,true,0.00455667172,0.00326516479,0.211923063,0.07807696,0.178524941,0.180085346,0.8125415,right_forearm,true,0.00144534861,0,0.10187193,0.228163853,false,false,bar_height|bar_linear_stillness|bar_angular_stillness|knee_extension|hip_extension,1.37467146,0.357551217,0.3178007,1.43668234,1.37061012,0.168046564,0.05,0.02,0.2,0.08726646,0.17453292,0.17453292
60,582,5.82,ASCENT,Ascent,false,true,0.118585348,0.117332578,0.118585348,110,409,425,false,false,NONE,1.154799,-0.00535561936,0.358902842,-0.0312187839,true,true,8,true,true,0.004518748,0.00324897375,0.211909264,0.07809076,0.178483278,0.18012701,0.8125491,right_forearm,true,0.00143804192,0,0.101566292,0.228253424,false,false,bar_height|bar_linear_stillness|bar_angular_stillness|knee_extension|hip_extension,1.37467146,0.360297859,0.327446878,1.42735624,1.36168611,0.166902065,0.05,0.02,0.2,0.08726646,0.17453292,0.17453292
60,583,5.83,ASCENT,Ascent,false,true,0.121301949,0.120077193,0.121301949,110,409,425,false,false,NONE,1.15833473,-0.005109164,0.3609244,-0.03165204,true,true,8,true,true,0.00448034145,0.00322870212,0.21189031,0.07810972,0.178443521,0.180166766,0.8125568,right_forearm,true,0.00143003906,0,0.101224117,0.22839646,false,false,bar_height|bar_linear_stillness|bar_angular_stillness|knee_extension|hip_extension,1.37467146,0.362345666,0.336459935,1.41797149,1.35266542,0.165716559,0.05,0.02,0.2,0.08726646,0.17453292,0.17453292
60,584,5.84,ASCENT,Ascent,false,true,0.1240294,0.122832954,0.1240294,110,409,425,false,false,NONE,1.1618861,-0.004861042,0.362462521,-0.03207819,true,true,8,true,true,0.004450258,0.00322307576,0.211866513,0.07813351,0.178405687,0.1802046,0.812564254,right_forearm,true,0.00142298185,0,0.100945033,0.228613,false,false,bar_height|bar_linear_stillness|bar_angular_stillness|knee_extension|hip_extension,1.37467146,0.3639117,0.344918668,1.40849066,1.343506,0.16452834,0.05,0.02,0.2,0.08726646,0.17453292,0.17453292
60,585,5.8500000000000005,ASCENT,Ascent,false,true,0.126773357,0.125604033,0.126773357,110,409,425,false,false,NONE,1.16544914,-0.00461056828,0.3636066,-0.03249065,true,true,8,true,true,0.004412952,0.00321097579,0.2118383,0.0781617239,0.178369775,0.180240512,0.812570453,right_forearm,true,0.00141699973,0,0.100742638,0.2289047,false,false,bar_height|bar_linear_stillness|bar_angular_stillness|knee_extension|hip_extension,1.37467146,0.365084469,0.352862418,1.39893675,1.33422279,0.163332939,0.05,0.02,0.2,0.08726646,0.17453292,0.17453292
60,586,5.86,ASCENT,Ascent,false,true,0.129529059,0.1283859,0.129529059,110,409,425,false,false,NONE,1.1690203,-0.00435763365,0.364396185,-0.0328840651,true,true,8,true,true,0.004376884,0.003200205,0.21180588,0.07819414,0.178335831,0.180274457,0.81257534,right_forearm,true,0.001411859,0,0.10060294,0.229283556,false,false,bar_height|bar_linear_stillness|bar_angular_stillness|knee_extension|hip_extension,1.37467146,0.3659029,0.360280931,1.38932371,1.32482946,0.162134647,0.05,0.02,0.2,0.08726646,0.17453292,0.17453292
60,587,5.87,ASCENT,Ascent,false,true,0.132292032,0.131174147,0.132292032,110,409,425,false,false,NONE,1.17259467,-0.004102277,0.364678681,-0.0332272947,true,true,8,true,true,0.004343337,0.00318636117,0.211769521,0.07823049,0.178303853,0.180306435,0.8125795,right_forearm,true,0.001406496,0,0.100456223,0.22974214,false,false,bar_height|bar_linear_stillness|bar_angular_stillness|knee_extension|hip_extension,1.37467146,0.366212279,0.3670823,1.3796829,1.3153646,0.161137924,0.05,0.02,0.2,0.08726646,0.17453292,0.17453292
60,588,5.88,ASCENT,Ascent,false,true,0.135052979,0.133960128,0.135052979,110,409,425,false,false,NONE,1.17616844,-0.003845666,0.364597172,-0.0335615575,true,true,8,true,true,0.00431570224,0.003182593,0.211729527,0.0782704949,0.178273827,0.18033646,0.8125825,right_forearm,true,0.0014014811,0,0.100330122,0.230254278,false,false,bar_height|bar_linear_stillness|bar_angular_stillness|knee_extension|hip_extension,1.37467146,0.366158783,0.373467267,1.36998653,1.30580354,0.160328642,0.05,0.02,0.2,0.08726646,0.17453292,0.17453292
60,589,5.89,ASCENT,Ascent,false,true,0.137815535,0.136747,0.137815535,110,409,425,false,false,NONE,1.17973864,-0.00358733721,0.364213884,-0.0338818841,true,true,8,true,true,0.004282116,0.00317285745,0.211686209,0.07831381,0.1782458,0.18036449,0.812584043,right_forearm,true,0.00139730109,0,0.100262851,0.230827868,false,false,bar_height|bar_linear_stillness|bar_angular_stillness|knee_extension|hip_extension,1.37467146,0.365804046,0.379446238,1.36025107,1.29615748,0.159516752,0.05,0.02,0.2,0.08726646,0.17453292,0.17453292
60,590,5.9,ASCENT,Ascent,false,true,0.14057678,0.139531553,0.14057678,110,409,425,false,false,NONE,1.18330157,-0.003327516,0.363462865,-0.03415827,true,true,8,true,true,0.004248528,0.00316122477,0.211639732,0.07836028,0.178219736,0.180390552,0.8125842,right_forearm,true,0.00139313634,0,0.100203536,0.2315043,false,false,bar_height|bar_linear_stillness|bar_angular_stillness|knee_extension|hip_extension,1.37467146,0.3650796,0.38481003,1.350502,1.28645229,0.158702239,0.05,0.02,0.2,0.08726646,0.17453292,0.17453292
60,591,5.91,ASCENT,Ascent,false,true,0.143329859,0.1423074,0.143329859,110,409,425,false,false,NONE,1.18685448,-0.00306685525,0.362444669,-0.03443004,true,true,8,true,true,0.00422207452,0.00315764383,0.211590379,0.0784096345,0.178195655,0.180414632,0.8125829,right_forearm,true,0.00138967694,0,0.100189365,0.232218429,false,false,bar_height|bar_linear_stillness|bar_angular_stillness|knee_extension|hip_extension,1.37467146,0.364089221,0.3898844,1.34072173,1.27667749,0.157882,0.05,0.02,0.2,0.08726646,0.17453292,0.17453292
60,592,5.92,ASCENT,Ascent,false,true,0.146076441,0.1450758,0.146076441,110,409,425,false,false,NONE,1.19039512,-0.00280534988,0.361210048,-0.0346913338,true,true,8,true,true,0.00419163425,0.00315137813,0.211538374,0.07846165,0.178173587,0.1804367,0.8125798,right_forearm,true,0.0013869307,0,0.100224495,0.232981622,false,false,bar_height|bar_linear_stillness|bar_angular_stillness|knee_extension|hip_extension,1.37467146,0.362882972,0.394663066,1.33092082,1.26684082,0.157055989,0.05,0.02,0.2,0.08726646,0.17453292,0.17453292
60,593,5.93,ASCENT,Ascent,false,true,0.148814678,0.147834837,0.148814678,110,409,425,false,false,NONE,1.19392145,-0.00254328432,0.359752774,-0.034914393,true,true,8,true,true,0.00416215044,0.00314368517,0.2114839,0.0785161257,0.1781535,0.180456787,0.812574863,right_forearm,true,0.00138432,0,0.100275867,0.233865172,false,false,bar_height|bar_linear_stillness|bar_angular_stillness|knee_extension|hip_extension,1.37467146,0.361451983,0.398865551,1.32111418,1.2569536,0.1562363,0.05,0.02,0.2,0.08726646,0.17453292,0.17453292
60,594,5.94,ASCENT,Ascent,false,true,0.1515404,0.150580823,0.1515404,110,409,425,false,false,NONE,1.19743145,-0.002281224,0.3581074,-0.0351369381,true,true,8,true,true,0.00413898565,0.00314107863,0.2114271,0.07857292,0.17813541,0.180474877,0.8125683,right_forearm,true,0.001382293,0,0.100363038,0.234749839,false,false,bar_height|bar_linear_stillness|bar_angular_stillness|knee_extension|hip_extension,1.37467146,0.359834284,0.402938366,1.31129444,1.24701834,0.155410767,0.05,0.02,0.2,0.08726646,0.17453292,0.17453292
60,595,5.95,ASCENT,Ascent,false,true,0.154253542,0.153313458,0.154253542,110,409,425,false,false,NONE,1.20092356,-0.00201900466,0.3563153,-0.0353530869,true,true,8,true,true,0.00411024364,0.003137167,0.2113682,0.07863182,0.1781193,0.180490986,0.812559843,right_forearm,true,0.00138074334,0,0.100484118,0.235668376,false,false,bar_height|bar_linear_stillness|bar_angular_stillness|knee_extension|hip_extension,1.37467146,0.358070552,0.406836361,1.30146658,1.2370404,0.154580861,0.05,0.02,0.2,0.08726646,0.17453292,0.17453292
60,596,5.96,ASCENT,Ascent,false,true,0.156953216,0.156031847,0.156953216,110,409,425,false,false,NONE,1.20439661,-0.00175681082,0.35439238,-0.0355575643,true,true,8,true,true,0.004072347,0.00313395285,0.211307347,0.07869268,0.1781052,0.180505082,0.812549651,right_forearm,true,0.00137954974,0,0.1006296,0.23662886,false,false,bar_height|bar_linear_stillness|bar_angular_stillness|knee_extension|hip_extension,1.37467146,0.356176049,0.410525084,1.29163468,1.227026,0.153747991,0.05,0.02,0.2,0.08726646,0.17453292,0.17453292
60,597,5.97,ASCENT,Ascent,false,true,0.15963769,0.158734262,0.15963769,110,409,425,false,false,NONE,1.20784962,-0.00149549043,0.352380753,-0.0357347429,true,true,8,true,true,0.0040372056,0.00313044828,0.211244613,0.0787554,0.178093076,0.180517212,0.8125372,right_forearm,true,0.00137872575,0,0.100806028,0.237706512,false,false,bar_height|bar_linear_stillness|bar_angular_stillness|knee_extension|hip_extension,1.37467146,0.354191184,0.4137479,1.28180122,1.21696961,0.152919963,0.05,0.02,0.2,0.08726646,0.17453292,0.17453292
60,598,5.98,ASCENT,Ascent,false,true,0.162306964,0.1614207,0.162306964,110,409,425,false,false,NONE,1.21128142,-0.00123455655,0.350256771,-0.03591446,true,true,8,true,true,0.00400980935,0.003129027,0.211180165,0.078819856,0.178082928,0.180527359,0.812523365,right_forearm,true,0.00137824682,0,0.101001635,0.238756254,false,false,bar_height|bar_linear_stillness|bar_angular_stillness|knee_extension|hip_extension,1.37467146,0.352095425,0.416997939,1.27196908,1.20688581,0.15208745,0.05,0.02,0.2,0.08726646,0.17453292,0.17453292
60,599,5.99,ASCENT,Ascent,false,true,0.164958954,0.164089262,0.164958954,110,409,425,false,false,NONE,1.214691,-0.000974758761,0.348036766,-0.036090184,true,true,8,true,true,0.003977343,0.00312759541,0.211114064,0.07888596,0.178074762,0.180535525,0.812507749,right_forearm,true,0.001378008,0,0.101214945,0.239814058,false,false,bar_height|bar_linear_stillness|bar_angular_stillness|knee_extension|hip_extension,1.37467146,0.349904329,0.42017433,1.26213825,1.19677937,0.151250347,0.05,0.02,0.2,0.08726646,0.17453292,0.17453292
60,600,6,ASCENT,Ascent,false,true,0.167592943,0.166739225,0.167592943,110,409,425,false,false,NONE,1.21807849,-0.0007168312,0.345816165,-0.03624692,true,true,8,true,true,0.00394397462,0.0031269677,0.211046427,0.07895359,0.178068534,0.180541754,0.812489867,right_forearm,true,0.00137825182,0,0.1014648,0.24098748,false,false,bar_height|bar_linear_stillness|bar_angular_stillness|knee_extension|hip_extension,1.37467146,0.347711325,0.422969937,1.25230038,1.18662763,0.150419727,0.05,0.02,0.2,0.08726646,0.17453292,0.17453292
60,601,6.01,ASCENT,Ascent,false,true,0.170211792,0.169373333,0.170211792,110,409,425,false,false,NONE,1.221443,-0.000460394454,0.3435206,-0.0364088379,true,true,8,true,true,0.003918065,0.00312473672,0.210977331,0.07902269,0.178064257,0.180546016,0.812470436,right_forearm,true,0.00137848756,0,0.101710729,0.242110565,false,false,bar_height|bar_linear_stillness|bar_angular_stillness|knee_extension|hip_extension,1.37467146,0.345444977,0.4259018,1.24247253,1.17646229,0.1495845,0.05,0.02,0.2,0.08726646,0.17453292,0.17453292
60,602,6.0200000000000005,ASCENT,Ascent,false,true,0.172810853,0.171987474,0.172810853,110,409,425,false,false,NONE,1.2247839,-0.000206310622,0.341137767,-0.0365684666,true,true,8,true,true,0.00388542237,0.00312541449,0.210906819,0.0790932,0.178061932,0.180548355,0.8124499,right_forearm,true,0.00137860177,0,0.101946808,0.243215859,false,false,bar_height|bar_linear_stillness|bar_angular_stillness|knee_extension|hip_extension,1.37467146,0.343092233,0.428862065,1.23264933,1.16628528,0.148744583,0.05,0.02,0.2,0.08726646,0.17453292,0.17453292
60,603,6.03,ASCENT,Ascent,false,true,0.175390482,0.174581349,0.175390482,110,409,425,false,false,NONE,1.22810161,4.48525825E-05,0.338835478,-0.0367172062,true,true,8,true,true,0.003866547,0.003126282,0.21083495,0.07916507,0.178061515,0.180548772,0.8124269,right_forearm,true,0.00137967663,0,0.102254637,0.244442314,false,false,bar_height|bar_linear_stillness|bar_angular_stillness|knee_extension|hip_extension,1.37467146,0.340819061,0.431460053,1.22281122,1.15605724,0.147909582,0.05,0.02,0.2,0.08726646,0.17453292,0.17453292
60,604,6.04,ASCENT,Ascent,false,true,0.177955866,0.177160323,0.177955866,110,409,425,false,false,NONE,1.23139572,0.00029381612,0.336470068,-0.036872,true,true,8,true,true,0.00385265867,0.00312340213,0.210761756,0.07923826,0.178063,0.180547282,0.812402666,right_forearm,true,0.001380622,0,0.102549061,0.245590851,false,false,bar_height|bar_linear_stillness|bar_angular_stillness|knee_extension|hip_extension,1.37467146,0.338484466,0.434313655,1.21298838,1.14582634,0.147068232,0.05,0.02,0.2,0.08726646,0.17453292,0.17453292
60,605,6.05,ASCENT,Ascent,false,true,0.18050015,0.1797179,0.18050015,110,409,425,false,false,NONE,1.23466539,0.00054006296,0.334013671,-0.03702461,true,true,8,true,true,0.00383647322,0.00312552461,0.21068725,0.0793127641,0.1780664,0.180543885,0.812479138,right_upper_arm,true,0.00138108991,0,0.10280855,0.2467052,false,false,bar_height|bar_linear_stillness|bar_angular_stillness|knee_extension|hip_extension,1.37467146,0.3360599,0.437243879,1.20317161,1.13559318,0.146218777,0.05,0.02,0.2,0.08726646,0.17453292,0.17453292
60,606,6.0600000000000005,ASCENT,Ascent,false,true,0.183023691,0.182254434,0.183023691,110,409,425,false,false,NONE,1.23790944,0.0007838726,0.3314516,-0.0371708162,true,true,8,true,true,0.003822189,0.00312603777,0.210611492,0.07938852,0.1780717,0.1805386,0.8127121,right_upper_arm,true,0.001381199,0,0.103041239,0.24780868,false,false,bar_height|bar_linear_stillness|bar_angular_stillness|knee_extension|hip_extension,1.37467146,0.333530277,0.440171838,1.193359,1.12535644,0.145362735,0.05,0.02,0.2,0.08726646,0.17453292,0.17453292
60,607,6.07,ASCENT,Ascent,false,true,0.185526967,0.184770286,0.185526967,110,409,425,false,false,NONE,1.241129,0.0010242319,0.329012632,-0.0373163149,true,true,8,true,true,0.00380156352,0.00312618935,0.210534543,0.07946547,0.178078845,0.180531442,0.812949538,right_upper_arm,true,0.00138262322,0,0.103370816,0.249036729,false,false,bar_height|bar_linear_stillness|bar_angular_stillness|knee_extension|hip_extension,1.37467146,0.33112365,0.442774773,1.18352568,1.11506534,0.144511536,0.05,0.02,0.2,0.08726646,0.17453292,0.17453292
60,608,6.08,ASCENT,Ascent,false,true,0.188016832,0.1872719,0.188016832,110,409,425,false,false,NONE,1.24432361,0.00126239192,0.326510578,-0.0374658778,true,true,8,true,true,0.00378834479,0.00312280213,0.210456371,0.07954366,0.17808786,0.180522427,0.813191533,right_upper_arm,true,0.00138368364,0,0.103671417,0.250183851,false,false,bar_height|bar_linear_stillness|bar_angular_stillness|knee_extension|hip_extension,1.37467146,0.3286555,0.445646,1.17371213,1.10478151,0.143653661,0.05,0.02,0.2,0.08726646,0.17453292,0.17453292
60,609,6.09,ASCENT,Ascent,false,true,0.190484464,0.189751387,0.190484464,110,409,425,false,false,NONE,1.24749231,0.00149744912,0.3239072,-0.03761114,true,true,8,true,true,0.00378941349,0.003126738,0.210376918,0.0796231,0.178098708,0.180511579,0.813438,right_upper_arm,true,0.00138414791,0,0.103928156,0.251297534,false,false,bar_height|bar_linear_stillness|bar_angular_stillness|knee_extension|hip_extension,1.37467146,0.326086968,0.4485745,1.16390693,1.09450257,0.142787263,0.05,0.02,0.2,0.08726646,0.17453292,0.17453292
60,610,6.1000000000000005,ASCENT,Ascent,false,true,0.192929983,0.192208886,0.192929983,110,409,425,false,false,NONE,1.25063646,0.00172722,0.321471155,-0.03776293,true,true,8,true,true,0.00378403952,0.00312957983,0.210296333,0.07970369,0.178111359,0.180498928,0.813688159,right_upper_arm,true,0.00138616038,0,0.1042976,0.2525313,false,false,bar_height|bar_linear_stillness|bar_angular_stillness|knee_extension|hip_extension,1.37467146,0.323686153,0.451233476,1.15407062,1.08416021,0.1419257,0.05,0.02,0.2,0.08726646,0.17453292,0.17453292
60,611,6.11,ASCENT,Ascent,false,true,0.195363462,0.19465369,0.195363462,110,409,425,false,false,NONE,1.25375557,0.00195333362,0.3189592,-0.0379166119,true,true,8,true,true,0.00378126884,0.00312518748,0.210214525,0.07978549,0.178125769,0.180484518,0.813942254,right_upper_arm,true,0.00138745666,0,0.104614109,0.253664821,false,false,bar_height|bar_linear_stillness|bar_angular_stillness|knee_extension|hip_extension,1.37467146,0.321210921,0.454209,1.14426053,1.0738337,0.141053781,0.05,0.02,0.2,0.08726646,0.17453292,0.17453292
60,612,6.12,ASCENT,Ascent,false,true,0.197773576,0.197075367,0.197773576,110,409,425,false,false,NONE,1.25684822,0.00217492529,0.31630075,-0.03806099,true,true,8,true,true,0.00378662325,0.00312972278,0.210131481,0.07986854,0.178141922,0.180468366,0.814199,right_upper_arm,true,0.00138779881,0,0.104859821,0.25475347,false,false,bar_height|bar_linear_stillness|bar_angular_stillness|knee_extension|hip_extension,1.37467146,0.318589926,0.4572459,1.13446033,1.06352067,0.14016965,0.05,0.02,0.2,0.08726646,0.17453292,0.17453292
60,613,6.13,ASCENT,Ascent,false,true,0.200160921,0.199474275,0.200160921,110,409,425,false,false,NONE,1.259916,0.002389921,0.313834846,-0.038219355,true,true,8,true,true,0.00378133962,0.00313283736,0.21004732,0.0799527,0.178159773,0.180450514,0.8144591,right_upper_arm,true,0.00138969056,0,0.10521961,0.2559703,false,false,bar_height|bar_linear_stillness|bar_angular_stillness|knee_extension|hip_extension,1.37467146,0.316162527,0.460015684,1.12461782,1.05313325,0.13929534,0.05,0.02,0.2,0.08726646,0.17453292,0.17453292
60,614,6.1400000000000006,ASCENT,Ascent,false,true,0.202538431,0.201862454,0.202538431,110,409,425,false,false,NONE,1.26295817,0.00260192365,0.311259866,-0.038373854,true,true,8,true,true,0.00377828255,0.00312599284,0.209961951,0.08003808,0.1781793,0.180431,0.8147217,right_upper_arm,true,0.00139086321,0,0.105524726,0.257069319,false,false,bar_height|bar_linear_stillness|bar_angular_stillness|knee_extension|hip_extension,1.37467146,0.3136272,0.4631055,1.11480808,1.04277074,0.138405174,0.05,0.02,0.2,0.08726646,0.17453292,0.17453292
60,615,6.15,ASCENT,Ascent,false,true,0.204891622,0.204226553,0.204891622,110,409,425,false,false,NONE,1.26597285,0.002808636,0.3084899,-0.038513802,true,true,8,true,true,0.0037859194,0.00313142361,0.209875345,0.08012468,0.178200454,0.180409834,0.814985633,right_upper_arm,true,0.00139084586,0,0.105741769,0.258122444,false,false,bar_height|bar_linear_stillness|bar_angular_stillness|knee_extension|hip_extension,1.37467146,0.31089744,0.466227531,1.10501122,1.03243077,0.137504056,0.05,0.02,0.2,0.08726646,0.17453292,0.17453292
60,616,6.16,ASCENT,Ascent,false,true,0.207220674,0.206567109,0.207220674,110,409,425,false,false,NONE,1.26895785,0.0030104483,0.305504143,-0.0386391655,true,true,8,true,true,0.00378807378,0.00313250581,0.209787562,0.08021246,0.178223208,0.18038708,0.815251231,right_upper_arm,true,0.00139011291,0,0.105904616,0.259157926,false,false,bar_height|bar_linear_stillness|bar_angular_stillness|knee_extension|hip_extension,1.37467146,0.307952642,0.469246775,1.09522355,1.02210879,0.13659,0.05,0.02,0.2,0.08726646,0.17453292,0.17453292
60,617,6.17,ASCENT,Ascent,false,true,0.209526718,0.208884358,0.209526718,110,409,425,false,false,NONE,1.2719146,0.00320497667,0.3027066,-0.0387863219,true,true,8,true,true,0.0037774283,0.003131663,0.2096988,0.08030123,0.178247526,0.180362761,0.815519452,right_upper_arm,true,0.00139139872,0,0.106214367,0.260319769,false,false,bar_height|bar_linear_stillness|bar_angular_stillness|knee_extension|hip_extension,1.37467146,0.3051982,0.471999973,1.0853914,1.01170921,0.1356874,0.05,0.02,0.2,0.08726646,0.17453292,0.17453292
60,618,6.18,ASCENT,Ascent,false,true,0.211823285,0.211191177,0.211823285,110,409,425,false,false,NONE,1.27484238,0.003395216,0.299790025,-0.0389244072,true,true,8,true,true,0.00377134024,0.003122141,0.209608883,0.08039113,0.178273365,0.180336922,0.81579,right_upper_arm,true,0.00139197544,0,0.10647279,0.261390418,false,false,bar_height|bar_linear_stillness|bar_angular_stillness|knee_extension|hip_extension,1.37467146,0.3023255,0.4749637,1.07560229,1.00134516,0.134764582,0.05,0.02,0.2,0.08726646,0.17453292,0.17453292
60,619,6.19,ASCENT,Ascent,false,true,0.2140938,0.2134723,0.2140938,110,409,425,false,false,NONE,1.27773917,0.00357982749,0.296667844,-0.0390429124,true,true,8,true,true,0.00377906673,0.00312782312,0.209517851,0.08048217,0.1783007,0.1803096,0.816061556,right_upper_arm,true,0.00139171723,0,0.106667615,0.262438983,false,false,bar_height|bar_linear_stillness|bar_angular_stillness|knee_extension|hip_extension,1.37467146,0.299247354,0.477831542,1.06583583,0.991012633,0.133831844,0.05,0.02,0.2,0.08726646,0.17453292,0.17453292
60,620,6.2,ASCENT,Ascent,false,true,0.216338456,0.215727925,0.216338456,110,409,425,false,false,NONE,1.28060675,0.00375620136,0.293786,-0.03919174,true,true,8,true,true,0.00377215561,0.00313092256,0.209425822,0.0805742,0.178329453,0.180280834,0.8163365,right_upper_arm,true,0.00139359292,0,0.10701777,0.263604343,false,false,bar_height|bar_linear_stillness|bar_angular_stillness|knee_extension|hip_extension,1.37467146,0.2964124,0.4804799,1.05601764,0.98059535,0.132908747,0.05,0.02,0.2,0.08726646,0.17453292,0.17453292
60,621,6.21,ASCENT,Ascent,false,true,0.2185741,0.217973292,0.2185741,110,409,425,false,false,NONE,1.2834444,0.00392873073,0.290764451,-0.0393240079,true,true,8,true,true,0.003767668,0.00312031363,0.209332719,0.0806673,0.178359613,0.180250674,0.8166132,right_upper_arm,true,0.00139440433,0,0.1072902,0.2646696,false,false,bar_height|bar_linear_stillness|bar_angular_stillness|knee_extension|hip_extension,1.37467146,0.293437868,0.4833495,1.04625475,0.970225453,0.131966531,0.05,0.02,0.2,0.08726646,0.17453292,0.17453292
60,622,6.22,ASCENT,Ascent,false,true,0.220781922,0.2201916,0.220781922,110,409,425,false,false,NONE,1.28624952,0.0040938505,0.2874924,-0.039429266,true,true,8,true,true,0.0037783822,0.00312477071,0.209238529,0.0807615,0.178391129,0.180219159,0.816889644,right_upper_arm,true,0.00139402761,0,0.107473291,0.265710622,false,false,bar_height|bar_linear_stillness|bar_angular_stillness|knee_extension|hip_extension,1.37467146,0.2902125,0.4860811,1.0365212,0.959898949,0.131010264,0.05,0.02,0.2,0.08726646,0.17453292,0.17453292
60,623,6.23,ASCENT,Ascent,false,true,0.222962022,0.222382188,0.222962022,110,409,425,false,false,NONE,1.28902423,0.004249057,0.284485847,-0.03957271,true,true,8,true,true,0.00377027621,0.00312652,0.20914343,0.080856584,0.178423926,0.180186361,0.8171695,right_upper_arm,true,0.00139590073,0,0.107820407,0.266867578,false,false,bar_height|bar_linear_stillness|bar_angular_stillness|knee_extension|hip_extension,1.37467146,0.28725642,0.488606423,1.02672684,0.9494778,0.130069,0.05,0.02,0.2,0.08726646,0.17453292,0.17453292
60,624,6.24,ASCENT,Ascent,false,true,0.225134313,0.2245639,0.225134313,110,409,425,false,false,NONE,1.29176748,0.0043983045,0.2813127,-0.0396907777,true,true,8,true,true,0.003763305,0.00310990354,0.209047392,0.08095263,0.17845796,0.180152327,0.8174502,right_upper_arm,true,0.00139671017,0,0.108089231,0.267915428,false,false,bar_height|bar_linear_stillness|bar_angular_stillness|knee_extension|hip_extension,1.37467146,0.284132957,0.491327256,1.0170002,0.939117253,0.1291061,0.05,0.02,0.2,0.08726646,0.17453292,0.17453292
60,625,6.25,ASCENT,Ascent,false,true,0.227277219,0.226716638,0.227277219,110,409,425,false,false,NONE,1.29447627,0.00453963131,0.27784425,-0.0397735648,true,true,8,true,true,0.00377635122,0.003116048,0.208950326,0.0810496956,0.178493157,0.18011713,0.817730069,right_upper_arm,true,0.00139597477,0,0.108240969,0.268947065,false,false,bar_height|bar_linear_stillness|bar_angular_stillness|knee_extension|hip_extension,1.37467146,0.28071332,0.4938252,1.007311,0.9288127,0.128130391,0.05,0.02,0.2,0.08726646,0.17453292,0.17453292
60,626,6.26,ASCENT,Ascent,false,true,0.229390442,0.228840411,0.229390442,110,409,425,false,false,NONE,1.29714739,0.004673199,0.274048567,-0.0398259163,true,true,8,true,true,0.00378117547,0.0031160803,0.20885247,0.08114755,0.178529426,0.180080861,0.8180091,right_upper_arm,true,0.00139416987,0,0.108310387,0.2699671,false,false,bar_height|bar_linear_stillness|bar_angular_stillness|knee_extension|hip_extension,1.37467146,0.276966721,0.4960149,0.9976535,0.9185576,0.12713781,0.05,0.02,0.2,0.08726646,0.17453292,0.17453292
60,627,6.2700000000000005,ASCENT,Ascent,false,true,0.231475472,0.230935931,0.231475472,110,409,425,false,false,NONE,1.29978263,0.004796545,0.270506263,-0.0399284624,true,true,8,true,true,0.00376376929,0.00311127678,0.208754078,0.0812459439,0.178566724,0.180043563,0.8182919,right_upper_arm,true,0.00139519933,0,0.108585663,0.2710828,false,false,bar_height|bar_linear_stillness|bar_angular_stillness|knee_extension|hip_extension,1.37467146,0.2734793,0.4980351,0.987939239,0.908210039,0.12616013,0.05,0.02,0.2,0.08726646,0.17453292,0.17453292
60,628,6.28,ASCENT,Ascent,false,true,0.233551919,0.233021557,0.233551919,110,409,425,false,false,NONE,1.30238128,0.00491305441,0.266819358,-0.0400014855,true,true,8,true,true,0.00375076616,0.00309084449,0.20865503,0.08134499,0.17860499,0.1800053,0.8185769,right_upper_arm,true,0.00139553216,0,0.108812258,0.2721322,false,false,bar_height|bar_linear_stillness|bar_angular_stillness|knee_extension|hip_extension,1.37467146,0.269845933,0.500111759,0.97830987,0.8979364,0.1251653,0.05,0.02,0.2,0.08726646,0.17453292,0.17453292
60,629,6.29,ASCENT,Ascent,false,true,0.235596657,0.2350766,0.235596657,110,409,425,false,false,NONE,1.3049407,0.005020928,0.262869745,-0.04003644,true,true,8,true,true,0.00376307475,0.00309668854,0.208555251,0.08144478,0.178644165,0.179966122,0.818862,right_upper_arm,true,0.0013947956,0,0.108956069,0.273195446,false,false,bar_height|bar_linear_stillness|bar_angular_stillness|knee_extension|hip_extension,1.37467146,0.265948534,0.501836836,0.968733966,0.8877334,0.124150977,0.05,0.02,0.2,0.08726646,0.17453292,0.17453292
60,630,6.3,ASCENT,Ascent,false,true,0.237609446,0.237099528,0.237609446,110,409,425,false,false,NONE,1.30746353,0.00511790672,0.2592581,-0.0401353426,true,true,8,true,true,0.0037524947,0.00309943687,0.208455026,0.0815449953,0.17868416,0.179926127,0.81915164,right_upper_arm,true,0.00139689154,0,0.10930682,0.274337679,false,false,bar_height|bar_linear_stillness|bar_angular_stillness|knee_extension|hip_extension,1.37467146,0.262396246,0.503502965,0.9590982,0.877432346,0.123157367,0.05,0.02,0.2,0.08726646,0.17453292,0.17453292
60,631,6.3100000000000005,ASCENT,Ascent,false,true,0.2396136,0.239112675,0.2396136,110,409,425,false,false,NONE,1.309949,0.00520851323,0.2555005,-0.04019559,true,true,8,true,true,0.00374230254,0.00307939039,0.208354264,0.08164575,0.17872493,0.179885358,0.819443345,right_upper_arm,true,0.00139793684,0,0.109582305,0.275401622,false,false,bar_height|bar_linear_stillness|bar_angular_stillness|knee_extension|hip_extension,1.37467146,0.258695424,0.505237937,0.94956255,0.8672218,0.122140065,0.05,0.02,0.2,0.08726646,0.17453292,0.17453292
60,632,6.32,ASCENT,Ascent,false,true,0.2415837,0.241092682,0.2415837,110,409,425,false,false,NONE,1.31239438,0.005290881,0.251445442,-0.0402088165,true,true,8,true,true,0.00375699042,0.00308910944,0.208252937,0.0817470849,0.178766385,0.1798439,0.819734335,right_upper_arm,true,0.00139720191,0,0.109720878,0.276475728,false,false,bar_height|bar_linear_stillness|bar_angular_stillness|knee_extension|hip_extension,1.37467146,0.254695028,0.5065878,0.940091,0.857095957,0.12111029,0.05,0.02,0.2,0.08726646,0.17453292,0.17453292
60,633,6.33,ASCENT,Ascent,false,true,0.243520021,0.243039548,0.243520021,110,409,425,false,false,NONE,1.31480229,0.005361215,0.24775964,-0.04029737,true,true,8,true,true,0.00374607719,0.003092435,0.20815137,0.08184866,0.178808436,0.179801852,0.8200301,right_upper_arm,true,0.00139952824,0,0.110082641,0.2776054,false,false,bar_height|bar_linear_stillness|bar_angular_stillness|knee_extension|hip_extension,1.37467146,0.251072615,0.507965744,0.9305492,0.846862137,0.1200995,0.05,0.02,0.2,0.08726646,0.17453292,0.17453292
60,634,6.34,ASCENT,Ascent,false,true,0.245448709,0.244977355,0.245448709,110,409,425,false,false,NONE,1.31717193,0.005425502,0.243905991,-0.04033727,true,true,8,true,true,0.00373206823,0.0030686853,0.208049446,0.0819505751,0.178851023,0.179759264,0.82032764,right_upper_arm,true,0.00140069053,0,0.110361241,0.278654426,false,false,bar_height|bar_linear_stillness|bar_angular_stillness|knee_extension|hip_extension,1.37467146,0.247278512,0.509383142,0.921121657,0.8367347,0.119066119,0.05,0.02,0.2,0.08726646,0.17453292,0.17453292
60,635,6.3500000000000005,ASCENT,Ascent,false,true,0.247341931,0.246880949,0.247341931,110,409,425,false,false,NONE,1.31950009,0.00547972973,0.23971805,-0.04032163,true,true,8,true,true,0.00375055941,0.00307907513,0.207947135,0.08205289,0.178894043,0.179716244,0.8206244,right_upper_arm,true,0.00139971834,0,0.110475309,0.279721916,false,false,bar_height|bar_linear_stillness|bar_angular_stillness|knee_extension|hip_extension,1.37467146,0.243147284,0.510318041,0.911768734,0.8267079,0.118015617,0.05,0.02,0.2,0.08726646,0.17453292,0.17453292
60,636,6.36,ASCENT,Ascent,false,true,0.24919945,0.248749435,0.24919945,110,409,425,false,false,NONE,1.32178283,0.005524288,0.235143036,-0.04026025,true,true,8,true,true,0.00375909125,0.00308181625,0.207844764,0.08215525,0.178937376,0.179672912,0.8209195,right_upper_arm,true,0.00139743369,0,0.110483915,0.280792773,false,false,bar_height|bar_linear_stillness|bar_angular_stillness|knee_extension|hip_extension,1.37467146,0.238628685,0.5107364,0.9024814,0.8167717,0.116951615,0.05,0.02,0.2,0.08726646,0.17453292,0.17453292
60,637,6.37,ASCENT,Ascent,false,true,0.251023054,0.250584,0.251023054,110,409,425,false,false,NONE,1.32402277,0.005555946,0.230932489,-0.0402931459,true,true,8,true,true,0.00373551948,0.0030732383,0.207742751,0.08225728,0.178980976,0.179629311,0.82122004,right_upper_arm,true,0.00139880169,0,0.110762045,0.28188163,false,false,bar_height|bar_linear_stillness|bar_angular_stillness|knee_extension|hip_extension,1.37467146,0.234487146,0.5112813,0.893132269,0.806733966,0.115910783,0.05,0.02,0.2,0.08726646,0.17453292,0.17453292
60,638,6.38,ASCENT,Ascent,false,true,0.2528388,0.25240916,0.2528388,110,409,425,false,false,NONE,1.32621968,0.005579747,0.226602346,-0.04027686,true,true,8,true,true,0.0037130448,0.00304304087,0.207640857,0.08235916,0.179024771,0.179585516,0.821523845,right_upper_arm,true,0.00139948551,0,0.110993609,0.2829221,false,false,bar_linear_stillness|bar_angular_stillness|knee_extension|hip_extension,1.37467146,0.2302216,0.511778951,0.8839151,0.7968169,0.114845991,0.05,0.02,0.2,0.08726646,0.17453292,0.17453292
60,639,6.3900000000000006,ASCENT,Ascent,false,true,0.254617929,0.2541988,0.254617929,110,409,425,false,false,NONE,1.328371,0.005592837,0.2220113,-0.0402075946,true,true,8,true,true,0.003729672,0.00305286143,0.207539022,0.082461,0.179068685,0.1795416,0.821828663,right_upper_arm,true,0.00139886641,0,0.111122906,0.284016341,false,false,bar_linear_stillness|bar_angular_stillness|knee_extension|hip_extension,1.37467146,0.225692153,0.5116907,0.874791443,0.787016,0.113769151,0.05,0.02,0.2,0.08726646,0.17453292,0.17453292
60,640,6.4,ASCENT,Ascent,false,true,0.256359637,0.255951345,0.256359637,110,409,425,false,false,NONE,1.33048034,0.00559217157,0.217879087,-0.0402490534,true,true,8,true,true,0.00371742761,0.00305549917,0.207437634,0.08256239,0.1791126,0.179497689,0.8221395,right_upper_arm,true,0.00140177051,0,0.111511134,0.2851071,false,false,bar_linear_stillness|bar_angular_stillness|knee_extension|hip_extension,1.37467146,0.221636087,0.5119044,0.8656017,0.777108431,0.112709552,0.05,0.02,0.2,0.08726646,0.17453292,0.17453292
60,641,6.41,ASCENT,Ascent,false,true,0.2580937,0.257694364,0.2580937,110,409,425,false,false,NONE,1.33254766,0.005585403,0.213644028,-0.04023186,true,true,8,true,true,0.0037017467,0.00302804215,0.207336515,0.0826635,0.179156482,0.1794538,0.8224538,right_upper_arm,true,0.00140340277,0,0.11180862,0.286145,false,false,bar_linear_stillness|bar_angular_stillness|knee_extension|hip_extension,1.37467146,0.217470855,0.512079,0.856561363,0.7673393,0.111633494,0.05,0.02,0.2,0.08726646,0.17453292,0.17453292
60,642,6.42,ASCENT,Ascent,false,true,0.259789467,0.2594002,0.259789467,110,409,425,false,false,NONE,1.33456993,0.005568783,0.2091053,-0.0401506275,true,true,8,true,true,0.00372694945,0.003042964,0.2072356,0.0827644244,0.179200247,0.17941004,0.822768569,right_upper_arm,true,0.00140326028,0,0.111967616,0.287240028,false,false,bar_linear_stillness|bar_angular_stillness|knee_extension|hip_extension,1.37467146,0.212997913,0.5116194,0.847624,0.757702053,0.110540494,0.05,0.02,0.2,0.08726646,0.17453292,0.17453292
60,643,6.43,ASCENT,Ascent,false,true,0.2614463,0.261067867,0.2614463,110,409,425,false,false,NONE,1.3365469,0.00554147456,0.204587132,-0.04002958,true,true,8,true,true,0.00372681255,0.00304307463,0.20713529,0.08286473,0.179243758,0.179366529,0.8230631,right_upper_arm,true,0.00140360137,0,0.112163171,0.288608968,false,false,bar_linear_stillness|bar_angular_stillness|knee_extension|hip_extension,1.37467146,0.2085401,0.509981036,0.838720441,0.748064458,0.109478004,0.05,0.02,0.2,0.08726646,0.17453292,0.17453292
60,644,6.44,ASCENT,Ascent,false,true,0.263079822,0.262711763,0.263079822,110,409,425,false,false,NONE,1.33847582,0.00550615462,0.199761957,-0.03990016,true,true,8,true,true,0.00372189912,0.00303101121,0.20703575,0.08296428,0.179286972,0.179323316,0.823354661,right_upper_arm,true,0.00140249648,0,0.112237349,0.28973037,false,false,bar_linear_stillness|bar_angular_stillness|knee_extension|hip_extension,1.37467146,0.203782186,0.50870806,0.829938531,0.738562763,0.10840071,0.05,0.02,0.2,0.08726646,0.17453292,0.17453292
60,645,6.45,ASCENT,Ascent,false,true,0.264675915,0.264318824,0.264675915,110,409,425,false,false,NONE,1.340354,0.005461038,0.194654644,-0.0397478,true,true,8,true,true,0.00372528541,0.003030251,0.206937149,0.08306287,0.1793298,0.17928049,0.8236509,right_upper_arm,true,0.0014006726,0,0.112250216,0.290778041,false,false,bar_linear_stillness|bar_angular_stillness|knee_extension|hip_extension,1.37467146,0.198746428,0.5072113,0.82126,0.729194164,0.107301496,0.05,0.02,0.2,0.08726646,0.17453292,0.17453292
60,646,6.46,ASCENT,Ascent,false,true,0.2662351,0.265888751,0.2662351,110,409,425,false,false,NONE,1.34217882,0.00540566724,0.18932116,-0.03957346,true,true,8,true,true,0.003720361,0.00302432664,0.206839815,0.08316021,0.179372132,0.179238155,0.8239533,right_upper_arm,true,0.00139860879,0,0.112239927,0.291808963,false,false,bar_linear_stillness|bar_angular_stillness|knee_extension|hip_extension,1.37467146,0.193488449,0.5053616,0.812683165,0.7199527,0.106186427,0.05,0.02,0.2,0.08726646,0.17453292,0.17453292
60,647,6.47,ASCENT,Ascent,false,true,0.267758965,0.267423272,0.267758965,110,409,425,false,false,NONE,1.34394884,0.00534092169,0.18381232,-0.0392577462,true,true,8,true,true,0.00370436348,0.00300279143,0.2067439,0.0832561255,0.179413915,0.179196373,0.8242226,right_upper_arm,true,0.00139683939,0,0.112262562,0.293341458,false,false,bar_linear_stillness|bar_angular_stillness|knee_extension|hip_extension,1.37467146,0.188033685,0.501274467,0.8042543,0.710828364,0.105104923,0.05,0.02,0.2,0.08726646,0.17453292,0.17453292
60,648,6.48,ASCENT,Ascent,false,true,0.269245148,0.26892072,0.269245148,110,409,425,false,false,NONE,1.34566212,0.005265073,0.178149223,-0.0390178747,true,true,8,true,true,0.00370067,0.00300312135,0.206649631,0.08335038,0.179455072,0.179155216,0.8244957,right_upper_arm,true,0.00139536127,0,0.11228773,0.2944953,false,false,bar_linear_stillness|bar_angular_stillness|knee_extension|hip_extension,1.37467146,0.18244797,0.498054981,0.7959225,0.7018264,0.104003012,0.05,0.02,0.2,0.08726646,0.17453292,0.17453292
60,649,6.49,ASCENT,Ascent,false,true,0.2706967,0.2703827,0.2706967,110,409,425,false,false,NONE,1.34731925,0.00517876027,0.172551244,-0.0388275348,true,true,8,true,true,0.00368225086,0.00298967748,0.206557244,0.08344277,0.179495528,0.179114759,0.824784756,right_upper_arm,true,0.001395414,0,0.112426564,0.29546988,false,false,bar_linear_stillness|bar_angular_stillness|knee_extension|hip_extension,1.37467146,0.1769416,0.4953139,0.787695944,0.692948163,0.10288468,0.05,0.02,0.2,0.08726646,0.17453292,0.17453292
60,650,6.5,ASCENT,Ascent,false,true,0.272115231,0.271811,0.272115231,110,409,425,false,false,NONE,1.348922,0.00508321,0.167121708,-0.03854598,true,true,8,true,true,0.00366200041,0.00296752132,0.206466675,0.08353335,0.17953521,0.179075077,0.825054646,right_upper_arm,true,0.00139706512,0,0.112700909,0.2968766,false,false,bar_linear_stillness|bar_angular_stillness|knee_extension|hip_extension,1.37467146,0.171584666,0.4909688,0.779618,0.6841809,0.101784542,0.05,0.02,0.2,0.08726646,0.17453292,0.17453292
60,651,6.51,ASCENT,Ascent,false,true,0.2734992,0.273204982,0.2734992,110,409,425,false,false,NONE,1.35047185,0.00497752847,0.161856055,-0.038369108,true,true,8,true,true,0.00366239971,0.00297182053,0.206377923,0.08362209,0.179574072,0.179036215,0.8253402,right_upper_arm,true,0.00139937538,0,0.1130116,0.297891557,false,false,bar_linear_stillness|bar_angular_stillness|knee_extension|hip_extension,1.37467146,0.166416183,0.4879061,0.77163583,0.6755303,0.100665286,0.05,0.02,0.2,0.08726646,0.17453292,0.17453292
60,652,6.5200000000000005,ASCENT,Ascent,false,true,0.274851322,0.2745664,0.274851322,110,409,425,false,false,NONE,1.35197186,0.004863249,0.15690136,-0.03826002,true,true,8,true,true,0.003654206,0.002965693,0.20629108,0.08370894,0.179612041,0.178998247,0.8256508,right_upper_arm,true,0.00140322058,0,0.11343924,0.298709,false,false,bar_linear_stillness|bar_angular_stillness|knee_extension|hip_extension,1.37467146,0.161572024,0.4857044,0.7637486,0.6669926,0.09951667,0.05,0.02,0.2,0.08726646,0.17453292,0.17453292
60,653,6.53,ASCENT,Ascent,false,true,0.276173532,0.2758975,0.276173532,110,409,425,false,false,NONE,1.353426,0.00474190572,0.152321428,-0.0380779281,true,true,8,true,true,0.003646726,0.002952301,0.206205964,0.0837940648,0.17964904,0.178961247,0.825951636,right_upper_arm,true,0.0014080751,0,0.113958329,0.2999403,false,false,bar_linear_stillness|bar_angular_stillness|knee_extension|hip_extension,1.37467146,0.157080337,0.482243,0.7559903,0.658548534,0.09838617,0.05,0.02,0.2,0.08726646,0.17453292,0.17453292
60,654,6.54,ASCENT,Ascent,false,true,0.2774657,0.2771986,0.2774657,110,409,425,false,false,NONE,1.35483658,0.00461267866,0.14800778,-0.03799829,true,true,8,true,true,0.00365861831,0.00296316156,0.206122488,0.08387753,0.179685012,0.178925276,0.8262727,right_upper_arm,true,0.00141311716,0,0.114478908,0.300776631,false,false,bar_linear_stillness|bar_angular_stillness|knee_extension|hip_extension,1.37467146,0.152877241,0.480284423,0.748304546,0.6502023,0.0972229242,0.05,0.02,0.2,0.08726646,0.17453292,0.17453292
60,655,6.55,ASCENT,Ascent,false,true,0.278730452,0.278472,0.278730452,110,409,425,false,false,NONE,1.35620737,0.0044763363,0.144057572,-0.0379837267,true,true,8,true,true,0.00366061344,0.00296254619,0.20604071,0.0839593038,0.17971988,0.1788904,0.8266215,right_upper_arm,true,0.00141874794,0,0.115043715,0.301406473,false,false,bar_linear_stillness|bar_angular_stillness|knee_extension|hip_extension,1.37467146,0.149048269,0.4793497,0.7406848,0.64194566,0.09603318,0.05,0.02,0.2,0.08726646,0.17453292,0.17453292
60,656,6.5600000000000005,ASCENT,Ascent,false,true,0.279970467,0.2797205,0.279970467,110,409,425,false,false,NONE,1.35754216,0.00433396455,0.140489042,-0.03800738,true,true,8,true,true,0.00366435642,0.00296122348,0.205960527,0.0840394944,0.1797536,0.178856686,0.826999366,right_upper_arm,true,0.00142485893,0,0.1156468,0.301959276,false,false,bar_linear_stillness|bar_angular_stillness|knee_extension|hip_extension,1.37467146,0.14560397,0.479061484,0.7331216,0.6337681,0.09481595,0.05,0.02,0.2,0.08726646,0.17453292,0.17453292
60,657,6.57,ASCENT,Ascent,false,true,0.281187475,0.2809456,0.281187475,110,409,425,false,false,NONE,1.35884464,0.004185604,0.137272671,-0.0379628278,true,true,8,true,true,0.00366714387,0.00295427931,0.205881745,0.0841182843,0.179786116,0.178824171,0.827372,right_upper_arm,true,0.0014310159,0,0.116262719,0.302880228,false,false,bar_linear_stillness|bar_angular_stillness|knee_extension|hip_extension,1.37467146,0.142486781,0.477769047,0.725634634,0.6256484,0.09360583,0.05,0.02,0.2,0.08726646,0.17453292,0.17453292
60,658,6.58,ASCENT,Ascent,false,true,0.282381833,0.282148778,0.282381833,110,409,425,false,false,NONE,1.36011684,0.00403075758,0.134264141,-0.0379951634,true,true,8,true,true,0.003684418,0.00296640559,0.205804318,0.08419571,0.179817334,0.178792953,0.8277638,right_upper_arm,true,0.00143630255,0,0.116799392,0.303486884,false,false,bar_linear_stillness|bar_angular_stillness|knee_extension|hip_extension,1.37467146,0.139594913,0.4777213,0.718176246,0.617590249,0.09236956,0.05,0.02,0.2,0.08726646,0.17453292,0.17453292
60,659,6.59,ASCENT,Ascent,false,true,0.2835557,0.283331215,0.2835557,110,409,425,false,false,NONE,1.361361,0.003869884,0.131491631,-0.03807105,true,true,8,true,true,0.00369079388,0.002967285,0.205728292,0.08427174,0.179847211,0.178763077,0.8281793,right_upper_arm,true,0.001441344,0,0.117313847,0.3039291,false,false,bar_linear_stillness|bar_angular_stillness|knee_extension|hip_extension,1.37467146,0.136946812,0.478510737,0.7107372,0.609585941,0.09109818,0.05,0.02,0.2,0.08726646,0.17453292,0.17453292
60,660,6.6000000000000005,ASCENT,Ascent,false,true,0.284711182,0.284495234,0.284711182,110,409,425,false,false,NONE,1.36257982,0.00370328641,0.128960535,-0.03808489,true,true,8,true,true,0.00369082834,0.0029579408,0.205653578,0.08434644,0.179875672,0.178734615,0.8285901,right_upper_arm,true,0.00144606677,0,0.117809772,0.3046885,false,false,bar_linear_stillness|bar_angular_stillness|knee_extension|hip_extension,1.37467146,0.134517625,0.478392363,0.703338146,0.6016121,0.0898353755,0.05,0.02,0.2,0.08726646,0.17453292,0.17453292
60,661,6.61,ASCENT,Ascent,false,true,0.285849035,0.285642326,0.285849035,110,409,425,false,false,NONE,1.36377418,0.00352964015,0.126532078,-0.0381652,true,true,8,true,true,0.003702474,0.00296392827,0.205580145,0.08441988,0.179902688,0.1787076,0.829018056,right_upper_arm,true,0.00144980231,0,0.118217468,0.305137753,false,false,bar_linear_stillness|bar_angular_stillness|knee_extension|hip_extension,1.37467146,0.1322097,0.47942695,0.69593817,0.5936783,0.08854382,0.05,0.02,0.2,0.08726646,0.17453292,0.17453292
60,662,6.62,ASCENT,Ascent,false,true,0.2869702,0.2867726,0.2869702,110,409,425,false,false,NONE,1.36494529,0.003349707,0.124230623,-0.0382827781,true,true,8,true,true,0.00370411761,0.002960907,0.205508053,0.0844919756,0.179928154,0.178682134,0.829468846,right_upper_arm,true,0.00145329349,0,0.118603006,0.305432945,false,false,bar_linear_stillness|bar_angular_stillness|knee_extension|hip_extension,1.37467146,0.1300386,0.481188953,0.6885315,0.585777,0.08721673,0.05,0.02,0.2,0.08726646,0.17453292,0.17453292
60,663,6.63,ASCENT,Ascent,false,true,0.28807646,0.287887871,0.28807646,110,409,425,false,false,NONE,1.366095,0.00316360779,0.122084528,-0.0383409448,true,true,8,true,true,0.003699477,0.00294851954,0.205437228,0.08456279,0.17995207,0.178658217,0.8299156,right_upper_arm,true,0.00145658175,0,0.11897824,0.306038827,false,false,bar_linear_stillness|bar_angular_stillness|knee_extension|hip_extension,1.37467146,0.128002614,0.4819938,0.6811357,0.5778874,0.0858941451,0.05,0.02,0.2,0.08726646,0.17453292,0.17453292
60,664,6.6400000000000006,ASCENT,Ascent,false,true,0.289168179,0.288989127,0.289168179,110,409,425,false,false,NONE,1.36722314,0.00297050155,0.11994987,-0.03845644,true,true,8,true,true,0.00370558328,0.00295086554,0.205367655,0.08463237,0.179974332,0.178635955,0.830379,right_upper_arm,true,0.00145900622,0,0.119275846,0.3063644,false,false,bar_linear_stillness|bar_angular_stillness|knee_extension|hip_extension,1.37467146,0.12599878,0.4838039,0.6737196,0.57002157,0.08454243,0.05,0.02,0.2,0.08726646,0.17453292,0.17453292
60,665,6.65,ASCENT,Ascent,false,true,0.290245831,0.290076256,0.290245831,110,409,425,false,false,NONE,1.36833036,0.00277094939,0.117866039,-0.03860283,true,true,8,true,true,0.00370284356,0.00294433068,0.2052994,0.0847006142,0.179994911,0.178615376,0.8308641,right_upper_arm,true,0.00146106747,0,0.119541541,0.3065602,false,false,bar_linear_stillness|bar_angular_stillness|knee_extension|hip_extension,1.37467146,0.124057487,0.48617062,0.66628027,0.56217587,0.08316016,0.05,0.02,0.2,0.08726646,0.17453292,0.17453292
60,666,6.66,ASCENT,Ascent,false,true,0.291310132,0.291150153,0.291310132,110,409,425,false,false,NONE,1.36941719,0.002564915,0.115829885,-0.0387630574,true,true,8,true,true,0.00369836343,0.00293588242,0.205232471,0.08476755,0.180013761,0.178596526,0.8313708,right_upper_arm,true,0.00146277528,0,0.119778052,0.306722671,false,false,bar_linear_stillness|bar_angular_stillness|knee_extension|hip_extension,1.37467146,0.122170843,0.488781065,0.6588154,0.554343164,0.08174286,0.05,0.02,0.2,0.08726646,0.17453292,0.17453292
60,667,6.67,ASCENT,Ascent,false,true,0.2923618,0.2922114,0.2923618,110,409,425,false,false,NONE,1.37048423,0.002352654,0.11385686,-0.03887124,true,true,8,true,true,0.00369017245,0.00292191957,0.205166817,0.08483321,0.180030823,0.178579465,0.831875145,right_upper_arm,true,0.00146462594,0,0.120029263,0.307173073,false,false,bar_linear_stillness|bar_angular_stillness|knee_extension|hip_extension,1.37467146,0.120332427,0.490458339,0.651338935,0.546506763,0.0803272948,0.05,0.02,0.2,0.08726646,0.17453292,0.17453292
60,668,6.68,ASCENT,Ascent,false,true,0.293401182,0.293260753,0.293401182,110,409,425,false,false,NONE,1.37153089,0.0021339173,0.111829892,-0.0390198752,true,true,8,true,true,0.00369135221,0.00291970186,0.205102414,0.08489761,0.180046052,0.178564236,0.8323945,right_upper_arm,true,0.00146574154,0,0.120215014,0.307437181,false,false,bar_linear_stillness|bar_angular_stillness|knee_extension|hip_extension,1.37467146,0.118461087,0.492766678,0.643832266,0.5386793,0.0788802952,0.05,0.02,0.2,0.08726646,0.17453292,0.17453292
60,669,6.69,ASCENT,Ascent,false,true,0.294427633,0.294297218,0.294427633,110,409,425,false,false,NONE,1.37255692,0.00190915319,0.109774709,-0.0391878448,true,true,8,true,true,0.003685938,0.00291174464,0.205039412,0.08496061,0.180059388,0.1785509,0.832932234,right_upper_arm,true,0.00146649475,0,0.12036863,0.30761975,false,false,bar_linear_stillness|bar_angular_stillness|knee_extension|hip_extension,1.37467146,0.116575375,0.4953917,0.6362946,0.5308602,0.07740936,0.05,0.02,0.2,0.08726646,0.17453292,0.17453292
60,670,6.7,ASCENT,Ascent,false,true,0.295441568,0.295321226,0.295441568,110,409,425,false,false,NONE,1.37356281,0.0016785413,0.10775315,-0.0393159762,true,true,8,true,true,0.003674197,0.00289531425,0.204977766,0.0850222558,0.1800708,0.178539485,0.8334693,right_upper_arm,true,0.00146727113,0,0.120526724,0.30804348,false,false,bar_linear_stillness|bar_angular_stillness|knee_extension|hip_extension,1.37467146,0.114714012,0.497178078,0.6287387,0.523029268,0.07593818,0.05,0.02,0.2,0.08726646,0.17453292,0.17453292
60,671,6.71,ASCENT,Ascent,false,true,0.29644376,0.2963336,0.29644376,110,409,425,false,false,NONE,1.37454748,0.00144196267,0.105643928,-0.03947687,true,true,8,true,true,0.003670909,0.00288993586,0.20491755,0.08508248,0.180080235,0.178530052,0.8340205,right_upper_arm,true,0.0014675518,0,0.120638818,0.30829075,false,false,bar_linear_stillness|bar_angular_stillness|knee_extension|hip_extension,1.37467146,0.112788044,0.499537677,0.621151745,0.515204251,0.0744347647,0.05,0.02,0.2,0.08726646,0.17453292,0.17453292
60,672,6.72,ASCENT,Ascent,false,true,0.297433317,0.29733336,0.297433317,110,409,425,false,false,NONE,1.37551057,0.00119983475,0.103495,-0.0396542624,true,true,8,true,true,0.00366248842,0.002878925,0.2048588,0.08514123,0.180087656,0.178522632,0.8345897,right_upper_arm,true,0.001467949,0,0.120758057,0.308468282,false,false,bar_linear_stillness|bar_angular_stillness|knee_extension|hip_extension,1.37467146,0.110838242,0.5021245,0.6135352,0.507385254,0.07291017,0.05,0.02,0.2,0.08726646,0.17453292,0.17453292
60,673,6.73,ASCENT,Ascent,false,true,0.298410177,0.2983203,0.298410177,110,409,425,false,false,NONE,1.37645233,0.000952162256,0.101365127,-0.03979823,true,true,8,true,true,0.0036487293,0.0028623438,0.204801559,0.0851984546,0.18009302,0.178517267,0.835159659,right_upper_arm,true,0.001468364,0,0.120879963,0.308861256,false,false,bar_linear_stillness|bar_angular_stillness|knee_extension|hip_extension,1.37467146,0.108902223,0.5039786,0.605895936,0.49954927,0.07137975,0.05,0.02,0.2,0.08726646,0.17453292,0.17453292
60,674,6.74,ASCENT,Ascent,false,true,0.299375653,0.299296021,0.299375653,110,409,425,false,false,NONE,1.37737191,0.000699248863,0.09915529,-0.0399683863,true,true,8,true,true,0.003642203,0.0028530953,0.204745874,0.08525415,0.1800963,0.178513989,0.8357437,right_upper_arm,true,0.00146864448,0,0.120985977,0.309105664,false,false,bar_linear_stillness|bar_angular_stillness|knee_extension|hip_extension,1.37467146,0.106909931,0.5062779,0.5982289,0.491719365,0.06982947,0.05,0.02,0.2,0.08726646,0.17453292,0.17453292
60,675,6.75,ASCENT,Ascent,false,true,0.300327957,0.3002584,0.300327957,110,409,425,false,false,NONE,1.37826884,0.000441307027,0.09689828,-0.04015142,true,true,8,true,true,0.00363250566,0.00284151942,0.204691783,0.08530824,0.180097416,0.178512871,0.836345434,right_upper_arm,true,0.00146868674,0,0.121070519,0.3092981,false,false,bar_linear_stillness|bar_angular_stillness|knee_extension|hip_extension,1.37467146,0.104888551,0.508745432,0.5905366,0.483895779,0.06825099,0.05,0.02,0.2,0.08726646,0.17453292,0.17453292
60,676,6.76,ASCENT,Ascent,false,true,0.301266849,0.301207483,0.301266849,110,409,425,false,false,NONE,1.37914276,0.000178544928,0.0946011543,-0.0403356627,true,true,8,true,true,0.003621647,0.002828694,0.204639375,0.0853606462,0.180096373,0.178513914,0.8369641,right_upper_arm,true,0.00146861211,0,0.121143736,0.309496254,false,false,bar_linear_stillness|bar_angular_stillness|knee_extension|hip_extension,1.37467146,0.102841511,0.5111894,0.582818,0.476075023,0.06665303,0.05,0.02,0.2,0.08726646,0.17453292,0.17453292
60,677,6.7700000000000005,ASCENT,Ascent,false,true,0.302192926,0.302143574,0.302192926,110,409,425,false,false,NONE,1.3799938,-8.851313E-05,0.09232214,-0.0404974259,true,true,8,true,true,0.0036066894,0.00281126169,0.204588652,0.08541137,0.180093125,0.178517163,0.837586164,right_upper_arm,true,0.001469025,0,0.121256575,0.3098662,false,false,bar_linear_stillness|bar_angular_stillness|knee_extension|hip_extension,1.37467146,0.100813821,0.5130204,0.5750756,0.468236685,0.0650451556,0.05,0.02,0.2,0.08726646,0.17453292,0.17453292
60,678,6.78,ASCENT,Ascent,false,true,0.303107262,0.303067982,0.303107262,110,409,425,false,false,NONE,1.38082135,-0.0003598673,0.08997983,-0.04067421,true,true,8,true,true,0.00359790749,0.00279944343,0.204539657,0.08546037,0.180087626,0.178522661,0.838220954,right_upper_arm,true,0.00146919175,0,0.121345609,0.3101429,false,false,bar_linear_stillness|bar_angular_stillness|knee_extension|hip_extension,1.37467146,0.0987466,0.5151143,0.567314565,0.4604037,0.0634190962,0.05,0.02,0.2,0.08726646,0.17453292,0.17453292
60,679,6.79,ASCENT,Ascent,false,true,0.304007769,0.303978562,0.304007769,110,409,425,false,false,NONE,1.38162494,-0.0006351834,0.0875920057,-0.0408555046,true,true,8,true,true,0.00358804129,0.002787638,0.204492435,0.08550759,0.180079862,0.178530425,0.8388707,right_upper_arm,true,0.00146911934,0,0.1214126,0.310394645,false,false,bar_linear_stillness|bar_angular_stillness|knee_extension|hip_extension,1.37467146,0.096653685,0.517252445,0.559532046,0.452575266,0.06178113,0.05,0.02,0.2,0.08726646,0.17453292,0.17453292
60,680,6.8,ASCENT,Ascent,false,true,0.304894626,0.3048752,0.304894626,110,409,425,false,false,NONE,1.3824048,-0.0009140703,0.08523028,-0.0410256051,true,true,8,true,true,0.00357317482,0.00277063716,0.204447061,0.08555295,0.180069774,0.178540513,0.839524567,right_upper_arm,true,0.0014695304,0,0.121518046,0.3107637,false,false,bar_linear_stillness|bar_angular_stillness|knee_extension|hip_extension,1.37467146,0.09459459,0.518951356,0.551726341,0.444728166,0.0601342544,0.05,0.02,0.2,0.08726646,0.17453292,0.17453292
60,681,6.8100000000000005,ASCENT,Ascent,false,true,0.305769622,0.305760026,0.305769622,110,409,425,false,false,NONE,1.38316035,-0.00119622925,0.0828133151,-0.0412047319,true,true,8,true,true,0.0035622695,0.002757065,0.204403579,0.08559645,0.180057377,0.178552911,0.8401902,right_upper_arm,true,0.00146969734,0,0.121600166,0.311050981,false,false,bar_linear_stillness|bar_angular_stillness|knee_extension|hip_extension,1.37467146,0.09250571,0.5208672,0.54390645,0.436887145,0.0584695563,0.05,0.02,0.2,0.08726646,0.17453292,0.17453292
60,682,6.82,ASCENT,Ascent,false,true,0.306630373,0.3066305,0.3066305,110,409,425,false,false,NONE,1.38389134,-0.00148186774,0.08035623,-0.0413845442,true,true,8,true,true,0.003552563,0.00274438458,0.204362,0.08563802,0.1800426,0.1785677,0.8408696,right_upper_arm,true,0.00146962726,0,0.121660545,0.3113221,false,false,bar_linear_stillness|bar_angular_stillness|knee_extension|hip_extension,1.37467146,0.09039912,0.5227755,0.5360712,0.4290541,0.056785468,0.05,0.02,0.2,0.08726646,0.17453292,0.17453292
60,683,6.83,ASCENT,Ascent,false,true,0.307476878,0.307486773,0.307486773,110,409,425,false,false,NONE,1.38459778,-0.00177034817,0.0779216439,-0.04156088,true,true,8,true,true,0.00353794638,0.002728203,0.204322428,0.08567759,0.180025429,0.178584859,0.841554642,right_upper_arm,true,0.00147003669,0,0.121758409,0.311670959,false,false,bar_linear_stillness|bar_angular_stillness|knee_extension|hip_extension,1.37467146,0.0883301944,0.524389267,0.5282093,0.4211986,0.0551018529,0.05,0.02,0.2,0.08726646,0.17453292,0.17453292
60,684,6.84,ASCENT,Ascent,false,true,0.308311522,0.3083307,0.3083307,110,409,425,false,false,NONE,1.38527942,-0.00206152117,0.0754488,-0.041739624,true,true,8,true,true,0.00352475885,0.00271162763,0.204284877,0.08571514,0.180005848,0.178604439,0.842251,right_upper_arm,true,0.00147020712,0,0.121833973,0.311960757,false,false,bar_linear_stillness|bar_angular_stillness|knee_extension|hip_extension,1.37467146,0.0862494558,0.526118159,0.5203391,0.4133523,0.05339643,0.05,0.02,0.2,0.08726646,0.17453292,0.17453292
60,685,6.8500000000000005,ASCENT,Ascent,false,true,0.3091315,0.3091601,0.3091601,110,409,425,false,false,NONE,1.38593578,-0.00235520629,0.07292806,-0.04191226,true,true,8,true,true,0.00351482281,0.00269917678,0.204249412,0.08575061,0.179983839,0.178626448,0.842959166,right_upper_arm,true,0.00147025846,0,0.121897176,0.312248945,false,false,bar_linear_stillness|bar_angular_stillness|knee_extension|hip_extension,1.37467146,0.08414682,0.527769268,0.512458861,0.405514479,0.0516854972,0.05,0.02,0.2,0.08726646,0.17453292,0.17453292
60,686,6.86,ASCENT,Ascent,false,true,0.309937,0.3099748,0.3099748,110,409,425,false,false,NONE,1.38656652,-0.00265062018,0.07037337,-0.04208067,true,true,8,true,true,0.003503578,0.00268529961,0.2042161,0.08578393,0.179959357,0.178650931,0.8436798,right_upper_arm,true,0.00147019327,0,0.121948563,0.312549621,false,false,bar_linear_stillness|bar_angular_stillness|knee_extension|hip_extension,1.37467146,0.08203792,0.529260635,0.50456816,0.397684842,0.0499541648,0.05,0.02,0.2,0.08726646,0.17453292,0.17453292
60,687,6.87,ASCENT,Ascent,false,true,0.310727954,0.310774744,0.310774744,110,409,425,false,false,NONE,1.38717175,-0.00294810929,0.06783813,-0.0422544964,true,true,8,true,true,0.00348792947,0.00266812253,0.204185039,0.08581498,0.1799324,0.178677887,0.844406,right_upper_arm,true,0.0014703651,0,0.122016713,0.3128704,false,false,bar_linear_stillness|bar_angular_stillness|knee_extension|hip_extension,1.37467146,0.07997591,0.5306381,0.496650815,0.389833659,0.0482150763,0.05,0.02,0.2,0.08726646,0.17453292,0.17453292
60,688,6.88,ASCENT,Ascent,false,true,0.3115065,0.311562,0.311562,110,409,425,false,false,NONE,1.38775122,-0.00324722868,0.06527577,-0.04242235,true,true,8,true,true,0.0034716418,0.00264840946,0.20415622,0.085843794,0.179902941,0.178707346,0.8451416,right_upper_arm,true,0.00147053867,0,0.122082591,0.3131672,false,false,bar_linear_stillness|bar_angular_stillness|knee_extension|hip_extension,1.37467146,0.0779174343,0.5319956,0.4887316,0.3819921,0.0464724936,0.05,0.02,0.2,0.08726646,0.17453292,0.17453292
60,689,6.8900000000000006,ASCENT,Ascent,false,true,0.3122701,0.312334239,0.312334239,110,409,425,false,false,NONE,1.38830459,-0.00354774925,0.0626817,-0.04258281,true,true,8,true,true,0.00346040959,0.00263530412,0.204129726,0.0858702958,0.179870978,0.178739309,0.845887,right_upper_arm,true,0.0014705949,0,0.122136287,0.313475341,false,false,bar_linear_stillness|bar_angular_stillness|knee_extension|hip_extension,1.37467146,0.07586091,0.5332053,0.480808765,0.374161959,0.0447206721,0.05,0.02,0.2,0.08726646,0.17453292,0.17453292
60,690,6.9,ASCENT,Ascent,false,true,0.313019037,0.313091576,0.313091576,110,409,425,false,false,NONE,1.38883221,-0.003849887,0.0601186678,-0.0427602045,true,true,8,true,true,0.003445789,0.00261940062,0.204105616,0.08589441,0.1798365,0.178773791,0.846639335,right_upper_arm,true,0.00147088454,0,0.1222061,0.313752264,false,false,bar_linear_stillness|bar_angular_stillness|knee_extension|hip_extension,1.37467146,0.0738749653,0.534455836,0.472856045,0.366308421,0.04296403,0.05,0.02,0.2,0.08726646,0.17453292,0.17453292
60,691,6.91,ASCENT,Ascent,false,true,0.3137554,0.313835859,0.313835859,110,409,425,false,false,NONE,1.389334,-0.00415233243,0.0575451553,-0.04292555,true,true,8,true,true,0.003428336,0.00259809,0.20408389,0.0859161243,0.179799467,0.17881082,0.8474002,right_upper_arm,true,0.00147106056,0,0.122264363,0.314023346,false,false,bar_linear_stillness|bar_angular_stillness|knee_extension|hip_extension,1.37467146,0.07191168,0.5355946,0.464908063,0.3584681,0.04119037,0.05,0.02,0.2,0.08726646,0.17453292,0.17453292
60,692,6.92,ASCENT,Ascent,false,true,0.314476669,0.314565182,0.314565182,110,409,425,false,false,NONE,1.38980961,-0.00445542,0.0549398363,-0.0430776924,true,true,8,true,true,0.00341810822,0.00258553936,0.204064608,0.08593542,0.1797599,0.178850383,0.8481687,right_upper_arm,true,0.00147111912,0,0.122310311,0.3143207,false,false,bar_linear_stillness|bar_angular_stillness|knee_extension|hip_extension,1.37467146,0.0699565858,0.5365179,0.456960171,0.350640178,0.0394095033,0.05,0.02,0.2,0.08726646,0.17453292,0.17453292
60,693,6.93,ASCENT,Ascent,false,true,0.3151828,0.315278769,0.315278769,110,409,425,false,false,NONE,1.39025927,-0.004759181,0.05235942,-0.04325565,true,true,8,true,true,0.00340448925,0.00257064216,0.204047829,0.08595219,0.179717779,0.178892508,0.8489454,right_upper_arm,true,0.001471408,0,0.122371845,0.314534754,false,false,bar_linear_stillness|bar_angular_stillness|knee_extension|hip_extension,1.37467146,0.06808238,0.537646234,0.448979557,0.3427899,0.0376267359,0.05,0.02,0.2,0.08726646,0.17453292,0.17453292
60,694,6.94,ASCENT,Ascent,false,true,0.315876424,0.3159796,0.3159796,110,409,425,false,false,NONE,1.39068294,-0.005062375,0.04977528,-0.04341395,true,true,8,true,true,0.00338507956,0.002547507,0.204033613,0.08596641,0.1796731,0.178937182,0.849729061,right_upper_arm,true,0.00147158792,0,0.122422539,0.314773142,false,false,bar_linear_stillness|bar_angular_stillness|knee_extension|hip_extension,1.37467146,0.06624181,0.538567662,0.441009045,0.334952,0.0358417854,0.05,0.02,0.2,0.08726646,0.17453292,0.17453292
60,695,6.95,ASCENT,Ascent,false,true,0.316555083,0.316665232,0.316665232,110,409,425,false,false,NONE,1.39108026,-0.00536520127,0.04715643,-0.043553032,true,true,8,true,true,0.00337524712,0.00253490522,0.204021946,0.0859780759,0.179625869,0.178984419,0.850518346,right_upper_arm,true,0.00147153228,0,0.122451,0.315057069,false,false,bar_linear_stillness|bar_angular_stillness|knee_extension|hip_extension,1.37467146,0.0644156858,0.5391565,0.433043569,0.327130884,0.0340473056,0.05,0.02,0.2,0.08726646,0.17453292,0.17453292
60,696,6.96,ASCENT,Ascent,false,true,0.317218065,0.3173349,0.3173349,110,409,425,false,false,NONE,1.391451,-0.005667104,0.04450658,-0.0436804034,true,true,8,true,true,0.00336461747,0.0025208802,0.20401296,0.08598707,0.179576069,0.179034218,0.8513131,right_upper_arm,true,0.00147147733,0,0.122476637,0.315351158,false,false,bar_linear_stillness|bar_angular_stillness|knee_extension|hip_extension,1.37467146,0.0626173243,0.53947,0.425083756,0.3193239,0.0322491,0.05,0.02,0.2,0.08726646,0.17453292,0.17453292
60,697,6.97,ASCENT,Ascent,false,true,0.317865551,0.317988753,0.317988753,110,409,425,false,false,NONE,1.39179516,-0.00596882543,0.04186551,-0.0438409559,true,true,8,true,true,0.003348668,0.002504591,0.204006761,0.08599326,0.179523692,0.1790866,0.852116048,right_upper_arm,true,0.00147141016,0,0.122497544,0.315505266,false,false,bar_linear_stillness|bar_angular_stillness|knee_extension|hip_extension,1.37467146,0.0609128661,0.540181041,0.417092443,0.31149435,0.0304465,0.05,0.02,0.2,0.08726646,0.17453292,0.17453292
60,698,6.98,ASCENT,Ascent,false,true,0.318500638,0.318629682,0.318629682,110,409,425,false,false,NONE,1.39211285,-0.00626882724,0.0392402932,-0.043978665,true,true,8,true,true,0.00332446676,0.002477678,0.2040034,0.0859966353,0.179468781,0.1791415,0.852924049,right_upper_arm,true,0.00147159235,0,0.1225371,0.3156922,false,false,bar_linear_stillness|bar_angular_stillness|knee_extension|hip_extension,1.37467146,0.05927244,0.540609,0.409115165,0.303682119,0.0286470037,0.05,0.02,0.2,0.08726646,0.17453292,0.17453292
60,699,6.99,ASCENT,Ascent,false,true,0.319120526,0.3192551,0.3192551,110,409,425,false,false,NONE,1.39240408,-0.006567446,0.03660237,-0.0440977551,true,true,8,true,true,0.003312502,0.00246294541,0.204002768,0.0859972462,0.179411322,0.179198965,0.853735566,right_upper_arm,true,0.00147153868,0,0.122554258,0.315923452,false,false,bar_linear_stillness|bar_angular_stillness|knee_extension|hip_extension,1.37467146,0.0576842874,0.5406929,0.401150256,0.295888484,0.02684235,0.05,0.02,0.2,0.08726646,0.17453292,0.17453292
60,700,7,ASCENT,Ascent,false,true,0.319724858,0.3198647,0.3198647,110,409,425,false,false,NONE,1.392669,-0.00686504226,0.0339868069,-0.0442605466,true,true,8,true,true,0.00329869613,0.00244897115,0.204005063,0.08599495,0.179351315,0.179258972,0.8545565,right_upper_arm,true,0.00147171086,0,0.122586682,0.315968037,false,false,bar_linear_stillness|bar_angular_stillness|knee_extension|hip_extension,1.37467146,0.0562247969,0.5413004,0.3931501,0.288070768,0.0250409469,0.05,0.02,0.2,0.08726646,0.17453292,0.17453292
60,701,7.01,ASCENT,Ascent,false,true,0.320316732,0.3204611,0.3204611,110,409,425,false,false,NONE,1.39290774,-0.007159663,0.03139758,-0.0443911031,true,true,8,true,true,0.00327455346,0.00242202543,0.204010248,0.0859897658,0.1792888,0.179321483,0.8553809,right_upper_arm,true,0.00147201528,0,0.1226279,0.3160805,false,false,bar_linear_stillness|bar_angular_stillness|knee_extension|hip_extension,1.37467146,0.0548419431,0.541517258,0.3851709,0.280272931,0.0232127551,0.05,0.02,0.2,0.08726646,0.17453292,0.17453292
60,702,7.0200000000000005,ASCENT,Ascent,false,true,0.3208933,0.321041942,0.321041942,110,409,425,false,false,NONE,1.39312053,-0.00745197851,0.0288106576,-0.0445006751,true,true,8,true,true,0.00326416083,0.00240851822,0.20401828,0.08598174,0.179223776,0.179386511,0.8562067,right_upper_arm,true,0.001472205,0,0.12265677,0.316255629,false,false,bar_linear_stillness|bar_angular_stillness|knee_extension|hip_extension,1.37467146,0.0535340644,0.541278958,0.3772095,0.272496581,0.0214066543,0.05,0.02,0.2,0.08726646,0.17453292,0.17453292
60,703,7.03,ASCENT,Ascent,false,true,0.321454585,0.321607,0.321607,110,409,425,false,false,NONE,1.39330733,-0.0077416487,0.0262296349,-0.0446593948,true,true,8,true,true,0.00325315562,0.00239709369,0.2040293,0.0859707147,0.179156259,0.179454029,0.857043266,right_upper_arm,true,0.00147225871,0,0.122670934,0.316185266,false,false,bar_linear_stillness|bar_angular_stillness|knee_extension|hip_extension,1.37467146,0.0523678176,0.54177,0.3692071,0.2646947,0.0195922684,0.05,0.02,0.2,0.08726646,0.17453292,0.17453292
60,704,7.04,ASCENT,Ascent,false,true,0.322003126,0.322158754,0.322158754,110,409,425,false,false,NONE,1.3934685,-0.008027257,0.0236854032,-0.0447784252,true,true,8,true,true,0.00322714867,0.00236774166,0.204043329,0.08595669,0.179086283,0.179524,0.857881844,right_upper_arm,true,0.00147256744,0,0.12270391,0.316214234,false,false,bar_linear_stillness|bar_angular_stillness|knee_extension|hip_extension,1.37467146,0.0512888134,0.541724443,0.3612312,0.256915063,0.0177938752,0.05,0.02,0.2,0.08726646,0.17453292,0.17453292
60,705,7.05,ASCENT,Ascent,false,true,0.322536767,0.322695136,0.322695136,110,409,425,false,false,NONE,1.393604,-0.008309473,0.0211335272,-0.04486891,true,true,8,true,true,0.00321762427,0.00235501281,0.204060286,0.08593974,0.179013848,0.179596439,0.8587198,right_upper_arm,true,0.0014725225,0,0.122704484,0.31632933,false,false,bar_linear_stillness|bar_angular_stillness|knee_extension|hip_extension,1.37467146,0.0502880923,0.541110158,0.353279382,0.249159634,0.01598706,0.05,0.02,0.2,0.08726646,0.17453292,0.17453292
60,706,7.0600000000000005,ASCENT,Ascent,false,true,0.323054731,0.323215723,0.323215723,110,409,425,false,false,NONE,1.39371359,-0.008587406,0.0185567066,-0.0449432358,true,true,8,true,true,0.00320827169,0.00234269141,0.204080284,0.08591974,0.178939015,0.179671273,0.8595561,right_upper_arm,true,0.001472359,0,0.122692145,0.3164616,false,false,bar_linear_stillness|bar_angular_stillness|knee_extension|hip_extension,1.37467146,0.049376,0.540114045,0.345350444,0.241426677,0.0141686024,0.05,0.02,0.2,0.08726646,0.17453292,0.17453292
60,707,7.07,ASCENT,Ascent,false,true,0.323557615,0.323720455,0.323720455,110,409,425,false,false,NONE,1.393797,-0.00886131451,0.0159716681,-0.0450729243,true,true,8,true,true,0.003194325,0.002328963,0.204103529,0.0858964846,0.178861767,0.17974852,0.8604019,right_upper_arm,true,0.00147229724,0,0.122685447,0.3162836,false,false,bar_linear_stillness|bar_angular_stillness|knee_extension|hip_extension,1.37467146,0.0486331731,0.540021539,0.337381184,0.233671218,0.0123719526,0.05,0.02,0.2,0.08726646,0.17453292,0.17453292
60,708,7.08,ASCENT,Ascent,false,true,0.324047744,0.3242116,0.3242116,110,409,425,false,false,NONE,1.393855,-0.009129956,0.0134393871,-0.04516305,true,true,8,true,true,0.00316282269,0.002295339,0.204130024,0.08587,0.17878218,0.1798281,0.8612478,right_upper_arm,true,0.00147249026,0,0.122697011,0.3161947,false,false,bar_linear_stillness|bar_angular_stillness|knee_extension|hip_extension,1.37467146,0.0479966067,0.5394113,0.329444915,0.22594057,0.0122557813,0.05,0.02,0.2,0.08726646,0.17453292,0.17453292
60,709,7.09,ASCENT,Ascent,false,true,0.324523449,0.324687958,0.324687958,110,409,425,false,false,NONE,1.39388764,-0.009393746,0.0109298751,-0.045229096,true,true,8,true,true,0.00314996578,0.00227930583,0.204159617,0.0858404,0.178700283,0.17991,0.8620911,right_upper_arm,true,0.00147256756,0,0.122695908,0.3161769,false,false,bar_linear_stillness|bar_angular_stillness|knee_extension|hip_extension,1.37467146,0.0474697351,0.5382513,0.3215365,0.2182372,0.0140672754,0.05,0.02,0.2,0.08726646,0.17453292,0.17453292
60,710,7.1000000000000005,ASCENT,Ascent,false,true,0.3249839,0.325148582,0.325148582,110,409,425,false,false,NONE,1.393895,-0.009653233,0.008422434,-0.04535895,true,true,8,true,true,0.00313919364,0.0022688657,0.204192489,0.0858075246,0.1786161,0.179994181,0.862946,right_upper_arm,true,0.00147250853,0,0.1226811,0.315818429,false,false,bar_linear_stillness|bar_angular_stillness|knee_extension|hip_extension,1.37467146,0.04713339,0.538127,0.313586175,0.210511819,0.0159272943,0.05,0.02,0.2,0.08726646,0.17453292,0.17453292
60,711,7.11,ASCENT,Ascent,false,true,0.325431824,0.325596035,0.325596035,110,409,425,false,false,NONE,1.39387786,-0.009905943,0.005983211,-0.0454389,true,true,8,true,true,0.003108489,0.0022360154,0.20422858,0.08577144,0.17852971,0.180080578,0.8637995,right_upper_arm,true,0.00147282262,0,0.122694045,0.315594018,false,false,bar_linear_stillness|bar_angular_stillness|knee_extension|hip_extension,1.37467146,0.0468894467,0.5373166,0.30567354,0.202812418,0.01775363,0.05,0.02,0.2,0.08726646,0.17453292,0.17453292
60,712,7.12,ASCENT,Ascent,false,true,0.325865626,0.3260286,0.3260286,110,409,425,false,false,NONE,1.39383638,-0.0101524405,0.003570743,-0.0454905778,true,true,8,true,true,0.00309871277,0.00222341972,0.20426777,0.085732244,0.178441137,0.18016915,0.8646485,right_upper_arm,true,0.00147290435,0,0.122684412,0.315473676,false,false,bar_linear_stillness|bar_angular_stillness|knee_extension|hip_extension,1.37467146,0.0467462838,0.5358272,0.2977966,0.195144385,0.0195800979,0.05,0.02,0.2,0.08726646,0.17453292,0.17453292
60,713,7.13,ASCENT,Ascent,false,true,0.326284349,0.32644546,0.32644546,110,409,425,false,false,NONE,1.39377034,-0.01039231,0.00113940239,-0.0456119776,true,true,8,true,true,0.003091616,0.00221655914,0.204310268,0.08568976,0.178350434,0.180259854,0.8655097,right_upper_arm,true,0.00147272763,0,0.122651622,0.314946175,false,false,bar_linear_stillness|bar_angular_stillness|knee_extension|hip_extension,1.37467146,0.0467947721,0.535565555,0.289869875,0.187452853,0.0213843677,0.05,0.02,0.2,0.08726646,0.17453292,0.17453292
60,714,7.1400000000000006,ASCENT,Ascent,false,true,0.326690674,0.326849222,0.326849222,110,409,425,false,false,NONE,1.39368057,-0.0106244655,-0.00121366233,-0.0456754,true,true,8,true,true,0.00306017068,0.00218097051,0.204356,0.08564402,0.178257644,0.180352643,0.866367459,right_upper_arm,true,0.00147304614,0,0.122656122,0.314587384,false,false,bar_linear_stillness|bar_angular_stillness|knee_extension|hip_extension,1.37467146,0.0469104946,0.534466565,0.281988323,0.179789156,0.0232127551,0.05,0.02,0.2,0.08726646,0.17453292,0.17453292
60,715,7.15,ASCENT,Ascent,false,true,0.327082932,0.327238441,0.327238441,110,409,425,false,false,NONE,1.39356732,-0.0108488612,-0.003543608,-0.0457042232,true,true,8,true,true,0.00305108586,0.00216936,0.204404861,0.08559516,0.178162858,0.180447429,0.8672186,right_upper_arm,true,0.00147313194,0,0.1226379,0.314361632,false,false,bar_linear_stillness|bar_angular_stillness|knee_extension,1.37467146,0.04710765,0.5325734,0.2741486,0.172161028,0.0250218976,0.05,0.02,0.2,0.08726646,0.17453292,0.17453292
60,716,7.16,ASCENT,Ascent,false,true,0.327460468,0.327612579,0.327612579,110,409,425,false,false,NONE,1.39343059,-0.0110653443,-0.005879633,-0.0457139239,true,true,8,true,true,0.00304272957,0.00215885742,0.204456985,0.0855430439,0.1780661,0.180544183,0.868060946,right_upper_arm,true,0.00147297862,0,0.122596942,0.314154863,false,false,bar_linear_stillness|bar_angular_stillness|knee_extension,1.37467146,0.0474001542,0.530190349,0.266348124,0.164734229,0.02681569,0.05,0.02,0.2,0.08726646,0.17453292,0.17453292
60,717,7.17,ASCENT,Ascent,false,true,0.327823818,0.3279717,0.3279717,110,409,425,false,false,NONE,1.39326978,-0.0112728477,-0.008251809,-0.0457979068,true,true,8,true,true,0.00303289178,0.00214940985,0.204512566,0.0854874551,0.177967459,0.180642828,0.868915,right_upper_arm,true,0.00147256814,0,0.122533806,0.313475817,false,false,bar_linear_stillness|bar_angular_stillness|knee_extension,1.37467146,0.0478812866,0.5292387,0.258502364,0.157292873,0.0286053587,0.05,0.02,0.2,0.08726646,0.17453292,0.17453292
60,718,7.18,ASCENT,Ascent,false,true,0.328175128,0.3283177,0.3283177,110,409,425,false,false,NONE,1.39308608,-0.0114718238,-0.0105300024,-0.0458273627,true,true,8,true,true,0.00299509,0.00210894179,0.204571575,0.08542845,0.177867,0.180743292,0.8697636,right_upper_arm,true,0.00147265231,0,0.122507267,0.3129364,false,false,bar_linear_stillness|bar_angular_stillness|knee_extension,1.37467146,0.0484007336,0.527525842,0.25070712,0.149887308,0.0303994771,0.05,0.02,0.2,0.08726646,0.17453292,0.17453292
60,719,7.19,ASCENT,Ascent,false,true,0.328512669,0.3286497,0.3286497,110,409,425,false,false,NONE,1.39288,-0.0116619291,-0.0127531812,-0.0458274521,true,true,8,true,true,0.002981589,0.00209331932,0.204633832,0.08536619,0.177764788,0.1808455,0.8706037,right_upper_arm,true,0.00147274055,0,0.122477822,0.312503248,false,false,bar_linear_stillness|bar_angular_stillness|knee_extension,1.37467146,0.0489775427,0.525081038,0.242957249,0.142524645,0.03217508,0.05,0.02,0.2,0.08726646,0.17453292,0.17453292
60,720,7.2,ASCENT,Ascent,false,true,0.3288368,0.328967452,0.328967452,110,409,425,false,false,NONE,1.392651,-0.0118432818,-0.0150081739,-0.0459055379,true,true,8,true,true,0.002975779,0.00208811578,0.204699486,0.08530054,0.177660927,0.18094936,0.8714572,right_upper_arm,true,0.00147257082,0,0.122427024,0.311579853,false,false,bar_linear_stillness|bar_angular_stillness|knee_extension,1.37467146,0.04972753,0.524151266,0.235157534,0.1351394,0.0339350775,0.05,0.02,0.2,0.08726646,0.17453292,0.17453292
60,721,7.21,ASCENT,Ascent,false,true,0.329148471,0.329271972,0.329271972,110,409,425,false,false,NONE,1.39240038,-0.0120137017,-0.0171497166,-0.0459220149,true,true,8,true,true,0.0029394757,0.00204947125,0.204768449,0.08523157,0.177555487,0.1810548,0.8723042,right_upper_arm,true,0.00147289608,0,0.1224122,0.3108625,false,false,bar_linear_stillness|bar_angular_stillness|knee_extension,1.37467146,0.05047052,0.5222569,0.22741203,0.127794787,0.03570182,0.05,0.02,0.2,0.08726646,0.17453292,0.17453292
60,722,7.22,ASCENT,Ascent,false,true,0.329447329,0.329562843,0.329562843,110,409,425,false,false,NONE,1.39212871,-0.0121742086,-0.0192319825,-0.04590376,true,true,8,true,true,0.00293028,0.00203750562,0.204840541,0.08515948,0.177448556,0.181161731,0.8731404,right_upper_arm,true,0.00147310644,0,0.122384451,0.3102902,false,false,bar_linear_stillness|bar_angular_stillness|knee_extension,1.37467146,0.0512370542,0.5194796,0.219939336,0.12049216,0.0374552533,0.05,0.02,0.2,0.08726646,0.17453292,0.17453292
60,723,7.23,ASCENT,Ascent,false,true,0.3297326,0.329840064,0.329840064,110,409,425,false,false,NONE,1.39183545,-0.0123233646,-0.0213717744,-0.04596949,true,true,8,true,true,0.00292854453,0.00203696312,0.204915985,0.085084036,0.1773402,0.1812701,0.873990655,right_upper_arm,true,0.00147282,0,0.122316472,0.30916363,false,false,bar_linear_stillness|bar_angular_stillness|knee_extension,1.37467146,0.05217099,0.518414855,0.212494984,0.113172106,0.03919109,0.05,0.02,0.2,0.08726646,0.17453292,0.17453292
60,724,7.24,ASCENT,Ascent,false,true,0.330006242,0.3301043,0.3301043,110,409,425,false,false,NONE,1.39152169,-0.012460527,-0.02339542,-0.0459637344,true,true,8,true,true,0.00289161853,0.001996342,0.204994708,0.08500532,0.177230537,0.18137975,0.8748326,right_upper_arm,true,0.001472912,0,0.122273527,0.308289021,false,false,bar_linear_stillness|bar_angular_stillness|knee_extension,1.37467146,0.05305917,0.5162129,0.205119178,0.105891742,0.0409232266,0.05,0.02,0.2,0.08726646,0.17453292,0.17453292
60,725,7.25,ASCENT,Ascent,false,true,0.330267131,0.3303553,0.3303553,110,409,425,false,false,NONE,1.39118814,-0.0125863738,-0.0253564939,-0.0459197275,true,true,8,true,true,0.00288282637,0.001984983,0.205076486,0.08492353,0.177119672,0.18149063,0.8756611,right_upper_arm,true,0.00147312717,0,0.122237444,0.307593733,false,false,bar_linear_stillness|bar_angular_stillness|knee_extension,1.37467146,0.0539443232,0.512988865,0.197812214,0.09865973,0.04265211,0.05,0.02,0.2,0.08726646,0.17453292,0.17453292
60,726,7.26,LOCKOUT,None,false,true,0.3305152,0.33059305,0.33059305,110,409,425,false,false,NONE,1.39083385,-0.01269975,-0.0274104849,-0.0459771752,true,true,8,true,true,0.0028818266,0.00198523444,0.205161631,0.08483838,0.17700766,0.181602627,0.876485467,right_upper_arm,true,0.00147236546,0,0.122122951,0.3060939,false,false,bar_linear_stillness|bar_angular_stillness|knee_extension,1.37467146,0.0550138056,0.5123909,0.190380067,0.09134133,0.0443405025,0.05,0.02,0.2,0.08726646,0.17453292,0.17453292
60,727,7.2700000000000005,LOCKOUT,None,false,true,0.330753148,0.3308196,0.3308196,110,409,425,false,false,NONE,1.39045084,-0.0128119737,-0.0299763232,-0.0493224636,true,true,8,true,true,0.00289050932,0.002099655,0.205254257,0.0847457647,0.176894426,0.181715861,0.877746463,right_upper_arm,true,0.00147114252,0,0.122099794,0.2892294,false,false,bar_linear_stillness|bar_angular_stillness|knee_extension,1.37467146,0.05912218,0.5713611,0.178696975,0.08041929,0.0456285141,0.05,0.02,0.2,0.08726646,0.17453292,0.17453292
60,728,7.28,LOCKOUT,None,false,true,0.331065238,0.331109,0.331109,110,409,425,false,false,NONE,1.39006281,-0.012907302,-0.0304293185,-0.0505847223,true,true,8,true,true,0.00192582782,0.001114447,0.2053462,0.0846538246,0.176780954,0.181829333,0.8790578,right_upper_arm,true,0.00148343144,0,0.123043969,0.279365033,false,false,bar_linear_stillness|bar_angular_stillness|knee_extension,1.37467146,0.06042645,0.610030055,0.167713851,0.0697816461,0.0473971032,0.05,0.02,0.2,0.08726646,0.17453292,0.17453292
60,729,7.29,LOCKOUT,None,false,true,0.331353,0.331385136,0.331385136,110,409,425,false,false,NONE,1.38967764,-0.0130133349,-0.03035418,-0.05075463,true,true,8,true,true,0.00228270958,0.00144736143,0.205427021,0.084573,0.17666705,0.181943238,0.8803622,right_upper_arm,true,0.001491522,0,0.123596586,0.277851045,false,false,bar_linear_stillness|bar_angular_stillness|knee_extension,1.37467146,0.06055374,0.6187196,0.15748243,0.0597962476,0.0492378175,0.05,0.02,0.2,0.08726646,0.17453292,0.17453292
60,730,7.3,LOCKOUT,None,false,true,0.331603885,0.3316279,0.3316279,110,409,425,false,false,NONE,1.3892833,-0.0130810309,-0.0314528421,-0.050384596,true,true,8,true,true,0.00281738,0.00193134765,0.205499619,0.0845004,0.176552281,0.182058,0.881595552,right_upper_arm,true,0.0014869828,0,0.123093732,0.281149417,false,false,bar_linear_stillness|bar_angular_stillness|knee_extension,1.37467146,0.06081942,0.607446253,0.148090169,0.05048594,0.0510308631,0.05,0.02,0.2,0.08726646,0.17453292,0.17453292
60,731,7.3100000000000005,LOCKOUT,None,false,true,0.331825852,0.3318401,0.3318401,110,409,425,false,false,NONE,1.38886285,-0.01308584,-0.0341641,-0.04967132,true,true,8,true,true,0.00316116377,0.00223581516,0.205570519,0.0844295,0.176436484,0.1821738,0.882720947,right_upper_arm,true,0.00147313566,0,0.121820174,0.2865046,false,false,bar_linear_stillness|bar_angular_stillness|knee_extension,1.37467146,0.06169007,0.585104644,0.13956745,0.0418051668,0.0527539849,0.05,0.02,0.2,0.08726646,0.17453292,0.17453292
60,732,7.32,LOCKOUT,None,false,true,0.332026839,0.332029283,0.332029283,110,409,425,false,false,NONE,1.3884033,-0.0130424229,-0.03810654,-0.0487612933,true,true,8,true,true,0.00327167474,0.00232192618,0.205645576,0.0843544453,0.176319852,0.182290435,0.883728743,right_upper_arm,true,0.00145664928,0,0.120333977,0.292341471,false,false,bar_linear_stillness|bar_angular_stillness|knee_extension,1.37467146,0.06324458,0.557257533,0.131896,0.0337236337,0.0544050634,0.05,0.02,0.2,0.08726646,0.17453292,0.17453292
60,733,7.33,LOCKOUT,None,false,true,0.332211733,0.332200229,0.332211733,110,409,425,false,false,NONE,1.38789845,-0.0129807051,-0.0425907522,-0.0478098132,true,true,8,true,true,0.00320902886,0.00225071725,0.205728665,0.08427136,0.176202759,0.182407528,0.884624243,right_upper_arm,true,0.00144311658,0,0.119103275,0.297864765,false,false,bar_linear_stillness|bar_angular_stillness|knee_extension,1.37467146,0.06533184,0.5273066,0.125020355,0.0262223,0.056007497,0.05,0.02,0.2,0.08726646,0.17453292,0.17453292
60,734,7.34,LOCKOUT,None,false,true,0.3323831,0.332355559,0.3323831,110,409,425,false,false,NONE,1.38734961,-0.0129255084,-0.04690098,-0.0469529033,true,true,8,true,true,0.00305315247,0.00210079853,0.205821723,0.0841783,0.1760856,0.182524681,0.8854178,right_upper_arm,true,0.00143610139,0,0.118427657,0.302663922,false,false,bar_linear_stillness|bar_angular_stillness|knee_extension,1.37467146,0.06761173,0.4974544,0.118879639,0.0192608982,0.05755707,0.05,0.02,0.2,0.08726646,0.17453292,0.17453292
60,735,7.3500000000000005,LOCKOUT,None,false,true,0.332543015,0.3324976,0.332543015,110,409,425,false,false,NONE,1.38676393,-0.0128885126,-0.0504721925,-0.04628388,true,true,8,true,true,0.00287535181,0.00194130267,0.205925167,0.0840748549,0.175968692,0.1826416,0.8861206,right_upper_arm,true,0.00143620186,0,0.118356079,0.306574762,false,false,bar_linear_stillness|bar_angular_stillness|knee_extension,1.37467146,0.06968324,0.469176739,0.113407932,0.0128446966,0.0590539,0.05,0.02,0.2,0.08726646,0.17453292,0.17453292
60,736,7.36,LOCKOUT,None,false,true,0.3326925,0.3326279,0.3326925,110,409,425,false,false,NONE,1.38615239,-0.012869277,-0.052930437,-0.0458366051,true,true,8,true,true,0.002725171,0.00181273744,0.2060385,0.08396151,0.175852224,0.182758063,0.886741936,right_upper_arm,true,0.00144330773,0,0.11887642,0.3095621,false,false,bar_linear_stillness|bar_angular_stillness|knee_extension,1.37467146,0.0711916,0.443252563,0.108539253,0.00683594076,0.06050191,0.05,0.02,0.2,0.08726646,0.17453292,0.17453292
60,737,7.37,LOCKOUT,None,false,true,0.332833,0.3327484,0.332833,110,409,425,false,false,NONE,1.38552761,-0.0128603671,-0.0541291,-0.0455912575,true,true,8,true,true,0.002629247,0.00173584791,0.206160873,0.08383914,0.175736308,0.182873979,0.88729,right_upper_arm,true,0.00145505031,0,0.119787455,0.3117118,false,false,bar_linear_stillness|bar_angular_stillness|knee_extension,1.37467146,0.07192991,0.419911116,0.104220666,0.00316442479,0.061908368,0.05,0.02,0.2,0.08726646,0.17453292,0.17453292
60,738,7.38,LOCKOUT,None,false,true,0.332965851,0.332861185,0.332965851,110,409,425,false,false,NONE,1.38490212,-0.0128525542,-0.054089956,-0.04549671,true,true,8,true,true,0.00259290729,0.00170770485,0.2062914,0.0837086141,0.175620973,0.182989314,0.8877719,right_upper_arm,true,0.0014695361,0,0.120927028,0.313176483,false,false,bar_linear_stillness|bar_angular_stillness|knee_extension,1.37467146,0.07183914,0.398859024,0.100385293,0.008597085,0.06326097,0.05,0.02,0.2,0.08726646,0.17453292,0.17453292
60,739,7.3900000000000006,LOCKOUT,None,false,true,0.3330921,0.332968056,0.3330921,110,409,425,false,false,NONE,1.38428688,-0.0128368195,-0.0529848933,-0.0454800129,true,true,8,true,true,0.00260839635,0.00171888189,0.206429511,0.0835705,0.175506234,0.183104053,0.8881941,right_upper_arm,true,0.00148439023,0,0.122094475,0.3141446,false,false,bar_linear_stillness|bar_angular_stillness|knee_extension,1.37467146,0.07099728,0.3794876,0.09698959,0.0135844285,0.06457419,0.05,0.02,0.2,0.08726646,0.17453292,0.17453292
60,740,7.4,LOCKOUT,None,false,true,0.333212852,0.3330701,0.333212852,110,409,425,false,false,NONE,1.38369036,-0.0128077473,-0.0510529131,-0.04547561,true,true,8,true,true,0.002656726,0.00175331731,0.206575,0.0834250152,0.175392076,0.183218211,0.8885623,right_upper_arm,true,0.00149782887,0,0.123139881,0.314798564,false,false,bar_linear_stillness|bar_angular_stillness|knee_extension,1.37467146,0.0695591047,0.3610836,0.0939847156,0.0182437561,0.06582502,0.05,0.02,0.2,0.08726646,0.17453292,0.17453292
60,741,7.41,LOCKOUT,None,false,true,0.3333292,0.333168626,0.3333292,110,409,425,false,false,NONE,1.38311827,-0.0127629125,-0.0485598445,-0.0454277322,true,true,8,true,true,0.00272072363,0.00179620262,0.206728071,0.08327195,0.17527853,0.183331758,0.8888819,right_upper_arm,true,0.00150889892,0,0.123983771,0.315282255,false,false,bar_linear_stillness|bar_angular_stillness|knee_extension,1.37467146,0.06770989,0.3429694,0.09132828,0.0225669555,0.06701696,0.05,0.02,0.2,0.08726646,0.17453292,0.17453292
60,742,7.42,LOCKOUT,None,false,true,0.333441675,0.3332641,0.333441675,110,409,425,false,false,NONE,1.3825742,-0.0127023468,-0.0457371622,-0.045303382,true,true,8,true,true,0.0027824745,0.00183543959,0.206889182,0.08311084,0.175165623,0.183444664,0.8891579,right_upper_arm,true,0.00151712133,0,0.124587707,0.315687835,false,false,bar_linear_stillness|bar_angular_stillness|knee_extension,1.37467146,0.06561733,0.324660718,0.08898446,0.0266104061,0.06814259,0.05,0.02,0.2,0.08726646,0.17453292,0.17453292
60,743,7.43,LOCKOUT,None,false,true,0.333550632,0.333356678,0.333550632,110,409,425,false,false,NONE,1.38205934,-0.0126273464,-0.0427937955,-0.0450874679,true,true,8,true,true,0.002832739,0.0018646837,0.207058966,0.08294106,0.1750534,0.183556885,0.889394939,right_upper_arm,true,0.0015222542,0,0.124933839,0.316074222,false,false,bar_linear_stillness|bar_angular_stillness,1.37467146,0.06343216,0.305867463,0.08691542,0.0303602368,0.0691982657,0.05,0.02,0.2,0.08726646,0.17453292,0.17453292
60,744,7.44,LOCKOUT,None,false,true,0.333656132,0.333446443,0.333656132,110,409,425,false,false,NONE,1.38157392,-0.0125402715,-0.0398449078,-0.04478923,true,true,8,true,true,0.00286299177,0.00187707448,0.207238048,0.08276198,0.174941987,0.1836683,0.889597,right_upper_arm,true,0.001525009,0,0.125083447,0.316415668,false,false,bar_linear_stillness|bar_angular_stillness,1.37467146,0.061245,0.2865214,0.08509355,0.033864744,0.07017354,0.05,0.02,0.2,0.08726646,0.17453292,0.17453292
60,745,7.45,LOCKOUT,None,false,true,0.333758175,0.333532751,0.333758175,110,409,425,false,false,NONE,1.38111711,-0.0124432873,-0.03696835,-0.0444249026,true,true,8,true,true,0.0028732284,0.0018754144,0.20742695,0.08257307,0.174831435,0.183778852,0.889768064,right_upper_arm,true,0.0015258583,0,0.12507841,0.316679955,false,false,bar_linear_stillness|bar_angular_stillness,1.37467146,0.0591190867,0.2667841,0.08349502,0.0371227562,0.07107508,0.05,0.02,0.2,0.08726646,0.17453292,0.17453292
60,746,7.46,LOCKOUT,None,false,true,0.333856642,0.333615661,0.333856642,110,409,425,false,false,NONE,1.38068807,-0.0123380981,-0.03418582,-0.0440208651,true,true,8,true,true,0.0028659252,0.00186137971,0.207626045,0.08237398,0.174721882,0.1838884,0.8899112,right_upper_arm,true,0.00152551534,0,0.12497887,0.316808,false,false,bar_linear_stillness|bar_angular_stillness,1.37467146,0.0570853353,0.2469004,0.08208641,0.0401467755,0.07188909,0.05,0.02,0.2,0.08726646,0.17453292,0.17453292
60,747,7.47,LOCKOUT,None,false,true,0.3339514,0.333695,0.3339514,110,409,425,false,false,NONE,1.38028586,-0.0122254407,-0.0314887241,-0.0436001,true,true,8,true,true,0.002846993,0.00183956849,0.207835451,0.08216457,0.174613431,0.183996856,0.8900296,right_upper_arm,true,0.0015245718,0,0.124836177,0.316741645,false,false,bar_linear_stillness|bar_angular_stillness,1.37467146,0.0551540554,0.227172211,0.0808451846,0.0429473743,0.07263162,0.05,0.02,0.2,0.08726646,0.17453292,0.17453292
60,748,7.48,LOCKOUT,None,false,true,0.334042132,0.333770335,0.334042132,110,409,425,false,false,NONE,1.37991,-0.0121070715,-0.02884651,-0.04318695,true,true,8,true,true,0.00282170763,0.00181520113,0.208055079,0.08194494,0.174506158,0.18410413,0.8901258,right_upper_arm,true,0.00152350555,0,0.124689206,0.316425264,false,false,bar_linear_stillness|bar_angular_stillness,1.37467146,0.0533274338,0.207935065,0.0797642,0.0455238856,0.07329836,0.05,0.02,0.2,0.08726646,0.17453292,0.17453292
60,749,7.49,LOCKOUT,None,false,true,0.334128916,0.333841741,0.334128916,110,409,425,false,false,NONE,1.37956047,-0.0120025082,-0.0261925533,-0.0428003222,true,true,8,true,true,0.002785704,0.00183844927,0.208284616,0.08171541,0.174400046,0.184210241,0.890199661,right_upper_arm,true,0.00152303069,0,0.124597535,0.315793067,false,false,bar_linear_stillness,1.37467146,0.0515943579,0.1895998,0.07881678,0.04789753,0.0738913342,0.05,0.02,0.2,0.08726646,0.17453292,0.17453292
60,750,7.5,LOCKOUT,None,false,true,0.33421272,0.3339088,0.33421272,110,409,425,false,false,NONE,1.37923741,-0.0119042965,-0.0235341489,-0.04244306,true,true,8,true,true,0.00275948574,0.00185189408,0.208523557,0.0814764649,0.174295112,0.184315175,0.8902552,right_upper_arm,true,0.00152267062,0,0.124521665,0.314900666,false,false,bar_linear_stillness,1.37467146,0.0499698073,0.1721016,0.07798944,0.0500781164,0.0744155347,0.05,0.02,0.2,0.08726646,0.17453292,0.17453292
60,751,7.51,LOCKOUT,None,false,true,0.334291875,0.333972216,0.334291875,110,409,425,false,false,NONE,1.37894082,-0.0118058315,-0.0208876878,-0.0421134345,true,true,8,true,true,0.002743949,0.00186309312,0.208771467,0.0812285542,0.1741913,0.184418991,0.890295267,right_upper_arm,true,0.00152242812,0,0.124460116,0.3137631,false,false,bar_linear_stillness,1.37467146,0.0484686978,0.155484468,0.0772675052,0.05207158,0.07487877,0.05,0.02,0.2,0.08726646,0.17453292,0.17453292
60,752,7.5200000000000005,LOCKOUT,None,false,true,0.334366977,0.334032178,0.334366977,110,409,425,false,false,NONE,1.37867045,-0.0116995964,-0.01825419,-0.041808214,true,true,8,true,true,0.00274463976,0.00188828621,0.209027857,0.08097216,0.1740885,0.1845218,0.890321553,right_upper_arm,true,0.00152218563,0,0.124401867,0.3123437,false,false,bar_linear_stillness,1.37467146,0.04709589,0.139943719,0.0766477361,0.05389426,0.0752853155,0.05,0.02,0.2,0.08726646,0.17453292,0.17453292
60,753,7.53,LOCKOUT,None,false,true,0.3344369,0.334088922,0.3344369,110,409,425,false,false,NONE,1.37842619,-0.0115881152,-0.01563982,-0.0415210277,true,true,8,true,true,0.002742376,0.00192212954,0.209292188,0.08070783,0.173986614,0.184623688,0.8903356,right_upper_arm,true,0.001522063,0,0.124356352,0.310713619,false,false,bar_linear_stillness,1.37467146,0.0458572134,0.12538746,0.07610758,0.0555543751,0.07563295,0.05,0.02,0.2,0.08726646,0.17453292,0.17453292
60,754,7.54,LOCKOUT,None,false,true,0.334503531,0.334142566,0.334503531,110,409,425,false,false,NONE,1.37820756,-0.0114791058,-0.0130810961,-0.04124389,true,true,8,true,true,0.002736811,0.00195999444,0.209563971,0.08043606,0.1738856,0.184724689,0.890339732,right_upper_arm,true,0.00152170321,0,0.124294125,0.308919936,false,false,bar_linear_stillness,1.37467146,0.044765424,0.111696132,0.075645566,0.057074476,0.07592249,0.05,0.02,0.2,0.08726646,0.17453292,0.17453292
60,755,7.55,LOCKOUT,None,false,true,0.3345663,0.334192932,0.3345663,110,409,425,false,false,NONE,1.37801349,-0.0113745527,-0.0106250122,-0.0409665555,true,true,8,true,true,0.002730419,0.00199923175,0.209842741,0.08015728,0.173785418,0.184824869,0.8903353,right_upper_arm,true,0.001520869,0,0.124194875,0.3070129,false,false,bar_linear_stillness,1.37467146,0.0438238531,0.0988142043,0.0752409548,0.05844508,0.076163955,0.05,0.02,0.2,0.08726646,0.17453292,0.17453292
60,756,7.5600000000000005,LOCKOUT,None,false,true,0.334625185,0.334240437,0.334625185,110,409,425,false,false,NONE,1.3778429,-0.0112747978,-0.008287057,-0.0406881645,true,true,8,true,true,0.00272987527,0.00203589327,0.210128143,0.07987188,0.173685983,0.1849243,0.8903236,right_upper_arm,true,0.00151979644,0,0.124079056,0.304997951,false,false,bar_linear_stillness,1.37467146,0.0430270061,0.08667818,0.07490105,0.0596924759,0.07635471,0.05,0.02,0.2,0.08726646,0.17453292,0.17453292
60,757,7.57,LOCKOUT,None,false,true,0.334680378,0.334284782,0.334680378,110,409,425,false,false,NONE,1.37769425,-0.0111806206,-0.00609015673,-0.04040558,true,true,8,true,true,0.00274416688,0.002072271,0.210419744,0.07958028,0.173587233,0.185023054,0.890306,right_upper_arm,true,0.00151824951,0,0.123925939,0.30290404,false,false,bar_linear_stillness,1.37467146,0.0423639826,0.07532905,0.074607566,0.060816396,0.07650136,0.05,0.02,0.2,0.08726646,0.17453292,0.17453292
60,758,7.58,LOCKOUT,None,false,true,0.334731877,0.3343264,0.334731877,110,409,425,false,false,NONE,1.37756634,-0.0110928249,-0.004038617,-0.0401211828,true,true,8,true,true,0.00276001985,0.00210668636,0.210717112,0.07928291,0.173489124,0.185121164,0.890283346,right_upper_arm,true,0.00151646463,0,0.123755813,0.3007445,false,false,bar_linear_stillness,1.37467146,0.04182189,0.06475971,0.0743610337,0.06182743,0.0766041651,0.05,0.02,0.2,0.08726646,0.17453292,0.17453292
60,759,7.59,LOCKOUT,None,false,true,0.334779978,0.33436507,0.334779978,110,409,425,false,false,NONE,1.37745738,-0.01101233,-0.00214782357,-0.0398341157,true,true,8,true,true,0.0027985957,0.0021407993,0.211019844,0.07898018,0.173391566,0.185218722,0.8902565,right_upper_arm,true,0.00151456147,0,0.123578086,0.298541576,false,false,bar_linear_stillness,1.37467146,0.04138407,0.0550091453,0.07415551,0.0627310351,0.07667263,0.05,0.02,0.2,0.08726646,0.17453292,0.17453292
60,760,7.6000000000000005,LOCKOUT,None,false,true,0.334824741,0.334401071,0.334824741,110,409,425,false,false,NONE,1.377366,-0.0109395348,-0.000405691564,-0.0395479351,true,true,8,true,true,0.00283963815,0.00217335857,0.211327463,0.0786725655,0.173294514,0.185315773,0.8902265,right_upper_arm,true,0.001512538,0,0.1233937,0.296300322,false,false,bar_linear_stillness,1.37467146,0.04103507,0.0461510867,0.07398487,0.063528046,0.07670061,0.05,0.02,0.2,0.08726646,0.17453292,0.17453292
60,761,7.61,LOCKOUT,None,false,true,0.3348661,0.3344342,0.3348661,110,409,425,false,false,NONE,1.37729061,-0.0108742286,0.0011895895,-0.0392638035,true,true,8,true,true,0.0028819968,0.00220632832,0.211639509,0.07836051,0.17319794,0.185412347,0.8901934,right_upper_arm,true,0.00151063327,0,0.123221621,0.2940284,false,false,bar_linear_stillness,1.37467146,0.0407591723,0.03830611,0.07384291,0.06424098,0.07669439,0.05,0.02,0.2,0.08726646,0.17453292,0.17453292
60,762,7.62,LOCKOUT,None,false,true,0.334904253,0.3344648,0.334904253,110,409,425,false,false,NONE,1.37722981,-0.0108160442,0.00264381617,-0.0389847048,true,true,8,true,true,0.002926399,0.00224249787,0.211955518,0.07804451,0.173101768,0.185508519,0.890158951,right_upper_arm,true,0.00150872942,0,0.123051219,0.291753381,false,false,bar_linear_stillness,1.37467146,0.0405436046,0.0316115357,0.07372332,0.06486527,0.07666329,0.05,0.02,0.2,0.08726646,0.17453292,0.17453292
60,763,7.63,LOCKOUT,None,false,true,0.3349396,0.334492862,0.3349396,110,409,425,false,false,NONE,1.37718248,-0.0107639758,0.0039768815,-0.0387116149,true,true,8,true,true,0.00297264825,0.00227979524,0.212274969,0.07772506,0.173005968,0.185604319,0.8901227,right_upper_arm,true,0.00150706165,0,0.122903407,0.289464176,false,false,bar_linear_stillness,1.37467146,0.0403765775,0.0262424983,0.0736359358,0.06541073,0.07660728,0.05,0.02,0.2,0.08726646,0.17453292,0.17453292
60,764,7.6400000000000006,LOCKOUT,None,false,true,0.3349719,0.334518373,0.3349719,110,409,425,false,false,NONE,1.37714744,-0.0107182544,0.00518839061,-0.03844373,true,true,8,true,true,0.00302270171,0.002320033,0.21259737,0.07740265,0.172910467,0.185699821,0.890085638,right_upper_arm,true,0.00150539365,0,0.122757562,0.2871924,false,false,bar_linear_stillness,1.37467146,0.0402457528,0.02242348,0.0735679,0.06587572,0.07652942,0.05,0.02,0.2,0.08726646,0.17453292,0.17453292
60,765,7.65,LOCKOUT,None,false,true,0.335001528,0.334541678,0.335001528,110,409,425,false,false,NONE,1.37712336,-0.0106784459,0.00628455,-0.03818067,true,true,8,true,true,0.00307447929,0.00236348948,0.212922245,0.0770777762,0.172815233,0.185795054,0.890048265,right_upper_arm,true,0.001503846,0,0.122622408,0.28494972,false,false,bar_linear_stillness,1.37467146,0.0401408561,0.0202955827,0.07351925,0.0662763044,0.07642651,0.05,0.02,0.2,0.08726646,0.17453292,0.17453292
60,766,7.66,LOCKOUT,None,false,true,0.33502847,0.334562957,0.33502847,110,409,425,false,false,NONE,1.37710929,-0.01064453,0.007269636,-0.037920285,true,true,8,true,true,0.00312875421,0.002408773,0.213249132,0.07675089,0.1727202,0.1858901,0.890010536,right_upper_arm,true,0.00150217838,0,0.122479334,0.282750845,false,false,bar_linear_stillness,1.37467146,0.0400512367,0.0197665952,0.07348681,0.06661366,0.0763141,0.05,0.02,0.2,0.08726646,0.17453292,0.17453292
60,767,7.67,LOCKOUT,None,false,true,0.335053146,0.3345824,0.335053146,110,409,425,false,false,NONE,1.37710416,-0.0106158629,0.00814756,-0.0376603231,true,true,8,true,true,0.00318415021,0.00245638145,0.213577569,0.07642245,0.172625318,0.185984969,0.889973,right_upper_arm,true,0.00150074821,0,0.12235751,0.2806106,false,false,bar_linear_stillness,1.37467146,0.0399672277,0.020460017,0.0734640956,0.0668923,0.07618274,0.05,0.02,0.2,0.08726646,0.17453292,0.17453292
60,768,7.68,LOCKOUT,None,false,true,0.335075676,0.334599853,0.335075676,110,409,425,false,false,NONE,1.37710679,-0.0105923144,0.008921318,-0.03740146,true,true,8,true,true,0.00324116461,0.00250445213,0.213907152,0.07609287,0.172530547,0.186079741,0.8899363,right_upper_arm,true,0.00149955682,0,0.122256093,0.278538823,false,false,bar_linear_stillness,1.37467146,0.0398830324,0.0218874644,0.0734608546,0.0671165138,0.07604174,0.05,0.02,0.2,0.08726646,0.17453292,0.17453292
60,769,7.69,LOCKOUT,None,false,true,0.33509618,0.334615648,0.33509618,110,409,425,false,false,NONE,1.3771162,-0.0105734821,0.009594783,-0.0371413268,true,true,8,true,true,0.00329917273,0.002553296,0.214237452,0.07576256,0.17243585,0.186174437,0.889900267,right_upper_arm,true,0.00149836624,0,0.1221552,0.276546985,false,false,bar_linear_stillness,1.37467146,0.0397911631,0.0236313771,0.073470585,0.06729747,0.07588792,0.05,0.02,0.2,0.08726646,0.17453292,0.17453292
60,770,7.7,LOCKOUT,None,false,true,0.3351146,0.334629834,0.3351146,110,409,425,false,false,NONE,1.37713158,-0.0105591314,0.0101739094,-0.03687885,true,true,8,true,true,0.0033569145,0.00260203588,0.214568108,0.0754319057,0.172341183,0.1862691,0.8898653,right_upper_arm,true,0.00149717554,0,0.122055128,0.274639666,false,false,bar_linear_stillness,1.37467146,0.03968694,0.0254347268,0.07349005,0.06743199,0.07572433,0.05,0.02,0.2,0.08726646,0.17453292,0.17453292
60,771,7.71,LOCKOUT,None,false,true,0.3351314,0.334642768,0.3351314,110,409,425,false,false,NONE,1.37715185,-0.0105490424,0.0106587932,-0.0366132259,true,true,8,true,true,0.00341525534,0.00265162112,0.214898765,0.07510126,0.1722465,0.186363786,0.8898315,right_upper_arm,true,0.00149610359,0,0.121965773,0.272825152,false,false,bar_linear_stillness,1.37467146,0.0395653956,0.0271371379,0.07352574,0.06753093,0.07556355,0.05,0.02,0.2,0.08726646,0.17453292,0.17453292
60,772,7.72,LOCKOUT,None,false,true,0.335146546,0.334653974,0.335146546,110,409,425,false,false,NONE,1.37717617,-0.0105427513,0.0110580549,-0.0363445,true,true,8,true,true,0.00347388047,0.002699965,0.215229034,0.07477098,0.172151789,0.1864585,0.88979876,right_upper_arm,true,0.00149503257,0,0.121876575,0.2711025,false,false,bar_linear_stillness,1.37467146,0.03942528,0.0286457725,0.0735646561,0.06759094,0.07538661,0.05,0.02,0.2,0.08726646,0.17453292,0.17453292
60,773,7.73,LOCKOUT,None,false,true,0.335160315,0.334664226,0.335160315,110,409,425,false,false,NONE,1.377204,-0.0105404854,0.0113850012,-0.0360731967,true,true,8,true,true,0.0035325198,0.00272607664,0.215558618,0.0744413957,0.172057,0.1865533,0.8897674,right_upper_arm,true,0.00149396108,0,0.121788085,0.2694661,false,false,bar_linear_stillness,1.37467146,0.03926825,0.029932512,0.07361326,0.0676226839,0.07521559,0.05,0.02,0.2,0.08726646,0.17453292,0.17453292
60,774,7.74,LOCKOUT,None,false,true,0.335172653,0.334673524,0.335172653,110,409,425,false,false,NONE,1.37723422,-0.0105426256,0.0116355717,-0.0357971378,true,true,8,true,true,0.00359127414,0.002732135,0.215887189,0.07411283,0.171962082,0.1866482,0.8897374,right_upper_arm,true,0.00149312778,0,0.121719562,0.2679282,false,false,bar_linear_stillness,1.37467146,0.03908924,0.03096607,0.07367155,0.0676226839,0.07504419,0.05,0.02,0.2,0.08726646,0.17453292,0.17453292
60,775,7.75,LOCKOUT,None,false,true,0.3351838,0.3346817,0.3351838,110,409,425,false,false,NONE,1.37726653,-0.0105496868,0.0118257552,-0.0355179161,true,true,8,true,true,0.00364981033,0.00273667416,0.216214448,0.07378557,0.171867013,0.186743274,0.889709234,right_upper_arm,true,0.00149229588,0,0.121650681,0.266482383,false,false,bar_linear_stillness,1.37467146,0.0388930179,0.03175015,0.0737362653,0.06760505,0.07486603,0.05,0.02,0.2,0.08726646,0.17453292,0.17453292
60,776,7.76,LOCKOUT,None,false,true,0.335193932,0.3346889,0.335193932,110,409,425,false,false,NONE,1.37730014,-0.0105610192,0.0119564682,-0.03523209,true,true,8,true,true,0.003707526,0.00274231588,0.216540113,0.07345991,0.171771765,0.186838537,0.8896822,right_upper_arm,true,0.0014915819,0,0.121592484,0.265128165,false,false,bar_linear_stillness,1.37467146,0.0386754759,0.03229733,0.07381061,0.06756271,0.0746938139,0.05,0.02,0.2,0.08726646,0.17453292,0.17453292
60,777,7.7700000000000005,LOCKOUT,None,false,true,0.33520323,0.334695518,0.33520323,110,409,425,false,false,NONE,1.37733459,-0.0105760936,0.0120350271,-0.0349411219,true,true,8,true,true,0.00372949848,0.00274872081,0.216863915,0.0731361061,0.171676263,0.186934024,0.889656842,right_upper_arm,true,0.00149086781,0,0.121534459,0.2638651,false,false,bar_linear_stillness,1.37467146,0.0384392738,0.0326320939,0.07388811,0.0674956143,0.07452441,0.05,0.02,0.2,0.08726646,0.17453292,0.17453292
60,778,7.78,LOCKOUT,None,false,true,0.335211515,0.334701061,0.335211515,110,409,425,false,false,NONE,1.37736952,-0.0105946735,0.0120713264,-0.0346458256,true,true,8,true,true,0.00374329,0.0027558622,0.217185616,0.07281441,0.1715805,0.1870298,0.88963294,right_upper_arm,true,0.00149039249,0,0.12149585,0.2626812,false,false,bar_linear_stillness,1.37467146,0.03818766,0.03276604,0.07397843,0.06741784,0.07435783,0.05,0.02,0.2,0.08726646,0.17453292,0.17453292
60,779,7.79,LOCKOUT,None,false,true,0.335219145,0.334706366,0.335219145,110,409,425,false,false,NONE,1.37740445,-0.0106166853,0.0120662153,-0.0343431644,true,true,8,true,true,0.003758165,0.00276342966,0.217504963,0.07249506,0.171484426,0.187125862,0.8896106,right_upper_arm,true,0.00148991658,0,0.121457517,0.2615818,false,false,bar_linear_stillness,1.37467146,0.03791781,0.0327131,0.07406863,0.0673293546,0.07419088,0.05,0.02,0.2,0.08726646,0.17453292,0.17453292
60,780,7.8,LOCKOUT,None,false,true,0.335226119,0.334710836,0.335226119,110,409,425,false,false,NONE,1.377439,-0.0106418543,0.0120242164,-0.0340334326,true,true,8,true,true,0.003773361,0.00277165137,0.217821777,0.07217825,0.17138803,0.187222257,0.8895897,right_upper_arm,true,0.00148944126,0,0.121418975,0.260566026,false,false,bar_linear_stillness,1.37467146,0.0376311764,0.0325034223,0.07416515,0.06722302,0.0740332,0.05,0.02,0.2,0.08726646,0.17453292,0.17453292
60,781,7.8100000000000005,LOCKOUT,None,false,true,0.335232735,0.334715128,0.335232735,110,409,425,false,false,NONE,1.37747288,-0.0106700892,0.0119524673,-0.03371659,true,true,8,true,true,0.00378770544,0.00278004142,0.218135834,0.0718641952,0.171291277,0.18731901,0.889570236,right_upper_arm,true,0.00148908538,0,0.121389933,0.259624451,false,false,bar_linear_stillness,1.37467146,0.03732989,0.03216922,0.07427119,0.06710585,0.07387843,0.05,0.02,0.2,0.08726646,0.17453292,0.17453292
60,782,7.82,LOCKOUT,None,false,true,0.335238636,0.334719,0.335238636,110,409,425,false,false,NONE,1.37750578,-0.01070123,0.011850521,-0.0333907679,true,true,8,true,true,0.0038027023,0.002787797,0.21844694,0.0715530738,0.171194151,0.187416136,0.889551938,right_upper_arm,true,0.00148884871,0,0.121370606,0.2587545,false,false,bar_linear_stillness,1.37467146,0.0370120853,0.031727504,0.074380286,0.06698493,0.07372979,0.05,0.02,0.2,0.08726646,0.17453292,0.17453292
60,783,7.83,LOCKOUT,None,false,true,0.335244179,0.334722459,0.335244179,110,409,425,false,false,NONE,1.37753749,-0.0107351681,0.0117247924,-0.0330578126,true,true,8,true,true,0.0038165648,0.00279564923,0.218754977,0.0712450445,0.171096638,0.187513649,0.8895352,right_upper_arm,true,0.001488612,0,0.121351175,0.257952183,false,false,bar_linear_stillness,1.37467146,0.0366815142,0.0311891474,0.0744956061,0.0668530762,0.0735841,0.05,0.02,0.2,0.08726646,0.17453292,0.17453292
60,784,7.84,LOCKOUT,None,false,true,0.335249364,0.334725678,0.335249364,110,409,425,false,false,NONE,1.37756777,-0.0107714012,0.0115761533,-0.0327144749,true,true,8,true,true,0.003830841,0.00280425022,0.21905975,0.07094027,0.170998752,0.187611535,0.8895194,right_upper_arm,true,0.00148837571,0,0.121331416,0.2572171,false,false,bar_linear_stillness,1.37467146,0.0363354832,0.0305697285,0.07461396,0.06671382,0.07344461,0.05,0.02,0.2,0.08726646,0.17453292,0.17453292
60,785,7.8500000000000005,LOCKOUT,None,false,true,0.3352545,0.334728718,0.3352545,110,409,425,false,false,NONE,1.37759638,-0.0108090043,0.0114100054,-0.0323628858,true,true,8,true,true,0.00384519924,0.00281290128,0.219361126,0.0706389,0.170900464,0.187709823,0.88950485,right_upper_arm,true,0.00148825848,0,0.121321276,0.256537676,false,false,bar_linear_stillness,1.37467146,0.0359774828,0.02990122,0.0747385,0.0665742755,0.0733113661,0.05,0.02,0.2,0.08726646,0.17453292,0.17453292
60,786,7.86,LOCKOUT,None,false,true,0.335259318,0.3347314,0.335259318,110,409,425,false,false,NONE,1.37762332,-0.01084831,0.0112360343,-0.03200318,true,true,8,true,true,0.00385918119,0.002821325,0.219658941,0.07034108,0.170801774,0.187808514,0.8894912,right_upper_arm,true,0.0014881395,0,0.121311873,0.2559011,false,false,bar_linear_stillness,1.37467146,0.03561092,0.0291807186,0.07486603,0.0664308444,0.07318439,0.05,0.02,0.2,0.08726646,0.17453292,0.17453292
60,787,7.87,LOCKOUT,None,false,true,0.3352639,0.334734082,0.3352639,110,409,425,false,false,NONE,1.37764847,-0.01088818,0.0110551417,-0.0316365846,true,true,8,true,true,0.003874229,0.00283103227,0.21995312,0.07004691,0.1707027,0.187907591,0.8894788,right_upper_arm,true,0.0014881409,0,0.121311411,0.255314916,false,false,bar_linear_stillness,1.37467146,0.0352369435,0.02842002,0.0749965,0.0662871,0.07306373,0.05,0.02,0.2,0.08726646,0.17453292,0.17453292
60,788,7.88,LOCKOUT,None,false,true,0.3352685,0.334736645,0.3352685,110,409,425,false,false,NONE,1.37767172,-0.0109289931,0.0108660311,-0.0312602632,true,true,8,true,true,0.00388923776,0.002840625,0.220243484,0.06975653,0.170603245,0.188007042,0.889466941,right_upper_arm,true,0.001488262,0,0.121320307,0.254769,false,false,bar_linear_stillness,1.37467146,0.0348528,0.0276418887,0.0751331151,0.0661394447,0.07294614,0.05,0.02,0.2,0.08726646,0.17453292,0.17453292
60,789,7.8900000000000006,LOCKOUT,None,false,true,0.335272849,0.334739268,0.335272849,110,409,425,false,false,NONE,1.377693,-0.0109696612,0.0106743053,-0.03087386,true,true,8,true,true,0.00390454521,0.00285198842,0.220529988,0.06947003,0.170503408,0.18810688,0.8894561,right_upper_arm,true,0.00148826325,0,0.12131948,0.254263759,false,false,bar_linear_stillness,1.37467146,0.03445968,0.0268502664,0.0752694756,0.0659914538,0.0728349,0.05,0.02,0.2,0.08726646,0.17453292,0.17453292
60,790,7.9,LOCKOUT,None,false,true,0.335277319,0.334741533,0.335277319,110,409,425,false,false,NONE,1.37771261,-0.0110102026,0.0104838908,-0.030479854,true,true,8,true,true,0.00392020633,0.00286185439,0.2208125,0.06918752,0.170403212,0.18820709,0.8894461,right_upper_arm,true,0.00148826512,0,0.121318251,0.2537913,false,false,bar_linear_stillness,1.37467146,0.0340610929,0.0260658916,0.0754119158,0.0658431351,0.07273006,0.05,0.02,0.2,0.08726646,0.17453292,0.17453292
60,791,7.91,LOCKOUT,None,false,true,0.33528173,0.334743977,0.33528173,110,409,425,false,false,NONE,1.37773025,-0.0110499142,0.0102941394,-0.0300759021,true,true,8,true,true,0.00393628655,0.00287301769,0.221090928,0.0689090937,0.170302659,0.188307628,0.8894366,right_upper_arm,true,0.00148838514,0,0.121327035,0.2533512,false,false,bar_linear_stillness,1.37467146,0.0336545669,0.025294,0.07555724,0.06570174,0.07263162,0.05,0.02,0.2,0.08726646,0.17453292,0.17453292
60,792,7.92,LOCKOUT,None,false,true,0.33528614,0.3347463,0.33528614,110,409,425,false,false,NONE,1.377746,-0.0110886823,0.0101058185,-0.029663071,true,true,8,true,true,0.003952344,0.00288476422,0.221365213,0.06863481,0.170201778,0.188408509,0.88942796,right_upper_arm,true,0.00148850551,0,0.121335432,0.2529439,false,false,bar_linear_stillness,1.37467146,0.0332413,0.02455576,0.07570544,0.0655564,0.07253963,0.05,0.02,0.2,0.08726646,0.17453292,0.17453292
60,793,7.9300000000000006,LOCKOUT,None,false,true,0.3352906,0.334748864,0.3352906,110,409,425,false,false,NONE,1.37775993,-0.0111259613,0.009925507,-0.0292416289,true,true,8,true,true,0.00396847259,0.002896441,0.221635252,0.06836476,0.1701006,0.188509673,0.8894198,right_upper_arm,true,0.00148874463,0,0.121353626,0.2525631,false,false,bar_linear_stillness,1.37467146,0.0328234,0.0238428861,0.0758596361,0.06541073,0.0724573955,0.05,0.02,0.2,0.08726646,0.17453292,0.17453292
60,794,7.94,LOCKOUT,None,false,true,0.335295022,0.334751248,0.335295022,110,409,425,false,false,NONE,1.37777209,-0.0111613618,0.00974901,-0.0288111549,true,true,8,true,true,0.003985194,0.00290912134,0.221901029,0.068099,0.169999152,0.188611135,0.889412165,right_upper_arm,true,0.00148910331,0,0.121381208,0.252206057,false,false,bar_linear_stillness,1.37467146,0.032399103,0.0231753271,0.07601351,0.0652684048,0.07237177,0.05,0.02,0.2,0.08726646,0.17453292,0.17453292
60,795,7.95,LOCKOUT,None,false,true,0.335299671,0.3347537,0.335299671,110,409,425,false,false,NONE,1.3777827,-0.0111949546,0.009583876,-0.02837261,true,true,8,true,true,0.004001284,0.002921167,0.222162411,0.06783761,0.169897452,0.188712835,0.889404953,right_upper_arm,true,0.00148922356,0,0.121389091,0.251873225,false,false,bar_linear_stillness,1.37467146,0.0319715925,0.0225439183,0.07617022,0.06512942,0.07229925,0.05,0.02,0.2,0.08726646,0.17453292,0.17453292
60,796,7.96,LOCKOUT,None,false,true,0.335304379,0.3347562,0.335304379,110,409,425,false,false,NONE,1.37779164,-0.0112259118,0.009423576,-0.02792504,true,true,8,true,true,0.00401843525,0.00293449918,0.222419411,0.06758061,0.169795528,0.188814759,0.8893983,right_upper_arm,true,0.00148934475,0,0.121396355,0.251568675,false,false,bar_linear_stillness,1.37467146,0.0315378,0.0219638664,0.07632972,0.06499748,0.07222335,0.05,0.02,0.2,0.08726646,0.17453292,0.17453292
60,797,7.97,LOCKOUT,None,false,true,0.335309029,0.334758759,0.335309029,110,409,425,false,false,NONE,1.377799,-0.0112542761,0.00927078,-0.0274683181,true,true,8,true,true,0.0040352256,0.00294778636,0.222671926,0.0673280954,0.16969341,0.188916877,0.8893918,right_upper_arm,true,0.00148970378,0,0.121423244,0.251287878,false,false,bar_linear_stillness,1.37467146,0.0310984664,0.0214545242,0.07648267,0.06486527,0.07215397,0.05,0.02,0.2,0.08726646,0.17453292,0.17453292
60,798,7.98,LOCKOUT,None,false,true,0.335313737,0.334761322,0.335313737,110,409,425,false,false,NONE,1.377805,-0.0112793995,0.00912258,-0.0270008426,true,true,8,true,true,0.00405258033,0.00296198134,0.222919956,0.0670800656,0.169591159,0.189019129,0.889385641,right_upper_arm,true,0.00148994313,0,0.121440455,0.25103727,false,false,bar_linear_stillness,1.37467146,0.0306511316,0.0209921617,0.07664463,0.06473647,0.0720944554,0.05,0.02,0.2,0.08726646,0.17453292,0.17453292
60,799,7.99,LOCKOUT,None,false,true,0.335318744,0.334763765,0.335318744,110,409,425,false,false,NONE,1.37780964,-0.0113013759,0.008988664,-0.0265284441,true,true,8,true,true,0.004069142,0.002974953,0.223163426,0.06683659,0.1694888,0.189121485,0.88938,right_upper_arm,true,0.00149018248,0,0.121457539,0.250802517,false,false,bar_linear_stillness,1.37467146,0.0302039,0.0206026584,0.0768062547,0.06460373,0.07203159,0.05,0.02,0.2,0.08726646,0.17453292,0.17453292
60,800,8,LOCKOUT,None,false,true,0.335323453,0.334766448,0.335323453,110,409,425,false,false,NONE,1.377813,-0.0113199828,0.008861326,-0.0260462519,true,true,8,true,true,0.004086304,0.00298898364,0.223402321,0.0665977,0.169386372,0.189223915,0.889374,right_upper_arm,true,0.00149042183,0,0.121474527,0.2505951,false,false,bar_linear_stillness,1.37467146,0.0297501646,0.0202657953,0.07697064,0.06448181,0.07197528,0.05,0.02,0.2,0.08726646,0.17453292,0.17453292
60,801,8.01,LOCKOUT,None,false,true,0.33532846,0.33476907,0.33532846,110,409,425,false,false,NONE,1.37781513,-0.011334694,0.008744001,-0.0255574435,true,true,8,true,true,0.00410332065,0.0030035316,0.2236366,0.0663634241,0.169283912,0.189326376,0.8893689,right_upper_arm,true,0.00149078027,0,0.121501185,0.250412434,false,false,bar_linear_stillness,1.37467146,0.0292936135,0.0199914537,0.07713468,0.06436336,0.07192225,0.05,0.02,0.2,0.08726646,0.17453292,0.17453292
60,802,8.02,LOCKOUT,None,false,true,0.335333526,0.334771574,0.335333526,110,409,425,false,false,NONE,1.37781632,-0.0113453371,0.00864116848,-0.0250618886,true,true,8,true,true,0.00412046257,0.0030180586,0.223866224,0.0661338,0.169181481,0.1894288,0.8893636,right_upper_arm,true,0.00149090041,0,0.1215082,0.250249118,false,false,bar_linear_stillness,1.37467146,0.0288354773,0.0197710376,0.07729527,0.06424098,0.07187582,0.05,0.02,0.2,0.08726646,0.17453292,0.17453292
60,803,8.03,LOCKOUT,None,false,true,0.335338652,0.334774435,0.335338652,110,409,425,false,false,NONE,1.37781644,-0.0113520157,0.008543439,-0.02455721,true,true,8,true,true,0.00413792767,0.00303286174,0.224091172,0.06590886,0.16907911,0.189531177,0.8893582,right_upper_arm,true,0.00149125885,0,0.1215347,0.250113815,false,false,bar_linear_stillness,1.37467146,0.0283710267,0.0196054336,0.07745554,0.0641258061,0.07182603,0.05,0.02,0.2,0.08726646,0.17453292,0.17453292
60,804,8.0400000000000009,LOCKOUT,None,false,true,0.335343778,0.334777,0.335343778,110,409,425,false,false,NONE,1.37781572,-0.0113544017,0.00845896453,-0.0240478534,true,true,8,true,true,0.00415547751,0.003048171,0.224311411,0.06568862,0.168976843,0.189633444,0.889353335,right_upper_arm,true,0.00149149762,0,0.121551573,0.250007361,false,false,bar_linear_stillness,1.37467146,0.0279065538,0.0194969736,0.0776185542,0.06401788,0.07178286,0.05,0.02,0.2,0.08726646,0.17453292,0.17453292
60,805,8.05,LOCKOUT,None,false,true,0.335348964,0.334779859,0.335348964,110,409,425,false,false,NONE,1.37781429,-0.0113521386,0.008382462,-0.02353166,true,true,8,true,true,0.004173029,0.00306388666,0.224526912,0.06547312,0.168874756,0.189735532,0.889348447,right_upper_arm,true,0.00149173639,0,0.121568404,0.249927491,false,false,bar_linear_stillness,1.37467146,0.027438581,0.01944364,0.07778122,0.06390976,0.07174298,0.05,0.02,0.2,0.08726646,0.17453292,0.17453292
60,806,8.06,LOCKOUT,None,false,true,0.3353541,0.3347823,0.3353541,110,409,425,false,false,NONE,1.37781215,-0.0113446834,0.008313037,-0.023007676,true,true,8,true,true,0.00419078954,0.00307993568,0.224737644,0.06526238,0.168772876,0.189837411,0.8893435,right_upper_arm,true,0.00149197516,0,0.12158519,0.249880746,false,false,bar_linear_stillness,1.37467146,0.0269659329,0.0194392949,0.07794661,0.06380147,0.07169975,0.05,0.02,0.2,0.08726646,0.17453292,0.17453292
60,807,8.07,LOCKOUT,None,false,true,0.3353594,0.334784865,0.3353594,110,409,425,false,false,NONE,1.37780941,-0.011332266,0.008253425,-0.0224794447,true,true,8,true,true,0.00420851866,0.00309571857,0.224943638,0.06505638,0.168671265,0.189939022,0.889338851,right_upper_arm,true,0.00149221439,0,0.121601738,0.249863178,false,false,bar_linear_stillness,1.37467146,0.02649273,0.01948102,0.07810249,0.0637004748,0.07166649,0.05,0.02,0.2,0.08726646,0.17453292,0.17453292
60,808,8.08,LOCKOUT,None,false,true,0.33536464,0.3347875,0.33536464,110,409,425,false,false,NONE,1.37780619,-0.0113147181,0.008202605,-0.0219445042,true,true,8,true,true,0.00422611134,0.00311158481,0.225144833,0.06485519,0.168569967,0.19004032,0.889333844,right_upper_arm,true,0.00149233441,0,0.121608481,0.249876037,false,false,bar_linear_stillness,1.37467146,0.0260166638,0.01956308,0.0782641545,0.06360307,0.07162988,0.05,0.02,0.2,0.08726646,0.17453292,0.17453292
60,809,8.09,LOCKOUT,None,false,true,0.335369766,0.334790051,0.335369766,110,409,425,false,false,NONE,1.37780261,-0.0112921512,0.008162491,-0.021406088,true,true,8,true,true,0.004243262,0.0031276003,0.225341216,0.0646588057,0.168469056,0.190141231,0.8893293,right_upper_arm,true,0.00149257272,0,0.121625438,0.249916837,false,false,bar_linear_stillness,1.37467146,0.02554133,0.0196866486,0.0784194,0.06350927,0.07159658,0.05,0.02,0.2,0.08726646,0.17453292,0.17453292
60,810,8.1,LOCKOUT,None,false,true,0.335375,0.334792554,0.335375,110,409,425,false,false,NONE,1.37779856,-0.0112645039,0.008124322,-0.020860564,true,true,8,true,true,0.004261024,0.00314432639,0.22553277,0.06446725,0.168368563,0.190241724,0.889324367,right_upper_arm,true,0.00149269274,0,0.121632189,0.249999091,false,false,bar_linear_stillness,1.37467146,0.0250610616,0.0198408011,0.0785773844,0.06341157,0.0715666,0.05,0.02,0.2,0.08726646,0.17453292,0.17453292
60,811,8.11,LOCKOUT,None,false,true,0.335380077,0.334794879,0.335380077,110,409,425,false,false,NONE,1.37779427,-0.0112312147,0.008096367,-0.0203121267,true,true,8,true,true,0.004278537,0.00316102151,0.225719512,0.06428052,0.168268561,0.190341726,0.889319956,right_upper_arm,true,0.00149293151,0,0.121648937,0.250111938,false,false,bar_linear_stillness,1.37467146,0.0245819818,0.0200269315,0.07873504,0.0633250251,0.07152993,0.05,0.02,0.2,0.08726646,0.17453292,0.17453292
60,812,8.120000000000001,LOCKOUT,None,false,true,0.335385263,0.334797323,0.335385263,110,409,425,false,false,NONE,1.37778974,-0.0111923832,0.008073702,-0.01975837,true,true,8,true,true,0.00429624552,0.0031776377,0.22590138,0.06409864,0.1681691,0.190441191,0.889315069,right_upper_arm,true,0.00149316934,0,0.121666156,0.250260025,false,false,bar_linear_stillness,1.37467146,0.024100773,0.0202498231,0.07888634,0.06323081,0.07150659,0.05,0.02,0.2,0.08726646,0.17453292,0.17453292
60,813,8.13,LOCKOUT,None,false,true,0.335390329,0.334799469,0.335390329,110,409,425,false,false,NONE,1.37778509,-0.0111478018,0.00805809349,-0.01920124,true,true,8,true,true,0.004313665,0.00319461036,0.2260784,0.0639216155,0.168070227,0.19054006,0.8893104,right_upper_arm,true,0.0014932889,0,0.121673189,0.250443041,false,false,bar_linear_stillness,1.37467146,0.0236197785,0.0204879157,0.07903434,0.06314779,0.07147323,0.05,0.02,0.2,0.08726646,0.17453292,0.17453292
60,814,8.14,LOCKOUT,None,false,true,0.335395455,0.334801853,0.335395455,110,409,425,false,false,NONE,1.37778032,-0.0110974824,0.008048601,-0.0186410639,true,true,8,true,true,0.004331065,0.0032114042,0.226250559,0.06374946,0.167972028,0.190638259,0.8893058,right_upper_arm,true,0.00149352674,0,0.12169046,0.250658631,false,false,bar_linear_stillness,1.37467146,0.0231392179,0.0207538046,0.07918506,0.06306466,0.0714498758,0.05,0.02,0.2,0.08726646,0.17453292,0.17453292
60,815,8.15,LOCKOUT,None,false,true,0.3354004,0.334803939,0.3354004,110,409,425,false,false,NONE,1.37777543,-0.0110416654,0.00804248452,-0.01807737,true,true,8,true,true,0.00434874464,0.00322871539,0.22641784,0.06358218,0.16787453,0.190735757,0.8893012,right_upper_arm,true,0.00149364537,0,0.121698014,0.250913769,false,false,bar_linear_stillness,1.37467146,0.0226581376,0.02103653,0.07932649,0.06298142,0.07142317,0.05,0.02,0.2,0.08726646,0.17453292,0.17453292
60,816,8.16,LOCKOUT,None,false,true,0.3354054,0.334805965,0.3354054,110,409,425,false,false,NONE,1.37777054,-0.0109797781,0.00804013,-0.0175108463,true,true,8,true,true,0.00436593546,0.0032462948,0.226580232,0.06341978,0.1677778,0.190832481,0.889296532,right_upper_arm,true,0.00149376492,0,0.121705167,0.25120613,false,false,bar_linear_stillness,1.37467146,0.0221772175,0.021331314,0.07947066,0.06289807,0.07139979,0.05,0.02,0.2,0.08726646,0.17453292,0.17453292
60,817,8.17,LOCKOUT,None,false,true,0.335410118,0.3348077,0.335410118,110,409,425,false,false,NONE,1.37776566,-0.0109120551,0.00804089,-0.01694137,true,true,8,true,true,0.00438290834,0.00326291844,0.226737767,0.06326225,0.1676819,0.190928385,0.8892918,right_upper_arm,true,0.001493884,0,0.121712595,0.251533151,false,false,bar_linear_stillness,1.37467146,0.0216965172,0.0216522235,0.07961458,0.0628222,0.07137641,0.05,0.02,0.2,0.08726646,0.17453292,0.17453292
60,818,8.18,LOCKOUT,None,false,true,0.3354149,0.334809482,0.3354149,110,409,425,false,false,NONE,1.37776089,-0.0108387209,0.008047171,-0.01637045,true,true,8,true,true,0.00439996,0.00327924988,0.226890415,0.063109614,0.1675869,0.1910234,0.889287233,right_upper_arm,true,0.00149412185,0,0.121730067,0.251891047,false,false,bar_linear_stillness,1.37467146,0.02121854,0.0219797883,0.07974925,0.06275004,0.07134968,0.05,0.02,0.2,0.08726646,0.17453292,0.17453292
60,819,8.19,LOCKOUT,None,false,true,0.335419416,0.3348112,0.335419416,110,409,425,false,false,NONE,1.37775624,-0.0107592447,0.008062176,-0.0157993678,true,true,8,true,true,0.004415781,0.00329683628,0.227038145,0.06296188,0.167492837,0.191117451,0.889282763,right_upper_arm,true,0.00149424013,0,0.121738054,0.252274662,false,false,bar_linear_stillness,1.37467146,0.0207456034,0.0223016981,0.0798837,0.0626701862,0.07132962,0.05,0.02,0.2,0.08726646,0.17453292,0.17453292
60,820,8.2,LOCKOUT,None,false,true,0.335424,0.33481282,0.335424,110,409,425,false,false,NONE,1.37775183,-0.0106741665,0.008077905,-0.0152261313,true,true,8,true,true,0.00443384936,0.003313771,0.227180988,0.0628190339,0.167399764,0.191210523,0.8892782,right_upper_arm,true,0.00149435923,0,0.121745661,0.252693653,false,false,bar_linear_stillness,1.37467146,0.0202737618,0.0226364974,0.08001793,0.06259785,0.07130287,0.05,0.02,0.2,0.08726646,0.17453292,0.17453292
60,821,8.21,LOCKOUT,None,false,true,0.335428476,0.3348142,0.335428476,110,409,425,false,false,NONE,1.37774754,-0.0105829854,0.008092724,-0.0146501828,true,true,8,true,true,0.00445031468,0.00333235622,0.227318913,0.0626811,0.167307764,0.191302523,0.889273643,right_upper_arm,true,0.00149435876,0,0.121743776,0.2531481,false,true,NONE,1.37467146,0.01980201,0.02297416,0.0801459849,0.06253306,0.071282804,0.05,0.02,0.2,0.08726646,0.17453292,0.17453292
60,822,8.22,LOCKOUT,None,false,true,0.335432768,0.3348155,0.335432768,110,409,425,false,false,NONE,1.37774336,-0.0104861334,0.008107841,-0.0140733253,true,true,8,true,true,0.0044670864,0.00334915286,0.22745198,0.06254804,0.167216867,0.19139342,0.8892692,right_upper_arm,true,0.0014944775,0,0.121751748,0.253636032,false,true,NONE,1.37467146,0.019332733,0.0233293958,0.0802708641,0.06246438,0.07126607,0.05,0.02,0.2,0.08726646,0.17453292,0.17453292
60,823,8.23,LOCKOUT,None,false,true,0.335437119,0.334816635,0.335437119,110,409,425,true,false,NONE,1.37773943,-0.0103835221,0.008127965,-0.0134973284,true,true,8,true,true,0.004482821,0.003365553,0.227580145,0.0624198765,0.167127147,0.19148314,0.8892647,right_upper_arm,true,0.00149447611,0,0.121750467,0.2541437,false,true,NONE,1.37467146,0.0188695323,0.0236842632,0.08039555,0.06239563,0.0712426454,0.05,0.02,0.2,0.08726646,0.17453292,0.17453292
