t,com_x,com_y,com_z,com_vx,com_vy,com_vz,support_margin_m,both_feet,max_slip_mps,pelvis_y,bar_x,bar_y,bar_z,bar_vx,bar_vy,bar_vz,bar_w,saddle_sep_m,saddle_occ,anchor_sep_m,max_demand,max_demand_joint,max_limit_prox,max_nominal_err_rad,max_nominal_err_joint,max_applied_err_rad,cop_available,cop_x,cop_z,failure
0.02,-8.00379075E-06,1.3248688,-0.114746921,-0.000705559971,-0.0981330946,-0.0035277307,0.039972119,1,0.000537197979,0.981726468,-1.30009712E-05,1.41250908,-0.141942486,-0.000777657202,-0.0942665339,0.0234327242,0.191225201,0.0022722166,0.186006308,0.00168640725,8.55278587,right_upper_arm,0.119805656,0.00602716208,right_foot,0.0482468084,1,0.0100066699,-0.129337713,NONE
0.06,-6.92057365E-05,1.31981039,-0.114828415,-0.00204872084,-0.131088331,0.00242312555,0.0398906246,1,0.00121275266,0.981737018,-7.1549679E-05,1.40746498,-0.141006097,-0.00183469418,-0.134406626,0.0200527757,0.352021217,0.0051434543,0.428553581,0.00290055876,6.28107262,right_upper_arm,0.321753442,0.0268993527,thorax,0.0643084943,1,0.0035392798,-0.0988591313,NONE
0.1,-0.000175540277,1.31418407,-0.114406459,-0.00296469149,-0.15118672,0.0153944753,0.0403125808,1,0.000293921534,0.981634676,-0.000177679234,1.40129852,-0.140621841,-0.00299141509,-0.170628846,0.00420527998,0.949369073,0.00522976136,0.435612828,0.00411521504,4.39438295,thorax,0.471441865,0.0784061402,thorax,0.115654513,1,0.00239854213,-0.0964229852,NONE
0.14,-0.000300774234,1.30673528,-0.113626145,-0.00302642863,-0.211599231,0.0197402984,0.041092895,1,0.000954359595,0.981517553,-0.000302568864,1.39256704,-0.14081715,-0.00305466168,-0.251105219,-0.00939852744,1.40704286,0.00464151148,0.386782348,0.00108095852,6.52107954,thorax,0.578858256,0.144384131,thorax,0.181094408,1,-0.000843216956,-0.0771681294,NONE
0.18,-0.000409391942,1.29614425,-0.112910882,-0.00249531213,-0.298977435,0.0151277324,0.0418081582,1,0.000466409139,0.981275737,-0.000415449642,1.37981188,-0.141548216,-0.00265284767,-0.361705154,-0.0232164543,1.81741285,0.00419703219,0.349055558,0.00173665315,9.28327465,thorax,0.654143095,0.229958415,thorax,0.2662884,1,-0.0018079693,-0.050372608,NONE
0.22,-0.000494776992,1.28162384,-0.112513848,-0.0019060591,-0.403394461,0.00597092649,0.0422051921,1,0.00026358309,0.980792105,-0.000507222314,1.36211288,-0.142837122,-0.00205262518,-0.49259761,-0.0372316055,2.2433157,0.00387425674,0.319599181,0.00318681891,12.6350384,thorax,0.706113458,0.337034106,thorax,0.373284578,1,-0.00252352189,-0.0269387737,NONE
0.26,-0.000555196835,1.26252019,-0.112555772,-0.00126445526,-0.524425924,-0.0058745835,0.0421632677,1,0.000218957313,0.980064332,-0.000572885212,1.3386997,-0.144627601,-0.00138328946,-0.642818093,-0.0488428362,2.69838715,0.00357299508,0.288396925,0.00412667356,16.5109425,thorax,0.760313928,0.464449584,thorax,0.50086242,1,-0.00300205988,-0.00678692665,NONE
0.3,-0.000589305651,1.23813367,-0.113131888,-0.000603399414,-0.663123727,-0.0200452972,0.0415871516,1,0.000183401498,0.979149997,-0.000611271476,1.30879343,-0.146778882,-0.000698293676,-0.812406182,-0.0562818497,3.17734957,0.00328986347,0.253369242,0.0049153287,20.886282,thorax,1,0.610964775,thorax,0.647761464,1,-0.00334338099,0.0101523511,NONE
0.34,-0.000598312414,1.20922995,-0.114224933,-2.33192841E-05,-0.76706183,-0.0343174562,0.0404941067,1,0.000980536919,0.976730585,-0.000624520588,1.27352297,-0.150391132,-9.715544E-05,-0.932788372,-0.102419004,3.54490995,0.00381423463,0.289067835,0.00599678373,17.3984432,thorax,1,0.610865355,thorax,0.648285925,1,-0.00276414328,0.0408369415,NONE
0.38,-0.000599768711,1.17457807,-0.116297416,-0.000485652039,-0.931414425,-0.0653266832,0.0384216234,1,0.000941438542,0.974574745,-0.000630170922,1.2315588,-0.154760122,-0.000502958312,-1.12457967,-0.112692006,3.89997745,0.00298965583,0.19749409,0.0108768083,17.4196587,thorax,1,0.610865653,thorax,0.64907521,1,0.00555549236,0.0964766294,NONE
0.42,-0.00064894394,1.13256943,-0.119774096,-0.00177591306,-1.12349367,-0.099653244,0.0349449441,1,0.000487944839,0.972064555,-0.000683075225,1.18109512,-0.159480333,-0.0017819819,-1.34503675,-0.121893294,4.19514036,0.0026524351,0.16383718,0.0113641685,20.9270592,abdomen,0.992319703,0.606174052,thorax,0.646002948,1,0.00633377908,0.113477886,NONE
0.46,-0.000712608104,1.08891177,-0.124685742,-0.00127420726,-1.06105578,-0.140951142,0.0300332978,1,0.0018474434,0.967952549,-0.000743796409,1.12833607,-0.165625125,-0.00125076401,-1.27462518,-0.180112526,4.46547413,0.00749487989,0.472937137,0.0153049566,17.6025105,thorax,0.996739209,0.608873188,thorax,0.65086484,1,-0.00191491656,0.00791547913,NONE
0.5,-0.000747643935,1.04641628,-0.131790861,-0.000650131551,-1.07455862,-0.202304512,0.0229281783,1,0.000612943899,0.964293182,-0.000781533599,1.0778209,-0.173542038,-0.000650341739,-1.26853323,-0.213133529,4.55365944,0.00675163558,0.463685513,0.0206669644,17.7457314,thorax,0.994586647,0.607558131,thorax,0.65237993,1,-0.00171868841,0.0182479229,NONE
0.54,-0.000756032823,1.00203025,-0.141259387,9.54753268E-05,-1.1334995,-0.253238112,0.0134596527,1,0.00103410648,0.960472822,-0.000791929197,1.02565002,-0.182487682,0.000129101129,-1.32731795,-0.237447858,4.48746395,0.00615759194,0.45008114,0.0160539057,17.9871902,abdomen,0.998225749,0.609781682,abdomen,0.658747971,1,-0.00242496375,-0.0251237899,NONE
0.58,-0.00073934329,0.955101252,-0.152082741,8.10721394E-05,-1.1961987,-0.273637235,0.00263629854,1,0.00141469133,0.95696348,-0.000779732305,0.970865786,-0.191698164,0.000274913444,-1.39517117,-0.233650908,4.64405918,0.00596192479,0.468298018,0.00572049059,18.1949768,abdomen,1,0.613120794,abdomen,0.745295405,1,0.003922367,-0.107547373,NONE
0.62,-0.00080100901,0.905568898,-0.162967473,-0.00310040242,-1.2581265,-0.2675955,-0.00824843347,1,0.00904927962,0.955548763,-0.000843522954,0.913254976,-0.200155154,-0.00276938663,-1.46807659,-0.201398268,4.77065659,0.00531648193,0.442929476,0.00245793397,18.1580944,abdomen,1,0.766191959,left_thigh,0.945487857,1,0.00961525925,-0.154719025,NONE
0.66,-0.00100327702,0.857476592,-0.173663273,-0.00549909007,-1.17462683,-0.282746345,-0.0189442337,1,0.0157503765,0.955400825,-0.00103960338,0.857816994,-0.208237588,-0.00544787105,-1.35126162,-0.235769168,5.03738976,0.008610636,0.714293361,0.011684889,18.1775074,thorax,1,0.76951623,left_thigh,0.950447679,1,0.000751120562,-0.0785498768,NONE
0.7,-0.00121826318,0.809972405,-0.187132239,-0.00471994095,-1.20355713,-0.383950949,-0.0324131995,1,0.0150815789,0.948124647,-0.00126280962,0.804663241,-0.219468638,-0.00487864809,-1.34769714,-0.330841511,4.65399027,0.00782597717,0.639335155,0.0368731134,18.2404671,thorax,1,0.766794264,left_thigh,0.947725773,1,-0.00457114028,0.00762604736,NONE
0.74,-0.0013673011,0.760892391,-0.205869332,-0.00313848117,-1.24585116,-0.526133478,-0.0511502922,1,0.0157423243,0.932489455,-0.0014275735,0.750665188,-0.235647574,-0.00314161181,-1.37947237,-0.465220779,4.29930687,0.00762301171,0.622575223,0.0481482334,18.2899055,thorax,1,0.764688909,left_thigh,0.945620358,1,-0.00331154605,0.0645672977,NONE
0.78,-0.00148661376,0.709739625,-0.230715394,-0.003224032,-1.30789292,-0.681236088,-0.0759963542,1,0.00300889718,0.910717189,-0.00154805405,0.695032537,-0.257623672,-0.00264176517,-1.43305898,-0.613484859,4.19574308,0.00722263334,0.594189286,0.0516379736,18.2486572,abdomen,1,0.763626814,left_thigh,0.944558322,1,0.000865683192,0.0843635425,NONE
0.82,-0.00161179528,0.655134737,-0.261798203,-0.00286677782,-1.40826952,-0.833782971,-0.107079163,1,0.00410888903,0.882300377,-0.00166091649,0.636270285,-0.285594225,-0.00255716452,-1.52551079,-0.755933523,4.12946033,0.00630197395,0.522738457,0.0500439629,18.6577396,abdomen,1,0.813800573,left_shank,0.953455746,1,-0.00314789638,0.0707200021,NONE
0.86,-0.00168763311,0.595203698,-0.298680842,-0.00119907351,-1.56875157,-0.975647569,-0.143961802,1,0.0312530026,0.841046512,-0.00174501596,0.572826028,-0.31949982,-0.00148040685,-1.66338336,-0.917532146,3.92371655,0.00600977289,0.487331271,0.0480311736,19.0615311,abdomen,1,0.970648289,left_shank,1.1103034,1,-0.00590230292,0.0489077903,NONE
0.9,-0.00169974566,0.526955664,-0.341261983,0.000147094994,-1.80164075,-1.11705959,-0.186542943,1,0.193738803,0.781713367,-0.0017718639,0.501269102,-0.360558748,4.051E-05,-1.90556276,-1.09973514,3.12818193,0.00641718972,0.480993718,0.0478220768,18.8561325,abdomen,1,1.14902759,left_shank,1.2886827,1,-0.00751243019,0.0223001596,NONE
0.94,-0.00168158486,0.448011935,-0.388870329,0.000837273372,-2.08230281,-1.22801447,-0.238241702,1,1.02893591,0.704056084,-0.00177064096,0.418236881,-0.408857614,0.000123982332,-2.21937537,-1.27602315,1.83980429,0.00665012328,0.467334569,0.0351274423,18.5364132,abdomen,1,1.33925021,left_shank,1.47890532,1,0.0045928834,-0.144567445,NONE
0.98,-0.0016462499,0.373803437,-0.438374549,0.00160026643,-1.13262272,-1.15684509,-0.331762612,1,2.66396117,0.636009276,-0.00175823038,0.333942592,-0.463886708,0.000663630781,-1.55560398,-1.44782758,4.54077816,0.0216757115,1.72458076,0.0659510791,16.8214073,thorax,1,1.41660273,left_shank,1.55625784,1,0.00183132919,-0.0943402052,NONE
1.02,-0.000802337425,0.506700337,-0.32566604,0.0214035735,0.424241275,0.447392195,-0.287782162,1,1.4164964,0.622671247,-0.00181151379,0.351233572,-0.540552914,-0.00287328986,0.221410796,-1.84639502,13.5764503,0.0135772033,NaN,0.0592612326,15.2194843,abdomen,1,1.40774286,left_shank,1.49739861,1,0.000806951371,-0.00945369154,SADDLE_ERROR
1.06,0.000197574816,0.526966155,-0.320144206,0.0188964754,0.542289078,-0.070961751,-0.34115684,1,0.0374936089,0.613598228,-0.00192634482,0.350279152,-0.61434412,-0.00286926934,-0.170955792,-1.84381151,13.5466089,0.070159629,NaN,0.0421383679,11.2735214,right_shank,0.952674866,1.4273448,left_shank,1.51187015,1,-0.00470053125,0.0229418203,SADDLE_ERROR
1.1,0.000698440999,0.554504693,-0.334384173,0.00950573944,0.762545288,-0.524800241,-0.355681926,1,0.0118171265,0.602304459,-0.00204101531,0.333643764,-0.688032091,-0.00286525441,-0.562773347,-1.84123147,13.5168314,0.147211909,NaN,0.0369949266,11.5335789,left_shank,0.926257908,1.47246075,left_shank,1.56033766,1,0.00594194001,0.0235339254,SADDLE_ERROR
1.14,0.000976212265,0.593609214,-0.366050065,0.00761306053,1.10470819,-0.954609454,-0.388877183,1,0.0103805307,0.606364667,-0.00215552561,0.301349372,-0.761616886,-0.00286124507,-0.954042673,-1.83865511,13.4871216,0.259403795,NaN,0.031205425,9.97719574,left_shank,0.905798435,1.42815161,left_shank,1.51782811,1,0.00343025196,0.0236362014,SADDLE_ERROR
1.18,0.00132768822,0.647545278,-0.415277272,0.0140159642,1.42968428,-1.42767358,-0.43793273,1,0.0190296452,0.641723931,-0.00226987572,0.253417909,-0.835098743,-0.00285724131,-1.34476423,-1.83608234,13.4574747,0.400209427,NaN,0.032273341,7.4135747,left_shank,0.893032849,1.22993529,left_shank,1.31903899,1,-0.00367925572,0.0234338585,SADDLE_ERROR
1.22,0.00180459872,0.71004051,-0.484170347,0.0110109728,1.48940194,-1.8417747,-0.506760538,0,0,0.692169964,-0.00107405731,0.223791733,-0.883027673,0.0567288995,-0.199718982,-0.680993795,0.968013644,0.538426995,NaN,0.00192151987,3.84614015,abdomen,0.885900319,0.835170209,left_shank,0.922025502,1,-0.000891360629,0.023353504,SADDLE_ERROR
1.26,0.00231753127,0.771911681,-0.564319313,0.0140750939,1.39811361,-2.02728081,-0.672730923,1,0.959671736,0.728952467,-0.000854632526,0.224749431,-0.899047673,-0.00138328748,0.0239521638,-0.368668377,1.64199126,0.657372236,NaN,0.00113353843,0.801823258,head_neck,0.88710022,0.385447711,right_shank,0.466516823,0,0,0,SADDLE_ERROR
1.3,0.00287997117,0.817978263,-0.645329475,0.0140525857,1.00387025,-2.02403927,NaN,0,0,0.755986154,-0.000901409716,0.225374877,-0.913580596,-0.00135879358,-1.51991844E-05,-0.362075329,1.60923314,0.750729442,NaN,0.00035458093,0.763120413,head_neck,0.88701725,0.145372123,right_shank,0.21998772,0,0,0,SADDLE_ERROR
1.34,0.00344151235,0.848290801,-0.726210177,0.0140301166,0.610257268,-2.0208025,NaN,0,0,0.777822196,-0.000963683124,0.224369466,-0.928252876,-0.00186017633,-0.0589397401,-0.370441437,1.64989758,0.82176888,NaN,0.00012056611,0.629882097,head_neck,0.886318505,0.184235945,right_foot,0.100443013,0,0,0,SADDLE_ERROR
1.38,0.00400215667,0.862874269,-0.806961417,0.0140076783,0.217273697,-2.01757097,NaN,0,0,0.78940165,-0.001021164,0.223588049,-0.943202555,-0.00142163958,0.0251357406,-0.358044624,1.60478294,0.873562932,NaN,8.50239448E-05,0.205471024,head_neck,0.88634187,0.221377119,right_foot,0.0440332294,0,0,0,SADDLE_ERROR
1.42,0.00462321984,0.86428529,-0.886158288,0.0203741137,-0.0385193937,-1.90446866,-0.595420003,1,1.88275075,0.78804338,-0.00107203634,0.225115314,-0.9568156,-0.00124982547,0.0225526467,-0.333111167,1.48389137,0.905824244,NaN,0.00166776113,1.52482653,left_foot,0.888786674,0.475595832,left_foot,0.21379444,1,-0.00398355164,-0.200865686,SADDLE_ERROR
1.46,0.00552500552,0.856751919,-0.959593654,0.028534634,-0.31512773,-1.78968,-0.597360075,1,1.4707619,0.778661788,-0.00112135569,0.22510083,-0.969905853,-0.00123013079,-0.029322546,-0.325301319,1.44585311,0.918038487,NaN,0.000124235667,0.841974854,left_foot,0.890420377,0.491591662,left_foot,0.229791507,1,0.00734918751,-0.279908746,SADDLE_ERROR
1.5,0.00655378075,0.836838663,-1.02930951,0.024253035,-0.627501547,-1.70724571,-0.619098425,1,0.968893111,0.759477258,-0.00117060356,0.224749893,-0.983039379,-0.00124635117,-0.0162862539,-0.33219409,1.47820294,0.913529873,NaN,0.000147671308,0.51743257,head_neck,0.889209628,0.45524478,left_foot,0.193443656,1,0.0903550312,-0.335222661,SADDLE_ERROR
1.54,0.00744610187,0.803552389,-1.09638655,0.0204396453,-0.967164934,-1.65310419,-0.652694523,1,0.577909172,0.728180826,-0.00122232921,0.223591134,-0.996825635,-0.00132765714,-0.0388707072,-0.353850365,1.58214641,0.896804571,NaN,6.31914809E-05,0.267627537,left_foot,0.889421225,0.409609884,left_foot,0.147808209,1,0.089790374,-0.371755213,SADDLE_ERROR
1.58,0.00815975387,0.756196022,-1.16167116,0.0145750362,-1.3214016,-1.61442029,-0.693259478,1,0.287718683,0.683346033,-0.0012714396,0.224386469,-1.00990701,-0.00118890696,0.0066024065,-0.317283899,1.41616547,0.869901597,NaN,0.00150157418,0.184139669,left_foot,0.889654398,0.370656878,left_foot,0.108886883,1,0.0686579421,-0.393188208,SADDLE_ERROR
1.62,0.00868726056,0.694438994,-1.22563994,0.0118898386,-1.68053758,-1.58548164,-0.735591948,1,0.128538936,0.624352694,-0.0013038232,0.225127965,-1.02212417,0.00343930838,-0.00357919931,-0.301310152,1.34060061,0.838944495,NaN,0.00236818055,0.15937224,right_foot,0.889115632,0.342544675,left_foot,0.0807574391,1,-0.00872027874,-0.402656615,SADDLE_ERROR
1.66,0.00909464713,0.617993832,-1.28854239,0.0089603886,-2.04667044,-1.55973017,-0.778209209,1,0.0625765547,0.551050365,-0.00137610408,0.225078925,-1.03409171,-0.00419840356,-0.0188475698,-0.299818069,1.33283198,0.809028208,NaN,0.00298305904,0.216581017,right_foot,0.888669848,0.344198585,left_foot,0.0824294612,1,0.0274068695,-0.406739175,SADDLE_ERROR
1.7,0.00940822344,0.527036607,-1.35041702,0.00747728301,-2.40921378,-1.53247583,-0.835378349,1,0.114134043,0.463736832,-0.00142604241,0.224527165,-1.04637241,-0.00117269426,-0.0220195204,-0.312757134,1.39348376,0.785975516,NaN,0.0024547705,0.168644086,right_foot,0.888444066,0.339402586,left_foot,0.0776114985,1,0.046589382,-0.411643714,SADDLE_ERROR
1.74,0.00972176716,0.422372192,-1.41098404,0.0100357067,-2.74205804,-1.49273467,-0.894716918,1,0.214559168,0.363360077,-0.00146015326,0.223448291,-1.05928898,-0.000265458133,0.00537337363,-0.317611814,1.42745113,0.776971221,NaN,0.0052901879,0.202238888,head_neck,0.925639749,0.372618228,left_foot,0.110807031,1,0.0226516183,-0.513284385,SADDLE_ERROR
1.78,0.0102312928,0.304042697,-1.46979427,0.0153863346,-3.09880495,-1.45929885,-0.954308152,1,0.52140063,0.251247972,-0.00147545047,0.224696785,-1.0711832,0.00175580231,0.0100928321,-0.289374888,1.29212666,0.790694773,NaN,0.0113048581,0.626701415,left_foot,0.967879415,0.477434278,left_foot,0.215632692,1,-0.00329155684,-0.512098312,SADDLE_ERROR
1.82,0.0108785816,0.171323404,-1.52719855,0.0153308297,-3.45468783,-1.42574728,-1.00370431,1,0.922246099,0.126555011,-0.00155327574,0.225113988,-1.08238471,-0.00414987933,-0.0043702051,-0.27648738,1.229491,0.835975945,NaN,0.0131670618,0.869329095,right_foot,0.996040165,0.597374439,right_foot,0.335505873,1,0.0225979351,-0.520254135,SADDLE_ERROR
1.86,0.0110286698,0.108881503,-1.57032585,-0.0142328376,0.198141128,-0.354688287,-0.991870165,1,0.693060338,0.0931031629,-0.00160752272,0.225201935,-1.09340227,-0.00103519997,-0.00549583137,-0.276565403,1.22943091,0.867932379,NaN,0.0250334255,5.77778149,right_hand,0.884840488,0.495369285,left_foot,0.233567417,0,0,0,SADDLE_ERROR
1.9,0.010376337,0.118186839,-1.58215451,-0.021144174,0.16516,-0.301632911,NaN,0,0,0.0962116867,-0.00159621087,0.224498227,-1.10474753,0.00298807141,-0.0387008563,-0.288691938,1.28718543,0.875990212,NaN,0.00561222155,5.23030758,right_hand,0.915206909,0.384937257,left_foot,0.143689483,0,0,0,SADDLE_ERROR
1.94,0.00966089312,0.123006888,-1.59373987,-0.0158253312,0.0863786191,-0.281313121,NaN,0,0,0.0925279185,-0.00166276027,0.223346084,-1.1167208,-0.00324025075,-0.0154004842,-0.293137014,1.31555915,0.875890434,NaN,0.00421177503,5.58601856,right_hand,0.97339648,0.32678771,left_foot,0.0756103545,0,0,0,SADDLE_ERROR
1.98,0.00953264162,0.127574027,-1.60223722,0.0153292045,0.108306319,-0.161006406,-0.976225436,1,0.37452963,0.0931977481,-0.00169724505,0.224492088,-1.12751043,0.00251909904,0.0106261149,-0.261042625,1.16519129,0.874453843,NaN,0.00715115154,5.68081236,right_hand,1,0.296387315,left_foot,0.0883384869,0,0,0,SADDLE_ERROR
2.02,0.0105514703,0.136534974,-1.60549164,0.034266945,0.210992888,-0.0360581614,-0.976680338,1,0.020065276,0.0964352489,-0.00171987375,0.225174576,-1.13748324,-0.000911149895,0.0107118562,-0.244309351,1.08686912,0.866732776,NaN,0.00898001809,4.4766674,right_hand,1,0.337997198,left_foot,0.076194942,1,0.0181274284,-0.625675023,SADDLE_ERROR
2.06,0.012309093,0.143315226,-1.60547698,0.0531930253,0.133099169,0.0301465709,-0.97667259,1,0.0152993491,0.0997292548,-0.00180619175,0.225202903,-1.14710712,-0.00491275219,-0.0180577338,-0.239675507,1.0654484,0.85596627,NaN,0.0113505032,4.75439692,right_hand,1,0.367189884,left_foot,0.105383329,1,0.00580451638,-0.62553221,SADDLE_ERROR
2.1,0.014819093,0.146569118,-1.60324049,0.0688827261,0.0464855321,0.0754790828,-0.974436104,1,0.00920164492,0.101060651,-0.00178999954,0.22492139,-1.15683043,0.00243933266,-0.0212747008,-0.24610047,1.09526181,0.843405426,NaN,0.0143331243,5.03121233,right_hand,1,0.370013684,left_foot,0.108210064,1,0.0293697733,-0.625695109,SADDLE_ERROR
2.14,0.0175601393,0.14778465,-1.59991515,0.0572503507,0.0249968208,0.0639623851,-0.971136689,1,0.00934646185,0.102013759,-0.00186257123,0.224024236,-1.16709852,-0.00468121935,-0.0398536026,-0.263631016,1.17632961,0.82913363,NaN,0.0175794475,5.2744031,right_hand,1,0.352957577,left_foot,0.0911653191,1,-0.0373668447,-0.62532264,SADDLE_ERROR
2.18,0.0193857215,0.149247274,-1.59797549,0.039531678,0.0147824064,0.0230695121,-0.970161557,1,0.00842764229,0.104216173,-0.00190465082,0.223754361,-1.17782891,-0.000947127701,0.0322656035,-0.254033089,1.13810992,0.815372825,NaN,0.0173935983,4.4077487,right_hand,1,0.340282589,left_foot,0.0785093531,1,-0.0108461324,-0.625957191,SADDLE_ERROR
2.22,0.020488983,0.150391191,-1.59742892,0.0242488515,0.00664122915,0.000581543252,-0.969614983,1,0.0136818141,0.105414443,-0.00190576946,0.224626064,-1.18730938,0.00262184092,0.00759391487,-0.228579432,1.0199368,0.805103779,NaN,0.012724001,3.68835878,right_hand,1,0.339736313,left_foot,0.0779769495,1,-0.0134641929,-0.625901341,SADDLE_ERROR
2.26,0.02081462,0.151615739,-1.59760129,-0.000943315856,0.0124172438,-0.00822149776,-0.969787359,1,0.016818881,0.105909914,-0.00198775809,0.225077525,-1.19601047,-0.00501282094,-0.00399839133,-0.212875277,0.947264135,0.796712339,NaN,0.0111158313,3.99019742,right_hand,1,0.344878495,left_foot,0.083118692,1,-0.0238263831,-0.625660777,SADDLE_ERROR
2.3,0.0203033015,0.152736768,-1.59774292,-0.0195643138,0.00607637968,-0.000710019958,-0.96992898,1,0.0164587479,0.106038071,-0.00197799806,0.225226671,-1.20434344,0.00366141787,-0.0132132247,-0.206949815,0.923207998,0.788846731,NaN,0.0117069306,4.45981693,right_hand,1,0.348457903,left_foot,0.0866775811,1,-0.0313150212,-0.625485122,SADDLE_ERROR
2.34,0.0192252882,0.153286964,-1.59747016,-0.0285779554,-0.00597502058,0.0109333564,-0.969656229,1,0.017726751,0.105740383,-0.00206536707,0.225102738,-1.21271133,-0.00566439331,-0.0218233988,-0.211179569,0.939361334,0.78056097,NaN,0.0130091943,4.84669685,right_hand,1,0.343822926,left_foot,0.0820280761,1,-0.0367386006,-0.625357866,SADDLE_ERROR
2.38,0.0179440994,0.153351516,-1.59682751,-0.030940257,-0.0143226339,0.0147555871,-0.969013572,1,0.0130928941,0.105291307,-0.00203240011,0.224630207,-1.221506,-0.000837927917,-0.0157150999,-0.226079866,1.00724483,0.771335006,NaN,0.0142672593,5.09505939,right_hand,1,0.33112976,left_foot,0.069327727,1,-0.0396543965,-0.6252895,SADDLE_ERROR
2.42,0.0166777968,0.153101608,-1.59616756,-0.0262822378,-0.0214680396,0.0107954238,-0.968353629,1,0.007783785,0.104852676,-0.00208261609,0.223509967,-1.23112392,0.00264444435,-0.0396188349,-0.249845296,1.12233305,0.761091113,NaN,0.0150920497,5.29376221,right_hand,1,0.315765977,left_foot,0.0539630912,1,-0.0414408818,-0.625249743,SADDLE_ERROR
2.46,0.0157241356,0.152663022,-1.59577131,-0.0143741975,-0.0249510761,0.00204632781,-0.967943847,1,0.00699711172,0.104423933,-0.00213120482,0.223932698,-1.24080229,-0.000841321365,0.0242969394,-0.227896914,1.0186224,0.751298964,NaN,0.0154100396,5.3465538,right_hand,1,0.303222865,left_foot,0.0414208584,1,-0.0431789123,-0.625216067,SADDLE_ERROR
2.5,0.0152109945,0.152231738,-1.59576368,-0.00760643044,-0.0241395477,-0.00830163434,-0.967936218,1,0.00885525532,0.104126103,-0.00216324232,0.224597871,-1.24934065,-0.000760432042,0.0138448253,-0.205988541,0.917576492,0.743052483,NaN,0.0154406102,5.28312349,right_hand,1,0.297272712,left_foot,0.0405414253,1,-0.0422719195,-0.625241101,SADDLE_ERROR
2.54,0.0151261482,0.151925132,-1.59608424,0.00493703038,-0.0210494827,-0.0122806653,-0.968256772,1,0.0104343593,0.104002818,-0.00219266093,0.224925116,-1.25724542,-0.000715197937,0.0060807988,-0.193763718,0.861601889,0.735706687,NaN,0.0153753664,5.17190123,right_hand,1,0.299051076,left_foot,0.0382190309,1,-0.0417355783,-0.625253737,SADDLE_ERROR
2.58,0.0154442759,0.151589513,-1.59642041,0.0111169964,-0.0209226999,-0.0120189488,-0.968592942,1,0.0106859244,0.103835076,-0.00222660392,0.22501342,-1.26489282,-0.000704271835,-0.000526510179,-0.190782681,0.847931981,0.728643894,NaN,0.0152847813,5.05186319,right_hand,1,0.303628325,left_foot,0.0418225303,1,-0.0413108468,-0.625263691,SADDLE_ERROR
2.62,0.0159389917,0.151288748,-1.59680498,0.0158174019,-0.0169538744,-0.0136396494,-0.968977511,1,0.00867756829,0.10375572,-0.00223281095,0.224933371,-1.27265322,0.00239067781,-0.0170459226,-0.196682036,0.874803841,0.721431851,NaN,0.0150751583,4.87215233,right_hand,1,0.309385806,left_foot,0.0475817285,1,-0.040704377,-0.625277936,SADDLE_ERROR
2.66,0.0165927187,0.151248798,-1.59721327,0.0185871143,-0.0106753809,-0.0120912911,-0.969385803,1,0.00976609997,0.103887267,-0.00229812693,0.224404246,-1.28088677,-0.00376847875,-0.0262756273,-0.211794451,0.948107123,0.713589132,NaN,0.0147126783,4.69289398,right_hand,1,0.317688942,left_foot,0.0558881573,1,-0.0392306559,-0.625312448,SADDLE_ERROR
2.7,0.0172723457,0.151303649,-1.59753537,0.0167535152,-0.00988434721,-0.00938618276,-0.969707906,1,0.014033786,0.104077339,-0.00233920198,0.223643661,-1.29001069,-0.000880756415,-0.0268995613,-0.238256007,1.06565583,0.704754889,NaN,0.0142962048,4.52386999,right_hand,1,0.325721592,left_foot,0.063924931,1,-0.0377082042,-0.6253407,SADDLE_ERROR
2.74,0.0178028308,0.151358962,-1.5977478,0.0116079338,-0.0107845161,-0.00643645227,-0.969920337,1,0.0137294894,0.104233392,-0.00237941369,0.224042311,-1.29866076,-0.000754034962,0.0222666487,-0.203431845,0.909545779,0.696514726,NaN,0.0138964569,4.45693016,right_hand,1,0.331961185,left_foot,0.0701669529,1,-0.0368752107,-0.625352859,SADDLE_ERROR
2.78,0.0180957429,0.151410341,-1.59784877,0.0054694782,-0.0112753557,-0.0035841458,-0.970021307,1,0.0138234925,0.104325064,-0.00238356506,0.224711388,-1.30618691,-0.000665678934,0.0134123564,-0.180009693,0.802265227,0.689336538,NaN,0.013592572,4.44059324,right_hand,1,0.335966468,left_foot,0.0741731077,1,-0.0368905887,-0.625352561,SADDLE_ERROR
2.82,0.0181497782,0.151462853,-1.59785056,-3.95391908E-05,-0.0113645419,-0.00180722307,-0.970023096,1,0.0137992138,0.10434965,-0.00241020136,0.225097761,-1.31299126,-0.000610844174,0.00717848539,-0.165153652,0.734713614,0.682734311,NaN,0.0134349177,4.46801329,right_hand,1,0.337641686,left_foot,0.0758474171,1,-0.0373842679,-0.625340879,SADDLE_ERROR
2.86,0.0179988667,0.151513159,-1.59781373,-0.00522006489,-0.0111134481,-0.00212529767,-0.96998626,1,0.0139994696,0.104318716,-0.00239768042,0.22519353,-1.31940055,0.00214508455,-0.00917912275,-0.158288062,0.703960061,0.676445723,NaN,0.0134254219,4.52887201,right_hand,1,0.33742252,left_foot,0.0756262243,1,-0.0381122231,-0.625323713,SADDLE_ERROR
2.9,0.0176890753,0.151529714,-1.59777534,-0.00815677922,-0.0113980323,-0.00153762964,-0.969947875,1,0.0138923274,0.104214713,-0.00245693675,0.22507675,-1.32572138,-0.00340251438,-0.0131756142,-0.158771113,0.70587492,0.670238614,NaN,0.0135574425,4.60733938,right_hand,1,0.336071163,left_foot,0.0742721781,1,-0.0392299294,-0.625297308,SADDLE_ERROR
2.94,0.017330477,0.151506603,-1.59769034,-0.00814582407,-0.0112625826,-0.000168891653,-0.969862878,1,0.0133294174,0.104065351,-0.00249001337,0.224936306,-1.33226228,-0.00061729853,-0.0070476234,-0.167226002,0.743891776,0.663779795,NaN,0.0137850493,4.67909908,right_hand,1,0.333725095,left_foot,0.0719236284,1,-0.04035886,-0.625270665,SADDLE_ERROR
2.98,0.0170134511,0.151479393,-1.59755731,-0.00645492785,-0.0107067954,0.000399071112,-0.969729841,1,0.0127322068,0.103949584,-0.00248722965,0.224387676,-1.33932674,0.00180699816,-0.0238292068,-0.182981461,0.815639019,0.656659961,NaN,0.0140119577,4.72539902,right_hand,1,0.330640316,left_foot,0.068837367,1,-0.0408308804,-0.625259519,SADDLE_ERROR
3.02,0.01677767,0.151461512,-1.59742737,-0.00436976692,-0.0101970583,-0.000686073035,-0.969599903,1,0.0124278301,0.103889011,-0.00251688506,0.223627836,-1.34725904,0.0032222895,-0.0404743403,-0.206984371,0.9259817,0.648631454,NaN,0.0141466008,4.73682642,right_hand,1,0.32753548,left_foot,0.0657318085,1,-0.040883489,-0.625258267,SADDLE_ERROR
3.06,0.0166339371,0.151443586,-1.59735775,-0.00166945916,-0.0103128934,-0.00253648893,-0.969530284,1,0.0123473033,0.103860058,-0.00254274579,0.223891675,-1.3552978,-0.000683399441,0.0219208822,-0.185489476,0.830138326,0.640766621,NaN,0.0141884396,4.74526834,right_hand,1,0.325240552,left_foot,0.0634365976,1,-0.0407802612,-0.62526077,SADDLE_ERROR
3.1,0.0166130308,0.151423365,-1.59734046,0.00219169655,-0.0104592955,-0.00236052321,-0.969512999,1,0.0157463029,0.103845015,-0.0025488825,0.224609375,-1.36203408,-0.000585872913,0.0137817636,-0.159205079,0.710227013,0.634326518,NaN,0.0142084351,4.73668957,right_hand,1,0.324058712,left_foot,0.0622549616,1,-0.0408141986,-0.625259876,SADDLE_ERROR
3.14,0.0167135969,0.151431903,-1.59730196,0.00461008446,-0.010079572,-0.00170815736,-0.969474494,1,0.0151640065,0.103893101,-0.00261598383,0.224835292,-1.36792052,-0.00417407556,-0.00825283676,-0.141111419,0.628541946,0.62857151,NaN,0.0142146628,4.70885038,right_hand,1,0.323575377,left_foot,0.0617725663,1,-0.0403050557,-0.625271857,SADDLE_ERROR
3.18,0.0168747474,0.151461393,-1.59726679,0.00567291537,-0.0102701336,-0.0023516959,-0.969439328,1,0.0151235349,0.103991263,-0.00263425731,0.225121185,-1.37321651,-0.000473450636,0.0045241788,-0.128457487,0.571279168,0.623389959,NaN,0.0141190672,4.64611578,right_hand,1,0.323653817,left_foot,0.0618520454,1,-0.0395026319,-0.625290871,SADDLE_ERROR
3.22,0.0170501415,0.151487201,-1.59727013,0.00560134789,-0.0107713733,-0.00334578799,-0.969442666,1,0.0119479466,0.104082458,-0.00264986511,0.225326478,-1.37818944,-0.000451700354,0.00157437474,-0.122600801,0.544940531,0.618552268,NaN,0.0139092868,4.58394098,right_hand,1,0.32439208,left_foot,0.0625912696,1,-0.0390386768,-0.625301838,SADDLE_ERROR
3.26,0.0172028914,0.151509538,-1.59731305,0.00471204659,-0.0110616097,-0.00406850083,-0.969485581,1,0.0122882528,0.104144707,-0.00261970423,0.225228295,-1.38308024,0.00219979044,-0.00987048447,-0.122642614,0.545452118,0.613781989,NaN,0.0136925839,4.54570961,right_hand,1,0.325668991,left_foot,0.0638689175,1,-0.0388151184,-0.625307083,SADDLE_ERROR
3.3,0.0173097644,0.151532054,-1.59737575,0.00339189149,-0.0111902682,-0.00420079334,-0.969548285,1,0.0125742806,0.104175046,-0.00267918292,0.224922985,-1.38811815,-0.000203114847,-0.032866396,-0.128132001,0.569750547,0.608861029,NaN,0.0135713052,4.53753185,right_hand,1,0.327145219,left_foot,0.0653455704,1,-0.038864281,-0.625305951,SADDLE_ERROR
3.34,0.0173633378,0.15155068,-1.59743357,0.00203259266,-0.011319235,-0.0038889416,-0.969606102,1,0.0127533441,0.104178287,-0.00269661518,0.224691093,-1.39355648,-0.00470550917,-0.0267292485,-0.140323997,0.624946058,0.603572428,NaN,0.0135664362,4.55260372,right_hand,1,0.32842502,left_foot,0.0666254386,1,-0.0389580578,-0.625303686,SADDLE_ERROR
3.38,0.0173686538,0.151560038,-1.59747386,0.000885020418,-0.0114635974,-0.00347577897,-0.969646394,1,0.012838956,0.104163095,-0.00272055273,0.224244535,-1.39965224,-0.000589626492,-0.0129892081,-0.160158351,0.714157581,0.597585738,NaN,0.0136388633,4.57790375,right_hand,1,0.329254657,left_foot,0.0674548894,1,-0.0391887724,-0.625298262,SADDLE_ERROR
3.42,0.0173375588,0.151558414,-1.59749627,6.27525224E-05,-0.0115507906,-0.00320376921,-0.969668806,1,0.0128725404,0.10413754,-0.00274640881,0.223502696,-1.40669084,-0.000687238178,-0.0208350793,-0.186677307,0.834834814,0.590601444,NaN,0.0137379244,4.6033144,right_hand,1,0.329599142,left_foot,0.067798987,1,-0.039365571,-0.625294149,SADDLE_ERROR
3.46,0.0172844306,0.151547149,-1.59750712,-0.000380852318,-0.0115562975,-0.00306418375,-0.969679654,1,0.0128758047,0.104106881,-0.00276889652,0.223665893,-1.41386425,-0.000605625974,0.0194303915,-0.164579362,0.736549377,0.583684146,NaN,0.0138299577,4.62417269,right_hand,1,0.329572916,left_foot,0.0677723661,1,-0.0395056345,-0.625290751,SADDLE_ERROR
3.5,0.0172246099,0.151529714,-1.59750986,-0.000408028776,-0.0114765204,-0.00291527505,-0.969682395,1,0.0128337499,0.104075506,-0.00276305107,0.224311367,-1.41974568,-0.000504745869,0.0124087706,-0.137497336,0.613584518,0.578131378,NaN,0.0139028747,4.63877916,right_hand,1,0.3293266,left_foot,0.0675256848,1,-0.0396360196,-0.625287652,SADDLE_ERROR
3.54,0.017172806,0.151511312,-1.59750473,-5.09107158E-05,-0.0113269417,-0.00266159046,-0.969677269,1,0.0127277179,0.104049429,-0.00278971135,0.224641487,-1.42471516,-0.000430012675,0.00784021616,-0.116968662,0.521028638,0.573386967,NaN,0.0139532927,4.64665222,right_hand,1,0.328960389,left_foot,0.0671591982,1,-0.0397435054,-0.625285149,SADDLE_ERROR
3.58,0.0171399172,0.151497379,-1.59748805,0.000550496217,-0.0111644762,-0.00232557999,-0.96966058,1,0.0125834495,0.104035504,-0.00280845491,0.224878684,-1.42900467,-0.000374626368,0.00481982529,-0.10205669,0.454095036,0.569267809,NaN,0.0139766093,4.64688969,right_hand,1,0.328526616,left_foot,0.0667253286,1,-0.0397534557,-0.62528497,SADDLE_ERROR
3.62,0.0171297006,0.151491761,-1.59746003,0.00116507325,-0.0110248625,-0.00204430497,-0.969632566,1,0.0124309193,0.104037605,-0.00281892065,0.225006297,-1.43282259,-0.000338029087,0.0027410984,-0.0920699388,0.40938431,0.565563858,NaN,0.0139668491,4.63942719,right_hand,1,0.328067631,left_foot,0.0662663877,1,-0.0397041142,-0.625286162,SADDLE_ERROR
3.66,0.0171380602,0.151495337,-1.59742713,0.00159807352,-0.0109553644,-0.002005524,-0.969599664,1,0.0123307379,0.10405378,-0.00283036358,0.22507675,-1.43635416,-0.00031787777,0.00119617581,-0.0865713507,0.384801567,0.562114596,NaN,0.0139228012,4.62625265,right_hand,1,0.327648133,left_foot,0.0658470318,1,-0.0395901091,-0.625288725,SADDLE_ERROR
3.7,0.0171563886,0.151505649,-1.59739959,0.00178597239,-0.0109578101,-0.00224009762,-0.969572127,1,0.012309432,0.104076147,-0.00283991382,0.225101918,-1.43977213,-0.000313255558,-0.000122174621,-0.0853008032,0.379118651,0.558768809,NaN,0.0138568655,4.61162615,right_hand,1,0.327351093,left_foot,0.0655501485,1,-0.0394259505,-0.625292718,SADDLE_ERROR
3.74,0.0171763431,0.151518956,-1.59738588,0.00177053933,-0.0110073714,-0.0026019786,-0.969558418,1,0.0123524191,0.104095846,-0.00284925452,0.22509338,-1.44324386,-0.000323978602,-0.0014757812,-0.088196978,0.392045379,0.555379331,NaN,0.0137927979,4.60083914,right_hand,1,0.327235639,left_foot,0.065434821,1,-0.0393673368,-0.62529403,SADDLE_ERROR
3.78,0.0171924289,0.151531368,-1.5973866,0.00163180649,-0.0110927736,-0.00291233789,-0.969559133,1,0.0124200005,0.104107432,-0.00288065244,0.225147486,-1.44694376,-0.000350912567,-0.00313197821,-0.0953910723,0.424190849,0.551804841,NaN,0.0137534942,4.5966754,right_hand,1,0.32729888,left_foot,0.065498136,1,-0.0393913276,-0.625293493,SADDLE_ERROR
3.82,0.0172024295,0.151540115,-1.59739709,0.0014605152,-0.0111925276,-0.00307996571,-0.969569623,1,0.0124888616,0.10411039,-0.00294135627,0.22495079,-1.45104206,-0.000395422801,-0.00542017072,-0.107261859,0.477330476,0.547799766,NaN,0.0137468949,4.5986824,right_hand,1,0.327483565,left_foot,0.0656828433,1,-0.0394180045,-0.625292897,SADDLE_ERROR
3.86,0.0172067806,0.151543796,-1.59741116,0.00131789281,-0.0112843346,-0.0031052127,-0.96958369,1,0.0125323506,0.104106978,-0.00289379898,0.224593297,-1.45573771,0.00358814443,-0.0214425623,-0.12362542,0.551312864,0.54317987,NaN,0.0137661872,4.60390186,right_hand,1,0.327704906,left_foot,0.0659042001,1,-0.0394556373,-0.625292003,SADDLE_ERROR
3.9,0.0172073934,0.151542604,-1.5974232,0.00122952589,-0.0113528296,-0.00303656771,-0.96959573,1,0.0125581445,0.104100741,-0.00295524346,0.223987252,-1.46125293,-0.00416113716,-0.027969867,-0.146186411,0.653732479,0.537710547,NaN,0.0137961861,4.60967255,right_hand,1,0.327895015,left_foot,0.0660942718,1,-0.039458923,-0.625291824,SADDLE_ERROR
3.94,0.0172062535,0.151538491,-1.59743166,0.00119552016,-0.0113806156,-0.00292994501,-0.969604194,1,0.0125609292,0.104094677,-0.00298466906,0.223282531,-1.46786427,-0.000651071779,-0.0217727423,-0.176967621,0.79245913,0.531152487,NaN,0.0138231618,4.61373949,right_hand,1,0.328020722,left_foot,0.0662199631,1,-0.0395153761,-0.625290513,SADDLE_ERROR
3.98,0.0172048192,0.151533678,-1.59743464,0.00119388872,-0.0113639701,-0.00282880547,-0.969607174,1,0.0125526423,0.104090564,-0.00299688173,0.223763779,-1.47403109,-0.00051766634,0.0155049562,-0.140252173,0.627146184,0.525320709,NaN,0.0138394954,4.61546469,right_hand,1,0.328075618,left_foot,0.0662748367,1,-0.0394632928,-0.625291765,SADDLE_ERROR
4.02,0.0172035918,0.151529804,-1.59743464,0.00120214082,-0.0113278208,-0.00275753671,-0.969607174,1,0.0125390738,0.104088821,-0.00301304879,0.224219441,-1.47897601,-0.000421695062,0.00995535403,-0.11434532,0.510127544,0.520664811,NaN,0.0138441706,4.61552429,right_hand,1,0.328075141,left_foot,0.0662743524,1,-0.0394692607,-0.625291646,SADDLE_ERROR
4.06,0.0172025412,0.151527897,-1.59743249,0.00120843295,-0.0112891858,-0.00272195926,-0.969605029,1,0.0125256991,0.104089014,-0.00302797998,0.224518105,-1.48302305,-0.000346230314,0.00638312101,-0.0938821137,0.418220073,0.516836643,NaN,0.0138407145,4.61467743,right_hand,1,0.328042418,left_foot,0.066241622,1,-0.0394583382,-0.625291944,SADDLE_ERROR
4.1,0.0172013529,0.151527628,-1.59742963,0.00120571908,-0.0112565737,-0.0027205199,-0.969602168,1,0.0125193065,0.10409002,-0.0030403079,0.224709675,-1.48636723,-0.000287467381,0.00407923013,-0.0779488534,0.346915841,0.513659835,NaN,0.0138339093,4.61353827,right_hand,1,0.327997088,left_foot,0.0661963001,1,-0.0394492671,-0.625292063,SADDLE_ERROR
4.14,0.0171998311,0.151528433,-1.59742713,0.00119909795,-0.0112404488,-0.00273976848,-0.969599664,1,0.0125154993,0.104090981,-0.0030506656,0.224831581,-1.48917079,-0.000242694659,0.00258554518,-0.0658077896,0.292706728,0.510987997,NaN,0.0138275903,4.61289597,right_hand,1,0.32795307,left_foot,0.0661522746,1,-0.0394696295,-0.625291646,SADDLE_ERROR
4.18,0.017198056,0.151529506,-1.59742582,0.00119689631,-0.0112375552,-0.00276385131,-0.969598353,1,0.012512885,0.104091391,-0.00305951154,0.224908233,-1.49157083,-0.00020978364,0.00160448998,-0.0568836629,0.252918541,0.508695245,NaN,0.0138240466,4.61273956,right_hand,1,0.32791999,left_foot,0.0661192015,1,-0.0394898355,-0.625291109,SADDLE_ERROR
4.22,0.0171963833,0.15153034,-1.59742534,0.00120367808,-0.0112473555,-0.00278094993,-0.969597876,1,0.0125141069,0.104091235,-0.00306731346,0.224954426,-1.49368453,-0.000187152196,0.000940360129,-0.0507472381,0.225583553,0.506671965,NaN,0.013823472,4.6129384,right_hand,1,0.327899665,left_foot,0.066098839,1,-0.0394629426,-0.625291824,SADDLE_ERROR
4.26,0.0171951782,0.151530683,-1.59742534,0.00121951557,-0.011254807,-0.00278764591,-0.969597876,1,0.0125134364,0.104090802,-0.00307441922,0.224979207,-1.49561584,-0.000173701046,0.000460706651,-0.0470999256,0.209344417,0.504820049,NaN,0.0138247702,4.6132412,right_hand,1,0.327888727,left_foot,0.066087909,1,-0.0394719467,-0.625291586,SADDLE_ERROR
4.3,0.0171947125,0.151530653,-1.59742522,0.00123958511,-0.0112581616,-0.00278708083,-0.969597757,1,0.0125115663,0.104090393,-0.00308123627,0.224987254,-1.49745929,-0.000168767016,6.99311495E-05,-0.0457619391,0.203388035,0.503048778,NaN,0.0138265742,4.6133256,right_hand,1,0.32788372,left_foot,0.0660829097,1,-0.0394784212,-0.625291467,SADDLE_ERROR
4.34,0.0171950348,0.151530489,-1.5974251,0.00125940167,-0.0112636471,-0.00278251828,-0.969597638,1,0.0125099793,0.104090422,-0.00308803958,0.224980265,-1.49930537,-0.000172096741,-0.000309705734,-0.046665065,0.207406312,0.501271427,NaN,0.0138274832,4.61318207,right_hand,1,0.327884436,left_foot,0.0660836399,1,-0.0394875668,-0.625291228,SADDLE_ERROR
4.38,0.017195968,0.15153037,-1.59742475,0.00127007882,-0.0112683158,-0.00277927471,-0.96959728,1,0.0125101879,0.104090787,-0.00309517933,0.224956453,-1.50124431,-0.000183838842,-0.000753454864,-0.0498492122,0.221578866,0.499400288,NaN,0.013827147,4.61295605,right_hand,1,0.327884972,left_foot,0.0660841763,1,-0.0394763574,-0.625291467,SADDLE_ERROR
4.42,0.017197134,0.151530415,-1.59742439,0.00127401028,-0.0112659736,-0.00278101885,-0.969596922,1,0.0125117525,0.104091391,-0.00310302782,0.224911243,-1.50337076,-0.000204548531,-0.00134894252,-0.0554642342,0.24658227,0.497343659,NaN,0.0138256429,4.61249971,right_hand,1,0.327888697,left_foot,0.0660879165,1,-0.039438583,-0.625292301,SADDLE_ERROR
4.46,0.0171982162,0.151530623,-1.59742439,0.00126928545,-0.0112613365,-0.00278719864,-0.969596922,1,0.0125123039,0.104091942,-0.0031119436,0.224835247,-1.50578821,-0.000235200452,-0.0022136122,-0.0637758523,0.283620894,0.494999826,NaN,0.0138240745,4.61225653,right_hand,1,0.327894509,left_foot,0.0660937279,1,-0.039450638,-0.625292063,SADDLE_ERROR
4.5,0.0171989612,0.151530847,-1.59742439,0.00125788071,-0.0112648448,-0.00279214373,-0.969596922,1,0.0125126317,0.104092315,-0.00312235882,0.22471337,-1.50861371,-0.000277243904,-0.00351755321,-0.0751760975,0.334483832,0.492252499,NaN,0.0138227344,4.61198807,right_hand,1,0.327900648,left_foot,0.0660998598,1,-0.039482981,-0.625291407,SADDLE_ERROR
4.54,0.0171992499,0.151531085,-1.5974251,0.00124609552,-0.0112633584,-0.00279829814,-0.969597638,1,0.0125144422,0.104092404,-0.00313478219,0.224521503,-1.51198363,-0.000332639902,-0.00551685691,-0.0901972353,0.401628494,0.488964707,NaN,0.0138225425,4.61220694,right_hand,1,0.327906102,left_foot,0.0661053136,1,-0.039470721,-0.625291646,SADDLE_ERROR
4.58,0.017199168,0.15153113,-1.59742522,0.00123712956,-0.0112665482,-0.00279721618,-0.969597757,1,0.0125158057,0.104092173,-0.00314983842,0.224221751,-1.51605964,-0.000403946149,-0.00860321522,-0.109528214,0.48829487,0.484970629,NaN,0.0138229784,4.61236095,right_hand,1,0.327914327,left_foot,0.0661135316,1,-0.0394703038,-0.625291586,SADDLE_ERROR
4.62,0.0171988495,0.151531026,-1.59742582,0.00123172626,-0.0112716611,-0.00279394607,-0.969598353,1,0.0125202611,0.104091823,-0.0031682963,0.223788202,-1.52103806,-0.000494305859,-0.0133791491,-0.134029716,0.598652124,0.480075836,NaN,0.0138240438,4.61261606,right_hand,1,0.32791853,left_foot,0.0661177337,1,-0.0394597948,-0.625291824,SADDLE_ERROR
4.66,0.0171984248,0.151530817,-1.59742618,0.00123045244,-0.0112701748,-0.0027901202,-0.969598711,1,0.0125158876,0.104091436,-0.00319085689,0.223077446,-1.52714384,-0.000550301687,-0.0408540741,-0.162272468,0.737320244,0.474024743,NaN,0.0138254175,4.61291933,right_hand,1,0.327918559,left_foot,0.0661177561,1,-0.0394766554,-0.625291467,SADDLE_ERROR
4.7,0.0171980802,0.151530579,-1.59742618,0.00123385061,-0.0112715792,-0.00278529525,-0.969598711,1,0.0125185773,0.104091175,-0.00321413507,0.22377114,-1.53349197,-0.000541045854,0.0158024728,-0.146701843,0.655782938,0.468143821,NaN,0.0138262492,4.61302662,right_hand,1,0.327916771,left_foot,0.0661159828,1,-0.0394740775,-0.625291526,SADDLE_ERROR
4.74,0.0171978716,0.1515304,-1.59742594,0.00123802107,-0.0112660658,-0.00278035179,-0.969598472,1,0.0125143006,0.104091048,-0.00323340041,0.224256888,-1.53871644,-0.000449000712,0.0101135969,-0.121748656,0.542972565,0.463288844,NaN,0.0138266711,4.61295938,right_hand,1,0.327916384,left_foot,0.0661155805,1,-0.0394767784,-0.625291467,SADDLE_ERROR
4.78,0.0171977766,0.151530311,-1.59742582,0.00124127604,-0.0112661216,-0.00277985004,-0.969598353,1,0.0125173777,0.104091093,-0.00324953208,0.224560291,-1.54309094,-0.000378366327,0.00642316788,-0.102595143,0.456874311,0.459200025,NaN,0.013826604,4.6129837,right_hand,1,0.327911288,left_foot,0.0661104769,1,-0.0394704379,-0.625291646,SADDLE_ERROR
4.82,0.0171978064,0.15153037,-1.59742534,0.00124408281,-0.011259201,-0.00278025074,-0.969597876,1,0.0125118196,0.104091235,-0.00326330168,0.224751562,-1.54682541,-0.000325992674,0.00400415808,-0.0883939713,0.393267632,0.455693454,NaN,0.0138260303,4.61281872,right_hand,1,0.327908158,left_foot,0.0661073625,1,-0.0394862518,-0.625291228,SADDLE_ERROR
4.86,0.0171978772,0.1515304,-1.5974251,0.0012441905,-0.0112627195,-0.00278312177,-0.969597638,1,0.012515299,0.104091384,-0.00327823684,0.224904269,-1.55010045,-0.000289404445,0.00237614661,-0.078492254,0.349016547,0.452617019,NaN,0.013825356,4.61264229,right_hand,1,0.327905238,left_foot,0.066104427,1,-0.0394486524,-0.625292122,SADDLE_ERROR
4.9,0.0171979256,0.15153046,-1.59742522,0.00124423427,-0.0112636611,-0.00278564543,-0.969597757,1,0.0125164241,0.10409148,-0.00328662782,0.224979877,-1.55307674,-0.000266982563,0.0012140125,-0.0724225491,0.321925372,0.449804753,NaN,0.0138248531,4.6125927,right_hand,1,0.327904344,left_foot,0.0661035255,1,-0.0394525044,-0.625292063,SADDLE_ERROR
4.94,0.0171979722,0.151530549,-1.5974251,0.00124400947,-0.0112650888,-0.00278680888,-0.969597638,1,0.0125167146,0.10409151,-0.00329884142,0.225015029,-1.55589962,-0.000257664331,0.00028668344,-0.0698948503,0.310648531,0.447128594,NaN,0.0138246864,4.61262703,right_hand,1,0.327905089,left_foot,0.0661042929,1,-0.0394527353,-0.625292063,SADDLE_ERROR
4.98,0.0171979982,0.151530519,-1.59742522,0.00124200608,-0.011264951,-0.00278634089,-0.969597757,1,0.0125131086,0.104091436,-0.00332651427,0.225155815,-1.55870783,-0.000260946894,-0.000589951873,-0.0707839876,0.314608514,0.444501102,NaN,0.0138247879,4.61270905,right_hand,1,0.327907324,left_foot,0.0661065206,1,-0.0394905359,-0.625291109,SADDLE_ERROR
5.02,0.017198015,0.151530549,-1.5974251,0.00124236045,-0.0112689137,-0.00278608245,-0.969597638,1,0.0125172734,0.104091428,-0.00335372193,0.225239426,-1.56163931,-0.000276936917,-0.00159114599,-0.075188145,0.334246367,0.441741347,NaN,0.0138249816,4.61268997,right_hand,1,0.327907681,left_foot,0.0661068782,1,-0.039475482,-0.625291526,SADDLE_ERROR
5.06,0.0171980485,0.151530549,-1.5974251,0.00124347012,-0.0112653971,-0.00278578093,-0.969597638,1,0.0125133917,0.104091391,-0.00331413024,0.225011885,-1.56483412,0.00387528911,-0.0207945481,-0.0828119144,0.36892885,0.438634247,NaN,0.013825262,4.61273241,right_hand,1,0.327908576,left_foot,0.0661077946,1,-0.0394660048,-0.625291705,SADDLE_ERROR
5.1,0.0171980821,0.151530445,-1.59742522,0.00124329841,-0.0112644276,-0.00278589688,-0.969597757,1,0.0125136301,0.104091354,-0.00333031802,0.224920794,-1.56845701,-0.000351547962,-0.00482928753,-0.0954172239,0.424623251,0.435167462,NaN,0.0138252182,4.61270905,right_hand,1,0.327908814,left_foot,0.0661080331,1,-0.0394961871,-0.62529099,SADDLE_ERROR
5.14,0.0171981081,0.151530445,-1.5974251,0.00124248781,-0.0112615312,-0.00278575136,-0.969597638,1,0.012512818,0.104091354,-0.00335284648,0.22473833,-1.57268035,-0.000412959344,-0.00770415366,-0.112109967,0.499447584,0.431105435,NaN,0.0138250031,4.61262465,right_hand,1,0.327907234,left_foot,0.0661064312,1,-0.0394705944,-0.625291586,SADDLE_ERROR
5.18,0.01719811,0.151530474,-1.5974251,0.00124234392,-0.0112633379,-0.00278570969,-0.969597638,1,0.0125135854,0.104091421,-0.00337024685,0.224303514,-1.57769966,-0.000494149805,-0.0121036023,-0.134135976,0.598589063,0.426212877,NaN,0.0138247684,4.61262274,right_hand,1,0.327907681,left_foot,0.0661068782,1,-0.0394964516,-0.62529099,SADDLE_ERROR
5.22,0.0171981156,0.151530474,-1.5974251,0.00124146964,-0.0112673193,-0.0027858885,-0.969597638,1,0.0125164688,0.104091421,-0.00339125982,0.223577172,-1.58374918,-0.000598531624,-0.0188850909,-0.162436351,0.726809859,0.420256287,NaN,0.013824814,4.61264849,right_hand,1,0.327907622,left_foot,0.0661068186,1,-0.039463941,-0.625291765,SADDLE_ERROR
5.26,0.0171980914,0.151530549,-1.5974251,0.00124195253,-0.0112638753,-0.00278677675,-0.969597638,1,0.0125134215,0.104091428,-0.00341975247,0.223512784,-1.58927834,-0.000455624948,0.0148588046,-0.123738632,0.553904116,0.415008843,NaN,0.0138248447,4.6126647,right_hand,1,0.327908605,left_foot,0.0661077872,1,-0.0394565724,-0.625291884,SADDLE_ERROR
5.3,0.0171980485,0.151530549,-1.5974251,0.00124128023,-0.0112611866,-0.00278658839,-0.969597638,1,0.0125132576,0.104091421,-0.00343522266,0.223957762,-1.5934881,-0.000348936475,0.00944923609,-0.0947642773,0.423266053,0.411179185,NaN,0.0138250338,4.61270142,right_hand,1,0.327908009,left_foot,0.0661072135,1,-0.0394721255,-0.625291586,SADDLE_ERROR
5.34,0.0171980243,0.151530534,-1.5974251,0.00124155916,-0.0112642394,-0.00278615253,-0.969597638,1,0.0125138834,0.104091421,-0.00344691635,0.22424002,-1.59665465,-0.00025880005,0.00592889637,-0.0702851862,0.313490152,0.408286452,NaN,0.0138249109,4.61266327,right_hand,1,0.327909112,left_foot,0.0661083236,1,-0.0394807272,-0.625291407,SADDLE_ERROR
5.38,0.0171980076,0.151530519,-1.5974251,0.00124171283,-0.0112672849,-0.00278664636,-0.969597638,1,0.0125173926,0.104091406,-0.00345530733,0.224415079,-1.59892964,-0.000181122101,0.00360065699,-0.0491889343,0.219203919,0.406201661,NaN,0.0138250217,4.61275721,right_hand,1,0.327907771,left_foot,0.0661069676,1,-0.0394687504,-0.625291646,SADDLE_ERROR
5.42,0.0171979796,0.151530534,-1.5974251,0.00124191609,-0.0112655554,-0.00278596696,-0.969597638,1,0.0125156045,0.104091398,-0.00346081052,0.224515021,-1.60042369,-0.000112257338,0.00200202316,-0.0304861739,0.135786265,0.404828727,NaN,0.0138252992,4.61277246,right_hand,1,0.327907503,left_foot,0.0661066994,1,-0.0394911766,-0.625291109,SADDLE_ERROR
5.46,0.0171979982,0.151530519,-1.5974251,0.00124284206,-0.0112677403,-0.00278556929,-0.969597638,1,0.0125163198,0.104091391,-0.00346370367,0.224553019,-1.60121,-4.89124359E-05,0.000815406442,-0.013283411,0.0591489412,0.4041017,NaN,0.0138251679,4.61269569,right_hand,1,0.32790786,left_foot,0.0661070496,1,-0.0394657329,-0.625291705,SADDLE_ERROR
5.5,0.0171980299,0.151530415,-1.5974251,0.00124220899,-0.0112664625,-0.00278474228,-0.969597638,1,0.0125166625,0.104091324,-0.00346414279,0.224559784,-1.60132718,1.19628075E-05,-0.000195346773,0.00324918004,0.0144669646,0.403993726,NaN,0.0138251316,4.61269331,right_hand,1,0.32790789,left_foot,0.0661071017,1,-0.0394749716,-0.625291526,SADDLE_ERROR
5.54,0.0171980616,0.15153037,-1.5974251,0.00124314812,-0.0112660797,-0.00278435461,-0.969597638,1,0.012516804,0.104091302,-0.00346213579,0.224526405,-1.60078239,7.33203269E-05,-0.00123080611,0.0199123658,0.0886688977,0.404495031,NaN,0.0138252955,4.6127367,right_hand,1,0.327906966,left_foot,0.0661061779,1,-0.0394595787,-0.625291824,SADDLE_ERROR
5.58,0.0171981007,0.1515304,-1.5974251,0.00124354509,-0.0112663088,-0.00278443517,-0.969597638,1,0.0125164539,0.104091384,-0.00345760584,0.224448517,-1.59955001,0.000138120391,-0.00249586999,0.0375111066,0.167085618,0.405628651,NaN,0.0138249081,4.61265802,right_hand,1,0.327907175,left_foot,0.0661063641,1,-0.0394727327,-0.625291586,SADDLE_ERROR
5.62,0.0171981249,0.151530415,-1.5974251,0.0012422452,-0.0112639163,-0.00278493064,-0.969597638,1,0.0125140026,0.104091413,-0.00345031149,0.224315152,-1.59757161,0.000209470643,-0.00423955172,0.0568883047,0.253539741,0.407447278,NaN,0.0138248773,4.6126461,right_hand,1,0.327906609,left_foot,0.0661058277,1,-0.0394873321,-0.625291169,SADDLE_ERROR
5.66,0.0171981268,0.15153034,-1.5974251,0.00124121271,-0.0112663945,-0.00278521702,-0.969597638,1,0.0125146136,0.104091361,-0.00343993981,0.22407867,-1.59475458,0.000290739961,-0.00680430979,0.0789597407,0.352235168,0.410024226,NaN,0.0138247628,4.61264896,right_hand,1,0.327906311,left_foot,0.0661055073,1,-0.0394767858,-0.625291467,SADDLE_ERROR
5.7,0.0171981081,0.15153037,-1.5974251,0.00124150689,-0.0112620303,-0.00278464425,-0.969597638,1,0.0125123709,0.104091331,-0.00342596788,0.223704234,-1.59096551,0.000385678548,-0.0106917024,0.104743451,0.467948467,0.413477331,NaN,0.0138248615,4.6126442,right_hand,1,0.327906847,left_foot,0.0661060587,1,-0.0394774601,-0.625291407,SADDLE_ERROR
5.74,0.0171980802,0.15153037,-1.59742486,0.001241519,-0.0112641305,-0.0027847148,-0.969597399,1,0.012513943,0.104091294,-0.00340779428,0.223123848,-1.5860399,0.000496892259,-0.016691573,0.135347933,0.606595874,0.417945415,NaN,0.0138250003,4.61267567,right_hand,1,0.327906102,left_foot,0.0661053136,1,-0.0394795202,-0.625291348,SADDLE_ERROR
5.78,0.0171980653,0.15153037,-1.59742486,0.00124171434,-0.0112630362,-0.0027847602,-0.969597399,1,0.0125125051,0.104091309,-0.00339154736,0.223528579,-1.58157682,0.000365145883,0.0117383972,0.0991777182,0.443869472,0.422297001,NaN,0.0138250282,4.61269855,right_hand,1,0.32790646,left_foot,0.0661056563,1,-0.039491415,-0.625291109,SADDLE_ERROR
5.82,0.017198069,0.151530415,-1.59742475,0.00124219921,-0.0112628732,-0.00278466218,-0.96959728,1,0.0125165433,0.104091361,-0.00337952864,0.223874733,-1.5783546,0.000257256848,0.0071573332,0.0698666051,0.312145501,0.425457537,NaN,0.0138247665,4.61264849,right_hand,1,0.327905625,left_foot,0.0661048144,1,-0.0394600146,-0.625291884,SADDLE_ERROR
5.86,0.0171980672,0.15153037,-1.59742475,0.00124145695,-0.0112681715,-0.00278413319,-0.96959728,1,0.0125159845,0.104091354,-0.00337167177,0.224078327,-1.57621789,0.000161583521,0.00402143598,0.0438833646,0.195855737,0.427545726,NaN,0.0138248159,4.61267519,right_hand,1,0.32790494,left_foot,0.066104129,1,-0.039485015,-0.625291228,SADDLE_ERROR
5.9,0.0171980672,0.151530415,-1.59742475,0.00124236767,-0.0112668294,-0.00278481515,-0.96959728,1,0.0125157982,0.104091384,-0.00336743076,0.224172994,-1.57506359,7.37280134E-05,0.00170951337,0.0200232379,0.089316614,0.428669363,NaN,0.0138248401,4.61265326,right_hand,1,0.327905506,left_foot,0.0661047101,1,-0.0394694172,-0.625291646,SADDLE_ERROR
5.94,0.0171980672,0.1515304,-1.59742463,0.00124232704,-0.0112624979,-0.00278577488,-0.969597161,1,0.0125124231,0.104091354,-0.00336660771,0.224190712,-1.57483578,-1.04744386E-05,-0.00023701787,-0.00284455577,0.0126863606,0.428890735,NaN,0.0138248699,4.61264277,right_hand,1,0.327906102,left_foot,0.0661053061,1,-0.0395021066,-0.625290871,SADDLE_ERROR
5.98,0.0171980727,0.151530385,-1.59742463,0.00124251726,-0.0112623675,-0.00278596091,-0.969597161,1,0.0125129968,0.104091354,-0.00336912391,0.224132702,-1.57552171,-9.50445974E-05,-0.00220364332,-0.0258123688,0.115139723,0.428222448,NaN,0.0138248848,4.61267662,right_hand,1,0.327905267,left_foot,0.0661044568,1,-0.0394608341,-0.625291765,SADDLE_ERROR
6.02,0.0171980802,0.15153037,-1.59742463,0.00124230271,-0.0112656467,-0.00278546684,-0.969597161,1,0.012516655,0.104091324,-0.00337511254,0.223992869,-1.57715309,-0.000184018325,-0.00457879901,-0.0499756038,0.223045617,0.426632702,NaN,0.0138248317,4.61259651,right_hand,1,0.327905267,left_foot,0.0661044568,1,-0.039460741,-0.625291884,SADDLE_ERROR
6.06,0.0171981007,0.151530311,-1.59742463,0.00124268699,-0.0112651503,-0.00278552878,-0.969597161,1,0.0125163272,0.104091294,-0.00338486419,0.223727122,-1.57980502,-0.000281578221,-0.00782908499,-0.0764714107,0.341651738,0.424037129,NaN,0.0138248084,4.61265135,right_hand,1,0.327905089,left_foot,0.0661042929,1,-0.03945994,-0.625291884,SADDLE_ERROR
6.1,0.0171981156,0.151530296,-1.59742463,0.00124250655,-0.011264558,-0.00278549339,-0.969597161,1,0.012514472,0.104091272,-0.00339880958,0.22329092,-1.58360124,-0.000392202521,-0.0125898495,-0.10651543,0.476700515,0.420305371,NaN,0.0138248159,4.61264086,right_hand,1,0.327903777,left_foot,0.0661029965,1,-0.0394883938,-0.625291169,SADDLE_ERROR
6.14,0.0171981417,0.151530281,-1.59742463,0.00124235894,-0.0112662427,-0.00278474553,-0.969597161,1,0.0125154331,0.104091309,-0.00341348094,0.223310634,-1.58759081,-0.000314947567,0.0107774436,-0.0855360478,0.383168876,0.416538239,NaN,0.0138248028,4.61264563,right_hand,1,0.327903479,left_foot,0.0661026686,1,-0.0394757651,-0.625291526,SADDLE_ERROR
6.18,0.017198151,0.151530311,-1.59742463,0.00124266464,-0.011263811,-0.00278482167,-0.969597161,1,0.0125140771,0.104091346,-0.00342312548,0.223616213,-1.59020817,-0.000197998103,0.00605852157,-0.0537725277,0.240502745,0.414163619,NaN,0.0138246901,4.61262131,right_hand,1,0.327904999,left_foot,0.0661041886,1,-0.0394841209,-0.625291288,SADDLE_ERROR
6.22,0.0171981417,0.15153034,-1.59742463,0.00124175183,-0.0112618506,-0.00278646522,-0.969597161,1,0.0125140622,0.104091339,-0.00342833367,0.223767862,-1.59162307,-9.04565459E-05,0.00257811695,-0.0245664418,0.109784499,0.412876695,NaN,0.0138246957,4.61257505,right_hand,1,0.327904552,left_foot,0.066103749,1,-0.0394338444,-0.62529254,SADDLE_ERROR
6.26,0.0171980951,0.151530415,-1.59742463,0.00124153926,-0.0112611447,-0.0027872941,-0.969597161,1,0.0125143826,0.104091384,-0.00342935137,0.22379151,-1.59190428,1.2666138E-05,-0.000352270901,0.00343989534,0.015368483,0.412618905,NaN,0.0138246752,4.61260939,right_hand,1,0.327902496,left_foot,0.0661017075,1,-0.0394751504,-0.625291526,SADDLE_ERROR
6.3,0.0171980821,0.151530415,-1.59742463,0.0012420672,-0.011264761,-0.00278715184,-0.969597161,1,0.012514405,0.104091384,-0.00342628383,0.22370939,-1.59106565,0.000116229596,-0.00331208855,0.0315658189,0.141063675,0.413383991,NaN,0.0138247525,4.61260128,right_hand,1,0.327902853,left_foot,0.0661020502,1,-0.039489124,-0.625291228,SADDLE_ERROR
6.34,0.0171980951,0.1515304,-1.59742475,0.00124218559,-0.0112639032,-0.00278642261,-0.96959728,1,0.0125129223,0.104091346,-0.00341892638,0.223488718,-1.58907044,0.000225103446,-0.00688456744,0.0611337461,0.273424864,0.415197104,NaN,0.0138247227,4.6126585,right_hand,1,0.327903777,left_foot,0.0661029816,1,-0.0394808464,-0.625291348,SADDLE_ERROR
6.38,0.0171981044,0.151530415,-1.59742463,0.00124260038,-0.0112603912,-0.0027868154,-0.969597161,1,0.0125121102,0.104091354,-0.00340712676,0.223104417,-1.58586383,0.000356045493,-0.0112941414,0.0893953964,0.403241098,0.418105423,NaN,0.0138248606,4.61262751,right_hand,1,0.327904016,left_foot,0.0661032125,1,-0.0394519344,-0.625292063,SADDLE_ERROR
6.42,0.0171980858,0.151530385,-1.59742475,0.0012417963,-0.011262116,-0.00278716488,-0.96959728,1,0.0125131086,0.104091316,-0.00339604169,0.223374188,-1.58287346,0.000228869569,0.00761795789,0.0621564686,0.278319955,0.421020597,NaN,0.0138250329,4.61262512,right_hand,1,0.327903599,left_foot,0.0661027879,1,-0.0394617096,-0.625291765,SADDLE_ERROR
6.46,0.0171980746,0.151530385,-1.59742475,0.0012417119,-0.0112643717,-0.00278747221,-0.96959728,1,0.0125137642,0.104091309,-0.00338988728,0.223568738,-1.5811832,0.000112589441,0.0034692511,0.0305768847,0.136770964,0.422682226,NaN,0.0138249509,4.61264467,right_hand,1,0.327903032,left_foot,0.0661022365,1,-0.0394706056,-0.625291646,SADDLE_ERROR
6.5,0.0171980839,0.151530415,-1.59742475,0.00124273379,-0.0112621402,-0.00278549315,-0.96959728,1,0.0125123188,0.104091331,-0.00338815921,0.223623291,-1.5807153,1.74056731E-06,5.19677997E-05,0.000472494867,0.002112563,0.423142463,NaN,0.0138247861,4.61262751,right_hand,1,0.327903956,left_foot,0.0661031529,1,-0.0394752286,-0.625291526,SADDLE_ERROR
6.54,0.01719811,0.151530385,-1.59742475,0.00124208757,-0.0112648839,-0.00278560817,-0.96959728,1,0.0125142559,0.104091316,-0.00339085003,0.223541945,-1.58144534,-0.000108859495,-0.00330887735,-0.0295649357,0.132221058,0.422425687,NaN,0.013824895,4.6126585,right_hand,1,0.327903718,left_foot,0.066102922,1,-0.0394907184,-0.625291049,SADDLE_ERROR
6.58,0.0171981081,0.151530385,-1.59742463,0.00124254823,-0.0112631219,-0.00278510805,-0.969597161,1,0.0125118569,0.104091331,-0.00339808059,0.223311231,-1.58340573,-0.00022438106,-0.00727535039,-0.0609402731,0.272770524,0.420496881,NaN,0.0138248019,4.61257648,right_hand,1,0.327904522,left_foot,0.0661037192,1,-0.0395019911,-0.625290811,SADDLE_ERROR
6.62,0.0171981081,0.151530355,-1.59742463,0.00124133809,-0.011265872,-0.00278691575,-0.969597161,1,0.0125148743,0.104091316,-0.00340816611,0.22313109,-1.58614373,-0.000211970124,0.0074480325,-0.057751745,0.258882403,0.417849094,NaN,0.0138246622,4.61260748,right_hand,1,0.327904493,left_foot,0.0661036894,1,-0.0394766219,-0.625291407,SADDLE_ERROR
6.66,0.0171980895,0.15153037,-1.59742463,0.00124196871,-0.0112651354,-0.00278702728,-0.969597161,1,0.0125164539,0.104091361,-0.0034135161,0.223308504,-1.58759737,-8.73208992E-05,0.00292058289,-0.0237155929,0.106199674,0.416531324,NaN,0.0138247116,4.61264753,right_hand,1,0.327903777,left_foot,0.066102989,1,-0.0394759253,-0.625291526,SADDLE_ERROR
6.7,0.017198069,0.15153046,-1.59742463,0.00124258338,-0.0112647852,-0.00278713624,-0.969597161,1,0.012516886,0.104091413,-0.00341398409,0.223323345,-1.58772302,3.37302736E-05,-0.00110919774,0.00916057359,0.0410113186,0.416417271,NaN,0.0138246417,4.61267519,right_hand,1,0.32790485,left_foot,0.0661040545,1,-0.0394575559,-0.625291884,SADDLE_ERROR
6.74,0.0171980616,0.151530534,-1.59742475,0.00124169106,-0.0112624913,-0.00278640143,-0.96959728,1,0.0125128776,0.104091398,-0.00340959104,0.223177209,-1.58652866,0.000156166672,-0.00530180335,0.0424139053,0.189974606,0.4174999,NaN,0.013824732,4.61266088,right_hand,1,0.327904046,left_foot,0.0661032423,1,-0.0394920781,-0.625291049,SADDLE_ERROR
6.78,0.0171980653,0.151530474,-1.59742475,0.00124236592,-0.0112637384,-0.00278720143,-0.96959728,1,0.0125133619,0.104091346,-0.00338944793,0.223225713,-1.58473051,-0.000469275023,0.0021835044,0.0383533314,0.17192626,0.419215471,NaN,0.0138249984,4.61264896,right_hand,1,0.327904463,left_foot,0.0661036596,1,-0.0394629985,-0.625291824,SADDLE_ERROR
6.82,0.0171980765,0.151530445,-1.59742475,0.00124271761,-0.0112633109,-0.00278627616,-0.96959728,1,0.0125125125,0.104091369,-0.00340047758,0.223226666,-1.58405781,1.42615099E-05,0.000485315919,0.0038733948,0.0173498411,0.419853032,NaN,0.0138248727,4.61259604,right_hand,1,0.327904046,left_foot,0.0661032423,1,-0.0394755229,-0.625291526,SADDLE_ERROR
6.86,0.0171981063,0.151530385,-1.59742475,0.00124311447,-0.0112649081,-0.00278577791,-0.96959728,1,0.0125127733,0.104091316,-0.0034030329,0.223139048,-1.58475137,-0.000110942834,-0.00382381678,-0.0301318951,0.134994447,0.419168979,NaN,0.0138247907,4.61263847,right_hand,1,0.327904791,left_foot,0.0661039799,1,-0.0394654199,-0.625291765,SADDLE_ERROR
6.9,0.0171981305,0.15153034,-1.59742475,0.00124215847,-0.0112637253,-0.00278515369,-0.96959728,1,0.0125130042,0.104091294,-0.00340721244,0.223093942,-1.58588731,-5.53279351E-05,0.00196168572,-0.0150272772,0.0673551783,0.418080002,NaN,0.0138247898,4.61259937,right_hand,1,0.327905238,left_foot,0.0661044419,1,-0.0394732505,-0.625291586,SADDLE_ERROR
6.94,0.0171981324,0.15153034,-1.59742475,0.00124192156,-0.0112624569,-0.00278522843,-0.96959728,1,0.0125121325,0.104091302,-0.00340638193,0.223076373,-1.58565867,0.000230725156,-0.00110406429,0.0153178181,0.0686680675,0.418290585,NaN,0.0138247982,4.61258221,right_hand,1,0.327904642,left_foot,0.0661038533,1,-0.0394661836,-0.625291705,SADDLE_ERROR
6.98,0.0171981398,0.15153037,-1.59742475,0.0012422764,-0.0112638967,-0.00278507918,-0.96959728,1,0.0125127956,0.104091324,-0.00340534584,0.2230753,-1.58538139,2.03478958E-05,-5.84125519E-05,-0.00113496906,0.00490615563,0.418552548,NaN,0.0138247777,4.61262465,right_hand,1,0.327904195,left_foot,0.0661033913,1,-0.0394674726,-0.625291705,SADDLE_ERROR
7.02,0.0171981174,0.15153037,-1.59742475,0.00124199409,-0.0112629049,-0.00278617581,-0.96959728,1,0.0125122666,0.104091316,-0.00340587995,0.223075032,-1.58552289,-8.58854219E-06,0.000215597451,-0.00183582958,0.00841709692,0.418418616,NaN,0.0138247516,4.61267996,right_hand,1,0.32790333,left_foot,0.0661025345,1,-0.0394623838,-0.625291824,SADDLE_ERROR
7.06,0.0171980951,0.15153037,-1.59742475,0.00124137662,-0.0112631433,-0.00278644706,-0.96959728,1,0.0125116706,0.104091331,-0.00340577844,0.223075092,-1.58550167,9.3629078E-06,-2.75224447E-05,0.00110209873,0.00496892724,0.418438673,NaN,0.0138249053,4.61262846,right_hand,1,0.327902228,left_foot,0.0661014244,1,-0.0394750014,-0.625291526,SADDLE_ERROR
7.1,0.0171980672,0.151530445,-1.59742475,0.0012414325,-0.0112628937,-0.00278774323,-0.96959728,1,0.0125138089,0.104091361,-0.00340576051,0.223075107,-1.58549106,1.01794944E-06,-2.07573175E-05,-0.000226796416,0.00102201838,0.418448687,NaN,0.0138247935,4.61262846,right_hand,1,0.327902377,left_foot,0.0661015734,1,-0.0394691266,-0.625291646,SADDLE_ERROR
7.14,0.0171980485,0.151530489,-1.59742475,0.000137782845,-0.00296010426,-0.000470216415,-0.96959728,1,0.00385511317,0.104091406,-0.00340577937,0.223075092,-1.5854969,0,0,0,0,0.418443114,NaN,0.0138247842,4.49364805,right_hand,1,0.327904999,left_foot,0.0661042035,1,-0.0408159606,-0.625259876,SADDLE_ERROR
7.18,0.0171356089,0.15158093,-1.59721661,-0.00160136516,-0.00174740492,0.00709490431,-0.969389141,1,0.00214196439,0.104163393,-0.00340577937,0.223075092,-1.5854969,0,0,0,0,0.418174058,NaN,0.0137350112,4.40440845,right_hand,1,0.327992678,left_foot,0.0661925822,1,-0.0418532155,-0.625235438,SADDLE_ERROR
7.22,0.017065851,0.151617005,-1.5967859,-0.00102236692,-0.00202672044,0.0108959945,-0.968968332,1,0.00202875957,0.104241572,-0.00340577937,0.223075092,-1.5854969,0,0,0,0,0.41766721,NaN,0.0133356908,4.17363214,right_hand,1,0.326687425,left_foot,0.0648892149,1,-0.0419735946,-0.625227213,SADDLE_ERROR
7.26,0.0170169882,0.15170446,-1.59629941,-0.000815281703,-0.000310112868,0.0106191179,-0.968481839,1,0.00120261952,0.104372561,-0.00340577937,0.223075092,-1.5854969,0,0,0,0,0.417070836,NaN,0.0125919878,3.98061609,right_hand,1,0.3236458,left_foot,0.0618531108,1,-0.0416834988,-0.625234008,SADDLE_ERROR
7.3,0.0169393998,0.151882663,-1.59589601,-0.00214908179,0.00172617822,0.00759301893,-0.968078434,1,0.00153692812,0.104521878,-0.00340577937,0.223075092,-1.5854969,0,0,0,0,0.41653493,NaN,0.0118967062,3.98159957,right_hand,1,0.319563419,left_foot,0.0577712171,1,-0.0414868742,-0.625238717,SADDLE_ERROR
7.34,0.0167908948,0.152233109,-1.59562385,-0.00393573614,0.00647155195,0.0046782014,-0.96780628,1,0.00211464614,0.10471525,-0.00340577937,0.223075092,-1.5854969,0,0,0,0,0.416095644,NaN,0.0116345203,4.21709347,right_hand,1,0.315432638,left_foot,0.0536380336,1,-0.0412174761,-0.625245035,SADDLE_ERROR
7.38,0.0165789071,0.152618557,-1.59543228,-0.00543993292,0.00553313876,0.00348375621,-0.96761471,1,0.00224976847,0.104844674,-0.00340577937,0.223075092,-1.5854969,0,0,0,0,0.41577068,NaN,0.0118608577,4.50563526,right_hand,1,0.311332643,left_foot,0.0495344065,1,-0.0415378809,-0.625237465,SADDLE_ERROR
7.42,0.0163148064,0.152914867,-1.59525156,-0.00647014333,0.0028239172,0.00391926244,-0.967433989,1,0.00388502283,0.104887955,-0.00340577937,0.223075092,-1.5854969,0,0,0,0,0.415512145,NaN,0.0124401664,4.72298098,right_hand,1,0.306933939,left_foot,0.0467591397,1,-0.0420952551,-0.625231028,SADDLE_ERROR
7.46,0.0160275716,0.153076693,-1.59503305,-0.00659447908,-0.000602571294,0.00502536027,-0.967215478,1,0.00278277579,0.104882292,-0.00340577937,0.223075092,-1.5854969,0,0,0,0,0.415257573,NaN,0.0130931195,4.79973698,right_hand,1,0.302339017,left_foot,0.0467134118,1,-0.0425400659,-0.625227153,SADDLE_ERROR
7.5,0.0157608204,0.153106838,-1.5947789,-0.00549753848,-0.00381646398,0.00549148908,-0.966961324,1,0.00173502055,0.10485898,-0.00340577937,0.223075092,-1.5854969,0,0,0,0,0.414991945,NaN,0.013503219,4.69231844,right_hand,1,0.297927409,left_foot,0.0470062606,1,-0.0428781174,-0.625219226,SADDLE_ERROR
7.54,0.0155587904,0.153049543,-1.59453487,-0.00351742981,-0.00542180287,0.00451908214,-0.966717303,1,0.00124754279,0.104843095,-0.00340577937,0.223075092,-1.5854969,0,0,0,0,0.414746225,NaN,0.0134942401,4.5198698,right_hand,1,0.294188708,left_foot,0.0475438088,1,-0.0429543704,-0.625217378,SADDLE_ERROR
7.58,0.015440613,0.152971536,-1.59436262,-0.00150094356,-0.00522292312,0.00202533836,-0.966545045,1,0.00134414632,0.104846284,-0.00340577937,0.223075092,-1.5854969,0,0,0,0,0.414570481,NaN,0.0131586911,4.38218355,right_hand,1,0.291560471,left_foot,0.0480517969,1,-0.0428428501,-0.62522006,SADDLE_ERROR
7.62,0.0153964637,0.152925611,-1.59430718,0.000169884224,-0.00401879475,-0.000958273187,-0.966489613,1,0.00187521765,0.104857624,-0.00340577937,0.223075092,-1.5854969,0,0,0,0,0.414507747,NaN,0.01276052,4.34220934,right_hand,1,0.290324092,left_foot,0.0482489802,1,-0.0427698158,-0.625221789,SADDLE_ERROR
7.66,0.0154096568,0.152928457,-1.59436381,0.00137845194,-0.00276458194,-0.00339569338,-0.966546237,1,0.00244871876,0.104862832,-0.00340577937,0.223075092,-1.5854969,0,0,0,0,0.414559007,NaN,0.0125432275,4.39837408,right_hand,1,0.290429771,left_foot,0.0480720103,1,-0.0426945053,-0.625223517,SADDLE_ERROR
7.7,0.0154786101,0.152962014,-1.59448671,0.00358769926,-0.00226502609,-0.00421015313,-0.966669142,1,0.00270900363,0.104857251,-0.00340577937,0.223075092,-1.5854969,0,0,0,0,0.414684832,NaN,0.0126005374,4.49610281,right_hand,1,0.291509837,left_foot,0.0476866029,1,-0.0426447541,-0.62522465,SADDLE_ERROR
7.74,0.015620959,0.153023109,-1.59462035,0.005132169,-0.00164838403,-0.00402515847,-0.966802776,1,0.00282204431,0.104882285,-0.00340577937,0.223075092,-1.5854969,0,0,0,0,0.414815903,NaN,0.0128676556,4.57367325,right_hand,1,0.293064743,left_foot,0.0474204719,1,-0.0422284082,-0.625234544,SADDLE_ERROR
7.78,0.0158077199,0.153095737,-1.5947274,0.00607907772,-0.00181802409,-0.00303612603,-0.966909826,1,0.00256868359,0.104950614,-0.00340577937,0.223075092,-1.5854969,0,0,0,0,0.414911002,NaN,0.013184784,4.58373117,right_hand,1,0.294863731,left_foot,0.0472993925,1,-0.0416992642,-0.625246823,SADDLE_ERROR
7.82,0.0160210412,0.153162971,-1.59478462,0.00656329328,-0.00200818363,-0.00159173738,-0.966967046,1,0.00223086239,0.105048344,-0.00340577937,0.223075092,-1.5854969,0,0,0,0,0.414948225,NaN,0.0133747701,4.53116751,right_hand,1,0.296657324,left_foot,0.0474245138,1,-0.0410862565,-0.625261247,SADDLE_ERROR
7.86,0.0162355639,0.153224066,-1.59478676,0.00608916581,-0.00216757692,-0.000332954427,-0.966969192,1,0.00202523987,0.105167076,-0.00340577937,0.223075092,-1.5854969,0,0,0,0,0.414921552,NaN,0.0133472318,4.44790649,right_hand,1,0.298161834,left_foot,0.0478137694,1,-0.040425092,-0.625276744,SADDLE_ERROR
7.9,0.0164079331,0.15329729,-1.59475064,0.00439633848,-0.00164566934,0.000410779379,-0.966933072,1,0.00204545073,0.105297655,-0.00340577937,0.223075092,-1.5854969,0,0,0,0,0.414843559,NaN,0.0131397778,4.38212919,right_hand,1,0.299182415,left_foot,0.0482891761,1,-0.039876543,-0.625289559,SADDLE_ERROR
7.94,0.0164960809,0.153390929,-1.59469521,0.00164821115,-0.00125314831,0.000643311418,-0.966877639,1,0.00223768828,0.105411582,-0.00340577937,0.223075092,-1.5854969,0,0,0,0,0.414739668,NaN,0.0128842751,4.36459875,right_hand,1,0.299576044,left_foot,0.0486308746,1,-0.0395878963,-0.625296295,SADDLE_ERROR
7.98,0.0164726712,0.153488308,-1.59463954,-0.00116630783,-0.00146211393,0.000376104697,-0.966821969,1,0.00251823943,0.105474636,-0.00340577937,0.223075092,-1.5854969,0,0,0,0,0.414644152,NaN,0.0127246594,4.42204762,right_hand,1,0.299231738,left_foot,0.0486775227,1,-0.0398292877,-0.625290751,SADDLE_ERROR
8.02,0.0163491722,0.153559893,-1.59458458,-0.00348392874,-0.00224205409,0.000542732829,-0.966767013,1,0.00265580253,0.105469182,-0.00340577937,0.223075092,-1.5854969,0,0,0,0,0.414570779,NaN,0.0127394469,4.52642345,right_hand,1,0.298097491,left_foot,0.0484916791,1,-0.0403888412,-0.625277638,SADDLE_ERROR
8.06,0.0161465127,0.153585449,-1.5945152,-0.00519451778,-0.00347606814,0.00100660068,-0.966697633,1,0.00251514371,0.105410233,-0.00340577937,0.223075092,-1.5854969,0,0,0,0,0.414503843,NaN,0.0129100895,4.62571526,right_hand,1,0.29618606,left_foot,0.0482221358,1,-0.0410204642,-0.625262737,SADDLE_ERROR
8.1,0.0158949662,0.153550655,-1.5944258,-0.0059842742,-0.00507052708,0.00141389889,-0.966608226,1,0.00216439576,0.105312437,-0.00340577937,0.223075092,-1.5854969,0,0,0,0,0.414436579,NaN,0.0131356493,4.6623311,right_hand,1,0.293736011,left_foot,0.047984872,1,-0.0417045504,-0.625246763,SADDLE_ERROR
8.14,0.0156362075,0.15345645,-1.59432733,-0.00565697579,-0.00644907542,0.00136704207,-0.966509759,1,0.00176915294,0.105192915,-0.00340577937,0.223075092,-1.5854969,0,0,0,0,0.414375424,NaN,0.0132976193,4.63397121,right_hand,1,0.291177005,left_foot,0.0478409268,1,-0.0423095971,-0.625232637,SADDLE_ERROR
8.18,0.0154135237,0.153322324,-1.59424376,-0.00432074768,-0.00716912141,0.000653137686,-0.966426194,1,0.00151820807,0.10507217,-0.00340577937,0.223075092,-1.5854969,0,0,0,0,0.414336801,NaN,0.0133247552,4.56749821,right_hand,1,0.288996756,left_foot,0.0477753431,1,-0.042786032,-0.625221431,SADDLE_ERROR
8.22,0.0152601013,0.15317376,-1.59420407,-0.00236721826,-0.00719590252,-0.000699757831,-0.966386497,1,0.001529951,0.104963161,-0.00340577937,0.223075092,-1.5854969,0,0,0,0,0.414342612,NaN,0.0132226935,4.49869061,right_hand,1,0.287609488,left_foot,0.0477363355,1,-0.0430811383,-0.625226498,SADDLE_ERROR
8.26,0.0151913054,0.15304485,-1.59422684,-0.000207366364,-0.00631879782,-0.00238970295,-0.966409266,1,0.00103099714,0.10487996,-0.00340577937,0.223075092,-1.5854969,0,0,0,0,0.414404958,NaN,0.0130645987,4.45472813,right_hand,1,0.287273049,left_foot,0.0476328991,1,-0.0431170315,-0.625225723,SADDLE_ERROR
8.3,0.0152094411,0.152956635,-1.59431589,0.00198616483,-0.00514416397,-0.00375546189,-0.966498315,1,0.00120263488,0.104826577,-0.00340577937,0.223075092,-1.5854969,0,0,0,0,0.414524585,NaN,0.0129408222,4.44654465,right_hand,1,0.28806144,left_foot,0.0474059656,1,-0.0430774279,-0.625226676,SADDLE_ERROR
8.34,0.0153274583,0.152911812,-1.59444332,0.00522092776,-0.00395242823,-0.00428921077,-0.96662575,1,0.00126400415,0.104800358,-0.00340577937,0.223075092,-1.5854969,0,0,0,0,0.414674252,NaN,0.0129110599,4.46107244,right_hand,1,0.289726704,left_foot,0.047234796,1,-0.0428715348,-0.625231445,SADDLE_ERROR
8.38,0.0155462828,0.152934283,-1.59458184,0.00723951776,-0.00225609867,-0.00429301895,-0.966764271,1,0.00140566472,0.104844823,-0.00340577937,0.223075092,-1.5854969,0,0,0,0,0.414810389,NaN,0.0129772071,4.48271036,right_hand,1,0.291933835,left_foot,0.047235772,1,-0.0422107987,-0.625246823,SADDLE_ERROR
8.42,0.0158158578,0.153008804,-1.59470963,0.00806133077,-0.00139110663,-0.0037440788,-0.966892064,1,0.00210374896,0.104947068,-0.00340577937,0.223075092,-1.5854969,0,0,0,0,0.414914995,NaN,0.0130801639,4.48477554,right_hand,1,0.294476748,left_foot,0.0473137721,1,-0.0414012037,-0.625265718,SADDLE_ERROR
8.46,0.016097242,0.153109699,-1.59480357,0.00803019013,-0.000880735868,-0.00264653726,-0.966986001,1,0.00204511918,0.105075672,-0.00340577937,0.223075092,-1.5854969,0,0,0,0,0.414975107,NaN,0.0131455213,4.46850634,right_hand,1,0.29703325,left_foot,0.0474834219,1,-0.0407012999,-0.625282049,SADDLE_ERROR
8.5,0.0163566917,0.153217435,-1.59484923,0.00706334179,-0.000865796115,-0.00131971773,-0.967031658,1,0.00198156922,0.10521061,-0.00340577937,0.223075092,-1.5854969,0,0,0,0,0.414981008,NaN,0.0131321764,4.44059992,right_hand,1,0.299199522,left_foot,0.0478008837,1,-0.0400887989,-0.625296295,SADDLE_ERROR
8.54,0.0165560488,0.153339386,-1.59484291,0.00506376289,-0.000560898276,-9.9608078E-06,-0.96702534,1,0.00194832392,0.105350912,-0.00340577937,0.223075092,-1.5854969,0,0,0,0,0.414924681,NaN,0.0130474539,4.41434622,right_hand,1,0.300658911,left_foot,0.0481990725,1,-0.0395660773,-0.625308633,SADDLE_ERROR
8.58,0.016657887,0.153468072,-1.59478843,0.00187175977,-0.000613123178,0.000996133313,-0.966970861,1,0.00194888085,0.105475456,-0.00340577937,0.223075092,-1.5854969,0,0,0,0,0.414815784,NaN,0.012936404,4.41777945,right_hand,1,0.301172584,left_foot,0.0485427827,1,-0.0392786786,-0.625315309,SADDLE_ERROR
8.62,0.0166233797,0.153581142,-1.59470439,-0.00168959436,-0.00137532724,0.00133514195,-0.966886818,1,0.00194778619,0.105551377,-0.00340577937,0.223075092,-1.5854969,0,0,0,0,0.414686143,NaN,0.0128565878,4.45780659,right_hand,1,0.300646603,left_foot,0.0486413576,1,-0.0394787006,-0.6253106,SADDLE_ERROR
8.66,0.0164713785,0.153645903,-1.5946039,-0.00430957926,-0.00254893512,0.00178588787,-0.966786325,1,0.00188848481,0.105546333,-0.00340577937,0.223075092,-1.5854969,0,0,0,0,0.414564878,NaN,0.0128549235,4.52821636,right_hand,1,0.299078852,left_foot,0.0485634468,1,-0.0401197076,-0.625295579,SADDLE_ERROR
8.7,0.0162310284,0.153660372,-1.59448433,-0.00620795274,-0.00378380157,0.0021893864,-0.966666758,1,0.00174903404,0.105485648,-0.00340577937,0.223075092,-1.5854969,0,0,0,0,0.414445698,NaN,0.012946113,4.60359287,right_hand,1,0.296567261,left_foot,0.0484249555,1,-0.0408093855,-0.625279546,SADDLE_ERROR
8.74,0.0159354061,0.153616488,-1.59435272,-0.00700637093,-0.00532590831,0.00257932418,-0.966535151,1,0.00150459877,0.105381154,-0.00340577937,0.223075092,-1.5854969,0,0,0,0,0.414333761,NaN,0.0130819613,4.63906527,right_hand,1,0.293436974,left_foot,0.0482935384,1,-0.0415719375,-0.625261724,SADDLE_ERROR
8.78,0.0156296361,0.153517976,-1.59421122,-0.00682323426,-0.00649964018,0.00258413563,-0.96639365,1,0.0012497243,0.10525161,-0.00340577937,0.223075092,-1.5854969,0,0,0,0,0.414227188,NaN,0.0131830415,4.62137699,right_hand,1,0.290125251,left_foot,0.0482881144,1,-0.0422898717,-0.625244975,SADDLE_ERROR
8.82,0.0153534543,0.15338254,-1.59408855,-0.00560248038,-0.00728281448,0.00171463459,-0.966270983,1,0.00137180102,0.105119206,-0.00340577937,0.223075092,-1.5854969,0,0,0,0,0.414146632,NaN,0.0131862024,4.56382132,right_hand,1,0.287186831,left_foot,0.0483410321,1,-0.0428420678,-0.62523216,SADDLE_ERROR
8.86,0.0151436124,0.15322642,-1.59402025,-0.00376353273,-0.00743778236,-0.000292770739,-0.966202676,1,0.00135195139,0.104990914,-0.00340577937,0.223075092,-1.5854969,0,0,0,0,0.414125413,NaN,0.0130820191,4.49860716,right_hand,1,0.285163909,left_foot,0.0483656116,1,-0.0432258844,-0.62522316,SADDLE_ERROR
8.9,0.0150198126,0.153079644,-1.59404814,-0.00141317572,-0.00691892486,-0.00287492736,-0.966230571,1,0.0016624924,0.104878455,-0.00340577937,0.223075092,-1.5854969,0,0,0,0,0.414200515,NaN,0.0129371565,4.45796204,right_hand,1,0.284530103,left_foot,0.048152186,1,-0.0435121991,-0.625216424,SADDLE_ERROR
8.94,0.0150015708,0.152959689,-1.59417045,0.00138058723,-0.00596320862,-0.00479822652,-0.96635288,1,0.00121688074,0.104782544,-0.00340577937,0.223075092,-1.5854969,0,0,0,0,0.414370388,NaN,0.0128472382,4.45658207,right_hand,1,0.285418302,left_foot,0.0477155894,1,-0.0436098836,-0.625214219,SADDLE_ERROR
8.98,0.0151002612,0.152880073,-1.59434628,0.004444547,-0.0047846036,-0.00569143705,-0.966528714,1,0.00131437811,0.10472092,-0.00340577937,0.223075092,-1.5854969,0,0,0,0,0.414586812,NaN,0.0128701981,4.47635269,right_hand,1,0.287518889,left_foot,0.0472752936,1,-0.0434656814,-0.625217497,SADDLE_ERROR
9.02,0.0153100379,0.152856037,-1.5945431,0.00712152245,-0.00342718605,-0.00588756055,-0.966725528,1,0.00142783474,0.104723975,-0.00340577937,0.223075092,-1.5854969,0,0,0,0,0.414804339,NaN,0.0129897818,4.49340439,right_hand,1,0.290404767,left_foot,0.0469502062,1,-0.042908743,-0.625230551,SADDLE_ERROR
9.06,0.0156066334,0.152886733,-1.59473038,0.00902900286,-0.00219404511,-0.00527615007,-0.966912806,1,0.00216469122,0.104795091,-0.00340577937,0.223075092,-1.5854969,0,0,0,0,0.414989263,NaN,0.0131391985,4.49419403,right_hand,1,0.293718904,left_foot,0.0467945226,1,-0.0420890749,-0.625249684,SADDLE_ERROR
9.1,0.0159528572,0.152968764,-1.59487855,0.00989311934,-0.00106194126,-0.00396857643,-0.967060983,1,0.00216964073,0.104926348,-0.00340577937,0.223075092,-1.5854969,0,0,0,0,0.415112138,NaN,0.0132468063,4.47668362,right_hand,1,0.297060877,left_foot,0.0468592234,1,-0.0411423668,-0.625271738,SADDLE_ERROR
9.14,0.0163039491,0.15309085,-1.59496498,0.0095310444,-0.000405224448,-0.00219669961,-0.96714741,1,0.00208726665,0.10509748,-0.00340577937,0.223075092,-1.5854969,0,0,0,0,0.415153563,NaN,0.0132644409,4.44664907,right_hand,1,0.299975276,left_foot,0.0471625887,1,-0.0401702747,-0.625294447,SADDLE_ERROR
9.18,0.0166057125,0.153237313,-1.59498131,0.00765218213,0.000206902565,-0.000395806972,-0.967163742,1,0.00202932837,0.105283588,-0.00340577937,0.223075092,-1.5854969,0,0,0,0,0.415110677,NaN,0.0131848063,4.40916157,right_hand,1,0.302075565,left_foot,0.0476763025,1,-0.0393189415,-0.625314295,SADDLE_ERROR
9.22,0.0168039054,0.153405443,-1.59493148,0.00433497922,0.000469111023,0.00116848794,-0.967113912,1,0.00197968609,0.105465554,-0.00340577937,0.223075092,-1.5854969,0,0,0,0,0.414989114,NaN,0.0130430795,4.39510584,right_hand,1,0.303119808,left_foot,0.0482228361,1,-0.0387556814,-0.625327468,SADDLE_ERROR
9.26,0.0168462563,0.153572485,-1.59483016,-0.000387530512,0.000101086312,0.00192153011,-0.967012584,1,0.00202498166,0.105607241,-0.00340577937,0.223075092,-1.5854969,0,0,0,0,0.414817721,NaN,0.0129038692,4.42072916,right_hand,1,0.302950889,left_foot,0.0485782586,1,-0.0386533663,-0.625329852,SADDLE_ERROR
9.3,0.0167253893,0.153688505,-1.59470165,-0.00390610239,-0.00146517437,0.00258386903,-0.966884077,1,0.00189697533,0.105649672,-0.00340577937,0.223075092,-1.5854969,0,0,0,0,0.41464597,NaN,0.0128336512,4.48476171,right_hand,1,0.301514864,left_foot,0.0486540087,1,-0.0393804163,-0.625312865,SADDLE_ERROR
9.34,0.016480729,0.153746486,-1.59454739,-0.0066244076,-0.00286456966,0.00331370672,-0.96672982,1,0.00176452007,0.105614252,-0.00340577937,0.223075092,-1.5854969,0,0,0,0,0.414474279,NaN,0.0128700575,4.57434654,right_hand,1,0.298806608,left_foot,0.0486329012,1,-0.0401193649,-0.625295639,SADDLE_ERROR
9.38,0.0161485001,0.153736472,-1.59436274,-0.00836875755,-0.00451459037,0.00405065529,-0.966545165,1,0.00145915814,0.105519772,-0.00340577937,0.223075092,-1.5854969,0,0,0,0,0.41429612,NaN,0.0129857156,4.64183712,right_hand,1,0.295051634,left_foot,0.0486434475,1,-0.0410340279,-0.625274301,SADDLE_ERROR
9.42,0.0157679934,0.153658971,-1.59416544,-0.00901022553,-0.0061981082,0.00395574979,-0.966347873,1,0.00119373016,0.105386667,-0.00340577937,0.223075092,-1.5854969,0,0,0,0,0.414124191,NaN,0.0130962459,4.64226484,right_hand,1,0.290753722,left_foot,0.0487072729,1,-0.0419275016,-0.625253439,SADDLE_ERROR
9.46,0.0153909912,0.153517872,-1.59399307,-0.0082670236,-0.00766271818,0.00285862386,-0.966175497,1,0.00132913957,0.105223872,-0.00340577937,0.223075092,-1.5854969,0,0,0,0,0.413995951,NaN,0.013124926,4.59706593,right_hand,1,0.286678314,left_foot,0.0487609729,1,-0.0427271277,-0.625234783,SADDLE_ERROR
9.5,0.0150722777,0.153336957,-1.59388471,-0.00624448573,-0.00838124752,0.000859359803,-0.966067135,1,0.00119246496,0.105050743,-0.00340577937,0.223075092,-1.5854969,0,0,0,0,0.413945019,NaN,0.0130575653,4.53501415,right_hand,1,0.283568442,left_foot,0.0487358645,1,-0.0434290208,-0.625218332,SADDLE_ERROR
9.54,0.0148538304,0.153145403,-1.59387469,-0.00360381301,-0.00804941729,-0.00217730156,-0.966035008,1,0.00143300113,0.104886509,-0.00340577937,0.223075092,-1.5854969,0,0,0,0,0.413998455,NaN,0.0129382554,4.48363781,right_hand,1,0.28197512,left_foot,0.0485394895,1,-0.0439862907,-0.625216842,SADDLE_ERROR
9.58,0.0147600593,0.15297401,-1.59398508,-0.000224827992,-0.00737401005,-0.00500959251,-0.966145396,1,0.00178424281,0.104743019,-0.00340577937,0.223075092,-1.5854969,0,0,0,0,0.414173752,NaN,0.0128398426,4.46066713,right_hand,1,0.282266647,left_foot,0.0480410978,1,-0.0441845059,-0.625212193,SADDLE_ERROR
9.62,0.0148082217,0.152837738,-1.59418261,0.00328143733,-0.00660665845,-0.006395787,-0.966342926,1,0.0013041948,0.104625084,-0.00340577937,0.223075092,-1.5854969,0,0,0,0,0.414434731,NaN,0.0128247058,4.46866417,right_hand,1,0.284317017,left_foot,0.0472487062,1,-0.0441410169,-0.625213146,SADDLE_ERROR
9.66,0.0149763059,0.152745485,-1.594414,0.00601329794,-0.00479279552,-0.00707498891,-0.966574311,1,0.00158998079,0.104562312,-0.00340577937,0.223075092,-1.5854969,0,0,0,0,0.414725542,NaN,0.0129155051,4.47717047,right_hand,1,0.28730619,left_foot,0.0467087105,1,-0.0435811356,-0.625226259,SADDLE_ERROR
9.7,0.0152581641,0.152722046,-1.59465909,0.00899355952,-0.00332019804,-0.00696420949,-0.966819406,1,0.00151670235,0.104588293,-0.00340577937,0.223075092,-1.5854969,0,0,0,0,0.414985806,NaN,0.0130477929,4.4665246,right_hand,1,0.291462243,left_foot,0.046504721,1,-0.0434451774,-0.625229478,SADDLE_ERROR
9.74,0.0156431813,0.152760118,-1.59487998,0.0112904394,-0.00179451669,-0.00598411541,-0.9670403,1,0.00230514538,0.104695603,-0.00340577937,0.223075092,-1.5854969,0,0,0,0,0.415196836,NaN,0.0131645622,4.45699883,right_hand,1,0.295806497,left_foot,0.0463780686,1,-0.0421258435,-0.625260413,SADDLE_ERROR
9.78,0.0160812251,0.152874753,-1.59504676,0.0120009584,7.05297352E-05,-0.00425175205,-0.967207074,1,0.00236956542,0.104877673,-0.00340577937,0.223075092,-1.5854969,0,0,0,0,0.415322661,NaN,0.0132432142,4.4511776,right_hand,1,0.299762875,left_foot,0.0465055183,1,-0.0408351459,-0.625290692,SADDLE_ERROR
9.82,0.0165034439,0.153052121,-1.5951339,0.0109132314,0.000994241331,-0.00198098365,-0.967294216,1,0.00228212168,0.105107188,-0.00340577937,0.223075092,-1.5854969,0,0,0,0,0.415342927,NaN,0.0132634537,4.43634462,right_hand,1,0.30292514,left_foot,0.04689385,1,-0.0396266915,-0.625318885,SADDLE_ERROR
9.86,0.0168391485,0.153254777,-1.59513104,0.00801751576,0.00147497072,0.000321906817,-0.967291355,1,0.00216748845,0.105341375,-0.00340577937,0.223075092,-1.5854969,0,0,0,0,0.415260226,NaN,0.0132049602,4.41419649,right_hand,1,0.304956287,left_foot,0.0475134365,1,-0.0387211069,-0.625340164,SADDLE_ERROR
9.9,0.0170283094,0.153469071,-1.59504211,0.00341805839,0.00140144117,0.00224093162,-0.967202425,1,0.00203694031,0.105555728,-0.00340577937,0.223075092,-1.5854969,0,0,0,0,0.415082604,NaN,0.0130850505,4.40718555,right_hand,1,0.305635363,left_foot,0.0481523499,1,-0.0381523222,-0.625353456,SADDLE_ERROR
9.94,0.017016992,0.153659999,-1.59489465,-0.00198438251,0.000364313979,0.00312043889,-0.967054963,1,0.00202057417,0.105704091,-0.00340577937,0.223075092,-1.5854969,0,0,0,0,0.414855123,NaN,0.0129486602,4.43472862,right_hand,1,0.304856002,left_foot,0.0485209227,1,-0.0382745266,-0.625350595,SADDLE_ERROR
9.98,0.0168292895,0.153776839,-1.59470975,-0.00560637703,-0.00156523148,0.00419503497,-0.96687007,1,0.00176897331,0.105729654,-0.00340577937,0.223075092,-1.5854969,0,0,0,0,0.414626539,NaN,0.0128663247,4.5017786,right_hand,1,0.30254513,left_foot,0.0486806557,1,-0.0391690359,-0.625329673,SADDLE_ERROR
10.02,0.016513031,0.153828219,-1.59448588,-0.00846720859,-0.00311668054,0.00513617415,-0.966646194,1,0.0015470885,0.105679408,-0.00340577937,0.223075092,-1.5854969,0,0,0,0,0.414383113,NaN,0.0128827561,4.58797169,right_hand,1,0.2987082,left_foot,0.0488431863,1,-0.0400915295,-0.625308096,SADDLE_ERROR
10.06,0.0160997529,0.153805882,-1.59423912,-0.0104357516,-0.00499370461,0.00537015358,-0.966399431,1,0.00126563548,0.10557048,-0.00340577937,0.223075092,-1.5854969,0,0,0,0,0.414140344,NaN,0.0129628442,4.64619637,right_hand,1,0.293774009,left_foot,0.0490018241,1,-0.0410842374,-0.625284791,SADDLE_ERROR
10.1,0.015636174,0.153700829,-1.59400475,-0.010968376,-0.00708618294,0.00456649577,-0.966165066,1,0.00200255634,0.105405033,-0.00340577937,0.223075092,-1.5854969,0,0,0,0,0.413937837,NaN,0.0130306827,4.64052773,right_hand,1,0.288533002,left_foot,0.0491024666,1,-0.0421646424,-0.625259399,SADDLE_ERROR
10.14,0.015188206,0.153524771,-1.5938251,-0.00972887315,-0.00850313902,0.00270419242,-0.965985417,1,0.00120207423,0.105200119,-0.00340577937,0.223075092,-1.5854969,0,0,0,0,0.413815409,NaN,0.013036225,4.5965991,right_hand,1,0.283903331,left_foot,0.0490895174,1,-0.0432415567,-0.625234246,SADDLE_ERROR
10.18,0.014826742,0.153305188,-1.59373808,-0.00686123082,-0.00929131731,1.01632077E-05,-0.965898395,1,0.00111864239,0.104982182,-0.00340577937,0.223075092,-1.5854969,0,0,0,0,0.413803339,NaN,0.0129781896,4.53971434,right_hand,1,0.280682653,left_foot,0.0489271656,1,-0.0440155976,-0.625216126,SADDLE_ERROR
10.22,0.0145976851,0.153082073,-1.59377646,-0.00347921252,-0.00882671028,-0.00356727606,-0.96593678,1,0.00143982796,0.104784012,-0.00340577937,0.223075092,-1.5854969,0,0,0,0,0.413921624,NaN,0.0128944665,4.49169111,right_hand,1,0.279442906,left_foot,0.0485177264,1,-0.044566717,-0.625203192,SADDLE_ERROR
10.26,0.0145227518,0.152901292,-1.59393871,-2.63943821E-05,-0.00787995849,-0.00549220247,-0.966099024,1,0.00164718076,0.10464558,-0.00340577937,0.223075092,-1.5854969,0,0,0,0,0.41416046,NaN,0.012839104,4.47188616,right_hand,1,0.280445814,left_foot,0.0475031175,1,-0.0443715639,-0.625207782,SADDLE_ERROR
10.3,0.0145910839,0.152758941,-1.59411919,0.00323411613,-0.00758862076,-0.0050817756,-0.966279507,1,0.00122249906,0.104561597,-0.00340577937,0.223075092,-1.5854969,0,0,0,0,0.414420158,NaN,0.0128607107,4.46213102,right_hand,1,0.282664895,left_foot,0.0462577716,1,-0.0439696796,-0.62521708,SADDLE_ERROR
10.34,0.0147635033,0.152628571,-1.59429908,0.00565510429,-0.00598648842,-0.00652184617,-0.966459394,1,0.00101637293,0.104491048,-0.00340577937,0.223075092,-1.5854969,0,0,0,0,0.414675891,NaN,0.0129075311,4.44396877,right_hand,1,0.285065025,left_foot,0.0458792225,1,-0.0437548831,-0.625222147,SADDLE_ERROR
10.38,0.015039321,0.152575731,-1.59453714,0.00867740437,-0.00406256039,-0.00740670087,-0.966697454,1,0.00110240083,0.104502596,-0.00340577937,0.223075092,-1.5854969,0,0,0,0,0.414932728,NaN,0.0129475547,4.42136478,right_hand,1,0.288880229,left_foot,0.0458686352,1,-0.0436308682,-0.625225067,SADDLE_ERROR
10.42,0.0154267075,0.152600646,-1.5947988,0.0114702294,-0.00194408046,-0.00740402564,-0.966959119,1,0.00173059315,0.104587816,-0.00340577937,0.223075092,-1.5854969,0,0,0,0,0.415170372,NaN,0.0130039221,4.42181015,right_hand,1,0.293713033,left_foot,0.0461738519,1,-0.04280065,-0.625244558,SADDLE_ERROR
10.46,0.0158835463,0.152708992,-1.59503639,0.0125136124,0.000109426386,-0.00626350753,-0.967196703,1,0.00265544606,0.10474661,-0.00340577937,0.223075092,-1.5854969,0,0,0,0,0.41536665,NaN,0.0131001435,4.44477367,right_hand,1,0.298533499,left_foot,0.0462722816,1,-0.0414773934,-0.625275552,SADDLE_ERROR
10.5,0.0163415615,0.15289557,-1.59520507,0.0119737703,0.0016967121,-0.00402635802,-0.967365384,1,0.00262278039,0.104963787,-0.00340577937,0.223075092,-1.5854969,0,0,0,0,0.415471733,NaN,0.0132160233,4.46373987,right_hand,1,0.302714288,left_foot,0.0464170948,1,-0.0401731506,-0.62530607,SADDLE_ERROR
10.54,0.0167419966,0.153108224,-1.59527111,0.00999528915,0.00162217894,-0.00119128509,-0.967431426,1,0.00239125011,0.105192646,-0.00340577937,0.223075092,-1.5854969,0,0,0,0,0.415465534,NaN,0.0132833514,4.45726013,right_hand,1,0.305759698,left_foot,0.0468145683,1,-0.0391982161,-0.625328958,SADDLE_ERROR
10.58,0.0170275252,0.153332308,-1.59522402,0.00637910934,0.00182473415,0.00162869575,-0.967384338,1,0.00216344907,0.105425626,-0.00340577937,0.223075092,-1.5854969,0,0,0,0,0.415332615,NaN,0.0132599231,4.43628073,right_hand,1,0.307311177,left_foot,0.0474586934,1,-0.0383475684,-0.625348926,SADDLE_ERROR
10.62,0.0171359889,0.153553456,-1.5950793,0.000913042342,0.00140886137,0.00344119896,-0.967239618,1,0.00203316472,0.105634756,-0.00340577937,0.223075092,-1.5854969,0,0,0,0,0.415094018,NaN,0.0131359017,4.42528582,right_hand,1,0.307196796,left_foot,0.0480855182,1,-0.0379053988,-0.625359237,SADDLE_ERROR
10.66,0.0170348864,0.153722614,-1.59488106,-0.00393816829,-0.00039019328,0.00442731054,-0.967041373,1,0.00185562077,0.105745278,-0.00340577937,0.223075092,-1.5854969,0,0,0,0,0.414823532,NaN,0.0129775135,4.45158243,right_hand,1,0.305419087,left_foot,0.0484232567,1,-0.0384159535,-0.625347257,SADDLE_ERROR
10.7,0.0167744886,0.153818682,-1.59464145,-0.00736209797,-0.00199595327,0.00560236257,-0.966801763,1,0.00161013671,0.105743892,-0.00340577937,0.223075092,-1.5854969,0,0,0,0,0.414544374,NaN,0.0128820194,4.52722311,right_hand,1,0.301948756,left_foot,0.048706945,1,-0.0393851623,-0.625324547,SADDLE_ERROR
10.74,0.0163878594,0.15385066,-1.59436917,-0.0101872198,-0.00367099396,0.00617955066,-0.966529489,1,0.0013671302,0.105675966,-0.00340577937,0.223075092,-1.5854969,0,0,0,0,0.41425392,NaN,0.0128896786,4.60881853,right_hand,1,0.297011137,left_foot,0.0489950404,1,-0.0403537974,-0.625301957,SADDLE_ERROR
10.78,0.0159093663,0.153799638,-1.59409416,-0.0118808197,-0.00580867799,0.00579039333,-0.966254473,1,0.00110924931,0.10554,-0.00340577937,0.223075092,-1.5854969,0,0,0,0,0.41399014,NaN,0.0129479421,4.64990902,right_hand,1,0.29129073,left_foot,0.0492037944,1,-0.041500669,-0.625275075,SADDLE_ERROR
10.82,0.015399104,0.153657198,-1.59385896,-0.0117846224,-0.00796756055,0.00426207017,-0.966019273,1,0.00174379721,0.105338968,-0.00340577937,0.223075092,-1.5854969,0,0,0,0,0.413799852,NaN,0.0129884994,4.63281107,right_hand,1,0.285725623,left_foot,0.0492781177,1,-0.0427383669,-0.625246048,SADDLE_ERROR
10.86,0.0149367154,0.15344964,-1.59370577,-0.00963617489,-0.00923142303,0.00175956683,-0.965866089,1,0.00106279622,0.105104923,-0.00340577937,0.223075092,-1.5854969,0,0,0,0,0.41371718,NaN,0.0129761184,4.58545256,right_hand,1,0.28126362,left_foot,0.0491661057,1,-0.0438015461,-0.625221133,SADDLE_ERROR
10.9,0.0145981926,0.153203696,-1.59366786,-0.00609590858,-0.00966564287,-0.00159642729,-0.96582818,1,0.00114204083,0.104865201,-0.00340577937,0.223075092,-1.5854969,0,0,0,0,0.413767189,NaN,0.0129222469,4.52721596,right_hand,1,0.278621286,left_foot,0.0488874167,1,-0.044568684,-0.625203192,SADDLE_ERROR
10.94,0.0144173885,0.15298751,-1.59376955,-0.00240922952,-0.00848941132,-0.00458597625,-0.965929866,1,0.00165050186,0.104685955,-0.00340577937,0.223075092,-1.5854969,0,0,0,0,0.413949311,NaN,0.0128541281,4.48660135,right_hand,1,0.278346837,left_foot,0.0482052639,1,-0.0447469577,-0.62519902,SADDLE_ERROR
10.98,0.0144253047,0.15284586,-1.59393525,0.00241426704,-0.00767291803,-0.00506795105,-0.966095567,1,0.00127409573,0.104617134,-0.00340577937,0.223075092,-1.5854969,0,0,0,0,0.414177477,NaN,0.0128377574,4.45700407,right_hand,1,0.280141264,left_foot,0.0470307693,1,-0.044090502,-0.625214338,SADDLE_ERROR
11.02,0.0145893702,0.15270558,-1.59409928,0.00545164431,-0.00752321118,-0.00534232287,-0.966259599,1,0.000998224365,0.104538411,-0.00340577937,0.223075092,-1.5854969,0,0,0,0,0.414425135,NaN,0.0128602553,4.44124985,right_hand,1,0.282392085,left_foot,0.0459572896,1,-0.0438444652,-0.62522006,SADDLE_ERROR
11.06,0.0148259606,0.152607545,-1.59431803,0.00744822482,-0.00494091352,-0.00744173164,-0.966478348,1,0.00111763587,0.104509905,-0.00340577937,0.223075092,-1.5854969,0,0,0,0,0.414691627,NaN,0.0128803607,4.41235924,right_hand,1,0.285349518,left_foot,0.04612137,1,-0.0436044,-0.625225723,SADDLE_ERROR
11.1,0.0151672103,0.152579889,-1.59460032,0.0104083056,-0.00314700813,-0.00835484359,-0.966760635,1,0.00168000197,0.104532361,-0.00340577937,0.223075092,-1.5854969,0,0,0,0,0.414973289,NaN,0.0128921373,4.39917231,right_hand,1,0.290197968,left_foot,0.0463677272,1,-0.0434974022,-0.625228286,SADDLE_ERROR
11.14,0.0156027749,0.152641684,-1.59489238,0.0122925891,-0.000971267698,-0.00792949274,-0.967052698,1,0.00181783922,0.104647897,-0.00340577937,0.223075092,-1.5854969,0,0,0,0,0.415240318,NaN,0.0129721062,4.42225933,right_hand,1,0.295652211,left_foot,0.0463642627,1,-0.042181503,-0.625259042,SADDLE_ERROR
11.18,0.0160771534,0.15278621,-1.59513652,0.0126563925,0.00089125894,-0.00611744402,-0.967296839,1,0.00274175685,0.104829215,-0.00340577937,0.223075092,-1.5854969,0,0,0,0,0.415439427,NaN,0.0131141832,4.46336079,right_hand,1,0.300725102,left_foot,0.046277903,1,-0.0409487449,-0.62528795,SADDLE_ERROR
11.22,0.0165295526,0.152991295,-1.59528422,0.011611863,0.00162428501,-0.00323091145,-0.967444539,1,0.00259812851,0.105052993,-0.00340577937,0.223075092,-1.5854969,0,0,0,0,0.415522873,NaN,0.0132696684,4.48212433,right_hand,1,0.304768056,left_foot,0.0463951416,1,-0.0396982171,-0.625317276,SADDLE_ERROR
11.26,0.0169015042,0.153208673,-1.59530878,0.00899020396,0.00183810887,4.13637135E-05,-0.967469096,1,0.00233668461,0.105286591,-0.00340577937,0.223075092,-1.5854969,0,0,0,0,0.415472031,NaN,0.0133527853,4.47255468,right_hand,1,0.30730176,left_foot,0.0468856469,1,-0.0388205275,-0.62533778,SADDLE_ERROR
11.3,0.0171319302,0.153439045,-1.59520876,0.0043739765,0.00181908067,0.00290259928,-0.96736908,1,0.00206784764,0.105526224,-0.00340577937,0.223075092,-1.5854969,0,0,0,0,0.415278137,NaN,0.0133048883,4.44472504,right_hand,1,0.30809027,left_foot,0.0476046503,1,-0.0380189791,-0.625356555,SADDLE_ERROR
11.34,0.0171491895,0.153649554,-1.59502089,-0.00168672472,0.000653052703,0.0041461424,-0.967181206,1,0.00186607346,0.105715871,-0.00340577937,0.223075092,-1.5854969,0,0,0,0,0.414997667,NaN,0.0131424516,4.43376446,right_hand,1,0.307116181,left_foot,0.0481568165,1,-0.0378593728,-0.62536025,SADDLE_ERROR
11.38,0.0169678666,0.153785363,-1.59478641,-0.00563796936,-0.00116294366,0.00550720235,-0.966946721,1,0.00165167986,0.105775729,-0.00340577937,0.223075092,-1.5854969,0,0,0,0,0.414704353,NaN,0.0129630296,4.47319889,right_hand,1,0.304415643,left_foot,0.0485144928,1,-0.0387629122,-0.62533915,SADDLE_ERROR
11.42,0.0166392755,0.153859064,-1.59450924,-0.00901953783,-0.00256998837,0.00643283827,-0.966669559,1,0.00145198684,0.105749056,-0.00340577937,0.223075092,-1.5854969,0,0,0,0,0.41439274,NaN,0.0128742624,4.55497265,right_hand,1,0.300002992,left_foot,0.0488951504,1,-0.0396746844,-0.625317812,SADDLE_ERROR
11.46,0.0161894262,0.153859809,-1.59421504,-0.0116124377,-0.00450219261,0.00649412395,-0.966375351,1,0.00120702712,0.105651632,-0.00340577937,0.223075092,-1.5854969,0,0,0,0,0.414089143,NaN,0.0128819635,4.62729597,right_hand,1,0.294361323,left_foot,0.049209848,1,-0.0407576077,-0.62529242,SADDLE_ERROR
11.5,0.0156643186,0.153765693,-1.59394157,-0.0127214789,-0.00693899579,0.0054456084,-0.966101885,1,0.0020076849,0.105476461,-0.00340577937,0.223075092,-1.5854969,0,0,0,0,0.41384241,NaN,0.0129250642,4.64718628,right_hand,1,0.288341224,left_foot,0.0493795164,1,-0.0420795493,-0.625261486,SADDLE_ERROR
11.54,0.0151384594,0.153586313,-1.59373331,-0.011705298,-0.00879059732,0.00331169926,-0.965893626,1,0.00115517923,0.105244234,-0.00340577937,0.223075092,-1.5854969,0,0,0,0,0.413694322,NaN,0.0129483612,4.61988592,right_hand,1,0.282951057,left_foot,0.0493497252,1,-0.0433264114,-0.62523222,SADDLE_ERROR
11.58,0.0146996807,0.153349712,-1.59362841,-0.00859789178,-0.00986231025,0.000360838341,-0.965788722,1,0.00102913717,0.104988992,-0.00340577937,0.223075092,-1.5854969,0,0,0,0,0.413673282,NaN,0.0129345693,4.57039404,right_hand,1,0.279084295,left_foot,0.0491187647,1,-0.0443260446,-0.625208855,SADDLE_ERROR
11.62,0.0144190453,0.153090149,-1.59365249,-0.00422253832,-0.010078283,-0.00311451661,-0.965812802,1,0.00116907584,0.10474015,-0.00340577937,0.223075092,-1.5854969,0,0,0,0,0.413793445,NaN,0.0128865382,4.51315737,right_hand,1,0.277351558,left_foot,0.0487214476,1,-0.0449072123,-0.625195265,SADDLE_ERROR
11.66,0.0143367639,0.152936116,-1.59378862,0.00101943139,-0.00774596585,-0.00467504235,-0.965948939,1,0.00143275142,0.104663417,-0.00340577937,0.223075092,-1.5854969,0,0,0,0,0.413984746,NaN,0.0128587624,4.47067308,right_hand,1,0.278153121,left_foot,0.0478005931,1,-0.0441354625,-0.625213385,SADDLE_ERROR
11.7,0.0144582037,0.152794555,-1.5939548,0.00453531975,-0.00774607202,-0.00501282513,-0.966115117,1,0.00102041685,0.104590699,-0.00340577937,0.223075092,-1.5854969,0,0,0,0,0.414225161,NaN,0.0128579745,4.44427443,right_hand,1,0.280275077,left_foot,0.0466666296,1,-0.0439486504,-0.625217676,SADDLE_ERROR
11.74,0.0146705937,0.152655423,-1.59414685,0.00654693786,-0.0062164031,-0.00708719715,-0.966307163,1,0.00143344863,0.104520023,-0.00340577937,0.223075092,-1.5854969,0,0,0,0,0.414499164,NaN,0.0128621953,4.41298914,right_hand,1,0.282743424,left_foot,0.0463246666,1,-0.0437432788,-0.625222445,SADDLE_ERROR
11.78,0.0149726747,0.152596146,-1.59442425,0.00939045567,-0.0042298981,-0.00860747322,-0.966584563,1,0.00155203056,0.104521021,-0.00340577937,0.223075092,-1.5854969,0,0,0,0,0.414791793,NaN,0.0128471209,4.38755846,right_hand,1,0.287182838,left_foot,0.0463737287,1,-0.0433834605,-0.625230968,SADDLE_ERROR
11.82,0.0153786,0.152616203,-1.59474099,0.0117706796,-0.00191931846,-0.00881406292,-0.966901302,1,0.00177200546,0.104596816,-0.00340577937,0.223075092,-1.5854969,0,0,0,0,0.415095001,NaN,0.0128888814,4.40040207,right_hand,1,0.292907506,left_foot,0.0464854091,1,-0.0428647734,-0.625243008,SADDLE_ERROR
11.86,0.0158510953,0.152722642,-1.59503186,0.0128342127,7.88354373E-05,-0.00749671878,-0.967192173,1,0.00276004546,0.104745425,-0.00340577937,0.223075092,-1.5854969,0,0,0,0,0.415352494,NaN,0.0130161904,4.44738865,right_hand,1,0.298564404,left_foot,0.0463084131,1,-0.0415168107,-0.625274658,SADDLE_ERROR
11.9,0.0163281821,0.15291065,-1.59523964,0.0124111325,0.00176977762,-0.00483616861,-0.967399955,1,0.00274808053,0.104955345,-0.00340577937,0.223075092,-1.5854969,0,0,0,0,0.415504217,NaN,0.0132070705,4.49529123,right_hand,1,0.303310186,left_foot,0.0462368093,1,-0.0402245969,-0.625304937,SADDLE_ERROR
11.94,0.016750006,0.153124437,-1.59532452,0.0104876989,0.0017507642,-0.00144104706,-0.967484832,1,0.00248054508,0.105183996,-0.00340577937,0.223075092,-1.5854969,0,0,0,0,0.415521413,NaN,0.0133649027,4.49973774,right_hand,1,0.306587189,left_foot,0.0465405025,1,-0.0391783193,-0.625329375,SADDLE_ERROR
11.98,0.0170544535,0.153353289,-1.59527433,0.00674334867,0.00195968663,0.00194759923,-0.967434645,1,0.00216507656,0.105429702,-0.00340577937,0.223075092,-1.5854969,0,0,0,0,0.415383607,NaN,0.0134007353,4.47383165,right_hand,1,0.308102161,left_foot,0.0472051986,1,-0.0382293686,-0.625351667,SADDLE_ERROR
12.02,0.0171701722,0.153579146,-1.59510779,0.000899088394,0.00148389803,0.00407680077,-0.967268109,1,0.00198209472,0.105657227,-0.00340577937,0.223075092,-1.5854969,0,0,0,0,0.415118515,NaN,0.013277418,4.44206953,right_hand,1,0.307781845,left_foot,0.0479175337,1,-0.0377353802,-0.625363171,SADDLE_ERROR
12.06,0.0170646943,0.153747678,-1.59487963,-0.00405826559,-0.000442898861,0.00535934232,-0.967039943,1,0.00172407948,0.105777815,-0.00340577937,0.223075092,-1.5854969,0,0,0,0,0.414813817,NaN,0.0130668338,4.44490004,right_hand,1,0.305710763,left_foot,0.0483788438,1,-0.038267374,-0.625350714,SADDLE_ERROR
12.1,0.0167906638,0.153844431,-1.5946058,-0.00783763081,-0.00197421527,0.00639010174,-0.966766119,1,0.00148031639,0.105783477,-0.00340577937,0.223075092,-1.5854969,0,0,0,0,0.414495319,NaN,0.0128967064,4.50809479,right_hand,1,0.301872402,left_foot,0.0488176048,1,-0.0392186865,-0.625328481,SADDLE_ERROR
12.14,0.0163779333,0.153877139,-1.59430778,-0.0109369652,-0.0037084315,0.00670779217,-0.966468096,1,0.00127944374,0.105714634,-0.00340577937,0.223075092,-1.5854969,0,0,0,0,0.414175302,NaN,0.0128382919,4.5890131,right_hand,1,0.296560854,left_foot,0.049200058,1,-0.0402352288,-0.625304699,SADDLE_ERROR
12.18,0.0158641823,0.153822869,-1.59401894,-0.0128141344,-0.00596983079,0.00601044483,-0.966179252,1,0.00224217353,0.105565995,-0.00340577937,0.223075092,-1.5854969,0,0,0,0,0.413898081,NaN,0.0128605235,4.643188,right_hand,1,0.290503293,left_foot,0.0494265147,1,-0.0415301993,-0.62527436,SADDLE_ERROR
12.22,0.0153148128,0.153673351,-1.59378159,-0.0127130123,-0.00814104453,0.00421399996,-0.965941906,1,0.0013078074,0.105344459,-0.00340577937,0.223075092,-1.5854969,0,0,0,0,0.413709849,NaN,0.0129053025,4.64123058,right_hand,1,0.284672379,left_foot,0.0494485758,1,-0.0429137833,-0.625241935,SADDLE_ERROR
12.26,0.0148180928,0.153453931,-1.59363461,-0.0103447614,-0.00954360422,0.00153902022,-0.965794921,1,0.00107166928,0.105086163,-0.00340577937,0.223075092,-1.5854969,0,0,0,0,0.413641065,NaN,0.0129288221,4.60454893,right_hand,1,0.280050099,left_foot,0.049251385,1,-0.0441036932,-0.625213981,SADDLE_ERROR
12.3,0.0144562861,0.153191909,-1.59360933,-0.00590944756,-0.0100401072,-0.00169148308,-0.965769649,1,0.00118630333,0.104823798,-0.00340577937,0.223075092,-1.5854969,0,0,0,0,0.41371277,NaN,0.0129216015,4.54804945,right_hand,1,0.277369142,left_foot,0.0488773845,1,-0.0449446253,-0.625194311,SADDLE_ERROR
12.34,0.0142898597,0.152993843,-1.59371042,-0.00152902631,-0.00797437318,-0.00426217215,-0.965870738,1,0.00153407885,0.10468448,-0.00340577937,0.223075092,-1.5854969,0,0,0,0,0.41388312,NaN,0.0128954761,4.49476385,right_hand,1,0.277225256,left_foot,0.0482028536,1,-0.044347506,-0.625208318,SADDLE_ERROR
12.38,0.014352574,0.152853549,-1.59386873,0.0037651849,-0.00781072117,-0.00497577479,-0.966029048,1,0.0011076394,0.104621902,-0.00340577937,0.223075092,-1.5854969,0,0,0,0,0.414102525,NaN,0.0128852641,4.45295477,right_hand,1,0.279094011,left_foot,0.0470774584,1,-0.0440324433,-0.625215769,SADDLE_ERROR
12.42,0.0145544885,0.152706772,-1.5940367,0.00628050417,-0.00762384245,-0.00601071119,-0.966197014,1,0.000866150134,0.104543045,-0.00340577937,0.223075092,-1.5854969,0,0,0,0,0.414359808,NaN,0.0128861014,4.42356062,right_hand,1,0.281366318,left_foot,0.0460268706,1,-0.0438100845,-0.625220954,SADDLE_ERROR
12.46,0.0148360673,0.152616173,-1.59428358,0.00892033242,-0.00459733047,-0.00808228273,-0.966443896,1,0.00173677155,0.104526773,-0.00340577937,0.223075092,-1.5854969,0,0,0,0,0.414644092,NaN,0.0128619801,4.38483286,right_hand,1,0.284865797,left_foot,0.0464825332,1,-0.0435008816,-0.625228107,SADDLE_ERROR
12.5,0.0152244298,0.152614474,-1.59459591,0.0114097064,-0.00245257397,-0.00904035941,-0.966756225,1,0.00168637885,0.104579486,-0.00340577937,0.223075092,-1.5854969,0,0,0,0,0.414944023,NaN,0.0128528485,4.38113832,right_hand,1,0.290436447,left_foot,0.0467243753,1,-0.0433265194,-0.625232279,SADDLE_ERROR
12.54,0.0156881716,0.152699292,-1.59491038,0.0127576385,-0.000481553609,-0.00833440386,-0.967070699,1,0.00186051638,0.104713023,-0.00340577937,0.223075092,-1.5854969,0,0,0,0,0.415230095,NaN,0.0129351364,4.42097282,right_hand,1,0.296381563,left_foot,0.0465348139,1,-0.0418013111,-0.625267982,SADDLE_ERROR
12.58,0.0161708649,0.15286538,-1.59516156,0.0126438532,0.0013407619,-0.0060880743,-0.967321873,1,0.00279029342,0.104902305,-0.00340577937,0.223075092,-1.5854969,0,0,0,0,0.415434241,NaN,0.0131091746,4.4798522,right_hand,1,0.301682919,left_foot,0.0463327505,1,-0.0406099893,-0.625295818,SADDLE_ERROR
12.62,0.0166147966,0.153074443,-1.59529936,0.0112113748,0.00158853154,-0.00281281979,-0.967459679,1,0.0025850595,0.105120748,-0.00340577937,0.223075092,-1.5854969,0,0,0,0,0.415510297,NaN,0.0133013548,4.5062542,right_hand,1,0.305636048,left_foot,0.0464313515,1,-0.039545767,-0.625320852,SADDLE_ERROR
12.66,0.0169618819,0.153296575,-1.59529924,0.00815927424,0.00190393592,0.00079653709,-0.967459559,1,0.00228267116,0.105356835,-0.00340577937,0.223075092,-1.5854969,0,0,0,0,0.415432453,NaN,0.0134089794,4.49655485,right_hand,1,0.307809621,left_foot,0.0469533019,1,-0.0385637805,-0.6253438,SADDLE_ERROR
12.7,0.0171479043,0.153525352,-1.59516597,0.00269637862,0.00167896319,0.00358162913,-0.967326283,1,0.00199872116,0.10559427,-0.00340577937,0.223075092,-1.5854969,0,0,0,0,0.415203512,NaN,0.013358647,4.46416521,right_hand,1,0.308058679,left_foot,0.0476895534,1,-0.0378331468,-0.625361025,SADDLE_ERROR
12.74,0.0171036627,0.153716087,-1.59495223,-0.00284240977,9.09263908E-05,0.00495059509,-0.967112541,1,0.00180516357,0.105758913,-0.00340577937,0.223075092,-1.5854969,0,0,0,0,0.414902747,NaN,0.0131747145,4.4486413,right_hand,1,0.306493253,left_foot,0.0481999889,1,-0.037976075,-0.625357568,SADDLE_ERROR
12.78,0.0168750826,0.153826863,-1.59468734,-0.00679201633,-0.00167048932,0.00625230977,-0.966847658,1,0.00150845223,0.105791189,-0.00340577937,0.223075092,-1.5854969,0,0,0,0,0.414587021,NaN,0.012975161,4.4891448,right_hand,1,0.303139538,left_foot,0.0486419573,1,-0.0389547311,-0.62533474,SADDLE_ERROR
12.82,0.0164996274,0.153877497,-1.59438777,-0.0101442123,-0.00320359645,0.00686202291,-0.966548085,1,0.00129636633,0.105745234,-0.00340577937,0.223075092,-1.5854969,0,0,0,0,0.414257914,NaN,0.0128680449,4.56453466,right_hand,1,0.298159093,left_foot,0.0490824878,1,-0.0398864895,-0.625312805,SADDLE_ERROR
12.86,0.0160082206,0.153849304,-1.59408641,-0.012504762,-0.00525910547,0.0064620995,-0.966246724,1,0.00108590454,0.105621412,-0.00340577937,0.223075092,-1.5854969,0,0,0,0,0.413956612,NaN,0.0128525365,4.62936783,right_hand,1,0.292174697,left_foot,0.0493932776,1,-0.0411289707,-0.625283659,SADDLE_ERROR
12.9,0.0154567333,0.15372467,-1.59382534,-0.0131053291,-0.00763683813,0.00492032757,-0.965985656,1,0.00184739952,0.105417252,-0.00340577937,0.223075092,-1.5854969,0,0,0,0,0.413734227,NaN,0.0128786275,4.64088583,right_hand,1,0.286116183,left_foot,0.0494984686,1,-0.042551443,-0.625250399,SADDLE_ERROR
12.94,0.014929208,0.153522447,-1.59364665,-0.0114194024,-0.00926288869,0.00241936231,-0.965806961,1,0.00109993992,0.105163574,-0.00340577937,0.223075092,-1.5854969,0,0,0,0,0.413626343,NaN,0.0129027274,4.61561489,right_hand,1,0.280996293,left_foot,0.0493662916,1,-0.0437689461,-0.625221908,SADDLE_ERROR
12.98,0.0145159625,0.153269783,-1.59358227,-0.00762890559,-0.0101809148,-0.000752532738,-0.965742588,1,0.00105738232,0.104895197,-0.00340577937,0.223075092,-1.5854969,0,0,0,0,0.4136554,NaN,0.012908807,4.56784248,right_hand,1,0.277646303,left_foot,0.0490350649,1,-0.0447458364,-0.62519908,SADDLE_ERROR
13.02,0.0142809637,0.153039202,-1.59365034,-0.00299523235,-0.00852130819,-0.00363506516,-0.965810657,1,0.00164143683,0.10470023,-0.00340577937,0.223075092,-1.5854969,0,0,0,0,0.413807094,NaN,0.0128905298,4.51557207,right_hand,1,0.276671141,left_foot,0.04849758,1,-0.0448972248,-0.625195503,SADDLE_ERROR
13.06,0.0142818009,0.152902707,-1.59379625,0.00266693393,-0.00776321301,-0.00483831158,-0.965956569,1,0.00122462213,0.104646154,-0.00340577937,0.223075092,-1.5854969,0,0,0,0,0.414003551,NaN,0.0128897391,4.4647603,right_hand,1,0.278129339,left_foot,0.0474485308,1,-0.0441011488,-0.62521404,SADDLE_ERROR
13.1,0.0144607993,0.152758002,-1.59396172,0.00575302215,-0.0078445049,-0.00522465724,-0.966122031,1,0.000846654701,0.104569368,-0.00340577937,0.223075092,-1.5854969,0,0,0,0,0.414252788,NaN,0.0128978305,4.43629313,right_hand,1,0.280340075,left_foot,0.0463658459,1,-0.0438779891,-0.625219285,SADDLE_ERROR
13.14,0.0147130145,0.152639359,-1.59417951,0.00770162093,-0.00534245837,-0.00755837699,-0.966339827,1,0.0019061151,0.104520284,-0.00340577937,0.223075092,-1.5854969,0,0,0,0,0.414532393,NaN,0.0128807798,4.39640808,right_hand,1,0.283257037,left_foot,0.0464211106,1,-0.0435118116,-0.625227928,SADDLE_ERROR
13.18,0.0150524052,0.152608678,-1.59447384,0.0104681067,-0.00341812731,-0.00881953444,-0.966634154,1,0.00168774661,0.104563668,-0.00340577937,0.223075092,-1.5854969,0,0,0,0,0.414829612,NaN,0.0128524005,4.37313223,right_hand,1,0.288285047,left_foot,0.0465283096,1,-0.0430330262,-0.625239134,SADDLE_ERROR
13.22,0.0154954707,0.152657241,-1.59479094,0.0124853672,-0.00119757105,-0.0086597316,-0.966951251,1,0.0018042085,0.104660824,-0.00340577937,0.223075092,-1.5854969,0,0,0,0,0.41512388,NaN,0.0128939245,4.40668726,right_hand,1,0.294221103,left_foot,0.0465218462,1,-0.0423150621,-0.625255942,SADDLE_ERROR
13.26,0.0159796495,0.152801588,-1.59506631,0.0128405672,0.000932218274,-0.00692063943,-0.967226624,1,0.0027909365,0.104833573,-0.00340577937,0.223075092,-1.5854969,0,0,0,0,0.415356457,NaN,0.0130475722,4.46869373,right_hand,1,0.299718916,left_foot,0.0463463664,1,-0.0410149917,-0.6252864,SADDLE_ERROR
13.3,0.0164413415,0.153006464,-1.59524381,0.0117866872,0.00156144437,-0.00393054681,-0.967404127,1,0.00266070035,0.105047576,-0.00340577937,0.223075092,-1.5854969,0,0,0,0,0.415473938,NaN,0.0132547636,4.50838661,right_hand,1,0.304081619,left_foot,0.0463481992,1,-0.0398865007,-0.625312924,SADDLE_ERROR
13.34,0.0168222599,0.15322125,-1.5952903,0.00924322568,0.00175280939,-0.000391709822,-0.967450619,1,0.00236500101,0.105273612,-0.00340577937,0.223075092,-1.5854969,0,0,0,0,0.415449977,NaN,0.0134053733,4.5101943,right_hand,1,0.306821525,left_foot,0.0467519239,1,-0.0389400795,-0.625334978,SADDLE_ERROR
13.38,0.0170655344,0.153445959,-1.59519911,0.00478400756,0.00166718895,0.00284521445,-0.967359424,1,0.00203395099,0.105510615,-0.00340577937,0.223075092,-1.5854969,0,0,0,0,0.415269434,NaN,0.0134050455,4.47649384,right_hand,1,0.307734102,left_foot,0.047455579,1,-0.0380738042,-0.625355303,SADDLE_ERROR
13.42,0.0170980375,0.153650865,-1.59500718,-0.0013653331,0.000538307184,0.00434487499,-0.967167497,1,0.00178449799,0.105706625,-0.00340577937,0.223075092,-1.5854969,0,0,0,0,0.414985001,NaN,0.0132445302,4.4461751,right_hand,1,0.306813806,left_foot,0.0480681099,1,-0.037862584,-0.62536025,SADDLE_ERROR
13.46,0.0169267301,0.153781742,-1.59476304,-0.00543732755,-0.00129341346,0.00573409861,-0.966923356,1,0.00156024401,0.105775356,-0.00340577937,0.223075092,-1.5854969,0,0,0,0,0.41468063,NaN,0.0130231334,4.46394062,right_hand,1,0.304139972,left_foot,0.0484968498,1,-0.0387220234,-0.625340044,SADDLE_ERROR
13.5,0.0166036207,0.153852165,-1.59447801,-0.00892902631,-0.00262196758,0.00658451021,-0.966638327,1,0.00138165895,0.105753332,-0.00340577937,0.223075092,-1.5854969,0,0,0,0,0.414359599,NaN,0.0128751108,4.53542519,right_hand,1,0.299747318,left_foot,0.0489402525,1,-0.0396368653,-0.625318646,SADDLE_ERROR
13.54,0.0161538869,0.153854176,-1.59418023,-0.0116727324,-0.00444908347,0.00653581275,-0.966340542,1,0.00117885706,0.105657689,-0.00340577937,0.223075092,-1.5854969,0,0,0,0,0.414050907,NaN,0.0128374659,4.61102867,right_hand,1,0.294109225,left_foot,0.0492897704,1,-0.0407206528,-0.625293314,SADDLE_ERROR
13.58,0.01562222,0.153763741,-1.59390771,-0.0129543887,-0.00686297193,0.00540587725,-0.966068029,1,0.00203531259,0.105480358,-0.00340577937,0.223075092,-1.5854969,0,0,0,0,0.413803726,NaN,0.0128649622,4.64422369,right_hand,1,0.288062483,left_foot,0.0494559966,1,-0.0420643464,-0.625261843,SADDLE_ERROR
13.62,0.0150837051,0.153587043,-1.59370208,-0.0120544825,-0.00876199082,0.00325197284,-0.965862393,1,0.00119346834,0.105241559,-0.00340577937,0.223075092,-1.5854969,0,0,0,0,0.413658917,NaN,0.0129045639,4.62990713,right_hand,1,0.282613277,left_foot,0.0493963696,1,-0.0433850996,-0.625230849,SADDLE_ERROR
13.66,0.0146297207,0.153350264,-1.59359896,-0.00894945115,-0.00994915143,0.000350679155,-0.965759277,1,0.00104164041,0.10497734,-0.00340577937,0.223075092,-1.5854969,0,0,0,0,0.413642108,NaN,0.012923345,4.58720875,right_hand,1,0.278664857,left_foot,0.0491224974,1,-0.0444509275,-0.625205934,SADDLE_ERROR
13.7,0.0143357646,0.153089061,-1.59362185,-0.00484388787,-0.0106152613,-0.00282685668,-0.965782166,1,0.00122198835,0.104724199,-0.00340577937,0.223075092,-1.5854969,0,0,0,0,0.41376248,NaN,0.0129072908,4.53078604,right_hand,1,0.276848584,left_foot,0.04871317,1,-0.0449912921,-0.625193238,SADDLE_ERROR
13.74,0.0142675815,0.152946711,-1.59374917,0.00270457263,-0.00769757014,-0.00479233591,-0.965909481,1,0.0012930237,0.10466709,-0.00340577937,0.223075092,-1.5854969,0,0,0,0,0.413936585,NaN,0.0129009681,4.47703648,right_hand,1,0.277651757,left_foot,0.0478274301,1,-0.044166021,-0.62521261,SADDLE_ERROR
13.78,0.014497472,0.15280883,-1.59393907,0.00909867045,-0.0078251753,-0.00674648443,-0.966099381,1,0.00102382805,0.104590595,-0.00340577937,0.223075092,-1.5854969,0,0,0,0,0.414209485,NaN,0.0129266568,4.45273113,right_hand,1,0.279753506,left_foot,0.0465979092,1,-0.0438895337,-0.625219107,SADDLE_ERROR
13.82,0.0148570165,0.152744398,-1.59422624,0.0104731778,-0.00371067459,-0.00900856592,-0.966386557,1,0.0027255048,0.104600526,-0.00340577937,0.223075092,-1.5854969,0,0,0,0,0.414525121,NaN,0.0129990913,4.43074083,right_hand,1,0.283490568,left_foot,0.0472239591,1,-0.0435692407,-0.625226557,SADDLE_ERROR
13.86,0.0152808186,0.152747914,-1.59456694,0.0120590711,-0.00317274127,-0.00953495409,-0.966727257,1,0.00167478633,0.104689375,-0.00340577937,0.223075092,-1.5854969,0,0,0,0,0.414858937,NaN,0.0130387042,4.3895874,right_hand,1,0.289671063,left_foot,0.0470817275,1,-0.0424943268,-0.62525177,SADDLE_ERROR
13.9,0.0157595966,0.152799785,-1.59489191,0.0130309034,-0.00136157626,-0.008477211,-0.967052221,1,0.00173081702,0.104804538,-0.00340577937,0.223075092,-1.5854969,0,0,0,0,0.41517368,NaN,0.0130595556,4.39046907,right_hand,1,0.296368659,left_foot,0.0467290506,1,-0.041491244,-0.625275254,SADDLE_ERROR
13.94,0.0162550248,0.152941748,-1.59514284,0.0130108828,0.000612850708,-0.00602485938,-0.967303157,1,0.00260612322,0.104984999,-0.00340577937,0.223075092,-1.5854969,0,0,0,0,0.415385962,NaN,0.0131131094,4.41775513,right_hand,1,0.302271396,left_foot,0.0464963689,1,-0.0402627252,-0.625303984,SADDLE_ERROR
13.98,0.0167107563,0.15313901,-1.59527755,0.0113978358,0.0017607233,-0.00271162461,-0.967437863,1,0.00257328106,0.105203107,-0.00340577937,0.223075092,-1.5854969,0,0,0,0,0.415460289,NaN,0.0132006593,4.45664644,right_hand,1,0.306428343,left_foot,0.0466416478,1,-0.0391535461,-0.625330031,SADDLE_ERROR
14.02,0.0170551594,0.153386429,-1.59527206,0.00782145001,0.00257447059,0.00102158461,-0.96743238,1,0.00235634204,0.105456077,-0.00340577937,0.223075092,-1.5854969,0,0,0,0,0.415365756,NaN,0.0132841431,4.4897356,right_hand,1,0.308429092,left_foot,0.0471535735,1,-0.0381114371,-0.625354409,SADDLE_ERROR
14.06,0.0172106512,0.153642833,-1.59512627,0.00145726709,0.00219959463,0.0039166878,-0.967286587,1,0.0020724046,0.105696917,-0.00340577937,0.223075092,-1.5854969,0,0,0,0,0.415116996,NaN,0.0132968687,4.50400209,right_hand,1,0.308194607,left_foot,0.0478463098,1,-0.0375156701,-0.625368357,SADDLE_ERROR
14.1,0.0171121657,0.153838813,-1.5948894,-0.00432473654,-0.000144937847,0.0057123825,-0.967049718,1,0.00169214071,0.105842024,-0.00340577937,0.223075092,-1.5854969,0,0,0,0,0.41479516,NaN,0.0132091511,4.5108161,right_hand,1,0.305953383,left_foot,0.0483343974,1,-0.0379193164,-0.62535888,SADDLE_ERROR
14.14,0.0168159101,0.153928161,-1.5945884,-0.0085672494,-0.00245259795,0.00725980056,-0.966748714,1,0.00130911404,0.10584493,-0.00340577937,0.223075092,-1.5854969,0,0,0,0,0.414451897,NaN,0.0130687021,4.53999853,right_hand,1,0.301846236,left_foot,0.0488290451,1,-0.0390092619,-0.625333428,SADDLE_ERROR
14.18,0.0163675863,0.15393424,-1.59425211,-0.0118874013,-0.00444998499,0.00766050396,-0.966412425,1,0.00103923643,0.105762228,-0.00340577937,0.223075092,-1.5854969,0,0,0,0,0.414098799,NaN,0.0129483417,4.58265257,right_hand,1,0.296189725,left_foot,0.049324695,1,-0.0402019359,-0.625305474,SADDLE_ERROR
14.22,0.0158144049,0.153851822,-1.59392989,-0.0137778483,-0.00667605083,0.0067041493,-0.966090202,1,0.00188640831,0.105597839,-0.00340577937,0.223075092,-1.5854969,0,0,0,0,0.413792074,NaN,0.0128621589,4.61057949,right_hand,1,0.289751321,left_foot,0.0496532246,1,-0.0415432751,-0.625274062,SADDLE_ERROR
14.26,0.0152263166,0.153681919,-1.59367394,-0.0136485687,-0.00858781673,0.0044814744,-0.96583426,1,0.00120902096,0.105359279,-0.00340577937,0.223075092,-1.5854969,0,0,0,0,0.413588852,NaN,0.0128111476,4.61314821,right_hand,1,0.283550411,left_foot,0.0497152209,1,-0.0430083796,-0.62523973,SADDLE_ERROR
14.3,0.0146923913,0.1534511,-1.5935266,-0.0111996559,-0.00974317733,0.00140832586,-0.965686917,1,0.00108932564,0.105081096,-0.00340577937,0.223075092,-1.5854969,0,0,0,0,0.413523406,NaN,0.0127989603,4.59916925,right_hand,1,0.278626829,left_foot,0.0494736619,1,-0.0442644507,-0.625210285,SADDLE_ERROR
14.34,0.0142990882,0.153183103,-1.59351349,-0.00667513069,-0.010326311,-0.00206836243,-0.965673804,1,0.00124601473,0.104794919,-0.00340577937,0.223075092,-1.5854969,0,0,0,0,0.41361329,NaN,0.0128166368,4.56536245,right_hand,1,0.27576834,left_foot,0.0489992909,1,-0.0452128276,-0.625187993,SADDLE_ERROR
14.38,0.0141266808,0.153017387,-1.59362686,-0.000890434894,-0.00757180573,-0.00461327611,-0.965787172,1,0.0015480048,0.104693629,-0.00340577937,0.223075092,-1.5854969,0,0,0,0,0.413780451,NaN,0.0128699075,4.52095127,right_hand,1,0.275746673,left_foot,0.0482091755,1,-0.0443101153,-0.625209153,SADDLE_ERROR
14.42,0.0142188603,0.152879491,-1.59379458,0.00457001384,-0.00789745245,-0.00517380936,-0.9659549,1,0.00131057901,0.104624361,-0.00340577937,0.223075092,-1.5854969,0,0,0,0,0.414014727,NaN,0.0129428478,4.48455381,right_hand,1,0.277704507,left_foot,0.0469983853,1,-0.044118233,-0.625213683,SADDLE_ERROR
14.46,0.0144540248,0.152724966,-1.59396827,0.00695169484,-0.00794852525,-0.00616789376,-0.966128588,1,0.000936250552,0.104540505,-0.00340577937,0.223075092,-1.5854969,0,0,0,0,0.414285332,NaN,0.0129957777,4.43853664,right_hand,1,0.280028999,left_foot,0.0459520705,1,-0.043844033,-0.62522012,SADDLE_ERROR
14.5,0.0147704696,0.152626321,-1.59422266,0.00977745466,-0.00499252696,-0.00843923539,-0.96638298,1,0.00259552198,0.104524195,-0.00340577937,0.223075092,-1.5854969,0,0,0,0,0.414577484,NaN,0.0129582454,4.37447214,right_hand,1,0.283819526,left_foot,0.0463715829,1,-0.0435912684,-0.625226021,SADDLE_ERROR
14.54,0.0151897836,0.15262638,-1.59454918,0.0122350808,-0.00254772324,-0.00938274525,-0.966709495,1,0.00167510135,0.10460858,-0.00340577937,0.223075092,-1.5854969,0,0,0,0,0.414887935,NaN,0.0128972493,4.35436106,right_hand,1,0.28975758,left_foot,0.0467598774,1,-0.0428914949,-0.625242412,SADDLE_ERROR
14.58,0.0156833306,0.152715519,-1.59487712,0.013405486,-0.000266323361,-0.00867315009,-0.967037439,1,0.00185146276,0.104748994,-0.00340577937,0.223075092,-1.5854969,0,0,0,0,0.415183932,NaN,0.0129184416,4.3983407,right_hand,1,0.29615584,left_foot,0.0466064252,1,-0.041639857,-0.625271797,SADDLE_ERROR
14.62,0.0161852725,0.152897,-1.59514034,0.0129677327,0.00154526276,-0.00635066628,-0.967300653,1,0.00281767338,0.104946159,-0.00340577937,0.223075092,-1.5854969,0,0,0,0,0.415395379,NaN,0.0130604878,4.46575069,right_hand,1,0.30175513,left_foot,0.0463997796,1,-0.0403526761,-0.625301898,SADDLE_ERROR
14.66,0.0166315641,0.153109148,-1.59528708,0.0110586304,0.00181927485,-0.0029814844,-0.9674474,1,0.00263609528,0.10515976,-0.00340577937,0.223075092,-1.5854969,0,0,0,0,0.415481925,NaN,0.0132620893,4.51171923,right_hand,1,0.305819452,left_foot,0.0464843512,1,-0.039388068,-0.625324488,SADDLE_ERROR
14.7,0.0169661678,0.153343037,-1.59528887,0.00773886777,0.00205524871,0.000888525916,-0.967449188,1,0.00229803915,0.105395265,-0.00340577937,0.223075092,-1.5854969,0,0,0,0,0.415403426,NaN,0.0134060495,4.51927853,right_hand,1,0.307971478,left_foot,0.046953693,1,-0.0384576879,-0.625346303,SADDLE_ERROR
14.74,0.0171296839,0.153575838,-1.59514594,0.00189379498,0.00170748541,0.00384193799,-0.967306256,1,0.00197969936,0.105626196,-0.00340577937,0.223075092,-1.5854969,0,0,0,0,0.415165365,NaN,0.013396767,4.49499512,right_hand,1,0.30803594,left_foot,0.0476628542,1,-0.0378036425,-0.625361681,SADDLE_ERROR
14.78,0.017059708,0.15375784,-1.59491265,-0.00348352082,-0.00025326747,0.005514252,-0.967072964,1,0.00164954248,0.105777733,-0.00340577937,0.223075092,-1.5854969,0,0,0,0,0.414848894,NaN,0.0132337408,4.47366858,right_hand,1,0.306142002,left_foot,0.0482002348,1,-0.0380784385,-0.625355244,SADDLE_ERROR
14.82,0.0168045554,0.15385589,-1.59462249,-0.00747931516,-0.00204565772,0.0069035897,-0.966782808,1,0.00137121545,0.105802014,-0.00340577937,0.223075092,-1.5854969,0,0,0,0,0.414509684,NaN,0.0130224358,4.50069046,right_hand,1,0.302377582,left_foot,0.0487229414,1,-0.0390065387,-0.625333488,SADDLE_ERROR
14.86,0.0163992681,0.153886765,-1.5943011,-0.0108978637,-0.00373793067,0.00729745859,-0.96646142,1,0.00116515788,0.105743796,-0.00340577937,0.223075092,-1.5854969,0,0,0,0,0.414162487,NaN,0.0128770452,4.56173086,right_hand,1,0.297017306,left_foot,0.0492278412,1,-0.0400639102,-0.625308633,SADDLE_ERROR
14.9,0.0158778802,0.153835267,-1.59399033,-0.0131886937,-0.00585138705,0.00652599754,-0.966150641,1,0.00216558971,0.105601616,-0.00340577937,0.223075092,-1.5854969,0,0,0,0,0.413857996,NaN,0.0128157865,4.61675739,right_hand,1,0.290779769,left_foot,0.0495608672,1,-0.0414038561,-0.625277281,SADDLE_ERROR
14.94,0.0153038846,0.153694704,-1.59373498,-0.0135078318,-0.00804783124,0.00462203659,-0.965895295,1,0.00132581103,0.10538058,-0.00340577937,0.223075092,-1.5854969,0,0,0,0,0.413647115,NaN,0.0128132682,4.63239813,right_hand,1,0.28464967,left_foot,0.0496235378,1,-0.0428380929,-0.625243723,SADDLE_ERROR
14.98,0.0147665991,0.153479576,-1.59357476,-0.0114671076,-0.00950470846,0.00186331035,-0.965735078,1,0.00110294414,0.105110049,-0.00340577937,0.223075092,-1.5854969,0,0,0,0,0.413564533,NaN,0.0128414752,4.61719704,right_hand,1,0.279628783,left_foot,0.0494106375,1,-0.0440688953,-0.625214875,SADDLE_ERROR
15.02,0.0143592693,0.153215274,-1.59353638,-0.00763324695,-0.0104406746,-0.00161050574,-0.965696692,1,0.00110586861,0.104825519,-0.00340577937,0.223075092,-1.5854969,0,0,0,0,0.413627416,NaN,0.0128749162,4.5744009,right_hand,1,0.276510686,left_foot,0.0490015335,1,-0.0451073684,-0.625190556,SADDLE_ERROR
15.06,0.0141542517,0.153026074,-1.59362745,-0.00197860412,-0.00777006755,-0.00404505944,-0.965787768,1,0.00160310243,0.104694426,-0.00340577937,0.223075092,-1.5854969,0,0,0,0,0.413781613,NaN,0.0129036522,4.52204514,right_hand,1,0.276041031,left_foot,0.0483258702,1,-0.0443561077,-0.62520808,SADDLE_ERROR
15.1,0.0142101487,0.152892336,-1.59377992,0.00384418853,-0.00780898938,-0.00489327731,-0.965940237,1,0.0013140036,0.104635961,-0.00340577937,0.223075092,-1.5854969,0,0,0,0,0.413989633,NaN,0.0129400138,4.47699451,right_hand,1,0.277769595,left_foot,0.0472150259,1,-0.0441177525,-0.625213683,SADDLE_ERROR
15.14,0.0144275501,0.152745292,-1.59394348,0.00659932289,-0.00796573237,-0.00546532124,-0.966103792,1,0.000902411179,0.104557157,-0.00340577937,0.223075092,-1.5854969,0,0,0,0,0.414242595,NaN,0.0129660871,4.43752718,right_hand,1,0.279989809,left_foot,0.046186544,1,-0.0438626111,-0.625219703,SADDLE_ERROR
15.18,0.0147069115,0.152641997,-1.5941751,0.00858917832,-0.0050277221,-0.00788242836,-0.966335416,1,0.00160517113,0.104535297,-0.00340577937,0.223075092,-1.5854969,0,0,0,0,0.414521486,NaN,0.0129284831,4.38222504,right_hand,1,0.283279955,left_foot,0.0465202816,1,-0.0435267054,-0.625227571,SADDLE_ERROR
15.22,0.0150918448,0.152627468,-1.59448373,0.011460362,-0.0027859637,-0.00905774999,-0.966644049,1,0.00157941226,0.104579866,-0.00340577937,0.223075092,-1.5854969,0,0,0,0,0.414819837,NaN,0.0128626181,4.3635745,right_hand,1,0.288849503,left_foot,0.0468321554,1,-0.0434760638,-0.625228703,SADDLE_ERROR
15.26,0.0155606987,0.152710855,-1.59480393,0.0129424175,-0.000487243349,-0.00857865065,-0.966964245,1,0.00180756988,0.104715236,-0.00340577937,0.223075092,-1.5854969,0,0,0,0,0.415110558,NaN,0.0128967436,4.40639019,right_hand,1,0.294918746,left_foot,0.0466653071,1,-0.0418662205,-0.625266492,SADDLE_ERROR
15.3,0.0160507504,0.152881294,-1.59506881,0.0127941072,0.00145471655,-0.00649586599,-0.967229128,1,0.00276611722,0.10490559,-0.00340577937,0.223075092,-1.5854969,0,0,0,0,0.415327162,NaN,0.013054084,4.47417116,right_hand,1,0.300365716,left_foot,0.0464409962,1,-0.0406575166,-0.625294745,SADDLE_ERROR
15.34,0.0164971929,0.153083578,-1.59522533,0.0111921681,0.00152159052,-0.0033281839,-0.96738565,1,0.00259232055,0.105113879,-0.00340577937,0.223075092,-1.5854969,0,0,0,0,0.41542691,NaN,0.0132651608,4.52081728,right_hand,1,0.304472953,left_foot,0.046492137,1,-0.0396793485,-0.625317693,SADDLE_ERROR
15.38,0.0168439373,0.153302431,-1.595245,0.00821378548,0.00173356943,0.000356566947,-0.967405319,1,0.00227699452,0.105341524,-0.00340577937,0.223075092,-1.5854969,0,0,0,0,0.415372223,NaN,0.0134140467,4.5214262,right_hand,1,0.306829512,left_foot,0.0469306037,1,-0.0387248471,-0.625340104,SADDLE_ERROR
15.42,0.0170360878,0.153523386,-1.5951246,0.00302459789,0.00145515869,0.00340086804,-0.967284918,1,0.00194826431,0.105569392,-0.00340577937,0.223075092,-1.5854969,0,0,0,0,0.415161878,NaN,0.0134017561,4.4888072,right_hand,1,0.307248056,left_foot,0.0476315208,1,-0.038003888,-0.625356972,SADDLE_ERROR
15.46,0.0170025304,0.15370737,-1.59491503,-0.0026063621,-3.6459307E-05,0.00488288049,-0.967075348,1,0.00175228016,0.105734661,-0.00340577937,0.223075092,-1.5854969,0,0,0,0,0.414867491,NaN,0.0132316686,4.46286726,right_hand,1,0.305811822,left_foot,0.0481578484,1,-0.0380726717,-0.625355363,SADDLE_ERROR
15.5,0.016783474,0.153809041,-1.59465241,-0.00655448716,-0.00190928043,0.00620990433,-0.96681273,1,0.00144469587,0.105767861,-0.00340577937,0.223075092,-1.5854969,0,0,0,0,0.414555669,NaN,0.0130136181,4.48741007,right_hand,1,0.302582324,left_foot,0.0486159809,1,-0.0390135124,-0.625333309,SADDLE_ERROR
15.54,0.0164170507,0.153851464,-1.59435463,-0.00993328448,-0.00335677876,0.00678600138,-0.966514945,1,0.00124668214,0.105721802,-0.00340577937,0.223075092,-1.5854969,0,0,0,0,0.414230585,NaN,0.0128726093,4.55496025,right_hand,1,0.297718495,left_foot,0.0490781106,1,-0.0399703421,-0.625310838,SADDLE_ERROR
15.58,0.0159326009,0.153820157,-1.59405756,-0.0123566752,-0.00526171597,0.00633704849,-0.966217875,1,0.00107292715,0.105598725,-0.00340577937,0.223075092,-1.5854969,0,0,0,0,0.413933784,NaN,0.0128290802,4.61891651,right_hand,1,0.291841805,left_foot,0.0493991636,1,-0.0412353724,-0.625281215,SADDLE_ERROR
15.62,0.0153854489,0.153698146,-1.59380221,-0.0130280005,-0.00759618869,0.00478102593,-0.965962529,1,0.00187032681,0.105395861,-0.00340577937,0.223075092,-1.5854969,0,0,0,0,0.413716376,NaN,0.0128441788,4.63754702,right_hand,1,0.285872072,left_foot,0.0494959652,1,-0.0426290557,-0.625248611,SADDLE_ERROR
15.66,0.0148587655,0.153499097,-1.59362864,-0.0114307543,-0.00919780415,0.00231464393,-0.96578896,1,0.00112686271,0.105141096,-0.00340577937,0.223075092,-1.5854969,0,0,0,0,0.413613766,NaN,0.0128786294,4.6219964,right_hand,1,0.280802399,left_foot,0.0493444949,1,-0.0438679717,-0.625219643,SADDLE_ERROR
15.7,0.0144434357,0.15324986,-1.59356689,-0.00768566644,-0.0101880105,-0.000758518465,-0.96572721,1,0.0010628819,0.104871064,-0.00340577937,0.223075092,-1.5854969,0,0,0,0,0.413645655,NaN,0.0129048014,4.5778985,right_hand,1,0.277458876,left_foot,0.0489957295,1,-0.0448517799,-0.625196517,SADDLE_ERROR
15.74,0.0142080672,0.153037831,-1.59363282,-0.00232668617,-0.00792831089,-0.00364752719,-0.965793133,1,0.00172922446,0.104699604,-0.00340577937,0.223075092,-1.5854969,0,0,0,0,0.413784981,NaN,0.0129094869,4.52558327,right_hand,1,0.276523888,left_foot,0.048505526,1,-0.0448167473,-0.625197291,SADDLE_ERROR
15.78,0.0142356921,0.152911291,-1.59377611,0.00319442293,-0.0076718824,-0.00473710196,-0.965936422,1,0.00126412429,0.104648985,-0.00340577937,0.223075092,-1.5854969,0,0,0,0,0.413976103,NaN,0.0129265804,4.47672272,right_hand,1,0.277989686,left_foot,0.0474634878,1,-0.044107005,-0.625213921,SADDLE_ERROR
15.82,0.0144241992,0.152772874,-1.59393644,0.00583983166,-0.00779951504,-0.00517975446,-0.966096759,1,0.000862753193,0.104573578,-0.00340577937,0.223075092,-1.5854969,0,0,0,0,0.414219379,NaN,0.0129489461,4.44549179,right_hand,1,0.280111045,left_foot,0.0464326851,1,-0.0438578874,-0.625219762,SADDLE_ERROR
15.86,0.0146853868,0.152664393,-1.59415078,0.00832087267,-0.00548485201,-0.0074552102,-0.966311097,1,0.00107813033,0.104537211,-0.00340577937,0.223075092,-1.5854969,0,0,0,0,0.414491594,NaN,0.0129265273,4.3961544,right_hand,1,0.283082545,left_foot,0.04653446,1,-0.0436139181,-0.625225544,SADDLE_ERROR
15.9,0.0150533365,0.152654558,-1.59444451,0.011040858,-0.00273590465,-0.00871099811,-0.966604829,1,0.00157166319,0.104588062,-0.00340577937,0.223075092,-1.5854969,0,0,0,0,0.414772093,NaN,0.0128806289,4.3775363,right_hand,1,0.28828451,left_foot,0.0468985476,1,-0.043488808,-0.625228465,SADDLE_ERROR
15.94,0.0155052803,0.152731568,-1.59475291,0.0125669362,-0.000782696356,-0.00834012497,-0.966913223,1,0.00175421243,0.10471873,-0.00340577937,0.223075092,-1.5854969,0,0,0,0,0.415051639,NaN,0.0129163163,4.4115901,right_hand,1,0.294141561,left_foot,0.0467500761,1,-0.0419529565,-0.625264406,SADDLE_ERROR
15.98,0.0159818064,0.152888685,-1.59501231,0.0125272442,0.00107748958,-0.00643515633,-0.967172623,1,0.00269055949,0.104899481,-0.00340577937,0.223075092,-1.5854969,0,0,0,0,0.415266037,NaN,0.0130596096,4.4707365,right_hand,1,0.299467683,left_foot,0.0465377346,1,-0.0407659598,-0.625292182,SADDLE_ERROR
16.02,0.0164205655,0.153078541,-1.59517121,0.0110838069,0.00123943423,-0.00346843502,-0.967331529,1,0.00254920637,0.105099618,-0.00340577937,0.223075092,-1.5854969,0,0,0,0,0.415370882,NaN,0.0132500902,4.51419449,right_hand,1,0.303565711,left_foot,0.0465821363,1,-0.0398123264,-0.625314593,SADDLE_ERROR
16.06,0.0167666469,0.153287575,-1.59520066,0.00829534512,0.00153265789,4.01824727E-05,-0.967360973,1,0.00225752848,0.105319917,-0.00340577937,0.223075092,-1.5854969,0,0,0,0,0.415329456,NaN,0.0133858239,4.51663065,right_hand,1,0.306012779,left_foot,0.0469890907,1,-0.0388615541,-0.625336826,SADDLE_ERROR
16.1,0.0169670433,0.153501675,-1.59509504,0.00345762749,0.00132279494,0.00306596491,-0.967255354,1,0.00195160671,0.105541691,-0.00340577937,0.223075092,-1.5854969,0,0,0,0,0.415137202,NaN,0.0133759808,4.48842812,right_hand,1,0.306593835,left_foot,0.0476556495,1,-0.0381675661,-0.625353098,SADDLE_ERROR
16.14,0.0169507246,0.153685167,-1.59489882,-0.00221781409,5.82082794E-05,0.00452625658,-0.967059135,1,0.00179093273,0.105708867,-0.00340577937,0.223075092,-1.5854969,0,0,0,0,0.414857537,NaN,0.0132191097,4.46556807,right_hand,1,0.30535388,left_foot,0.0481784716,1,-0.0382133536,-0.625352025,SADDLE_ERROR
16.18,0.0167467222,0.15378806,-1.59465134,-0.00616409583,-0.001904245,0.00582321873,-0.966811657,1,0.00146907975,0.105746113,-0.00340577937,0.223075092,-1.5854969,0,0,0,0,0.41456151,NaN,0.0130141284,4.48824978,right_hand,1,0.30237785,left_foot,0.0485913418,1,-0.0391183496,-0.625330865,SADDLE_ERROR
16.22,0.0163974855,0.153830767,-1.59436798,-0.00948191527,-0.00331656868,0.00646419404,-0.966528296,1,0.00128448091,0.10570199,-0.00340577937,0.223075092,-1.5854969,0,0,0,0,0.414251745,NaN,0.0128804008,4.55441189,right_hand,1,0.297787428,left_foot,0.049017787,1,-0.0400488973,-0.62530899,SADDLE_ERROR
16.26,0.0159320328,0.153802738,-1.59408081,-0.0118871592,-0.00515431818,0.0061398414,-0.966241121,1,0.00110525498,0.105584614,-0.00340577937,0.223075092,-1.5854969,0,0,0,0,0.413964629,NaN,0.0128414538,4.61728048,right_hand,1,0.292150974,left_foot,0.0493226275,1,-0.0412210487,-0.625281513,SADDLE_ERROR
16.3,0.0154027427,0.153687209,-1.59383011,-0.0126321921,-0.00741832424,0.0047286083,-0.965990424,1,0.00190947135,0.105390653,-0.00340577937,0.223075092,-1.5854969,0,0,0,0,0.413749546,NaN,0.0128583238,4.63610125,right_hand,1,0.286346674,left_foot,0.0494270995,1,-0.0425188243,-0.625251234,SADDLE_ERROR
16.34,0.0148886871,0.153496653,-1.59365571,-0.0112058399,-0.00898975972,0.0024032353,-0.965816021,1,0.00114885275,0.105145916,-0.00340577937,0.223075092,-1.5854969,0,0,0,0,0.413642436,NaN,0.0128908483,4.6223793,right_hand,1,0.281350881,left_foot,0.0492943712,1,-0.0437727273,-0.625221848,SADDLE_ERROR
16.38,0.0144780418,0.153257743,-1.59358716,-0.00768725388,-0.00991285127,-0.000530430465,-0.965747476,1,0.00107824896,0.104886204,-0.00340577937,0.223075092,-1.5854969,0,0,0,0,0.413663,NaN,0.0129152117,4.57892418,right_hand,1,0.277984619,left_foot,0.0489691682,1,-0.0447147265,-0.625199735,SADDLE_ERROR
16.42,0.0142371859,0.153036565,-1.59364176,-0.00279354025,-0.00833364855,-0.00337822735,-0.965802073,1,0.00167669717,0.104697496,-0.00340577937,0.223075092,-1.5854969,0,0,0,0,0.413797945,NaN,0.0129125817,4.52721548,right_hand,1,0.276863009,left_foot,0.0484885387,1,-0.0449147113,-0.625195086,SADDLE_ERROR
16.46,0.0142522026,0.152912006,-1.59377933,0.00511271087,-0.0075631463,-0.00509053562,-0.965939641,1,0.00126182486,0.10464967,-0.00340577937,0.223075092,-1.5854969,0,0,0,0,0.413980305,NaN,0.0129260011,4.47480345,right_hand,1,0.278147161,left_foot,0.0474992394,1,-0.0441475138,-0.625213027,SADDLE_ERROR
16.5,0.0145382406,0.152779981,-1.59397864,0.00962963328,-0.00680509489,-0.00696343696,-0.966138959,1,0.000990057481,0.104571082,-0.00340577937,0.223075092,-1.5854969,0,0,0,0,0.414266288,NaN,0.0129750613,4.46089888,right_hand,1,0.28024298,left_foot,0.0469663292,1,-0.0438025706,-0.625221133,SADDLE_ERROR
16.54,0.0149133243,0.152764753,-1.59426773,0.0109050171,-0.00318644894,-0.00884613488,-0.966428041,1,0.00162964361,0.10463772,-0.00340577937,0.223075092,-1.5854969,0,0,0,0,0.414552391,NaN,0.0130461007,4.42414999,right_hand,1,0.284555227,left_foot,0.0473174043,1,-0.0431281589,-0.625236869,SADDLE_ERROR
16.58,0.0153478943,0.15278773,-1.59459305,0.0121888956,-0.00264680525,-0.00899957027,-0.966753364,1,0.00163500733,0.104739487,-0.00340577937,0.223075092,-1.5854969,0,0,0,0,0.414866358,NaN,0.013060065,4.39005804,right_hand,1,0.290784061,left_foot,0.0471205972,1,-0.0421703048,-0.62525934,SADDLE_ERROR
16.62,0.0158216413,0.15286915,-1.59488952,0.0127535462,-0.000712681154,-0.00762934098,-0.967049837,1,0.00243969704,0.104873866,-0.00340577937,0.223075092,-1.5854969,0,0,0,0,0.415142804,NaN,0.0130730821,4.39651966,right_hand,1,0.29716903,left_foot,0.0467980579,1,-0.0411640741,-0.625282884,SADDLE_ERROR
16.66,0.0162930693,0.153017715,-1.59510469,0.012218927,0.00054083101,-0.00507960888,-0.96726501,1,0.00251738611,0.105052523,-0.00340577937,0.223075092,-1.5854969,0,0,0,0,0.415317327,NaN,0.0131146153,4.43392372,right_hand,1,0.302498192,left_foot,0.0466745123,1,-0.0400907472,-0.625308037,SADDLE_ERROR
16.7,0.0167026762,0.153221354,-1.59520233,0.0100962492,0.00181817007,-0.00174286473,-0.967362642,1,0.00246366183,0.105271056,-0.00340577937,0.223075092,-1.5854969,0,0,0,0,0.415349036,NaN,0.0132000325,4.47377539,right_hand,1,0.305992484,left_foot,0.0468994491,1,-0.0390038751,-0.625333488,SADDLE_ERROR
16.74,0.0169849303,0.153463393,-1.59516108,0.0060200938,0.00224033813,0.00184289564,-0.967321396,1,0.00221383525,0.105509788,-0.00340577937,0.223075092,-1.5854969,0,0,0,0,0.415218204,NaN,0.0132724149,4.50564861,right_hand,1,0.307336688,left_foot,0.0474393405,1,-0.0381244831,-0.625354052,SADDLE_ERROR
16.78,0.0170585401,0.153697982,-1.59499311,-0.000438489136,0.00147871859,0.00424849847,-0.96715343,1,0.00199381378,0.105721012,-0.00340577937,0.223075092,-1.5854969,0,0,0,0,0.414954126,NaN,0.0132678729,4.52008438,right_hand,1,0.306530088,left_foot,0.0480412953,1,-0.0377724729,-0.625362337,SADDLE_ERROR
16.82,0.0168934893,0.153846279,-1.59474957,-0.00559865031,-0.00126531674,0.00591621129,-0.966909885,1,0.00154029578,0.105807014,-0.00340577937,0.223075092,-1.5854969,0,0,0,0,0.414646298,NaN,0.0131727047,4.52857924,right_hand,1,0.303838462,left_foot,0.048450999,1,-0.0384950005,-0.625345469,SADDLE_ERROR
16.86,0.0165553372,0.153897151,-1.59444809,-0.00940457638,-0.0032946521,0.00714524928,-0.966608405,1,0.00119323458,0.105773829,-0.00340577937,0.223075092,-1.5854969,0,0,0,0,0.414316297,NaN,0.013042938,4.56143856,right_hand,1,0.299394727,left_foot,0.0489221625,1,-0.0396180935,-0.625319123,SADDLE_ERROR
16.9,0.0160843115,0.153865993,-1.59412539,-0.0122067379,-0.00533908838,0.00714113517,-0.966285706,1,0.000960432983,0.105662912,-0.00340577937,0.223075092,-1.5854969,0,0,0,0,0.413990438,NaN,0.0129338745,4.59552431,right_hand,1,0.293646485,left_foot,0.0493590422,1,-0.0408296324,-0.625290692,SADDLE_ERROR
16.94,0.0155322198,0.153750539,-1.59383297,-0.013415413,-0.0073048044,0.00578277977,-0.965993285,1,0.0017774076,0.105476096,-0.00340577937,0.223075092,-1.5854969,0,0,0,0,0.413726687,NaN,0.0128531223,4.60774136,right_hand,1,0.287442327,left_foot,0.0496038161,1,-0.0422038659,-0.625258565,SADDLE_ERROR
16.98,0.0149752004,0.153561875,-1.59361947,-0.0125345681,-0.00895506423,0.0033241373,-0.965779781,1,0.00114650547,0.105229199,-0.00340577937,0.223075092,-1.5854969,0,0,0,0,0.413575083,NaN,0.0128070405,4.6045599,right_hand,1,0.281816572,left_foot,0.0495640449,1,-0.043540474,-0.625227213,SADDLE_ERROR
17.02,0.0145005761,0.153326988,-1.59351921,-0.00943407975,-0.00976600405,0.000192176158,-0.965679526,1,0.00111036457,0.104957469,-0.00340577937,0.223075092,-1.5854969,0,0,0,0,0.413561463,NaN,0.0128050018,4.58820295,right_hand,1,0.277699441,left_foot,0.0492454283,1,-0.0446061306,-0.625202298,SADDLE_ERROR
17.06,0.014187173,0.153086349,-1.59355247,-0.00517440122,-0.00882703345,-0.00306038791,-0.965712786,1,0.00161644781,0.104719602,-0.00340577937,0.223075092,-1.5854969,0,0,0,0,0.41368562,NaN,0.0128289359,4.55602598,right_hand,1,0.275793016,left_foot,0.0488185734,1,-0.0452447981,-0.625187337,SADDLE_ERROR
17.1,0.01411549,0.152968794,-1.59368408,0.00118619786,-0.00748510426,-0.00453442102,-0.965844393,1,0.00137640967,0.104674757,-0.00340577937,0.223075092,-1.5854969,0,0,0,0,0.413852513,NaN,0.0128966309,4.51140022,right_hand,1,0.276683569,left_foot,0.0478380695,1,-0.0442430526,-0.625210762,SADDLE_ERROR
17.14,0.0142681208,0.152838945,-1.59384394,0.00551784877,-0.00771266269,-0.00485869218,-0.966004252,1,0.00138881081,0.104603574,-0.00340577937,0.223075092,-1.5854969,0,0,0,0,0.41408509,NaN,0.0129756378,4.47798681,right_hand,1,0.278725326,left_foot,0.0467246883,1,-0.0440171175,-0.625216067,SADDLE_ERROR
17.18,0.014513148,0.152702093,-1.5940181,0.00698523875,-0.00638205837,-0.00663517183,-0.966178417,1,0.000982688158,0.10453929,-0.00340577937,0.223075092,-1.5854969,0,0,0,0,0.414346546,NaN,0.0130058564,4.42629814,right_hand,1,0.281016618,left_foot,0.046374213,1,-0.0438837893,-0.625219226,SADDLE_ERROR
17.22,0.0148278037,0.152649373,-1.59428179,0.0097800279,-0.00403993996,-0.00825551618,-0.966442108,1,0.00165286812,0.104566686,-0.00340577937,0.223075092,-1.5854969,0,0,0,0,0.414619565,NaN,0.0129470779,4.37182713,right_hand,1,0.285381407,left_foot,0.0465848409,1,-0.0434693322,-0.625228882,SADDLE_ERROR
17.26,0.0152524076,0.152675971,-1.59458721,0.0122574922,-0.00184274162,-0.00863313582,-0.966747522,1,0.00163032708,0.104655243,-0.00340577937,0.223075092,-1.5854969,0,0,0,0,0.414903313,NaN,0.0129014794,4.38143778,right_hand,1,0.291163892,left_foot,0.0467301682,1,-0.0425870158,-0.625249565,SADDLE_ERROR
17.3,0.0157339647,0.152803615,-1.59487474,0.0128986174,0.000537557295,-0.00746468548,-0.967035055,1,0.00265172217,0.104817934,-0.00340577937,0.223075092,-1.5854969,0,0,0,0,0.415149033,NaN,0.0129731493,4.43531942,right_hand,1,0.296821684,left_foot,0.046598684,1,-0.0412865803,-0.625280082,SADDLE_ERROR
17.34,0.0162002556,0.15299058,-1.59508562,0.0119062178,0.00117672188,-0.00497719878,-0.967245936,1,0.0026418718,0.105014764,-0.00340577937,0.223075092,-1.5854969,0,0,0,0,0.415306866,NaN,0.0131455949,4.50084877,right_hand,1,0.301512718,left_foot,0.0465380661,1,-0.0402086861,-0.625305295,SADDLE_ERROR
17.38,0.0165894963,0.153196588,-1.59517968,0.00956156757,0.00155418273,-0.0016660511,-0.967339993,1,0.00241140323,0.105225034,-0.00340577937,0.223075092,-1.5854969,0,0,0,0,0.415337324,NaN,0.0133302053,4.52875328,right_hand,1,0.304736018,left_foot,0.0467795655,1,-0.0392912515,-0.625326812,SADDLE_ERROR
17.42,0.0168559626,0.153410733,-1.59513664,0.0058225356,0.00142810727,0.00182444183,-0.967296958,1,0.00205166591,0.105443098,-0.00340577937,0.223075092,-1.5854969,0,0,0,0,0.415215373,NaN,0.0134061454,4.51360655,right_hand,1,0.306202054,left_foot,0.0473376848,1,-0.0384851024,-0.625345707,SADDLE_ERROR
17.46,0.0169352647,0.153611913,-1.59497428,-4.28734393E-06,0.000796048553,0.00393335661,-0.967134595,1,0.00187455793,0.105641149,-0.00340577937,0.223075092,-1.5854969,0,0,0,0,0.414966106,NaN,0.0133170206,4.48204565,right_hand,1,0.30579102,left_foot,0.0479515567,1,-0.0381388888,-0.625353754,SADDLE_ERROR
17.5,0.0168037135,0.153743237,-1.59474957,-0.00452535786,-0.00136578048,0.00528693432,-0.966909885,1,0.00154354598,0.105728276,-0.00340577937,0.223075092,-1.5854969,0,0,0,0,0.414680004,NaN,0.0131176785,4.47416258,right_hand,1,0.303619355,left_foot,0.048362948,1,-0.0387268104,-0.625340044,SADDLE_ERROR
17.54,0.0165175777,0.153806314,-1.59447908,-0.00801426917,-0.00274481229,0.00627819542,-0.9666394,1,0.00133170199,0.105713516,-0.00340577937,0.223075092,-1.5854969,0,0,0,0,0.414375663,NaN,0.0129347183,4.52335167,right_hand,1,0.299720794,left_foot,0.0488044173,1,-0.0396691859,-0.625317931,SADDLE_ERROR
17.58,0.0161030386,0.153810173,-1.59418976,-0.0108623952,-0.00434298767,0.0063886214,-0.966350079,1,0.00115771941,0.105630644,-0.00340577937,0.223075092,-1.5854969,0,0,0,0,0.414073169,NaN,0.0128475605,4.59127808,right_hand,1,0.294471145,left_foot,0.049188219,1,-0.0407076254,-0.625293553,SADDLE_ERROR
17.62,0.0155980363,0.153733775,-1.59391892,-0.012452173,-0.00650195032,0.00543369818,-0.966079235,1,0.00208553905,0.105470873,-0.00340577937,0.223075092,-1.5854969,0,0,0,0,0.413821965,NaN,0.0128390174,4.62993717,right_hand,1,0.288646489,left_foot,0.0493962169,1,-0.0419771709,-0.62526387,SADDLE_ERROR
17.66,0.0150692621,0.153574198,-1.59370863,-0.0120449457,-0.00833662599,0.00345634785,-0.96586895,1,0.00126438797,0.105245031,-0.00340577937,0.223075092,-1.5854969,0,0,0,0,0.413666099,NaN,0.0128676239,4.63017559,right_hand,1,0.283212334,left_foot,0.0493732803,1,-0.0432857312,-0.625233233,SADDLE_ERROR
17.7,0.0146045145,0.153354704,-1.59359324,-0.00941950362,-0.00949036982,0.000767791644,-0.965753555,1,0.00108471315,0.104988456,-0.00340577937,0.223075092,-1.5854969,0,0,0,0,0.413631052,NaN,0.0129007241,4.6030736,right_hand,1,0.279086381,left_foot,0.049115099,1,-0.044388961,-0.625207424,SADDLE_ERROR
17.74,0.0142822871,0.153101534,-1.5935955,-0.00510222837,-0.0102216275,-0.00224963576,-0.96575582,1,0.00129497307,0.104728654,-0.00340577937,0.223075092,-1.5854969,0,0,0,0,0.413728803,NaN,0.0129064545,4.55261469,right_hand,1,0.276916057,left_foot,0.048760999,1,-0.045007024,-0.62519294,SADDLE_ERROR
17.78,0.0141903022,0.152969569,-1.59370494,0.00101856363,-0.00746879773,-0.0042652525,-0.965865254,1,0.00140182057,0.104676969,-0.00340577937,0.223075092,-1.5854969,0,0,0,0,0.413877547,NaN,0.0129257366,4.4960041,right_hand,1,0.277362376,left_foot,0.0479875356,1,-0.0442255177,-0.625211239,SADDLE_ERROR
17.82,0.0143108163,0.152843282,-1.59385693,0.00448148372,-0.007632975,-0.00470019737,-0.966017246,1,0.00134709221,0.104611956,-0.00340577937,0.223075092,-1.5854969,0,0,0,0,0.414095283,NaN,0.0129487906,4.46905661,right_hand,1,0.279215604,left_foot,0.0469426997,1,-0.0439856574,-0.625216842,SADDLE_ERROR
17.86,0.0145177078,0.152709708,-1.59402418,0.00642145798,-0.00672781421,-0.00616877293,-0.966184497,1,0.000907471229,0.104538411,-0.00340577937,0.223075092,-1.5854969,0,0,0,0,0.414344788,NaN,0.0129496893,4.42670345,right_hand,1,0.281425565,left_foot,0.0464842767,1,-0.0438110419,-0.625220954,SADDLE_ERROR
17.9,0.0148071237,0.152658358,-1.59427011,0.00929649454,-0.00392334629,-0.00784261432,-0.966430426,1,0.00153258198,0.104556091,-0.00340577937,0.223075092,-1.5854969,0,0,0,0,0.414602101,NaN,0.0128987217,4.38698339,right_hand,1,0.285433471,left_foot,0.0467473082,1,-0.0434764288,-0.625228763,SADDLE_ERROR
17.94,0.0152069638,0.152693391,-1.59456062,0.0116344644,-0.00172137108,-0.00825903565,-0.966720939,1,0.00162752368,0.104646139,-0.00340577937,0.223075092,-1.5854969,0,0,0,0,0.414870411,NaN,0.0128884101,4.39949703,right_hand,1,0.290839732,left_foot,0.0468295813,1,-0.0427218676,-0.625246346,SADDLE_ERROR
17.98,0.0156647209,0.152814507,-1.59483445,0.0123783844,0.000225320415,-0.00715757022,-0.966994762,1,0.00259688194,0.104802102,-0.00340577937,0.223075092,-1.5854969,0,0,0,0,0.4151057,NaN,0.0129870772,4.45125008,right_hand,1,0.296151221,left_foot,0.0466604792,1,-0.0414576903,-0.625276089,SADDLE_ERROR
18.02,0.0161132235,0.152987123,-1.59503627,0.0115792565,0.000785696437,-0.00482065836,-0.967196584,1,0.00256721163,0.10498891,-0.00340577937,0.223075092,-1.5854969,0,0,0,0,0.415258586,NaN,0.013162354,4.50525188,right_hand,1,0.300616056,left_foot,0.0466008671,1,-0.0404039212,-0.625300705,SADDLE_ERROR
18.06,0.0164944436,0.1531775,-1.59512866,0.00949267857,0.00114030822,-0.00171978516,-0.967288971,1,0.00234948471,0.105191574,-0.00340577937,0.223075092,-1.5854969,0,0,0,0,0.415291369,NaN,0.0133336,4.52263737,right_hand,1,0.303771853,left_foot,0.0468449891,1,-0.0395013317,-0.625321865,SADDLE_ERROR
18.1,0.0167634189,0.153378576,-1.59509289,0.00603473792,0.00116061373,0.00154547021,-0.967253208,1,0.00202321238,0.105404541,-0.00340577937,0.223075092,-1.5854969,0,0,0,0,0.415180027,NaN,0.013388915,4.5042634,right_hand,1,0.305321276,left_foot,0.0473904721,1,-0.0387160927,-0.625340223,SADDLE_ERROR
18.14,0.0168581773,0.153571427,-1.59494448,0.000532835838,0.000700106553,0.00356825488,-0.967104793,1,0.00185704476,0.105599605,-0.00340577937,0.223075092,-1.5854969,0,0,0,0,0.414947689,NaN,0.0132854236,4.47149611,right_hand,1,0.305105209,left_foot,0.0480009019,1,-0.0382729881,-0.625350654,SADDLE_ERROR
18.18,0.0167467743,0.153704688,-1.59473872,-0.0040212376,-0.00128053129,0.00476410706,-0.966899037,1,0.00160624052,0.105693363,-0.00340577937,0.223075092,-1.5854969,0,0,0,0,0.414679915,NaN,0.0130846398,4.46702099,right_hand,1,0.303222239,left_foot,0.0483754314,1,-0.0388247855,-0.62533772,SADDLE_ERROR
18.22,0.0164824668,0.153770596,-1.59449053,-0.00743988343,-0.0026390655,0.00571127143,-0.966650844,1,0.00139665825,0.105681524,-0.00340577937,0.223075092,-1.5854969,0,0,0,0,0.414399147,NaN,0.0129128639,4.52032948,right_hand,1,0.29967615,left_foot,0.0487540662,1,-0.0397379324,-0.625316322,SADDLE_ERROR
18.26,0.0160926096,0.153780431,-1.59422112,-0.0102363126,-0.0041481615,0.00594762713,-0.966381431,1,0.00122667779,0.105603896,-0.00340577937,0.223075092,-1.5854969,0,0,0,0,0.414117187,NaN,0.0128459232,4.59351778,right_hand,1,0.294779807,left_foot,0.0490863435,1,-0.0407308899,-0.625293076,SADDLE_ERROR
18.3,0.0156129636,0.15371424,-1.59396386,-0.0118411118,-0.00621497398,0.00521450536,-0.966124177,1,0.00216736598,0.105454743,-0.00340577937,0.223075092,-1.5854969,0,0,0,0,0.413876593,NaN,0.0128600523,4.63438368,right_hand,1,0.289243639,left_foot,0.0492704101,1,-0.0419256091,-0.625265062,SADDLE_ERROR
18.34,0.0151066817,0.153564498,-1.59375679,-0.0115702981,-0.00808316842,0.00348015781,-0.96591711,1,0.0013070791,0.105240881,-0.00340577937,0.223075092,-1.5854969,0,0,0,0,0.413720429,NaN,0.0129027609,4.63316584,right_hand,1,0.283986837,left_foot,0.0492586121,1,-0.043182563,-0.625235677,SADDLE_ERROR
18.38,0.0146565977,0.153355256,-1.5936352,-0.00918671396,-0.0092843743,0.00100247469,-0.965795517,1,0.00109760545,0.104997791,-0.00340577937,0.223075092,-1.5854969,0,0,0,0,0.413674623,NaN,0.0129355853,4.6021781,right_hand,1,0.279912055,left_foot,0.0490420759,1,-0.0442600325,-0.625210345,SADDLE_ERROR
18.42,0.014338227,0.153111517,-1.59362423,-0.00501123536,-0.00981576089,-0.00190310413,-0.96578455,1,0.00122920249,0.104753107,-0.00340577937,0.223075092,-1.5854969,0,0,0,0,0.413755655,NaN,0.012932756,4.54715919,right_hand,1,0.277665108,left_foot,0.0486851968,1,-0.0450063311,-0.62519294,SADDLE_ERROR
18.46,0.0142291142,0.152963057,-1.59372067,0.000335764867,-0.00745502533,-0.00395448878,-0.96588099,1,0.0014293975,0.104674302,-0.00340577937,0.223075092,-1.5854969,0,0,0,0,0.413898617,NaN,0.0129241841,4.49282074,right_hand,1,0.277830631,left_foot,0.0480324998,1,-0.0441797413,-0.625212252,SADDLE_ERROR
18.5,0.0143186953,0.152842909,-1.59386241,0.00376660586,-0.00747371092,-0.00449355366,-0.96602273,1,0.00107744592,0.104616083,-0.00340577937,0.223075092,-1.5854969,0,0,0,0,0.414098799,NaN,0.0129230209,4.4645648,right_hand,1,0.27954489,left_foot,0.0470517874,1,-0.0439405479,-0.625217855,SADDLE_ERROR
18.54,0.0145011088,0.152719006,-1.59401405,0.00523161283,-0.00690659508,-0.0057116095,-0.966174364,1,0.000895562756,0.10454727,-0.00340577937,0.223075092,-1.5854969,0,0,0,0,0.414328754,NaN,0.0129137048,4.43046856,right_hand,1,0.281636298,left_foot,0.0461963713,1,-0.0438090377,-0.625220954,SADDLE_ERROR
18.58,0.0147472341,0.152659908,-1.59424603,0.00798445195,-0.00426444039,-0.00748788333,-0.966406345,1,0.00154612213,0.104542501,-0.00340577937,0.223075092,-1.5854969,0,0,0,0,0.414578736,NaN,0.0128727863,4.40056372,right_hand,1,0.285214424,left_foot,0.0465233624,1,-0.0436950438,-0.625223637,SADDLE_ERROR
18.62,0.0151026007,0.152678743,-1.5945214,0.0106611149,-0.00207070401,-0.00790729653,-0.966681719,1,0.00159274146,0.104606949,-0.00340577937,0.223075092,-1.5854969,0,0,0,0,0.414841294,NaN,0.0128789563,4.41516829,right_hand,1,0.290163249,left_foot,0.0466867425,1,-0.0431231745,-0.625236988,SADDLE_ERROR
18.66,0.0155336745,0.152784184,-1.59478378,0.0119268261,-0.000180044226,-0.00695667183,-0.966944098,1,0.00175681408,0.104747675,-0.00340577937,0.223075092,-1.5854969,0,0,0,0,0.415068716,NaN,0.0129924566,4.46920776,right_hand,1,0.295134664,left_foot,0.0465659499,1,-0.0418315008,-0.625267327,SADDLE_ERROR
18.7,0.0159741063,0.152949378,-1.59498107,0.0115749594,0.000573426019,-0.00479705073,-0.96714139,1,0.00251637842,0.104932211,-0.00340577937,0.223075092,-1.5854969,0,0,0,0,0.415216893,NaN,0.0131819267,4.51244497,right_hand,1,0.299378097,left_foot,0.0465393811,1,-0.040685229,-0.625294149,SADDLE_ERROR
18.74,0.0163618568,0.15312922,-1.59507763,0.0097921649,0.000877327519,-0.00195619999,-0.967237949,1,0.00230447273,0.105132177,-0.00340577937,0.223075092,-1.5854969,0,0,0,0,0.4152565,NaN,0.0133524537,4.5215044,right_hand,1,0.302491039,left_foot,0.0468128026,1,-0.0397802778,-0.625315368,SADDLE_ERROR
18.78,0.0166484676,0.153319374,-1.59505725,0.0066778413,0.000931872404,0.00105912343,-0.967217565,1,0.00200564717,0.10534364,-0.00340577937,0.223075092,-1.5854969,0,0,0,0,0.415163219,NaN,0.0133947758,4.49486113,right_hand,1,0.304235101,left_foot,0.0473657697,1,-0.0389951393,-0.625333726,SADDLE_ERROR
18.82,0.0167791303,0.153505474,-1.59492981,0.00125163991,0.000576128368,0.00293236179,-0.96709013,1,0.00181770406,0.105539896,-0.00340577937,0.223075092,-1.5854969,0,0,0,0,0.414954484,NaN,0.0132737802,4.45529175,right_hand,1,0.30441463,left_foot,0.0480027311,1,-0.0384775512,-0.625345826,SADDLE_ERROR
18.86,0.0167042036,0.153646842,-1.59474957,-0.00321338908,-0.00107199152,0.00388627104,-0.966909885,1,0.00164065475,0.105651081,-0.00340577937,0.223075092,-1.5854969,0,0,0,0,0.414709002,NaN,0.0130582852,4.44794321,right_hand,1,0.30306226,left_foot,0.0483461954,1,-0.0388685912,-0.625336647,SADDLE_ERROR
18.9,0.0164776742,0.153722465,-1.59453487,-0.00643421244,-0.00236991281,0.00490140216,-0.966695189,1,0.00150535221,0.105648942,-0.00340577937,0.223075092,-1.5854969,0,0,0,0,0.41446051,NaN,0.0128827309,4.50597191,right_hand,1,0.300127,left_foot,0.0486250259,1,-0.0397910289,-0.62531513,SADDLE_ERROR
18.94,0.0161300134,0.153747872,-1.59429228,-0.00921543874,-0.003702841,0.00540278573,-0.966452599,1,0.00133913488,0.10558372,-0.00340577937,0.223075092,-1.5854969,0,0,0,0,0.414203286,NaN,0.0128353378,4.59164953,right_hand,1,0.295763642,left_foot,0.0489006899,1,-0.0406389944,-0.625295222,SADDLE_ERROR
18.98,0.0156877227,0.153700978,-1.59404814,-0.011048981,-0.00567727443,0.00506712589,-0.966208458,1,0.00114279811,0.105452597,-0.00340577937,0.223075092,-1.5854969,0,0,0,0,0.413970619,NaN,0.0128831696,4.64298868,right_hand,1,0.29057458,left_foot,0.0490793437,1,-0.0417540818,-0.625269055,SADDLE_ERROR
19.02,0.01520612,0.153574124,-1.5938375,-0.011148911,-0.00758955721,0.00376301655,-0.965997815,1,0.00185094262,0.105261303,-0.00340577937,0.223075092,-1.5854969,0,0,0,0,0.413802385,NaN,0.012953016,4.64276028,right_hand,1,0.285440236,left_foot,0.0491014384,1,-0.0429606736,-0.625240803,SADDLE_ERROR
19.06,0.0147638638,0.153380558,-1.59369671,-0.00923626777,-0.00895449333,0.00161810056,-0.965857029,1,0.00110558851,0.105034202,-0.00340577937,0.223075092,-1.5854969,0,0,0,0,0.413730443,NaN,0.0129896458,4.60768795,right_hand,1,0.281251341,left_foot,0.0489638448,1,-0.0439863726,-0.625216782,SADDLE_ERROR
19.1,0.0144366585,0.15315026,-1.59365463,-0.00589720998,-0.00960502774,-0.00127847551,-0.965814948,1,0.0012246368,0.104805134,-0.00340577937,0.223075092,-1.5854969,0,0,0,0,0.413772315,NaN,0.0129751172,4.54698372,right_hand,1,0.278691381,left_foot,0.0486970432,1,-0.0447639748,-0.625198603,SADDLE_ERROR
19.14,0.0142665412,0.152969539,-1.59373212,-0.00153331528,-0.00770692714,-0.00367798959,-0.965892434,1,0.00152255187,0.104676895,-0.00340577937,0.223075092,-1.5854969,0,0,0,0,0.413910419,NaN,0.0129247662,4.49396467,right_hand,1,0.278365761,left_foot,0.0481523983,1,-0.0444667637,-0.625205517,SADDLE_ERROR
19.18,0.0143611087,0.152855992,-1.59387779,0.00687771151,-0.00721435715,-0.00538446335,-0.966038108,1,0.00118426525,0.104624957,-0.00340577937,0.223075092,-1.5854969,0,0,0,0,0.414106995,NaN,0.0129035208,4.46159983,right_hand,1,0.27992925,left_foot,0.0471342131,1,-0.0440047085,-0.625216305,SADDLE_ERROR
19.22,0.0146574164,0.152769879,-1.59409058,0.00910022203,-0.0041595106,-0.00731214415,-0.966250896,1,0.00288923387,0.104589447,-0.00340577937,0.223075092,-1.5854969,0,0,0,0,0.414380997,NaN,0.012968854,4.46844769,right_hand,1,0.28216961,left_foot,0.0470574535,1,-0.043534968,-0.625227332,SADDLE_ERROR
19.26,0.0150194503,0.152788952,-1.59437311,0.0105674434,-0.00294888462,-0.00827377941,-0.966533422,1,0.00155953271,0.104679503,-0.00340577937,0.223075092,-1.5854969,0,0,0,0,0.414645612,NaN,0.0130562689,4.43969011,right_hand,1,0.286852986,left_foot,0.0471924543,1,-0.0428030789,-0.625244558,SADDLE_ERROR
19.3,0.0154350018,0.152833343,-1.59465981,0.0115732104,-0.00203547324,-0.00778369186,-0.966820121,1,0.00158347772,0.104781576,-0.00340577937,0.223075092,-1.5854969,0,0,0,0,0.414920032,NaN,0.0131068155,4.4247942,right_hand,1,0.292576283,left_foot,0.0469611399,1,-0.0419831984,-0.625263691,SADDLE_ERROR
19.34,0.0158756562,0.152931571,-1.5948987,0.011869614,-0.000797885412,-0.00605827477,-0.967059016,1,0.00231998763,0.104922332,-0.00340577937,0.223075092,-1.5854969,0,0,0,0,0.415133208,NaN,0.0131429834,4.42437601,right_hand,1,0.298038691,left_foot,0.0467708074,1,-0.0409340337,-0.625288308,SADDLE_ERROR
19.38,0.0162984394,0.153077438,-1.59505129,0.0109471083,0.000534174207,-0.00349673023,-0.967211604,1,0.00235652272,0.105100684,-0.00340577937,0.223075092,-1.5854969,0,0,0,0,0.415241361,NaN,0.0131771108,4.44959211,right_hand,1,0.302324265,left_foot,0.0468573049,1,-0.0399833433,-0.62531054,SADDLE_ERROR
19.42,0.0166462343,0.153277159,-1.59509122,0.00844258163,0.00154813996,-0.000383903593,-0.967251539,1,0.00224762294,0.105317242,-0.00340577937,0.223075092,-1.5854969,0,0,0,0,0.415209323,NaN,0.0132085169,4.47283792,right_hand,1,0.304896146,left_foot,0.0472381748,1,-0.0389720835,-0.625334263,SADDLE_ERROR
19.46,0.0168530885,0.153502196,-1.59500885,0.00378178689,0.00165351224,0.00252307905,-0.967169166,1,0.00203213352,0.10553623,-0.00340577937,0.223075092,-1.5854969,0,0,0,0,0.415038794,NaN,0.0132077867,4.49268246,right_hand,1,0.305511951,left_foot,0.0478292555,1,-0.0382742509,-0.625350595,SADDLE_ERROR
19.5,0.0168391392,0.153700963,-1.59483457,-0.00254013087,0.00021801384,0.00389107596,-0.966994882,1,0.00179532298,0.105700128,-0.00340577937,0.223075092,-1.5854969,0,0,0,0,0.414780915,NaN,0.0131501164,4.51066875,right_hand,1,0.304267317,left_foot,0.0482748523,1,-0.0382792167,-0.625350475,SADDLE_ERROR
19.54,0.016620459,0.153801188,-1.5946064,-0.00652966555,-0.00225835154,0.0054654805,-0.966766715,1,0.00146653666,0.105723284,-0.00340577937,0.223075092,-1.5854969,0,0,0,0,0.414511353,NaN,0.0130545562,4.54142427,right_hand,1,0.301359028,left_foot,0.0485604145,1,-0.039317064,-0.625326216,SADDLE_ERROR
19.58,0.0162583832,0.153819636,-1.59433138,-0.00972304214,-0.00398967788,0.00635466306,-0.966491699,1,0.00119236647,0.105657056,-0.00340577937,0.223075092,-1.5854969,0,0,0,0,0.414221972,NaN,0.0129798818,4.59006596,right_hand,1,0.29688713,left_foot,0.0489239767,1,-0.0403471589,-0.625302017,SADDLE_ERROR
19.62,0.0157907158,0.153761819,-1.59404612,-0.0117658516,-0.00597033091,0.00608885894,-0.966206431,1,0.000978785101,0.105525151,-0.00340577937,0.223075092,-1.5854969,0,0,0,0,0.413946509,NaN,0.0129340058,4.61392593,right_hand,1,0.291400135,left_foot,0.0492281578,1,-0.0415000506,-0.625274956,SADDLE_ERROR
19.66,0.0152751068,0.153627068,-1.59379792,-0.0121353948,-0.00783221703,0.00461466983,-0.965958238,1,0.00172125094,0.10533046,-0.00340577937,0.223075092,-1.5854969,0,0,0,0,0.413737833,NaN,0.0128989574,4.61308956,right_hand,1,0.285783201,left_foot,0.0493556485,1,-0.0427500121,-0.62524575,SADDLE_ERROR
19.7,0.0147854099,0.153430805,-1.59363043,-0.0105604064,-0.00899223145,0.00217468059,-0.965790749,1,0.00112314953,0.105093531,-0.00340577937,0.223075092,-1.5854969,0,0,0,0,0.413636953,NaN,0.0128726698,4.59418011,right_hand,1,0.280990362,left_foot,0.049255345,1,-0.0439214855,-0.625218332,SADDLE_ERROR
19.74,0.0143998321,0.153200299,-1.59357297,-0.00739079667,-0.00963052269,-0.000987189822,-0.96573329,1,0.00113365939,0.104846328,-0.00340577937,0.223075092,-1.5854969,0,0,0,0,0.413664609,NaN,0.0128596257,4.56276464,right_hand,1,0.277829051,left_foot,0.0489375293,1,-0.0448187888,-0.625197232,SADDLE_ERROR
19.78,0.0141870724,0.1530139,-1.59363854,-0.0014480002,-0.00749336695,-0.00365011813,-0.965798855,1,0.00162832439,0.104695641,-0.00340577937,0.223075092,-1.5854969,0,0,0,0,0.413794696,NaN,0.0128616327,4.52543211,right_hand,1,0.276956916,left_foot,0.0484440885,1,-0.0446679778,-0.625200927,SADDLE_ERROR
19.82,0.0142117562,0.152904466,-1.59377885,0.0024850124,-0.00733725587,-0.0045977328,-0.965939164,1,0.00126537483,0.104645357,-0.00340577937,0.223075092,-1.5854969,0,0,0,0,0.413980305,NaN,0.0129042072,4.49718809,right_hand,1,0.278293192,left_foot,0.0474329554,1,-0.0440838039,-0.625214517,SADDLE_ERROR
19.86,0.0143692801,0.152781725,-1.59393013,0.00505124824,-0.00748208398,-0.0047203633,-0.966090441,1,0.000859382562,0.10457366,-0.00340577937,0.223075092,-1.5854969,0,0,0,0,0.414207518,NaN,0.0129576717,4.46482277,right_hand,1,0.280309349,left_foot,0.0464352779,1,-0.0439467952,-0.625217736,SADDLE_ERROR
19.9,0.0145893684,0.152682215,-1.59411693,0.00681696692,-0.00516948896,-0.00687383488,-0.966277242,1,0.00239757216,0.10453321,-0.00340577937,0.223075092,-1.5854969,0,0,0,0,0.414449155,NaN,0.012954413,4.41990185,right_hand,1,0.283007085,left_foot,0.0461328253,1,-0.0436995327,-0.625223458,SADDLE_ERROR
19.94,0.0149086202,0.152660951,-1.59437692,0.0100661963,-0.00323190913,-0.00780162076,-0.966537237,1,0.0014874012,0.104576036,-0.00340577937,0.223075092,-1.5854969,0,0,0,0,0.414704949,NaN,0.0129157631,4.39523363,right_hand,1,0.287548661,left_foot,0.0466675647,1,-0.0435274728,-0.625227571,SADDLE_ERROR
19.98,0.0153298182,0.152729034,-1.59465075,0.0119449431,-0.000938609417,-0.00756577076,-0.966811061,1,0.00167649228,0.104691572,-0.00340577937,0.223075092,-1.5854969,0,0,0,0,0.414949059,NaN,0.0129461782,4.42951918,right_hand,1,0.292744666,left_foot,0.0466860794,1,-0.0422576368,-0.625257254,SADDLE_ERROR
