t,com_x,com_y,com_z,com_vx,com_vy,com_vz,support_margin_m,both_feet,max_slip_mps,pelvis_y,bar_x,bar_y,bar_z,bar_vx,bar_vy,bar_vz,bar_w,saddle_sep_m,saddle_occ,anchor_sep_m,max_demand,max_demand_joint,max_limit_prox,max_nominal_err_rad,max_nominal_err_joint,max_applied_err_rad,cop_available,cop_x,cop_z,failure
0.01,-5.21559002E-07,1.13337803,-0.0539052114,-0.000109057153,-0.0458475314,0.00226322562,0.100813828,1,0.000168902538,0.981603205,-6.67663699E-07,1.4142319,-0.14142099,-1.13835595E-05,0.0208045803,0.104759447,0.318507403,0.000362627878,0.0233644936,0.000216692453,8.8142395,right_upper_arm,0.0626119971,0.00151816558,thorax,0.00488646748,1,0.00206621829,-0.0878054872,NONE
0.03,-4.23512529E-06,1.13156152,-0.0537766628,-0.000243254093,-0.103625767,0.0101602348,0.100942373,1,0.000260532339,0.981573999,-4.1292933E-06,1.41456127,-0.139308125,-8.20141868E-05,0.00876922905,0.0990132242,0.126152724,0.000402366219,0.0334110074,0.000449210347,7.86667061,right_upper_arm,0.180968404,0.00255987979,thorax,0.00383242639,1,0.000831595506,-0.0795319825,NONE
0.05,-9.05689649E-06,1.12958026,-0.0534682125,-0.000228470031,-0.0932074413,0.0176421385,0.101250827,1,0.000103744853,0.981519639,-9.66713014E-06,1.41445327,-0.137674943,-0.000179074341,-0.0110143684,0.0739017054,0.0302082431,0.000430067361,0.0356130265,0.000338869868,6.61011982,right_upper_arm,0.284026384,0.00222042087,right_foot,0.00576757314,1,-4.25268045E-05,-0.0625877529,NONE
0.07,-1.31575043E-05,1.12797177,-0.0530996621,-0.000194349326,-0.0728240237,0.0171190817,0.101619378,1,0.00014144642,0.981469095,-1.51569475E-05,1.41412866,-0.13648729,-0.00019298245,-0.016558364,0.053852655,0.0819939077,0.00046399128,0.0383133218,0.000127981839,5.31697083,right_upper_arm,0.372545838,0.00316315563,right_foot,0.010844673,1,-0.000163759469,-0.0397294536,NONE
0.09,-1.63196601E-05,1.12673235,-0.0528234281,-0.000136717223,-0.0561158918,0.0109390877,0.101895615,1,6.40391227E-05,0.981421113,-1.94664153E-05,1.41381776,-0.135656789,-0.000154981011,-0.0129795484,0.0367299505,0.0648277104,0.000488007674,0.040348582,0.000332624128,4.12894154,right_upper_arm,0.44784984,0.00401968788,right_foot,0.0129385917,1,-0.000294419937,-0.0270712785,NONE
0.11,-1.8094308E-05,1.12576735,-0.0526926741,-5.82277753E-05,-0.0442899764,0.00395694049,0.102026366,1,9.33972024E-06,0.981379151,-2.20787788E-05,1.41361952,-0.135161325,-8.26994074E-05,-0.00682576746,0.0197859034,0.0310831442,0.00049837539,0.0412382074,0.000352086499,3.11201763,right_upper_arm,0.511390746,0.00478258356,right_foot,0.012364246,1,-0.000431453373,-0.0285845771,NONE
0.13,-1.82168151E-05,1.12498879,-0.0526828431,2.54281495E-05,-0.0362616666,-0.00110457849,0.102036193,1,3.87924119E-05,0.981348157,-2.27914588E-05,1.41352785,-0.13500087,1.23735663E-06,-0.00233531743,0.00302218553,0.00975918956,0.000497754954,0.0412112512,0.000247184595,2.28925776,right_upper_arm,0.564624012,0.0053545991,left_foot,0.0107159317,1,-0.000455597299,-0.0378370881,NONE
0.15,-1.68151055E-05,1.12434077,-0.0527435616,9.50463291E-05,-0.0303928554,-0.00368000381,0.101975478,1,4.10207576E-05,0.981329918,-2.17982033E-05,1.41349316,-0.135151789,7.78231188E-05,-0.000523328781,-0.0118894316,0.00566541869,0.000492516905,0.0408263914,0.000132555579,1.71115601,left_upper_arm,0.608959854,0.00568679301,left_foot,0.00910614897,1,-0.000409758999,-0.0482719056,NONE
0.17,-1.43425978E-05,1.12379646,-0.0528290682,0.000135811919,-0.0254114568,-0.00424978044,0.101889968,1,3.09383759E-05,0.981322885,-1.95875273E-05,1.41347086,-0.13555412,0.00012565784,-0.000590056181,-0.0231975988,0.0120556997,0.000487587793,0.0404920876,0.000122469733,1.78661263,left_upper_arm,0.645718575,0.00579565065,left_foot,0.00796973146,1,-0.000228962701,-0.056459073,NONE
0.19,-1.14634904E-05,1.123348,-0.0529081225,0.000143093333,-0.0206620954,-0.00354615762,0.101810917,1,2.02713782E-05,0.981324494,-1.67982107E-05,1.41343856,-0.13612318,0.000143163648,-0.00134461001,-0.0300280321,0.0209641736,0.000485325028,0.0403767377,0.000106109961,1.77302444,left_upper_arm,0.67609638,0.00573036168,right_foot,0.00763425091,1,-6.53672396E-05,-0.0615802333,NONE
0.21,-8.81897176E-06,1.1229918,-0.0529636256,0.000120448043,-0.0161254033,-0.00220935559,0.10175541,1,1.15659541E-05,0.981331885,-1.40564971E-05,1.4133935,-0.136770591,0.000129714186,-0.00200753659,-0.0325595886,0.0271805208,0.000485158293,0.0404096916,8.70122312E-05,1.68932259,left_upper_arm,0.701145053,0.00554358028,right_foot,0.00755670806,1,9.91077832E-05,-0.0640642121,NONE
0.23,-6.90781781E-06,1.12272263,-0.0529889949,7.75758526E-05,-0.0119280405,-0.00068069034,0.101730049,1,4.75835031E-06,0.98134315,-1.18917069E-05,1.41334271,-0.137421787,9.67520609E-05,-0.00218654051,-0.0317137428,0.0289541185,0.000486748904,0.0405605175,8.28512711E-05,1.55889976,left_upper_arm,0.721769512,0.00528059481,right_foot,0.0074848244,1,0.000184536853,-0.0646848157,NONE
0.25,-5.9672825E-06,1.12252939,-0.0529840104,2.79524229E-05,-0.00837033708,0.000785959302,0.101735026,1,3.1962154E-06,0.98135674,-1.05698055E-05,1.41329551,-0.138024226,5.19616442E-05,-0.001940988,-0.0286385529,0.0265570488,0.000488531194,0.04071014,7.91072744E-05,1.403754,left_upper_arm,0.738736331,0.00497555034,right_foot,0.00741185574,1,0.000228243254,-0.0641548261,NONE
0.27,-5.98449651E-06,1.12239945,-0.0529515967,-1.71174233E-05,-0.00547998678,0.00208414183,0.101767443,1,5.17668968E-06,0.981371343,-1.01551959E-05,1.41325891,-0.138547629,7.11423945E-06,-0.00136467442,-0.0243966151,0.0215216316,0.000490132545,0.0408392064,7.03255937E-05,1.24116731,left_upper_arm,0.75268656,0.0046539898,right_foot,0.0076346728,1,0.00022919949,-0.0629971698,NONE
0.29,-6.74244075E-06,1.12231815,-0.052895695,-4.74222143E-05,-0.00328687811,0.00317879603,0.101823345,1,6.22104653E-06,0.981386542,-1.04592355E-05,1.41323662,-0.138979465,-2.36530723E-05,-0.000669129193,-0.0197726581,0.0153092621,0.000491245242,0.040928334,5.97489488E-05,1.08294845,left_upper_arm,0.764152884,0.00433147,right_foot,0.00794692617,1,0.000166659709,-0.0615040474,NONE
0.31,-7.89567639E-06,1.12227321,-0.0528204776,-6.0098424E-05,-0.00168798247,0.00406820793,0.101898566,1,6.62779894E-06,0.981401563,-1.12210091E-05,1.41322911,-0.139319286,-3.86424908E-05,8.9481473E-06,-0.0152810803,0.00915918406,0.000491733605,0.0409678407,4.91551073E-05,0.93610543,right_upper_arm,0.773575544,0.00401901128,right_foot,0.0082815066,1,6.71980306E-05,-0.0598351546,NONE
0.33,-9.07997219E-06,1.1222533,-0.0527300127,-5.59644141E-05,-0.000631181407,0.00475225691,0.101989031,1,6.72194801E-06,0.981416166,-1.21118537E-05,1.413234,-0.139573961,-4.12010377E-05,0.000541675836,-0.0112224063,0.00380917871,0.000491722894,0.040967755,3.85029816E-05,0.804091096,right_upper_arm,0.781318128,0.0037231131,right_foot,0.00862791948,1,-1.05717945E-05,-0.0580599271,NONE
0.35,-1.00183206E-05,1.1222502,-0.0526283756,-3.87828404E-05,6.95782946E-05,0.00523354765,0.102090664,1,6.86803742E-06,0.981429994,-1.2833927E-05,1.41324842,-0.139754549,-2.54423339E-05,0.00093170628,-0.00775422901,0.000302626868,0.00049170095,0.0409677885,2.79352644E-05,0.68795222,right_upper_arm,0.787679613,0.00344892615,right_foot,0.00897534937,1,-8.53695747E-05,-0.0562458225,NONE
0.37,-1.05229574E-05,1.12225759,-0.0525196642,-1.66070586E-05,0.000498734938,0.00550974207,0.102199376,1,6.13974362E-06,0.981442809,-1.32566456E-05,1.41326904,-0.139873743,-9.93911362E-06,0.00116196647,-0.00493796077,0.0030990364,0.000491438084,0.0409480184,1.77927159E-05,0.587322354,right_upper_arm,0.792905688,0.00320047699,right_foot,0.00931289792,1,-9.92373534E-05,-0.0544515848,NONE
0.39,-1.05557219E-05,1.12227046,-0.0524079874,6.34982234E-06,0.000725377584,0.00558196148,0.102311052,1,5.26103122E-06,0.981454432,-1.32344994E-05,1.41329241,-0.139944643,1.05866839E-05,0.00125316158,-0.00276757032,0.00476274872,0.000491178595,0.0409282669,8.99692714E-06,0.501043022,right_upper_arm,0.79719919,0.00297937146,right_foot,0.00962521974,1,-8.84806432E-05,-0.0527423769,NONE
0.41,-1.02121448E-05,1.12228608,-0.0522973165,2.22904091E-05,0.000802603783,0.00545964856,0.102421723,1,4.91959372E-06,0.981464624,-1.2906592E-05,1.41331649,-0.13997972,2.67206742E-05,0.00122873858,-0.00119798211,0.00552299945,0.000490805251,0.0408985652,8.2689694E-06,0.427639425,right_upper_arm,0.800725996,0.00278708688,right_foot,0.009898155,1,-7.46635196E-05,-0.0511853397,NONE
0.43,-9.63418915E-06,1.12230182,-0.0521913171,3.02312164E-05,0.000787899771,0.00516341161,0.102527723,1,4.07224388E-06,0.981473386,-1.23223253E-05,1.41333902,-0.139990181,3.26603222E-05,0.00112450123,-0.000162560173,0.00558698596,0.000490675506,0.0408887081,1.55379603E-05,0.365519077,right_upper_arm,0.810866892,0.00262422021,right_foot,0.0101204598,1,-1.18507824E-05,-0.0498476438,NONE
0.45,-9.03128876E-06,1.12231684,-0.0520931594,2.84625767E-05,0.00074349693,0.00472147483,0.102625877,1,3.99965666E-06,0.981480777,-1.1723002E-05,1.41335881,-0.139985695,3.4080098E-05,0.000987928361,0.00041764928,0.00510286773,0.000490669336,0.0408887528,2.23793031E-05,0.313153088,right_upper_arm,0.823893011,0.00249010068,right_foot,0.0102851773,1,-2.39651808E-06,-0.0487806462,NONE
0.47,-8.55214876E-06,1.12233019,-0.0520053282,2.04086264E-05,0.000633382471,0.0041670627,0.102713712,1,4.60738511E-06,0.981486619,-1.11822001E-05,1.41337538,-0.139974207,2.94333804E-05,0.000809744,0.000642320607,0.00439064763,0.000490547216,0.0408788435,2.79128326E-05,0.269124985,right_upper_arm,0.834970117,0.0023825746,right_foot,0.0103887981,1,1.66970858E-05,-0.047990825,NONE
0.49,-8.29141663E-06,1.12234163,-0.0519295894,8.15901058E-06,0.000538430701,0.00354026048,0.102789447,1,3.54023928E-06,0.981491089,-1.08465156E-05,1.41338837,-0.139961779,1.66894315E-05,0.000629130751,0.000590212003,0.003446738,0.000490665494,0.0408887863,3.14537101E-05,0.232178926,right_upper_arm,0.844356298,0.00230045663,right_foot,0.010433415,1,4.3852393E-05,-0.0474984832,NONE
0.51,-8.29632336E-06,1.12235117,-0.0518669114,-4.81662573E-06,0.000429187785,0.00287837209,0.102852128,1,3.60183935E-06,0.981494427,-1.07685328E-05,1.41339791,-0.139952868,4.78021502E-06,0.000441137701,0.000349659094,0.00244946918,0.000490546343,0.040878851,3.30874791E-05,0.20123522,right_upper_arm,0.852284968,0.00224017235,right_foot,0.0104242247,1,3.7904585E-05,-0.0472739674,NONE
0.53,-8.51762707E-06,1.12235868,-0.0518175662,-1.40592783E-05,0.000337793812,0.0022168993,0.102901474,1,3.22852861E-06,0.981496751,-1.0864158E-05,1.41340399,-0.139950365,-4.91830497E-06,0.000281039625,-1.04753053E-05,0.00143590022,0.000490546692,0.0408788472,3.29346294E-05,0.175338924,right_upper_arm,0.858965456,0.00219908776,right_foot,0.0103694052,1,3.72030809E-05,-0.0472991019,NONE
0.55,-8.87379065E-06,1.1223644,-0.0517811626,-1.94568256E-05,0.000263754977,0.00158427597,0.102937877,1,2.62479716E-06,0.981498122,-1.1133402E-05,1.41340709,-0.139955804,-1.31090637E-05,0.000136841089,-0.000422945828,0.000490997103,0.000490666192,0.0408887826,3.13413511E-05,0.16730988,thorax,0.864581943,0.00217418326,right_foot,0.0102787567,1,1.81466967E-05,-0.0475197881,NONE
0.57,-9.27775181E-06,1.12236857,-0.0517568327,-1.96574092E-05,0.000192183477,0.00100300857,0.102962211,1,2.58525802E-06,0.981498718,-1.14508994E-05,1.41340744,-0.139969602,-1.29668979E-05,4.33623791E-06,-0.000841105008,0.000385610911,0.000490547041,0.0408788472,2.85423994E-05,0.167345807,thorax,0.869294882,0.00216188328,right_foot,0.0101613654,1,-1.86661837E-05,-0.0479005799,NONE
0.59,-9.62171362E-06,1.12237155,-0.0517433062,-1.48975942E-05,0.000137322655,0.000491123821,0.102975734,1,2.40385043E-06,0.981498718,-1.1721123E-05,1.41340542,-0.139991388,-8.16988359E-06,-9.38214362E-05,-0.0012278877,0.00112885772,0.00049078546,0.0408987142,2.49589484E-05,0.167500526,thorax,0.873244166,0.00215957849,right_foot,0.0100268228,1,-3.47297428E-05,-0.0483869202,NONE
0.61,-9.82769052E-06,1.12237334,-0.0517390631,-6.9526368E-06,7.22088371E-05,5.69240801E-05,0.102979973,1,1.83023462E-06,0.981498301,-1.18640901E-05,1.4134016,-0.140020147,-2.24927612E-06,-0.000187650323,-0.00155204651,0.00168500468,0.000490666018,0.0408887863,2.10994003E-05,0.167658016,thorax,0.876548827,0.00216451637,right_foot,0.00988439843,1,-4.74578374E-05,-0.0489401072,NONE
0.63,-9.8787832E-06,1.12237406,-0.051742442,2.71557099E-07,4.45997139E-05,-0.000292781478,0.102976598,1,1.3255891E-06,0.981497526,-1.19216629E-05,1.41339636,-0.140054509,3.15971579E-06,-0.000249229372,-0.00180305948,0.00214880216,0.000490784994,0.0408987217,1.6918706E-05,0.167959183,thorax,0.879311144,0.00217487384,right_foot,0.00974146649,1,-6.52192903E-05,-0.0495234616,NONE
0.65,-9.77765558E-06,1.12237465,-0.0517517738,7.66775247E-06,1.31856877E-05,-0.000558932952,0.102967262,1,2.07042922E-06,0.981496692,-1.17808067E-05,1.4133904,-0.14009288,1.22002048E-05,-0.000281095505,-0.00196966808,0.00241027097,0.00049078482,0.0408987254,1.31926581E-05,0.168177933,thorax,0.881617725,0.00218773237,right_foot,0.00960427336,1,-5.04545569E-05,-0.0500996187,NONE
0.67,-9.55610813E-06,1.12237465,-0.0517654307,1.28391448E-05,3.73423131E-06,-0.000745369354,0.102953613,1,1.77090294E-06,0.981495619,-1.15361436E-05,1.41338384,-0.140133515,1.81334672E-05,-0.000295806676,-0.00205398002,0.00255751656,0.000491023122,0.0409185886,9.8625369E-06,0.168480247,thorax,0.883542538,0.00220224028,right_foot,0.00947812945,1,-4.83268523E-05,-0.0506559722,NONE
0.69,-9.2712562E-06,1.1223743,-0.0517818891,1.45464282E-05,1.25218412E-05,-0.000857954088,0.102937147,1,1.52785083E-06,0.981494665,-1.1244374E-05,1.41337717,-0.140174806,1.90002083E-05,-0.00028892979,-0.00205905153,0.00261126249,0.000490903854,0.0409086533,7.48836737E-06,0.16879496,thorax,0.885147691,0.00221700734,right_foot,0.00936651323,1,-3.33104836E-05,-0.0511584245,NONE
0.71,-8.98288454E-06,1.1223737,-0.0517997779,1.35744876E-05,-2.57226584E-05,-0.0009088277,0.102919266,1,1.72055206E-06,0.981493652,-1.09302364E-05,1.41337037,-0.140215293,1.75472469E-05,-0.000293791294,-0.00199167174,0.00249339384,0.000491023122,0.0409185849,6.89268927E-06,0.168927178,thorax,0.8864851,0.00223002816,right_foot,0.00927108433,1,1.84498697E-06,-0.0515930094,NONE
0.73,-8.75402748E-06,1.12237334,-0.0518179536,9.61242495E-06,3.76522939E-06,-0.00090278819,0.102901086,1,1.72849616E-06,0.981492817,-1.07014794E-05,1.41336453,-0.140253738,1.32575533E-05,-0.00024824217,-0.00186884811,0.00232348382,0.00049102318,0.0409185775,7.48775938E-06,0.169195488,thorax,0.887599647,0.00224213419,right_foot,0.00919329189,1,1.37915904E-05,-0.0519634411,NONE
0.75,-8.61657099E-06,1.12237275,-0.0518354662,5.01522982E-06,-1.11495265E-05,-0.000855179387,0.102883577,1,2.41459497E-06,0.981492102,-1.05387171E-05,1.41335893,-0.140289083,8.84436668E-06,-0.00021822378,-0.00169736007,0.00205522892,0.000491142506,0.0409285091,8.59347529E-06,0.169259548,thorax,0.888527274,0.00225144462,right_foot,0.00913384836,1,1.11490926E-05,-0.0522580519,NONE
0.77,-8.57838222E-06,1.12237239,-0.0518515818,-2.75371207E-07,1.5291871E-06,-0.000773763342,0.102867454,1,2.29258853E-06,0.981491506,-1.05051267E-05,1.41335416,-0.140320584,1.52982625E-06,-0.000183288008,-0.00149332325,0.00176601647,0.000491142564,0.0409285016,9.80001732E-06,0.169413567,thorax,0.88929975,0.00225869589,right_foot,0.00909120403,1,2.02389874E-05,-0.0524776615,NONE
0.79,-8.62728939E-06,1.12237191,-0.0518657491,-3.77692891E-06,-3.52089137E-06,-0.000670304929,0.102853291,1,2.42196415E-06,0.981491089,-1.05398576E-05,1.41335022,-0.140347749,-2.78844027E-06,-0.000146802515,-0.00127003842,0.00143674912,0.000491023413,0.0409185626,1.06000871E-05,0.169435486,thorax,0.889943004,0.00226310547,right_foot,0.00906441454,1,3.18507846E-05,-0.0526217371,NONE
0.81,-8.73226145E-06,1.12237179,-0.0518776663,-6.05715331E-06,1.94999557E-05,-0.000552490936,0.102841377,1,3.01812588E-06,0.981490791,-1.0661789E-05,1.41334724,-0.140370384,-3.7237096E-06,-9.17576253E-05,-0.00104058848,0.00111805613,0.00049114268,0.0409284942,1.10897981E-05,0.169482306,thorax,0.890478313,0.00226537301,right_foot,0.00905172899,1,8.28350221E-06,-0.0527163297,NONE
0.83,-8.8645711E-06,1.12237191,-0.0518871397,-6.68969005E-06,1.37758061E-05,-0.000430585467,0.1028319,1,3.33853836E-06,0.981490731,-1.08226586E-05,1.41334498,-0.14038837,-5.53300788E-06,-5.96381724E-05,-0.000810539059,0.000783306547,0.000491023529,0.0409185588,1.12163607E-05,0.169436455,thorax,0.890923738,0.00226526894,right_foot,0.0090510929,1,-8.50233937E-06,-0.052741725,NONE
0.85,-8.9870191E-06,1.12237191,-0.0518941842,-5.61142588E-06,2.39747733E-05,-0.000309820374,0.102824852,1,3.1535028E-06,0.981490672,-1.09842877E-05,1.41334343,-0.14040193,-4.9573182E-06,-2.23331153E-05,-0.000593328965,0.000495094515,0.00049114268,0.0409284942,1.11818617E-05,0.169429779,thorax,0.891294718,0.00226346985,right_foot,0.00905992649,1,-1.39619096E-05,-0.0527216159,NONE
0.87,-9.08914808E-06,1.12237215,-0.0518988855,-4.57595752E-06,2.32277525E-05,-0.000196563415,0.102820158,1,3.33600883E-06,0.98149085,-1.11659174E-05,1.4133426,-0.140411347,-6.41050838E-06,5.85615635E-06,-0.000393326976,0.000221646551,0.000491142622,0.0409284942,1.08343302E-05,0.16934295,thorax,0.891603589,0.0022601895,right_foot,0.0090763364,1,-1.12445123E-05,-0.0526662208,NONE
0.89,-9.14754037E-06,1.12237251,-0.051901456,-2.19216781E-06,3.78731966E-05,-9.39581587E-05,0.10281758,1,2.82852147E-06,0.981491089,-1.12862135E-05,1.41334236,-0.140417069,-3.62800029E-06,3.64929438E-05,-0.000217303954,3.8979153E-05,0.000491142564,0.0409284942,1.03960801E-05,0.169316381,thorax,0.891860902,0.00225580344,right_foot,0.00909786858,1,1.98875523E-06,-0.0525859781,NONE
0.91,-9.1804759E-06,1.12237287,-0.051902134,-1.23998109E-06,2.71826193E-05,-5.99551731E-06,0.10281691,1,3.4812449E-06,0.981491208,-1.14270506E-05,1.4133426,-0.140419602,-2.75436423E-06,5.60544431E-05,-6.75107513E-05,0.000222714225,0.000491023355,0.0409185626,9.83475184E-06,0.169185638,thorax,0.892075121,0.00225042668,right_foot,0.00912258029,1,-8.89818966E-06,-0.052481886,NONE
0.93,-9.18413025E-06,1.12237334,-0.0519012474,3.67814224E-09,4.00063946E-05,6.70665831E-05,0.102817789,1,3.21714447E-06,0.981491566,-1.15120802E-05,1.41334331,-0.140419483,-1.89836942E-06,7.78883696E-05,5.58833381E-05,0.000365774962,0.000491023238,0.0409185626,9.27094425E-06,0.169111639,thorax,0.892253697,0.00224485667,right_foot,0.0091487756,1,-1.44328084E-07,-0.0523699634,NONE
0.95,-9.1898537E-06,1.12237382,-0.0518991053,-1.51816621E-07,4.73802284E-05,0.000123372927,0.102819934,1,3.70648786E-06,0.981491864,-1.16241445E-05,1.41334438,-0.140417263,5.97542112E-07,9.81502235E-05,0.000149083266,0.000474643341,0.00049102318,0.04091857,8.67420022E-06,0.169049338,thorax,0.892402589,0.00223903358,right_foot,0.00917500909,1,-3.59718615E-05,-0.0522536933,NONE
0.97,-9.19523336E-06,1.12237453,-0.0518960468,-6.06736137E-07,4.61361451E-05,0.000163386067,0.102822989,1,3.08462882E-06,0.981492221,-1.17082609E-05,1.41334558,-0.140413448,-2.11364045E-06,0.000105027109,0.000217652603,0.000554267084,0.000491142389,0.0409285016,8.23647406E-06,0.168961853,thorax,0.892526746,0.00223348569,right_foot,0.00919987354,1,2.88887486E-06,-0.0521399938,NONE
0.99,-9.22397976E-06,1.12237501,-0.0518923663,-1.76704407E-06,4.56935886E-05,0.000188508289,0.10282667,1,3.16828277E-06,0.981492519,-1.18305352E-05,1.41334701,-0.140408605,-2.8297593E-06,0.000104557723,0.000262166403,0.000590699376,0.000490903913,0.0409086384,7.85239263E-06,0.168885693,thorax,0.892630219,0.00222821394,right_foot,0.00922222529,1,7.64793811E-07,-0.0520365015,NONE
1.01,-9.27275869E-06,1.12237549,-0.051888369,-2.7606236E-06,4.26962688E-05,0.000200664508,0.102830671,1,2.98728833E-06,0.981492817,-1.19576071E-05,1.41334808,-0.140403107,-3.22981032E-06,9.53897834E-05,0.000283895031,0.000597470498,0.000490903854,0.0409086458,7.59107752E-06,0.168829843,thorax,0.892716527,0.00222342554,right_foot,0.00924166758,1,6.41576435E-06,-0.0519468561,NONE
1.03,-9.33600131E-06,1.12237585,-0.0518842526,-3.41658074E-06,4.3574335E-05,0.00020159017,0.102834791,1,3.26570535E-06,0.981493056,-1.20878485E-05,1.41334927,-0.140397474,-2.61168498E-06,0.000103589147,0.00028579752,0.0005768353,0.000491142273,0.0409285128,7.34822925E-06,0.168781921,thorax,0.89278847,0.00221921713,right_foot,0.00925785676,1,-9.97692678E-06,-0.0518647879,NONE
1.05,-9.4086854E-06,1.1223762,-0.0518802591,-3.96354881E-06,2.08889214E-05,0.000191330575,0.102838784,1,2.93015773E-06,0.981493235,-1.22271585E-05,1.41335034,-0.140391916,-5.19636615E-06,7.83093274E-05,0.000277105544,0.000566944887,0.000490903854,0.0409086458,7.19937407E-06,0.168702662,thorax,0.892848551,0.00221567019,right_foot,0.00927077699,1,-2.37546146E-06,-0.0517951734,NONE
1.07,-9.48817433E-06,1.12237632,-0.0518765524,-3.84449777E-06,1.99792157E-05,0.000175359033,0.102842487,1,3.03382853E-06,0.981493413,-1.23623422E-05,1.4133513,-0.14038676,-3.93404298E-06,7.38836825E-05,0.000253785664,0.000538655731,0.000490903854,0.0409086496,7.03932028E-06,0.168651626,thorax,0.892898679,0.00221292558,right_foot,0.00927964412,1,-1.43661566E-06,-0.0517455488,NONE
1.09,-9.55326504E-06,1.12237668,-0.0518732332,-3.1297302E-06,2.18755613E-05,0.000153743342,0.102845803,1,2.88621436E-06,0.981493533,-1.24684557E-05,1.41335225,-0.140382186,-3.40634051E-06,7.41109252E-05,0.000222622941,0.000482093164,0.000490903854,0.0409086496,7.04215472E-06,0.16864337,thorax,0.892940581,0.0022109258,right_foot,0.00928589702,1,-7.17138064E-08,-0.0517117344,NONE
1.11,-9.60992111E-06,1.1223768,-0.0518704019,-2.71129284E-06,6.41112956E-06,0.000128241838,0.102848634,1,3.52593156E-06,0.981493711,-1.2575304E-05,1.41335285,-0.140378281,-1.46814023E-06,5.93625009E-05,0.000186577803,0.00042738812,0.000490903854,0.0409086496,6.90653542E-06,0.168584093,thorax,0.892975509,0.00220934162,right_foot,0.00928884372,1,-2.63350012E-05,-0.0516884364,NONE
1.13,-9.64637275E-06,1.12237692,-0.0518681072,-1.47864205E-06,1.38764954E-05,0.000102158017,0.102850929,1,3.00209808E-06,0.981493711,-1.26335826E-05,1.4133532,-0.140375137,5.03307604E-07,5.61922789E-05,0.000147622181,0.000347720023,0.000491023064,0.0409185849,6.87863349E-06,0.168625772,thorax,0.893004417,0.0022086571,right_foot,0.00928925909,1,-1.15473395E-05,-0.0516828261,NONE
1.15,-9.65808613E-06,1.12237704,-0.0518663228,-1.31734595E-07,1.47987084E-05,7.6159864E-05,0.102852717,1,2.96593817E-06,0.981493771,-1.26611558E-05,1.41335356,-0.140372768,2.7136316E-06,5.01573086E-05,0.000110364243,0.000299018953,0.000491023064,0.0409185849,6.90159459E-06,0.168615952,thorax,0.893028677,0.00220835209,right_foot,0.00928772707,1,-1.76930625E-05,-0.0516809002,NONE
1.17,-9.64432184E-06,1.12237704,-0.0518650599,1.16521539E-06,1.52003222E-05,5.0645489E-05,0.102853984,1,2.90029789E-06,0.981493771,-1.26471687E-05,1.4133538,-0.140371144,4.67167501E-06,4.32617962E-05,7.27607548E-05,0.000239987756,0.000491023064,0.0409185849,6.91085415E-06,0.168631971,thorax,0.893048942,0.00220847875,right_foot,0.00928466395,1,-1.95874291E-05,-0.0516901091,NONE
1.19,-9.61698061E-06,1.12237692,-0.0518642776,1.00570833E-06,7.75430544E-06,2.7129332E-05,0.102854759,1,2.50471771E-06,0.981493711,-1.26487485E-05,1.41335392,-0.14037019,1.32533364E-06,3.04356217E-05,4.06263534E-05,0.000210827653,0.000490903854,0.0409086496,6.95737026E-06,0.168632269,thorax,0.893065393,0.00220915559,right_foot,0.00928029884,1,8.84622114E-06,-0.051704444,NONE
1.21,-9.59561658E-06,1.12237692,-0.0518639237,1.13276724E-06,1.15156108E-05,7.24294114E-06,0.102855116,1,3.02164153E-06,0.981493711,-1.26253699E-05,1.41335392,-0.140369877,5.67975212E-06,3.08118761E-05,9.10437211E-06,0.000153372166,0.000490903854,0.0409086496,6.97108817E-06,0.168659985,thorax,0.8930794,0.0022097805,right_foot,0.00927478168,1,-1.54013323E-05,-0.0517271981,NONE
1.23,-9.58529199E-06,1.12237704,-0.051863946,-1.45169736E-07,1.89637449E-05,-9.35457501E-06,0.102855094,1,2.85437E-06,0.981493652,-1.2635739E-05,1.4133538,-0.140370071,3.2765779E-06,2.7474016E-05,-1.36983072E-05,0.000113474016,0.000491023064,0.0409185849,7.09531196E-06,0.168698087,thorax,0.893090904,0.0022109705,right_foot,0.00926957745,1,-1.60281761E-05,-0.0517539345,NONE
1.25,-9.57218435E-06,1.12237704,-0.0518642515,7.33330182E-07,1.39151307E-05,-2.30006881E-05,0.102854788,1,2.32128309E-06,0.981493533,-1.25630486E-05,1.41335356,-0.140370697,4.55382406E-06,2.76826322E-05,-3.42594431E-05,9.60149628E-05,0.000491023064,0.0409185849,7.13142799E-06,0.168707311,thorax,0.893100441,0.00221183943,right_foot,0.00926386472,1,1.41094843E-05,-0.0517763793,NONE
1.27,-9.56302574E-06,1.12237692,-0.0518647805,4.66094264E-07,1.11613726E-05,-3.30957446E-05,0.102854259,1,2.65193898E-06,0.981493592,-1.2533942E-05,1.41335332,-0.14037165,4.61981017E-06,2.74181366E-05,-4.84888151E-05,7.8761921E-05,0.000491142273,0.0409285128,7.1367308E-06,0.168707624,thorax,0.893108308,0.00221287343,right_foot,0.00925836433,1,-9.70767087E-06,-0.0517985187,NONE
1.29,-9.54492407E-06,1.12237668,-0.0518654846,1.14176623E-06,4.77598769E-06,-4.03401391E-05,0.102853552,1,2.94416782E-06,0.981493473,-1.24672815E-05,1.41335297,-0.140372768,6.9820735E-06,1.70394778E-05,-5.60471817E-05,7.82632269E-05,0.000491023064,0.0409185849,7.17396506E-06,0.168719694,thorax,0.893114626,0.00221371418,right_foot,0.00925318524,1,-6.74494549E-06,-0.0518205613,NONE
1.31,-9.51356378E-06,1.1223768,-0.0518662743,1.4317668E-06,1.22085821E-05,-4.34922622E-05,0.102852762,1,2.82738733E-06,0.981493473,-1.23915415E-05,1.41335285,-0.140374079,6.01033344E-06,2.95564532E-05,-6.29451097E-05,7.18422161E-05,0.000491023064,0.0409185775,7.27290762E-06,0.168732598,thorax,0.893120348,0.00221484457,right_foot,0.00924872607,1,-4.47166667E-06,-0.0518434085,NONE
1.33,-9.47514218E-06,1.12237656,-0.0518671125,1.88903891E-06,1.26011155E-05,-4.49612999E-05,0.102851927,1,2.59951912E-06,0.981493354,-1.23067211E-05,1.41335249,-0.140375376,6.89298031E-06,2.19717622E-05,-6.21667641E-05,6.90717497E-05,0.000490903854,0.0409086458,7.35481763E-06,0.168761194,thorax,0.893124461,0.00221571489,right_foot,0.00924527273,1,-1.31690449E-05,-0.0518625043,NONE
1.35,-9.43597297E-06,1.12237656,-0.0518679433,1.87836031E-06,1.84737128E-05,-4.33549831E-05,0.102851093,1,2.98387135E-06,0.981493354,-1.22205429E-05,1.41335225,-0.140376687,7.80005939E-06,2.70977616E-05,-5.98995139E-05,8.10761194E-05,0.000491023064,0.0409185775,7.32734588E-06,0.168761626,thorax,0.893128037,0.00221646507,right_foot,0.0092421677,1,-7.35811091E-06,-0.0518788509,NONE
1.37,-9.39170059E-06,1.12237632,-0.0518687405,2.37665563E-06,4.20434026E-06,-4.1669191E-05,0.102850303,1,2.99255657E-06,0.981493294,-1.21088551E-05,1.41335177,-0.140377909,9.0288122E-06,2.55852938E-05,-5.48902899E-05,8.75129117E-05,0.000491142273,0.0409285128,7.30060719E-06,0.168761477,thorax,0.893131375,0.00221682945,right_foot,0.0092399111,1,-9.58008059E-06,-0.0518866554,NONE
1.39,-9.34883428E-06,1.12237656,-0.0518694483,2.28154681E-06,1.08702288E-05,-3.7281392E-05,0.102849588,1,3.03845513E-06,0.981493294,-1.20161212E-05,1.41335201,-0.140379041,8.65771381E-06,3.5982579E-05,-4.69371516E-05,0.000123003832,0.000490903854,0.0409086458,7.32034596E-06,0.168737099,thorax,0.893133521,0.00221741712,right_foot,0.00923803821,1,-7.58793203E-06,-0.0518998504,NONE
1.41,-9.30726765E-06,1.12237644,-0.0518700816,1.75822242E-06,9.65510844E-06,-3.29184695E-05,0.102848962,1,3.09237066E-06,0.981493235,-1.19251108E-05,1.41335189,-0.14037995,7.44383487E-06,2.68742442E-05,-3.87314394E-05,0.000123901089,0.000490903854,0.0409086458,7.35846606E-06,0.168768674,thorax,0.893135786,0.00221780315,right_foot,0.00923737139,1,-8.32255591E-06,-0.0519004352,NONE
1.43,-9.2761411E-06,1.12237632,-0.0518706068,1.46147897E-06,1.56717197E-05,-2.6931375E-05,0.102848433,1,3.05618528E-06,0.981493235,-1.18505386E-05,1.41335177,-0.14038074,7.7850118E-06,3.10018659E-05,-3.14845893E-05,0.000125414997,0.000490903854,0.0409086458,7.41713075E-06,0.168781772,thorax,0.893137276,0.00221808581,right_foot,0.00923688337,1,-9.68241875E-06,-0.0519076847,NONE
1.45,-9.25019231E-06,1.12237632,-0.0518710203,1.4129015E-06,1.29944183E-05,-2.12540563E-05,0.102848023,1,2.83707777E-06,0.981493175,-1.17684804E-05,1.41335166,-0.140381336,8.06688968E-06,2.91205943E-05,-2.36229644E-05,0.000135189068,0.000490903854,0.0409086458,7.40872883E-06,0.168777958,thorax,0.893138707,0.00221812306,right_foot,0.00923720747,1,-1.40238217E-05,-0.0519081987,NONE
1.47,-9.23027164E-06,1.12237632,-0.0518713184,7.6459537E-07,1.11161671E-05,-1.58603834E-05,0.102847725,1,3.06485435E-06,0.981493175,-1.17117906E-05,1.41335154,-0.140381783,6.71342787E-06,2.42516398E-05,-1.45979202E-05,0.000149516301,0.000491023064,0.0409185775,7.40279211E-06,0.16877377,thorax,0.893140018,0.00221813796,right_foot,0.00923782587,1,-1.13272654E-05,-0.0519054979,NONE
1.49,-9.20924776E-06,1.12237632,-0.0518715158,1.06500477E-06,2.27583387E-05,-1.02232034E-05,0.102847524,1,2.57762645E-06,0.981493175,-1.16305127E-05,1.41335142,-0.140382081,5.88156718E-06,4.00803983E-05,-8.67564449E-06,0.000152573848,0.000491023064,0.0409185775,7.45146326E-06,0.168803051,thorax,0.893141031,0.00221820502,right_foot,0.00923883729,1,4.65344147E-06,-0.0519038253,NONE
1.51,-9.19131799E-06,1.12237644,-0.0518716089,1.20620859E-06,1.47721703E-05,-6.2004865E-06,0.102847427,1,3.17702438E-06,0.981493235,-1.15718585E-05,1.41335142,-0.140382215,7.63163371E-06,4.00356948E-05,2.89110176E-08,0.00018085858,0.000491023064,0.0409185775,7.35846197E-06,0.168752134,thorax,0.893141806,0.002217856,right_foot,0.00923992135,1,-1.36689714E-05,-0.0518984385,NONE
1.53,-9.16762019E-06,1.12237644,-0.0518716313,7.30993293E-07,1.81354444E-05,-2.72760553E-06,0.102847412,1,2.81443954E-06,0.981493294,-1.1529668E-05,1.41335142,-0.14038223,3.95560164E-06,3.80016863E-05,5.2393757E-06,0.000175442387,0.000491023064,0.0409185775,7.39306734E-06,0.168775305,thorax,0.893142462,0.00221792958,right_foot,0.00924120471,1,7.43958844E-06,-0.0518928878,NONE
1.55,-9.14482462E-06,1.12237644,-0.0518715866,9.98504447E-07,1.63850727E-05,2.1638013E-07,0.102847457,1,2.58777027E-06,0.981493294,-1.14705217E-05,1.41335142,-0.140382141,4.19193975E-06,3.88659537E-05,9.72945691E-06,0.000188816717,0.000491023064,0.0409185775,7.37207392E-06,0.168763727,thorax,0.893142998,0.00221768487,right_foot,0.00924223196,1,1.22190722E-05,-0.0518878922,NONE
1.57,-9.12611995E-06,1.12237644,-0.0518714897,7.21363392E-07,2.63610509E-05,2.97313022E-06,0.102847546,1,2.86002683E-06,0.981493294,-1.14318364E-05,1.41335154,-0.140382007,4.90332332E-06,5.21875918E-05,1.08415315E-05,0.000185509227,0.000491142273,0.0409285128,7.36417815E-06,0.168782771,thorax,0.893143654,0.00221755845,right_foot,0.00924343243,1,-6.26830399E-07,-0.0518851317,NONE
1.59,-9.1160191E-06,1.12237644,-0.0518713631,2.97004306E-07,2.66522729E-05,4.39152382E-06,0.10284768,1,2.87226021E-06,0.981493294,-1.14099403E-05,1.41335154,-0.140381798,4.51780306E-06,4.92855906E-05,1.3843628E-05,0.000177396942,0.000491142273,0.0409285128,7.36108677E-06,0.168792188,thorax,0.893144071,0.00221733539,right_foot,0.00924466737,1,-1.28960082E-05,-0.0518798158,NONE
1.61,-9.11627012E-06,1.12237644,-0.0518712103,-3.06694439E-08,1.68139977E-05,5.02444209E-06,0.102847829,1,2.83714667E-06,0.981493294,-1.13992746E-05,1.41335166,-0.14038159,3.29956492E-06,4.53256071E-05,1.74202596E-05,0.000196786321,0.000491142273,0.0409285128,7.29936028E-06,0.168752328,thorax,0.893144369,0.00221707486,right_foot,0.00924545806,1,2.13921703E-06,-0.0518743247,NONE
1.63,-9.12201904E-06,1.12237644,-0.0518710464,-2.62895952E-07,1.53965648E-05,5.47487207E-06,0.102847993,1,2.95509631E-06,0.981493294,-1.14041804E-05,1.41335166,-0.140381306,3.8059552E-06,4.34480608E-05,1.75744462E-05,0.00019918484,0.000491142273,0.0409285128,7.28623354E-06,0.168748617,thorax,0.893144608,0.0022168518,right_foot,0.00924608018,1,-1.403035E-05,-0.0518715307,NONE
1.65,-9.13604345E-06,1.12237656,-0.0518708676,-9.66322204E-07,2.26140601E-05,6.00982321E-06,0.102848172,1,2.96857365E-06,0.981493294,-1.14313834E-05,1.41335177,-0.140381053,1.68438532E-06,5.39273024E-05,1.68828519E-05,0.000187817262,0.000491023064,0.0409185775,7.30489455E-06,0.168761626,thorax,0.893145084,0.00221685925,right_foot,0.00924690533,1,-6.69628616E-06,-0.0518697575,NONE
1.67,-9.15534747E-06,1.12237656,-0.0518707,-9.16895829E-07,2.24276191E-05,5.42186899E-06,0.102848336,1,2.90486264E-06,0.981493294,-1.14539971E-05,1.41335177,-0.140380785,2.42171427E-06,4.35523689E-05,1.72725177E-05,0.000187876823,0.000491142273,0.0409285128,7.28077657E-06,0.168767482,thorax,0.893145144,0.00221663597,right_foot,0.00924759172,1,-2.24955311E-05,-0.0518658981,NONE
1.69,-9.17616126E-06,1.12237656,-0.051870551,-7.61329034E-07,9.80066852E-06,4.22043922E-06,0.102848485,1,2.98445138E-06,0.981493294,-1.14770046E-05,1.41335177,-0.140380546,2.20922539E-06,3.72640789E-05,1.62711731E-05,0.000193760585,0.000491023064,0.0409185775,7.22213417E-06,0.168739602,thorax,0.893145323,0.00221636961,right_foot,0.00924775004,1,-7.661788E-06,-0.0518618524,NONE
1.71,-9.19088507E-06,1.12237656,-0.0518704094,-9.7004704E-07,1.54818827E-05,3.78751702E-06,0.102848634,1,2.95474683E-06,0.981493294,-1.15196272E-05,1.41335189,-0.140380338,8.96223241E-07,4.22038138E-05,1.43554125E-05,0.000189218656,0.000491142273,0.0409285128,7.24572692E-06,0.168744832,thorax,0.893145442,0.00221642153,right_foot,0.00924791582,1,-4.58980139E-06,-0.0518624894,NONE
1.73,-9.2101609E-06,1.12237656,-0.0518702865,-1.03904961E-06,1.81257765E-05,2.92047048E-06,0.102848753,1,3.02549574E-06,0.981493294,-1.15635503E-05,1.41335189,-0.140380159,9.67760002E-07,4.47779894E-05,1.25363631E-05,0.000186548466,0.000491142273,0.0409285128,7.24091433E-06,0.168740734,thorax,0.8931458,0.00221637706,right_foot,0.00924825482,1,-7.6841834E-06,-0.0518624857,NONE
1.75,-9.22856543E-06,1.12237656,-0.0518701822,-8.82701897E-07,1.5945001E-05,1.6390054E-06,0.102848858,1,3.06384413E-06,0.981493294,-1.15983548E-05,1.41335189,-0.14038001,1.20406219E-06,4.37498093E-05,1.08748218E-05,0.000192930514,0.000491142273,0.0409285128,7.2281041E-06,0.168733731,thorax,0.89314568,0.00221628021,right_foot,0.00924829952,1,-8.89414696E-06,-0.051861234,NONE
1.77,-9.24459346E-06,1.12237656,-0.0518701077,-8.98096971E-07,2.18231817E-05,5.21222717E-07,0.102848932,1,2.78355401E-06,0.981493294,-1.16427309E-05,1.41335189,-0.140379891,5.70607938E-07,4.29265201E-05,9.5350797E-06,0.000182970471,0.000491142273,0.0409285128,7.24769961E-06,0.16876021,thorax,0.8931458,0.00221634726,right_foot,0.00924827438,1,-1.19348374E-06,-0.0518606938,NONE
1.79,-9.25916811E-06,1.12237656,-0.0518700518,-5.2985348E-07,1.16637684E-05,-8.36167317E-07,0.102848992,1,3.16196224E-06,0.981493294,-1.16750753E-05,1.41335189,-0.140379816,1.98314251E-06,4.0538609E-05,7.71118448E-06,0.000194379187,0.000491023064,0.0409185775,7.216217E-06,0.168724895,thorax,0.8931458,0.00221616123,right_foot,0.00924794283,1,-1.44012702E-05,-0.051860936,NONE
1.81,-9.2669834E-06,1.12237656,-0.0518700182,-2.94587721E-07,1.24767148E-05,-1.87637806E-06,0.102849022,1,3.19535297E-06,0.981493354,-1.17069985E-05,1.41335189,-0.140379757,2.19127924E-06,4.02405858E-05,6.39580321E-06,0.000187867248,0.000491142273,0.0409285128,7.214986E-06,0.168737158,thorax,0.893146038,0.00221613888,right_foot,0.00924760755,1,-1.67174712E-05,-0.0518605001,NONE
1.83,-9.27494057E-06,1.12237656,-0.0518700071,-7.11016128E-07,1.56062561E-05,-2.53396888E-06,0.102849036,1,3.03386696E-06,0.981493354,-1.17563231E-05,1.41335201,-0.140379757,5.13180396E-07,3.96184623E-05,5.53038672E-06,0.000190724022,0.000491023064,0.0409185775,7.23962239E-06,0.168737456,thorax,0.893145919,0.00221628021,right_foot,0.00924747251,1,-5.95784468E-06,-0.0518597774,NONE
1.85,-9.28402187E-06,1.12237656,-0.0518700071,-3.4776798E-07,1.81691939E-05,-3.22005599E-06,0.102849036,1,3.00410557E-06,0.981493354,-1.1780272E-05,1.41335201,-0.140379757,2.21977848E-06,3.92347574E-05,3.62486344E-06,0.000179216382,0.000491023064,0.0409185775,7.24015899E-06,0.168743894,thorax,0.893146038,0.00221624295,right_foot,0.00924722198,1,-9.38144058E-06,-0.0518644415,NONE
1.87,-9.29503494E-06,1.12237656,-0.0518700182,-8.38546384E-07,1.25906254E-05,-3.85159956E-06,0.102849022,1,3.00790111E-06,0.981493354,-1.1830567E-05,1.41335213,-0.140379772,3.59883927E-07,3.11210752E-05,3.97639633E-06,0.000187633515,0.000490903854,0.0409086458,7.24467327E-06,0.168739572,thorax,0.893146038,0.00221629511,right_foot,0.00924700499,1,-4.79916207E-06,-0.051861234,NONE
1.89,-9.30791157E-06,1.12237656,-0.0518700369,-8.64385299E-07,1.41627634E-05,-4.1855551E-06,0.102849007,1,2.89752097E-06,0.981493354,-1.18663393E-05,1.41335201,-0.140379816,3.45494982E-07,3.69288027E-05,2.99311932E-06,0.000183952157,0.000491023064,0.0409185775,7.24621714E-06,0.168739557,thorax,0.893146038,0.00221631001,right_foot,0.00924672931,1,-1.47669289E-06,-0.0518623441,NONE
1.91,-9.3234421E-06,1.12237656,-0.0518700741,-5.45294768E-07,2.54987772E-05,-4.22209996E-06,0.102848962,1,3.01984983E-06,0.981493354,-1.1893927E-05,1.41335189,-0.140379846,2.18977061E-06,4.05274332E-05,4.23501888E-07,0.000158374722,0.000491142273,0.0409285128,7.26390726E-06,0.1687821,thorax,0.893146038,0.00221637706,right_foot,0.00924659334,1,-1.12363032E-05,-0.0518687777,NONE
1.93,-9.33690899E-06,1.12237656,-0.0518701039,-7.1884034E-07,2.82606161E-05,-4.11385963E-06,0.102848932,1,2.99418002E-06,0.981493354,-1.19350352E-05,1.41335189,-0.140379921,1.667275E-06,4.59887087E-05,2.09657628E-07,0.000163340563,0.000491142273,0.0409285128,7.27004499E-06,0.168777585,thorax,0.893146217,0.00221644389,right_foot,0.00924649928,1,-7.70072256E-06,-0.0518676639,NONE
1.95,-9.34969012E-06,1.12237656,-0.0518701449,-3.13129703E-07,1.05939444E-05,-5.08414041E-06,0.102848895,1,3.28447209E-06,0.981493294,-1.19584101E-05,1.41335189,-0.14037998,3.28430588E-06,3.77371907E-05,1.13773149E-06,0.000185939658,0.000491023064,0.0409185775,7.22506184E-06,0.168730378,thorax,0.893146336,0.00221621338,right_foot,0.00924619567,1,-2.84316284E-05,-0.051867608,NONE
1.97,-9.35297976E-06,1.12237656,-0.0518701822,-4.10215961E-07,1.56772567E-05,-4.90460661E-06,0.102848858,1,2.88691217E-06,0.981493294,-1.19915467E-05,1.41335189,-0.14038004,1.00150783E-06,4.1205436E-05,1.79119741E-06,0.000178082701,0.000491142273,0.0409285128,7.25554582E-06,0.168749198,thorax,0.893146098,0.00221636961,right_foot,0.00924581103,1,-3.39260919E-06,-0.0518686324,NONE
1.99,-9.36184279E-06,1.12237656,-0.0518702194,-5.06199115E-07,1.72304681E-05,-4.70719169E-06,0.10284882,1,2.96936264E-06,0.981493294,-1.20215582E-05,1.41335189,-0.140380099,1.51998688E-06,4.29786742E-05,1.75820651E-06,0.000180152754,0.000491142273,0.0409285128,7.26235976E-06,0.168745324,thorax,0.893146098,0.00221641408,right_foot,0.00924577937,1,-5.89218826E-06,-0.0518706404,NONE
2.01,-9.36649485E-06,1.12237656,-0.0518702492,-2.22562704E-07,1.76549311E-05,-4.42531427E-06,0.102848791,1,2.94875599E-06,0.981493294,-1.20400491E-05,1.41335189,-0.140380144,2.20524407E-06,4.37125564E-05,1.60387799E-06,0.000181411117,0.000491023064,0.0409185775,7.25857126E-06,0.168744594,thorax,0.893146098,0.00221640663,right_foot,0.00924570393,1,-7.38433255E-06,-0.0518714897,NONE
2.03,-9.3650624E-06,1.12237656,-0.051870279,-1.60696402E-07,1.67426406E-05,-4.25984217E-06,0.102848761,1,3.01221257E-06,0.981493294,-1.20495788E-05,1.41335189,-0.140380189,2.03708919E-06,4.27216291E-05,1.98139605E-06,0.00018257933,0.000491023064,0.0409185775,7.26235976E-06,0.16874519,thorax,0.893146038,0.00221642153,right_foot,0.00924571231,1,-3.93616892E-06,-0.0518712029,NONE
2.05,-9.36639844E-06,1.12237656,-0.0518703051,-1.77046417E-07,1.65872334E-05,-3.9671163E-06,0.102848738,1,3.02537615E-06,0.981493294,-1.20586374E-05,1.41335189,-0.140380234,2.85225929E-06,4.31127846E-05,2.57175384E-06,0.000185139681,0.000491023064,0.0409185775,7.2488906E-06,0.168743238,thorax,0.893146038,0.00221640663,right_foot,0.00924564619,1,-8.39191853E-06,-0.0518713407,NONE
2.07,-9.37075947E-06,1.12237656,-0.0518703237,-1.86200268E-07,2.54267834E-05,-3.46261481E-06,0.102848716,1,2.9260766E-06,0.981493294,-1.2070911E-05,1.41335189,-0.140380248,2.97658312E-06,4.44725156E-05,3.07527853E-06,0.000173719658,0.000491023064,0.0409185775,7.26477083E-06,0.168774173,thorax,0.893146038,0.00221648859,right_foot,0.00924574025,1,-5.8752189E-06,-0.0518713519,NONE
2.09,-9.3698909E-06,1.12237656,-0.0518703312,2.02484273E-07,2.55027298E-05,-3.21622451E-06,0.102848709,1,2.80520453E-06,0.981493294,-1.20665636E-05,1.41335189,-0.140380263,3.64177663E-06,4.48711216E-05,2.97607676E-06,0.000175095673,0.000491023064,0.0409185775,7.26462576E-06,0.168773308,thorax,0.893146038,0.00221642153,right_foot,0.00924579706,1,-6.63614355E-06,-0.0518706553,NONE
2.11,-9.36718425E-06,1.12237656,-0.0518703423,2.17689674E-07,2.46520158E-05,-3.10887981E-06,0.102848694,1,3.09366897E-06,0.981493294,-1.20673385E-05,1.41335189,-0.140380263,4.48857145E-06,4.27551568E-05,3.58186435E-06,0.00017077275,0.000491023064,0.0409185775,7.25901464E-06,0.168778539,thorax,0.893146098,0.00221636216,right_foot,0.00924580637,1,-1.66002774E-05,-0.0518706106,NONE
2.13,-9.36106881E-06,1.12237656,-0.0518703498,3.81701767E-07,1.03251277E-05,-3.26733402E-06,0.102848694,1,3.04344235E-06,0.981493294,-1.20558334E-05,1.41335189,-0.140380278,3.93803975E-06,3.54461372E-05,4.48618539E-06,0.000198878581,0.000491023064,0.0409185775,7.2400403E-06,0.168726459,thorax,0.893146038,0.0022162653,right_foot,0.00924570765,1,-1.71768588E-05,-0.0518705621,NONE
2.15,-9.35473417E-06,1.12237656,-0.0518703423,2.77491296E-07,1.91236522E-05,-2.72959437E-06,0.102848694,1,3.03864613E-06,0.981493354,-1.20480026E-05,1.41335189,-0.140380278,4.33265177E-06,4.33474779E-05,4.04773891E-06,0.000176251779,0.000491023064,0.0409185775,7.25481914E-06,0.168757334,thorax,0.893146038,0.00221635471,right_foot,0.00924570486,1,-1.31276811E-05,-0.0518704131,NONE
2.17,-9.35091339E-06,1.12237656,-0.0518703423,9.33261504E-08,1.89696111E-05,-2.61322998E-06,0.102848694,1,3.06014772E-06,0.981493354,-1.20384311E-05,1.41335189,-0.140380278,4.51940468E-06,4.41223383E-05,4.01342186E-06,0.000180040617,0.000491023064,0.0409185775,7.24697202E-06,0.16875416,thorax,0.893146038,0.00221632491,right_foot,0.00924591534,1,-1.1889997E-05,-0.0518680923,NONE
2.19,-9.35271964E-06,1.12237656,-0.0518703386,-1.86667378E-07,1.02885588E-05,-2.97936572E-06,0.102848701,1,2.99346743E-06,0.981493294,-1.20331615E-05,1.41335189,-0.140380263,3.4843888E-06,3.87057662E-05,5.46304045E-06,0.000194045017,0.000491023064,0.0409185775,7.24018946E-06,0.168733835,thorax,0.893146038,0.00221628021,right_foot,0.00924591627,1,-9.15940836E-06,-0.0518663786,NONE
2.21,-9.3555991E-06,1.12237656,-0.0518703312,-1.88790565E-07,1.70567127E-05,-2.57660326E-06,0.102848709,1,3.02765829E-06,0.981493294,-1.20261002E-05,1.41335189,-0.140380248,3.35209529E-06,4.33772802E-05,4.39131054E-06,0.000188125414,0.000491023064,0.0409185775,7.2539965E-06,0.168743715,thorax,0.893146038,0.00221636961,right_foot,0.00924587715,1,-8.5234833E-06,-0.0518704131,NONE
2.23,-9.35533899E-06,1.12237656,-0.0518703237,1.25685361E-07,1.19929646E-05,-2.71487875E-06,0.102848716,1,3.03610773E-06,0.981493294,-1.20057266E-05,1.41335189,-0.140380248,4.45918249E-06,4.0601939E-05,5.0543922E-06,0.000196571506,0.000491023064,0.0409185775,7.23645098E-06,0.168729991,thorax,0.893146038,0.00221627275,right_foot,0.00924596656,1,-1.28689226E-05,-0.0518690236,NONE
2.25,-9.35262415E-06,1.12237656,-0.0518703163,-5.84731481E-08,6.16831994E-06,-3.05734261E-06,0.102848724,1,2.84925954E-06,0.981493294,-1.20016894E-05,1.41335189,-0.140380234,2.67386304E-06,3.53679061E-05,6.14600913E-06,0.000198798647,0.000491023064,0.0409185775,7.24227493E-06,0.16873017,thorax,0.893146038,0.00221631746,right_foot,0.00924598705,1,-2.28222206E-07,-0.051866293,NONE
2.27,-9.34533273E-06,1.12237656,-0.0518703125,5.42483804E-07,2.75315615E-05,-2.1447629E-06,0.102848724,1,2.93567723E-06,0.981493354,-1.19676151E-05,1.41335189,-0.140380219,5.02929515E-06,4.5593828E-05,4.78000038E-06,0.000172748638,0.000491023064,0.0409185775,7.2679677E-06,0.168780357,thorax,0.893146038,0.00221643643,right_foot,0.00924600009,1,-8.77518414E-06,-0.0518705994,NONE
2.29,-9.33326919E-06,1.12237656,-0.0518703051,6.32429987E-07,1.81004689E-05,-2.47310936E-06,0.102848738,1,2.98054533E-06,0.981493354,-1.19406777E-05,1.41335189,-0.140380219,4.97562769E-06,4.40217555E-05,4.89508238E-06,0.000183926386,0.000491023064,0.0409185775,7.24724396E-06,0.168749109,thorax,0.893146038,0.00221636216,right_foot,0.00924629811,1,-8.76502236E-06,-0.0518665835,NONE
2.31,-9.31663271E-06,1.12237656,-0.0518702976,1.08435427E-06,2.5736781E-05,-2.26677889E-06,0.102848738,1,2.83049508E-06,0.981493294,-1.19004098E-05,1.41335189,-0.140380204,5.96328755E-06,4.5530498E-05,4.70061241E-06,0.000180017683,0.000491023064,0.0409185775,7.2539965E-06,0.168769658,thorax,0.893146098,0.00221639918,right_foot,0.00924623571,1,-3.35216441E-06,-0.0518678762,NONE
2.33,-9.29448288E-06,1.12237656,-0.0518702902,8.93053198E-07,1.55413454E-05,-2.86369163E-06,0.102848753,1,2.86205523E-06,0.981493294,-1.18707203E-05,1.41335189,-0.140380204,4.52382756E-06,4.13134694E-05,4.95721588E-06,0.000184106102,0.000491142273,0.0409285128,7.24941856E-06,0.168749511,thorax,0.893146098,0.00221638451,right_foot,0.00924633164,1,-3.59375849E-06,-0.0518669561,NONE
2.35,-9.27927158E-06,1.12237656,-0.0518702902,6.6281865E-07,2.6853193E-05,-2.38637836E-06,0.102848753,1,2.89187597E-06,0.981493354,-1.18423486E-05,1.41335189,-0.140380189,5.17145418E-06,4.55752015E-05,4.42468399E-06,0.000175301961,0.000491023064,0.0409185775,7.2694379E-06,0.168775678,thorax,0.893146098,0.00221648859,right_foot,0.00924623106,1,-8.4704543E-06,-0.0518699288,NONE
2.37,-9.2670507E-06,1.12237656,-0.0518702865,5.65479297E-07,2.51954989E-05,-2.42061742E-06,0.102848753,1,2.85290434E-06,0.981493294,-1.18050875E-05,1.41335201,-0.140380189,5.10187465E-06,4.11272049E-05,4.78848779E-06,0.000184271616,0.000490903854,0.0409086458,7.25550763E-06,0.168766141,thorax,0.893146038,0.00221643643,right_foot,0.0092463661,1,-3.94203016E-06,-0.0518675521,NONE
2.39,-9.25984659E-06,1.12237656,-0.0518702827,3.58029517E-09,1.45280073E-05,-3.06624634E-06,0.102848753,1,2.86659338E-06,0.981493294,-1.17929094E-05,1.41335201,-0.140380174,3.6791007E-06,3.52300704E-05,5.50572395E-06,0.000186231366,0.000491023064,0.0409185775,7.25015752E-06,0.168747917,thorax,0.893146038,0.00221641408,right_foot,0.00924634375,1,-2.14434795E-06,-0.0518669896,NONE
2.41,-9.25998847E-06,1.12237656,-0.0518702865,-1.24245943E-07,8.11393147E-06,-3.12033171E-06,0.102848753,1,2.98006285E-06,0.981493294,-1.17769268E-05,1.41335201,-0.140380174,3.26765326E-06,3.1594187E-05,5.14962085E-06,0.000198043388,0.000490903854,0.0409086458,7.24802112E-06,0.168728128,thorax,0.893146098,0.00221638451,right_foot,0.00924607646,1,-4.21844334E-06,-0.0518685281,NONE
2.43,-9.26770554E-06,1.12237656,-0.051870279,-5.84252518E-07,8.90843421E-06,-2.90120624E-06,0.102848761,1,3.03957381E-06,0.981493294,-1.17797481E-05,1.41335201,-0.140380174,2.28562021E-06,3.22461128E-05,4.6878049E-06,0.000197732923,0.000490903854,0.0409086458,7.25200653E-06,0.168728307,thorax,0.893146217,0.00221643643,right_foot,0.00924609322,1,-6.30284239E-06,-0.0518688522,NONE
2.45,-9.27568635E-06,1.12237656,-0.051870279,-3.04071762E-07,1.38107116E-05,-2.81654661E-06,0.102848761,1,3.13463306E-06,0.981493294,-1.17719737E-05,1.41335201,-0.140380174,4.06836352E-06,3.35648656E-05,4.68364124E-06,0.000182467906,0.000491023064,0.0409185775,7.23743278E-06,0.168750852,thorax,0.893146217,0.00221640663,right_foot,0.00924617797,1,-1.77341917E-05,-0.0518681146,NONE
2.47,-9.28264672E-06,1.12237656,-0.051870279,-3.16372848E-07,2.45530719E-05,-2.40300483E-06,0.102848761,1,2.91918491E-06,0.981493354,-1.17757781E-05,1.41335201,-0.140380174,3.32656145E-06,3.74652445E-05,4.51834512E-06,0.000172418047,0.000491023064,0.0409185775,7.26896087E-06,0.168777585,thorax,0.893146098,0.00221656915,right_foot,0.00924637448,1,-9.67761389E-06,-0.0518694893,NONE
2.49,-9.28810277E-06,1.12237656,-0.051870279,-1.05930908E-07,1.75209498E-05,-2.69386942E-06,0.102848761,1,2.89514719E-06,0.981493354,-1.17720647E-05,1.41335201,-0.140380174,3.83811675E-06,3.68654728E-05,4.39785299E-06,0.000180189803,0.000491023064,0.0409185775,7.3014703E-06,0.168754369,thorax,0.893146217,0.00221646507,right_foot,0.00924643036,1,-4.6634741E-06,-0.0518668182,NONE
2.51,-9.29190628E-06,1.12237656,-0.051870279,-1.72826816E-07,2.44598632E-05,-2.54382189E-06,0.102848761,1,2.96376993E-06,0.981493354,-1.17767768E-05,1.41335201,-0.140380174,3.3220158E-06,3.86349857E-05,4.14285341E-06,0.000179131996,0.000490903854,0.0409086458,7.26520648E-06,0.168772444,thorax,0.893146217,0.0022165766,right_foot,0.00924642943,1,-7.79178572E-06,-0.051868096,NONE
2.53,-9.2911223E-06,1.12237656,-0.051870279,-1.04903137E-07,8.14815394E-06,-3.28192186E-06,0.102848761,1,2.98184682E-06,0.981493294,-1.17800091E-05,1.41335201,-0.140380174,2.67252244E-06,3.1195581E-05,4.68173948E-06,0.000196958499,0.000490903854,0.0409086458,7.24652364E-06,0.168729246,thorax,0.893146217,0.00221647369,right_foot,0.00924638472,1,-7.50787694E-06,-0.0518678017,NONE
2.55,-9.29049111E-06,1.12237656,-0.0518702865,1.32450722E-07,2.45308129E-05,-2.63793754E-06,0.102848753,1,2.94664073E-06,0.981493354,-1.17744694E-05,1.41335201,-0.140380174,3.9826009E-06,3.77446413E-05,3.92284574E-06,0.000175861496,0.000490903854,0.0409086458,7.26338385E-06,0.1687769,thorax,0.893146098,0.00221656915,right_foot,0.00924619101,1,-1.30159879E-05,-0.0518711619,NONE
2.57,-9.28788086E-06,1.12237656,-0.0518702827,2.21403322E-08,9.70925612E-06,-3.23898598E-06,0.102848753,1,2.97062843E-06,0.981493354,-1.17757263E-05,1.41335201,-0.140380174,3.26800387E-06,3.07261944E-05,4.26069528E-06,0.000189071885,0.000490903854,0.0409086458,7.29573912E-06,0.168743178,thorax,0.893146217,0.00221642782,right_foot,0.00924627203,1,-7.73614283E-06,-0.0518652499,NONE
2.59,-9.29149701E-06,1.12237656,-0.051870279,-1.40433968E-07,2.51618912E-05,-2.57001898E-06,0.102848761,1,2.91728361E-06,0.981493354,-1.17794989E-05,1.41335201,-0.140380189,3.13860801E-06,3.94172966E-05,4.04019374E-06,0.000179846043,0.000490903854,0.0409086458,7.2679909E-06,0.168772474,thorax,0.893146098,0.0022166064,right_foot,0.00924623106,1,-6.20478249E-06,-0.0518686995,NONE
2.61,-9.29375983E-06,1.12237656,-0.0518702865,-1.98646688E-07,8.26214455E-06,-3.33262051E-06,0.102848753,1,2.97089559E-06,0.981493294,-1.17860454E-05,1.41335201,-0.140380189,2.32385855E-06,3.16388905E-05,4.47092953E-06,0.000200026581,0.000490903854,0.0409086458,7.24652364E-06,0.168727458,thorax,0.893146098,0.00221646624,right_foot,0.00924636703,1,-5.32566855E-06,-0.0518676825,NONE
2.63,-9.29832731E-06,1.12237656,-0.0518702902,-7.68363861E-08,2.56725743E-05,-2.61147397E-06,0.102848753,1,3.00535885E-06,0.981493354,-1.17898053E-05,1.41335201,-0.140380189,3.4134091E-06,3.88845801E-05,3.74510773E-06,0.00017547571,0.000490903854,0.0409086458,7.26896087E-06,0.168776691,thorax,0.893146098,0.0022166064,right_foot,0.00924617983,1,-1.04431119E-05,-0.0518716574,NONE
2.65,-9.30192346E-06,1.12237656,-0.0518702865,-5.37784111E-08,2.21035116E-05,-2.69222937E-06,0.102848753,1,3.08064841E-06,0.981493294,-1.17982563E-05,1.41335201,-0.140380189,3.9716474E-06,3.6995858E-05,4.18549052E-06,0.000182177493,0.000490903854,0.0409086458,7.30692682E-06,0.168767288,thorax,0.893146038,0.00221649464,right_foot,0.00924633536,1,-1.33728236E-05,-0.0518675484,NONE
2.67,-9.30162241E-06,1.12237656,-0.0518702976,-3.49434579E-08,2.50364483E-05,-2.69444809E-06,0.102848738,1,2.88380943E-06,0.981493354,-1.18062835E-05,1.41335201,-0.140380189,2.99253384E-06,3.82214785E-05,3.86644024E-06,0.000176068803,0.000490903854,0.0409086458,7.26896087E-06,0.168777063,thorax,0.893146038,0.0022165617,right_foot,0.00924638566,1,-7.48486809E-06,-0.0518693887,NONE
2.69,-9.3011904E-06,1.12237656,-0.0518702976,7.10669568E-08,1.78211085E-05,-2.8943914E-06,0.102848738,1,2.90087314E-06,0.981493354,-1.18112785E-05,1.41335201,-0.140380189,3.47220293E-06,3.70256603E-05,3.41383429E-06,0.000180709583,0.000491023064,0.0409185775,7.30751572E-06,0.16875568,thorax,0.893146098,0.00221646507,right_foot,0.0092462441,1,-4.4106464E-06,-0.0518677272,NONE
2.71,-9.30259739E-06,1.12237656,-0.0518702902,-2.08760213E-07,2.50922785E-05,-2.58662408E-06,0.102848753,1,2.94367283E-06,0.981493354,-1.18230801E-05,1.41335201,-0.140380189,2.67305541E-06,3.89553607E-05,3.7524394E-06,0.000178565562,0.000490903854,0.0409086458,7.27296492E-06,0.168773592,thorax,0.893146098,0.00221658405,right_foot,0.00924628507,1,-5.41803774E-06,-0.0518687479,NONE
2.73,-9.30864371E-06,1.12237656,-0.0518702976,-4.89415299E-07,8.26903215E-06,-3.25705059E-06,0.102848738,1,3.05409912E-06,0.981493294,-1.18413882E-05,1.41335201,-0.140380189,1.85490046E-06,3.14302742E-05,4.38145935E-06,0.000199088201,0.000490903854,0.0409086458,7.24741221E-06,0.168729037,thorax,0.893146038,0.00221644389,right_foot,0.00924629439,1,-6.52738345E-06,-0.0518681183,NONE
2.75,-9.31763498E-06,1.12237656,-0.0518702976,-3.64092386E-07,2.04525313E-05,-2.85237593E-06,0.102848738,1,3.03724346E-06,0.981493294,-1.18505859E-05,1.41335189,-0.140380189,2.98758141E-06,3.75621021E-05,3.78340019E-06,0.000175720212,0.000491142273,0.0409285128,7.25942755E-06,0.16877462,thorax,0.893146098,0.00221650349,right_foot,0.00924606249,1,-1.13953101E-05,-0.0518702008,NONE
2.77,-9.32004423E-06,1.12237656,-0.0518702976,2.16115566E-07,1.10940546E-05,-3.03612251E-06,0.102848738,1,3.13425653E-06,0.981493294,-1.18507114E-05,1.41335189,-0.140380204,4.10391249E-06,3.86275351E-05,4.14271926E-06,0.000193899396,0.000491023064,0.0409185775,7.22863751E-06,0.168732479,thorax,0.893146217,0.00221635471,right_foot,0.0092460718,1,-2.61473178E-05,-0.0518692695,NONE
2.79,-9.31407794E-06,1.12237656,-0.0518702902,1.82205071E-07,1.60780928E-05,-2.98042846E-06,0.102848753,1,2.89143441E-06,0.981493294,-1.1859026E-05,1.41335189,-0.140380204,2.50282233E-06,4.16785479E-05,4.00245835E-06,0.000185807323,0.000491023064,0.0409185775,7.25112977E-06,0.168750554,thorax,0.893146217,0.00221648114,right_foot,0.00924612675,1,-5.84105419E-06,-0.0518683642,NONE
2.81,-9.30887472E-06,1.12237656,-0.0518702902,1.64808128E-07,1.70880612E-05,-2.903932E-06,0.102848753,1,3.00235615E-06,0.981493294,-1.18663902E-05,1.41335189,-0.140380204,2.8967288E-06,4.33586538E-05,3.96321093E-06,0.000190233084,0.000491023064,0.0409185775,7.25607742E-06,0.168744504,thorax,0.893146217,0.00221648859,right_foot,0.00924618542,1,-7.76417073E-06,-0.0518697463,NONE
2.83,-9.30424267E-06,1.12237656,-0.0518702865,4.04797106E-07,1.20447694E-05,-3.12646739E-06,0.102848753,1,3.13361102E-06,0.981493294,-1.18599164E-05,1.41335189,-0.140380204,3.84672876E-06,4.06131148E-05,4.48645733E-06,0.000199542061,0.000491023064,0.0409185775,7.23788935E-06,0.16873005,thorax,0.893146038,0.00221638451,right_foot,0.00924611092,1,-1.41903483E-05,-0.0518687069,NONE
2.85,-9.29499674E-06,1.12237656,-0.0518702902,6.97402029E-08,1.21891044E-05,-3.25464657E-06,0.102848753,1,2.8123743E-06,0.981493294,-1.18685239E-05,1.41335189,-0.140380204,1.73133776E-06,3.98568809E-05,4.51383585E-06,0.000195788656,0.000491142273,0.0409285128,7.25724021E-06,0.168741018,thorax,0.893146038,0.00221648859,right_foot,0.00924614258,1,1.86851162E-06,-0.0518673025,NONE
2.87,-9.28961072E-06,1.12237656,-0.0518702976,8.12367418E-08,1.59031715E-05,-3.07518781E-06,0.102848738,1,2.78613811E-06,0.981493294,-1.1865437E-05,1.41335189,-0.140380204,2.69187717E-06,4.11421061E-05,4.6086202E-06,0.000185410565,0.000491142273,0.0409285128,7.26162943E-06,0.168751448,thorax,0.893146038,0.00221646624,right_foot,0.00924605504,1,-1.58155945E-06,-0.0518688001,NONE
2.89,-9.29038924E-06,1.12237656,-0.0518702976,-2.23545314E-07,1.74108791E-05,-2.69801649E-06,0.102848738,1,3.017366E-06,0.981493294,-1.18764819E-05,1.41335189,-0.140380204,2.49160303E-06,4.33623791E-05,4.45471551E-06,0.000188245816,0.000491142273,0.0409285128,7.26441522E-06,0.168744311,thorax,0.893146217,0.00221647369,right_foot,0.00924610347,1,-5.81169525E-06,-0.0518706739,NONE
2.91,-9.29435009E-06,1.12237656,-0.0518702902,-5.10409279E-07,1.70106869E-05,-2.71534373E-06,0.102848753,1,2.92772643E-06,0.981493294,-1.18843627E-05,1.41335189,-0.140380204,1.8130379E-06,4.27886844E-05,4.47343518E-06,0.000187297584,0.000491023064,0.0409185775,7.26220651E-06,0.168745771,thorax,0.893146098,0.00221648114,right_foot,0.009246259,1,-5.02841829E-07,-0.0518696457,NONE
2.93,-9.30446549E-06,1.12237656,-0.0518702865,-3.25783816E-07,1.21211115E-05,-2.91226888E-06,0.102848753,1,3.1157133E-06,0.981493294,-1.18896414E-05,1.41335189,-0.140380204,3.28585475E-06,4.03672457E-05,5.1291554E-06,0.000197732574,0.000491023064,0.0409185775,7.23679977E-06,0.168730855,thorax,0.893146038,0.00221633981,right_foot,0.00924613979,1,-1.34480251E-05,-0.0518687069,NONE
2.95,-9.31025988E-06,1.12237656,-0.0518702865,-4.9524607E-07,1.6137843E-05,-2.89635454E-06,0.102848753,1,2.94900292E-06,0.981493294,-1.19043079E-05,1.41335189,-0.140380204,2.31330046E-06,4.24683094E-05,5.06667993E-06,0.00019013889,0.000491142273,0.0409285128,7.25162363E-06,0.168747187,thorax,0.893146038,0.00221642153,right_foot,0.00924615934,1,-6.48891137E-06,-0.0518679544,NONE
2.97,-9.3196777E-06,1.12237656,-0.0518702902,-4.42359578E-07,1.97178651E-05,-2.6908142E-06,0.102848753,1,3.12478983E-06,0.981493354,-1.19180195E-05,1.41335189,-0.140380189,2.94465781E-06,4.51058149E-05,4.18674881E-06,0.000187879632,0.000491023064,0.0409185775,7.2583266E-06,0.168749198,thorax,0.893146098,0.00221643643,right_foot,0.00924617983,1,-1.10749243E-05,-0.0518702604,NONE
2.99,-9.32581588E-06,1.12237656,-0.0518702865,-1.21469029E-07,1.86185171E-05,-2.76871992E-06,0.102848753,1,2.92378058E-06,0.981493294,-1.19177157E-05,1.41335201,-0.140380189,3.35232562E-06,3.63998115E-05,5.47603122E-06,0.000195686822,0.000490903854,0.0409086458,7.24569236E-06,0.168753996,thorax,0.893146038,0.00221636216,right_foot,0.00924617238,1,-5.75314789E-06,-0.0518666767,NONE
3.01,-9.32828789E-06,1.12237656,-0.0518702827,-9.18996577E-08,8.04626234E-06,-3.28196165E-06,0.102848753,1,2.95042037E-06,0.981493294,-1.19300767E-05,1.41335201,-0.140380174,2.96646158E-06,3.0387193E-05,6.16643683E-06,0.000196728928,0.000490903854,0.0409086458,7.23574158E-06,0.168737426,thorax,0.893146038,0.00221628021,right_foot,0.00924607366,1,-1.45093891E-05,-0.0518659763,NONE
3.03,-9.32392504E-06,1.12237656,-0.051870279,1.99453012E-07,1.53978635E-05,-2.71407703E-06,0.102848761,1,3.02595413E-06,0.981493294,-1.19225697E-05,1.41335201,-0.140380174,3.29016643E-06,3.73907387E-05,4.8852703E-06,0.00019457945,0.000491023064,0.0409185775,7.25277187E-06,0.168739483,thorax,0.893146038,0.00221635471,right_foot,0.00924596284,1,-8.38504911E-06,-0.0518700182,NONE
3.05,-9.32199237E-06,1.12237656,-0.051870279,1.17220281E-07,2.37976055E-05,-2.46918967E-06,0.102848761,1,2.84951648E-06,0.981493294,-1.1922436E-05,1.41335201,-0.140380174,3.30932221E-06,3.79085541E-05,4.97473457E-06,0.000180450821,0.000491023064,0.0409185775,7.2667076E-06,0.168771565,thorax,0.893146038,0.00221645134,right_foot,0.00924629532,1,-6.36137429E-06,-0.0518693849,NONE
3.07,-9.32015155E-06,1.12237656,-0.0518702753,6.23829592E-08,2.47082608E-05,-2.45805427E-06,0.102848768,1,2.92507843E-06,0.981493354,-1.19227725E-05,1.41335201,-0.140380174,3.89984643E-06,3.88324261E-05,4.90458251E-06,0.000180440082,0.000491023064,0.0409185775,7.26058988E-06,0.168772981,thorax,0.893146038,0.00221642153,right_foot,0.00924636144,1,-1.07973492E-05,-0.0518688969,NONE
3.09,-9.32005241E-06,1.12237656,-0.0518702716,1.21316759E-07,1.94245349E-05,-2.7266326E-06,0.102848768,1,3.11178292E-06,0.981493354,-1.19175065E-05,1.41335201,-0.140380174,4.53526718E-06,3.93912196E-05,4.44448824E-06,0.000184415869,0.000491023064,0.0409185775,7.24069969E-06,0.168753788,thorax,0.893146038,0.00221632491,right_foot,0.00924628414,1,-1.51169243E-05,-0.0518666953,NONE
3.11,-9.31816521E-06,1.12237656,-0.0518702716,-3.79023284E-08,1.4765249E-05,-3.10325072E-06,0.102848768,1,2.91309061E-06,0.981493294,-1.1919994E-05,1.41335201,-0.140380174,3.02043918E-06,3.56771052E-05,4.71298608E-06,0.000189834958,0.000491023064,0.0409185775,7.24941856E-06,0.168746784,thorax,0.893146098,0.00221637706,right_foot,0.00924624596,1,-3.80642177E-06,-0.0518660918,NONE
3.13,-9.318509E-06,1.12237656,-0.051870279,1.66368793E-07,1.03281491E-05,-3.20539152E-06,0.102848761,1,3.06401398E-06,0.981493294,-1.19121751E-05,1.41335201,-0.140380174,3.89552088E-06,3.36058438E-05,4.67290783E-06,0.000200868104,0.000490903854,0.0409086458,7.23900121E-06,0.168729365,thorax,0.893146038,0.00221629511,right_foot,0.00924601685,1,-1.32858113E-05,-0.0518687628,NONE
3.15,-9.31842715E-06,1.12237656,-0.051870279,-2.50350013E-07,4.81093184E-06,-3.48023627E-06,0.102848761,1,2.82890187E-06,0.981493294,-1.19165352E-05,1.41335201,-0.140380174,1.9268191E-06,2.86474824E-05,4.93104653E-06,0.000202245254,0.000490903854,0.0409086458,7.2472285E-06,0.168729767,thorax,0.893146038,0.00221636216,right_foot,0.00924601406,1,2.22871699E-06,-0.0518663116,NONE
3.17,-9.31164232E-06,1.12237656,-0.051870279,4.08577478E-07,1.59287119E-05,-2.8199197E-06,0.102848761,1,2.91770925E-06,0.981493294,-1.18897615E-05,1.41335201,-0.140380174,3.81582595E-06,3.71821225E-05,4.00832596E-06,0.000191695537,0.000491023064,0.0409185775,7.25384325E-06,0.168742508,thorax,0.893146098,0.00221638451,right_foot,0.00924592931,1,-6.94627988E-06,-0.0518703759,NONE
3.19,-9.30591887E-06,1.12237656,-0.051870279,5.69057335E-08,1.73795688E-05,-2.90203479E-06,0.102848761,1,3.04445848E-06,0.981493354,-1.18921425E-05,1.41335201,-0.140380174,3.95495545E-06,3.64594162E-05,4.14058422E-06,0.000180929404,0.000491023064,0.0409185775,7.2549451E-06,0.168756962,thorax,0.893146098,0.00221642153,right_foot,0.00924622454,1,-1.06470243E-05,-0.051868517,NONE
3.21,-9.30555962E-06,1.12237656,-0.051870279,6.43372218E-08,2.75608945E-05,-2.41415569E-06,0.102848761,1,3.02612671E-06,0.981493354,-1.18831913E-05,1.41335201,-0.140380174,4.81163488E-06,4.11532819E-05,3.80720917E-06,0.000178433824,0.000490903854,0.0409086458,7.25885775E-06,0.168776438,thorax,0.893146038,0.00221646624,right_foot,0.00924623664,1,-1.35005448E-05,-0.0518688932,NONE
3.23,-9.30153419E-06,1.12237656,-0.0518702753,1.28375433E-07,1.64948342E-05,-3.06419565E-06,0.102848768,1,2.97959355E-06,0.981493294,-1.18726011E-05,1.41335201,-0.140380174,3.91192589E-06,3.71411443E-05,3.81637392E-06,0.000188042017,0.000491023064,0.0409185775,7.24336314E-06,0.168749288,thorax,0.893146038,0.00221639173,right_foot,0.00924635306,1,-6.17968544E-06,-0.0518656969,NONE
3.25,-9.30381339E-06,1.12237656,-0.0518702827,-1.42728737E-07,8.97802511E-06,-3.47257674E-06,0.102848753,1,2.93087737E-06,0.981493294,-1.18792304E-05,1.41335201,-0.140380174,3.17572176E-06,3.12142074E-05,4.3014843E-06,0.000195471657,0.000490903854,0.0409086458,7.24505298E-06,0.168736756,thorax,0.893146038,0.00221635471,right_foot,0.00924607646,1,-1.00016205E-05,-0.0518671907,NONE
3.27,-9.30351234E-06,1.12237656,-0.051870279,-2.76622618E-08,1.64070079E-05,-2.93215908E-06,0.102848761,1,2.89032641E-06,0.981493294,-1.18658063E-05,1.41335201,-0.140380174,3.48011008E-06,3.77334654E-05,3.61542197E-06,0.000193123269,0.000491023064,0.0409185775,7.25331165E-06,0.168743044,thorax,0.893146038,0.00221644389,right_foot,0.00924597681,1,-5.2344667E-06,-0.0518704914,NONE
3.29,-9.30556962E-06,1.12237656,-0.051870279,1.81504006E-07,9.83740847E-06,-3.20952859E-06,0.102848761,1,3.20091635E-06,0.981493294,-1.18546322E-05,1.41335201,-0.140380174,4.74711351E-06,3.23429704E-05,4.31671424E-06,0.000198429552,0.000490903854,0.0409086458,7.23081803E-06,0.168731183,thorax,0.893146098,0.00221632491,right_foot,0.00924608391,1,-2.48194574E-05,-0.0518691912,NONE
3.31,-9.29887665E-06,1.12237656,-0.051870279,8.94620982E-08,1.48412191E-05,-3.00055171E-06,0.102848761,1,2.87934972E-06,0.981493294,-1.18521602E-05,1.41335201,-0.140380174,3.04499326E-06,3.51406634E-05,3.96190353E-06,0.000187206882,0.000491023064,0.0409185775,7.25724021E-06,0.168749079,thorax,0.893146038,0.00221645879,right_foot,0.00924610905,1,-5.12151701E-06,-0.0518686958,NONE
3.33,-9.29774978E-06,1.12237656,-0.051870279,-3.56323469E-08,1.59708834E-05,-2.84394901E-06,0.102848761,1,2.96609687E-06,0.981493294,-1.18512926E-05,1.41335201,-0.140380174,3.2636467E-06,3.66307795E-05,3.7688219E-06,0.000189104903,0.000491023064,0.0409185775,7.25885047E-06,0.168744132,thorax,0.893146098,0.00221648114,right_foot,0.00924621336,1,-6.36406821E-06,-0.0518699661,NONE
3.35,-9.29392627E-06,1.12237656,-0.051870279,1.29218975E-07,1.58054045E-05,-2.87456828E-06,0.102848761,1,2.89168293E-06,0.981493294,-1.18345642E-05,1.41335201,-0.140380174,3.45299327E-06,3.69921327E-05,3.98107977E-06,0.000191646337,0.000491023064,0.0409185775,7.25055179E-06,0.168742582,thorax,0.893146098,0.00221647369,right_foot,0.00924626738,1,-4.83733129E-06,-0.0518692881,NONE
3.37,-9.2966784E-06,1.12237656,-0.0518702753,-1.44641504E-07,2.38719531E-05,-2.68767803E-06,0.102848768,1,2.86410909E-06,0.981493294,-1.18340195E-05,1.41335201,-0.140380174,3.37931306E-06,3.80352139E-05,4.25425242E-06,0.000181909971,0.000490903854,0.0409086458,7.26778444E-06,0.168771893,thorax,0.893146098,0.00221654796,right_foot,0.00924632978,1,-5.50215327E-06,-0.0518692061,NONE
3.39,-9.29798716E-06,1.12237656,-0.051870279,-1.11610872E-08,2.51432357E-05,-2.67310998E-06,0.102848761,1,2.89370587E-06,0.981493354,-1.18310227E-05,1.41335201,-0.140380174,3.94530434E-06,3.92086804E-05,4.15106888E-06,0.000181291034,0.000490903854,0.0409086458,7.26106009E-06,0.16877386,thorax,0.893146038,0.00221651839,right_foot,0.00924638752,1,-9.29788075E-06,-0.0518690497,NONE
3.41,-9.29845373E-06,1.12237656,-0.0518702753,1.00585929E-07,1.90456067E-05,-2.90783987E-06,0.102848768,1,3.11796998E-06,0.981493354,-1.18262033E-05,1.41335201,-0.140380174,4.39892119E-06,3.91937792E-05,3.72763361E-06,0.000185905796,0.000490903854,0.0409086458,7.23900894E-06,0.168753058,thorax,0.893146098,0.00221641408,right_foot,0.00924627483,1,-1.5206263E-05,-0.0518672802,NONE
3.43,-9.29245743E-06,1.12237656,-0.051870279,1.64614704E-07,1.67137332E-05,-3.10966038E-06,0.102848761,1,2.93249423E-06,0.981493354,-1.18176822E-05,1.41335201,-0.140380174,3.78851269E-06,3.72417271E-05,3.7951072E-06,0.000188325052,0.000491023064,0.0409185775,7.24837719E-06,0.168749675,thorax,0.893146217,0.00221644389,right_foot,0.00924622733,1,-7.49878609E-06,-0.051866781,NONE
3.45,-9.28818281E-06,1.12237656,-0.0518702865,4.88142177E-07,2.55936411E-05,-2.70893111E-06,0.102848753,1,2.79476035E-06,0.981493294,-1.18034641E-05,1.41335189,-0.140380189,4.51838559E-06,4.45954502E-05,3.06948868E-06,0.000180569346,0.000491023064,0.0409185775,7.26328426E-06,0.168772027,thorax,0.893146098,0.00221651094,right_foot,0.00924620032,1,-2.0950838E-06,-0.0518685244,NONE
3.47,-9.27929432E-06,1.12237656,-0.0518702865,4.22007759E-07,2.95878926E-05,-2.73730643E-06,0.102848753,1,2.95093719E-06,0.981493354,-1.17995469E-05,1.41335189,-0.140380204,4.22899484E-06,4.65027988E-05,2.91064816E-06,0.000171524021,0.000491023064,0.0409185775,7.26384633E-06,0.168784365,thorax,0.893146098,0.00221654051,right_foot,0.00924635772,1,-1.2901387E-05,-0.0518700071,NONE
3.49,-9.27124165E-06,1.12237656,-0.0518702865,2.43355288E-07,1.76777448E-05,-3.21565904E-06,0.102848753,1,3.03638103E-06,0.981493294,-1.179028E-05,1.41335189,-0.140380204,3.75746458E-06,4.37647104E-05,3.71619763E-06,0.000189347236,0.000491023064,0.0409185775,7.24505298E-06,0.168748885,thorax,0.893146098,0.00221644389,right_foot,0.00924625061,1,-8.36761774E-06,-0.0518666431,NONE
3.51,-9.266907E-06,1.12237656,-0.0518702976,1.09603981E-07,2.07679623E-05,-3.24932125E-06,0.102848738,1,2.73991691E-06,0.981493294,-1.17852951E-05,1.41335189,-0.140380204,2.51502843E-06,4.09409404E-05,4.18985746E-06,0.000186579142,0.000491023064,0.0409185775,7.29928024E-06,0.168768331,thorax,0.893146098,0.00221655541,right_foot,0.00924617425,1,1.00033876E-05,-0.0518685207,NONE
3.53,-9.26954999E-06,1.12237656,-0.0518703051,-1.47446769E-07,1.51557224E-05,-3.19979222E-06,0.102848738,1,2.95231916E-06,0.981493294,-1.17937443E-05,1.41335189,-0.140380204,2.97170118E-06,4.08291817E-05,3.77816218E-06,0.000187286409,0.000491142273,0.0409285128,7.25724021E-06,0.168749973,thorax,0.893146217,0.00221648114,right_foot,0.00924604293,1,1.02521597E-06,-0.0518690199,NONE
3.55,-9.27271503E-06,1.12237656,-0.0518703051,-3.1845849E-07,2.09747795E-05,-2.73664818E-06,0.102848738,1,3.10004839E-06,0.981493354,-1.18000289E-05,1.41335189,-0.140380204,3.08524614E-06,4.54857945E-05,3.26281815E-06,0.000183385186,0.000491023064,0.0409185775,7.26060534E-06,0.168753341,thorax,0.893146217,0.00221651839,right_foot,0.00924607087,1,-1.0857003E-05,-0.0518714227,NONE
3.57,-9.27745896E-06,1.12237656,-0.0518703051,-1.24523595E-07,2.57878E-05,-2.56066437E-06,0.102848738,1,2.8082809E-06,0.981493294,-1.17975223E-05,1.41335189,-0.140380219,3.41496479E-06,4.58471477E-05,3.95349343E-06,0.000183239943,0.000491023064,0.0409185775,7.26106009E-06,0.168769032,thorax,0.893146038,0.00221653329,right_foot,0.00924626645,1,-4.29509282E-06,-0.0518680699,NONE
3.59,-9.28122063E-06,1.12237656,-0.0518703051,-4.14582985E-07,9.57800694E-06,-3.43188162E-06,0.102848738,1,2.99481439E-06,0.981493294,-1.18139478E-05,1.41335189,-0.140380219,2.70732335E-06,3.77036631E-05,5.00658916E-06,0.000197816349,0.000491023064,0.0409185775,7.23743278E-06,0.168735296,thorax,0.893146098,0.00221640663,right_foot,0.00924620964,1,-9.04975332E-06,-0.0518663563,NONE
3.61,-9.28731879E-06,1.12237656,-0.0518703051,-1.17882223E-07,3.02450426E-05,-2.47360595E-06,0.102848738,1,3.06270044E-06,0.981493354,-1.18086791E-05,1.41335189,-0.140380204,4.1006374E-06,4.7005713E-05,3.79051426E-06,0.000171532331,0.000491023064,0.0409185775,7.26607732E-06,0.168785051,thorax,0.893146217,0.00221652584,right_foot,0.00924598798,1,-1.39435406E-05,-0.0518725179,NONE
3.63,-9.29420639E-06,1.12237656,-0.0518703051,-3.84215582E-07,1.64969424E-05,-2.87965008E-06,0.102848738,1,3.29794693E-06,0.981493294,-1.18288126E-05,1.41335189,-0.140380204,3.3198171E-06,4.21702862E-05,3.84604209E-06,0.000188091901,0.000491142273,0.0409285128,7.29974772E-06,0.168747678,thorax,0.893146217,0.00221639802,right_foot,0.00924623385,1,-2.02962128E-05,-0.051867459,NONE
3.65,-9.29906219E-06,1.12237656,-0.0518703051,-3.63877064E-07,1.86463349E-05,-2.80075619E-06,0.102848738,1,3.07188043E-06,0.981493354,-1.18435501E-05,1.41335189,-0.140380204,2.94813958E-06,4.31202352E-05,4.25553208E-06,0.000182776159,0.000491142273,0.0409285128,7.31400769E-06,0.168756247,thorax,0.893146217,0.00221646507,right_foot,0.00924614258,1,-1.179622E-05,-0.0518690348,NONE
3.67,-9.30532133E-06,1.12237656,-0.0518702976,-1.52886685E-07,2.60409652E-05,-2.41341672E-06,0.102848738,1,2.78899665E-06,0.981493294,-1.18462349E-05,1.41335189,-0.140380204,3.27722864E-06,4.60296869E-05,4.17015417E-06,0.000183188356,0.000491023064,0.0409185775,7.31840828E-06,0.16876936,thorax,0.893146098,0.00221651699,right_foot,0.00924622547,1,-6.39143582E-06,-0.0518682636,NONE
3.69,-9.30741408E-06,1.12237656,-0.0518702976,-2.11052665E-07,1.03152734E-05,-3.24310622E-06,0.102848738,1,2.97838392E-06,0.981493294,-1.18590842E-05,1.41335189,-0.140380204,2.86555724E-06,3.78601253E-05,5.01202021E-06,0.00019530268,0.000491023064,0.0409185775,7.29545764E-06,0.168735966,thorax,0.893146098,0.00221636822,right_foot,0.00924625713,1,-9.8679875E-06,-0.0518666133,NONE
3.71,-9.30759234E-06,1.12237656,-0.0518702976,1.02135708E-07,1.75049754E-05,-2.76819333E-06,0.102848738,1,3.0434951E-06,0.981493294,-1.18575954E-05,1.41335189,-0.140380204,3.32164541E-06,4.43831086E-05,4.28144222E-06,0.000194432374,0.000491023064,0.0409185775,7.30738657E-06,0.168742076,thorax,0.893146038,0.00221643527,right_foot,0.00924599916,1,-9.1321308E-06,-0.0518702418,NONE
3.73,-9.30475107E-06,1.12237656,-0.0518702976,4.00902962E-07,1.11132813E-05,-3.0453366E-06,0.102848738,1,3.20674189E-06,0.981493294,-1.18529242E-05,1.41335189,-0.140380204,4.53035727E-06,3.89590859E-05,4.67206337E-06,0.000199505434,0.000491023064,0.0409185775,7.28941768E-06,0.168731362,thorax,0.893146038,0.00221632351,right_foot,0.00924607459,1,-2.70045839E-05,-0.0518691912,NONE
3.75,-9.29429916E-06,1.12237656,-0.0518702976,3.08178869E-07,1.59318261E-05,-2.79536653E-06,0.102848738,1,2.89446962E-06,0.981493294,-1.18459639E-05,1.41335189,-0.140380204,3.32754257E-06,4.21144068E-05,4.77867297E-06,0.000189285871,0.000491142273,0.0409285128,7.3085107E-06,0.168748006,thorax,0.893146098,0.00221641292,right_foot,0.00924605504,1,-7.41419535E-06,-0.0518684797,NONE
3.77,-9.29546059E-06,1.12237656,-0.0518702976,-1.30731976E-07,1.03366383E-05,-3.08610424E-06,0.102848738,1,3.03386037E-06,0.981493294,-1.18589187E-05,1.41335189,-0.140380204,2.96228723E-06,3.76552343E-05,4.97086194E-06,0.000194172069,0.000491023064,0.0409185775,7.30088868E-06,0.168737337,thorax,0.893146038,0.00221639057,right_foot,0.00924613047,1,-9.60386842E-06,-0.0518671386,NONE
3.79,-9.2962473E-06,1.12237656,-0.0518702902,-4.51832918E-08,1.73141525E-05,-2.62175672E-06,0.102848753,1,2.96831217E-06,0.981493294,-1.18533198E-05,1.41335189,-0.140380204,3.08319841E-06,4.40068543E-05,4.74011995E-06,0.000192805237,0.000491023064,0.0409185775,7.31125601E-06,0.16874212,thorax,0.893146038,0.00221644272,right_foot,0.00924606901,1,-5.86981969E-06,-0.0518701337,NONE
3.81,-9.30174974E-06,1.12237656,-0.0518702976,-2.59277954E-07,2.67436881E-05,-2.44503167E-06,0.102848738,1,2.92395384E-06,0.981493354,-1.18617572E-05,1.41335189,-0.140380204,3.42851149E-06,4.57130373E-05,4.80101562E-06,0.000179981827,0.000491023064,0.0409185775,7.32063063E-06,0.168775067,thorax,0.893146038,0.00221650209,right_foot,0.00924633909,1,-8.13478528E-06,-0.0518693253,NONE
3.83,-9.3088247E-06,1.12237656,-0.0518702865,-3.59212549E-07,1.38266687E-05,-2.9133605E-06,0.102848753,1,3.23285235E-06,0.981493354,-1.18732933E-05,1.41335189,-0.140380189,3.35117556E-06,4.20324504E-05,4.55531654E-06,0.000197816567,0.000491142273,0.0409285128,7.29266094E-06,0.168736443,thorax,0.893146038,0.00221633841,right_foot,0.00924621522,1,-1.50881924E-05,-0.0518661998,NONE
3.85,-9.31630984E-06,1.12237656,-0.0518702865,-2.6687556E-07,1.36848457E-05,-2.9773712E-06,0.102848753,1,3.15057491E-06,0.981493354,-1.18821063E-05,1.41335189,-0.140380189,3.117593E-06,4.14922833E-05,4.78386983E-06,0.000195610031,0.000491142273,0.0409285128,7.29483736E-06,0.168738008,thorax,0.893146038,0.00221635331,right_foot,0.00924609043,1,-1.57641916E-05,-0.0518667847,NONE
3.87,-9.32118746E-06,1.12237656,-0.0518702865,-2.00565921E-07,1.06178231E-05,-3.10143469E-06,0.102848753,1,3.0052438E-06,0.981493294,-1.18921862E-05,1.41335189,-0.140380189,2.85871715E-06,3.86312604E-05,4.99087901E-06,0.000197574656,0.000491023064,0.0409185775,7.29809381E-06,0.16873394,thorax,0.893146038,0.00221635331,right_foot,0.00924606528,1,-1.0364276E-05,-0.051866293,NONE
3.89,-9.31855811E-06,1.12237656,-0.0518702865,5.27345136E-08,1.76366939E-05,-2.75835555E-06,0.102848753,1,3.01640216E-06,0.981493294,-1.188858E-05,1.41335189,-0.140380189,2.98023883E-06,4.42788005E-05,4.0647069E-06,0.000192452033,0.000491142273,0.0409285128,7.31013233E-06,0.168742195,thorax,0.893146038,0.00221642037,right_foot,0.00924608391,1,-6.74125158E-06,-0.0518696196,NONE
3.91,-9.31693103E-06,1.12237656,-0.0518702865,2.22285294E-07,1.55196922E-05,-3.00786041E-06,0.102848753,1,2.98784607E-06,0.981493294,-1.18852113E-05,1.41335189,-0.140380189,4.10994971E-06,4.09632921E-05,4.58145632E-06,0.00018669272,0.000491142273,0.0409285128,7.30301736E-06,0.168750092,thorax,0.893146038,0.00221637567,right_foot,0.00924617331,1,-2.09756727E-05,-0.0518684834,NONE
3.93,-9.31327668E-06,1.12237656,-0.0518702976,4.41383499E-08,9.90767694E-06,-3.11544136E-06,0.102848738,1,2.97952238E-06,0.981493294,-1.18907792E-05,1.41335189,-0.140380189,3.1516347E-06,3.73497605E-05,4.9303917E-06,0.000194276159,0.000491023064,0.0409185775,7.30191505E-06,0.168736503,thorax,0.893146098,0.00221636076,right_foot,0.00924606062,1,-1.07370206E-05,-0.0518675074,NONE
3.95,-9.30621172E-06,1.12237656,-0.0518702865,3.00747502E-07,1.74242559E-05,-2.63944821E-06,0.102848753,1,2.94920574E-06,0.981493294,-1.1876914E-05,1.41335189,-0.140380189,3.30020271E-06,4.41670418E-05,4.22331277E-06,0.000192557796,0.000491142273,0.0409285128,7.31069031E-06,0.168741897,thorax,0.893146038,0.00221642037,right_foot,0.00924603455,1,-5.75712647E-06,-0.0518699698,NONE
3.97,-9.30137867E-06,1.12237656,-0.0518702865,1.97390577E-07,9.34633681E-06,-3.22352867E-06,0.102848753,1,3.02361036E-06,0.981493294,-1.18765947E-05,1.41335189,-0.140380189,3.45772082E-06,3.72417271E-05,5.15151623E-06,0.000196551759,0.000491023064,0.0409185775,7.29375688E-06,0.168735325,thorax,0.893146038,0.00221633841,right_foot,0.00924618263,1,-9.44052408E-06,-0.051866293,NONE
3.99,-9.30062379E-06,1.12237656,-0.0518702865,4.59296885E-08,2.86039067E-05,-2.3774171E-06,0.102848753,1,2.95431255E-06,0.981493354,-1.18704338E-05,1.41335201,-0.140380189,4.44665875E-06,4.74527478E-05,4.17315323E-06,0.000179325434,0.000490903854,0.0409086458,7.31731598E-06,0.168777153,thorax,0.893146038,0.00221647229,right_foot,0.00924608763,1,-1.31047627E-05,-0.0518704392,NONE
4.01,-9.2985174E-06,1.12237656,-0.0518702865,-1.39779416E-07,1.50379992E-05,-3.03029697E-06,0.102848753,1,2.88037177E-06,0.981493294,-1.18694388E-05,1.41335201,-0.140380189,2.8648692E-06,3.64556909E-05,4.98253394E-06,0.000193227112,0.000491023064,0.0409185775,7.30634565E-06,0.168744996,thorax,0.893146038,0.00221639802,right_foot,0.00924634468,1,-2.33870151E-06,-0.0518658161,NONE
4.03,-9.3064009E-06,1.12237656,-0.0518702865,-2.85166749E-07,2.65873696E-05,-2.54892393E-06,0.102848753,1,2.95379368E-06,0.981493354,-1.18754751E-05,1.41335201,-0.140380174,3.77412903E-06,4.01847064E-05,4.52960012E-06,0.000180627772,0.000491023064,0.0409185775,7.32286708E-06,0.168776184,thorax,0.893146038,0.00221645762,right_foot,0.0092461491,1,-1.1864412E-05,-0.0518704094,NONE
4.05,-9.31097475E-06,1.12237656,-0.0518702827,-3.25651911E-07,1.64610428E-05,-2.81272719E-06,0.102848753,1,2.9172495E-06,0.981493294,-1.18792696E-05,1.41335201,-0.140380174,2.9903872E-06,3.70554626E-05,4.38759434E-06,0.000188308506,0.000491023064,0.0409185775,7.307945E-06,0.168747902,thorax,0.893146038,0.00221638312,right_foot,0.00924626365,1,-5.59803266E-06,-0.0518668145,NONE
4.07,-9.31602517E-06,1.12237656,-0.0518702865,-2.3781439E-08,2.65624567E-05,-2.48924539E-06,0.102848753,1,2.94750953E-06,0.981493354,-1.18782973E-05,1.41335201,-0.140380174,4.39801897E-06,4.00468707E-05,4.08109281E-06,0.000178726303,0.000491023064,0.0409185775,7.31296768E-06,0.168775856,thorax,0.893146038,0.00221642037,right_foot,0.0092462115,1,-1.54207428E-05,-0.0518697612,NONE
4.09,-9.31215891E-06,1.12237656,-0.0518702827,3.54900287E-08,1.48975469E-05,-2.96925919E-06,0.102848753,1,2.87328453E-06,0.981493294,-1.18780399E-05,1.41335201,-0.140380174,2.88348792E-06,3.58559191E-05,4.03699323E-06,0.000190041974,0.000491023064,0.0409185775,7.307945E-06,0.168746084,thorax,0.893146038,0.00221639802,right_foot,0.00924630091,1,-4.55187319E-06,-0.0518659279,NONE
4.11,-9.31015256E-06,1.12237656,-0.0518702827,5.53345325E-09,1.78851642E-05,-2.84660018E-06,0.102848753,1,3.10247651E-06,0.981493354,-1.18775479E-05,1.41335201,-0.140380174,3.72110662E-06,3.80277634E-05,3.72828868E-06,0.000188169797,0.000491023064,0.0409185775,7.31069031E-06,0.168748453,thorax,0.893146098,0.00221640547,right_foot,0.00924613513,1,-1.19105416E-05,-0.0518702008,NONE
4.13,-9.30699025E-06,1.12237656,-0.0518702827,3.02449308E-07,2.4490806E-05,-2.55343139E-06,0.102848753,1,2.83827876E-06,0.981493294,-1.18641174E-05,1.41335201,-0.140380174,4.08727237E-06,3.93353403E-05,4.11677502E-06,0.000184360368,0.000490903854,0.0409086458,7.31731598E-06,0.168768004,thorax,0.893146038,0.00221646507,right_foot,0.00924624316,1,-6.13164002E-06,-0.0518680513,NONE
4.15,-9.30596616E-06,1.12237656,-0.0518702865,-6.87578039E-09,8.41152359E-06,-3.38831501E-06,0.102848753,1,2.98349801E-06,0.981493294,-1.18685321E-05,1.41335201,-0.140380174,3.2533635E-06,3.08677554E-05,4.40247732E-06,0.00019607578,0.000490903854,0.0409086458,7.29217754E-06,0.168736503,thorax,0.893146038,0.00221633096,right_foot,0.00924622361,1,-9.87715975E-06,-0.0518663563,NONE
4.17,-9.30167243E-06,1.12237656,-0.051870279,2.15162856E-07,1.61317494E-05,-2.89610921E-06,0.102848761,1,3.00012516E-06,0.981493294,-1.18566031E-05,1.41335201,-0.140380174,3.41662053E-06,3.76552343E-05,3.42113708E-06,0.000193802451,0.000491023064,0.0409185775,7.31069031E-06,0.168741807,thorax,0.893146038,0.00221642037,right_foot,0.00924597122,1,-6.45958426E-06,-0.0518701747,NONE
4.19,-9.29913676E-06,1.12237656,-0.0518702827,9.40455394E-08,2.37521563E-05,-2.74531749E-06,0.102848753,1,2.8180541E-06,0.981493294,-1.18558428E-05,1.41335201,-0.140380174,3.68823953E-06,3.76552343E-05,3.92820493E-06,0.000180237374,0.000490903854,0.0409086458,7.34931336E-06,0.168772742,thorax,0.893146038,0.00221650209,right_foot,0.00924627576,1,-6.47745901E-06,-0.0518692918,NONE
4.21,-9.29868838E-06,1.12237656,-0.051870279,-1.46491228E-08,1.63852328E-05,-2.94736265E-06,0.102848761,1,2.89368336E-06,0.981493294,-1.18559892E-05,1.41335201,-0.140380174,2.79690175E-06,3.66158783E-05,3.67393795E-06,0.000188330974,0.000491023064,0.0409185775,7.31182899E-06,0.168746993,thorax,0.893146038,0.00221645017,right_foot,0.00924626738,1,1.80111817E-06,-0.0518694036,NONE
4.23,-9.29829184E-06,1.12237656,-0.051870279,-2.12061586E-08,1.5972726E-05,-2.92393065E-06,0.102848761,1,2.98977534E-06,0.981493294,-1.18540047E-05,1.41335201,-0.140380174,3.05917206E-06,3.67797911E-05,3.78551385E-06,0.000190485516,0.000491023064,0.0409185775,7.31458067E-06,0.168744177,thorax,0.893146038,0.00221644272,right_foot,0.00924619567,1,-6.55035046E-06,-0.0518696643,NONE
4.25,-9.29844828E-06,1.12237656,-0.051870279,-1.02946657E-07,1.96466281E-05,-2.76323567E-06,0.102848761,1,3.13972646E-06,0.981493354,-1.1852404E-05,1.41335201,-0.140380174,3.4322677E-06,3.90820205E-05,3.4439704E-06,0.000184604054,0.000490903854,0.0409086458,7.31344244E-06,0.168752953,thorax,0.893146038,0.00221647229,right_foot,0.00924623478,1,-1.15318144E-05,-0.0518702865,NONE
4.27,-9.30087845E-06,1.12237656,-0.051870279,-2.94549352E-07,2.26925586E-05,-2.70280179E-06,0.102848761,1,2.85340434E-06,0.981493294,-1.18574008E-05,1.41335201,-0.140380174,2.60477032E-06,3.77520919E-05,4.15415616E-06,0.000186113961,0.000490903854,0.0409086458,7.32508033E-06,0.168767259,thorax,0.893146038,0.0022165319,right_foot,0.00924635772,1,-7.24408324E-07,-0.0518676639,NONE
4.29,-9.30303031E-06,1.12237656,-0.051870279,8.6109857E-08,1.03102821E-05,-3.25543874E-06,0.102848761,1,3.12173347E-06,0.981493294,-1.18490852E-05,1.41335201,-0.140380174,3.78911318E-06,3.39709222E-05,3.98404882E-06,0.000202984345,0.000490903854,0.0409086458,7.2883513E-06,0.168728083,thorax,0.893146038,0.00221634586,right_foot,0.00924619474,1,-1.36751596E-05,-0.0518679135,NONE
4.31,-9.30009719E-06,1.12237656,-0.051870279,9.73597665E-08,1.76823596E-05,-3.02423268E-06,0.102848761,1,3.03963429E-06,0.981493354,-1.18487278E-05,1.41335201,-0.140380174,3.88583567E-06,3.76440585E-05,3.86845704E-06,0.000187189129,0.000491023064,0.0409185775,7.30520605E-06,0.168753728,thorax,0.893146038,0.00221643527,right_foot,0.00924606714,1,-1.245965E-05,-0.0518687703,NONE
4.33,-9.29776434E-06,1.12237656,-0.051870279,-1.19130137E-08,1.75845144E-05,-2.93380594E-06,0.102848761,1,3.07042092E-06,0.981493354,-1.18489825E-05,1.41335201,-0.140380174,3.90595233E-06,3.7830323E-05,3.66385734E-06,0.000187677375,0.000491023064,0.0409185775,7.30520605E-06,0.168751284,thorax,0.893146038,0.00221642782,right_foot,0.00924615096,1,-9.98257292E-06,-0.0518672615,NONE
4.35,-9.29827911E-06,1.12237656,-0.051870279,6.77275267E-08,1.94551958E-05,-2.83964619E-06,0.102848761,1,3.12137195E-06,0.981493354,-1.18444077E-05,1.41335201,-0.140380174,4.41804013E-06,3.92831862E-05,3.59565115E-06,0.000185567464,0.000491023064,0.0409185775,7.30409647E-06,0.168754593,thorax,0.893146038,0.00221641292,right_foot,0.00924617052,1,-1.4627678E-05,-0.0518675558,NONE
4.37,-9.29669568E-06,1.12237656,-0.051870279,-7.18210416E-08,1.5864076E-05,-3.05869776E-06,0.102848761,1,2.97651104E-06,0.981493294,-1.18436365E-05,1.41335201,-0.140380174,3.30658236E-06,3.65786254E-05,3.87509635E-06,0.000189794897,0.000491023064,0.0409185775,7.30520605E-06,0.16874738,thorax,0.893146038,0.00221641292,right_foot,0.00924620777,1,-7.07887011E-06,-0.0518666878,NONE
4.39,-9.29841281E-06,1.12237656,-0.0518702827,-4.88713887E-08,2.52597802E-05,-2.7529984E-06,0.102848753,1,2.91762171E-06,0.981493354,-1.18426869E-05,1.41335201,-0.140380174,3.7746554E-06,3.89255583E-05,3.76477237E-06,0.000179620227,0.000490903854,0.0409086458,7.32118042E-06,0.168775633,thorax,0.893146038,0.00221650954,right_foot,0.00924621895,1,-9.26657322E-06,-0.0518696941,NONE
4.41,-9.30072474E-06,1.12237656,-0.051870279,2.57266231E-09,1.98597209E-05,-2.87875878E-06,0.102848761,1,3.13836881E-06,0.981493354,-1.18423304E-05,1.41335201,-0.140380174,4.5203883E-06,3.95290554E-05,3.5107164E-06,0.000184264936,0.000490903854,0.0409086458,7.29863768E-06,0.168755218,thorax,0.893146098,0.00221639802,right_foot,0.00924621243,1,-1.64967005E-05,-0.0518673807,NONE
4.43,-9.29806629E-06,1.12237656,-0.051870279,5.23300301E-08,1.67648304E-05,-3.11126996E-06,0.102848761,1,2.92629488E-06,0.981493354,-1.18409544E-05,1.41335201,-0.140380174,3.51424751E-06,3.70852649E-05,3.61964953E-06,0.000187758094,0.000491023064,0.0409185775,7.30520605E-06,0.168750077,thorax,0.893146038,0.00221641292,right_foot,0.00924619287,1,-8.00745784E-06,-0.051866807,NONE
4.45,-9.29578164E-06,1.12237656,-0.0518702865,5.03483477E-07,2.571812E-05,-2.73603837E-06,0.102848753,1,2.80294512E-06,0.981493294,-1.18247654E-05,1.41335189,-0.140380189,4.65411222E-06,4.45209444E-05,2.41171915E-06,0.000179998679,0.000491023064,0.0409185775,7.31678119E-06,0.168773338,thorax,0.893146038,0.00221646507,right_foot,0.00924615376,1,-2.2852837E-06,-0.0518688448,NONE
4.47,-9.28682766E-06,1.12237656,-0.0518702865,1.5795284E-07,1.59669307E-05,-3.29893373E-06,0.102848753,1,2.88993783E-06,0.981493294,-1.18324497E-05,1.41335189,-0.140380189,2.67275254E-06,4.11905348E-05,3.46734259E-06,0.000185773082,0.000491023064,0.0409185775,7.31240971E-06,0.168751329,thorax,0.893146038,0.00221647229,right_foot,0.00924627855,1,-4.12908867E-06,-0.0518678874,NONE
4.49,-9.28302688E-06,1.12237656,-0.0518702976,6.38872208E-08,1.10435449E-05,-3.36064022E-06,0.102848738,1,3.03349611E-06,0.981493294,-1.18301323E-05,1.41335189,-0.140380204,3.17531794E-06,3.91937792E-05,3.86725333E-06,0.000199220129,0.000491023064,0.0409185775,7.30361398E-06,0.168731526,thorax,0.893146038,0.00221640547,right_foot,0.00924599264,1,-8.47165393E-06,-0.0518691093,NONE
4.51,-9.28621012E-06,1.12237656,-0.0518703051,2.42808031E-08,2.84439157E-05,-2.63321658E-06,0.102848738,1,3.02470585E-06,0.981493354,-1.18269745E-05,1.41335201,-0.140380219,4.48194851E-06,4.74601984E-05,3.20103095E-06,0.000180742383,0.000490903854,0.0409086458,7.25939708E-06,0.168777078,thorax,0.893146038,0.00221651094,right_foot,0.00924602896,1,-1.37559146E-05,-0.0518706851,NONE
4.53,-9.28351528E-06,1.12237656,-0.0518703051,-1.07755135E-07,1.67518374E-05,-3.13179271E-06,0.102848738,1,2.97177485E-06,0.981493354,-1.18254229E-05,1.41335201,-0.140380219,3.33450407E-06,3.80128622E-05,4.84033717E-06,0.000192315463,0.000491023064,0.0409185775,7.2477992E-06,0.168747738,thorax,0.893146038,0.00221642898,right_foot,0.00924620312,1,-6.66165715E-06,-0.0518669747,NONE
4.55,-9.28412283E-06,1.12237656,-0.0518703088,1.81138404E-07,1.63138775E-05,-2.99757789E-06,0.102848731,1,2.99720136E-06,0.981493294,-1.18165344E-05,1.41335201,-0.140380204,4.24981954E-06,3.69139016E-05,4.12569261E-06,0.000190230465,0.000491023064,0.0409185775,7.2455623E-06,0.168748736,thorax,0.893146038,0.00221638451,right_foot,0.00924596284,1,-2.14782699E-06,-0.051867716,NONE
4.57,-9.28412373E-06,1.12237656,-0.0518703088,1.68069398E-08,2.42022616E-05,-2.5264344E-06,0.102848731,1,2.82619499E-06,0.981493294,-1.18213102E-05,1.41335201,-0.140380204,3.35900609E-06,3.81506979E-05,3.98104839E-06,0.000180700328,0.000491023064,0.0409185775,7.27224369E-06,0.168772146,thorax,0.893146038,0.00221650349,right_foot,0.00924612023,1,-4.47524144E-06,-0.0518700853,NONE
4.59,-9.28469126E-06,1.12237656,-0.0518703051,-7.15436244E-08,8.62261004E-06,-3.10365454E-06,0.102848738,1,2.95557584E-06,0.981493294,-1.18313019E-05,1.41335201,-0.140380204,2.98757141E-06,3.08901072E-05,4.42700275E-06,0.000195553366,0.000490903854,0.0409086458,7.23900894E-06,0.168736249,thorax,0.893146038,0.00221636961,right_foot,0.00924617052,1,-9.64559058E-06,-0.0518669374,NONE
4.61,-9.28974805E-06,1.12237656,-0.0518703051,-3.39851283E-07,8.49048683E-06,-3.07965206E-06,0.102848738,1,2.99071462E-06,0.981493294,-1.18398948E-05,1.41335201,-0.140380204,2.71101521E-06,3.11136246E-05,4.68153485E-06,0.000196665191,0.000490903854,0.0409086458,7.24015899E-06,0.168735817,thorax,0.893146038,0.00221638451,right_foot,0.00924597494,1,-7.86976489E-06,-0.0518674292,NONE
4.63,-9.29521775E-06,1.12237656,-0.0518702976,-4.41417427E-07,1.62063097E-05,-2.64843447E-06,0.102848738,1,3.00061834E-06,0.981493294,-1.18457856E-05,1.41335201,-0.140380204,2.70751048E-06,3.7457794E-05,4.31116769E-06,0.000192673629,0.000490903854,0.0409086458,7.25331165E-06,0.168743327,thorax,0.893146038,0.00221646624,right_foot,0.00924606528,1,-6.63001856E-06,-0.0518699959,NONE
4.65,-9.29802172E-06,1.12237656,-0.0518702976,-1.72941952E-07,1.63378882E-05,-2.72957186E-06,0.102848738,1,2.96093867E-06,0.981493294,-1.18455E-05,1.41335201,-0.140380204,2.98874784E-06,3.7420541E-05,4.6567734E-06,0.000192243533,0.000490903854,0.0409086458,7.24941856E-06,0.168743119,thorax,0.893146038,0.00221644389,right_foot,0.0092462413,1,-7.55267592E-06,-0.0518692657,NONE
4.67,-9.29869384E-06,1.12237656,-0.0518702976,1.67341796E-07,1.06803709E-05,-2.97594647E-06,0.102848738,1,3.20136496E-06,0.981493294,-1.18440948E-05,1.41335189,-0.140380189,4.41336988E-06,3.73274088E-05,4.21014647E-06,0.000194587017,0.000491023064,0.0409185775,7.23301355E-06,0.168735027,thorax,0.893146038,0.00221633236,right_foot,0.00924609788,1,-2.60756751E-05,-0.0518693626,NONE
4.69,-9.29488579E-06,1.12237656,-0.0518702827,7.80404719E-09,6.49598451E-06,-3.23831978E-06,0.102848753,1,2.77549566E-06,0.981493294,-1.18465123E-05,1.41335189,-0.140380189,1.88145395E-06,3.52971256E-05,4.734105E-06,0.000201758317,0.000491023064,0.0409185775,7.24563142E-06,0.168731496,thorax,0.893146038,0.00221641408,right_foot,0.00924608298,1,9.13490737E-07,-0.0518663414,NONE
4.71,-9.29107046E-06,1.12237656,-0.051870279,2.40565413E-07,1.75350506E-05,-2.78260791E-06,0.102848761,1,2.95149994E-06,0.981493294,-1.18393555E-05,1.41335189,-0.140380189,3.20235949E-06,4.42452729E-05,4.12765985E-06,0.000194171327,0.000491023064,0.0409185775,7.24998154E-06,0.168743074,thorax,0.893146038,0.00221646624,right_foot,0.00924609136,1,-6.31675448E-06,-0.0518695973,NONE
4.73,-9.28576537E-06,1.12237656,-0.051870279,5.49343099E-07,1.11757272E-05,-3.16930573E-06,0.102848761,1,3.077668E-06,0.981493294,-1.1829522E-05,1.41335189,-0.140380189,4.64261757E-06,3.90335917E-05,4.56345924E-06,0.000200192677,0.000491023064,0.0409185775,7.2313519E-06,0.168732196,thorax,0.893146038,0.00221633981,right_foot,0.00924615748,1,-2.43666927E-05,-0.0518687516,NONE
4.75,-9.27369638E-06,1.12237656,-0.0518702827,1.95731715E-07,1.54080735E-05,-3.03511229E-06,0.102848753,1,2.89482705E-06,0.981493294,-1.18240123E-05,1.41335189,-0.140380189,2.79177584E-06,4.14662063E-05,4.75975321E-06,0.000190567749,0.000491142273,0.0409285128,7.25607742E-06,0.168748245,thorax,0.893146038,0.00221646624,right_foot,0.00924613234,1,-3.30295734E-06,-0.0518679544,NONE
4.77,-9.27324254E-06,1.12237656,-0.0518702865,8.46728838E-08,2.65632443E-05,-2.52357586E-06,0.102848753,1,3.00282227E-06,0.981493354,-1.18265143E-05,1.41335189,-0.140380189,3.84491477E-06,4.53442335E-05,4.50479547E-06,0.000179434457,0.000491023064,0.0409185775,7.26144208E-06,0.168775499,thorax,0.893146038,0.00221653329,right_foot,0.00924623758,1,-9.11036113E-06,-0.0518699735,NONE
4.79,-9.27599558E-06,1.12237656,-0.0518702865,-2.64829623E-07,1.05366898E-05,-3.10347195E-06,0.102848753,1,3.09971347E-06,0.981493294,-1.18331254E-05,1.41335189,-0.140380189,2.93071844E-06,3.901124E-05,5.21747234E-06,0.000199741335,0.000491023064,0.0409185775,7.24015899E-06,0.16873239,thorax,0.893146038,0.00221636216,right_foot,0.00924625061,1,-9.87084786E-06,-0.0518656075,NONE
4.81,-9.28448935E-06,1.12237656,-0.0518702865,-5.70588497E-07,9.96809285E-06,-3.23736276E-06,0.102848753,1,3.01198452E-06,0.981493294,-1.18469807E-05,1.41335189,-0.140380189,2.6313719E-06,3.79867852E-05,5.19087462E-06,0.0001979683,0.000491023064,0.0409185775,7.2395801E-06,0.16873534,thorax,0.893146038,0.00221636961,right_foot,0.00924603175,1,-8.69453561E-06,-0.0518669896,NONE
4.83,-9.29547332E-06,1.12237656,-0.0518702865,-7.35774904E-07,1.76457706E-05,-2.82347378E-06,0.102848753,1,2.98691634E-06,0.981493294,-1.18589851E-05,1.41335189,-0.140380189,2.34893446E-06,4.41856682E-05,4.23384517E-06,0.00019365472,0.000491142273,0.0409285128,7.25665495E-06,0.168743536,thorax,0.893146038,0.00221646624,right_foot,0.00924607646,1,-5.68202677E-06,-0.0518699735,NONE
4.85,-9.30651458E-06,1.12237656,-0.0518702827,-6.66272854E-07,1.92511361E-05,-2.75686625E-06,0.102848753,1,2.8687648E-06,0.981493354,-1.18688904E-05,1.41335189,-0.140380189,1.68945189E-06,4.50611115E-05,4.50918742E-06,0.000189874729,0.000491142273,0.0409285128,7.26441522E-06,0.168745548,thorax,0.893146038,0.00221649604,right_foot,0.00924626831,1,-2.85385772E-06,-0.0518699586,NONE
4.87,-9.3196295E-06,1.12237656,-0.0518702827,-6.06939068E-07,1.13780234E-05,-3.07578489E-06,0.102848753,1,3.10419045E-06,0.981493294,-1.18843991E-05,1.41335189,-0.140380174,2.56912858E-06,3.92124057E-05,4.58911381E-06,0.000199209637,0.000491023064,0.0409185775,7.24610982E-06,0.168732539,thorax,0.893146038,0.00221639173,right_foot,0.00924620591,1,-1.10399587E-05,-0.051868625,NONE
4.89,-9.32238709E-06,1.12237656,-0.051870279,-1.31886409E-07,1.67948947E-05,-2.72223906E-06,0.102848761,1,2.97319161E-06,0.981493294,-1.1881496E-05,1.41335201,-0.140380174,2.95856626E-06,3.85679305E-05,4.56537009E-06,0.00019513804,0.000491023064,0.0409185775,7.2483158E-06,0.168741956,thorax,0.893146038,0.00221642153,right_foot,0.00924610998,1,-7.50113077E-06,-0.051869832,NONE
4.91,-9.32273269E-06,1.12237656,-0.051870279,1.42543641E-07,8.82061977E-06,-3.17410127E-06,0.102848761,1,2.98296959E-06,0.981493294,-1.18832259E-05,1.41335201,-0.140380174,3.3073286E-06,3.14414501E-05,5.37884443E-06,0.000197907313,0.000490903854,0.0409086458,7.23734092E-06,0.168734893,thorax,0.893146038,0.00221633981,right_foot,0.00924618077,1,-1.16210285E-05,-0.0518666953,NONE
4.93,-9.31919294E-06,1.12237656,-0.051870279,2.28523618E-07,8.38102096E-06,-3.066619E-06,0.102848761,1,2.92473487E-06,0.981493294,-1.18822172E-05,1.41335201,-0.140380174,3.32753962E-06,3.11844051E-05,5.27887141E-06,0.000197565154,0.000490903854,0.0409086458,7.24117854E-06,0.168734431,thorax,0.893146038,0.00221633981,right_foot,0.00924600381,1,-9.70305882E-06,-0.0518673509,NONE
4.95,-9.31378145E-06,1.12237656,-0.0518702753,3.8151444E-07,2.72588441E-05,-2.25303711E-06,0.102848768,1,3.07109417E-06,0.981493354,-1.18766147E-05,1.41335201,-0.140380174,4.70457871E-06,4.08105552E-05,4.66312486E-06,0.000178636648,0.000491023064,0.0409185775,7.2583266E-06,0.168776438,thorax,0.893146038,0.00221645879,right_foot,0.00924616586,1,-1.5393518E-05,-0.0518702194,NONE
4.97,-9.30392798E-06,1.12237656,-0.0518702716,2.8490814E-07,1.48241697E-05,-2.91869083E-06,0.102848768,1,2.82064252E-06,0.981493294,-1.18702674E-05,1.41335201,-0.140380174,3.07249638E-06,3.58372927E-05,4.76218293E-06,0.000190625229,0.000491023064,0.0409185775,7.24505298E-06,0.168746263,thorax,0.893146038,0.00221639918,right_foot,0.00924643874,1,-2.59790522E-06,-0.0518654287,NONE
4.99,-9.29854741E-06,1.12237656,-0.0518702753,1.17327446E-08,1.55081943E-05,-2.93505605E-06,0.102848768,1,2.98807936E-06,0.981493294,-1.18672069E-05,1.41335201,-0.140380174,3.12242287E-06,3.64296138E-05,4.41524116E-06,0.000190840379,0.000491023064,0.0409185775,7.25665495E-06,0.168744028,thorax,0.893146038,0.00221642153,right_foot,0.00924621522,1,-5.49483957E-06,-0.0518694296,NONE
5.01,-9.29969701E-06,1.12237656,-0.051870279,-9.52221484E-08,1.01087562E-05,-3.079002E-06,0.102848761,1,3.05334697E-06,0.981493294,-1.18634134E-05,1.41335201,-0.140380174,3.26166264E-06,3.30321491E-05,5.13947816E-06,0.000200479277,0.000490903854,0.0409086458,7.24174197E-06,0.16873014,thorax,0.893146038,0.00221634726,right_foot,0.00924612023,1,-1.01494688E-05,-0.051868815,NONE
5.03,-9.30303213E-06,1.12237656,-0.0518702753,-8.25339868E-08,9.12373889E-06,-3.19088576E-06,0.102848768,1,3.08840276E-06,0.981493294,-1.18634016E-05,1.41335201,-0.140380174,3.63446316E-06,3.21306288E-05,4.70871692E-06,0.000199040951,0.000490903854,0.0409086458,7.23028461E-06,0.168733522,thorax,0.893146038,0.00221632491,right_foot,0.00924602617,1,-1.34277034E-05,-0.0518668406,NONE
5.05,-9.30498481E-06,1.12237656,-0.051870279,-3.88194309E-07,4.31495118E-06,-3.4833372E-06,0.102848761,1,2.92199161E-06,0.981493294,-1.1873165E-05,1.41335189,-0.140380174,1.52284019E-06,2.82637775E-05,5.38933409E-06,0.000203409989,0.000491023064,0.0409185775,7.24741221E-06,0.168729514,thorax,0.893146038,0.00221640663,right_foot,0.00924607925,1,1.61245441E-06,-0.0518659204,NONE
5.07,-9.30123497E-06,1.12237656,-0.0518702716,3.01059941E-07,1.75430305E-05,-2.7413621E-06,0.102848768,1,2.90905359E-06,0.981493294,-1.18496473E-05,1.41335189,-0.140380174,3.76943603E-06,4.34964895E-05,3.58869329E-06,0.000190225037,0.000491023064,0.0409185775,7.25162363E-06,0.168744788,thorax,0.893146038,0.00221642898,right_foot,0.00924597308,1,-8.14609029E-06,-0.0518703833,NONE
5.09,-9.29587441E-06,1.12237656,-0.0518702716,2.38043043E-07,1.87956102E-05,-2.96551798E-06,0.102848768,1,3.04899959E-06,0.981493354,-1.18490743E-05,1.41335189,-0.140380174,3.92116362E-06,4.34592366E-05,3.71481974E-06,0.000184928809,0.000491023064,0.0409185775,7.24941856E-06,0.168756619,thorax,0.893146038,0.00221643643,right_foot,0.00924629904,1,-1.15677567E-05,-0.0518681221,NONE
5.11,-9.29229736E-06,1.12237656,-0.0518702753,-4.29793765E-08,1.49023581E-05,-3.11320946E-06,0.102848768,1,3.21346351E-06,0.981493354,-1.18502585E-05,1.41335189,-0.140380174,3.90161813E-06,4.19169664E-05,4.07432708E-06,0.000193935732,0.000491142273,0.0409285128,7.2395801E-06,0.168741778,thorax,0.893146038,0.00221638451,right_foot,0.00924615934,1,-9.44534986E-06,-0.0518664494,NONE
5.13,-9.29387625E-06,1.12237656,-0.051870279,-2.47201548E-08,2.12289033E-05,-2.89485433E-06,0.102848761,1,3.10332052E-06,0.981493354,-1.18462322E-05,1.41335189,-0.140380174,4.42677265E-06,4.61377203E-05,3.1250047E-06,0.000185781726,0.000491023064,0.0409185775,7.24281517E-06,0.168756053,thorax,0.893146098,0.00221642898,right_foot,0.00924613141,1,-1.48119898E-05,-0.0518678725,NONE
5.15,-9.29551334E-06,1.12237656,-0.0518702753,-1.26768313E-07,1.91786185E-05,-3.06559855E-06,0.102848768,1,3.04701598E-06,0.981493354,-1.18472653E-05,1.41335189,-0.140380174,3.76596972E-06,4.44501638E-05,3.56266514E-06,0.000187413185,0.000491023064,0.0409185775,7.24941856E-06,0.168753088,thorax,0.893146038,0.00221645879,right_foot,0.00924623199,1,-1.15962403E-05,-0.0518675037,NONE
5.17,-9.29799626E-06,1.12237656,-0.051870279,3.77268918E-08,2.51658639E-05,-2.8657953E-06,0.102848761,1,2.81637131E-06,0.981493294,-1.18429907E-05,1.41335189,-0.140380174,3.60735885E-06,4.55491245E-05,3.4310392E-06,0.000186123652,0.000491023064,0.0409185775,7.28750956E-06,0.168769017,thorax,0.893146038,0.00221650349,right_foot,0.00924622547,1,-6.23740698E-06,-0.0518678837,NONE
5.19,-9.2985365E-06,1.12237656,-0.0518702827,9.15247398E-08,2.53623257E-05,-2.96385792E-06,0.102848753,1,2.78817879E-06,0.981493294,-1.18409243E-05,1.41335189,-0.140380174,3.43648821E-06,4.42042947E-05,3.31644196E-06,0.00018096625,0.000491023064,0.0409185775,7.26552344E-06,0.168773979,thorax,0.893146098,0.00221649604,right_foot,0.00924628135,1,-5.96769132E-06,-0.0518697612,NONE
5.21,-9.29828548E-06,1.12237656,-0.0518702865,-1.06182945E-07,9.71745521E-06,-3.48465551E-06,0.102848753,1,3.00224474E-06,0.981493294,-1.18515864E-05,1.41335189,-0.140380174,3.03753973E-06,3.75695527E-05,4.21847335E-06,0.000197416055,0.000491023064,0.0409185775,7.23900894E-06,0.168735191,thorax,0.893146098,0.00221636961,right_foot,0.0092461016,1,-1.04612118E-05,-0.051867228,NONE
5.23,-9.29491489E-06,1.12237656,-0.0518702865,1.89707166E-07,1.75347213E-05,-2.96056828E-06,0.102848753,1,2.98503596E-06,0.981493294,-1.18395019E-05,1.41335189,-0.140380189,3.20486834E-06,4.42564487E-05,3.80350639E-06,0.000193650412,0.000491023064,0.0409185775,7.2527414E-06,0.168741986,thorax,0.893146038,0.00221645134,right_foot,0.00924596563,1,-7.06572246E-06,-0.0518703908,NONE
5.25,-9.29230282E-06,1.12237656,-0.0518702902,1.08198499E-07,2.57234897E-05,-2.74940953E-06,0.102848753,1,2.81569737E-06,0.981493294,-1.18407524E-05,1.41335189,-0.140380189,3.40136194E-06,4.44613397E-05,3.81238078E-06,0.000179180162,0.000491023064,0.0409185775,7.26663893E-06,0.168774366,thorax,0.893146098,0.00221653329,right_foot,0.00924625155,1,-7.04527793E-06,-0.0518696345,NONE
5.27,-9.28797908E-06,1.12237656,-0.0518702865,3.29995487E-07,2.56147177E-05,-2.723026E-06,0.102848753,1,2.82152405E-06,0.981493294,-1.183105E-05,1.41335189,-0.140380189,3.79650464E-06,4.52511013E-05,4.05830315E-06,0.000182726755,0.000491023064,0.0409185775,7.25994369E-06,0.168770969,thorax,0.893146098,0.00221648859,right_foot,0.00924627576,1,-5.47552645E-06,-0.0518690348,NONE
5.29,-9.28647296E-06,1.12237656,-0.0518702902,-1.30917766E-08,1.88083432E-05,-3.05278627E-06,0.102848753,1,3.07993196E-06,0.981493354,-1.18378266E-05,1.41335189,-0.140380189,3.73463945E-06,4.34741378E-05,3.67942926E-06,0.000184387391,0.000491142273,0.0409285128,7.25388918E-06,0.16875577,thorax,0.893146098,0.00221645134,right_foot,0.00924626365,1,-1.07989781E-05,-0.0518686511,NONE
5.31,-9.28483314E-06,1.12237656,-0.0518702902,4.87168457E-08,2.53327471E-05,-2.69441102E-06,0.102848753,1,2.81658026E-06,0.981493294,-1.18320104E-05,1.41335189,-0.140380189,3.6002657E-06,4.57763672E-05,3.69102145E-06,0.000186410922,0.000491023064,0.0409185775,7.26384633E-06,0.168767601,thorax,0.893146038,0.00221651094,right_foot,0.0092461789,1,-3.42820226E-06,-0.0518682152,NONE
5.33,-9.28922236E-06,1.12237656,-0.0518702902,-3.26686092E-07,1.89142866E-05,-3.03396291E-06,0.102848753,1,3.09659595E-06,0.981493354,-1.18396529E-05,1.41335189,-0.140380189,3.50781829E-06,4.39696014E-05,3.67239204E-06,0.000185672354,0.000491142273,0.0409285128,7.2477992E-06,0.168754473,thorax,0.893146038,0.00221642153,right_foot,0.00924623013,1,-1.04011142E-05,-0.0518681556,NONE
5.35,-9.29826911E-06,1.12237656,-0.0518702902,-4.05388789E-07,2.52998707E-05,-2.72669649E-06,0.102848753,1,2.87662988E-06,0.981493294,-1.18491225E-05,1.41335189,-0.140380189,2.94482629E-06,4.52175736E-05,3.59033606E-06,0.000184886463,0.000491023064,0.0409185775,7.26607732E-06,0.168769971,thorax,0.893146038,0.00221651839,right_foot,0.0092461938,1,-6.49739513E-06,-0.0518684164,NONE
5.37,-9.30438273E-06,1.12237656,-0.0518702902,-2.24211789E-07,2.5142228E-05,-2.80881181E-06,0.102848753,1,2.83061672E-06,0.981493294,-1.18510798E-05,1.41335189,-0.140380189,2.9704056E-06,4.47742641E-05,3.58528291E-06,0.00018291059,0.000491023064,0.0409185775,7.25994369E-06,0.16877161,thorax,0.893146038,0.00221648859,right_foot,0.00924628414,1,-5.58551483E-06,-0.0518687926,NONE
5.39,-9.30876649E-06,1.12237656,-0.0518702976,-1.43065762E-07,2.61444602E-05,-2.81806206E-06,0.102848738,1,3.18753359E-06,0.981493354,-1.18563094E-05,1.41335189,-0.140380189,4.85520377E-06,4.42862511E-05,3.56037617E-06,0.000178099071,0.000491023064,0.0409185775,7.24671918E-06,0.168777555,thorax,0.893146038,0.00221641408,right_foot,0.00924617704,1,-2.18268033E-05,-0.0518696271,NONE
5.41,-9.30598253E-06,1.12237656,-0.0518702976,1.18811741E-07,1.62969645E-05,-3.05063986E-06,0.102848738,1,2.83807822E-06,0.981493294,-1.18519256E-05,1.41335189,-0.140380189,2.89834861E-06,4.2501837E-05,3.7740283E-06,0.000190677049,0.000491142273,0.0409285128,7.25217888E-06,0.168746874,thorax,0.893146098,0.00221642153,right_foot,0.00924615283,1,-2.7449762E-06,-0.0518668145,NONE
5.43,-9.30298211E-06,1.12237656,-0.0518702976,6.14416251E-08,2.45846386E-05,-2.7635233E-06,0.102848738,1,2.87882449E-06,0.981493294,-1.18536109E-05,1.41335189,-0.140380189,3.32925219E-06,4.40813601E-05,3.67206417E-06,0.00018316257,0.000491023064,0.0409185775,7.26887674E-06,0.168771654,thorax,0.893146038,0.00221651094,right_foot,0.00924615096,1,-6.6105863E-06,-0.0518695787,NONE
5.45,-9.30226997E-06,1.12237656,-0.0518702902,1.8761925E-07,2.5613419E-05,-2.69008319E-06,0.102848753,1,2.84848943E-06,0.981493294,-1.18500557E-05,1.41335189,-0.140380189,3.61852426E-06,4.49679792E-05,3.42697604E-06,0.000181427764,0.000491023064,0.0409185775,7.26273038E-06,0.168772459,thorax,0.893146038,0.00221648859,right_foot,0.0092462413,1,-6.08772871E-06,-0.0518692322,NONE
5.47,-9.29942598E-06,1.12237656,-0.0518702976,1.84296994E-07,2.849261E-05,-2.64601181E-06,0.102848738,1,3.04075434E-06,0.981493354,-1.18501384E-05,1.41335189,-0.140380204,4.45293199E-06,4.54671681E-05,3.27421549E-06,0.000172881686,0.000491023064,0.0409185775,7.25939708E-06,0.168781921,thorax,0.893146038,0.00221648114,right_foot,0.00924629159,1,-1.60384752E-05,-0.051869899,NONE
5.49,-9.29285125E-06,1.12237656,-0.0518702976,2.88483903E-07,1.79558392E-05,-2.98156647E-06,0.102848738,1,2.84694147E-06,0.981493294,-1.184349E-05,1.41335189,-0.140380204,3.49241623E-06,4.37945127E-05,3.75905461E-06,0.000188522157,0.000491023064,0.0409185775,7.24666552E-06,0.168749332,thorax,0.893146038,0.00221640663,right_foot,0.00924620498,1,-6.00404701E-06,-0.0518668219,NONE
5.51,-9.29383623E-06,1.12237656,-0.0518703051,-8.67238299E-08,9.96641393E-06,-3.39902863E-06,0.102848738,1,3.01600448E-06,0.981493294,-1.18508033E-05,1.41335189,-0.140380204,3.15891225E-06,3.75024974E-05,4.82973701E-06,0.000195927511,0.000491023064,0.0409185775,7.24289157E-06,0.168736666,thorax,0.893146038,0.00221637706,right_foot,0.00924604386,1,-9.28384725E-06,-0.0518675223,NONE
5.53,-9.2904329E-06,1.12237656,-0.0518702976,1.55297464E-08,1.78834798E-05,-2.83145323E-06,0.102848738,1,2.95545897E-06,0.981493294,-1.18433218E-05,1.41335189,-0.140380204,3.08545577E-06,4.44278121E-05,4.07828202E-06,0.000193087166,0.000491023064,0.0409185775,7.25388918E-06,0.168743774,thorax,0.893146038,0.00221645879,right_foot,0.00924593303,1,-6.04604702E-06,-0.0518705584,NONE
5.55,-9.29409543E-06,1.12237656,-0.0518703051,-2.31971569E-07,1.01829519E-05,-3.23997961E-06,0.102848738,1,2.97949464E-06,0.981493294,-1.18497101E-05,1.41335189,-0.140380204,2.92007326E-06,3.76887619E-05,5.07506138E-06,0.000195411878,0.000491023064,0.0409185775,7.24231313E-06,0.168737471,thorax,0.893146038,0.00221638451,right_foot,0.00924610998,1,-7.68219434E-06,-0.0518673211,NONE
5.57,-9.30202896E-06,1.12237656,-0.0518703051,-4.77617505E-07,9.73676379E-06,-3.159073E-06,0.102848738,1,2.98573673E-06,0.981493294,-1.18607686E-05,1.41335189,-0.140380204,2.68790336E-06,3.79420817E-05,5.22002983E-06,0.000198451278,0.000491023064,0.0409185775,7.24174197E-06,0.168734968,thorax,0.893146038,0.00221639173,right_foot,0.00924592838,1,-9.10600556E-06,-0.0518675633,NONE
5.59,-9.30752594E-06,1.12237656,-0.0518702976,-4.27277087E-07,1.7879991E-05,-2.67570817E-06,0.102848738,1,3.00174429E-06,0.981493294,-1.18691796E-05,1.41335189,-0.140380204,2.76683954E-06,4.42303717E-05,4.00706267E-06,0.000191618718,0.000491023064,0.0409185775,7.25550763E-06,0.168743998,thorax,0.893146038,0.00221647369,right_foot,0.009246042,1,-8.23026949E-06,-0.0518701077,NONE
5.61,-9.31305112E-06,1.12237656,-0.0518702976,-1.39443159E-07,1.75819841E-05,-2.74881404E-06,0.102848738,1,2.97708516E-06,0.981493294,-1.18658108E-05,1.41335189,-0.140380204,2.83530903E-06,4.38764691E-05,4.6287164E-06,0.000192036634,0.000491023064,0.0409185775,7.25217888E-06,0.168744281,thorax,0.893146038,0.00221645134,right_foot,0.00924623851,1,-7.0975093E-06,-0.0518695451,NONE
5.63,-9.31481554E-06,1.12237656,-0.0518702976,2.09807311E-07,1.59762221E-05,-2.89529339E-06,0.102848738,1,2.98284999E-06,0.981493294,-1.18674825E-05,1.41335189,-0.140380204,3.97004987E-06,4.13246453E-05,4.63017295E-06,0.00018709102,0.000491142273,0.0409285128,7.24448955E-06,0.168750688,thorax,0.893146038,0.00221640663,right_foot,0.00924616493,1,-2.2416647E-05,-0.0518691167,NONE
5.65,-9.31257637E-06,1.12237656,-0.0518702976,4.75795261E-08,1.01580945E-05,-3.00565557E-06,0.102848738,1,2.99124349E-06,0.981493294,-1.18729777E-05,1.41335189,-0.140380204,3.16880596E-06,3.75509262E-05,5.0944368E-06,0.000195208268,0.000491023064,0.0409185775,7.24391884E-06,0.168737099,thorax,0.893146038,0.00221638451,right_foot,0.00924608484,1,-1.1383283E-05,-0.0518677086,NONE
5.67,-9.31366776E-06,1.12237656,-0.0518702976,3.45095032E-07,1.57413833E-05,-2.7506394E-06,0.102848738,1,3.05034564E-06,0.981493294,-1.18641256E-05,1.41335189,-0.140380204,4.76248579E-06,3.82959843E-05,5.28630744E-06,0.000195706132,0.000491023064,0.0409185775,7.23301355E-06,0.16875343,thorax,0.893146038,0.00221633236,right_foot,0.00924598984,1,-2.55192917E-05,-0.0518679991,NONE
5.69,-9.31271552E-06,1.12237656,-0.0518702865,1.2054511E-07,1.20010436E-05,-3.04950163E-06,0.102848753,1,3.41910709E-06,0.981493354,-1.18712906E-05,1.41335189,-0.140380204,4.97224937E-06,3.75583768E-05,5.20238746E-06,0.000188705322,0.000491023064,0.0409185775,7.22000095E-06,0.168746576,thorax,0.893146038,0.0022162653,right_foot,0.00924602244,1,-2.25003114E-05,-0.0518671274,NONE
5.71,-9.31121667E-06,1.12237656,-0.0518702865,-1.3740501E-09,1.77352395E-05,-2.76172591E-06,0.102848753,1,2.89753621E-06,0.981493294,-1.1870944E-05,1.41335201,-0.140380189,3.21865082E-06,3.58968973E-05,5.20065396E-06,0.000200268449,0.000490903854,0.0409086458,7.3085107E-06,0.168750569,thorax,0.893146038,0.00221642782,right_foot,0.00924611185,1,-6.248712E-06,-0.0518663973,NONE
5.73,-9.31026898E-06,1.12237656,-0.0518702865,8.39706118E-08,2.22678009E-05,-2.69986003E-06,0.102848753,1,2.76551282E-06,0.981493294,-1.18685948E-05,1.41335201,-0.140380174,3.04064088E-06,3.74801457E-05,4.57879651E-06,0.000188883452,0.000491023064,0.0409185775,7.26273038E-06,0.168766797,thorax,0.893146038,0.00221647369,right_foot,0.00924627017,1,1.44235571E-06,-0.0518685095,NONE
5.75,-9.31068371E-06,1.12237656,-0.0518702865,1.51983301E-07,2.75630282E-05,-2.39238443E-06,0.102848753,1,2.97045563E-06,0.981493354,-1.18659E-05,1.41335201,-0.140380174,4.40766007E-06,4.07435E-05,4.12263307E-06,0.000177876194,0.000491023064,0.0409185775,7.2616449E-06,0.168777898,thorax,0.893146038,0.00221645134,right_foot,0.00924627203,1,-1.39953981E-05,-0.0518700741,NONE
5.77,-9.30437636E-06,1.12237656,-0.051870279,2.26826046E-07,1.6373222E-05,-2.82673273E-06,0.102848761,1,2.93980725E-06,0.981493294,-1.1860584E-05,1.41335201,-0.140380174,3.49143875E-06,3.70964408E-05,4.51595679E-06,0.000189104496,0.000491023064,0.0409185775,7.24998154E-06,0.16874741,thorax,0.893146038,0.00221638451,right_foot,0.00924632605,1,-8.13209863E-06,-0.0518662035,NONE
5.79,-9.30163696E-06,1.12237656,-0.0518702827,8.38168219E-08,2.37154836E-05,-2.65020071E-06,0.102848753,1,2.86084537E-06,0.981493294,-1.18588123E-05,1.41335201,-0.140380174,3.40564134E-06,3.77446413E-05,4.41934799E-06,0.000182136442,0.000491023064,0.0409185775,7.26663893E-06,0.168771878,thorax,0.893146038,0.00221648114,right_foot,0.00924628135,1,-4.80116705E-06,-0.0518692657,NONE
5.81,-9.2997243E-06,1.12237656,-0.051870279,1.33924431E-07,2.7368571E-05,-2.44393436E-06,0.102848761,1,2.98635086E-06,0.981493354,-1.18563948E-05,1.41335201,-0.140380174,4.41516568E-06,4.0281564E-05,3.87718774E-06,0.000175830122,0.000491023064,0.0409185775,7.25939708E-06,0.168778464,thorax,0.893146038,0.00221645134,right_foot,0.00924630649,1,-1.32723135E-05,-0.0518696345,NONE
5.83,-9.29921589E-06,1.12237656,-0.051870279,-4.0717336E-07,2.10442668E-05,-2.71393901E-06,0.102848761,1,2.92720188E-06,0.981493354,-1.18681619E-05,1.41335189,-0.140380174,1.24828443E-06,4.34927642E-05,2.83703639E-06,0.000176503017,0.000491023064,0.0409185775,7.28079203E-06,0.168759763,thorax,0.893146038,0.0022165617,right_foot,0.00924651232,1,5.31662714E-08,-0.051870387,NONE
5.85,-9.30175247E-06,1.12237656,-0.0518702865,-1.27208892E-07,7.8634439E-06,-3.36895687E-06,0.102848753,1,2.87615967E-06,0.981493294,-1.18641547E-05,1.41335189,-0.140380189,2.61894729E-06,3.49804759E-05,4.57417082E-06,0.000194022592,0.000491023064,0.0409185775,7.29488329E-06,0.168738768,thorax,0.893146038,0.00221634586,right_foot,0.00924619008,1,1.27311E-06,-0.0518642291,NONE
5.87,-9.30734586E-06,1.12237656,-0.0518702865,-2.68214222E-07,1.90406154E-05,-2.96087705E-06,0.102848753,1,3.05331946E-06,0.981493354,-1.18682838E-05,1.41335189,-0.140380189,3.47626747E-06,4.39919531E-05,3.5385533E-06,0.000184758115,0.000491023064,0.0409185775,7.31069031E-06,0.168755725,thorax,0.893146098,0.00221645017,right_foot,0.0092460094,1,-1.49643192E-05,-0.0518695228,NONE
5.89,-9.31064824E-06,1.12237656,-0.0518702865,-1.58908151E-07,1.97481895E-05,-2.87588932E-06,0.102848753,1,3.16116802E-06,0.981493354,-1.18704884E-05,1.41335189,-0.140380189,3.5701637E-06,4.45619226E-05,3.3855049E-06,0.000186248595,0.000491023064,0.0409185775,7.31564296E-06,0.16875121,thorax,0.893146098,0.00221645762,right_foot,0.00924617611,1,-1.25234983E-05,-0.0518706851,NONE
5.91,-9.31507566E-06,1.12237656,-0.0518702865,-1.08853335E-07,2.10782455E-05,-2.79007554E-06,0.102848753,1,3.13396481E-06,0.981493354,-1.18735516E-05,1.41335189,-0.140380189,4.38258348E-06,4.59142029E-05,3.50636537E-06,0.000184257093,0.000491023064,0.0409185775,7.30028387E-06,0.168756336,thorax,0.893146038,0.00221641292,right_foot,0.009246164,1,-1.65647125E-05,-0.051867906,NONE
5.93,-9.31506656E-06,1.12237656,-0.0518702865,-1.66019376E-07,1.63510431E-05,-3.11677491E-06,0.102848753,1,2.97593692E-06,0.981493294,-1.1875888E-05,1.41335189,-0.140380189,2.6953669E-06,4.25092876E-05,3.73412377E-06,0.000190657927,0.000491023064,0.0409185775,7.30966531E-06,0.168747783,thorax,0.893146038,0.00221645017,right_foot,0.00924623571,1,-2.8328102E-06,-0.0518662967,NONE
5.95,-9.31424347E-06,1.12237656,-0.0518702976,3.03644697E-07,1.18856588E-05,-3.25974179E-06,0.102848738,1,3.11379063E-06,0.981493294,-1.18670059E-05,1.41335189,-0.140380204,4.04413231E-06,4.05944884E-05,4.21542927E-06,0.000202249081,0.000491023064,0.0409185775,7.29212434E-06,0.168728933,thorax,0.893146038,0.00221635331,right_foot,0.00924601126,1,-1.46202865E-05,-0.051869072,NONE
5.97,-9.30854367E-06,1.12237656,-0.0518702976,2.49969276E-07,1.81916857E-05,-2.99349699E-06,0.102848738,1,3.02416197E-06,0.981493354,-1.18647304E-05,1.41335189,-0.140380204,3.85298881E-06,4.37051058E-05,4.3811533E-06,0.000187502781,0.000491023064,0.0409185775,7.30464762E-06,0.168752685,thorax,0.893146038,0.00221642782,right_foot,0.00924598519,1,-1.24089975E-05,-0.0518691353,NONE
5.99,-9.30522219E-06,1.12237656,-0.0518702976,2.38407821E-07,2.12739014E-05,-2.79368032E-06,0.102848738,1,3.14520457E-06,0.981493354,-1.1860051E-05,1.41335189,-0.140380204,4.64508776E-06,4.61600721E-05,4.15092427E-06,0.000184851699,0.000491023064,0.0409185775,7.30355305E-06,0.168755248,thorax,0.893146098,0.00221642037,right_foot,0.00924608298,1,-1.50377509E-05,-0.0518680215,NONE
6.01,-9.30102306E-06,1.12237656,-0.0518702976,1.51742839E-07,1.89539223E-05,-2.86619957E-06,0.102848738,1,3.0868498E-06,0.981493354,-1.18581247E-05,1.41335189,-0.140380204,3.95503139E-06,4.44315374E-05,4.27925488E-06,0.000187413796,0.000491023064,0.0409185775,7.30464762E-06,0.168752879,thorax,0.893146038,0.00221642782,right_foot,0.00924616866,1,-1.3523425E-05,-0.0518675037,NONE
6.03,-9.30121496E-06,1.12237656,-0.0518702976,3.44132438E-08,2.08258789E-05,-2.76328092E-06,0.102848738,1,3.15571037E-06,0.981493354,-1.18543148E-05,1.41335189,-0.140380204,4.30911678E-06,4.58396971E-05,4.13961016E-06,0.000185351833,0.000491023064,0.0409185775,7.30464762E-06,0.168754891,thorax,0.893146038,0.00221642037,right_foot,0.00924613234,1,-1.41188684E-05,-0.0518680215,NONE
6.05,-9.30071565E-06,1.12237656,-0.0518702976,-2.22107758E-07,1.63697878E-05,-3.00828287E-06,0.102848738,1,2.89986224E-06,0.981493294,-1.18589742E-05,1.41335189,-0.140380204,2.72431544E-06,4.23416495E-05,4.37685958E-06,0.000189250699,0.000491142273,0.0409285128,7.31299815E-06,0.168747857,thorax,0.893146038,0.00221645762,right_foot,0.00924620964,1,-3.1366676E-06,-0.0518666282,NONE
6.07,-9.30313672E-06,1.12237656,-0.0518703051,-7.44081348E-08,1.19791757E-05,-3.06570109E-06,0.102848738,1,3.06042443E-06,0.981493294,-1.18543885E-05,1.41335189,-0.140380204,3.55203019E-06,4.03895974E-05,4.53396797E-06,0.000200404407,0.000491023064,0.0409185775,7.29646945E-06,0.168729588,thorax,0.893146038,0.00221634586,right_foot,0.00924600195,1,-1.20400173E-05,-0.0518692173,NONE
6.09,-9.30584793E-06,1.12237656,-0.0518703014,-4.11057869E-07,1.24182388E-05,-3.08503354E-06,0.102848738,1,2.8211939E-06,0.981493294,-1.18655598E-05,1.41335189,-0.140380204,1.80408153E-06,3.99053097E-05,5.03151114E-06,0.000196257592,0.000491142273,0.0409285128,7.31240971E-06,0.168741047,thorax,0.893146038,0.00221647974,right_foot,0.00924608391,1,2.7743431E-07,-0.0518675484,NONE
6.11,-9.3057688E-06,1.12237656,-0.0518703051,-1.25560391E-07,1.55651451E-05,-2.92782079E-06,0.102848738,1,2.881829E-06,0.981493294,-1.18603984E-05,1.41335189,-0.140380204,2.96502071E-06,4.08403575E-05,4.60123692E-06,0.000186848891,0.000491142273,0.0409285128,7.31400769E-06,0.168750793,thorax,0.893146038,0.00221646507,right_foot,0.00924607646,1,-3.89814704E-06,-0.0518685542,NONE
6.13,-9.30597525E-06,1.12237656,-0.0518702976,-1.78292922E-07,1.76158592E-05,-2.58775231E-06,0.102848738,1,2.99321232E-06,0.981493294,-1.18661956E-05,1.41335189,-0.140380204,2.73288356E-06,4.32059169E-05,4.19576054E-06,0.000187271798,0.000491142273,0.0409285128,7.31676619E-06,0.168745697,thorax,0.893146098,0.00221646507,right_foot,0.00924612395,1,-6.62748062E-06,-0.051870469,NONE
6.15,-9.30478927E-06,1.12237656,-0.0518702976,3.2521843E-08,1.79684466E-05,-2.59061608E-06,0.102848738,1,2.96471899E-06,0.981493294,-1.18578819E-05,1.41335189,-0.140380204,3.21625976E-06,4.39547002E-05,3.95982215E-06,0.000189457307,0.000491023064,0.0409185775,7.307945E-06,0.168744922,thorax,0.893146038,0.00221645017,right_foot,0.0092462711,1,-6.91947662E-06,-0.0518695265,NONE
6.17,-9.30590795E-06,1.12237656,-0.0518702902,2.83474577E-07,1.11659938E-05,-2.96625831E-06,0.102848753,1,3.21445168E-06,0.981493294,-1.18515545E-05,1.41335189,-0.140380189,4.57830947E-06,3.85828316E-05,4.51007054E-06,0.000196875888,0.000491023064,0.0409185775,7.28618807E-06,0.168733522,thorax,0.893146098,0.00221632351,right_foot,0.00924614258,1,-2.64767732E-05,-0.0518688969,NONE
6.19,-9.29758789E-06,1.12237656,-0.0518702865,8.36531768E-08,6.4082551E-06,-3.23871336E-06,0.102848753,1,2.80434551E-06,0.981493294,-1.18528706E-05,1.41335189,-0.140380189,1.96727842E-06,3.53604555E-05,4.95548011E-06,0.000202626688,0.000491023064,0.0409185775,7.3020592E-06,0.168730259,thorax,0.893146038,0.00221640547,right_foot,0.00924610719,1,1.39637223E-06,-0.0518659987,NONE
6.21,-9.29147427E-06,1.12237656,-0.051870279,3.26261613E-07,1.7965478E-05,-2.631896E-06,0.102848761,1,2.93784774E-06,0.981493294,-1.18389935E-05,1.41335189,-0.140380189,3.50280561E-06,4.45693731E-05,4.22542325E-06,0.000193405882,0.000491023064,0.0409185775,7.307945E-06,0.168742821,thorax,0.893146038,0.00221645017,right_foot,0.00924606062,1,-6.3638231E-06,-0.0518701263,NONE
6.23,-9.28388363E-06,1.12237656,-0.051870279,4.92707613E-07,1.12694215E-05,-3.02958233E-06,0.102848761,1,3.15927787E-06,0.981493294,-1.18272656E-05,1.41335189,-0.140380174,4.87925581E-06,3.8921833E-05,4.58831846E-06,0.000198579844,0.000491023064,0.0409185775,7.28941768E-06,0.168732837,thorax,0.893146098,0.00221633096,right_foot,0.00924620777,1,-2.49278146E-05,-0.0518686399,NONE
6.25,-9.27330166E-06,1.12237656,-0.0518702716,2.33922776E-07,1.62195829E-05,-2.84692896E-06,0.102848768,1,2.87425178E-06,0.981493294,-1.1822035E-05,1.41335189,-0.140380174,3.04540799E-06,4.17940319E-05,4.57697934E-06,0.000188150516,0.000491142273,0.0409285128,7.31182899E-06,0.168749526,thorax,0.893146038,0.00221644272,right_foot,0.00924616307,1,-4.29136662E-06,-0.0518684164,NONE
6.27,-9.27379369E-06,1.12237656,-0.0518702753,2.33851623E-08,2.65296785E-05,-2.45512729E-06,0.102848768,1,2.88026536E-06,0.981493354,-1.18245016E-05,1.41335189,-0.140380174,3.56348278E-06,4.55155969E-05,4.29226338E-06,0.000180538133,0.000491023064,0.0409185775,7.32730041E-06,0.168774292,thorax,0.893146038,0.00221650954,right_foot,0.00924633164,1,-7.7984223E-06,-0.0518696979,NONE
6.29,-9.27851761E-06,1.12237656,-0.0518702716,-1.54752527E-07,2.10807157E-05,-2.66941174E-06,0.102848768,1,3.09757729E-06,0.981493354,-1.18266616E-05,1.41335189,-0.140380174,4.09830091E-06,4.60855663E-05,4.17690126E-06,0.000184187738,0.000491023064,0.0409185775,7.30191505E-06,0.168754324,thorax,0.893146038,0.00221641292,right_foot,0.00924637262,1,-1.24935868E-05,-0.0518667996,NONE
6.31,-9.28336976E-06,1.12237656,-0.0518702716,-3.93351286E-07,1.78585215E-05,-2.99751036E-06,0.102848768,1,3.04324794E-06,0.981493294,-1.18342341E-05,1.41335189,-0.140380174,2.97911606E-06,4.35113907E-05,4.37291965E-06,0.000187906859,0.000491142273,0.0409285128,7.30247348E-06,0.168749884,thorax,0.893146217,0.00221640547,right_foot,0.00924629625,1,-7.94971766E-06,-0.0518666096,NONE
6.33,-9.2928658E-06,1.12237656,-0.051870279,-1.3747318E-07,2.96837807E-05,-2.6384821E-06,0.102848761,1,2.90421076E-06,0.981493354,-1.18340258E-05,1.41335189,-0.140380174,4.4197941E-06,4.65288758E-05,3.64484913E-06,0.000172412227,0.000491023064,0.0409185775,7.31902674E-06,0.168784097,thorax,0.893146038,0.00221645762,right_foot,0.00924621988,1,-6.54311407E-06,-0.0518700629,NONE
6.35,-9.29902853E-06,1.12237656,-0.051870279,-2.72814731E-07,1.18057842E-05,-3.21410857E-06,0.102848761,1,3.36542894E-06,0.981493354,-1.18505341E-05,1.41335189,-0.140380174,3.77245101E-06,3.90335917E-05,4.07637572E-06,0.000194302425,0.000491023064,0.0409185775,7.25902601E-06,0.168738425,thorax,0.893146098,0.00221627904,right_foot,0.00924615283,1,-2.29980778E-05,-0.0518662967,NONE
6.37,-9.30338592E-06,1.12237656,-0.051870279,-2.98636053E-07,1.77070178E-05,-2.92534423E-06,0.102848761,1,2.98741907E-06,0.981493413,-1.18580183E-05,1.41335189,-0.140380174,2.94769166E-06,4.3772161E-05,3.48991693E-06,0.000189876358,0.000491142273,0.0409285128,7.30520605E-06,0.168749228,thorax,0.893146098,0.00221641292,right_foot,0.00924606156,1,-1.43812586E-05,-0.0518668592,NONE
6.39,-9.31142858E-06,1.12237656,-0.0518702827,-2.42646792E-07,2.84974303E-05,-2.67234668E-06,0.102848753,1,2.95685982E-06,0.981493354,-1.18648513E-05,1.41335189,-0.140380174,4.01748457E-06,4.67821956E-05,3.37426923E-06,0.00017853707,0.000491023064,0.0409185775,7.31955379E-06,0.168778032,thorax,0.893146038,0.00221646507,right_foot,0.0092462264,1,-1.33031899E-05,-0.0518701933,NONE
6.41,-9.31349496E-06,1.12237656,-0.0518702827,-2.2210331E-07,1.85210083E-05,-2.96602366E-06,0.102848753,1,3.06177321E-06,0.981493354,-1.18727958E-05,1.41335189,-0.140380174,2.15748423E-06,4.3515116E-05,3.25724318E-06,0.000186477584,0.000491142273,0.0409285128,7.3189658E-06,0.168749958,thorax,0.893146336,0.00221647229,right_foot,0.0092463186,1,-9.36530432E-06,-0.0518700853,NONE
6.43,-9.31432896E-06,1.12237656,-0.0518702902,1.05802265E-07,1.76222438E-05,-2.97412157E-06,0.102848753,1,2.87949229E-06,0.981493294,-1.18674361E-05,1.41335201,-0.140380189,3.67692633E-06,3.54498625E-05,4.88390879E-06,0.000196626032,0.000490903854,0.0409086458,7.30136389E-06,0.168752268,thorax,0.893146038,0.00221638312,right_foot,0.00924611371,1,-4.36360551E-06,-0.0518663414,NONE
6.45,-9.31498107E-06,1.12237656,-0.0518702902,-9.40236546E-08,1.19004353E-05,-3.22619371E-06,0.102848753,1,3.11046551E-06,0.981493354,-1.1877848E-05,1.41335201,-0.140380189,3.48375943E-06,3.4045428E-05,4.5368588E-06,0.000195637855,0.000491023064,0.0409185775,7.2883513E-06,0.168740839,thorax,0.893146098,0.00221633096,right_foot,0.00924602989,1,-1.18032349E-05,-0.051866293,NONE
6.47,-9.3150702E-06,1.12237656,-0.0518703014,6.08738091E-08,5.86072383E-06,-3.43532702E-06,0.102848738,1,2.81228881E-06,0.981493294,-1.18711378E-05,1.41335189,-0.140380189,2.50397397E-06,2.83829868E-05,5.16060027E-06,0.000198832975,0.000491023064,0.0409185775,7.29702879E-06,0.168734834,thorax,0.893146217,0.00221632351,right_foot,0.00924592372,1,9.42759641E-07,-0.0518650115,NONE
6.49,-9.31156683E-06,1.12237656,-0.0518702976,2.88514713E-07,2.5721487E-05,-2.42519855E-06,0.102848738,1,2.86716727E-06,0.981493294,-1.18631597E-05,1.41335189,-0.140380189,3.74405863E-06,4.46811318E-05,3.54369354E-06,0.000177916445,0.000491023064,0.0409185775,7.32118042E-06,0.168773711,thorax,0.893146038,0.00221647974,right_foot,0.00924595445,1,-6.27945383E-06,-0.0518703088,NONE
6.51,-9.30839815E-06,1.12237656,-0.0518702865,4.53430147E-08,1.01498044E-05,-3.25471842E-06,0.102848753,1,3.03339152E-06,0.981493294,-1.18687758E-05,1.41335189,-0.140380189,3.09658276E-06,3.77334654E-05,3.93640721E-06,0.000195900866,0.000491023064,0.0409185775,7.29431622E-06,0.168736368,thorax,0.893146098,0.00221634586,right_foot,0.00924622919,1,-9.68961012E-06,-0.0518665463,NONE
6.53,-9.30739316E-06,1.12237656,-0.0518702865,1.15698327E-07,2.56916992E-05,-2.65565336E-06,0.102848753,1,2.85683745E-06,0.981493294,-1.1863749E-05,1.41335189,-0.140380189,3.60459399E-06,4.52250242E-05,3.71344095E-06,0.000183004871,0.000491023064,0.0409185775,7.31785849E-06,0.168772146,thorax,0.893146098,0.00221649464,right_foot,0.00924609881,1,-6.90350726E-06,-0.0518698283,NONE
6.55,-9.3077133E-06,1.12237656,-0.0518702865,-4.05891356E-08,1.86266989E-05,-3.05263939E-06,0.102848753,1,3.01703039E-06,0.981493354,-1.18677326E-05,1.41335189,-0.140380189,3.64605421E-06,4.38280404E-05,3.75627314E-06,0.000186493402,0.000491023064,0.0409185775,7.30409647E-06,0.168754146,thorax,0.893146038,0.00221642782,right_foot,0.00924626552,1,-1.01577571E-05,-0.0518681183,NONE
6.57,-9.3077324E-06,1.12237656,-0.0518702865,1.92156193E-07,2.60924116E-05,-2.70728924E-06,0.102848753,1,2.88051547E-06,0.981493294,-1.18582921E-05,1.41335189,-0.140380189,3.92518177E-06,4.60967422E-05,3.52222855E-06,0.000185198223,0.000491023064,0.0409185775,7.31731598E-06,0.168769702,thorax,0.893146038,0.00221647974,right_foot,0.00924616307,1,-6.05349896E-06,-0.0518683828,NONE
6.59,-9.30677561E-06,1.12237656,-0.0518702976,-3.5913196E-08,1.02686863E-05,-3.47415221E-06,0.102848738,1,2.92805089E-06,0.981493294,-1.18654343E-05,1.41335189,-0.140380189,2.94861593E-06,3.80165875E-05,4.42491728E-06,0.000197551533,0.000491023064,0.0409185775,7.29375688E-06,0.168735802,thorax,0.893146038,0.00221636076,right_foot,0.00924617797,1,-9.15239161E-06,-0.0518665463,NONE
6.61,-9.30677561E-06,1.12237656,-0.0518702976,6.27266132E-08,1.02334179E-05,-3.31308138E-06,0.102848738,1,3.0921185E-06,0.981493294,-1.18630451E-05,1.41335189,-0.140380189,3.71679425E-06,3.88137996E-05,4.3813734E-06,0.000200184368,0.000491023064,0.0409185775,7.29266094E-06,0.168733105,thorax,0.893146038,0.00221633841,right_foot,0.00924581289,1,-1.42546069E-05,-0.0518679507,NONE
6.63,-9.30940587E-06,1.12237656,-0.0518702976,-1.86415164E-07,1.02857157E-05,-3.24505777E-06,0.102848738,1,2.94309507E-06,0.981493294,-1.18690468E-05,1.41335189,-0.140380189,2.93124322E-06,3.83071601E-05,4.51333653E-06,0.00019834745,0.000491023064,0.0409185775,7.29974772E-06,0.168735072,thorax,0.893146098,0.00221638312,right_foot,0.00924592,1,-1.01883625E-05,-0.0518676974,NONE
6.65,-9.30808346E-06,1.12237656,-0.0518702865,4.01875617E-08,1.78031714E-05,-2.75058778E-06,0.102848753,1,2.9438504E-06,0.981493294,-1.18624312E-05,1.41335189,-0.140380189,3.19300398E-06,4.42788005E-05,4.05622814E-06,0.000192542167,0.000491023064,0.0409185775,7.31013233E-06,0.168743536,thorax,0.893146038,0.00221644272,right_foot,0.00924600568,1,-6.93017273E-06,-0.0518703684,NONE
6.67,-9.30778515E-06,1.12237656,-0.0518702902,2.90617834E-07,1.11497402E-05,-3.04977743E-06,0.102848753,1,3.11214694E-06,0.981493294,-1.18561766E-05,1.41335189,-0.140380189,4.57178112E-06,3.89963388E-05,4.46981994E-06,0.00019917461,0.000491023064,0.0409185775,7.28836631E-06,0.168731585,thorax,0.893146038,0.00221631629,right_foot,0.00924611744,1,-2.51828842E-05,-0.0518691167,NONE
6.69,-9.29892849E-06,1.12237656,-0.0518702865,3.52910092E-07,1.64043868E-05,-2.83740542E-06,0.102848753,1,2.91934521E-06,0.981493294,-1.18476528E-05,1.41335189,-0.140380189,3.47223249E-06,4.23453748E-05,4.5759557E-06,0.000189412822,0.000491142273,0.0409285128,7.30520605E-06,0.168747813,thorax,0.893146038,0.00221642782,right_foot,0.00924609695,1,-7.47822332E-06,-0.0518684722,NONE
6.71,-9.29562157E-06,1.12237656,-0.0518702865,1.50870946E-07,2.55438063E-05,-2.54101519E-06,0.102848753,1,2.86460249E-06,0.981493294,-1.18478047E-05,1.41335189,-0.140380189,3.39817325E-06,4.46178019E-05,4.31394255E-06,0.000180709569,0.000491023064,0.0409185775,7.32451554E-06,0.168773055,thorax,0.893146038,0.00221652444,right_foot,0.00924629159,1,-5.42617272E-06,-0.0518693477,NONE
6.73,-9.28984809E-06,1.12237656,-0.051870279,2.85747831E-07,2.53646595E-05,-2.58636487E-06,0.102848761,1,2.87828789E-06,0.981493294,-1.18380121E-05,1.41335189,-0.140380174,3.63263916E-06,4.48897481E-05,3.88965555E-06,0.000181736134,0.000491023064,0.0409185775,7.31785849E-06,0.168771729,thorax,0.893146038,0.00221647229,right_foot,0.00924635585,1,-4.88059504E-06,-0.0518688969,NONE
6.75,-9.28846111E-06,1.12237656,-0.051870279,2.30524932E-07,2.70800301E-05,-2.68664553E-06,0.102848761,1,3.16477735E-06,0.981493354,-1.18358485E-05,1.41335189,-0.140380174,5.12553561E-06,4.43607569E-05,3.66580775E-06,0.000173132488,0.000491023064,0.0409185775,7.30850297E-06,0.168779984,thorax,0.893146038,0.00221641292,right_foot,0.00924630649,1,-1.94816967E-05,-0.051869344,NONE
6.77,-9.27828933E-06,1.12237656,-0.051870279,3.82470802E-07,1.8435856E-05,-2.88958404E-06,0.102848761,1,2.94426923E-06,0.981493354,-1.18207527E-05,1.41335189,-0.140380174,3.8848234E-06,4.39435244E-05,3.71616647E-06,0.000186867212,0.000491142273,0.0409285128,7.30464762E-06,0.168749943,thorax,0.893146038,0.00221639802,right_foot,0.00924625341,1,-7.35077401E-06,-0.0518669263,NONE
6.79,-9.27595738E-06,1.12237656,-0.0518702827,2.2629871E-07,2.55336072E-05,-2.68452709E-06,0.102848753,1,2.88517731E-06,0.981493294,-1.18162434E-05,1.41335189,-0.140380174,3.79090329E-06,4.5530498E-05,3.79465519E-06,0.000184174991,0.000491023064,0.0409185775,7.31785849E-06,0.168769002,thorax,0.893146098,0.00221647229,right_foot,0.00924624782,1,-3.88888384E-06,-0.0518676527,NONE
6.81,-9.27411475E-06,1.12237656,-0.0518702827,8.27817725E-09,2.983173E-05,-2.66884558E-06,0.102848753,1,3.00614693E-06,0.981493354,-1.18165653E-05,1.41335189,-0.140380174,3.9897086E-06,4.68678772E-05,3.50635014E-06,0.000172879474,0.000491023064,0.0409185775,7.32451554E-06,0.168783531,thorax,0.893146038,0.00221649464,right_foot,0.0092463363,1,-1.19710667E-05,-0.0518699959,NONE
6.83,-9.28086229E-06,1.12237656,-0.0518702865,-6.09776066E-07,5.3564263E-06,-3.67918733E-06,0.102848753,1,2.7622857E-06,0.981493294,-1.18383805E-05,1.41335189,-0.140380189,8.81651431E-07,3.33413482E-05,4.97732026E-06,0.000199646005,0.000491023064,0.0409185775,7.3357387E-06,0.168734029,thorax,0.893146038,0.00221639802,right_foot,0.00924624596,1,5.36844573E-06,-0.051864136,NONE
6.85,-9.29154248E-06,1.12237656,-0.0518702976,-5.07587117E-07,2.08769252E-05,-2.92745949E-06,0.102848738,1,2.77874824E-06,0.981493294,-1.18417138E-05,1.41335189,-0.140380189,2.30167689E-06,4.10079956E-05,4.1160074E-06,0.000186317324,0.000491142273,0.0409285128,7.35485537E-06,0.168767199,thorax,0.893146038,0.00221650209,right_foot,0.00924593955,1,-1.27294816E-05,-0.0518708564,NONE
6.87,-9.29791622E-06,1.12237656,-0.0518702902,-3.12655942E-07,2.84029957E-05,-2.4299934E-06,0.102848753,1,2.66705433E-06,0.981493354,-1.18473608E-05,1.41335189,-0.140380189,2.14363308E-06,4.67225909E-05,3.39789403E-06,0.000179552415,0.000491023064,0.0409185775,7.31100909E-06,0.168772772,thorax,0.893146038,0.00221659895,right_foot,0.00924628694,1,4.82257792E-06,-0.0518716946,NONE
6.89,-9.30645456E-06,1.12237656,-0.0518702976,-3.41500936E-07,1.19506522E-05,-3.23312042E-06,0.102848738,1,3.03063189E-06,0.981493354,-1.18614407E-05,1.41335189,-0.140380189,3.62254013E-06,3.75024974E-05,4.33782088E-06,0.000189396422,0.000491142273,0.0409285128,7.29049862E-06,0.168747216,thorax,0.893146217,0.00221633096,right_foot,0.00924624223,1,-1.62173365E-05,-0.0518670194,NONE
6.91,-9.31508021E-06,1.12237656,-0.0518702865,-3.11847032E-07,1.37355555E-05,-2.90855542E-06,0.102848753,1,3.12589236E-06,0.981493354,-1.18711932E-05,1.41335189,-0.140380189,3.20317668E-06,4.13954258E-05,3.85728163E-06,0.00019565702,0.000491142273,0.0409285128,7.29863768E-06,0.168737248,thorax,0.893146098,0.00221637567,right_foot,0.00924594421,1,-1.44404648E-05,-0.0518676527,NONE
6.93,-9.32018429E-06,1.12237656,-0.0518702865,-2.25198178E-07,2.58900491E-05,-2.50287326E-06,0.102848753,1,2.84363864E-06,0.981493294,-1.1877637E-05,1.41335189,-0.140380189,3.07630103E-06,4.5388937E-05,3.46415027E-06,0.000182049262,0.000491023064,0.0409185775,7.32118042E-06,0.168770626,thorax,0.893146098,0.00221650954,right_foot,0.00924624875,1,-7.39007646E-06,-0.0518685468,NONE
6.95,-9.32102193E-06,1.12237656,-0.0518702865,-4.18536956E-08,2.37729764E-05,-2.81391362E-06,0.102848753,1,2.74226409E-06,0.981493294,-1.18794414E-05,1.41335189,-0.140380189,2.84458952E-06,4.38019633E-05,3.80450456E-06,0.000185253506,0.000491023064,0.0409185775,7.31564296E-06,0.168769181,thorax,0.893146098,0.00221648719,right_foot,0.00924638472,1,-5.97361975E-07,-0.0518680066,NONE
6.97,-9.32064358E-06,1.12237656,-0.0518702865,-1.48529082E-08,2.5138128E-05,-2.8546051E-06,0.102848753,1,2.88813089E-06,0.981493294,-1.18870848E-05,1.41335189,-0.140380189,3.1368661E-06,4.4696033E-05,3.71582655E-06,0.000183874246,0.000491023064,0.0409185775,7.32118042E-06,0.168771654,thorax,0.893146098,0.00221650954,right_foot,0.00924628507,1,-7.05146113E-06,-0.0518690161,NONE
6.99,-9.31861814E-06,1.12237656,-0.0518702865,1.03918204E-07,2.08660149E-05,-2.9450689E-06,0.102848753,1,3.13229862E-06,0.981493354,-1.18841099E-05,1.41335189,-0.140380189,3.72771592E-06,4.5992434E-05,3.44551677E-06,0.000187659243,0.000491023064,0.0409185775,7.31013233E-06,0.168750748,thorax,0.893146038,0.00221642782,right_foot,0.00924618728,1,-1.24438757E-05,-0.0518703163,NONE
7.01,-9.31488557E-06,1.12237656,-0.0518702865,2.18863736E-08,1.96434139E-05,-2.97600695E-06,0.102848753,1,3.0315498E-06,0.981493354,-1.18845255E-05,1.41335189,-0.140380189,3.80946926E-06,4.49791551E-05,3.57003728E-06,0.000186991441,0.000491023064,0.0409185775,7.30520605E-06,0.168752745,thorax,0.893146098,0.00221642782,right_foot,0.00924615189,1,-9.41156213E-06,-0.0518673621,NONE
7.03,-9.31531395E-06,1.12237656,-0.0518702902,-3.04434238E-08,2.5986983E-05,-2.72740931E-06,0.102848753,1,2.9196442E-06,0.981493294,-1.18818971E-05,1.41335189,-0.140380189,3.47446462E-06,4.58993018E-05,3.69925829E-06,0.000184911391,0.000491023064,0.0409185775,7.32118042E-06,0.168769717,thorax,0.893146098,0.00221649464,right_foot,0.00924620777,1,-7.03063552E-06,-0.0518684201,NONE
7.05,-9.31386785E-06,1.12237656,-0.0518702865,1.66610533E-07,2.47279477E-05,-2.83632994E-06,0.102848753,1,2.85589363E-06,0.981493294,-1.18746657E-05,1.41335189,-0.140380189,3.7576815E-06,4.47966158E-05,4.1057433E-06,0.000185145458,0.000491023064,0.0409185775,7.34269361E-06,0.168769509,thorax,0.893146038,0.00221644272,right_foot,0.00924623758,1,-6.48857713E-06,-0.0518688448,NONE
7.07,-9.31245904E-06,1.12237656,-0.0518702902,2.22582088E-07,2.52304926E-05,-2.84295834E-06,0.102848753,1,2.82259498E-06,0.981493294,-1.18723865E-05,1.41335189,-0.140380189,3.62185506E-06,4.41744924E-05,3.88019362E-06,0.000180592033,0.000491023064,0.0409185775,7.32008812E-06,0.168773398,thorax,0.893146038,0.00221647974,right_foot,0.00924624782,1,-6.98947224E-06,-0.051870022,NONE
7.09,-9.30999431E-06,1.12237656,-0.0518702976,-3.35893158E-09,1.02549629E-05,-3.33368553E-06,0.102848738,1,2.98574196E-06,0.981493294,-1.18767557E-05,1.41335189,-0.140380189,3.29155637E-06,3.76440585E-05,4.23987058E-06,0.000195359215,0.000491023064,0.0409185775,7.29974772E-06,0.168736592,thorax,0.893146038,0.00221636076,right_foot,0.00924611185,1,-9.72638099E-06,-0.0518672802,NONE
7.11,-9.3051367E-06,1.12237656,-0.0518702865,9.96302205E-08,1.7578006E-05,-2.82549217E-06,0.102848753,1,2.89602599E-06,0.981493294,-1.18667722E-05,1.41335189,-0.140380189,3.21031189E-06,4.4092536E-05,3.80584265E-06,0.000192161533,0.000491023064,0.0409185775,7.31125601E-06,0.168742508,thorax,0.893146038,0.00221644272,right_foot,0.00924597215,1,-5.29919089E-06,-0.0518703386,NONE
7.13,-9.3057979E-06,1.12237656,-0.0518702902,3.16733519E-08,2.68485473E-05,-2.58959381E-06,0.102848753,1,2.88227193E-06,0.981493354,-1.18653115E-05,1.41335189,-0.140380189,3.78021377E-06,4.55565751E-05,3.77588913E-06,0.000178308663,0.000491023064,0.0409185775,7.32063063E-06,0.168775633,thorax,0.893146038,0.00221650954,right_foot,0.00924628135,1,-7.63341814E-06,-0.0518696681,NONE
7.15,-9.30529859E-06,1.12237656,-0.0518702865,1.08541343E-07,2.08657766E-05,-2.78397169E-06,0.102848753,1,3.10286418E-06,0.981493354,-1.18604294E-05,1.41335189,-0.140380189,4.42504461E-06,4.60743904E-05,3.63497088E-06,0.00018569619,0.000491023064,0.0409185775,7.29863768E-06,0.168753833,thorax,0.893146038,0.00221640547,right_foot,0.00924625527,1,-1.36826638E-05,-0.0518670753,NONE
7.17,-9.3028666E-06,1.12237656,-0.0518702865,2.61662656E-08,1.78435312E-05,-3.02209264E-06,0.102848753,1,2.94154574E-06,0.981493294,-1.18578046E-05,1.41335189,-0.140380189,3.43871943E-06,4.34443355E-05,3.74741967E-06,0.000188147707,0.000491142273,0.0409285128,7.30577221E-06,0.16874966,thorax,0.893146038,0.00221642037,right_foot,0.00924620871,1,-5.87819659E-06,-0.0518667474,NONE
7.19,-9.30301485E-06,1.12237656,-0.0518702976,-4.47679227E-08,2.52334321E-05,-2.77434015E-06,0.102848738,1,2.83654504E-06,0.981493294,-1.18561647E-05,1.41335189,-0.140380189,3.3615504E-06,4.47072089E-05,4.10723987E-06,0.000182860458,0.000491023064,0.0409185775,7.31762702E-06,0.16877161,thorax,0.893146038,0.00221651699,right_foot,0.00924621243,1,-4.5462948E-06,-0.0518694557,NONE
7.21,-9.30374608E-06,1.12237656,-0.0518702976,-1.5312294E-07,2.35699172E-05,-2.80686936E-06,0.102848738,1,2.77671847E-06,0.981493294,-1.18622038E-05,1.41335189,-0.140380189,2.65345443E-06,4.33474779E-05,4.13564658E-06,0.000184004457,0.000491142273,0.0409285128,7.32843682E-06,0.168769494,thorax,0.893146038,0.00221652444,right_foot,0.00924627203,1,-9.87786507E-07,-0.051869221,NONE
7.23,-9.30561328E-06,1.12237656,-0.0518702976,-1.02065975E-07,1.12709185E-05,-3.15006832E-06,0.102848738,1,3.03221441E-06,0.981493294,-1.18620046E-05,1.41335189,-0.140380189,3.05601884E-06,3.96259129E-05,4.41577686E-06,0.000200545168,0.000491023064,0.0409185775,7.29974772E-06,0.168730274,thorax,0.893146038,0.00221637567,right_foot,0.00924610998,1,-8.44311307E-06,-0.0518686995,NONE
7.25,-9.30242186E-06,1.12237656,-0.0518702865,2.16714639E-07,1.67026647E-05,-2.87214971E-06,0.102848753,1,3.02254648E-06,0.981493294,-1.18508133E-05,1.41335201,-0.140380189,3.51625658E-06,3.88845801E-05,4.46573085E-06,0.00019763704,0.000491023064,0.0409185775,7.30464762E-06,0.168739751,thorax,0.893146038,0.00221642037,right_foot,0.00924602151,1,-8.28505745E-06,-0.0518698804,NONE
7.27,-9.29889393E-06,1.12237656,-0.0518702865,3.43634774E-08,1.76529084E-05,-2.85267265E-06,0.102848753,1,3.04709829E-06,0.981493354,-1.18570169E-05,1.41335201,-0.140380189,3.7248501E-06,3.70591879E-05,4.44091938E-06,0.000183871336,0.000491023064,0.0409185775,7.31069031E-06,0.168755502,thorax,0.893146038,0.00221642037,right_foot,0.00924617425,1,-1.22550546E-05,-0.0518689081,NONE
7.29,-9.29611633E-06,1.12237656,-0.0518702902,2.47328217E-07,2.41135695E-05,-2.43191948E-06,0.102848753,1,2.83159488E-06,0.981493294,-1.1843129E-05,1.41335201,-0.140380189,3.87129694E-06,3.9100647E-05,4.45247679E-06,0.000185837329,0.000491023064,0.0409185775,7.32063063E-06,0.168766677,thorax,0.893146038,0.00221647229,right_foot,0.00924623385,1,-4.62874004E-06,-0.0518682115,NONE
7.31,-9.29604357E-06,1.12237656,-0.0518702865,7.90105616E-08,2.54163915E-05,-2.54034831E-06,0.102848753,1,3.20122263E-06,0.981493354,-1.18451499E-05,1.41335189,-0.140380174,5.11591452E-06,4.1116029E-05,3.86563488E-06,0.000171233391,0.000491142273,0.0409285128,7.30575675E-06,0.168781772,thorax,0.893146038,0.00221637567,right_foot,0.00924628694,1,-2.04345906E-05,-0.0518692806,NONE
7.33,-9.2891014E-06,1.12237656,-0.051870279,3.696627E-07,1.83022621E-05,-2.79476967E-06,0.102848761,1,2.9210189E-06,0.981493354,-1.1831894E-05,1.41335189,-0.140380174,3.87388127E-06,4.35560942E-05,3.32899094E-06,0.000184785866,0.000491023064,0.0409185775,7.30191505E-06,0.168751165,thorax,0.893146038,0.00221637567,right_foot,0.009246259,1,-8.86163616E-06,-0.0518667325,NONE
7.35,-9.28562804E-06,1.12237656,-0.051870279,2.85363711E-07,2.51860965E-05,-2.71113868E-06,0.102848761,1,2.8411373E-06,0.981493294,-1.18264516E-05,1.41335189,-0.140380189,3.93734899E-06,4.53367829E-05,3.83043562E-06,0.000184456134,0.000491023064,0.0409185775,7.34269361E-06,0.168768927,thorax,0.893146038,0.00221647229,right_foot,0.00924628507,1,-3.70171279E-06,-0.0518674515,NONE
7.37,-9.27975088E-06,1.12237656,-0.0518702902,3.06195972E-07,2.54125316E-05,-2.95217774E-06,0.102848753,1,2.80219933E-06,0.981493294,-1.18209073E-05,1.41335189,-0.140380189,3.70083967E-06,4.42229211E-05,3.42065186E-06,0.000180981529,0.000491023064,0.0409185775,7.31840828E-06,0.168774217,thorax,0.893146098,0.00221647229,right_foot,0.00924631767,1,-5.15801366E-06,-0.0518693365,NONE
7.39,-9.27974725E-06,1.12237656,-0.0518702902,-9.14355667E-08,1.00221632E-05,-3.50831442E-06,0.102848753,1,3.03825664E-06,0.981493294,-1.18280395E-05,1.41335189,-0.140380189,3.13585497E-06,3.77334654E-05,4.25962162E-06,0.00019766418,0.000491023064,0.0409185775,7.29816975E-06,0.168735787,thorax,0.893146098,0.00221636822,right_foot,0.00924607553,1,-9.43407576E-06,-0.0518672653,NONE
7.41,-9.28233658E-06,1.12237656,-0.0518702976,-1.40070057E-07,9.75550483E-06,-3.32343552E-06,0.102848738,1,3.08258177E-06,0.981493294,-1.18266762E-05,1.41335189,-0.140380189,3.25819656E-06,3.85977328E-05,4.48128958E-06,0.000200714756,0.000491023064,0.0409185775,7.29375688E-06,0.168732122,thorax,0.893146098,0.00221634586,right_foot,0.00924583524,1,-1.20758514E-05,-0.0518678017,NONE
7.43,-9.28801546E-06,1.12237656,-0.0518702976,-3.53690666E-07,1.02357399E-05,-3.2828068E-06,0.102848738,1,2.98882378E-06,0.981493294,-1.18407706E-05,1.41335189,-0.140380189,2.80238078E-06,3.79942358E-05,4.39844916E-06,0.000197070345,0.000491023064,0.0409185775,7.29816975E-06,0.168736219,thorax,0.893146038,0.00221639802,right_foot,0.00924593117,1,-1.06426314E-05,-0.051867649,NONE
7.45,-9.28916324E-06,1.12237656,-0.0518702865,-2.21761894E-07,1.78219016E-05,-2.82914789E-06,0.102848753,1,2.94819824E-06,0.981493294,-1.18393546E-05,1.41335189,-0.140380189,2.83753752E-06,4.43868339E-05,3.93657001E-06,0.000192944164,0.000491023064,0.0409185775,7.3085107E-06,0.168742746,thorax,0.893146098,0.00221645017,right_foot,0.00924599916,1,-6.03176659E-06,-0.0518701971,NONE
7.47,-9.29247108E-06,1.12237656,-0.0518702902,1.94918087E-07,1.0944691E-05,-3.16335399E-06,0.102848753,1,3.25743167E-06,0.981493294,-1.1832055E-05,1.41335189,-0.140380189,4.53706934E-06,3.88473272E-05,4.40383701E-06,0.000199934759,0.000491023064,0.0409185775,7.28566602E-06,0.168731138,thorax,0.893146098,0.00221631629,right_foot,0.0092460867,1,-2.62076283E-05,-0.0518689975,NONE
7.49,-9.28875124E-06,1.12237656,-0.0518702865,-4.12686507E-09,1.60665131E-05,-2.92035088E-06,0.102848753,1,2.86982913E-06,0.981493294,-1.18372955E-05,1.41335189,-0.140380189,2.54968836E-06,4.18014824E-05,4.1922126E-06,0.000189114464,0.000491142273,0.0409285128,7.31125601E-06,0.168749467,thorax,0.893146098,0.00221646507,right_foot,0.0092460895,1,-4.53205575E-06,-0.0518683121,NONE
7.51,-9.29263115E-06,1.12237656,-0.0518702902,-2.07858875E-07,2.68009771E-05,-2.49283175E-06,0.102848753,1,2.88846377E-06,0.981493354,-1.18471562E-05,1.41335189,-0.140380189,3.31890897E-06,4.53330576E-05,4.00636918E-06,0.000177793365,0.000491023064,0.0409185775,7.32730041E-06,0.168776482,thorax,0.893146038,0.0022165319,right_foot,0.00924626645,1,-7.60877856E-06,-0.05186975,NONE
7.53,-9.29329599E-06,1.12237656,-0.0518702827,7.09322663E-08,2.42971837E-05,-2.58547675E-06,0.102848753,1,2.88367823E-06,0.981493294,-1.18385606E-05,1.41335201,-0.140380189,3.69090094E-06,4.05572355E-05,4.69511042E-06,0.000189406957,0.000490903854,0.0409086458,7.31233376E-06,0.168764547,thorax,0.893146038,0.00221645017,right_foot,0.00924633723,1,-4.95062886E-06,-0.051867377,NONE
7.55,-9.29261932E-06,1.12237656,-0.0518702865,2.48279093E-07,2.57549909E-05,-2.72077227E-06,0.102848753,1,3.13545274E-06,0.981493354,-1.18375619E-05,1.41335201,-0.140380174,5.32385593E-06,3.81954014E-05,4.2910724E-06,0.000176220055,0.000491023064,0.0409185775,7.30470811E-06,0.168778881,thorax,0.893146038,0.00221637567,right_foot,0.0092462562,1,-2.17683319E-05,-0.0518693849,NONE
7.57,-9.28333156E-06,1.12237656,-0.0518702827,2.49178242E-07,1.46963848E-05,-2.95600216E-06,0.102848753,1,2.88925094E-06,0.981493294,-1.18292737E-05,1.41335201,-0.140380174,3.21397556E-06,3.56212258E-05,4.47868797E-06,0.000189954691,0.000491023064,0.0409185775,7.30520605E-06,0.168746054,thorax,0.893146098,0.00221636822,right_foot,0.00924618077,1,-3.78609161E-06,-0.0518666878,NONE
7.59,-9.28496411E-06,1.12237656,-0.0518702865,-1.38968062E-07,8.22505899E-06,-3.21111202E-06,0.102848753,1,3.02517469E-06,0.981493294,-1.1839822E-05,1.41335201,-0.140380174,2.91863148E-06,3.05920839E-05,4.89520653E-06,0.000195688466,0.000490903854,0.0409086458,7.30088868E-06,0.168735042,thorax,0.893146038,0.00221634586,right_foot,0.00924608018,1,-8.80871812E-06,-0.0518671237,NONE
7.61,-9.29088037E-06,1.12237656,-0.051870279,-3.80496232E-07,1.64197281E-05,-2.66366305E-06,0.102848761,1,2.9948294E-06,0.981493294,-1.18455591E-05,1.41335201,-0.140380174,2.81785015E-06,3.73013318E-05,3.82248163E-06,0.000189969127,0.000491023064,0.0409185775,7.31182899E-06,0.168743506,thorax,0.893146038,0.00221643527,right_foot,0.0092460569,1,-6.75486854E-06,-0.0518700629,NONE
7.63,-9.29271118E-06,1.12237656,-0.0518702753,-2.05145867E-07,1.62030574E-05,-2.80173663E-06,0.102848768,1,2.91989591E-06,0.981493294,-1.18427924E-05,1.41335201,-0.140380174,2.92214122E-06,3.70070338E-05,3.9231104E-06,0.000191208339,0.000491023064,0.0409185775,7.307945E-06,0.168743297,thorax,0.893146038,0.00221642782,right_foot,0.00924629159,1,-5.94446419E-06,-0.051869113,NONE
7.65,-9.29860926E-06,1.12237656,-0.0518702753,-2.91182101E-08,1.68696406E-05,-2.78592097E-06,0.102848768,1,3.14223712E-06,0.981493294,-1.18436701E-05,1.41335189,-0.140380174,4.28167004E-06,4.18014824E-05,3.39641792E-06,0.000186946374,0.000491023064,0.0409185775,7.30248894E-06,0.168746695,thorax,0.893146217,0.00221638312,right_foot,0.00924620777,1,-2.55521609E-05,-0.0518703163,NONE
7.67,-9.30045098E-06,1.12237656,-0.0518702716,-2.73827084E-07,1.90399624E-05,-2.8543293E-06,0.102848768,1,3.01042883E-06,0.981493354,-1.18552671E-05,1.41335189,-0.140380174,3.39007761E-06,4.31723893E-05,3.38212294E-06,0.000181223775,0.000491023064,0.0409185775,7.31069031E-06,0.168757811,thorax,0.893146098,0.00221645017,right_foot,0.00924628135,1,-1.14780451E-05,-0.0518685691,NONE
7.69,-9.30566966E-06,1.12237656,-0.051870279,-3.55281941E-07,2.41845573E-05,-2.76885157E-06,0.102848761,1,2.8739546E-06,0.981493294,-1.18646703E-05,1.41335189,-0.140380189,2.50265771E-06,4.40254807E-05,3.82758935E-06,0.000183384851,0.000491023064,0.0409185775,7.32508033E-06,0.168769196,thorax,0.893146038,0.0022165468,right_foot,0.0092463661,1,-5.97695532E-07,-0.0518676378,NONE
7.71,-9.30907663E-06,1.12237656,-0.051870279,-3.1269559E-07,1.7447368E-05,-3.14591466E-06,0.102848761,1,2.92923005E-06,0.981493294,-1.18721637E-05,1.41335189,-0.140380189,2.58762338E-06,4.38280404E-05,3.74996443E-06,0.000192328793,0.000491023064,0.0409185775,7.31069031E-06,0.168744087,thorax,0.893146098,0.00221646507,right_foot,0.00924628787,1,-6.32854926E-06,-0.051869113,NONE
7.73,-9.31259819E-06,1.12237656,-0.0518702865,-1.29046796E-07,1.17722975E-05,-3.37698702E-06,0.102848753,1,2.98735267E-06,0.981493294,-1.1873085E-05,1.41335189,-0.140380189,3.0383776E-06,3.98308039E-05,4.29175134E-06,0.000200028604,0.000491023064,0.0409185775,7.29918884E-06,0.168732256,thorax,0.893146098,0.00221639057,right_foot,0.00924606621,1,-1.05596209E-05,-0.0518687107,NONE
7.75,-9.31490649E-06,1.12237656,-0.0518702865,7.36591801E-08,1.05711797E-05,-3.3508245E-06,0.102848753,1,3.02151193E-06,0.981493294,-1.18703219E-05,1.41335189,-0.140380189,3.66033669E-06,3.93129885E-05,4.546127E-06,0.000201714021,0.000491023064,0.0409185775,7.29049862E-06,0.168733269,thorax,0.893146038,0.00221635331,right_foot,0.00924590882,1,-1.36994058E-05,-0.0518676303,NONE
7.77,-9.31081377E-06,1.12237656,-0.0518702902,1.80616169E-07,9.55130145E-06,-3.41601981E-06,0.102848753,1,3.0086278E-06,0.981493294,-1.18689359E-05,1.41335189,-0.140380189,3.50961E-06,3.69884074E-05,4.61102445E-06,0.000197019574,0.000491023064,0.0409185775,7.29049862E-06,0.168738618,thorax,0.893146038,0.00221634586,right_foot,0.00924591161,1,-1.61539174E-05,-0.0518668406,NONE
7.79,-9.30858732E-06,1.12237656,-0.0518702902,1.76450712E-08,1.85157151E-05,-2.86507134E-06,0.102848753,1,3.0649212E-06,0.981493354,-1.18697199E-05,1.41335189,-0.140380189,3.86465217E-06,4.36976552E-05,4.29012607E-06,0.000185611774,0.000491142273,0.0409285128,7.31125601E-06,0.168754041,thorax,0.893146038,0.00221643527,right_foot,0.00924596097,1,-1.31864826E-05,-0.051869452,NONE
7.81,-9.30560236E-06,1.12237656,-0.0518702865,2.68711858E-07,2.57601387E-05,-2.53535677E-06,0.102848753,1,2.82141514E-06,0.981493294,-1.1857177E-05,1.41335189,-0.140380189,3.78020309E-06,4.59328294E-05,3.82491271E-06,0.000185631783,0.000491023064,0.0409185775,7.31731598E-06,0.168768868,thorax,0.893146038,0.00221649464,right_foot,0.00924623664,1,-5.10853624E-06,-0.0518681705,NONE
7.83,-9.3044182E-06,1.12237656,-0.0518702865,-5.37050688E-08,9.27304336E-06,-3.36554467E-06,0.102848753,1,2.98721102E-06,0.981493294,-1.18631788E-05,1.41335189,-0.140380189,3.26494319E-06,3.74428928E-05,4.58869999E-06,0.000198712165,0.000491023064,0.0409185775,7.29217754E-06,0.168734148,thorax,0.893145919,0.00221633841,right_foot,0.00924622361,1,-9.31502927E-06,-0.0518664047,NONE
7.85,-9.30808437E-06,1.12237656,-0.0518702865,-1.99882795E-08,2.84834168E-05,-2.52663904E-06,0.102848753,1,3.05866092E-06,0.981493354,-1.18624357E-05,1.41335201,-0.140380189,4.31431363E-06,4.74080443E-05,3.91644153E-06,0.00017998305,0.000490903854,0.0409086458,7.31678119E-06,0.1687769,thorax,0.893146038,0.00221649464,right_foot,0.00924605504,1,-1.51103095E-05,-0.0518704951,NONE
7.87,-9.3066792E-06,1.12237656,-0.0518702902,-1.25086061E-07,1.53139572E-05,-3.07628329E-06,0.102848753,1,2.85727015E-06,0.981493294,-1.18649486E-05,1.41335201,-0.140380189,2.65064978E-06,3.65674496E-05,4.8871907E-06,0.000192460502,0.000491023064,0.0409185775,7.3085107E-06,0.168745264,thorax,0.893146038,0.00221641292,right_foot,0.00924630184,1,-2.53530129E-06,-0.051866103,NONE
7.89,-9.30824535E-06,1.12237656,-0.0518702976,-2.33001259E-07,1.59688934E-05,-2.92721779E-06,0.102848738,1,2.99794624E-06,0.981493294,-1.18680091E-05,1.41335201,-0.140380189,2.70386545E-06,3.69623303E-05,4.58114619E-06,0.000191887593,0.000491023064,0.0409185775,7.31620094E-06,0.168743238,thorax,0.893146038,0.00221643527,right_foot,0.00924609415,1,-5.80777532E-06,-0.0518699586,NONE
7.91,-9.31128761E-06,1.12237656,-0.0518703014,-1.30362181E-07,1.02551285E-05,-2.96867756E-06,0.102848738,1,3.09766347E-06,0.981493294,-1.18665275E-05,1.41335201,-0.140380189,3.24138773E-06,3.3069402E-05,4.76745436E-06,0.000199983435,0.000490903854,0.0409086458,7.30191505E-06,0.168730259,thorax,0.893146038,0.00221635331,right_foot,0.00924604107,1,-1.07331643E-05,-0.051869031,NONE
7.93,-9.31244449E-06,1.12237656,-0.0518702976,4.00415168E-08,8.43624184E-06,-2.97874817E-06,0.102848738,1,3.01236014E-06,0.981493294,-1.18627822E-05,1.41335201,-0.140380189,3.59002206E-06,3.18437815E-05,4.93234347E-06,0.000200049108,0.000490903854,0.0409086458,7.28779924E-06,0.16873236,thorax,0.893146038,0.00221630139,right_foot,0.00924595911,1,-1.3365222E-05,-0.0518673249,NONE
7.95,-9.31282375E-06,1.12237656,-0.0518702865,-3.03816364E-07,4.27159694E-06,-3.24829102E-06,0.102848753,1,2.86589352E-06,0.981493294,-1.18766002E-05,1.41335189,-0.140380174,1.4331381E-06,2.8129667E-05,5.67600273E-06,0.00020284098,0.000491023064,0.0409185775,7.30419515E-06,0.16872938,thorax,0.893146038,0.00221640547,right_foot,0.00924607366,1,1.71729118E-06,-0.0518661588,NONE
7.97,-9.30409533E-06,1.12237656,-0.051870279,4.16570231E-07,1.71511765E-05,-2.56675185E-06,0.102848761,1,3.00074817E-06,0.981493294,-1.1854414E-05,1.41335189,-0.140380174,3.83121005E-06,4.32766974E-05,3.26249483E-06,0.000190354593,0.000491023064,0.0409185775,7.30409647E-06,0.168744102,thorax,0.893146038,0.00221642782,right_foot,0.00924603362,1,-8.84341353E-06,-0.0518701077,NONE
7.99,-9.29749694E-06,1.12237656,-0.0518702716,3.6949146E-07,1.22092042E-05,-2.94179245E-06,0.102848768,1,3.15245893E-06,0.981493294,-1.18476482E-05,1.41335189,-0.140380174,3.98634484E-06,4.02778387E-05,3.81071209E-06,0.00019925207,0.000491023064,0.0409185775,7.29375688E-06,0.168730512,thorax,0.893146038,0.00221637567,right_foot,0.00924627762,1,-1.8345032E-05,-0.0518687814,NONE
8.01,-9.29203998E-06,1.12237656,-0.0518702678,-8.40361558E-09,1.27485255E-05,-3.1970219E-06,0.102848768,1,2.79259825E-06,0.981493294,-1.18537391E-05,1.41335189,-0.140380174,2.00203613E-06,4.0050596E-05,4.39005271E-06,0.000196029971,0.000491023064,0.0409185775,7.31299815E-06,0.168742597,thorax,0.893146038,0.00221649464,right_foot,0.00924627949,1,9.00670329E-07,-0.0518667363,NONE
8.03,-9.28829468E-06,1.12237656,-0.0518702716,7.34010275E-09,1.51511731E-05,-3.16196133E-06,0.102848768,1,2.80891095E-06,0.981493294,-1.18445487E-05,1.41335189,-0.140380174,2.81655412E-06,4.06987965E-05,4.5941606E-06,0.000188567879,0.000491142273,0.0409285128,7.31458067E-06,0.168749973,thorax,0.893146038,0.00221647229,right_foot,0.00924617145,1,-1.68123779E-06,-0.0518680289,NONE
8.05,-9.28754798E-06,1.12237656,-0.0518702716,1.49856504E-07,1.20871564E-05,-3.05925323E-06,0.102848768,1,3.12001544E-06,0.981493294,-1.18360467E-05,1.41335189,-0.140380174,4.06748768E-06,4.03635204E-05,4.27687337E-06,0.000200244642,0.000491023064,0.0409185775,7.29591784E-06,0.168730065,thorax,0.893146217,0.00221637567,right_foot,0.00924607366,1,-1.46287684E-05,-0.0518691614,NONE
8.07,-9.2862465E-06,1.12237656,-0.0518702716,-3.25741894E-07,6.57535247E-06,-3.45137823E-06,0.102848768,1,2.86211957E-06,0.981493294,-1.18462322E-05,1.41335189,-0.140380174,1.55888881E-06,3.54535878E-05,5.16674936E-06,0.000201680523,0.000491023064,0.0409185775,7.30659622E-06,0.168731153,thorax,0.893146038,0.00221642037,right_foot,0.00924615841,1,2.01782336E-06,-0.0518659875,NONE
8.09,-9.28288955E-06,1.12237656,-0.0518702716,2.8131933E-07,1.78228784E-05,-2.8365705E-06,0.102848768,1,2.94209894E-06,0.981493294,-1.18199105E-05,1.41335189,-0.140380174,3.86772172E-06,4.41111624E-05,3.93964092E-06,0.000192568448,0.000491023064,0.0409185775,7.30738657E-06,0.168743715,thorax,0.893146038,0.00221642037,right_foot,0.00924600475,1,-6.88180216E-06,-0.05187032,NONE
8.11,-9.2761411E-06,1.12237656,-0.0518702716,3.36323779E-07,1.12534954E-05,-3.10430937E-06,0.102848768,1,3.19714809E-06,0.981493294,-1.18147746E-05,1.41335189,-0.140380174,4.29667261E-06,3.98121774E-05,4.57430724E-06,0.000201964169,0.000491023064,0.0409185775,7.29320527E-06,0.168728366,thorax,0.893146217,0.00221634586,right_foot,0.00924617145,1,-2.09445243E-05,-0.0518690757,NONE
8.13,-9.27012752E-06,1.12237656,-0.0518702716,1.18995382E-08,6.50506945E-06,-3.40581801E-06,0.102848768,1,2.81400389E-06,0.981493294,-1.1815705E-05,1.41335189,-0.140380174,2.13376734E-06,3.53865325E-05,5.2178807E-06,0.000201633069,0.000491023064,0.0409185775,7.30538068E-06,0.168730646,thorax,0.893146038,0.00221639802,right_foot,0.00924611837,1,1.82698648E-06,-0.0518661328,NONE
8.15,-9.27037672E-06,1.12237656,-0.0518702716,-3.09725664E-07,8.69299492E-06,-3.20012964E-06,0.102848768,1,2.98657028E-06,0.981493294,-1.18193348E-05,1.41335189,-0.140380174,2.06688856E-06,3.79011035E-05,4.74440731E-06,0.000205351782,0.000491023064,0.0409185775,7.30751572E-06,0.168725818,thorax,0.893146098,0.00221642782,right_foot,0.00924603082,1,-6.56168504E-06,-0.051868964,NONE
8.17,-9.27720066E-06,1.12237656,-0.0518702716,-2.44790812E-07,2.81649809E-05,-2.43674435E-06,0.102848768,1,3.20537811E-06,0.981493354,-1.18200742E-05,1.41335189,-0.140380174,4.95154291E-06,4.63426113E-05,4.20961305E-06,0.000179879731,0.000491023064,0.0409185775,7.25384325E-06,0.168774202,thorax,0.893146217,0.00221647369,right_foot,0.00924615748,1,-1.94747336E-05,-0.0518716425,NONE
8.19,-9.2805667E-06,1.12237656,-0.0518702716,-2.7770335E-07,1.64485518E-05,-2.99465296E-06,0.102848768,1,2.8016409E-06,0.981493294,-1.18249864E-05,1.41335189,-0.140380174,2.48994479E-06,4.25763428E-05,4.50709103E-06,0.000190102466,0.000491142273,0.0409285128,7.2477992E-06,0.168747008,thorax,0.893146098,0.00221644389,right_foot,0.0092464257,1,-2.79907749E-06,-0.0518656038,NONE
8.21,-9.29076032E-06,1.12237656,-0.051870279,-5.0794489E-07,2.51285128E-05,-2.77542745E-06,0.102848761,1,2.82694464E-06,0.981493294,-1.1837802E-05,1.41335189,-0.140380174,2.65810581E-06,4.43793833E-05,4.2910865E-06,0.000181732175,0.000491142273,0.0409285128,7.2694379E-06,0.168772683,thorax,0.893146098,0.00221654051,right_foot,0.00924630463,1,-4.15403701E-06,-0.0518692285,NONE
8.23,-9.30095212E-06,1.12237656,-0.051870279,-4.0941606E-07,2.50956218E-05,-2.73989713E-06,0.102848761,1,2.85038755E-06,0.981493294,-1.18482349E-05,1.41335189,-0.140380174,2.78173684E-06,4.48077917E-05,4.20829565E-06,0.000183078082,0.000491023064,0.0409185775,7.26328426E-06,0.16877079,thorax,0.893146038,0.00221651094,right_foot,0.00924633164,1,-4.79855316E-06,-0.0518689752,NONE
8.25,-9.30611805E-06,1.12237656,-0.051870279,-1.45981033E-07,2.59832705E-05,-2.71171893E-06,0.102848761,1,2.81020357E-06,0.981493294,-1.18478411E-05,1.41335189,-0.140380174,3.35419077E-06,4.51654196E-05,3.87590717E-06,0.000180280927,0.000491023064,0.0409185775,7.25939708E-06,0.168772772,thorax,0.893146098,0.00221646624,right_foot,0.00924630091,1,-6.56749353E-06,-0.0518691316,NONE
8.27,-9.30821443E-06,1.12237656,-0.051870279,-2.40300864E-07,1.88215236E-05,-3.10831729E-06,0.102848761,1,3.00945862E-06,0.981493354,-1.18630878E-05,1.41335189,-0.140380174,3.10352721E-06,4.33474779E-05,3.97504846E-06,0.000183100841,0.000491142273,0.0409285128,7.2527414E-06,0.168756232,thorax,0.893146217,0.00221643643,right_foot,0.00924628135,1,-1.08491122E-05,-0.0518683679,NONE
8.29,-9.31049544E-06,1.12237656,-0.051870279,-3.77803246E-08,2.55086252E-05,-2.71357248E-06,0.102848761,1,2.81091548E-06,0.981493294,-1.1862574E-05,1.41335189,-0.140380174,3.26046734E-06,4.56050038E-05,3.87114051E-06,0.000184306598,0.000491023064,0.0409185775,7.26273038E-06,0.168769285,thorax,0.893146098,0.00221650349,right_foot,0.0092461938,1,-4.79525625E-06,-0.0518680923,NONE
8.31,-9.31172781E-06,1.12237656,-0.051870279,-2.74350187E-09,1.91037434E-05,-3.08475296E-06,0.102848761,1,2.98953228E-06,0.981493354,-1.18687331E-05,1.41335189,-0.140380174,3.8032199E-06,4.39807773E-05,3.5555538E-06,0.000185193188,0.000491142273,0.0409285128,7.24610982E-06,0.168754846,thorax,0.893146217,0.00221642153,right_foot,0.00924626645,1,-1.16669125E-05,-0.0518678948,NONE
8.33,-9.31204704E-06,1.12237656,-0.0518702827,-1.64893006E-08,2.57588945E-05,-2.76665696E-06,0.102848753,1,2.87590728E-06,0.981493294,-1.18727148E-05,1.41335189,-0.140380174,3.19249534E-06,4.54932451E-05,3.30705961E-06,0.00018370703,0.000491023064,0.0409185775,7.26607732E-06,0.16877006,thorax,0.893146038,0.00221651839,right_foot,0.00924621802,1,-6.87719739E-06,-0.0518686175,NONE
8.35,-9.30925307E-06,1.12237656,-0.051870279,1.83639528E-07,2.51643487E-05,-2.86821501E-06,0.102848761,1,2.79905544E-06,0.981493294,-1.18658954E-05,1.41335189,-0.140380174,3.66585323E-06,4.50238585E-05,3.45965236E-06,0.000183824595,0.000491023064,0.0409185775,7.26049802E-06,0.168770522,thorax,0.893146038,0.00221646624,right_foot,0.00924627483,1,-4.97360725E-06,-0.0518688038,NONE
8.37,-9.3059034E-06,1.12237656,-0.0518702827,-1.59261992E-09,1.88232461E-05,-3.17147669E-06,0.102848753,1,3.06618222E-06,0.981493354,-1.18706066E-05,1.41335189,-0.140380174,3.90367313E-06,4.37684357E-05,3.45514673E-06,0.000185271812,0.000491142273,0.0409285128,7.24666552E-06,0.168754473,thorax,0.893146217,0.00221640663,right_foot,0.00924619008,1,-1.1342453E-05,-0.0518684201,NONE
8.39,-9.31080831E-06,1.12237656,-0.0518702865,-4.78981548E-08,1.95519406E-05,-2.98255486E-06,0.102848753,1,3.13134137E-06,0.981493354,-1.18736743E-05,1.41335189,-0.140380189,3.77044444E-06,4.46401536E-05,3.37739812E-06,0.000184650431,0.000491142273,0.0409285128,7.25162363E-06,0.168753877,thorax,0.893146098,0.00221642153,right_foot,0.0092460718,1,-1.19835158E-05,-0.0518680811,NONE
8.41,-9.31021168E-06,1.12237656,-0.0518702902,-8.04252949E-08,2.4916335E-05,-2.7853107E-06,0.102848753,1,2.91192055E-06,0.981493294,-1.1875456E-05,1.41335189,-0.140380189,3.32419017E-06,4.50760126E-05,3.93512937E-06,0.000184939956,0.000491023064,0.0409185775,7.2908374E-06,0.168768942,thorax,0.893146038,0.00221650349,right_foot,0.00924621429,1,-6.86511203E-06,-0.0518683307,NONE
8.43,-9.31332761E-06,1.12237656,-0.0518702976,-1.53179291E-09,2.82804103E-05,-2.7183255E-06,0.102848738,1,2.95548648E-06,0.981493354,-1.18743501E-05,1.41335189,-0.140380189,4.47114962E-06,4.62979078E-05,3.55429188E-06,0.000176225265,0.000491023064,0.0409185775,7.25939708E-06,0.168779507,thorax,0.893146098,0.00221646624,right_foot,0.00924623944,1,-1.28133288E-05,-0.0518705957,NONE
8.45,-9.30986062E-06,1.12237656,-0.0518702976,-3.84079186E-08,1.62211036E-05,-3.13658029E-06,0.102848738,1,2.98469377E-06,0.981493294,-1.18713197E-05,1.41335189,-0.140380189,3.06970946E-06,4.24869359E-05,3.86862166E-06,0.000190754217,0.000491142273,0.0409285128,7.25055179E-06,0.1687475,thorax,0.893146098,0.00221642898,right_foot,0.00924619846,1,-4.71446492E-06,-0.0518666059,NONE
8.47,-9.31178511E-06,1.12237656,-0.0518702976,4.88991532E-08,2.85740498E-05,-2.63883726E-06,0.102848738,1,2.92409618E-06,0.981493354,-1.18737917E-05,1.41335189,-0.140380204,4.24999052E-06,4.69647348E-05,3.21121865E-06,0.000178025875,0.000491023064,0.0409185775,7.26497683E-06,0.168778434,thorax,0.893146098,0.00221648859,right_foot,0.00924609508,1,-1.32798677E-05,-0.0518706739,NONE
8.49,-9.30866736E-06,1.12237656,-0.0518703014,1.04628279E-08,1.72813998E-05,-3.0293304E-06,0.102848738,1,2.99170733E-06,0.981493294,-1.18701219E-05,1.41335189,-0.140380204,3.55132852E-06,4.33810055E-05,4.21208188E-06,0.000189150116,0.000491142273,0.0409285128,7.2477992E-06,0.168748736,thorax,0.893146098,0.00221641408,right_foot,0.00924621522,1,-7.26820417E-06,-0.0518669635,NONE
8.51,-9.30738861E-06,1.12237656,-0.0518703051,9.74412018E-08,2.67783907E-05,-2.70729038E-06,0.102848738,1,2.88664614E-06,0.981493354,-1.18661119E-05,1.41335189,-0.140380204,3.93405344E-06,4.55155969E-05,3.93944902E-06,0.0001791018,0.000491023064,0.0409185775,7.26607732E-06,0.168776304,thorax,0.893146038,0.00221650349,right_foot,0.00924613699,1,-9.05293473E-06,-0.0518701673,NONE
8.53,-9.30941496E-06,1.12237656,-0.0518703051,-9.92211895E-08,1.05512709E-05,-3.23596714E-06,0.102848738,1,3.03522529E-06,0.981493294,-1.18690923E-05,1.41335189,-0.140380204,3.29090562E-06,3.88175249E-05,4.47806678E-06,0.000198665191,0.000491023064,0.0409185775,7.23628227E-06,0.168733835,thorax,0.893146038,0.00221636216,right_foot,0.00924610719,1,-1.08870681E-05,-0.05186617,NONE
8.55,-9.31140494E-06,1.12237656,-0.0518703051,-2.30308871E-07,9.83383052E-06,-3.2872706E-06,0.102848738,1,2.99533963E-06,0.981493294,-1.18742682E-05,1.41335189,-0.140380204,2.92974619E-06,3.81022692E-05,4.63026026E-06,0.000199585411,0.000491023064,0.0409185775,7.23900894E-06,0.168734759,thorax,0.893146038,0.00221637706,right_foot,0.00924591534,1,-9.06435525E-06,-0.0518675819,NONE
8.57,-9.31381328E-06,1.12237656,-0.0518703014,-2.93148901E-07,1.96079218E-05,-2.70680607E-06,0.102848738,1,2.83835493E-06,0.981493354,-1.18791577E-05,1.41335189,-0.140380204,2.28703584E-06,4.53591347E-05,3.87643695E-06,0.0001898419,0.000491023064,0.0409185775,7.26836879E-06,0.168746591,thorax,0.893146038,0.00221653329,right_foot,0.00924605131,1,-1.82814358E-06,-0.051870726,NONE
8.59,-9.30984788E-06,1.12237656,-0.0518702976,3.53671226E-08,1.55023699E-05,-2.79321307E-06,0.102848738,1,2.9188609E-06,0.981493354,-1.18664811E-05,1.41335189,-0.140380204,2.41709199E-06,4.28147614E-05,4.31828994E-06,0.00019603144,0.000491142273,0.0409285128,7.2527414E-06,0.168735191,thorax,0.893146038,0.00221646624,right_foot,0.00924622547,1,2.99145813E-06,-0.0518684499,NONE
8.61,-9.31229806E-06,1.12237656,-0.0518702976,-1.46970805E-07,1.49846646E-05,-2.7645292E-06,0.102848738,1,3.20700929E-06,0.981493354,-1.18739654E-05,1.41335201,-0.140380204,3.55369821E-06,3.98941338E-05,4.65316771E-06,0.000204354801,0.000491023064,0.0409185775,7.24174197E-06,0.168728918,thorax,0.893146098,0.00221640663,right_foot,0.00924614724,1,-1.46130578E-05,-0.0518686213,NONE
8.63,-9.31276099E-06,1.12237656,-0.0518702976,1.12100629E-07,2.46125765E-05,-2.48168203E-06,0.102848738,1,2.84342696E-06,0.981493294,-1.18643602E-05,1.41335201,-0.140380189,3.65815936E-06,3.95700336E-05,4.66507845E-06,0.000186547462,0.000491023064,0.0409185775,7.26273038E-06,0.168768525,thorax,0.893146038,0.00221649604,right_foot,0.00924624782,1,-5.56098394E-06,-0.0518679321,NONE
8.65,-9.31096201E-06,1.12237656,-0.0518702902,1.00987968E-07,8.82363656E-06,-3.11280519E-06,0.102848753,1,2.92548384E-06,0.981493294,-1.18672906E-05,1.41335201,-0.140380174,3.23006134E-06,3.14302742E-05,5.44001387E-06,0.000197685033,0.000490903854,0.0409086458,7.23844505E-06,0.168735072,thorax,0.893146038,0.00221634726,right_foot,0.00924620871,1,-9.73428632E-06,-0.0518666431,NONE
8.67,-9.30807619E-06,1.12237656,-0.0518702865,9.04246775E-08,8.93603465E-06,-3.00195916E-06,0.102848753,1,2.95994346E-06,0.981493294,-1.18695498E-05,1.41335201,-0.140380174,3.18426896E-06,3.15383077E-05,5.1660063E-06,0.00019648789,0.000490903854,0.0409086458,7.24174197E-06,0.168736055,thorax,0.893146038,0.00221636216,right_foot,0.00924600661,1,-9.82702568E-06,-0.0518674441,NONE
8.69,-9.30056012E-06,1.12237656,-0.0518702753,3.44511818E-07,1.64306839E-05,-2.56038902E-06,0.102848768,1,3.01360387E-06,0.981493294,-1.18534253E-05,1.41335201,-0.140380174,3.68330848E-06,3.77446413E-05,4.2863503E-06,0.000192887615,0.000491023064,0.0409185775,7.2472285E-06,0.168741569,thorax,0.893146038,0.00221639918,right_foot,0.00924610067,1,-7.95746837E-06,-0.0518698506,NONE
8.71,-9.29678936E-06,1.12237656,-0.0518702716,1.29654723E-07,1.7592085E-05,-2.74385116E-06,0.102848768,1,3.04882838E-06,0.981493354,-1.18536445E-05,1.41335201,-0.140380174,3.84549321E-06,3.69623303E-05,4.47719458E-06,0.000183645068,0.000491023064,0.0409185775,7.25331165E-06,0.168755308,thorax,0.893146098,0.00221641408,right_foot,0.0092463335,1,-1.16290876E-05,-0.0518682301,NONE
8.73,-9.29629095E-06,1.12237656,-0.051870279,8.66712119E-11,8.8994002E-06,-3.08198537E-06,0.102848761,1,3.01250861E-06,0.981493294,-1.18511543E-05,1.41335201,-0.140380174,3.345506E-06,3.20412219E-05,5.23210338E-06,0.000199592178,0.000490903854,0.0409086458,7.23900894E-06,0.168731987,thorax,0.893146098,0.00221635471,right_foot,0.00924621616,1,-7.91535695E-06,-0.0518653691,NONE
8.75,-9.29817816E-06,1.12237656,-0.0518702716,-1.50162094E-07,2.38634329E-05,-2.58848604E-06,0.102848768,1,2.81800067E-06,0.981493294,-1.185582E-05,1.41335201,-0.140380174,3.14724957E-06,3.82252038E-05,4.38115603E-06,0.000182709002,0.000490903854,0.0409086458,7.29196427E-06,0.168771148,thorax,0.893146038,0.00221649604,right_foot,0.0092461966,1,-5.79392145E-06,-0.0518693551,NONE
8.77,-9.30048736E-06,1.12237656,-0.0518702716,-1.69064336E-07,1.62058968E-05,-2.97373049E-06,0.102848768,1,2.96100848E-06,0.981493294,-1.18578291E-05,1.41335201,-0.140380174,2.81965413E-06,3.66345048E-05,4.35564607E-06,0.000190189356,0.000491023064,0.0409185775,7.24998154E-06,0.168745637,thorax,0.893146038,0.00221643643,right_foot,0.00924635958,1,1.29311013E-06,-0.0518688522,NONE
8.79,-9.30534316E-06,1.12237656,-0.051870279,-2.58789523E-08,2.64691662E-05,-2.63823972E-06,0.102848761,1,2.98051054E-06,0.981493354,-1.18582675E-05,1.41335201,-0.140380174,4.28828844E-06,4.00133431E-05,3.990398E-06,0.00018029513,0.000490903854,0.0409086458,7.25885775E-06,0.168776274,thorax,0.893146038,0.00221647369,right_foot,0.00924624596,1,-1.42060835E-05,-0.0518697537,NONE
8.81,-9.30247552E-06,1.12237656,-0.0518702753,-5.2550984E-08,1.70336953E-05,-2.97292763E-06,0.102848768,1,2.97236761E-06,0.981493354,-1.18582348E-05,1.41335201,-0.140380174,3.33986645E-06,3.74317169E-05,3.74024285E-06,0.000187998361,0.000491023064,0.0409185775,7.24998154E-06,0.168750018,thorax,0.893146038,0.00221641408,right_foot,0.0092462888,1,-7.76982051E-06,-0.0518667102,NONE
8.83,-9.30089118E-06,1.12237656,-0.051870279,4.20382946E-07,2.41151429E-05,-2.74692366E-06,0.102848761,1,2.8274053E-06,0.981493294,-1.18431581E-05,1.41335201,-0.140380174,4.45185333E-06,3.8459897E-05,3.92855281E-06,0.00018403407,0.000490903854,0.0409086458,7.25885775E-06,0.168770656,thorax,0.893146038,0.00221643643,right_foot,0.00924619474,1,-2.70039209E-06,-0.0518682376,NONE
8.85,-9.29636099E-06,1.12237656,-0.051870279,2.63177231E-08,1.46838102E-05,-3.22680967E-06,0.102848761,1,2.92450591E-06,0.981493294,-1.18538892E-05,1.41335201,-0.140380174,2.56106705E-06,3.47271562E-05,3.75081868E-06,0.000187203885,0.000491023064,0.0409185775,7.25724021E-06,0.168750674,thorax,0.893146038,0.00221644389,right_foot,0.00924627483,1,-5.129084E-06,-0.0518678911,NONE
8.87,-9.29307225E-06,1.12237656,-0.0518702865,5.24467367E-08,9.71047848E-06,-3.2213984E-06,0.102848753,1,3.01667296E-06,0.981493294,-1.18493681E-05,1.41335201,-0.140380174,3.17989998E-06,3.24808061E-05,4.14020451E-06,0.000198760754,0.000490903854,0.0409086458,7.24505298E-06,0.168731391,thorax,0.893146038,0.00221639173,right_foot,0.00924603548,1,-8.40963276E-06,-0.0518693067,NONE
8.89,-9.29210637E-06,1.12237656,-0.051870279,2.59241215E-08,9.10329618E-06,-3.20317508E-06,0.102848761,1,3.05423214E-06,0.981493294,-1.1842154E-05,1.41335201,-0.140380174,3.91785943E-06,3.25106084E-05,4.41182783E-06,0.000200221286,0.000490903854,0.0409086458,7.23299809E-06,0.168732271,thorax,0.893146038,0.00221634726,right_foot,0.00924596377,1,-1.21584353E-05,-0.0518672988,NONE
8.91,-9.29296948E-06,1.12237656,-0.051870279,-1.21077647E-07,1.47101364E-05,-3.06749894E-06,0.102848761,1,2.95022596E-06,0.981493294,-1.18488479E-05,1.41335201,-0.140380174,2.91739957E-06,3.55355442E-05,3.95335746E-06,0.000190504055,0.000491023064,0.0409185775,7.25055179E-06,0.168748006,thorax,0.893146038,0.00221646624,right_foot,0.00924612023,1,-5.98357656E-06,-0.051868014,NONE
8.93,-9.29393082E-06,1.12237656,-0.051870279,-1.89564147E-07,9.69771554E-06,-3.18039611E-06,0.102848761,1,3.08153199E-06,0.981493294,-1.18488888E-05,1.41335201,-0.140380174,3.065908E-06,3.27304006E-05,4.11250585E-06,0.000201147937,0.000490903854,0.0409086458,7.24448182E-06,0.168730676,thorax,0.893146038,0.00221639173,right_foot,0.00924609788,1,-9.25225231E-06,-0.0518687032,NONE
8.95,-9.29993166E-06,1.12237656,-0.051870279,-3.39525599E-07,2.43758932E-05,-2.66101529E-06,0.102848761,1,2.76731089E-06,0.981493294,-1.18550533E-05,1.41335201,-0.140380174,3.00404372E-06,3.86610627E-05,3.64485186E-06,0.000183385462,0.000490903854,0.0409086458,7.26663893E-06,0.168771595,thorax,0.893146038,0.00221654051,right_foot,0.00924620312,1,-4.55514964E-06,-0.0518694147,NONE
8.97,-9.30895112E-06,1.12237656,-0.051870279,-2.43910478E-07,2.54937095E-05,-2.70764849E-06,0.102848761,1,2.9447142E-06,0.981493354,-1.18643857E-05,1.41335201,-0.140380174,3.45874059E-06,3.92459333E-05,3.88023773E-06,0.000180515301,0.000490903854,0.0409086458,7.26273038E-06,0.16877529,thorax,0.893146038,0.00221651839,right_foot,0.00924638379,1,-1.03330285E-05,-0.0518689379,NONE
8.99,-9.31351951E-06,1.12237656,-0.051870279,-8.63373302E-08,1.95829271E-05,-2.90630919E-06,0.102848761,1,3.16086494E-06,0.981493354,-1.18681564E-05,1.41335201,-0.140380174,4.21307686E-06,3.95290554E-05,3.60803733E-06,0.000186511272,0.000490903854,0.0409086458,7.24281517E-06,0.168753788,thorax,0.893146038,0.00221641408,right_foot,0.00924626086,1,-1.61564185E-05,-0.0518671274,NONE
9.01,-9.31167961E-06,1.12237656,-0.051870279,2.41008536E-07,1.9411229E-05,-2.95880386E-06,0.102848761,1,3.16239493E-06,0.981493354,-1.1861338E-05,1.41335201,-0.140380174,4.8271977E-06,3.93390656E-05,3.63730328E-06,0.000186513076,0.000491023064,0.0409185775,7.24121674E-06,0.16875416,thorax,0.893146038,0.00221638451,right_foot,0.00924615283,1,-1.79710587E-05,-0.0518676452,NONE
9.03,-9.30083388E-06,1.12237656,-0.0518702865,2.76034569E-07,1.49625621E-05,-3.15197508E-06,0.102848753,1,2.96223334E-06,0.981493294,-1.1854796E-05,1.41335201,-0.140380174,3.14217687E-06,3.59006226E-05,3.79399035E-06,0.000191040235,0.000491023064,0.0409185775,7.2527414E-06,0.168746546,thorax,0.893146038,0.00221642898,right_foot,0.00924617797,1,-3.09747452E-06,-0.0518669188,NONE
9.05,-9.29874568E-06,1.12237656,-0.0518702865,1.44987141E-07,2.51122747E-05,-2.72343482E-06,0.102848753,1,2.86172622E-06,0.981493354,-1.18562757E-05,1.41335201,-0.140380174,3.80231654E-06,3.86983156E-05,3.72554268E-06,0.000179743758,0.000491023064,0.0409185775,7.2694379E-06,0.168775886,thorax,0.893146038,0.00221650349,right_foot,0.00924614724,1,-9.27263773E-06,-0.0518702567,NONE
9.07,-9.29426642E-06,1.12237656,-0.0518702865,2.62220567E-07,2.44094481E-05,-2.66195661E-06,0.102848753,1,2.85521355E-06,0.981493294,-1.18457992E-05,1.41335201,-0.140380189,3.79218909E-06,3.92459333E-05,3.87366435E-06,0.000183826487,0.000490903854,0.0409086458,7.25994369E-06,0.168769255,thorax,0.893146038,0.00221648114,right_foot,0.00924629346,1,-5.01646718E-06,-0.0518678725,NONE
9.09,-9.29423186E-06,1.12237656,-0.0518702902,1.05978692E-07,1.79234339E-05,-3.17410831E-06,0.102848753,1,3.284488E-06,0.981493354,-1.18456255E-05,1.41335201,-0.140380189,4.91926221E-06,3.61800194E-05,3.89350726E-06,0.000179417038,0.000491023064,0.0409185775,7.2313519E-06,0.168759942,thorax,0.893146038,0.00221632491,right_foot,0.00924616028,1,-2.0031639E-05,-0.0518677309,NONE
9.11,-9.29453836E-06,1.12237656,-0.0518702976,-1.66673217E-07,2.47033222E-05,-2.75012394E-06,0.102848738,1,2.92519371E-06,0.981493294,-1.18519283E-05,1.41335189,-0.140380204,2.63647962E-06,4.37162817E-05,2.99271073E-06,0.000181097043,0.000491023064,0.0409185775,7.27157203E-06,0.16877377,thorax,0.893146098,0.00221656286,right_foot,0.00924618449,1,-3.01791579E-06,-0.0518687591,NONE
9.13,-9.29696489E-06,1.12237656,-0.0518702976,-1.43044062E-07,2.01481362E-05,-2.90516596E-06,0.102848738,1,2.96369763E-06,0.981493354,-1.18545204E-05,1.41335189,-0.140380204,3.37330289E-06,4.52436507E-05,3.39365124E-06,0.000186435151,0.000491023064,0.0409185775,7.24941856E-06,0.168751076,thorax,0.893146098,0.00221645879,right_foot,0.00924621616,1,-1.02625199E-05,-0.0518702827,NONE
9.15,-9.30168335E-06,1.12237656,-0.0518702976,-1.12771879E-07,2.1195734E-05,-2.92474283E-06,0.102848738,1,3.08886229E-06,0.981493354,-1.18566559E-05,1.41335189,-0.140380204,4.18914851E-06,4.63351607E-05,3.50984214E-06,0.00018584606,0.000491023064,0.0409185775,7.24391884E-06,0.168756023,thorax,0.893146098,0.00221642153,right_foot,0.00924611837,1,-1.43018715E-05,-0.0518677644,NONE
9.17,-9.30481292E-06,1.12237656,-0.0518703014,-1.35743889E-07,1.01453252E-05,-3.47495575E-06,0.102848738,1,3.2746118E-06,0.981493294,-1.18627695E-05,1.41335189,-0.140380204,3.93019491E-06,3.81879508E-05,4.40587473E-06,0.000199015645,0.000491023064,0.0409185775,7.22757795E-06,0.168736041,thorax,0.893146038,0.00221632491,right_foot,0.00924601313,1,-1.58101484E-05,-0.0518659092,NONE
9.19,-9.30633996E-06,1.12237656,-0.0518703051,-1.30904965E-07,9.78383105E-06,-3.36388007E-06,0.102848738,1,2.97949077E-06,0.981493294,-1.18656353E-05,1.41335189,-0.140380204,2.90598177E-06,3.79383564E-05,4.39025234E-06,0.000198834256,0.000491023064,0.0409185775,7.24448182E-06,0.168734908,thorax,0.893146038,0.00221638451,right_foot,0.00924584363,1,-9.76566662E-06,-0.0518679954,NONE
9.21,-9.30750775E-06,1.12237656,-0.0518702976,-1.17246941E-07,1.76396352E-05,-2.78793573E-06,0.102848738,1,2.99222393E-06,0.981493294,-1.18667049E-05,1.41335189,-0.140380204,2.99716839E-06,4.43160534E-05,3.88655144E-06,0.000193418513,0.000491023064,0.0409185775,7.25550763E-06,0.16874215,thorax,0.893146098,0.00221647369,right_foot,0.0092459619,1,-8.16009833E-06,-0.0518707223,NONE
9.23,-9.311545E-06,1.12237656,-0.0518702976,-1.90344878E-07,2.28898134E-05,-2.73174805E-06,0.102848738,1,2.76656579E-06,0.981493294,-1.18702028E-05,1.41335189,-0.140380204,2.63092352E-06,4.31090593E-05,4.60942238E-06,0.00018645286,0.000491023064,0.0409185775,7.29417934E-06,0.168767989,thorax,0.893146038,0.00221653329,right_foot,0.00924627576,1,-2.57142847E-06,-0.0518688485,NONE
9.25,-9.3139297E-06,1.12237656,-0.0518702976,-1.97514382E-07,2.26773827E-05,-2.76413834E-06,0.102848738,1,2.74891909E-06,0.981493294,-1.18773578E-05,1.41335189,-0.140380204,2.44280932E-06,4.24385071E-05,4.65628955E-06,0.000185527082,0.000491142273,0.0409285128,7.27224369E-06,0.168769255,thorax,0.893146038,0.00221653329,right_foot,0.00924629811,1,-2.28599288E-06,-0.0518697575,NONE
9.27,-9.31504655E-06,1.12237656,-0.0518703014,1.07478009E-07,1.16477067E-05,-3.01669638E-06,0.102848738,1,3.11130043E-06,0.981493294,-1.18710186E-05,1.41335189,-0.140380204,3.71355259E-06,4.03933227E-05,4.77722369E-06,0.000202662792,0.000491023064,0.0409185775,7.23788935E-06,0.168728665,thorax,0.893146038,0.00221635471,right_foot,0.00924610626,1,-1.38376981E-05,-0.0518686958,NONE
9.29,-9.31441537E-06,1.12237656,-0.0518702976,-2.38583311E-07,6.1323226E-06,-3.36758876E-06,0.102848738,1,2.83413397E-06,0.981493294,-1.18797861E-05,1.41335189,-0.140380189,1.59288402E-06,3.53008509E-05,5.64346647E-06,0.000203540476,0.000491023064,0.0409185775,7.24621714E-06,0.168729991,thorax,0.893146038,0.00221642898,right_foot,0.00924606808,1,1.22285519E-06,-0.0518661588,NONE
9.31,-9.30593524E-06,1.12237656,-0.0518702865,4.8959771E-07,1.72297623E-05,-2.66891084E-06,0.102848753,1,2.96559483E-06,0.981493294,-1.18540729E-05,1.41335189,-0.140380189,3.84438636E-06,4.3798238E-05,4.19007029E-06,0.000193915665,0.000491023064,0.0409185775,7.25162363E-06,0.16874294,thorax,0.893146038,0.00221642898,right_foot,0.00924594421,1,-7.95958113E-06,-0.0518704839,NONE
9.33,-9.30118131E-06,1.12237656,-0.0518702902,1.87276328E-07,1.02922004E-05,-3.10091878E-06,0.102848753,1,2.94992492E-06,0.981493294,-1.1856534E-05,1.41335189,-0.140380189,3.29105046E-06,3.7766993E-05,4.93569132E-06,0.000194930239,0.000491023064,0.0409185775,7.2395801E-06,0.168736905,thorax,0.893146038,0.00221638451,right_foot,0.00924621709,1,-1.01198466E-05,-0.0518669002,NONE
9.35,-9.29834823E-06,1.12237656,-0.0518702827,1.97959608E-07,1.01119758E-05,-3.01789282E-06,0.102848753,1,3.05731032E-06,0.981493294,-1.18471371E-05,1.41335189,-0.140380189,3.69670988E-06,3.84449959E-05,5.26845633E-06,0.000198270689,0.000491023064,0.0409185775,7.23299809E-06,0.168733597,thorax,0.893146098,0.00221634726,right_foot,0.00924599636,1,-1.19715223E-05,-0.0518674515,NONE
9.37,-9.2950786E-06,1.12237656,-0.051870279,5.09103444E-08,1.87853093E-05,-2.73567593E-06,0.102848761,1,3.00226066E-06,0.981493354,-1.18498601E-05,1.41335189,-0.140380189,3.49353513E-06,4.37907875E-05,4.53821804E-06,0.00018485084,0.000491142273,0.0409285128,7.25055179E-06,0.168755159,thorax,0.893146217,0.00221644389,right_foot,0.00924615562,1,-1.03284692E-05,-0.0518686138,NONE
9.39,-9.29166617E-06,1.12237656,-0.051870279,1.46584824E-07,2.57245374E-05,-2.52709219E-06,0.102848761,1,2.87123044E-06,0.981493294,-1.18399485E-05,1.41335189,-0.140380189,3.66330119E-06,4.57689166E-05,5.04220816E-06,0.000184754477,0.000491023064,0.0409185775,7.26049802E-06,0.16876924,thorax,0.893146217,0.00221648859,right_foot,0.00924632419,1,-4.47530101E-06,-0.0518675447,NONE
9.41,-9.29173439E-06,1.12237656,-0.0518702827,-1.55415393E-07,9.82893107E-06,-3.36059156E-06,0.102848753,1,2.97508564E-06,0.981493294,-1.18474418E-05,1.41335189,-0.140380189,2.89703212E-06,3.76850367E-05,5.17377157E-06,0.000197418136,0.000491023064,0.0409185775,7.23685389E-06,0.168736264,thorax,0.893146217,0.00221636961,right_foot,0.00924628694,1,-8.36142499E-06,-0.0518661849,NONE
9.43,-9.29588987E-06,1.12237656,-0.0518702827,-2.43683587E-07,1.76511312E-05,-2.85986039E-06,0.102848753,1,3.04738251E-06,0.981493294,-1.18491471E-05,1.41335189,-0.140380189,2.76581022E-06,4.42825258E-05,4.34952017E-06,0.000194198597,0.000491142273,0.0409285128,7.25885047E-06,0.168742403,thorax,0.893146098,0.00221647369,right_foot,0.00924605038,1,-7.07783602E-06,-0.0518702082,NONE
9.45,-9.29335147E-06,1.12237656,-0.0518702865,6.11355078E-10,1.75928708E-05,-2.84198268E-06,0.102848753,1,2.86184058E-06,0.981493294,-1.18436101E-05,1.41335189,-0.140380189,3.06059701E-06,4.40105796E-05,4.56848375E-06,0.000192676889,0.000491142273,0.0409285128,7.25331165E-06,0.168742612,thorax,0.893146038,0.00221644389,right_foot,0.00924621709,1,-5.81049608E-06,-0.0518696792,NONE
9.47,-9.29468933E-06,1.12237656,-0.0518702902,-1.14971428E-07,1.03762022E-05,-3.21803782E-06,0.102848753,1,3.01105251E-06,0.981493294,-1.18479129E-05,1.41335189,-0.140380189,3.11370195E-06,3.79197299E-05,5.02769399E-06,0.000195539527,0.000491023064,0.0409185775,7.23900894E-06,0.168737173,thorax,0.893146038,0.00221636961,right_foot,0.00924613513,1,-9.46228556E-06,-0.051867269,NONE
9.49,-9.29927955E-06,1.12237656,-0.0518702865,-2.25395269E-07,9.64291303E-06,-3.1623822E-06,0.102848753,1,3.01587397E-06,0.981493294,-1.18517919E-05,1.41335189,-0.140380189,3.16042474E-06,3.78526747E-05,5.20220601E-06,0.000198232083,0.000491023064,0.0409185775,7.23628227E-06,0.168734223,thorax,0.893146038,0.00221636216,right_foot,0.00924596563,1,-1.08688128E-05,-0.0518672913,NONE
9.51,-9.30411807E-06,1.12237656,-0.0518702865,-3.44139437E-08,1.06666494E-05,-3.08133031E-06,0.102848753,1,3.05519461E-06,0.981493294,-1.18545286E-05,1.41335189,-0.140380189,3.40161341E-06,3.88175249E-05,5.12448833E-06,0.000197183443,0.000491023064,0.0409185775,7.23461335E-06,0.168734863,thorax,0.893146038,0.00221633981,right_foot,0.0092459796,1,-1.34632073E-05,-0.0518673882,NONE
9.53,-9.30561964E-06,1.12237656,-0.0518702827,-3.34069597E-07,5.88649073E-06,-3.34761739E-06,0.102848753,1,2.94683514E-06,0.981493294,-1.18691869E-05,1.41335189,-0.140380174,1.55146358E-06,3.49283218E-05,5.51888024E-06,0.000202503681,0.000491023064,0.0409185775,7.24621714E-06,0.168730423,thorax,0.893146038,0.00221640663,right_foot,0.00924607832,1,1.84158026E-07,-0.0518662408,NONE
9.55,-9.30029182E-06,1.12237656,-0.051870279,3.43440661E-07,1.75392724E-05,-2.70963983E-06,0.102848761,1,2.91253218E-06,0.981493294,-1.18449343E-05,1.41335189,-0.140380174,3.52687448E-06,4.3772161E-05,3.99370765E-06,0.000191932326,0.000491142273,0.0409285128,7.24941856E-06,0.16874364,thorax,0.893146217,0.00221642898,right_foot,0.00924601126,1,-6.09431481E-06,-0.0518702865,NONE
9.57,-9.29438102E-06,1.12237656,-0.051870279,2.09010366E-07,9.74655359E-06,-3.15621332E-06,0.102848761,1,2.94630354E-06,0.981493294,-1.18487569E-05,1.41335189,-0.140380174,3.40124348E-06,3.75881791E-05,4.61216814E-06,0.00019787834,0.000491023064,0.0409185775,7.23900894E-06,0.168734848,thorax,0.893146098,0.00221636216,right_foot,0.00924620777,1,-1.1176774E-05,-0.0518668219,NONE
9.59,-9.2913815E-06,1.12237656,-0.0518702716,1.7564436E-07,1.02539407E-05,-3.10926771E-06,0.102848768,1,3.06287916E-06,0.981493294,-1.18409107E-05,1.41335189,-0.140380174,3.74641786E-06,3.87206674E-05,5.01648719E-06,0.000198740512,0.000491023064,0.0409185775,7.23028461E-06,0.168732882,thorax,0.893146098,0.00221633981,right_foot,0.00924601033,1,-1.24376938E-05,-0.0518672839,NONE
9.61,-9.28820009E-06,1.12237656,-0.0518702753,-2.36084986E-07,5.12933912E-06,-3.4612101E-06,0.102848768,1,2.83782629E-06,0.981493294,-1.18488424E-05,1.41335189,-0.140380159,1.72626312E-06,3.45930457E-05,5.68132282E-06,0.000204913405,0.000491023064,0.0409185775,7.271698E-06,0.168728292,thorax,0.893146038,0.00221640663,right_foot,0.00924612582,1,2.4439064E-06,-0.0518656522,NONE
9.63,-9.28896043E-06,1.12237656,-0.051870279,-8.14943419E-08,9.16460795E-06,-3.27686189E-06,0.102848761,1,2.9486182E-06,0.981493294,-1.18431108E-05,1.41335189,-0.140380159,3.32477975E-06,3.57478857E-05,4.60558067E-06,0.000193583241,0.000491023064,0.0409185775,7.23844505E-06,0.168740809,thorax,0.893146038,0.00221634726,right_foot,0.00924591348,1,-1.42359768E-05,-0.0518679321,NONE
9.65,-9.29087491E-06,1.12237656,-0.0518702716,-2.67070106E-07,2.32247567E-05,-2.5742047E-06,0.102848768,1,2.83092754E-06,0.981493294,-1.18455309E-05,1.41335189,-0.140380159,2.61070727E-06,4.3310225E-05,3.71104579E-06,0.000185130513,0.000491142273,0.0409285128,7.29810881E-06,0.168768317,thorax,0.893146038,0.00221654796,right_foot,0.00924617238,1,-1.7547161E-06,-0.0518691242,NONE
9.67,-9.29505495E-06,1.12237656,-0.0518702678,-2.57961887E-07,2.45700157E-05,-2.7088206E-06,0.102848768,1,2.85104807E-06,0.981493294,-1.18497428E-05,1.41335189,-0.140380159,3.06208312E-06,4.35337424E-05,3.94372728E-06,0.000179942028,0.000491023064,0.0409185775,7.26328426E-06,0.168773696,thorax,0.893146038,0.00221651094,right_foot,0.00924643967,1,-4.66823712E-06,-0.0518692695,NONE
9.69,-9.30118404E-06,1.12237656,-0.0518702716,-1.07662238E-07,2.51431538E-05,-2.76028527E-06,0.102848768,1,2.85530314E-06,0.981493294,-1.18493945E-05,1.41335189,-0.140380159,3.43899524E-06,4.46885824E-05,4.07357265E-06,0.000182463235,0.000491023064,0.0409185775,7.28474015E-06,0.168771982,thorax,0.893146038,0.00221648859,right_foot,0.00924637821,1,-7.87585941E-06,-0.0518685021,NONE
9.71,-9.30396982E-06,1.12237656,-0.0518702716,-3.38079559E-07,2.61201822E-05,-2.85412307E-06,0.102848768,1,2.8838258E-06,0.981493354,-1.18609369E-05,1.41335189,-0.140380159,3.21061452E-06,4.45954502E-05,3.79291896E-06,0.000179193768,0.000491023064,0.0409185775,7.26607732E-06,0.168776646,thorax,0.893146038,0.00221651094,right_foot,0.0092463661,1,-8.79239633E-06,-0.051869981,NONE
9.73,-9.31055183E-06,1.12237656,-0.0518702716,-2.76879774E-07,2.10434355E-05,-2.91063225E-06,0.102848768,1,3.11416125E-06,0.981493354,-1.1865236E-05,1.41335189,-0.140380159,3.9825718E-06,4.60073352E-05,3.33369417E-06,0.000184736782,0.000491023064,0.0409185775,7.24281517E-06,0.168755367,thorax,0.893146217,0.00221640663,right_foot,0.00924622547,1,-1.42958252E-05,-0.0518675894,NONE
9.75,-9.31459999E-06,1.12237656,-0.0518702716,-1.33071339E-07,1.82316016E-05,-3.15574357E-06,0.102848768,1,2.98625082E-06,0.981493354,-1.18687894E-05,1.41335189,-0.140380159,3.29070508E-06,4.37833369E-05,3.48942945E-06,0.000187628524,0.000491142273,0.0409285128,7.24941856E-06,0.168750167,thorax,0.893146038,0.00221642153,right_foot,0.00924621802,1,-9.7887505E-06,-0.0518668741,NONE
9.77,-9.31216618E-06,1.12237656,-0.051870279,3.5618703E-07,2.50753601E-05,-2.88029969E-06,0.102848761,1,2.77115782E-06,0.981493294,-1.18590042E-05,1.41335189,-0.140380174,4.4695289E-06,4.48338687E-05,3.44453338E-06,0.00018473847,0.000491023064,0.0409185775,7.2583266E-06,0.168769643,thorax,0.893146038,0.00221645134,right_foot,0.00924615189,1,-2.48708125E-06,-0.0518682897,NONE
9.79,-9.30703845E-06,1.12237656,-0.0518702865,3.1101419E-07,2.9434912E-05,-2.75180696E-06,0.102848753,1,2.95440782E-06,0.981493354,-1.18572052E-05,1.41335189,-0.140380174,4.12328518E-06,4.66741621E-05,3.50821028E-06,0.000174064873,0.000491023064,0.0409185775,7.26777671E-06,0.16878289,thorax,0.893146098,0.00221648114,right_foot,0.00924626086,1,-1.23879563E-05,-0.0518704243,NONE
9.81,-9.29874477E-06,1.12237656,-0.0518702827,3.39832241E-07,1.83837128E-05,-3.09629945E-06,0.102848753,1,2.95550899E-06,0.981493354,-1.18515045E-05,1.41335189,-0.140380174,3.73364492E-06,4.40329313E-05,3.43576698E-06,0.000187582031,0.000491142273,0.0409285128,7.24998154E-06,0.168750226,thorax,0.893146098,0.00221640663,right_foot,0.00924620684,1,-7.45925627E-06,-0.051867146,NONE
9.83,-9.29119324E-06,1.12237656,-0.0518702865,6.76811112E-07,2.55396099E-05,-2.85406031E-06,0.102848753,1,2.82748852E-06,0.981493294,-1.18304324E-05,1.41335189,-0.140380174,4.79830396E-06,4.52585518E-05,3.3960639E-06,0.000184858116,0.000491023064,0.0409185849,7.25607742E-06,0.168769717,thorax,0.893146098,0.00221644389,right_foot,0.00924612489,1,-1.92129619E-06,-0.0518683679,NONE
9.85,-9.27671499E-06,1.12237656,-0.0518702902,5.23056201E-07,2.9339717E-05,-2.76519745E-06,0.102848753,1,3.03623096E-06,0.981493354,-1.18224134E-05,1.41335189,-0.140380189,4.59882358E-06,4.66071069E-05,2.94290862E-06,0.000174199187,0.000491023064,0.0409185775,7.26607732E-06,0.168783233,thorax,0.893146038,0.00221648114,right_foot,0.0092462413,1,-1.17381014E-05,-0.05187013,NONE
9.87,-9.2682767E-06,1.12237656,-0.0518702902,2.76861414E-07,1.77402762E-05,-3.11061945E-06,0.102848753,1,2.96668668E-06,0.981493294,-1.18136059E-05,1.41335189,-0.140380189,3.76902926E-06,4.37609851E-05,3.67343591E-06,0.00018940655,0.000491023064,0.0409185775,7.2472285E-06,0.16874902,thorax,0.893146098,0.00221639918,right_foot,0.00924617983,1,-7.37116898E-06,-0.0518670082,NONE
9.89,-9.26794928E-06,1.12237656,-0.0518702976,-5.60231896E-08,2.6621854E-05,-2.87440503E-06,0.102848738,1,2.81215966E-06,0.981493354,-1.18143471E-05,1.41335189,-0.140380189,3.52617712E-06,4.52324748E-05,3.62806213E-06,0.000178703427,0.000491023064,0.0409185775,7.26663893E-06,0.168777615,thorax,0.893146038,0.00221651094,right_foot,0.00924615655,1,-1.27582882E-06,-0.0518692695,NONE
9.91,-9.27727342E-06,1.12237656,-0.0518703051,-5.13897533E-07,2.58416476E-05,-2.79575761E-06,0.102848738,1,2.94041388E-06,0.981493354,-1.18323605E-05,1.41335189,-0.140380204,2.94167899E-06,4.55677509E-05,3.98892325E-06,0.000184410033,0.000491023064,0.0409185775,7.26663893E-06,0.168772116,thorax,0.893146038,0.00221651839,right_foot,0.00924622733,1,-6.99206248E-06,-0.0518684685,NONE
9.93,-9.28753707E-06,1.12237656,-0.0518703051,-5.89825106E-07,2.02448155E-05,-2.97947781E-06,0.102848738,1,3.07896175E-06,0.981493294,-1.18383768E-05,1.41335189,-0.140380204,2.94113192E-06,4.41521406E-05,3.33148887E-06,0.000183241631,0.000491023064,0.0409185775,7.25828068E-06,0.168754444,thorax,0.893146098,0.00221645879,right_foot,0.00924616959,1,-1.70956901E-05,-0.0518708825,NONE
9.95,-9.3020426E-06,1.12237656,-0.0518703088,-8.87044564E-07,2.23148563E-05,-2.82050473E-06,0.102848731,1,2.46362083E-06,0.981493294,-1.18632261E-05,1.41335189,-0.140380204,7.27768452E-07,4.12799418E-05,4.27025407E-06,0.000181898489,0.000491142273,0.0409285128,7.31673936E-06,0.168771848,thorax,0.893146038,0.00221662107,right_foot,0.00924625993,1,1.65111669E-05,-0.0518695042,NONE
9.97,-9.32080547E-06,1.12237656,-0.0518703051,-6.28983912E-07,1.2226752E-05,-3.05444496E-06,0.102848738,1,3.08937661E-06,0.981493354,-1.18807448E-05,1.41335189,-0.140380204,3.59771798E-06,3.7651509E-05,3.97628537E-06,0.000187479469,0.000491142273,0.0409285128,7.29212434E-06,0.168747604,thorax,0.893146038,0.00221634586,right_foot,0.00924603175,1,-1.45871436E-05,-0.0518674776,NONE
9.99,-9.33041156E-06,1.12237656,-0.0518703051,-3.96668128E-07,1.01812639E-05,-2.95626319E-06,0.102848738,1,3.04092282E-06,0.981493294,-1.18906273E-05,1.41335189,-0.140380204,2.75178218E-06,3.7971884E-05,4.09693803E-06,0.000196182591,0.000491023064,0.0409185775,7.29863768E-06,0.168734387,thorax,0.893146098,0.00221636822,right_foot,0.00924597681,1,-1.26501791E-05,-0.0518669002,NONE
