phase,feed_forward,saddle,repeat,load_kg,tick,pelvis_y,trunk_pitch_rad,canonical_pose_error_deg,target_actual_deflection_deg,capture_hull_margin_m,capture_front_m,capture_rear_m,com_speed_mps,raw_ankle_authority_fraction,applied_ankle_authority_fraction,posture_guard_scale,hip_strategy_blend,hip_authority_usage,trunk_authority_usage,drive_demand,drive_saturated,joint_limit,saddle_separation_m,saddle_linear_limit_occupancy,saddle_angular_x_limit_occupancy,saddle_angular_y_limit_occupancy,saddle_angular_z_limit_occupancy,saddle_force_n,saddle_torque_nm,support_contacts,support_retained,tracking_failure,capture_failure,posture_failure,support_loss,saddle_linear_limit,saddle_angular_limit
"control","F1","S0",1,25,0,0.984095335,0.103341393,0,3.45564771,0.1062697,0.183730319,0.1062697,1.5352235E-08,0,0,1,0,0,0,0.198271617,true,0.0202983133,0.0500286743,1.00057352,0.0166800227,5.76573875E-05,0.0004039574,1320.84863,1.45821492E-13,8,true,false,false,false,false,true,false
"control","F1","S0",1,25,1,0.9838343,0.09290976,0,3.45564771,0.1062703,0.183729723,0.1062703,1.65368442E-06,0.707001448,0.707001448,1,0,0,0,0.02684325,true,0.0280111134,0.04410999,0.882199764,0.01274395,0.000114449191,0.000267238443,0,0,8,true,false,false,false,false,false,false
"control","F1","S0",1,25,2,0.9827292,0.0829838142,0.9134241,2.54144788,0.10487695,0.185123071,0.10487695,0.00401066476,0.6925596,0.6925596,1,0,0,0,0.02468931,true,0.03555147,0.03794964,0.7589928,0.0103935478,4.62562957E-06,2.21795326E-05,0,0,8,true,false,false,false,false,false,false
"control","F1","S0",1,25,3,0.9810962,0.07499668,1.288747,2.1940012,0.103407294,0.186592728,0.103407294,0.008126066,13.7295771,13.7125053,0.9987566,1,6.753881E-06,3.93965638E-06,0.07783125,true,0.0409004875,0.03223321,0.644664168,0.008444726,0.000150059728,0.0004217467,0,0,8,true,false,false,false,false,false,false
"control","F1","S0",1,25,4,0.979321659,0.06896301,1.61588073,1.85450268,0.103449523,0.1865505,0.103449523,0.007879497,2.98394442,2.980234,0.9987566,1,0.0162035283,0.009451801,0.04351966,true,0.04386448,0.026995318,0.5399063,0.00689330557,0.000285702117,0.0010297331,0,0,8,true,false,false,false,false,false,false
"control","F1","S0",1,25,5,0.977883041,0.06480667,1.86166394,1.67112517,0.104889177,0.185110837,0.104889177,0.004557972,0.4078211,0.407265246,0.9986371,0,0,0,0.0829304755,true,0.0456351824,0.0222042128,0.444084257,0.00567717,0.000285797723,0.00185963535,0,0,8,true,false,false,false,false,false,false
"control","F1","S0",1,25,6,0.97693783,0.06213981,2.03212667,1.48249853,0.107193261,0.18280676,0.107193261,0.005814611,0.144510642,0.144414052,0.999331653,0,0,0,0.08003401,true,0.046474468,0.0179012511,0.358025,0.004774377,0.000117048461,0.00287624169,0,0,8,true,false,false,false,false,false,false
"control","F1","S0",1,25,7,0.976591468,0.06051575,2.13615751,1.40775561,0.109463155,0.180536866,0.109463155,0.0116162132,0.95927316,0.9583293,0.999016166,0.7284877,0.0108233746,0.006313463,0.112679437,true,0.0468389876,0.0141241429,0.282482862,0.00419557467,0.000156825583,0.003984947,0,0,8,true,false,false,false,false,false,false
"control","F1","S0",1,25,8,0.976789951,0.0598124824,2.19863439,1.41441178,0.111205779,0.178794235,0.111205779,0.0163060538,1.08513021,1.08362055,0.9986087,1,0.0119352574,0.0069620437,0.145684853,true,0.0471843146,0.0109322034,0.218644068,0.00381376524,0.000488073158,0.005089155,0,0,8,true,false,false,false,false,false,false
"control","F1","S0",1,25,9,0.9773963,0.05982037,2.23920083,1.32881546,0.112051845,0.177948177,0.112051845,0.0184572451,1.01681316,1.0150584,0.998274267,1,0.03789142,0.0221027285,0.179180518,false,0.04759215,0.008351275,0.167025492,0.003569846,0.0008064136,0.00606401125,0,0,8,true,false,false,false,false,false,false
"control","F1","S0",1,25,10,0.978237152,0.05975287,2.26492071,1.23477912,0.11138162,0.1786184,0.11138162,0.016545793,0.483439952,0.480588645,0.994102061,0,0,0,0.211194515,false,0.0477623977,0.00633391039,0.1266782,0.00345945172,0.00100772374,0.006817244,0,0,8,true,false,false,false,false,false,false
"control","F1","S0",1,25,11,0.9790182,0.05951241,2.28419161,1.35563958,0.109792665,0.180207357,0.109792665,0.0126385782,0.725419044,0.723951161,0.9979764,0,0,0,0.174320742,false,0.0479965173,0.00487722876,0.09754457,0.00332997367,0.00102107041,0.00726639573,0,0,8,true,false,false,false,false,false,false
"control","F1","S0",1,25,12,0.9795658,0.059515018,2.316179,1.35448444,0.108228683,0.181771338,0.108228683,0.009696985,1.35888016,1.35618091,0.998013556,1,0.0576877743,0.0336502865,0.140172347,false,0.0486047156,0.00391331455,0.07826629,0.003163937,0.00088411133,0.007365867,0,0,8,true,false,false,false,false,false,false
"control","F1","S0",1,25,13,0.97979784,0.0593381375,2.35970283,1.15350366,0.106747329,0.183252692,0.106747329,0.008412493,1.9448719,1.92751777,0.991076946,1,0.0386342853,0.0225360524,0.105269149,false,0.04889808,0.00326780067,0.06535601,0.00306596654,0.0006320253,0.00716771651,0,0,8,true,false,false,false,false,false,false
"control","F1","S0",1,25,14,0.979713738,0.0589145422,2.398525,1.18892241,0.105549008,0.184451014,0.105549008,0.008799643,1.81527257,1.80444789,0.994036853,1,0.0201732665,0.0117674181,0.07083125,false,0.0496384874,0.00285433885,0.0570867769,0.00303011574,0.0002900085,0.00677328138,0,0,8,true,false,false,false,false,false,false
"control","F1","S0",1,25,15,0.979376256,0.0582964346,2.44026017,1.234145,0.104872435,0.185127586,0.104872435,0.009410361,0.8164907,0.813530862,0.9963749,0,0,0,0.05084397,false,0.05039592,0.0026327332,0.052654665,0.00307108043,9.628686E-05,0.00627794163,0,0,8,true,false,false,false,false,false,false
"control","F1","S0",1,25,16,0.9788898,0.05775917,2.4819243,1.29480612,0.105026349,0.184973672,0.105026349,0.008758662,0.644532,0.6415875,0.9954315,0,0,0,0.052182097,false,0.0509335659,0.002591588,0.05183176,0.003193806,0.00047273442,0.005743172,0,0,8,true,false,false,false,false,false,false
"control","F1","S0",1,25,17,0.9784191,0.05725044,2.51979613,1.29541039,0.105676107,0.1843239,0.105676107,0.007700566,2.14932513,2.13880372,0.99510473,1,0.01840646,0.0107368091,0.05769243,false,0.051276654,0.00272969785,0.054593958,0.00344192423,0.0007882689,0.00525590871,0,0,8,true,false,false,false,false,false,false
"control","F1","S0",1,25,18,0.978103936,0.0569127426,2.5466783,1.36369884,0.106465,0.183535025,0.106465,0.00720338,1.87045515,1.86115229,0.9950264,1,0.01631353,0.009515967,0.05745438,false,0.0514108129,0.00303133321,0.0606266633,0.00377173186,0.00100187084,0.00487218658,0,0,8,true,false,false,false,false,false,false
"control","F1","S0",1,25,19,0.978012,0.05682033,2.56383276,1.36885464,0.107116081,0.182883948,0.107116081,0.007420308,1.157419,1.15223014,0.995516837,1,0.00857663248,0.005002899,0.08540628,false,0.05139863,0.00342685054,0.06853701,0.00413092,0.00112074311,0.004584227,0,0,8,true,false,false,false,false,false,false
"control","F1","S0",1,25,20,0.9781522,0.0569432154,2.57114959,1.34985363,0.107386172,0.18261385,0.107386172,0.00766866747,0.540696442,0.538570464,0.996068,0,0,0,0.118740469,false,0.05129497,0.0038404162,0.0768083259,0.004474943,0.0011804899,0.0043425425,0,0,8,true,false,false,false,false,false,false
"control","F1","S0",1,25,21,0.9784848,0.0571122654,2.56993151,1.32468581,0.107020445,0.182979584,0.107020445,0.007426928,0.191547021,0.190894768,0.9965948,0,0,0,0.151888549,false,0.0512522273,0.00421657925,0.08433159,0.0047727325,0.00122093153,0.004098945,0,0,8,true,false,false,false,false,false,false
"control","F1","S0",1,25,22,0.978821158,0.05731476,2.56474853,1.32172823,0.106442153,0.183557868,0.106442153,0.007184082,1.19592559,1.19260049,0.9972197,1,0.0110904444,0.00646924973,0.115762323,false,0.0513132773,0.004469639,0.08939278,0.0049301195,0.00129202707,0.003779293,0,0,8,true,false,false,false,false,false,false
"control","F1","S0",1,25,23,0.9790464,0.0573457442,2.56291676,1.27838063,0.105871573,0.184128448,0.105871573,0.007166014,0.8882989,0.8859995,0.99741143,0.255326062,0.00171737641,0.00100177561,0.080078,false,0.05155677,0.00458896067,0.09177921,0.00500478735,0.00142634951,0.00333690853,0,0,8,true,false,false,false,false,false,false
"control","F1","S0",1,25,24,0.979094148,0.057203874,2.566274,1.29842794,0.105570234,0.1844298,0.105570234,0.00704269344,0.31131,0.31048888,0.9973624,0,0,0,0.0490694232,false,0.0518957339,0.00461105024,0.09222101,0.005031054,0.00159419409,0.00280333078,0,0,8,true,false,false,false,false,false,false
"control","F1","S0",1,25,25,0.978957534,0.05696601,2.57844543,1.29541039,0.1057709,0.184229121,0.1057709,0.00629106862,0.694842756,0.6928166,0.997083962,0,0,0,0.0490775779,false,0.05221452,0.004583768,0.09167536,0.00505419,0.001764172,0.0022255308,0,0,8,true,false,false,false,false,false,false
"control","F1","S0",1,25,26,0.9787882,0.0566012077,2.59478664,1.28509784,0.10607788,0.183922142,0.10607788,0.0056096497,2.08318925,2.07658529,0.9968299,1,0.009870549,0.0057576634,0.0508956239,false,0.0524717346,0.00460048439,0.0920096859,0.005174274,0.0018880117,0.00169927487,0,0,8,true,false,false,false,false,false,false
"control","F1","S0",1,25,27,0.9786806,0.0562331378,2.61072588,1.30983114,0.106269985,0.183730036,0.106269985,0.005211206,1.00108933,0.9974602,0.9963749,1,0.00738844834,0.0043098107,0.08017698,false,0.0526087955,0.00468756445,0.09375129,0.005351129,0.0019356783,0.00129054778,0,0,8,true,false,false,false,false,false,false
"control","F1","S0",1,25,28,0.9786385,0.0559742227,2.62358665,1.29178,0.106464528,0.183535486,0.106464528,0.004899067,0.140585169,0.140122682,0.9967103,0,0,0,0.0798100755,false,0.05268611,0.0048004766,0.09600953,0.00551743945,0.00194040069,0.000966065563,0,0,8,true,false,false,false,false,false,false
"control","F1","S0",1,25,29,0.9787022,0.0557633266,2.63103485,1.25365114,0.106473483,0.183526546,0.106473483,0.004688495,0.231260255,0.230585888,0.997083962,0,0,0,0.104331166,false,0.0527455,0.00492712436,0.09854249,0.00569453137,0.00191967294,0.000693929556,0,0,8,true,false,false,false,false,false,false
"control","F1","S0",1,25,30,0.978760958,0.0557839125,2.63430548,1.23920822,0.106533773,0.183466256,0.106533773,0.00437744148,0.4290973,0.427904278,0.9972197,0,0,0,0.0689059645,false,0.0528048277,0.00500461273,0.100092255,0.00577401044,0.00209149229,0.000450378982,0,0,8,true,false,false,false,false,false,false
"control","F1","S0",1,25,31,0.9788794,0.05586156,2.637275,1.22459507,0.106332451,0.18366757,0.106332451,0.004147126,0.474320322,0.4730722,0.997368634,0,0,0,0.102435507,false,0.05291145,0.005072102,0.101442039,0.00588020543,0.00202075159,0.000195959336,0,0,8,true,false,false,false,false,false,false
"control","F1","S0",1,25,32,0.978943169,0.055774048,2.640834,1.21754408,0.10619399,0.183806032,0.10619399,0.0038499732,0.5454532,0.5440179,0.997368634,0,0,0,0.06683931,false,0.05310047,0.005106112,0.10212224,0.00593561446,0.00189168984,5.17228655E-05,0,0,8,true,false,false,false,false,false,false
"control","F1","S0",1,25,33,0.9790331,0.0555277541,2.64616418,1.20851076,0.105928943,0.184071079,0.105928943,0.00381797971,0.3539112,0.352995068,0.99741143,0,0,0,0.100908823,false,0.0532829463,0.005137254,0.102745079,0.00601716246,0.0018213077,0.000280234643,0,0,8,true,false,false,false,false,false,false
"control","F1","S0",1,25,34,0.979052246,0.0552032851,2.65531826,1.196142,0.105831459,0.184168562,0.105831459,0.00358867738,0.726119041,0.7242394,0.99741143,0,0,0,0.0657788,false,0.05348236,0.00513922051,0.10278441,0.00604012655,0.00178078481,0.000487942481,0,0,8,true,false,false,false,false,false,false
"control","F1","S0",1,25,35,0.9790857,0.0548253581,2.66414738,1.17701292,0.105676673,0.184323341,0.105676673,0.0035670686,0.219206825,0.218652144,0.9974696,0,0,0,0.09462822,false,0.0536752045,0.005145803,0.102916062,0.00610028626,0.00174366264,0.000673495,0,0,8,true,false,false,false,false,false,false
"control","F1","S0",1,25,36,0.979052067,0.0544394,2.67470336,1.16026926,0.10572771,0.184272319,0.10572771,0.00312906317,0.662704349,0.661027431,0.9974696,0,0,0,0.05975039,false,0.0538789853,0.00513504632,0.102700926,0.006118691,0.00169894542,0.000830542762,0,0,8,true,false,false,false,false,false,false
"control","F1","S0",1,25,37,0.9790545,0.05404699,2.684052,1.13985217,0.105702594,0.184297428,0.105702594,0.00292854966,0.3897613,0.388804138,0.9975443,0,0,0,0.0940434262,false,0.0540472455,0.00514386641,0.102877326,0.006189461,0.00164053764,0.000950598565,0,0,8,true,false,false,false,false,false,false
"control","F1","S0",1,25,38,0.9790093,0.0536852963,2.69394922,1.12185693,0.105863407,0.184136614,0.105863407,0.00229363935,0.592762351,0.5912888,0.9975141,0,0,0,0.0592135675,false,0.0542207621,0.00514297048,0.102859408,0.006218069,0.00156930927,0.00103217724,0,0,8,true,false,false,false,false,false,false
"control","F1","S0",1,25,39,0.9790161,0.0533438958,2.7023623,1.10214877,0.105926141,0.18407388,0.105926141,0.00194506312,0.485315025,0.4841306,0.9975595,0,0,0,0.093528755,false,0.0544343255,0.00516207749,0.103241548,0.006295825,0.00148590619,0.00107705535,0,0,8,true,false,false,false,false,false,false
"control","F1","S0",1,25,40,0.9789853,0.0530465432,2.711038,1.08641315,0.10615015,0.183849871,0.10615015,0.00122561085,0.468076438,0.4669341,0.9975595,0,0,0,0.05869943,false,0.0547176264,0.00516819861,0.103363968,0.00632605329,0.0013930666,0.00108859059,0,0,8,true,false,false,false,false,false,false
"control","F1","S0",1,25,41,0.9790098,0.05277364,2.71767068,1.06971467,0.10624969,0.183750331,0.10624969,0.00084413,0.6069337,0.605480552,0.9976057,0,0,0,0.09305144,false,0.0550767332,0.00519023137,0.103804626,0.006400294,0.001293754,0.00107090489,0,0,8,true,false,false,false,false,false,false
"control","F1","S0",1,25,42,0.9789952,0.0525400043,2.72457433,1.05572116,0.106488526,0.1835115,0.106488526,0.0004387581,0.3452376,0.344400316,0.997574747,0,0,0,0.0582466871,false,0.05531483,0.005195,0.1039,0.00642276974,0.00119056611,0.00102847652,0,0,8,true,false,false,false,false,false,false
"control","F1","S0",1,25,43,0.979031444,0.05232176,2.73031425,1.04229081,0.106586613,0.183413416,0.106586613,0.000504463,0.7213999,0.7196727,0.9976057,0,0,0,0.09267602,false,0.055614505,0.00521258637,0.104251727,0.006486891,0.00108599325,0.000964549,0,0,8,true,false,false,false,false,false,false
"control","F1","S0",1,25,44,0.9790228,0.05213657,2.736042,1.03020573,0.106815174,0.183184847,0.106815174,0.00113348663,0.24350962,0.2429228,0.9975902,0,0,0,0.0579322651,false,0.055794917,0.005211483,0.104229666,0.00649796845,0.0009827594,0.0008816509,0,0,8,true,false,false,false,false,false,false
"control","F1","S0",1,25,45,0.9790595,0.05195964,2.74061584,1.0187459,0.106899336,0.183100685,0.106899336,0.00137027272,0.8178063,0.815861,0.997621238,0,0,0,0.09244026,false,0.0560506657,0.00522307726,0.104461543,0.00655139564,0.000880938547,0.0007824729,0,0,8,true,false,false,false,false,false,false
"control","F1","S0",1,25,46,0.9790473,0.051810395,2.745752,1.01025939,0.107115887,0.182884127,0.107115887,0.002006104,0.159034431,0.158651188,0.9975902,0,0,0,0.0577476025,false,0.0561884232,0.005216941,0.104338817,0.0065532485,0.0007822574,0.00066753896,0,0,8,true,false,false,false,false,false,false
"control","F1","S0",1,25,47,0.9790781,0.0516853146,2.74974036,0.9993541,0.107205823,0.1827942,0.107205823,0.00224996568,0.902482569,0.9003358,0.997621238,0.3498837,0.00223795115,0.0013054359,0.09240342,false,0.0564149842,0.00522419252,0.10448385,0.00659807026,0.0006837614,0.000538115,0,0,8,true,false,false,false,false,false,false
"control","F1","S0",1,25,48,0.979059339,0.05157464,2.754291,0.986743331,0.107422337,0.182577685,0.107422337,0.00285889651,0.0790022,0.0788142756,0.997621238,0,0,0,0.0577313863,false,0.05648346,0.00521624926,0.104324982,0.00659549236,0.0005886024,0.000394674164,0,0,8,true,false,false,false,false,false,false
"control","F1","S0",1,25,49,0.9790838,0.05154193,2.75713158,0.9835654,0.107551962,0.182448059,0.107551962,0.00318049057,0.9872189,0.98488605,0.997637,0.9147928,0.008909311,0.00519695645,0.09260129,false,0.0567020327,0.00522091147,0.104418226,0.006632751,0.000489242,0.000238160574,0,0,8,true,false,false,false,false,false,false
"control","F1","S0",1,25,50,0.9790604,0.0514884368,2.76082,0.9512023,0.107777089,0.182222933,0.107777089,0.00377740478,0.009172986,0.00915131,0.997637,0,0,0,0.0578514449,false,0.0567020327,0.00521428371,0.104285672,0.00663045,0.000394551869,6.97604046E-05,0,0,8,true,false,false,false,false,false,false
"control","F1","S0",1,25,51,0.9790816,0.0515387319,2.76082,0.9715556,0.107928172,0.18207185,0.107928172,0.00412123743,1.08414745,1.08162,0.9976687,1,0.0134641184,0.007853855,0.09287398,false,0.0568722039,0.00521938875,0.104387775,0.00666364,0.0002956891,0.000110572073,0,0,8,true,false,false,false,false,false,false
"control","F1","S0",1,25,52,0.9790567,0.0515374057,2.763087,0.9253425,0.108148918,0.1818511,0.108148918,0.004670451,0.110395417,0.110134549,0.997637,0,0,0,0.0580523275,false,0.0568109937,0.005215044,0.104300879,0.00666176574,0.000203784613,0.000300138752,0,0,8,true,false,false,false,false,false,false
"control","F1","S0",1,25,53,0.979077339,0.05165907,2.76167035,0.963465869,0.108308963,0.181691051,0.108308963,0.005003783,1.18561351,1.18286848,0.9976847,1,0.0174500123,0.0101788957,0.09321422,false,0.0569401272,0.005220848,0.104416959,0.006691377,0.000108142296,0.0004983439,0,0,8,true,false,false,false,false,false,false
"control","F1","S0",1,25,54,0.979107261,0.051674895,2.76252031,0.906543136,0.108289875,0.181710154,0.108289875,0.00485166861,0.210806921,0.2102208,0.9972197,0,0,0,0.08888944,false,0.0568993762,0.005239915,0.1047983,0.00672068959,1.1077751E-05,0.0007190048,0,0,8,true,false,false,false,false,false,false
"control","F1","S0",1,25,55,0.979204,0.0516212732,2.759118,0.9593954,0.107931405,0.182068616,0.107931405,0.003805324,0.311007142,0.3102921,0.99770087,0,0,0,0.123276785,false,0.05700797,0.005276644,0.105532885,0.006767917,7.375973E-05,0.000958452641,0,0,8,true,false,false,false,false,false,false
"control","F1","S0",1,25,56,0.9792596,0.0515348576,2.759118,0.96021086,0.10761293,0.182387084,0.10761293,0.00302834366,0.7229896,0.7213391,0.9977171,0,0,0,0.08823246,false,0.0570215322,0.00528265536,0.105653107,0.006744143,0.000134666145,0.00118631567,0,0,8,true,false,false,false,false,false,false
"control","F1","S0",1,25,57,0.9792267,0.0514369123,2.75968552,0.9569447,0.107618555,0.182381466,0.107618555,0.00308405468,0.0194018781,0.0193591956,0.9978001,0,0,0,0.05392768,false,0.0569604859,0.00523995934,0.104799189,0.00668266229,0.00015728065,0.00135842315,0,0,8,true,false,false,false,false,false,false
"control","F1","S0",1,25,58,0.97917074,0.0514154,2.76280379,0.955307543,0.107804105,0.182195917,0.107804105,0.00347968051,1.05116642,1.04887187,0.9978171,1,0.0127382148,0.00743042259,0.07186145,false,0.0570350848,0.00519990455,0.103998087,0.006661573,0.000199951217,0.00151723833,0,0,8,true,false,false,false,false,false,false
"control","F1","S0",1,25,59,0.9791636,0.05129413,2.76761627,0.9142805,0.107730255,0.182269767,0.107730255,0.00324326474,0.5710101,0.569725335,0.9977499,0,0,0,0.106130719,false,0.0571434237,0.0052101356,0.10420271,0.006706607,0.000278553984,0.00172003708,0,0,8,true,false,false,false,false,false,false
"control","F1","S0",1,25,60,0.9791253,0.0511781,2.768747,0.9512023,0.107752264,0.182247758,0.107752264,0.003264472,0.3504801,0.349697351,0.997766554,0,0,0,0.0713220462,false,0.05713666,0.00521380734,0.104276143,0.006699641,0.000349216018,0.00193829741,0,0,8,true,false,false,false,false,false,false
"control","F1","S0",1,25,61,0.9791477,0.0510544181,2.76931262,0.947079062,0.107628092,0.182371929,0.107628092,0.002922994,0.632440269,0.6310597,0.9978171,0,0,0,0.10598921,false,0.05725155,0.00523483474,0.104696691,0.006738157,0.0004185061,0.00215881784,0,0,8,true,false,false,false,false,false,false
"control","F1","S0",1,25,62,0.9791339,0.0509409532,2.77072549,0.947905064,0.107640311,0.18235971,0.107640311,0.00291606085,0.357482821,0.356690377,0.9977833,0,0,0,0.07113434,false,0.0572583042,0.0052384967,0.10476993,0.006725055,0.000485080178,0.00237453822,0,0,8,true,false,false,false,false,false,false
"control","F1","S0",1,25,63,0.979171336,0.0508108623,2.771855,0.942107439,0.107510477,0.182489544,0.107510477,0.002590743,0.5898591,0.588571548,0.9978171,0,0,0,0.105748728,false,0.05739316,0.00525381463,0.105076291,0.00675573,0.000550767931,0.002580039,0,0,8,true,false,false,false,false,false,false
"control","F1","S0",1,25,64,0.9791635,0.0506859981,2.77411366,0.941276252,0.107513875,0.182486147,0.107513875,0.00257210177,0.414622277,0.413710147,0.9978001,0,0,0,0.0708705038,false,0.0574268252,0.00524926558,0.104985312,0.00673421426,0.000613280165,0.002775524,0,0,8,true,false,false,false,false,false,false
"control","F1","S0",1,25,65,0.9791994,0.05054549,2.775806,0.9371094,0.1073744,0.182625622,0.1073744,0.00227780547,0.5363882,0.5352265,0.997834265,0,0,0,0.105517343,false,0.0575680062,0.00525672967,0.105134591,0.006757541,0.000674265262,0.002958905,0,0,8,true,false,false,false,false,false,false
"control","F1","S0",1,25,66,0.9791854,0.0504151136,2.778061,0.9346004,0.107371643,0.182628378,0.107371643,0.002254131,0.474064171,0.473029345,0.9978171,0,0,0,0.0706890151,false,0.05760827,0.0052461084,0.104922168,0.006730806,0.000731252658,0.003132165,0,0,8,true,false,false,false,false,false,false
"control","F1","S0",1,25,67,0.979213357,0.0502755456,2.78031421,0.9295621,0.107231557,0.182768464,0.107231557,0.00201863772,0.4859759,0.4849318,0.9978515,0,0,0,0.105367489,false,0.0577623956,0.005250121,0.105002418,0.00675138459,0.0007858994,0.00329372869,0,0,8,true,false,false,false,false,false,false
"control","F1","S0",1,25,68,0.979191542,0.0501533821,2.78312826,0.9253425,0.107233882,0.18276614,0.107233882,0.00199449016,0.5220771,0.520946443,0.997834265,0,0,0,0.0705789551,false,0.05780922,0.00523831,0.1047662,0.006724094,0.0008364792,0.00344578479,0,0,8,true,false,false,false,false,false,false
"control","F1","S0",1,25,69,0.9792136,0.05002855,2.78537726,0.9194026,0.107102647,0.182897374,0.107102647,0.0018264791,0.446327239,0.4453761,0.9978689,0,0,0,0.105271474,false,0.05794947,0.00524292048,0.104858406,0.006745632,0.000885434,0.00358633883,0,0,8,true,false,false,false,false,false,false
"control","F1","S0",1,25,70,0.9791881,0.04992697,2.788186,0.916845143,0.107115537,0.182884485,0.107115537,0.00179168372,0.5552731,0.5540801,0.9978515,0,0,0,0.07049767,false,0.05797614,0.005232898,0.104657963,0.00672013173,0.00093039783,0.003717752,0,0,8,true,false,false,false,false,false,false
"control","F1","S0",1,25,71,0.9792087,0.04982664,2.78987,0.9125668,0.106994085,0.183005929,0.106994085,0.00168181339,0.4178131,0.41693002,0.9978864,0,0,0,0.105190136,false,0.0581026822,0.005239538,0.104790755,0.00674371468,0.0009734535,0.00383803016,0,0,8,true,false,false,false,false,false,false
"control","F1","S0",1,25,72,0.9791838,0.0497520827,2.792394,0.90912956,0.1070143,0.182985723,0.1070143,0.00162703882,0.578920364,0.577676535,0.9978515,0,0,0,0.07041962,false,0.05812264,0.00523142423,0.104628481,0.00671994,0.00101178628,0.0039484757,0,0,8,true,false,false,false,false,false,false
"control","F1","S0",1,25,73,0.979205966,0.04967974,2.79323483,0.9048147,0.106896609,0.183103412,0.106896609,0.00157277088,0.39464888,0.393814743,0.9978864,0,0,0,0.105110928,false,0.0582289472,0.005239618,0.104792356,0.00674471539,0.00104753382,0.00404704,0,0,8,true,false,false,false,false,false,false
"control","F1","S0",1,25,74,0.979183,0.04963277,2.795476,0.9039493,0.10691689,0.183083132,0.10691689,0.00149984832,0.60137,0.6000884,0.9978689,0,0,0,0.07034233,false,0.05822231,0.00523246126,0.104649223,0.00672153849,0.00107781531,0.004134959,0,0,8,true,false,false,false,false,false,false
"control","F1","S0",1,25,75,0.9792071,0.0495866835,2.79631567,0.898739159,0.106795944,0.183204085,0.106795944,0.00151531317,0.370182931,0.3694071,0.9979041,0,0,0,0.105034448,false,0.05832844,0.00524089858,0.104817972,0.006746398,0.00110439875,0.00421043858,0,0,8,true,false,false,false,false,false,false
"control","F1","S0",1,25,76,0.979185343,0.04956434,2.79743528,0.897867858,0.106810644,0.183189377,0.106810644,0.00143461942,0.6280421,0.626714647,0.9978864,0,0,0,0.0702717155,false,0.0583019257,0.0052335076,0.104670152,0.00672292337,0.00112499821,0.00427472545,0,0,8,true,false,false,false,false,false,false
"control","F1","S0",1,25,77,0.9792104,0.0495404,2.79799461,0.89524883,0.106682405,0.183317617,0.106682405,0.00153881183,0.341233373,0.340524256,0.997921944,0,0,0,0.104962632,false,0.05838143,0.005241592,0.104831837,0.00674733473,0.00114142778,0.00432626,0,0,8,true,false,false,false,false,false,false
"control","F1","S0",1,25,78,0.9791888,0.0495380461,2.79911351,0.89524883,0.106689125,0.1833109,0.106689125,0.00146358088,0.66019696,0.658801556,0.9978864,0,0,0,0.0702036,false,0.0583483167,0.00523396628,0.104679324,0.006723433,0.00115133869,0.00436659576,0,0,8,true,false,false,false,false,false,false
"control","F1","S0",1,25,79,0.979213238,0.0495323,2.79939318,0.8926222,0.106552862,0.183447152,0.106552862,0.00166069588,0.3072367,0.306592762,0.9979041,0,0,0,0.10490261,false,0.05842114,0.005241815,0.1048363,0.006747571,0.00115712965,0.00439436873,0,0,8,true,false,false,false,false,false,false
"control","F1","S0",1,25,80,0.979191,0.0495459028,2.79995251,0.8934986,0.10655202,0.183448,0.10655202,0.0015989067,0.6966615,0.695201337,0.9979041,0,0,0,0.0701371953,false,0.05836819,0.00523395324,0.104679063,0.006723477,0.00115682487,0.00441185,0,0,8,true,false,false,false,false,false,false
"control","F1","S0",1,25,81,0.9792149,0.0495541729,2.800232,0.890866756,0.106408611,0.183591411,0.106408611,0.00187250366,0.269569576,0.269004583,0.9979041,0,0,0,0.104843915,false,0.05842776,0.00524156634,0.104831323,0.00674767746,0.00115275488,0.00441758148,0,0,8,true,false,false,false,false,false,false
"control","F1","S0",1,25,82,0.979192138,0.0495802835,2.800791,0.8917449,0.106401175,0.183598846,0.106401175,0.001825751,0.7362792,0.734736,0.9979041,0,0,0,0.07007099,false,0.05838143,0.00523382565,0.104676515,0.006723731,0.00114274875,0.00441359263,0,0,8,true,false,false,false,false,false,false
"control","F1","S0",1,25,83,0.9791993,0.049606774,2.80051136,0.8917449,0.106319442,0.183680579,0.106319442,0.00196853024,0.228856683,0.228381112,0.997921944,0,0,0,0.09565326,false,0.0584012941,0.005235258,0.104705162,0.0067388583,0.00112613779,0.004393928,0,0,8,true,false,false,false,false,false,false
"control","F1","S0",1,25,84,0.979153931,0.0496555269,2.80107045,0.8926222,0.106422454,0.183577567,0.106422454,0.00162496266,0.512753248,0.5116786,0.9979041,0,0,0,0.0610590577,false,0.05831518,0.00522075128,0.104415022,0.00671293261,0.00110425567,0.00436221436,0,0,8,true,false,false,false,false,false,false
"control","F1","S0",1,25,85,0.9791536,0.0497016,2.80051136,0.8917449,0.106411651,0.183588371,0.106411651,0.00158414838,0.527979434,0.5268728,0.9979041,0,0,0,0.09577702,false,0.05832181,0.00522636529,0.1045273,0.006741412,0.00108495331,0.004325224,0,0,8,true,false,false,false,false,false,false
"control","F1","S0",1,25,86,0.979110956,0.0497719459,2.800791,0.89524883,0.10655383,0.1834462,0.10655383,0.00114644947,0.4523022,0.451330423,0.9978515,0,0,0,0.06114274,false,0.0582289472,0.00522079365,0.104415871,0.006726098,0.00106402731,0.00428600051,0,0,8,true,false,false,false,false,false,false
"control","F1","S0",1,25,87,0.9791209,0.0498424172,2.79967284,0.89524883,0.106562972,0.183437049,0.106562972,0.00106352661,0.5913546,0.5900944,0.9978689,0,0,0,0.09584494,false,0.0582289472,0.005233908,0.104678161,0.00676124636,0.00104273274,0.00424241135,0,0,8,true,false,false,false,false,false,false
"control","F1","S0",1,25,88,0.979091763,0.04993347,2.79939318,0.897867858,0.106710091,0.18328993,0.106710091,0.0006372125,0.383360445,0.382530183,0.997834265,0,0,0,0.06118476,false,0.0581159927,0.00523262424,0.104652487,0.006748636,0.00101703929,0.00419435,0,0,8,true,false,false,false,false,false,false
"control","F1","S0",1,25,89,0.9791148,0.0500168242,2.79743528,0.899609566,0.106712326,0.1832877,0.106712326,0.000583009445,0.6466742,0.645284832,0.9978515,0,0,0,0.09587222,false,0.0581093356,0.005246812,0.104936242,0.00678312359,0.0009886088,0.004138797,0,0,8,true,false,false,false,false,false,false
"control","F1","S0",1,25,90,0.9790956,0.05011137,2.79631567,0.903083,0.10684444,0.183155581,0.10684444,0.0002493553,0.337022543,0.336281151,0.9978001,0,0,0,0.06119058,false,0.0580028072,0.00524398172,0.104879633,0.006767531,0.0009542298,0.00407673372,0,0,8,true,false,false,false,false,false,false
"control","F1","S0",1,25,91,0.9791245,0.05018936,2.79435539,0.9048147,0.106827885,0.183172137,0.106827885,0.0002311621,0.6827693,0.6812789,0.9978171,0,0,0,0.09588784,false,0.0580028072,0.005254835,0.1050967,0.00679786643,0.0009161551,0.004005983,0,0,8,true,false,false,false,false,false,false
"control","F1","S0",1,25,92,0.979107,0.0502716154,2.79351521,0.9099901,0.1069415,0.18305853,0.1069415,0.000179403651,0.312536,0.311843216,0.9977833,0,0,0,0.0612111576,false,0.0578894019,0.00524843158,0.10496863,0.006777969,0.000871926663,0.003928715,0,0,8,true,false,false,false,false,false,false
"control","F1","S0",1,25,93,0.97913456,0.05033258,2.79183316,0.9108498,0.1069099,0.183090121,0.1069099,5.75436425E-05,0.703230739,0.7016956,0.9978171,0,0,0,0.09592008,false,0.0578960776,0.005256186,0.105123714,0.00680474751,0.000824626244,0.003844236,0,0,8,true,false,false,false,false,false,false
"control","F1","S0",1,25,94,0.979114,0.05039511,2.79183316,0.9142805,0.1070136,0.182986423,0.1070136,0.000333486561,0.2983137,0.297652453,0.9977833,0,0,0,0.0612517856,false,0.0578025356,0.00524751749,0.104950346,0.00678246375,0.00077248743,0.0037551464,0,0,8,true,false,false,false,false,false,false
"control","F1","S0",1,25,95,0.9791378,0.05043551,2.79015064,0.915991,0.106977612,0.18302241,0.106977612,0.000207377074,0.7181777,0.716609955,0.9978171,0,0,0,0.09596116,false,0.0578159057,0.005253957,0.105079144,0.006807901,0.00071885,0.003661494,0,0,8,true,false,false,false,false,false,false
"control","F1","S0",1,25,96,0.9791136,0.05047806,2.78987,0.918550849,0.1070818,0.182918221,0.1070818,0.0005010734,0.28332144,0.282688648,0.997766554,0,0,0,0.0613014624,false,0.05772223,0.00524492748,0.10489855,0.00678521255,0.000662148639,0.00356565276,0,0,8,true,false,false,false,false,false,false
"control","F1","S0",1,25,97,0.9791348,0.0504997,2.78874755,0.9194026,0.107050031,0.18294999,0.107050031,0.0003891357,0.7354346,0.7338167,0.9978001,0,0,0,0.09600619,false,0.0577490069,0.005251958,0.105039157,0.00681101065,0.0006056624,0.00346777681,0,0,8,true,false,false,false,false,false,false
"control","F1","S0",1,25,98,0.979109168,0.0505252741,2.78902817,0.922801554,0.10716065,0.182839364,0.10716065,0.0006940864,0.262724429,0.262137681,0.997766554,0,0,0,0.06133974,false,0.0576753356,0.00524387741,0.104877546,0.006788985,0.0005476087,0.00336945918,0,0,8,true,false,false,false,false,false,false
"control","F1","S0",1,25,99,0.979130149,0.05053146,2.78790522,0.9219529,0.107136242,0.182863772,0.107136242,0.0005988807,0.757982969,0.7563028,0.9977833,0,0,0,0.0960372239,false,0.0577088371,0.005251738,0.105034754,0.00681531476,0.0004909742,0.00327052618,0,0,8,true,false,false,false,false,false,false
"control","F1","S0",1,25,100,0.979105234,0.0505429879,2.78790522,0.9253425,0.107253969,0.182746053,0.107253969,0.000917237659,0.2368975,0.236364454,0.9977499,0,0,0,0.0613643974,false,0.05763511,0.005244369,0.104887381,0.00679362752,0.00043309154,0.00317290355,0,0,8,true,false,false,false,false,false,false
"control","F1","S0",1,25,101,0.979127169,0.05053662,2.7876246,0.9253425,0.107235968,0.182764053,0.107235968,0.000833178463,0.784596443,0.782857239,0.9977833,0,0,0,0.09606062,false,0.0576820336,0.005252584,0.105051674,0.00682010874,0.000376880984,0.00307568978,0,0,8,true,false,false,false,false,false,false
"control","F1","S0",1,25,102,0.979103446,0.0505365655,2.78790522,0.9278766,0.107359111,0.18264091,0.107359111,0.00116036646,0.208436772,0.207967773,0.9977499,0,0,0,0.0613848865,false,0.0576284043,0.00524533261,0.104906648,0.00679818541,0.0003198202,0.00298013585,0,0,8,true,false,false,false,false,false,false
"control","F1","S0",1,25,103,0.9791265,0.050519444,2.786782,0.926188,0.107345596,0.182654426,0.107345596,0.001080965,0.8134193,0.8116162,0.9977833,0,0,0,0.0960835144,false,0.0576753356,0.00525354641,0.105070926,0.00682421867,0.0002644383,0.00288551883,0,0,8,true,false,false,false,false,false,false
"control","F1","S0",1,25,104,0.979103565,0.0505094975,2.78734374,0.9278766,0.107472464,0.182527557,0.107472464,0.00141234766,0.179073244,0.1786733,0.997766554,0,0,0,0.06140889,false,0.05762169,0.00524593657,0.104918733,0.00680170069,0.000208361147,0.00279352162,0,0,8,true,false,false,false,false,false,false
"control","F1","S0",1,25,105,0.979127049,0.0504835062,2.786782,0.92703265,0.107462414,0.182537615,0.107462414,0.00133461738,0.8432416,0.841386557,0.9978001,0,0,0,0.09611564,false,0.0576753356,0.005253911,0.10507822,0.006827074,0.000153850269,0.00270311674,0,0,8,true,false,false,false,false,false,false
"control","F1","S0",1,25,106,0.979104161,0.0504655652,2.7876246,0.9287197,0.107592717,0.1824073,0.107592717,0.001669488,0.148789391,0.1484546,0.9977499,0,0,0,0.0614449941,false,0.05762169,0.00524594262,0.104918852,0.00680402527,9.85721344E-05,0.002615859,0,0,8,true,false,false,false,false,false,false
"control","F1","S0",1,25,107,0.979127347,0.0504473336,2.786782,0.9278766,0.107596338,0.182403684,0.107596338,0.00162327092,0.8743645,0.872441,0.9978001,0.162429839,0.00164056872,0.000956972362,0.09620667,false,0.0576887354,0.005252949,0.105058976,0.00682794675,4.629272E-05,0.0025309464,0,0,8,true,false,false,false,false,false,false
"control","F1","S0",1,25,108,0.9791042,0.0504301824,2.78790522,0.9244963,0.107732311,0.182267711,0.107732311,0.00196702476,0.116765372,0.116502635,0.9977499,0,0,0,0.0615149736,false,0.05764182,0.005244864,0.104897283,0.006805218,7.01760064E-06,0.00245005731,0,0,8,true,false,false,false,false,false,false
"control","F1","S0",1,25,109,0.97912693,0.0504369065,2.787063,0.92703265,0.107755572,0.18224445,0.107755572,0.00196867436,0.9094666,0.907450557,0.9977833,0.396444052,0.00454918528,0.002653619,0.09636277,false,0.05771554,0.00525077758,0.105015554,0.00682718167,5.57788371E-05,0.00237201387,0,0,8,true,false,false,false,false,false,false
"control","F1","S0",1,25,110,0.979103565,0.0504304655,2.78734374,0.9134241,0.107895859,0.18210417,0.107895859,0.0023154642,0.07980172,0.0796221644,0.9977499,0,0,0,0.0616329275,false,0.05764852,0.00524293957,0.104858793,0.006805516,0.0001063484,0.00229845149,0,0,8,true,false,false,false,false,false,false
"control","F1","S0",1,25,111,0.9791258,0.05048018,2.78650117,0.926188,0.107942194,0.182057828,0.107942194,0.00237368234,0.9500918,0.948001742,0.9978001,0.667278469,0.008749331,0.00510363746,0.09659981,false,0.0577289276,0.005247757,0.104955137,0.006825008,0.000150984,0.00222891662,0,0,8,true,false,false,false,false,false,false
"control","F1","S0",1,25,112,0.9791022,0.0504939258,2.786782,0.9022159,0.108083352,0.181916669,0.108083352,0.002711568,0.03758611,0.03750279,0.9977833,0,0,0,0.06181141,false,0.05763511,0.00524064852,0.104812972,0.006805112,0.000199062488,0.002163884,0,0,8,true,false,false,false,false,false,false
"control","F1","S0",1,25,113,0.979123831,0.0506068319,2.78425312,0.92703265,0.108156607,0.181843415,0.108156607,0.00283621834,0.995674431,0.993484139,0.9978001,0.971162856,0.014596045,0.008514128,0.0969399437,false,0.0577289276,0.00524424575,0.104884915,0.006821322,0.000239429821,0.002103605,0,0,8,true,false,false,false,false,false,false
"control","F1","S0",1,25,114,0.97909987,0.0506504253,2.78453422,0.8829242,0.108294249,0.181705773,0.108294249,0.003150592,0.00878854,0.00876891147,0.997766554,0,0,0,0.06206001,false,0.05758814,0.005237992,0.104759835,0.006804047,0.00028488494,0.00204763236,0,0,8,true,false,false,false,false,false,false
"control","F1","S0",1,25,115,0.9791209,0.05080209,2.780877,0.926188,0.108367115,0.1816329,0.108367115,0.00326127047,1.04553759,1.04325521,0.9978171,1,0.0172267128,0.0100486428,0.09725338,false,0.0576619245,0.005242069,0.104841374,0.006819322,0.000324573455,0.001997347,0,0,8,true,false,false,false,false,false,false
"control","F1","S0",1,25,116,0.9790967,0.05086279,2.780877,0.876696944,0.108489737,0.181510285,0.108489737,0.00352029246,0.0582398735,0.05809504,0.9975132,0,0,0,0.0623322874,false,0.05748065,0.005237144,0.104742877,0.00680349348,0.0003710299,0.00195170194,0,0,8,true,false,false,false,false,false,false
"control","F1","S0",1,25,117,0.979117453,0.05103844,2.776088,0.9295621,0.10855639,0.181443632,0.10855639,0.00360240368,1.09144115,1.08905864,0.9978171,1,0.0193333235,0.0112774642,0.0975795,false,0.0575478561,0.0052414597,0.104829192,0.006818001,0.0004114611,0.00191166543,0,0,8,true,false,false,false,false,false,false
"control","F1","S0",1,25,118,0.979092836,0.05110463,2.775806,0.8740145,0.108663917,0.1813361,0.108663917,0.00380842714,0.100539,0.100245818,0.997083962,0,0,0,0.06260565,false,0.0573325157,0.00523750251,0.104750052,0.006803364,0.000459480274,0.00187630125,0,0,8,true,false,false,false,false,false,false
"control","F1","S0",1,25,119,0.9791131,0.05129135,2.771008,0.9346004,0.108724959,0.18127507,0.108724959,0.00386613351,1.12999,1.1275233,0.9978171,1,0.0211563017,0.012340839,0.09788825,false,0.0573864244,0.005241815,0.1048363,0.00681723235,0.0005004642,0.00184669369,0,0,8,true,false,false,false,false,false,false
"control","F1","S0",1,25,120,0.9790882,0.05135254,2.77072549,0.8758037,0.108819947,0.181180075,0.108819947,0.00402869424,0.136592612,0.136159614,0.9968299,0,0,0,0.06286723,false,0.05717047,0.00523858331,0.104771666,0.00680381153,0.0005491657,0.00182172528,0,0,8,true,false,false,false,false,false,false
"control","F1","S0",1,25,121,0.9791082,0.0515393429,2.76535249,0.942107439,0.108876884,0.181123137,0.108876884,0.00406827033,1.16305113,1.16053236,0.997834265,1,0.0227106456,0.013247516,0.09817749,false,0.0572177768,0.005242891,0.104857825,0.00681719,0.0005900286,0.00180242723,0,0,8,true,false,false,false,false,false,false
"control","F1","S0",1,25,122,0.9790956,0.0515818857,2.76535249,0.8775892,0.1089101,0.181089923,0.1089101,0.004045218,0.168060437,0.167488143,0.9965948,0,0,0,0.07010735,false,0.0570147522,0.0052451347,0.104902692,0.00681188563,0.0006353108,0.00179137837,0,0,8,true,false,false,false,false,false,false
"control","F1","S0",1,25,123,0.9791327,0.0516988635,2.75968552,0.948730469,0.1088399,0.181160122,0.1088399,0.00371670141,0.9637568,0.961653,0.9978171,0.7583786,0.0182392634,0.01063928,0.105203673,false,0.0570689626,0.00525684655,0.105136931,0.0068303775,0.0006761176,0.00178969174,0,0,8,true,false,false,false,false,false,false
"control","F1","S0",1,25,124,0.9791259,0.05168952,2.75996923,0.897867858,0.1088003,0.181199729,0.1088003,0.00349733769,0.04183005,0.04171972,0.9973624,0,0,0,0.07009453,false,0.056892585,0.005256097,0.105121933,0.00681339856,0.000726058555,0.00178885343,0,0,8,true,false,false,false,false,false,false
"control","F1","S0",1,25,125,0.9791619,0.05167287,2.75571179,0.955307543,0.108637929,0.181362092,0.108637929,0.00292084133,0.907472253,0.9053613,0.9976738,0.383148253,0.008890185,0.00518579967,0.104957432,false,0.05692655,0.00526418,0.105283596,0.00682952441,0.000778116635,0.001789438,0,0,8,true,false,false,false,false,false,false
"control","F1","S0",1,25,126,0.9791476,0.05157315,2.75684762,0.93376267,0.108572565,0.181427449,0.108572565,0.00265452452,0.119291693,0.119031288,0.9978171,0,0,0,0.06997189,false,0.05683141,0.005256859,0.105137184,0.00680355635,0.000832871534,0.00179120747,0,0,8,true,false,false,false,false,false,false
"control","F1","S0",1,25,127,0.9791744,0.0514066368,2.756564,0.961025655,0.108366624,0.1816334,0.108366624,0.00197956874,0.8255835,0.8238241,0.9978689,0,0,0,0.10459774,false,0.0568857938,0.00526343752,0.105268747,0.0068223034,0.00088695297,0.0017956472,0,0,8,true,false,false,false,false,false,false
"control","F1","S0",1,25,128,0.9791509,0.0512151681,2.759118,0.9650892,0.108317152,0.18168287,0.108317152,0.00179060362,0.198952839,0.19851853,0.9978171,0,0,0,0.06974669,false,0.0568790026,0.00525321765,0.105064355,0.00679273438,0.0009369838,0.001804475,0,0,8,true,false,false,false,false,false,false
"control","F1","S0",1,25,129,0.9791709,0.050988432,2.76110339,0.961839736,0.108155042,0.18184498,0.108155042,0.00126953016,0.752472162,0.7508555,0.9978515,0,0,0,0.104389705,false,0.05700797,0.005258682,0.10517364,0.006812504,0.0009778427,0.00181708112,0,0,8,true,false,false,false,false,false,false
"control","F1","S0",1,25,130,0.979144,0.05075955,2.76506948,0.961839736,0.108155295,0.181844726,0.108155295,0.00124467618,0.258495837,0.25793156,0.9978171,0,0,0,0.0695349947,false,0.0570689626,0.005248789,0.104975782,0.006785428,0.00101107929,0.00183502154,0,0,8,true,false,false,false,false,false,false
"control","F1","S0",1,25,131,0.9791634,0.0505149141,2.767899,0.9561265,0.1080393,0.181960732,0.1080393,0.0008726901,0.7112841,0.709768236,0.9978689,0,0,0,0.10417714,false,0.0572380424,0.005255545,0.1051109,0.006807668,0.00103399658,0.00185779564,0,0,8,true,false,false,false,false,false,false
"control","F1","S0",1,25,132,0.979138136,0.05028457,2.77157283,0.9536675,0.108078286,0.181921735,0.108078286,0.000966637454,0.283094,0.2824809,0.997834265,0,0,0,0.0693371445,false,0.0573190264,0.005246832,0.104936637,0.006782337,0.00104998657,0.00188540656,0,0,8,true,false,false,false,false,false,false
"control","F1","S0",1,25,133,0.979160845,0.0500514433,2.77439547,0.947079062,0.107992254,0.18200776,0.107992254,0.0006871356,0.697230756,0.695744932,0.9978689,0,0,0,0.104005866,false,0.0575008169,0.00525418064,0.105083615,0.00680555869,0.0010577488,0.00191648724,0,0,8,true,false,false,false,false,false,false
"control","F1","S0",1,25,134,0.979138851,0.04984272,2.77862453,0.942937851,0.108053058,0.181946963,0.108053058,0.0008436197,0.2902988,0.289680153,0.9978689,0,0,0,0.06918584,false,0.0575948544,0.005245825,0.1049165,0.00678042043,0.00106134545,0.00195045187,0,0,8,true,false,false,false,false,false,false
"control","F1","S0",1,25,135,0.979164541,0.0496377759,2.78144,0.93543756,0.107981481,0.182018548,0.107981481,0.0006064819,0.6944511,0.6929956,0.9979041,0,0,0,0.103873245,false,0.0577757768,0.005252701,0.105054021,0.006803108,0.00105935615,0.00198603072,0,0,8,true,false,false,false,false,false,false
"control","F1","S0",1,25,136,0.979144633,0.0494619422,2.78481531,0.9320847,0.108051,0.181949019,0.108051,0.0007871664,0.2919513,0.291334242,0.9978864,0,0,0,0.06908554,false,0.05783596,0.005243635,0.104872696,0.006777203,0.00105576275,0.00202294113,0,0,8,true,false,false,false,false,false,false
"control","F1","S0",1,25,137,0.9791712,0.0492926873,2.7876246,0.923649251,0.107983723,0.1820163,0.107983723,0.000561548746,0.6943623,0.692907,0.9979041,0,0,0,0.103801109,false,0.0580028072,0.005249921,0.104998425,0.00679901848,0.00104889832,0.00205974467,0,0,8,true,false,false,false,false,false,false
"control","F1","S0",1,25,138,0.979151249,0.0491540171,2.790992,0.9219529,0.108054593,0.181945428,0.108054593,0.0007465777,0.293254942,0.29263,0.9978689,0,0,0,0.0690416,false,0.0580560938,0.00524026342,0.104805268,0.006772325,0.00104222936,0.002097234,0,0,8,true,false,false,false,false,false,false
"control","F1","S0",1,25,139,0.979177,0.04902248,2.79295468,0.915136158,0.107986666,0.182013363,0.107986666,0.0005181857,0.6938838,0.6924294,0.9979041,0,0,0,0.103781588,false,0.0581957437,0.00524607766,0.10492155,0.00679375557,0.00103384361,0.002134421,0,0,8,true,false,false,false,false,false,false
"control","F1","S0",1,25,140,0.9791558,0.0489214063,2.79575586,0.9117087,0.108055778,0.181944251,0.108055778,0.000699538738,0.294930816,0.294307441,0.9978864,0,0,0,0.0690455362,false,0.05822231,0.005236423,0.10472846,0.00676702,0.00102667627,0.00217222236,0,0,8,true,false,false,false,false,false,false
"control","F1","S0",1,25,141,0.979180038,0.0488266759,2.79715538,0.905679345,0.107985333,0.182014689,0.107985333,0.0004633904,0.6925275,0.6910883,0.997921944,0,0,0,0.103802189,false,0.05832844,0.00524271745,0.104854345,0.006788771,0.0010182393,0.002209614,0,0,8,true,false,false,false,false,false,false
"control","F1","S0",1,25,142,0.9791577,0.0487608,2.79911351,0.9039493,0.10805136,0.181948662,0.10805136,0.0006379918,0.296780646,0.2961534,0.9978864,0,0,0,0.0690794438,false,0.0583350658,0.005233303,0.104666062,0.00676257,0.00101112609,0.00224751583,0,0,8,true,false,false,false,false,false,false
"control","F1","S0",1,25,143,0.9791811,0.04869921,2.800232,0.899609566,0.107977122,0.1820229,0.107977122,0.000391352281,0.6899814,0.688559949,0.997939944,0,0,0,0.1038441,false,0.05842114,0.00524007762,0.104801551,0.00678497972,0.0010028684,0.0022852337,0,0,8,true,false,false,false,false,false,false
"control","F1","S0",1,25,144,0.9791578,0.04866435,2.8016293,0.899609566,0.108038776,0.181961238,0.108038776,0.00055655645,0.300037444,0.2994086,0.9979041,0,0,0,0.0691274256,false,0.05839467,0.005231619,0.104632378,0.00675952435,0.0009961096,0.00232352875,0,0,8,true,false,false,false,false,false,false
"control","F1","S0",1,25,145,0.979180753,0.0486308932,2.802188,0.8969956,0.107959554,0.182040468,0.107959554,0.000297829334,0.68540585,0.6839939,0.997939944,0,0,0,0.103889607,false,0.05846744,0.00523922965,0.104784593,0.00678263651,0.0009884454,0.00236126734,0,0,8,true,false,false,false,false,false,false
"control","F1","S0",1,25,146,0.979157448,0.0486210547,2.80302572,0.897867858,0.108015612,0.18198441,0.108015612,0.0004508784,0.305495441,0.304860622,0.997921944,0,0,0,0.06918141,false,0.0584145226,0.00523125,0.104625,0.00675781863,0.0009820749,0.00239951559,0,0,8,true,false,false,false,false,false,false
"control","F1","S0",1,25,147,0.979180336,0.0486094467,2.80302572,0.89524883,0.107930236,0.182069778,0.107930236,0.000181308831,0.677612841,0.67621696,0.997939944,0,0,0,0.103941791,false,0.0584740527,0.005239459,0.104789183,0.006781464,0.000974277267,0.00243669655,0,0,8,true,false,false,false,false,false,false
"control","F1","S0",1,25,148,0.979157031,0.04861822,2.80358434,0.89524883,0.107979722,0.1820203,0.107979722,0.000318927981,0.314829051,0.3141692,0.9979041,0,0,0,0.06923241,false,0.0584145226,0.00523195835,0.104639165,0.00675702933,0.000968014,0.002473848,0,0,8,true,false,false,false,false,false,false
"control","F1","S0",1,25,149,0.979180038,0.04862214,2.80302572,0.8934986,0.107887574,0.182112455,0.107887574,7.795645E-05,0.6659325,0.6645606,0.997939944,0,0,0,0.103993535,false,0.0584608279,0.005240289,0.104805782,0.00678097364,0.0009601433,0.00250992039,0,0,8,true,false,false,false,false,false,false
"control","F1","S0",1,25,150,0.9791568,0.0486434065,2.80358434,0.896122634,0.10793034,0.182069689,0.10793034,0.000171615553,0.328308344,0.327626079,0.997921944,0,0,0,0.06927569,false,0.05839467,0.005233028,0.104660556,0.006756754,0.000953560346,0.00254545757,0,0,8,true,false,false,false,false,false,false
"control","F1","S0",1,25,151,0.97917974,0.048657015,2.80302572,0.8943742,0.1078317,0.18216832,0.1078317,0.000188298873,0.6504594,0.649119437,0.997939944,0,0,0,0.104030237,false,0.0584343746,0.00524147972,0.104829594,0.006780825,0.000945144,0.00257933419,0,0,8,true,false,false,false,false,false,false
"control","F1","S0",1,25,152,0.979156435,0.04868563,2.80302572,0.8969956,0.107868388,0.182131633,0.107868388,0.000127033243,0.3454216,0.344703823,0.997921944,0,0,0,0.06930873,false,0.05836819,0.005234101,0.104682013,0.00675675226,0.000937841251,0.00261251582,0,0,8,true,false,false,false,false,false,false
"control","F1","S0",1,25,153,0.979179263,0.04870448,2.802188,0.89524883,0.107764222,0.1822358,0.107764222,0.000383617822,0.6317451,0.6304323,0.997921944,0,0,0,0.104055956,false,0.05839467,0.00524243433,0.104848683,0.006780996,0.000928402937,0.002643901,0,0,8,true,false,false,false,false,false,false
"control","F1","S0",1,25,154,0.979155958,0.04873638,2.80274653,0.8969956,0.107795879,0.182204142,0.107795879,0.000296121871,0.365278929,0.364513338,0.9979041,0,0,0,0.06932867,false,0.05832844,0.00523529528,0.104705907,0.006756967,0.0009197422,0.00267432514,0,0,8,true,false,false,false,false,false,false
"control","F1","S0",1,25,155,0.9791789,0.04875696,2.80134988,0.896122634,0.107687145,0.182312876,0.107687145,0.000599907537,0.6105697,0.6093119,0.997939944,0,0,0,0.104067154,false,0.05836819,0.00524362875,0.104872577,0.006781209,0.0009090955,0.00270235841,0,0,8,true,false,false,false,false,false,false
"control","F1","S0",1,25,156,0.9791554,0.0487894565,2.80190873,0.897867858,0.107714742,0.182285279,0.107714742,0.000510897953,0.387481928,0.3866698,0.9979041,0,0,0,0.06933526,false,0.0582953,0.00523637142,0.104727425,0.00675724447,0.000898744154,0.00272935443,0,0,8,true,false,false,false,false,false,false
"control","F1","S0",1,25,157,0.979178369,0.04880963,2.80107045,0.8969956,0.107602462,0.182397559,0.107602462,0.00082626,0.587509036,0.5862987,0.997939944,0,0,0,0.104064994,false,0.0583350658,0.005244706,0.104894117,0.00678154966,0.000886275957,0.00275400421,0,0,8,true,false,false,false,false,false,false
"control","F1","S0",1,25,158,0.979155,0.0488411225,2.800791,0.899609566,0.107626922,0.1823731,0.107626922,0.0007369325,0.411214858,0.410345733,0.9978864,0,0,0,0.06933148,false,0.0582621321,0.005237329,0.104746573,0.00675760442,0.0008740806,0.00277756527,0,0,8,true,false,false,false,false,false,false
"control","F1","S0",1,25,159,0.979178,0.0488597974,2.800232,0.898739159,0.107511923,0.1824881,0.107511923,0.00105630723,0.563105166,0.56194514,0.997939944,0,0,0,0.104046643,false,0.0583019257,0.005245544,0.10491088,0.00678189052,0.000859674357,0.00279845367,0,0,8,true,false,false,false,false,false,false
"control","F1","S0",1,25,160,0.9791547,0.0488894321,2.80051136,0.900479257,0.107534006,0.182466015,0.107534006,0.000965495245,0.4359653,0.435043842,0.9978864,0,0,0,0.06930894,false,0.0582355857,0.00523804827,0.104760967,0.006757925,0.000845437,0.002817981,0,0,8,true,false,false,false,false,false,false
"control","F1","S0",1,25,161,0.979177833,0.04890616,2.79939318,0.900479257,0.107416809,0.182583213,0.107416809,0.00128578849,0.537970543,0.536862254,0.997939944,0,0,0,0.104028106,false,0.0582753979,0.00524614425,0.104922883,0.00678225327,0.000828995951,0.00283490517,0,0,8,true,false,false,false,false,false,false
"control","F1","S0",1,25,162,0.9791547,0.0489338525,2.79967284,0.901347935,0.107436925,0.1825631,0.107436925,0.001192803,0.4618674,0.4608912,0.9978864,0,0,0,0.06928095,false,0.05821567,0.00523876725,0.104775347,0.006758243,0.0008128281,0.00285017421,0,0,8,true,false,false,false,false,false,false
"control","F1","S0",1,25,163,0.979177833,0.048948992,2.79939318,0.900479257,0.107318044,0.182681978,0.107318044,0.00151191861,0.512021363,0.5109666,0.997939944,0,0,0,0.103987537,false,0.0582687631,0.005246982,0.10493964,0.00678250752,0.0007944656,0.002862971,0,0,8,true,false,false,false,false,false,false
"control","F1","S0",1,25,164,0.9791548,0.0489751548,2.79967284,0.9022159,0.107336655,0.182663366,0.107336655,0.00141571055,0.4879193,0.486896664,0.9979041,0,0,0,0.06923751,false,0.05820239,0.00523924734,0.104784943,0.006758521,0.0007761933,0.00287453644,0,0,8,true,false,false,false,false,false,false
"control","F1","S0",1,25,165,0.9791782,0.04898893,2.798834,0.900479257,0.107216284,0.182783738,0.107216284,0.00173284183,0.485848963,0.48483935,0.997921944,0,0,0,0.103938691,false,0.05824886,0.005247223,0.10494446,0.00678269938,0.0007558085,0.00288341939,0,0,8,true,false,false,false,false,false,false
"control","F1","S0",1,25,166,0.979155362,0.04901415,2.79911351,0.9022159,0.10723345,0.182766572,0.10723345,0.00163346424,0.514578342,0.513490736,0.9978864,0,0,0,0.06918786,false,0.0581957437,0.00523948856,0.104789771,0.00675858557,0.0007360456,0.00289078476,0,0,8,true,false,false,false,false,false,false
"control","F1","S0",1,25,167,0.9791788,0.04902727,2.798834,0.901347935,0.107111633,0.182888389,0.107111633,0.0019483926,0.4591955,0.458241254,0.997921944,0,0,0,0.103883371,false,0.0582554974,0.005247345,0.104946904,0.00678269938,0.0007140848,0.0028957196,0,0,8,true,false,false,false,false,false,false
"control","F1","S0",1,25,168,0.9791559,0.0490523763,2.79911351,0.9022159,0.10712745,0.182872564,0.10712745,0.00184579159,0.541686356,0.540551066,0.9979041,0,0,0,0.06913151,false,0.0581891052,0.00523949042,0.104789808,0.006758543,0.000692756264,0.00289926026,0,0,8,true,false,false,false,false,false,false
"control","F1","S0",1,25,169,0.9791793,0.04906583,2.79827452,0.901347935,0.107004344,0.182995677,0.107004344,0.00215820759,0.43221885,0.431320667,0.997921944,0,0,0,0.103821605,false,0.0582422242,0.005247228,0.104944557,0.00678261463,0.000669317553,0.00290051987,0,0,8,true,false,false,false,false,false,false
"control","F1","S0",1,25,170,0.9791566,0.0490914769,2.798834,0.9039493,0.107018888,0.182981133,0.107018888,0.00205239048,0.568923354,0.5677209,0.9978864,0,0,0,0.06906763,false,0.0581891052,0.00523937261,0.104787454,0.00675841467,0.0006465442,0.00290055363,0,0,8,true,false,false,false,false,false,false
"control","F1","S0",1,25,171,0.979180038,0.0491059162,2.79855418,0.901347935,0.106894433,0.183105588,0.106894433,0.00236249878,0.404961,0.404119462,0.997921944,0,0,0,0.103752941,false,0.05824886,0.005247348,0.104946956,0.00678250939,0.000621889136,0.002898529,0,0,8,true,false,false,false,false,false,false
"control","F1","S0",1,25,172,0.9791574,0.0491328761,2.79911351,0.9039493,0.1069076,0.183092415,0.1069076,0.00225403928,0.5965681,0.595307231,0.9978864,0,0,0,0.06900006,false,0.05820239,0.00523949275,0.104789853,0.00675828755,0.0005980514,0.0028954763,0,0,8,true,false,false,false,false,false,false
"control","F1","S0",1,25,173,0.979181051,0.0491487421,2.79855418,0.9022159,0.1067816,0.18321842,0.1067816,0.00256251241,0.377269447,0.376478732,0.9979041,0,0,0,0.103672639,false,0.05824886,0.00524722924,0.104944587,0.006782296,0.0005723363,0.00289041875,0,0,8,true,false,false,false,false,false,false
"control","F1","S0",1,25,174,0.979158342,0.0491775461,2.79911351,0.903083,0.10679321,0.183206812,0.10679321,0.00245207874,0.624694,0.62336266,0.9978689,0,0,0,0.06892032,false,0.05820239,0.005239374,0.104787476,0.00675807428,0.000547835836,0.00288443454,0,0,8,true,false,false,false,false,false,false
"control","F1","S0",1,25,175,0.979182065,0.0491954759,2.79827452,0.901347935,0.106665492,0.183334529,0.106665492,0.00275948341,0.34919706,0.3484714,0.997921944,0,0,0,0.103599645,false,0.05824886,0.0052471105,0.10494221,0.00678208331,0.000521313341,0.002876734,0,0,8,true,false,false,false,false,false,false
"control","F1","S0",1,25,176,0.979159355,0.0492264777,2.79911351,0.903083,0.106675372,0.18332465,0.106675372,0.00264781015,0.653547466,0.6521661,0.9978864,0,0,0,0.06883964,false,0.05820239,0.00523925526,0.104785107,0.006757817,0.000496054534,0.00286859344,0,0,8,true,false,false,false,false,false,false
"control","F1","S0",1,25,177,0.979183,0.0492468961,2.79827452,0.901347935,0.106545873,0.183454156,0.106545873,0.00295444136,0.320343256,0.319671839,0.9979041,0,0,0,0.103511013,false,0.0582554974,0.0052471105,0.10494221,0.006781826,0.000469149527,0.002858741,0,0,8,true,false,false,false,false,false,false
"control","F1","S0",1,25,178,0.9791605,0.0492803343,2.79911351,0.9022159,0.106554136,0.183445886,0.106554136,0.00284129172,0.6827966,0.68135345,0.9978864,0,0,0,0.06872183,false,0.05820239,0.005239136,0.104782723,0.006757541,0.0004434878,0.00284823147,0,0,8,true,false,false,false,false,false,false
"control","F1","S0",1,25,179,0.9791841,0.0493033826,2.79827452,0.9022159,0.10642302,0.183577,0.10642302,0.00314674177,0.291845769,0.291239321,0.997921944,0,0,0,0.103395551,false,0.05824886,0.00524687255,0.104937449,0.00678152731,0.000416319264,0.00283657922,0,0,8,true,false,false,false,false,false,false
"control","F1","S0",1,25,180,0.9791615,0.04933966,2.798834,0.9022159,0.106429584,0.183570445,0.106429584,0.00303261424,0.71208024,0.710562766,0.9978689,0,0,0,0.06862746,false,0.0581957437,0.005239017,0.104780339,0.006757243,0.000390343339,0.0028248867,0,0,8,true,false,false,false,false,false,false
"control","F1","S0",1,25,181,0.9791852,0.04936537,2.79855418,0.901347935,0.106296524,0.1837035,0.106296524,0.00333795045,0.262053847,0.2615046,0.9979041,0,0,0,0.103298582,false,0.05824886,0.005246753,0.104935057,0.006781292,0.000362897932,0.00281211385,0,0,8,true,false,false,false,false,false,false
"control","F1","S0",1,25,182,0.9791627,0.0494044125,2.798834,0.903083,0.10630101,0.183699012,0.10630101,0.003224121,0.742634952,0.7410653,0.9978864,0,0,0,0.06853545,false,0.05820239,0.005239016,0.104780316,0.00675709266,0.000336959522,0.00279897335,0,0,8,true,false,false,false,false,false,false
"control","F1","S0",1,25,183,0.9791759,0.04943769,2.79827452,0.901347935,0.106210217,0.1837898,0.106210217,0.003400721,0.231067613,0.230579227,0.9978864,0,0,0,0.09720292,false,0.0582355857,0.005242711,0.104854219,0.006774965,0.0003118718,0.002782006,0,0,8,true,false,false,false,false,false,false
"control","F1","S0",1,25,184,0.9791388,0.0494879857,2.79855418,0.9022159,0.106288746,0.183711275,0.106288746,0.00307232351,0.600020945,0.598742247,0.9978689,0,0,0,0.0625545,false,0.05815588,0.00523046451,0.104609288,0.00674925465,0.0002882861,0.00276261824,0,0,8,true,false,false,false,false,false,false
"control","F1","S0",1,25,185,0.979147136,0.0495313741,2.79855418,0.903083,0.10624589,0.183754131,0.10624589,0.00311853481,0.424027115,0.423130929,0.9978864,0,0,0,0.0972320139,false,0.058182463,0.005236668,0.104733363,0.006775818,0.000260009663,0.00274550659,0,0,8,true,false,false,false,false,false,false
"control","F1","S0",1,25,186,0.9791117,0.0495938733,2.798834,0.905679345,0.10635148,0.183648542,0.10635148,0.00272278767,0.563529134,0.5623087,0.997834265,0,0,0,0.062560685,false,0.0581093356,0.00522989966,0.104597993,0.00675696554,0.000230904931,0.00273257471,0,0,8,true,false,false,false,false,false,false
"control","F1","S0",1,25,187,0.979126751,0.0496518351,2.79771519,0.903083,0.106322855,0.183677167,0.106322855,0.002739771,0.463254333,0.462267071,0.9978689,0,0,0,0.09722673,false,0.0581359379,0.00524086459,0.104817294,0.006787812,0.00019984589,0.002721671,0,0,8,true,false,false,false,false,false,false
"control","F1","S0",1,25,188,0.9791001,0.0497271977,2.79799461,0.9074061,0.10643281,0.183567211,0.10643281,0.002343268,0.520768762,0.5196409,0.997834265,0,0,0,0.06254132,false,0.0580427758,0.005237073,0.104741462,0.00677066343,0.0001698112,0.00271295756,0,0,8,true,false,false,false,false,false,false
"control","F1","S0",1,25,189,0.979123652,0.04979331,2.79631567,0.906543136,0.106400728,0.1835993,0.106400728,0.00238125445,0.497638464,0.496569246,0.9978515,0,0,0,0.0971983448,false,0.0580694079,0.00524875242,0.104975045,0.00680106133,0.000139779,0.00270362431,0,0,8,true,false,false,false,false,false,false
"control","F1","S0",1,25,190,0.9791036,0.0498709045,2.79575586,0.90912956,0.106501713,0.183498308,0.106501713,0.00202025915,0.492340028,0.4912653,0.9978171,0,0,0,0.06250319,false,0.05797614,0.00524389,0.1048778,0.006781933,0.000112452406,0.0026943034,0,0,8,true,false,false,false,false,false,false
"control","F1","S0",1,25,191,0.979130745,0.049934078,2.79463577,0.90912956,0.106458038,0.183541983,0.106458038,0.00209964719,0.5194083,0.5182745,0.9978171,0,0,0,0.09716622,false,0.0580028072,0.00525366375,0.105073273,0.006809626,8.593217E-05,0.002683463,0,0,8,true,false,false,false,false,false,false
"control","F1","S0",1,25,192,0.9791118,0.0500044972,2.79407549,0.9125668,0.106547631,0.1834524,0.106547631,0.0017780643,0.478025,0.4769734,0.9978001,0,0,0,0.0624777861,false,0.05790943,0.005246538,0.104930766,0.006787812,6.26224646E-05,0.002671771,0,0,8,true,false,false,false,false,false,false
"control","F1","S0",1,25,193,0.9791382,0.05005723,2.79323483,0.9125668,0.10649462,0.1835054,0.10649462,0.00188995723,0.531513453,0.530353248,0.9978171,0,0,0,0.09714624,false,0.0579428,0.005254166,0.105083324,0.00681318529,3.991498E-05,0.00265862141,0,0,8,true,false,false,false,false,false,false
"control","F1","S0",1,25,194,0.979117155,0.0501155257,2.79295468,0.915136158,0.106578037,0.183421984,0.106578037,0.00159115787,0.470149577,0.469099522,0.997766554,0,0,0,0.06246508,false,0.05786269,0.00524560967,0.104912192,0.0067897304,2.0087451E-05,0.00264528231,0,0,8,true,false,false,false,false,false,false
"control","F1","S0",1,25,195,0.979140937,0.0501558445,2.79211378,0.915136158,0.106522426,0.1834776,0.106522426,0.00171537208,0.539989352,0.5388106,0.9978171,0,0,0,0.0971386656,false,0.0578827225,0.005252639,0.105052777,0.006814378,6.390572E-08,0.002631343,0,0,8,true,false,false,false,false,false,false
"control","F1","S0",1,25,196,0.979117632,0.0502018519,2.79183316,0.918550849,0.106606379,0.183393642,0.106606379,0.0014197398,0.461586237,0.460555315,0.997766554,0,0,0,0.0624583066,false,0.05780922,0.005243841,0.104876824,0.00679071,1.81152845E-05,0.00261839246,0,0,8,true,false,false,false,false,false,false
"control","F1","S0",1,25,197,0.979139745,0.0502306521,2.790992,0.917698443,0.106553584,0.183446437,0.106553584,0.00154077727,0.5501709,0.5489699,0.9978171,0,0,0,0.09712985,false,0.05784933,0.00525110541,0.10502211,0.006815464,3.69342451E-05,0.00260565639,0,0,8,true,false,false,false,false,false,false
"control","F1","S0",1,25,198,0.979115367,0.0502662919,2.79127264,0.918550849,0.106641859,0.183358163,0.106641859,0.00123789371,0.449449033,0.448452741,0.9977833,0,0,0,0.0624492,false,0.0577824637,0.00524302,0.1048604,0.00679226452,5.46137053E-05,0.002594412,0,0,8,true,false,false,false,false,false,false
"control","F1","S0",1,25,199,0.9791373,0.0502855964,2.790431,0.9194026,0.106593907,0.183406115,0.106593907,0.00135035161,0.5637638,0.5625236,0.9978001,0,0,0,0.09711561,false,0.0578225926,0.00525087724,0.105017543,0.006817466,7.346676E-05,0.00258368324,0,0,8,true,false,false,false,false,false,false
"control","F1","S0",1,25,200,0.9791133,0.0503126159,2.790431,0.921103656,0.106686935,0.183313087,0.106686935,0.00103949127,0.433860719,0.432891726,0.997766554,0,0,0,0.0624324679,false,0.057755705,0.00524338568,0.104867712,0.006794587,9.121237E-05,0.002574806,0,0,8,true,false,false,false,false,false,false
"control","F1","S0",1,25,201,0.97913605,0.0503239222,2.78987,0.921103656,0.10664317,0.183356851,0.10664317,0.00114572921,0.579955637,0.57867986,0.9978001,0,0,0,0.0970962048,false,0.0578025356,0.00525136,0.1050272,0.006819874,0.000110122368,0.00256610732,0,0,8,true,false,false,false,false,false,false
"control","F1","S0",1,25,202,0.979112744,0.05034366,2.79015064,0.921103656,0.106739692,0.183260322,0.106739692,0.0008308304,0.4167274,0.415796667,0.997766554,0,0,0,0.0624131858,false,0.057755705,0.005243987,0.104879737,0.006796866,0.000127558524,0.00255899713,0,0,8,true,false,false,false,false,false,false
"control","F1","S0",1,25,203,0.979136169,0.0503479764,2.78930879,0.921103656,0.106698781,0.18330124,0.106698781,0.000934835058,0.5973927,0.5960785,0.9978001,0,0,0,0.09707789,false,0.0578025356,0.005251961,0.105039217,0.006821855,0.000146070379,0.00255211187,0,0,8,true,false,false,false,false,false,false
"control","F1","S0",1,25,204,0.9791134,0.0503612123,2.78987,0.923649251,0.10679771,0.183202311,0.10679771,0.000619336439,0.399116069,0.398224682,0.997766554,0,0,0,0.06239662,false,0.0577490069,0.00524434866,0.104886971,0.00679846341,0.000163015691,0.00254668575,0,0,8,true,false,false,false,false,false,false
"control","F1","S0",1,25,205,0.979137063,0.0503596663,2.78958941,0.921103656,0.106759049,0.18324098,0.106759049,0.0007229092,0.6153732,0.6140091,0.9977833,0,0,0,0.09706656,false,0.05779585,0.005252322,0.105046444,0.00682309037,0.000180515737,0.00254088454,0,0,8,true,false,false,false,false,false,false
"control","F1","S0",1,25,206,0.979114354,0.0503674038,2.78958941,0.923649251,0.10686028,0.183139741,0.10686028,0.0004075311,0.380964965,0.38010776,0.9977499,0,0,0,0.0623831265,false,0.0577490069,0.005244471,0.104889423,0.006799359,0.0001964383,0.002536534,0,0,8,true,false,false,false,false,false,false
"control","F1","S0",1,25,207,0.979137838,0.05036093,2.78930879,0.9219529,0.106823996,0.183176026,0.106823996,0.0005101548,0.634298146,0.632892132,0.9977833,0,0,0,0.0970595255,false,0.0578025356,0.005252086,0.10504172,0.006823685,0.00021264216,0.002532155,0,0,8,true,false,false,false,false,false,false
"control","F1","S0",1,25,208,0.979115,0.0503642075,2.78958941,0.922801554,0.106927723,0.1830723,0.106927723,0.000196237816,0.361798584,0.360990524,0.997766554,0,0,0,0.0623753034,false,0.057755705,0.005243996,0.104879923,0.00679972069,0.000227112963,0.0025289224,0,0,8,true,false,false,false,false,false,false
"control","F1","S0",1,25,209,0.9791383,0.0503539331,2.78930879,0.9219529,0.106894061,0.18310596,0.106894061,0.000296092156,0.6542821,0.65284276,0.9978001,0,0,0,0.0970645845,false,0.05780922,0.00525161065,0.105032213,0.006823922,0.0002419527,0.00252570165,0,0,8,true,false,false,false,false,false,false
"control","F1","S0",1,25,210,0.9791152,0.05035393,2.78987,0.922801554,0.107000545,0.182999477,0.107000545,5.407698E-05,0.341389537,0.3406214,0.9977499,0,0,0,0.0623838641,false,0.0577690862,0.00524352025,0.1048704,0.00679984875,0.000254822342,0.00252360082,0,0,8,true,false,false,false,false,false,false
"control","F1","S0",1,25,211,0.9791383,0.0503408462,2.78958941,0.9219529,0.10696964,0.183030382,0.10696964,8.66869159E-05,0.6753774,0.6738917,0.9978001,0,0,0,0.09707706,false,0.0578159057,0.0052513727,0.105027452,0.0068240054,0.000268032425,0.002521613,0,0,8,true,false,false,false,false,false,false
"control","F1","S0",1,25,212,0.9791152,0.0503385067,2.79015064,0.921103656,0.107078806,0.182921216,0.107078806,0.000250809331,0.31961,0.318896145,0.997766554,0,0,0,0.0624047369,false,0.0577757768,0.00524328137,0.104865626,0.006799998,0.0002792565,0.00252074981,0,0,8,true,false,false,false,false,false,false
"control","F1","S0",1,25,213,0.979138255,0.05032343,2.78958941,0.921103656,0.107050508,0.182949513,0.107050508,0.000153434739,0.6975183,0.695972145,0.9977833,0,0,0,0.09710065,false,0.05782928,0.00525101461,0.105020292,0.006824155,0.000290819939,0.00252003572,0,0,8,true,false,false,false,false,false,false
"control","F1","S0",1,25,214,0.979115,0.0503193364,2.790431,0.922801554,0.10716217,0.182837844,0.10716217,0.000470108818,0.2967826,0.296119779,0.997766554,0,0,0,0.0624293759,false,0.0577824637,0.005243162,0.104863241,0.00680012628,0.000300111657,0.00252057682,0,0,8,true,false,false,false,false,false,false
"control","F1","S0",1,25,215,0.979138255,0.0503024869,2.79015064,0.9194026,0.107136175,0.182863846,0.107136175,0.0003709861,0.7207465,0.719161,0.9978001,0,0,0,0.09712743,false,0.05783596,0.00525077572,0.105015516,0.00682430342,0.000309747324,0.00252069812,0,0,8,true,false,false,false,false,false,false
"control","F1","S0",1,25,216,0.979115,0.05029688,2.790431,0.9219529,0.107249931,0.182750091,0.107249931,0.000690368,0.273105621,0.272495657,0.997766554,0,0,0,0.0624593236,false,0.0577824637,0.0052428036,0.104856074,0.006800211,0.0003170234,0.00252214819,0,0,8,true,false,false,false,false,false,false
"control","F1","S0",1,25,217,0.979138136,0.05027866,2.79015064,0.921103656,0.107226014,0.182774,0.107226014,0.000590452168,0.744680762,0.7430425,0.9978001,0,0,0,0.09716341,false,0.0578426421,0.005250775,0.105015494,0.00682434626,0.000324418274,0.002523311,0,0,8,true,false,false,false,false,false,false
"control","F1","S0",1,25,218,0.9791149,0.0502716266,2.790431,0.9202535,0.107341751,0.18265827,0.107341751,0.00090964546,0.248634115,0.2480788,0.997766554,0,0,0,0.0625029057,false,0.05778916,0.00524292234,0.104858443,0.006800254,0.0003295272,0.002525704,0,0,8,true,false,false,false,false,false,false
"control","F1","S0",1,25,219,0.979137957,0.05025194,2.790431,0.9202535,0.10731975,0.182680279,0.10731975,0.0008087624,0.769195437,0.7674904,0.9977833,0,0,0,0.0972061753,false,0.05784933,0.005250536,0.105010718,0.006824326,0.000335068849,0.00252780761,0,0,8,true,false,false,false,false,false,false
"control","F1","S0",1,25,220,0.97911483,0.05024328,2.790992,0.9202535,0.107437313,0.182562709,0.107437313,0.00112691987,0.223621428,0.223121986,0.997766554,0,0,0,0.0625470355,false,0.0578025356,0.005242683,0.10485366,0.00680018961,0.0003380654,0.00253061927,0,0,8,true,false,false,false,false,false,false
"control","F1","S0",1,25,221,0.9791377,0.05022211,2.790431,0.918550849,0.107417166,0.182582855,0.107417166,0.00102502783,0.7944094,0.7926484,0.9977833,0,0,0,0.09725668,false,0.05786269,0.005250416,0.105008326,0.006824261,0.000341205072,0.002533396,0,0,8,true,false,false,false,false,false,false
"control","F1","S0",1,25,222,0.979114354,0.05021197,2.79071164,0.921103656,0.107536644,0.182463378,0.107536644,0.00134233653,0.19796513,0.197523,0.997766554,0,0,0,0.0626002252,false,0.0578025356,0.005242564,0.104851276,0.00680014724,0.000341983716,0.00253697461,0,0,8,true,false,false,false,false,false,false
"control","F1","S0",1,25,223,0.979137361,0.0501890369,2.79071164,0.9194026,0.107518405,0.182481617,0.107518405,0.00123966031,0.8203299,0.8185115,0.9977833,0,0,0,0.09731333,false,0.05786269,0.005250297,0.105005942,0.00682421867,0.0003429526,0.002539881,0,0,8,true,false,false,false,false,false,false
"control","F1","S0",1,25,224,0.9791139,0.0501772463,2.79071164,0.9202535,0.10763976,0.182360262,0.10763976,0.00155605015,0.171578914,0.171195686,0.997766554,0,0,0,0.0626591742,false,0.05780922,0.005242444,0.104848884,0.006800106,0.0003417492,0.00254397443,0,0,8,true,false,false,false,false,false,false
"control","F1","S0",1,25,225,0.979136765,0.0501525253,2.790431,0.918550849,0.107623443,0.182376578,0.107623443,0.00145267032,0.8468672,0.845004261,0.9978001,0,0,0,0.097377114,false,0.0578693673,0.0052500586,0.105001174,0.00682417629,0.000340423081,0.002547493,0,0,8,true,false,false,false,false,false,false
"control","F1","S0",1,25,226,0.9791133,0.0501388237,2.790992,0.921103656,0.107746676,0.182253346,0.107746676,0.00176816818,0.14454712,0.1442267,0.9977833,0,0,0,0.0627248958,false,0.05780922,0.005242206,0.104844123,0.0068001044,0.00033701834,0.00255182921,0,0,8,true,false,false,false,false,false,false
"control","F1","S0",1,25,227,0.979135931,0.05012867,2.790431,0.9194026,0.107743517,0.1822565,0.107743517,0.00169660128,0.8740619,0.8721244,0.9977833,0.160412416,0.00181952782,0.00106136233,0.09750005,false,0.0578827225,0.00524932938,0.104986586,0.006823068,0.0003351221,0.00255557569,0,0,8,true,false,false,false,false,false,false
"control","F1","S0",1,25,228,0.9791124,0.050120607,2.790992,0.9142805,0.107870884,0.182129145,0.107870884,0.00201661442,0.116511479,0.116253212,0.9977833,0,0,0,0.06282081,false,0.0578159057,0.0052416,0.104831994,0.00679972069,0.000330502953,0.002559695,0,0,8,true,false,false,false,false,false,false
"control","F1","S0",1,25,229,0.979134858,0.0501375,2.79015064,0.9194026,0.107884184,0.182115838,0.107884184,0.00198540324,0.9044989,0.9025091,0.9978001,0.363325745,0.004559557,0.00265966915,0.0976735055,false,0.0578894019,0.00524811074,0.104962215,0.00682110945,0.0003283755,0.00256357412,0,0,8,true,false,false,false,false,false,false
"control","F1","S0",1,25,230,0.9791114,0.05014184,2.79071164,0.906543136,0.108013287,0.181986734,0.108013287,0.002301672,0.08461301,0.0844240338,0.997766554,0,0,0,0.06295516,false,0.05780922,0.005240748,0.104814962,0.006798997,0.000322772743,0.00256758858,0,0,8,true,false,false,false,false,false,false
"control","F1","S0",1,25,231,0.9791335,0.0501986481,2.78930879,0.917698443,0.108044565,0.181955457,0.108044565,0.00231435662,0.9389707,0.9369051,0.9978001,0.59313786,0.008285211,0.00483290851,0.09791193,false,0.0578827225,0.00524616754,0.104923353,0.00681833969,0.000320716324,0.0025715637,0,0,8,true,false,false,false,false,false,false
"control","F1","S0",1,25,232,0.979109943,0.05022165,2.78958941,0.8943742,0.108172,0.181828022,0.108172,0.00261582737,0.0493817367,0.0492714457,0.997766554,0,0,0,0.0631388947,false,0.0577824637,0.00523929531,0.104785904,0.006797783,0.000313657365,0.00257517467,0,0,8,true,false,false,false,false,false,false
"control","F1","S0",1,25,233,0.9791316,0.0503312647,2.786782,0.917698443,0.108222991,0.18177703,0.108222991,0.002676688,0.9764075,0.974259555,0.9978001,0.8427168,0.0131341554,0.00766138174,0.09822627,false,0.05786269,0.005243621,0.104872413,0.00681450451,0.000311031647,0.00257878937,0,0,8,true,false,false,false,false,false,false
"control","F1","S0",1,25,234,0.9791076,0.05037849,2.786782,0.879371166,0.108345091,0.18165493,0.108345091,0.00295173377,0.0118351588,0.0118089244,0.9977833,0,0,0,0.06337975,false,0.05771554,0.00523771951,0.104754388,0.00679624826,0.00030212503,0.00258196262,0,0,8,true,false,false,false,false,false,false
"control","F1","S0",1,25,235,0.9791288,0.05053725,2.78369069,0.918550849,0.108406335,0.181593686,0.108406335,0.00303291925,1.01600814,1.01379025,0.9978171,1,0.0173779652,0.01013687,0.09857289,false,0.0578025356,0.005241557,0.104831137,0.00681088353,0.000297779421,0.00258526253,0,0,8,true,false,false,false,false,false,false
"control","F1","S0",1,25,236,0.9791045,0.0506053939,2.78312826,0.8686248,0.108516753,0.181483269,0.108516753,0.003263444,0.02707104,0.0270037185,0.9975132,0,0,0,0.06366272,false,0.0576149821,0.005236509,0.104730174,0.006794735,0.0002848464,0.002587983,0,0,8,true,false,false,false,false,false,false
"control","F1","S0",1,25,237,0.9791251,0.0507877,2.77862453,0.9219529,0.108569458,0.181430563,0.108569458,0.00331134046,1.05410922,1.05180824,0.9978171,1,0.0191918463,0.0111949388,0.09888705,false,0.0576753356,0.00524082826,0.104816563,0.00680892356,0.00027578554,0.002591342,0,0,8,true,false,false,false,false,false,false
"control","F1","S0",1,25,238,0.979100466,0.0508615449,2.778061,0.8668208,0.108662836,0.181337178,0.108662836,0.00348452618,0.06316529,0.0629811,0.997083962,0,0,0,0.06392698,false,0.057460472,0.00523674767,0.10473495,0.0067939274,0.000257580716,0.00259393244,0,0,8,true,false,false,false,false,false,false
"control","F1","S0",1,25,239,0.9791207,0.0510530025,2.77298474,0.92703265,0.108706877,0.181293145,0.108706877,0.00350147532,1.08587825,1.0835079,0.9978171,1,0.0207392611,0.012097572,0.0991866738,false,0.0575142652,0.005241305,0.1048261,0.006807731,0.000243236922,0.00259703374,0,0,8,true,false,false,false,false,false,false
"control","F1","S0",1,25,240,0.9790958,0.0511210822,2.77298474,0.8677233,0.10878627,0.181213751,0.10878627,0.00362873077,0.09146262,0.09118405,0.9969543,0,0,0,0.06418652,false,0.0572987869,0.005238069,0.104761384,0.00679388456,0.0002197044,0.0025995106,0,0,8,true,false,false,false,false,false,false
"control","F1","S0",1,25,241,0.9791157,0.05130933,2.76733327,0.932924032,0.108823687,0.181176335,0.108823687,0.003622854,1.11022592,1.10782146,0.997834265,1,0.0219666641,0.0128135383,0.0994451344,false,0.0573459938,0.005242743,0.104854859,0.00680745346,0.00020100578,0.00260270061,0,0,8,true,false,false,false,false,false,false
"control","F1","S0",1,25,242,0.97909075,0.0513625927,2.76733327,0.8713238,0.108892687,0.181107342,0.108892687,0.003716556,0.1143774,0.11400114,0.9967103,0,0,0,0.06440911,false,0.0571163557,0.00523999147,0.104799829,0.00679450156,0.000173582128,0.00260447431,0,0,8,true,false,false,false,false,false,false
"control","F1","S0",1,25,243,0.9791107,0.0515383519,2.76195383,0.9404444,0.108925581,0.18107444,0.108925581,0.00369546539,1.13047743,1.12802911,0.997834265,1,0.022941066,0.0133819235,0.0997056961,false,0.05717047,0.00524466159,0.10489323,0.006807881,0.0001520604,0.00260765385,0,0,8,true,false,false,false,false,false,false
"control","F1","S0",1,25,244,0.9790858,0.0515705943,2.76195383,0.8758037,0.108987138,0.181012884,0.108987138,0.00376554765,0.132645711,0.132194027,0.9965948,0,0,0,0.0646187142,false,0.0569537058,0.005242035,0.104840696,0.00679560937,0.000122212092,0.00260992371,0,0,8,true,false,false,false,false,false,false
"control","F1","S0",1,25,245,0.9791059,0.051728256,2.75684762,0.947079062,0.109017879,0.180982143,0.109017879,0.00373714068,1.1472789,1.14477456,0.9978171,1,0.02373403,0.0138444733,0.09990487,false,0.0570215322,0.005246462,0.104929239,0.00680869026,9.92747446E-05,0.002613297,0,0,8,true,false,false,false,false,false,false
"control","F1","S0",1,25,246,0.979081154,0.0517363735,2.75713158,0.8784806,0.109074973,0.180925041,0.109074973,0.00379307661,0.1495182,0.148976192,0.9963749,0,0,0,0.06481464,false,0.0568109937,0.00524395937,0.104879186,0.006796866,6.83632E-05,0.00261538569,0,0,8,true,false,false,false,false,false,false
"control","F1","S0",1,25,247,0.9791015,0.0518733561,2.752301,0.9544879,0.109105721,0.1808943,0.109105721,0.0037641807,1.16243255,1.15972853,0.9976738,1,0.02441089,0.0142392982,0.100101136,false,0.0568857938,0.00524814334,0.104962863,0.006809713,4.49770923E-05,0.00261861435,0,0,8,true,false,false,false,false,false,false
"control","F1","S0",1,25,248,0.979085267,0.0518528074,2.75343847,0.8838103,0.10912694,0.180873081,0.10912694,0.00371461688,0.164946169,0.164330885,0.9962698,0,0,0,0.06953585,false,0.0567020327,0.0052487324,0.10497465,0.006802747,1.575541E-05,0.00262292521,0,0,8,true,false,false,false,false,false,false
"control","F1","S0",1,25,249,0.979117036,0.0519628339,2.74860144,0.9585792,0.109101474,0.180898547,0.109101474,0.00352567062,1.02858734,1.02587426,0.9973624,1,0.0250334535,0.0146024507,0.104795,false,0.0568246059,0.00525599625,0.105119921,0.00681633735,5.38242057E-06,0.00263010361,0,0,8,true,false,false,false,false,false,false
"control","F1","S0",1,25,250,0.9791048,0.0519130267,2.7500248,0.886463046,0.109084308,0.180915713,0.109084308,0.003373503,0.0252996925,0.0252027325,0.9961676,0,0,0,0.06957203,false,0.0566406474,0.00525455363,0.105091073,0.00680298172,3.61608872E-05,0.00263365218,0,0,8,true,false,false,false,false,false,false
"control","F1","S0",1,25,251,0.9791355,0.0519817062,2.745467,0.963465869,0.109029457,0.180970564,0.109029457,0.003110726,0.9959568,0.99348,0.9975132,0.9730452,0.0239345841,0.01396146,0.104805313,false,0.05676335,0.00525777927,0.105155587,0.006811972,6.180921E-05,0.00263547013,0,0,8,true,false,false,false,false,false,false
"control","F1","S0",1,25,252,0.979118347,0.05189464,2.747462,0.8917449,0.108999029,0.181001,0.108999029,0.002933297,0.0180998817,0.0180342663,0.9963749,0,0,0,0.06959526,false,0.05660651,0.00525240647,0.105048127,0.006794716,9.501415E-05,0.00263368688,0,0,8,true,false,false,false,false,false,false
"control","F1","S0",1,25,253,0.9791429,0.0518637039,2.7446115,0.9642778,0.108896807,0.181103215,0.108896807,0.00254634162,0.9556203,0.9532438,0.9975132,0.704135239,0.016487021,0.009617167,0.104618669,false,0.0567224771,0.005255923,0.105118461,0.00680685835,0.000125849387,0.002631905,0,0,8,true,false,false,false,false,false,false
"control","F1","S0",1,25,254,0.979119539,0.05171826,2.74717712,0.916845143,0.108863495,0.181136519,0.108863495,0.002378243,0.0563808344,0.056240622,0.9975132,0,0,0,0.06952983,false,0.05662017,0.005249225,0.1049845,0.006786769,0.000161043485,0.00262922724,0,0,8,true,false,false,false,false,false,false
"control","F1","S0",1,25,255,0.9791401,0.051584933,2.74632215,0.966709852,0.108738072,0.181261957,0.108738072,0.00194015016,0.9153455,0.9130691,0.9975132,0.43563652,0.009399771,0.00548305,0.104378022,false,0.0567361042,0.005255037,0.105100736,0.00680411,0.00019320249,0.00262758881,0,0,8,true,false,false,false,false,false,false
"control","F1","S0",1,25,256,0.9791144,0.0513835661,2.74974036,0.9404444,0.108723268,0.181276754,0.108723268,0.00184386154,0.0926916748,0.092476055,0.9976738,0,0,0,0.06937878,false,0.05669521,0.005248548,0.104970962,0.00678276271,0.000225725613,0.002626337,0,0,8,true,false,false,false,false,false,false
"control","F1","S0",1,25,257,0.9791348,0.0511677228,2.75087857,0.9658999,0.108599268,0.181400746,0.108599268,0.00142479944,0.87968,0.877633631,0.9976738,0.1978664,0.00385778816,0.00225031516,0.104084417,false,0.0568382069,0.005256519,0.105130382,0.00680477126,0.0002543036,0.00262607681,0,0,8,true,false,false,false,false,false,false
"control","F1","S0",1,25,258,0.97911036,0.0509253964,2.75457525,0.9536675,0.108613789,0.181386232,0.108613789,0.00142828131,0.121219769,0.120957233,0.997834265,0,0,0,0.06915684,false,0.0568654053,0.00524987839,0.104997568,0.00678235851,0.00028023342,0.00262647052,0,0,8,true,false,false,false,false,false,false
"control","F1","S0",1,25,259,0.979133248,0.05066073,2.75741553,0.961839736,0.1085071,0.181492925,0.1085071,0.00107060373,0.8544891,0.8526681,0.9978689,0.0299271,0.0005298195,0.000309053,0.103777014,false,0.05702831,0.0052584447,0.105168894,0.00680668838,0.000301406573,0.002627369,0,0,8,true,false,false,false,false,false,false
"control","F1","S0",1,25,260,0.979111254,0.0504002273,2.76167035,0.9577623,0.108551942,0.181448072,0.108551942,0.00117164641,0.13942489,0.139120534,0.9978171,0,0,0,0.06891766,false,0.057102818,0.005250944,0.105018876,0.00678287027,0.000319154642,0.002628777,0,0,8,true,false,false,false,false,false,false
"control","F1","S0",1,25,261,0.979136467,0.0501302257,2.76506948,0.9544879,0.108473644,0.181526378,0.108473644,0.000903048553,0.8414485,0.8396407,0.9978515,0,0,0,0.103547737,false,0.0572852977,0.00525842374,0.105168477,0.00680670841,0.000331350777,0.002629306,0,0,8,true,false,false,false,false,false,false
"control","F1","S0",1,25,262,0.9791163,0.04987934,2.769878,0.9495551,0.108544782,0.18145524,0.108544782,0.00108429336,0.147311464,0.146992415,0.997834265,0,0,0,0.06873068,false,0.05737295,0.00524936151,0.104987226,0.00678182766,0.0003411166,0.00263021816,0,0,8,true,false,false,false,false,false,false
"control","F1","S0",1,25,263,0.9791425,0.0496294945,2.77326679,0.942937851,0.108488068,0.181511953,0.108488068,0.000880293839,0.841097236,0.839304745,0.9978689,0,0,0,0.103393346,false,0.0575747155,0.00525564374,0.105112873,0.006804641,0.00034650194,0.00262971455,0,0,8,true,false,false,false,false,false,false
"control","F1","S0",1,25,264,0.979122639,0.0494069047,2.77777934,0.93877846,0.108575895,0.181424126,0.108575895,0.00110983045,0.143764019,0.143452674,0.997834265,0,0,0,0.0686129853,false,0.0576686263,0.00524562551,0.104912512,0.00677880133,0.0003508996,0.00262876577,0,0,8,true,false,false,false,false,false,false
"control","F1","S0",1,25,265,0.9791486,0.0491914973,2.780877,0.931244552,0.108531654,0.181468368,0.108531654,0.000941017934,0.8503818,0.8485695,0.9978689,0.0025451188,4.08321466E-05,2.38181037E-05,0.103311017,false,0.0578426421,0.005251194,0.105023876,0.006800934,0.0003526115,0.00262660813,0,0,8,true,false,false,false,false,false,false
"control","F1","S0",1,25,266,0.9791281,0.04900742,2.78537726,0.926188,0.108628348,0.181371674,0.108628348,0.00119396485,0.132543817,0.132259041,0.9978515,0,0,0,0.06856365,false,0.0579161048,0.0052410583,0.104821168,0.006774668,0.000355266384,0.00262409635,0,0,8,true,false,false,false,false,false,false
"control","F1","S0",1,25,267,0.9791533,0.048847,2.78790522,0.9194026,0.1085996,0.181400418,0.1085996,0.00106761372,0.864781737,0.862953961,0.9978864,0.09854477,0.001619439,0.000944647,0.10333503,false,0.05808272,0.005245904,0.104918078,0.006795652,0.000355081662,0.00262062415,0,0,8,true,false,false,false,false,false,false
"control","F1","S0",1,25,268,0.979131639,0.0487116873,2.791553,0.9099901,0.108701728,0.181298286,0.108701728,0.00133207289,0.1171796,0.11692784,0.9978515,0,0,0,0.06859118,false,0.05812264,0.0052361316,0.104722634,0.00677017448,0.000356999139,0.00261658919,0,0,8,true,false,false,false,false,false,false
"control","F1","S0",1,25,269,0.979155838,0.0486165248,2.79323483,0.9099901,0.108685732,0.18131429,0.108685732,0.00123879383,0.8832975,0.881446242,0.9979041,0.221983224,0.00379508617,0.00221374,0.103440829,false,0.0582621321,0.00524097,0.104819395,0.006790179,0.000356500124,0.00261227787,0,0,8,true,false,false,false,false,false,false
"control","F1","S0",1,25,270,0.979133368,0.0485339165,2.795476,0.8943742,0.108787224,0.1812128,0.108787224,0.00149593549,0.09785985,0.0976513,0.9978689,0,0,0,0.06868441,false,0.0582621321,0.00523216045,0.104643211,0.006766085,0.00035935393,0.00260789436,0,0,8,true,false,false,false,false,false,false
"control","F1","S0",1,25,271,0.979156554,0.0485088043,2.79603577,0.901347935,0.108780265,0.181219757,0.108780265,0.0014243226,0.904083252,0.902188361,0.9979041,0.3605549,0.00647358457,0.003776155,0.103619464,false,0.05838143,0.00523711136,0.104742229,0.00678521534,0.000359891244,0.00260313554,0,0,8,true,false,false,false,false,false,false
"control","F1","S0",1,25,272,0.9791336,0.0484780036,2.79799461,0.880260766,0.108875282,0.181124747,0.108875282,0.00165695162,0.07745413,0.07729042,0.9978864,0,0,0,0.06883294,false,0.05832844,0.00522950571,0.10459011,0.006762868,0.000364844454,0.00259895786,0,0,8,true,false,false,false,false,false,false
"control","F1","S0",1,25,273,0.979156256,0.0485200919,2.79743528,0.8969956,0.108872145,0.181127876,0.108872145,0.00159206882,0.9240544,0.922134161,0.997921944,0.493695825,0.009327032,0.00544062,0.103847824,false,0.05842776,0.00523457,0.104691394,0.006780996,0.000367094268,0.002594779,0,0,8,true,false,false,false,false,false,false
"control","F1","S0",1,25,274,0.9791329,0.0485352576,2.79799461,0.8686248,0.108955294,0.181044728,0.108955294,0.00178520533,0.0593929365,0.0592674,0.9978864,0,0,0,0.06902118,false,0.05832181,0.005227931,0.104558617,0.00676041748,0.000375123229,0.002590616,0,0,8,true,false,false,false,false,false,false
"control","F1","S0",1,25,275,0.9791548,0.04863461,2.79631567,0.896122634,0.108949751,0.181050271,0.108949751,0.00171006937,0.9402713,0.9383343,0.997939944,0.6018087,0.01190498,0.00694438256,0.104102604,false,0.0584012941,0.00523323053,0.104664609,0.00677775824,0.000380375277,0.0025871757,0,0,8,true,false,false,false,false,false,false
"control","F1","S0",1,25,276,0.979131162,0.0486854352,2.79631567,0.86047703,0.109017164,0.180982858,0.109017164,0.00185407442,0.0458276272,0.04573077,0.9978864,0,0,0,0.06923026,false,0.0582554974,0.00522755738,0.104551144,0.006758906,0.000391955429,0.00258385437,0,0,8,true,false,false,false,false,false,false
"control","F1","S0",1,25,277,0.9791526,0.048824437,2.79323483,0.8969956,0.109002337,0.180997685,0.109002337,0.00175056525,0.950491548,0.948516369,0.997921944,0.6699436,0.0137289995,0.008008365,0.104349069,false,0.058308553,0.00523321563,0.104664311,0.00677586067,0.000400450226,0.00258111837,0,0,8,true,false,false,false,false,false,false
"control","F1","S0",1,25,278,0.9791285,0.0488970578,2.79323483,0.855917,0.109052017,0.180948,0.109052017,0.00184207875,0.0389741249,0.03889244,0.9979041,0,0,0,0.06943775,false,0.0581425838,0.005228625,0.104572505,0.00675826566,0.000415920076,0.00257843686,0,0,8,true,false,false,false,false,false,false
"control","F1","S0",1,25,279,0.97914964,0.0490523,2.78987,0.900479257,0.109021187,0.180978835,0.109021187,0.00169308309,0.9530081,0.951044858,0.997939944,0.6867207,0.0143569754,0.008374674,0.104554638,false,0.0581758171,0.00523476535,0.104695305,0.0067754155,0.000428142434,0.00257688,0,0,8,true,false,false,false,false,false,false
"control","F1","S0",1,25,280,0.9791252,0.0491299741,2.78902817,0.86047703,0.1090533,0.180946723,0.1090533,0.00173553138,0.0400912762,0.04000725,0.9979041,0,0,0,0.06961604,false,0.0579894744,0.00523065869,0.10461317,0.00675860653,0.000446954,0.002575422,0,0,8,true,false,false,false,false,false,false
"control","F1","S0",1,25,281,0.979146242,0.0492746979,2.78509617,0.906543136,0.109000862,0.18099916,0.109000862,0.00152760651,0.9467053,0.9447551,0.997939944,0.644701838,0.0134943333,0.00787148,0.104688354,false,0.0580028072,0.00523752347,0.104750469,0.006776779,0.000462736469,0.002574691,0,0,8,true,false,false,false,false,false,false
"control","F1","S0",1,25,282,0.979121566,0.0493400767,2.78481531,0.869525433,0.109018043,0.180981979,0.109018043,0.00153190433,0.0497711971,0.0496660024,0.9978864,0,0,0,0.06974205,false,0.0578225926,0.00523377769,0.104675554,0.00675996952,0.000484071439,0.00257441145,0,0,8,true,false,false,false,false,false,false
"control","F1","S0",1,25,283,0.979142666,0.0494483821,2.780877,0.9125668,0.108941242,0.181058779,0.108941242,0.0012598749,0.9315618,0.929626,0.997921944,0.543745458,0.0111542074,0.006506444,0.104730144,false,0.0578426421,0.005241609,0.10483218,0.00677986676,0.0005025261,0.00257491414,0,0,8,true,false,false,false,false,false,false
"control","F1","S0",1,25,284,0.9791183,0.0494855046,2.780877,0.8829242,0.108948514,0.181051508,0.108948514,0.00124345021,0.06745796,0.06731538,0.9978864,0,0,0,0.06979549,false,0.0576753356,0.00523762265,0.104752451,0.006762271,0.000524871459,0.002575813,0,0,8,true,false,false,false,false,false,false
"control","F1","S0",1,25,285,0.9791398,0.0495369,2.77777934,0.9202535,0.108848505,0.181151509,0.108848505,0.000913292461,0.9086885,0.906800151,0.997921944,0.391256481,0.007693317,0.004487646,0.104672737,false,0.0576954372,0.005246304,0.10492608,0.006784254,0.0005444455,0.00257728761,0,0,8,true,false,false,false,false,false,false
"control","F1","S0",1,25,286,0.9791158,0.0495344847,2.778061,0.899609566,0.108852535,0.181147486,0.108852535,0.0008976257,0.09188019,0.0916859955,0.9978864,0,0,0,0.06977007,false,0.0575680062,0.00524159335,0.104831867,0.00676519051,0.0005658819,0.00257914537,0,0,8,true,false,false,false,false,false,false
"control","F1","S0",1,25,287,0.9791379,0.049518548,2.77665186,0.926188,0.108734846,0.181265175,0.108734846,0.000527804368,0.880410135,0.87858063,0.997921944,0.2027341,0.0037424122,0.00218301429,0.104530752,false,0.0576015674,0.005250886,0.105017722,0.00678926148,0.0005848129,0.00258123735,0,0,8,true,false,false,false,false,false,false
"control","F1","S0",1,25,288,0.9791143,0.04947245,2.77721548,0.918550849,0.108743273,0.181256741,0.108743273,0.0005352811,0.120163582,0.119907506,0.9978689,0,0,0,0.0696736947,false,0.0575277023,0.00524520734,0.104904145,0.0067683,0.0006030141,0.00258408324,0,0,8,true,false,false,false,false,false,false
"control","F1","S0",1,25,289,0.9791373,0.04939096,2.776934,0.9295621,0.108617038,0.181382984,0.108617038,0.000160310417,0.8504782,0.848695636,0.9979041,0.00318765687,5.435207E-05,3.170451E-05,0.104335904,false,0.05758143,0.00525463047,0.105092607,0.006794074,0.000618793536,0.002586469,0,0,8,true,false,false,false,false,false,false
"control","F1","S0",1,25,290,0.9791143,0.0493048169,2.77862453,0.931244552,0.108636737,0.181363285,0.108636737,0.0002038963,0.148867339,0.1485475,0.9978515,0,0,0,0.0695242,false,0.05755457,0.00524774147,0.104954831,0.0067711533,0.0006323451,0.00258970633,0,0,8,true,false,false,false,false,false,false
"control","F1","S0",1,25,291,0.9791379,0.0491961874,2.77946949,0.931244552,0.108529359,0.181470662,0.108529359,0.000139785654,0.822844744,0.821105659,0.9978864,0,0,0,0.104194015,false,0.05763511,0.005255956,0.105119124,0.00679609971,0.0006405471,0.00259204023,0,0,8,true,false,false,false,false,false,false
"control","F1","S0",1,25,292,0.979115546,0.04909239,2.78115869,0.931244552,0.108568355,0.181431666,0.108568355,3.84714258E-05,0.17347163,0.173098937,0.9978515,0,0,0,0.06938511,false,0.05764182,0.005247864,0.104957275,0.006772495,0.0006461066,0.00259477738,0,0,8,true,false,false,false,false,false,false
"control","F1","S0",1,25,293,0.9791395,0.04897459,2.78228426,0.9278766,0.108478121,0.181521893,0.108478121,0.000281872984,0.8049359,0.8032488,0.9979041,0,0,0,0.104063533,false,0.0577490069,0.00525511662,0.10510233,0.00679690856,0.000646691537,0.00259681884,0,0,8,true,false,false,false,false,false,false
"control","F1","S0",1,25,294,0.9791175,0.0488688648,2.78453422,0.92703265,0.108531587,0.181468427,0.108531587,0.000116849682,0.186661392,0.186263591,0.9978689,0,0,0,0.0692696944,false,0.0577623956,0.005246542,0.10493084,0.006772793,0.000645114749,0.00259937183,0,0,8,true,false,false,false,false,false,false
"control","F1","S0",1,25,295,0.979141951,0.0487548821,2.78565836,0.922801554,0.108453035,0.181546986,0.108453035,0.000348731,0.7969641,0.7952797,0.9978864,0,0,0,0.1039609,false,0.0578827225,0.005253196,0.105063923,0.00679665338,0.0006395896,0.002600798,0,0,8,true,false,false,false,false,false,false
"control","F1","S0",1,25,296,0.9791201,0.04865814,2.788186,0.9219529,0.108515859,0.181484163,0.108515859,0.000154850073,0.192186177,0.191776618,0.9978689,0,0,0,0.06918579,false,0.0579027534,0.00524426252,0.10488525,0.00677206926,0.0006330492,0.00260260119,0,0,8,true,false,false,false,false,false,false
"control","F1","S0",1,25,297,0.9791444,0.0485570319,2.78958941,0.916845143,0.108444631,0.18155539,0.108444631,0.000366017222,0.7946023,0.7929369,0.9979041,0,0,0,0.103892908,false,0.0580227971,0.005250798,0.105015963,0.00679560937,0.0006235459,0.00260330527,0,0,8,true,false,false,false,false,false,false
"control","F1","S0",1,25,298,0.97912246,0.0484758355,2.791553,0.916845143,0.108513072,0.181486949,0.108513072,0.000156005015,0.1931363,0.19272472,0.9978689,0,0,0,0.06913267,false,0.058036115,0.005241745,0.1048349,0.00677079242,0.000614003045,0.00260420865,0,0,8,true,false,false,false,false,false,false
"control","F1","S0",1,25,299,0.979146659,0.0483921841,2.79295468,0.9125668,0.108445808,0.181554213,0.108445808,0.0003561037,0.795409,0.793741941,0.9979041,0,0,0,0.103852905,false,0.0581425838,0.00524851959,0.104970388,0.00679418258,0.0006023831,0.00260437676,0,0,8,true,false,false,false,false,false,false
"control","F1","S0",1,25,300,0.9791245,0.0483297557,2.79491568,0.9108498,0.108516887,0.181483135,0.108516887,0.0001395919,0.191788658,0.191379935,0.9978689,0,0,0,0.06910621,false,0.0581425838,0.00523982476,0.104796492,0.00676927855,0.0005914488,0.00260444963,0,0,8,true,false,false,false,false,false,false
"control","F1","S0",1,25,301,0.9791485,0.0482651666,2.795476,0.9074061,0.108450927,0.1815491,0.108450927,0.0003362184,0.7975529,0.7958813,0.9979041,0,0,0,0.10383568,false,0.0582355857,0.0052466,0.104932,0.00679273438,0.0005789918,0.002603978,0,0,8,true,false,false,false,false,false,false
"control","F1","S0",1,25,302,0.979126155,0.04822189,2.79715538,0.906543136,0.108522296,0.181477726,0.108522296,0.000120633893,0.189712748,0.18930845,0.9978689,0,0,0,0.06909968,false,0.05821567,0.00523790624,0.104758121,0.00676791649,0.00056759367,0.00260389526,0,0,8,true,false,false,false,false,false,false
"control","F1","S0",1,25,303,0.9791499,0.0481761,2.79771519,0.9039493,0.10845574,0.181544274,0.10845574,0.0003187454,0.7996761,0.7980001,0.9979041,0,0,0,0.103837326,false,0.0582953,0.00524516031,0.104903206,0.006791436,0.0005551284,0.00260322867,0,0,8,true,false,false,false,false,false,false
"control","F1","S0",1,25,304,0.979127169,0.04815068,2.79911351,0.9039493,0.10852582,0.181474209,0.10852582,0.000108706947,0.187896863,0.187499732,0.9978864,0,0,0,0.06910779,false,0.0582687631,0.0052367053,0.104734108,0.006766829,0.000544023467,0.00260298955,0,0,8,true,false,false,false,false,false,false
"control","F1","S0",1,25,305,0.9791507,0.04812149,2.79911351,0.899609566,0.108457282,0.181542739,0.108457282,0.000311608863,0.800963342,0.7992846,0.9979041,0,0,0,0.103849471,false,0.05834169,0.00524419826,0.104883961,0.006790519,0.000531884,0.002602229,0,0,8,true,false,false,false,false,false,false
"control","F1","S0",1,25,306,0.9791278,0.0481113046,2.800232,0.901347935,0.108524919,0.1814751,0.108524919,0.0001094441,0.187279969,0.186884135,0.9978864,0,0,0,0.06912425,false,0.0583019257,0.00523610227,0.104722045,0.00676601939,0.0005212811,0.002601918,0,0,8,true,false,false,false,false,false,false
"control","F1","S0",1,25,307,0.979151249,0.04809588,2.800232,0.897867858,0.108453616,0.1815464,0.108453616,0.0003194356,0.8006897,0.7990115,0.9979041,0,0,0,0.103867933,false,0.05836819,0.005243835,0.1048767,0.006789943,0.0005098172,0.00260164565,0,0,8,true,false,false,false,false,false,false
"control","F1","S0",1,25,308,0.9791281,0.04809784,2.80051136,0.899609566,0.108518258,0.181481764,0.108518258,0.000124913873,0.1882479,0.187850028,0.9978864,0,0,0,0.0691441745,false,0.05832181,0.005235859,0.10471718,0.006765657,0.000500040362,0.00260175718,0,0,8,true,false,false,false,false,false,false
"control","F1","S0",1,25,309,0.979151368,0.0480928943,2.800232,0.897867858,0.108443826,0.1815562,0.108443826,0.0003436229,0.7986714,0.7969975,0.9979041,0,0,0,0.10388799,false,0.05836819,0.00524371257,0.104874253,0.006789686,0.0004888237,0.002601543,0,0,8,true,false,false,false,false,false,false
"control","F1","S0",1,25,310,0.979128242,0.04810376,2.80107045,0.898739159,0.108505279,0.181494743,0.108505279,0.000156128881,0.191079333,0.190675482,0.9978864,0,0,0,0.06916358,false,0.05832181,0.00523597561,0.104719512,0.006765529,0.000479303359,0.00260201562,0,0,8,true,false,false,false,false,false,false
"control","F1","S0",1,25,311,0.9791514,0.0481059849,2.80051136,0.8969956,0.108427688,0.181572333,0.108427688,0.0003839368,0.794830859,0.793164968,0.9979041,0,0,0,0.103904769,false,0.0583615638,0.00524406834,0.104881369,0.00678968756,0.000468631421,0.00260192412,0,0,8,true,false,false,false,false,false,false
"control","F1","S0",1,25,312,0.979128242,0.0481225662,2.800791,0.898739159,0.108486071,0.18151395,0.108486071,0.00020285,0.195789561,0.195375741,0.9978864,0,0,0,0.0691788346,false,0.0583019257,0.00523645151,0.104729027,0.006765616,0.00045926962,0.002602588,0,0,8,true,false,false,false,false,false,false
"control","F1","S0",1,25,313,0.9791513,0.048129268,2.800232,0.8969956,0.10840556,0.181594461,0.10840556,0.000438614283,0.789185,0.787530959,0.9979041,0,0,0,0.103918031,false,0.0583483167,0.005244426,0.104888521,0.00678983657,0.0004486099,0.0026027807,0,0,8,true,false,false,false,false,false,false
"control","F1","S0",1,25,314,0.979128063,0.048149202,2.80051136,0.899609566,0.108461276,0.181538746,0.108461276,0.00026277185,0.2020643,0.201633692,0.9978689,0,0,0,0.06918992,false,0.0582953,0.00523692928,0.104738586,0.00676578656,0.000439286872,0.002603527,0,0,8,true,false,false,false,false,false,false
"control","F1","S0",1,25,315,0.9791511,0.0481581129,2.800232,0.897867858,0.108378366,0.181621656,0.108378366,0.0005043964,0.7821639,0.7805246,0.9979041,0,0,0,0.103925221,false,0.05832844,0.005245142,0.104902841,0.006790093,0.0004286056,0.00260374,0,0,8,true,false,false,false,false,false,false
"control","F1","S0",1,25,316,0.9791279,0.0481792428,2.80051136,0.899609566,0.108431831,0.18156819,0.108431831,0.000332716067,0.2096263,0.209183246,0.9978864,0,0,0,0.06919366,false,0.0582753979,0.005237646,0.104752921,0.00676608272,0.0004190762,0.00260482519,0,0,8,true,false,false,false,false,false,false
"control","F1","S0",1,25,317,0.9791509,0.04818876,2.79967284,0.898739159,0.108346924,0.1816531,0.108346924,0.000578427454,0.773934364,0.7723123,0.9979041,0,0,0,0.103926122,false,0.058308553,0.00524574,0.1049148,0.00679034926,0.000408033,0.0026053593,0,0,8,true,false,false,false,false,false,false
"control","F1","S0",1,25,318,0.9791276,0.048209846,2.79995251,0.900479257,0.108398691,0.181601331,0.108398691,0.0004093502,0.21823138,0.2177663,0.9978689,0,0,0,0.06919216,false,0.05824886,0.005238244,0.104764879,0.006766381,0.0003979243,0.00260617863,0,0,8,true,false,false,false,false,false,false
"control","F1","S0",1,25,319,0.979150832,0.04821864,2.79939318,0.898739159,0.108312219,0.1816878,0.108312219,0.0006574544,0.764943659,0.7633405,0.9979041,0,0,0,0.103919655,false,0.0583019257,0.00524621876,0.104924373,0.00679068826,0.0003864225,0.00260656746,0,0,8,true,false,false,false,false,false,false
"control","F1","S0",1,25,320,0.9791275,0.04823889,2.79939318,0.9022159,0.108362645,0.181637377,0.108362645,0.0004899639,0.227645457,0.227164313,0.9978864,0,0,0,0.06918414,false,0.0582355857,0.005238723,0.10477446,0.006766679,0.000376051117,0.00260741729,0,0,8,true,false,false,false,false,false,false
"control","F1","S0",1,25,321,0.979150653,0.048246596,2.798834,0.901347935,0.108275056,0.181724966,0.108275056,0.00073900097,0.755306959,0.75373733,0.997921944,0,0,0,0.103908375,false,0.0582820326,0.005246817,0.104936339,0.006790923,0.000363939471,0.00260787457,0,0,8,true,false,false,false,false,false,false
"control","F1","S0",1,25,322,0.9791275,0.0482653752,2.79911351,0.9022159,0.108324468,0.181675553,0.108324468,0.0005721062,0.237474591,0.2369685,0.9978689,0,0,0,0.069169,false,0.0582289472,0.0052390825,0.10478165,0.00676687341,0.000352920819,0.00260876585,0,0,8,true,false,false,false,false,false,false
"control","F1","S0",1,25,323,0.979150653,0.04827182,2.79855418,0.901347935,0.108236067,0.181763947,0.108236067,0.000821097346,0.745255351,0.743680239,0.9978864,0,0,0,0.103891931,false,0.0582687631,0.005246938,0.10493876,0.00679113762,0.0003405721,0.00260902219,0,0,8,true,false,false,false,false,false,false
"control","F1","S0",1,25,324,0.9791274,0.04828943,2.798834,0.9022159,0.108284891,0.181715131,0.108284891,0.0006536431,0.247614682,0.247091308,0.9978864,0,0,0,0.0691510439,false,0.05820903,0.005239323,0.104786456,0.00676712859,0.000329009,0.00260936888,0,0,8,true,false,false,false,false,false,false
"control","F1","S0",1,25,325,0.9791508,0.04829451,2.79855418,0.901347935,0.108195871,0.18180415,0.108195871,0.0009020103,0.735136151,0.733595431,0.9979041,0,0,0,0.103869133,false,0.0582621321,0.005247297,0.104945943,0.00679130666,0.000315967278,0.00260962313,0,0,8,true,false,false,false,false,false,false
"control","F1","S0",1,25,326,0.9791277,0.04831081,2.79855418,0.903083,0.1082441,0.18175593,0.1082441,0.0007340074,0.258026451,0.2574811,0.9978864,0,0,0,0.06912717,false,0.05820903,0.005239563,0.104791261,0.006767192,0.000304102839,0.002609934,0,0,8,true,false,false,false,false,false,false
"control","F1","S0",1,25,327,0.979150951,0.04831494,2.79799461,0.901347935,0.108154535,0.181845486,0.108154535,0.0009815443,0.724712133,0.7231932,0.9979041,0,0,0,0.103843741,false,0.0582621321,0.005247299,0.10494598,0.006791349,0.0002908396,0.00260985433,0,0,8,true,false,false,false,false,false,false
"control","F1","S0",1,25,328,0.9791279,0.0483305231,2.79855418,0.9039493,0.1082023,0.181797713,0.1082023,0.0008126639,0.268559635,0.26799202,0.9978864,0,0,0,0.0691008642,false,0.05820903,0.005239564,0.104791276,0.00676725665,0.000278640247,0.002610163,0,0,8,true,false,false,false,false,false,false
"control","F1","S0",1,25,329,0.9791512,0.0483340323,2.79827452,0.9022159,0.10811238,0.181887642,0.10811238,0.00105891912,0.714274168,0.712777138,0.9979041,0,0,0,0.103814825,false,0.0582621321,0.005247419,0.104948372,0.006791392,0.000265095558,0.00260955864,0,0,8,true,false,false,false,false,false,false
"control","F1","S0",1,25,330,0.9791281,0.04834922,2.798834,0.903083,0.108159833,0.181840181,0.108159833,0.0008888083,0.279079139,0.2784844,0.9978689,0,0,0,0.06907143,false,0.05820903,0.00523968367,0.104793675,0.00676725665,0.0002526107,0.00260957121,0,0,8,true,false,false,false,false,false,false
"control","F1","S0",1,25,331,0.9791515,0.048352465,2.79827452,0.9022159,0.108069524,0.1819305,0.108069524,0.00113389583,0.7038312,0.70235604,0.9979041,0,0,0,0.103782743,false,0.0582554974,0.005247539,0.104950778,0.00679137139,0.0002390539,0.00260899938,0,0,8,true,false,false,false,false,false,false
"control","F1","S0",1,25,332,0.97912854,0.0483675748,2.798834,0.903083,0.108116552,0.181883469,0.108116552,0.000962932652,0.28971225,0.289099932,0.9978864,0,0,0,0.0690389,false,0.05820239,0.005239684,0.104793683,0.00676721428,0.0002266747,0.00260875956,0,0,8,true,false,false,false,false,false,false
"control","F1","S0",1,25,333,0.979151845,0.0483711,2.79827452,0.9022159,0.108025841,0.181974173,0.108025841,0.00120695063,0.693264365,0.6918114,0.9979041,0,0,0,0.103749454,false,0.0582554974,0.00524753844,0.104950771,0.00679132855,0.0002132625,0.00260816212,0,0,8,true,false,false,false,false,false,false
"control","F1","S0",1,25,334,0.979129,0.0483864956,2.79855418,0.9039493,0.10807243,0.181927592,0.10807243,0.00103525142,0.3003679,0.299727768,0.9978689,0,0,0,0.06900348,false,0.05820239,0.005239565,0.1047913,0.00676714955,0.000200944021,0.00260758516,0,0,8,true,false,false,false,false,false,false
"control","F1","S0",1,25,335,0.979152262,0.0483904928,2.79799461,0.901347935,0.10798119,0.182018831,0.10798119,0.00127858808,0.6825808,0.681150258,0.9979041,0,0,0,0.103712849,false,0.0582621321,0.00524741923,0.104948387,0.006791244,0.000187546088,0.00260663661,0,0,8,true,false,false,false,false,false,false
"control","F1","S0",1,25,336,0.9791293,0.0484065972,2.79855418,0.9039493,0.1080273,0.181972712,0.1080273,0.00110629876,0.3112432,0.3105799,0.9978689,0,0,0,0.06896713,false,0.05820903,0.00523956446,0.104791291,0.006767086,0.0001754847,0.00260608853,0,0,8,true,false,false,false,false,false,false
"control","F1","S0",1,25,337,0.9791528,0.0484111831,2.79799461,0.9022159,0.1079355,0.182064518,0.1079355,0.00134911784,0.671847,0.670427,0.9978864,0,0,0,0.103673123,false,0.0582554974,0.005247419,0.104948372,0.00679115858,0.0001625932,0.00260501448,0,0,8,true,false,false,false,false,false,false
"control","F1","S0",1,25,338,0.979129851,0.04842808,2.798834,0.903083,0.107981019,0.182019,0.107981019,0.00117659266,0.3222797,0.321592867,0.9978689,0,0,0,0.0689277351,false,0.05820903,0.005239564,0.104791276,0.00676695677,0.000150937354,0.0026044976,0,0,8,true,false,false,false,false,false,false
"control","F1","S0",1,25,339,0.979153335,0.04843353,2.79827452,0.901347935,0.107888572,0.182111442,0.107888572,0.00141919183,0.6608016,0.659404933,0.9978864,0,0,0,0.103632368,false,0.0582621321,0.005247299,0.10494598,0.006791051,0.000138381016,0.002603301,0,0,8,true,false,false,false,false,false,false
"control","F1","S0",1,25,340,0.9791304,0.04845129,2.798834,0.9039493,0.1079334,0.182066619,0.1079334,0.00124668365,0.3335258,0.332815021,0.9978689,0,0,0,0.0688854754,false,0.05820903,0.00523944432,0.104788885,0.00676683057,0.000127272564,0.00260255043,0,0,8,true,false,false,false,false,false,false
"control","F1","S0",1,25,341,0.9791537,0.0484579243,2.79827452,0.9022159,0.107840329,0.182159692,0.107840329,0.00148897176,0.6495132,0.6481519,0.9979041,0,0,0,0.10359019,false,0.0582554974,0.00524729863,0.104945973,0.006790923,0.000115201423,0.00260130852,0,0,8,true,false,false,false,false,false,false
"control","F1","S0",1,25,342,0.979130864,0.0484767556,2.79855418,0.9039493,0.107884556,0.182115465,0.107884556,0.00131627836,0.3448838,0.3441488,0.9978689,0,0,0,0.0688417256,false,0.05820239,0.00523944339,0.10478887,0.006766744,0.000104792605,0.00260042539,0,0,8,true,false,false,false,false,false,false
"control","F1","S0",1,25,343,0.9791544,0.0484842062,2.79827452,0.903083,0.107790664,0.182209358,0.107790664,0.0015588036,0.6380967,0.636759341,0.9979041,0,0,0,0.103542648,false,0.0582621321,0.0052472977,0.10494595,0.006790775,9.32684E-05,0.00259914086,0,0,8,true,false,false,false,false,false,false
"control","F1","S0",1,25,344,0.979131341,0.0485042557,2.798834,0.903083,0.107834131,0.182165891,0.107834131,0.00138638762,0.3567841,0.356023759,0.9978689,0,0,0,0.0687962845,false,0.05820239,0.00523944246,0.104788847,0.00676663825,8.36081163E-05,0.00259832363,0,0,8,true,false,false,false,false,false,false
"control","F1","S0",1,25,345,0.9791548,0.0485129,2.79799461,0.9022159,0.107739531,0.182260484,0.107739531,0.00162884593,0.626345336,0.6250326,0.9979041,0,0,0,0.1034956,false,0.0582621321,0.005247178,0.104943559,0.006790732,7.293354E-05,0.0025972717,0,0,8,true,false,false,false,false,false,false
"control","F1","S0",1,25,346,0.979132,0.0485338457,2.79855418,0.903083,0.107782215,0.1822178,0.107782215,0.0014567856,0.3686989,0.367913157,0.9978689,0,0,0,0.0687462,false,0.05820239,0.005239323,0.104786456,0.006766574,6.39270656E-05,0.00259617623,0,0,8,true,false,false,false,false,false,false
"control","F1","S0",1,25,347,0.97915554,0.048543375,2.79799461,0.9022159,0.107686669,0.182313353,0.107686669,0.00169983308,0.614206731,0.61291945,0.9979041,0,0,0,0.103443123,false,0.0582554974,0.005247177,0.104943544,0.00679064775,5.394536E-05,0.00259481114,0,0,8,true,false,false,false,false,false,false
"control","F1","S0",1,25,348,0.979132533,0.0485655181,2.79855418,0.9039493,0.107728511,0.18227151,0.107728511,0.00152822922,0.3812606,0.380448073,0.9978689,0,0,0,0.068695806,false,0.05820903,0.00523944153,0.104788832,0.00676651,4.57235546E-05,0.002594162,0,0,8,true,false,false,false,false,false,false
"control","F1","S0",1,25,349,0.979155958,0.04857621,2.79799461,0.901347935,0.107632205,0.182367817,0.107632205,0.00177130708,0.601813436,0.6005521,0.9979041,0,0,0,0.103390388,false,0.0582554974,0.005247296,0.104945913,0.006790605,3.66836539E-05,0.00259304629,0,0,8,true,false,false,false,false,false,false
"control","F1","S0",1,25,350,0.9791332,0.0485992,2.79855418,0.903083,0.107673228,0.1823268,0.107673228,0.00160011125,0.393869132,0.3930229,0.9978515,0,0,0,0.06863982,false,0.05820239,0.00523944059,0.10478881,0.00676646829,2.93529156E-05,0.002592424,0,0,8,true,false,false,false,false,false,false
"control","F1","S0",1,25,351,0.9791567,0.0486108549,2.79799461,0.9022159,0.107576028,0.182424,0.107576028,0.00184360414,0.589029253,0.5877843,0.9978864,0,0,0,0.10333389,false,0.05824886,0.005247295,0.1049459,0.006790562,2.12464638E-05,0.00259108678,0,0,8,true,false,false,false,false,false,false
"control","F1","S0",1,25,352,0.979133844,0.04863482,2.79855418,0.9039493,0.107616171,0.18238385,0.107616171,0.00167294149,0.406953931,0.406086683,0.9978689,0,0,0,0.06858214,false,0.0581957437,0.00523955934,0.104791187,0.006766426,1.47904266E-05,0.00259043323,0,0,8,true,false,false,false,false,false,false
"control","F1","S0",1,25,353,0.9791574,0.04864739,2.79799461,0.903083,0.107518047,0.182481974,0.107518047,0.0019168735,0.575883448,0.574666262,0.9978864,0,0,0,0.103273951,false,0.05824886,0.00524729444,0.104945891,0.006790497,7.528698E-06,0.00258929,0,0,8,true,false,false,false,false,false,false
"control","F1","S0",1,25,354,0.9791346,0.0486721732,2.79855418,0.9039493,0.107557282,0.18244274,0.107557282,0.00174687291,0.420408458,0.419505179,0.9978515,0,0,0,0.06852056,false,0.0581957437,0.00523955841,0.104791164,0.00676636025,2.10134613E-06,0.00258882553,0,0,8,true,false,false,false,false,false,false
"control","F1","S0",1,25,355,0.979158044,0.048685614,2.79799461,0.9022159,0.107458174,0.182541847,0.107458174,0.00199138513,0.562309265,0.561130762,0.9979041,0,0,0,0.103211038,false,0.0582422242,0.00524729351,0.104945868,0.00679043261,4.2404813E-06,0.00258773472,0,0,8,true,false,false,false,false,false,false
"control","F1","S0",1,25,356,0.9791353,0.0487113148,2.79855418,0.9048147,0.1074965,0.182503521,0.1074965,0.00182196975,0.4343465,0.4334133,0.9978515,0,0,0,0.0684568956,false,0.0581891052,0.00523943827,0.104788765,0.00676631741,8.76861E-06,0.00258713728,0,0,8,true,false,false,false,false,false,false
"control","F1","S0",1,25,357,0.9791588,0.048725564,2.79799461,0.903083,0.107396528,0.1826035,0.107396528,0.00206674519,0.548448861,0.54728967,0.9978864,0,0,0,0.103144974,false,0.05824886,0.00524729257,0.104945853,0.006790412,1.42823783E-05,0.002586129,0,0,8,true,false,false,false,false,false,false
"control","F1","S0",1,25,358,0.979136,0.048752062,2.79827452,0.9039493,0.107433975,0.182566047,0.107433975,0.0018977609,0.448535383,0.4475717,0.9978515,0,0,0,0.06838955,false,0.0581957437,0.00523931859,0.104786374,0.006766298,1.77498478E-05,0.002585769,0,0,8,true,false,false,false,false,false,false
"control","F1","S0",1,25,359,0.979159534,0.0487670861,2.79771519,0.903083,0.107333049,0.182666972,0.107333049,0.00214303751,0.5341798,0.5330602,0.9979041,0,0,0,0.103075251,false,0.0582422242,0.005247173,0.104943454,0.006790391,2.21488117E-05,0.00258490164,0,0,8,true,false,false,false,false,false,false
"control","F1","S0",1,25,360,0.979136646,0.0487945825,2.79799461,0.9039493,0.107369661,0.18263036,0.107369661,0.00197437755,0.4631967,0.462209553,0.9978689,0,0,0,0.06832038,false,0.058182463,0.005239556,0.10479112,0.00676631741,2.48448432E-05,0.00258468953,0,0,8,true,false,false,false,false,false,false
"control","F1","S0",1,25,361,0.9791602,0.04881054,2.79743528,0.903083,0.107267871,0.18273215,0.107267871,0.00221981178,0.519656539,0.518567443,0.9979041,0,0,0,0.103003591,false,0.0582422242,0.00524741039,0.104948208,0.006790455,2.82782421E-05,0.002583994,0,0,8,true,false,false,false,false,false,false
"control","F1","S0",1,25,362,0.9791375,0.04883869,2.79827452,0.9048147,0.107303545,0.182696477,0.107303545,0.00205174275,0.4780609,0.4770338,0.9978515,0,0,0,0.06824545,false,0.058182463,0.005239555,0.104791105,0.006766339,2.99202184E-05,0.00258378824,0,0,8,true,false,false,false,false,false,false
"control","F1","S0",1,25,363,0.979161,0.0488555878,2.79771519,0.9039493,0.107200772,0.18279925,0.107200772,0.00229772227,0.5046164,0.5035588,0.9979041,0,0,0,0.102928489,false,0.0582289472,0.00524740946,0.104948185,0.00679047545,3.228951E-05,0.00258326018,0,0,8,true,false,false,false,false,false,false
"control","F1","S0",1,25,364,0.9791383,0.0488846377,2.79799461,0.905679345,0.107235529,0.1827645,0.107235529,0.00213016127,0.493385047,0.492324978,0.9978515,0,0,0,0.06816931,false,0.0581758171,0.005239554,0.104791082,0.006766403,3.30417279E-05,0.0025833752,0,0,8,true,false,false,false,false,false,false
"control","F1","S0",1,25,365,0.979162,0.0489022136,2.79771519,0.903083,0.107131749,0.182868272,0.107131749,0.00237667118,0.489283919,0.488249779,0.9978864,0,0,0,0.102849007,false,0.0582289472,0.00524728931,0.104945786,0.006790519,3.46152519E-05,0.00258276681,0,0,8,true,false,false,false,false,false,false
"control","F1","S0",1,25,366,0.979139149,0.04893221,2.79771519,0.905679345,0.107165545,0.182834476,0.107165545,0.00220973324,0.5092139,0.5081287,0.9978689,0,0,0,0.06808978,false,0.0581758171,0.005239553,0.104791053,0.006766381,3.44366563E-05,0.002582837,0,0,8,true,false,false,false,false,false,false
"control","F1","S0",1,25,367,0.9791628,0.04895065,2.79771519,0.903083,0.10706076,0.182939261,0.10706076,0.00245678262,0.47350657,0.472505778,0.9978864,0,0,0,0.102767408,false,0.05822231,0.005247407,0.104948141,0.006790519,3.47892164E-05,0.00258244853,0,0,8,true,false,false,false,false,false,false
"control","F1","S0",1,25,368,0.97914,0.04898152,2.79771519,0.9039493,0.10709361,0.182906419,0.10709361,0.00229033688,0.525353968,0.524234354,0.9978689,0,0,0,0.0680071,false,0.0581691749,0.005239552,0.104791038,0.006766446,3.37746642E-05,0.00258256658,0,0,8,true,false,false,false,false,false,false
"control","F1","S0",1,25,369,0.979163766,0.0490007475,2.79715538,0.903083,0.106987819,0.1830122,0.106987819,0.00253788126,0.457366526,0.456399858,0.9978864,0,0,0,0.102681778,false,0.05822231,0.005247406,0.104948126,0.00679056067,3.32614E-05,0.00258249813,0,0,8,true,false,false,false,false,false,false
"control","F1","S0",1,25,370,0.979141057,0.049032297,2.79799461,0.905679345,0.107019618,0.1829804,0.107019618,0.002372248,0.541944742,0.5407898,0.9978689,0,0,0,0.0679198,false,0.05816253,0.005239551,0.104791015,0.006766446,3.121868E-05,0.00258294027,0,0,8,true,false,false,false,false,false,false
"control","F1","S0",1,25,371,0.979164541,0.04905264,2.79715538,0.9039493,0.106912807,0.183087215,0.106912807,0.00262024743,0.440677762,0.43974635,0.9978864,0,0,0,0.102595091,false,0.05820903,0.005247405,0.104948096,0.006790624,2.995035E-05,0.00258286647,0,0,8,true,false,false,false,false,false,false
"control","F1","S0",1,25,372,0.9791419,0.0490851924,2.79799461,0.905679345,0.106943712,0.18305631,0.106943712,0.0024549365,0.5588426,0.557651639,0.9978689,0,0,0,0.06783074,false,0.05815588,0.00523954956,0.104790993,0.006766574,2.70763121E-05,0.002583271,0,0,8,true,false,false,false,false,false,false
"control","F1","S0",1,25,373,0.9791655,0.049106326,2.79743528,0.903083,0.1068359,0.18316412,0.1068359,0.00270339428,0.423798561,0.422902852,0.9978864,0,0,0,0.102503158,false,0.05820903,0.005247404,0.104948074,0.00679070875,2.4831088E-05,0.00258317729,0,0,8,true,false,false,false,false,false,false
"control","F1","S0",1,25,374,0.979142845,0.0491398536,2.79771519,0.905679345,0.1068658,0.183134228,0.1068658,0.002538665,0.5762632,0.575025141,0.9978515,0,0,0,0.0677381456,false,0.05815588,0.00523978658,0.104795732,0.00676665828,2.09659265E-05,0.00258401036,0,0,8,true,false,false,false,false,false,false
"control","F1","S0",1,25,375,0.979166567,0.049161844,2.79715538,0.9039493,0.106756866,0.183243155,0.106756866,0.00278787874,0.406425,0.405566,0.9978864,0,0,0,0.102407917,false,0.0581957437,0.005247641,0.10495282,0.00679077348,1.79624185E-05,0.00258409674,0,0,8,true,false,false,false,false,false,false
"control","F1","S0",1,25,376,0.9791439,0.049196247,2.79743528,0.905679345,0.106785648,0.183214366,0.106785648,0.00262403674,0.594159,0.592882454,0.9978515,0,0,0,0.06764205,false,0.0581492335,0.005239666,0.104793318,0.006766701,1.34707961E-05,0.0025847333,0,0,8,true,false,false,false,false,false,false
"control","F1","S0",1,25,377,0.9791675,0.0492192842,2.79687548,0.905679345,0.106675632,0.1833244,0.106675632,0.00287383283,0.388521671,0.387693673,0.9978689,0,0,0,0.102310777,false,0.0581957437,0.00524763949,0.10495279,0.006790859,9.687155E-06,0.002585026,0,0,8,true,false,false,false,false,false,false
"control","F1","S0",1,25,378,0.979144931,0.04925456,2.79743528,0.905679345,0.106703371,0.183296651,0.106703371,0.00271058432,0.6123783,0.6110626,0.9978515,0,0,0,0.06754265,false,0.0581425838,0.005239665,0.1047933,0.00676678633,4.34454341E-06,0.00258592051,0,0,8,true,false,false,false,false,false,false
"control","F1","S0",1,25,379,0.979168534,0.0492785722,2.79715538,0.9048147,0.106592238,0.183407784,0.106592238,0.002961079,0.370204657,0.3694222,0.9978864,0,0,0,0.102209993,false,0.0581891052,0.005247519,0.104950376,0.006790965,3.13210478E-07,0.00258612516,0,0,8,true,false,false,false,false,false,false
"control","F1","S0",1,25,380,0.979145944,0.0493149869,2.79771519,0.9074061,0.106618941,0.183381081,0.106618941,0.00279837544,0.631120443,0.6297645,0.9978515,0,0,0,0.0674412,false,0.0581359379,0.005239783,0.104795657,0.006766872,6.27107875E-06,0.002587163,0,0,8,true,false,false,false,false,false,false
"control","F1","S0",1,25,381,0.9791697,0.049339883,2.79687548,0.9048147,0.106506668,0.183493346,0.106506668,0.00304955,0.351527125,0.350777984,0.9978689,0,0,0,0.102104813,false,0.0581891052,0.0052476367,0.10495273,0.006791093,1.15083458E-05,0.00258771,0,0,8,true,false,false,false,false,false,false
"control","F1","S0",1,25,382,0.979147136,0.049377162,2.79743528,0.9074061,0.106532231,0.18346779,0.106532231,0.002887689,0.65034467,0.6489474,0.9978515,0,0,0,0.06733473,false,0.05812264,0.0052399,0.104798004,0.00676699867,1.81622654E-05,0.00258871121,0,0,8,true,false,false,false,false,false,false
"control","F1","S0",1,25,383,0.9791708,0.0494030826,2.79659557,0.905679345,0.106418766,0.183581263,0.106418766,0.00313967187,0.332260519,0.3315583,0.9978864,0,0,0,0.101997823,false,0.058182463,0.00524775451,0.104955092,0.006791199,2.391348E-05,0.00258922344,0,0,8,true,false,false,false,false,false,false
"control","F1","S0",1,25,384,0.979148269,0.0494413823,2.79715538,0.906543136,0.106443189,0.183556825,0.106443189,0.002978547,0.6700358,0.6685962,0.9978515,0,0,0,0.0672258362,false,0.05812264,0.005239899,0.104797974,0.00676710531,3.137851E-05,0.00259027141,0,0,8,true,false,false,false,false,false,false
"control","F1","S0",1,25,385,0.979171932,0.04946835,2.79687548,0.905679345,0.10632854,0.183671474,0.10632854,0.00323125883,0.31256187,0.311895758,0.9978689,0,0,0,0.10188473,false,0.0581691749,0.005247753,0.104955062,0.00679126242,3.76902426E-05,0.0025909245,0,0,8,true,false,false,false,false,false,false
"control","F1","S0",1,25,386,0.979149342,0.049507644,2.79743528,0.9082682,0.106351905,0.183648109,0.106351905,0.0030706455,0.6901557,0.688672841,0.9978515,0,0,0,0.06710487,false,0.0581159927,0.005239897,0.104797937,0.00676716864,4.54677647E-05,0.0025920514,0,0,8,true,false,false,false,false,false,false
"control","F1","S0",1,25,387,0.979173064,0.0495355837,2.79687548,0.905679345,0.1062361,0.183763921,0.1062361,0.003323994,0.2926748,0.292056233,0.9978864,0,0,0,0.101766467,false,0.05816253,0.00524775125,0.104955025,0.00679139327,5.23507479E-05,0.00259266933,0,0,8,true,false,false,false,false,false,false
"control","F1","S0",1,25,388,0.9791505,0.0495760031,2.79715538,0.9082682,0.106258348,0.183741674,0.106258348,0.003163968,0.710705042,0.7091781,0.9978515,0,0,0,0.0669923052,false,0.0581093356,0.00523989554,0.104797907,0.006767361,6.0681672E-05,0.00259365281,0,0,8,true,false,false,false,false,false,false
"control","F1","S0",1,25,389,0.979174256,0.0496050268,2.79659557,0.905679345,0.106141366,0.183858663,0.106141366,0.003417999,0.272068352,0.271493316,0.9978864,0,0,0,0.101647772,false,0.05815588,0.00524774939,0.104954988,0.00679154,6.807775E-05,0.00259461533,0,0,8,true,false,false,false,false,false,false
"control","F1","S0",1,25,390,0.9791517,0.04964639,2.79687548,0.9082682,0.106162466,0.183837563,0.106162466,0.00325862155,0.7317471,0.7301749,0.9978515,0,0,0,0.06686212,false,0.0581026822,0.00523989368,0.10479787,0.00676744757,7.67978854E-05,0.00259590847,0,0,8,true,false,false,false,false,false,false
"control","F1","S0",1,25,391,0.9791755,0.0496764667,2.79631567,0.9074061,0.106044218,0.1839558,0.106044218,0.00351352082,0.2512612,0.250725746,0.9978689,0,0,0,0.101529419,false,0.0581492335,0.005247748,0.104954958,0.00679166941,8.43168455E-05,0.002596405,0,0,8,true,false,false,false,false,false,false
"control","F1","S0",1,25,392,0.979153037,0.0497189872,2.79659557,0.9074061,0.106064022,0.183936,0.106064022,0.00335516967,0.7534156,0.7517969,0.9978515,0,0,0,0.06675518,false,0.05808937,0.005239892,0.104797833,0.00676762,9.343701E-05,0.002597756,0,0,8,true,false,false,false,false,false,false
"control","F1","S0",1,25,393,0.9791672,0.0497544073,2.79659557,0.906543136,0.105984539,0.184015483,0.105984539,0.003494457,0.229231119,0.228742614,0.9978689,0,0,0,0.0960056,false,0.05812929,0.00524394261,0.10487885,0.006786257,0.000103364058,0.002595234,0,0,8,true,false,false,false,false,false,false
"control","F1","S0",1,25,394,0.9791315,0.0498056374,2.79687548,0.9082682,0.106071822,0.183928192,0.106071822,0.00314182718,0.6183897,0.617050469,0.997834265,0,0,0,0.0613356419,false,0.0580494367,0.00523217162,0.104643434,0.006760845,0.000114676775,0.00259173731,0,0,8,true,false,false,false,false,false,false
"control","F1","S0",1,25,395,0.9791414,0.0498488,2.79631567,0.9082682,0.1060362,0.18396382,0.1060362,0.0031618143,0.4096782,0.408805132,0.9978689,0,0,0,0.09600923,false,0.058076065,0.005238492,0.104769841,0.00678732246,0.000121782992,0.00258997851,0,0,8,true,false,false,false,false,false,false
"control","F1","S0",1,25,396,0.9791072,0.04990984,2.79659557,0.9108498,0.106148578,0.183851451,0.106148578,0.00274758856,0.579501033,0.578236043,0.9978171,0,0,0,0.0613194257,false,0.0580028072,0.00523172272,0.104634456,0.00676806644,0.000128184431,0.00259234128,0,0,8,true,false,false,false,false,false,false
"control","F1","S0",1,25,397,0.9791231,0.049964942,2.79603577,0.90912956,0.106126577,0.183873445,0.106126577,0.002740325,0.451279968,0.4503104,0.9978515,0,0,0,0.0959856957,false,0.05802946,0.005242328,0.104846559,0.00679842243,0.000132376343,0.00259638461,0,0,8,true,false,false,false,false,false,false
"control","F1","S0",1,25,398,0.9790969,0.05003633,2.79575586,0.9125668,0.1062436,0.183756411,0.1062436,0.00232547382,0.534416437,0.5332408,0.9978001,0,0,0,0.06128399,false,0.0579428,0.00523805944,0.104761191,0.006780762,0.000137845767,0.00260240934,0,0,8,true,false,false,false,false,false,false
"control","F1","S0",1,25,399,0.9791204,0.05009769,2.79435539,0.9117087,0.106219135,0.183780879,0.106219135,0.002337806,0.48886916,0.4878104,0.997834265,0,0,0,0.0959451348,false,0.0579694733,0.00524949841,0.104989968,0.006810713,0.000142675854,0.002607597,0,0,8,true,false,false,false,false,false,false
"control","F1","S0",1,25,400,0.97909987,0.05017026,2.79407549,0.9142805,0.106328845,0.183671176,0.106328845,0.00195600931,0.501952,0.5008478,0.9978001,0,0,0,0.06123766,false,0.0578760467,0.005244516,0.104890317,0.00679130666,0.000149878324,0.00261290744,0,0,8,true,false,false,false,false,false,false
"control","F1","S0",1,25,401,0.9791268,0.050227847,2.7926743,0.915136158,0.106294692,0.18370533,0.106294692,0.002006953,0.5156423,0.514516652,0.9978171,0,0,0,0.09590463,false,0.0579027534,0.00525392964,0.105078593,0.006818767,0.000157310293,0.00261616614,0,0,8,true,false,false,false,false,false,false
"control","F1","S0",1,25,402,0.97910744,0.0502926,2.792394,0.917698443,0.106394708,0.183605313,0.106394708,0.00166287716,0.4818191,0.480743021,0.997766554,0,0,0,0.06120198,false,0.0578159057,0.005246684,0.104933679,0.006796845,0.000167380029,0.0026184062,0,0,8,true,false,false,false,false,false,false
"control","F1","S0",1,25,403,0.979133546,0.0503398739,2.791553,0.917698443,0.106352746,0.183647275,0.106352746,0.00174441875,0.533704638,0.5325396,0.9978171,0,0,0,0.09588032,false,0.0578426421,0.005254191,0.105083816,0.00682221632,0.000177522961,0.00261900667,0,0,8,true,false,false,false,false,false,false
"control","F1","S0",1,25,404,0.9791123,0.0503928922,2.79127264,0.9202535,0.106447965,0.183552057,0.106447965,0.00142200466,0.467328429,0.4662925,0.9977833,0,0,0,0.06118626,false,0.0577623956,0.005245752,0.104915045,0.006798869,0.000190177336,0.00261950516,0,0,8,true,false,false,false,false,false,false
"control","F1","S0",1,25,405,0.979136,0.0504280031,2.790431,0.9194026,0.106404394,0.183595628,0.106404394,0.00151459663,0.5489344,0.5477268,0.9978001,0,0,0,0.0958697945,false,0.0578025356,0.00525266025,0.1050532,0.00682355836,0.000201774761,0.00261847349,0,0,8,true,false,false,false,false,false,false
"control","F1","S0",1,25,406,0.979112566,0.0504691638,2.790431,0.9219529,0.106500857,0.183499157,0.106500857,0.00119557744,0.452050537,0.4510409,0.997766554,0,0,0,0.0611798353,false,0.05772223,0.00524398126,0.104879625,0.006800019,0.000214680491,0.00261793868,0,0,8,true,false,false,false,false,false,false
"control","F1","S0",1,25,407,0.979134858,0.05049303,2.78987,0.9219529,0.106460571,0.18353945,0.106460571,0.00128466159,0.565894842,0.5646404,0.9977833,0,0,0,0.0958629847,false,0.057755705,0.00525136339,0.105027266,0.00682488,0.000226231132,0.00261717662,0,0,8,true,false,false,false,false,false,false
"control","F1","S0",1,25,408,0.979110658,0.0505238324,2.78958941,0.9244963,0.106561542,0.18343848,0.106561542,0.000959865458,0.433157831,0.432183176,0.9977499,0,0,0,0.0611726157,false,0.0576954372,0.00524327764,0.104865551,0.006801702,0.0002383066,0.002616904,0,0,8,true,false,false,false,false,false,false
"control","F1","S0",1,25,409,0.979132652,0.0505384021,2.78902817,0.9219529,0.106526293,0.183473736,0.106526293,0.00104065973,0.5860177,0.584728539,0.9978001,0,0,0,0.0958557,false,0.0577423163,0.00525113335,0.105022669,0.00682690367,0.000248498924,0.00261669257,0,0,8,true,false,false,false,false,false,false
"control","F1","S0",1,25,410,0.979108751,0.0505606,2.78958941,0.926188,0.106632181,0.183367848,0.106632181,0.000709823333,0.411048651,0.410123765,0.9977499,0,0,0,0.06116433,false,0.0576686263,0.00524352258,0.104870453,0.00680398243,0.000259183231,0.00261764578,0,0,8,true,false,false,false,false,false,false
"control","F1","S0",1,25,411,0.9791313,0.05056725,2.78846669,0.9244963,0.106601372,0.183398649,0.106601372,0.0007840919,0.6087496,0.6074002,0.9977833,0,0,0,0.09584841,false,0.05772223,0.00525173452,0.105034687,0.00682926876,0.000267913128,0.00261772447,0,0,8,true,false,false,false,false,false,false
"control","F1","S0",1,25,412,0.979108,0.05058217,2.78902817,0.926188,0.106711179,0.183288842,0.106711179,0.000451884582,0.3872422,0.386370867,0.9977499,0,0,0,0.0611590371,false,0.0576619245,0.005244242,0.104884841,0.00680623949,0.000277144427,0.002619029,0,0,8,true,false,false,false,false,false,false
"control","F1","S0",1,25,413,0.9791313,0.05058183,2.78846669,0.9253425,0.106683746,0.183316275,0.106683746,0.000521938433,0.632977247,0.631584764,0.9978001,0,0,0,0.09584545,false,0.05771554,0.00525221461,0.10504429,0.006831314,0.000284550682,0.0026194586,0,0,8,true,false,false,false,false,false,false
"control","F1","S0",1,25,414,0.9791085,0.0505901165,2.78846669,0.92703265,0.106796458,0.183203563,0.106796458,0.00019883005,0.3626037,0.361793846,0.997766554,0,0,0,0.0611588955,false,0.0576619245,0.005244603,0.10489206,0.006807944,0.0002925638,0.002620596,0,0,8,true,false,false,false,false,false,false
"control","F1","S0",1,25,415,0.9791319,0.050583683,2.78846669,0.9253425,0.106771693,0.183228329,0.106771693,0.00026056706,0.6579281,0.6564807,0.9978001,0,0,0,0.09585166,false,0.05771554,0.0052525755,0.10505151,0.00683263363,0.000298880215,0.00262101856,0,0,8,true,false,false,false,false,false,false
"control","F1","S0",1,25,416,0.979109168,0.05058622,2.78874755,0.926188,0.106887043,0.183112979,0.106887043,0.000118285425,0.337425381,0.33667174,0.997766554,0,0,0,0.06117028,false,0.05765523,0.00524472445,0.104894489,0.006808925,0.0003060842,0.0026218812,0,0,8,true,false,false,false,false,false,false
"control","F1","S0",1,25,417,0.9791326,0.0505744778,2.78846669,0.9253425,0.106864989,0.183135033,0.106864989,5.067556E-05,0.683743954,0.6822398,0.9978001,0,0,0,0.09586879,false,0.05772223,0.00525233941,0.105046786,0.00683331536,0.000311679585,0.0026219273,0,0,8,true,false,false,false,false,false,false
"control","F1","S0",1,25,418,0.979109645,0.0505723469,2.78846669,0.92703265,0.106983215,0.1830168,0.106983215,0.000358083838,0.311169147,0.3104742,0.997766554,0,0,0,0.06119343,false,0.0576686263,0.00524436869,0.104887374,0.006809457,0.000317980943,0.00262228935,0,0,8,true,false,false,false,false,false,false
"control","F1","S0",1,25,419,0.9791327,0.0505564176,2.78846669,0.926188,0.106964231,0.183035791,0.106964231,0.000278696447,0.710738659,0.709175169,0.9978001,0,0,0,0.09589838,false,0.05771554,0.005251983,0.105039664,0.006833699,0.000322878564,0.00262245326,0,0,8,true,false,false,false,false,false,false
"control","F1","S0",1,25,420,0.9791097,0.0505503863,2.78874755,0.926188,0.107085563,0.182914466,0.107085563,0.000620953739,0.283479542,0.282846421,0.997766554,0,0,0,0.0612272136,false,0.0576753356,0.00524401246,0.104880251,0.0068096905,0.0003284881,0.002622636,0,0,8,true,false,false,false,false,false,false
"control","F1","S0",1,25,421,0.979132652,0.05053107,2.78846669,0.9253425,0.107069738,0.182930291,0.107069738,0.000545037445,0.73907727,0.7374514,0.9978001,0,0,0,0.09593829,false,0.0577289276,0.005251626,0.105032519,0.00683393469,0.000332652417,0.00262253825,0,0,8,true,false,false,false,false,false,false
"control","F1","S0",1,25,422,0.979109466,0.0505220778,2.78930879,0.9253425,0.107194245,0.182805777,0.107194245,0.0008891442,0.254316717,0.253748715,0.997766554,0,0,0,0.0612720437,false,0.0576820336,0.005243536,0.104870722,0.006809883,0.000337450474,0.00262262113,0,0,8,true,false,false,false,false,false,false
"control","F1","S0",1,25,423,0.979132354,0.0505000353,2.78846669,0.9244963,0.107181467,0.182818562,0.107181467,0.000815248233,0.768761456,0.767057359,0.9977833,0,0,0,0.09598834,false,0.0577423163,0.005251269,0.105025373,0.006834083,0.000340880331,0.00262231543,0,0,8,true,false,false,false,false,false,false
"control","F1","S0",1,25,424,0.9791091,0.0504886024,2.78930879,0.926188,0.107308879,0.182691142,0.107308879,0.00115975784,0.223943248,0.223443076,0.997766554,0,0,0,0.06132748,false,0.0576887354,0.00524329767,0.104865953,0.00681005372,0.000345232227,0.00262246164,0,0,8,true,false,false,false,false,false,false
"control","F1","S0",1,25,425,0.979132056,0.0504642278,2.78874755,0.9244963,0.107298985,0.182701036,0.107298985,0.00108691258,0.7996129,0.7978404,0.9977833,0,0,0,0.0960488,false,0.0577490069,0.005251031,0.10502062,0.00683427555,0.000347809982,0.00262229051,0,0,8,true,false,false,false,false,false,false
"control","F1","S0",1,25,426,0.9791087,0.05045063,2.78930879,0.9253425,0.107429162,0.18257086,0.107429162,0.00143128238,0.1924139,0.191984147,0.997766554,0,0,0,0.0613933131,false,0.05770213,0.00524317846,0.104863569,0.00681020226,0.000351419585,0.00262234453,0,0,8,true,false,false,false,false,false,false
"control","F1","S0",1,25,427,0.9791316,0.0504242443,2.78902817,0.923649251,0.107421942,0.182578087,0.107421942,0.00135871908,0.831432343,0.8295893,0.9977833,0,0,0,0.09612097,false,0.0577490069,0.005251031,0.10502062,0.006834381,0.000353623531,0.002621869,0,0,8,true,false,false,false,false,false,false
"control","F1","S0",1,25,428,0.9791082,0.0504085831,2.78930879,0.9244963,0.107554689,0.182445332,0.107554689,0.00170248712,0.159892961,0.15953584,0.997766554,0,0,0,0.0614689626,false,0.05770213,0.005243179,0.104863577,0.006810287,0.000356648728,0.00262192264,0,0,8,true,false,false,false,false,false,false
"control","F1","S0",1,25,429,0.979131043,0.05038848,2.78930879,0.922801554,0.107555747,0.182444274,0.107555747,0.00164636842,0.8642141,0.8623129,0.9978001,0.09476067,0.000936158,0.000546077266,0.0962286,false,0.0577623956,0.00525054662,0.105010934,0.00683384761,0.000357519428,0.00262137922,0,0,8,true,false,false,false,false,false,false
"control","F1","S0",1,25,430,0.9791077,0.0503745936,2.78987,0.9219529,0.107692048,0.182307974,0.107692048,0.00199177465,0.126448348,0.12616384,0.9977499,0,0,0,0.0615666173,false,0.05771554,0.005242697,0.104853936,0.006810117,0.000359597965,0.00262096617,0,0,8,true,false,false,false,false,false,false
"control","F1","S0",1,25,431,0.979130268,0.05037922,2.78930879,0.9219529,0.107711181,0.18228884,0.107711181,0.00197995827,0.899082959,0.897089958,0.9977833,0.3272196,0.00368110533,0.002147253,0.0964068249,false,0.0577824637,0.00524921156,0.104984231,0.00683197333,0.0003579218,0.002620297,0,0,8,true,false,false,false,false,false,false
"control","F1","S0",1,25,432,0.9791067,0.05037627,2.78930879,0.9117087,0.107851394,0.182148635,0.107851394,0.00232657557,0.09035994,0.09015964,0.9977833,0,0,0,0.0617091134,false,0.0577088371,0.005241608,0.104832157,0.00680939434,0.000358333578,0.00261958083,0,0,8,true,false,false,false,false,false,false
"control","F1","S0",1,25,433,0.979129,0.0504211634,2.788186,0.9219529,0.107891604,0.182108417,0.107891604,0.00236634631,0.9383947,0.9363146,0.9977833,0.5892981,0.0075668483,0.00441387435,0.09665717,false,0.05779585,0.005247147,0.104942933,0.006829032,0.0003538831,0.00261873985,0,0,8,true,false,false,false,false,false,false
"control","F1","S0",1,25,434,0.9791054,0.05043706,2.78874755,0.899609566,0.1080322,0.181967825,0.1080322,0.00270236726,0.04962421,0.049514208,0.9977833,0,0,0,0.06190572,false,0.05770213,0.005240034,0.104800679,0.00680811238,0.0003526725,0.00261789933,0,0,8,true,false,false,false,false,false,false
"control","F1","S0",1,25,435,0.9791272,0.05053992,2.78622,0.9219529,0.1080967,0.181903332,0.1080967,0.00280191726,0.9821548,0.9799942,0.9978001,0.8810319,0.0129383812,0.00754718343,0.096999675,false,0.05778916,0.00524435565,0.104887113,0.00682479236,0.000345311651,0.00261686859,0,0,8,true,false,false,false,false,false,false
"control","F1","S0",1,25,436,0.979103267,0.0505828671,2.78650117,0.8820373,0.1082336,0.181766421,0.1082336,0.003114018,0.00527813472,0.0052663465,0.997766554,0,0,0,0.06217038,false,0.05764182,0.00523809576,0.104761913,0.006806324,0.000343504274,0.00261540734,0,0,8,true,false,false,false,false,false,false
"control","F1","S0",1,25,437,0.9791245,0.0507334247,2.78312826,0.922801554,0.108306065,0.181693956,0.108306065,0.00322494935,1.02942753,1.02716291,0.9978001,1,0.01677645,0.009785996,0.09736002,false,0.05772223,0.005241934,0.104838684,0.00682121469,0.000335946563,0.00261425017,0,0,8,true,false,false,false,false,false,false
"control","F1","S0",1,25,438,0.979100168,0.0507973619,2.78256559,0.8731186,0.1084306,0.181569427,0.1084306,0.00348865474,0.04166191,0.0415583029,0.9975132,0,0,0,0.0624715574,false,0.05755457,0.0052367663,0.104735322,0.00680464227,0.000335742923,0.00261276448,0,0,8,true,false,false,false,false,false,false
"control","F1","S0",1,25,439,0.9791207,0.0509745032,2.77862453,0.923649251,0.108496577,0.181503445,0.108496577,0.003570247,1.07496345,1.07261693,0.9978171,1,0.01887384,0.01100944,0.09770807,false,0.05760827,0.005240965,0.104819305,0.00681889337,0.0003306528,0.002611812,0,0,8,true,false,false,false,false,false,false
"control","F1","S0",1,25,440,0.9790962,0.05104568,2.778061,0.869525433,0.108604878,0.181395143,0.108604878,0.0037770255,0.0848034248,0.08456764,0.9972197,0,0,0,0.06277974,false,0.057413362,0.005236885,0.1047377,0.0068036397,0.000333823846,0.00261019613,0,0,8,true,false,false,false,false,false,false
"control","F1","S0",1,25,441,0.9791165,0.05123537,2.77270222,0.9287197,0.108664036,0.181335986,0.108664036,0.00383106084,1.11358428,1.11115348,0.9978171,1,0.0207141656,0.0120829334,0.09804216,false,0.057460472,0.00524143968,0.10482879,0.00681727473,0.0003319379,0.00260935188,0,0,8,true,false,false,false,false,false,false
"control","F1","S0",1,25,442,0.9790916,0.05130276,2.77242,0.869525433,0.108758658,0.181241363,0.108758658,0.003990806,0.120516293,0.12014924,0.9969543,0,0,0,0.063072145,false,0.05723129,0.00523820566,0.104764111,0.006803257,0.000338292564,0.002607973,0,0,8,true,false,false,false,false,false,false
"control","F1","S0",1,25,443,0.979111552,0.05149317,2.76733327,0.93543756,0.108812481,0.18118754,0.108812481,0.00402370933,1.14586186,1.14338028,0.997834265,1,0.0222585462,0.012983798,0.0983832255,false,0.0572920442,0.005242637,0.104852736,0.00681652874,0.0003387166,0.002607208,0,0,8,true,false,false,false,false,false,false
"control","F1","S0",1,25,444,0.9790866,0.0515475534,2.7667675,0.872221649,0.108896323,0.1811037,0.108896323,0.004146728,0.150225013,0.149713457,0.9965948,0,0,0,0.06333523,false,0.0570554137,0.00523988856,0.104797773,0.00680347066,0.000347416819,0.00260581425,0,0,8,true,false,false,false,false,false,false
"control","F1","S0",1,25,445,0.979106367,0.05172951,2.76138687,0.942937851,0.108946979,0.181053042,0.108946979,0.00416639028,1.17386639,1.171304,0.9978171,1,0.023561338,0.01374374,0.0986495,false,0.0571163557,0.005244196,0.104883917,0.00681635831,0.000348983,0.00260578445,0,0,8,true,false,false,false,false,false,false
"control","F1","S0",1,25,446,0.9791009,0.0517562069,2.76138687,0.8749096,0.108941138,0.181058884,0.108941138,0.004024374,0.1775107,0.17688641,0.996483147,0,0,0,0.07463021,false,0.0569197536,0.00524953473,0.104990691,0.0068155285,0.000354433549,0.0026108555,0,0,8,true,false,false,false,false,false,false
"control","F1","S0",1,25,447,0.979148865,0.0516871475,2.75627971,0.9495551,0.108698413,0.181301609,0.108698413,0.00319761015,0.840972245,0.8391509,0.997834265,0,0,0,0.1091454,false,0.05690617,0.005271146,0.105422921,0.006846524,0.000370219845,0.00262287329,0,0,8,true,false,false,false,false,false,false
"control","F1","S0",1,25,448,0.9791527,0.0515734926,2.75627971,0.9577623,0.1085655,0.181434512,0.1085655,0.002721973,0.1736317,0.173249722,0.9978001,0,0,0,0.07426972,false,0.05683141,0.00527070975,0.1054142,0.00682010874,0.000394548581,0.002630674,0,0,8,true,false,false,false,false,false,false
"control","F1","S0",1,25,449,0.9791987,0.0513984263,2.756564,0.9593954,0.108294763,0.181705266,0.108294763,0.00185723917,0.710124,0.7085983,0.9978515,0,0,0,0.108881183,false,0.0569197536,0.00527928444,0.105585687,0.00683627557,0.0004194194,0.00263000722,0,0,8,true,false,false,false,false,false,false
"control","F1","S0",1,25,450,0.979191065,0.051192537,2.759118,0.962653041,0.108173914,0.181826115,0.108173914,0.0014572076,0.341222227,0.340477377,0.9978171,0,0,0,0.07397157,false,0.056933336,0.005267494,0.105349876,0.006801317,0.000442742225,0.002624069,0,0,8,true,false,false,false,false,false,false
"control","F1","S0",1,25,451,0.979221761,0.05094404,2.76167035,0.9585792,0.107933462,0.18206656,0.107933462,0.000719546457,0.5664293,0.5652123,0.9978515,0,0,0,0.10857629,false,0.0570960529,0.005268654,0.105373077,0.00681380229,0.0004591815,0.00261506625,0,0,8,true,false,false,false,false,false,false
"control","F1","S0",1,25,452,0.979199231,0.0506892,2.76591873,0.9569447,0.1078528,0.18214722,0.1078528,0.000467450533,0.46474728,0.463740766,0.997834265,0,0,0,0.07369955,false,0.0571839958,0.00525374338,0.105074868,0.00677899225,0.000469740364,0.0026067812,0,0,8,true,false,false,false,false,false,false
"control","F1","S0",1,25,453,0.979218841,0.050416708,2.76902986,0.950379,0.107656986,0.182343036,0.107656986,0.00013788823,0.47388795,0.472878069,0.9978689,0,0,0,0.108324341,false,0.05737969,0.00525524653,0.105104931,0.006794246,0.000471010426,0.00259988918,0,0,8,true,false,false,false,false,false,false
"control","F1","S0",1,25,454,0.9791902,0.0501602478,2.77383137,0.9462523,0.10762082,0.1823792,0.10762082,0.000219575508,0.534377158,0.533238351,0.9978689,0,0,0,0.073472634,false,0.0574873723,0.00524270954,0.104854189,0.006763506,0.000465807534,0.002596318,0,0,8,true,false,false,false,false,false,false
"control","F1","S0",1,25,455,0.9792083,0.0499044061,2.77777934,0.9379443,0.10746488,0.182535142,0.10746488,0.000669695,0.421532273,0.420648783,0.9979041,0,0,0,0.108106926,false,0.0577088371,0.00524778664,0.104955733,0.00678291265,0.000452603359,0.0025944775,0,0,8,true,false,false,false,false,false,false
"control","F1","S0",1,25,456,0.9791818,0.0496783331,2.782003,0.93376267,0.107461095,0.182538927,0.107461095,0.000656618155,0.5721147,0.5709055,0.9978864,0,0,0,0.07326833,false,0.05780922,0.00523846829,0.104769364,0.00675558159,0.0004348157,0.00259528938,0,0,8,true,false,false,false,false,false,false
"control","F1","S0",1,25,457,0.979203939,0.0494621024,2.78537726,0.9253425,0.107328236,0.182671785,0.107328236,0.00102942961,0.389839232,0.389036149,0.997939944,0,0,0,0.107911438,false,0.05800947,0.00524569629,0.104913928,0.006777246,0.000411780435,0.00259661349,0,0,8,true,false,false,false,false,false,false
"control","F1","S0",1,25,458,0.9791821,0.0492814146,2.78958941,0.9202535,0.107338309,0.182661712,0.107338309,0.0009673466,0.599311352,0.5980659,0.997921944,0,0,0,0.07308857,false,0.0581026822,0.005237814,0.104756281,0.006750936,0.00038763808,0.00259892759,0,0,8,true,false,false,false,false,false,false
"control","F1","S0",1,25,459,0.9792083,0.049113296,2.792394,0.9134241,0.107210912,0.182789117,0.107210912,0.00131580327,0.3626858,0.361945242,0.9979581,0,0,0,0.10774862,false,0.0582753979,0.0052452893,0.104905784,0.006772666,0.000361115963,0.00260020839,0,0,8,true,false,false,false,false,false,false
"control","F1","S0",1,25,460,0.9791893,0.04898147,2.79575586,0.90912956,0.107220039,0.182779983,0.107220039,0.00124868657,0.628779769,0.6274732,0.997921944,0,0,0,0.07294631,false,0.05834169,0.00523669831,0.104733966,0.00674580224,0.00033612136,0.002601015,0,0,8,true,false,false,false,false,false,false
"control","F1","S0",1,25,461,0.9792168,0.0488616042,2.79771519,0.9022159,0.107087106,0.182912916,0.107087106,0.00160496344,0.331516683,0.330839783,0.9979581,0,0,0,0.107627027,false,0.05849388,0.00524358544,0.104871705,0.00676678633,0.0003109555,0.00260033575,0,0,8,true,false,false,false,false,false,false
"control","F1","S0",1,25,462,0.9791977,0.0487766638,2.80051136,0.898739159,0.1070882,0.182911813,0.1070882,0.00155290589,0.6642413,0.662861,0.997921944,0,0,0,0.07284587,false,0.0585137,0.00523428433,0.104685687,0.00673926435,0.000289300922,0.002598752,0,0,8,true,false,false,false,false,false,false
"control","F1","S0",1,25,463,0.9792241,0.0487017035,2.80246735,0.8926222,0.106945872,0.183054149,0.106945872,0.00192728743,0.294692785,0.294091046,0.9979581,0,0,0,0.107551575,false,0.0586390831,0.00524058053,0.104811609,0.00675994856,0.000268244854,0.00259580323,0,0,8,true,false,false,false,false,false,false
"control","F1","S0",1,25,464,0.9792034,0.0486592762,2.80470085,0.890866756,0.106937408,0.183062613,0.106937408,0.00189368159,0.7046418,0.703190267,0.997939944,0,0,0,0.07277376,false,0.0586456731,0.00523116346,0.104623266,0.006732575,0.000250955258,0.002593039,0,0,8,true,false,false,false,false,false,false
"control","F1","S0",1,25,465,0.9792278,0.0486242957,2.805817,0.886463046,0.106786951,0.18321307,0.106786951,0.00228146021,0.25339362,0.252876252,0.9979581,0,0,0,0.107300743,false,0.0587312952,0.00523758261,0.104751654,0.00675357925,0.000234726976,0.00258909236,0,0,8,true,false,false,false,false,false,false
"control","F1","S0",1,25,466,0.979204953,0.0486192778,2.80721164,0.885579646,0.106771722,0.1832283,0.106771722,0.00225722883,0.7428062,0.7412895,0.9979581,0,0,0,0.07253091,false,0.05869838,0.005228645,0.1045729,0.00672697136,0.0002219567,0.00258555263,0,0,8,true,false,false,false,false,false,false
"control","F1","S0",1,25,467,0.979197562,0.0486322939,2.807769,0.8829242,0.10674081,0.183259219,0.10674081,0.0022855252,0.2154019,0.21496208,0.9979581,0,0,0,0.09014437,false,0.05871155,0.00522377,0.1044754,0.00673176534,0.000215979569,0.002572536,0,0,8,true,false,false,false,false,false,false
"control","F1","S0",1,25,468,0.979132235,0.04868271,2.80888414,0.8829242,0.106935069,0.183064952,0.106935069,0.00165566453,0.28491208,0.284325153,0.997939944,0,0,0,0.05571812,false,0.058612708,0.005202964,0.104059279,0.006702069,0.000213080173,0.00255384925,0,0,8,true,false,false,false,false,false,false
"control","F1","S0",1,25,469,0.9791108,0.0487445928,2.80916262,0.8820373,0.107038513,0.182961509,0.107038513,0.00131898525,0.813987434,0.8123106,0.997939944,0,0,0,0.09049049,false,0.058599513,0.00520645129,0.104129024,0.006732597,0.0002009628,0.00254359655,0,0,8,true,false,false,false,false,false,false
"control","F1","S0",1,25,470,0.9790503,0.0488466024,2.80916262,0.885579646,0.107307047,0.182692975,0.107307047,0.0005076656,0.141216829,0.140920848,0.9979041,0,0,0,0.0559960753,false,0.0584740527,0.00520244474,0.104048893,0.00672335131,0.000185158424,0.00254474278,0,0,8,true,false,false,false,false,false,false
"control","F1","S0",1,25,471,0.9790484,0.0489818342,2.80749035,0.887345552,0.107460827,0.1825392,0.107460827,0.000112430454,0.9615985,0.9595831,0.9979041,0.743990064,0.00206667674,0.0012055285,0.090796195,false,0.058440987,0.00521925464,0.104385093,0.00676546572,0.000164410085,0.00255357847,0,0,8,true,false,false,false,false,false,false
"control","F1","S0",1,25,472,0.9790137,0.049138587,2.80609584,0.884695351,0.107740641,0.182259381,0.107740641,0.0007525762,0.0183337238,0.0182940178,0.997834265,0,0,0,0.0562182032,false,0.0582820326,0.0052238293,0.104476586,0.00676239748,0.000145997343,0.00256736227,0,0,8,true,false,false,false,false,false,false
"control","F1","S0",1,25,473,0.979036033,0.049359154,2.80246735,0.8943742,0.107912615,0.1820874,0.107912615,0.00121861126,1.09849584,1.09613574,0.9978515,1,0.007705221,0.00449458975,0.0911532938,false,0.05824886,0.0052408427,0.104816854,0.006800039,0.000125176841,0.002581038,0,0,8,true,false,false,false,false,false,false
"control","F1","S0",1,25,474,0.9790214,0.0495530553,2.800232,0.8749096,0.108159468,0.181840554,0.108159468,0.00188743253,0.140842125,0.1405323,0.9978001,0,0,0,0.057344012,false,0.0580427758,0.00524352863,0.104870573,0.00679469435,0.000111660614,0.0025929457,0,0,8,true,false,false,false,false,false,false
"control","F1","S0",1,25,475,0.97905606,0.04982739,2.79519582,0.903083,0.108304657,0.181695372,0.108304657,0.00224265922,1.17855465,1.17596185,0.9978001,1,0.0128425574,0.007491288,0.09243003,false,0.0580227971,0.00525420532,0.105084106,0.00682223868,9.76776937E-05,0.002601497,0,0,8,true,false,false,false,false,false,false
"control","F1","S0",1,25,476,0.97909224,0.05000921,2.7926743,0.869525433,0.108304635,0.181695387,0.108304635,0.00216812361,0.199754015,0.199304551,0.9977499,0,0,0,0.08406064,false,0.0578693673,0.00526961451,0.105392292,0.0068371715,8.538091E-05,0.00261968817,0,0,8,true,false,false,false,false,false,false
"control","F1","S0",1,25,477,0.9791892,0.05011571,2.78650117,0.9125668,0.107981592,0.182018429,0.107981592,0.00116817711,0.4080644,0.407159835,0.9977833,0,0,0,0.1185337,false,0.0578560047,0.00529926457,0.105985291,0.00687268376,8.50671058E-05,0.00264524762,0,0,8,true,false,false,false,false,false,false
"control","F1","S0",1,25,478,0.979239464,0.0501805171,2.7834096,0.9194026,0.107703045,0.182296976,0.107703045,0.0003442442,0.6340493,0.6326438,0.9977833,0,0,0,0.08358864,false,0.0577490069,0.00529854139,0.10597083,0.00683923857,0.000107499123,0.00265522767,0,0,8,true,false,false,false,false,false,false
"control","F1","S0",1,25,479,0.9792124,0.0502206944,2.78144,0.921103656,0.107692033,0.182307988,0.107692033,0.0002893095,0.140823752,0.14051877,0.997834265,0,0,0,0.0572915077,false,0.0576015674,0.005256685,0.1051337,0.006778568,0.00016412184,0.00261286413,0,0,8,true,false,false,false,false,false,false
"control","F1","S0",1,25,480,0.979198,0.05024156,2.78172159,0.9244963,0.107646734,0.182353288,0.107646734,0.00015693024,0.92551595,0.9235115,0.997834265,0.5034396,0.00500212,0.00291782385,0.0921805,false,0.05762169,0.005234543,0.104690857,0.00677735265,0.0001982569,0.00257172924,0,0,8,true,false,false,false,false,false,false
"control","F1","S0",1,25,481,0.979123056,0.0502288826,2.78453422,0.9134241,0.107778452,0.182221562,0.107778452,0.000517802138,0.09814769,0.09793345,0.9978171,0,0,0,0.0575735122,false,0.0575142652,0.005210069,0.104201376,0.00674736,0.0002219553,0.00254302588,0,0,8,true,false,false,false,false,false,false
"control","F1","S0",1,25,482,0.9790942,0.0502771772,2.78369069,0.9287197,0.107871175,0.182128847,0.107871175,0.0007658903,0.997963369,0.995802045,0.997834265,0.9864225,0.009135468,0.005328878,0.0925734863,false,0.0575747155,0.005210376,0.104207516,0.00677085528,0.000227428274,0.00253022346,0,0,8,true,false,false,false,false,false,false
"control","F1","S0",1,25,483,0.979030132,0.0502988249,2.78453422,0.9022159,0.108096041,0.181903988,0.108096041,0.001389802,0.03823168,0.0381475724,0.9978001,0,0,0,0.05787297,false,0.0574470162,0.00520888,0.1041776,0.00676438073,0.000225559459,0.0025320726,0,0,8,true,false,false,false,false,false,false
"control","F1","S0",1,25,484,0.979026735,0.05040702,2.78228426,0.9304037,0.108259648,0.181740373,0.108259648,0.0018148676,1.13005483,1.12756884,0.9978001,1,0.0118018305,0.00688421354,0.0928612053,false,0.05750754,0.005225248,0.104504965,0.006800191,0.000210566039,0.00254404941,0,0,8,true,false,false,false,false,false,false
"control","F1","S0",1,25,485,0.9790301,0.0504523478,2.78144,0.896122634,0.108355552,0.181644469,0.108355552,0.002032137,0.186857671,0.186440334,0.997766554,0,0,0,0.0786590949,false,0.0574066266,0.00524743274,0.104948655,0.006821088,0.000188081816,0.00257266383,0,0,8,true,false,false,false,false,false,false
"control","F1","S0",1,25,486,0.9791058,0.0504477769,2.77721548,0.9346004,0.108174339,0.181825683,0.108174339,0.00144312065,0.6009916,0.5996594,0.9977833,0,0,0,0.113097109,false,0.0574537367,0.00528541254,0.105708249,0.00686789071,0.000169495,0.0026110413,0,0,8,true,false,false,false,false,false,false
"control","F1","S0",1,25,487,0.9791463,0.0504224561,2.77524185,0.9379443,0.108053714,0.1819463,0.108053714,0.00105129951,0.3904748,0.389609218,0.9977833,0,0,0,0.07812882,false,0.057413362,0.005293862,0.105877236,0.00684726937,0.000166734622,0.00263748923,0,0,8,true,false,false,false,false,false,false
"control","F1","S0",1,25,488,0.9792279,0.0503438525,2.77383137,0.936273932,0.107748464,0.182251558,0.107748464,0.00019885553,0.4515631,0.450585127,0.997834265,0,0,0,0.11271061,false,0.0575142652,0.005303724,0.106074482,0.00686041359,0.000173801338,0.002645837,0,0,8,true,false,false,false,false,false,false
"control","F1","S0",1,25,489,0.9792482,0.05023358,2.77552414,0.9379443,0.1075566,0.182443425,0.1075566,0.000443324621,0.6225421,0.621172547,0.9978001,0,0,0,0.07776351,false,0.0575277023,0.00528668053,0.105733611,0.00681610266,0.000188776641,0.002639537,0,0,8,true,false,false,false,false,false,false
"control","F1","S0",1,25,490,0.9792743,0.05008564,2.77665186,0.9346004,0.107310347,0.182689667,0.107310347,0.00113593531,0.236629412,0.236121,0.9978515,0,0,0,0.10033945,false,0.05764182,0.005270707,0.105414137,0.00680391723,0.000209579928,0.002616784,0,0,8,true,false,false,false,false,false,false
"control","F1","S0",1,25,491,0.9792285,0.04993355,2.78003263,0.93376267,0.107276864,0.182723165,0.107276864,0.00119129953,0.478822321,0.477793574,0.9978515,0,0,0,0.06568686,false,0.0576686263,0.00523713045,0.104742609,0.0067536,0.000230261227,0.00258620316,0,0,8,true,false,false,false,false,false,false
"control","F1","S0",1,25,492,0.979214251,0.0497673228,2.7834096,0.92703265,0.107163534,0.182836488,0.107163534,0.00148891949,0.529637456,0.528518,0.9978864,0,0,0,0.100416884,false,0.05780922,0.005226876,0.104537524,0.006763549,0.000238648019,0.00256244233,0,0,8,true,false,false,false,false,false,false
"control","F1","S0",1,25,493,0.979151249,0.04962762,2.78790522,0.9253425,0.107236974,0.18276304,0.107236974,0.00123061542,0.46544826,0.464448243,0.9978515,0,0,0,0.06574716,false,0.05783596,0.00521126948,0.10422539,0.006736281,0.0002373814,0.00255077751,0,0,8,true,false,false,false,false,false,false
"control","F1","S0",1,25,494,0.9791414,0.049500633,2.790431,0.9194026,0.107209042,0.18279098,0.107209042,0.00128354959,0.5725195,0.5713195,0.9979041,0,0,0,0.10044241,false,0.05795614,0.00521994056,0.104398809,0.006765572,0.000225324286,0.002549901,0,0,8,true,false,false,false,false,false,false
"control","F1","S0",1,25,495,0.979096532,0.0494132936,2.7926743,0.918550849,0.107342273,0.182657748,0.107342273,0.0008610667,0.388001382,0.3871745,0.9978689,0,0,0,0.06572307,false,0.05797614,0.00521886069,0.10437721,0.00675149076,0.000207200326,0.00255831447,0,0,8,true,false,false,false,false,false,false
"control","F1","S0",1,25,496,0.979110539,0.0493399948,2.79351521,0.9134241,0.107346252,0.18265377,0.107346252,0.000836640364,0.6386947,0.6373561,0.9979041,0,0,0,0.100378171,false,0.058076065,0.00523599423,0.104719885,0.006787002,0.000183776821,0.00257103564,0,0,8,true,false,false,false,false,false,false
"control","F1","S0",1,25,497,0.9790888,0.04930009,2.79491568,0.9134241,0.107485645,0.182514369,0.107485645,0.0004114861,0.321893841,0.321202248,0.9978515,0,0,0,0.0656259954,false,0.05806275,0.00523730461,0.104746088,0.006773007,0.000160412383,0.00258532423,0,0,8,true,false,false,false,false,false,false
"control","F1","S0",1,25,498,0.979120433,0.0492649227,2.79491568,0.9099901,0.107476354,0.182523668,0.107476354,0.0004425351,0.688147664,0.686681151,0.9978689,0,0,0,0.100293264,false,0.0581492335,0.005252066,0.105041318,0.006804408,0.000137246287,0.002597778,0,0,8,true,false,false,false,false,false,false
"control","F1","S0",1,25,499,0.9791093,0.04925278,2.795476,0.9099901,0.107591152,0.182408869,0.107591152,0.000109742839,0.289488435,0.288861454,0.997834265,0,0,0,0.06555649,false,0.05812264,0.005248025,0.1049605,0.00678412756,0.000118580181,0.00260734744,0,0,8,true,false,false,false,false,false,false
"control","F1","S0",1,25,500,0.9791443,0.0492364839,2.795476,0.906543136,0.107553594,0.18244642,0.107553594,0.000224272269,0.7098908,0.708377957,0.9978689,0,0,0,0.10026174,false,0.0581891052,0.005256837,0.105136737,0.0068089664,0.000103024409,0.00261243782,0,0,8,true,false,false,false,false,false,false
"control","F1","S0",1,25,501,0.979131043,0.0492365174,2.79631567,0.9082682,0.107642636,0.182357386,0.107642636,7.725971E-05,0.284028232,0.283413082,0.997834265,0,0,0,0.06555864,false,0.0581492335,0.005247439,0.104948774,0.00678329635,9.33350748E-05,0.00261422619,0,0,8,true,false,false,false,false,false,false
"control","F1","S0",1,25,502,0.9791603,0.0492281727,2.79631567,0.9048147,0.107585564,0.182414457,0.107585564,0.000140534627,0.7132411,0.711708665,0.9978515,0,0,0,0.100294635,false,0.05820903,0.00525243953,0.105048791,0.006804706,8.638061E-05,0.00261269021,0,0,8,true,false,false,false,false,false,false
"control","F1","S0",1,25,503,0.9791398,0.0492341742,2.79715538,0.906543136,0.107662775,0.182337254,0.107662775,0.000113718765,0.2868374,0.2862162,0.997834265,0,0,0,0.06561614,false,0.05815588,0.00524113467,0.104822695,0.00677758828,8.387236E-05,0.00260967482,0,0,8,true,false,false,false,false,false,false
"control","F1","S0",1,25,504,0.979162633,0.049230814,2.79687548,0.9039493,0.107600823,0.1823992,0.107600823,0.000103627695,0.713138044,0.7116059,0.9978515,0,0,0,0.100360259,false,0.05820903,0.00524589466,0.104917891,0.006799187,8.252537E-05,0.00260518375,0,0,8,true,false,false,false,false,false,false
"control","F1","S0",1,25,505,0.9791371,0.04924195,2.79799461,0.905679345,0.107678413,0.182321608,0.107678413,0.000145928483,0.284874529,0.284257561,0.997834265,0,0,0,0.06568568,false,0.0581425838,0.00523577956,0.104715593,0.0067734546,8.371298E-05,0.00260162819,0,0,8,true,false,false,false,false,false,false
"control","F1","S0",1,25,506,0.979156733,0.0492440648,2.79743528,0.9039493,0.107619964,0.18238005,0.107619964,6.729334E-05,0.717613637,0.7160843,0.9978689,0,0,0,0.100424491,false,0.0581891052,0.005242443,0.104848862,0.00679701474,8.416512E-05,0.002598415,0,0,8,true,false,false,false,false,false,false
"control","F1","S0",1,25,507,0.9791302,0.04926046,2.79799461,0.905679345,0.107702024,0.182298,0.107702024,0.000201490257,0.276002765,0.275400281,0.9978171,0,0,0,0.0657414645,false,0.05812929,0.00523447059,0.104689412,0.006773242,8.644693E-05,0.002597022,0,0,8,true,false,false,false,false,false,false
"control","F1","S0",1,25,508,0.9791505,0.0492671952,2.79743528,0.9048147,0.1076474,0.182352632,0.1076474,6.124995E-05,0.726673,0.7251118,0.9978515,0,0,0,0.100469589,false,0.05816253,0.00524304,0.104860805,0.00679839961,8.735455E-05,0.00259603234,0,0,8,true,false,false,false,false,false,false
"control","F1","S0",1,25,509,0.9791254,0.0492873043,2.79743528,0.906543136,0.10773173,0.182268292,0.10773173,0.00027172995,0.2646645,0.264086753,0.9978171,0,0,0,0.06577677,false,0.05809603,0.00523637841,0.104727566,0.006775691,8.937298E-05,0.002596723,0,0,8,true,false,false,false,false,false,false
"control","F1","S0",1,25,510,0.9791476,0.0492961332,2.79659557,0.905679345,0.107677504,0.182322517,0.107677504,0.000111789624,0.736514449,0.734932065,0.9978515,0,0,0,0.100497186,false,0.0581359379,0.005245425,0.104908496,0.00680121174,9.03031541E-05,0.00259753154,0,0,8,true,false,false,false,false,false,false
"control","F1","S0",1,25,511,0.9791243,0.04931681,2.79659557,0.9074061,0.107760578,0.182239443,0.107760578,0.000335381977,0.2552905,0.254737616,0.997834265,0,0,0,0.06579933,false,0.05806275,0.00523876352,0.104775272,0.00677841855,9.242265E-05,0.00259929919,0,0,8,true,false,false,false,false,false,false
"control","F1","S0",1,25,512,0.979147851,0.0493246876,2.79603577,0.9074061,0.107704073,0.182295948,0.107704073,0.000161951364,0.7441226,0.742523849,0.9978515,0,0,0,0.100517713,false,0.0581093356,0.005247573,0.104951456,0.00680357637,9.371371E-05,0.00260061584,0,0,8,true,false,false,false,false,false,false
"control","F1","S0",1,25,513,0.9791253,0.049343,2.79631567,0.90912956,0.107784435,0.182215586,0.107784435,0.000381190446,0.249205083,0.248665363,0.997834265,0,0,0,0.06581768,false,0.058036115,0.005240436,0.104808725,0.00678020762,9.65283E-05,0.00260211271,0,0,8,true,false,false,false,false,false,false
"control","F1","S0",1,25,514,0.979149163,0.04934745,2.79519582,0.9082682,0.107725382,0.18227464,0.107725382,0.00019675064,0.7491307,0.7475212,0.9978515,0,0,0,0.100536741,false,0.05808937,0.005248769,0.10497538,0.00680479035,9.82859347E-05,0.00260308874,0,0,8,true,false,false,false,false,false,false
"control","F1","S0",1,25,515,0.9791264,0.0493617766,2.79575586,0.9099901,0.107803777,0.182196245,0.107803777,0.000411631539,0.2454035,0.244872019,0.997834265,0,0,0,0.06583702,false,0.0580227971,0.0052412753,0.104825504,0.006780933,0.000101642589,0.00260438444,0,0,8,true,false,false,false,false,false,false
"control","F1","S0",1,25,516,0.979149759,0.04936189,2.79491568,0.9099901,0.107743546,0.182256475,0.107743546,0.000221486218,0.752747238,0.7511299,0.9978515,0,0,0,0.100556612,false,0.05806275,0.00524901273,0.104980253,0.006805175,0.00010398787,0.00260484358,0,0,8,true,false,false,false,false,false,false
"control","F1","S0",1,25,517,0.9791266,0.0493716858,2.79491568,0.9125668,0.107821569,0.182178453,0.107821569,0.0004361829,0.24199523,0.241466984,0.9978171,0,0,0,0.0658558458,false,0.05800947,0.00524128,0.1048256,0.006781123,0.0001078259,0.002605823,0,0,8,true,false,false,false,false,false,false
"control","F1","S0",1,25,518,0.9791495,0.0493675433,2.79463577,0.9099901,0.107761733,0.182238281,0.107761733,0.000245411036,0.756460249,0.754835,0.9978515,0,0,0,0.100575909,false,0.0580560938,0.00524901645,0.104980327,0.006805345,0.000110405308,0.00260618213,0,0,8,true,false,false,false,false,false,false
"control","F1","S0",1,25,519,0.979126,0.0493734069,2.79463577,0.9117087,0.107840672,0.182159349,0.107840672,0.000463167875,0.237891883,0.237376675,0.997834265,0,0,0,0.06587471,false,0.05799614,0.005241165,0.1048233,0.006781294,0.000114173941,0.00260710856,0,0,8,true,false,false,false,false,false,false
"control","F1","S0",1,25,520,0.9791486,0.0493658446,2.79435539,0.9108498,0.10778214,0.182217881,0.10778214,0.0002746033,0.7609907,0.759355664,0.9978515,0,0,0,0.100595072,false,0.0580427758,0.0052489005,0.10497801,0.006805601,0.000116603871,0.00260723918,0,0,8,true,false,false,false,false,false,false
"control","F1","S0",1,25,521,0.979125,0.04936862,2.79491568,0.9134241,0.10786254,0.182137489,0.10786254,0.000496575,0.232611254,0.232103482,0.9978171,0,0,0,0.0658925846,false,0.05799614,0.00524128648,0.104825728,0.00678171962,0.000120196448,0.00260822033,0,0,8,true,false,false,false,false,false,false
"control","F1","S0",1,25,522,0.979147851,0.04935831,2.79435539,0.9108498,0.107805483,0.182194531,0.107805483,0.000310616742,0.7665522,0.764918566,0.9978689,0,0,0,0.100612104,false,0.058036115,0.005249141,0.104982816,0.0068060495,0.000122467973,0.00260860357,0,0,8,true,false,false,false,false,false,false
"control","F1","S0",1,25,523,0.9791244,0.0493586846,2.79491568,0.9125668,0.107887179,0.182112843,0.107887179,0.0005359271,0.226555854,0.226061314,0.9978171,0,0,0,0.0659092441,false,0.05798281,0.00524152676,0.104830533,0.00678221136,0.000125895371,0.00260961987,0,0,8,true,false,false,false,false,false,false
"control","F1","S0",1,25,524,0.9791475,0.0493461229,2.79435539,0.9108498,0.10783118,0.182168841,0.10783118,0.0003514333,0.7727256,0.7710654,0.9978515,0,0,0,0.100627847,false,0.058036115,0.005249381,0.104987621,0.00680651655,0.000127887382,0.00261000427,0,0,8,true,false,false,false,false,false,false
"control","F1","S0",1,25,525,0.9791243,0.0493445247,2.79435539,0.9125668,0.10791377,0.182086259,0.10791377,0.0005786218,0.220226839,0.219749868,0.997834265,0,0,0,0.0659255162,false,0.0579894744,0.005241528,0.104830563,0.00678257225,0.000131382432,0.002610795,0,0,8,true,false,false,false,false,false,false
"control","F1","S0",1,25,526,0.979147434,0.0493303165,2.79435539,0.9108498,0.107858613,0.182141408,0.107858613,0.000394904549,0.7791782,0.777504146,0.9978515,0,0,0,0.100646786,false,0.0580427758,0.005249382,0.104987636,0.006806773,0.000133455542,0.00261107832,0,0,8,true,false,false,false,false,false,false
"control","F1","S0",1,25,527,0.9791242,0.049327258,2.79463577,0.9134241,0.10794197,0.182058051,0.10794197,0.000623447355,0.213594645,0.213132069,0.997834265,0,0,0,0.06594434,false,0.0579894744,0.00524152862,0.104830571,0.00678278459,0.0001366436,0.002611655,0,0,8,true,false,false,false,false,false,false
"control","F1","S0",1,25,528,0.9791473,0.04931175,2.79435539,0.9108498,0.107887566,0.182112455,0.107887566,0.0004403232,0.785960436,0.7842855,0.9978689,0,0,0,0.10066697,false,0.0580494367,0.00524914451,0.10498289,0.0068069,0.000138861637,0.00261171046,0,0,8,true,false,false,false,false,false,false
"control","F1","S0",1,25,529,0.979124069,0.04930772,2.79491568,0.9125668,0.107971691,0.182028323,0.107971691,0.0006700348,0.206660137,0.20621255,0.997834265,0,0,0,0.06596651,false,0.0580028072,0.005241291,0.104825824,0.00678282743,0.000142317076,0.00261199172,0,0,8,true,false,false,false,false,false,false
"control","F1","S0",1,25,530,0.9791471,0.0492914245,2.79407549,0.9108498,0.107918076,0.182081938,0.107918076,0.000487636717,0.7930904,0.791400254,0.9978689,0,0,0,0.100690342,false,0.0580560938,0.005249145,0.1049829,0.006806944,0.000144577993,0.00261210976,0,0,8,true,false,false,false,false,false,false
"control","F1","S0",1,25,531,0.9791239,0.0492866747,2.79491568,0.9125668,0.10800299,0.181997031,0.10800299,0.000718503434,0.199271858,0.19884029,0.997834265,0,0,0,0.0659904554,false,0.05799614,0.005241053,0.104821064,0.00678282743,0.0001480113,0.00261237426,0,0,8,true,false,false,false,false,false,false
"control","F1","S0",1,25,532,0.979146838,0.04926993,2.79463577,0.9117087,0.107950211,0.182049811,0.107950211,0.000536934,0.80063653,0.79891634,0.9978515,0,0,0,0.100716524,false,0.05806275,0.00524890656,0.104978129,0.0068069417,0.000150462191,0.00261198357,0,0,8,true,false,false,false,false,false,false
"control","F1","S0",1,25,533,0.979123533,0.04926487,2.79463577,0.9125668,0.108035944,0.18196407,0.108035944,0.000768855039,0.191504151,0.191086113,0.9978171,0,0,0,0.06601743,false,0.05800947,0.005241053,0.104821064,0.00678287027,0.000154074936,0.00261219661,0,0,8,true,false,false,false,false,false,false
"control","F1","S0",1,25,534,0.9791466,0.04924776,2.79435539,0.9099901,0.107983887,0.182016134,0.107983887,0.000587807735,0.8085905,0.806853235,0.9978515,0,0,0,0.100744061,false,0.0580560938,0.00524878735,0.104975745,0.006806964,0.000156571608,0.00261173188,0,0,8,true,false,false,false,false,false,false
"control","F1","S0",1,25,535,0.979123354,0.04924235,2.79491568,0.9117087,0.108070225,0.1819298,0.108070225,0.0008201287,0.18337065,0.182970375,0.9978171,0,0,0,0.06604545,false,0.05801613,0.005240934,0.104818679,0.00678280555,0.00016031519,0.002611869,0,0,8,true,false,false,false,false,false,false
"control","F1","S0",1,25,536,0.9791462,0.0492253,2.79463577,0.9099901,0.108018845,0.181981176,0.108018845,0.0006394607,0.8166795,0.8149248,0.9978515,0,0,0,0.100775905,false,0.05806275,0.00524878735,0.104975745,0.00680698641,0.000162954238,0.00261156447,0,0,8,true,false,false,false,false,false,false
"control","F1","S0",1,25,537,0.979123056,0.04921975,2.79519582,0.9117087,0.108105808,0.181894213,0.108105808,0.0008722077,0.1749003,0.1745185,0.9978171,0,0,0,0.06607603,false,0.05800947,0.00524081476,0.104816295,0.00678285025,0.000166795347,0.002611645,0,0,8,true,false,false,false,false,false,false
"control","F1","S0",1,25,538,0.979146,0.0492023826,2.79491568,0.9099901,0.108054951,0.181945071,0.108054951,0.000691468944,0.825141966,0.823369145,0.9978515,0,0,0,0.100807294,false,0.05806275,0.0052486686,0.104973368,0.00680698641,0.000169527091,0.00261123478,0,0,8,true,false,false,false,false,false,false
"control","F1","S0",1,25,539,0.979122639,0.0491968,2.79491568,0.9117087,0.108142436,0.181857586,0.108142436,0.000924274,0.166409343,0.166048944,0.997834265,0,0,0,0.0661101043,false,0.0580227971,0.005240934,0.104818679,0.00678285025,0.000173536726,0.00261119986,0,0,8,true,false,false,false,false,false,false
"control","F1","S0",1,25,540,0.9791456,0.04917931,2.79463577,0.90912956,0.108092144,0.181907877,0.108092144,0.0007436199,0.833734,0.831942737,0.9978515,0,0,0,0.1008428,false,0.058076065,0.0052486686,0.104973368,0.00680698454,0.000176296177,0.00261077145,0,0,8,true,false,false,false,false,false,false
"control","F1","S0",1,25,541,0.9791222,0.0491735563,2.795476,0.9108498,0.10818018,0.181819841,0.10818018,0.0009765339,0.157546759,0.15720284,0.9978171,0,0,0,0.06614532,false,0.0580227971,0.005240934,0.104818679,0.006782892,0.000180348943,0.00261071767,0,0,8,true,false,false,false,false,false,false
"control","F1","S0",1,25,542,0.9791452,0.0491558835,2.79463577,0.9108498,0.10813044,0.181869581,0.10813044,0.000795927,0.8425682,0.8407726,0.9978689,0,0,0,0.100879557,false,0.058076065,0.005248788,0.104975753,0.00680707,0.000183252283,0.00261011743,0,0,8,true,false,false,false,false,false,false
"control","F1","S0",1,25,543,0.979122,0.0491497,2.79519582,0.9108498,0.108218923,0.1817811,0.108218923,0.00102868606,0.1485099,0.148185715,0.9978171,0,0,0,0.06618248,false,0.0580227971,0.005240815,0.1048163,0.006782935,0.000187513637,0.00261022244,0,0,8,true,false,false,false,false,false,false
"control","F1","S0",1,25,544,0.9791449,0.0491329134,2.79491568,0.9099901,0.108170494,0.181829527,0.108170494,0.0008503198,0.851516545,0.8497019,0.9978689,0.0101101417,0.000137057548,7.994806E-05,0.100921758,false,0.058076065,0.005248549,0.104970977,0.006806921,0.00019043342,0.00260960241,0,0,8,true,false,false,false,false,false,false
"control","F1","S0",1,25,545,0.979121447,0.0491271242,2.795476,0.9117087,0.108259663,0.181740358,0.108259663,0.00108348683,0.139427945,0.139125973,0.997834265,0,0,0,0.06622409,false,0.05802946,0.00524069555,0.104813911,0.00678287027,0.000194449472,0.00260949158,0,0,8,true,false,false,false,false,false,false
"control","F1","S0",1,25,546,0.979144335,0.0491181426,2.79463577,0.9099901,0.108217008,0.18178302,0.108217008,0.0009203153,0.860917,0.8590823,0.9978689,0.07277967,0.00101252261,0.000590622134,0.100988843,false,0.05808272,0.005248185,0.1049637,0.00680636754,0.000196832945,0.00260887644,0,0,8,true,false,false,false,false,false,false
"control","F1","S0",1,25,547,0.97912097,0.0491157845,2.795476,0.9074061,0.108307481,0.181692541,0.108307481,0.00115508842,0.129683986,0.129403129,0.997834265,0,0,0,0.0662776,false,0.05802946,0.005240453,0.104809061,0.006782678,0.000200350041,0.00260859076,0,0,8,true,false,false,false,false,false,false
"control","F1","S0",1,25,548,0.979143739,0.0491181351,2.79491568,0.90912956,0.108270466,0.181729555,0.108270466,0.0010062072,0.871648848,0.8697761,0.9978515,0.144325525,0.002069195,0.00120699767,0.101071648,false,0.05808937,0.00524757849,0.104951568,0.00680562342,0.00020193262,0.00260817655,0,0,8,true,false,false,false,false,false,false
"control","F1","S0",1,25,549,0.9791204,0.04912129,2.79491568,0.9039493,0.108360842,0.18163918,0.108360842,0.00123807229,0.118420355,0.118163884,0.997834265,0,0,0,0.06634602,false,0.0580227971,0.00523996959,0.10479939,0.00678238133,0.000205407545,0.00260780938,0,0,8,true,false,false,false,false,false,false
"control","F1","S0",1,25,550,0.9791429,0.04913803,2.79435539,0.9099901,0.108329043,0.181670979,0.108329043,0.00110194285,0.8836758,0.8817773,0.9978515,0.2245053,0.00333044,0.00194270385,0.101174481,false,0.05808272,0.00524709,0.1049418,0.00680462131,0.000206270837,0.00260715,0,0,8,true,false,false,false,false,false,false
"control","F1","S0",1,25,551,0.9791194,0.0491479859,2.79435539,0.901347935,0.108418018,0.181582,0.108418018,0.00132681627,0.106204368,0.105972528,0.9978171,0,0,0,0.0664297342,false,0.0580028072,0.00523972465,0.104794495,0.00678199762,0.000209709644,0.00260670087,0,0,8,true,false,false,false,false,false,false
"control","F1","S0",1,25,552,0.979142,0.0491806343,2.79323483,0.90912956,0.108390734,0.181609288,0.108390734,0.00120133045,0.896329463,0.8944037,0.9978515,0.308862984,0.004751109,0.0027714048,0.101293832,false,0.0580694079,0.005246244,0.10492488,0.00680347066,0.0002103718,0.00260619773,0,0,8,true,false,false,false,false,false,false
"control","F1","S0",1,25,553,0.9791184,0.049197875,2.79351521,0.8969956,0.108477026,0.181523,0.108477026,0.00141541613,0.093763724,0.09355905,0.9978171,0,0,0,0.06652821,false,0.0579894744,0.00523924176,0.104784831,0.006781507,0.000214112923,0.00260570762,0,0,8,true,false,false,false,false,false,false
"control","F1","S0",1,25,554,0.9791407,0.0492472276,2.79211378,0.9099901,0.108453564,0.18154645,0.108453564,0.001298542,0.9090145,0.9070773,0.9978689,0.393430054,0.006278071,0.00366210821,0.101430669,false,0.0580427758,0.00524563575,0.104912713,0.006802256,0.000214800733,0.00260512228,0,0,8,true,false,false,false,false,false,false
"control","F1","S0",1,25,555,0.9791171,0.04927095,2.79211378,0.8926222,0.1085359,0.181464121,0.1085359,0.00149825506,0.081463106,0.0812880844,0.9978515,0,0,0,0.06663707,false,0.0579428,0.00523875933,0.104775183,0.00678101648,0.00021886974,0.002604654,0,0,8,true,false,false,false,false,false,false
"control","F1","S0",1,25,556,0.979139149,0.04933631,2.79015064,0.9117087,0.10851527,0.181484759,0.10851527,0.00138732221,0.9211069,0.9191279,0.9978515,0.474045753,0.00783865,0.00457242131,0.10157907,false,0.05800947,0.005245029,0.104900576,0.006800999,0.000219861817,0.00260392157,0,0,8,true,false,false,false,false,false,false
"control","F1","S0",1,25,557,0.9791154,0.049365405,2.79071164,0.8891079,0.108592838,0.181407183,0.108592838,0.00157055759,0.06978524,0.0696352944,0.9978515,0,0,0,0.06675663,false,0.0578894019,0.005238636,0.104772717,0.0067805904,0.000224692834,0.00260339864,0,0,8,true,false,false,false,false,false,false
"control","F1","S0",1,25,558,0.9791373,0.0494449325,2.78790522,0.9134241,0.108574241,0.18142578,0.108574241,0.00146357017,0.932407,0.9304199,0.9978689,0.549380064,0.009390109,0.00547741447,0.10173399,false,0.05794947,0.00524478173,0.104895636,0.00679989159,0.000225870477,0.00260276836,0,0,8,true,false,false,false,false,false,false
"control","F1","S0",1,25,559,0.97911346,0.0494776,2.788186,0.887345552,0.108646438,0.181353584,0.108646438,0.00162894279,0.05915436,0.05902625,0.997834265,0,0,0,0.06688298,false,0.05782928,0.005238753,0.104775056,0.00678031426,0.000231480008,0.00260220165,0,0,8,true,false,false,false,false,false,false
"control","F1","S0",1,25,560,0.9791352,0.0495685637,2.78537726,0.9142805,0.108628929,0.1813711,0.108628929,0.00152363477,0.942519248,0.9405272,0.9978864,0.616794944,0.0108613214,0.00633559842,0.101891,false,0.0578894019,0.00524465553,0.104893111,0.00679897564,0.000233172,0.00260184845,0,0,8,true,false,false,false,false,false,false
"control","F1","S0",1,25,561,0.9791113,0.0496023856,2.78565836,0.8829242,0.108695336,0.1813047,0.108695336,0.00167041074,0.0498179644,0.04971093,0.9978515,0,0,0,0.06701019,false,0.0577490069,0.00523910951,0.104782186,0.00678014429,0.000239452071,0.00260131666,0,0,8,true,false,false,false,false,false,false
"control","F1","S0",1,25,562,0.9791329,0.0497012734,2.782847,0.917698443,0.108677983,0.181322038,0.108677983,0.00156453252,0.9511413,0.9491144,0.9978689,0.6742753,0.0121845491,0.00710746041,0.102045327,false,0.0578225926,0.00524477,0.1048954,0.00679822965,0.000241519389,0.00260108151,0,0,8,true,false,false,false,false,false,false
"control","F1","S0",1,25,563,0.979109,0.0497334227,2.782847,0.8829242,0.108738482,0.181261539,0.108738482,0.00169302057,0.04197927,0.04188907,0.9978515,0,0,0,0.06713544,false,0.0576753356,0.00523934932,0.104786985,0.00678010145,0.000248481054,0.00260060746,0,0,8,true,false,false,false,false,false,false
"control","F1","S0",1,25,564,0.9791305,0.0498360246,2.78031421,0.9219529,0.108720385,0.181279629,0.108720385,0.00158452883,0.958079457,0.9560377,0.9978689,0.7205297,0.0133024165,0.00775953149,0.102190673,false,0.0577356219,0.005245126,0.104902513,0.00679771835,0.0002510546,0.00260052877,0,0,8,true,false,false,false,false,false,false
"control","F1","S0",1,25,565,0.9791067,0.04986348,2.78059554,0.8811495,0.108775243,0.181224778,0.108775243,0.00169601489,0.0357593633,0.03568192,0.997834265,0,0,0,0.06725378,false,0.05758814,0.00523982942,0.104796588,0.006780186,0.000258404732,0.0026003886,0,0,8,true,false,false,false,false,false,false
"control","F1","S0",1,25,566,0.9791281,0.04996533,2.776934,0.923649251,0.108755618,0.1812444,0.108755618,0.00158322148,0.9632546,0.9612018,0.9978689,0.755030453,0.0141749578,0.008268501,0.102323085,false,0.05765523,0.00524548441,0.104909688,0.006797442,0.000261089473,0.00260049617,0,0,8,true,false,false,false,false,false,false
"control","F1","S0",1,25,567,0.9791042,0.0499856956,2.77749729,0.884695351,0.108805567,0.181194454,0.108805567,0.00168050546,0.0312890969,0.0312218722,0.9978515,0,0,0,0.06736482,false,0.05750754,0.00524066947,0.104813389,0.00678037945,0.000269028184,0.002600448,0,0,8,true,false,false,false,false,false,false
"control","F1","S0",1,25,568,0.9791257,0.0500829741,2.77439547,0.9278766,0.108784385,0.181215644,0.108784385,0.0015638601,0.967018545,0.9649578,0.9978689,0.7801236,0.0148242889,0.008647267,0.102440231,false,0.05758143,0.00524620339,0.104924068,0.006797442,0.000271726341,0.002600899,0,0,8,true,false,false,false,false,false,false
"control","F1","S0",1,25,569,0.979101837,0.0500937328,2.7749598,0.884695351,0.10883034,0.181169689,0.10883034,0.00165009184,0.0280701555,0.0280097034,0.997846365,0,0,0,0.0674620941,false,0.0574268252,0.005241511,0.10483022,0.006780739,0.0002797215,0.002600669,0,0,8,true,false,false,false,false,false,false
"control","F1","S0",1,25,570,0.9791235,0.05018294,2.77157283,0.931244552,0.108807459,0.181192562,0.108807459,0.00152956683,0.9693849,0.967319,0.9978689,0.795899332,0.0152475219,0.00889414549,0.102539711,false,0.0575008169,0.00524692424,0.104938485,0.006797613,0.0002822448,0.00260103424,0,0,8,true,false,false,false,false,false,false
"control","F1","S0",1,25,571,0.979099751,0.0501824021,2.77242,0.886463046,0.108850405,0.181149617,0.108850405,0.00160802563,0.02606246,0.026006015,0.997834265,0,0,0,0.0675460547,false,0.0573594719,0.005242115,0.1048423,0.006781103,0.000289915741,0.00260104518,0,0,8,true,false,false,false,false,false,false
"control","F1","S0",1,25,572,0.9791214,0.05026127,2.76959515,0.932924032,0.10882622,0.1811738,0.10882622,0.00148514,0.9707428,0.968674064,0.9978689,0.8049521,0.0154951345,0.009038582,0.102622658,false,0.0574402846,0.005247527,0.104950532,0.00679786876,0.000292264536,0.00260138744,0,0,8,true,false,false,false,false,false,false
"control","F1","S0",1,25,573,0.9790978,0.05024862,2.77016044,0.889987767,0.1088674,0.181132615,0.1088674,0.00155971851,0.0247994382,0.02474175,0.9976738,0,0,0,0.06761717,false,0.0572987869,0.00524271838,0.104854368,0.006781487,0.000299348758,0.0026014566,0,0,8,true,false,false,false,false,false,false
"control","F1","S0",1,25,574,0.9791195,0.05031638,2.76761627,0.936273932,0.10884279,0.181157231,0.10884279,0.00143715227,0.9716494,0.96959585,0.9978864,0.810996,0.0156492665,0.00912849,0.102692343,false,0.05739316,0.00524812937,0.104962587,0.006798167,0.000300978747,0.00260201632,0,0,8,true,false,false,false,false,false,false
"control","F1","S0",1,25,575,0.979096,0.05029188,2.768747,0.890866756,0.108883426,0.1811166,0.108883426,0.00151146273,0.0237354618,0.02368025,0.9976738,0,0,0,0.06767735,false,0.05725155,0.00524320267,0.104864053,0.00678182766,0.00030724355,0.00260220212,0,0,8,true,false,false,false,false,false,false
"control","F1","S0",1,25,576,0.97911793,0.05034911,2.76591873,0.93877846,0.108859546,0.181140482,0.108859546,0.00139250641,0.9726378,0.9705649,0.9978689,0.8175851,0.0157977045,0.009215076,0.102750875,false,0.0573527329,0.005248254,0.104965083,0.00679842243,0.0003078404,0.00260271924,0,0,8,true,false,false,false,false,false,false
"control","F1","S0",1,25,577,0.9790946,0.0503139943,2.76733327,0.8917449,0.108900607,0.181099415,0.108900607,0.00146924693,0.0224404242,0.0223882236,0.9976738,0,0,0,0.06772943,false,0.05723129,0.005243328,0.104866557,0.006782082,0.000312952849,0.00260266056,0,0,8,true,false,false,false,false,false,false
"control","F1","S0",1,25,578,0.9791167,0.05036297,2.76506948,0.939611733,0.108878642,0.181121379,0.108878642,0.00135716936,0.974191964,0.9721158,0.9978689,0.8279464,0.0160252061,0.00934778247,0.102804907,false,0.0573325157,0.005248258,0.104965158,0.00679848669,0.000312539574,0.00260306662,0,0,8,true,false,false,false,false,false,false
"control","F1","S0",1,25,579,0.979093432,0.050319206,2.7664845,0.8917449,0.108920738,0.181079283,0.108920738,0.00143781269,0.02054937,0.0205015671,0.9976738,0,0,0,0.06777714,false,0.0572110265,0.00524333166,0.104866631,0.00678214571,0.00031669013,0.00260288059,0,0,8,true,false,false,false,false,false,false
"control","F1","S0",1,25,580,0.979115546,0.0503634438,2.76450324,0.941276252,0.108901992,0.181098029,0.108901992,0.00133602845,0.976711869,0.9746475,0.9978864,0.844745755,0.016404679,0.00956913549,0.102861106,false,0.0573257729,0.005248139,0.104962781,0.00679823058,0.0003148094,0.00260317675,0,0,8,true,false,false,false,false,false,false
"control","F1","S0",1,25,581,0.9790924,0.0503138378,2.76591873,0.8917449,0.108945474,0.181054547,0.108945474,0.00142112712,0.01740866,0.0173681639,0.9976738,0,0,0,0.06782617,false,0.0571975075,0.00524309464,0.104861893,0.006782039,0.000317771,0.00260291551,0,0,8,true,false,false,false,false,false,false
"control","F1","S0",1,25,582,0.979114532,0.05035788,2.76393676,0.942107439,0.108931109,0.181068912,0.108931109,0.00133264577,0.9805644,0.978474736,0.9978689,0.8704294,0.0170048252,0.009919211,0.102925725,false,0.0573190264,0.00524765952,0.104953192,0.0067977407,0.000314572855,0.00260297069,0,0,8,true,false,false,false,false,false,false
"control","F1","S0",1,25,583,0.979091465,0.05030566,2.76563573,0.890866756,0.1089759,0.181024119,0.1089759,0.00142145541,0.0128732482,0.0128412349,0.9975132,0,0,0,0.06788025,false,0.0571975075,0.00524273561,0.10485471,0.006781785,0.000316405029,0.00260256184,0,0,8,true,false,false,false,false,false,false
"control","F1","S0",1,25,584,0.979113638,0.05035432,2.763087,0.941276252,0.108966827,0.1810332,0.108966827,0.00134833925,0.9859698,0.9838859,0.9978864,0.9064652,0.0178763121,0.0104275653,0.103002794,false,0.0573257729,0.00524693867,0.104938775,0.00679695,0.0003118901,0.00260274461,0,0,8,true,false,false,false,false,false,false
"control","F1","S0",1,25,585,0.9790907,0.05030263,2.76506948,0.887345552,0.109012328,0.180987686,0.109012328,0.0014385276,0.00700605568,0.00698757637,0.9973624,0,0,0,0.0679439,false,0.0571907535,0.005242136,0.104842715,0.006781294,0.000312824122,0.00260217139,0,0,8,true,false,false,false,false,false,false
"control","F1","S0",1,25,586,0.9791128,0.0503608473,2.76280379,0.942107439,0.109009057,0.180990964,0.109009057,0.001381827,0.9928008,0.990685,0.9978689,0.952005148,0.0190226082,0.0110962195,0.103097312,false,0.0573190264,0.005246214,0.104924284,0.00679580029,0.0003071293,0.00260195043,0,0,8,true,false,false,false,false,false,false
"control","F1","S0",1,25,587,0.979089737,0.0503127649,2.76478624,0.884695351,0.109054394,0.180945635,0.109054394,0.00147035636,0.0002627932,0.00026206256,0.9972197,0,0,0,0.06802161,false,0.0571907535,0.005241414,0.104828283,0.0067806975,0.00030739166,0.002601141,0,0,8,true,false,false,false,false,false,false
"control","F1","S0",1,25,588,0.979111731,0.0503837243,2.76195383,0.941276252,0.109056324,0.1809437,0.109056324,0.00142788421,1.00094736,0.998791635,0.997846365,1,0.0203155838,0.0118504344,0.103207678,false,0.0573190264,0.00524524925,0.104904987,0.00679450156,0.000300980115,0.00260104984,0,0,8,true,false,false,false,false,false,false
"control","F1","S0",1,25,589,0.979088664,0.05034091,2.76393676,0.879371166,0.109100074,0.180899948,0.109100074,0.00151031767,0.008572515,0.00854640547,0.9969543,0,0,0,0.06811155,false,0.05717723,0.00524069229,0.104813844,0.006779952,0.000301063032,0.00260000676,0,0,8,true,false,false,false,false,false,false
"control","F1","S0",1,25,590,0.979110539,0.05041753,2.76082,0.941276252,0.109100118,0.1808999,0.109100118,0.00146130554,1.00974226,1.00759041,0.9978689,1,0.0207040776,0.0120770494,0.1033055,false,0.0573055372,0.005244649,0.104892977,0.00679369224,0.0002948999,0.00259970431,0,0,8,true,false,false,false,false,false,false
"control","F1","S0",1,25,591,0.9790874,0.0503765,2.76252031,0.880260766,0.10913986,0.180860162,0.10913986,0.00153110386,0.0172661245,0.0172135383,0.9969543,0,0,0,0.0682011545,false,0.05715695,0.00524045341,0.104809068,0.00677946256,0.000295506616,0.0025989532,0,0,8,true,false,false,false,false,false,false
"control","F1","S0",1,25,592,0.9791092,0.0504557267,2.75968552,0.942937851,0.109137669,0.180862352,0.109137669,0.00147519237,1.01724553,1.01487923,0.9976738,1,0.02104814,0.0122777466,0.1034014,false,0.0572785474,0.00524441,0.1048882,0.006793116,0.000289964781,0.00259877485,0,0,8,true,false,false,false,false,false,false
"control","F1","S0",1,25,593,0.9790862,0.0504139476,2.76167035,0.8784806,0.109173976,0.180826038,0.109173976,0.00153460982,0.02391279,0.0238341223,0.9967103,0,0,0,0.06828737,false,0.0571231246,0.00524045527,0.104809105,0.00677909935,0.000291459932,0.00259769778,0,0,8,true,false,false,false,false,false,false
"control","F1","S0",1,25,594,0.979107857,0.0504930876,2.758551,0.9437676,0.109170035,0.180829987,0.109170035,0.00147370319,1.022881,1.02067816,0.997846365,1,0.0213177912,0.01243504,0.103491008,false,0.0572448,0.00524441153,0.104888231,0.00679273251,0.000286606257,0.002597734,0,0,8,true,false,false,false,false,false,false
"control","F1","S0",1,25,595,0.9790847,0.0504487753,2.76025271,0.880260766,0.109203808,0.1807962,0.109203808,0.00152579555,0.0291285682,0.0290327445,0.9967103,0,0,0,0.06836891,false,0.05708251,0.00524057774,0.104811557,0.006778909,0.000288504816,0.00259664422,0,0,8,true,false,false,false,false,false,false
"control","F1","S0",1,25,596,0.9791063,0.0505257063,2.75713158,0.945424736,0.109198645,0.180801377,0.109198645,0.00146180682,1.02749169,1.02510154,0.9976738,1,0.0215269551,0.0125570484,0.103572771,false,0.05720427,0.00524465227,0.104893044,0.00679251971,0.0002839873,0.00259676622,0,0,8,true,false,false,false,false,false,false
"control","F1","S0",1,25,597,0.9790833,0.050477203,2.759402,0.8811495,0.109230526,0.1807695,0.109230526,0.001508716,0.03350864,0.0333945341,0.9965948,0,0,0,0.06844245,false,0.0570554137,0.00524082,0.1048164,0.006778909,0.000286181457,0.0025959576,0,0,8,true,false,false,false,false,false,false
"control","F1","S0",1,25,598,0.979105,0.05055063,2.75627971,0.945424736,0.109224617,0.1807754,0.109224617,0.00144320575,1.03131247,1.0289135,0.9976738,1,0.0216936432,0.01265428,0.103647143,false,0.05717723,0.00524489349,0.104897872,0.00679245638,0.0002816902,0.00259632478,0,0,8,true,false,false,false,false,false,false
"control","F1","S0",1,25,599,0.979081869,0.05049731,2.758551,0.8811495,0.109255314,0.180744708,0.109255314,0.00148712762,0.0372682,0.03714129,0.9965948,0,0,0,0.06851019,false,0.0570215322,0.00524106156,0.104821227,0.006778951,0.0002838837,0.002595606,0,0,8,true,false,false,false,false,false,false
